season,date,week,game_type,home_franchise,away_franchise,home_score,away_score,neutral_site,overtime,source,margin,game_uid
1970,1970-09-18,,REG,LAR,ARI,34,13,False,,fivethirtyeight,21,G000000
1970,1970-09-19,,REG,NYG,CHI,16,24,False,,fivethirtyeight,-8,G000001
1970,1970-09-20,,REG,LAC,IND,14,16,False,,fivethirtyeight,-2,G000002
1970,1970-09-20,,REG,CIN,OAK,31,21,False,,fivethirtyeight,10,G000003
1970,1970-09-20,,REG,SF,WSH,26,17,False,,fivethirtyeight,9,G000004
1970,1970-09-20,,REG,PHI,DAL,7,17,False,,fivethirtyeight,-10,G000005
1970,1970-09-20,,REG,BUF,DEN,10,25,False,,fivethirtyeight,-15,G000006
1970,1970-09-20,,REG,GB,DET,0,40,False,,fivethirtyeight,-40,G000007
1970,1970-09-20,,REG,MIN,KC,27,10,False,,fivethirtyeight,17,G000008
1970,1970-09-20,,REG,NO,ATL,3,14,False,,fivethirtyeight,-11,G000009
1970,1970-09-20,,REG,NE,MIA,27,14,False,,fivethirtyeight,13,G000010
1970,1970-09-20,,REG,PIT,TEN,7,19,False,,fivethirtyeight,-12,G000011
1970,1970-09-21,,REG,CLE,NYJ,31,21,False,,fivethirtyeight,10,G000012
1970,1970-09-27,,REG,CHI,PHI,20,16,False,,fivethirtyeight,4,G000013
1970,1970-09-27,,REG,LAC,OAK,27,27,False,,fivethirtyeight,0,G000014
1970,1970-09-27,,REG,SF,CLE,34,31,False,,fivethirtyeight,3,G000015
1970,1970-09-27,,REG,NE,NYJ,21,31,False,,fivethirtyeight,-10,G000016
1970,1970-09-27,,REG,MIN,NO,26,0,False,,fivethirtyeight,26,G000017
1970,1970-09-27,,REG,GB,ATL,27,24,False,,fivethirtyeight,3,G000018
1970,1970-09-27,,REG,DET,CIN,38,3,False,,fivethirtyeight,35,G000019
1970,1970-09-27,,REG,DEN,PIT,16,13,False,,fivethirtyeight,3,G000020
1970,1970-09-27,,REG,DAL,NYG,28,10,False,,fivethirtyeight,18,G000021
1970,1970-09-27,,REG,ARI,WSH,27,17,False,,fivethirtyeight,10,G000022
1970,1970-09-27,,REG,TEN,MIA,10,20,False,,fivethirtyeight,-10,G000023
1970,1970-09-27,,REG,BUF,LAR,0,19,False,,fivethirtyeight,-19,G000024
1970,1970-09-28,,REG,IND,KC,24,44,False,,fivethirtyeight,-20,G000025
1970,1970-10-03,,REG,CLE,PIT,15,7,False,,fivethirtyeight,8,G000026
1970,1970-10-03,,REG,MIA,OAK,20,13,False,,fivethirtyeight,7,G000027
1970,1970-10-04,,REG,CIN,TEN,13,20,False,,fivethirtyeight,-7,G000028
1970,1970-10-04,,REG,NE,IND,6,14,False,,fivethirtyeight,-8,G000029
1970,1970-10-04,,REG,ATL,SF,21,20,False,,fivethirtyeight,1,G000030
1970,1970-10-04,,REG,DEN,KC,26,13,False,,fivethirtyeight,13,G000031
1970,1970-10-04,,REG,BUF,NYJ,34,31,False,,fivethirtyeight,3,G000032
1970,1970-10-04,,REG,PHI,WSH,21,33,False,,fivethirtyeight,-12,G000033
1970,1970-10-04,,REG,GB,MIN,13,10,False,,fivethirtyeight,3,G000034
1970,1970-10-04,,REG,NO,NYG,14,10,False,,fivethirtyeight,4,G000035
1970,1970-10-04,,REG,LAR,LAC,37,10,False,,fivethirtyeight,27,G000036
1970,1970-10-04,,REG,ARI,DAL,20,7,False,,fivethirtyeight,13,G000037
1970,1970-10-05,,REG,DET,CHI,28,14,False,,fivethirtyeight,14,G000038
1970,1970-10-10,,REG,NYJ,MIA,6,20,False,,fivethirtyeight,-14,G000039
1970,1970-10-11,,REG,WSH,DET,31,10,False,,fivethirtyeight,21,G000040
1970,1970-10-11,,REG,LAR,SF,6,20,False,,fivethirtyeight,-14,G000041
1970,1970-10-11,,REG,PIT,BUF,23,10,False,,fivethirtyeight,13,G000042
1970,1970-10-11,,REG,TEN,IND,20,24,False,,fivethirtyeight,-4,G000043
1970,1970-10-11,,REG,NYG,PHI,30,23,False,,fivethirtyeight,7,G000044
1970,1970-10-11,,REG,KC,NE,23,10,False,,fivethirtyeight,13,G000045
1970,1970-10-11,,REG,DAL,ATL,13,0,False,,fivethirtyeight,13,G000046
1970,1970-10-11,,REG,ARI,NO,24,17,False,,fivethirtyeight,7,G000047
1970,1970-10-11,,REG,CLE,CIN,30,27,False,,fivethirtyeight,3,G000048
1970,1970-10-11,,REG,CHI,MIN,0,24,False,,fivethirtyeight,-24,G000049
1970,1970-10-11,,REG,OAK,DEN,35,23,False,,fivethirtyeight,12,G000050
1970,1970-10-12,,REG,LAC,GB,20,22,False,,fivethirtyeight,-2,G000051
1970,1970-10-18,,REG,SF,NO,20,20,False,,fivethirtyeight,0,G000052
1970,1970-10-18,,REG,PHI,ARI,20,35,False,,fivethirtyeight,-15,G000053
1970,1970-10-18,,REG,TEN,PIT,3,7,False,,fivethirtyeight,-4,G000054
1970,1970-10-18,,REG,NYJ,IND,22,29,False,,fivethirtyeight,-7,G000055
1970,1970-10-18,,REG,NE,NYG,0,16,False,,fivethirtyeight,-16,G000056
1970,1970-10-18,,REG,MIN,DAL,54,13,False,,fivethirtyeight,41,G000057
1970,1970-10-18,,REG,DEN,ATL,24,10,False,,fivethirtyeight,14,G000058
1970,1970-10-18,,REG,CLE,DET,24,41,False,,fivethirtyeight,-17,G000059
1970,1970-10-18,,REG,CIN,KC,19,27,False,,fivethirtyeight,-8,G000060
1970,1970-10-18,,REG,BUF,MIA,14,33,False,,fivethirtyeight,-19,G000061
1970,1970-10-18,,REG,GB,LAR,21,31,False,,fivethirtyeight,-10,G000062
1970,1970-10-18,,REG,CHI,LAC,7,20,False,,fivethirtyeight,-13,G000063
1970,1970-10-19,,REG,OAK,WSH,34,20,False,,fivethirtyeight,14,G000064
1970,1970-10-25,,REG,NYG,ARI,35,17,False,,fivethirtyeight,18,G000065
1970,1970-10-25,,REG,MIA,CLE,0,28,False,,fivethirtyeight,-28,G000066
1970,1970-10-25,,REG,KC,DAL,16,27,False,,fivethirtyeight,-11,G000067
1970,1970-10-25,,REG,GB,PHI,30,17,False,,fivethirtyeight,13,G000068
1970,1970-10-25,,REG,IND,NE,27,3,False,,fivethirtyeight,24,G000069
1970,1970-10-25,,REG,CHI,DET,10,16,False,,fivethirtyeight,-6,G000070
1970,1970-10-25,,REG,ATL,NO,32,14,False,,fivethirtyeight,18,G000071
1970,1970-10-25,,REG,NYJ,BUF,6,10,False,,fivethirtyeight,-4,G000072
1970,1970-10-25,,REG,WSH,CIN,20,0,False,,fivethirtyeight,20,G000073
1970,1970-10-25,,REG,LAC,TEN,31,31,False,,fivethirtyeight,0,G000074
1970,1970-10-25,,REG,SF,DEN,19,14,False,,fivethirtyeight,5,G000075
1970,1970-10-25,,REG,OAK,PIT,31,14,False,,fivethirtyeight,17,G000076
1970,1970-10-26,,REG,MIN,LAR,13,3,False,,fivethirtyeight,10,G000077
1970,1970-11-01,,REG,DAL,PHI,21,17,False,,fivethirtyeight,4,G000078
1970,1970-11-01,,REG,CLE,LAC,10,27,False,,fivethirtyeight,-17,G000079
1970,1970-11-01,,REG,ATL,CHI,14,23,False,,fivethirtyeight,-9,G000080
1970,1970-11-01,,REG,ARI,TEN,44,0,False,,fivethirtyeight,44,G000081
1970,1970-11-01,,REG,NO,LAR,17,30,False,,fivethirtyeight,-13,G000082
1970,1970-11-01,,REG,SF,GB,26,10,False,,fivethirtyeight,16,G000083
1970,1970-11-01,,REG,DET,MIN,17,30,False,,fivethirtyeight,-13,G000084
1970,1970-11-01,,REG,DEN,WSH,3,19,False,,fivethirtyeight,-16,G000085
1970,1970-11-01,,REG,IND,MIA,35,0,False,,fivethirtyeight,35,G000086
1970,1970-11-01,,REG,NYJ,NYG,10,22,False,,fivethirtyeight,-12,G000087
1970,1970-11-01,,REG,NE,BUF,10,45,False,,fivethirtyeight,-35,G000088
1970,1970-11-01,,REG,KC,OAK,17,17,False,,fivethirtyeight,0,G000089
1970,1970-11-02,,REG,PIT,CIN,21,10,False,,fivethirtyeight,11,G000090
1970,1970-11-08,,REG,ARI,NE,31,0,False,,fivethirtyeight,31,G000091
1970,1970-11-08,,REG,BUF,CIN,14,43,False,,fivethirtyeight,-29,G000092
1970,1970-11-08,,REG,NO,DET,19,17,False,,fivethirtyeight,2,G000093
1970,1970-11-08,,REG,LAC,DEN,24,21,False,,fivethirtyeight,3,G000094
1970,1970-11-08,,REG,LAR,ATL,10,10,False,,fivethirtyeight,0,G000095
1970,1970-11-08,,REG,WSH,MIN,10,19,False,,fivethirtyeight,-9,G000096
1970,1970-11-08,,REG,OAK,CLE,23,20,False,,fivethirtyeight,3,G000097
1970,1970-11-08,,REG,PIT,NYJ,21,17,False,,fivethirtyeight,4,G000098
1970,1970-11-08,,REG,PHI,MIA,24,17,False,,fivethirtyeight,7,G000099
1970,1970-11-08,,REG,NYG,DAL,23,20,False,,fivethirtyeight,3,G000100
1970,1970-11-08,,REG,KC,TEN,24,9,False,,fivethirtyeight,15,G000101
1970,1970-11-08,,REG,CHI,SF,16,37,False,,fivethirtyeight,-21,G000102
1970,1970-11-09,,REG,GB,IND,10,13,False,,fivethirtyeight,-3,G000103
1970,1970-11-15,,REG,IND,BUF,17,17,False,,fivethirtyeight,0,G000104
1970,1970-11-15,,REG,CIN,CLE,14,10,False,,fivethirtyeight,4,G000105
1970,1970-11-15,,REG,LAR,NYJ,20,31,False,,fivethirtyeight,-11,G000106
1970,1970-11-15,,REG,PHI,ATL,13,13,False,,fivethirtyeight,0,G000107
1970,1970-11-15,,REG,PIT,KC,14,31,False,,fivethirtyeight,-17,G000108
1970,1970-11-15,,REG,GB,CHI,20,19,False,,fivethirtyeight,1,G000109
1970,1970-11-15,,REG,DEN,OAK,19,24,False,,fivethirtyeight,-5,G000110
1970,1970-11-15,,REG,NE,LAC,14,16,False,,fivethirtyeight,-2,G000111
1970,1970-11-15,,REG,MIN,DET,24,20,False,,fivethirtyeight,4,G000112
1970,1970-11-15,,REG,TEN,SF,20,30,False,,fivethirtyeight,-10,G000113
1970,1970-11-15,,REG,NYG,WSH,35,33,False,,fivethirtyeight,2,G000114
1970,1970-11-15,,REG,MIA,NO,21,10,False,,fivethirtyeight,11,G000115
1970,1970-11-16,,REG,DAL,ARI,0,38,False,,fivethirtyeight,-38,G000116
1970,1970-11-22,,REG,NO,DEN,6,31,False,,fivethirtyeight,-25,G000117
1970,1970-11-22,,REG,CLE,TEN,28,14,False,,fivethirtyeight,14,G000118
1970,1970-11-22,,REG,DET,SF,28,7,False,,fivethirtyeight,21,G000119
1970,1970-11-22,,REG,KC,ARI,6,6,False,,fivethirtyeight,0,G000120
1970,1970-11-22,,REG,NYJ,NE,17,3,False,,fivethirtyeight,14,G000121
1970,1970-11-22,,REG,MIA,IND,34,17,False,,fivethirtyeight,17,G000122
1970,1970-11-22,,REG,MIN,GB,10,3,False,,fivethirtyeight,7,G000123
1970,1970-11-22,,REG,CIN,PIT,34,7,False,,fivethirtyeight,27,G000124
1970,1970-11-22,,REG,WSH,DAL,21,45,False,,fivethirtyeight,-24,G000125
1970,1970-11-22,,REG,ATL,LAR,7,17,False,,fivethirtyeight,-10,G000126
1970,1970-11-22,,REG,OAK,LAC,20,17,False,,fivethirtyeight,3,G000127
1970,1970-11-22,,REG,CHI,BUF,31,13,False,,fivethirtyeight,18,G000128
1970,1970-11-23,,REG,PHI,NYG,23,20,False,,fivethirtyeight,3,G000129
1970,1970-11-26,,REG,DET,OAK,28,14,False,,fivethirtyeight,14,G000130
1970,1970-11-26,,REG,DAL,GB,16,3,False,,fivethirtyeight,13,G000131
1970,1970-11-29,,REG,BUF,NE,10,14,False,,fivethirtyeight,-4,G000132
1970,1970-11-29,,REG,SF,LAR,13,30,False,,fivethirtyeight,-17,G000133
1970,1970-11-29,,REG,ARI,PHI,23,14,False,,fivethirtyeight,9,G000134
1970,1970-11-29,,REG,IND,CHI,21,20,False,,fivethirtyeight,1,G000135
1970,1970-11-29,,REG,CIN,NO,26,6,False,,fivethirtyeight,20,G000136
1970,1970-11-29,,REG,WSH,NYG,24,27,False,,fivethirtyeight,-3,G000137
1970,1970-11-29,,REG,PIT,CLE,28,9,False,,fivethirtyeight,19,G000138
1970,1970-11-29,,REG,TEN,DEN,31,21,False,,fivethirtyeight,10,G000139
1970,1970-11-29,,REG,NYJ,MIN,20,10,False,,fivethirtyeight,10,G000140
1970,1970-11-29,,REG,KC,LAC,26,14,False,,fivethirtyeight,12,G000141
1970,1970-11-30,,REG,ATL,MIA,7,20,False,,fivethirtyeight,-13,G000142
1970,1970-12-05,,REG,MIN,CHI,16,13,False,,fivethirtyeight,3,G000143
1970,1970-12-06,,REG,DAL,WSH,34,0,False,,fivethirtyeight,34,G000144
1970,1970-12-06,,REG,LAR,NO,34,16,False,,fivethirtyeight,18,G000145
1970,1970-12-06,,REG,NYJ,OAK,13,14,False,,fivethirtyeight,-1,G000146
1970,1970-12-06,,REG,NYG,BUF,20,6,False,,fivethirtyeight,14,G000147
1970,1970-12-06,,REG,MIA,NE,37,20,False,,fivethirtyeight,17,G000148
1970,1970-12-06,,REG,SF,ATL,24,20,False,,fivethirtyeight,4,G000149
1970,1970-12-06,,REG,KC,DEN,16,0,False,,fivethirtyeight,16,G000150
1970,1970-12-06,,REG,IND,PHI,29,10,False,,fivethirtyeight,19,G000151
1970,1970-12-06,,REG,LAC,CIN,14,17,False,,fivethirtyeight,-3,G000152
1970,1970-12-06,,REG,DET,ARI,16,3,False,,fivethirtyeight,13,G000153
1970,1970-12-06,,REG,PIT,GB,12,20,False,,fivethirtyeight,-8,G000154
1970,1970-12-07,,REG,TEN,CLE,10,21,False,,fivethirtyeight,-11,G000155
1970,1970-12-12,,REG,CLE,DAL,2,6,False,,fivethirtyeight,-4,G000156
1970,1970-12-12,,REG,OAK,KC,20,6,False,,fivethirtyeight,14,G000157
1970,1970-12-13,,REG,ARI,NYG,17,34,False,,fivethirtyeight,-17,G000158
1970,1970-12-13,,REG,DEN,LAC,17,17,False,,fivethirtyeight,0,G000159
1970,1970-12-13,,REG,TEN,CIN,20,30,False,,fivethirtyeight,-10,G000160
1970,1970-12-13,,REG,NE,MIN,14,35,False,,fivethirtyeight,-21,G000161
1970,1970-12-13,,REG,NO,SF,27,38,False,,fivethirtyeight,-11,G000162
1970,1970-12-13,,REG,MIA,NYJ,16,10,False,,fivethirtyeight,6,G000163
1970,1970-12-13,,REG,CHI,GB,35,17,False,,fivethirtyeight,18,G000164
1970,1970-12-13,,REG,BUF,IND,14,20,False,,fivethirtyeight,-6,G000165
1970,1970-12-13,,REG,ATL,PIT,27,16,False,,fivethirtyeight,11,G000166
1970,1970-12-13,,REG,WSH,PHI,24,6,False,,fivethirtyeight,18,G000167
1970,1970-12-14,,REG,LAR,DET,23,28,False,,fivethirtyeight,-5,G000168
1970,1970-12-19,,REG,IND,NYJ,35,20,False,,fivethirtyeight,15,G000169
1970,1970-12-20,,REG,CIN,NE,45,7,False,,fivethirtyeight,38,G000170
1970,1970-12-20,,REG,ATL,MIN,7,37,False,,fivethirtyeight,-30,G000171
1970,1970-12-20,,REG,DET,GB,20,0,False,,fivethirtyeight,20,G000172
1970,1970-12-20,,REG,NYG,LAR,3,31,False,,fivethirtyeight,-28,G000173
1970,1970-12-20,,REG,MIA,BUF,45,7,False,,fivethirtyeight,38,G000174
1970,1970-12-20,,REG,NO,CHI,3,24,False,,fivethirtyeight,-21,G000175
1970,1970-12-20,,REG,PHI,PIT,30,20,False,,fivethirtyeight,10,G000176
1970,1970-12-20,,REG,OAK,SF,7,38,False,,fivethirtyeight,-31,G000177
1970,1970-12-20,,REG,LAC,KC,31,13,False,,fivethirtyeight,18,G000178
1970,1970-12-20,,REG,WSH,ARI,28,27,False,,fivethirtyeight,1,G000179
1970,1970-12-20,,REG,DAL,TEN,52,10,False,,fivethirtyeight,42,G000180
1970,1970-12-20,,REG,DEN,CLE,13,27,False,,fivethirtyeight,-14,G000181
1970,1970-12-26,,PLAYOFF,IND,CIN,17,0,False,,fivethirtyeight,17,G000182
1970,1970-12-26,,PLAYOFF,DAL,DET,5,0,False,,fivethirtyeight,5,G000183
1970,1970-12-27,,PLAYOFF,MIN,SF,14,17,False,,fivethirtyeight,-3,G000184
1970,1970-12-27,,PLAYOFF,OAK,MIA,21,14,False,,fivethirtyeight,7,G000185
1970,1971-01-03,,PLAYOFF,SF,DAL,10,17,False,,fivethirtyeight,-7,G000186
1970,1971-01-03,,PLAYOFF,IND,OAK,27,17,False,,fivethirtyeight,10,G000187
1970,1971-01-17,,PLAYOFF,DAL,IND,13,16,True,,fivethirtyeight,-3,G000188
1971,1971-09-19,,REG,ATL,SF,20,17,False,,fivethirtyeight,3,G000189
1971,1971-09-19,,REG,CHI,PIT,17,15,False,,fivethirtyeight,2,G000190
1971,1971-09-19,,REG,LAC,KC,21,14,False,,fivethirtyeight,7,G000191
1971,1971-09-19,,REG,NO,LAR,24,20,False,,fivethirtyeight,4,G000192
1971,1971-09-19,,REG,GB,NYG,40,42,False,,fivethirtyeight,-2,G000193
1971,1971-09-19,,REG,DEN,MIA,10,10,False,,fivethirtyeight,0,G000194
1971,1971-09-19,,REG,ARI,WSH,17,24,False,,fivethirtyeight,-7,G000195
1971,1971-09-19,,REG,IND,NYJ,22,0,False,,fivethirtyeight,22,G000196
1971,1971-09-19,,REG,CLE,TEN,31,0,False,,fivethirtyeight,31,G000197
1971,1971-09-19,,REG,NE,OAK,20,6,False,,fivethirtyeight,14,G000198
1971,1971-09-19,,REG,CIN,PHI,37,14,False,,fivethirtyeight,23,G000199
1971,1971-09-19,,REG,BUF,DAL,37,49,False,,fivethirtyeight,-12,G000200
1971,1971-09-20,,REG,DET,MIN,13,16,False,,fivethirtyeight,-3,G000201
1971,1971-09-26,,REG,BUF,MIA,14,29,False,,fivethirtyeight,-15,G000202
1971,1971-09-26,,REG,NYG,WSH,3,30,False,,fivethirtyeight,-27,G000203
1971,1971-09-26,,REG,LAC,OAK,0,34,False,,fivethirtyeight,-34,G000204
1971,1971-09-26,,REG,PHI,DAL,7,42,False,,fivethirtyeight,-35,G000205
1971,1971-09-26,,REG,PIT,CIN,21,10,False,,fivethirtyeight,11,G000206
1971,1971-09-26,,REG,IND,CLE,13,14,False,,fivethirtyeight,-1,G000207
1971,1971-09-26,,REG,GB,DEN,34,13,False,,fivethirtyeight,21,G000208
1971,1971-09-26,,REG,MIN,CHI,17,20,False,,fivethirtyeight,-3,G000209
1971,1971-09-26,,REG,LAR,ATL,20,20,False,,fivethirtyeight,0,G000210
1971,1971-09-26,,REG,NO,SF,20,38,False,,fivethirtyeight,-18,G000211
1971,1971-09-26,,REG,NE,DET,7,34,False,,fivethirtyeight,-27,G000212
1971,1971-09-26,,REG,TEN,KC,16,20,False,,fivethirtyeight,-4,G000213
1971,1971-09-27,,REG,ARI,NYJ,17,10,False,,fivethirtyeight,7,G000214
1971,1971-10-03,,REG,TEN,NO,13,13,False,,fivethirtyeight,0,G000215
1971,1971-10-03,,REG,LAR,CHI,17,3,False,,fivethirtyeight,14,G000216
1971,1971-10-03,,REG,PIT,LAC,21,17,False,,fivethirtyeight,4,G000217
1971,1971-10-03,,REG,ARI,NYG,20,21,False,,fivethirtyeight,-1,G000218
1971,1971-10-03,,REG,DAL,WSH,16,20,False,,fivethirtyeight,-4,G000219
1971,1971-10-03,,REG,PHI,SF,3,31,False,,fivethirtyeight,-28,G000220
1971,1971-10-03,,REG,DEN,KC,3,16,False,,fivethirtyeight,-13,G000221
1971,1971-10-03,,REG,NE,IND,3,23,False,,fivethirtyeight,-20,G000222
1971,1971-10-03,,REG,MIN,BUF,19,0,False,,fivethirtyeight,19,G000223
1971,1971-10-03,,REG,MIA,NYJ,10,14,False,,fivethirtyeight,-4,G000224
1971,1971-10-03,,REG,GB,CIN,20,17,False,,fivethirtyeight,3,G000225
1971,1971-10-03,,REG,DET,ATL,41,38,False,,fivethirtyeight,3,G000226
1971,1971-10-04,,REG,CLE,OAK,20,34,False,,fivethirtyeight,-14,G000227
1971,1971-10-10,,REG,NE,NYJ,20,0,False,,fivethirtyeight,20,G000228
1971,1971-10-10,,REG,WSH,TEN,22,13,False,,fivethirtyeight,9,G000229
1971,1971-10-10,,REG,KC,LAC,31,10,False,,fivethirtyeight,21,G000230
1971,1971-10-10,,REG,ATL,ARI,9,26,False,,fivethirtyeight,-17,G000231
1971,1971-10-10,,REG,BUF,IND,0,43,False,,fivethirtyeight,-43,G000232
1971,1971-10-10,,REG,CHI,NO,35,14,False,,fivethirtyeight,21,G000233
1971,1971-10-10,,REG,CIN,MIA,13,23,False,,fivethirtyeight,-10,G000234
1971,1971-10-10,,REG,CLE,PIT,27,17,False,,fivethirtyeight,10,G000235
1971,1971-10-10,,REG,PHI,MIN,0,13,False,,fivethirtyeight,-13,G000236
1971,1971-10-10,,REG,DEN,OAK,16,27,False,,fivethirtyeight,-11,G000237
1971,1971-10-10,,REG,DET,GB,31,28,False,,fivethirtyeight,3,G000238
1971,1971-10-10,,REG,SF,LAR,13,20,False,,fivethirtyeight,-7,G000239
1971,1971-10-11,,REG,DAL,NYG,20,13,False,,fivethirtyeight,7,G000240
1971,1971-10-17,,REG,NO,DAL,24,14,False,,fivethirtyeight,10,G000241
1971,1971-10-17,,REG,WSH,ARI,20,0,False,,fivethirtyeight,20,G000242
1971,1971-10-17,,REG,DEN,LAC,20,16,False,,fivethirtyeight,4,G000243
1971,1971-10-17,,REG,NYG,IND,7,31,False,,fivethirtyeight,-24,G000244
1971,1971-10-17,,REG,NYJ,BUF,28,17,False,,fivethirtyeight,11,G000245
1971,1971-10-17,,REG,TEN,DET,7,31,False,,fivethirtyeight,-24,G000246
1971,1971-10-17,,REG,OAK,PHI,34,10,False,,fivethirtyeight,24,G000247
1971,1971-10-17,,REG,ATL,LAR,16,24,False,,fivethirtyeight,-8,G000248
1971,1971-10-17,,REG,SF,CHI,13,0,False,,fivethirtyeight,13,G000249
1971,1971-10-17,,REG,MIA,NE,41,3,False,,fivethirtyeight,38,G000250
1971,1971-10-17,,REG,CIN,CLE,24,27,False,,fivethirtyeight,-3,G000251
1971,1971-10-17,,REG,GB,MIN,13,24,False,,fivethirtyeight,-11,G000252
1971,1971-10-18,,REG,KC,PIT,38,16,False,,fivethirtyeight,22,G000253
1971,1971-10-23,,REG,LAC,BUF,20,3,False,,fivethirtyeight,17,G000254
1971,1971-10-24,,REG,ARI,SF,14,26,False,,fivethirtyeight,-12,G000255
1971,1971-10-24,,REG,LAR,GB,30,13,False,,fivethirtyeight,17,G000256
1971,1971-10-24,,REG,OAK,CIN,31,27,False,,fivethirtyeight,4,G000257
1971,1971-10-24,,REG,PIT,TEN,23,16,False,,fivethirtyeight,7,G000258
1971,1971-10-24,,REG,PHI,NYG,23,7,False,,fivethirtyeight,16,G000259
1971,1971-10-24,,REG,NYJ,MIA,14,30,False,,fivethirtyeight,-16,G000260
1971,1971-10-24,,REG,KC,WSH,27,20,False,,fivethirtyeight,7,G000261
1971,1971-10-24,,REG,DET,CHI,23,28,False,,fivethirtyeight,-5,G000262
1971,1971-10-24,,REG,DAL,NE,44,21,False,,fivethirtyeight,23,G000263
1971,1971-10-24,,REG,ATL,NO,28,6,False,,fivethirtyeight,22,G000264
1971,1971-10-24,,REG,CLE,DEN,0,27,False,,fivethirtyeight,-27,G000265
1971,1971-10-25,,REG,MIN,IND,10,3,False,,fivethirtyeight,7,G000266
1971,1971-10-31,,REG,LAC,NYJ,49,21,False,,fivethirtyeight,28,G000267
1971,1971-10-31,,REG,TEN,CIN,10,6,False,,fivethirtyeight,4,G000268
1971,1971-10-31,,REG,LAR,MIA,14,20,False,,fivethirtyeight,-6,G000269
1971,1971-10-31,,REG,CHI,DAL,23,19,False,,fivethirtyeight,4,G000270
1971,1971-10-31,,REG,NYG,MIN,10,17,False,,fivethirtyeight,-7,G000271
1971,1971-10-31,,REG,CLE,ATL,14,31,False,,fivethirtyeight,-17,G000272
1971,1971-10-31,,REG,OAK,KC,20,20,False,,fivethirtyeight,0,G000273
1971,1971-10-31,,REG,BUF,ARI,23,28,False,,fivethirtyeight,-5,G000274
1971,1971-10-31,,REG,IND,PIT,34,21,False,,fivethirtyeight,13,G000275
1971,1971-10-31,,REG,PHI,DEN,17,16,False,,fivethirtyeight,1,G000276
1971,1971-10-31,,REG,WSH,NO,24,14,False,,fivethirtyeight,10,G000277
1971,1971-10-31,,REG,SF,NE,27,10,False,,fivethirtyeight,17,G000278
1971,1971-11-01,,REG,GB,DET,14,14,False,,fivethirtyeight,0,G000279
1971,1971-11-07,,REG,MIA,BUF,34,0,False,,fivethirtyeight,34,G000280
1971,1971-11-07,,REG,CIN,ATL,6,9,False,,fivethirtyeight,-3,G000281
1971,1971-11-07,,REG,ARI,DAL,13,16,False,,fivethirtyeight,-3,G000282
1971,1971-11-07,,REG,NE,TEN,28,20,False,,fivethirtyeight,8,G000283
1971,1971-11-07,,REG,NYG,LAC,35,17,False,,fivethirtyeight,18,G000284
1971,1971-11-07,,REG,DEN,DET,20,24,False,,fivethirtyeight,-4,G000285
1971,1971-11-07,,REG,CHI,GB,14,17,False,,fivethirtyeight,-3,G000286
1971,1971-11-07,,REG,MIN,SF,9,13,False,,fivethirtyeight,-4,G000287
1971,1971-11-07,,REG,NO,OAK,21,21,False,,fivethirtyeight,0,G000288
1971,1971-11-07,,REG,NYJ,KC,13,10,False,,fivethirtyeight,3,G000289
1971,1971-11-07,,REG,PIT,CLE,26,9,False,,fivethirtyeight,17,G000290
1971,1971-11-07,,REG,WSH,PHI,7,7,False,,fivethirtyeight,0,G000291
1971,1971-11-08,,REG,IND,LAR,24,17,False,,fivethirtyeight,7,G000292
1971,1971-11-14,,REG,DAL,PHI,20,7,False,,fivethirtyeight,13,G000293
1971,1971-11-14,,REG,ATL,NYG,17,21,False,,fivethirtyeight,-4,G000294
1971,1971-11-14,,REG,NE,BUF,38,33,False,,fivethirtyeight,5,G000295
1971,1971-11-14,,REG,MIN,GB,3,0,False,,fivethirtyeight,3,G000296
1971,1971-11-14,,REG,KC,CLE,13,7,False,,fivethirtyeight,6,G000297
1971,1971-11-14,,REG,CHI,WSH,16,15,False,,fivethirtyeight,1,G000298
1971,1971-11-14,,REG,DEN,CIN,10,24,False,,fivethirtyeight,-14,G000299
1971,1971-11-14,,REG,DET,LAR,13,21,False,,fivethirtyeight,-8,G000300
1971,1971-11-14,,REG,OAK,TEN,41,21,False,,fivethirtyeight,20,G000301
1971,1971-11-14,,REG,MIA,PIT,24,21,False,,fivethirtyeight,3,G000302
1971,1971-11-14,,REG,NYJ,IND,13,14,False,,fivethirtyeight,-1,G000303
1971,1971-11-14,,REG,SF,NO,20,26,False,,fivethirtyeight,-6,G000304
1971,1971-11-15,,REG,LAC,ARI,20,17,False,,fivethirtyeight,3,G000305
1971,1971-11-21,,REG,BUF,NYJ,7,20,False,,fivethirtyeight,-13,G000306
1971,1971-11-21,,REG,CLE,NE,27,7,False,,fivethirtyeight,20,G000307
1971,1971-11-21,,REG,CIN,TEN,28,13,False,,fivethirtyeight,15,G000308
1971,1971-11-21,,REG,CHI,DET,3,28,False,,fivethirtyeight,-25,G000309
1971,1971-11-21,,REG,LAR,SF,17,6,False,,fivethirtyeight,11,G000310
1971,1971-11-21,,REG,PIT,NYG,17,13,False,,fivethirtyeight,4,G000311
1971,1971-11-21,,REG,NO,MIN,10,23,False,,fivethirtyeight,-13,G000312
1971,1971-11-21,,REG,MIA,IND,17,14,False,,fivethirtyeight,3,G000313
1971,1971-11-21,,REG,ARI,PHI,20,37,False,,fivethirtyeight,-17,G000314
1971,1971-11-21,,REG,KC,DEN,28,10,False,,fivethirtyeight,18,G000315
1971,1971-11-21,,REG,WSH,DAL,0,13,False,,fivethirtyeight,-13,G000316
1971,1971-11-21,,REG,OAK,LAC,34,33,False,,fivethirtyeight,1,G000317
1971,1971-11-22,,REG,ATL,GB,28,21,False,,fivethirtyeight,7,G000318
1971,1971-11-25,,REG,DET,KC,32,21,False,,fivethirtyeight,11,G000319
1971,1971-11-25,,REG,DAL,LAR,28,21,False,,fivethirtyeight,7,G000320
1971,1971-11-28,,REG,NYJ,SF,21,24,False,,fivethirtyeight,-3,G000321
1971,1971-11-28,,REG,OAK,IND,14,37,False,,fivethirtyeight,-23,G000322
1971,1971-11-28,,REG,PIT,DEN,10,22,False,,fivethirtyeight,-12,G000323
1971,1971-11-28,,REG,PHI,WSH,13,20,False,,fivethirtyeight,-7,G000324
1971,1971-11-28,,REG,NYG,ARI,7,24,False,,fivethirtyeight,-17,G000325
1971,1971-11-28,,REG,MIN,ATL,24,7,False,,fivethirtyeight,17,G000326
1971,1971-11-28,,REG,GB,NO,21,29,False,,fivethirtyeight,-8,G000327
1971,1971-11-28,,REG,BUF,NE,27,20,False,,fivethirtyeight,7,G000328
1971,1971-11-28,,REG,CIN,LAC,31,0,False,,fivethirtyeight,31,G000329
1971,1971-11-28,,REG,TEN,CLE,24,37,False,,fivethirtyeight,-13,G000330
1971,1971-11-29,,REG,MIA,CHI,34,3,False,,fivethirtyeight,31,G000331
1971,1971-12-04,,REG,DAL,NYJ,52,10,False,,fivethirtyeight,42,G000332
1971,1971-12-05,,REG,DEN,CHI,6,3,False,,fivethirtyeight,3,G000333
1971,1971-12-05,,REG,ARI,GB,16,16,False,,fivethirtyeight,0,G000334
1971,1971-12-05,,REG,IND,BUF,24,0,False,,fivethirtyeight,24,G000335
1971,1971-12-05,,REG,CLE,CIN,31,27,False,,fivethirtyeight,4,G000336
1971,1971-12-05,,REG,ATL,OAK,24,13,False,,fivethirtyeight,11,G000337
1971,1971-12-05,,REG,LAC,MIN,30,14,False,,fivethirtyeight,16,G000338
1971,1971-12-05,,REG,DET,PHI,20,23,False,,fivethirtyeight,-3,G000339
1971,1971-12-05,,REG,LAR,NO,45,28,False,,fivethirtyeight,17,G000340
1971,1971-12-05,,REG,WSH,NYG,23,7,False,,fivethirtyeight,16,G000341
1971,1971-12-05,,REG,NE,MIA,34,13,False,,fivethirtyeight,21,G000342
1971,1971-12-05,,REG,TEN,PIT,29,3,False,,fivethirtyeight,26,G000343
1971,1971-12-06,,REG,SF,KC,17,26,False,,fivethirtyeight,-9,G000344
1971,1971-12-11,,REG,IND,MIA,14,3,False,,fivethirtyeight,11,G000345
1971,1971-12-11,,REG,MIN,DET,29,10,False,,fivethirtyeight,19,G000346
1971,1971-12-12,,REG,PHI,ARI,19,7,False,,fivethirtyeight,12,G000347
1971,1971-12-12,,REG,LAC,DEN,45,17,False,,fivethirtyeight,28,G000348
1971,1971-12-12,,REG,CIN,PIT,13,21,False,,fivethirtyeight,-8,G000349
1971,1971-12-12,,REG,GB,CHI,31,10,False,,fivethirtyeight,21,G000350
1971,1971-12-12,,REG,KC,OAK,16,14,False,,fivethirtyeight,2,G000351
1971,1971-12-12,,REG,NO,CLE,17,21,False,,fivethirtyeight,-4,G000352
1971,1971-12-12,,REG,NYG,DAL,14,42,False,,fivethirtyeight,-28,G000353
1971,1971-12-12,,REG,BUF,TEN,14,20,False,,fivethirtyeight,-6,G000354
1971,1971-12-12,,REG,NYJ,NE,13,6,False,,fivethirtyeight,7,G000355
1971,1971-12-12,,REG,SF,ATL,24,3,False,,fivethirtyeight,21,G000356
1971,1971-12-13,,REG,LAR,WSH,24,38,False,,fivethirtyeight,-14,G000357
1971,1971-12-18,,REG,DAL,ARI,31,12,False,,fivethirtyeight,19,G000358
1971,1971-12-19,,REG,OAK,DEN,21,13,False,,fivethirtyeight,8,G000359
1971,1971-12-19,,REG,NO,ATL,20,24,False,,fivethirtyeight,-4,G000360
1971,1971-12-19,,REG,PIT,LAR,14,23,False,,fivethirtyeight,-9,G000361
1971,1971-12-19,,REG,MIA,GB,27,6,False,,fivethirtyeight,21,G000362
1971,1971-12-19,,REG,IND,NE,17,21,False,,fivethirtyeight,-4,G000363
1971,1971-12-19,,REG,NYJ,CIN,35,21,False,,fivethirtyeight,14,G000364
1971,1971-12-19,,REG,KC,BUF,22,9,False,,fivethirtyeight,13,G000365
1971,1971-12-19,,REG,CHI,MIN,10,27,False,,fivethirtyeight,-17,G000366
1971,1971-12-19,,REG,TEN,LAC,49,33,False,,fivethirtyeight,16,G000367
1971,1971-12-19,,REG,SF,DET,31,27,False,,fivethirtyeight,4,G000368
1971,1971-12-19,,REG,WSH,CLE,13,20,False,,fivethirtyeight,-7,G000369
1971,1971-12-19,,REG,NYG,PHI,28,41,False,,fivethirtyeight,-13,G000370
1971,1971-12-25,,PLAYOFF,MIN,DAL,12,20,False,,fivethirtyeight,-8,G000371
1971,1971-12-25,,PLAYOFF,KC,MIA,24,27,False,,fivethirtyeight,-3,G000372
1971,1971-12-26,,PLAYOFF,SF,WSH,24,20,False,,fivethirtyeight,4,G000373
1971,1971-12-26,,PLAYOFF,CLE,IND,3,20,False,,fivethirtyeight,-17,G000374
1971,1972-01-02,,PLAYOFF,DAL,SF,14,3,False,,fivethirtyeight,11,G000375
1971,1972-01-02,,PLAYOFF,MIA,IND,21,0,False,,fivethirtyeight,21,G000376
1971,1972-01-16,,PLAYOFF,MIA,DAL,3,24,True,,fivethirtyeight,-21,G000377
1972,1972-09-17,,REG,SF,LAC,34,3,False,,fivethirtyeight,31,G000378
1972,1972-09-17,,REG,IND,ARI,3,10,False,,fivethirtyeight,-7,G000379
1972,1972-09-17,,REG,BUF,NYJ,24,41,False,,fivethirtyeight,-17,G000380
1972,1972-09-17,,REG,CHI,ATL,21,37,False,,fivethirtyeight,-16,G000381
1972,1972-09-17,,REG,CLE,GB,10,26,False,,fivethirtyeight,-16,G000382
1972,1972-09-17,,REG,NE,CIN,7,31,False,,fivethirtyeight,-24,G000383
1972,1972-09-17,,REG,KC,MIA,10,20,False,,fivethirtyeight,-10,G000384
1972,1972-09-17,,REG,PIT,OAK,34,28,False,,fivethirtyeight,6,G000385
1972,1972-09-17,,REG,LAR,NO,34,14,False,,fivethirtyeight,20,G000386
1972,1972-09-17,,REG,DET,NYG,30,16,False,,fivethirtyeight,14,G000387
1972,1972-09-17,,REG,DEN,TEN,30,17,False,,fivethirtyeight,13,G000388
1972,1972-09-17,,REG,DAL,PHI,28,6,False,,fivethirtyeight,22,G000389
1972,1972-09-18,,REG,MIN,WSH,21,24,False,,fivethirtyeight,-3,G000390
1972,1972-09-24,,REG,LAC,DEN,37,14,False,,fivethirtyeight,23,G000391
1972,1972-09-24,,REG,BUF,SF,27,20,False,,fivethirtyeight,7,G000392
1972,1972-09-24,,REG,CIN,PIT,15,10,False,,fivethirtyeight,5,G000393
1972,1972-09-24,,REG,IND,NYJ,34,44,False,,fivethirtyeight,-10,G000394
1972,1972-09-24,,REG,DET,MIN,10,34,False,,fivethirtyeight,-24,G000395
1972,1972-09-24,,REG,GB,OAK,14,20,False,,fivethirtyeight,-6,G000396
1972,1972-09-24,,REG,NE,ATL,21,20,False,,fivethirtyeight,1,G000397
1972,1972-09-24,,REG,NYG,DAL,14,23,False,,fivethirtyeight,-9,G000398
1972,1972-09-24,,REG,PHI,CLE,17,27,False,,fivethirtyeight,-10,G000399
1972,1972-09-24,,REG,WSH,ARI,24,10,False,,fivethirtyeight,14,G000400
1972,1972-09-24,,REG,MIA,TEN,34,13,False,,fivethirtyeight,21,G000401
1972,1972-09-24,,REG,CHI,LAR,13,13,False,,fivethirtyeight,0,G000402
1972,1972-09-25,,REG,NO,KC,17,20,False,,fivethirtyeight,-3,G000403
1972,1972-10-01,,REG,CLE,CIN,27,6,False,,fivethirtyeight,21,G000404
1972,1972-10-01,,REG,ARI,PIT,19,25,False,,fivethirtyeight,-6,G000405
1972,1972-10-01,,REG,NO,SF,2,37,False,,fivethirtyeight,-35,G000406
1972,1972-10-01,,REG,OAK,LAC,17,17,False,,fivethirtyeight,0,G000407
1972,1972-10-01,,REG,MIN,MIA,14,16,False,,fivethirtyeight,-2,G000408
1972,1972-10-01,,REG,DEN,KC,24,45,False,,fivethirtyeight,-21,G000409
1972,1972-10-01,,REG,ATL,LAR,31,3,False,,fivethirtyeight,28,G000410
1972,1972-10-01,,REG,GB,DAL,16,13,False,,fivethirtyeight,3,G000411
1972,1972-10-01,,REG,TEN,NYJ,26,20,False,,fivethirtyeight,6,G000412
1972,1972-10-01,,REG,NE,WSH,24,23,False,,fivethirtyeight,1,G000413
1972,1972-10-01,,REG,BUF,IND,0,17,False,,fivethirtyeight,-17,G000414
1972,1972-10-01,,REG,CHI,DET,24,38,False,,fivethirtyeight,-14,G000415
1972,1972-10-02,,REG,PHI,NYG,12,27,False,,fivethirtyeight,-15,G000416
1972,1972-10-08,,REG,NYJ,MIA,17,27,False,,fivethirtyeight,-10,G000417
1972,1972-10-08,,REG,IND,LAC,20,23,False,,fivethirtyeight,-3,G000418
1972,1972-10-08,,REG,LAR,SF,31,7,False,,fivethirtyeight,24,G000419
1972,1972-10-08,,REG,WSH,PHI,14,0,False,,fivethirtyeight,14,G000420
1972,1972-10-08,,REG,NYG,NO,45,21,False,,fivethirtyeight,24,G000421
1972,1972-10-08,,REG,MIN,ARI,17,19,False,,fivethirtyeight,-2,G000422
1972,1972-10-08,,REG,GB,CHI,20,17,False,,fivethirtyeight,3,G000423
1972,1972-10-08,,REG,DAL,PIT,17,13,False,,fivethirtyeight,4,G000424
1972,1972-10-08,,REG,CLE,KC,7,31,False,,fivethirtyeight,-24,G000425
1972,1972-10-08,,REG,CIN,DEN,21,10,False,,fivethirtyeight,11,G000426
1972,1972-10-08,,REG,BUF,NE,38,14,False,,fivethirtyeight,24,G000427
1972,1972-10-08,,REG,ATL,DET,23,26,False,,fivethirtyeight,-3,G000428
1972,1972-10-09,,REG,TEN,OAK,0,34,False,,fivethirtyeight,-34,G000429
1972,1972-10-15,,REG,SF,NYG,17,23,False,,fivethirtyeight,-6,G000430
1972,1972-10-15,,REG,OAK,BUF,28,16,False,,fivethirtyeight,12,G000431
1972,1972-10-15,,REG,PIT,TEN,24,7,False,,fivethirtyeight,17,G000432
1972,1972-10-15,,REG,NE,NYJ,13,41,False,,fivethirtyeight,-28,G000433
1972,1972-10-15,,REG,NO,ATL,14,21,False,,fivethirtyeight,-7,G000434
1972,1972-10-15,,REG,KC,CIN,16,23,False,,fivethirtyeight,-7,G000435
1972,1972-10-15,,REG,DEN,MIN,20,23,False,,fivethirtyeight,-3,G000436
1972,1972-10-15,,REG,ARI,WSH,3,33,False,,fivethirtyeight,-30,G000437
1972,1972-10-15,,REG,IND,DAL,0,21,False,,fivethirtyeight,-21,G000438
1972,1972-10-15,,REG,PHI,LAR,3,34,False,,fivethirtyeight,-31,G000439
1972,1972-10-15,,REG,MIA,LAC,24,10,False,,fivethirtyeight,14,G000440
1972,1972-10-15,,REG,CLE,CHI,0,17,False,,fivethirtyeight,-17,G000441
1972,1972-10-16,,REG,DET,GB,23,24,False,,fivethirtyeight,-1,G000442
1972,1972-10-22,,REG,WSH,DAL,24,20,False,,fivethirtyeight,4,G000443
1972,1972-10-22,,REG,LAR,CIN,15,12,False,,fivethirtyeight,3,G000444
1972,1972-10-22,,REG,GB,ATL,9,10,False,,fivethirtyeight,-1,G000445
1972,1972-10-22,,REG,KC,PHI,20,21,False,,fivethirtyeight,-1,G000446
1972,1972-10-22,,REG,MIA,BUF,24,23,False,,fivethirtyeight,1,G000447
1972,1972-10-22,,REG,DET,LAC,34,20,False,,fivethirtyeight,14,G000448
1972,1972-10-22,,REG,NYG,ARI,27,21,False,,fivethirtyeight,6,G000449
1972,1972-10-22,,REG,NYJ,IND,24,20,False,,fivethirtyeight,4,G000450
1972,1972-10-22,,REG,TEN,CLE,17,23,False,,fivethirtyeight,-6,G000451
1972,1972-10-22,,REG,PIT,NE,33,3,False,,fivethirtyeight,30,G000452
1972,1972-10-22,,REG,OAK,DEN,23,30,False,,fivethirtyeight,-7,G000453
1972,1972-10-22,,REG,SF,NO,20,20,False,,fivethirtyeight,0,G000454
1972,1972-10-23,,REG,CHI,MIN,13,10,False,,fivethirtyeight,3,G000455
1972,1972-10-29,,REG,NO,PHI,21,3,False,,fivethirtyeight,18,G000456
1972,1972-10-29,,REG,GB,MIN,13,27,False,,fivethirtyeight,-14,G000457
1972,1972-10-29,,REG,DEN,CLE,20,27,False,,fivethirtyeight,-7,G000458
1972,1972-10-29,,REG,LAC,KC,14,26,False,,fivethirtyeight,-12,G000459
1972,1972-10-29,,REG,ARI,CHI,10,27,False,,fivethirtyeight,-17,G000460
1972,1972-10-29,,REG,NYG,WSH,16,23,False,,fivethirtyeight,-7,G000461
1972,1972-10-29,,REG,IND,MIA,0,23,False,,fivethirtyeight,-23,G000462
1972,1972-10-29,,REG,CIN,TEN,30,7,False,,fivethirtyeight,23,G000463
1972,1972-10-29,,REG,BUF,PIT,21,38,False,,fivethirtyeight,-17,G000464
1972,1972-10-29,,REG,ATL,SF,14,49,False,,fivethirtyeight,-35,G000465
1972,1972-10-29,,REG,OAK,LAR,45,17,False,,fivethirtyeight,28,G000466
1972,1972-10-29,,REG,NYJ,NE,34,10,False,,fivethirtyeight,24,G000467
1972,1972-10-30,,REG,DAL,DET,28,24,False,,fivethirtyeight,4,G000468
1972,1972-11-05,,REG,NYG,DEN,29,17,False,,fivethirtyeight,12,G000469
1972,1972-11-05,,REG,KC,OAK,27,14,False,,fivethirtyeight,13,G000470
1972,1972-11-05,,REG,LAC,DAL,28,34,False,,fivethirtyeight,-6,G000471
1972,1972-11-05,,REG,CLE,TEN,20,0,False,,fivethirtyeight,20,G000472
1972,1972-11-05,,REG,LAR,ATL,20,7,False,,fivethirtyeight,13,G000473
1972,1972-11-05,,REG,MIN,NO,37,6,False,,fivethirtyeight,31,G000474
1972,1972-11-05,,REG,BUF,MIA,16,30,False,,fivethirtyeight,-14,G000475
1972,1972-11-05,,REG,DET,CHI,14,0,False,,fivethirtyeight,14,G000476
1972,1972-11-05,,REG,GB,SF,34,24,False,,fivethirtyeight,10,G000477
1972,1972-11-05,,REG,PIT,CIN,40,17,False,,fivethirtyeight,23,G000478
1972,1972-11-05,,REG,PHI,ARI,6,6,False,,fivethirtyeight,0,G000479
1972,1972-11-05,,REG,NYJ,WSH,17,35,False,,fivethirtyeight,-18,G000480
1972,1972-11-06,,REG,NE,IND,17,24,False,,fivethirtyeight,-7,G000481
1972,1972-11-12,,REG,LAR,DEN,10,16,False,,fivethirtyeight,-6,G000482
1972,1972-11-12,,REG,DAL,ARI,33,24,False,,fivethirtyeight,9,G000483
1972,1972-11-12,,REG,WSH,NYG,27,13,False,,fivethirtyeight,14,G000484
1972,1972-11-12,,REG,SF,IND,24,21,False,,fivethirtyeight,3,G000485
1972,1972-11-12,,REG,PIT,KC,16,7,False,,fivethirtyeight,9,G000486
1972,1972-11-12,,REG,TEN,PHI,17,18,False,,fivethirtyeight,-1,G000487
1972,1972-11-12,,REG,NYJ,BUF,41,3,False,,fivethirtyeight,38,G000488
1972,1972-11-12,,REG,MIN,DET,16,14,False,,fivethirtyeight,2,G000489
1972,1972-11-12,,REG,MIA,NE,52,0,False,,fivethirtyeight,52,G000490
1972,1972-11-12,,REG,CIN,OAK,14,20,False,,fivethirtyeight,-6,G000491
1972,1972-11-12,,REG,CHI,GB,17,23,False,,fivethirtyeight,-6,G000492
1972,1972-11-12,,REG,ATL,NO,36,20,False,,fivethirtyeight,16,G000493
1972,1972-11-13,,REG,LAC,CLE,17,21,False,,fivethirtyeight,-4,G000494
1972,1972-11-19,,REG,DEN,OAK,20,37,False,,fivethirtyeight,-17,G000495
1972,1972-11-19,,REG,KC,LAC,17,27,False,,fivethirtyeight,-10,G000496
1972,1972-11-19,,REG,LAR,MIN,41,45,False,,fivethirtyeight,-4,G000497
1972,1972-11-19,,REG,PHI,DAL,7,28,False,,fivethirtyeight,-21,G000498
1972,1972-11-19,,REG,TEN,GB,10,23,False,,fivethirtyeight,-13,G000499
1972,1972-11-19,,REG,NE,BUF,24,27,False,,fivethirtyeight,-3,G000500
1972,1972-11-19,,REG,MIA,NYJ,28,24,False,,fivethirtyeight,4,G000501
1972,1972-11-19,,REG,DET,NO,27,14,False,,fivethirtyeight,13,G000502
1972,1972-11-19,,REG,ARI,NYG,7,13,False,,fivethirtyeight,-6,G000503
1972,1972-11-19,,REG,CLE,PIT,26,24,False,,fivethirtyeight,2,G000504
1972,1972-11-19,,REG,CIN,IND,19,20,False,,fivethirtyeight,-1,G000505
1972,1972-11-19,,REG,CHI,SF,21,34,False,,fivethirtyeight,-13,G000506
1972,1972-11-20,,REG,WSH,ATL,24,13,False,,fivethirtyeight,11,G000507
1972,1972-11-23,,REG,DET,NYJ,37,20,False,,fivethirtyeight,17,G000508
1972,1972-11-23,,REG,DAL,SF,10,31,False,,fivethirtyeight,-21,G000509
1972,1972-11-26,,REG,IND,NE,31,0,False,,fivethirtyeight,31,G000510
1972,1972-11-26,,REG,CHI,CIN,3,13,False,,fivethirtyeight,-10,G000511
1972,1972-11-26,,REG,ATL,DEN,23,20,False,,fivethirtyeight,3,G000512
1972,1972-11-26,,REG,NYG,PHI,62,10,False,,fivethirtyeight,52,G000513
1972,1972-11-26,,REG,CLE,BUF,27,10,False,,fivethirtyeight,17,G000514
1972,1972-11-26,,REG,NO,LAR,19,16,False,,fivethirtyeight,3,G000515
1972,1972-11-26,,REG,WSH,GB,21,16,False,,fivethirtyeight,5,G000516
1972,1972-11-26,,REG,OAK,KC,26,3,False,,fivethirtyeight,23,G000517
1972,1972-11-26,,REG,PIT,MIN,23,10,False,,fivethirtyeight,13,G000518
1972,1972-11-26,,REG,LAC,TEN,34,20,False,,fivethirtyeight,14,G000519
1972,1972-11-27,,REG,MIA,ARI,31,10,False,,fivethirtyeight,21,G000520
1972,1972-12-03,,REG,NYJ,NO,18,17,False,,fivethirtyeight,1,G000521
1972,1972-12-03,,REG,ATL,TEN,20,10,False,,fivethirtyeight,10,G000522
1972,1972-12-03,,REG,CIN,NYG,13,10,False,,fivethirtyeight,3,G000523
1972,1972-12-03,,REG,ARI,DAL,6,27,False,,fivethirtyeight,-21,G000524
1972,1972-12-03,,REG,GB,DET,33,7,False,,fivethirtyeight,26,G000525
1972,1972-12-03,,REG,KC,DEN,24,21,False,,fivethirtyeight,3,G000526
1972,1972-12-03,,REG,MIN,CHI,23,10,False,,fivethirtyeight,13,G000527
1972,1972-12-03,,REG,NE,MIA,21,37,False,,fivethirtyeight,-16,G000528
1972,1972-12-03,,REG,PHI,WSH,7,23,False,,fivethirtyeight,-16,G000529
1972,1972-12-03,,REG,PIT,CLE,30,0,False,,fivethirtyeight,30,G000530
1972,1972-12-03,,REG,LAC,OAK,19,21,False,,fivethirtyeight,-2,G000531
1972,1972-12-03,,REG,IND,BUF,35,7,False,,fivethirtyeight,28,G000532
1972,1972-12-04,,REG,SF,LAR,16,26,False,,fivethirtyeight,-10,G000533
1972,1972-12-09,,REG,CIN,CLE,24,27,False,,fivethirtyeight,-3,G000534
1972,1972-12-09,,REG,DAL,WSH,34,24,False,,fivethirtyeight,10,G000535
1972,1972-12-10,,REG,DEN,LAC,38,13,False,,fivethirtyeight,25,G000536
1972,1972-12-10,,REG,NO,NE,10,17,False,,fivethirtyeight,-7,G000537
1972,1972-12-10,,REG,PHI,CHI,12,21,False,,fivethirtyeight,-9,G000538
1972,1972-12-10,,REG,ARI,LAR,24,14,False,,fivethirtyeight,10,G000539
1972,1972-12-10,,REG,TEN,PIT,3,9,False,,fivethirtyeight,-6,G000540
1972,1972-12-10,,REG,NYG,MIA,13,23,False,,fivethirtyeight,-10,G000541
1972,1972-12-10,,REG,KC,IND,24,10,False,,fivethirtyeight,14,G000542
1972,1972-12-10,,REG,MIN,GB,7,23,False,,fivethirtyeight,-16,G000543
1972,1972-12-10,,REG,BUF,DET,21,21,False,,fivethirtyeight,0,G000544
1972,1972-12-10,,REG,SF,ATL,20,0,False,,fivethirtyeight,20,G000545
1972,1972-12-11,,REG,OAK,NYJ,24,16,False,,fivethirtyeight,8,G000546
1972,1972-12-16,,REG,MIA,IND,16,0,False,,fivethirtyeight,16,G000547
1972,1972-12-16,,REG,SF,MIN,20,17,False,,fivethirtyeight,3,G000548
1972,1972-12-17,,REG,WSH,BUF,17,24,False,,fivethirtyeight,-7,G000549
1972,1972-12-17,,REG,TEN,CIN,17,61,False,,fivethirtyeight,-44,G000550
1972,1972-12-17,,REG,LAC,PIT,2,24,False,,fivethirtyeight,-22,G000551
1972,1972-12-17,,REG,OAK,CHI,28,21,False,,fivethirtyeight,7,G000552
1972,1972-12-17,,REG,NYJ,CLE,10,26,False,,fivethirtyeight,-16,G000553
1972,1972-12-17,,REG,NO,GB,20,30,False,,fivethirtyeight,-10,G000554
1972,1972-12-17,,REG,DEN,NE,45,21,False,,fivethirtyeight,24,G000555
1972,1972-12-17,,REG,DAL,NYG,3,23,False,,fivethirtyeight,-20,G000556
1972,1972-12-17,,REG,ARI,PHI,24,23,False,,fivethirtyeight,1,G000557
1972,1972-12-17,,REG,ATL,KC,14,17,False,,fivethirtyeight,-3,G000558
1972,1972-12-17,,REG,LAR,DET,17,34,False,,fivethirtyeight,-17,G000559
1972,1972-12-23,,PLAYOFF,PIT,OAK,13,7,False,,fivethirtyeight,6,G000560
1972,1972-12-23,,PLAYOFF,SF,DAL,28,30,False,,fivethirtyeight,-2,G000561
1972,1972-12-24,,PLAYOFF,WSH,GB,16,3,False,,fivethirtyeight,13,G000562
1972,1972-12-24,,PLAYOFF,MIA,CLE,20,14,False,,fivethirtyeight,6,G000563
1972,1972-12-31,,PLAYOFF,WSH,DAL,26,3,False,,fivethirtyeight,23,G000564
1972,1972-12-31,,PLAYOFF,PIT,MIA,17,21,False,,fivethirtyeight,-4,G000565
1972,1973-01-14,,PLAYOFF,WSH,MIA,7,14,True,,fivethirtyeight,-7,G000566
1973,1973-09-16,,REG,NYG,TEN,34,14,False,,fivethirtyeight,20,G000567
1973,1973-09-16,,REG,NE,BUF,13,31,False,,fivethirtyeight,-18,G000568
1973,1973-09-16,,REG,NO,ATL,7,62,False,,fivethirtyeight,-55,G000569
1973,1973-09-16,,REG,MIA,SF,21,13,False,,fivethirtyeight,8,G000570
1973,1973-09-16,,REG,DEN,CIN,28,10,False,,fivethirtyeight,18,G000571
1973,1973-09-16,,REG,CLE,IND,24,14,False,,fivethirtyeight,10,G000572
1973,1973-09-16,,REG,PHI,ARI,23,34,False,,fivethirtyeight,-11,G000573
1973,1973-09-16,,REG,MIN,OAK,24,16,False,,fivethirtyeight,8,G000574
1973,1973-09-16,,REG,KC,LAR,13,23,False,,fivethirtyeight,-10,G000575
1973,1973-09-16,,REG,WSH,LAC,38,0,False,,fivethirtyeight,38,G000576
1973,1973-09-16,,REG,PIT,DET,24,10,False,,fivethirtyeight,14,G000577
1973,1973-09-16,,REG,CHI,DAL,17,20,False,,fivethirtyeight,-3,G000578
1973,1973-09-17,,REG,GB,NYJ,23,7,False,,fivethirtyeight,16,G000579
1973,1973-09-23,,REG,LAR,ATL,31,0,False,,fivethirtyeight,31,G000580
1973,1973-09-23,,REG,NE,KC,7,10,False,,fivethirtyeight,-3,G000581
1973,1973-09-23,,REG,OAK,MIA,12,7,False,,fivethirtyeight,5,G000582
1973,1973-09-23,,REG,PIT,CLE,33,6,False,,fivethirtyeight,27,G000583
1973,1973-09-23,,REG,NYG,PHI,23,23,False,,fivethirtyeight,0,G000584
1973,1973-09-23,,REG,GB,DET,13,13,False,,fivethirtyeight,0,G000585
1973,1973-09-23,,REG,DEN,SF,34,36,False,,fivethirtyeight,-2,G000586
1973,1973-09-23,,REG,ARI,WSH,34,27,False,,fivethirtyeight,7,G000587
1973,1973-09-23,,REG,IND,NYJ,10,34,False,,fivethirtyeight,-24,G000588
1973,1973-09-23,,REG,CIN,TEN,24,10,False,,fivethirtyeight,14,G000589
1973,1973-09-23,,REG,LAC,BUF,34,7,False,,fivethirtyeight,27,G000590
1973,1973-09-23,,REG,CHI,MIN,13,22,False,,fivethirtyeight,-9,G000591
1973,1973-09-24,,REG,DAL,NO,40,3,False,,fivethirtyeight,37,G000592
1973,1973-09-30,,REG,MIA,NE,44,23,False,,fivethirtyeight,21,G000593
1973,1973-09-30,,REG,PHI,WSH,7,28,False,,fivethirtyeight,-21,G000594
1973,1973-09-30,,REG,SF,LAR,20,40,False,,fivethirtyeight,-20,G000595
1973,1973-09-30,,REG,DEN,CHI,14,33,False,,fivethirtyeight,-19,G000596
1973,1973-09-30,,REG,TEN,PIT,7,36,False,,fivethirtyeight,-29,G000597
1973,1973-09-30,,REG,KC,OAK,16,3,False,,fivethirtyeight,13,G000598
1973,1973-09-30,,REG,DAL,ARI,45,10,False,,fivethirtyeight,35,G000599
1973,1973-09-30,,REG,CLE,NYG,12,10,False,,fivethirtyeight,2,G000600
1973,1973-09-30,,REG,BUF,NYJ,9,7,False,,fivethirtyeight,2,G000601
1973,1973-09-30,,REG,MIN,GB,11,3,False,,fivethirtyeight,8,G000602
1973,1973-09-30,,REG,LAC,CIN,13,20,False,,fivethirtyeight,-7,G000603
1973,1973-09-30,,REG,IND,NO,14,10,False,,fivethirtyeight,4,G000604
1973,1973-10-01,,REG,DET,ATL,31,6,False,,fivethirtyeight,25,G000605
1973,1973-10-07,,REG,NYG,GB,14,16,False,,fivethirtyeight,-2,G000606
1973,1973-10-07,,REG,ARI,OAK,10,17,False,,fivethirtyeight,-7,G000607
1973,1973-10-07,,REG,NE,IND,24,16,False,,fivethirtyeight,8,G000608
1973,1973-10-07,,REG,NO,CHI,21,16,False,,fivethirtyeight,5,G000609
1973,1973-10-07,,REG,MIA,NYJ,31,3,False,,fivethirtyeight,28,G000610
1973,1973-10-07,,REG,KC,DEN,16,14,False,,fivethirtyeight,2,G000611
1973,1973-10-07,,REG,DET,MIN,9,23,False,,fivethirtyeight,-14,G000612
1973,1973-10-07,,REG,CLE,CIN,17,10,False,,fivethirtyeight,7,G000613
1973,1973-10-07,,REG,BUF,PHI,27,26,False,,fivethirtyeight,1,G000614
1973,1973-10-07,,REG,ATL,SF,9,13,False,,fivethirtyeight,-4,G000615
1973,1973-10-07,,REG,TEN,LAR,26,31,False,,fivethirtyeight,-5,G000616
1973,1973-10-07,,REG,PIT,LAC,38,21,False,,fivethirtyeight,17,G000617
1973,1973-10-08,,REG,WSH,DAL,14,7,False,,fivethirtyeight,7,G000618
1973,1973-10-14,,REG,NYG,WSH,3,21,False,,fivethirtyeight,-18,G000619
1973,1973-10-14,,REG,SF,MIN,13,17,False,,fivethirtyeight,-4,G000620
1973,1973-10-14,,REG,TEN,DEN,20,48,False,,fivethirtyeight,-28,G000621
1973,1973-10-14,,REG,NO,DET,20,13,False,,fivethirtyeight,7,G000622
1973,1973-10-14,,REG,GB,KC,10,10,False,,fivethirtyeight,0,G000623
1973,1973-10-14,,REG,ARI,PHI,24,27,False,,fivethirtyeight,-3,G000624
1973,1973-10-14,,REG,CIN,PIT,19,7,False,,fivethirtyeight,12,G000625
1973,1973-10-14,,REG,BUF,IND,31,13,False,,fivethirtyeight,18,G000626
1973,1973-10-14,,REG,ATL,CHI,46,6,False,,fivethirtyeight,40,G000627
1973,1973-10-14,,REG,LAC,OAK,17,27,False,,fivethirtyeight,-10,G000628
1973,1973-10-14,,REG,LAR,DAL,37,31,False,,fivethirtyeight,6,G000629
1973,1973-10-14,,REG,NE,NYJ,7,9,False,,fivethirtyeight,-2,G000630
1973,1973-10-15,,REG,CLE,MIA,9,17,False,,fivethirtyeight,-8,G000631
1973,1973-10-21,,REG,PIT,NYJ,26,14,False,,fivethirtyeight,12,G000632
1973,1973-10-21,,REG,CLE,TEN,42,13,False,,fivethirtyeight,29,G000633
1973,1973-10-21,,REG,DAL,NYG,45,28,False,,fivethirtyeight,17,G000634
1973,1973-10-21,,REG,DET,IND,27,29,False,,fivethirtyeight,-2,G000635
1973,1973-10-21,,REG,MIA,BUF,27,6,False,,fivethirtyeight,21,G000636
1973,1973-10-21,,REG,CIN,KC,14,6,False,,fivethirtyeight,8,G000637
1973,1973-10-21,,REG,MIN,PHI,28,21,False,,fivethirtyeight,7,G000638
1973,1973-10-21,,REG,SF,NO,40,0,False,,fivethirtyeight,40,G000639
1973,1973-10-21,,REG,WSH,ARI,31,13,False,,fivethirtyeight,18,G000640
1973,1973-10-21,,REG,LAR,GB,24,7,False,,fivethirtyeight,17,G000641
1973,1973-10-21,,REG,LAC,ATL,0,41,False,,fivethirtyeight,-41,G000642
1973,1973-10-21,,REG,CHI,NE,10,13,False,,fivethirtyeight,-3,G000643
1973,1973-10-22,,REG,DEN,OAK,23,23,False,,fivethirtyeight,0,G000644
1973,1973-10-28,,REG,PIT,CIN,20,13,False,,fivethirtyeight,7,G000645
1973,1973-10-28,,REG,NYJ,DEN,28,40,False,,fivethirtyeight,-12,G000646
1973,1973-10-28,,REG,NE,MIA,14,30,False,,fivethirtyeight,-16,G000647
1973,1973-10-28,,REG,NO,WSH,19,3,False,,fivethirtyeight,16,G000648
1973,1973-10-28,,REG,MIN,LAR,10,9,False,,fivethirtyeight,1,G000649
1973,1973-10-28,,REG,CHI,TEN,35,14,False,,fivethirtyeight,21,G000650
1973,1973-10-28,,REG,SF,ATL,3,17,False,,fivethirtyeight,-14,G000651
1973,1973-10-28,,REG,IND,OAK,21,34,False,,fivethirtyeight,-13,G000652
1973,1973-10-28,,REG,ARI,NYG,35,27,False,,fivethirtyeight,8,G000653
1973,1973-10-28,,REG,DET,GB,34,0,False,,fivethirtyeight,34,G000654
1973,1973-10-28,,REG,CLE,LAC,16,16,False,,fivethirtyeight,0,G000655
1973,1973-10-28,,REG,PHI,DAL,30,16,False,,fivethirtyeight,14,G000656
1973,1973-10-29,,REG,BUF,KC,23,14,False,,fivethirtyeight,9,G000657
1973,1973-11-04,,REG,DAL,CIN,38,10,False,,fivethirtyeight,28,G000658
1973,1973-11-04,,REG,ATL,LAR,15,13,False,,fivethirtyeight,2,G000659
1973,1973-11-04,,REG,GB,CHI,17,31,False,,fivethirtyeight,-14,G000660
1973,1973-11-04,,REG,ARI,DEN,17,17,False,,fivethirtyeight,0,G000661
1973,1973-11-04,,REG,IND,TEN,27,31,False,,fivethirtyeight,-4,G000662
1973,1973-11-04,,REG,LAC,KC,0,19,False,,fivethirtyeight,-19,G000663
1973,1973-11-04,,REG,PHI,NE,24,23,False,,fivethirtyeight,1,G000664
1973,1973-11-04,,REG,OAK,NYG,42,0,False,,fivethirtyeight,42,G000665
1973,1973-11-04,,REG,NO,BUF,13,0,False,,fivethirtyeight,13,G000666
1973,1973-11-04,,REG,MIN,CLE,26,3,False,,fivethirtyeight,23,G000667
1973,1973-11-04,,REG,DET,SF,30,20,False,,fivethirtyeight,10,G000668
1973,1973-11-04,,REG,NYJ,MIA,14,24,False,,fivethirtyeight,-10,G000669
1973,1973-11-05,,REG,PIT,WSH,21,16,False,,fivethirtyeight,5,G000670
1973,1973-11-11,,REG,PHI,ATL,27,44,False,,fivethirtyeight,-17,G000671
1973,1973-11-11,,REG,TEN,CLE,13,23,False,,fivethirtyeight,-10,G000672
1973,1973-11-11,,REG,DEN,LAC,30,19,False,,fivethirtyeight,11,G000673
1973,1973-11-11,,REG,OAK,PIT,9,17,False,,fivethirtyeight,-8,G000674
1973,1973-11-11,,REG,MIA,IND,44,0,False,,fivethirtyeight,44,G000675
1973,1973-11-11,,REG,LAR,NO,29,7,False,,fivethirtyeight,22,G000676
1973,1973-11-11,,REG,MIN,DET,28,7,False,,fivethirtyeight,21,G000677
1973,1973-11-11,,REG,GB,ARI,25,21,False,,fivethirtyeight,4,G000678
1973,1973-11-11,,REG,NYG,DAL,10,23,False,,fivethirtyeight,-13,G000679
1973,1973-11-11,,REG,BUF,CIN,13,16,False,,fivethirtyeight,-3,G000680
1973,1973-11-11,,REG,WSH,SF,33,9,False,,fivethirtyeight,24,G000681
1973,1973-11-11,,REG,NYJ,NE,33,13,False,,fivethirtyeight,20,G000682
1973,1973-11-12,,REG,KC,CHI,19,7,False,,fivethirtyeight,12,G000683
1973,1973-11-18,,REG,KC,TEN,38,14,False,,fivethirtyeight,24,G000684
1973,1973-11-18,,REG,WSH,IND,22,14,False,,fivethirtyeight,8,G000685
1973,1973-11-18,,REG,OAK,CLE,3,7,False,,fivethirtyeight,-4,G000686
1973,1973-11-18,,REG,NYG,ARI,24,13,False,,fivethirtyeight,11,G000687
1973,1973-11-18,,REG,NE,GB,33,24,False,,fivethirtyeight,9,G000688
1973,1973-11-18,,REG,DAL,PHI,31,10,False,,fivethirtyeight,21,G000689
1973,1973-11-18,,REG,CIN,NYJ,20,14,False,,fivethirtyeight,6,G000690
1973,1973-11-18,,REG,LAC,NO,17,14,False,,fivethirtyeight,3,G000691
1973,1973-11-18,,REG,CHI,DET,7,30,False,,fivethirtyeight,-23,G000692
1973,1973-11-18,,REG,BUF,MIA,0,17,False,,fivethirtyeight,-17,G000693
1973,1973-11-18,,REG,PIT,DEN,13,23,False,,fivethirtyeight,-10,G000694
1973,1973-11-18,,REG,LAR,SF,31,13,False,,fivethirtyeight,18,G000695
1973,1973-11-19,,REG,ATL,MIN,20,14,False,,fivethirtyeight,6,G000696
1973,1973-11-22,,REG,DET,WSH,0,20,False,,fivethirtyeight,-20,G000697
1973,1973-11-22,,REG,DAL,MIA,7,14,False,,fivethirtyeight,-7,G000698
1973,1973-11-25,,REG,NYJ,ATL,20,28,False,,fivethirtyeight,-8,G000699
1973,1973-11-25,,REG,TEN,NE,0,32,False,,fivethirtyeight,-32,G000700
1973,1973-11-25,,REG,PHI,NYG,20,16,False,,fivethirtyeight,4,G000701
1973,1973-11-25,,REG,IND,BUF,17,24,False,,fivethirtyeight,-7,G000702
1973,1973-11-25,,REG,CIN,ARI,42,24,False,,fivethirtyeight,18,G000703
1973,1973-11-25,,REG,MIN,CHI,31,13,False,,fivethirtyeight,18,G000704
1973,1973-11-25,,REG,OAK,LAC,31,3,False,,fivethirtyeight,28,G000705
1973,1973-11-25,,REG,NO,LAR,13,24,False,,fivethirtyeight,-11,G000706
1973,1973-11-25,,REG,DEN,KC,14,10,False,,fivethirtyeight,4,G000707
1973,1973-11-25,,REG,CLE,PIT,21,16,False,,fivethirtyeight,5,G000708
1973,1973-11-26,,REG,SF,GB,20,6,False,,fivethirtyeight,14,G000709
1973,1973-12-02,,REG,WSH,NYG,27,24,False,,fivethirtyeight,3,G000710
1973,1973-12-02,,REG,ATL,BUF,6,17,False,,fivethirtyeight,-11,G000711
1973,1973-12-02,,REG,NE,LAC,30,14,False,,fivethirtyeight,16,G000712
1973,1973-12-02,,REG,ARI,DET,16,20,False,,fivethirtyeight,-4,G000713
1973,1973-12-02,,REG,CIN,MIN,27,0,False,,fivethirtyeight,27,G000714
1973,1973-12-02,,REG,CHI,LAR,0,26,False,,fivethirtyeight,-26,G000715
1973,1973-12-02,,REG,DEN,DAL,10,22,False,,fivethirtyeight,-12,G000716
1973,1973-12-02,,REG,GB,NO,30,10,False,,fivethirtyeight,20,G000717
1973,1973-12-02,,REG,SF,PHI,38,28,False,,fivethirtyeight,10,G000718
1973,1973-12-02,,REG,TEN,OAK,6,17,False,,fivethirtyeight,-11,G000719
1973,1973-12-02,,REG,NYJ,IND,20,17,False,,fivethirtyeight,3,G000720
1973,1973-12-02,,REG,KC,CLE,20,20,False,,fivethirtyeight,0,G000721
1973,1973-12-03,,REG,MIA,PIT,30,26,False,,fivethirtyeight,4,G000722
1973,1973-12-08,,REG,OAK,KC,37,7,False,,fivethirtyeight,30,G000723
1973,1973-12-08,,REG,GB,MIN,7,31,False,,fivethirtyeight,-24,G000724
1973,1973-12-09,,REG,BUF,NE,37,13,False,,fivethirtyeight,24,G000725
1973,1973-12-09,,REG,PIT,TEN,33,7,False,,fivethirtyeight,26,G000726
1973,1973-12-09,,REG,PHI,NYJ,24,23,False,,fivethirtyeight,1,G000727
1973,1973-12-09,,REG,NO,SF,16,10,False,,fivethirtyeight,6,G000728
1973,1973-12-09,,REG,DET,CHI,40,7,False,,fivethirtyeight,33,G000729
1973,1973-12-09,,REG,IND,MIA,16,3,False,,fivethirtyeight,13,G000730
1973,1973-12-09,,REG,ATL,ARI,10,32,False,,fivethirtyeight,-22,G000731
1973,1973-12-09,,REG,LAC,DEN,28,42,False,,fivethirtyeight,-14,G000732
1973,1973-12-09,,REG,DAL,WSH,27,7,False,,fivethirtyeight,20,G000733
1973,1973-12-09,,REG,CIN,CLE,34,17,False,,fivethirtyeight,17,G000734
1973,1973-12-10,,REG,LAR,NYG,40,6,False,,fivethirtyeight,34,G000735
1973,1973-12-15,,REG,SF,PIT,14,37,False,,fivethirtyeight,-23,G000736
1973,1973-12-15,,REG,MIA,DET,34,7,False,,fivethirtyeight,27,G000737
1973,1973-12-16,,REG,IND,NE,18,13,False,,fivethirtyeight,5,G000738
1973,1973-12-16,,REG,KC,LAC,33,6,False,,fivethirtyeight,27,G000739
1973,1973-12-16,,REG,LAR,CLE,30,17,False,,fivethirtyeight,13,G000740
1973,1973-12-16,,REG,WSH,PHI,38,20,False,,fivethirtyeight,18,G000741
1973,1973-12-16,,REG,OAK,DEN,21,17,False,,fivethirtyeight,4,G000742
1973,1973-12-16,,REG,TEN,CIN,24,27,False,,fivethirtyeight,-3,G000743
1973,1973-12-16,,REG,NYJ,BUF,14,34,False,,fivethirtyeight,-20,G000744
1973,1973-12-16,,REG,NYG,MIN,7,31,False,,fivethirtyeight,-24,G000745
1973,1973-12-16,,REG,CHI,GB,0,21,False,,fivethirtyeight,-21,G000746
1973,1973-12-16,,REG,ARI,DAL,3,30,False,,fivethirtyeight,-27,G000747
1973,1973-12-16,,REG,ATL,NO,14,10,False,,fivethirtyeight,4,G000748
1973,1973-12-22,,PLAYOFF,OAK,PIT,33,14,False,,fivethirtyeight,19,G000749
1973,1973-12-22,,PLAYOFF,MIN,WSH,27,20,False,,fivethirtyeight,7,G000750
1973,1973-12-23,,PLAYOFF,MIA,CIN,34,16,False,,fivethirtyeight,18,G000751
1973,1973-12-23,,PLAYOFF,DAL,LAR,27,16,False,,fivethirtyeight,11,G000752
1973,1973-12-30,,PLAYOFF,MIA,OAK,27,10,False,,fivethirtyeight,17,G000753
1973,1973-12-30,,PLAYOFF,DAL,MIN,10,27,False,,fivethirtyeight,-17,G000754
1973,1974-01-13,,PLAYOFF,MIN,MIA,7,24,True,,fivethirtyeight,-17,G000755
1974,1974-09-15,,REG,DEN,LAR,10,17,False,,fivethirtyeight,-7,G000756
1974,1974-09-15,,REG,NO,SF,13,17,False,,fivethirtyeight,-4,G000757
1974,1974-09-15,,REG,PIT,IND,30,0,False,,fivethirtyeight,30,G000758
1974,1974-09-15,,REG,NYG,WSH,10,13,False,,fivethirtyeight,-3,G000759
1974,1974-09-15,,REG,NE,MIA,34,24,False,,fivethirtyeight,10,G000760
1974,1974-09-15,,REG,ATL,DAL,0,24,False,,fivethirtyeight,-24,G000761
1974,1974-09-15,,REG,CHI,DET,17,9,False,,fivethirtyeight,8,G000762
1974,1974-09-15,,REG,TEN,LAC,21,14,False,,fivethirtyeight,7,G000763
1974,1974-09-15,,REG,CIN,CLE,33,7,False,,fivethirtyeight,26,G000764
1974,1974-09-15,,REG,ARI,PHI,7,3,False,,fivethirtyeight,4,G000765
1974,1974-09-15,,REG,GB,MIN,17,32,False,,fivethirtyeight,-15,G000766
1974,1974-09-15,,REG,KC,NYJ,24,16,False,,fivethirtyeight,8,G000767
1974,1974-09-16,,REG,BUF,OAK,21,20,False,,fivethirtyeight,1,G000768
1974,1974-09-22,,REG,BUF,MIA,16,24,False,,fivethirtyeight,-8,G000769
1974,1974-09-22,,REG,CIN,LAC,17,20,False,,fivethirtyeight,-3,G000770
1974,1974-09-22,,REG,WSH,ARI,10,17,False,,fivethirtyeight,-7,G000771
1974,1974-09-22,,REG,CHI,NYJ,21,23,False,,fivethirtyeight,-2,G000772
1974,1974-09-22,,REG,LAR,NO,24,0,False,,fivethirtyeight,24,G000773
1974,1974-09-22,,REG,ATL,SF,10,16,False,,fivethirtyeight,-6,G000774
1974,1974-09-22,,REG,OAK,KC,27,7,False,,fivethirtyeight,20,G000775
1974,1974-09-22,,REG,NYG,NE,20,28,False,,fivethirtyeight,-8,G000776
1974,1974-09-22,,REG,DET,MIN,6,7,False,,fivethirtyeight,-1,G000777
1974,1974-09-22,,REG,DEN,PIT,35,35,False,,fivethirtyeight,0,G000778
1974,1974-09-22,,REG,IND,GB,13,20,False,,fivethirtyeight,-7,G000779
1974,1974-09-22,,REG,CLE,TEN,20,7,False,,fivethirtyeight,13,G000780
1974,1974-09-23,,REG,PHI,DAL,13,10,False,,fivethirtyeight,3,G000781
1974,1974-09-29,,REG,ARI,CLE,29,7,False,,fivethirtyeight,22,G000782
1974,1974-09-29,,REG,PIT,OAK,0,17,False,,fivethirtyeight,-17,G000783
1974,1974-09-29,,REG,BUF,NYJ,16,12,False,,fivethirtyeight,4,G000784
1974,1974-09-29,,REG,LAC,MIA,21,28,False,,fivethirtyeight,-7,G000785
1974,1974-09-29,,REG,SF,CIN,3,21,False,,fivethirtyeight,-18,G000786
1974,1974-09-29,,REG,NE,LAR,20,14,False,,fivethirtyeight,6,G000787
1974,1974-09-29,,REG,PHI,IND,30,10,False,,fivethirtyeight,20,G000788
1974,1974-09-29,,REG,DAL,NYG,6,14,False,,fivethirtyeight,-8,G000789
1974,1974-09-29,,REG,TEN,KC,7,17,False,,fivethirtyeight,-10,G000790
1974,1974-09-29,,REG,NO,ATL,14,13,False,,fivethirtyeight,1,G000791
1974,1974-09-29,,REG,MIN,CHI,11,7,False,,fivethirtyeight,4,G000792
1974,1974-09-29,,REG,GB,DET,21,19,False,,fivethirtyeight,2,G000793
1974,1974-09-30,,REG,WSH,DEN,30,3,False,,fivethirtyeight,27,G000794
1974,1974-10-06,,REG,CIN,WSH,28,17,False,,fivethirtyeight,11,G000795
1974,1974-10-06,,REG,LAC,PHI,7,13,False,,fivethirtyeight,-6,G000796
1974,1974-10-06,,REG,GB,BUF,7,27,False,,fivethirtyeight,-20,G000797
1974,1974-10-06,,REG,LAR,DET,16,13,False,,fivethirtyeight,3,G000798
1974,1974-10-06,,REG,SF,ARI,9,34,False,,fivethirtyeight,-25,G000799
1974,1974-10-06,,REG,TEN,PIT,7,13,False,,fivethirtyeight,-6,G000800
1974,1974-10-06,,REG,NYG,ATL,7,14,False,,fivethirtyeight,-7,G000801
1974,1974-10-06,,REG,NE,IND,42,3,False,,fivethirtyeight,39,G000802
1974,1974-10-06,,REG,KC,DEN,14,17,False,,fivethirtyeight,-3,G000803
1974,1974-10-06,,REG,DAL,MIN,21,23,False,,fivethirtyeight,-2,G000804
1974,1974-10-06,,REG,CLE,OAK,24,40,False,,fivethirtyeight,-16,G000805
1974,1974-10-06,,REG,CHI,NO,24,10,False,,fivethirtyeight,14,G000806
1974,1974-10-07,,REG,MIA,NYJ,21,17,False,,fivethirtyeight,4,G000807
1974,1974-10-13,,REG,ATL,CHI,13,10,False,,fivethirtyeight,3,G000808
1974,1974-10-13,,REG,IND,BUF,14,27,False,,fivethirtyeight,-13,G000809
1974,1974-10-13,,REG,CLE,CIN,24,34,False,,fivethirtyeight,-10,G000810
1974,1974-10-13,,REG,ARI,DAL,31,28,False,,fivethirtyeight,3,G000811
1974,1974-10-13,,REG,DEN,NO,33,17,False,,fivethirtyeight,16,G000812
1974,1974-10-13,,REG,KC,PIT,24,34,False,,fivethirtyeight,-10,G000813
1974,1974-10-13,,REG,MIN,TEN,51,10,False,,fivethirtyeight,41,G000814
1974,1974-10-13,,REG,NYJ,NE,0,24,False,,fivethirtyeight,-24,G000815
1974,1974-10-13,,REG,PHI,NYG,35,7,False,,fivethirtyeight,28,G000816
1974,1974-10-13,,REG,LAC,OAK,10,14,False,,fivethirtyeight,-4,G000817
1974,1974-10-13,,REG,WSH,MIA,20,17,False,,fivethirtyeight,3,G000818
1974,1974-10-13,,REG,GB,LAR,17,6,False,,fivethirtyeight,11,G000819
1974,1974-10-14,,REG,DET,SF,17,13,False,,fivethirtyeight,4,G000820
1974,1974-10-20,,REG,WSH,NYG,24,3,False,,fivethirtyeight,21,G000821
1974,1974-10-20,,REG,LAR,SF,37,14,False,,fivethirtyeight,23,G000822
1974,1974-10-20,,REG,DEN,LAC,27,7,False,,fivethirtyeight,20,G000823
1974,1974-10-20,,REG,MIA,KC,9,3,False,,fivethirtyeight,6,G000824
1974,1974-10-20,,REG,ATL,NO,3,13,False,,fivethirtyeight,-10,G000825
1974,1974-10-20,,REG,BUF,NE,30,28,False,,fivethirtyeight,2,G000826
1974,1974-10-20,,REG,DAL,PHI,31,24,False,,fivethirtyeight,7,G000827
1974,1974-10-20,,REG,MIN,DET,16,20,False,,fivethirtyeight,-4,G000828
1974,1974-10-20,,REG,NYJ,IND,20,35,False,,fivethirtyeight,-15,G000829
1974,1974-10-20,,REG,TEN,ARI,27,31,False,,fivethirtyeight,-4,G000830
1974,1974-10-20,,REG,PIT,CLE,20,16,False,,fivethirtyeight,4,G000831
1974,1974-10-20,,REG,OAK,CIN,30,27,False,,fivethirtyeight,3,G000832
1974,1974-10-21,,REG,CHI,GB,10,9,False,,fivethirtyeight,1,G000833
1974,1974-10-27,,REG,NYG,DAL,7,21,False,,fivethirtyeight,-14,G000834
1974,1974-10-27,,REG,MIN,NE,14,17,False,,fivethirtyeight,-3,G000835
1974,1974-10-27,,REG,LAC,KC,14,24,False,,fivethirtyeight,-10,G000836
1974,1974-10-27,,REG,MIA,IND,17,7,False,,fivethirtyeight,10,G000837
1974,1974-10-27,,REG,BUF,CHI,16,6,False,,fivethirtyeight,10,G000838
1974,1974-10-27,,REG,NYJ,LAR,13,20,False,,fivethirtyeight,-7,G000839
1974,1974-10-27,,REG,CIN,TEN,21,34,False,,fivethirtyeight,-13,G000840
1974,1974-10-27,,REG,CLE,DEN,23,21,False,,fivethirtyeight,2,G000841
1974,1974-10-27,,REG,ARI,WSH,23,20,False,,fivethirtyeight,3,G000842
1974,1974-10-27,,REG,DET,GB,19,17,False,,fivethirtyeight,2,G000843
1974,1974-10-27,,REG,NO,PHI,14,10,False,,fivethirtyeight,4,G000844
1974,1974-10-27,,REG,SF,OAK,24,35,False,,fivethirtyeight,-11,G000845
1974,1974-10-28,,REG,PIT,ATL,24,17,False,,fivethirtyeight,7,G000846
1974,1974-11-03,,REG,CHI,MIN,0,17,False,,fivethirtyeight,-17,G000847
1974,1974-11-03,,REG,LAC,CLE,36,35,False,,fivethirtyeight,1,G000848
1974,1974-11-03,,REG,PIT,PHI,27,0,False,,fivethirtyeight,27,G000849
1974,1974-11-03,,REG,NYJ,TEN,22,27,False,,fivethirtyeight,-5,G000850
1974,1974-11-03,,REG,NE,BUF,28,29,False,,fivethirtyeight,-1,G000851
1974,1974-11-03,,REG,KC,NYG,27,33,False,,fivethirtyeight,-6,G000852
1974,1974-11-03,,REG,GB,WSH,6,17,False,,fivethirtyeight,-11,G000853
1974,1974-11-03,,REG,DET,NO,19,14,False,,fivethirtyeight,5,G000854
1974,1974-11-03,,REG,DEN,OAK,17,28,False,,fivethirtyeight,-11,G000855
1974,1974-11-03,,REG,DAL,ARI,17,14,False,,fivethirtyeight,3,G000856
1974,1974-11-03,,REG,IND,CIN,14,24,False,,fivethirtyeight,-10,G000857
1974,1974-11-03,,REG,MIA,ATL,42,7,False,,fivethirtyeight,35,G000858
1974,1974-11-04,,REG,SF,LAR,13,15,False,,fivethirtyeight,-2,G000859
1974,1974-11-10,,REG,BUF,TEN,9,21,False,,fivethirtyeight,-12,G000860
1974,1974-11-10,,REG,NYG,NYJ,20,26,False,,fivethirtyeight,-6,G000861
1974,1974-11-10,,REG,NE,CLE,14,21,False,,fivethirtyeight,-7,G000862
1974,1974-11-10,,REG,IND,DEN,6,17,False,,fivethirtyeight,-11,G000863
1974,1974-11-10,,REG,DAL,SF,20,14,False,,fivethirtyeight,6,G000864
1974,1974-11-10,,REG,GB,CHI,20,3,False,,fivethirtyeight,17,G000865
1974,1974-11-10,,REG,NO,MIA,0,21,False,,fivethirtyeight,-21,G000866
1974,1974-11-10,,REG,KC,LAC,7,14,False,,fivethirtyeight,-7,G000867
1974,1974-11-10,,REG,CIN,PIT,17,10,False,,fivethirtyeight,7,G000868
1974,1974-11-10,,REG,PHI,WSH,20,27,False,,fivethirtyeight,-7,G000869
1974,1974-11-10,,REG,OAK,DET,35,13,False,,fivethirtyeight,22,G000870
1974,1974-11-10,,REG,LAR,ATL,21,0,False,,fivethirtyeight,21,G000871
1974,1974-11-11,,REG,ARI,MIN,24,28,False,,fivethirtyeight,-4,G000872
1974,1974-11-17,,REG,NO,LAR,20,7,False,,fivethirtyeight,13,G000873
1974,1974-11-17,,REG,TEN,CIN,20,3,False,,fivethirtyeight,17,G000874
1974,1974-11-17,,REG,WSH,DAL,28,21,False,,fivethirtyeight,7,G000875
1974,1974-11-17,,REG,OAK,LAC,17,10,False,,fivethirtyeight,7,G000876
1974,1974-11-17,,REG,PHI,ARI,3,13,False,,fivethirtyeight,-10,G000877
1974,1974-11-17,,REG,NE,NYJ,16,21,False,,fivethirtyeight,-5,G000878
1974,1974-11-17,,REG,MIN,GB,7,19,False,,fivethirtyeight,-12,G000879
1974,1974-11-17,,REG,MIA,BUF,35,28,False,,fivethirtyeight,7,G000880
1974,1974-11-17,,REG,DET,NYG,20,19,False,,fivethirtyeight,1,G000881
1974,1974-11-17,,REG,CLE,PIT,16,26,False,,fivethirtyeight,-10,G000882
1974,1974-11-17,,REG,CHI,SF,0,34,False,,fivethirtyeight,-34,G000883
1974,1974-11-17,,REG,ATL,IND,7,17,False,,fivethirtyeight,-10,G000884
1974,1974-11-18,,REG,DEN,KC,34,42,False,,fivethirtyeight,-8,G000885
1974,1974-11-24,,REG,CIN,KC,33,6,False,,fivethirtyeight,27,G000886
1974,1974-11-24,,REG,OAK,DEN,17,20,False,,fivethirtyeight,-3,G000887
1974,1974-11-24,,REG,LAR,MIN,20,17,False,,fivethirtyeight,3,G000888
1974,1974-11-24,,REG,IND,NE,17,27,False,,fivethirtyeight,-10,G000889
1974,1974-11-24,,REG,GB,LAC,34,0,False,,fivethirtyeight,34,G000890
1974,1974-11-24,,REG,DET,CHI,34,17,False,,fivethirtyeight,17,G000891
1974,1974-11-24,,REG,CLE,BUF,10,15,False,,fivethirtyeight,-5,G000892
1974,1974-11-24,,REG,WSH,PHI,26,7,False,,fivethirtyeight,19,G000893
1974,1974-11-24,,REG,SF,ATL,27,0,False,,fivethirtyeight,27,G000894
1974,1974-11-24,,REG,TEN,DAL,0,10,False,,fivethirtyeight,-10,G000895
1974,1974-11-24,,REG,NYJ,MIA,17,14,False,,fivethirtyeight,3,G000896
1974,1974-11-24,,REG,NYG,ARI,21,23,False,,fivethirtyeight,-2,G000897
1974,1974-11-25,,REG,NO,PIT,7,28,False,,fivethirtyeight,-21,G000898
1974,1974-11-28,,REG,DAL,WSH,24,23,False,,fivethirtyeight,1,G000899
1974,1974-11-28,,REG,DET,DEN,27,31,False,,fivethirtyeight,-4,G000900
1974,1974-12-01,,REG,CHI,NYG,16,13,False,,fivethirtyeight,3,G000901
1974,1974-12-01,,REG,NYJ,LAC,27,14,False,,fivethirtyeight,13,G000902
1974,1974-12-01,,REG,OAK,NE,41,26,False,,fivethirtyeight,15,G000903
1974,1974-12-01,,REG,PIT,TEN,10,13,False,,fivethirtyeight,-3,G000904
1974,1974-12-01,,REG,PHI,GB,36,14,False,,fivethirtyeight,22,G000905
1974,1974-12-01,,REG,MIN,NO,29,9,False,,fivethirtyeight,20,G000906
1974,1974-12-01,,REG,ARI,KC,13,17,False,,fivethirtyeight,-4,G000907
1974,1974-12-01,,REG,CLE,SF,7,0,False,,fivethirtyeight,7,G000908
1974,1974-12-01,,REG,BUF,IND,6,0,False,,fivethirtyeight,6,G000909
1974,1974-12-01,,REG,ATL,LAR,7,30,False,,fivethirtyeight,-23,G000910
1974,1974-12-02,,REG,MIA,CIN,24,3,False,,fivethirtyeight,21,G000911
1974,1974-12-07,,REG,DAL,CLE,41,17,False,,fivethirtyeight,24,G000912
1974,1974-12-07,,REG,MIN,ATL,23,10,False,,fivethirtyeight,13,G000913
1974,1974-12-08,,REG,SF,GB,7,6,False,,fivethirtyeight,1,G000914
1974,1974-12-08,,REG,NYJ,BUF,20,10,False,,fivethirtyeight,10,G000915
1974,1974-12-08,,REG,NYG,PHI,7,20,False,,fivethirtyeight,-13,G000916
1974,1974-12-08,,REG,CIN,DET,19,23,False,,fivethirtyeight,-4,G000917
1974,1974-12-08,,REG,LAC,CHI,28,21,False,,fivethirtyeight,7,G000918
1974,1974-12-08,,REG,DEN,TEN,37,14,False,,fivethirtyeight,23,G000919
1974,1974-12-08,,REG,NE,PIT,17,21,False,,fivethirtyeight,-4,G000920
1974,1974-12-08,,REG,NO,ARI,14,0,False,,fivethirtyeight,14,G000921
1974,1974-12-08,,REG,KC,OAK,6,7,False,,fivethirtyeight,-1,G000922
1974,1974-12-08,,REG,IND,MIA,16,17,False,,fivethirtyeight,-1,G000923
1974,1974-12-09,,REG,LAR,WSH,17,23,False,,fivethirtyeight,-6,G000924
1974,1974-12-14,,REG,KC,MIN,15,35,False,,fivethirtyeight,-20,G000925
1974,1974-12-14,,REG,OAK,DAL,27,23,False,,fivethirtyeight,4,G000926
1974,1974-12-14,,REG,PIT,CIN,27,3,False,,fivethirtyeight,24,G000927
1974,1974-12-15,,REG,WSH,CHI,42,0,False,,fivethirtyeight,42,G000928
1974,1974-12-15,,REG,LAC,DEN,17,0,False,,fivethirtyeight,17,G000929
1974,1974-12-15,,REG,ATL,GB,10,3,False,,fivethirtyeight,7,G000930
1974,1974-12-15,,REG,IND,NYJ,38,45,False,,fivethirtyeight,-7,G000931
1974,1974-12-15,,REG,ARI,NYG,26,14,False,,fivethirtyeight,12,G000932
1974,1974-12-15,,REG,MIA,NE,34,27,False,,fivethirtyeight,7,G000933
1974,1974-12-15,,REG,PHI,DET,28,17,False,,fivethirtyeight,11,G000934
1974,1974-12-15,,REG,SF,NO,35,21,False,,fivethirtyeight,14,G000935
1974,1974-12-15,,REG,LAR,BUF,19,14,False,,fivethirtyeight,5,G000936
1974,1974-12-15,,REG,TEN,CLE,28,24,False,,fivethirtyeight,4,G000937
1974,1974-12-21,,PLAYOFF,MIN,ARI,30,14,False,,fivethirtyeight,16,G000938
1974,1974-12-21,,PLAYOFF,OAK,MIA,28,26,False,,fivethirtyeight,2,G000939
1974,1974-12-22,,PLAYOFF,LAR,WSH,19,10,False,,fivethirtyeight,9,G000940
1974,1974-12-22,,PLAYOFF,PIT,BUF,32,14,False,,fivethirtyeight,18,G000941
1974,1974-12-29,,PLAYOFF,MIN,LAR,14,10,False,,fivethirtyeight,4,G000942
1974,1974-12-29,,PLAYOFF,OAK,PIT,13,24,False,,fivethirtyeight,-11,G000943
1974,1975-01-12,,PLAYOFF,PIT,MIN,16,6,True,,fivethirtyeight,10,G000944
1975,1975-09-21,,REG,WSH,NO,41,3,False,,fivethirtyeight,38,G000945
1975,1975-09-21,,REG,DEN,KC,37,33,False,,fivethirtyeight,4,G000946
1975,1975-09-21,,REG,PHI,NYG,14,23,False,,fivethirtyeight,-9,G000947
1975,1975-09-21,,REG,ARI,ATL,23,20,False,,fivethirtyeight,3,G000948
1975,1975-09-21,,REG,CIN,CLE,24,17,False,,fivethirtyeight,7,G000949
1975,1975-09-21,,REG,CHI,IND,7,35,False,,fivethirtyeight,-28,G000950
1975,1975-09-21,,REG,BUF,NYJ,42,14,False,,fivethirtyeight,28,G000951
1975,1975-09-21,,REG,MIN,SF,27,17,False,,fivethirtyeight,10,G000952
1975,1975-09-21,,REG,NE,TEN,0,7,False,,fivethirtyeight,-7,G000953
1975,1975-09-21,,REG,LAC,PIT,0,37,False,,fivethirtyeight,-37,G000954
1975,1975-09-21,,REG,GB,DET,16,30,False,,fivethirtyeight,-14,G000955
1975,1975-09-21,,REG,DAL,LAR,18,7,False,,fivethirtyeight,11,G000956
1975,1975-09-22,,REG,MIA,OAK,21,31,False,,fivethirtyeight,-10,G000957
1975,1975-09-28,,REG,NE,MIA,14,22,False,,fivethirtyeight,-8,G000958
1975,1975-09-28,,REG,WSH,NYG,49,13,False,,fivethirtyeight,36,G000959
1975,1975-09-28,,REG,PIT,BUF,21,30,False,,fivethirtyeight,-9,G000960
1975,1975-09-28,,REG,TEN,LAC,33,17,False,,fivethirtyeight,16,G000961
1975,1975-09-28,,REG,NO,CIN,0,21,False,,fivethirtyeight,-21,G000962
1975,1975-09-28,,REG,KC,NYJ,24,30,False,,fivethirtyeight,-6,G000963
1975,1975-09-28,,REG,DAL,ARI,37,31,False,,fivethirtyeight,6,G000964
1975,1975-09-28,,REG,IND,OAK,20,31,False,,fivethirtyeight,-11,G000965
1975,1975-09-28,,REG,CLE,MIN,10,42,False,,fivethirtyeight,-32,G000966
1975,1975-09-28,,REG,CHI,PHI,15,13,False,,fivethirtyeight,2,G000967
1975,1975-09-28,,REG,ATL,DET,14,17,False,,fivethirtyeight,-3,G000968
1975,1975-09-28,,REG,SF,LAR,14,23,False,,fivethirtyeight,-9,G000969
1975,1975-09-29,,REG,DEN,GB,23,13,False,,fivethirtyeight,10,G000970
1975,1975-10-05,,REG,ARI,NYG,26,14,False,,fivethirtyeight,12,G000971
1975,1975-10-05,,REG,CLE,PIT,6,42,False,,fivethirtyeight,-36,G000972
1975,1975-10-05,,REG,BUF,DEN,38,14,False,,fivethirtyeight,24,G000973
1975,1975-10-05,,REG,ATL,NO,14,7,False,,fivethirtyeight,7,G000974
1975,1975-10-05,,REG,MIN,CHI,28,3,False,,fivethirtyeight,25,G000975
1975,1975-10-05,,REG,LAR,IND,24,13,False,,fivethirtyeight,11,G000976
1975,1975-10-05,,REG,TEN,CIN,19,21,False,,fivethirtyeight,-2,G000977
1975,1975-10-05,,REG,NYJ,NE,36,7,False,,fivethirtyeight,29,G000978
1975,1975-10-05,,REG,PHI,WSH,26,10,False,,fivethirtyeight,16,G000979
1975,1975-10-05,,REG,LAC,OAK,0,6,False,,fivethirtyeight,-6,G000980
1975,1975-10-05,,REG,KC,SF,3,20,False,,fivethirtyeight,-17,G000981
1975,1975-10-05,,REG,GB,MIA,7,31,False,,fivethirtyeight,-24,G000982
1975,1975-10-06,,REG,DET,DAL,10,36,False,,fivethirtyeight,-26,G000983
1975,1975-10-12,,REG,SF,ATL,3,17,False,,fivethirtyeight,-14,G000984
1975,1975-10-12,,REG,NYG,DAL,7,13,False,,fivethirtyeight,-6,G000985
1975,1975-10-12,,REG,NO,GB,20,19,False,,fivethirtyeight,1,G000986
1975,1975-10-12,,REG,LAC,LAR,10,13,False,,fivethirtyeight,-3,G000987
1975,1975-10-12,,REG,PIT,DEN,20,9,False,,fivethirtyeight,11,G000988
1975,1975-10-12,,REG,CIN,NE,27,10,False,,fivethirtyeight,17,G000989
1975,1975-10-12,,REG,CLE,TEN,10,40,False,,fivethirtyeight,-30,G000990
1975,1975-10-12,,REG,IND,BUF,31,38,False,,fivethirtyeight,-7,G000991
1975,1975-10-12,,REG,DET,CHI,27,7,False,,fivethirtyeight,20,G000992
1975,1975-10-12,,REG,KC,OAK,42,10,False,,fivethirtyeight,32,G000993
1975,1975-10-12,,REG,MIA,PHI,24,16,False,,fivethirtyeight,8,G000994
1975,1975-10-12,,REG,MIN,NYJ,29,21,False,,fivethirtyeight,8,G000995
1975,1975-10-13,,REG,WSH,ARI,27,17,False,,fivethirtyeight,10,G000996
1975,1975-10-19,,REG,ARI,PHI,31,20,False,,fivethirtyeight,11,G000997
1975,1975-10-19,,REG,LAR,ATL,22,7,False,,fivethirtyeight,15,G000998
1975,1975-10-19,,REG,PIT,CHI,34,3,False,,fivethirtyeight,31,G000999
1975,1975-10-19,,REG,TEN,WSH,13,10,False,,fivethirtyeight,3,G001000
1975,1975-10-19,,REG,DAL,GB,17,19,False,,fivethirtyeight,-2,G001001
1975,1975-10-19,,REG,CIN,OAK,14,10,False,,fivethirtyeight,4,G001002
1975,1975-10-19,,REG,NYJ,MIA,0,43,False,,fivethirtyeight,-43,G001003
1975,1975-10-19,,REG,SF,NO,35,21,False,,fivethirtyeight,14,G001004
1975,1975-10-19,,REG,NE,IND,21,10,False,,fivethirtyeight,11,G001005
1975,1975-10-19,,REG,MIN,DET,25,19,False,,fivethirtyeight,6,G001006
1975,1975-10-19,,REG,DEN,CLE,16,15,False,,fivethirtyeight,1,G001007
1975,1975-10-19,,REG,LAC,KC,10,12,False,,fivethirtyeight,-2,G001008
1975,1975-10-20,,REG,BUF,NYG,14,17,False,,fivethirtyeight,-3,G001009
1975,1975-10-25,,REG,NYG,ARI,13,20,False,,fivethirtyeight,-7,G001010
1975,1975-10-26,,REG,TEN,DET,24,8,False,,fivethirtyeight,16,G001011
1975,1975-10-26,,REG,NYJ,IND,28,45,False,,fivethirtyeight,-17,G001012
1975,1975-10-26,,REG,LAR,NO,38,14,False,,fivethirtyeight,24,G001013
1975,1975-10-26,,REG,PHI,DAL,17,20,False,,fivethirtyeight,-3,G001014
1975,1975-10-26,,REG,OAK,LAC,25,0,False,,fivethirtyeight,25,G001015
1975,1975-10-26,,REG,NE,SF,24,16,False,,fivethirtyeight,8,G001016
1975,1975-10-26,,REG,ATL,CIN,14,21,False,,fivethirtyeight,-7,G001017
1975,1975-10-26,,REG,BUF,MIA,30,35,False,,fivethirtyeight,-5,G001018
1975,1975-10-26,,REG,CLE,WSH,7,23,False,,fivethirtyeight,-16,G001019
1975,1975-10-26,,REG,KC,DEN,26,13,False,,fivethirtyeight,13,G001020
1975,1975-10-26,,REG,GB,PIT,13,16,False,,fivethirtyeight,-3,G001021
1975,1975-10-27,,REG,CHI,MIN,9,13,False,,fivethirtyeight,-4,G001022
1975,1975-11-01,,REG,NYG,LAC,35,24,False,,fivethirtyeight,11,G001023
1975,1975-11-02,,REG,KC,TEN,13,17,False,,fivethirtyeight,-4,G001024
1975,1975-11-02,,REG,CHI,MIA,13,46,False,,fivethirtyeight,-33,G001025
1975,1975-11-02,,REG,CIN,PIT,24,30,False,,fivethirtyeight,-6,G001026
1975,1975-11-02,,REG,ARI,NE,24,17,False,,fivethirtyeight,7,G001027
1975,1975-11-02,,REG,DEN,OAK,17,42,False,,fivethirtyeight,-25,G001028
1975,1975-11-02,,REG,GB,MIN,17,28,False,,fivethirtyeight,-11,G001029
1975,1975-11-02,,REG,NO,ATL,23,7,False,,fivethirtyeight,16,G001030
1975,1975-11-02,,REG,NYJ,BUF,23,24,False,,fivethirtyeight,-1,G001031
1975,1975-11-02,,REG,SF,DET,17,28,False,,fivethirtyeight,-11,G001032
1975,1975-11-02,,REG,WSH,DAL,30,24,False,,fivethirtyeight,6,G001033
1975,1975-11-02,,REG,IND,CLE,21,7,False,,fivethirtyeight,14,G001034
1975,1975-11-03,,REG,PHI,LAR,3,42,False,,fivethirtyeight,-39,G001035
1975,1975-11-09,,REG,LAC,NE,19,33,False,,fivethirtyeight,-14,G001036
1975,1975-11-09,,REG,LAR,SF,23,24,False,,fivethirtyeight,-1,G001037
1975,1975-11-09,,REG,DEN,CIN,16,17,False,,fivethirtyeight,-1,G001038
1975,1975-11-09,,REG,BUF,IND,35,42,False,,fivethirtyeight,-7,G001039
1975,1975-11-09,,REG,MIA,NYJ,27,7,False,,fivethirtyeight,20,G001040
1975,1975-11-09,,REG,CHI,GB,27,14,False,,fivethirtyeight,13,G001041
1975,1975-11-09,,REG,OAK,NO,48,10,False,,fivethirtyeight,38,G001042
1975,1975-11-09,,REG,PIT,TEN,24,17,False,,fivethirtyeight,7,G001043
1975,1975-11-09,,REG,PHI,ARI,23,24,False,,fivethirtyeight,-1,G001044
1975,1975-11-09,,REG,NYG,WSH,13,21,False,,fivethirtyeight,-8,G001045
1975,1975-11-09,,REG,MIN,ATL,38,0,False,,fivethirtyeight,38,G001046
1975,1975-11-09,,REG,DET,CLE,21,10,False,,fivethirtyeight,11,G001047
1975,1975-11-10,,REG,DAL,KC,31,34,False,,fivethirtyeight,-3,G001048
1975,1975-11-16,,REG,IND,NYJ,52,19,False,,fivethirtyeight,33,G001049
1975,1975-11-16,,REG,NYG,PHI,10,13,False,,fivethirtyeight,-3,G001050
1975,1975-11-16,,REG,TEN,MIA,20,19,False,,fivethirtyeight,1,G001051
1975,1975-11-16,,REG,NE,DAL,31,34,False,,fivethirtyeight,-3,G001052
1975,1975-11-16,,REG,PIT,KC,28,3,False,,fivethirtyeight,25,G001053
1975,1975-11-16,,REG,ATL,LAR,7,16,False,,fivethirtyeight,-9,G001054
1975,1975-11-16,,REG,LAC,DEN,17,27,False,,fivethirtyeight,-10,G001055
1975,1975-11-16,,REG,OAK,CLE,38,17,False,,fivethirtyeight,21,G001056
1975,1975-11-16,,REG,SF,CHI,31,3,False,,fivethirtyeight,28,G001057
1975,1975-11-16,,REG,ARI,WSH,20,17,False,,fivethirtyeight,3,G001058
1975,1975-11-16,,REG,DET,GB,13,10,False,,fivethirtyeight,3,G001059
1975,1975-11-16,,REG,NO,MIN,7,20,False,,fivethirtyeight,-13,G001060
1975,1975-11-17,,REG,CIN,BUF,33,24,False,,fivethirtyeight,9,G001061
1975,1975-11-23,,REG,NYJ,ARI,6,37,False,,fivethirtyeight,-31,G001062
1975,1975-11-23,,REG,LAR,CHI,38,10,False,,fivethirtyeight,28,G001063
1975,1975-11-23,,REG,MIN,LAC,28,13,False,,fivethirtyeight,15,G001064
1975,1975-11-23,,REG,WSH,OAK,23,26,False,,fivethirtyeight,-3,G001065
1975,1975-11-23,,REG,NO,SF,6,16,False,,fivethirtyeight,-10,G001066
1975,1975-11-23,,REG,MIA,IND,17,33,False,,fivethirtyeight,-16,G001067
1975,1975-11-23,,REG,KC,DET,24,21,False,,fivethirtyeight,3,G001068
1975,1975-11-23,,REG,GB,NYG,40,14,False,,fivethirtyeight,26,G001069
1975,1975-11-23,,REG,DAL,PHI,27,17,False,,fivethirtyeight,10,G001070
1975,1975-11-23,,REG,CLE,CIN,35,23,False,,fivethirtyeight,12,G001071
1975,1975-11-23,,REG,BUF,NE,45,31,False,,fivethirtyeight,14,G001072
1975,1975-11-23,,REG,ATL,DEN,35,21,False,,fivethirtyeight,14,G001073
1975,1975-11-24,,REG,TEN,PIT,9,32,False,,fivethirtyeight,-23,G001074
1975,1975-11-27,,REG,DET,LAR,0,20,False,,fivethirtyeight,-20,G001075
1975,1975-11-27,,REG,ARI,BUF,14,32,False,,fivethirtyeight,-18,G001076
1975,1975-11-30,,REG,OAK,ATL,37,34,False,,fivethirtyeight,3,G001077
1975,1975-11-30,,REG,DEN,LAC,13,10,False,,fivethirtyeight,3,G001078
1975,1975-11-30,,REG,DAL,NYG,14,3,False,,fivethirtyeight,11,G001079
1975,1975-11-30,,REG,CLE,NO,17,16,False,,fivethirtyeight,1,G001080
1975,1975-11-30,,REG,CIN,TEN,23,19,False,,fivethirtyeight,4,G001081
1975,1975-11-30,,REG,IND,KC,28,14,False,,fivethirtyeight,14,G001082
1975,1975-11-30,,REG,WSH,MIN,31,30,False,,fivethirtyeight,1,G001083
1975,1975-11-30,,REG,PHI,SF,27,17,False,,fivethirtyeight,10,G001084
1975,1975-11-30,,REG,NYJ,PIT,7,20,False,,fivethirtyeight,-13,G001085
1975,1975-11-30,,REG,GB,CHI,28,7,False,,fivethirtyeight,21,G001086
1975,1975-12-01,,REG,MIA,NE,20,7,False,,fivethirtyeight,13,G001087
1975,1975-12-07,,REG,MIA,BUF,31,21,False,,fivethirtyeight,10,G001088
1975,1975-12-07,,REG,ATL,WSH,27,30,False,,fivethirtyeight,-3,G001089
1975,1975-12-07,,REG,KC,LAC,20,28,False,,fivethirtyeight,-8,G001090
1975,1975-12-07,,REG,PHI,CIN,0,31,False,,fivethirtyeight,-31,G001091
1975,1975-12-07,,REG,ARI,DAL,31,17,False,,fivethirtyeight,14,G001092
1975,1975-12-07,,REG,NO,LAR,7,14,False,,fivethirtyeight,-7,G001093
1975,1975-12-07,,REG,NE,NYJ,28,30,False,,fivethirtyeight,-2,G001094
1975,1975-12-07,,REG,MIN,GB,24,3,False,,fivethirtyeight,21,G001095
1975,1975-12-07,,REG,CHI,DET,25,21,False,,fivethirtyeight,4,G001096
1975,1975-12-07,,REG,SF,TEN,13,27,False,,fivethirtyeight,-14,G001097
1975,1975-12-07,,REG,PIT,CLE,31,17,False,,fivethirtyeight,14,G001098
1975,1975-12-07,,REG,NYG,IND,0,21,False,,fivethirtyeight,-21,G001099
1975,1975-12-08,,REG,OAK,DEN,17,10,False,,fivethirtyeight,7,G001100
1975,1975-12-13,,REG,PIT,CIN,35,14,False,,fivethirtyeight,21,G001101
1975,1975-12-13,,REG,DAL,WSH,31,10,False,,fivethirtyeight,21,G001102
1975,1975-12-14,,REG,DET,MIN,17,10,False,,fivethirtyeight,7,G001103
1975,1975-12-14,,REG,LAR,GB,22,5,False,,fivethirtyeight,17,G001104
1975,1975-12-14,,REG,IND,MIA,10,7,False,,fivethirtyeight,3,G001105
1975,1975-12-14,,REG,OAK,TEN,26,27,False,,fivethirtyeight,-1,G001106
1975,1975-12-14,,REG,NYG,NO,28,14,False,,fivethirtyeight,14,G001107
1975,1975-12-14,,REG,NE,BUF,14,34,False,,fivethirtyeight,-20,G001108
1975,1975-12-14,,REG,DEN,PHI,25,10,False,,fivethirtyeight,15,G001109
1975,1975-12-14,,REG,CLE,KC,40,14,False,,fivethirtyeight,26,G001110
1975,1975-12-14,,REG,CHI,ARI,20,34,False,,fivethirtyeight,-14,G001111
1975,1975-12-14,,REG,ATL,SF,31,9,False,,fivethirtyeight,22,G001112
1975,1975-12-15,,REG,LAC,NYJ,24,16,False,,fivethirtyeight,8,G001113
1975,1975-12-20,,REG,BUF,MIN,13,35,False,,fivethirtyeight,-22,G001114
1975,1975-12-20,,REG,LAR,PIT,10,3,False,,fivethirtyeight,7,G001115
1975,1975-12-20,,REG,MIA,DEN,14,13,False,,fivethirtyeight,1,G001116
1975,1975-12-21,,REG,TEN,CLE,21,10,False,,fivethirtyeight,11,G001117
1975,1975-12-21,,REG,SF,NYG,23,26,False,,fivethirtyeight,-3,G001118
1975,1975-12-21,,REG,CIN,LAC,47,17,False,,fivethirtyeight,30,G001119
1975,1975-12-21,,REG,NYJ,DAL,21,31,False,,fivethirtyeight,-10,G001120
1975,1975-12-21,,REG,NO,CHI,17,42,False,,fivethirtyeight,-25,G001121
1975,1975-12-21,,REG,GB,ATL,22,13,False,,fivethirtyeight,9,G001122
1975,1975-12-21,,REG,DET,ARI,13,24,False,,fivethirtyeight,-11,G001123
1975,1975-12-21,,REG,IND,NE,34,21,False,,fivethirtyeight,13,G001124
1975,1975-12-21,,REG,OAK,KC,28,20,False,,fivethirtyeight,8,G001125
1975,1975-12-21,,REG,WSH,PHI,3,26,False,,fivethirtyeight,-23,G001126
1975,1975-12-27,,PLAYOFF,PIT,IND,28,10,False,,fivethirtyeight,18,G001127
1975,1975-12-27,,PLAYOFF,LAR,ARI,35,23,False,,fivethirtyeight,12,G001128
1975,1975-12-28,,PLAYOFF,MIN,DAL,14,17,False,,fivethirtyeight,-3,G001129
1975,1975-12-28,,PLAYOFF,OAK,CIN,31,28,False,,fivethirtyeight,3,G001130
1975,1976-01-04,,PLAYOFF,PIT,OAK,16,10,False,,fivethirtyeight,6,G001131
1975,1976-01-04,,PLAYOFF,LAR,DAL,7,37,False,,fivethirtyeight,-30,G001132
1975,1976-01-18,,PLAYOFF,PIT,DAL,21,17,True,,fivethirtyeight,4,G001133
1976,1976-09-12,,REG,GB,SF,14,26,False,,fivethirtyeight,-12,G001134
1976,1976-09-12,,REG,KC,LAC,16,30,False,,fivethirtyeight,-14,G001135
1976,1976-09-12,,REG,NE,IND,13,27,False,,fivethirtyeight,-14,G001136
1976,1976-09-12,,REG,WSH,NYG,19,17,False,,fivethirtyeight,2,G001137
1976,1976-09-12,,REG,SEA,ARI,24,30,False,,fivethirtyeight,-6,G001138
1976,1976-09-12,,REG,OAK,PIT,31,28,False,,fivethirtyeight,3,G001139
1976,1976-09-12,,REG,NO,MIN,9,40,False,,fivethirtyeight,-31,G001140
1976,1976-09-12,,REG,CHI,DET,10,3,False,,fivethirtyeight,7,G001141
1976,1976-09-12,,REG,ATL,LAR,14,30,False,,fivethirtyeight,-16,G001142
1976,1976-09-12,,REG,DAL,PHI,27,7,False,,fivethirtyeight,20,G001143
1976,1976-09-12,,REG,CLE,NYJ,38,17,False,,fivethirtyeight,21,G001144
1976,1976-09-12,,REG,CIN,DEN,17,7,False,,fivethirtyeight,10,G001145
1976,1976-09-12,,REG,TEN,TB,20,0,False,,fivethirtyeight,20,G001146
1976,1976-09-13,,REG,BUF,MIA,21,30,False,,fivethirtyeight,-9,G001147
1976,1976-09-19,,REG,NO,DAL,6,24,False,,fivethirtyeight,-18,G001148
1976,1976-09-19,,REG,MIN,LAR,10,10,False,,fivethirtyeight,0,G001149
1976,1976-09-19,,REG,PHI,NYG,20,7,False,,fivethirtyeight,13,G001150
1976,1976-09-19,,REG,TB,LAC,0,23,False,,fivethirtyeight,-23,G001151
1976,1976-09-19,,REG,WSH,SEA,31,7,False,,fivethirtyeight,24,G001152
1976,1976-09-19,,REG,SF,CHI,12,19,False,,fivethirtyeight,-7,G001153
1976,1976-09-19,,REG,PIT,CLE,31,14,False,,fivethirtyeight,17,G001154
1976,1976-09-19,,REG,NE,MIA,30,14,False,,fivethirtyeight,16,G001155
1976,1976-09-19,,REG,DET,ATL,24,10,False,,fivethirtyeight,14,G001156
1976,1976-09-19,,REG,DEN,NYJ,46,3,False,,fivethirtyeight,43,G001157
1976,1976-09-19,,REG,ARI,GB,29,0,False,,fivethirtyeight,29,G001158
1976,1976-09-19,,REG,IND,CIN,28,27,False,,fivethirtyeight,1,G001159
1976,1976-09-19,,REG,BUF,TEN,3,13,False,,fivethirtyeight,-10,G001160
1976,1976-09-20,,REG,KC,OAK,21,24,False,,fivethirtyeight,-3,G001161
1976,1976-09-26,,REG,CHI,ATL,0,10,False,,fivethirtyeight,-10,G001162
1976,1976-09-26,,REG,DET,MIN,9,10,False,,fivethirtyeight,-1,G001163
1976,1976-09-26,,REG,LAC,ARI,43,24,False,,fivethirtyeight,19,G001164
1976,1976-09-26,,REG,PIT,NE,27,30,False,,fivethirtyeight,-3,G001165
1976,1976-09-26,,REG,KC,NO,17,27,False,,fivethirtyeight,-10,G001166
1976,1976-09-26,,REG,MIA,NYJ,16,0,False,,fivethirtyeight,16,G001167
1976,1976-09-26,,REG,TB,BUF,9,14,False,,fivethirtyeight,-5,G001168
1976,1976-09-26,,REG,SEA,SF,21,37,False,,fivethirtyeight,-16,G001169
1976,1976-09-26,,REG,LAR,NYG,24,10,False,,fivethirtyeight,14,G001170
1976,1976-09-26,,REG,TEN,OAK,13,14,False,,fivethirtyeight,-1,G001171
1976,1976-09-26,,REG,DAL,IND,30,27,False,,fivethirtyeight,3,G001172
1976,1976-09-26,,REG,CIN,GB,28,7,False,,fivethirtyeight,21,G001173
1976,1976-09-26,,REG,DEN,CLE,44,13,False,,fivethirtyeight,31,G001174
1976,1976-09-27,,REG,PHI,WSH,17,20,False,,fivethirtyeight,-3,G001175
1976,1976-10-03,,REG,GB,DET,24,14,False,,fivethirtyeight,10,G001176
1976,1976-10-03,,REG,DEN,LAC,26,0,False,,fivethirtyeight,26,G001177
1976,1976-10-03,,REG,SF,NYJ,17,6,False,,fivethirtyeight,11,G001178
1976,1976-10-03,,REG,SEA,DAL,13,28,False,,fivethirtyeight,-15,G001179
1976,1976-10-03,,REG,NE,OAK,48,17,False,,fivethirtyeight,31,G001180
1976,1976-10-03,,REG,NO,TEN,26,31,False,,fivethirtyeight,-5,G001181
1976,1976-10-03,,REG,ARI,NYG,27,21,False,,fivethirtyeight,6,G001182
1976,1976-10-03,,REG,MIA,LAR,28,31,False,,fivethirtyeight,-3,G001183
1976,1976-10-03,,REG,IND,TB,42,17,False,,fivethirtyeight,25,G001184
1976,1976-10-03,,REG,CHI,WSH,33,7,False,,fivethirtyeight,26,G001185
1976,1976-10-03,,REG,CLE,CIN,24,45,False,,fivethirtyeight,-21,G001186
1976,1976-10-03,,REG,BUF,KC,50,17,False,,fivethirtyeight,33,G001187
1976,1976-10-03,,REG,ATL,PHI,13,14,False,,fivethirtyeight,-1,G001188
1976,1976-10-04,,REG,MIN,PIT,17,6,False,,fivethirtyeight,11,G001189
1976,1976-10-10,,REG,WSH,KC,30,33,False,,fivethirtyeight,-3,G001190
1976,1976-10-10,,REG,DET,NE,30,10,False,,fivethirtyeight,20,G001191
1976,1976-10-10,,REG,ARI,PHI,33,14,False,,fivethirtyeight,19,G001192
1976,1976-10-10,,REG,IND,MIA,28,14,False,,fivethirtyeight,14,G001193
1976,1976-10-10,,REG,TEN,DEN,17,3,False,,fivethirtyeight,14,G001194
1976,1976-10-10,,REG,NYJ,BUF,17,14,False,,fivethirtyeight,3,G001195
1976,1976-10-10,,REG,NYG,DAL,14,24,False,,fivethirtyeight,-10,G001196
1976,1976-10-10,,REG,CLE,PIT,18,16,False,,fivethirtyeight,2,G001197
1976,1976-10-10,,REG,CIN,TB,21,0,False,,fivethirtyeight,21,G001198
1976,1976-10-10,,REG,LAC,OAK,17,27,False,,fivethirtyeight,-10,G001199
1976,1976-10-10,,REG,NO,ATL,30,0,False,,fivethirtyeight,30,G001200
1976,1976-10-10,,REG,MIN,CHI,20,19,False,,fivethirtyeight,1,G001201
1976,1976-10-10,,REG,GB,SEA,27,20,False,,fivethirtyeight,7,G001202
1976,1976-10-11,,REG,LAR,SF,0,16,False,,fivethirtyeight,-16,G001203
1976,1976-10-17,,REG,LAC,TEN,30,27,False,,fivethirtyeight,3,G001204
1976,1976-10-17,,REG,ATL,CLE,17,20,False,,fivethirtyeight,-3,G001205
1976,1976-10-17,,REG,BUF,IND,13,31,False,,fivethirtyeight,-18,G001206
1976,1976-10-17,,REG,ARI,DAL,21,17,False,,fivethirtyeight,4,G001207
1976,1976-10-17,,REG,PIT,CIN,23,6,False,,fivethirtyeight,17,G001208
1976,1976-10-17,,REG,DEN,OAK,10,17,False,,fivethirtyeight,-7,G001209
1976,1976-10-17,,REG,GB,PHI,28,13,False,,fivethirtyeight,15,G001210
1976,1976-10-17,,REG,MIA,KC,17,20,False,,fivethirtyeight,-3,G001211
1976,1976-10-17,,REG,MIN,NYG,24,7,False,,fivethirtyeight,17,G001212
1976,1976-10-17,,REG,LAR,CHI,20,12,False,,fivethirtyeight,8,G001213
1976,1976-10-17,,REG,SF,NO,33,3,False,,fivethirtyeight,30,G001214
1976,1976-10-17,,REG,TB,SEA,10,13,False,,fivethirtyeight,-3,G001215
1976,1976-10-17,,REG,WSH,DET,20,7,False,,fivethirtyeight,13,G001216
1976,1976-10-18,,REG,NE,NYJ,41,7,False,,fivethirtyeight,34,G001217
1976,1976-10-23,,REG,SF,ATL,15,0,False,,fivethirtyeight,15,G001218
1976,1976-10-24,,REG,BUF,NE,22,26,False,,fivethirtyeight,-4,G001219
1976,1976-10-24,,REG,KC,DEN,26,35,False,,fivethirtyeight,-9,G001220
1976,1976-10-24,,REG,DAL,CHI,31,21,False,,fivethirtyeight,10,G001221
1976,1976-10-24,,REG,NYG,PIT,0,27,False,,fivethirtyeight,-27,G001222
1976,1976-10-24,,REG,TB,MIA,20,23,False,,fivethirtyeight,-3,G001223
1976,1976-10-24,,REG,OAK,GB,18,14,False,,fivethirtyeight,4,G001224
1976,1976-10-24,,REG,PHI,MIN,12,31,False,,fivethirtyeight,-19,G001225
1976,1976-10-24,,REG,NYJ,IND,0,20,False,,fivethirtyeight,-20,G001226
1976,1976-10-24,,REG,TEN,CIN,7,27,False,,fivethirtyeight,-20,G001227
1976,1976-10-24,,REG,CLE,LAC,21,17,False,,fivethirtyeight,4,G001228
1976,1976-10-24,,REG,NO,LAR,10,16,False,,fivethirtyeight,-6,G001229
1976,1976-10-24,,REG,SEA,DET,14,41,False,,fivethirtyeight,-27,G001230
1976,1976-10-25,,REG,WSH,ARI,20,10,False,,fivethirtyeight,10,G001231
1976,1976-10-31,,REG,OAK,DEN,19,6,False,,fivethirtyeight,13,G001232
1976,1976-10-31,,REG,PIT,LAC,23,0,False,,fivethirtyeight,23,G001233
1976,1976-10-31,,REG,WSH,DAL,7,20,False,,fivethirtyeight,-13,G001234
1976,1976-10-31,,REG,TB,KC,19,28,False,,fivethirtyeight,-9,G001235
1976,1976-10-31,,REG,NYG,PHI,0,10,False,,fivethirtyeight,-10,G001236
1976,1976-10-31,,REG,ATL,NO,23,20,False,,fivethirtyeight,3,G001237
1976,1976-10-31,,REG,BUF,NYJ,14,19,False,,fivethirtyeight,-5,G001238
1976,1976-10-31,,REG,CHI,MIN,14,13,False,,fivethirtyeight,1,G001239
1976,1976-10-31,,REG,CIN,CLE,21,6,False,,fivethirtyeight,15,G001240
1976,1976-10-31,,REG,ARI,SF,23,20,False,,fivethirtyeight,3,G001241
1976,1976-10-31,,REG,DET,GB,27,6,False,,fivethirtyeight,21,G001242
1976,1976-10-31,,REG,MIA,NE,10,3,False,,fivethirtyeight,7,G001243
1976,1976-10-31,,REG,LAR,SEA,45,6,False,,fivethirtyeight,39,G001244
1976,1976-11-01,,REG,IND,TEN,38,14,False,,fivethirtyeight,24,G001245
1976,1976-11-07,,REG,SF,WSH,21,24,False,,fivethirtyeight,-3,G001246
1976,1976-11-07,,REG,SEA,ATL,30,13,False,,fivethirtyeight,17,G001247
1976,1976-11-07,,REG,CHI,OAK,27,28,False,,fivethirtyeight,-1,G001248
1976,1976-11-07,,REG,PHI,ARI,14,17,False,,fivethirtyeight,-3,G001249
1976,1976-11-07,,REG,TEN,CLE,7,21,False,,fivethirtyeight,-14,G001250
1976,1976-11-07,,REG,NYJ,MIA,7,27,False,,fivethirtyeight,-20,G001251
1976,1976-11-07,,REG,NE,BUF,20,10,False,,fivethirtyeight,10,G001252
1976,1976-11-07,,REG,MIN,DET,31,23,False,,fivethirtyeight,8,G001253
1976,1976-11-07,,REG,KC,PIT,0,45,False,,fivethirtyeight,-45,G001254
1976,1976-11-07,,REG,GB,NO,32,27,False,,fivethirtyeight,5,G001255
1976,1976-11-07,,REG,DEN,TB,48,13,False,,fivethirtyeight,35,G001256
1976,1976-11-07,,REG,DAL,NYG,9,3,False,,fivethirtyeight,6,G001257
1976,1976-11-07,,REG,LAC,IND,21,37,False,,fivethirtyeight,-16,G001258
1976,1976-11-08,,REG,CIN,LAR,20,12,False,,fivethirtyeight,8,G001259
1976,1976-11-14,,REG,NYG,WSH,12,9,False,,fivethirtyeight,3,G001260
1976,1976-11-14,,REG,NO,DET,17,16,False,,fivethirtyeight,1,G001261
1976,1976-11-14,,REG,MIN,SEA,27,21,False,,fivethirtyeight,6,G001262
1976,1976-11-14,,REG,IND,NE,14,21,False,,fivethirtyeight,-7,G001263
1976,1976-11-14,,REG,PIT,MIA,14,3,False,,fivethirtyeight,11,G001264
1976,1976-11-14,,REG,OAK,KC,21,10,False,,fivethirtyeight,11,G001265
1976,1976-11-14,,REG,CIN,TEN,31,27,False,,fivethirtyeight,4,G001266
1976,1976-11-14,,REG,LAC,DEN,0,17,False,,fivethirtyeight,-17,G001267
1976,1976-11-14,,REG,LAR,ARI,28,30,False,,fivethirtyeight,-2,G001268
1976,1976-11-14,,REG,CLE,PHI,24,3,False,,fivethirtyeight,21,G001269
1976,1976-11-14,,REG,CHI,GB,24,13,False,,fivethirtyeight,11,G001270
1976,1976-11-14,,REG,ATL,SF,21,16,False,,fivethirtyeight,5,G001271
1976,1976-11-14,,REG,NYJ,TB,34,0,False,,fivethirtyeight,34,G001272
1976,1976-11-15,,REG,DAL,BUF,17,10,False,,fivethirtyeight,7,G001273
1976,1976-11-21,,REG,KC,CIN,24,27,False,,fivethirtyeight,-3,G001274
1976,1976-11-21,,REG,BUF,LAC,13,34,False,,fivethirtyeight,-21,G001275
1976,1976-11-21,,REG,TB,CLE,7,24,False,,fivethirtyeight,-17,G001276
1976,1976-11-21,,REG,SEA,NO,27,51,False,,fivethirtyeight,-24,G001277
1976,1976-11-21,,REG,PIT,TEN,32,16,False,,fivethirtyeight,16,G001278
1976,1976-11-21,,REG,PHI,OAK,7,26,False,,fivethirtyeight,-19,G001279
1976,1976-11-21,,REG,NYJ,NE,24,38,False,,fivethirtyeight,-14,G001280
1976,1976-11-21,,REG,GB,MIN,10,17,False,,fivethirtyeight,-7,G001281
1976,1976-11-21,,REG,DET,CHI,14,10,False,,fivethirtyeight,4,G001282
1976,1976-11-21,,REG,DEN,NYG,14,13,False,,fivethirtyeight,1,G001283
1976,1976-11-21,,REG,ARI,WSH,10,16,False,,fivethirtyeight,-6,G001284
1976,1976-11-21,,REG,ATL,DAL,17,10,False,,fivethirtyeight,7,G001285
1976,1976-11-21,,REG,SF,LAR,3,23,False,,fivethirtyeight,-20,G001286
1976,1976-11-22,,REG,MIA,IND,16,17,False,,fivethirtyeight,-1,G001287
1976,1976-11-25,,REG,DET,BUF,27,14,False,,fivethirtyeight,13,G001288
1976,1976-11-25,,REG,DAL,ARI,19,14,False,,fivethirtyeight,5,G001289
1976,1976-11-28,,REG,OAK,TB,49,16,False,,fivethirtyeight,33,G001290
1976,1976-11-28,,REG,LAC,KC,20,23,False,,fivethirtyeight,-3,G001291
1976,1976-11-28,,REG,CIN,PIT,3,7,False,,fivethirtyeight,-4,G001292
1976,1976-11-28,,REG,CLE,MIA,17,13,False,,fivethirtyeight,4,G001293
1976,1976-11-28,,REG,IND,NYJ,33,16,False,,fivethirtyeight,17,G001294
1976,1976-11-28,,REG,GB,CHI,10,16,False,,fivethirtyeight,-6,G001295
1976,1976-11-28,,REG,NE,DEN,38,14,False,,fivethirtyeight,24,G001296
1976,1976-11-28,,REG,NYG,SEA,28,16,False,,fivethirtyeight,12,G001297
1976,1976-11-28,,REG,TEN,ATL,20,14,False,,fivethirtyeight,6,G001298
1976,1976-11-28,,REG,WSH,PHI,24,0,False,,fivethirtyeight,24,G001299
1976,1976-11-28,,REG,LAR,NO,33,14,False,,fivethirtyeight,19,G001300
1976,1976-11-29,,REG,SF,MIN,20,16,False,,fivethirtyeight,4,G001301
1976,1976-12-04,,REG,ARI,IND,24,17,False,,fivethirtyeight,7,G001302
1976,1976-12-04,,REG,LAR,ATL,59,0,False,,fivethirtyeight,59,G001303
1976,1976-12-05,,REG,NYJ,WSH,16,37,False,,fivethirtyeight,-21,G001304
1976,1976-12-05,,REG,NYG,DET,24,10,False,,fivethirtyeight,14,G001305
1976,1976-12-05,,REG,NE,NO,27,6,False,,fivethirtyeight,21,G001306
1976,1976-12-05,,REG,MIN,GB,20,9,False,,fivethirtyeight,11,G001307
1976,1976-12-05,,REG,DEN,KC,17,16,False,,fivethirtyeight,1,G001308
1976,1976-12-05,,REG,CLE,TEN,13,10,False,,fivethirtyeight,3,G001309
1976,1976-12-05,,REG,SEA,CHI,7,34,False,,fivethirtyeight,-27,G001310
1976,1976-12-05,,REG,PHI,DAL,7,26,False,,fivethirtyeight,-19,G001311
1976,1976-12-05,,REG,LAC,SF,13,7,False,,fivethirtyeight,6,G001312
1976,1976-12-05,,REG,PIT,TB,42,0,False,,fivethirtyeight,42,G001313
1976,1976-12-05,,REG,MIA,BUF,45,27,False,,fivethirtyeight,18,G001314
1976,1976-12-06,,REG,OAK,CIN,35,20,False,,fivethirtyeight,15,G001315
1976,1976-12-11,,REG,TEN,PIT,0,21,False,,fivethirtyeight,-21,G001316
1976,1976-12-11,,REG,MIA,MIN,7,29,False,,fivethirtyeight,-22,G001317
1976,1976-12-11,,REG,DET,LAR,17,20,False,,fivethirtyeight,-3,G001318
1976,1976-12-12,,REG,IND,BUF,58,20,False,,fivethirtyeight,38,G001319
1976,1976-12-12,,REG,DAL,WSH,14,27,False,,fivethirtyeight,-13,G001320
1976,1976-12-12,,REG,KC,CLE,39,14,False,,fivethirtyeight,25,G001321
1976,1976-12-12,,REG,NO,SF,7,27,False,,fivethirtyeight,-20,G001322
1976,1976-12-12,,REG,ATL,GB,20,24,False,,fivethirtyeight,-4,G001323
1976,1976-12-12,,REG,CHI,DEN,14,28,False,,fivethirtyeight,-14,G001324
1976,1976-12-12,,REG,PHI,SEA,27,10,False,,fivethirtyeight,17,G001325
1976,1976-12-12,,REG,OAK,LAC,24,0,False,,fivethirtyeight,24,G001326
1976,1976-12-12,,REG,NYG,ARI,14,17,False,,fivethirtyeight,-3,G001327
1976,1976-12-12,,REG,NYJ,CIN,3,42,False,,fivethirtyeight,-39,G001328
1976,1976-12-12,,REG,TB,NE,14,31,False,,fivethirtyeight,-17,G001329
1976,1976-12-18,,PLAYOFF,MIN,WSH,35,20,False,,fivethirtyeight,15,G001330
1976,1976-12-18,,PLAYOFF,OAK,NE,24,21,False,,fivethirtyeight,3,G001331
1976,1976-12-19,,PLAYOFF,IND,PIT,14,40,False,,fivethirtyeight,-26,G001332
1976,1976-12-19,,PLAYOFF,DAL,LAR,12,14,False,,fivethirtyeight,-2,G001333
1976,1976-12-26,,PLAYOFF,MIN,LAR,24,13,False,,fivethirtyeight,11,G001334
1976,1976-12-26,,PLAYOFF,OAK,PIT,24,7,False,,fivethirtyeight,17,G001335
1976,1977-01-09,,PLAYOFF,OAK,MIN,32,14,True,,fivethirtyeight,18,G001336
1977,1977-09-18,,REG,OAK,LAC,24,0,False,,fivethirtyeight,24,G001337
1977,1977-09-18,,REG,ATL,LAR,17,6,False,,fivethirtyeight,11,G001338
1977,1977-09-18,,REG,CHI,DET,30,20,False,,fivethirtyeight,10,G001339
1977,1977-09-18,,REG,SEA,IND,14,29,False,,fivethirtyeight,-15,G001340
1977,1977-09-18,,REG,PHI,TB,13,3,False,,fivethirtyeight,10,G001341
1977,1977-09-18,,REG,TEN,NYJ,20,0,False,,fivethirtyeight,20,G001342
1977,1977-09-18,,REG,NYG,WSH,20,17,False,,fivethirtyeight,3,G001343
1977,1977-09-18,,REG,NE,KC,21,17,False,,fivethirtyeight,4,G001344
1977,1977-09-18,,REG,NO,GB,20,24,False,,fivethirtyeight,-4,G001345
1977,1977-09-18,,REG,MIN,DAL,10,16,False,,fivethirtyeight,-6,G001346
1977,1977-09-18,,REG,DEN,ARI,7,0,False,,fivethirtyeight,7,G001347
1977,1977-09-18,,REG,CIN,CLE,3,13,False,,fivethirtyeight,-10,G001348
1977,1977-09-18,,REG,BUF,MIA,0,13,False,,fivethirtyeight,-13,G001349
1977,1977-09-19,,REG,PIT,SF,27,0,False,,fivethirtyeight,27,G001350
1977,1977-09-24,,REG,TB,MIN,3,9,False,,fivethirtyeight,-6,G001351
1977,1977-09-25,,REG,DEN,BUF,26,6,False,,fivethirtyeight,20,G001352
1977,1977-09-25,,REG,DET,NO,23,19,False,,fivethirtyeight,4,G001353
1977,1977-09-25,,REG,NYJ,IND,12,20,False,,fivethirtyeight,-8,G001354
1977,1977-09-25,,REG,PIT,OAK,7,16,False,,fivethirtyeight,-9,G001355
1977,1977-09-25,,REG,SF,MIA,15,19,False,,fivethirtyeight,-4,G001356
1977,1977-09-25,,REG,WSH,ATL,10,6,False,,fivethirtyeight,4,G001357
1977,1977-09-25,,REG,DAL,NYG,41,21,False,,fivethirtyeight,20,G001358
1977,1977-09-25,,REG,ARI,CHI,16,13,False,,fivethirtyeight,3,G001359
1977,1977-09-25,,REG,LAR,PHI,20,0,False,,fivethirtyeight,20,G001360
1977,1977-09-25,,REG,CIN,SEA,42,20,False,,fivethirtyeight,22,G001361
1977,1977-09-25,,REG,GB,TEN,10,16,False,,fivethirtyeight,-6,G001362
1977,1977-09-25,,REG,KC,LAC,7,23,False,,fivethirtyeight,-16,G001363
1977,1977-09-26,,REG,CLE,NE,30,27,False,,fivethirtyeight,3,G001364
1977,1977-10-02,,REG,NYJ,NE,30,27,False,,fivethirtyeight,3,G001365
1977,1977-10-02,,REG,LAR,SF,34,14,False,,fivethirtyeight,20,G001366
1977,1977-10-02,,REG,MIN,GB,19,7,False,,fivethirtyeight,12,G001367
1977,1977-10-02,,REG,MIA,TEN,27,7,False,,fivethirtyeight,20,G001368
1977,1977-10-02,,REG,DET,PHI,17,13,False,,fivethirtyeight,4,G001369
1977,1977-10-02,,REG,CHI,NO,24,42,False,,fivethirtyeight,-18,G001370
1977,1977-10-02,,REG,ATL,NYG,17,3,False,,fivethirtyeight,14,G001371
1977,1977-10-02,,REG,DAL,TB,23,7,False,,fivethirtyeight,16,G001372
1977,1977-10-02,,REG,LAC,CIN,24,3,False,,fivethirtyeight,21,G001373
1977,1977-10-02,,REG,CLE,PIT,14,28,False,,fivethirtyeight,-14,G001374
1977,1977-10-02,,REG,IND,BUF,17,14,False,,fivethirtyeight,3,G001375
1977,1977-10-02,,REG,SEA,DEN,13,24,False,,fivethirtyeight,-11,G001376
1977,1977-10-02,,REG,WSH,ARI,24,14,False,,fivethirtyeight,10,G001377
1977,1977-10-03,,REG,KC,OAK,28,37,False,,fivethirtyeight,-9,G001378
1977,1977-10-09,,REG,SF,ATL,0,7,False,,fivethirtyeight,-7,G001379
1977,1977-10-09,,REG,BUF,NYJ,19,24,False,,fivethirtyeight,-5,G001380
1977,1977-10-09,,REG,CLE,OAK,10,26,False,,fivethirtyeight,-16,G001381
1977,1977-10-09,,REG,IND,MIA,45,28,False,,fivethirtyeight,17,G001382
1977,1977-10-09,,REG,ARI,DAL,24,30,False,,fivethirtyeight,-6,G001383
1977,1977-10-09,,REG,DEN,KC,23,7,False,,fivethirtyeight,16,G001384
1977,1977-10-09,,REG,GB,CIN,7,17,False,,fivethirtyeight,-10,G001385
1977,1977-10-09,,REG,MIN,DET,14,7,False,,fivethirtyeight,7,G001386
1977,1977-10-09,,REG,NE,SEA,31,0,False,,fivethirtyeight,31,G001387
1977,1977-10-09,,REG,NYG,PHI,10,28,False,,fivethirtyeight,-18,G001388
1977,1977-10-09,,REG,TEN,PIT,27,10,False,,fivethirtyeight,17,G001389
1977,1977-10-09,,REG,NO,LAC,0,14,False,,fivethirtyeight,-14,G001390
1977,1977-10-09,,REG,TB,WSH,0,10,False,,fivethirtyeight,-10,G001391
1977,1977-10-10,,REG,CHI,LAR,24,23,False,,fivethirtyeight,1,G001392
1977,1977-10-16,,REG,BUF,ATL,3,0,False,,fivethirtyeight,3,G001393
1977,1977-10-16,,REG,TEN,CLE,23,24,False,,fivethirtyeight,-1,G001394
1977,1977-10-16,,REG,LAR,NO,14,7,False,,fivethirtyeight,7,G001395
1977,1977-10-16,,REG,MIN,CHI,22,16,False,,fivethirtyeight,6,G001396
1977,1977-10-16,,REG,MIA,NYJ,21,17,False,,fivethirtyeight,4,G001397
1977,1977-10-16,,REG,KC,IND,6,17,False,,fivethirtyeight,-11,G001398
1977,1977-10-16,,REG,DET,GB,10,6,False,,fivethirtyeight,4,G001399
1977,1977-10-16,,REG,SEA,TB,30,23,False,,fivethirtyeight,7,G001400
1977,1977-10-16,,REG,LAC,NE,20,24,False,,fivethirtyeight,-4,G001401
1977,1977-10-16,,REG,DAL,WSH,34,16,False,,fivethirtyeight,18,G001402
1977,1977-10-16,,REG,OAK,DEN,7,30,False,,fivethirtyeight,-23,G001403
1977,1977-10-16,,REG,NYG,SF,20,17,False,,fivethirtyeight,3,G001404
1977,1977-10-16,,REG,PHI,ARI,17,21,False,,fivethirtyeight,-4,G001405
1977,1977-10-17,,REG,PIT,CIN,20,14,False,,fivethirtyeight,6,G001406
1977,1977-10-23,,REG,NYJ,OAK,27,28,False,,fivethirtyeight,-1,G001407
1977,1977-10-23,,REG,PIT,TEN,27,10,False,,fivethirtyeight,17,G001408
1977,1977-10-23,,REG,MIA,SEA,31,13,False,,fivethirtyeight,18,G001409
1977,1977-10-23,,REG,WSH,NYG,6,17,False,,fivethirtyeight,-11,G001410
1977,1977-10-23,,REG,LAC,KC,16,21,False,,fivethirtyeight,-5,G001411
1977,1977-10-23,,REG,BUF,CLE,16,27,False,,fivethirtyeight,-11,G001412
1977,1977-10-23,,REG,CHI,ATL,10,16,False,,fivethirtyeight,-6,G001413
1977,1977-10-23,,REG,SF,DET,28,7,False,,fivethirtyeight,21,G001414
1977,1977-10-23,,REG,TB,GB,0,13,False,,fivethirtyeight,-13,G001415
1977,1977-10-23,,REG,CIN,DEN,13,24,False,,fivethirtyeight,-11,G001416
1977,1977-10-23,,REG,ARI,NO,49,31,False,,fivethirtyeight,18,G001417
1977,1977-10-23,,REG,PHI,DAL,10,16,False,,fivethirtyeight,-6,G001418
1977,1977-10-23,,REG,NE,IND,17,3,False,,fivethirtyeight,14,G001419
1977,1977-10-24,,REG,LAR,MIN,35,3,False,,fivethirtyeight,32,G001420
1977,1977-10-30,,REG,WSH,PHI,23,17,False,,fivethirtyeight,6,G001421
1977,1977-10-30,,REG,MIA,LAC,13,14,False,,fivethirtyeight,-1,G001422
1977,1977-10-30,,REG,SF,TB,20,10,False,,fivethirtyeight,10,G001423
1977,1977-10-30,,REG,SEA,BUF,56,17,False,,fivethirtyeight,39,G001424
1977,1977-10-30,,REG,NE,NYJ,24,13,False,,fivethirtyeight,11,G001425
1977,1977-10-30,,REG,GB,CHI,0,26,False,,fivethirtyeight,-26,G001426
1977,1977-10-30,,REG,DEN,OAK,14,24,False,,fivethirtyeight,-10,G001427
1977,1977-10-30,,REG,DAL,DET,37,0,False,,fivethirtyeight,37,G001428
1977,1977-10-30,,REG,IND,PIT,31,21,False,,fivethirtyeight,10,G001429
1977,1977-10-30,,REG,CLE,KC,44,7,False,,fivethirtyeight,37,G001430
1977,1977-10-30,,REG,CIN,TEN,13,10,False,,fivethirtyeight,3,G001431
1977,1977-10-30,,REG,ATL,MIN,7,14,False,,fivethirtyeight,-7,G001432
1977,1977-10-30,,REG,NO,LAR,27,26,False,,fivethirtyeight,1,G001433
1977,1977-10-31,,REG,ARI,NYG,28,0,False,,fivethirtyeight,28,G001434
1977,1977-11-06,,REG,PHI,NO,28,7,False,,fivethirtyeight,21,G001435
1977,1977-11-06,,REG,NE,BUF,14,24,False,,fivethirtyeight,-10,G001436
1977,1977-11-06,,REG,DET,LAC,20,0,False,,fivethirtyeight,20,G001437
1977,1977-11-06,,REG,OAK,SEA,44,7,False,,fivethirtyeight,37,G001438
1977,1977-11-06,,REG,CLE,CIN,7,10,False,,fivethirtyeight,-3,G001439
1977,1977-11-06,,REG,MIN,ARI,7,27,False,,fivethirtyeight,-20,G001440
1977,1977-11-06,,REG,KC,GB,20,10,False,,fivethirtyeight,10,G001441
1977,1977-11-06,,REG,DEN,PIT,21,7,False,,fivethirtyeight,14,G001442
1977,1977-11-06,,REG,LAR,TB,31,0,False,,fivethirtyeight,31,G001443
1977,1977-11-06,,REG,NYJ,MIA,10,14,False,,fivethirtyeight,-4,G001444
1977,1977-11-06,,REG,NYG,DAL,10,24,False,,fivethirtyeight,-14,G001445
1977,1977-11-06,,REG,TEN,CHI,47,0,False,,fivethirtyeight,47,G001446
1977,1977-11-06,,REG,ATL,SF,3,10,False,,fivethirtyeight,-7,G001447
1977,1977-11-07,,REG,IND,WSH,10,3,False,,fivethirtyeight,7,G001448
1977,1977-11-13,,REG,ATL,DET,17,6,False,,fivethirtyeight,11,G001449
1977,1977-11-13,,REG,GB,LAR,6,24,False,,fivethirtyeight,-18,G001450
1977,1977-11-13,,REG,LAC,DEN,14,17,False,,fivethirtyeight,-3,G001451
1977,1977-11-13,,REG,NYJ,SEA,0,17,False,,fivethirtyeight,-17,G001452
1977,1977-11-13,,REG,TB,NYG,0,10,False,,fivethirtyeight,-10,G001453
1977,1977-11-13,,REG,OAK,TEN,34,29,False,,fivethirtyeight,5,G001454
1977,1977-11-13,,REG,PIT,CLE,35,31,False,,fivethirtyeight,4,G001455
1977,1977-11-13,,REG,PHI,WSH,14,17,False,,fivethirtyeight,-3,G001456
1977,1977-11-13,,REG,NO,SF,7,10,False,,fivethirtyeight,-3,G001457
1977,1977-11-13,,REG,MIN,CIN,42,10,False,,fivethirtyeight,32,G001458
1977,1977-11-13,,REG,MIA,NE,17,5,False,,fivethirtyeight,12,G001459
1977,1977-11-13,,REG,CHI,KC,28,27,False,,fivethirtyeight,1,G001460
1977,1977-11-13,,REG,BUF,IND,13,31,False,,fivethirtyeight,-18,G001461
1977,1977-11-14,,REG,DAL,ARI,17,24,False,,fivethirtyeight,-7,G001462
1977,1977-11-20,,REG,NYG,CLE,7,21,False,,fivethirtyeight,-14,G001463
1977,1977-11-20,,REG,KC,DEN,7,14,False,,fivethirtyeight,-7,G001464
1977,1977-11-20,,REG,NO,ATL,21,20,False,,fivethirtyeight,1,G001465
1977,1977-11-20,,REG,SEA,TEN,10,22,False,,fivethirtyeight,-12,G001466
1977,1977-11-20,,REG,PIT,DAL,28,13,False,,fivethirtyeight,15,G001467
1977,1977-11-20,,REG,BUF,NE,7,20,False,,fivethirtyeight,-13,G001468
1977,1977-11-20,,REG,CHI,MIN,10,7,False,,fivethirtyeight,3,G001469
1977,1977-11-20,,REG,SF,LAR,10,23,False,,fivethirtyeight,-13,G001470
1977,1977-11-20,,REG,LAC,OAK,12,7,False,,fivethirtyeight,5,G001471
1977,1977-11-20,,REG,CIN,MIA,23,17,False,,fivethirtyeight,6,G001472
1977,1977-11-20,,REG,IND,NYJ,33,12,False,,fivethirtyeight,21,G001473
1977,1977-11-20,,REG,ARI,PHI,21,16,False,,fivethirtyeight,5,G001474
1977,1977-11-20,,REG,DET,TB,16,7,False,,fivethirtyeight,9,G001475
1977,1977-11-21,,REG,WSH,GB,10,9,False,,fivethirtyeight,1,G001476
1977,1977-11-24,,REG,DET,CHI,14,31,False,,fivethirtyeight,-17,G001477
1977,1977-11-24,,REG,ARI,MIA,14,55,False,,fivethirtyeight,-41,G001478
1977,1977-11-27,,REG,NE,PHI,14,6,False,,fivethirtyeight,8,G001479
1977,1977-11-27,,REG,CIN,NYG,30,13,False,,fivethirtyeight,17,G001480
1977,1977-11-27,,REG,SEA,LAC,28,30,False,,fivethirtyeight,-2,G001481
1977,1977-11-27,,REG,CLE,LAR,0,9,False,,fivethirtyeight,-9,G001482
1977,1977-11-27,,REG,WSH,DAL,7,14,False,,fivethirtyeight,-7,G001483
1977,1977-11-27,,REG,GB,MIN,6,13,False,,fivethirtyeight,-7,G001484
1977,1977-11-27,,REG,DEN,IND,27,13,False,,fivethirtyeight,14,G001485
1977,1977-11-27,,REG,TB,ATL,0,17,False,,fivethirtyeight,-17,G001486
1977,1977-11-27,,REG,SF,NO,20,17,False,,fivethirtyeight,3,G001487
1977,1977-11-27,,REG,TEN,KC,34,20,False,,fivethirtyeight,14,G001488
1977,1977-11-27,,REG,NYJ,PIT,20,23,False,,fivethirtyeight,-3,G001489
1977,1977-11-28,,REG,OAK,BUF,34,13,False,,fivethirtyeight,21,G001490
1977,1977-12-04,,REG,ATL,NE,10,16,False,,fivethirtyeight,-6,G001491
1977,1977-12-04,,REG,LAR,OAK,20,14,False,,fivethirtyeight,6,G001492
1977,1977-12-04,,REG,NO,NYJ,13,16,False,,fivethirtyeight,-3,G001493
1977,1977-12-04,,REG,TEN,DEN,14,24,False,,fivethirtyeight,-10,G001494
1977,1977-12-04,,REG,TB,CHI,0,10,False,,fivethirtyeight,-10,G001495
1977,1977-12-04,,REG,PIT,SEA,30,20,False,,fivethirtyeight,10,G001496
1977,1977-12-04,,REG,NYG,ARI,27,7,False,,fivethirtyeight,20,G001497
1977,1977-12-04,,REG,MIN,SF,28,27,False,,fivethirtyeight,1,G001498
1977,1977-12-04,,REG,KC,CIN,7,27,False,,fivethirtyeight,-20,G001499
1977,1977-12-04,,REG,GB,DET,10,9,False,,fivethirtyeight,1,G001500
1977,1977-12-04,,REG,LAC,CLE,37,14,False,,fivethirtyeight,23,G001501
1977,1977-12-04,,REG,DAL,PHI,24,14,False,,fivethirtyeight,10,G001502
1977,1977-12-04,,REG,BUF,WSH,0,10,False,,fivethirtyeight,-10,G001503
1977,1977-12-05,,REG,MIA,IND,17,6,False,,fivethirtyeight,11,G001504
1977,1977-12-10,,REG,CIN,PIT,17,10,False,,fivethirtyeight,7,G001505
1977,1977-12-10,,REG,ARI,WSH,20,26,False,,fivethirtyeight,-6,G001506
1977,1977-12-11,,REG,LAR,ATL,23,7,False,,fivethirtyeight,16,G001507
1977,1977-12-11,,REG,NE,MIA,14,10,False,,fivethirtyeight,4,G001508
1977,1977-12-11,,REG,NYJ,BUF,10,14,False,,fivethirtyeight,-4,G001509
1977,1977-12-11,,REG,OAK,MIN,35,13,False,,fivethirtyeight,22,G001510
1977,1977-12-11,,REG,DEN,LAC,17,9,False,,fivethirtyeight,8,G001511
1977,1977-12-11,,REG,CLE,TEN,15,19,False,,fivethirtyeight,-4,G001512
1977,1977-12-11,,REG,KC,SEA,31,34,False,,fivethirtyeight,-3,G001513
1977,1977-12-11,,REG,NO,TB,14,33,False,,fivethirtyeight,-19,G001514
1977,1977-12-11,,REG,PHI,NYG,17,14,False,,fivethirtyeight,3,G001515
1977,1977-12-11,,REG,CHI,GB,21,10,False,,fivethirtyeight,11,G001516
1977,1977-12-11,,REG,IND,DET,10,13,False,,fivethirtyeight,-3,G001517
1977,1977-12-12,,REG,SF,DAL,35,42,False,,fivethirtyeight,-7,G001518
1977,1977-12-17,,REG,MIA,BUF,31,14,False,,fivethirtyeight,17,G001519
1977,1977-12-17,,REG,DET,MIN,21,30,False,,fivethirtyeight,-9,G001520
1977,1977-12-17,,REG,WSH,LAR,17,14,False,,fivethirtyeight,3,G001521
1977,1977-12-18,,REG,SEA,CLE,20,19,False,,fivethirtyeight,1,G001522
1977,1977-12-18,,REG,LAC,PIT,9,10,False,,fivethirtyeight,-1,G001523
1977,1977-12-18,,REG,OAK,KC,21,20,False,,fivethirtyeight,1,G001524
1977,1977-12-18,,REG,PHI,NYJ,27,0,False,,fivethirtyeight,27,G001525
1977,1977-12-18,,REG,TEN,CIN,21,16,False,,fivethirtyeight,5,G001526
1977,1977-12-18,,REG,NYG,CHI,9,12,False,,fivethirtyeight,-3,G001527
1977,1977-12-18,,REG,GB,SF,16,14,False,,fivethirtyeight,2,G001528
1977,1977-12-18,,REG,DAL,DEN,14,6,False,,fivethirtyeight,8,G001529
1977,1977-12-18,,REG,IND,NE,30,24,False,,fivethirtyeight,6,G001530
1977,1977-12-18,,REG,ATL,NO,35,7,False,,fivethirtyeight,28,G001531
1977,1977-12-18,,REG,TB,ARI,17,7,False,,fivethirtyeight,10,G001532
1977,1977-12-24,,PLAYOFF,IND,OAK,31,37,False,,fivethirtyeight,-6,G001533
1977,1977-12-24,,PLAYOFF,DEN,PIT,34,21,False,,fivethirtyeight,13,G001534
1977,1977-12-26,,PLAYOFF,DAL,CHI,37,7,False,,fivethirtyeight,30,G001535
1977,1977-12-26,,PLAYOFF,LAR,MIN,7,14,False,,fivethirtyeight,-7,G001536
1977,1978-01-01,,PLAYOFF,DEN,OAK,20,17,False,,fivethirtyeight,3,G001537
1977,1978-01-01,,PLAYOFF,DAL,MIN,23,6,False,,fivethirtyeight,17,G001538
1977,1978-01-15,,PLAYOFF,DEN,DAL,10,27,True,,fivethirtyeight,-17,G001539
1978,1978-09-02,,REG,TB,NYG,13,19,False,,fivethirtyeight,-6,G001540
1978,1978-09-03,,REG,ATL,TEN,20,14,False,,fivethirtyeight,6,G001541
1978,1978-09-03,,REG,PHI,LAR,14,16,False,,fivethirtyeight,-2,G001542
1978,1978-09-03,,REG,NO,MIN,31,24,False,,fivethirtyeight,7,G001543
1978,1978-09-03,,REG,SEA,LAC,20,24,False,,fivethirtyeight,-4,G001544
1978,1978-09-03,,REG,NYJ,MIA,33,20,False,,fivethirtyeight,13,G001545
1978,1978-09-03,,REG,NE,WSH,14,16,False,,fivethirtyeight,-2,G001546
1978,1978-09-03,,REG,DET,GB,7,13,False,,fivethirtyeight,-6,G001547
1978,1978-09-03,,REG,DEN,OAK,14,6,False,,fivethirtyeight,8,G001548
1978,1978-09-03,,REG,CLE,SF,24,7,False,,fivethirtyeight,17,G001549
1978,1978-09-03,,REG,CIN,KC,23,24,False,,fivethirtyeight,-1,G001550
1978,1978-09-03,,REG,CHI,ARI,17,10,False,,fivethirtyeight,7,G001551
1978,1978-09-03,,REG,BUF,PIT,17,28,False,,fivethirtyeight,-11,G001552
1978,1978-09-04,,REG,DAL,IND,38,0,False,,fivethirtyeight,38,G001553
1978,1978-09-09,,REG,TB,DET,7,15,False,,fivethirtyeight,-8,G001554
1978,1978-09-10,,REG,BUF,NYJ,20,21,False,,fivethirtyeight,-1,G001555
1978,1978-09-10,,REG,LAR,ATL,10,0,False,,fivethirtyeight,10,G001556
1978,1978-09-10,,REG,WSH,PHI,35,30,False,,fivethirtyeight,5,G001557
1978,1978-09-10,,REG,LAC,OAK,20,21,False,,fivethirtyeight,-1,G001558
1978,1978-09-10,,REG,IND,MIA,0,42,False,,fivethirtyeight,-42,G001559
1978,1978-09-10,,REG,ARI,NE,6,16,False,,fivethirtyeight,-10,G001560
1978,1978-09-10,,REG,GB,NO,28,17,False,,fivethirtyeight,11,G001561
1978,1978-09-10,,REG,KC,TEN,17,20,False,,fivethirtyeight,-3,G001562
1978,1978-09-10,,REG,NYG,DAL,24,34,False,,fivethirtyeight,-10,G001563
1978,1978-09-10,,REG,PIT,SEA,21,10,False,,fivethirtyeight,11,G001564
1978,1978-09-10,,REG,SF,CHI,13,16,False,,fivethirtyeight,-3,G001565
1978,1978-09-10,,REG,CLE,CIN,13,10,False,,fivethirtyeight,3,G001566
1978,1978-09-11,,REG,MIN,DEN,12,9,False,,fivethirtyeight,3,G001567
1978,1978-09-17,,REG,CIN,PIT,3,28,False,,fivethirtyeight,-25,G001568
1978,1978-09-17,,REG,LAR,DAL,27,14,False,,fivethirtyeight,13,G001569
1978,1978-09-17,,REG,TEN,SF,20,19,False,,fivethirtyeight,1,G001570
1978,1978-09-17,,REG,NYJ,SEA,17,24,False,,fivethirtyeight,-7,G001571
1978,1978-09-17,,REG,NYG,KC,26,10,False,,fivethirtyeight,16,G001572
1978,1978-09-17,,REG,NO,PHI,17,24,False,,fivethirtyeight,-7,G001573
1978,1978-09-17,,REG,MIN,TB,10,16,False,,fivethirtyeight,-6,G001574
1978,1978-09-17,,REG,MIA,BUF,31,24,False,,fivethirtyeight,7,G001575
1978,1978-09-17,,REG,GB,OAK,3,28,False,,fivethirtyeight,-25,G001576
1978,1978-09-17,,REG,DET,CHI,0,19,False,,fivethirtyeight,-19,G001577
1978,1978-09-17,,REG,ARI,WSH,10,28,False,,fivethirtyeight,-18,G001578
1978,1978-09-17,,REG,ATL,CLE,16,24,False,,fivethirtyeight,-8,G001579
1978,1978-09-17,,REG,DEN,LAC,27,14,False,,fivethirtyeight,13,G001580
1978,1978-09-18,,REG,NE,IND,27,34,False,,fivethirtyeight,-7,G001581
1978,1978-09-24,,REG,CIN,NO,18,20,False,,fivethirtyeight,-2,G001582
1978,1978-09-24,,REG,TEN,LAR,6,10,False,,fivethirtyeight,-4,G001583
1978,1978-09-24,,REG,PHI,MIA,17,3,False,,fivethirtyeight,14,G001584
1978,1978-09-24,,REG,LAC,GB,3,24,False,,fivethirtyeight,-21,G001585
1978,1978-09-24,,REG,WSH,NYJ,23,3,False,,fivethirtyeight,20,G001586
1978,1978-09-24,,REG,TB,ATL,14,9,False,,fivethirtyeight,5,G001587
1978,1978-09-24,,REG,SEA,DET,28,16,False,,fivethirtyeight,12,G001588
1978,1978-09-24,,REG,OAK,NE,14,21,False,,fivethirtyeight,-7,G001589
1978,1978-09-24,,REG,PIT,CLE,15,9,False,,fivethirtyeight,6,G001590
1978,1978-09-24,,REG,NYG,SF,27,10,False,,fivethirtyeight,17,G001591
1978,1978-09-24,,REG,KC,DEN,17,23,False,,fivethirtyeight,-6,G001592
1978,1978-09-24,,REG,DAL,ARI,21,12,False,,fivethirtyeight,9,G001593
1978,1978-09-24,,REG,BUF,IND,24,17,False,,fivethirtyeight,7,G001594
1978,1978-09-25,,REG,CHI,MIN,20,24,False,,fivethirtyeight,-4,G001595
1978,1978-10-01,,REG,NYJ,PIT,17,28,False,,fivethirtyeight,-11,G001596
1978,1978-10-01,,REG,TB,MIN,7,24,False,,fivethirtyeight,-17,G001597
1978,1978-10-01,,REG,ATL,NYG,23,20,False,,fivethirtyeight,3,G001598
1978,1978-10-01,,REG,DEN,SEA,28,7,False,,fivethirtyeight,21,G001599
1978,1978-10-01,,REG,GB,DET,35,14,False,,fivethirtyeight,21,G001600
1978,1978-10-01,,REG,NE,LAC,28,23,False,,fivethirtyeight,5,G001601
1978,1978-10-01,,REG,BUF,KC,28,13,False,,fivethirtyeight,15,G001602
1978,1978-10-01,,REG,MIA,ARI,24,10,False,,fivethirtyeight,14,G001603
1978,1978-10-01,,REG,NO,LAR,20,26,False,,fivethirtyeight,-6,G001604
1978,1978-10-01,,REG,SF,CIN,28,12,False,,fivethirtyeight,16,G001605
1978,1978-10-01,,REG,CHI,OAK,19,25,False,,fivethirtyeight,-6,G001606
1978,1978-10-01,,REG,CLE,TEN,13,16,False,,fivethirtyeight,-3,G001607
1978,1978-10-01,,REG,IND,PHI,14,17,False,,fivethirtyeight,-3,G001608
1978,1978-10-02,,REG,WSH,DAL,9,5,False,,fivethirtyeight,4,G001609
1978,1978-10-08,,REG,NO,CLE,16,24,False,,fivethirtyeight,-8,G001610
1978,1978-10-08,,REG,ARI,IND,17,30,False,,fivethirtyeight,-13,G001611
1978,1978-10-08,,REG,DAL,NYG,24,3,False,,fivethirtyeight,21,G001612
1978,1978-10-08,,REG,GB,CHI,24,14,False,,fivethirtyeight,10,G001613
1978,1978-10-08,,REG,KC,TB,13,30,False,,fivethirtyeight,-17,G001614
1978,1978-10-08,,REG,NE,PHI,24,14,False,,fivethirtyeight,10,G001615
1978,1978-10-08,,REG,NYJ,BUF,45,14,False,,fivethirtyeight,31,G001616
1978,1978-10-08,,REG,PIT,ATL,31,7,False,,fivethirtyeight,24,G001617
1978,1978-10-08,,REG,OAK,TEN,21,17,False,,fivethirtyeight,4,G001618
1978,1978-10-08,,REG,SEA,MIN,29,28,False,,fivethirtyeight,1,G001619
1978,1978-10-08,,REG,DET,WSH,19,21,False,,fivethirtyeight,-2,G001620
1978,1978-10-08,,REG,LAR,SF,27,10,False,,fivethirtyeight,17,G001621
1978,1978-10-08,,REG,LAC,DEN,23,0,False,,fivethirtyeight,23,G001622
1978,1978-10-09,,REG,MIA,CIN,21,0,False,,fivethirtyeight,21,G001623
1978,1978-10-15,,REG,SF,NO,7,14,False,,fivethirtyeight,-7,G001624
1978,1978-10-15,,REG,OAK,KC,28,6,False,,fivethirtyeight,22,G001625
1978,1978-10-15,,REG,PHI,WSH,17,10,False,,fivethirtyeight,7,G001626
1978,1978-10-15,,REG,TEN,BUF,17,10,False,,fivethirtyeight,7,G001627
1978,1978-10-15,,REG,GB,SEA,45,28,False,,fivethirtyeight,17,G001628
1978,1978-10-15,,REG,LAC,MIA,21,28,False,,fivethirtyeight,-7,G001629
1978,1978-10-15,,REG,ARI,DAL,21,24,False,,fivethirtyeight,-3,G001630
1978,1978-10-15,,REG,NYG,TB,17,14,False,,fivethirtyeight,3,G001631
1978,1978-10-15,,REG,MIN,LAR,17,34,False,,fivethirtyeight,-17,G001632
1978,1978-10-15,,REG,IND,NYJ,10,33,False,,fivethirtyeight,-23,G001633
1978,1978-10-15,,REG,CLE,PIT,14,34,False,,fivethirtyeight,-20,G001634
1978,1978-10-15,,REG,ATL,DET,14,0,False,,fivethirtyeight,14,G001635
1978,1978-10-15,,REG,CIN,NE,3,10,False,,fivethirtyeight,-7,G001636
1978,1978-10-16,,REG,DEN,CHI,16,7,False,,fivethirtyeight,9,G001637
1978,1978-10-22,,REG,DET,LAC,31,14,False,,fivethirtyeight,17,G001638
1978,1978-10-22,,REG,TB,CHI,33,19,False,,fivethirtyeight,14,G001639
1978,1978-10-22,,REG,SF,ATL,17,20,False,,fivethirtyeight,-3,G001640
1978,1978-10-22,,REG,SEA,OAK,27,7,False,,fivethirtyeight,20,G001641
1978,1978-10-22,,REG,NYG,WSH,17,6,False,,fivethirtyeight,11,G001642
1978,1978-10-22,,REG,NE,MIA,33,24,False,,fivethirtyeight,9,G001643
1978,1978-10-22,,REG,MIN,GB,21,7,False,,fivethirtyeight,14,G001644
1978,1978-10-22,,REG,NYJ,ARI,23,10,False,,fivethirtyeight,13,G001645
1978,1978-10-22,,REG,LAR,NO,3,10,False,,fivethirtyeight,-7,G001646
1978,1978-10-22,,REG,KC,CLE,17,3,False,,fivethirtyeight,14,G001647
1978,1978-10-22,,REG,DAL,PHI,14,7,False,,fivethirtyeight,7,G001648
1978,1978-10-22,,REG,IND,DEN,7,6,False,,fivethirtyeight,1,G001649
1978,1978-10-22,,REG,BUF,CIN,5,0,False,,fivethirtyeight,5,G001650
1978,1978-10-23,,REG,PIT,TEN,17,24,False,,fivethirtyeight,-7,G001651
1978,1978-10-26,,REG,DAL,MIN,10,21,False,,fivethirtyeight,-11,G001652
1978,1978-10-29,,REG,CLE,BUF,41,20,False,,fivethirtyeight,21,G001653
1978,1978-10-29,,REG,OAK,LAC,23,27,False,,fivethirtyeight,-4,G001654
1978,1978-10-29,,REG,WSH,SF,38,20,False,,fivethirtyeight,18,G001655
1978,1978-10-29,,REG,SEA,DEN,17,20,False,,fivethirtyeight,-3,G001656
1978,1978-10-29,,REG,PIT,KC,27,24,False,,fivethirtyeight,3,G001657
1978,1978-10-29,,REG,PHI,ARI,10,16,False,,fivethirtyeight,-6,G001658
1978,1978-10-29,,REG,NE,NYJ,55,21,False,,fivethirtyeight,34,G001659
1978,1978-10-29,,REG,NO,NYG,28,17,False,,fivethirtyeight,11,G001660
1978,1978-10-29,,REG,MIA,IND,26,8,False,,fivethirtyeight,18,G001661
1978,1978-10-29,,REG,GB,TB,9,7,False,,fivethirtyeight,2,G001662
1978,1978-10-29,,REG,CHI,DET,17,21,False,,fivethirtyeight,-4,G001663
1978,1978-10-29,,REG,CIN,TEN,28,13,False,,fivethirtyeight,15,G001664
1978,1978-10-30,,REG,ATL,LAR,15,7,False,,fivethirtyeight,8,G001665
1978,1978-11-05,,REG,BUF,NE,10,14,False,,fivethirtyeight,-4,G001666
1978,1978-11-05,,REG,TEN,CLE,14,10,False,,fivethirtyeight,4,G001667
1978,1978-11-05,,REG,LAR,TB,26,23,False,,fivethirtyeight,3,G001668
1978,1978-11-05,,REG,MIN,DET,17,7,False,,fivethirtyeight,10,G001669
1978,1978-11-05,,REG,PHI,GB,10,3,False,,fivethirtyeight,7,G001670
1978,1978-11-05,,REG,PIT,NO,20,14,False,,fivethirtyeight,6,G001671
1978,1978-11-05,,REG,LAC,CIN,22,13,False,,fivethirtyeight,9,G001672
1978,1978-11-05,,REG,KC,OAK,10,20,False,,fivethirtyeight,-10,G001673
1978,1978-11-05,,REG,DEN,NYJ,28,31,False,,fivethirtyeight,-3,G001674
1978,1978-11-05,,REG,ARI,NYG,20,10,False,,fivethirtyeight,10,G001675
1978,1978-11-05,,REG,CHI,SEA,29,31,False,,fivethirtyeight,-2,G001676
1978,1978-11-05,,REG,MIA,DAL,23,16,False,,fivethirtyeight,7,G001677
1978,1978-11-05,,REG,ATL,SF,21,10,False,,fivethirtyeight,11,G001678
1978,1978-11-06,,REG,IND,WSH,21,17,False,,fivethirtyeight,4,G001679
1978,1978-11-12,,REG,LAR,PIT,10,7,False,,fivethirtyeight,3,G001680
1978,1978-11-12,,REG,BUF,MIA,24,25,False,,fivethirtyeight,-1,G001681
1978,1978-11-12,,REG,LAC,KC,29,23,False,,fivethirtyeight,6,G001682
1978,1978-11-12,,REG,CLE,DEN,7,19,False,,fivethirtyeight,-12,G001683
1978,1978-11-12,,REG,WSH,NYG,16,13,False,,fivethirtyeight,3,G001684
1978,1978-11-12,,REG,SF,ARI,10,16,False,,fivethirtyeight,-6,G001685
1978,1978-11-12,,REG,PHI,NYJ,17,9,False,,fivethirtyeight,8,G001686
1978,1978-11-12,,REG,NE,TEN,23,26,False,,fivethirtyeight,-3,G001687
1978,1978-11-12,,REG,SEA,IND,14,17,False,,fivethirtyeight,-3,G001688
1978,1978-11-12,,REG,NO,ATL,17,20,False,,fivethirtyeight,-3,G001689
1978,1978-11-12,,REG,MIN,CHI,17,14,False,,fivethirtyeight,3,G001690
1978,1978-11-12,,REG,GB,DAL,14,42,False,,fivethirtyeight,-28,G001691
1978,1978-11-12,,REG,DET,TB,34,23,False,,fivethirtyeight,11,G001692
1978,1978-11-13,,REG,CIN,OAK,21,34,False,,fivethirtyeight,-13,G001693
1978,1978-11-19,,REG,PIT,CIN,7,6,False,,fivethirtyeight,1,G001694
1978,1978-11-19,,REG,DAL,NO,27,7,False,,fivethirtyeight,20,G001695
1978,1978-11-19,,REG,WSH,ARI,17,27,False,,fivethirtyeight,-10,G001696
1978,1978-11-19,,REG,MIN,LAC,7,13,False,,fivethirtyeight,-6,G001697
1978,1978-11-19,,REG,SF,LAR,28,31,False,,fivethirtyeight,-3,G001698
1978,1978-11-19,,REG,TB,BUF,31,10,False,,fivethirtyeight,21,G001699
1978,1978-11-19,,REG,OAK,DET,29,17,False,,fivethirtyeight,12,G001700
1978,1978-11-19,,REG,NYJ,NE,17,19,False,,fivethirtyeight,-2,G001701
1978,1978-11-19,,REG,NYG,PHI,17,19,False,,fivethirtyeight,-2,G001702
1978,1978-11-19,,REG,KC,SEA,10,13,False,,fivethirtyeight,-3,G001703
1978,1978-11-19,,REG,DEN,GB,16,3,False,,fivethirtyeight,13,G001704
1978,1978-11-19,,REG,IND,CLE,24,45,False,,fivethirtyeight,-21,G001705
1978,1978-11-19,,REG,CHI,ATL,13,7,False,,fivethirtyeight,6,G001706
1978,1978-11-20,,REG,TEN,MIA,35,30,False,,fivethirtyeight,5,G001707
1978,1978-11-23,,REG,DET,DEN,17,14,False,,fivethirtyeight,3,G001708
1978,1978-11-23,,REG,DAL,WSH,37,10,False,,fivethirtyeight,27,G001709
1978,1978-11-26,,REG,MIA,NYJ,13,24,False,,fivethirtyeight,-11,G001710
1978,1978-11-26,,REG,GB,MIN,10,10,False,,fivethirtyeight,0,G001711
1978,1978-11-26,,REG,ARI,PHI,10,14,False,,fivethirtyeight,-4,G001712
1978,1978-11-26,,REG,IND,NE,14,35,False,,fivethirtyeight,-21,G001713
1978,1978-11-26,,REG,CHI,TB,14,3,False,,fivethirtyeight,11,G001714
1978,1978-11-26,,REG,BUF,NYG,41,17,False,,fivethirtyeight,24,G001715
1978,1978-11-26,,REG,ATL,NO,20,17,False,,fivethirtyeight,3,G001716
1978,1978-11-26,,REG,CLE,LAR,30,19,False,,fivethirtyeight,11,G001717
1978,1978-11-26,,REG,KC,LAC,23,0,False,,fivethirtyeight,23,G001718
1978,1978-11-26,,REG,OAK,SEA,16,17,False,,fivethirtyeight,-1,G001719
1978,1978-11-26,,REG,TEN,CIN,17,10,False,,fivethirtyeight,7,G001720
1978,1978-11-27,,REG,SF,PIT,7,24,False,,fivethirtyeight,-17,G001721
1978,1978-12-03,,REG,ARI,DET,21,14,False,,fivethirtyeight,7,G001722
1978,1978-12-03,,REG,CIN,ATL,37,7,False,,fivethirtyeight,30,G001723
1978,1978-12-03,,REG,NYG,LAR,17,20,False,,fivethirtyeight,-3,G001724
1978,1978-12-03,,REG,DAL,NE,17,10,False,,fivethirtyeight,7,G001725
1978,1978-12-03,,REG,KC,BUF,14,10,False,,fivethirtyeight,4,G001726
1978,1978-12-03,,REG,MIN,PHI,28,27,False,,fivethirtyeight,1,G001727
1978,1978-12-03,,REG,NO,SF,24,13,False,,fivethirtyeight,11,G001728
1978,1978-12-03,,REG,NYJ,IND,24,16,False,,fivethirtyeight,8,G001729
1978,1978-12-03,,REG,TEN,PIT,3,13,False,,fivethirtyeight,-10,G001730
1978,1978-12-03,,REG,SEA,CLE,47,24,False,,fivethirtyeight,23,G001731
1978,1978-12-03,,REG,TB,GB,7,17,False,,fivethirtyeight,-10,G001732
1978,1978-12-03,,REG,WSH,MIA,0,16,False,,fivethirtyeight,-16,G001733
1978,1978-12-03,,REG,OAK,DEN,6,21,False,,fivethirtyeight,-15,G001734
1978,1978-12-04,,REG,LAC,CHI,40,7,False,,fivethirtyeight,33,G001735
1978,1978-12-09,,REG,DET,MIN,45,14,False,,fivethirtyeight,31,G001736
1978,1978-12-09,,REG,PIT,IND,35,13,False,,fivethirtyeight,22,G001737
1978,1978-12-10,,REG,NO,TEN,12,17,False,,fivethirtyeight,-5,G001738
1978,1978-12-10,,REG,SF,TB,6,3,False,,fivethirtyeight,3,G001739
1978,1978-12-10,,REG,ATL,WSH,20,17,False,,fivethirtyeight,3,G001740
1978,1978-12-10,,REG,MIA,OAK,23,6,False,,fivethirtyeight,17,G001741
1978,1978-12-10,,REG,DEN,KC,24,3,False,,fivethirtyeight,21,G001742
1978,1978-12-10,,REG,CLE,NYJ,37,34,False,,fivethirtyeight,3,G001743
1978,1978-12-10,,REG,NYG,ARI,17,0,False,,fivethirtyeight,17,G001744
1978,1978-12-10,,REG,PHI,DAL,13,31,False,,fivethirtyeight,-18,G001745
1978,1978-12-10,,REG,LAC,SEA,37,10,False,,fivethirtyeight,27,G001746
1978,1978-12-10,,REG,NE,BUF,26,24,False,,fivethirtyeight,2,G001747
1978,1978-12-10,,REG,CHI,GB,14,0,False,,fivethirtyeight,14,G001748
1978,1978-12-11,,REG,LAR,CIN,19,20,False,,fivethirtyeight,-1,G001749
1978,1978-12-16,,REG,DEN,PIT,17,21,False,,fivethirtyeight,-4,G001750
1978,1978-12-16,,REG,WSH,CHI,10,14,False,,fivethirtyeight,-4,G001751
1978,1978-12-17,,REG,DET,SF,33,14,False,,fivethirtyeight,19,G001752
1978,1978-12-17,,REG,NYJ,DAL,7,30,False,,fivethirtyeight,-23,G001753
1978,1978-12-17,,REG,PHI,NYG,20,3,False,,fivethirtyeight,17,G001754
1978,1978-12-17,,REG,TEN,LAC,24,45,False,,fivethirtyeight,-21,G001755
1978,1978-12-17,,REG,ARI,ATL,42,21,False,,fivethirtyeight,21,G001756
1978,1978-12-17,,REG,IND,BUF,14,21,False,,fivethirtyeight,-7,G001757
1978,1978-12-17,,REG,TB,NO,10,17,False,,fivethirtyeight,-7,G001758
1978,1978-12-17,,REG,LAR,GB,31,14,False,,fivethirtyeight,17,G001759
1978,1978-12-17,,REG,SEA,KC,23,19,False,,fivethirtyeight,4,G001760
1978,1978-12-17,,REG,OAK,MIN,27,20,False,,fivethirtyeight,7,G001761
1978,1978-12-17,,REG,CIN,CLE,48,16,False,,fivethirtyeight,32,G001762
1978,1978-12-18,,REG,MIA,NE,23,3,False,,fivethirtyeight,20,G001763
1978,1978-12-24,,PLAYOFF,MIA,TEN,9,17,False,,fivethirtyeight,-8,G001764
1978,1978-12-24,,PLAYOFF,ATL,PHI,14,13,False,,fivethirtyeight,1,G001765
1978,1978-12-30,,PLAYOFF,PIT,DEN,33,10,False,,fivethirtyeight,23,G001766
1978,1978-12-30,,PLAYOFF,DAL,ATL,27,20,False,,fivethirtyeight,7,G001767
1978,1978-12-31,,PLAYOFF,LAR,MIN,34,10,False,,fivethirtyeight,24,G001768
1978,1978-12-31,,PLAYOFF,NE,TEN,14,31,False,,fivethirtyeight,-17,G001769
1978,1979-01-07,,PLAYOFF,LAR,DAL,0,28,False,,fivethirtyeight,-28,G001770
1978,1979-01-07,,PLAYOFF,PIT,TEN,34,5,False,,fivethirtyeight,29,G001771
1978,1979-01-21,,PLAYOFF,PIT,DAL,35,31,True,,fivethirtyeight,4,G001772
1979,1979-09-01,,REG,TB,DET,31,16,False,,fivethirtyeight,15,G001773
1979,1979-09-02,,REG,MIN,SF,28,22,False,,fivethirtyeight,6,G001774
1979,1979-09-02,,REG,PHI,NYG,23,17,False,,fivethirtyeight,6,G001775
1979,1979-09-02,,REG,SEA,LAC,16,33,False,,fivethirtyeight,-17,G001776
1979,1979-09-02,,REG,LAR,OAK,17,24,False,,fivethirtyeight,-7,G001777
1979,1979-09-02,,REG,WSH,TEN,27,29,False,,fivethirtyeight,-2,G001778
1979,1979-09-02,,REG,NYJ,CLE,22,25,False,,fivethirtyeight,-3,G001779
1979,1979-09-02,,REG,NO,ATL,34,40,False,,fivethirtyeight,-6,G001780
1979,1979-09-02,,REG,KC,IND,14,0,False,,fivethirtyeight,14,G001781
1979,1979-09-02,,REG,DEN,CIN,10,0,False,,fivethirtyeight,10,G001782
1979,1979-09-02,,REG,ARI,DAL,21,22,False,,fivethirtyeight,-1,G001783
1979,1979-09-02,,REG,CHI,GB,6,3,False,,fivethirtyeight,3,G001784
1979,1979-09-02,,REG,BUF,MIA,7,9,False,,fivethirtyeight,-2,G001785
1979,1979-09-03,,REG,NE,PIT,13,16,False,,fivethirtyeight,-3,G001786
1979,1979-09-06,,REG,DEN,LAR,9,13,False,,fivethirtyeight,-4,G001787
1979,1979-09-09,,REG,NE,NYJ,56,3,False,,fivethirtyeight,53,G001788
1979,1979-09-09,,REG,MIA,SEA,19,10,False,,fivethirtyeight,9,G001789
1979,1979-09-09,,REG,SF,DAL,13,21,False,,fivethirtyeight,-8,G001790
1979,1979-09-09,,REG,KC,CLE,24,27,False,,fivethirtyeight,-3,G001791
1979,1979-09-09,,REG,GB,NO,28,19,False,,fivethirtyeight,9,G001792
1979,1979-09-09,,REG,DET,WSH,24,27,False,,fivethirtyeight,-3,G001793
1979,1979-09-09,,REG,CHI,MIN,26,7,False,,fivethirtyeight,19,G001794
1979,1979-09-09,,REG,BUF,CIN,51,24,False,,fivethirtyeight,27,G001795
1979,1979-09-09,,REG,PIT,TEN,38,7,False,,fivethirtyeight,31,G001796
1979,1979-09-09,,REG,IND,TB,26,29,False,,fivethirtyeight,-3,G001797
1979,1979-09-09,,REG,LAC,OAK,30,10,False,,fivethirtyeight,20,G001798
1979,1979-09-09,,REG,NYG,ARI,14,27,False,,fivethirtyeight,-13,G001799
1979,1979-09-10,,REG,PHI,ATL,10,14,False,,fivethirtyeight,-4,G001800
1979,1979-09-16,,REG,LAR,SF,27,24,False,,fivethirtyeight,3,G001801
1979,1979-09-16,,REG,ARI,PIT,21,24,False,,fivethirtyeight,-3,G001802
1979,1979-09-16,,REG,MIN,MIA,12,27,False,,fivethirtyeight,-15,G001803
1979,1979-09-16,,REG,GB,TB,10,21,False,,fivethirtyeight,-11,G001804
1979,1979-09-16,,REG,DAL,CHI,24,20,False,,fivethirtyeight,4,G001805
1979,1979-09-16,,REG,CIN,NE,14,20,False,,fivethirtyeight,-6,G001806
1979,1979-09-16,,REG,CLE,IND,13,10,False,,fivethirtyeight,3,G001807
1979,1979-09-16,,REG,LAC,BUF,27,19,False,,fivethirtyeight,8,G001808
1979,1979-09-16,,REG,NO,PHI,14,26,False,,fivethirtyeight,-12,G001809
1979,1979-09-16,,REG,NYJ,DET,31,10,False,,fivethirtyeight,21,G001810
1979,1979-09-16,,REG,TEN,KC,20,6,False,,fivethirtyeight,14,G001811
1979,1979-09-16,,REG,SEA,OAK,27,10,False,,fivethirtyeight,17,G001812
1979,1979-09-16,,REG,ATL,DEN,17,20,False,,fivethirtyeight,-3,G001813
1979,1979-09-17,,REG,WSH,NYG,27,0,False,,fivethirtyeight,27,G001814
1979,1979-09-23,,REG,ARI,WSH,7,17,False,,fivethirtyeight,-10,G001815
1979,1979-09-23,,REG,NYG,PHI,13,17,False,,fivethirtyeight,-4,G001816
1979,1979-09-23,,REG,NE,LAC,27,21,False,,fivethirtyeight,6,G001817
1979,1979-09-23,,REG,MIN,GB,27,21,False,,fivethirtyeight,6,G001818
1979,1979-09-23,,REG,TB,LAR,21,6,False,,fivethirtyeight,15,G001819
1979,1979-09-23,,REG,DEN,SEA,37,34,False,,fivethirtyeight,3,G001820
1979,1979-09-23,,REG,DET,ATL,24,23,False,,fivethirtyeight,1,G001821
1979,1979-09-23,,REG,KC,OAK,35,7,False,,fivethirtyeight,28,G001822
1979,1979-09-23,,REG,SF,NO,21,30,False,,fivethirtyeight,-9,G001823
1979,1979-09-23,,REG,PIT,IND,17,13,False,,fivethirtyeight,4,G001824
1979,1979-09-23,,REG,CIN,TEN,27,30,False,,fivethirtyeight,-3,G001825
1979,1979-09-23,,REG,BUF,NYJ,46,31,False,,fivethirtyeight,15,G001826
1979,1979-09-23,,REG,MIA,CHI,31,16,False,,fivethirtyeight,15,G001827
1979,1979-09-24,,REG,CLE,DAL,26,7,False,,fivethirtyeight,19,G001828
1979,1979-09-30,,REG,ATL,WSH,7,16,False,,fivethirtyeight,-9,G001829
1979,1979-09-30,,REG,NO,NYG,24,14,False,,fivethirtyeight,10,G001830
1979,1979-09-30,,REG,DAL,CIN,38,13,False,,fivethirtyeight,25,G001831
1979,1979-09-30,,REG,LAC,SF,31,9,False,,fivethirtyeight,22,G001832
1979,1979-09-30,,REG,SEA,KC,6,24,False,,fivethirtyeight,-18,G001833
1979,1979-09-30,,REG,OAK,DEN,27,3,False,,fivethirtyeight,24,G001834
1979,1979-09-30,,REG,LAR,ARI,21,0,False,,fivethirtyeight,21,G001835
1979,1979-09-30,,REG,PHI,PIT,17,14,False,,fivethirtyeight,3,G001836
1979,1979-09-30,,REG,TEN,CLE,31,10,False,,fivethirtyeight,21,G001837
1979,1979-09-30,,REG,NYJ,MIA,33,27,False,,fivethirtyeight,6,G001838
1979,1979-09-30,,REG,DET,MIN,10,13,False,,fivethirtyeight,-3,G001839
1979,1979-09-30,,REG,CHI,TB,13,17,False,,fivethirtyeight,-4,G001840
1979,1979-09-30,,REG,IND,BUF,13,31,False,,fivethirtyeight,-18,G001841
1979,1979-10-01,,REG,GB,NE,27,14,False,,fivethirtyeight,13,G001842
1979,1979-10-07,,REG,NE,DET,24,17,False,,fivethirtyeight,7,G001843
1979,1979-10-07,,REG,PHI,WSH,28,17,False,,fivethirtyeight,11,G001844
1979,1979-10-07,,REG,SF,SEA,24,35,False,,fivethirtyeight,-11,G001845
1979,1979-10-07,,REG,NYG,TB,17,14,False,,fivethirtyeight,3,G001846
1979,1979-10-07,,REG,MIN,DAL,20,36,False,,fivethirtyeight,-16,G001847
1979,1979-10-07,,REG,IND,NYJ,10,8,False,,fivethirtyeight,2,G001848
1979,1979-10-07,,REG,CLE,PIT,35,51,False,,fivethirtyeight,-16,G001849
1979,1979-10-07,,REG,DEN,LAC,7,0,False,,fivethirtyeight,7,G001850
1979,1979-10-07,,REG,CIN,KC,7,10,False,,fivethirtyeight,-3,G001851
1979,1979-10-07,,REG,BUF,CHI,0,7,False,,fivethirtyeight,-7,G001852
1979,1979-10-07,,REG,ATL,GB,25,7,False,,fivethirtyeight,18,G001853
1979,1979-10-07,,REG,NO,LAR,17,35,False,,fivethirtyeight,-18,G001854
1979,1979-10-07,,REG,TEN,ARI,17,24,False,,fivethirtyeight,-7,G001855
1979,1979-10-08,,REG,OAK,MIA,13,3,False,,fivethirtyeight,10,G001856
1979,1979-10-14,,REG,OAK,ATL,50,19,False,,fivethirtyeight,31,G001857
1979,1979-10-14,,REG,LAC,SEA,20,10,False,,fivethirtyeight,10,G001858
1979,1979-10-14,,REG,TB,NO,14,42,False,,fivethirtyeight,-28,G001859
1979,1979-10-14,,REG,NYG,SF,32,16,False,,fivethirtyeight,16,G001860
1979,1979-10-14,,REG,MIA,BUF,17,7,False,,fivethirtyeight,10,G001861
1979,1979-10-14,,REG,KC,DEN,10,24,False,,fivethirtyeight,-14,G001862
1979,1979-10-14,,REG,GB,DET,24,16,False,,fivethirtyeight,8,G001863
1979,1979-10-14,,REG,ARI,PHI,20,24,False,,fivethirtyeight,-4,G001864
1979,1979-10-14,,REG,IND,TEN,16,28,False,,fivethirtyeight,-12,G001865
1979,1979-10-14,,REG,CLE,WSH,9,13,False,,fivethirtyeight,-4,G001866
1979,1979-10-14,,REG,CIN,PIT,34,10,False,,fivethirtyeight,24,G001867
1979,1979-10-14,,REG,DAL,LAR,30,6,False,,fivethirtyeight,24,G001868
1979,1979-10-14,,REG,CHI,NE,7,27,False,,fivethirtyeight,-20,G001869
1979,1979-10-15,,REG,NYJ,MIN,14,7,False,,fivethirtyeight,7,G001870
1979,1979-10-21,,REG,TB,GB,21,3,False,,fivethirtyeight,18,G001871
1979,1979-10-21,,REG,SEA,TEN,34,14,False,,fivethirtyeight,20,G001872
1979,1979-10-21,,REG,NYJ,OAK,28,19,False,,fivethirtyeight,9,G001873
1979,1979-10-21,,REG,NE,MIA,28,13,False,,fivethirtyeight,15,G001874
1979,1979-10-21,,REG,SF,ATL,20,15,False,,fivethirtyeight,5,G001875
1979,1979-10-21,,REG,NO,DET,17,7,False,,fivethirtyeight,10,G001876
1979,1979-10-21,,REG,MIN,CHI,30,27,False,,fivethirtyeight,3,G001877
1979,1979-10-21,,REG,KC,NYG,17,21,False,,fivethirtyeight,-4,G001878
1979,1979-10-21,,REG,CLE,CIN,28,27,False,,fivethirtyeight,1,G001879
1979,1979-10-21,,REG,DAL,ARI,22,13,False,,fivethirtyeight,9,G001880
1979,1979-10-21,,REG,BUF,IND,13,14,False,,fivethirtyeight,-1,G001881
1979,1979-10-21,,REG,LAR,LAC,16,40,False,,fivethirtyeight,-24,G001882
1979,1979-10-21,,REG,WSH,PHI,17,7,False,,fivethirtyeight,10,G001883
1979,1979-10-22,,REG,PIT,DEN,42,7,False,,fivethirtyeight,35,G001884
1979,1979-10-25,,REG,OAK,LAC,45,22,False,,fivethirtyeight,23,G001885
1979,1979-10-28,,REG,MIN,TB,10,12,False,,fivethirtyeight,-2,G001886
1979,1979-10-28,,REG,TEN,NYJ,27,24,False,,fivethirtyeight,3,G001887
1979,1979-10-28,,REG,ARI,CLE,20,38,False,,fivethirtyeight,-18,G001888
1979,1979-10-28,,REG,SF,CHI,27,28,False,,fivethirtyeight,-1,G001889
1979,1979-10-28,,REG,WSH,NO,10,14,False,,fivethirtyeight,-4,G001890
1979,1979-10-28,,REG,DET,BUF,17,20,False,,fivethirtyeight,-3,G001891
1979,1979-10-28,,REG,DEN,KC,20,3,False,,fivethirtyeight,17,G001892
1979,1979-10-28,,REG,LAR,NYG,14,20,False,,fivethirtyeight,-6,G001893
1979,1979-10-28,,REG,IND,NE,31,26,False,,fivethirtyeight,5,G001894
1979,1979-10-28,,REG,PIT,DAL,14,3,False,,fivethirtyeight,11,G001895
1979,1979-10-28,,REG,MIA,GB,27,7,False,,fivethirtyeight,20,G001896
1979,1979-10-28,,REG,CIN,PHI,37,13,False,,fivethirtyeight,24,G001897
1979,1979-10-29,,REG,ATL,SEA,28,31,False,,fivethirtyeight,-3,G001898
1979,1979-11-04,,REG,KC,LAC,14,20,False,,fivethirtyeight,-6,G001899
1979,1979-11-04,,REG,PHI,CLE,19,24,False,,fivethirtyeight,-5,G001900
1979,1979-11-04,,REG,PIT,WSH,38,7,False,,fivethirtyeight,31,G001901
1979,1979-11-04,,REG,OAK,SF,23,10,False,,fivethirtyeight,13,G001902
1979,1979-11-04,,REG,GB,NYJ,22,27,False,,fivethirtyeight,-5,G001903
1979,1979-11-04,,REG,SEA,LAR,0,24,False,,fivethirtyeight,-24,G001904
1979,1979-11-04,,REG,ATL,TB,17,14,False,,fivethirtyeight,3,G001905
1979,1979-11-04,,REG,BUF,NE,6,26,False,,fivethirtyeight,-20,G001906
1979,1979-11-04,,REG,CHI,DET,35,7,False,,fivethirtyeight,28,G001907
1979,1979-11-04,,REG,IND,CIN,38,28,False,,fivethirtyeight,10,G001908
1979,1979-11-04,,REG,ARI,MIN,37,7,False,,fivethirtyeight,30,G001909
1979,1979-11-04,,REG,DEN,NO,10,3,False,,fivethirtyeight,7,G001910
1979,1979-11-04,,REG,NYG,DAL,14,16,False,,fivethirtyeight,-2,G001911
1979,1979-11-05,,REG,MIA,TEN,6,9,False,,fivethirtyeight,-3,G001912
1979,1979-11-11,,REG,WSH,ARI,30,28,False,,fivethirtyeight,2,G001913
1979,1979-11-11,,REG,CIN,LAC,24,26,False,,fivethirtyeight,-2,G001914
1979,1979-11-11,,REG,NYG,ATL,24,3,False,,fivethirtyeight,21,G001915
1979,1979-11-11,,REG,CHI,LAR,27,23,False,,fivethirtyeight,4,G001916
1979,1979-11-11,,REG,CLE,SEA,24,29,False,,fivethirtyeight,-5,G001917
1979,1979-11-11,,REG,DEN,NE,45,10,False,,fivethirtyeight,35,G001918
1979,1979-11-11,,REG,DET,TB,14,16,False,,fivethirtyeight,-2,G001919
1979,1979-11-11,,REG,GB,MIN,19,7,False,,fivethirtyeight,12,G001920
1979,1979-11-11,,REG,KC,PIT,3,30,False,,fivethirtyeight,-27,G001921
1979,1979-11-11,,REG,MIA,IND,19,0,False,,fivethirtyeight,19,G001922
1979,1979-11-11,,REG,NO,SF,31,20,False,,fivethirtyeight,11,G001923
1979,1979-11-11,,REG,NYJ,BUF,12,14,False,,fivethirtyeight,-2,G001924
1979,1979-11-11,,REG,TEN,OAK,31,17,False,,fivethirtyeight,14,G001925
1979,1979-11-12,,REG,DAL,PHI,21,31,False,,fivethirtyeight,-10,G001926
1979,1979-11-18,,REG,TB,NYG,31,3,False,,fivethirtyeight,28,G001927
1979,1979-11-18,,REG,CHI,NYJ,23,13,False,,fivethirtyeight,10,G001928
1979,1979-11-18,,REG,SF,DEN,28,38,False,,fivethirtyeight,-10,G001929
1979,1979-11-18,,REG,LAC,PIT,35,7,False,,fivethirtyeight,28,G001930
1979,1979-11-18,,REG,PHI,ARI,16,13,False,,fivethirtyeight,3,G001931
1979,1979-11-18,,REG,OAK,KC,21,24,False,,fivethirtyeight,-3,G001932
1979,1979-11-18,,REG,SEA,NO,38,24,False,,fivethirtyeight,14,G001933
1979,1979-11-18,,REG,TEN,CIN,42,21,False,,fivethirtyeight,21,G001934
1979,1979-11-18,,REG,MIN,DET,14,7,False,,fivethirtyeight,7,G001935
1979,1979-11-18,,REG,WSH,DAL,34,20,False,,fivethirtyeight,14,G001936
1979,1979-11-18,,REG,NE,IND,50,21,False,,fivethirtyeight,29,G001937
1979,1979-11-18,,REG,BUF,GB,19,12,False,,fivethirtyeight,7,G001938
1979,1979-11-18,,REG,CLE,MIA,30,24,False,,fivethirtyeight,6,G001939
1979,1979-11-19,,REG,LAR,ATL,20,14,False,,fivethirtyeight,6,G001940
1979,1979-11-22,,REG,DAL,TEN,24,30,False,,fivethirtyeight,-6,G001941
1979,1979-11-22,,REG,DET,CHI,20,0,False,,fivethirtyeight,20,G001942
1979,1979-11-25,,REG,NE,BUF,13,16,False,,fivethirtyeight,-3,G001943
1979,1979-11-25,,REG,ATL,NO,6,37,False,,fivethirtyeight,-31,G001944
1979,1979-11-25,,REG,CIN,ARI,34,28,False,,fivethirtyeight,6,G001945
1979,1979-11-25,,REG,IND,MIA,24,28,False,,fivethirtyeight,-4,G001946
1979,1979-11-25,,REG,GB,PHI,10,21,False,,fivethirtyeight,-11,G001947
1979,1979-11-25,,REG,NYG,WSH,14,6,False,,fivethirtyeight,8,G001948
1979,1979-11-25,,REG,PIT,CLE,33,30,False,,fivethirtyeight,3,G001949
1979,1979-11-25,,REG,TB,MIN,22,23,False,,fivethirtyeight,-1,G001950
1979,1979-11-25,,REG,LAC,KC,28,7,False,,fivethirtyeight,21,G001951
1979,1979-11-25,,REG,SF,LAR,20,26,False,,fivethirtyeight,-6,G001952
1979,1979-11-25,,REG,DEN,OAK,10,14,False,,fivethirtyeight,-4,G001953
1979,1979-11-26,,REG,SEA,NYJ,30,7,False,,fivethirtyeight,23,G001954
1979,1979-11-29,,REG,MIA,NE,39,24,False,,fivethirtyeight,15,G001955
1979,1979-12-02,,REG,LAC,ATL,26,28,False,,fivethirtyeight,-2,G001956
1979,1979-12-02,,REG,PHI,DET,44,7,False,,fivethirtyeight,37,G001957
1979,1979-12-02,,REG,PIT,CIN,37,17,False,,fivethirtyeight,20,G001958
1979,1979-12-02,,REG,LAR,MIN,27,21,False,,fivethirtyeight,6,G001959
1979,1979-12-02,,REG,BUF,DEN,16,19,False,,fivethirtyeight,-3,G001960
1979,1979-12-02,,REG,WSH,GB,38,21,False,,fivethirtyeight,17,G001961
1979,1979-12-02,,REG,TB,CHI,0,14,False,,fivethirtyeight,-14,G001962
1979,1979-12-02,,REG,CLE,TEN,14,7,False,,fivethirtyeight,7,G001963
1979,1979-12-02,,REG,ARI,SF,13,10,False,,fivethirtyeight,3,G001964
1979,1979-12-02,,REG,DAL,NYG,28,7,False,,fivethirtyeight,21,G001965
1979,1979-12-02,,REG,KC,SEA,37,21,False,,fivethirtyeight,16,G001966
1979,1979-12-02,,REG,NYJ,IND,30,17,False,,fivethirtyeight,13,G001967
1979,1979-12-03,,REG,NO,OAK,35,42,False,,fivethirtyeight,-7,G001968
1979,1979-12-08,,REG,PHI,DAL,17,24,False,,fivethirtyeight,-7,G001969
1979,1979-12-08,,REG,SEA,DEN,28,23,False,,fivethirtyeight,5,G001970
1979,1979-12-09,,REG,NYJ,NE,27,26,False,,fivethirtyeight,1,G001971
1979,1979-12-09,,REG,DET,MIA,10,28,False,,fivethirtyeight,-18,G001972
1979,1979-12-09,,REG,IND,KC,7,10,False,,fivethirtyeight,-3,G001973
1979,1979-12-09,,REG,ARI,NYG,29,20,False,,fivethirtyeight,9,G001974
1979,1979-12-09,,REG,GB,CHI,14,15,False,,fivethirtyeight,-1,G001975
1979,1979-12-09,,REG,MIN,BUF,10,3,False,,fivethirtyeight,7,G001976
1979,1979-12-09,,REG,OAK,CLE,19,14,False,,fivethirtyeight,5,G001977
1979,1979-12-09,,REG,SF,TB,23,7,False,,fivethirtyeight,16,G001978
1979,1979-12-09,,REG,WSH,CIN,28,14,False,,fivethirtyeight,14,G001979
1979,1979-12-09,,REG,NO,LAC,0,35,False,,fivethirtyeight,-35,G001980
1979,1979-12-09,,REG,ATL,LAR,13,34,False,,fivethirtyeight,-21,G001981
1979,1979-12-10,,REG,TEN,PIT,20,17,False,,fivethirtyeight,3,G001982
1979,1979-12-15,,REG,DET,GB,13,18,False,,fivethirtyeight,-5,G001983
1979,1979-12-15,,REG,MIA,NYJ,24,27,False,,fivethirtyeight,-3,G001984
1979,1979-12-16,,REG,TEN,PHI,20,26,False,,fivethirtyeight,-6,G001985
1979,1979-12-16,,REG,LAR,NO,14,29,False,,fivethirtyeight,-15,G001986
1979,1979-12-16,,REG,PIT,BUF,28,0,False,,fivethirtyeight,28,G001987
1979,1979-12-16,,REG,ATL,SF,31,21,False,,fivethirtyeight,10,G001988
1979,1979-12-16,,REG,DAL,WSH,35,34,False,,fivethirtyeight,1,G001989
1979,1979-12-16,,REG,NE,MIN,27,23,False,,fivethirtyeight,4,G001990
1979,1979-12-16,,REG,CIN,CLE,16,12,False,,fivethirtyeight,4,G001991
1979,1979-12-16,,REG,OAK,SEA,24,29,False,,fivethirtyeight,-5,G001992
1979,1979-12-16,,REG,TB,KC,3,0,False,,fivethirtyeight,3,G001993
1979,1979-12-16,,REG,NYG,IND,7,31,False,,fivethirtyeight,-24,G001994
1979,1979-12-16,,REG,CHI,ARI,42,6,False,,fivethirtyeight,36,G001995
1979,1979-12-17,,REG,LAC,DEN,17,7,False,,fivethirtyeight,10,G001996
1979,1979-12-23,,PLAYOFF,PHI,CHI,27,17,False,,fivethirtyeight,10,G001997
1979,1979-12-23,,PLAYOFF,TEN,DEN,13,7,False,,fivethirtyeight,6,G001998
1979,1979-12-29,,PLAYOFF,TB,PHI,24,17,False,,fivethirtyeight,7,G001999
1979,1979-12-29,,PLAYOFF,LAC,TEN,14,17,False,,fivethirtyeight,-3,G002000
1979,1979-12-30,,PLAYOFF,PIT,MIA,34,14,False,,fivethirtyeight,20,G002001
1979,1979-12-30,,PLAYOFF,DAL,LAR,19,21,False,,fivethirtyeight,-2,G002002
1979,1980-01-06,,PLAYOFF,TB,LAR,0,9,False,,fivethirtyeight,-9,G002003
1979,1980-01-06,,PLAYOFF,PIT,TEN,27,13,False,,fivethirtyeight,14,G002004
1979,1980-01-20,,PLAYOFF,LAR,PIT,19,31,True,,fivethirtyeight,-12,G002005
1980,1980-09-07,,REG,KC,OAK,14,27,False,,fivethirtyeight,-13,G002006
1980,1980-09-07,,REG,MIN,ATL,24,23,False,,fivethirtyeight,1,G002007
1980,1980-09-07,,REG,PIT,TEN,31,17,False,,fivethirtyeight,14,G002008
1980,1980-09-07,,REG,LAR,DET,20,41,False,,fivethirtyeight,-21,G002009
1980,1980-09-07,,REG,NO,SF,23,26,False,,fivethirtyeight,-3,G002010
1980,1980-09-07,,REG,PHI,DEN,27,6,False,,fivethirtyeight,21,G002011
1980,1980-09-07,,REG,SEA,LAC,13,34,False,,fivethirtyeight,-21,G002012
1980,1980-09-07,,REG,NYJ,IND,14,17,False,,fivethirtyeight,-3,G002013
1980,1980-09-07,,REG,NE,CLE,34,17,False,,fivethirtyeight,17,G002014
1980,1980-09-07,,REG,ARI,NYG,35,41,False,,fivethirtyeight,-6,G002015
1980,1980-09-07,,REG,CIN,TB,12,17,False,,fivethirtyeight,-5,G002016
1980,1980-09-07,,REG,BUF,MIA,17,7,False,,fivethirtyeight,10,G002017
1980,1980-09-07,,REG,GB,CHI,12,6,False,,fivethirtyeight,6,G002018
1980,1980-09-08,,REG,WSH,DAL,3,17,False,,fivethirtyeight,-14,G002019
1980,1980-09-11,,REG,TB,LAR,10,9,False,,fivethirtyeight,1,G002020
1980,1980-09-14,,REG,GB,DET,7,29,False,,fivethirtyeight,-22,G002021
1980,1980-09-14,,REG,IND,PIT,17,20,False,,fivethirtyeight,-3,G002022
1980,1980-09-14,,REG,MIA,CIN,17,16,False,,fivethirtyeight,1,G002023
1980,1980-09-14,,REG,DEN,DAL,41,20,False,,fivethirtyeight,21,G002024
1980,1980-09-14,,REG,BUF,NYJ,20,10,False,,fivethirtyeight,10,G002025
1980,1980-09-14,,REG,LAC,OAK,30,24,False,,fivethirtyeight,6,G002026
1980,1980-09-14,,REG,CHI,NO,22,3,False,,fivethirtyeight,19,G002027
1980,1980-09-14,,REG,NE,ATL,21,37,False,,fivethirtyeight,-16,G002028
1980,1980-09-14,,REG,KC,SEA,16,17,False,,fivethirtyeight,-1,G002029
1980,1980-09-14,,REG,MIN,PHI,7,42,False,,fivethirtyeight,-35,G002030
1980,1980-09-14,,REG,SF,ARI,24,21,False,,fivethirtyeight,3,G002031
1980,1980-09-14,,REG,NYG,WSH,21,23,False,,fivethirtyeight,-2,G002032
1980,1980-09-15,,REG,CLE,TEN,7,16,False,,fivethirtyeight,-9,G002033
1980,1980-09-21,,REG,ATL,MIA,17,20,False,,fivethirtyeight,-3,G002034
1980,1980-09-21,,REG,LAR,GB,51,21,False,,fivethirtyeight,30,G002035
1980,1980-09-21,,REG,DET,ARI,20,7,False,,fivethirtyeight,13,G002036
1980,1980-09-21,,REG,CHI,MIN,14,34,False,,fivethirtyeight,-20,G002037
1980,1980-09-21,,REG,CIN,PIT,30,28,False,,fivethirtyeight,2,G002038
1980,1980-09-21,,REG,CLE,KC,20,13,False,,fivethirtyeight,7,G002039
1980,1980-09-21,,REG,DAL,TB,28,17,False,,fivethirtyeight,11,G002040
1980,1980-09-21,,REG,NO,BUF,26,35,False,,fivethirtyeight,-9,G002041
1980,1980-09-21,,REG,NYJ,SF,27,37,False,,fivethirtyeight,-10,G002042
1980,1980-09-21,,REG,TEN,IND,21,16,False,,fivethirtyeight,5,G002043
1980,1980-09-21,,REG,OAK,WSH,24,21,False,,fivethirtyeight,3,G002044
1980,1980-09-21,,REG,SEA,NE,31,37,False,,fivethirtyeight,-6,G002045
1980,1980-09-21,,REG,DEN,LAC,13,30,False,,fivethirtyeight,-17,G002046
1980,1980-09-22,,REG,PHI,NYG,35,3,False,,fivethirtyeight,32,G002047
1980,1980-09-28,,REG,PIT,CHI,38,3,False,,fivethirtyeight,35,G002048
1980,1980-09-28,,REG,TB,CLE,27,34,False,,fivethirtyeight,-7,G002049
1980,1980-09-28,,REG,SF,ATL,17,20,False,,fivethirtyeight,-3,G002050
1980,1980-09-28,,REG,MIA,NO,21,16,False,,fivethirtyeight,5,G002051
1980,1980-09-28,,REG,GB,DAL,7,28,False,,fivethirtyeight,-21,G002052
1980,1980-09-28,,REG,WSH,SEA,0,14,False,,fivethirtyeight,-14,G002053
1980,1980-09-28,,REG,CIN,TEN,10,13,False,,fivethirtyeight,-3,G002054
1980,1980-09-28,,REG,NYG,LAR,7,28,False,,fivethirtyeight,-21,G002055
1980,1980-09-28,,REG,BUF,OAK,24,7,False,,fivethirtyeight,17,G002056
1980,1980-09-28,,REG,ARI,PHI,24,14,False,,fivethirtyeight,10,G002057
1980,1980-09-28,,REG,IND,NYJ,35,21,False,,fivethirtyeight,14,G002058
1980,1980-09-28,,REG,KC,LAC,7,24,False,,fivethirtyeight,-17,G002059
1980,1980-09-28,,REG,DET,MIN,27,7,False,,fivethirtyeight,20,G002060
1980,1980-09-29,,REG,NE,DEN,23,14,False,,fivethirtyeight,9,G002061
1980,1980-10-05,,REG,MIA,IND,17,30,False,,fivethirtyeight,-13,G002062
1980,1980-10-05,,REG,LAC,BUF,24,26,False,,fivethirtyeight,-2,G002063
1980,1980-10-05,,REG,ATL,DET,43,28,False,,fivethirtyeight,15,G002064
1980,1980-10-05,,REG,DAL,NYG,24,3,False,,fivethirtyeight,21,G002065
1980,1980-10-05,,REG,GB,CIN,14,9,False,,fivethirtyeight,5,G002066
1980,1980-10-05,,REG,MIN,PIT,17,23,False,,fivethirtyeight,-6,G002067
1980,1980-10-05,,REG,NO,ARI,7,40,False,,fivethirtyeight,-33,G002068
1980,1980-10-05,,REG,NYJ,NE,11,21,False,,fivethirtyeight,-10,G002069
1980,1980-10-05,,REG,TEN,SEA,7,26,False,,fivethirtyeight,-19,G002070
1980,1980-10-05,,REG,PHI,WSH,24,14,False,,fivethirtyeight,10,G002071
1980,1980-10-05,,REG,OAK,KC,17,31,False,,fivethirtyeight,-14,G002072
1980,1980-10-05,,REG,LAR,SF,48,26,False,,fivethirtyeight,22,G002073
1980,1980-10-05,,REG,CLE,DEN,16,19,False,,fivethirtyeight,-3,G002074
1980,1980-10-06,,REG,CHI,TB,23,0,False,,fivethirtyeight,23,G002075
1980,1980-10-12,,REG,TB,GB,14,14,False,,fivethirtyeight,0,G002076
1980,1980-10-12,,REG,SEA,CLE,3,27,False,,fivethirtyeight,-24,G002077
1980,1980-10-12,,REG,PIT,CIN,16,17,False,,fivethirtyeight,-1,G002078
1980,1980-10-12,,REG,NYG,PHI,16,31,False,,fivethirtyeight,-15,G002079
1980,1980-10-12,,REG,NE,MIA,34,0,False,,fivethirtyeight,34,G002080
1980,1980-10-12,,REG,MIN,CHI,13,7,False,,fivethirtyeight,6,G002081
1980,1980-10-12,,REG,DET,NO,24,13,False,,fivethirtyeight,11,G002082
1980,1980-10-12,,REG,DAL,SF,59,14,False,,fivethirtyeight,45,G002083
1980,1980-10-12,,REG,BUF,IND,12,17,False,,fivethirtyeight,-5,G002084
1980,1980-10-12,,REG,KC,TEN,21,20,False,,fivethirtyeight,1,G002085
1980,1980-10-12,,REG,OAK,LAC,38,24,False,,fivethirtyeight,14,G002086
1980,1980-10-12,,REG,ATL,NYJ,7,14,False,,fivethirtyeight,-7,G002087
1980,1980-10-12,,REG,ARI,LAR,13,21,False,,fivethirtyeight,-8,G002088
1980,1980-10-13,,REG,DEN,WSH,20,17,False,,fivethirtyeight,3,G002089
1980,1980-10-19,,REG,CIN,MIN,14,0,False,,fivethirtyeight,14,G002090
1980,1980-10-19,,REG,SF,LAR,17,31,False,,fivethirtyeight,-14,G002091
1980,1980-10-19,,REG,NYJ,SEA,17,27,False,,fivethirtyeight,-10,G002092
1980,1980-10-19,,REG,IND,NE,21,37,False,,fivethirtyeight,-16,G002093
1980,1980-10-19,,REG,CHI,DET,24,7,False,,fivethirtyeight,17,G002094
1980,1980-10-19,,REG,LAC,NYG,44,7,False,,fivethirtyeight,37,G002095
1980,1980-10-19,,REG,WSH,ARI,23,0,False,,fivethirtyeight,23,G002096
1980,1980-10-19,,REG,PHI,DAL,17,10,False,,fivethirtyeight,7,G002097
1980,1980-10-19,,REG,TEN,TB,20,14,False,,fivethirtyeight,6,G002098
1980,1980-10-19,,REG,NO,ATL,14,41,False,,fivethirtyeight,-27,G002099
1980,1980-10-19,,REG,MIA,BUF,17,14,False,,fivethirtyeight,3,G002100
1980,1980-10-19,,REG,DEN,KC,17,23,False,,fivethirtyeight,-6,G002101
1980,1980-10-19,,REG,CLE,GB,26,21,False,,fivethirtyeight,5,G002102
1980,1980-10-20,,REG,PIT,OAK,34,45,False,,fivethirtyeight,-11,G002103
1980,1980-10-26,,REG,PHI,CHI,17,14,False,,fivethirtyeight,3,G002104
1980,1980-10-26,,REG,OAK,SEA,33,14,False,,fivethirtyeight,19,G002105
1980,1980-10-26,,REG,CLE,PIT,27,26,False,,fivethirtyeight,1,G002106
1980,1980-10-26,,REG,BUF,NE,31,13,False,,fivethirtyeight,18,G002107
1980,1980-10-26,,REG,GB,MIN,16,3,False,,fivethirtyeight,13,G002108
1980,1980-10-26,,REG,DAL,LAC,42,31,False,,fivethirtyeight,11,G002109
1980,1980-10-26,,REG,ATL,LAR,13,10,False,,fivethirtyeight,3,G002110
1980,1980-10-26,,REG,IND,ARI,10,17,False,,fivethirtyeight,-7,G002111
1980,1980-10-26,,REG,NYG,DEN,9,14,False,,fivethirtyeight,-5,G002112
1980,1980-10-26,,REG,SF,TB,23,24,False,,fivethirtyeight,-1,G002113
1980,1980-10-26,,REG,WSH,NO,22,14,False,,fivethirtyeight,8,G002114
1980,1980-10-26,,REG,TEN,CIN,23,3,False,,fivethirtyeight,20,G002115
1980,1980-10-26,,REG,KC,DET,20,17,False,,fivethirtyeight,3,G002116
1980,1980-10-27,,REG,NYJ,MIA,17,14,False,,fivethirtyeight,3,G002117
1980,1980-11-02,,REG,SEA,PHI,20,27,False,,fivethirtyeight,-7,G002118
1980,1980-11-02,,REG,LAR,NO,45,31,False,,fivethirtyeight,14,G002119
1980,1980-11-02,,REG,DEN,TEN,16,20,False,,fivethirtyeight,-4,G002120
1980,1980-11-02,,REG,DET,SF,17,13,False,,fivethirtyeight,4,G002121
1980,1980-11-02,,REG,BUF,ATL,14,30,False,,fivethirtyeight,-16,G002122
1980,1980-11-02,,REG,ARI,DAL,24,27,False,,fivethirtyeight,-3,G002123
1980,1980-11-02,,REG,OAK,MIA,16,10,False,,fivethirtyeight,6,G002124
1980,1980-11-02,,REG,WSH,MIN,14,39,False,,fivethirtyeight,-25,G002125
1980,1980-11-02,,REG,CIN,LAC,14,31,False,,fivethirtyeight,-17,G002126
1980,1980-11-02,,REG,KC,IND,24,31,False,,fivethirtyeight,-7,G002127
1980,1980-11-02,,REG,PIT,GB,22,20,False,,fivethirtyeight,2,G002128
1980,1980-11-02,,REG,TB,NYG,30,13,False,,fivethirtyeight,17,G002129
1980,1980-11-02,,REG,NE,NYJ,34,21,False,,fivethirtyeight,13,G002130
1980,1980-11-03,,REG,CLE,CHI,27,21,False,,fivethirtyeight,6,G002131
1980,1980-11-09,,REG,IND,CLE,27,28,False,,fivethirtyeight,-1,G002132
1980,1980-11-09,,REG,LAR,MIA,14,35,False,,fivethirtyeight,-21,G002133
1980,1980-11-09,,REG,OAK,CIN,28,17,False,,fivethirtyeight,11,G002134
1980,1980-11-09,,REG,CHI,WSH,35,21,False,,fivethirtyeight,14,G002135
1980,1980-11-09,,REG,ARI,ATL,27,33,False,,fivethirtyeight,-6,G002136
1980,1980-11-09,,REG,GB,SF,23,16,False,,fivethirtyeight,7,G002137
1980,1980-11-09,,REG,MIN,DET,34,0,False,,fivethirtyeight,34,G002138
1980,1980-11-09,,REG,NO,PHI,21,34,False,,fivethirtyeight,-13,G002139
1980,1980-11-09,,REG,NYG,DAL,38,35,False,,fivethirtyeight,3,G002140
1980,1980-11-09,,REG,NYJ,BUF,24,31,False,,fivethirtyeight,-7,G002141
1980,1980-11-09,,REG,SEA,KC,30,31,False,,fivethirtyeight,-1,G002142
1980,1980-11-09,,REG,LAC,DEN,13,20,False,,fivethirtyeight,-7,G002143
1980,1980-11-09,,REG,TB,PIT,21,24,False,,fivethirtyeight,-3,G002144
1980,1980-11-10,,REG,TEN,NE,38,34,False,,fivethirtyeight,4,G002145
1980,1980-11-16,,REG,NYG,GB,27,21,False,,fivethirtyeight,6,G002146
1980,1980-11-16,,REG,CHI,TEN,6,10,False,,fivethirtyeight,-4,G002147
1980,1980-11-16,,REG,MIN,TB,38,30,False,,fivethirtyeight,8,G002148
1980,1980-11-16,,REG,MIA,SF,17,13,False,,fivethirtyeight,4,G002149
1980,1980-11-16,,REG,NE,LAR,14,17,False,,fivethirtyeight,-3,G002150
1980,1980-11-16,,REG,DET,IND,9,10,False,,fivethirtyeight,-1,G002151
1980,1980-11-16,,REG,DEN,NYJ,31,24,False,,fivethirtyeight,7,G002152
1980,1980-11-16,,REG,DAL,ARI,31,21,False,,fivethirtyeight,10,G002153
1980,1980-11-16,,REG,CIN,BUF,0,14,False,,fivethirtyeight,-14,G002154
1980,1980-11-16,,REG,ATL,NO,31,13,False,,fivethirtyeight,18,G002155
1980,1980-11-16,,REG,LAC,KC,20,7,False,,fivethirtyeight,13,G002156
1980,1980-11-16,,REG,PIT,CLE,16,13,False,,fivethirtyeight,3,G002157
1980,1980-11-16,,REG,WSH,PHI,0,24,False,,fivethirtyeight,-24,G002158
1980,1980-11-17,,REG,SEA,OAK,17,19,False,,fivethirtyeight,-2,G002159
1980,1980-11-20,,REG,MIA,LAC,24,27,False,,fivethirtyeight,-3,G002160
1980,1980-11-23,,REG,MIN,GB,13,25,False,,fivethirtyeight,-12,G002161
1980,1980-11-23,,REG,TB,DET,10,24,False,,fivethirtyeight,-14,G002162
1980,1980-11-23,,REG,DEN,SEA,36,20,False,,fivethirtyeight,16,G002163
1980,1980-11-23,,REG,SF,NYG,12,0,False,,fivethirtyeight,12,G002164
1980,1980-11-23,,REG,BUF,PIT,28,13,False,,fivethirtyeight,15,G002165
1980,1980-11-23,,REG,ATL,CHI,28,17,False,,fivethirtyeight,11,G002166
1980,1980-11-23,,REG,ARI,KC,13,21,False,,fivethirtyeight,-8,G002167
1980,1980-11-23,,REG,DAL,WSH,14,10,False,,fivethirtyeight,4,G002168
1980,1980-11-23,,REG,PHI,OAK,10,7,False,,fivethirtyeight,3,G002169
1980,1980-11-23,,REG,NYJ,TEN,31,28,False,,fivethirtyeight,3,G002170
1980,1980-11-23,,REG,NE,IND,47,21,False,,fivethirtyeight,26,G002171
1980,1980-11-23,,REG,CLE,CIN,31,7,False,,fivethirtyeight,24,G002172
1980,1980-11-24,,REG,NO,LAR,7,27,False,,fivethirtyeight,-20,G002173
1980,1980-11-27,,REG,DAL,SEA,51,7,False,,fivethirtyeight,44,G002174
1980,1980-11-27,,REG,DET,CHI,17,23,False,,fivethirtyeight,-6,G002175
1980,1980-11-30,,REG,LAC,PHI,22,21,False,,fivethirtyeight,1,G002176
1980,1980-11-30,,REG,SF,NE,21,17,False,,fivethirtyeight,4,G002177
1980,1980-11-30,,REG,NYG,ARI,7,23,False,,fivethirtyeight,-16,G002178
1980,1980-11-30,,REG,NO,MIN,20,23,False,,fivethirtyeight,-3,G002179
1980,1980-11-30,,REG,KC,CIN,6,20,False,,fivethirtyeight,-14,G002180
1980,1980-11-30,,REG,GB,TB,17,20,False,,fivethirtyeight,-3,G002181
1980,1980-11-30,,REG,IND,BUF,28,24,False,,fivethirtyeight,4,G002182
1980,1980-11-30,,REG,ATL,WSH,10,6,False,,fivethirtyeight,4,G002183
1980,1980-11-30,,REG,LAR,NYJ,38,13,False,,fivethirtyeight,25,G002184
1980,1980-11-30,,REG,PIT,MIA,23,10,False,,fivethirtyeight,13,G002185
1980,1980-11-30,,REG,TEN,CLE,14,17,False,,fivethirtyeight,-3,G002186
1980,1980-12-01,,REG,OAK,DEN,9,3,False,,fivethirtyeight,6,G002187
1980,1980-12-04,,REG,TEN,PIT,6,0,False,,fivethirtyeight,6,G002188
1980,1980-12-07,,REG,CIN,IND,34,33,False,,fivethirtyeight,1,G002189
1980,1980-12-07,,REG,ARI,DET,24,23,False,,fivethirtyeight,1,G002190
1980,1980-12-07,,REG,BUF,LAR,10,7,False,,fivethirtyeight,3,G002191
1980,1980-12-07,,REG,KC,DEN,31,14,False,,fivethirtyeight,17,G002192
1980,1980-12-07,,REG,PHI,ATL,17,20,False,,fivethirtyeight,-3,G002193
1980,1980-12-07,,REG,OAK,DAL,13,19,False,,fivethirtyeight,-6,G002194
1980,1980-12-07,,REG,SEA,NYG,21,27,False,,fivethirtyeight,-6,G002195
1980,1980-12-07,,REG,SF,NO,38,35,False,,fivethirtyeight,3,G002196
1980,1980-12-07,,REG,TB,MIN,10,21,False,,fivethirtyeight,-11,G002197
1980,1980-12-07,,REG,WSH,LAC,40,17,False,,fivethirtyeight,23,G002198
1980,1980-12-07,,REG,CHI,GB,61,7,False,,fivethirtyeight,54,G002199
1980,1980-12-07,,REG,CLE,NYJ,17,14,False,,fivethirtyeight,3,G002200
1980,1980-12-08,,REG,MIA,NE,16,13,False,,fivethirtyeight,3,G002201
1980,1980-12-13,,REG,WSH,NYG,16,13,False,,fivethirtyeight,3,G002202
1980,1980-12-13,,REG,LAC,SEA,21,14,False,,fivethirtyeight,7,G002203
1980,1980-12-14,,REG,ATL,SF,35,10,False,,fivethirtyeight,25,G002204
1980,1980-12-14,,REG,NE,BUF,24,2,False,,fivethirtyeight,22,G002205
1980,1980-12-14,,REG,PIT,KC,21,16,False,,fivethirtyeight,5,G002206
1980,1980-12-14,,REG,PHI,ARI,17,3,False,,fivethirtyeight,14,G002207
1980,1980-12-14,,REG,NYJ,NO,20,21,False,,fivethirtyeight,-1,G002208
1980,1980-12-14,,REG,MIN,CLE,28,23,False,,fivethirtyeight,5,G002209
1980,1980-12-14,,REG,GB,TEN,3,22,False,,fivethirtyeight,-19,G002210
1980,1980-12-14,,REG,DET,TB,27,14,False,,fivethirtyeight,13,G002211
1980,1980-12-14,,REG,DEN,OAK,21,24,False,,fivethirtyeight,-3,G002212
1980,1980-12-14,,REG,IND,MIA,14,24,False,,fivethirtyeight,-10,G002213
1980,1980-12-14,,REG,CHI,CIN,14,17,False,,fivethirtyeight,-3,G002214
1980,1980-12-15,,REG,LAR,DAL,38,14,False,,fivethirtyeight,24,G002215
1980,1980-12-20,,REG,TB,CHI,13,14,False,,fivethirtyeight,-1,G002216
1980,1980-12-20,,REG,MIA,NYJ,17,24,False,,fivethirtyeight,-7,G002217
1980,1980-12-21,,REG,NYG,OAK,17,33,False,,fivethirtyeight,-16,G002218
1980,1980-12-21,,REG,TEN,MIN,20,16,False,,fivethirtyeight,4,G002219
1980,1980-12-21,,REG,SF,BUF,13,18,False,,fivethirtyeight,-5,G002220
1980,1980-12-21,,REG,CIN,CLE,24,27,False,,fivethirtyeight,-3,G002221
1980,1980-12-21,,REG,IND,KC,28,38,False,,fivethirtyeight,-10,G002222
1980,1980-12-21,,REG,ARI,WSH,7,31,False,,fivethirtyeight,-24,G002223
1980,1980-12-21,,REG,LAR,ATL,20,17,False,,fivethirtyeight,3,G002224
1980,1980-12-21,,REG,DAL,PHI,35,27,False,,fivethirtyeight,8,G002225
1980,1980-12-21,,REG,DET,GB,24,3,False,,fivethirtyeight,21,G002226
1980,1980-12-21,,REG,SEA,DEN,17,25,False,,fivethirtyeight,-8,G002227
1980,1980-12-21,,REG,NO,NE,27,38,False,,fivethirtyeight,-11,G002228
1980,1980-12-22,,REG,LAC,PIT,26,17,False,,fivethirtyeight,9,G002229
1980,1980-12-28,,PLAYOFF,OAK,TEN,27,7,False,,fivethirtyeight,20,G002230
1980,1980-12-28,,PLAYOFF,DAL,LAR,34,13,False,,fivethirtyeight,21,G002231
1980,1981-01-03,,PLAYOFF,PHI,MIN,31,16,False,,fivethirtyeight,15,G002232
1980,1981-01-03,,PLAYOFF,LAC,BUF,20,14,False,,fivethirtyeight,6,G002233
1980,1981-01-04,,PLAYOFF,ATL,DAL,27,30,False,,fivethirtyeight,-3,G002234
1980,1981-01-04,,PLAYOFF,CLE,OAK,12,14,False,,fivethirtyeight,-2,G002235
1980,1981-01-11,,PLAYOFF,PHI,DAL,20,7,False,,fivethirtyeight,13,G002236
1980,1981-01-11,,PLAYOFF,LAC,OAK,27,34,False,,fivethirtyeight,-7,G002237
1980,1981-01-25,,PLAYOFF,OAK,PHI,27,10,True,,fivethirtyeight,17,G002238
1981,1981-09-05,,REG,TB,MIN,21,13,False,,fivethirtyeight,8,G002239
1981,1981-09-06,,REG,ARI,MIA,7,20,False,,fivethirtyeight,-13,G002240
1981,1981-09-06,,REG,PIT,KC,33,37,False,,fivethirtyeight,-4,G002241
1981,1981-09-06,,REG,CIN,SEA,27,21,False,,fivethirtyeight,6,G002242
1981,1981-09-06,,REG,NYG,PHI,10,24,False,,fivethirtyeight,-14,G002243
1981,1981-09-06,,REG,LAR,TEN,20,27,False,,fivethirtyeight,-7,G002244
1981,1981-09-06,,REG,WSH,DAL,10,26,False,,fivethirtyeight,-16,G002245
1981,1981-09-06,,REG,DET,SF,24,17,False,,fivethirtyeight,7,G002246
1981,1981-09-06,,REG,NE,IND,28,29,False,,fivethirtyeight,-1,G002247
1981,1981-09-06,,REG,CHI,GB,9,16,False,,fivethirtyeight,-7,G002248
1981,1981-09-06,,REG,DEN,OAK,9,7,False,,fivethirtyeight,2,G002249
1981,1981-09-06,,REG,ATL,NO,27,0,False,,fivethirtyeight,27,G002250
1981,1981-09-06,,REG,BUF,NYJ,31,0,False,,fivethirtyeight,31,G002251
1981,1981-09-07,,REG,CLE,LAC,14,44,False,,fivethirtyeight,-30,G002252
1981,1981-09-10,,REG,MIA,PIT,30,10,False,,fivethirtyeight,20,G002253
1981,1981-09-13,,REG,WSH,NYG,7,17,False,,fivethirtyeight,-10,G002254
1981,1981-09-13,,REG,LAC,DET,28,23,False,,fivethirtyeight,5,G002255
1981,1981-09-13,,REG,NO,LAR,23,17,False,,fivethirtyeight,6,G002256
1981,1981-09-13,,REG,CLE,TEN,3,9,False,,fivethirtyeight,-6,G002257
1981,1981-09-13,,REG,IND,BUF,3,35,False,,fivethirtyeight,-32,G002258
1981,1981-09-13,,REG,DAL,ARI,30,17,False,,fivethirtyeight,13,G002259
1981,1981-09-13,,REG,GB,ATL,17,31,False,,fivethirtyeight,-14,G002260
1981,1981-09-13,,REG,KC,TB,19,10,False,,fivethirtyeight,9,G002261
1981,1981-09-13,,REG,NYJ,CIN,30,31,False,,fivethirtyeight,-1,G002262
1981,1981-09-13,,REG,SF,CHI,28,17,False,,fivethirtyeight,11,G002263
1981,1981-09-13,,REG,SEA,DEN,13,10,False,,fivethirtyeight,3,G002264
1981,1981-09-13,,REG,PHI,NE,13,3,False,,fivethirtyeight,10,G002265
1981,1981-09-14,,REG,MIN,OAK,10,36,False,,fivethirtyeight,-26,G002266
1981,1981-09-17,,REG,BUF,PHI,14,20,False,,fivethirtyeight,-6,G002267
1981,1981-09-20,,REG,ATL,SF,34,17,False,,fivethirtyeight,17,G002268
1981,1981-09-20,,REG,MIN,DET,26,24,False,,fivethirtyeight,2,G002269
1981,1981-09-20,,REG,PIT,NYJ,38,10,False,,fivethirtyeight,28,G002270
1981,1981-09-20,,REG,CHI,TB,28,17,False,,fivethirtyeight,11,G002271
1981,1981-09-20,,REG,DEN,IND,28,10,False,,fivethirtyeight,18,G002272
1981,1981-09-20,,REG,ARI,WSH,40,30,False,,fivethirtyeight,10,G002273
1981,1981-09-20,,REG,CIN,CLE,17,20,False,,fivethirtyeight,-3,G002274
1981,1981-09-20,,REG,KC,LAC,31,42,False,,fivethirtyeight,-11,G002275
1981,1981-09-20,,REG,LAR,GB,35,23,False,,fivethirtyeight,12,G002276
1981,1981-09-20,,REG,OAK,SEA,20,10,False,,fivethirtyeight,10,G002277
1981,1981-09-20,,REG,TEN,MIA,10,16,False,,fivethirtyeight,-6,G002278
1981,1981-09-20,,REG,NYG,NO,20,7,False,,fivethirtyeight,13,G002279
1981,1981-09-21,,REG,NE,DAL,21,35,False,,fivethirtyeight,-14,G002280
1981,1981-09-27,,REG,DEN,LAC,42,24,False,,fivethirtyeight,18,G002281
1981,1981-09-27,,REG,CIN,BUF,27,24,False,,fivethirtyeight,3,G002282
1981,1981-09-27,,REG,CLE,ATL,28,17,False,,fivethirtyeight,11,G002283
1981,1981-09-27,,REG,IND,MIA,28,31,False,,fivethirtyeight,-3,G002284
1981,1981-09-27,,REG,DET,OAK,16,0,False,,fivethirtyeight,16,G002285
1981,1981-09-27,,REG,GB,MIN,13,30,False,,fivethirtyeight,-17,G002286
1981,1981-09-27,,REG,NYJ,TEN,33,17,False,,fivethirtyeight,16,G002287
1981,1981-09-27,,REG,PHI,WSH,36,13,False,,fivethirtyeight,23,G002288
1981,1981-09-27,,REG,PIT,NE,27,21,False,,fivethirtyeight,6,G002289
1981,1981-09-27,,REG,SEA,KC,14,20,False,,fivethirtyeight,-6,G002290
1981,1981-09-27,,REG,SF,NO,21,14,False,,fivethirtyeight,7,G002291
1981,1981-09-27,,REG,DAL,NYG,18,10,False,,fivethirtyeight,8,G002292
1981,1981-09-27,,REG,TB,ARI,20,10,False,,fivethirtyeight,10,G002293
1981,1981-09-28,,REG,CHI,LAR,7,24,False,,fivethirtyeight,-17,G002294
1981,1981-10-04,,REG,NE,KC,33,17,False,,fivethirtyeight,16,G002295
1981,1981-10-04,,REG,BUF,IND,23,17,False,,fivethirtyeight,6,G002296
1981,1981-10-04,,REG,MIN,CHI,24,21,False,,fivethirtyeight,3,G002297
1981,1981-10-04,,REG,MIA,NYJ,28,28,False,,fivethirtyeight,0,G002298
1981,1981-10-04,,REG,TEN,CIN,17,10,False,,fivethirtyeight,7,G002299
1981,1981-10-04,,REG,OAK,DEN,0,17,False,,fivethirtyeight,-17,G002300
1981,1981-10-04,,REG,TB,DET,28,10,False,,fivethirtyeight,18,G002301
1981,1981-10-04,,REG,ARI,DAL,20,17,False,,fivethirtyeight,3,G002302
1981,1981-10-04,,REG,LAR,CLE,27,16,False,,fivethirtyeight,11,G002303
1981,1981-10-04,,REG,WSH,SF,17,30,False,,fivethirtyeight,-13,G002304
1981,1981-10-04,,REG,LAC,SEA,24,10,False,,fivethirtyeight,14,G002305
1981,1981-10-04,,REG,NO,PIT,6,20,False,,fivethirtyeight,-14,G002306
1981,1981-10-04,,REG,NYG,GB,14,27,False,,fivethirtyeight,-13,G002307
1981,1981-10-05,,REG,PHI,ATL,16,13,False,,fivethirtyeight,3,G002308
1981,1981-10-11,,REG,IND,CIN,19,41,False,,fivethirtyeight,-22,G002309
1981,1981-10-11,,REG,LAC,MIN,31,33,False,,fivethirtyeight,-2,G002310
1981,1981-10-11,,REG,TEN,SEA,35,17,False,,fivethirtyeight,18,G002311
1981,1981-10-11,,REG,ATL,LAR,35,37,False,,fivethirtyeight,-2,G002312
1981,1981-10-11,,REG,NO,PHI,14,31,False,,fivethirtyeight,-17,G002313
1981,1981-10-11,,REG,SF,DAL,45,14,False,,fivethirtyeight,31,G002314
1981,1981-10-11,,REG,PIT,CLE,13,7,False,,fivethirtyeight,6,G002315
1981,1981-10-11,,REG,NYJ,NE,28,24,False,,fivethirtyeight,4,G002316
1981,1981-10-11,,REG,NYG,ARI,34,14,False,,fivethirtyeight,20,G002317
1981,1981-10-11,,REG,KC,OAK,27,0,False,,fivethirtyeight,27,G002318
1981,1981-10-11,,REG,GB,TB,10,21,False,,fivethirtyeight,-11,G002319
1981,1981-10-11,,REG,DEN,DET,27,21,False,,fivethirtyeight,6,G002320
1981,1981-10-11,,REG,CHI,WSH,7,24,False,,fivethirtyeight,-17,G002321
1981,1981-10-12,,REG,BUF,MIA,31,21,False,,fivethirtyeight,10,G002322
1981,1981-10-18,,REG,GB,SF,3,13,False,,fivethirtyeight,-10,G002323
1981,1981-10-18,,REG,CLE,NO,20,17,False,,fivethirtyeight,3,G002324
1981,1981-10-18,,REG,CIN,PIT,34,7,False,,fivethirtyeight,27,G002325
1981,1981-10-18,,REG,ATL,ARI,41,20,False,,fivethirtyeight,21,G002326
1981,1981-10-18,,REG,MIA,WSH,13,10,False,,fivethirtyeight,3,G002327
1981,1981-10-18,,REG,MIN,PHI,35,23,False,,fivethirtyeight,12,G002328
1981,1981-10-18,,REG,NE,TEN,38,10,False,,fivethirtyeight,28,G002329
1981,1981-10-18,,REG,NYJ,BUF,33,14,False,,fivethirtyeight,19,G002330
1981,1981-10-18,,REG,OAK,TB,18,16,False,,fivethirtyeight,2,G002331
1981,1981-10-18,,REG,SEA,NYG,0,32,False,,fivethirtyeight,-32,G002332
1981,1981-10-18,,REG,KC,DEN,28,14,False,,fivethirtyeight,14,G002333
1981,1981-10-18,,REG,IND,LAC,14,43,False,,fivethirtyeight,-29,G002334
1981,1981-10-18,,REG,DAL,LAR,29,17,False,,fivethirtyeight,12,G002335
1981,1981-10-19,,REG,DET,CHI,48,17,False,,fivethirtyeight,31,G002336
1981,1981-10-25,,REG,WSH,NE,24,22,False,,fivethirtyeight,2,G002337
1981,1981-10-25,,REG,CHI,LAC,20,17,False,,fivethirtyeight,3,G002338
1981,1981-10-25,,REG,SF,LAR,20,17,False,,fivethirtyeight,3,G002339
1981,1981-10-25,,REG,ATL,NYG,24,27,False,,fivethirtyeight,-3,G002340
1981,1981-10-25,,REG,BUF,DEN,9,7,False,,fivethirtyeight,2,G002341
1981,1981-10-25,,REG,CLE,IND,42,28,False,,fivethirtyeight,14,G002342
1981,1981-10-25,,REG,ARI,MIN,30,17,False,,fivethirtyeight,13,G002343
1981,1981-10-25,,REG,NYJ,SEA,3,19,False,,fivethirtyeight,-16,G002344
1981,1981-10-25,,REG,DAL,MIA,28,27,False,,fivethirtyeight,1,G002345
1981,1981-10-25,,REG,DET,GB,31,27,False,,fivethirtyeight,4,G002346
1981,1981-10-25,,REG,NO,CIN,17,7,False,,fivethirtyeight,10,G002347
1981,1981-10-25,,REG,PHI,TB,20,10,False,,fivethirtyeight,10,G002348
1981,1981-10-25,,REG,OAK,KC,17,28,False,,fivethirtyeight,-11,G002349
1981,1981-10-26,,REG,PIT,TEN,26,13,False,,fivethirtyeight,13,G002350
1981,1981-11-01,,REG,NO,ATL,10,41,False,,fivethirtyeight,-31,G002351
1981,1981-11-01,,REG,CIN,TEN,34,21,False,,fivethirtyeight,13,G002352
1981,1981-11-01,,REG,GB,SEA,34,24,False,,fivethirtyeight,10,G002353
1981,1981-11-01,,REG,PIT,SF,14,17,False,,fivethirtyeight,-3,G002354
1981,1981-11-01,,REG,LAR,DET,20,13,False,,fivethirtyeight,7,G002355
1981,1981-11-01,,REG,OAK,NE,27,17,False,,fivethirtyeight,10,G002356
1981,1981-11-01,,REG,TB,CHI,20,10,False,,fivethirtyeight,10,G002357
1981,1981-11-01,,REG,MIA,IND,27,10,False,,fivethirtyeight,17,G002358
1981,1981-11-01,,REG,NYG,NYJ,7,26,False,,fivethirtyeight,-19,G002359
1981,1981-11-01,,REG,BUF,CLE,22,13,False,,fivethirtyeight,9,G002360
1981,1981-11-01,,REG,LAC,KC,22,20,False,,fivethirtyeight,2,G002361
1981,1981-11-01,,REG,WSH,ARI,42,21,False,,fivethirtyeight,21,G002362
1981,1981-11-01,,REG,PHI,DAL,14,17,False,,fivethirtyeight,-3,G002363
1981,1981-11-02,,REG,DEN,MIN,19,17,False,,fivethirtyeight,2,G002364
1981,1981-11-08,,REG,NE,MIA,27,30,False,,fivethirtyeight,-3,G002365
1981,1981-11-08,,REG,SEA,PIT,24,21,False,,fivethirtyeight,3,G002366
1981,1981-11-08,,REG,DEN,CLE,23,20,False,,fivethirtyeight,3,G002367
1981,1981-11-08,,REG,LAR,NO,13,21,False,,fivethirtyeight,-8,G002368
1981,1981-11-08,,REG,LAC,CIN,17,40,False,,fivethirtyeight,-23,G002369
1981,1981-11-08,,REG,IND,NYJ,14,41,False,,fivethirtyeight,-27,G002370
1981,1981-11-08,,REG,ARI,PHI,10,52,False,,fivethirtyeight,-42,G002371
1981,1981-11-08,,REG,GB,NYG,26,24,False,,fivethirtyeight,2,G002372
1981,1981-11-08,,REG,KC,CHI,13,16,False,,fivethirtyeight,-3,G002373
1981,1981-11-08,,REG,MIN,TB,25,10,False,,fivethirtyeight,15,G002374
1981,1981-11-08,,REG,SF,ATL,17,14,False,,fivethirtyeight,3,G002375
1981,1981-11-08,,REG,TEN,OAK,17,16,False,,fivethirtyeight,1,G002376
1981,1981-11-08,,REG,WSH,DET,33,31,False,,fivethirtyeight,2,G002377
1981,1981-11-09,,REG,DAL,BUF,27,14,False,,fivethirtyeight,13,G002378
1981,1981-11-15,,REG,SF,CLE,12,15,False,,fivethirtyeight,-3,G002379
1981,1981-11-15,,REG,PHI,IND,38,13,False,,fivethirtyeight,25,G002380
1981,1981-11-15,,REG,CIN,LAR,24,10,False,,fivethirtyeight,14,G002381
1981,1981-11-15,,REG,NYG,WSH,27,30,False,,fivethirtyeight,-3,G002382
1981,1981-11-15,,REG,NE,NYJ,6,17,False,,fivethirtyeight,-11,G002383
1981,1981-11-15,,REG,GB,CHI,21,17,False,,fivethirtyeight,4,G002384
1981,1981-11-15,,REG,TB,DEN,7,24,False,,fivethirtyeight,-17,G002385
1981,1981-11-15,,REG,KC,TEN,23,10,False,,fivethirtyeight,13,G002386
1981,1981-11-15,,REG,DET,DAL,27,24,False,,fivethirtyeight,3,G002387
1981,1981-11-15,,REG,ARI,BUF,24,0,False,,fivethirtyeight,24,G002388
1981,1981-11-15,,REG,ATL,PIT,20,34,False,,fivethirtyeight,-14,G002389
1981,1981-11-15,,REG,MIN,NO,20,10,False,,fivethirtyeight,10,G002390
1981,1981-11-15,,REG,MIA,OAK,17,33,False,,fivethirtyeight,-16,G002391
1981,1981-11-16,,REG,SEA,LAC,44,23,False,,fivethirtyeight,21,G002392
1981,1981-11-22,,REG,PHI,NYG,10,20,False,,fivethirtyeight,-10,G002393
1981,1981-11-22,,REG,LAR,SF,31,33,False,,fivethirtyeight,-2,G002394
1981,1981-11-22,,REG,OAK,LAC,21,55,False,,fivethirtyeight,-34,G002395
1981,1981-11-22,,REG,TB,GB,37,3,False,,fivethirtyeight,34,G002396
1981,1981-11-22,,REG,TEN,NO,24,27,False,,fivethirtyeight,-3,G002397
1981,1981-11-22,,REG,NYJ,MIA,16,15,False,,fivethirtyeight,1,G002398
1981,1981-11-22,,REG,KC,SEA,40,13,False,,fivethirtyeight,27,G002399
1981,1981-11-22,,REG,DAL,WSH,24,10,False,,fivethirtyeight,14,G002400
1981,1981-11-22,,REG,IND,ARI,24,35,False,,fivethirtyeight,-11,G002401
1981,1981-11-22,,REG,CIN,DEN,38,21,False,,fivethirtyeight,17,G002402
1981,1981-11-22,,REG,CHI,DET,7,23,False,,fivethirtyeight,-16,G002403
1981,1981-11-22,,REG,BUF,NE,20,17,False,,fivethirtyeight,3,G002404
1981,1981-11-22,,REG,CLE,PIT,10,32,False,,fivethirtyeight,-22,G002405
1981,1981-11-23,,REG,ATL,MIN,31,30,False,,fivethirtyeight,1,G002406
1981,1981-11-26,,REG,DAL,CHI,10,9,False,,fivethirtyeight,1,G002407
1981,1981-11-26,,REG,DET,KC,27,10,False,,fivethirtyeight,17,G002408
1981,1981-11-29,,REG,BUF,WSH,21,14,False,,fivethirtyeight,7,G002409
1981,1981-11-29,,REG,CLE,CIN,21,41,False,,fivethirtyeight,-20,G002410
1981,1981-11-29,,REG,PIT,LAR,24,0,False,,fivethirtyeight,24,G002411
1981,1981-11-29,,REG,NO,TB,14,31,False,,fivethirtyeight,-17,G002412
1981,1981-11-29,,REG,NE,ARI,20,27,False,,fivethirtyeight,-7,G002413
1981,1981-11-29,,REG,NYJ,IND,25,0,False,,fivethirtyeight,25,G002414
1981,1981-11-29,,REG,SEA,OAK,31,32,False,,fivethirtyeight,-1,G002415
1981,1981-11-29,,REG,SF,NYG,17,10,False,,fivethirtyeight,7,G002416
1981,1981-11-29,,REG,MIN,GB,23,35,False,,fivethirtyeight,-12,G002417
1981,1981-11-29,,REG,TEN,ATL,27,31,False,,fivethirtyeight,-4,G002418
1981,1981-11-29,,REG,LAC,DEN,34,17,False,,fivethirtyeight,17,G002419
1981,1981-11-30,,REG,MIA,PHI,13,10,False,,fivethirtyeight,3,G002420
1981,1981-12-03,,REG,TEN,CLE,17,13,False,,fivethirtyeight,4,G002421
1981,1981-12-06,,REG,LAC,BUF,27,28,False,,fivethirtyeight,-1,G002422
1981,1981-12-06,,REG,NYG,LAR,10,7,False,,fivethirtyeight,3,G002423
1981,1981-12-06,,REG,SEA,NYJ,27,23,False,,fivethirtyeight,4,G002424
1981,1981-12-06,,REG,WSH,PHI,15,13,False,,fivethirtyeight,2,G002425
1981,1981-12-06,,REG,TB,ATL,24,23,False,,fivethirtyeight,1,G002426
1981,1981-12-06,,REG,MIA,NE,24,14,False,,fivethirtyeight,10,G002427
1981,1981-12-06,,REG,GB,DET,31,17,False,,fivethirtyeight,14,G002428
1981,1981-12-06,,REG,DEN,KC,16,13,False,,fivethirtyeight,3,G002429
1981,1981-12-06,,REG,ARI,NO,30,3,False,,fivethirtyeight,27,G002430
1981,1981-12-06,,REG,IND,DAL,13,37,False,,fivethirtyeight,-24,G002431
1981,1981-12-06,,REG,CIN,SF,3,21,False,,fivethirtyeight,-18,G002432
1981,1981-12-06,,REG,CHI,MIN,10,9,False,,fivethirtyeight,1,G002433
1981,1981-12-07,,REG,OAK,PIT,30,27,False,,fivethirtyeight,3,G002434
1981,1981-12-12,,REG,DET,MIN,45,7,False,,fivethirtyeight,38,G002435
1981,1981-12-12,,REG,CLE,NYJ,13,14,False,,fivethirtyeight,-1,G002436
1981,1981-12-13,,REG,DEN,SEA,23,13,False,,fivethirtyeight,10,G002437
1981,1981-12-13,,REG,TB,LAC,23,24,False,,fivethirtyeight,-1,G002438
1981,1981-12-13,,REG,WSH,IND,38,14,False,,fivethirtyeight,24,G002439
1981,1981-12-13,,REG,SF,TEN,28,6,False,,fivethirtyeight,22,G002440
1981,1981-12-13,,REG,OAK,CHI,6,23,False,,fivethirtyeight,-17,G002441
1981,1981-12-13,,REG,PIT,CIN,10,17,False,,fivethirtyeight,-7,G002442
1981,1981-12-13,,REG,NE,BUF,10,19,False,,fivethirtyeight,-9,G002443
1981,1981-12-13,,REG,NO,GB,7,35,False,,fivethirtyeight,-28,G002444
1981,1981-12-13,,REG,KC,MIA,7,17,False,,fivethirtyeight,-10,G002445
1981,1981-12-13,,REG,DAL,PHI,21,10,False,,fivethirtyeight,11,G002446
1981,1981-12-13,,REG,ARI,NYG,10,20,False,,fivethirtyeight,-10,G002447
1981,1981-12-14,,REG,LAR,ATL,21,16,False,,fivethirtyeight,5,G002448
1981,1981-12-19,,REG,MIA,BUF,16,6,False,,fivethirtyeight,10,G002449
1981,1981-12-19,,REG,NYG,DAL,13,10,False,,fivethirtyeight,3,G002450
1981,1981-12-20,,REG,TEN,PIT,21,20,False,,fivethirtyeight,1,G002451
1981,1981-12-20,,REG,IND,NE,23,21,False,,fivethirtyeight,2,G002452
1981,1981-12-20,,REG,NO,SF,17,21,False,,fivethirtyeight,-4,G002453
1981,1981-12-20,,REG,LAR,WSH,7,30,False,,fivethirtyeight,-23,G002454
1981,1981-12-20,,REG,MIN,KC,6,10,False,,fivethirtyeight,-4,G002455
1981,1981-12-20,,REG,SEA,CLE,42,21,False,,fivethirtyeight,21,G002456
1981,1981-12-20,,REG,PHI,ARI,38,0,False,,fivethirtyeight,38,G002457
1981,1981-12-20,,REG,CHI,DEN,35,24,False,,fivethirtyeight,11,G002458
1981,1981-12-20,,REG,DET,TB,17,20,False,,fivethirtyeight,-3,G002459
1981,1981-12-20,,REG,NYJ,GB,28,3,False,,fivethirtyeight,25,G002460
1981,1981-12-20,,REG,ATL,CIN,28,30,False,,fivethirtyeight,-2,G002461
1981,1981-12-21,,REG,LAC,OAK,23,10,False,,fivethirtyeight,13,G002462
1981,1981-12-27,,PLAYOFF,NYJ,BUF,27,31,False,,fivethirtyeight,-4,G002463
1981,1981-12-27,,PLAYOFF,PHI,NYG,21,27,False,,fivethirtyeight,-6,G002464
1981,1982-01-02,,PLAYOFF,MIA,LAC,38,41,False,,fivethirtyeight,-3,G002465
1981,1982-01-02,,PLAYOFF,DAL,TB,38,0,False,,fivethirtyeight,38,G002466
1981,1982-01-03,,PLAYOFF,SF,NYG,38,24,False,,fivethirtyeight,14,G002467
1981,1982-01-03,,PLAYOFF,CIN,BUF,28,21,False,,fivethirtyeight,7,G002468
1981,1982-01-10,,PLAYOFF,SF,DAL,28,27,False,,fivethirtyeight,1,G002469
1981,1982-01-10,,PLAYOFF,CIN,LAC,27,7,False,,fivethirtyeight,20,G002470
1981,1982-01-24,,PLAYOFF,SF,CIN,26,21,True,,fivethirtyeight,5,G002471
1982,1982-09-12,,REG,SF,OAK,17,23,False,,fivethirtyeight,-6,G002472
1982,1982-09-12,,REG,CIN,TEN,27,6,False,,fivethirtyeight,21,G002473
1982,1982-09-12,,REG,IND,NE,13,24,False,,fivethirtyeight,-11,G002474
1982,1982-09-12,,REG,DET,CHI,17,10,False,,fivethirtyeight,7,G002475
1982,1982-09-12,,REG,MIN,TB,17,10,False,,fivethirtyeight,7,G002476
1982,1982-09-12,,REG,NO,ARI,7,21,False,,fivethirtyeight,-14,G002477
1982,1982-09-12,,REG,NYG,ATL,14,16,False,,fivethirtyeight,-2,G002478
1982,1982-09-12,,REG,NYJ,MIA,28,45,False,,fivethirtyeight,-17,G002479
1982,1982-09-12,,REG,SEA,CLE,7,21,False,,fivethirtyeight,-14,G002480
1982,1982-09-12,,REG,BUF,KC,14,9,False,,fivethirtyeight,5,G002481
1982,1982-09-12,,REG,PHI,WSH,34,37,False,,fivethirtyeight,-3,G002482
1982,1982-09-12,,REG,DEN,LAC,3,23,False,,fivethirtyeight,-20,G002483
1982,1982-09-12,,REG,GB,LAR,35,23,False,,fivethirtyeight,12,G002484
1982,1982-09-13,,REG,DAL,PIT,28,36,False,,fivethirtyeight,-8,G002485
1982,1982-09-16,,REG,BUF,MIN,23,22,False,,fivethirtyeight,1,G002486
1982,1982-09-19,,REG,ATL,OAK,14,38,False,,fivethirtyeight,-24,G002487
1982,1982-09-19,,REG,LAR,DET,14,19,False,,fivethirtyeight,-5,G002488
1982,1982-09-19,,REG,CLE,PHI,21,24,False,,fivethirtyeight,-3,G002489
1982,1982-09-19,,REG,DEN,SF,24,21,False,,fivethirtyeight,3,G002490
1982,1982-09-19,,REG,CHI,NO,0,10,False,,fivethirtyeight,-10,G002491
1982,1982-09-19,,REG,ARI,DAL,7,24,False,,fivethirtyeight,-17,G002492
1982,1982-09-19,,REG,TB,WSH,13,21,False,,fivethirtyeight,-8,G002493
1982,1982-09-19,,REG,PIT,CIN,26,20,False,,fivethirtyeight,6,G002494
1982,1982-09-19,,REG,TEN,SEA,23,21,False,,fivethirtyeight,2,G002495
1982,1982-09-19,,REG,NE,NYJ,7,31,False,,fivethirtyeight,-24,G002496
1982,1982-09-19,,REG,MIA,IND,24,20,False,,fivethirtyeight,4,G002497
1982,1982-09-19,,REG,KC,LAC,19,12,False,,fivethirtyeight,7,G002498
1982,1982-09-20,,REG,NYG,GB,19,27,False,,fivethirtyeight,-8,G002499
1982,1982-11-21,,REG,CLE,NE,10,7,False,,fivethirtyeight,3,G002500
1982,1982-11-21,,REG,GB,MIN,26,7,False,,fivethirtyeight,19,G002501
1982,1982-11-21,,REG,ATL,LAR,34,17,False,,fivethirtyeight,17,G002502
1982,1982-11-21,,REG,PHI,CIN,14,18,False,,fivethirtyeight,-4,G002503
1982,1982-11-21,,REG,TEN,PIT,10,24,False,,fivethirtyeight,-14,G002504
1982,1982-11-21,,REG,NYJ,IND,37,0,False,,fivethirtyeight,37,G002505
1982,1982-11-21,,REG,NYG,WSH,17,27,False,,fivethirtyeight,-10,G002506
1982,1982-11-21,,REG,NO,KC,27,17,False,,fivethirtyeight,10,G002507
1982,1982-11-21,,REG,DEN,SEA,10,17,False,,fivethirtyeight,-7,G002508
1982,1982-11-21,,REG,DAL,TB,14,9,False,,fivethirtyeight,5,G002509
1982,1982-11-21,,REG,ARI,SF,20,31,False,,fivethirtyeight,-11,G002510
1982,1982-11-21,,REG,CHI,DET,20,17,False,,fivethirtyeight,3,G002511
1982,1982-11-21,,REG,BUF,MIA,7,9,False,,fivethirtyeight,-2,G002512
1982,1982-11-22,,REG,OAK,LAC,28,24,False,,fivethirtyeight,4,G002513
1982,1982-11-25,,REG,DET,NYG,6,13,False,,fivethirtyeight,-7,G002514
1982,1982-11-25,,REG,DAL,CLE,31,14,False,,fivethirtyeight,17,G002515
1982,1982-11-28,,REG,SEA,PIT,16,0,False,,fivethirtyeight,16,G002516
1982,1982-11-28,,REG,WSH,PHI,13,9,False,,fivethirtyeight,4,G002517
1982,1982-11-28,,REG,LAC,DEN,30,20,False,,fivethirtyeight,10,G002518
1982,1982-11-28,,REG,NE,TEN,29,21,False,,fivethirtyeight,8,G002519
1982,1982-11-28,,REG,MIN,CHI,35,7,False,,fivethirtyeight,28,G002520
1982,1982-11-28,,REG,CIN,OAK,31,17,False,,fivethirtyeight,14,G002521
1982,1982-11-28,,REG,BUF,IND,20,0,False,,fivethirtyeight,20,G002522
1982,1982-11-28,,REG,ATL,ARI,20,23,False,,fivethirtyeight,-3,G002523
1982,1982-11-28,,REG,NYJ,GB,15,13,False,,fivethirtyeight,2,G002524
1982,1982-11-28,,REG,LAR,KC,20,14,False,,fivethirtyeight,6,G002525
1982,1982-11-28,,REG,SF,NO,20,23,False,,fivethirtyeight,-3,G002526
1982,1982-11-29,,REG,TB,MIA,23,17,False,,fivethirtyeight,6,G002527
1982,1982-12-02,,REG,LAR,SF,24,30,False,,fivethirtyeight,-6,G002528
1982,1982-12-05,,REG,CLE,LAC,13,30,False,,fivethirtyeight,-17,G002529
1982,1982-12-05,,REG,CHI,NE,26,13,False,,fivethirtyeight,13,G002530
1982,1982-12-05,,REG,IND,CIN,17,20,False,,fivethirtyeight,-3,G002531
1982,1982-12-05,,REG,DEN,ATL,27,34,False,,fivethirtyeight,-7,G002532
1982,1982-12-05,,REG,GB,BUF,33,21,False,,fivethirtyeight,12,G002533
1982,1982-12-05,,REG,MIA,MIN,22,14,False,,fivethirtyeight,8,G002534
1982,1982-12-05,,REG,NO,TB,10,13,False,,fivethirtyeight,-3,G002535
1982,1982-12-05,,REG,NYG,TEN,17,14,False,,fivethirtyeight,3,G002536
1982,1982-12-05,,REG,OAK,SEA,28,23,False,,fivethirtyeight,5,G002537
1982,1982-12-05,,REG,WSH,DAL,10,24,False,,fivethirtyeight,-14,G002538
1982,1982-12-05,,REG,PIT,KC,35,14,False,,fivethirtyeight,21,G002539
1982,1982-12-05,,REG,PHI,ARI,20,23,False,,fivethirtyeight,-3,G002540
1982,1982-12-06,,REG,DET,NYJ,13,28,False,,fivethirtyeight,-15,G002541
1982,1982-12-11,,REG,SF,LAC,37,41,False,,fivethirtyeight,-4,G002542
1982,1982-12-11,,REG,NYG,PHI,23,7,False,,fivethirtyeight,16,G002543
1982,1982-12-12,,REG,NE,MIA,3,0,False,,fivethirtyeight,3,G002544
1982,1982-12-12,,REG,NYJ,TB,32,17,False,,fivethirtyeight,15,G002545
1982,1982-12-12,,REG,LAR,DEN,24,27,False,,fivethirtyeight,-3,G002546
1982,1982-12-12,,REG,KC,OAK,16,21,False,,fivethirtyeight,-5,G002547
1982,1982-12-12,,REG,GB,DET,10,30,False,,fivethirtyeight,-20,G002548
1982,1982-12-12,,REG,SEA,CHI,20,14,False,,fivethirtyeight,6,G002549
1982,1982-12-12,,REG,ARI,WSH,7,12,False,,fivethirtyeight,-5,G002550
1982,1982-12-12,,REG,CIN,CLE,23,10,False,,fivethirtyeight,13,G002551
1982,1982-12-12,,REG,BUF,PIT,13,0,False,,fivethirtyeight,13,G002552
1982,1982-12-12,,REG,ATL,NO,35,0,False,,fivethirtyeight,35,G002553
1982,1982-12-12,,REG,MIN,IND,13,10,False,,fivethirtyeight,3,G002554
1982,1982-12-13,,REG,TEN,DAL,7,37,False,,fivethirtyeight,-30,G002555
1982,1982-12-18,,REG,OAK,LAR,37,31,False,,fivethirtyeight,6,G002556
1982,1982-12-18,,REG,MIA,NYJ,20,19,False,,fivethirtyeight,1,G002557
1982,1982-12-19,,REG,DET,MIN,31,34,False,,fivethirtyeight,-3,G002558
1982,1982-12-19,,REG,SF,ATL,7,17,False,,fivethirtyeight,-10,G002559
1982,1982-12-19,,REG,SEA,NE,0,16,False,,fivethirtyeight,-16,G002560
1982,1982-12-19,,REG,PHI,TEN,35,14,False,,fivethirtyeight,21,G002561
1982,1982-12-19,,REG,DAL,NO,21,7,False,,fivethirtyeight,14,G002562
1982,1982-12-19,,REG,IND,GB,20,20,False,,fivethirtyeight,0,G002563
1982,1982-12-19,,REG,CLE,PIT,10,9,False,,fivethirtyeight,1,G002564
1982,1982-12-19,,REG,CHI,ARI,7,10,False,,fivethirtyeight,-3,G002565
1982,1982-12-19,,REG,DEN,KC,16,37,False,,fivethirtyeight,-21,G002566
1982,1982-12-19,,REG,WSH,NYG,15,14,False,,fivethirtyeight,1,G002567
1982,1982-12-19,,REG,TB,BUF,24,23,False,,fivethirtyeight,1,G002568
1982,1982-12-20,,REG,LAC,CIN,50,34,False,,fivethirtyeight,16,G002569
1982,1982-12-26,,REG,ARI,NYG,24,21,False,,fivethirtyeight,3,G002570
1982,1982-12-26,,REG,CIN,SEA,24,10,False,,fivethirtyeight,14,G002571
1982,1982-12-26,,REG,ATL,GB,7,38,False,,fivethirtyeight,-31,G002572
1982,1982-12-26,,REG,LAC,IND,44,26,False,,fivethirtyeight,18,G002573
1982,1982-12-26,,REG,TEN,CLE,14,20,False,,fivethirtyeight,-6,G002574
1982,1982-12-26,,REG,PIT,NE,37,14,False,,fivethirtyeight,23,G002575
1982,1982-12-26,,REG,OAK,DEN,27,10,False,,fivethirtyeight,17,G002576
1982,1982-12-26,,REG,TB,DET,23,21,False,,fivethirtyeight,2,G002577
1982,1982-12-26,,REG,KC,SF,13,26,False,,fivethirtyeight,-13,G002578
1982,1982-12-26,,REG,DAL,PHI,20,24,False,,fivethirtyeight,-4,G002579
1982,1982-12-26,,REG,LAR,CHI,26,34,False,,fivethirtyeight,-8,G002580
1982,1982-12-26,,REG,NO,WSH,10,27,False,,fivethirtyeight,-17,G002581
1982,1982-12-26,,REG,MIN,NYJ,14,42,False,,fivethirtyeight,-28,G002582
1982,1982-12-27,,REG,MIA,BUF,27,10,False,,fivethirtyeight,17,G002583
1982,1983-01-02,,REG,IND,MIA,7,34,False,,fivethirtyeight,-27,G002584
1982,1983-01-02,,REG,SEA,DEN,13,11,False,,fivethirtyeight,2,G002585
1982,1983-01-02,,REG,SF,LAR,20,21,False,,fivethirtyeight,-1,G002586
1982,1983-01-02,,REG,WSH,ARI,28,0,False,,fivethirtyeight,28,G002587
1982,1983-01-02,,REG,TB,CHI,26,23,False,,fivethirtyeight,3,G002588
1982,1983-01-02,,REG,PIT,CLE,37,21,False,,fivethirtyeight,16,G002589
1982,1983-01-02,,REG,PHI,NYG,24,26,False,,fivethirtyeight,-2,G002590
1982,1983-01-02,,REG,TEN,CIN,27,35,False,,fivethirtyeight,-8,G002591
1982,1983-01-02,,REG,NE,BUF,30,19,False,,fivethirtyeight,11,G002592
1982,1983-01-02,,REG,NO,ATL,35,6,False,,fivethirtyeight,29,G002593
1982,1983-01-02,,REG,KC,NYJ,37,13,False,,fivethirtyeight,24,G002594
1982,1983-01-02,,REG,DET,GB,27,24,False,,fivethirtyeight,3,G002595
1982,1983-01-02,,REG,LAC,OAK,34,41,False,,fivethirtyeight,-7,G002596
1982,1983-01-03,,REG,MIN,DAL,31,27,False,,fivethirtyeight,4,G002597
1982,1983-01-08,,PLAYOFF,WSH,DET,31,7,False,,fivethirtyeight,24,G002598
1982,1983-01-08,,PLAYOFF,GB,ARI,41,16,False,,fivethirtyeight,25,G002599
1982,1983-01-08,,PLAYOFF,MIA,NE,28,13,False,,fivethirtyeight,15,G002600
1982,1983-01-08,,PLAYOFF,OAK,CLE,27,10,False,,fivethirtyeight,17,G002601
1982,1983-01-09,,PLAYOFF,PIT,LAC,28,31,False,,fivethirtyeight,-3,G002602
1982,1983-01-09,,PLAYOFF,DAL,TB,30,17,False,,fivethirtyeight,13,G002603
1982,1983-01-09,,PLAYOFF,MIN,ATL,30,24,False,,fivethirtyeight,6,G002604
1982,1983-01-09,,PLAYOFF,CIN,NYJ,17,44,False,,fivethirtyeight,-27,G002605
1982,1983-01-15,,PLAYOFF,WSH,MIN,21,7,False,,fivethirtyeight,14,G002606
1982,1983-01-15,,PLAYOFF,OAK,NYJ,14,17,False,,fivethirtyeight,-3,G002607
1982,1983-01-16,,PLAYOFF,DAL,GB,37,26,False,,fivethirtyeight,11,G002608
1982,1983-01-16,,PLAYOFF,MIA,LAC,34,13,False,,fivethirtyeight,21,G002609
1982,1983-01-22,,PLAYOFF,WSH,DAL,31,17,False,,fivethirtyeight,14,G002610
1982,1983-01-23,,PLAYOFF,MIA,NYJ,14,0,False,,fivethirtyeight,14,G002611
1982,1983-01-30,,PLAYOFF,WSH,MIA,27,17,True,,fivethirtyeight,10,G002612
1983,1983-09-03,,REG,SF,PHI,17,22,False,,fivethirtyeight,-5,G002613
1983,1983-09-04,,REG,NO,ARI,28,17,False,,fivethirtyeight,11,G002614
1983,1983-09-04,,REG,NE,IND,23,29,False,,fivethirtyeight,-6,G002615
1983,1983-09-04,,REG,TEN,GB,38,41,False,,fivethirtyeight,-3,G002616
1983,1983-09-04,,REG,PIT,DEN,10,14,False,,fivethirtyeight,-4,G002617
1983,1983-09-04,,REG,LAC,NYJ,29,41,False,,fivethirtyeight,-12,G002618
1983,1983-09-04,,REG,KC,SEA,17,13,False,,fivethirtyeight,4,G002619
1983,1983-09-04,,REG,BUF,MIA,0,12,False,,fivethirtyeight,-12,G002620
1983,1983-09-04,,REG,CHI,ATL,17,20,False,,fivethirtyeight,-3,G002621
1983,1983-09-04,,REG,NYG,LAR,6,16,False,,fivethirtyeight,-10,G002622
1983,1983-09-04,,REG,TB,DET,0,11,False,,fivethirtyeight,-11,G002623
1983,1983-09-04,,REG,CLE,MIN,21,27,False,,fivethirtyeight,-6,G002624
1983,1983-09-04,,REG,CIN,OAK,10,20,False,,fivethirtyeight,-10,G002625
1983,1983-09-05,,REG,WSH,DAL,30,31,False,,fivethirtyeight,-1,G002626
1983,1983-09-08,,REG,MIN,SF,17,48,False,,fivethirtyeight,-31,G002627
1983,1983-09-11,,REG,LAR,NO,30,27,False,,fivethirtyeight,3,G002628
1983,1983-09-11,,REG,GB,PIT,21,25,False,,fivethirtyeight,-4,G002629
1983,1983-09-11,,REG,MIA,NE,34,24,False,,fivethirtyeight,10,G002630
1983,1983-09-11,,REG,NYJ,SEA,10,17,False,,fivethirtyeight,-7,G002631
1983,1983-09-11,,REG,IND,DEN,10,17,False,,fivethirtyeight,-7,G002632
1983,1983-09-11,,REG,CHI,TB,17,10,False,,fivethirtyeight,7,G002633
1983,1983-09-11,,REG,ATL,NYG,13,16,False,,fivethirtyeight,-3,G002634
1983,1983-09-11,,REG,DET,CLE,26,31,False,,fivethirtyeight,-5,G002635
1983,1983-09-11,,REG,ARI,DAL,17,34,False,,fivethirtyeight,-17,G002636
1983,1983-09-11,,REG,CIN,BUF,6,10,False,,fivethirtyeight,-4,G002637
1983,1983-09-11,,REG,PHI,WSH,13,23,False,,fivethirtyeight,-10,G002638
1983,1983-09-11,,REG,OAK,TEN,20,6,False,,fivethirtyeight,14,G002639
1983,1983-09-12,,REG,KC,LAC,14,17,False,,fivethirtyeight,-3,G002640
1983,1983-09-15,,REG,CLE,CIN,17,7,False,,fivethirtyeight,10,G002641
1983,1983-09-18,,REG,WSH,KC,27,12,False,,fivethirtyeight,15,G002642
1983,1983-09-18,,REG,SEA,LAC,34,31,False,,fivethirtyeight,3,G002643
1983,1983-09-18,,REG,GB,LAR,27,24,False,,fivethirtyeight,3,G002644
1983,1983-09-18,,REG,BUF,IND,28,23,False,,fivethirtyeight,5,G002645
1983,1983-09-18,,REG,DET,ATL,14,30,False,,fivethirtyeight,-16,G002646
1983,1983-09-18,,REG,ARI,SF,27,42,False,,fivethirtyeight,-15,G002647
1983,1983-09-18,,REG,DAL,NYG,28,13,False,,fivethirtyeight,15,G002648
1983,1983-09-18,,REG,DEN,PHI,10,13,False,,fivethirtyeight,-3,G002649
1983,1983-09-18,,REG,NE,NYJ,23,13,False,,fivethirtyeight,10,G002650
1983,1983-09-18,,REG,TB,MIN,16,19,False,,fivethirtyeight,-3,G002651
1983,1983-09-18,,REG,NO,CHI,34,31,False,,fivethirtyeight,3,G002652
1983,1983-09-18,,REG,TEN,PIT,28,40,False,,fivethirtyeight,-12,G002653
1983,1983-09-19,,REG,OAK,MIA,27,14,False,,fivethirtyeight,13,G002654
1983,1983-09-25,,REG,SEA,WSH,17,27,False,,fivethirtyeight,-10,G002655
1983,1983-09-25,,REG,BUF,TEN,30,13,False,,fivethirtyeight,17,G002656
1983,1983-09-25,,REG,IND,CHI,22,19,False,,fivethirtyeight,3,G002657
1983,1983-09-25,,REG,DAL,NO,21,20,False,,fivethirtyeight,1,G002658
1983,1983-09-25,,REG,DEN,OAK,7,22,False,,fivethirtyeight,-15,G002659
1983,1983-09-25,,REG,MIA,KC,14,6,False,,fivethirtyeight,8,G002660
1983,1983-09-25,,REG,MIN,DET,20,17,False,,fivethirtyeight,3,G002661
1983,1983-09-25,,REG,PHI,ARI,11,14,False,,fivethirtyeight,-3,G002662
1983,1983-09-25,,REG,PIT,NE,23,28,False,,fivethirtyeight,-5,G002663
1983,1983-09-25,,REG,SF,ATL,24,20,False,,fivethirtyeight,4,G002664
1983,1983-09-25,,REG,TB,CIN,17,23,False,,fivethirtyeight,-6,G002665
1983,1983-09-25,,REG,NYJ,LAR,27,24,False,,fivethirtyeight,3,G002666
1983,1983-09-25,,REG,LAC,CLE,24,30,False,,fivethirtyeight,-6,G002667
1983,1983-09-26,,REG,NYG,GB,27,3,False,,fivethirtyeight,24,G002668
1983,1983-10-02,,REG,GB,TB,55,14,False,,fivethirtyeight,41,G002669
1983,1983-10-02,,REG,WSH,OAK,37,35,False,,fivethirtyeight,2,G002670
1983,1983-10-02,,REG,LAR,DET,21,10,False,,fivethirtyeight,11,G002671
1983,1983-10-02,,REG,PIT,TEN,17,10,False,,fivethirtyeight,7,G002672
1983,1983-10-02,,REG,NE,SF,13,33,False,,fivethirtyeight,-20,G002673
1983,1983-10-02,,REG,NO,MIA,17,7,False,,fivethirtyeight,10,G002674
1983,1983-10-02,,REG,KC,ARI,38,14,False,,fivethirtyeight,24,G002675
1983,1983-10-02,,REG,CLE,SEA,9,24,False,,fivethirtyeight,-15,G002676
1983,1983-10-02,,REG,CIN,IND,31,34,False,,fivethirtyeight,-3,G002677
1983,1983-10-02,,REG,CHI,DEN,31,14,False,,fivethirtyeight,17,G002678
1983,1983-10-02,,REG,ATL,PHI,24,28,False,,fivethirtyeight,-4,G002679
1983,1983-10-02,,REG,MIN,DAL,24,37,False,,fivethirtyeight,-13,G002680
1983,1983-10-02,,REG,NYG,LAC,34,41,False,,fivethirtyeight,-7,G002681
1983,1983-10-03,,REG,BUF,NYJ,10,34,False,,fivethirtyeight,-24,G002682
1983,1983-10-09,,REG,IND,NE,12,7,False,,fivethirtyeight,5,G002683
1983,1983-10-09,,REG,ARI,WSH,14,38,False,,fivethirtyeight,-24,G002684
1983,1983-10-09,,REG,DAL,TB,27,24,False,,fivethirtyeight,3,G002685
1983,1983-10-09,,REG,SF,LAR,7,10,False,,fivethirtyeight,-3,G002686
1983,1983-10-09,,REG,DET,GB,38,14,False,,fivethirtyeight,24,G002687
1983,1983-10-09,,REG,MIA,BUF,35,38,False,,fivethirtyeight,-3,G002688
1983,1983-10-09,,REG,LAC,SEA,28,21,False,,fivethirtyeight,7,G002689
1983,1983-10-09,,REG,CLE,NYJ,10,7,False,,fivethirtyeight,3,G002690
1983,1983-10-09,,REG,NYG,PHI,13,17,False,,fivethirtyeight,-4,G002691
1983,1983-10-09,,REG,TEN,DEN,14,26,False,,fivethirtyeight,-12,G002692
1983,1983-10-09,,REG,OAK,KC,21,20,False,,fivethirtyeight,1,G002693
1983,1983-10-09,,REG,ATL,NO,17,19,False,,fivethirtyeight,-2,G002694
1983,1983-10-09,,REG,CHI,MIN,14,23,False,,fivethirtyeight,-9,G002695
1983,1983-10-10,,REG,CIN,PIT,14,24,False,,fivethirtyeight,-10,G002696
1983,1983-10-16,,REG,DET,CHI,31,17,False,,fivethirtyeight,14,G002697
1983,1983-10-16,,REG,TB,ARI,27,34,False,,fivethirtyeight,-7,G002698
1983,1983-10-16,,REG,SEA,OAK,38,36,False,,fivethirtyeight,2,G002699
1983,1983-10-16,,REG,PIT,CLE,44,17,False,,fivethirtyeight,27,G002700
1983,1983-10-16,,REG,NYJ,MIA,14,32,False,,fivethirtyeight,-18,G002701
1983,1983-10-16,,REG,NO,SF,13,32,False,,fivethirtyeight,-19,G002702
1983,1983-10-16,,REG,KC,NYG,38,17,False,,fivethirtyeight,21,G002703
1983,1983-10-16,,REG,DEN,CIN,24,17,False,,fivethirtyeight,7,G002704
1983,1983-10-16,,REG,DAL,PHI,37,7,False,,fivethirtyeight,30,G002705
1983,1983-10-16,,REG,IND,BUF,7,30,False,,fivethirtyeight,-23,G002706
1983,1983-10-16,,REG,NE,LAC,37,21,False,,fivethirtyeight,16,G002707
1983,1983-10-16,,REG,LAR,ATL,27,21,False,,fivethirtyeight,6,G002708
1983,1983-10-16,,REG,MIN,TEN,34,14,False,,fivethirtyeight,20,G002709
1983,1983-10-17,,REG,GB,WSH,48,47,False,,fivethirtyeight,1,G002710
1983,1983-10-23,,REG,TB,NO,21,24,False,,fivethirtyeight,-3,G002711
1983,1983-10-23,,REG,WSH,DET,38,17,False,,fivethirtyeight,21,G002712
1983,1983-10-23,,REG,SEA,PIT,21,27,False,,fivethirtyeight,-6,G002713
1983,1983-10-23,,REG,DEN,LAC,14,6,False,,fivethirtyeight,8,G002714
1983,1983-10-23,,REG,BUF,NE,0,31,False,,fivethirtyeight,-31,G002715
1983,1983-10-23,,REG,CIN,CLE,28,21,False,,fivethirtyeight,7,G002716
1983,1983-10-23,,REG,IND,MIA,7,21,False,,fivethirtyeight,-14,G002717
1983,1983-10-23,,REG,DAL,OAK,38,40,False,,fivethirtyeight,-2,G002718
1983,1983-10-23,,REG,GB,MIN,17,20,False,,fivethirtyeight,-3,G002719
1983,1983-10-23,,REG,LAR,SF,35,45,False,,fivethirtyeight,-10,G002720
1983,1983-10-23,,REG,NYJ,ATL,21,27,False,,fivethirtyeight,-6,G002721
1983,1983-10-23,,REG,PHI,CHI,6,7,False,,fivethirtyeight,-1,G002722
1983,1983-10-23,,REG,TEN,KC,10,13,False,,fivethirtyeight,-3,G002723
1983,1983-10-24,,REG,ARI,NYG,20,20,False,,fivethirtyeight,0,G002724
1983,1983-10-30,,REG,DEN,KC,27,24,False,,fivethirtyeight,3,G002725
1983,1983-10-30,,REG,BUF,NO,27,21,False,,fivethirtyeight,6,G002726
1983,1983-10-30,,REG,ARI,MIN,41,31,False,,fivethirtyeight,10,G002727
1983,1983-10-30,,REG,ATL,NE,24,13,False,,fivethirtyeight,11,G002728
1983,1983-10-30,,REG,NYG,DAL,20,38,False,,fivethirtyeight,-18,G002729
1983,1983-10-30,,REG,PHI,IND,21,22,False,,fivethirtyeight,-1,G002730
1983,1983-10-30,,REG,CLE,TEN,25,19,False,,fivethirtyeight,6,G002731
1983,1983-10-30,,REG,CIN,GB,34,14,False,,fivethirtyeight,20,G002732
1983,1983-10-30,,REG,CHI,DET,17,38,False,,fivethirtyeight,-21,G002733
1983,1983-10-30,,REG,OAK,SEA,21,34,False,,fivethirtyeight,-13,G002734
1983,1983-10-30,,REG,MIA,LAR,30,14,False,,fivethirtyeight,16,G002735
1983,1983-10-30,,REG,PIT,TB,17,12,False,,fivethirtyeight,5,G002736
1983,1983-10-30,,REG,SF,NYJ,13,27,False,,fivethirtyeight,-14,G002737
1983,1983-10-31,,REG,LAC,WSH,24,27,False,,fivethirtyeight,-3,G002738
1983,1983-11-06,,REG,SEA,DEN,27,19,False,,fivethirtyeight,8,G002739
1983,1983-11-06,,REG,LAR,CHI,21,14,False,,fivethirtyeight,7,G002740
1983,1983-11-06,,REG,PIT,LAC,26,3,False,,fivethirtyeight,23,G002741
1983,1983-11-06,,REG,SF,MIA,17,20,False,,fivethirtyeight,-3,G002742
1983,1983-11-06,,REG,WSH,ARI,45,7,False,,fivethirtyeight,38,G002743
1983,1983-11-06,,REG,NYJ,IND,14,17,False,,fivethirtyeight,-3,G002744
1983,1983-11-06,,REG,TEN,CIN,14,55,False,,fivethirtyeight,-41,G002745
1983,1983-11-06,,REG,MIN,TB,12,17,False,,fivethirtyeight,-5,G002746
1983,1983-11-06,,REG,GB,CLE,35,21,False,,fivethirtyeight,14,G002747
1983,1983-11-06,,REG,NO,ATL,27,10,False,,fivethirtyeight,17,G002748
1983,1983-11-06,,REG,PHI,DAL,20,27,False,,fivethirtyeight,-7,G002749
1983,1983-11-06,,REG,KC,OAK,20,28,False,,fivethirtyeight,-8,G002750
1983,1983-11-06,,REG,NE,BUF,21,7,False,,fivethirtyeight,14,G002751
1983,1983-11-07,,REG,DET,NYG,15,9,False,,fivethirtyeight,6,G002752
1983,1983-11-13,,REG,MIN,GB,21,29,False,,fivethirtyeight,-8,G002753
1983,1983-11-13,,REG,ARI,SEA,33,28,False,,fivethirtyeight,5,G002754
1983,1983-11-13,,REG,CHI,PHI,17,14,False,,fivethirtyeight,3,G002755
1983,1983-11-13,,REG,LAC,DAL,24,23,False,,fivethirtyeight,1,G002756
1983,1983-11-13,,REG,KC,CIN,20,15,False,,fivethirtyeight,5,G002757
1983,1983-11-13,,REG,NE,MIA,17,6,False,,fivethirtyeight,11,G002758
1983,1983-11-13,,REG,NYG,WSH,17,33,False,,fivethirtyeight,-16,G002759
1983,1983-11-13,,REG,NYJ,BUF,17,24,False,,fivethirtyeight,-7,G002760
1983,1983-11-13,,REG,SF,NO,27,0,False,,fivethirtyeight,27,G002761
1983,1983-11-13,,REG,OAK,DEN,22,20,False,,fivethirtyeight,2,G002762
1983,1983-11-13,,REG,TEN,DET,27,17,False,,fivethirtyeight,10,G002763
1983,1983-11-13,,REG,IND,PIT,13,24,False,,fivethirtyeight,-11,G002764
1983,1983-11-13,,REG,CLE,TB,20,0,False,,fivethirtyeight,20,G002765
1983,1983-11-14,,REG,ATL,LAR,13,36,False,,fivethirtyeight,-23,G002766
1983,1983-11-20,,REG,TB,CHI,0,27,False,,fivethirtyeight,-27,G002767
1983,1983-11-20,,REG,ARI,LAC,44,14,False,,fivethirtyeight,30,G002768
1983,1983-11-20,,REG,ATL,SF,28,24,False,,fivethirtyeight,4,G002769
1983,1983-11-20,,REG,MIA,IND,37,0,False,,fivethirtyeight,37,G002770
1983,1983-11-20,,REG,BUF,OAK,24,27,False,,fivethirtyeight,-3,G002771
1983,1983-11-20,,REG,CIN,TEN,38,10,False,,fivethirtyeight,28,G002772
1983,1983-11-20,,REG,DAL,KC,41,21,False,,fivethirtyeight,20,G002773
1983,1983-11-20,,REG,DEN,SEA,38,27,False,,fivethirtyeight,11,G002774
1983,1983-11-20,,REG,GB,DET,20,23,False,,fivethirtyeight,-3,G002775
1983,1983-11-20,,REG,NE,CLE,0,30,False,,fivethirtyeight,-30,G002776
1983,1983-11-20,,REG,PHI,NYG,0,23,False,,fivethirtyeight,-23,G002777
1983,1983-11-20,,REG,PIT,MIN,14,17,False,,fivethirtyeight,-3,G002778
1983,1983-11-20,,REG,LAR,WSH,20,42,False,,fivethirtyeight,-22,G002779
1983,1983-11-21,,REG,NO,NYJ,28,31,False,,fivethirtyeight,-3,G002780
1983,1983-11-24,,REG,DET,PIT,45,3,False,,fivethirtyeight,42,G002781
1983,1983-11-24,,REG,DAL,ARI,35,17,False,,fivethirtyeight,18,G002782
1983,1983-11-27,,REG,ATL,GB,47,41,False,,fivethirtyeight,6,G002783
1983,1983-11-27,,REG,NO,MIN,17,16,False,,fivethirtyeight,1,G002784
1983,1983-11-27,,REG,CHI,SF,13,3,False,,fivethirtyeight,10,G002785
1983,1983-11-27,,REG,CLE,IND,41,23,False,,fivethirtyeight,18,G002786
1983,1983-11-27,,REG,LAR,BUF,41,17,False,,fivethirtyeight,24,G002787
1983,1983-11-27,,REG,LAC,DEN,31,7,False,,fivethirtyeight,24,G002788
1983,1983-11-27,,REG,NYJ,NE,26,3,False,,fivethirtyeight,23,G002789
1983,1983-11-27,,REG,WSH,PHI,28,24,False,,fivethirtyeight,4,G002790
1983,1983-11-27,,REG,TB,TEN,33,24,False,,fivethirtyeight,9,G002791
1983,1983-11-27,,REG,SEA,KC,51,48,False,,fivethirtyeight,3,G002792
1983,1983-11-27,,REG,OAK,NYG,27,12,False,,fivethirtyeight,15,G002793
1983,1983-11-28,,REG,MIA,CIN,38,14,False,,fivethirtyeight,24,G002794
1983,1983-12-01,,REG,LAC,OAK,10,42,False,,fivethirtyeight,-32,G002795
1983,1983-12-04,,REG,IND,NYJ,6,10,False,,fivethirtyeight,-4,G002796
1983,1983-12-04,,REG,DEN,CLE,27,6,False,,fivethirtyeight,21,G002797
1983,1983-12-04,,REG,WSH,ATL,37,21,False,,fivethirtyeight,16,G002798
1983,1983-12-04,,REG,SF,TB,35,21,False,,fivethirtyeight,14,G002799
1983,1983-12-04,,REG,SEA,DAL,10,35,False,,fivethirtyeight,-25,G002800
1983,1983-12-04,,REG,PIT,CIN,10,23,False,,fivethirtyeight,-13,G002801
1983,1983-12-04,,REG,TEN,MIA,17,24,False,,fivethirtyeight,-7,G002802
1983,1983-12-04,,REG,NYG,ARI,6,10,False,,fivethirtyeight,-4,G002803
1983,1983-12-04,,REG,NE,NO,7,0,False,,fivethirtyeight,7,G002804
1983,1983-12-04,,REG,KC,BUF,9,14,False,,fivethirtyeight,-5,G002805
1983,1983-12-04,,REG,GB,CHI,31,28,False,,fivethirtyeight,3,G002806
1983,1983-12-04,,REG,PHI,LAR,13,9,False,,fivethirtyeight,4,G002807
1983,1983-12-05,,REG,DET,MIN,13,2,False,,fivethirtyeight,11,G002808
1983,1983-12-10,,REG,NYJ,PIT,7,34,False,,fivethirtyeight,-27,G002809
1983,1983-12-10,,REG,MIA,ATL,31,24,False,,fivethirtyeight,7,G002810
1983,1983-12-11,,REG,TEN,CLE,34,27,False,,fivethirtyeight,7,G002811
1983,1983-12-11,,REG,NYG,SEA,12,17,False,,fivethirtyeight,-5,G002812
1983,1983-12-11,,REG,DEN,IND,21,19,False,,fivethirtyeight,2,G002813
1983,1983-12-11,,REG,DAL,WSH,10,31,False,,fivethirtyeight,-21,G002814
1983,1983-12-11,,REG,LAR,NE,7,21,False,,fivethirtyeight,-14,G002815
1983,1983-12-11,,REG,OAK,ARI,24,34,False,,fivethirtyeight,-10,G002816
1983,1983-12-11,,REG,PHI,NO,17,20,False,,fivethirtyeight,-3,G002817
1983,1983-12-11,,REG,BUF,SF,10,23,False,,fivethirtyeight,-13,G002818
1983,1983-12-11,,REG,LAC,KC,41,38,False,,fivethirtyeight,3,G002819
1983,1983-12-11,,REG,MIN,CHI,13,19,False,,fivethirtyeight,-6,G002820
1983,1983-12-11,,REG,CIN,DET,17,9,False,,fivethirtyeight,8,G002821
1983,1983-12-12,,REG,TB,GB,9,12,False,,fivethirtyeight,-3,G002822
1983,1983-12-16,,REG,MIA,NYJ,34,14,False,,fivethirtyeight,20,G002823
1983,1983-12-17,,REG,WSH,NYG,31,22,False,,fivethirtyeight,9,G002824
1983,1983-12-17,,REG,MIN,CIN,20,14,False,,fivethirtyeight,6,G002825
1983,1983-12-18,,REG,SEA,NE,24,6,False,,fivethirtyeight,18,G002826
1983,1983-12-18,,REG,KC,DEN,48,17,False,,fivethirtyeight,31,G002827
1983,1983-12-18,,REG,DET,TB,23,20,False,,fivethirtyeight,3,G002828
1983,1983-12-18,,REG,IND,TEN,20,10,False,,fivethirtyeight,10,G002829
1983,1983-12-18,,REG,CLE,PIT,30,17,False,,fivethirtyeight,13,G002830
1983,1983-12-18,,REG,CHI,GB,23,21,False,,fivethirtyeight,2,G002831
1983,1983-12-18,,REG,ARI,PHI,31,7,False,,fivethirtyeight,24,G002832
1983,1983-12-18,,REG,ATL,BUF,31,14,False,,fivethirtyeight,17,G002833
1983,1983-12-18,,REG,OAK,LAC,30,14,False,,fivethirtyeight,16,G002834
1983,1983-12-18,,REG,NO,LAR,24,26,False,,fivethirtyeight,-2,G002835
1983,1983-12-19,,REG,SF,DAL,42,17,False,,fivethirtyeight,25,G002836
1983,1983-12-24,,PLAYOFF,SEA,DEN,31,7,False,,fivethirtyeight,24,G002837
1983,1983-12-26,,PLAYOFF,DAL,LAR,17,24,False,,fivethirtyeight,-7,G002838
1983,1983-12-31,,PLAYOFF,MIA,SEA,20,27,False,,fivethirtyeight,-7,G002839
1983,1983-12-31,,PLAYOFF,SF,DET,24,23,False,,fivethirtyeight,1,G002840
1983,1984-01-01,,PLAYOFF,OAK,PIT,38,10,False,,fivethirtyeight,28,G002841
1983,1984-01-01,,PLAYOFF,WSH,LAR,51,7,False,,fivethirtyeight,44,G002842
1983,1984-01-08,,PLAYOFF,OAK,SEA,30,14,False,,fivethirtyeight,16,G002843
1983,1984-01-08,,PLAYOFF,WSH,SF,24,21,False,,fivethirtyeight,3,G002844
1983,1984-01-22,,PLAYOFF,WSH,OAK,9,38,True,,fivethirtyeight,-29,G002845
1984,1984-09-02,,REG,NYG,PHI,28,27,False,,fivethirtyeight,1,G002846
1984,1984-09-02,,REG,TEN,OAK,14,24,False,,fivethirtyeight,-10,G002847
1984,1984-09-02,,REG,WSH,MIA,17,35,False,,fivethirtyeight,-18,G002848
1984,1984-09-02,,REG,MIN,LAC,13,42,False,,fivethirtyeight,-29,G002849
1984,1984-09-02,,REG,BUF,NE,17,21,False,,fivethirtyeight,-4,G002850
1984,1984-09-02,,REG,CHI,TB,34,14,False,,fivethirtyeight,20,G002851
1984,1984-09-02,,REG,IND,NYJ,14,23,False,,fivethirtyeight,-9,G002852
1984,1984-09-02,,REG,DET,SF,27,30,False,,fivethirtyeight,-3,G002853
1984,1984-09-02,,REG,GB,ARI,24,23,False,,fivethirtyeight,1,G002854
1984,1984-09-02,,REG,NO,ATL,28,36,False,,fivethirtyeight,-8,G002855
1984,1984-09-02,,REG,DEN,CIN,20,17,False,,fivethirtyeight,3,G002856
1984,1984-09-02,,REG,PIT,KC,27,37,False,,fivethirtyeight,-10,G002857
1984,1984-09-03,,REG,SEA,CLE,33,0,False,,fivethirtyeight,33,G002858
1984,1984-09-03,,REG,LAR,DAL,13,20,False,,fivethirtyeight,-7,G002859
1984,1984-09-06,,REG,NYJ,PIT,17,23,False,,fivethirtyeight,-6,G002860
1984,1984-09-09,,REG,OAK,GB,28,7,False,,fivethirtyeight,21,G002861
1984,1984-09-09,,REG,PHI,MIN,19,17,False,,fivethirtyeight,2,G002862
1984,1984-09-09,,REG,LAR,CLE,20,17,False,,fivethirtyeight,3,G002863
1984,1984-09-09,,REG,ATL,DET,24,27,False,,fivethirtyeight,-3,G002864
1984,1984-09-09,,REG,CHI,DEN,27,0,False,,fivethirtyeight,27,G002865
1984,1984-09-09,,REG,SEA,LAC,31,17,False,,fivethirtyeight,14,G002866
1984,1984-09-09,,REG,CIN,KC,22,27,False,,fivethirtyeight,-5,G002867
1984,1984-09-09,,REG,ARI,BUF,37,7,False,,fivethirtyeight,30,G002868
1984,1984-09-09,,REG,MIA,NE,28,7,False,,fivethirtyeight,21,G002869
1984,1984-09-09,,REG,NO,TB,17,13,False,,fivethirtyeight,4,G002870
1984,1984-09-09,,REG,TEN,IND,21,35,False,,fivethirtyeight,-14,G002871
1984,1984-09-09,,REG,NYG,DAL,28,7,False,,fivethirtyeight,21,G002872
1984,1984-09-10,,REG,SF,WSH,37,31,False,,fivethirtyeight,6,G002873
1984,1984-09-16,,REG,TB,DET,21,17,False,,fivethirtyeight,4,G002874
1984,1984-09-16,,REG,CLE,DEN,14,24,False,,fivethirtyeight,-10,G002875
1984,1984-09-16,,REG,WSH,NYG,30,14,False,,fivethirtyeight,16,G002876
1984,1984-09-16,,REG,SF,NO,30,20,False,,fivethirtyeight,10,G002877
1984,1984-09-16,,REG,NYJ,CIN,43,23,False,,fivethirtyeight,20,G002878
1984,1984-09-16,,REG,PIT,LAR,24,14,False,,fivethirtyeight,10,G002879
1984,1984-09-16,,REG,LAC,TEN,31,14,False,,fivethirtyeight,17,G002880
1984,1984-09-16,,REG,MIN,ATL,27,20,False,,fivethirtyeight,7,G002881
1984,1984-09-16,,REG,KC,OAK,20,22,False,,fivethirtyeight,-2,G002882
1984,1984-09-16,,REG,GB,CHI,7,9,False,,fivethirtyeight,-2,G002883
1984,1984-09-16,,REG,DAL,PHI,23,17,False,,fivethirtyeight,6,G002884
1984,1984-09-16,,REG,IND,ARI,33,34,False,,fivethirtyeight,-1,G002885
1984,1984-09-16,,REG,NE,SEA,38,23,False,,fivethirtyeight,15,G002886
1984,1984-09-17,,REG,BUF,MIA,17,21,False,,fivethirtyeight,-4,G002887
1984,1984-09-23,,REG,DAL,GB,20,6,False,,fivethirtyeight,14,G002888
1984,1984-09-23,,REG,SEA,CHI,38,9,False,,fivethirtyeight,29,G002889
1984,1984-09-23,,REG,PHI,SF,9,21,False,,fivethirtyeight,-12,G002890
1984,1984-09-23,,REG,NYG,TB,17,14,False,,fivethirtyeight,3,G002891
1984,1984-09-23,,REG,NE,WSH,10,26,False,,fivethirtyeight,-16,G002892
1984,1984-09-23,,REG,NO,ARI,34,24,False,,fivethirtyeight,10,G002893
1984,1984-09-23,,REG,CLE,PIT,20,10,False,,fivethirtyeight,10,G002894
1984,1984-09-23,,REG,MIA,IND,44,7,False,,fivethirtyeight,37,G002895
1984,1984-09-23,,REG,DET,MIN,28,29,False,,fivethirtyeight,-1,G002896
1984,1984-09-23,,REG,DEN,KC,21,0,False,,fivethirtyeight,21,G002897
1984,1984-09-23,,REG,BUF,NYJ,26,28,False,,fivethirtyeight,-2,G002898
1984,1984-09-23,,REG,ATL,TEN,42,10,False,,fivethirtyeight,32,G002899
1984,1984-09-23,,REG,CIN,LAR,14,24,False,,fivethirtyeight,-10,G002900
1984,1984-09-24,,REG,OAK,LAC,33,30,False,,fivethirtyeight,3,G002901
1984,1984-09-30,,REG,CHI,DAL,14,23,False,,fivethirtyeight,-9,G002902
1984,1984-09-30,,REG,LAR,NYG,33,12,False,,fivethirtyeight,21,G002903
1984,1984-09-30,,REG,LAC,DET,27,24,False,,fivethirtyeight,3,G002904
1984,1984-09-30,,REG,ARI,MIA,28,36,False,,fivethirtyeight,-8,G002905
1984,1984-09-30,,REG,IND,BUF,31,17,False,,fivethirtyeight,14,G002906
1984,1984-09-30,,REG,NYJ,NE,21,28,False,,fivethirtyeight,-7,G002907
1984,1984-09-30,,REG,WSH,PHI,20,0,False,,fivethirtyeight,20,G002908
1984,1984-09-30,,REG,TB,GB,30,27,False,,fivethirtyeight,3,G002909
1984,1984-09-30,,REG,SF,ATL,14,5,False,,fivethirtyeight,9,G002910
1984,1984-09-30,,REG,TEN,NO,10,27,False,,fivethirtyeight,-17,G002911
1984,1984-09-30,,REG,MIN,SEA,12,20,False,,fivethirtyeight,-8,G002912
1984,1984-09-30,,REG,KC,CLE,10,6,False,,fivethirtyeight,4,G002913
1984,1984-09-30,,REG,DEN,OAK,16,13,False,,fivethirtyeight,3,G002914
1984,1984-10-01,,REG,PIT,CIN,38,17,False,,fivethirtyeight,21,G002915
1984,1984-10-07,,REG,BUF,PHI,17,27,False,,fivethirtyeight,-10,G002916
1984,1984-10-07,,REG,LAR,ATL,28,30,False,,fivethirtyeight,-2,G002917
1984,1984-10-07,,REG,PIT,MIA,7,31,False,,fivethirtyeight,-24,G002918
1984,1984-10-07,,REG,GB,LAC,28,34,False,,fivethirtyeight,-6,G002919
1984,1984-10-07,,REG,TB,MIN,35,31,False,,fivethirtyeight,4,G002920
1984,1984-10-07,,REG,OAK,SEA,28,14,False,,fivethirtyeight,14,G002921
1984,1984-10-07,,REG,KC,NYJ,16,17,False,,fivethirtyeight,-1,G002922
1984,1984-10-07,,REG,DET,DEN,7,28,False,,fivethirtyeight,-21,G002923
1984,1984-10-07,,REG,DAL,ARI,20,31,False,,fivethirtyeight,-11,G002924
1984,1984-10-07,,REG,IND,WSH,7,35,False,,fivethirtyeight,-28,G002925
1984,1984-10-07,,REG,CLE,NE,16,17,False,,fivethirtyeight,-1,G002926
1984,1984-10-07,,REG,CIN,TEN,13,3,False,,fivethirtyeight,10,G002927
1984,1984-10-07,,REG,CHI,NO,20,7,False,,fivethirtyeight,13,G002928
1984,1984-10-08,,REG,NYG,SF,10,31,False,,fivethirtyeight,-21,G002929
1984,1984-10-14,,REG,PHI,IND,16,7,False,,fivethirtyeight,9,G002930
1984,1984-10-14,,REG,ATL,NYG,7,19,False,,fivethirtyeight,-12,G002931
1984,1984-10-14,,REG,CLE,NYJ,20,24,False,,fivethirtyeight,-4,G002932
1984,1984-10-14,,REG,ARI,CHI,38,21,False,,fivethirtyeight,17,G002933
1984,1984-10-14,,REG,DET,TB,13,7,False,,fivethirtyeight,6,G002934
1984,1984-10-14,,REG,MIA,TEN,28,10,False,,fivethirtyeight,18,G002935
1984,1984-10-14,,REG,NE,CIN,20,14,False,,fivethirtyeight,6,G002936
1984,1984-10-14,,REG,OAK,MIN,23,20,False,,fivethirtyeight,3,G002937
1984,1984-10-14,,REG,SEA,BUF,31,28,False,,fivethirtyeight,3,G002938
1984,1984-10-14,,REG,SF,PIT,17,20,False,,fivethirtyeight,-3,G002939
1984,1984-10-14,,REG,WSH,DAL,34,14,False,,fivethirtyeight,20,G002940
1984,1984-10-14,,REG,NO,LAR,10,28,False,,fivethirtyeight,-18,G002941
1984,1984-10-14,,REG,KC,LAC,31,13,False,,fivethirtyeight,18,G002942
1984,1984-10-15,,REG,DEN,GB,17,14,False,,fivethirtyeight,3,G002943
1984,1984-10-21,,REG,LAC,OAK,37,44,False,,fivethirtyeight,-7,G002944
1984,1984-10-21,,REG,NE,MIA,24,44,False,,fivethirtyeight,-20,G002945
1984,1984-10-21,,REG,CIN,CLE,12,9,False,,fivethirtyeight,3,G002946
1984,1984-10-21,,REG,BUF,DEN,7,37,False,,fivethirtyeight,-30,G002947
1984,1984-10-21,,REG,MIN,DET,14,16,False,,fivethirtyeight,-2,G002948
1984,1984-10-21,,REG,GB,SEA,24,30,False,,fivethirtyeight,-6,G002949
1984,1984-10-21,,REG,DAL,NO,30,27,False,,fivethirtyeight,3,G002950
1984,1984-10-21,,REG,ARI,WSH,26,24,False,,fivethirtyeight,2,G002951
1984,1984-10-21,,REG,IND,PIT,17,16,False,,fivethirtyeight,1,G002952
1984,1984-10-21,,REG,TB,CHI,9,44,False,,fivethirtyeight,-35,G002953
1984,1984-10-21,,REG,PHI,NYG,24,10,False,,fivethirtyeight,14,G002954
1984,1984-10-21,,REG,TEN,SF,21,34,False,,fivethirtyeight,-13,G002955
1984,1984-10-21,,REG,NYJ,KC,28,7,False,,fivethirtyeight,21,G002956
1984,1984-10-22,,REG,ATL,LAR,10,24,False,,fivethirtyeight,-14,G002957
1984,1984-10-28,,REG,PIT,ATL,35,10,False,,fivethirtyeight,25,G002958
1984,1984-10-28,,REG,LAR,SF,0,33,False,,fivethirtyeight,-33,G002959
1984,1984-10-28,,REG,CHI,MIN,16,7,False,,fivethirtyeight,9,G002960
1984,1984-10-28,,REG,CLE,NO,14,16,False,,fivethirtyeight,-2,G002961
1984,1984-10-28,,REG,GB,DET,41,9,False,,fivethirtyeight,32,G002962
1984,1984-10-28,,REG,KC,TB,24,20,False,,fivethirtyeight,4,G002963
1984,1984-10-28,,REG,MIA,BUF,38,7,False,,fivethirtyeight,31,G002964
1984,1984-10-28,,REG,DAL,IND,22,3,False,,fivethirtyeight,19,G002965
1984,1984-10-28,,REG,NE,NYJ,30,20,False,,fivethirtyeight,10,G002966
1984,1984-10-28,,REG,NYG,WSH,37,13,False,,fivethirtyeight,24,G002967
1984,1984-10-28,,REG,TEN,CIN,13,31,False,,fivethirtyeight,-18,G002968
1984,1984-10-28,,REG,PHI,ARI,14,34,False,,fivethirtyeight,-20,G002969
1984,1984-10-28,,REG,OAK,DEN,19,22,False,,fivethirtyeight,-3,G002970
1984,1984-10-29,,REG,LAC,SEA,0,24,False,,fivethirtyeight,-24,G002971
1984,1984-11-04,,REG,ARI,LAR,13,16,False,,fivethirtyeight,-3,G002972
1984,1984-11-04,,REG,DET,PHI,23,23,False,,fivethirtyeight,0,G002973
1984,1984-11-04,,REG,DEN,NE,26,19,False,,fivethirtyeight,7,G002974
1984,1984-11-04,,REG,NO,GB,13,23,False,,fivethirtyeight,-10,G002975
1984,1984-11-04,,REG,NYJ,MIA,17,31,False,,fivethirtyeight,-14,G002976
1984,1984-11-04,,REG,PIT,TEN,35,7,False,,fivethirtyeight,28,G002977
1984,1984-11-04,,REG,SEA,KC,45,0,False,,fivethirtyeight,45,G002978
1984,1984-11-04,,REG,MIN,TB,27,24,False,,fivethirtyeight,3,G002979
1984,1984-11-04,,REG,IND,LAC,10,38,False,,fivethirtyeight,-28,G002980
1984,1984-11-04,,REG,SF,CIN,23,17,False,,fivethirtyeight,6,G002981
1984,1984-11-04,,REG,DAL,NYG,7,19,False,,fivethirtyeight,-12,G002982
1984,1984-11-04,,REG,CHI,OAK,17,6,False,,fivethirtyeight,11,G002983
1984,1984-11-04,,REG,BUF,CLE,10,13,False,,fivethirtyeight,-3,G002984
1984,1984-11-05,,REG,WSH,ATL,27,14,False,,fivethirtyeight,13,G002985
1984,1984-11-11,,REG,LAC,DEN,13,16,False,,fivethirtyeight,-3,G002986
1984,1984-11-11,,REG,WSH,DET,28,14,False,,fivethirtyeight,14,G002987
1984,1984-11-11,,REG,TB,NYG,20,17,False,,fivethirtyeight,3,G002988
1984,1984-11-11,,REG,NE,BUF,38,10,False,,fivethirtyeight,28,G002989
1984,1984-11-11,,REG,MIA,PHI,24,23,False,,fivethirtyeight,1,G002990
1984,1984-11-11,,REG,KC,TEN,16,17,False,,fivethirtyeight,-1,G002991
1984,1984-11-11,,REG,GB,MIN,45,17,False,,fivethirtyeight,28,G002992
1984,1984-11-11,,REG,ARI,DAL,17,24,False,,fivethirtyeight,-7,G002993
1984,1984-11-11,,REG,CLE,SF,7,41,False,,fivethirtyeight,-34,G002994
1984,1984-11-11,,REG,CIN,PIT,22,20,False,,fivethirtyeight,2,G002995
1984,1984-11-11,,REG,ATL,NO,13,17,False,,fivethirtyeight,-4,G002996
1984,1984-11-11,,REG,NYJ,IND,5,9,False,,fivethirtyeight,-4,G002997
1984,1984-11-11,,REG,LAR,CHI,29,13,False,,fivethirtyeight,16,G002998
1984,1984-11-12,,REG,SEA,OAK,17,14,False,,fivethirtyeight,3,G002999
1984,1984-11-18,,REG,IND,NE,17,50,False,,fivethirtyeight,-33,G003000
1984,1984-11-18,,REG,CHI,DET,16,14,False,,fivethirtyeight,2,G003001
1984,1984-11-18,,REG,LAC,MIA,34,28,False,,fivethirtyeight,6,G003002
1984,1984-11-18,,REG,BUF,DAL,14,3,False,,fivethirtyeight,11,G003003
1984,1984-11-18,,REG,ATL,CLE,7,23,False,,fivethirtyeight,-16,G003004
1984,1984-11-18,,REG,SF,TB,24,17,False,,fivethirtyeight,7,G003005
1984,1984-11-18,,REG,OAK,KC,17,7,False,,fivethirtyeight,10,G003006
1984,1984-11-18,,REG,DEN,MIN,42,21,False,,fivethirtyeight,21,G003007
1984,1984-11-18,,REG,NYG,ARI,16,10,False,,fivethirtyeight,6,G003008
1984,1984-11-18,,REG,TEN,NYJ,31,20,False,,fivethirtyeight,11,G003009
1984,1984-11-18,,REG,CIN,SEA,6,26,False,,fivethirtyeight,-20,G003010
1984,1984-11-18,,REG,GB,LAR,31,6,False,,fivethirtyeight,25,G003011
1984,1984-11-18,,REG,PHI,WSH,16,10,False,,fivethirtyeight,6,G003012
1984,1984-11-19,,REG,NO,PIT,27,24,False,,fivethirtyeight,3,G003013
1984,1984-11-22,,REG,DAL,NE,20,17,False,,fivethirtyeight,3,G003014
1984,1984-11-22,,REG,DET,GB,31,28,False,,fivethirtyeight,3,G003015
1984,1984-11-25,,REG,PIT,LAC,52,24,False,,fivethirtyeight,28,G003016
1984,1984-11-25,,REG,WSH,BUF,41,14,False,,fivethirtyeight,27,G003017
1984,1984-11-25,,REG,TB,LAR,33,34,False,,fivethirtyeight,-1,G003018
1984,1984-11-25,,REG,CLE,TEN,27,10,False,,fivethirtyeight,17,G003019
1984,1984-11-25,,REG,ARI,PHI,17,16,False,,fivethirtyeight,1,G003020
1984,1984-11-25,,REG,OAK,IND,21,7,False,,fivethirtyeight,14,G003021
1984,1984-11-25,,REG,NYG,KC,28,27,False,,fivethirtyeight,1,G003022
1984,1984-11-25,,REG,NO,SF,3,35,False,,fivethirtyeight,-32,G003023
1984,1984-11-25,,REG,MIN,CHI,3,34,False,,fivethirtyeight,-31,G003024
1984,1984-11-25,,REG,DEN,SEA,24,27,False,,fivethirtyeight,-3,G003025
1984,1984-11-25,,REG,CIN,ATL,35,14,False,,fivethirtyeight,21,G003026
1984,1984-11-26,,REG,MIA,NYJ,28,17,False,,fivethirtyeight,11,G003027
1984,1984-11-29,,REG,MIN,WSH,17,31,False,,fivethirtyeight,-14,G003028
1984,1984-12-02,,REG,NYJ,NYG,10,20,False,,fivethirtyeight,-10,G003029
1984,1984-12-02,,REG,PHI,DAL,10,26,False,,fivethirtyeight,-16,G003030
1984,1984-12-02,,REG,NE,ARI,10,33,False,,fivethirtyeight,-23,G003031
1984,1984-12-02,,REG,LAR,NO,34,21,False,,fivethirtyeight,13,G003032
1984,1984-12-02,,REG,SEA,DET,38,17,False,,fivethirtyeight,21,G003033
1984,1984-12-02,,REG,BUF,IND,21,15,False,,fivethirtyeight,6,G003034
1984,1984-12-02,,REG,ATL,SF,17,35,False,,fivethirtyeight,-18,G003035
1984,1984-12-02,,REG,CLE,CIN,17,20,False,,fivethirtyeight,-3,G003036
1984,1984-12-02,,REG,GB,TB,27,14,False,,fivethirtyeight,13,G003037
1984,1984-12-02,,REG,KC,DEN,16,13,False,,fivethirtyeight,3,G003038
1984,1984-12-02,,REG,MIA,OAK,34,45,False,,fivethirtyeight,-11,G003039
1984,1984-12-02,,REG,TEN,PIT,23,20,False,,fivethirtyeight,3,G003040
1984,1984-12-03,,REG,LAC,CHI,20,7,False,,fivethirtyeight,13,G003041
1984,1984-12-08,,REG,SF,MIN,51,7,False,,fivethirtyeight,44,G003042
1984,1984-12-08,,REG,NYJ,BUF,21,17,False,,fivethirtyeight,4,G003043
1984,1984-12-09,,REG,IND,MIA,17,35,False,,fivethirtyeight,-18,G003044
1984,1984-12-09,,REG,NO,CIN,21,24,False,,fivethirtyeight,-3,G003045
1984,1984-12-09,,REG,KC,SEA,34,7,False,,fivethirtyeight,27,G003046
1984,1984-12-09,,REG,DAL,WSH,28,30,False,,fivethirtyeight,-2,G003047
1984,1984-12-09,,REG,ARI,NYG,31,21,False,,fivethirtyeight,10,G003048
1984,1984-12-09,,REG,TB,ATL,23,6,False,,fivethirtyeight,17,G003049
1984,1984-12-09,,REG,DEN,LAC,16,13,False,,fivethirtyeight,3,G003050
1984,1984-12-09,,REG,LAR,TEN,27,16,False,,fivethirtyeight,11,G003051
1984,1984-12-09,,REG,PIT,CLE,23,20,False,,fivethirtyeight,3,G003052
1984,1984-12-09,,REG,PHI,NE,27,17,False,,fivethirtyeight,10,G003053
1984,1984-12-09,,REG,CHI,GB,14,20,False,,fivethirtyeight,-6,G003054
1984,1984-12-10,,REG,DET,OAK,3,24,False,,fivethirtyeight,-21,G003055
1984,1984-12-14,,REG,SF,LAR,19,16,False,,fivethirtyeight,3,G003056
1984,1984-12-15,,REG,NYG,NO,3,10,False,,fivethirtyeight,-7,G003057
1984,1984-12-15,,REG,SEA,DEN,14,31,False,,fivethirtyeight,-17,G003058
1984,1984-12-16,,REG,TB,NYJ,41,21,False,,fivethirtyeight,20,G003059
1984,1984-12-16,,REG,LAC,KC,21,42,False,,fivethirtyeight,-21,G003060
1984,1984-12-16,,REG,ATL,PHI,26,10,False,,fivethirtyeight,16,G003061
1984,1984-12-16,,REG,WSH,ARI,29,27,False,,fivethirtyeight,2,G003062
1984,1984-12-16,,REG,MIN,GB,14,38,False,,fivethirtyeight,-24,G003063
1984,1984-12-16,,REG,NE,IND,16,10,False,,fivethirtyeight,6,G003064
1984,1984-12-16,,REG,TEN,CLE,20,27,False,,fivethirtyeight,-7,G003065
1984,1984-12-16,,REG,OAK,PIT,7,13,False,,fivethirtyeight,-6,G003066
1984,1984-12-16,,REG,DET,CHI,13,30,False,,fivethirtyeight,-17,G003067
1984,1984-12-16,,REG,CIN,BUF,52,21,False,,fivethirtyeight,31,G003068
1984,1984-12-17,,REG,MIA,DAL,28,21,False,,fivethirtyeight,7,G003069
1984,1984-12-22,,PLAYOFF,SEA,OAK,13,7,False,,fivethirtyeight,6,G003070
1984,1984-12-23,,PLAYOFF,LAR,NYG,13,16,False,,fivethirtyeight,-3,G003071
1984,1984-12-29,,PLAYOFF,MIA,SEA,31,10,False,,fivethirtyeight,21,G003072
1984,1984-12-29,,PLAYOFF,SF,NYG,21,10,False,,fivethirtyeight,11,G003073
1984,1984-12-30,,PLAYOFF,WSH,CHI,19,23,False,,fivethirtyeight,-4,G003074
1984,1984-12-30,,PLAYOFF,DEN,PIT,17,24,False,,fivethirtyeight,-7,G003075
1984,1985-01-06,,PLAYOFF,SF,CHI,23,0,False,,fivethirtyeight,23,G003076
1984,1985-01-06,,PLAYOFF,MIA,PIT,45,28,False,,fivethirtyeight,17,G003077
1984,1985-01-20,,PLAYOFF,SF,MIA,38,16,True,,fivethirtyeight,22,G003078
1985,1985-09-08,,REG,LAR,DEN,20,16,False,,fivethirtyeight,4,G003079
1985,1985-09-08,,REG,OAK,NYJ,31,0,False,,fivethirtyeight,31,G003080
1985,1985-09-08,,REG,PIT,IND,45,3,False,,fivethirtyeight,42,G003081
1985,1985-09-08,,REG,TEN,MIA,26,23,False,,fivethirtyeight,3,G003082
1985,1985-09-08,,REG,NYG,PHI,21,0,False,,fivethirtyeight,21,G003083
1985,1985-09-08,,REG,NE,GB,26,20,False,,fivethirtyeight,6,G003084
1985,1985-09-08,,REG,NO,KC,27,47,False,,fivethirtyeight,-20,G003085
1985,1985-09-08,,REG,MIN,SF,28,21,False,,fivethirtyeight,7,G003086
1985,1985-09-08,,REG,CLE,ARI,24,27,False,,fivethirtyeight,-3,G003087
1985,1985-09-08,,REG,CIN,SEA,24,28,False,,fivethirtyeight,-4,G003088
1985,1985-09-08,,REG,CHI,TB,38,28,False,,fivethirtyeight,10,G003089
1985,1985-09-08,,REG,ATL,DET,27,28,False,,fivethirtyeight,-1,G003090
1985,1985-09-08,,REG,BUF,LAC,9,14,False,,fivethirtyeight,-5,G003091
1985,1985-09-09,,REG,DAL,WSH,44,14,False,,fivethirtyeight,30,G003092
1985,1985-09-12,,REG,KC,OAK,36,20,False,,fivethirtyeight,16,G003093
1985,1985-09-15,,REG,NYJ,BUF,42,3,False,,fivethirtyeight,39,G003094
1985,1985-09-15,,REG,MIA,IND,30,13,False,,fivethirtyeight,17,G003095
1985,1985-09-15,,REG,GB,NYG,23,20,False,,fivethirtyeight,3,G003096
1985,1985-09-15,,REG,DET,DAL,26,21,False,,fivethirtyeight,5,G003097
1985,1985-09-15,,REG,DEN,NO,34,23,False,,fivethirtyeight,11,G003098
1985,1985-09-15,,REG,ARI,CIN,41,27,False,,fivethirtyeight,14,G003099
1985,1985-09-15,,REG,CHI,NE,20,7,False,,fivethirtyeight,13,G003100
1985,1985-09-15,,REG,WSH,TEN,16,13,False,,fivethirtyeight,3,G003101
1985,1985-09-15,,REG,LAC,SEA,35,49,False,,fivethirtyeight,-14,G003102
1985,1985-09-15,,REG,TB,MIN,16,31,False,,fivethirtyeight,-15,G003103
1985,1985-09-15,,REG,PHI,LAR,6,17,False,,fivethirtyeight,-11,G003104
1985,1985-09-15,,REG,SF,ATL,35,16,False,,fivethirtyeight,19,G003105
1985,1985-09-16,,REG,CLE,PIT,17,7,False,,fivethirtyeight,10,G003106
1985,1985-09-19,,REG,MIN,CHI,24,33,False,,fivethirtyeight,-9,G003107
1985,1985-09-22,,REG,GB,NYJ,3,24,False,,fivethirtyeight,-21,G003108
1985,1985-09-22,,REG,WSH,PHI,6,19,False,,fivethirtyeight,-13,G003109
1985,1985-09-22,,REG,OAK,SF,10,34,False,,fivethirtyeight,-24,G003110
1985,1985-09-22,,REG,PIT,TEN,20,0,False,,fivethirtyeight,20,G003111
1985,1985-09-22,,REG,NO,TB,20,13,False,,fivethirtyeight,7,G003112
1985,1985-09-22,,REG,MIA,KC,31,0,False,,fivethirtyeight,31,G003113
1985,1985-09-22,,REG,DAL,CLE,20,7,False,,fivethirtyeight,13,G003114
1985,1985-09-22,,REG,IND,DET,14,6,False,,fivethirtyeight,8,G003115
1985,1985-09-22,,REG,BUF,NE,14,17,False,,fivethirtyeight,-3,G003116
1985,1985-09-22,,REG,ATL,DEN,28,44,False,,fivethirtyeight,-16,G003117
1985,1985-09-22,,REG,NYG,ARI,27,17,False,,fivethirtyeight,10,G003118
1985,1985-09-22,,REG,CIN,LAC,41,44,False,,fivethirtyeight,-3,G003119
1985,1985-09-23,,REG,SEA,LAR,24,35,False,,fivethirtyeight,-11,G003120
1985,1985-09-29,,REG,BUF,MIN,20,27,False,,fivethirtyeight,-7,G003121
1985,1985-09-29,,REG,KC,SEA,28,7,False,,fivethirtyeight,21,G003122
1985,1985-09-29,,REG,CHI,WSH,45,10,False,,fivethirtyeight,35,G003123
1985,1985-09-29,,REG,DEN,MIA,26,30,False,,fivethirtyeight,-4,G003124
1985,1985-09-29,,REG,NE,OAK,20,35,False,,fivethirtyeight,-15,G003125
1985,1985-09-29,,REG,DET,TB,30,9,False,,fivethirtyeight,21,G003126
1985,1985-09-29,,REG,ARI,GB,43,28,False,,fivethirtyeight,15,G003127
1985,1985-09-29,,REG,SF,NO,17,20,False,,fivethirtyeight,-3,G003128
1985,1985-09-29,,REG,LAR,ATL,17,6,False,,fivethirtyeight,11,G003129
1985,1985-09-29,,REG,LAC,CLE,7,21,False,,fivethirtyeight,-14,G003130
1985,1985-09-29,,REG,NYJ,IND,25,20,False,,fivethirtyeight,5,G003131
1985,1985-09-29,,REG,TEN,DAL,10,17,False,,fivethirtyeight,-7,G003132
1985,1985-09-29,,REG,PHI,NYG,10,16,False,,fivethirtyeight,-6,G003133
1985,1985-09-30,,REG,PIT,CIN,24,37,False,,fivethirtyeight,-13,G003134
1985,1985-10-06,,REG,MIA,PIT,24,20,False,,fivethirtyeight,4,G003135
1985,1985-10-06,,REG,NO,PHI,23,21,False,,fivethirtyeight,2,G003136
1985,1985-10-06,,REG,LAR,MIN,13,10,False,,fivethirtyeight,3,G003137
1985,1985-10-06,,REG,GB,DET,43,10,False,,fivethirtyeight,33,G003138
1985,1985-10-06,,REG,CLE,NE,24,20,False,,fivethirtyeight,4,G003139
1985,1985-10-06,,REG,CIN,NYJ,20,29,False,,fivethirtyeight,-9,G003140
1985,1985-10-06,,REG,ATL,SF,17,38,False,,fivethirtyeight,-21,G003141
1985,1985-10-06,,REG,IND,BUF,49,17,False,,fivethirtyeight,32,G003142
1985,1985-10-06,,REG,OAK,KC,19,10,False,,fivethirtyeight,9,G003143
1985,1985-10-06,,REG,TB,CHI,19,27,False,,fivethirtyeight,-8,G003144
1985,1985-10-06,,REG,NYG,DAL,29,30,False,,fivethirtyeight,-1,G003145
1985,1985-10-06,,REG,SEA,LAC,26,21,False,,fivethirtyeight,5,G003146
1985,1985-10-06,,REG,DEN,TEN,31,20,False,,fivethirtyeight,11,G003147
1985,1985-10-07,,REG,WSH,ARI,27,10,False,,fivethirtyeight,17,G003148
1985,1985-10-13,,REG,DAL,PIT,27,13,False,,fivethirtyeight,14,G003149
1985,1985-10-13,,REG,CIN,NYG,35,30,False,,fivethirtyeight,5,G003150
1985,1985-10-13,,REG,IND,DEN,10,15,False,,fivethirtyeight,-5,G003151
1985,1985-10-13,,REG,GB,MIN,20,17,False,,fivethirtyeight,3,G003152
1985,1985-10-13,,REG,NE,BUF,14,3,False,,fivethirtyeight,11,G003153
1985,1985-10-13,,REG,TEN,CLE,6,21,False,,fivethirtyeight,-15,G003154
1985,1985-10-13,,REG,PHI,ARI,30,7,False,,fivethirtyeight,23,G003155
1985,1985-10-13,,REG,OAK,NO,23,13,False,,fivethirtyeight,10,G003156
1985,1985-10-13,,REG,SEA,ATL,30,26,False,,fivethirtyeight,4,G003157
1985,1985-10-13,,REG,SF,CHI,10,26,False,,fivethirtyeight,-16,G003158
1985,1985-10-13,,REG,WSH,DET,24,3,False,,fivethirtyeight,21,G003159
1985,1985-10-13,,REG,TB,LAR,27,31,False,,fivethirtyeight,-4,G003160
1985,1985-10-13,,REG,LAC,KC,31,20,False,,fivethirtyeight,11,G003161
1985,1985-10-14,,REG,NYJ,MIA,23,7,False,,fivethirtyeight,16,G003162
1985,1985-10-20,,REG,CLE,OAK,20,21,False,,fivethirtyeight,-1,G003163
1985,1985-10-20,,REG,NE,NYJ,20,13,False,,fivethirtyeight,7,G003164
1985,1985-10-20,,REG,KC,LAR,0,16,False,,fivethirtyeight,-16,G003165
1985,1985-10-20,,REG,NYG,WSH,17,3,False,,fivethirtyeight,14,G003166
1985,1985-10-20,,REG,TEN,CIN,44,27,False,,fivethirtyeight,17,G003167
1985,1985-10-20,,REG,PHI,DAL,16,14,False,,fivethirtyeight,2,G003168
1985,1985-10-20,,REG,PIT,ARI,23,10,False,,fivethirtyeight,13,G003169
1985,1985-10-20,,REG,DEN,SEA,13,10,False,,fivethirtyeight,3,G003170
1985,1985-10-20,,REG,ATL,NO,31,24,False,,fivethirtyeight,7,G003171
1985,1985-10-20,,REG,DET,SF,23,21,False,,fivethirtyeight,2,G003172
1985,1985-10-20,,REG,MIN,LAC,21,17,False,,fivethirtyeight,4,G003173
1985,1985-10-20,,REG,BUF,IND,21,9,False,,fivethirtyeight,12,G003174
1985,1985-10-20,,REG,MIA,TB,41,38,False,,fivethirtyeight,3,G003175
1985,1985-10-21,,REG,CHI,GB,23,7,False,,fivethirtyeight,16,G003176
1985,1985-10-27,,REG,NYJ,SEA,17,14,False,,fivethirtyeight,3,G003177
1985,1985-10-27,,REG,DET,MIA,31,21,False,,fivethirtyeight,10,G003178
1985,1985-10-27,,REG,LAR,SF,14,28,False,,fivethirtyeight,-14,G003179
1985,1985-10-27,,REG,TB,NE,14,32,False,,fivethirtyeight,-18,G003180
1985,1985-10-27,,REG,PHI,BUF,21,17,False,,fivethirtyeight,4,G003181
1985,1985-10-27,,REG,NO,NYG,13,21,False,,fivethirtyeight,-8,G003182
1985,1985-10-27,,REG,KC,DEN,10,30,False,,fivethirtyeight,-20,G003183
1985,1985-10-27,,REG,DAL,ATL,24,10,False,,fivethirtyeight,14,G003184
1985,1985-10-27,,REG,ARI,TEN,10,20,False,,fivethirtyeight,-10,G003185
1985,1985-10-27,,REG,IND,GB,37,10,False,,fivethirtyeight,27,G003186
1985,1985-10-27,,REG,CLE,WSH,7,14,False,,fivethirtyeight,-7,G003187
1985,1985-10-27,,REG,CIN,PIT,26,21,False,,fivethirtyeight,5,G003188
1985,1985-10-27,,REG,CHI,MIN,27,9,False,,fivethirtyeight,18,G003189
1985,1985-10-28,,REG,OAK,LAC,34,21,False,,fivethirtyeight,13,G003190
1985,1985-11-03,,REG,IND,NYJ,17,35,False,,fivethirtyeight,-18,G003191
1985,1985-11-03,,REG,BUF,CIN,17,23,False,,fivethirtyeight,-6,G003192
1985,1985-11-03,,REG,LAR,NO,28,10,False,,fivethirtyeight,18,G003193
1985,1985-11-03,,REG,SF,PHI,24,13,False,,fivethirtyeight,11,G003194
1985,1985-11-03,,REG,PIT,CLE,10,9,False,,fivethirtyeight,1,G003195
1985,1985-11-03,,REG,SEA,OAK,33,3,False,,fivethirtyeight,30,G003196
1985,1985-11-03,,REG,ATL,WSH,10,44,False,,fivethirtyeight,-34,G003197
1985,1985-11-03,,REG,MIN,DET,16,13,False,,fivethirtyeight,3,G003198
1985,1985-11-03,,REG,GB,CHI,10,16,False,,fivethirtyeight,-6,G003199
1985,1985-11-03,,REG,LAC,DEN,30,10,False,,fivethirtyeight,20,G003200
1985,1985-11-03,,REG,TEN,KC,23,20,False,,fivethirtyeight,3,G003201
1985,1985-11-03,,REG,NYG,TB,22,20,False,,fivethirtyeight,2,G003202
1985,1985-11-03,,REG,NE,MIA,17,13,False,,fivethirtyeight,4,G003203
1985,1985-11-04,,REG,ARI,DAL,21,10,False,,fivethirtyeight,11,G003204
1985,1985-11-10,,REG,TB,ARI,16,0,False,,fivethirtyeight,16,G003205
1985,1985-11-10,,REG,PHI,ATL,23,17,False,,fivethirtyeight,6,G003206
1985,1985-11-10,,REG,NE,IND,34,15,False,,fivethirtyeight,19,G003207
1985,1985-11-10,,REG,NO,SEA,3,27,False,,fivethirtyeight,-24,G003208
1985,1985-11-10,,REG,MIN,GB,17,27,False,,fivethirtyeight,-10,G003209
1985,1985-11-10,,REG,MIA,NYJ,21,17,False,,fivethirtyeight,4,G003210
1985,1985-11-10,,REG,CIN,CLE,27,10,False,,fivethirtyeight,17,G003211
1985,1985-11-10,,REG,CHI,DET,24,3,False,,fivethirtyeight,21,G003212
1985,1985-11-10,,REG,WSH,DAL,7,13,False,,fivethirtyeight,-6,G003213
1985,1985-11-10,,REG,NYG,LAR,24,19,False,,fivethirtyeight,5,G003214
1985,1985-11-10,,REG,LAC,OAK,40,34,False,,fivethirtyeight,6,G003215
1985,1985-11-10,,REG,BUF,TEN,20,0,False,,fivethirtyeight,20,G003216
1985,1985-11-10,,REG,KC,PIT,28,36,False,,fivethirtyeight,-8,G003217
1985,1985-11-11,,REG,DEN,SF,17,16,False,,fivethirtyeight,1,G003218
1985,1985-11-17,,REG,CLE,BUF,17,7,False,,fivethirtyeight,10,G003219
1985,1985-11-17,,REG,DEN,LAC,30,24,False,,fivethirtyeight,6,G003220
1985,1985-11-17,,REG,TEN,PIT,7,30,False,,fivethirtyeight,-23,G003221
1985,1985-11-17,,REG,OAK,CIN,13,6,False,,fivethirtyeight,7,G003222
1985,1985-11-17,,REG,SEA,NE,13,20,False,,fivethirtyeight,-7,G003223
1985,1985-11-17,,REG,SF,KC,31,3,False,,fivethirtyeight,28,G003224
1985,1985-11-17,,REG,ARI,PHI,14,24,False,,fivethirtyeight,-10,G003225
1985,1985-11-17,,REG,IND,MIA,20,34,False,,fivethirtyeight,-14,G003226
1985,1985-11-17,,REG,ATL,LAR,30,14,False,,fivethirtyeight,16,G003227
1985,1985-11-17,,REG,NYJ,TB,62,28,False,,fivethirtyeight,34,G003228
1985,1985-11-17,,REG,GB,NO,38,14,False,,fivethirtyeight,24,G003229
1985,1985-11-17,,REG,DET,MIN,41,21,False,,fivethirtyeight,20,G003230
1985,1985-11-17,,REG,DAL,CHI,0,44,False,,fivethirtyeight,-44,G003231
1985,1985-11-18,,REG,WSH,NYG,23,21,False,,fivethirtyeight,2,G003232
1985,1985-11-24,,REG,NYJ,NE,16,13,False,,fivethirtyeight,3,G003233
1985,1985-11-24,,REG,TEN,LAC,37,35,False,,fivethirtyeight,2,G003234
1985,1985-11-24,,REG,TB,DET,19,16,False,,fivethirtyeight,3,G003235
1985,1985-11-24,,REG,OAK,DEN,31,28,False,,fivethirtyeight,3,G003236
1985,1985-11-24,,REG,PIT,WSH,23,30,False,,fivethirtyeight,-7,G003237
1985,1985-11-24,,REG,MIN,NO,23,30,False,,fivethirtyeight,-7,G003238
1985,1985-11-24,,REG,KC,IND,20,7,False,,fivethirtyeight,13,G003239
1985,1985-11-24,,REG,DAL,PHI,34,17,False,,fivethirtyeight,17,G003240
1985,1985-11-24,,REG,ARI,NYG,3,34,False,,fivethirtyeight,-31,G003241
1985,1985-11-24,,REG,CLE,CIN,24,6,False,,fivethirtyeight,18,G003242
1985,1985-11-24,,REG,CHI,ATL,36,0,False,,fivethirtyeight,36,G003243
1985,1985-11-24,,REG,BUF,MIA,14,23,False,,fivethirtyeight,-9,G003244
1985,1985-11-24,,REG,LAR,GB,34,17,False,,fivethirtyeight,17,G003245
1985,1985-11-25,,REG,SF,SEA,19,6,False,,fivethirtyeight,13,G003246
1985,1985-11-28,,REG,DAL,ARI,35,17,False,,fivethirtyeight,18,G003247
1985,1985-11-28,,REG,DET,NYJ,31,20,False,,fivethirtyeight,11,G003248
1985,1985-12-01,,REG,NYG,CLE,33,35,False,,fivethirtyeight,-2,G003249
1985,1985-12-01,,REG,GB,TB,21,0,False,,fivethirtyeight,21,G003250
1985,1985-12-01,,REG,LAC,BUF,40,7,False,,fivethirtyeight,33,G003251
1985,1985-12-01,,REG,NO,LAR,29,3,False,,fivethirtyeight,26,G003252
1985,1985-12-01,,REG,IND,NE,31,38,False,,fivethirtyeight,-7,G003253
1985,1985-12-01,,REG,CIN,TEN,45,27,False,,fivethirtyeight,18,G003254
1985,1985-12-01,,REG,ATL,OAK,24,34,False,,fivethirtyeight,-10,G003255
1985,1985-12-01,,REG,WSH,SF,8,35,False,,fivethirtyeight,-27,G003256
1985,1985-12-01,,REG,SEA,KC,24,6,False,,fivethirtyeight,18,G003257
1985,1985-12-01,,REG,PIT,DEN,23,31,False,,fivethirtyeight,-8,G003258
1985,1985-12-01,,REG,PHI,MIN,23,28,False,,fivethirtyeight,-5,G003259
1985,1985-12-02,,REG,MIA,CHI,38,24,False,,fivethirtyeight,14,G003260
1985,1985-12-08,,REG,LAC,PIT,54,44,False,,fivethirtyeight,10,G003261
1985,1985-12-08,,REG,SEA,CLE,31,13,False,,fivethirtyeight,18,G003262
1985,1985-12-08,,REG,CIN,DAL,50,24,False,,fivethirtyeight,26,G003263
1985,1985-12-08,,REG,CHI,IND,17,10,False,,fivethirtyeight,7,G003264
1985,1985-12-08,,REG,BUF,NYJ,7,27,False,,fivethirtyeight,-20,G003265
1985,1985-12-08,,REG,NE,DET,23,6,False,,fivethirtyeight,17,G003266
1985,1985-12-08,,REG,MIN,TB,26,7,False,,fivethirtyeight,19,G003267
1985,1985-12-08,,REG,KC,ATL,38,10,False,,fivethirtyeight,28,G003268
1985,1985-12-08,,REG,GB,MIA,24,34,False,,fivethirtyeight,-10,G003269
1985,1985-12-08,,REG,DEN,OAK,14,17,False,,fivethirtyeight,-3,G003270
1985,1985-12-08,,REG,ARI,NO,28,16,False,,fivethirtyeight,12,G003271
1985,1985-12-08,,REG,TEN,NYG,14,35,False,,fivethirtyeight,-21,G003272
1985,1985-12-08,,REG,PHI,WSH,12,17,False,,fivethirtyeight,-5,G003273
1985,1985-12-09,,REG,SF,LAR,20,27,False,,fivethirtyeight,-7,G003274
1985,1985-12-14,,REG,DEN,KC,14,13,False,,fivethirtyeight,1,G003275
1985,1985-12-14,,REG,NYJ,CHI,6,19,False,,fivethirtyeight,-13,G003276
1985,1985-12-15,,REG,DAL,NYG,28,21,False,,fivethirtyeight,7,G003277
1985,1985-12-15,,REG,WSH,CIN,27,24,False,,fivethirtyeight,3,G003278
1985,1985-12-15,,REG,TB,IND,23,31,False,,fivethirtyeight,-8,G003279
1985,1985-12-15,,REG,OAK,SEA,13,3,False,,fivethirtyeight,10,G003280
1985,1985-12-15,,REG,PIT,BUF,30,24,False,,fivethirtyeight,6,G003281
1985,1985-12-15,,REG,NO,SF,19,31,False,,fivethirtyeight,-12,G003282
1985,1985-12-15,,REG,DET,GB,23,26,False,,fivethirtyeight,-3,G003283
1985,1985-12-15,,REG,CLE,TEN,28,21,False,,fivethirtyeight,7,G003284
1985,1985-12-15,,REG,ATL,MIN,14,13,False,,fivethirtyeight,1,G003285
1985,1985-12-15,,REG,LAR,ARI,46,14,False,,fivethirtyeight,32,G003286
1985,1985-12-15,,REG,LAC,PHI,20,14,False,,fivethirtyeight,6,G003287
1985,1985-12-16,,REG,MIA,NE,30,27,False,,fivethirtyeight,3,G003288
1985,1985-12-20,,REG,SEA,DEN,24,27,False,,fivethirtyeight,-3,G003289
1985,1985-12-21,,REG,NYG,PIT,28,10,False,,fivethirtyeight,18,G003290
1985,1985-12-21,,REG,ARI,WSH,16,27,False,,fivethirtyeight,-11,G003291
1985,1985-12-22,,REG,MIN,PHI,35,37,False,,fivethirtyeight,-2,G003292
1985,1985-12-22,,REG,MIA,BUF,28,0,False,,fivethirtyeight,28,G003293
1985,1985-12-22,,REG,DET,CHI,17,37,False,,fivethirtyeight,-20,G003294
1985,1985-12-22,,REG,IND,TEN,34,16,False,,fivethirtyeight,18,G003295
1985,1985-12-22,,REG,TB,GB,17,20,False,,fivethirtyeight,-3,G003296
1985,1985-12-22,,REG,SF,DAL,31,16,False,,fivethirtyeight,15,G003297
1985,1985-12-22,,REG,NYJ,CLE,37,10,False,,fivethirtyeight,27,G003298
1985,1985-12-22,,REG,NE,CIN,34,23,False,,fivethirtyeight,11,G003299
1985,1985-12-22,,REG,KC,LAC,38,34,False,,fivethirtyeight,4,G003300
1985,1985-12-22,,REG,NO,ATL,10,16,False,,fivethirtyeight,-6,G003301
1985,1985-12-23,,REG,LAR,OAK,6,16,False,,fivethirtyeight,-10,G003302
1985,1985-12-28,,PLAYOFF,NYJ,NE,14,26,False,,fivethirtyeight,-12,G003303
1985,1985-12-29,,PLAYOFF,NYG,SF,17,3,False,,fivethirtyeight,14,G003304
1985,1986-01-04,,PLAYOFF,LAR,DAL,20,0,False,,fivethirtyeight,20,G003305
1985,1986-01-04,,PLAYOFF,MIA,CLE,24,21,False,,fivethirtyeight,3,G003306
1985,1986-01-05,,PLAYOFF,OAK,NE,20,27,False,,fivethirtyeight,-7,G003307
1985,1986-01-05,,PLAYOFF,CHI,NYG,21,0,False,,fivethirtyeight,21,G003308
1985,1986-01-12,,PLAYOFF,MIA,NE,14,31,False,,fivethirtyeight,-17,G003309
1985,1986-01-12,,PLAYOFF,CHI,LAR,24,0,False,,fivethirtyeight,24,G003310
1985,1986-01-26,,PLAYOFF,NE,CHI,10,46,True,,fivethirtyeight,-36,G003311
1986,1986-09-07,,REG,DEN,OAK,38,36,False,,fivethirtyeight,2,G003312
1986,1986-09-07,,REG,CHI,CLE,41,31,False,,fivethirtyeight,10,G003313
1986,1986-09-07,,REG,BUF,NYJ,24,28,False,,fivethirtyeight,-4,G003314
1986,1986-09-07,,REG,WSH,PHI,41,14,False,,fivethirtyeight,27,G003315
1986,1986-09-07,,REG,TB,SF,7,31,False,,fivethirtyeight,-24,G003316
1986,1986-09-07,,REG,SEA,PIT,30,0,False,,fivethirtyeight,30,G003317
1986,1986-09-07,,REG,NE,IND,33,3,False,,fivethirtyeight,30,G003318
1986,1986-09-07,,REG,NO,ATL,10,31,False,,fivethirtyeight,-21,G003319
1986,1986-09-07,,REG,MIN,DET,10,13,False,,fivethirtyeight,-3,G003320
1986,1986-09-07,,REG,KC,CIN,24,14,False,,fivethirtyeight,10,G003321
1986,1986-09-07,,REG,GB,TEN,3,31,False,,fivethirtyeight,-28,G003322
1986,1986-09-07,,REG,ARI,LAR,10,16,False,,fivethirtyeight,-6,G003323
1986,1986-09-07,,REG,LAC,MIA,50,28,False,,fivethirtyeight,22,G003324
1986,1986-09-08,,REG,DAL,NYG,31,28,False,,fivethirtyeight,3,G003325
1986,1986-09-11,,REG,NYJ,NE,6,20,False,,fivethirtyeight,-14,G003326
1986,1986-09-14,,REG,SEA,KC,23,17,False,,fivethirtyeight,6,G003327
1986,1986-09-14,,REG,TB,MIN,10,23,False,,fivethirtyeight,-13,G003328
1986,1986-09-14,,REG,TEN,CLE,20,23,False,,fivethirtyeight,-3,G003329
1986,1986-09-14,,REG,NO,GB,24,10,False,,fivethirtyeight,14,G003330
1986,1986-09-14,,REG,MIA,IND,30,10,False,,fivethirtyeight,20,G003331
1986,1986-09-14,,REG,DET,DAL,7,31,False,,fivethirtyeight,-24,G003332
1986,1986-09-14,,REG,CIN,BUF,36,33,False,,fivethirtyeight,3,G003333
1986,1986-09-14,,REG,CHI,PHI,13,10,False,,fivethirtyeight,3,G003334
1986,1986-09-14,,REG,ATL,ARI,33,13,False,,fivethirtyeight,20,G003335
1986,1986-09-14,,REG,LAR,SF,16,13,False,,fivethirtyeight,3,G003336
1986,1986-09-14,,REG,WSH,OAK,10,6,False,,fivethirtyeight,4,G003337
1986,1986-09-14,,REG,NYG,LAC,20,7,False,,fivethirtyeight,13,G003338
1986,1986-09-15,,REG,PIT,DEN,10,21,False,,fivethirtyeight,-11,G003339
1986,1986-09-18,,REG,CLE,CIN,13,30,False,,fivethirtyeight,-17,G003340
1986,1986-09-21,,REG,MIN,PIT,31,7,False,,fivethirtyeight,24,G003341
1986,1986-09-21,,REG,NE,SEA,31,38,False,,fivethirtyeight,-7,G003342
1986,1986-09-21,,REG,OAK,NYG,9,14,False,,fivethirtyeight,-5,G003343
1986,1986-09-21,,REG,PHI,DEN,7,33,False,,fivethirtyeight,-26,G003344
1986,1986-09-21,,REG,NYJ,MIA,51,45,False,,fivethirtyeight,6,G003345
1986,1986-09-21,,REG,KC,TEN,27,13,False,,fivethirtyeight,14,G003346
1986,1986-09-21,,REG,LAC,WSH,27,30,False,,fivethirtyeight,-3,G003347
1986,1986-09-21,,REG,BUF,ARI,17,10,False,,fivethirtyeight,7,G003348
1986,1986-09-21,,REG,IND,LAR,7,24,False,,fivethirtyeight,-17,G003349
1986,1986-09-21,,REG,SF,NO,26,17,False,,fivethirtyeight,9,G003350
1986,1986-09-21,,REG,DET,TB,20,24,False,,fivethirtyeight,-4,G003351
1986,1986-09-21,,REG,DAL,ATL,35,37,False,,fivethirtyeight,-2,G003352
1986,1986-09-22,,REG,GB,CHI,12,25,False,,fivethirtyeight,-13,G003353
1986,1986-09-28,,REG,MIA,SF,16,31,False,,fivethirtyeight,-15,G003354
1986,1986-09-28,,REG,NYG,NO,20,17,False,,fivethirtyeight,3,G003355
1986,1986-09-28,,REG,WSH,SEA,19,14,False,,fivethirtyeight,5,G003356
1986,1986-09-28,,REG,TB,ATL,20,23,False,,fivethirtyeight,-3,G003357
1986,1986-09-28,,REG,TEN,PIT,16,22,False,,fivethirtyeight,-6,G003358
1986,1986-09-28,,REG,BUF,KC,17,20,False,,fivethirtyeight,-3,G003359
1986,1986-09-28,,REG,PHI,LAR,34,20,False,,fivethirtyeight,14,G003360
1986,1986-09-28,,REG,CIN,CHI,7,44,False,,fivethirtyeight,-37,G003361
1986,1986-09-28,,REG,CLE,DET,24,21,False,,fivethirtyeight,3,G003362
1986,1986-09-28,,REG,OAK,LAC,17,13,False,,fivethirtyeight,4,G003363
1986,1986-09-28,,REG,MIN,GB,42,7,False,,fivethirtyeight,35,G003364
1986,1986-09-28,,REG,IND,NYJ,7,26,False,,fivethirtyeight,-19,G003365
1986,1986-09-28,,REG,DEN,NE,27,20,False,,fivethirtyeight,7,G003366
1986,1986-09-29,,REG,ARI,DAL,7,31,False,,fivethirtyeight,-24,G003367
1986,1986-10-05,,REG,PIT,CLE,24,27,False,,fivethirtyeight,-3,G003368
1986,1986-10-05,,REG,SF,IND,35,14,False,,fivethirtyeight,21,G003369
1986,1986-10-05,,REG,LAR,TB,26,20,False,,fivethirtyeight,6,G003370
1986,1986-10-05,,REG,ATL,PHI,0,16,False,,fivethirtyeight,-16,G003371
1986,1986-10-05,,REG,CHI,MIN,23,0,False,,fivethirtyeight,23,G003372
1986,1986-10-05,,REG,ARI,NYG,6,13,False,,fivethirtyeight,-7,G003373
1986,1986-10-05,,REG,DEN,DAL,29,14,False,,fivethirtyeight,15,G003374
1986,1986-10-05,,REG,DET,TEN,24,13,False,,fivethirtyeight,11,G003375
1986,1986-10-05,,REG,GB,CIN,28,34,False,,fivethirtyeight,-6,G003376
1986,1986-10-05,,REG,KC,OAK,17,24,False,,fivethirtyeight,-7,G003377
1986,1986-10-05,,REG,NYJ,BUF,14,13,False,,fivethirtyeight,1,G003378
1986,1986-10-05,,REG,NE,MIA,34,7,False,,fivethirtyeight,27,G003379
1986,1986-10-05,,REG,NO,WSH,6,14,False,,fivethirtyeight,-8,G003380
1986,1986-10-06,,REG,SEA,LAC,33,7,False,,fivethirtyeight,26,G003381
1986,1986-10-12,,REG,DAL,WSH,30,6,False,,fivethirtyeight,24,G003382
1986,1986-10-12,,REG,ATL,LAR,26,14,False,,fivethirtyeight,12,G003383
1986,1986-10-12,,REG,IND,NO,14,17,False,,fivethirtyeight,-3,G003384
1986,1986-10-12,,REG,TEN,CHI,7,20,False,,fivethirtyeight,-13,G003385
1986,1986-10-12,,REG,OAK,SEA,14,10,False,,fivethirtyeight,4,G003386
1986,1986-10-12,,REG,SF,MIN,24,27,False,,fivethirtyeight,-3,G003387
1986,1986-10-12,,REG,TB,ARI,19,30,False,,fivethirtyeight,-11,G003388
1986,1986-10-12,,REG,CLE,KC,20,7,False,,fivethirtyeight,13,G003389
1986,1986-10-12,,REG,LAC,DEN,14,31,False,,fivethirtyeight,-17,G003390
1986,1986-10-12,,REG,NYG,PHI,35,3,False,,fivethirtyeight,32,G003391
1986,1986-10-12,,REG,NE,NYJ,24,31,False,,fivethirtyeight,-7,G003392
1986,1986-10-12,,REG,GB,DET,14,21,False,,fivethirtyeight,-7,G003393
1986,1986-10-12,,REG,MIA,BUF,27,14,False,,fivethirtyeight,13,G003394
1986,1986-10-13,,REG,CIN,PIT,24,22,False,,fivethirtyeight,2,G003395
1986,1986-10-19,,REG,WSH,ARI,28,21,False,,fivethirtyeight,7,G003396
1986,1986-10-19,,REG,ATL,SF,10,10,False,,fivethirtyeight,0,G003397
1986,1986-10-19,,REG,BUF,IND,24,13,False,,fivethirtyeight,11,G003398
1986,1986-10-19,,REG,CIN,TEN,31,28,False,,fivethirtyeight,3,G003399
1986,1986-10-19,,REG,CLE,GB,14,17,False,,fivethirtyeight,-3,G003400
1986,1986-10-19,,REG,KC,LAC,42,41,False,,fivethirtyeight,1,G003401
1986,1986-10-19,,REG,MIN,CHI,23,7,False,,fivethirtyeight,16,G003402
1986,1986-10-19,,REG,MIA,OAK,28,30,False,,fivethirtyeight,-2,G003403
1986,1986-10-19,,REG,NO,TB,38,7,False,,fivethirtyeight,31,G003404
1986,1986-10-19,,REG,PHI,DAL,14,17,False,,fivethirtyeight,-3,G003405
1986,1986-10-19,,REG,PIT,NE,0,34,False,,fivethirtyeight,-34,G003406
1986,1986-10-19,,REG,LAR,DET,14,10,False,,fivethirtyeight,4,G003407
1986,1986-10-19,,REG,SEA,NYG,17,12,False,,fivethirtyeight,5,G003408
1986,1986-10-20,,REG,NYJ,DEN,22,10,False,,fivethirtyeight,12,G003409
1986,1986-10-26,,REG,KC,TB,27,20,False,,fivethirtyeight,7,G003410
1986,1986-10-26,,REG,MIN,CLE,20,23,False,,fivethirtyeight,-3,G003411
1986,1986-10-26,,REG,NYJ,NO,28,23,False,,fivethirtyeight,5,G003412
1986,1986-10-26,,REG,PIT,CIN,30,9,False,,fivethirtyeight,21,G003413
1986,1986-10-26,,REG,PHI,LAC,23,7,False,,fivethirtyeight,16,G003414
1986,1986-10-26,,REG,BUF,NE,3,23,False,,fivethirtyeight,-20,G003415
1986,1986-10-26,,REG,CHI,DET,13,7,False,,fivethirtyeight,6,G003416
1986,1986-10-26,,REG,IND,MIA,13,17,False,,fivethirtyeight,-4,G003417
1986,1986-10-26,,REG,LAR,ATL,14,7,False,,fivethirtyeight,7,G003418
1986,1986-10-26,,REG,DAL,ARI,37,6,False,,fivethirtyeight,31,G003419
1986,1986-10-26,,REG,DEN,SEA,20,13,False,,fivethirtyeight,7,G003420
1986,1986-10-26,,REG,GB,SF,17,31,False,,fivethirtyeight,-14,G003421
1986,1986-10-26,,REG,TEN,OAK,17,28,False,,fivethirtyeight,-11,G003422
1986,1986-10-27,,REG,NYG,WSH,27,20,False,,fivethirtyeight,7,G003423
1986,1986-11-02,,REG,NE,ATL,25,17,False,,fivethirtyeight,8,G003424
1986,1986-11-02,,REG,NYG,DAL,17,14,False,,fivethirtyeight,3,G003425
1986,1986-11-02,,REG,PIT,GB,27,3,False,,fivethirtyeight,24,G003426
1986,1986-11-02,,REG,LAC,KC,23,24,False,,fivethirtyeight,-1,G003427
1986,1986-11-02,,REG,IND,CLE,9,24,False,,fivethirtyeight,-15,G003428
1986,1986-11-02,,REG,OAK,DEN,10,21,False,,fivethirtyeight,-11,G003429
1986,1986-11-02,,REG,WSH,MIN,44,38,False,,fivethirtyeight,6,G003430
1986,1986-11-02,,REG,SEA,NYJ,7,38,False,,fivethirtyeight,-31,G003431
1986,1986-11-02,,REG,TB,BUF,34,28,False,,fivethirtyeight,6,G003432
1986,1986-11-02,,REG,ARI,PHI,13,10,False,,fivethirtyeight,3,G003433
1986,1986-11-02,,REG,DET,CIN,17,24,False,,fivethirtyeight,-7,G003434
1986,1986-11-02,,REG,MIA,TEN,28,7,False,,fivethirtyeight,21,G003435
1986,1986-11-02,,REG,NO,SF,23,10,False,,fivethirtyeight,13,G003436
1986,1986-11-03,,REG,CHI,LAR,17,20,False,,fivethirtyeight,-3,G003437
1986,1986-11-09,,REG,DET,MIN,10,24,False,,fivethirtyeight,-14,G003438
1986,1986-11-09,,REG,PHI,NYG,14,17,False,,fivethirtyeight,-3,G003439
1986,1986-11-09,,REG,TEN,CIN,32,28,False,,fivethirtyeight,4,G003440
1986,1986-11-09,,REG,KC,SEA,27,7,False,,fivethirtyeight,20,G003441
1986,1986-11-09,,REG,GB,WSH,7,16,False,,fivethirtyeight,-9,G003442
1986,1986-11-09,,REG,ATL,NYJ,14,28,False,,fivethirtyeight,-14,G003443
1986,1986-11-09,,REG,TB,CHI,3,23,False,,fivethirtyeight,-20,G003444
1986,1986-11-09,,REG,DAL,OAK,13,17,False,,fivethirtyeight,-4,G003445
1986,1986-11-09,,REG,NO,LAR,6,0,False,,fivethirtyeight,6,G003446
1986,1986-11-09,,REG,SF,ARI,43,17,False,,fivethirtyeight,26,G003447
1986,1986-11-09,,REG,IND,NE,21,30,False,,fivethirtyeight,-9,G003448
1986,1986-11-09,,REG,DEN,LAC,3,9,False,,fivethirtyeight,-6,G003449
1986,1986-11-09,,REG,BUF,PIT,16,12,False,,fivethirtyeight,4,G003450
1986,1986-11-10,,REG,CLE,MIA,26,16,False,,fivethirtyeight,10,G003451
1986,1986-11-16,,REG,PIT,TEN,21,10,False,,fivethirtyeight,11,G003452
1986,1986-11-16,,REG,CIN,SEA,34,7,False,,fivethirtyeight,27,G003453
1986,1986-11-16,,REG,ARI,NO,7,16,False,,fivethirtyeight,-9,G003454
1986,1986-11-16,,REG,DEN,KC,38,17,False,,fivethirtyeight,21,G003455
1986,1986-11-16,,REG,GB,TB,31,7,False,,fivethirtyeight,24,G003456
1986,1986-11-16,,REG,MIN,NYG,20,22,False,,fivethirtyeight,-2,G003457
1986,1986-11-16,,REG,NYJ,IND,31,16,False,,fivethirtyeight,15,G003458
1986,1986-11-16,,REG,PHI,DET,11,13,False,,fivethirtyeight,-2,G003459
1986,1986-11-16,,REG,OAK,CLE,27,14,False,,fivethirtyeight,13,G003460
1986,1986-11-16,,REG,ATL,CHI,10,13,False,,fivethirtyeight,-3,G003461
1986,1986-11-16,,REG,BUF,MIA,24,34,False,,fivethirtyeight,-10,G003462
1986,1986-11-16,,REG,LAR,NE,28,30,False,,fivethirtyeight,-2,G003463
1986,1986-11-16,,REG,LAC,DAL,21,24,False,,fivethirtyeight,-3,G003464
1986,1986-11-17,,REG,WSH,SF,14,6,False,,fivethirtyeight,8,G003465
1986,1986-11-20,,REG,LAC,OAK,31,37,False,,fivethirtyeight,-6,G003466
1986,1986-11-23,,REG,LAR,NO,26,13,False,,fivethirtyeight,13,G003467
1986,1986-11-23,,REG,CIN,MIN,24,20,False,,fivethirtyeight,4,G003468
1986,1986-11-23,,REG,CHI,GB,12,10,False,,fivethirtyeight,2,G003469
1986,1986-11-23,,REG,WSH,DAL,41,14,False,,fivethirtyeight,27,G003470
1986,1986-11-23,,REG,TB,DET,17,38,False,,fivethirtyeight,-21,G003471
1986,1986-11-23,,REG,CLE,PIT,37,31,False,,fivethirtyeight,6,G003472
1986,1986-11-23,,REG,TEN,IND,31,17,False,,fivethirtyeight,14,G003473
1986,1986-11-23,,REG,NE,BUF,22,19,False,,fivethirtyeight,3,G003474
1986,1986-11-23,,REG,ARI,KC,23,14,False,,fivethirtyeight,9,G003475
1986,1986-11-23,,REG,SF,ATL,20,0,False,,fivethirtyeight,20,G003476
1986,1986-11-23,,REG,NYG,DEN,19,16,False,,fivethirtyeight,3,G003477
1986,1986-11-23,,REG,SEA,PHI,24,20,False,,fivethirtyeight,4,G003478
1986,1986-11-24,,REG,MIA,NYJ,45,3,False,,fivethirtyeight,42,G003479
1986,1986-11-27,,REG,DET,GB,40,44,False,,fivethirtyeight,-4,G003480
1986,1986-11-27,,REG,DAL,SEA,14,31,False,,fivethirtyeight,-17,G003481
1986,1986-11-30,,REG,ARI,WSH,17,20,False,,fivethirtyeight,-3,G003482
1986,1986-11-30,,REG,DEN,CIN,34,28,False,,fivethirtyeight,6,G003483
1986,1986-11-30,,REG,CLE,TEN,13,10,False,,fivethirtyeight,3,G003484
1986,1986-11-30,,REG,CHI,PIT,13,10,False,,fivethirtyeight,3,G003485
1986,1986-11-30,,REG,OAK,PHI,27,33,False,,fivethirtyeight,-6,G003486
1986,1986-11-30,,REG,IND,LAC,3,17,False,,fivethirtyeight,-14,G003487
1986,1986-11-30,,REG,KC,BUF,14,17,False,,fivethirtyeight,-3,G003488
1986,1986-11-30,,REG,MIA,ATL,14,20,False,,fivethirtyeight,-6,G003489
1986,1986-11-30,,REG,MIN,TB,45,13,False,,fivethirtyeight,32,G003490
1986,1986-11-30,,REG,NO,NE,20,21,False,,fivethirtyeight,-1,G003491
1986,1986-11-30,,REG,NYJ,LAR,3,17,False,,fivethirtyeight,-14,G003492
1986,1986-12-01,,REG,SF,NYG,17,21,False,,fivethirtyeight,-4,G003493
1986,1986-12-07,,REG,PIT,DET,27,17,False,,fivethirtyeight,10,G003494
1986,1986-12-07,,REG,SF,NYJ,24,10,False,,fivethirtyeight,14,G003495
1986,1986-12-07,,REG,CHI,TB,48,14,False,,fivethirtyeight,34,G003496
1986,1986-12-07,,REG,GB,MIN,6,32,False,,fivethirtyeight,-26,G003497
1986,1986-12-07,,REG,LAC,TEN,27,0,False,,fivethirtyeight,27,G003498
1986,1986-12-07,,REG,NE,CIN,7,31,False,,fivethirtyeight,-24,G003499
1986,1986-12-07,,REG,KC,DEN,37,10,False,,fivethirtyeight,27,G003500
1986,1986-12-07,,REG,WSH,NYG,14,24,False,,fivethirtyeight,-10,G003501
1986,1986-12-07,,REG,LAR,DAL,29,10,False,,fivethirtyeight,19,G003502
1986,1986-12-07,,REG,BUF,CLE,17,21,False,,fivethirtyeight,-4,G003503
1986,1986-12-07,,REG,ATL,IND,23,28,False,,fivethirtyeight,-5,G003504
1986,1986-12-07,,REG,NO,MIA,27,31,False,,fivethirtyeight,-4,G003505
1986,1986-12-07,,REG,PHI,ARI,10,10,False,,fivethirtyeight,0,G003506
1986,1986-12-08,,REG,SEA,OAK,37,0,False,,fivethirtyeight,37,G003507
1986,1986-12-13,,REG,DEN,WSH,31,30,False,,fivethirtyeight,1,G003508
1986,1986-12-13,,REG,NYJ,PIT,24,45,False,,fivethirtyeight,-21,G003509
1986,1986-12-14,,REG,CIN,CLE,3,34,False,,fivethirtyeight,-31,G003510
1986,1986-12-14,,REG,LAR,MIA,31,37,False,,fivethirtyeight,-6,G003511
1986,1986-12-14,,REG,OAK,KC,17,20,False,,fivethirtyeight,-3,G003512
1986,1986-12-14,,REG,TEN,MIN,23,10,False,,fivethirtyeight,13,G003513
1986,1986-12-14,,REG,NYG,ARI,27,7,False,,fivethirtyeight,20,G003514
1986,1986-12-14,,REG,ATL,NO,9,14,False,,fivethirtyeight,-5,G003515
1986,1986-12-14,,REG,NE,SF,24,29,False,,fivethirtyeight,-5,G003516
1986,1986-12-14,,REG,DAL,PHI,21,23,False,,fivethirtyeight,-2,G003517
1986,1986-12-14,,REG,IND,BUF,24,14,False,,fivethirtyeight,10,G003518
1986,1986-12-14,,REG,TB,GB,7,21,False,,fivethirtyeight,-14,G003519
1986,1986-12-14,,REG,LAC,SEA,24,34,False,,fivethirtyeight,-10,G003520
1986,1986-12-15,,REG,DET,CHI,13,16,False,,fivethirtyeight,-3,G003521
1986,1986-12-19,,REG,SF,LAR,24,14,False,,fivethirtyeight,10,G003522
1986,1986-12-20,,REG,NYG,GB,55,24,False,,fivethirtyeight,31,G003523
1986,1986-12-20,,REG,SEA,DEN,41,16,False,,fivethirtyeight,25,G003524
1986,1986-12-21,,REG,DAL,CHI,10,24,False,,fivethirtyeight,-14,G003525
1986,1986-12-21,,REG,CLE,LAC,47,17,False,,fivethirtyeight,30,G003526
1986,1986-12-21,,REG,OAK,IND,24,30,False,,fivethirtyeight,-6,G003527
1986,1986-12-21,,REG,PIT,KC,19,24,False,,fivethirtyeight,-5,G003528
1986,1986-12-21,,REG,PHI,WSH,14,21,False,,fivethirtyeight,-7,G003529
1986,1986-12-21,,REG,TEN,BUF,16,7,False,,fivethirtyeight,9,G003530
1986,1986-12-21,,REG,MIN,NO,33,17,False,,fivethirtyeight,16,G003531
1986,1986-12-21,,REG,DET,ATL,6,20,False,,fivethirtyeight,-14,G003532
1986,1986-12-21,,REG,ARI,TB,21,17,False,,fivethirtyeight,4,G003533
1986,1986-12-21,,REG,CIN,NYJ,52,21,False,,fivethirtyeight,31,G003534
1986,1986-12-22,,REG,MIA,NE,27,34,False,,fivethirtyeight,-7,G003535
1986,1986-12-28,,PLAYOFF,WSH,LAR,19,7,False,,fivethirtyeight,12,G003536
1986,1986-12-28,,PLAYOFF,NYJ,KC,35,15,False,,fivethirtyeight,20,G003537
1986,1987-01-03,,PLAYOFF,CHI,WSH,13,27,False,,fivethirtyeight,-14,G003538
1986,1987-01-03,,PLAYOFF,CLE,NYJ,23,20,False,,fivethirtyeight,3,G003539
1986,1987-01-04,,PLAYOFF,DEN,NE,22,17,False,,fivethirtyeight,5,G003540
1986,1987-01-04,,PLAYOFF,NYG,SF,49,3,False,,fivethirtyeight,46,G003541
1986,1987-01-11,,PLAYOFF,CLE,DEN,20,23,False,,fivethirtyeight,-3,G003542
1986,1987-01-11,,PLAYOFF,NYG,WSH,17,0,False,,fivethirtyeight,17,G003543
1986,1987-01-25,,PLAYOFF,NYG,DEN,39,20,True,,fivethirtyeight,19,G003544
1987,1987-09-13,,REG,NO,CLE,28,21,False,,fivethirtyeight,7,G003545
1987,1987-09-13,,REG,MIN,DET,34,19,False,,fivethirtyeight,15,G003546
1987,1987-09-13,,REG,DEN,SEA,40,17,False,,fivethirtyeight,23,G003547
1987,1987-09-13,,REG,GB,OAK,0,20,False,,fivethirtyeight,-20,G003548
1987,1987-09-13,,REG,KC,LAC,20,13,False,,fivethirtyeight,7,G003549
1987,1987-09-13,,REG,TEN,LAR,20,16,False,,fivethirtyeight,4,G003550
1987,1987-09-13,,REG,ARI,DAL,24,13,False,,fivethirtyeight,11,G003551
1987,1987-09-13,,REG,BUF,NYJ,28,31,False,,fivethirtyeight,-3,G003552
1987,1987-09-13,,REG,WSH,PHI,34,24,False,,fivethirtyeight,10,G003553
1987,1987-09-13,,REG,TB,ATL,48,10,False,,fivethirtyeight,38,G003554
1987,1987-09-13,,REG,IND,CIN,21,23,False,,fivethirtyeight,-2,G003555
1987,1987-09-13,,REG,PIT,SF,30,17,False,,fivethirtyeight,13,G003556
1987,1987-09-13,,REG,NE,MIA,28,21,False,,fivethirtyeight,7,G003557
1987,1987-09-14,,REG,CHI,NYG,34,19,False,,fivethirtyeight,15,G003558
1987,1987-09-20,,REG,LAC,ARI,28,24,False,,fivethirtyeight,4,G003559
1987,1987-09-20,,REG,SEA,KC,43,14,False,,fivethirtyeight,29,G003560
1987,1987-09-20,,REG,OAK,DET,27,7,False,,fivethirtyeight,20,G003561
1987,1987-09-20,,REG,PHI,NO,27,17,False,,fivethirtyeight,10,G003562
1987,1987-09-20,,REG,NYG,DAL,14,16,False,,fivethirtyeight,-2,G003563
1987,1987-09-20,,REG,IND,MIA,10,23,False,,fivethirtyeight,-13,G003564
1987,1987-09-20,,REG,CLE,PIT,34,10,False,,fivethirtyeight,24,G003565
1987,1987-09-20,,REG,CIN,SF,26,27,False,,fivethirtyeight,-1,G003566
1987,1987-09-20,,REG,CHI,TB,20,3,False,,fivethirtyeight,17,G003567
1987,1987-09-20,,REG,BUF,TEN,34,30,False,,fivethirtyeight,4,G003568
1987,1987-09-20,,REG,ATL,WSH,21,20,False,,fivethirtyeight,1,G003569
1987,1987-09-20,,REG,GB,DEN,17,17,False,,fivethirtyeight,0,G003570
1987,1987-09-20,,REG,LAR,MIN,16,21,False,,fivethirtyeight,-5,G003571
1987,1987-09-21,,REG,NYJ,NE,43,24,False,,fivethirtyeight,19,G003572
1987,1987-10-04,,REG,SEA,MIA,24,20,False,,fivethirtyeight,4,G003573
1987,1987-10-04,,REG,WSH,ARI,28,21,False,,fivethirtyeight,7,G003574
1987,1987-10-04,,REG,MIN,GB,16,23,False,,fivethirtyeight,-7,G003575
1987,1987-10-04,,REG,NE,CLE,10,20,False,,fivethirtyeight,-10,G003576
1987,1987-10-04,,REG,DET,TB,27,31,False,,fivethirtyeight,-4,G003577
1987,1987-10-04,,REG,CIN,LAC,9,10,False,,fivethirtyeight,-1,G003578
1987,1987-10-04,,REG,NYJ,DAL,24,38,False,,fivethirtyeight,-14,G003579
1987,1987-10-04,,REG,NO,LAR,37,10,False,,fivethirtyeight,27,G003580
1987,1987-10-04,,REG,PHI,CHI,3,35,False,,fivethirtyeight,-32,G003581
1987,1987-10-04,,REG,OAK,KC,35,17,False,,fivethirtyeight,18,G003582
1987,1987-10-04,,REG,DEN,TEN,10,40,False,,fivethirtyeight,-30,G003583
1987,1987-10-04,,REG,ATL,PIT,12,28,False,,fivethirtyeight,-16,G003584
1987,1987-10-04,,REG,BUF,IND,6,47,False,,fivethirtyeight,-41,G003585
1987,1987-10-05,,REG,NYG,SF,21,41,False,,fivethirtyeight,-20,G003586
1987,1987-10-11,,REG,ATL,SF,17,25,False,,fivethirtyeight,-8,G003587
1987,1987-10-11,,REG,LAR,PIT,31,21,False,,fivethirtyeight,10,G003588
1987,1987-10-11,,REG,TB,LAC,13,17,False,,fivethirtyeight,-4,G003589
1987,1987-10-11,,REG,CHI,MIN,27,7,False,,fivethirtyeight,20,G003590
1987,1987-10-11,,REG,CLE,TEN,10,15,False,,fivethirtyeight,-5,G003591
1987,1987-10-11,,REG,IND,NYJ,6,0,False,,fivethirtyeight,6,G003592
1987,1987-10-11,,REG,ARI,NO,24,19,False,,fivethirtyeight,5,G003593
1987,1987-10-11,,REG,DAL,PHI,41,22,False,,fivethirtyeight,19,G003594
1987,1987-10-11,,REG,GB,DET,16,19,False,,fivethirtyeight,-3,G003595
1987,1987-10-11,,REG,MIA,KC,42,0,False,,fivethirtyeight,42,G003596
1987,1987-10-11,,REG,NE,BUF,14,7,False,,fivethirtyeight,7,G003597
1987,1987-10-11,,REG,NYG,WSH,12,38,False,,fivethirtyeight,-26,G003598
1987,1987-10-11,,REG,SEA,CIN,10,17,False,,fivethirtyeight,-7,G003599
1987,1987-10-12,,REG,DEN,OAK,30,14,False,,fivethirtyeight,16,G003600
1987,1987-10-18,,REG,PIT,IND,21,7,False,,fivethirtyeight,14,G003601
1987,1987-10-18,,REG,TEN,NE,7,21,False,,fivethirtyeight,-14,G003602
1987,1987-10-18,,REG,CHI,NO,17,19,False,,fivethirtyeight,-2,G003603
1987,1987-10-18,,REG,CIN,CLE,0,34,False,,fivethirtyeight,-34,G003604
1987,1987-10-18,,REG,BUF,NYG,6,3,False,,fivethirtyeight,3,G003605
1987,1987-10-18,,REG,ATL,LAR,24,20,False,,fivethirtyeight,4,G003606
1987,1987-10-18,,REG,TB,MIN,20,10,False,,fivethirtyeight,10,G003607
1987,1987-10-18,,REG,NYJ,MIA,37,31,False,,fivethirtyeight,6,G003608
1987,1987-10-18,,REG,SF,ARI,34,28,False,,fivethirtyeight,6,G003609
1987,1987-10-18,,REG,OAK,LAC,17,23,False,,fivethirtyeight,-6,G003610
1987,1987-10-18,,REG,DET,SEA,14,37,False,,fivethirtyeight,-23,G003611
1987,1987-10-18,,REG,GB,PHI,16,10,False,,fivethirtyeight,6,G003612
1987,1987-10-18,,REG,KC,DEN,17,26,False,,fivethirtyeight,-9,G003613
1987,1987-10-19,,REG,DAL,WSH,7,13,False,,fivethirtyeight,-6,G003614
1987,1987-10-25,,REG,TEN,ATL,37,33,False,,fivethirtyeight,4,G003615
1987,1987-10-25,,REG,NO,SF,22,24,False,,fivethirtyeight,-2,G003616
1987,1987-10-25,,REG,MIA,BUF,31,34,False,,fivethirtyeight,-3,G003617
1987,1987-10-25,,REG,DET,GB,33,34,False,,fivethirtyeight,-1,G003618
1987,1987-10-25,,REG,IND,NE,30,16,False,,fivethirtyeight,14,G003619
1987,1987-10-25,,REG,LAC,KC,42,21,False,,fivethirtyeight,21,G003620
1987,1987-10-25,,REG,WSH,NYJ,17,16,False,,fivethirtyeight,1,G003621
1987,1987-10-25,,REG,NYG,ARI,30,7,False,,fivethirtyeight,23,G003622
1987,1987-10-25,,REG,TB,CHI,26,27,False,,fivethirtyeight,-1,G003623
1987,1987-10-25,,REG,OAK,SEA,13,35,False,,fivethirtyeight,-22,G003624
1987,1987-10-25,,REG,PIT,CIN,23,20,False,,fivethirtyeight,3,G003625
1987,1987-10-25,,REG,PHI,DAL,37,20,False,,fivethirtyeight,17,G003626
1987,1987-10-26,,REG,MIN,DEN,34,27,False,,fivethirtyeight,7,G003627
1987,1987-10-26,,REG,CLE,LAR,30,17,False,,fivethirtyeight,13,G003628
1987,1987-11-01,,REG,NYJ,IND,14,19,False,,fivethirtyeight,-5,G003629
1987,1987-11-01,,REG,LAR,SF,10,31,False,,fivethirtyeight,-21,G003630
1987,1987-11-01,,REG,ATL,NO,0,38,False,,fivethirtyeight,-38,G003631
1987,1987-11-01,,REG,DEN,DET,34,0,False,,fivethirtyeight,34,G003632
1987,1987-11-01,,REG,LAC,CLE,27,24,False,,fivethirtyeight,3,G003633
1987,1987-11-01,,REG,GB,TB,17,23,False,,fivethirtyeight,-6,G003634
1987,1987-11-01,,REG,SEA,MIN,28,17,False,,fivethirtyeight,11,G003635
1987,1987-11-01,,REG,CHI,KC,31,28,False,,fivethirtyeight,3,G003636
1987,1987-11-01,,REG,MIA,PIT,35,24,False,,fivethirtyeight,11,G003637
1987,1987-11-01,,REG,NE,OAK,26,23,False,,fivethirtyeight,3,G003638
1987,1987-11-01,,REG,BUF,WSH,7,27,False,,fivethirtyeight,-20,G003639
1987,1987-11-01,,REG,CIN,TEN,29,31,False,,fivethirtyeight,-2,G003640
1987,1987-11-01,,REG,ARI,PHI,23,28,False,,fivethirtyeight,-5,G003641
1987,1987-11-02,,REG,DAL,NYG,33,24,False,,fivethirtyeight,9,G003642
1987,1987-11-08,,REG,CLE,ATL,38,3,False,,fivethirtyeight,35,G003643
1987,1987-11-08,,REG,SF,TEN,27,20,False,,fivethirtyeight,7,G003644
1987,1987-11-08,,REG,ARI,TB,31,28,False,,fivethirtyeight,3,G003645
1987,1987-11-08,,REG,GB,CHI,24,26,False,,fivethirtyeight,-2,G003646
1987,1987-11-08,,REG,KC,PIT,16,17,False,,fivethirtyeight,-1,G003647
1987,1987-11-08,,REG,MIN,OAK,31,20,False,,fivethirtyeight,11,G003648
1987,1987-11-08,,REG,LAR,NO,14,31,False,,fivethirtyeight,-17,G003649
1987,1987-11-08,,REG,DET,DAL,27,17,False,,fivethirtyeight,10,G003650
1987,1987-11-08,,REG,NYG,NE,17,10,False,,fivethirtyeight,7,G003651
1987,1987-11-08,,REG,IND,LAC,13,16,False,,fivethirtyeight,-3,G003652
1987,1987-11-08,,REG,PHI,WSH,31,27,False,,fivethirtyeight,4,G003653
1987,1987-11-08,,REG,BUF,DEN,21,14,False,,fivethirtyeight,7,G003654
1987,1987-11-08,,REG,CIN,MIA,14,20,False,,fivethirtyeight,-6,G003655
1987,1987-11-09,,REG,NYJ,SEA,30,14,False,,fivethirtyeight,16,G003656
1987,1987-11-15,,REG,SEA,GB,24,13,False,,fivethirtyeight,11,G003657
1987,1987-11-15,,REG,ATL,CIN,10,16,False,,fivethirtyeight,-6,G003658
1987,1987-11-15,,REG,NE,DAL,17,23,False,,fivethirtyeight,-6,G003659
1987,1987-11-15,,REG,SF,NO,24,26,False,,fivethirtyeight,-2,G003660
1987,1987-11-15,,REG,MIN,TB,23,17,False,,fivethirtyeight,6,G003661
1987,1987-11-15,,REG,KC,NYJ,9,16,False,,fivethirtyeight,-7,G003662
1987,1987-11-15,,REG,CLE,BUF,27,21,False,,fivethirtyeight,6,G003663
1987,1987-11-15,,REG,MIA,IND,21,40,False,,fivethirtyeight,-19,G003664
1987,1987-11-15,,REG,PHI,NYG,17,20,False,,fivethirtyeight,-3,G003665
1987,1987-11-15,,REG,PIT,TEN,3,23,False,,fivethirtyeight,-20,G003666
1987,1987-11-15,,REG,WSH,DET,20,13,False,,fivethirtyeight,7,G003667
1987,1987-11-15,,REG,ARI,LAR,24,27,False,,fivethirtyeight,-3,G003668
1987,1987-11-15,,REG,LAC,OAK,16,14,False,,fivethirtyeight,2,G003669
1987,1987-11-16,,REG,DEN,CHI,31,29,False,,fivethirtyeight,2,G003670
1987,1987-11-22,,REG,NYJ,BUF,14,17,False,,fivethirtyeight,-3,G003671
1987,1987-11-22,,REG,CHI,DET,30,10,False,,fivethirtyeight,20,G003672
1987,1987-11-22,,REG,CIN,PIT,16,30,False,,fivethirtyeight,-14,G003673
1987,1987-11-22,,REG,DAL,MIA,14,20,False,,fivethirtyeight,-6,G003674
1987,1987-11-22,,REG,KC,GB,3,23,False,,fivethirtyeight,-20,G003675
1987,1987-11-22,,REG,MIN,ATL,24,13,False,,fivethirtyeight,11,G003676
1987,1987-11-22,,REG,NO,NYG,23,14,False,,fivethirtyeight,9,G003677
1987,1987-11-22,,REG,NE,IND,24,0,False,,fivethirtyeight,24,G003678
1987,1987-11-22,,REG,TEN,CLE,7,40,False,,fivethirtyeight,-33,G003679
1987,1987-11-22,,REG,PHI,ARI,19,31,False,,fivethirtyeight,-12,G003680
1987,1987-11-22,,REG,OAK,DEN,17,23,False,,fivethirtyeight,-6,G003681
1987,1987-11-22,,REG,TB,SF,10,24,False,,fivethirtyeight,-14,G003682
1987,1987-11-22,,REG,SEA,LAC,34,3,False,,fivethirtyeight,31,G003683
1987,1987-11-23,,REG,WSH,LAR,26,30,False,,fivethirtyeight,-4,G003684
1987,1987-11-26,,REG,DET,KC,20,27,False,,fivethirtyeight,-7,G003685
1987,1987-11-26,,REG,DAL,MIN,38,44,False,,fivethirtyeight,-6,G003686
1987,1987-11-29,,REG,CHI,GB,23,10,False,,fivethirtyeight,13,G003687
1987,1987-11-29,,REG,BUF,MIA,27,0,False,,fivethirtyeight,27,G003688
1987,1987-11-29,,REG,ATL,ARI,21,34,False,,fivethirtyeight,-13,G003689
1987,1987-11-29,,REG,WSH,NYG,23,19,False,,fivethirtyeight,4,G003690
1987,1987-11-29,,REG,LAC,DEN,17,31,False,,fivethirtyeight,-14,G003691
1987,1987-11-29,,REG,NYJ,CIN,27,20,False,,fivethirtyeight,7,G003692
1987,1987-11-29,,REG,IND,TEN,51,27,False,,fivethirtyeight,24,G003693
1987,1987-11-29,,REG,LAR,TB,35,3,False,,fivethirtyeight,32,G003694
1987,1987-11-29,,REG,NE,PHI,31,34,False,,fivethirtyeight,-3,G003695
1987,1987-11-29,,REG,SF,CLE,38,24,False,,fivethirtyeight,14,G003696
1987,1987-11-29,,REG,PIT,NO,16,20,False,,fivethirtyeight,-4,G003697
1987,1987-11-30,,REG,SEA,OAK,14,37,False,,fivethirtyeight,-23,G003698
1987,1987-12-06,,REG,DET,LAR,16,37,False,,fivethirtyeight,-21,G003699
1987,1987-12-06,,REG,TEN,LAC,33,18,False,,fivethirtyeight,15,G003700
1987,1987-12-06,,REG,CIN,KC,30,27,False,,fivethirtyeight,3,G003701
1987,1987-12-06,,REG,ARI,WSH,17,34,False,,fivethirtyeight,-17,G003702
1987,1987-12-06,,REG,DAL,ATL,10,21,False,,fivethirtyeight,-11,G003703
1987,1987-12-06,,REG,DEN,NE,31,20,False,,fivethirtyeight,11,G003704
1987,1987-12-06,,REG,GB,SF,12,23,False,,fivethirtyeight,-11,G003705
1987,1987-12-06,,REG,MIN,CHI,24,30,False,,fivethirtyeight,-6,G003706
1987,1987-12-06,,REG,NO,TB,44,34,False,,fivethirtyeight,10,G003707
1987,1987-12-06,,REG,NYG,PHI,23,20,False,,fivethirtyeight,3,G003708
1987,1987-12-06,,REG,PIT,SEA,13,9,False,,fivethirtyeight,4,G003709
1987,1987-12-06,,REG,CLE,IND,7,9,False,,fivethirtyeight,-2,G003710
1987,1987-12-06,,REG,OAK,BUF,34,21,False,,fivethirtyeight,13,G003711
1987,1987-12-07,,REG,MIA,NYJ,37,28,False,,fivethirtyeight,9,G003712
1987,1987-12-13,,REG,IND,BUF,3,27,False,,fivethirtyeight,-24,G003713
1987,1987-12-13,,REG,KC,OAK,16,10,False,,fivethirtyeight,6,G003714
1987,1987-12-13,,REG,NE,NYJ,42,20,False,,fivethirtyeight,22,G003715
1987,1987-12-13,,REG,NO,TEN,24,10,False,,fivethirtyeight,14,G003716
1987,1987-12-13,,REG,LAC,PIT,16,20,False,,fivethirtyeight,-4,G003717
1987,1987-12-13,,REG,WSH,DAL,24,20,False,,fivethirtyeight,4,G003718
1987,1987-12-13,,REG,ARI,NYG,27,24,False,,fivethirtyeight,3,G003719
1987,1987-12-13,,REG,LAR,ATL,33,0,False,,fivethirtyeight,33,G003720
1987,1987-12-13,,REG,GB,MIN,16,10,False,,fivethirtyeight,6,G003721
1987,1987-12-13,,REG,TB,DET,10,20,False,,fivethirtyeight,-10,G003722
1987,1987-12-13,,REG,CLE,CIN,38,24,False,,fivethirtyeight,14,G003723
1987,1987-12-13,,REG,SEA,DEN,28,21,False,,fivethirtyeight,7,G003724
1987,1987-12-13,,REG,PHI,MIA,10,28,False,,fivethirtyeight,-18,G003725
1987,1987-12-14,,REG,SF,CHI,41,0,False,,fivethirtyeight,41,G003726
1987,1987-12-19,,REG,DEN,KC,20,17,False,,fivethirtyeight,3,G003727
1987,1987-12-19,,REG,NYG,GB,20,10,False,,fivethirtyeight,10,G003728
1987,1987-12-20,,REG,TEN,PIT,24,16,False,,fivethirtyeight,8,G003729
1987,1987-12-20,,REG,MIA,WSH,23,21,False,,fivethirtyeight,2,G003730
1987,1987-12-20,,REG,DET,MIN,14,17,False,,fivethirtyeight,-3,G003731
1987,1987-12-20,,REG,CIN,NO,24,41,False,,fivethirtyeight,-17,G003732
1987,1987-12-20,,REG,CHI,SEA,21,34,False,,fivethirtyeight,-13,G003733
1987,1987-12-20,,REG,BUF,NE,7,13,False,,fivethirtyeight,-6,G003734
1987,1987-12-20,,REG,LAC,IND,7,20,False,,fivethirtyeight,-13,G003735
1987,1987-12-20,,REG,TB,ARI,14,31,False,,fivethirtyeight,-17,G003736
1987,1987-12-20,,REG,SF,ATL,35,7,False,,fivethirtyeight,28,G003737
1987,1987-12-20,,REG,OAK,CLE,17,24,False,,fivethirtyeight,-7,G003738
1987,1987-12-20,,REG,NYJ,PHI,27,38,False,,fivethirtyeight,-11,G003739
1987,1987-12-21,,REG,LAR,DAL,21,29,False,,fivethirtyeight,-8,G003740
1987,1987-12-26,,REG,MIN,WSH,24,27,False,,fivethirtyeight,-3,G003741
1987,1987-12-26,,REG,PIT,CLE,13,19,False,,fivethirtyeight,-6,G003742
1987,1987-12-27,,REG,DAL,ARI,21,16,False,,fivethirtyeight,5,G003743
1987,1987-12-27,,REG,DEN,LAC,24,0,False,,fivethirtyeight,24,G003744
1987,1987-12-27,,REG,SF,LAR,48,0,False,,fivethirtyeight,48,G003745
1987,1987-12-27,,REG,KC,SEA,41,20,False,,fivethirtyeight,21,G003746
1987,1987-12-27,,REG,NYG,NYJ,20,7,False,,fivethirtyeight,13,G003747
1987,1987-12-27,,REG,ATL,DET,13,30,False,,fivethirtyeight,-17,G003748
1987,1987-12-27,,REG,IND,TB,24,6,False,,fivethirtyeight,18,G003749
1987,1987-12-27,,REG,NO,GB,33,24,False,,fivethirtyeight,9,G003750
1987,1987-12-27,,REG,OAK,CHI,3,6,False,,fivethirtyeight,-3,G003751
1987,1987-12-27,,REG,PHI,BUF,17,7,False,,fivethirtyeight,10,G003752
1987,1987-12-27,,REG,TEN,CIN,21,17,False,,fivethirtyeight,4,G003753
1987,1987-12-28,,REG,MIA,NE,10,24,False,,fivethirtyeight,-14,G003754
1987,1988-01-03,,PLAYOFF,NO,MIN,10,44,False,,fivethirtyeight,-34,G003755
1987,1988-01-03,,PLAYOFF,TEN,SEA,23,20,False,,fivethirtyeight,3,G003756
1987,1988-01-09,,PLAYOFF,CLE,IND,38,21,False,,fivethirtyeight,17,G003757
1987,1988-01-09,,PLAYOFF,SF,MIN,24,36,False,,fivethirtyeight,-12,G003758
1987,1988-01-10,,PLAYOFF,CHI,WSH,17,21,False,,fivethirtyeight,-4,G003759
1987,1988-01-10,,PLAYOFF,DEN,TEN,34,10,False,,fivethirtyeight,24,G003760
1987,1988-01-17,,PLAYOFF,DEN,CLE,38,33,False,,fivethirtyeight,5,G003761
1987,1988-01-17,,PLAYOFF,WSH,MIN,17,10,False,,fivethirtyeight,7,G003762
1987,1988-01-31,,PLAYOFF,WSH,DEN,42,10,True,,fivethirtyeight,32,G003763
1988,1988-09-04,,REG,CHI,MIA,34,7,False,,fivethirtyeight,27,G003764
1988,1988-09-04,,REG,IND,TEN,14,17,False,,fivethirtyeight,-3,G003765
1988,1988-09-04,,REG,OAK,LAC,24,13,False,,fivethirtyeight,11,G003766
1988,1988-09-04,,REG,GB,LAR,7,34,False,,fivethirtyeight,-27,G003767
1988,1988-09-04,,REG,BUF,MIN,13,10,False,,fivethirtyeight,3,G003768
1988,1988-09-04,,REG,TB,PHI,14,41,False,,fivethirtyeight,-27,G003769
1988,1988-09-04,,REG,PIT,DAL,24,21,False,,fivethirtyeight,3,G003770
1988,1988-09-04,,REG,NE,NYJ,28,3,False,,fivethirtyeight,25,G003771
1988,1988-09-04,,REG,NO,SF,33,34,False,,fivethirtyeight,-1,G003772
1988,1988-09-04,,REG,KC,CLE,3,6,False,,fivethirtyeight,-3,G003773
1988,1988-09-04,,REG,DET,ATL,31,17,False,,fivethirtyeight,14,G003774
1988,1988-09-04,,REG,DEN,SEA,14,21,False,,fivethirtyeight,-7,G003775
1988,1988-09-04,,REG,CIN,ARI,21,14,False,,fivethirtyeight,7,G003776
1988,1988-09-05,,REG,NYG,WSH,27,20,False,,fivethirtyeight,7,G003777
1988,1988-09-11,,REG,ATL,NO,21,29,False,,fivethirtyeight,-8,G003778
1988,1988-09-11,,REG,NYG,SF,17,20,False,,fivethirtyeight,-3,G003779
1988,1988-09-11,,REG,DEN,LAC,34,3,False,,fivethirtyeight,31,G003780
1988,1988-09-11,,REG,BUF,MIA,9,6,False,,fivethirtyeight,3,G003781
1988,1988-09-11,,REG,CLE,NYJ,3,23,False,,fivethirtyeight,-20,G003782
1988,1988-09-11,,REG,IND,CHI,13,17,False,,fivethirtyeight,-4,G003783
1988,1988-09-11,,REG,GB,TB,10,13,False,,fivethirtyeight,-3,G003784
1988,1988-09-11,,REG,MIN,NE,36,6,False,,fivethirtyeight,30,G003785
1988,1988-09-11,,REG,TEN,OAK,38,35,False,,fivethirtyeight,3,G003786
1988,1988-09-11,,REG,PHI,CIN,24,28,False,,fivethirtyeight,-4,G003787
1988,1988-09-11,,REG,SEA,KC,31,10,False,,fivethirtyeight,21,G003788
1988,1988-09-11,,REG,WSH,PIT,30,29,False,,fivethirtyeight,1,G003789
1988,1988-09-11,,REG,LAR,DET,17,10,False,,fivethirtyeight,7,G003790
1988,1988-09-12,,REG,ARI,DAL,14,17,False,,fivethirtyeight,-3,G003791
1988,1988-09-18,,REG,TB,ARI,24,30,False,,fivethirtyeight,-6,G003792
1988,1988-09-18,,REG,OAK,LAR,17,22,False,,fivethirtyeight,-5,G003793
1988,1988-09-18,,REG,WSH,PHI,17,10,False,,fivethirtyeight,7,G003794
1988,1988-09-18,,REG,NYJ,TEN,45,3,False,,fivethirtyeight,42,G003795
1988,1988-09-18,,REG,NE,BUF,14,16,False,,fivethirtyeight,-2,G003796
1988,1988-09-18,,REG,MIA,GB,24,17,False,,fivethirtyeight,7,G003797
1988,1988-09-18,,REG,LAC,SEA,17,6,False,,fivethirtyeight,11,G003798
1988,1988-09-18,,REG,DET,NO,14,22,False,,fivethirtyeight,-8,G003799
1988,1988-09-18,,REG,DAL,NYG,10,12,False,,fivethirtyeight,-2,G003800
1988,1988-09-18,,REG,SF,ATL,17,34,False,,fivethirtyeight,-17,G003801
1988,1988-09-18,,REG,PIT,CIN,12,17,False,,fivethirtyeight,-5,G003802
1988,1988-09-18,,REG,CHI,MIN,7,31,False,,fivethirtyeight,-24,G003803
1988,1988-09-18,,REG,KC,DEN,20,13,False,,fivethirtyeight,7,G003804
1988,1988-09-19,,REG,CLE,IND,23,17,False,,fivethirtyeight,6,G003805
1988,1988-09-25,,REG,NO,TB,13,9,False,,fivethirtyeight,4,G003806
1988,1988-09-25,,REG,NYG,LAR,31,45,False,,fivethirtyeight,-14,G003807
1988,1988-09-25,,REG,SEA,SF,7,38,False,,fivethirtyeight,-31,G003808
1988,1988-09-25,,REG,TEN,NE,31,6,False,,fivethirtyeight,25,G003809
1988,1988-09-25,,REG,MIN,PHI,23,21,False,,fivethirtyeight,2,G003810
1988,1988-09-25,,REG,GB,CHI,6,24,False,,fivethirtyeight,-18,G003811
1988,1988-09-25,,REG,DET,NYJ,10,17,False,,fivethirtyeight,-7,G003812
1988,1988-09-25,,REG,DAL,ATL,26,20,False,,fivethirtyeight,6,G003813
1988,1988-09-25,,REG,ARI,WSH,30,21,False,,fivethirtyeight,9,G003814
1988,1988-09-25,,REG,IND,MIA,15,13,False,,fivethirtyeight,2,G003815
1988,1988-09-25,,REG,CIN,CLE,24,17,False,,fivethirtyeight,7,G003816
1988,1988-09-25,,REG,BUF,PIT,36,28,False,,fivethirtyeight,8,G003817
1988,1988-09-25,,REG,KC,LAC,23,24,False,,fivethirtyeight,-1,G003818
1988,1988-09-26,,REG,DEN,OAK,27,30,False,,fivethirtyeight,-3,G003819
1988,1988-10-02,,REG,LAR,ARI,27,41,False,,fivethirtyeight,-14,G003820
1988,1988-10-02,,REG,SF,DET,20,13,False,,fivethirtyeight,7,G003821
1988,1988-10-02,,REG,OAK,CIN,21,45,False,,fivethirtyeight,-24,G003822
1988,1988-10-02,,REG,WSH,NYG,23,24,False,,fivethirtyeight,-1,G003823
1988,1988-10-02,,REG,PIT,CLE,9,23,False,,fivethirtyeight,-14,G003824
1988,1988-10-02,,REG,NE,IND,21,17,False,,fivethirtyeight,4,G003825
1988,1988-10-02,,REG,MIA,MIN,24,7,False,,fivethirtyeight,17,G003826
1988,1988-10-02,,REG,ATL,SEA,20,31,False,,fivethirtyeight,-11,G003827
1988,1988-10-02,,REG,TB,GB,27,24,False,,fivethirtyeight,3,G003828
1988,1988-10-02,,REG,LAC,DEN,0,12,False,,fivethirtyeight,-12,G003829
1988,1988-10-02,,REG,CHI,BUF,24,3,False,,fivethirtyeight,21,G003830
1988,1988-10-02,,REG,PHI,TEN,32,23,False,,fivethirtyeight,9,G003831
1988,1988-10-02,,REG,NYJ,KC,17,17,False,,fivethirtyeight,0,G003832
1988,1988-10-03,,REG,NO,DAL,20,17,False,,fivethirtyeight,3,G003833
1988,1988-10-09,,REG,ARI,PIT,31,14,False,,fivethirtyeight,17,G003834
1988,1988-10-09,,REG,SF,DEN,13,16,False,,fivethirtyeight,-3,G003835
1988,1988-10-09,,REG,OAK,MIA,14,24,False,,fivethirtyeight,-10,G003836
1988,1988-10-09,,REG,TEN,KC,7,6,False,,fivethirtyeight,1,G003837
1988,1988-10-09,,REG,MIN,TB,14,13,False,,fivethirtyeight,1,G003838
1988,1988-10-09,,REG,GB,NE,45,3,False,,fivethirtyeight,42,G003839
1988,1988-10-09,,REG,DET,CHI,7,24,False,,fivethirtyeight,-17,G003840
1988,1988-10-09,,REG,DAL,WSH,17,35,False,,fivethirtyeight,-18,G003841
1988,1988-10-09,,REG,CLE,SEA,10,16,False,,fivethirtyeight,-6,G003842
1988,1988-10-09,,REG,CIN,NYJ,36,19,False,,fivethirtyeight,17,G003843
1988,1988-10-09,,REG,BUF,IND,34,23,False,,fivethirtyeight,11,G003844
1988,1988-10-09,,REG,ATL,LAR,0,33,False,,fivethirtyeight,-33,G003845
1988,1988-10-09,,REG,LAC,NO,17,23,False,,fivethirtyeight,-6,G003846
1988,1988-10-10,,REG,PHI,NYG,24,13,False,,fivethirtyeight,11,G003847
1988,1988-10-16,,REG,SEA,NO,19,20,False,,fivethirtyeight,-1,G003848
1988,1988-10-16,,REG,LAR,SF,21,24,False,,fivethirtyeight,-3,G003849
1988,1988-10-16,,REG,CHI,DAL,17,7,False,,fivethirtyeight,10,G003850
1988,1988-10-16,,REG,PIT,TEN,14,34,False,,fivethirtyeight,-20,G003851
1988,1988-10-16,,REG,NE,CIN,27,21,False,,fivethirtyeight,6,G003852
1988,1988-10-16,,REG,NYG,DET,30,10,False,,fivethirtyeight,20,G003853
1988,1988-10-16,,REG,MIA,LAC,31,28,False,,fivethirtyeight,3,G003854
1988,1988-10-16,,REG,MIN,GB,14,34,False,,fivethirtyeight,-20,G003855
1988,1988-10-16,,REG,KC,OAK,17,27,False,,fivethirtyeight,-10,G003856
1988,1988-10-16,,REG,DEN,ATL,30,14,False,,fivethirtyeight,16,G003857
1988,1988-10-16,,REG,IND,TB,35,31,False,,fivethirtyeight,4,G003858
1988,1988-10-16,,REG,WSH,ARI,33,17,False,,fivethirtyeight,16,G003859
1988,1988-10-16,,REG,CLE,PHI,19,3,False,,fivethirtyeight,16,G003860
1988,1988-10-17,,REG,NYJ,BUF,14,37,False,,fivethirtyeight,-23,G003861
1988,1988-10-23,,REG,LAR,SEA,31,10,False,,fivethirtyeight,21,G003862
1988,1988-10-23,,REG,ATL,NYG,16,23,False,,fivethirtyeight,-7,G003863
1988,1988-10-23,,REG,GB,WSH,17,20,False,,fivethirtyeight,-3,G003864
1988,1988-10-23,,REG,KC,DET,6,7,False,,fivethirtyeight,-1,G003865
1988,1988-10-23,,REG,BUF,NE,23,20,False,,fivethirtyeight,3,G003866
1988,1988-10-23,,REG,MIA,NYJ,30,44,False,,fivethirtyeight,-14,G003867
1988,1988-10-23,,REG,NO,OAK,20,6,False,,fivethirtyeight,14,G003868
1988,1988-10-23,,REG,PHI,DAL,24,23,False,,fivethirtyeight,1,G003869
1988,1988-10-23,,REG,PIT,DEN,39,21,False,,fivethirtyeight,18,G003870
1988,1988-10-23,,REG,LAC,IND,0,16,False,,fivethirtyeight,-16,G003871
1988,1988-10-23,,REG,ARI,CLE,21,29,False,,fivethirtyeight,-8,G003872
1988,1988-10-23,,REG,TB,MIN,20,49,False,,fivethirtyeight,-29,G003873
1988,1988-10-23,,REG,CIN,TEN,44,21,False,,fivethirtyeight,23,G003874
1988,1988-10-24,,REG,CHI,SF,10,9,False,,fivethirtyeight,1,G003875
1988,1988-10-30,,REG,TEN,WSH,41,17,False,,fivethirtyeight,24,G003876
1988,1988-10-30,,REG,NYJ,PIT,24,20,False,,fivethirtyeight,4,G003877
1988,1988-10-30,,REG,NE,CHI,30,7,False,,fivethirtyeight,23,G003878
1988,1988-10-30,,REG,CLE,CIN,23,16,False,,fivethirtyeight,7,G003879
1988,1988-10-30,,REG,DET,NYG,10,13,False,,fivethirtyeight,-3,G003880
1988,1988-10-30,,REG,NO,LAR,10,12,False,,fivethirtyeight,-2,G003881
1988,1988-10-30,,REG,SEA,LAC,17,14,False,,fivethirtyeight,3,G003882
1988,1988-10-30,,REG,PHI,ATL,24,27,False,,fivethirtyeight,-3,G003883
1988,1988-10-30,,REG,DAL,ARI,10,16,False,,fivethirtyeight,-6,G003884
1988,1988-10-30,,REG,SF,MIN,24,21,False,,fivethirtyeight,3,G003885
1988,1988-10-30,,REG,TB,MIA,14,17,False,,fivethirtyeight,-3,G003886
1988,1988-10-30,,REG,OAK,KC,17,10,False,,fivethirtyeight,7,G003887
1988,1988-10-30,,REG,BUF,GB,28,0,False,,fivethirtyeight,28,G003888
1988,1988-10-31,,REG,IND,DEN,55,23,False,,fivethirtyeight,32,G003889
1988,1988-11-06,,REG,DEN,KC,17,11,False,,fivethirtyeight,6,G003890
1988,1988-11-06,,REG,MIN,DET,44,17,False,,fivethirtyeight,27,G003891
1988,1988-11-06,,REG,NE,MIA,21,10,False,,fivethirtyeight,11,G003892
1988,1988-11-06,,REG,NYG,DAL,29,21,False,,fivethirtyeight,8,G003893
1988,1988-11-06,,REG,SEA,BUF,3,13,False,,fivethirtyeight,-10,G003894
1988,1988-11-06,,REG,PHI,LAR,30,24,False,,fivethirtyeight,6,G003895
1988,1988-11-06,,REG,LAC,OAK,3,13,False,,fivethirtyeight,-10,G003896
1988,1988-11-06,,REG,ATL,GB,20,0,False,,fivethirtyeight,20,G003897
1988,1988-11-06,,REG,CHI,TB,28,10,False,,fivethirtyeight,18,G003898
1988,1988-11-06,,REG,WSH,NO,27,24,False,,fivethirtyeight,3,G003899
1988,1988-11-06,,REG,CIN,PIT,42,7,False,,fivethirtyeight,35,G003900
1988,1988-11-06,,REG,IND,NYJ,38,14,False,,fivethirtyeight,24,G003901
1988,1988-11-06,,REG,ARI,SF,24,23,False,,fivethirtyeight,1,G003902
1988,1988-11-07,,REG,TEN,CLE,24,17,False,,fivethirtyeight,7,G003903
1988,1988-11-13,,REG,WSH,CHI,14,34,False,,fivethirtyeight,-20,G003904
1988,1988-11-13,,REG,ARI,NYG,24,17,False,,fivethirtyeight,7,G003905
1988,1988-11-13,,REG,ATL,LAC,7,10,False,,fivethirtyeight,-3,G003906
1988,1988-11-13,,REG,SF,OAK,3,9,False,,fivethirtyeight,-6,G003907
1988,1988-11-13,,REG,SEA,TEN,27,24,False,,fivethirtyeight,3,G003908
1988,1988-11-13,,REG,PIT,PHI,26,27,False,,fivethirtyeight,-1,G003909
1988,1988-11-13,,REG,NYJ,NE,13,14,False,,fivethirtyeight,-1,G003910
1988,1988-11-13,,REG,KC,CIN,31,28,False,,fivethirtyeight,3,G003911
1988,1988-11-13,,REG,GB,IND,13,20,False,,fivethirtyeight,-7,G003912
1988,1988-11-13,,REG,DET,TB,20,23,False,,fivethirtyeight,-3,G003913
1988,1988-11-13,,REG,DAL,MIN,3,43,False,,fivethirtyeight,-40,G003914
1988,1988-11-13,,REG,LAR,NO,10,14,False,,fivethirtyeight,-4,G003915
1988,1988-11-13,,REG,DEN,CLE,30,7,False,,fivethirtyeight,23,G003916
1988,1988-11-14,,REG,MIA,BUF,6,31,False,,fivethirtyeight,-25,G003917
1988,1988-11-20,,REG,LAR,LAC,24,38,False,,fivethirtyeight,-14,G003918
1988,1988-11-20,,REG,BUF,NYJ,9,6,False,,fivethirtyeight,3,G003919
1988,1988-11-20,,REG,CLE,PIT,27,7,False,,fivethirtyeight,20,G003920
1988,1988-11-20,,REG,DAL,CIN,24,38,False,,fivethirtyeight,-14,G003921
1988,1988-11-20,,REG,GB,DET,9,19,False,,fivethirtyeight,-10,G003922
1988,1988-11-20,,REG,KC,SEA,27,24,False,,fivethirtyeight,3,G003923
1988,1988-11-20,,REG,MIN,IND,12,3,False,,fivethirtyeight,9,G003924
1988,1988-11-20,,REG,NO,DEN,42,0,False,,fivethirtyeight,42,G003925
1988,1988-11-20,,REG,NYG,PHI,17,23,False,,fivethirtyeight,-6,G003926
1988,1988-11-20,,REG,TEN,ARI,38,20,False,,fivethirtyeight,18,G003927
1988,1988-11-20,,REG,OAK,ATL,6,12,False,,fivethirtyeight,-6,G003928
1988,1988-11-20,,REG,MIA,NE,3,6,False,,fivethirtyeight,-3,G003929
1988,1988-11-20,,REG,TB,CHI,15,27,False,,fivethirtyeight,-12,G003930
1988,1988-11-21,,REG,SF,WSH,37,21,False,,fivethirtyeight,16,G003931
1988,1988-11-24,,REG,DET,MIN,0,23,False,,fivethirtyeight,-23,G003932
1988,1988-11-24,,REG,DAL,TEN,17,25,False,,fivethirtyeight,-8,G003933
1988,1988-11-27,,REG,WSH,CLE,13,17,False,,fivethirtyeight,-4,G003934
1988,1988-11-27,,REG,PIT,KC,16,10,False,,fivethirtyeight,6,G003935
1988,1988-11-27,,REG,PHI,ARI,31,21,False,,fivethirtyeight,10,G003936
1988,1988-11-27,,REG,NYJ,MIA,38,34,False,,fivethirtyeight,4,G003937
1988,1988-11-27,,REG,NO,NYG,12,13,False,,fivethirtyeight,-1,G003938
1988,1988-11-27,,REG,IND,NE,24,21,False,,fivethirtyeight,3,G003939
1988,1988-11-27,,REG,ATL,TB,17,10,False,,fivethirtyeight,7,G003940
1988,1988-11-27,,REG,CIN,BUF,35,21,False,,fivethirtyeight,14,G003941
1988,1988-11-27,,REG,CHI,GB,16,0,False,,fivethirtyeight,16,G003942
1988,1988-11-27,,REG,LAC,SF,10,48,False,,fivethirtyeight,-38,G003943
1988,1988-11-27,,REG,DEN,LAR,35,24,False,,fivethirtyeight,11,G003944
1988,1988-11-28,,REG,SEA,OAK,35,27,False,,fivethirtyeight,8,G003945
1988,1988-12-04,,REG,NYG,ARI,44,7,False,,fivethirtyeight,37,G003946
1988,1988-12-04,,REG,ATL,SF,3,13,False,,fivethirtyeight,-10,G003947
1988,1988-12-04,,REG,CLE,DAL,24,21,False,,fivethirtyeight,3,G003948
1988,1988-12-04,,REG,DET,GB,30,14,False,,fivethirtyeight,16,G003949
1988,1988-12-04,,REG,KC,NYJ,38,34,False,,fivethirtyeight,4,G003950
1988,1988-12-04,,REG,MIA,IND,28,31,False,,fivethirtyeight,-3,G003951
1988,1988-12-04,,REG,MIN,NO,45,3,False,,fivethirtyeight,42,G003952
1988,1988-12-04,,REG,NE,SEA,13,7,False,,fivethirtyeight,6,G003953
1988,1988-12-04,,REG,TEN,PIT,34,37,False,,fivethirtyeight,-3,G003954
1988,1988-12-04,,REG,PHI,WSH,19,20,False,,fivethirtyeight,-1,G003955
1988,1988-12-04,,REG,OAK,DEN,21,20,False,,fivethirtyeight,1,G003956
1988,1988-12-04,,REG,TB,BUF,10,5,False,,fivethirtyeight,5,G003957
1988,1988-12-04,,REG,CIN,LAC,27,10,False,,fivethirtyeight,17,G003958
1988,1988-12-05,,REG,LAR,CHI,23,3,False,,fivethirtyeight,20,G003959
1988,1988-12-10,,REG,ARI,PHI,17,23,False,,fivethirtyeight,-6,G003960
1988,1988-12-10,,REG,NYJ,IND,34,16,False,,fivethirtyeight,18,G003961
1988,1988-12-11,,REG,SF,NO,30,17,False,,fivethirtyeight,13,G003962
1988,1988-12-11,,REG,WSH,DAL,17,24,False,,fivethirtyeight,-7,G003963
1988,1988-12-11,,REG,NYG,KC,28,12,False,,fivethirtyeight,16,G003964
1988,1988-12-11,,REG,TEN,CIN,41,6,False,,fivethirtyeight,35,G003965
1988,1988-12-11,,REG,SEA,DEN,42,14,False,,fivethirtyeight,28,G003966
1988,1988-12-11,,REG,CHI,DET,13,12,False,,fivethirtyeight,1,G003967
1988,1988-12-11,,REG,GB,MIN,18,6,False,,fivethirtyeight,12,G003968
1988,1988-12-11,,REG,NE,TB,10,7,False,,fivethirtyeight,3,G003969
1988,1988-12-11,,REG,LAR,ATL,22,7,False,,fivethirtyeight,15,G003970
1988,1988-12-11,,REG,LAC,PIT,20,14,False,,fivethirtyeight,6,G003971
1988,1988-12-11,,REG,BUF,OAK,37,21,False,,fivethirtyeight,16,G003972
1988,1988-12-12,,REG,MIA,CLE,38,31,False,,fivethirtyeight,7,G003973
1988,1988-12-17,,REG,CIN,WSH,20,17,False,,fivethirtyeight,3,G003974
1988,1988-12-17,,REG,DEN,NE,21,10,False,,fivethirtyeight,11,G003975
1988,1988-12-18,,REG,SF,LAR,16,38,False,,fivethirtyeight,-22,G003976
1988,1988-12-18,,REG,PIT,MIA,40,24,False,,fivethirtyeight,16,G003977
1988,1988-12-18,,REG,NYJ,NYG,27,21,False,,fivethirtyeight,6,G003978
1988,1988-12-18,,REG,NO,ATL,10,9,False,,fivethirtyeight,1,G003979
1988,1988-12-18,,REG,DAL,PHI,7,23,False,,fivethirtyeight,-16,G003980
1988,1988-12-18,,REG,ARI,GB,17,26,False,,fivethirtyeight,-9,G003981
1988,1988-12-18,,REG,IND,BUF,17,14,False,,fivethirtyeight,3,G003982
1988,1988-12-18,,REG,CLE,TEN,28,23,False,,fivethirtyeight,5,G003983
1988,1988-12-18,,REG,TB,DET,21,10,False,,fivethirtyeight,11,G003984
1988,1988-12-18,,REG,OAK,SEA,37,43,False,,fivethirtyeight,-6,G003985
1988,1988-12-18,,REG,LAC,KC,24,13,False,,fivethirtyeight,11,G003986
1988,1988-12-19,,REG,MIN,CHI,28,27,False,,fivethirtyeight,1,G003987
1988,1988-12-24,,PLAYOFF,CLE,TEN,23,24,False,,fivethirtyeight,-1,G003988
1988,1988-12-26,,PLAYOFF,MIN,LAR,28,17,False,,fivethirtyeight,11,G003989
1988,1988-12-31,,PLAYOFF,CHI,PHI,20,12,False,,fivethirtyeight,8,G003990
1988,1988-12-31,,PLAYOFF,CIN,SEA,21,13,False,,fivethirtyeight,8,G003991
1988,1989-01-01,,PLAYOFF,SF,MIN,34,9,False,,fivethirtyeight,25,G003992
1988,1989-01-01,,PLAYOFF,BUF,TEN,17,10,False,,fivethirtyeight,7,G003993
1988,1989-01-08,,PLAYOFF,CHI,SF,3,28,False,,fivethirtyeight,-25,G003994
1988,1989-01-08,,PLAYOFF,CIN,BUF,21,10,False,,fivethirtyeight,11,G003995
1988,1989-01-22,,PLAYOFF,SF,CIN,20,16,True,,fivethirtyeight,4,G003996
1989,1989-09-10,,REG,NO,DAL,28,0,False,,fivethirtyeight,28,G003997
1989,1989-09-10,,REG,CHI,CIN,17,14,False,,fivethirtyeight,3,G003998
1989,1989-09-10,,REG,IND,SF,24,30,False,,fivethirtyeight,-6,G003999
1989,1989-09-10,,REG,DEN,KC,34,20,False,,fivethirtyeight,14,G004000
1989,1989-09-10,,REG,ATL,LAR,21,31,False,,fivethirtyeight,-10,G004001
1989,1989-09-10,,REG,OAK,LAC,40,14,False,,fivethirtyeight,26,G004002
1989,1989-09-10,,REG,DET,ARI,13,16,False,,fivethirtyeight,-3,G004003
1989,1989-09-10,,REG,GB,TB,21,23,False,,fivethirtyeight,-2,G004004
1989,1989-09-10,,REG,MIA,BUF,24,27,False,,fivethirtyeight,-3,G004005
1989,1989-09-10,,REG,MIN,TEN,38,7,False,,fivethirtyeight,31,G004006
1989,1989-09-10,,REG,NYJ,NE,24,27,False,,fivethirtyeight,-3,G004007
1989,1989-09-10,,REG,PIT,CLE,0,51,False,,fivethirtyeight,-51,G004008
1989,1989-09-10,,REG,PHI,SEA,31,7,False,,fivethirtyeight,24,G004009
1989,1989-09-11,,REG,WSH,NYG,24,27,False,,fivethirtyeight,-3,G004010
1989,1989-09-17,,REG,LAR,IND,31,17,False,,fivethirtyeight,14,G004011
1989,1989-09-17,,REG,SEA,ARI,24,34,False,,fivethirtyeight,-10,G004012
1989,1989-09-17,,REG,WSH,PHI,37,42,False,,fivethirtyeight,-5,G004013
1989,1989-09-17,,REG,TB,SF,16,20,False,,fivethirtyeight,-4,G004014
1989,1989-09-17,,REG,NYG,DET,24,14,False,,fivethirtyeight,10,G004015
1989,1989-09-17,,REG,NE,MIA,10,24,False,,fivethirtyeight,-14,G004016
1989,1989-09-17,,REG,ATL,DAL,27,21,False,,fivethirtyeight,6,G004017
1989,1989-09-17,,REG,KC,OAK,24,19,False,,fivethirtyeight,5,G004018
1989,1989-09-17,,REG,GB,NO,35,34,False,,fivethirtyeight,1,G004019
1989,1989-09-17,,REG,CLE,NYJ,38,24,False,,fivethirtyeight,14,G004020
1989,1989-09-17,,REG,CIN,PIT,41,10,False,,fivethirtyeight,31,G004021
1989,1989-09-17,,REG,CHI,MIN,38,7,False,,fivethirtyeight,31,G004022
1989,1989-09-17,,REG,LAC,TEN,27,34,False,,fivethirtyeight,-7,G004023
1989,1989-09-18,,REG,BUF,DEN,14,28,False,,fivethirtyeight,-14,G004024
1989,1989-09-24,,REG,TEN,BUF,41,47,False,,fivethirtyeight,-6,G004025
1989,1989-09-24,,REG,DAL,WSH,7,30,False,,fivethirtyeight,-23,G004026
1989,1989-09-24,,REG,LAR,GB,41,38,False,,fivethirtyeight,3,G004027
1989,1989-09-24,,REG,TB,NO,20,10,False,,fivethirtyeight,10,G004028
1989,1989-09-24,,REG,PIT,MIN,27,14,False,,fivethirtyeight,13,G004029
1989,1989-09-24,,REG,DEN,OAK,31,21,False,,fivethirtyeight,10,G004030
1989,1989-09-24,,REG,LAC,KC,21,6,False,,fivethirtyeight,15,G004031
1989,1989-09-24,,REG,NYG,ARI,35,7,False,,fivethirtyeight,28,G004032
1989,1989-09-24,,REG,NE,SEA,3,24,False,,fivethirtyeight,-21,G004033
1989,1989-09-24,,REG,MIA,NYJ,33,40,False,,fivethirtyeight,-7,G004034
1989,1989-09-24,,REG,DET,CHI,27,47,False,,fivethirtyeight,-20,G004035
1989,1989-09-24,,REG,PHI,SF,28,38,False,,fivethirtyeight,-10,G004036
1989,1989-09-24,,REG,IND,ATL,13,9,False,,fivethirtyeight,4,G004037
1989,1989-09-25,,REG,CIN,CLE,21,14,False,,fivethirtyeight,7,G004038
1989,1989-10-01,,REG,BUF,NE,31,10,False,,fivethirtyeight,21,G004039
1989,1989-10-01,,REG,DAL,NYG,13,30,False,,fivethirtyeight,-17,G004040
1989,1989-10-01,,REG,GB,ATL,23,21,False,,fivethirtyeight,2,G004041
1989,1989-10-01,,REG,KC,CIN,17,21,False,,fivethirtyeight,-4,G004042
1989,1989-10-01,,REG,MIN,TB,17,3,False,,fivethirtyeight,14,G004043
1989,1989-10-01,,REG,NO,WSH,14,16,False,,fivethirtyeight,-2,G004044
1989,1989-10-01,,REG,NYJ,IND,10,17,False,,fivethirtyeight,-7,G004045
1989,1989-10-01,,REG,ARI,LAC,13,24,False,,fivethirtyeight,-11,G004046
1989,1989-10-01,,REG,TEN,MIA,39,7,False,,fivethirtyeight,32,G004047
1989,1989-10-01,,REG,OAK,SEA,20,24,False,,fivethirtyeight,-4,G004048
1989,1989-10-01,,REG,SF,LAR,12,13,False,,fivethirtyeight,-1,G004049
1989,1989-10-01,,REG,CLE,DEN,16,13,False,,fivethirtyeight,3,G004050
1989,1989-10-01,,REG,DET,PIT,3,23,False,,fivethirtyeight,-20,G004051
1989,1989-10-02,,REG,CHI,PHI,27,13,False,,fivethirtyeight,14,G004052
1989,1989-10-08,,REG,NE,TEN,23,13,False,,fivethirtyeight,10,G004053
1989,1989-10-08,,REG,LAR,ATL,26,14,False,,fivethirtyeight,12,G004054
1989,1989-10-08,,REG,IND,BUF,37,14,False,,fivethirtyeight,23,G004055
1989,1989-10-08,,REG,GB,DAL,31,13,False,,fivethirtyeight,18,G004056
1989,1989-10-08,,REG,MIA,CLE,13,10,False,,fivethirtyeight,3,G004057
1989,1989-10-08,,REG,MIN,DET,24,17,False,,fivethirtyeight,7,G004058
1989,1989-10-08,,REG,NO,SF,20,24,False,,fivethirtyeight,-4,G004059
1989,1989-10-08,,REG,PIT,CIN,16,26,False,,fivethirtyeight,-10,G004060
1989,1989-10-08,,REG,SEA,KC,16,20,False,,fivethirtyeight,-4,G004061
1989,1989-10-08,,REG,TB,CHI,42,35,False,,fivethirtyeight,7,G004062
1989,1989-10-08,,REG,WSH,ARI,30,28,False,,fivethirtyeight,2,G004063
1989,1989-10-08,,REG,DEN,LAC,16,10,False,,fivethirtyeight,6,G004064
1989,1989-10-08,,REG,PHI,NYG,21,19,False,,fivethirtyeight,2,G004065
1989,1989-10-09,,REG,NYJ,OAK,7,14,False,,fivethirtyeight,-7,G004066
1989,1989-10-15,,REG,LAC,SEA,16,17,False,,fivethirtyeight,-1,G004067
1989,1989-10-15,,REG,TB,DET,16,17,False,,fivethirtyeight,-1,G004068
1989,1989-10-15,,REG,OAK,KC,20,14,False,,fivethirtyeight,6,G004069
1989,1989-10-15,,REG,NYG,WSH,20,17,False,,fivethirtyeight,3,G004070
1989,1989-10-15,,REG,NO,NYJ,29,14,False,,fivethirtyeight,15,G004071
1989,1989-10-15,,REG,MIN,GB,26,14,False,,fivethirtyeight,12,G004072
1989,1989-10-15,,REG,DEN,IND,14,3,False,,fivethirtyeight,11,G004073
1989,1989-10-15,,REG,DAL,SF,14,31,False,,fivethirtyeight,-17,G004074
1989,1989-10-15,,REG,ARI,PHI,5,17,False,,fivethirtyeight,-12,G004075
1989,1989-10-15,,REG,CLE,PIT,7,17,False,,fivethirtyeight,-10,G004076
1989,1989-10-15,,REG,CIN,MIA,13,20,False,,fivethirtyeight,-7,G004077
1989,1989-10-15,,REG,CHI,TEN,28,33,False,,fivethirtyeight,-5,G004078
1989,1989-10-15,,REG,ATL,NE,16,15,False,,fivethirtyeight,1,G004079
1989,1989-10-16,,REG,BUF,LAR,23,20,False,,fivethirtyeight,3,G004080
1989,1989-10-22,,REG,ARI,ATL,34,20,False,,fivethirtyeight,14,G004081
1989,1989-10-22,,REG,CIN,IND,12,23,False,,fivethirtyeight,-11,G004082
1989,1989-10-22,,REG,BUF,NYJ,34,3,False,,fivethirtyeight,31,G004083
1989,1989-10-22,,REG,LAR,NO,21,40,False,,fivethirtyeight,-19,G004084
1989,1989-10-22,,REG,WSH,TB,32,28,False,,fivethirtyeight,4,G004085
1989,1989-10-22,,REG,SF,NE,37,20,False,,fivethirtyeight,17,G004086
1989,1989-10-22,,REG,SEA,DEN,21,24,False,,fivethirtyeight,-3,G004087
1989,1989-10-22,,REG,PHI,OAK,10,7,False,,fivethirtyeight,3,G004088
1989,1989-10-22,,REG,TEN,PIT,27,0,False,,fivethirtyeight,27,G004089
1989,1989-10-22,,REG,LAC,NYG,13,20,False,,fivethirtyeight,-7,G004090
1989,1989-10-22,,REG,MIA,GB,23,20,False,,fivethirtyeight,3,G004091
1989,1989-10-22,,REG,KC,DAL,36,28,False,,fivethirtyeight,8,G004092
1989,1989-10-22,,REG,DET,MIN,7,20,False,,fivethirtyeight,-13,G004093
1989,1989-10-23,,REG,CLE,CHI,27,7,False,,fivethirtyeight,20,G004094
1989,1989-10-29,,REG,IND,NE,20,23,False,,fivethirtyeight,-3,G004095
1989,1989-10-29,,REG,DAL,ARI,10,19,False,,fivethirtyeight,-9,G004096
1989,1989-10-29,,REG,DEN,PHI,24,28,False,,fivethirtyeight,-4,G004097
1989,1989-10-29,,REG,GB,DET,23,20,False,,fivethirtyeight,3,G004098
1989,1989-10-29,,REG,NYJ,SF,10,23,False,,fivethirtyeight,-13,G004099
1989,1989-10-29,,REG,BUF,MIA,31,17,False,,fivethirtyeight,14,G004100
1989,1989-10-29,,REG,PIT,KC,23,17,False,,fivethirtyeight,6,G004101
1989,1989-10-29,,REG,NO,ATL,20,13,False,,fivethirtyeight,7,G004102
1989,1989-10-29,,REG,OAK,WSH,37,24,False,,fivethirtyeight,13,G004103
1989,1989-10-29,,REG,SEA,LAC,10,7,False,,fivethirtyeight,3,G004104
1989,1989-10-29,,REG,CHI,LAR,20,10,False,,fivethirtyeight,10,G004105
1989,1989-10-29,,REG,CIN,TB,56,23,False,,fivethirtyeight,33,G004106
1989,1989-10-29,,REG,CLE,TEN,28,17,False,,fivethirtyeight,11,G004107
1989,1989-10-30,,REG,NYG,MIN,24,14,False,,fivethirtyeight,10,G004108
1989,1989-11-05,,REG,MIA,IND,19,13,False,,fivethirtyeight,6,G004109
1989,1989-11-05,,REG,ATL,BUF,30,28,False,,fivethirtyeight,2,G004110
1989,1989-11-05,,REG,MIN,LAR,23,21,False,,fivethirtyeight,2,G004111
1989,1989-11-05,,REG,WSH,DAL,3,13,False,,fivethirtyeight,-10,G004112
1989,1989-11-05,,REG,TB,CLE,31,42,False,,fivethirtyeight,-11,G004113
1989,1989-11-05,,REG,OAK,CIN,28,7,False,,fivethirtyeight,21,G004114
1989,1989-11-05,,REG,TEN,DET,35,31,False,,fivethirtyeight,4,G004115
1989,1989-11-05,,REG,NE,NYJ,26,27,False,,fivethirtyeight,-1,G004116
1989,1989-11-05,,REG,KC,SEA,20,10,False,,fivethirtyeight,10,G004117
1989,1989-11-05,,REG,GB,CHI,14,13,False,,fivethirtyeight,1,G004118
1989,1989-11-05,,REG,DEN,PIT,34,7,False,,fivethirtyeight,27,G004119
1989,1989-11-05,,REG,ARI,NYG,13,20,False,,fivethirtyeight,-7,G004120
1989,1989-11-05,,REG,LAC,PHI,20,17,False,,fivethirtyeight,3,G004121
1989,1989-11-06,,REG,SF,NO,31,13,False,,fivethirtyeight,18,G004122
1989,1989-11-12,,REG,NYJ,MIA,23,31,False,,fivethirtyeight,-8,G004123
1989,1989-11-12,,REG,KC,DEN,13,16,False,,fivethirtyeight,-3,G004124
1989,1989-11-12,,REG,DET,GB,31,22,False,,fivethirtyeight,9,G004125
1989,1989-11-12,,REG,ARI,DAL,24,20,False,,fivethirtyeight,4,G004126
1989,1989-11-12,,REG,BUF,IND,30,7,False,,fivethirtyeight,23,G004127
1989,1989-11-12,,REG,LAR,NYG,31,10,False,,fivethirtyeight,21,G004128
1989,1989-11-12,,REG,NE,NO,24,28,False,,fivethirtyeight,-4,G004129
1989,1989-11-12,,REG,LAC,OAK,14,12,False,,fivethirtyeight,2,G004130
1989,1989-11-12,,REG,PIT,CHI,0,20,False,,fivethirtyeight,-20,G004131
1989,1989-11-12,,REG,PHI,WSH,3,10,False,,fivethirtyeight,-7,G004132
1989,1989-11-12,,REG,TB,MIN,10,24,False,,fivethirtyeight,-14,G004133
1989,1989-11-12,,REG,SF,ATL,45,3,False,,fivethirtyeight,42,G004134
1989,1989-11-12,,REG,SEA,CLE,7,17,False,,fivethirtyeight,-10,G004135
1989,1989-11-13,,REG,TEN,CIN,26,24,False,,fivethirtyeight,2,G004136
1989,1989-11-19,,REG,IND,NYJ,27,10,False,,fivethirtyeight,17,G004137
1989,1989-11-19,,REG,NYG,SEA,15,3,False,,fivethirtyeight,12,G004138
1989,1989-11-19,,REG,LAR,ARI,37,14,False,,fivethirtyeight,23,G004139
1989,1989-11-19,,REG,PIT,LAC,20,17,False,,fivethirtyeight,3,G004140
1989,1989-11-19,,REG,ATL,NO,17,26,False,,fivethirtyeight,-9,G004141
1989,1989-11-19,,REG,CHI,TB,31,32,False,,fivethirtyeight,-1,G004142
1989,1989-11-19,,REG,CIN,DET,42,7,False,,fivethirtyeight,35,G004143
1989,1989-11-19,,REG,SF,GB,17,21,False,,fivethirtyeight,-4,G004144
1989,1989-11-19,,REG,PHI,MIN,10,9,False,,fivethirtyeight,1,G004145
1989,1989-11-19,,REG,TEN,OAK,23,7,False,,fivethirtyeight,16,G004146
1989,1989-11-19,,REG,NE,BUF,33,24,False,,fivethirtyeight,9,G004147
1989,1989-11-19,,REG,DAL,MIA,14,17,False,,fivethirtyeight,-3,G004148
1989,1989-11-19,,REG,CLE,KC,10,10,False,,fivethirtyeight,0,G004149
1989,1989-11-20,,REG,WSH,DEN,10,14,False,,fivethirtyeight,-4,G004150
1989,1989-11-23,,REG,DAL,PHI,0,27,False,,fivethirtyeight,-27,G004151
1989,1989-11-23,,REG,DET,CLE,13,10,False,,fivethirtyeight,3,G004152
1989,1989-11-26,,REG,OAK,NE,24,21,False,,fivethirtyeight,3,G004153
1989,1989-11-26,,REG,IND,LAC,10,6,False,,fivethirtyeight,4,G004154
1989,1989-11-26,,REG,WSH,CHI,38,14,False,,fivethirtyeight,24,G004155
1989,1989-11-26,,REG,NYJ,ATL,27,7,False,,fivethirtyeight,20,G004156
1989,1989-11-26,,REG,MIA,PIT,14,34,False,,fivethirtyeight,-20,G004157
1989,1989-11-26,,REG,GB,MIN,20,19,False,,fivethirtyeight,1,G004158
1989,1989-11-26,,REG,DEN,SEA,41,14,False,,fivethirtyeight,27,G004159
1989,1989-11-26,,REG,ARI,TB,13,14,False,,fivethirtyeight,-1,G004160
1989,1989-11-26,,REG,NO,LAR,17,20,False,,fivethirtyeight,-3,G004161
1989,1989-11-26,,REG,BUF,CIN,24,7,False,,fivethirtyeight,17,G004162
1989,1989-11-26,,REG,KC,TEN,34,0,False,,fivethirtyeight,34,G004163
1989,1989-11-27,,REG,SF,NYG,34,24,False,,fivethirtyeight,10,G004164
1989,1989-12-03,,REG,OAK,DEN,16,13,False,,fivethirtyeight,3,G004165
1989,1989-12-03,,REG,TB,GB,16,17,False,,fivethirtyeight,-1,G004166
1989,1989-12-03,,REG,ATL,SF,10,23,False,,fivethirtyeight,-13,G004167
1989,1989-12-03,,REG,CLE,CIN,0,21,False,,fivethirtyeight,-21,G004168
1989,1989-12-03,,REG,ARI,WSH,10,29,False,,fivethirtyeight,-19,G004169
1989,1989-12-03,,REG,DET,NO,21,14,False,,fivethirtyeight,7,G004170
1989,1989-12-03,,REG,KC,MIA,26,21,False,,fivethirtyeight,5,G004171
1989,1989-12-03,,REG,MIN,CHI,27,16,False,,fivethirtyeight,11,G004172
1989,1989-12-03,,REG,NE,IND,22,16,False,,fivethirtyeight,6,G004173
1989,1989-12-03,,REG,NYG,PHI,17,24,False,,fivethirtyeight,-7,G004174
1989,1989-12-03,,REG,LAC,NYJ,17,20,False,,fivethirtyeight,-3,G004175
1989,1989-12-03,,REG,PIT,TEN,16,23,False,,fivethirtyeight,-7,G004176
1989,1989-12-03,,REG,DAL,LAR,31,35,False,,fivethirtyeight,-4,G004177
1989,1989-12-04,,REG,SEA,BUF,17,16,False,,fivethirtyeight,1,G004178
1989,1989-12-10,,REG,DEN,NYG,7,14,False,,fivethirtyeight,-7,G004179
1989,1989-12-10,,REG,PHI,DAL,20,10,False,,fivethirtyeight,10,G004180
1989,1989-12-10,,REG,MIA,NE,31,10,False,,fivethirtyeight,21,G004181
1989,1989-12-10,,REG,TEN,TB,20,17,False,,fivethirtyeight,3,G004182
1989,1989-12-10,,REG,BUF,NO,19,22,False,,fivethirtyeight,-3,G004183
1989,1989-12-10,,REG,CHI,DET,17,27,False,,fivethirtyeight,-10,G004184
1989,1989-12-10,,REG,NYJ,PIT,0,13,False,,fivethirtyeight,-13,G004185
1989,1989-12-10,,REG,CIN,SEA,17,24,False,,fivethirtyeight,-7,G004186
1989,1989-12-10,,REG,IND,CLE,23,17,False,,fivethirtyeight,6,G004187
1989,1989-12-10,,REG,WSH,LAC,26,21,False,,fivethirtyeight,5,G004188
1989,1989-12-10,,REG,OAK,ARI,16,14,False,,fivethirtyeight,2,G004189
1989,1989-12-10,,REG,GB,KC,3,21,False,,fivethirtyeight,-18,G004190
1989,1989-12-10,,REG,MIN,ATL,43,17,False,,fivethirtyeight,26,G004191
1989,1989-12-11,,REG,LAR,SF,27,30,False,,fivethirtyeight,-3,G004192
1989,1989-12-16,,REG,NYG,DAL,15,0,False,,fivethirtyeight,15,G004193
1989,1989-12-16,,REG,ARI,DEN,0,37,False,,fivethirtyeight,-37,G004194
1989,1989-12-17,,REG,CHI,GB,28,40,False,,fivethirtyeight,-12,G004195
1989,1989-12-17,,REG,LAR,NYJ,38,14,False,,fivethirtyeight,24,G004196
1989,1989-12-17,,REG,IND,MIA,42,13,False,,fivethirtyeight,29,G004197
1989,1989-12-17,,REG,DET,TB,33,7,False,,fivethirtyeight,26,G004198
1989,1989-12-17,,REG,KC,LAC,13,20,False,,fivethirtyeight,-7,G004199
1989,1989-12-17,,REG,PIT,NE,28,10,False,,fivethirtyeight,18,G004200
1989,1989-12-17,,REG,SEA,OAK,23,17,False,,fivethirtyeight,6,G004201
1989,1989-12-17,,REG,SF,BUF,21,10,False,,fivethirtyeight,11,G004202
1989,1989-12-17,,REG,ATL,WSH,30,31,False,,fivethirtyeight,-1,G004203
1989,1989-12-17,,REG,CLE,MIN,23,17,False,,fivethirtyeight,6,G004204
1989,1989-12-17,,REG,CIN,TEN,61,7,False,,fivethirtyeight,54,G004205
1989,1989-12-18,,REG,NO,PHI,30,20,False,,fivethirtyeight,10,G004206
1989,1989-12-23,,REG,SEA,WSH,0,29,False,,fivethirtyeight,-29,G004207
1989,1989-12-23,,REG,NYJ,BUF,0,37,False,,fivethirtyeight,-37,G004208
1989,1989-12-23,,REG,TEN,CLE,20,24,False,,fivethirtyeight,-4,G004209
1989,1989-12-24,,REG,ATL,DET,24,31,False,,fivethirtyeight,-7,G004210
1989,1989-12-24,,REG,NE,LAR,20,24,False,,fivethirtyeight,-4,G004211
1989,1989-12-24,,REG,LAC,DEN,19,16,False,,fivethirtyeight,3,G004212
1989,1989-12-24,,REG,PHI,ARI,31,14,False,,fivethirtyeight,17,G004213
1989,1989-12-24,,REG,NYG,OAK,34,17,False,,fivethirtyeight,17,G004214
1989,1989-12-24,,REG,NO,IND,41,6,False,,fivethirtyeight,35,G004215
1989,1989-12-24,,REG,MIA,KC,24,27,False,,fivethirtyeight,-3,G004216
1989,1989-12-24,,REG,DAL,GB,10,20,False,,fivethirtyeight,-10,G004217
1989,1989-12-24,,REG,TB,PIT,22,31,False,,fivethirtyeight,-9,G004218
1989,1989-12-24,,REG,SF,CHI,26,0,False,,fivethirtyeight,26,G004219
1989,1989-12-25,,REG,MIN,CIN,29,21,False,,fivethirtyeight,8,G004220
1989,1989-12-31,,PLAYOFF,TEN,PIT,23,26,False,,fivethirtyeight,-3,G004221
1989,1989-12-31,,PLAYOFF,PHI,LAR,7,21,False,,fivethirtyeight,-14,G004222
1989,1990-01-06,,PLAYOFF,SF,MIN,41,13,False,,fivethirtyeight,28,G004223
1989,1990-01-06,,PLAYOFF,CLE,BUF,34,30,False,,fivethirtyeight,4,G004224
1989,1990-01-07,,PLAYOFF,NYG,LAR,13,19,False,,fivethirtyeight,-6,G004225
1989,1990-01-07,,PLAYOFF,DEN,PIT,24,23,False,,fivethirtyeight,1,G004226
1989,1990-01-14,,PLAYOFF,DEN,CLE,37,21,False,,fivethirtyeight,16,G004227
1989,1990-01-14,,PLAYOFF,SF,LAR,30,3,False,,fivethirtyeight,27,G004228
1989,1990-01-28,,PLAYOFF,SF,DEN,55,10,True,,fivethirtyeight,45,G004229
1990,1990-09-09,,REG,WSH,ARI,31,0,False,,fivethirtyeight,31,G004230
1990,1990-09-09,,REG,OAK,DEN,14,9,False,,fivethirtyeight,5,G004231
1990,1990-09-09,,REG,NYG,PHI,27,20,False,,fivethirtyeight,7,G004232
1990,1990-09-09,,REG,NE,MIA,24,27,False,,fivethirtyeight,-3,G004233
1990,1990-09-09,,REG,KC,MIN,24,21,False,,fivethirtyeight,3,G004234
1990,1990-09-09,,REG,DET,TB,21,38,False,,fivethirtyeight,-17,G004235
1990,1990-09-09,,REG,CIN,NYJ,25,20,False,,fivethirtyeight,5,G004236
1990,1990-09-09,,REG,DAL,LAC,17,14,False,,fivethirtyeight,3,G004237
1990,1990-09-09,,REG,GB,LAR,36,24,False,,fivethirtyeight,12,G004238
1990,1990-09-09,,REG,CLE,PIT,13,3,False,,fivethirtyeight,10,G004239
1990,1990-09-09,,REG,CHI,SEA,17,0,False,,fivethirtyeight,17,G004240
1990,1990-09-09,,REG,BUF,IND,26,10,False,,fivethirtyeight,16,G004241
1990,1990-09-09,,REG,ATL,TEN,47,27,False,,fivethirtyeight,20,G004242
1990,1990-09-10,,REG,NO,SF,12,13,False,,fivethirtyeight,-1,G004243
1990,1990-09-16,,REG,TB,LAR,14,35,False,,fivethirtyeight,-21,G004244
1990,1990-09-16,,REG,LAC,CIN,16,21,False,,fivethirtyeight,-5,G004245
1990,1990-09-16,,REG,DET,ATL,21,14,False,,fivethirtyeight,7,G004246
1990,1990-09-16,,REG,SF,WSH,26,13,False,,fivethirtyeight,13,G004247
1990,1990-09-16,,REG,SEA,OAK,13,17,False,,fivethirtyeight,-4,G004248
1990,1990-09-16,,REG,PIT,TEN,20,9,False,,fivethirtyeight,11,G004249
1990,1990-09-16,,REG,PHI,ARI,21,23,False,,fivethirtyeight,-2,G004250
1990,1990-09-16,,REG,NYJ,CLE,24,21,False,,fivethirtyeight,3,G004251
1990,1990-09-16,,REG,MIN,NO,32,3,False,,fivethirtyeight,29,G004252
1990,1990-09-16,,REG,MIA,BUF,30,7,False,,fivethirtyeight,23,G004253
1990,1990-09-16,,REG,IND,NE,14,16,False,,fivethirtyeight,-2,G004254
1990,1990-09-16,,REG,DAL,NYG,7,28,False,,fivethirtyeight,-21,G004255
1990,1990-09-16,,REG,GB,CHI,13,31,False,,fivethirtyeight,-18,G004256
1990,1990-09-17,,REG,DEN,KC,24,23,False,,fivethirtyeight,1,G004257
1990,1990-09-23,,REG,CLE,LAC,14,24,False,,fivethirtyeight,-10,G004258
1990,1990-09-23,,REG,CHI,MIN,19,16,False,,fivethirtyeight,3,G004259
1990,1990-09-23,,REG,CIN,NE,41,7,False,,fivethirtyeight,34,G004260
1990,1990-09-23,,REG,DEN,SEA,34,31,False,,fivethirtyeight,3,G004261
1990,1990-09-23,,REG,GB,KC,3,17,False,,fivethirtyeight,-14,G004262
1990,1990-09-23,,REG,NO,ARI,28,7,False,,fivethirtyeight,21,G004263
1990,1990-09-23,,REG,NYG,MIA,20,3,False,,fivethirtyeight,17,G004264
1990,1990-09-23,,REG,TEN,IND,24,10,False,,fivethirtyeight,14,G004265
1990,1990-09-23,,REG,SF,ATL,19,13,False,,fivethirtyeight,6,G004266
1990,1990-09-23,,REG,OAK,PIT,20,3,False,,fivethirtyeight,17,G004267
1990,1990-09-23,,REG,LAR,PHI,21,27,False,,fivethirtyeight,-6,G004268
1990,1990-09-23,,REG,WSH,DAL,19,15,False,,fivethirtyeight,4,G004269
1990,1990-09-23,,REG,TB,DET,23,20,False,,fivethirtyeight,3,G004270
1990,1990-09-24,,REG,NYJ,BUF,7,30,False,,fivethirtyeight,-23,G004271
1990,1990-09-30,,REG,LAC,TEN,7,17,False,,fivethirtyeight,-10,G004272
1990,1990-09-30,,REG,BUF,DEN,29,28,False,,fivethirtyeight,1,G004273
1990,1990-09-30,,REG,PIT,MIA,6,28,False,,fivethirtyeight,-22,G004274
1990,1990-09-30,,REG,OAK,CHI,24,10,False,,fivethirtyeight,14,G004275
1990,1990-09-30,,REG,ARI,WSH,10,38,False,,fivethirtyeight,-28,G004276
1990,1990-09-30,,REG,DET,GB,21,24,False,,fivethirtyeight,-3,G004277
1990,1990-09-30,,REG,KC,CLE,34,0,False,,fivethirtyeight,34,G004278
1990,1990-09-30,,REG,MIN,TB,20,23,False,,fivethirtyeight,-3,G004279
1990,1990-09-30,,REG,NE,NYJ,13,37,False,,fivethirtyeight,-24,G004280
1990,1990-09-30,,REG,NYG,DAL,31,17,False,,fivethirtyeight,14,G004281
1990,1990-09-30,,REG,PHI,IND,23,24,False,,fivethirtyeight,-1,G004282
1990,1990-10-01,,REG,SEA,CIN,31,16,False,,fivethirtyeight,15,G004283
1990,1990-10-07,,REG,PIT,LAC,36,14,False,,fivethirtyeight,22,G004284
1990,1990-10-07,,REG,BUF,OAK,38,24,False,,fivethirtyeight,14,G004285
1990,1990-10-07,,REG,ATL,NO,28,27,False,,fivethirtyeight,1,G004286
1990,1990-10-07,,REG,CHI,GB,27,13,False,,fivethirtyeight,14,G004287
1990,1990-10-07,,REG,IND,KC,23,19,False,,fivethirtyeight,4,G004288
1990,1990-10-07,,REG,DAL,TB,14,10,False,,fivethirtyeight,4,G004289
1990,1990-10-07,,REG,MIA,NYJ,20,16,False,,fivethirtyeight,4,G004290
1990,1990-10-07,,REG,MIN,DET,27,34,False,,fivethirtyeight,-7,G004291
1990,1990-10-07,,REG,NE,SEA,20,33,False,,fivethirtyeight,-13,G004292
1990,1990-10-07,,REG,TEN,SF,21,24,False,,fivethirtyeight,-3,G004293
1990,1990-10-07,,REG,LAR,CIN,31,34,False,,fivethirtyeight,-3,G004294
1990,1990-10-08,,REG,DEN,CLE,29,30,False,,fivethirtyeight,-1,G004295
1990,1990-10-14,,REG,CHI,LAR,38,9,False,,fivethirtyeight,29,G004296
1990,1990-10-14,,REG,TEN,CIN,48,17,False,,fivethirtyeight,31,G004297
1990,1990-10-14,,REG,NO,CLE,25,20,False,,fivethirtyeight,5,G004298
1990,1990-10-14,,REG,KC,DET,43,24,False,,fivethirtyeight,19,G004299
1990,1990-10-14,,REG,WSH,NYG,20,24,False,,fivethirtyeight,-4,G004300
1990,1990-10-14,,REG,DEN,PIT,17,34,False,,fivethirtyeight,-17,G004301
1990,1990-10-14,,REG,ARI,DAL,20,3,False,,fivethirtyeight,17,G004302
1990,1990-10-14,,REG,ATL,SF,35,45,False,,fivethirtyeight,-10,G004303
1990,1990-10-14,,REG,TB,GB,26,14,False,,fivethirtyeight,12,G004304
1990,1990-10-14,,REG,OAK,SEA,24,17,False,,fivethirtyeight,7,G004305
1990,1990-10-14,,REG,NYJ,LAC,3,39,False,,fivethirtyeight,-36,G004306
1990,1990-10-15,,REG,PHI,MIN,32,24,False,,fivethirtyeight,8,G004307
1990,1990-10-18,,REG,MIA,NE,17,10,False,,fivethirtyeight,7,G004308
1990,1990-10-21,,REG,TB,DAL,13,17,False,,fivethirtyeight,-4,G004309
1990,1990-10-21,,REG,SF,PIT,27,7,False,,fivethirtyeight,20,G004310
1990,1990-10-21,,REG,SEA,KC,19,7,False,,fivethirtyeight,12,G004311
1990,1990-10-21,,REG,WSH,PHI,13,7,False,,fivethirtyeight,6,G004312
1990,1990-10-21,,REG,LAC,OAK,9,24,False,,fivethirtyeight,-15,G004313
1990,1990-10-21,,REG,TEN,NO,23,10,False,,fivethirtyeight,13,G004314
1990,1990-10-21,,REG,LAR,ATL,44,24,False,,fivethirtyeight,20,G004315
1990,1990-10-21,,REG,NYG,ARI,20,19,False,,fivethirtyeight,1,G004316
1990,1990-10-21,,REG,IND,DEN,17,27,False,,fivethirtyeight,-10,G004317
1990,1990-10-21,,REG,BUF,NYJ,30,27,False,,fivethirtyeight,3,G004318
1990,1990-10-22,,REG,CLE,CIN,13,34,False,,fivethirtyeight,-21,G004319
1990,1990-10-28,,REG,DAL,PHI,20,21,False,,fivethirtyeight,-1,G004320
1990,1990-10-28,,REG,LAC,TB,41,10,False,,fivethirtyeight,31,G004321
1990,1990-10-28,,REG,SF,CLE,20,17,False,,fivethirtyeight,3,G004322
1990,1990-10-28,,REG,TEN,NYJ,12,17,False,,fivethirtyeight,-5,G004323
1990,1990-10-28,,REG,NYG,WSH,21,10,False,,fivethirtyeight,11,G004324
1990,1990-10-28,,REG,NE,BUF,10,27,False,,fivethirtyeight,-17,G004325
1990,1990-10-28,,REG,NO,DET,10,27,False,,fivethirtyeight,-17,G004326
1990,1990-10-28,,REG,GB,MIN,24,10,False,,fivethirtyeight,14,G004327
1990,1990-10-28,,REG,ARI,CHI,21,31,False,,fivethirtyeight,-10,G004328
1990,1990-10-28,,REG,IND,MIA,7,27,False,,fivethirtyeight,-20,G004329
1990,1990-10-28,,REG,ATL,CIN,38,17,False,,fivethirtyeight,21,G004330
1990,1990-10-29,,REG,PIT,LAR,41,10,False,,fivethirtyeight,31,G004331
1990,1990-11-04,,REG,PHI,NE,48,20,False,,fivethirtyeight,28,G004332
1990,1990-11-04,,REG,NYJ,DAL,24,9,False,,fivethirtyeight,15,G004333
1990,1990-11-04,,REG,MIN,DEN,27,22,False,,fivethirtyeight,5,G004334
1990,1990-11-04,,REG,KC,OAK,9,7,False,,fivethirtyeight,2,G004335
1990,1990-11-04,,REG,GB,SF,20,24,False,,fivethirtyeight,-4,G004336
1990,1990-11-04,,REG,DET,WSH,38,41,False,,fivethirtyeight,-3,G004337
1990,1990-11-04,,REG,CLE,BUF,0,42,False,,fivethirtyeight,-42,G004338
1990,1990-11-04,,REG,CIN,NO,7,21,False,,fivethirtyeight,-14,G004339
1990,1990-11-04,,REG,PIT,ATL,21,9,False,,fivethirtyeight,12,G004340
1990,1990-11-04,,REG,MIA,ARI,23,3,False,,fivethirtyeight,20,G004341
1990,1990-11-04,,REG,TB,CHI,6,26,False,,fivethirtyeight,-20,G004342
1990,1990-11-04,,REG,LAR,TEN,17,13,False,,fivethirtyeight,4,G004343
1990,1990-11-04,,REG,SEA,LAC,14,31,False,,fivethirtyeight,-17,G004344
1990,1990-11-05,,REG,IND,NYG,7,24,False,,fivethirtyeight,-17,G004345
1990,1990-11-11,,REG,CHI,ATL,30,24,False,,fivethirtyeight,6,G004346
1990,1990-11-11,,REG,BUF,ARI,45,14,False,,fivethirtyeight,31,G004347
1990,1990-11-11,,REG,LAC,DEN,19,7,False,,fivethirtyeight,12,G004348
1990,1990-11-11,,REG,NYJ,MIA,3,17,False,,fivethirtyeight,-14,G004349
1990,1990-11-11,,REG,DAL,SF,6,24,False,,fivethirtyeight,-18,G004350
1990,1990-11-11,,REG,KC,SEA,16,17,False,,fivethirtyeight,-1,G004351
1990,1990-11-11,,REG,DET,MIN,7,17,False,,fivethirtyeight,-10,G004352
1990,1990-11-11,,REG,LAR,NYG,7,31,False,,fivethirtyeight,-24,G004353
1990,1990-11-11,,REG,OAK,GB,16,29,False,,fivethirtyeight,-13,G004354
1990,1990-11-11,,REG,NE,IND,10,13,False,,fivethirtyeight,-3,G004355
1990,1990-11-11,,REG,NO,TB,35,7,False,,fivethirtyeight,28,G004356
1990,1990-11-12,,REG,PHI,WSH,28,14,False,,fivethirtyeight,14,G004357
1990,1990-11-18,,REG,KC,LAC,27,10,False,,fivethirtyeight,17,G004358
1990,1990-11-18,,REG,WSH,NO,31,17,False,,fivethirtyeight,14,G004359
1990,1990-11-18,,REG,SF,TB,31,7,False,,fivethirtyeight,24,G004360
1990,1990-11-18,,REG,SEA,MIN,21,24,False,,fivethirtyeight,-3,G004361
1990,1990-11-18,,REG,NYG,DET,20,0,False,,fivethirtyeight,20,G004362
1990,1990-11-18,,REG,DEN,CHI,13,16,False,,fivethirtyeight,-3,G004363
1990,1990-11-18,,REG,ARI,GB,21,24,False,,fivethirtyeight,-3,G004364
1990,1990-11-18,,REG,IND,NYJ,17,14,False,,fivethirtyeight,3,G004365
1990,1990-11-18,,REG,CLE,TEN,23,35,False,,fivethirtyeight,-12,G004366
1990,1990-11-18,,REG,CIN,PIT,27,3,False,,fivethirtyeight,24,G004367
1990,1990-11-18,,REG,BUF,NE,14,0,False,,fivethirtyeight,14,G004368
1990,1990-11-18,,REG,ATL,PHI,23,24,False,,fivethirtyeight,-1,G004369
1990,1990-11-18,,REG,LAR,DAL,21,24,False,,fivethirtyeight,-3,G004370
1990,1990-11-19,,REG,MIA,OAK,10,13,False,,fivethirtyeight,-3,G004371
1990,1990-11-22,,REG,DAL,WSH,27,17,False,,fivethirtyeight,10,G004372
1990,1990-11-22,,REG,DET,DEN,40,27,False,,fivethirtyeight,13,G004373
1990,1990-11-25,,REG,PHI,NYG,31,13,False,,fivethirtyeight,18,G004374
1990,1990-11-25,,REG,NYJ,PIT,7,24,False,,fivethirtyeight,-17,G004375
1990,1990-11-25,,REG,NO,ATL,10,7,False,,fivethirtyeight,3,G004376
1990,1990-11-25,,REG,LAC,SEA,10,13,False,,fivethirtyeight,-3,G004377
1990,1990-11-25,,REG,SF,LAR,17,28,False,,fivethirtyeight,-11,G004378
1990,1990-11-25,,REG,MIN,CHI,41,13,False,,fivethirtyeight,28,G004379
1990,1990-11-25,,REG,ARI,NE,34,14,False,,fivethirtyeight,20,G004380
1990,1990-11-25,,REG,CLE,MIA,13,30,False,,fivethirtyeight,-17,G004381
1990,1990-11-25,,REG,CIN,IND,20,34,False,,fivethirtyeight,-14,G004382
1990,1990-11-25,,REG,GB,TB,20,10,False,,fivethirtyeight,10,G004383
1990,1990-11-25,,REG,OAK,KC,24,27,False,,fivethirtyeight,-3,G004384
1990,1990-11-26,,REG,TEN,BUF,27,24,False,,fivethirtyeight,3,G004385
1990,1990-12-02,,REG,LAC,NYJ,38,17,False,,fivethirtyeight,21,G004386
1990,1990-12-02,,REG,NE,KC,7,37,False,,fivethirtyeight,-30,G004387
1990,1990-12-02,,REG,PIT,CIN,12,16,False,,fivethirtyeight,-4,G004388
1990,1990-12-02,,REG,CLE,LAR,23,38,False,,fivethirtyeight,-15,G004389
1990,1990-12-02,,REG,WSH,MIA,42,20,False,,fivethirtyeight,22,G004390
1990,1990-12-02,,REG,TB,ATL,23,17,False,,fivethirtyeight,6,G004391
1990,1990-12-02,,REG,SEA,TEN,13,10,False,,fivethirtyeight,3,G004392
1990,1990-12-02,,REG,BUF,PHI,30,23,False,,fivethirtyeight,7,G004393
1990,1990-12-02,,REG,CHI,DET,23,17,False,,fivethirtyeight,6,G004394
1990,1990-12-02,,REG,ARI,IND,20,17,False,,fivethirtyeight,3,G004395
1990,1990-12-02,,REG,DAL,NO,17,13,False,,fivethirtyeight,4,G004396
1990,1990-12-02,,REG,DEN,OAK,20,23,False,,fivethirtyeight,-3,G004397
1990,1990-12-02,,REG,MIN,GB,23,7,False,,fivethirtyeight,16,G004398
1990,1990-12-03,,REG,SF,NYG,7,3,False,,fivethirtyeight,4,G004399
1990,1990-12-09,,REG,IND,BUF,7,31,False,,fivethirtyeight,-24,G004400
1990,1990-12-09,,REG,CIN,SF,17,20,False,,fivethirtyeight,-3,G004401
1990,1990-12-09,,REG,LAR,NO,20,24,False,,fivethirtyeight,-4,G004402
1990,1990-12-09,,REG,WSH,CHI,10,9,False,,fivethirtyeight,1,G004403
1990,1990-12-09,,REG,PIT,NE,24,3,False,,fivethirtyeight,21,G004404
1990,1990-12-09,,REG,TEN,CLE,58,14,False,,fivethirtyeight,44,G004405
1990,1990-12-09,,REG,NYG,MIN,23,15,False,,fivethirtyeight,8,G004406
1990,1990-12-09,,REG,MIA,PHI,23,20,False,,fivethirtyeight,3,G004407
1990,1990-12-09,,REG,KC,DEN,31,20,False,,fivethirtyeight,11,G004408
1990,1990-12-09,,REG,GB,SEA,14,20,False,,fivethirtyeight,-6,G004409
1990,1990-12-09,,REG,ATL,ARI,13,24,False,,fivethirtyeight,-11,G004410
1990,1990-12-10,,REG,DET,OAK,31,38,False,,fivethirtyeight,-7,G004411
1990,1990-12-15,,REG,NE,WSH,10,25,False,,fivethirtyeight,-15,G004412
1990,1990-12-15,,REG,NYG,BUF,13,17,False,,fivethirtyeight,-4,G004413
1990,1990-12-16,,REG,NO,PIT,6,9,False,,fivethirtyeight,-3,G004414
1990,1990-12-16,,REG,KC,TEN,10,27,False,,fivethirtyeight,-17,G004415
1990,1990-12-16,,REG,DET,CHI,38,21,False,,fivethirtyeight,17,G004416
1990,1990-12-16,,REG,DAL,ARI,41,10,False,,fivethirtyeight,31,G004417
1990,1990-12-16,,REG,CLE,ATL,13,10,False,,fivethirtyeight,3,G004418
1990,1990-12-16,,REG,MIA,SEA,24,17,False,,fivethirtyeight,7,G004419
1990,1990-12-16,,REG,DEN,LAC,20,10,False,,fivethirtyeight,10,G004420
1990,1990-12-16,,REG,OAK,CIN,24,7,False,,fivethirtyeight,17,G004421
1990,1990-12-16,,REG,PHI,GB,31,0,False,,fivethirtyeight,31,G004422
1990,1990-12-16,,REG,NYJ,IND,21,29,False,,fivethirtyeight,-8,G004423
1990,1990-12-16,,REG,TB,MIN,26,13,False,,fivethirtyeight,13,G004424
1990,1990-12-17,,REG,LAR,SF,10,26,False,,fivethirtyeight,-16,G004425
1990,1990-12-22,,REG,IND,WSH,35,28,False,,fivethirtyeight,7,G004426
1990,1990-12-22,,REG,MIN,OAK,24,28,False,,fivethirtyeight,-4,G004427
1990,1990-12-22,,REG,GB,DET,17,24,False,,fivethirtyeight,-7,G004428
1990,1990-12-23,,REG,PIT,CLE,35,0,False,,fivethirtyeight,35,G004429
1990,1990-12-23,,REG,NYJ,NE,42,7,False,,fivethirtyeight,35,G004430
1990,1990-12-23,,REG,SEA,DEN,17,12,False,,fivethirtyeight,5,G004431
1990,1990-12-23,,REG,LAC,KC,21,24,False,,fivethirtyeight,-3,G004432
1990,1990-12-23,,REG,ATL,LAR,20,13,False,,fivethirtyeight,7,G004433
1990,1990-12-23,,REG,BUF,MIA,24,14,False,,fivethirtyeight,10,G004434
1990,1990-12-23,,REG,CHI,TB,27,14,False,,fivethirtyeight,13,G004435
1990,1990-12-23,,REG,CIN,TEN,40,20,False,,fivethirtyeight,20,G004436
1990,1990-12-23,,REG,ARI,NYG,21,24,False,,fivethirtyeight,-3,G004437
1990,1990-12-23,,REG,SF,NO,10,13,False,,fivethirtyeight,-3,G004438
1990,1990-12-23,,REG,PHI,DAL,17,3,False,,fivethirtyeight,14,G004439
1990,1990-12-29,,REG,ARI,PHI,21,23,False,,fivethirtyeight,-2,G004440
1990,1990-12-29,,REG,CHI,KC,10,21,False,,fivethirtyeight,-11,G004441
1990,1990-12-30,,REG,MIN,SF,17,20,False,,fivethirtyeight,-3,G004442
1990,1990-12-30,,REG,OAK,LAC,17,12,False,,fivethirtyeight,5,G004443
1990,1990-12-30,,REG,TB,NYJ,14,16,False,,fivethirtyeight,-2,G004444
1990,1990-12-30,,REG,SEA,DET,30,10,False,,fivethirtyeight,20,G004445
1990,1990-12-30,,REG,WSH,BUF,29,14,False,,fivethirtyeight,15,G004446
1990,1990-12-30,,REG,TEN,PIT,34,14,False,,fivethirtyeight,20,G004447
1990,1990-12-30,,REG,NE,NYG,10,13,False,,fivethirtyeight,-3,G004448
1990,1990-12-30,,REG,MIA,IND,23,17,False,,fivethirtyeight,6,G004449
1990,1990-12-30,,REG,DEN,GB,22,13,False,,fivethirtyeight,9,G004450
1990,1990-12-30,,REG,CIN,CLE,21,14,False,,fivethirtyeight,7,G004451
1990,1990-12-30,,REG,ATL,DAL,26,7,False,,fivethirtyeight,19,G004452
1990,1990-12-31,,REG,NO,LAR,20,17,False,,fivethirtyeight,3,G004453
1990,1991-01-05,,PLAYOFF,MIA,KC,17,16,False,,fivethirtyeight,1,G004454
1990,1991-01-05,,PLAYOFF,PHI,WSH,6,20,False,,fivethirtyeight,-14,G004455
1990,1991-01-06,,PLAYOFF,CIN,TEN,41,14,False,,fivethirtyeight,27,G004456
1990,1991-01-06,,PLAYOFF,CHI,NO,16,6,False,,fivethirtyeight,10,G004457
1990,1991-01-12,,PLAYOFF,SF,WSH,28,10,False,,fivethirtyeight,18,G004458
1990,1991-01-12,,PLAYOFF,BUF,MIA,44,34,False,,fivethirtyeight,10,G004459
1990,1991-01-13,,PLAYOFF,NYG,CHI,31,3,False,,fivethirtyeight,28,G004460
1990,1991-01-13,,PLAYOFF,OAK,CIN,20,10,False,,fivethirtyeight,10,G004461
1990,1991-01-20,,PLAYOFF,BUF,OAK,51,3,False,,fivethirtyeight,48,G004462
1990,1991-01-20,,PLAYOFF,SF,NYG,13,15,False,,fivethirtyeight,-2,G004463
1990,1991-01-27,,PLAYOFF,NYG,BUF,20,19,True,,fivethirtyeight,1,G004464
1991,1991-09-01,,REG,DEN,CIN,45,14,False,,fivethirtyeight,31,G004465
1991,1991-09-01,,REG,PIT,LAC,26,20,False,,fivethirtyeight,6,G004466
1991,1991-09-01,,REG,WSH,DET,45,0,False,,fivethirtyeight,45,G004467
1991,1991-09-01,,REG,TEN,OAK,47,17,False,,fivethirtyeight,30,G004468
1991,1991-09-01,,REG,NYJ,TB,16,13,False,,fivethirtyeight,3,G004469
1991,1991-09-01,,REG,NO,SEA,27,24,False,,fivethirtyeight,3,G004470
1991,1991-09-01,,REG,KC,ATL,14,3,False,,fivethirtyeight,11,G004471
1991,1991-09-01,,REG,GB,PHI,3,20,False,,fivethirtyeight,-17,G004472
1991,1991-09-01,,REG,IND,NE,7,16,False,,fivethirtyeight,-9,G004473
1991,1991-09-01,,REG,CLE,DAL,14,26,False,,fivethirtyeight,-12,G004474
1991,1991-09-01,,REG,CHI,MIN,10,6,False,,fivethirtyeight,4,G004475
1991,1991-09-01,,REG,BUF,MIA,35,31,False,,fivethirtyeight,4,G004476
1991,1991-09-01,,REG,LAR,ARI,14,24,False,,fivethirtyeight,-10,G004477
1991,1991-09-02,,REG,NYG,SF,16,14,False,,fivethirtyeight,2,G004478
1991,1991-09-08,,REG,SEA,NYJ,20,13,False,,fivethirtyeight,7,G004479
1991,1991-09-08,,REG,PHI,ARI,10,26,False,,fivethirtyeight,-16,G004480
1991,1991-09-08,,REG,CIN,TEN,7,30,False,,fivethirtyeight,-23,G004481
1991,1991-09-08,,REG,SF,LAC,34,14,False,,fivethirtyeight,20,G004482
1991,1991-09-08,,REG,BUF,PIT,52,34,False,,fivethirtyeight,18,G004483
1991,1991-09-08,,REG,ATL,MIN,19,20,False,,fivethirtyeight,-1,G004484
1991,1991-09-08,,REG,TB,CHI,20,21,False,,fivethirtyeight,-1,G004485
1991,1991-09-08,,REG,NE,CLE,0,20,False,,fivethirtyeight,-20,G004486
1991,1991-09-08,,REG,NYG,LAR,13,19,False,,fivethirtyeight,-6,G004487
1991,1991-09-08,,REG,OAK,DEN,16,13,False,,fivethirtyeight,3,G004488
1991,1991-09-08,,REG,DET,GB,23,14,False,,fivethirtyeight,9,G004489
1991,1991-09-08,,REG,KC,NO,10,17,False,,fivethirtyeight,-7,G004490
1991,1991-09-08,,REG,MIA,IND,17,6,False,,fivethirtyeight,11,G004491
1991,1991-09-09,,REG,DAL,WSH,31,33,False,,fivethirtyeight,-2,G004492
1991,1991-09-15,,REG,CLE,CIN,14,13,False,,fivethirtyeight,1,G004493
1991,1991-09-15,,REG,OAK,IND,16,0,False,,fivethirtyeight,16,G004494
1991,1991-09-15,,REG,PIT,NE,20,6,False,,fivethirtyeight,14,G004495
1991,1991-09-15,,REG,NYJ,BUF,20,23,False,,fivethirtyeight,-3,G004496
1991,1991-09-15,,REG,MIN,SF,17,14,False,,fivethirtyeight,3,G004497
1991,1991-09-15,,REG,GB,TB,15,13,False,,fivethirtyeight,2,G004498
1991,1991-09-15,,REG,DET,MIA,17,13,False,,fivethirtyeight,4,G004499
1991,1991-09-15,,REG,NO,LAR,24,7,False,,fivethirtyeight,17,G004500
1991,1991-09-15,,REG,DEN,SEA,16,10,False,,fivethirtyeight,6,G004501
1991,1991-09-15,,REG,DAL,PHI,0,24,False,,fivethirtyeight,-24,G004502
1991,1991-09-15,,REG,LAC,ATL,10,13,False,,fivethirtyeight,-3,G004503
1991,1991-09-15,,REG,CHI,NYG,20,17,False,,fivethirtyeight,3,G004504
1991,1991-09-15,,REG,WSH,ARI,34,0,False,,fivethirtyeight,34,G004505
1991,1991-09-16,,REG,TEN,KC,17,7,False,,fivethirtyeight,10,G004506
1991,1991-09-22,,REG,NO,MIN,26,0,False,,fivethirtyeight,26,G004507
1991,1991-09-22,,REG,MIA,GB,16,13,False,,fivethirtyeight,3,G004508
1991,1991-09-22,,REG,KC,SEA,20,13,False,,fivethirtyeight,7,G004509
1991,1991-09-22,,REG,ARI,DAL,9,17,False,,fivethirtyeight,-8,G004510
1991,1991-09-22,,REG,IND,DET,24,33,False,,fivethirtyeight,-9,G004511
1991,1991-09-22,,REG,CIN,WSH,27,34,False,,fivethirtyeight,-7,G004512
1991,1991-09-22,,REG,ATL,OAK,21,17,False,,fivethirtyeight,4,G004513
1991,1991-09-22,,REG,SF,LAR,27,10,False,,fivethirtyeight,17,G004514
1991,1991-09-22,,REG,DEN,LAC,27,19,False,,fivethirtyeight,8,G004515
1991,1991-09-22,,REG,NYG,CLE,13,10,False,,fivethirtyeight,3,G004516
1991,1991-09-22,,REG,NE,TEN,24,20,False,,fivethirtyeight,4,G004517
1991,1991-09-22,,REG,TB,BUF,10,17,False,,fivethirtyeight,-7,G004518
1991,1991-09-22,,REG,PHI,PIT,23,14,False,,fivethirtyeight,9,G004519
1991,1991-09-23,,REG,CHI,NYJ,19,13,False,,fivethirtyeight,6,G004520
1991,1991-09-29,,REG,NYJ,MIA,41,23,False,,fivethirtyeight,18,G004521
1991,1991-09-29,,REG,LAC,KC,13,14,False,,fivethirtyeight,-1,G004522
1991,1991-09-29,,REG,ATL,NO,6,27,False,,fivethirtyeight,-21,G004523
1991,1991-09-29,,REG,BUF,CHI,35,20,False,,fivethirtyeight,15,G004524
1991,1991-09-29,,REG,ARI,NE,24,10,False,,fivethirtyeight,14,G004525
1991,1991-09-29,,REG,DAL,NYG,21,16,False,,fivethirtyeight,5,G004526
1991,1991-09-29,,REG,LAR,GB,23,21,False,,fivethirtyeight,2,G004527
1991,1991-09-29,,REG,DET,TB,31,3,False,,fivethirtyeight,28,G004528
1991,1991-09-29,,REG,MIN,DEN,6,13,False,,fivethirtyeight,-7,G004529
1991,1991-09-29,,REG,SEA,IND,31,3,False,,fivethirtyeight,28,G004530
1991,1991-09-29,,REG,OAK,SF,12,6,False,,fivethirtyeight,6,G004531
1991,1991-09-30,,REG,WSH,PHI,23,0,False,,fivethirtyeight,23,G004532
1991,1991-10-06,,REG,NE,MIA,10,20,False,,fivethirtyeight,-10,G004533
1991,1991-10-06,,REG,TB,PHI,14,13,False,,fivethirtyeight,1,G004534
1991,1991-10-06,,REG,TEN,DEN,42,14,False,,fivethirtyeight,28,G004535
1991,1991-10-06,,REG,NYG,ARI,20,9,False,,fivethirtyeight,11,G004536
1991,1991-10-06,,REG,GB,DAL,17,20,False,,fivethirtyeight,-3,G004537
1991,1991-10-06,,REG,DET,MIN,24,20,False,,fivethirtyeight,4,G004538
1991,1991-10-06,,REG,IND,PIT,3,21,False,,fivethirtyeight,-18,G004539
1991,1991-10-06,,REG,CLE,NYJ,14,17,False,,fivethirtyeight,-3,G004540
1991,1991-10-06,,REG,CIN,SEA,7,13,False,,fivethirtyeight,-6,G004541
1991,1991-10-06,,REG,CHI,WSH,7,20,False,,fivethirtyeight,-13,G004542
1991,1991-10-06,,REG,OAK,LAC,13,21,False,,fivethirtyeight,-8,G004543
1991,1991-10-07,,REG,KC,BUF,33,6,False,,fivethirtyeight,27,G004544
1991,1991-10-13,,REG,SEA,OAK,20,23,False,,fivethirtyeight,-3,G004545
1991,1991-10-13,,REG,PHI,NO,6,13,False,,fivethirtyeight,-7,G004546
1991,1991-10-13,,REG,NYJ,TEN,20,23,False,,fivethirtyeight,-3,G004547
1991,1991-10-13,,REG,MIN,ARI,34,7,False,,fivethirtyeight,27,G004548
1991,1991-10-13,,REG,KC,MIA,42,7,False,,fivethirtyeight,35,G004549
1991,1991-10-13,,REG,DAL,CIN,35,23,False,,fivethirtyeight,12,G004550
1991,1991-10-13,,REG,LAR,LAC,30,24,False,,fivethirtyeight,6,G004551
1991,1991-10-13,,REG,BUF,IND,42,6,False,,fivethirtyeight,36,G004552
1991,1991-10-13,,REG,WSH,CLE,42,17,False,,fivethirtyeight,25,G004553
1991,1991-10-13,,REG,SF,ATL,34,39,False,,fivethirtyeight,-5,G004554
1991,1991-10-14,,REG,PIT,NYG,20,23,False,,fivethirtyeight,-3,G004555
1991,1991-10-17,,REG,GB,CHI,0,10,False,,fivethirtyeight,-10,G004556
1991,1991-10-20,,REG,PIT,SEA,7,27,False,,fivethirtyeight,-20,G004557
1991,1991-10-20,,REG,ARI,ATL,16,10,False,,fivethirtyeight,6,G004558
1991,1991-10-20,,REG,IND,NYJ,6,17,False,,fivethirtyeight,-11,G004559
1991,1991-10-20,,REG,DEN,KC,19,16,False,,fivethirtyeight,3,G004560
1991,1991-10-20,,REG,OAK,LAR,20,17,False,,fivethirtyeight,3,G004561
1991,1991-10-20,,REG,NE,MIN,26,23,False,,fivethirtyeight,3,G004562
1991,1991-10-20,,REG,NO,TB,23,7,False,,fivethirtyeight,16,G004563
1991,1991-10-20,,REG,LAC,CLE,24,30,False,,fivethirtyeight,-6,G004564
1991,1991-10-20,,REG,MIA,TEN,13,17,False,,fivethirtyeight,-4,G004565
1991,1991-10-20,,REG,SF,DET,35,3,False,,fivethirtyeight,32,G004566
1991,1991-10-21,,REG,BUF,CIN,35,16,False,,fivethirtyeight,19,G004567
1991,1991-10-27,,REG,ATL,LAR,31,14,False,,fivethirtyeight,17,G004568
1991,1991-10-27,,REG,SEA,LAC,20,9,False,,fivethirtyeight,11,G004569
1991,1991-10-27,,REG,NE,DEN,6,9,False,,fivethirtyeight,-3,G004570
1991,1991-10-27,,REG,TB,GB,0,27,False,,fivethirtyeight,-27,G004571
1991,1991-10-27,,REG,DET,DAL,34,10,False,,fivethirtyeight,24,G004572
1991,1991-10-27,,REG,NYG,WSH,13,17,False,,fivethirtyeight,-4,G004573
1991,1991-10-27,,REG,PHI,SF,7,23,False,,fivethirtyeight,-16,G004574
1991,1991-10-27,,REG,NO,CHI,17,20,False,,fivethirtyeight,-3,G004575
1991,1991-10-27,,REG,ARI,MIN,0,28,False,,fivethirtyeight,-28,G004576
1991,1991-10-27,,REG,TEN,CIN,35,3,False,,fivethirtyeight,32,G004577
1991,1991-10-27,,REG,CLE,PIT,17,14,False,,fivethirtyeight,3,G004578
1991,1991-10-28,,REG,KC,OAK,24,21,False,,fivethirtyeight,3,G004579
1991,1991-11-03,,REG,WSH,TEN,16,13,False,,fivethirtyeight,3,G004580
1991,1991-11-03,,REG,LAR,NO,17,24,False,,fivethirtyeight,-7,G004581
1991,1991-11-03,,REG,ATL,SF,17,14,False,,fivethirtyeight,3,G004582
1991,1991-11-03,,REG,BUF,NE,22,17,False,,fivethirtyeight,5,G004583
1991,1991-11-03,,REG,CHI,DET,20,10,False,,fivethirtyeight,10,G004584
1991,1991-11-03,,REG,CIN,CLE,23,21,False,,fivethirtyeight,2,G004585
1991,1991-11-03,,REG,IND,MIA,6,10,False,,fivethirtyeight,-4,G004586
1991,1991-11-03,,REG,DAL,ARI,27,7,False,,fivethirtyeight,20,G004587
1991,1991-11-03,,REG,DEN,PIT,20,13,False,,fivethirtyeight,7,G004588
1991,1991-11-03,,REG,MIN,TB,28,13,False,,fivethirtyeight,15,G004589
1991,1991-11-03,,REG,NYJ,GB,19,16,False,,fivethirtyeight,3,G004590
1991,1991-11-04,,REG,PHI,NYG,30,7,False,,fivethirtyeight,23,G004591
1991,1991-11-10,,REG,LAC,SEA,17,14,False,,fivethirtyeight,3,G004592
1991,1991-11-10,,REG,TB,DET,30,21,False,,fivethirtyeight,9,G004593
1991,1991-11-10,,REG,TEN,DAL,26,23,False,,fivethirtyeight,3,G004594
1991,1991-11-10,,REG,WSH,ATL,56,17,False,,fivethirtyeight,39,G004595
1991,1991-11-10,,REG,NYJ,IND,27,28,False,,fivethirtyeight,-1,G004596
1991,1991-11-10,,REG,NO,SF,10,3,False,,fivethirtyeight,7,G004597
1991,1991-11-10,,REG,MIA,NE,30,20,False,,fivethirtyeight,10,G004598
1991,1991-11-10,,REG,GB,BUF,24,34,False,,fivethirtyeight,-10,G004599
1991,1991-11-10,,REG,DEN,OAK,16,17,False,,fivethirtyeight,-1,G004600
1991,1991-11-10,,REG,ARI,NYG,14,21,False,,fivethirtyeight,-7,G004601
1991,1991-11-10,,REG,CLE,PHI,30,32,False,,fivethirtyeight,-2,G004602
1991,1991-11-10,,REG,CIN,PIT,27,33,False,,fivethirtyeight,-6,G004603
1991,1991-11-10,,REG,LAR,KC,20,27,False,,fivethirtyeight,-7,G004604
1991,1991-11-11,,REG,MIN,CHI,17,34,False,,fivethirtyeight,-17,G004605
1991,1991-11-17,,REG,SF,ARI,14,10,False,,fivethirtyeight,4,G004606
1991,1991-11-17,,REG,OAK,SEA,31,7,False,,fivethirtyeight,24,G004607
1991,1991-11-17,,REG,PIT,WSH,14,41,False,,fivethirtyeight,-27,G004608
1991,1991-11-17,,REG,PHI,CIN,17,10,False,,fivethirtyeight,7,G004609
1991,1991-11-17,,REG,TEN,CLE,28,24,False,,fivethirtyeight,4,G004610
1991,1991-11-17,,REG,NYG,DAL,22,9,False,,fivethirtyeight,13,G004611
1991,1991-11-17,,REG,DET,LAR,21,10,False,,fivethirtyeight,11,G004612
1991,1991-11-17,,REG,LAC,NO,24,21,False,,fivethirtyeight,3,G004613
1991,1991-11-17,,REG,NE,NYJ,21,28,False,,fivethirtyeight,-7,G004614
1991,1991-11-17,,REG,KC,DEN,20,24,False,,fivethirtyeight,-4,G004615
1991,1991-11-17,,REG,GB,MIN,21,35,False,,fivethirtyeight,-14,G004616
1991,1991-11-17,,REG,IND,CHI,17,31,False,,fivethirtyeight,-14,G004617
1991,1991-11-17,,REG,ATL,TB,43,7,False,,fivethirtyeight,36,G004618
1991,1991-11-18,,REG,MIA,BUF,27,41,False,,fivethirtyeight,-14,G004619
1991,1991-11-24,,REG,CHI,MIA,13,16,False,,fivethirtyeight,-3,G004620
1991,1991-11-24,,REG,NYJ,LAC,24,3,False,,fivethirtyeight,21,G004621
1991,1991-11-24,,REG,CIN,OAK,14,38,False,,fivethirtyeight,-24,G004622
1991,1991-11-24,,REG,CLE,KC,20,15,False,,fivethirtyeight,5,G004623
1991,1991-11-24,,REG,ARI,PHI,14,34,False,,fivethirtyeight,-20,G004624
1991,1991-11-24,,REG,GB,IND,14,10,False,,fivethirtyeight,4,G004625
1991,1991-11-24,,REG,MIN,DET,14,34,False,,fivethirtyeight,-20,G004626
1991,1991-11-24,,REG,NE,BUF,16,13,False,,fivethirtyeight,3,G004627
1991,1991-11-24,,REG,NO,ATL,20,23,False,,fivethirtyeight,-3,G004628
1991,1991-11-24,,REG,PIT,TEN,26,14,False,,fivethirtyeight,12,G004629
1991,1991-11-24,,REG,WSH,DAL,21,24,False,,fivethirtyeight,-3,G004630
1991,1991-11-24,,REG,TB,NYG,14,21,False,,fivethirtyeight,-7,G004631
1991,1991-11-24,,REG,SEA,DEN,13,10,False,,fivethirtyeight,3,G004632
1991,1991-11-25,,REG,LAR,SF,10,33,False,,fivethirtyeight,-23,G004633
1991,1991-11-28,,REG,DET,CHI,16,6,False,,fivethirtyeight,10,G004634
1991,1991-11-28,,REG,DAL,PIT,20,10,False,,fivethirtyeight,10,G004635
1991,1991-12-01,,REG,IND,CLE,0,31,False,,fivethirtyeight,-31,G004636
1991,1991-12-01,,REG,MIA,TB,33,14,False,,fivethirtyeight,19,G004637
1991,1991-12-01,,REG,SEA,KC,6,19,False,,fivethirtyeight,-13,G004638
1991,1991-12-01,,REG,BUF,NYJ,24,13,False,,fivethirtyeight,11,G004639
1991,1991-12-01,,REG,LAR,WSH,6,27,False,,fivethirtyeight,-21,G004640
1991,1991-12-01,,REG,SF,NO,38,24,False,,fivethirtyeight,14,G004641
1991,1991-12-01,,REG,CIN,NYG,27,24,False,,fivethirtyeight,3,G004642
1991,1991-12-01,,REG,DEN,NE,20,3,False,,fivethirtyeight,17,G004643
1991,1991-12-01,,REG,ATL,GB,35,31,False,,fivethirtyeight,4,G004644
1991,1991-12-01,,REG,LAC,OAK,7,9,False,,fivethirtyeight,-2,G004645
1991,1991-12-02,,REG,TEN,PHI,6,13,False,,fivethirtyeight,-7,G004646
1991,1991-12-08,,REG,OAK,BUF,27,30,False,,fivethirtyeight,-3,G004647
1991,1991-12-08,,REG,LAR,ATL,14,31,False,,fivethirtyeight,-17,G004648
1991,1991-12-08,,REG,KC,LAC,20,17,False,,fivethirtyeight,3,G004649
1991,1991-12-08,,REG,TB,MIN,24,26,False,,fivethirtyeight,-2,G004650
1991,1991-12-08,,REG,SEA,SF,22,24,False,,fivethirtyeight,-2,G004651
1991,1991-12-08,,REG,TEN,PIT,31,6,False,,fivethirtyeight,25,G004652
1991,1991-12-08,,REG,NYG,PHI,14,19,False,,fivethirtyeight,-5,G004653
1991,1991-12-08,,REG,NE,IND,23,17,False,,fivethirtyeight,6,G004654
1991,1991-12-08,,REG,DET,NYJ,34,20,False,,fivethirtyeight,14,G004655
1991,1991-12-08,,REG,DAL,NO,23,14,False,,fivethirtyeight,9,G004656
1991,1991-12-08,,REG,ARI,WSH,14,20,False,,fivethirtyeight,-6,G004657
1991,1991-12-08,,REG,CLE,DEN,7,17,False,,fivethirtyeight,-10,G004658
1991,1991-12-08,,REG,CHI,GB,27,13,False,,fivethirtyeight,14,G004659
1991,1991-12-09,,REG,MIA,CIN,37,13,False,,fivethirtyeight,24,G004660
1991,1991-12-14,,REG,SF,KC,28,14,False,,fivethirtyeight,14,G004661
1991,1991-12-14,,REG,CHI,TB,27,0,False,,fivethirtyeight,27,G004662
1991,1991-12-15,,REG,DEN,ARI,24,19,False,,fivethirtyeight,5,G004663
1991,1991-12-15,,REG,CLE,TEN,14,17,False,,fivethirtyeight,-3,G004664
1991,1991-12-15,,REG,LAC,MIA,38,30,False,,fivethirtyeight,8,G004665
1991,1991-12-15,,REG,NYJ,NE,3,6,False,,fivethirtyeight,-3,G004666
1991,1991-12-15,,REG,GB,DET,17,21,False,,fivethirtyeight,-4,G004667
1991,1991-12-15,,REG,IND,BUF,7,35,False,,fivethirtyeight,-28,G004668
1991,1991-12-15,,REG,MIN,LAR,20,14,False,,fivethirtyeight,6,G004669
1991,1991-12-15,,REG,ATL,SEA,26,13,False,,fivethirtyeight,13,G004670
1991,1991-12-15,,REG,WSH,NYG,34,17,False,,fivethirtyeight,17,G004671
1991,1991-12-15,,REG,PIT,CIN,17,10,False,,fivethirtyeight,7,G004672
1991,1991-12-15,,REG,PHI,DAL,13,25,False,,fivethirtyeight,-12,G004673
1991,1991-12-16,,REG,NO,OAK,27,0,False,,fivethirtyeight,27,G004674
1991,1991-12-21,,REG,MIN,GB,7,27,False,,fivethirtyeight,-20,G004675
1991,1991-12-21,,REG,NYG,TEN,24,20,False,,fivethirtyeight,4,G004676
1991,1991-12-22,,REG,SEA,LAR,23,9,False,,fivethirtyeight,14,G004677
1991,1991-12-22,,REG,LAC,DEN,14,17,False,,fivethirtyeight,-3,G004678
1991,1991-12-22,,REG,TB,IND,17,3,False,,fivethirtyeight,14,G004679
1991,1991-12-22,,REG,OAK,KC,21,27,False,,fivethirtyeight,-6,G004680
1991,1991-12-22,,REG,PIT,CLE,17,10,False,,fivethirtyeight,7,G004681
1991,1991-12-22,,REG,PHI,WSH,24,22,False,,fivethirtyeight,2,G004682
1991,1991-12-22,,REG,MIA,NYJ,20,23,False,,fivethirtyeight,-3,G004683
1991,1991-12-22,,REG,DAL,ATL,31,27,False,,fivethirtyeight,4,G004684
1991,1991-12-22,,REG,ARI,NO,3,27,False,,fivethirtyeight,-24,G004685
1991,1991-12-22,,REG,CIN,NE,29,7,False,,fivethirtyeight,22,G004686
1991,1991-12-22,,REG,BUF,DET,14,17,False,,fivethirtyeight,-3,G004687
1991,1991-12-23,,REG,SF,CHI,52,14,False,,fivethirtyeight,38,G004688
1991,1991-12-28,,PLAYOFF,NO,ATL,20,27,False,,fivethirtyeight,-7,G004689
1991,1991-12-28,,PLAYOFF,KC,OAK,10,6,False,,fivethirtyeight,4,G004690
1991,1991-12-29,,PLAYOFF,CHI,DAL,13,17,False,,fivethirtyeight,-4,G004691
1991,1991-12-29,,PLAYOFF,TEN,NYJ,17,10,False,,fivethirtyeight,7,G004692
1991,1992-01-04,,PLAYOFF,DEN,TEN,26,24,False,,fivethirtyeight,2,G004693
1991,1992-01-04,,PLAYOFF,WSH,ATL,24,7,False,,fivethirtyeight,17,G004694
1991,1992-01-05,,PLAYOFF,BUF,KC,37,14,False,,fivethirtyeight,23,G004695
1991,1992-01-05,,PLAYOFF,DET,DAL,38,6,False,,fivethirtyeight,32,G004696
1991,1992-01-12,,PLAYOFF,BUF,DEN,10,7,False,,fivethirtyeight,3,G004697
1991,1992-01-12,,PLAYOFF,WSH,DET,41,10,False,,fivethirtyeight,31,G004698
1991,1992-01-26,,PLAYOFF,WSH,BUF,37,24,True,,fivethirtyeight,13,G004699
1992,1992-09-06,,REG,TB,ARI,23,7,False,,fivethirtyeight,16,G004700
1992,1992-09-06,,REG,PHI,NO,15,13,False,,fivethirtyeight,2,G004701
1992,1992-09-06,,REG,TEN,PIT,24,29,False,,fivethirtyeight,-5,G004702
1992,1992-09-06,,REG,NYG,SF,14,31,False,,fivethirtyeight,-17,G004703
1992,1992-09-06,,REG,GB,MIN,20,23,False,,fivethirtyeight,-3,G004704
1992,1992-09-06,,REG,ATL,NYJ,20,17,False,,fivethirtyeight,3,G004705
1992,1992-09-06,,REG,DEN,OAK,17,13,False,,fivethirtyeight,4,G004706
1992,1992-09-06,,REG,LAC,KC,10,24,False,,fivethirtyeight,-14,G004707
1992,1992-09-06,,REG,BUF,LAR,40,7,False,,fivethirtyeight,33,G004708
1992,1992-09-06,,REG,IND,CLE,14,3,False,,fivethirtyeight,11,G004709
1992,1992-09-06,,REG,CHI,DET,27,24,False,,fivethirtyeight,3,G004710
1992,1992-09-06,,REG,SEA,CIN,3,21,False,,fivethirtyeight,-18,G004711
1992,1992-09-07,,REG,DAL,WSH,23,10,False,,fivethirtyeight,13,G004712
1992,1992-09-13,,REG,PIT,NYJ,27,10,False,,fivethirtyeight,17,G004713
1992,1992-09-13,,REG,DEN,LAC,21,13,False,,fivethirtyeight,8,G004714
1992,1992-09-13,,REG,NYG,DAL,28,34,False,,fivethirtyeight,-6,G004715
1992,1992-09-13,,REG,WSH,ATL,24,17,False,,fivethirtyeight,7,G004716
1992,1992-09-13,,REG,TB,GB,31,3,False,,fivethirtyeight,28,G004717
1992,1992-09-13,,REG,SF,BUF,31,34,False,,fivethirtyeight,-3,G004718
1992,1992-09-13,,REG,NO,CHI,28,6,False,,fivethirtyeight,22,G004719
1992,1992-09-13,,REG,KC,SEA,26,7,False,,fivethirtyeight,19,G004720
1992,1992-09-13,,REG,DET,MIN,31,17,False,,fivethirtyeight,14,G004721
1992,1992-09-13,,REG,ARI,PHI,14,31,False,,fivethirtyeight,-17,G004722
1992,1992-09-13,,REG,IND,TEN,10,20,False,,fivethirtyeight,-10,G004723
1992,1992-09-13,,REG,CIN,OAK,24,21,False,,fivethirtyeight,3,G004724
1992,1992-09-13,,REG,LAR,NE,14,0,False,,fivethirtyeight,14,G004725
1992,1992-09-14,,REG,CLE,MIA,23,27,False,,fivethirtyeight,-4,G004726
1992,1992-09-20,,REG,OAK,CLE,16,28,False,,fivethirtyeight,-12,G004727
1992,1992-09-20,,REG,PHI,DEN,30,0,False,,fivethirtyeight,30,G004728
1992,1992-09-20,,REG,MIA,LAR,26,10,False,,fivethirtyeight,16,G004729
1992,1992-09-20,,REG,TEN,KC,23,20,False,,fivethirtyeight,3,G004730
1992,1992-09-20,,REG,LAC,PIT,6,23,False,,fivethirtyeight,-17,G004731
1992,1992-09-20,,REG,NYJ,SF,14,31,False,,fivethirtyeight,-17,G004732
1992,1992-09-20,,REG,NE,SEA,6,10,False,,fivethirtyeight,-4,G004733
1992,1992-09-20,,REG,MIN,TB,26,20,False,,fivethirtyeight,6,G004734
1992,1992-09-20,,REG,GB,CIN,24,23,False,,fivethirtyeight,1,G004735
1992,1992-09-20,,REG,DAL,ARI,31,20,False,,fivethirtyeight,11,G004736
1992,1992-09-20,,REG,BUF,IND,38,0,False,,fivethirtyeight,38,G004737
1992,1992-09-20,,REG,ATL,NO,7,10,False,,fivethirtyeight,-3,G004738
1992,1992-09-20,,REG,WSH,DET,13,10,False,,fivethirtyeight,3,G004739
1992,1992-09-21,,REG,CHI,NYG,14,27,False,,fivethirtyeight,-13,G004740
1992,1992-09-27,,REG,GB,PIT,17,3,False,,fivethirtyeight,14,G004741
1992,1992-09-27,,REG,DET,TB,23,27,False,,fivethirtyeight,-4,G004742
1992,1992-09-27,,REG,CLE,DEN,0,12,False,,fivethirtyeight,-12,G004743
1992,1992-09-27,,REG,CIN,MIN,7,42,False,,fivethirtyeight,-35,G004744
1992,1992-09-27,,REG,CHI,ATL,41,31,False,,fivethirtyeight,10,G004745
1992,1992-09-27,,REG,NO,SF,10,16,False,,fivethirtyeight,-6,G004746
1992,1992-09-27,,REG,NE,BUF,7,41,False,,fivethirtyeight,-34,G004747
1992,1992-09-27,,REG,LAR,NYJ,18,10,False,,fivethirtyeight,8,G004748
1992,1992-09-27,,REG,SEA,MIA,17,19,False,,fivethirtyeight,-2,G004749
1992,1992-09-27,,REG,TEN,LAC,27,0,False,,fivethirtyeight,27,G004750
1992,1992-09-28,,REG,KC,OAK,27,7,False,,fivethirtyeight,20,G004751
1992,1992-10-04,,REG,SF,LAR,27,24,False,,fivethirtyeight,3,G004752
1992,1992-10-04,,REG,TB,IND,14,24,False,,fivethirtyeight,-10,G004753
1992,1992-10-04,,REG,OAK,NYG,13,10,False,,fivethirtyeight,3,G004754
1992,1992-10-04,,REG,NYJ,NE,30,21,False,,fivethirtyeight,9,G004755
1992,1992-10-04,,REG,MIN,CHI,21,20,False,,fivethirtyeight,1,G004756
1992,1992-10-04,,REG,DET,NO,7,13,False,,fivethirtyeight,-6,G004757
1992,1992-10-04,,REG,DEN,KC,20,19,False,,fivethirtyeight,1,G004758
1992,1992-10-04,,REG,ARI,WSH,27,24,False,,fivethirtyeight,3,G004759
1992,1992-10-04,,REG,BUF,MIA,10,37,False,,fivethirtyeight,-27,G004760
1992,1992-10-04,,REG,ATL,GB,24,10,False,,fivethirtyeight,14,G004761
1992,1992-10-04,,REG,LAC,SEA,17,6,False,,fivethirtyeight,11,G004762
1992,1992-10-05,,REG,PHI,DAL,31,7,False,,fivethirtyeight,24,G004763
1992,1992-10-11,,REG,DAL,SEA,27,0,False,,fivethirtyeight,27,G004764
1992,1992-10-11,,REG,OAK,BUF,20,3,False,,fivethirtyeight,17,G004765
1992,1992-10-11,,REG,NYG,ARI,31,21,False,,fivethirtyeight,10,G004766
1992,1992-10-11,,REG,NE,SF,12,24,False,,fivethirtyeight,-12,G004767
1992,1992-10-11,,REG,MIA,ATL,21,17,False,,fivethirtyeight,4,G004768
1992,1992-10-11,,REG,NO,LAR,13,10,False,,fivethirtyeight,3,G004769
1992,1992-10-11,,REG,IND,NYJ,6,3,False,,fivethirtyeight,3,G004770
1992,1992-10-11,,REG,KC,PHI,24,17,False,,fivethirtyeight,7,G004771
1992,1992-10-11,,REG,CLE,PIT,17,9,False,,fivethirtyeight,8,G004772
1992,1992-10-11,,REG,CIN,TEN,24,38,False,,fivethirtyeight,-14,G004773
1992,1992-10-12,,REG,WSH,DEN,34,3,False,,fivethirtyeight,31,G004774
1992,1992-10-15,,REG,MIN,DET,31,14,False,,fivethirtyeight,17,G004775
1992,1992-10-18,,REG,LAR,NYG,38,17,False,,fivethirtyeight,21,G004776
1992,1992-10-18,,REG,CHI,TB,31,14,False,,fivethirtyeight,17,G004777
1992,1992-10-18,,REG,IND,LAC,14,34,False,,fivethirtyeight,-20,G004778
1992,1992-10-18,,REG,CLE,GB,17,6,False,,fivethirtyeight,11,G004779
1992,1992-10-18,,REG,DEN,TEN,27,21,False,,fivethirtyeight,6,G004780
1992,1992-10-18,,REG,WSH,PHI,16,12,False,,fivethirtyeight,4,G004781
1992,1992-10-18,,REG,SF,ATL,56,17,False,,fivethirtyeight,39,G004782
1992,1992-10-18,,REG,SEA,OAK,0,19,False,,fivethirtyeight,-19,G004783
1992,1992-10-18,,REG,MIA,NE,38,17,False,,fivethirtyeight,21,G004784
1992,1992-10-18,,REG,DAL,KC,17,10,False,,fivethirtyeight,7,G004785
1992,1992-10-18,,REG,ARI,NO,21,30,False,,fivethirtyeight,-9,G004786
1992,1992-10-19,,REG,PIT,CIN,20,0,False,,fivethirtyeight,20,G004787
1992,1992-10-25,,REG,NYG,SEA,23,10,False,,fivethirtyeight,13,G004788
1992,1992-10-25,,REG,TEN,CIN,26,10,False,,fivethirtyeight,16,G004789
1992,1992-10-25,,REG,LAC,DEN,24,21,False,,fivethirtyeight,3,G004790
1992,1992-10-25,,REG,TB,DET,7,38,False,,fivethirtyeight,-31,G004791
1992,1992-10-25,,REG,GB,CHI,10,30,False,,fivethirtyeight,-20,G004792
1992,1992-10-25,,REG,KC,PIT,3,27,False,,fivethirtyeight,-24,G004793
1992,1992-10-25,,REG,MIA,IND,20,31,False,,fivethirtyeight,-11,G004794
1992,1992-10-25,,REG,PHI,ARI,7,3,False,,fivethirtyeight,4,G004795
1992,1992-10-25,,REG,MIN,WSH,13,15,False,,fivethirtyeight,-2,G004796
1992,1992-10-25,,REG,NE,CLE,17,19,False,,fivethirtyeight,-2,G004797
1992,1992-10-25,,REG,OAK,DAL,13,28,False,,fivethirtyeight,-15,G004798
1992,1992-10-26,,REG,NYJ,BUF,20,24,False,,fivethirtyeight,-4,G004799
1992,1992-11-01,,REG,NYJ,MIA,26,14,False,,fivethirtyeight,12,G004800
1992,1992-11-01,,REG,LAC,IND,26,0,False,,fivethirtyeight,26,G004801
1992,1992-11-01,,REG,WSH,NYG,7,24,False,,fivethirtyeight,-17,G004802
1992,1992-11-01,,REG,PIT,TEN,21,20,False,,fivethirtyeight,1,G004803
1992,1992-11-01,,REG,NO,TB,23,21,False,,fivethirtyeight,2,G004804
1992,1992-11-01,,REG,DET,GB,13,27,False,,fivethirtyeight,-14,G004805
1992,1992-11-01,,REG,DAL,PHI,20,10,False,,fivethirtyeight,10,G004806
1992,1992-11-01,,REG,ARI,SF,24,14,False,,fivethirtyeight,10,G004807
1992,1992-11-01,,REG,CIN,CLE,30,10,False,,fivethirtyeight,20,G004808
1992,1992-11-01,,REG,BUF,NE,16,7,False,,fivethirtyeight,9,G004809
1992,1992-11-01,,REG,ATL,LAR,30,28,False,,fivethirtyeight,2,G004810
1992,1992-11-02,,REG,CHI,MIN,10,38,False,,fivethirtyeight,-28,G004811
1992,1992-11-08,,REG,LAR,ARI,14,20,False,,fivethirtyeight,-6,G004812
1992,1992-11-08,,REG,IND,MIA,0,28,False,,fivethirtyeight,-28,G004813
1992,1992-11-08,,REG,DEN,NYJ,27,16,False,,fivethirtyeight,11,G004814
1992,1992-11-08,,REG,DET,DAL,3,37,False,,fivethirtyeight,-34,G004815
1992,1992-11-08,,REG,NE,NO,14,31,False,,fivethirtyeight,-17,G004816
1992,1992-11-08,,REG,NYG,GB,27,7,False,,fivethirtyeight,20,G004817
1992,1992-11-08,,REG,TEN,CLE,14,24,False,,fivethirtyeight,-10,G004818
1992,1992-11-08,,REG,PHI,OAK,31,10,False,,fivethirtyeight,21,G004819
1992,1992-11-08,,REG,KC,LAC,16,14,False,,fivethirtyeight,2,G004820
1992,1992-11-08,,REG,SEA,WSH,3,16,False,,fivethirtyeight,-13,G004821
1992,1992-11-08,,REG,CHI,CIN,28,31,False,,fivethirtyeight,-3,G004822
1992,1992-11-08,,REG,TB,MIN,7,35,False,,fivethirtyeight,-28,G004823
1992,1992-11-08,,REG,BUF,PIT,28,20,False,,fivethirtyeight,8,G004824
1992,1992-11-09,,REG,ATL,SF,3,41,False,,fivethirtyeight,-38,G004825
1992,1992-11-15,,REG,OAK,SEA,20,3,False,,fivethirtyeight,17,G004826
1992,1992-11-15,,REG,DAL,LAR,23,27,False,,fivethirtyeight,-4,G004827
1992,1992-11-15,,REG,ATL,ARI,20,17,False,,fivethirtyeight,3,G004828
1992,1992-11-15,,REG,CLE,LAC,13,14,False,,fivethirtyeight,-1,G004829
1992,1992-11-15,,REG,IND,NE,34,37,False,,fivethirtyeight,-3,G004830
1992,1992-11-15,,REG,DEN,NYG,27,13,False,,fivethirtyeight,14,G004831
1992,1992-11-15,,REG,GB,PHI,27,24,False,,fivethirtyeight,3,G004832
1992,1992-11-15,,REG,KC,WSH,35,16,False,,fivethirtyeight,19,G004833
1992,1992-11-15,,REG,MIN,TEN,13,17,False,,fivethirtyeight,-4,G004834
1992,1992-11-15,,REG,NYJ,CIN,17,14,False,,fivethirtyeight,3,G004835
1992,1992-11-15,,REG,PIT,DET,17,14,False,,fivethirtyeight,3,G004836
1992,1992-11-15,,REG,SF,NO,21,20,False,,fivethirtyeight,1,G004837
1992,1992-11-15,,REG,TB,CHI,20,17,False,,fivethirtyeight,3,G004838
1992,1992-11-16,,REG,MIA,BUF,20,26,False,,fivethirtyeight,-6,G004839
1992,1992-11-22,,REG,PIT,IND,30,14,False,,fivethirtyeight,16,G004840
1992,1992-11-22,,REG,SEA,KC,14,24,False,,fivethirtyeight,-10,G004841
1992,1992-11-22,,REG,NE,NYJ,24,3,False,,fivethirtyeight,21,G004842
1992,1992-11-22,,REG,NYG,PHI,34,47,False,,fivethirtyeight,-13,G004843
1992,1992-11-22,,REG,OAK,DEN,24,0,False,,fivethirtyeight,24,G004844
1992,1992-11-22,,REG,LAC,TB,29,14,False,,fivethirtyeight,15,G004845
1992,1992-11-22,,REG,LAR,SF,10,27,False,,fivethirtyeight,-17,G004846
1992,1992-11-22,,REG,BUF,ATL,41,14,False,,fivethirtyeight,27,G004847
1992,1992-11-22,,REG,CHI,GB,3,17,False,,fivethirtyeight,-14,G004848
1992,1992-11-22,,REG,CIN,DET,13,19,False,,fivethirtyeight,-6,G004849
1992,1992-11-22,,REG,ARI,DAL,10,16,False,,fivethirtyeight,-6,G004850
1992,1992-11-22,,REG,MIA,TEN,19,16,False,,fivethirtyeight,3,G004851
1992,1992-11-22,,REG,MIN,CLE,17,13,False,,fivethirtyeight,4,G004852
1992,1992-11-23,,REG,NO,WSH,20,3,False,,fivethirtyeight,17,G004853
1992,1992-11-26,,REG,DAL,NYG,30,3,False,,fivethirtyeight,27,G004854
1992,1992-11-26,,REG,DET,TEN,21,24,False,,fivethirtyeight,-3,G004855
1992,1992-11-29,,REG,GB,TB,19,14,False,,fivethirtyeight,5,G004856
1992,1992-11-29,,REG,CIN,PIT,9,21,False,,fivethirtyeight,-12,G004857
1992,1992-11-29,,REG,ATL,NE,34,0,False,,fivethirtyeight,34,G004858
1992,1992-11-29,,REG,CLE,CHI,27,14,False,,fivethirtyeight,13,G004859
1992,1992-11-29,,REG,IND,BUF,16,13,False,,fivethirtyeight,3,G004860
1992,1992-11-29,,REG,NO,MIA,24,13,False,,fivethirtyeight,11,G004861
1992,1992-11-29,,REG,NYJ,KC,7,23,False,,fivethirtyeight,-16,G004862
1992,1992-11-29,,REG,SF,PHI,20,14,False,,fivethirtyeight,6,G004863
1992,1992-11-29,,REG,WSH,ARI,41,3,False,,fivethirtyeight,38,G004864
1992,1992-11-29,,REG,LAR,MIN,17,31,False,,fivethirtyeight,-14,G004865
1992,1992-11-29,,REG,LAC,OAK,27,3,False,,fivethirtyeight,24,G004866
1992,1992-11-30,,REG,SEA,DEN,16,13,False,,fivethirtyeight,3,G004867
1992,1992-12-03,,REG,NO,ATL,22,14,False,,fivethirtyeight,8,G004868
1992,1992-12-06,,REG,NYG,WSH,10,28,False,,fivethirtyeight,-18,G004869
1992,1992-12-06,,REG,ARI,LAC,21,27,False,,fivethirtyeight,-6,G004870
1992,1992-12-06,,REG,PHI,MIN,28,17,False,,fivethirtyeight,11,G004871
1992,1992-12-06,,REG,TB,LAR,27,31,False,,fivethirtyeight,-4,G004872
1992,1992-12-06,,REG,NE,IND,0,6,False,,fivethirtyeight,-6,G004873
1992,1992-12-06,,REG,GB,DET,38,10,False,,fivethirtyeight,28,G004874
1992,1992-12-06,,REG,DEN,DAL,27,31,False,,fivethirtyeight,-4,G004875
1992,1992-12-06,,REG,CLE,CIN,37,21,False,,fivethirtyeight,16,G004876
1992,1992-12-06,,REG,BUF,NYJ,17,24,False,,fivethirtyeight,-7,G004877
1992,1992-12-06,,REG,SF,MIA,27,3,False,,fivethirtyeight,24,G004878
1992,1992-12-06,,REG,OAK,KC,28,7,False,,fivethirtyeight,21,G004879
1992,1992-12-06,,REG,PIT,SEA,20,14,False,,fivethirtyeight,6,G004880
1992,1992-12-07,,REG,TEN,CHI,24,7,False,,fivethirtyeight,17,G004881
1992,1992-12-12,,REG,ARI,NYG,19,0,False,,fivethirtyeight,19,G004882
1992,1992-12-12,,REG,BUF,DEN,27,17,False,,fivethirtyeight,10,G004883
1992,1992-12-13,,REG,KC,NE,27,20,False,,fivethirtyeight,7,G004884
1992,1992-12-13,,REG,LAC,CIN,27,10,False,,fivethirtyeight,17,G004885
1992,1992-12-13,,REG,LAR,NO,14,37,False,,fivethirtyeight,-23,G004886
1992,1992-12-13,,REG,CHI,PIT,30,6,False,,fivethirtyeight,24,G004887
1992,1992-12-13,,REG,DET,CLE,24,14,False,,fivethirtyeight,10,G004888
1992,1992-12-13,,REG,NYJ,IND,6,10,False,,fivethirtyeight,-4,G004889
1992,1992-12-13,,REG,WSH,DAL,20,17,False,,fivethirtyeight,3,G004890
1992,1992-12-13,,REG,TB,ATL,7,35,False,,fivethirtyeight,-28,G004891
1992,1992-12-13,,REG,SEA,PHI,17,20,False,,fivethirtyeight,-3,G004892
1992,1992-12-13,,REG,TEN,GB,14,16,False,,fivethirtyeight,-2,G004893
1992,1992-12-13,,REG,MIN,SF,17,20,False,,fivethirtyeight,-3,G004894
1992,1992-12-14,,REG,MIA,OAK,20,7,False,,fivethirtyeight,13,G004895
1992,1992-12-19,,REG,SF,TB,21,14,False,,fivethirtyeight,7,G004896
1992,1992-12-19,,REG,NYG,KC,35,21,False,,fivethirtyeight,14,G004897
1992,1992-12-20,,REG,CLE,TEN,14,17,False,,fivethirtyeight,-3,G004898
1992,1992-12-20,,REG,OAK,LAC,14,36,False,,fivethirtyeight,-22,G004899
1992,1992-12-20,,REG,PIT,MIN,3,6,False,,fivethirtyeight,-3,G004900
1992,1992-12-20,,REG,PHI,WSH,17,13,False,,fivethirtyeight,4,G004901
1992,1992-12-20,,REG,NO,BUF,16,20,False,,fivethirtyeight,-4,G004902
1992,1992-12-20,,REG,MIA,NYJ,19,17,False,,fivethirtyeight,2,G004903
1992,1992-12-20,,REG,DET,CHI,16,3,False,,fivethirtyeight,13,G004904
1992,1992-12-20,,REG,DEN,SEA,10,6,False,,fivethirtyeight,4,G004905
1992,1992-12-20,,REG,IND,ARI,16,13,False,,fivethirtyeight,3,G004906
1992,1992-12-20,,REG,CIN,NE,20,10,False,,fivethirtyeight,10,G004907
1992,1992-12-20,,REG,GB,LAR,28,13,False,,fivethirtyeight,15,G004908
1992,1992-12-21,,REG,ATL,DAL,17,41,False,,fivethirtyeight,-24,G004909
1992,1992-12-26,,REG,NYJ,NO,0,20,False,,fivethirtyeight,-20,G004910
1992,1992-12-26,,REG,WSH,OAK,20,21,False,,fivethirtyeight,-1,G004911
1992,1992-12-27,,REG,CIN,IND,17,21,False,,fivethirtyeight,-4,G004912
1992,1992-12-27,,REG,PHI,NYG,20,10,False,,fivethirtyeight,10,G004913
1992,1992-12-27,,REG,TEN,BUF,27,3,False,,fivethirtyeight,24,G004914
1992,1992-12-27,,REG,NE,MIA,13,16,False,,fivethirtyeight,-3,G004915
1992,1992-12-27,,REG,MIN,GB,27,7,False,,fivethirtyeight,20,G004916
1992,1992-12-27,,REG,KC,DEN,42,20,False,,fivethirtyeight,22,G004917
1992,1992-12-27,,REG,DAL,CHI,27,14,False,,fivethirtyeight,13,G004918
1992,1992-12-27,,REG,SEA,LAC,14,31,False,,fivethirtyeight,-17,G004919
1992,1992-12-27,,REG,ARI,TB,3,7,False,,fivethirtyeight,-4,G004920
1992,1992-12-27,,REG,PIT,CLE,23,13,False,,fivethirtyeight,10,G004921
1992,1992-12-27,,REG,LAR,ATL,38,27,False,,fivethirtyeight,11,G004922
1992,1992-12-28,,REG,SF,DET,24,6,False,,fivethirtyeight,18,G004923
1992,1993-01-02,,PLAYOFF,LAC,KC,17,0,False,,fivethirtyeight,17,G004924
1992,1993-01-02,,PLAYOFF,MIN,WSH,7,24,False,,fivethirtyeight,-17,G004925
1992,1993-01-03,,PLAYOFF,NO,PHI,20,36,False,,fivethirtyeight,-16,G004926
1992,1993-01-03,,PLAYOFF,BUF,TEN,41,38,False,,fivethirtyeight,3,G004927
1992,1993-01-09,,PLAYOFF,PIT,BUF,3,24,False,,fivethirtyeight,-21,G004928
1992,1993-01-09,,PLAYOFF,SF,WSH,20,13,False,,fivethirtyeight,7,G004929
1992,1993-01-10,,PLAYOFF,MIA,LAC,31,0,False,,fivethirtyeight,31,G004930
1992,1993-01-10,,PLAYOFF,DAL,PHI,34,10,False,,fivethirtyeight,24,G004931
1992,1993-01-17,,PLAYOFF,SF,DAL,20,30,False,,fivethirtyeight,-10,G004932
1992,1993-01-17,,PLAYOFF,MIA,BUF,10,29,False,,fivethirtyeight,-19,G004933
1992,1993-01-31,,PLAYOFF,DAL,BUF,52,17,True,,fivethirtyeight,35,G004934
1993,1993-09-05,,REG,IND,MIA,20,24,False,,fivethirtyeight,-4,G004935
1993,1993-09-05,,REG,CHI,NYG,20,26,False,,fivethirtyeight,-6,G004936
1993,1993-09-05,,REG,GB,LAR,36,6,False,,fivethirtyeight,30,G004937
1993,1993-09-05,,REG,LAC,SEA,18,12,False,,fivethirtyeight,6,G004938
1993,1993-09-05,,REG,TB,KC,3,27,False,,fivethirtyeight,-24,G004939
1993,1993-09-05,,REG,OAK,MIN,24,7,False,,fivethirtyeight,17,G004940
1993,1993-09-05,,REG,PIT,SF,13,24,False,,fivethirtyeight,-11,G004941
1993,1993-09-05,,REG,CLE,CIN,27,14,False,,fivethirtyeight,13,G004942
1993,1993-09-05,,REG,BUF,NE,38,14,False,,fivethirtyeight,24,G004943
1993,1993-09-05,,REG,PHI,ARI,23,17,False,,fivethirtyeight,6,G004944
1993,1993-09-05,,REG,NYJ,DEN,20,26,False,,fivethirtyeight,-6,G004945
1993,1993-09-05,,REG,NO,TEN,33,21,False,,fivethirtyeight,12,G004946
1993,1993-09-05,,REG,DET,ATL,30,13,False,,fivethirtyeight,17,G004947
1993,1993-09-06,,REG,WSH,DAL,35,16,False,,fivethirtyeight,19,G004948
1993,1993-09-12,,REG,CIN,IND,6,9,False,,fivethirtyeight,-3,G004949
1993,1993-09-12,,REG,DEN,LAC,34,17,False,,fivethirtyeight,17,G004950
1993,1993-09-12,,REG,WSH,ARI,10,17,False,,fivethirtyeight,-7,G004951
1993,1993-09-12,,REG,SEA,OAK,13,17,False,,fivethirtyeight,-4,G004952
1993,1993-09-12,,REG,TEN,KC,30,0,False,,fivethirtyeight,30,G004953
1993,1993-09-12,,REG,NYG,TB,23,7,False,,fivethirtyeight,16,G004954
1993,1993-09-12,,REG,NE,DET,16,19,False,,fivethirtyeight,-3,G004955
1993,1993-09-12,,REG,MIN,CHI,10,7,False,,fivethirtyeight,3,G004956
1993,1993-09-12,,REG,MIA,NYJ,14,24,False,,fivethirtyeight,-10,G004957
1993,1993-09-12,,REG,LAR,PIT,27,0,False,,fivethirtyeight,27,G004958
1993,1993-09-12,,REG,GB,PHI,17,20,False,,fivethirtyeight,-3,G004959
1993,1993-09-12,,REG,DAL,BUF,10,13,False,,fivethirtyeight,-3,G004960
1993,1993-09-12,,REG,ATL,NO,31,34,False,,fivethirtyeight,-3,G004961
1993,1993-09-13,,REG,CLE,SF,23,13,False,,fivethirtyeight,10,G004962
1993,1993-09-19,,REG,NYG,LAR,20,10,False,,fivethirtyeight,10,G004963
1993,1993-09-19,,REG,LAC,TEN,18,17,False,,fivethirtyeight,1,G004964
1993,1993-09-19,,REG,ARI,DAL,10,17,False,,fivethirtyeight,-7,G004965
1993,1993-09-19,,REG,NO,DET,14,3,False,,fivethirtyeight,11,G004966
1993,1993-09-19,,REG,NE,SEA,14,17,False,,fivethirtyeight,-3,G004967
1993,1993-09-19,,REG,PHI,WSH,34,31,False,,fivethirtyeight,3,G004968
1993,1993-09-19,,REG,PIT,CIN,34,7,False,,fivethirtyeight,27,G004969
1993,1993-09-19,,REG,SF,ATL,37,30,False,,fivethirtyeight,7,G004970
1993,1993-09-19,,REG,OAK,CLE,16,19,False,,fivethirtyeight,-3,G004971
1993,1993-09-20,,REG,KC,DEN,15,7,False,,fivethirtyeight,8,G004972
1993,1993-09-26,,REG,TEN,LAR,13,28,False,,fivethirtyeight,-15,G004973
1993,1993-09-26,,REG,NYJ,NE,45,7,False,,fivethirtyeight,38,G004974
1993,1993-09-26,,REG,NO,SF,16,13,False,,fivethirtyeight,3,G004975
1993,1993-09-26,,REG,MIN,GB,15,13,False,,fivethirtyeight,2,G004976
1993,1993-09-26,,REG,DET,ARI,26,20,False,,fivethirtyeight,6,G004977
1993,1993-09-26,,REG,IND,CLE,23,10,False,,fivethirtyeight,13,G004978
1993,1993-09-26,,REG,CIN,SEA,10,19,False,,fivethirtyeight,-9,G004979
1993,1993-09-26,,REG,CHI,TB,47,17,False,,fivethirtyeight,30,G004980
1993,1993-09-26,,REG,BUF,MIA,13,22,False,,fivethirtyeight,-9,G004981
1993,1993-09-27,,REG,ATL,PIT,17,45,False,,fivethirtyeight,-28,G004982
1993,1993-10-03,,REG,NYJ,PHI,30,35,False,,fivethirtyeight,-5,G004983
1993,1993-10-03,,REG,TB,DET,27,10,False,,fivethirtyeight,17,G004984
1993,1993-10-03,,REG,SF,MIN,38,19,False,,fivethirtyeight,19,G004985
1993,1993-10-03,,REG,KC,OAK,24,9,False,,fivethirtyeight,15,G004986
1993,1993-10-03,,REG,DEN,IND,35,13,False,,fivethirtyeight,22,G004987
1993,1993-10-03,,REG,DAL,GB,36,14,False,,fivethirtyeight,22,G004988
1993,1993-10-03,,REG,CHI,ATL,6,0,False,,fivethirtyeight,6,G004989
1993,1993-10-03,,REG,LAR,NO,6,37,False,,fivethirtyeight,-31,G004990
1993,1993-10-03,,REG,BUF,NYG,17,14,False,,fivethirtyeight,3,G004991
1993,1993-10-03,,REG,SEA,LAC,31,14,False,,fivethirtyeight,17,G004992
1993,1993-10-04,,REG,MIA,WSH,17,10,False,,fivethirtyeight,7,G004993
1993,1993-10-10,,REG,WSH,NYG,7,41,False,,fivethirtyeight,-34,G004994
1993,1993-10-10,,REG,PIT,LAC,16,3,False,,fivethirtyeight,13,G004995
1993,1993-10-10,,REG,CLE,MIA,14,24,False,,fivethirtyeight,-10,G004996
1993,1993-10-10,,REG,PHI,CHI,6,17,False,,fivethirtyeight,-11,G004997
1993,1993-10-10,,REG,MIN,TB,15,0,False,,fivethirtyeight,15,G004998
1993,1993-10-10,,REG,KC,CIN,17,15,False,,fivethirtyeight,2,G004999
1993,1993-10-10,,REG,OAK,NYJ,24,20,False,,fivethirtyeight,4,G005000
1993,1993-10-10,,REG,ARI,NE,21,23,False,,fivethirtyeight,-2,G005001
1993,1993-10-10,,REG,IND,DAL,3,27,False,,fivethirtyeight,-24,G005002
1993,1993-10-10,,REG,GB,DEN,30,27,False,,fivethirtyeight,3,G005003
1993,1993-10-11,,REG,BUF,TEN,35,7,False,,fivethirtyeight,28,G005004
1993,1993-10-14,,REG,ATL,LAR,30,24,False,,fivethirtyeight,6,G005005
1993,1993-10-17,,REG,NE,TEN,14,28,False,,fivethirtyeight,-14,G005006
1993,1993-10-17,,REG,LAC,KC,14,17,False,,fivethirtyeight,-3,G005007
1993,1993-10-17,,REG,CIN,CLE,17,28,False,,fivethirtyeight,-11,G005008
1993,1993-10-17,,REG,ARI,WSH,36,6,False,,fivethirtyeight,30,G005009
1993,1993-10-17,,REG,DAL,SF,26,17,False,,fivethirtyeight,9,G005010
1993,1993-10-17,,REG,DET,SEA,30,10,False,,fivethirtyeight,20,G005011
1993,1993-10-17,,REG,PIT,NO,37,14,False,,fivethirtyeight,23,G005012
1993,1993-10-17,,REG,NYG,PHI,21,10,False,,fivethirtyeight,11,G005013
1993,1993-10-18,,REG,DEN,OAK,20,23,False,,fivethirtyeight,-3,G005014
1993,1993-10-24,,REG,TB,GB,14,37,False,,fivethirtyeight,-23,G005015
1993,1993-10-24,,REG,NYJ,BUF,10,19,False,,fivethirtyeight,-9,G005016
1993,1993-10-24,,REG,NO,ATL,15,26,False,,fivethirtyeight,-11,G005017
1993,1993-10-24,,REG,MIA,IND,41,27,False,,fivethirtyeight,14,G005018
1993,1993-10-24,,REG,CLE,PIT,28,23,False,,fivethirtyeight,5,G005019
1993,1993-10-24,,REG,LAR,DET,13,16,False,,fivethirtyeight,-3,G005020
1993,1993-10-24,,REG,TEN,CIN,28,12,False,,fivethirtyeight,16,G005021
1993,1993-10-24,,REG,SEA,NE,10,9,False,,fivethirtyeight,1,G005022
1993,1993-10-24,,REG,SF,ARI,28,14,False,,fivethirtyeight,14,G005023
1993,1993-10-25,,REG,CHI,MIN,12,19,False,,fivethirtyeight,-7,G005024
1993,1993-10-31,,REG,PHI,DAL,10,23,False,,fivethirtyeight,-13,G005025
1993,1993-10-31,,REG,NYG,NYJ,6,10,False,,fivethirtyeight,-4,G005026
1993,1993-10-31,,REG,MIN,DET,27,30,False,,fivethirtyeight,-3,G005027
1993,1993-10-31,,REG,MIA,KC,30,10,False,,fivethirtyeight,20,G005028
1993,1993-10-31,,REG,GB,CHI,17,3,False,,fivethirtyeight,14,G005029
1993,1993-10-31,,REG,DEN,SEA,28,17,False,,fivethirtyeight,11,G005030
1993,1993-10-31,,REG,ARI,NO,17,20,False,,fivethirtyeight,-3,G005031
1993,1993-10-31,,REG,IND,NE,9,6,False,,fivethirtyeight,3,G005032
1993,1993-10-31,,REG,ATL,TB,24,31,False,,fivethirtyeight,-7,G005033
1993,1993-10-31,,REG,SF,LAR,40,17,False,,fivethirtyeight,23,G005034
1993,1993-10-31,,REG,OAK,LAC,23,30,False,,fivethirtyeight,-7,G005035
1993,1993-11-01,,REG,BUF,WSH,24,10,False,,fivethirtyeight,14,G005036
1993,1993-11-07,,REG,DET,TB,23,0,False,,fivethirtyeight,23,G005037
1993,1993-11-07,,REG,DAL,NYG,31,9,False,,fivethirtyeight,22,G005038
1993,1993-11-07,,REG,ARI,PHI,16,3,False,,fivethirtyeight,13,G005039
1993,1993-11-07,,REG,CLE,DEN,14,29,False,,fivethirtyeight,-15,G005040
1993,1993-11-07,,REG,MIN,LAC,17,30,False,,fivethirtyeight,-13,G005041
1993,1993-11-07,,REG,CIN,PIT,16,24,False,,fivethirtyeight,-8,G005042
1993,1993-11-07,,REG,CHI,OAK,14,16,False,,fivethirtyeight,-2,G005043
1993,1993-11-07,,REG,WSH,IND,30,24,False,,fivethirtyeight,6,G005044
1993,1993-11-07,,REG,TEN,SEA,24,14,False,,fivethirtyeight,10,G005045
1993,1993-11-07,,REG,NE,BUF,10,13,False,,fivethirtyeight,-3,G005046
1993,1993-11-07,,REG,NYJ,MIA,27,10,False,,fivethirtyeight,17,G005047
1993,1993-11-08,,REG,KC,GB,23,16,False,,fivethirtyeight,7,G005048
1993,1993-11-14,,REG,LAR,ATL,0,13,False,,fivethirtyeight,-13,G005049
1993,1993-11-14,,REG,NO,GB,17,19,False,,fivethirtyeight,-2,G005050
1993,1993-11-14,,REG,DEN,MIN,23,26,False,,fivethirtyeight,-3,G005051
1993,1993-11-14,,REG,DAL,ARI,20,15,False,,fivethirtyeight,5,G005052
1993,1993-11-14,,REG,IND,NYJ,17,31,False,,fivethirtyeight,-14,G005053
1993,1993-11-14,,REG,CIN,TEN,3,38,False,,fivethirtyeight,-35,G005054
1993,1993-11-14,,REG,PHI,MIA,14,19,False,,fivethirtyeight,-5,G005055
1993,1993-11-14,,REG,OAK,KC,20,31,False,,fivethirtyeight,-11,G005056
1993,1993-11-14,,REG,SEA,CLE,22,5,False,,fivethirtyeight,17,G005057
1993,1993-11-14,,REG,TB,SF,21,45,False,,fivethirtyeight,-24,G005058
1993,1993-11-14,,REG,LAC,CHI,13,16,False,,fivethirtyeight,-3,G005059
1993,1993-11-14,,REG,NYG,WSH,20,6,False,,fivethirtyeight,14,G005060
1993,1993-11-15,,REG,PIT,BUF,23,0,False,,fivethirtyeight,23,G005061
1993,1993-11-21,,REG,CLE,TEN,20,27,False,,fivethirtyeight,-7,G005062
1993,1993-11-21,,REG,ATL,DAL,27,14,False,,fivethirtyeight,13,G005063
1993,1993-11-21,,REG,LAC,OAK,7,12,False,,fivethirtyeight,-5,G005064
1993,1993-11-21,,REG,LAR,WSH,10,6,False,,fivethirtyeight,4,G005065
1993,1993-11-21,,REG,MIA,NE,17,13,False,,fivethirtyeight,4,G005066
1993,1993-11-21,,REG,KC,CHI,17,19,False,,fivethirtyeight,-2,G005067
1993,1993-11-21,,REG,BUF,IND,23,9,False,,fivethirtyeight,14,G005068
1993,1993-11-21,,REG,TB,MIN,23,10,False,,fivethirtyeight,13,G005069
1993,1993-11-21,,REG,PHI,NYG,3,7,False,,fivethirtyeight,-4,G005070
1993,1993-11-21,,REG,GB,DET,26,17,False,,fivethirtyeight,9,G005071
1993,1993-11-21,,REG,DEN,PIT,37,13,False,,fivethirtyeight,24,G005072
1993,1993-11-21,,REG,NYJ,CIN,17,12,False,,fivethirtyeight,5,G005073
1993,1993-11-22,,REG,SF,NO,42,7,False,,fivethirtyeight,35,G005074
1993,1993-11-25,,REG,DET,CHI,6,10,False,,fivethirtyeight,-4,G005075
1993,1993-11-25,,REG,DAL,MIA,14,16,False,,fivethirtyeight,-2,G005076
1993,1993-11-28,,REG,GB,TB,13,10,False,,fivethirtyeight,3,G005077
1993,1993-11-28,,REG,CIN,OAK,16,10,False,,fivethirtyeight,6,G005078
1993,1993-11-28,,REG,ATL,CLE,17,14,False,,fivethirtyeight,3,G005079
1993,1993-11-28,,REG,KC,BUF,23,7,False,,fivethirtyeight,16,G005080
1993,1993-11-28,,REG,SEA,DEN,9,17,False,,fivethirtyeight,-8,G005081
1993,1993-11-28,,REG,TEN,PIT,23,3,False,,fivethirtyeight,20,G005082
1993,1993-11-28,,REG,NYG,ARI,19,17,False,,fivethirtyeight,2,G005083
1993,1993-11-28,,REG,LAR,SF,10,35,False,,fivethirtyeight,-25,G005084
1993,1993-11-28,,REG,MIN,NO,14,17,False,,fivethirtyeight,-3,G005085
1993,1993-11-28,,REG,WSH,PHI,14,17,False,,fivethirtyeight,-3,G005086
1993,1993-11-28,,REG,NE,NYJ,0,6,False,,fivethirtyeight,-6,G005087
1993,1993-11-29,,REG,IND,LAC,0,31,False,,fivethirtyeight,-31,G005088
1993,1993-12-05,,REG,DET,MIN,0,13,False,,fivethirtyeight,-13,G005089
1993,1993-12-05,,REG,TB,WSH,17,23,False,,fivethirtyeight,-6,G005090
1993,1993-12-05,,REG,SF,CIN,21,8,False,,fivethirtyeight,13,G005091
1993,1993-12-05,,REG,SEA,KC,16,31,False,,fivethirtyeight,-15,G005092
1993,1993-12-05,,REG,PIT,NE,17,14,False,,fivethirtyeight,3,G005093
1993,1993-12-05,,REG,ARI,LAR,38,10,False,,fivethirtyeight,28,G005094
1993,1993-12-05,,REG,TEN,ATL,33,17,False,,fivethirtyeight,16,G005095
1993,1993-12-05,,REG,NYJ,IND,6,9,False,,fivethirtyeight,-3,G005096
1993,1993-12-05,,REG,MIA,NYG,14,19,False,,fivethirtyeight,-5,G005097
1993,1993-12-05,,REG,CLE,NO,17,13,False,,fivethirtyeight,4,G005098
1993,1993-12-05,,REG,CHI,GB,30,17,False,,fivethirtyeight,13,G005099
1993,1993-12-05,,REG,BUF,OAK,24,25,False,,fivethirtyeight,-1,G005100
1993,1993-12-05,,REG,LAC,DEN,13,10,False,,fivethirtyeight,3,G005101
1993,1993-12-06,,REG,DAL,PHI,23,17,False,,fivethirtyeight,6,G005102
1993,1993-12-11,,REG,ATL,SF,27,24,False,,fivethirtyeight,3,G005103
1993,1993-12-11,,REG,WSH,NYJ,0,3,False,,fivethirtyeight,-3,G005104
1993,1993-12-12,,REG,PHI,BUF,7,10,False,,fivethirtyeight,-3,G005105
1993,1993-12-12,,REG,TEN,CLE,19,17,False,,fivethirtyeight,2,G005106
1993,1993-12-12,,REG,NYG,IND,20,6,False,,fivethirtyeight,14,G005107
1993,1993-12-12,,REG,TB,CHI,13,10,False,,fivethirtyeight,3,G005108
1993,1993-12-12,,REG,NE,CIN,7,2,False,,fivethirtyeight,5,G005109
1993,1993-12-12,,REG,MIN,DAL,20,37,False,,fivethirtyeight,-17,G005110
1993,1993-12-12,,REG,DEN,KC,27,21,False,,fivethirtyeight,6,G005111
1993,1993-12-12,,REG,ARI,DET,14,21,False,,fivethirtyeight,-7,G005112
1993,1993-12-12,,REG,LAC,GB,13,20,False,,fivethirtyeight,-7,G005113
1993,1993-12-12,,REG,NO,LAR,20,23,False,,fivethirtyeight,-3,G005114
1993,1993-12-12,,REG,OAK,SEA,27,23,False,,fivethirtyeight,4,G005115
1993,1993-12-13,,REG,MIA,PIT,20,21,False,,fivethirtyeight,-1,G005116
1993,1993-12-18,,REG,NYJ,DAL,7,28,False,,fivethirtyeight,-21,G005117
1993,1993-12-18,,REG,CHI,DEN,3,13,False,,fivethirtyeight,-10,G005118
1993,1993-12-19,,REG,PIT,TEN,17,26,False,,fivethirtyeight,-9,G005119
1993,1993-12-19,,REG,MIA,BUF,34,47,False,,fivethirtyeight,-13,G005120
1993,1993-12-19,,REG,GB,MIN,17,21,False,,fivethirtyeight,-4,G005121
1993,1993-12-19,,REG,DET,SF,17,55,False,,fivethirtyeight,-38,G005122
1993,1993-12-19,,REG,WSH,ATL,30,17,False,,fivethirtyeight,13,G005123
1993,1993-12-19,,REG,CLE,NE,17,20,False,,fivethirtyeight,-3,G005124
1993,1993-12-19,,REG,KC,LAC,28,24,False,,fivethirtyeight,4,G005125
1993,1993-12-19,,REG,CIN,LAR,15,3,False,,fivethirtyeight,12,G005126
1993,1993-12-19,,REG,IND,PHI,10,20,False,,fivethirtyeight,-10,G005127
1993,1993-12-19,,REG,SEA,ARI,27,30,False,,fivethirtyeight,-3,G005128
1993,1993-12-19,,REG,OAK,TB,27,20,False,,fivethirtyeight,7,G005129
1993,1993-12-20,,REG,NO,NYG,14,24,False,,fivethirtyeight,-10,G005130
1993,1993-12-25,,REG,SF,TEN,7,10,False,,fivethirtyeight,-3,G005131
1993,1993-12-26,,REG,PHI,NO,37,26,False,,fivethirtyeight,11,G005132
1993,1993-12-26,,REG,SEA,PIT,16,6,False,,fivethirtyeight,10,G005133
1993,1993-12-26,,REG,ARI,NYG,17,6,False,,fivethirtyeight,11,G005134
1993,1993-12-26,,REG,CIN,ATL,21,17,False,,fivethirtyeight,4,G005135
1993,1993-12-26,,REG,CHI,DET,14,20,False,,fivethirtyeight,-6,G005136
1993,1993-12-26,,REG,BUF,NYJ,16,14,False,,fivethirtyeight,2,G005137
1993,1993-12-26,,REG,DAL,WSH,38,3,False,,fivethirtyeight,35,G005138
1993,1993-12-26,,REG,DEN,TB,10,17,False,,fivethirtyeight,-7,G005139
1993,1993-12-26,,REG,NE,IND,38,0,False,,fivethirtyeight,38,G005140
1993,1993-12-26,,REG,MIN,KC,30,10,False,,fivethirtyeight,20,G005141
1993,1993-12-26,,REG,GB,OAK,28,0,False,,fivethirtyeight,28,G005142
1993,1993-12-26,,REG,LAR,CLE,14,42,False,,fivethirtyeight,-28,G005143
1993,1993-12-27,,REG,LAC,MIA,45,20,False,,fivethirtyeight,25,G005144
1993,1993-12-31,,REG,WSH,MIN,9,14,False,,fivethirtyeight,-5,G005145
1993,1994-01-02,,REG,TEN,NYJ,24,0,False,,fivethirtyeight,24,G005146
1993,1994-01-02,,REG,OAK,DEN,33,30,False,,fivethirtyeight,3,G005147
1993,1994-01-02,,REG,TB,LAC,17,32,False,,fivethirtyeight,-15,G005148
1993,1994-01-02,,REG,PIT,CLE,16,9,False,,fivethirtyeight,7,G005149
1993,1994-01-02,,REG,NYG,DAL,13,16,False,,fivethirtyeight,-3,G005150
1993,1994-01-02,,REG,NE,MIA,33,27,False,,fivethirtyeight,6,G005151
1993,1994-01-02,,REG,NO,CIN,20,13,False,,fivethirtyeight,7,G005152
1993,1994-01-02,,REG,KC,SEA,34,24,False,,fivethirtyeight,10,G005153
1993,1994-01-02,,REG,DET,GB,30,20,False,,fivethirtyeight,10,G005154
1993,1994-01-02,,REG,IND,BUF,10,30,False,,fivethirtyeight,-20,G005155
1993,1994-01-02,,REG,ATL,ARI,10,27,False,,fivethirtyeight,-17,G005156
1993,1994-01-02,,REG,LAR,CHI,20,6,False,,fivethirtyeight,14,G005157
1993,1994-01-03,,REG,SF,PHI,34,37,False,,fivethirtyeight,-3,G005158
1993,1994-01-08,,PLAYOFF,KC,PIT,27,24,False,,fivethirtyeight,3,G005159
1993,1994-01-08,,PLAYOFF,DET,GB,24,28,False,,fivethirtyeight,-4,G005160
1993,1994-01-09,,PLAYOFF,OAK,DEN,42,24,False,,fivethirtyeight,18,G005161
1993,1994-01-09,,PLAYOFF,NYG,MIN,17,10,False,,fivethirtyeight,7,G005162
1993,1994-01-15,,PLAYOFF,BUF,OAK,29,23,False,,fivethirtyeight,6,G005163
1993,1994-01-15,,PLAYOFF,SF,NYG,44,3,False,,fivethirtyeight,41,G005164
1993,1994-01-16,,PLAYOFF,TEN,KC,20,28,False,,fivethirtyeight,-8,G005165
1993,1994-01-16,,PLAYOFF,DAL,GB,27,17,False,,fivethirtyeight,10,G005166
1993,1994-01-23,,PLAYOFF,DAL,SF,38,21,False,,fivethirtyeight,17,G005167
1993,1994-01-23,,PLAYOFF,BUF,KC,30,13,False,,fivethirtyeight,17,G005168
1993,1994-01-30,,PLAYOFF,DAL,BUF,30,13,True,,fivethirtyeight,17,G005169
1994,1994-09-04,,REG,DEN,LAC,34,37,False,,fivethirtyeight,-3,G005170
1994,1994-09-04,,REG,BUF,NYJ,3,23,False,,fivethirtyeight,-20,G005171
1994,1994-09-04,,REG,DET,ATL,31,28,False,,fivethirtyeight,3,G005172
1994,1994-09-04,,REG,NO,KC,17,30,False,,fivethirtyeight,-13,G005173
1994,1994-09-04,,REG,LAR,ARI,14,12,False,,fivethirtyeight,2,G005174
1994,1994-09-04,,REG,MIA,NE,39,35,False,,fivethirtyeight,4,G005175
1994,1994-09-04,,REG,GB,MIN,16,10,False,,fivethirtyeight,6,G005176
1994,1994-09-04,,REG,CIN,CLE,20,28,False,,fivethirtyeight,-8,G005177
1994,1994-09-04,,REG,CHI,TB,21,9,False,,fivethirtyeight,12,G005178
1994,1994-09-04,,REG,WSH,SEA,7,28,False,,fivethirtyeight,-21,G005179
1994,1994-09-04,,REG,PIT,DAL,9,26,False,,fivethirtyeight,-17,G005180
1994,1994-09-04,,REG,NYG,PHI,28,23,False,,fivethirtyeight,5,G005181
1994,1994-09-04,,REG,IND,TEN,45,21,False,,fivethirtyeight,24,G005182
1994,1994-09-05,,REG,SF,OAK,44,14,False,,fivethirtyeight,30,G005183
1994,1994-09-11,,REG,NO,WSH,24,38,False,,fivethirtyeight,-14,G005184
1994,1994-09-11,,REG,ATL,LAR,31,13,False,,fivethirtyeight,18,G005185
1994,1994-09-11,,REG,TB,IND,24,10,False,,fivethirtyeight,14,G005186
1994,1994-09-11,,REG,OAK,SEA,9,38,False,,fivethirtyeight,-29,G005187
1994,1994-09-11,,REG,NYJ,DEN,25,22,False,,fivethirtyeight,3,G005188
1994,1994-09-11,,REG,NE,BUF,35,38,False,,fivethirtyeight,-3,G005189
1994,1994-09-11,,REG,MIN,DET,10,3,False,,fivethirtyeight,7,G005190
1994,1994-09-11,,REG,KC,SF,24,17,False,,fivethirtyeight,7,G005191
1994,1994-09-11,,REG,GB,MIA,14,24,False,,fivethirtyeight,-10,G005192
1994,1994-09-11,,REG,DAL,TEN,20,17,False,,fivethirtyeight,3,G005193
1994,1994-09-11,,REG,ARI,NYG,17,20,False,,fivethirtyeight,-3,G005194
1994,1994-09-11,,REG,CLE,PIT,10,17,False,,fivethirtyeight,-7,G005195
1994,1994-09-11,,REG,LAC,CIN,27,10,False,,fivethirtyeight,17,G005196
1994,1994-09-12,,REG,PHI,CHI,30,22,False,,fivethirtyeight,8,G005197
1994,1994-09-18,,REG,SEA,LAC,10,24,False,,fivethirtyeight,-14,G005198
1994,1994-09-18,,REG,CLE,ARI,32,0,False,,fivethirtyeight,32,G005199
1994,1994-09-18,,REG,LAR,SF,19,34,False,,fivethirtyeight,-15,G005200
1994,1994-09-18,,REG,ATL,KC,10,30,False,,fivethirtyeight,-20,G005201
1994,1994-09-18,,REG,CIN,NE,28,31,False,,fivethirtyeight,-3,G005202
1994,1994-09-18,,REG,CHI,MIN,14,42,False,,fivethirtyeight,-28,G005203
1994,1994-09-18,,REG,TB,NO,7,9,False,,fivethirtyeight,-2,G005204
1994,1994-09-18,,REG,PIT,IND,31,21,False,,fivethirtyeight,10,G005205
1994,1994-09-18,,REG,PHI,GB,13,7,False,,fivethirtyeight,6,G005206
1994,1994-09-18,,REG,TEN,BUF,7,15,False,,fivethirtyeight,-8,G005207
1994,1994-09-18,,REG,NYG,WSH,31,23,False,,fivethirtyeight,8,G005208
1994,1994-09-18,,REG,MIA,NYJ,28,14,False,,fivethirtyeight,14,G005209
1994,1994-09-18,,REG,DEN,OAK,16,48,False,,fivethirtyeight,-32,G005210
1994,1994-09-19,,REG,DAL,DET,17,20,False,,fivethirtyeight,-3,G005211
1994,1994-09-25,,REG,WSH,ATL,20,27,False,,fivethirtyeight,-7,G005212
1994,1994-09-25,,REG,OAK,LAC,24,26,False,,fivethirtyeight,-2,G005213
1994,1994-09-25,,REG,SF,NO,24,13,False,,fivethirtyeight,11,G005214
1994,1994-09-25,,REG,SEA,PIT,30,13,False,,fivethirtyeight,17,G005215
1994,1994-09-25,,REG,TEN,CIN,20,13,False,,fivethirtyeight,7,G005216
1994,1994-09-25,,REG,MIN,MIA,38,35,False,,fivethirtyeight,3,G005217
1994,1994-09-25,,REG,GB,TB,30,3,False,,fivethirtyeight,27,G005218
1994,1994-09-25,,REG,DET,NE,17,23,False,,fivethirtyeight,-6,G005219
1994,1994-09-25,,REG,IND,CLE,14,21,False,,fivethirtyeight,-7,G005220
1994,1994-09-25,,REG,NYJ,CHI,7,19,False,,fivethirtyeight,-12,G005221
1994,1994-09-25,,REG,KC,LAR,0,16,False,,fivethirtyeight,-16,G005222
1994,1994-09-26,,REG,BUF,DEN,27,20,False,,fivethirtyeight,7,G005223
1994,1994-10-02,,REG,NE,GB,17,16,False,,fivethirtyeight,1,G005224
1994,1994-10-02,,REG,ARI,MIN,17,7,False,,fivethirtyeight,10,G005225
1994,1994-10-02,,REG,IND,SEA,17,15,False,,fivethirtyeight,2,G005226
1994,1994-10-02,,REG,CLE,NYJ,27,7,False,,fivethirtyeight,20,G005227
1994,1994-10-02,,REG,NO,NYG,27,22,False,,fivethirtyeight,5,G005228
1994,1994-10-02,,REG,CIN,MIA,7,23,False,,fivethirtyeight,-16,G005229
1994,1994-10-02,,REG,LAR,ATL,5,8,False,,fivethirtyeight,-3,G005230
1994,1994-10-02,,REG,CHI,BUF,20,13,False,,fivethirtyeight,7,G005231
1994,1994-10-02,,REG,SF,PHI,8,40,False,,fivethirtyeight,-32,G005232
1994,1994-10-02,,REG,WSH,DAL,7,34,False,,fivethirtyeight,-27,G005233
1994,1994-10-02,,REG,TB,DET,24,14,False,,fivethirtyeight,10,G005234
1994,1994-10-03,,REG,PIT,TEN,30,14,False,,fivethirtyeight,16,G005235
1994,1994-10-09,,REG,BUF,MIA,21,11,False,,fivethirtyeight,10,G005236
1994,1994-10-09,,REG,GB,LAR,24,17,False,,fivethirtyeight,7,G005237
1994,1994-10-09,,REG,LAC,KC,20,6,False,,fivethirtyeight,14,G005238
1994,1994-10-09,,REG,SEA,DEN,9,16,False,,fivethirtyeight,-7,G005239
1994,1994-10-09,,REG,PHI,WSH,21,17,False,,fivethirtyeight,4,G005240
1994,1994-10-09,,REG,NYJ,IND,16,6,False,,fivethirtyeight,10,G005241
1994,1994-10-09,,REG,NE,OAK,17,21,False,,fivethirtyeight,-4,G005242
1994,1994-10-09,,REG,DET,SF,21,27,False,,fivethirtyeight,-6,G005243
1994,1994-10-09,,REG,DAL,ARI,38,3,False,,fivethirtyeight,35,G005244
1994,1994-10-09,,REG,CHI,NO,17,7,False,,fivethirtyeight,10,G005245
1994,1994-10-09,,REG,ATL,TB,34,13,False,,fivethirtyeight,21,G005246
1994,1994-10-10,,REG,NYG,MIN,10,27,False,,fivethirtyeight,-17,G005247
1994,1994-10-13,,REG,TEN,CLE,8,11,False,,fivethirtyeight,-3,G005248
1994,1994-10-16,,REG,ATL,SF,3,42,False,,fivethirtyeight,-39,G005249
1994,1994-10-16,,REG,NO,LAC,22,36,False,,fivethirtyeight,-14,G005250
1994,1994-10-16,,REG,PIT,CIN,14,10,False,,fivethirtyeight,4,G005251
1994,1994-10-16,,REG,MIA,OAK,20,17,False,,fivethirtyeight,3,G005252
1994,1994-10-16,,REG,DAL,PHI,24,13,False,,fivethirtyeight,11,G005253
1994,1994-10-16,,REG,BUF,IND,17,27,False,,fivethirtyeight,-10,G005254
1994,1994-10-16,,REG,LAR,NYG,17,10,False,,fivethirtyeight,7,G005255
1994,1994-10-16,,REG,WSH,ARI,16,19,False,,fivethirtyeight,-3,G005256
1994,1994-10-16,,REG,NYJ,NE,24,17,False,,fivethirtyeight,7,G005257
1994,1994-10-17,,REG,DEN,KC,28,31,False,,fivethirtyeight,-3,G005258
1994,1994-10-20,,REG,MIN,GB,13,10,False,,fivethirtyeight,3,G005259
1994,1994-10-23,,REG,OAK,ATL,30,17,False,,fivethirtyeight,13,G005260
1994,1994-10-23,,REG,SF,TB,41,16,False,,fivethirtyeight,25,G005261
1994,1994-10-23,,REG,ARI,DAL,21,28,False,,fivethirtyeight,-7,G005262
1994,1994-10-23,,REG,NO,LAR,37,34,False,,fivethirtyeight,3,G005263
1994,1994-10-23,,REG,LAC,DEN,15,20,False,,fivethirtyeight,-5,G005264
1994,1994-10-23,,REG,DET,CHI,21,16,False,,fivethirtyeight,5,G005265
1994,1994-10-23,,REG,IND,WSH,27,41,False,,fivethirtyeight,-14,G005266
1994,1994-10-23,,REG,CLE,CIN,37,13,False,,fivethirtyeight,24,G005267
1994,1994-10-23,,REG,KC,SEA,38,23,False,,fivethirtyeight,15,G005268
1994,1994-10-23,,REG,NYG,PIT,6,10,False,,fivethirtyeight,-4,G005269
1994,1994-10-24,,REG,PHI,TEN,21,6,False,,fivethirtyeight,15,G005270
1994,1994-10-30,,REG,WSH,PHI,29,31,False,,fivethirtyeight,-2,G005271
1994,1994-10-30,,REG,OAK,TEN,17,14,False,,fivethirtyeight,3,G005272
1994,1994-10-30,,REG,NE,MIA,3,23,False,,fivethirtyeight,-20,G005273
1994,1994-10-30,,REG,DEN,CLE,26,14,False,,fivethirtyeight,12,G005274
1994,1994-10-30,,REG,IND,NYJ,28,25,False,,fivethirtyeight,3,G005275
1994,1994-10-30,,REG,ARI,PIT,20,17,False,,fivethirtyeight,3,G005276
1994,1994-10-30,,REG,NYG,DET,25,28,False,,fivethirtyeight,-3,G005277
1994,1994-10-30,,REG,BUF,KC,44,10,False,,fivethirtyeight,34,G005278
1994,1994-10-30,,REG,LAC,SEA,35,15,False,,fivethirtyeight,20,G005279
1994,1994-10-30,,REG,CIN,DAL,20,23,False,,fivethirtyeight,-3,G005280
1994,1994-10-30,,REG,TB,MIN,13,36,False,,fivethirtyeight,-23,G005281
1994,1994-10-31,,REG,CHI,GB,6,33,False,,fivethirtyeight,-27,G005282
1994,1994-11-06,,REG,PHI,ARI,17,7,False,,fivethirtyeight,10,G005283
1994,1994-11-06,,REG,NYJ,BUF,22,17,False,,fivethirtyeight,5,G005284
1994,1994-11-06,,REG,MIN,NO,21,20,False,,fivethirtyeight,1,G005285
1994,1994-11-06,,REG,MIA,IND,22,21,False,,fivethirtyeight,1,G005286
1994,1994-11-06,,REG,KC,OAK,13,3,False,,fivethirtyeight,10,G005287
1994,1994-11-06,,REG,GB,DET,38,30,False,,fivethirtyeight,8,G005288
1994,1994-11-06,,REG,ATL,LAC,10,9,False,,fivethirtyeight,1,G005289
1994,1994-11-06,,REG,LAR,DEN,27,21,False,,fivethirtyeight,6,G005290
1994,1994-11-06,,REG,TB,CHI,6,20,False,,fivethirtyeight,-14,G005291
1994,1994-11-06,,REG,CLE,NE,13,6,False,,fivethirtyeight,7,G005292
1994,1994-11-06,,REG,WSH,SF,22,37,False,,fivethirtyeight,-15,G005293
1994,1994-11-06,,REG,SEA,CIN,17,20,False,,fivethirtyeight,-3,G005294
1994,1994-11-06,,REG,TEN,PIT,9,12,False,,fivethirtyeight,-3,G005295
1994,1994-11-07,,REG,DAL,NYG,38,10,False,,fivethirtyeight,28,G005296
1994,1994-11-13,,REG,NYG,ARI,9,10,False,,fivethirtyeight,-1,G005297
1994,1994-11-13,,REG,PHI,CLE,7,26,False,,fivethirtyeight,-19,G005298
1994,1994-11-13,,REG,SF,DAL,21,14,False,,fivethirtyeight,7,G005299
1994,1994-11-13,,REG,DET,TB,14,9,False,,fivethirtyeight,5,G005300
1994,1994-11-13,,REG,DEN,SEA,17,10,False,,fivethirtyeight,7,G005301
1994,1994-11-13,,REG,LAR,OAK,17,20,False,,fivethirtyeight,-3,G005302
1994,1994-11-13,,REG,NO,ATL,33,32,False,,fivethirtyeight,1,G005303
1994,1994-11-13,,REG,NE,MIN,26,20,False,,fivethirtyeight,6,G005304
1994,1994-11-13,,REG,CIN,TEN,34,31,False,,fivethirtyeight,3,G005305
1994,1994-11-13,,REG,KC,LAC,13,14,False,,fivethirtyeight,-1,G005306
1994,1994-11-13,,REG,GB,NYJ,17,10,False,,fivethirtyeight,7,G005307
1994,1994-11-13,,REG,MIA,CHI,14,17,False,,fivethirtyeight,-3,G005308
1994,1994-11-14,,REG,PIT,BUF,23,10,False,,fivethirtyeight,13,G005309
1994,1994-11-20,,REG,OAK,NO,24,19,False,,fivethirtyeight,5,G005310
1994,1994-11-20,,REG,SEA,TB,22,21,False,,fivethirtyeight,1,G005311
1994,1994-11-20,,REG,PIT,MIA,16,13,False,,fivethirtyeight,3,G005312
1994,1994-11-20,,REG,MIN,NYJ,21,31,False,,fivethirtyeight,-10,G005313
1994,1994-11-20,,REG,KC,CLE,20,13,False,,fivethirtyeight,7,G005314
1994,1994-11-20,,REG,DEN,ATL,32,28,False,,fivethirtyeight,4,G005315
1994,1994-11-20,,REG,DAL,WSH,31,7,False,,fivethirtyeight,24,G005316
1994,1994-11-20,,REG,ARI,PHI,12,6,False,,fivethirtyeight,6,G005317
1994,1994-11-20,,REG,CIN,IND,13,17,False,,fivethirtyeight,-4,G005318
1994,1994-11-20,,REG,CHI,DET,20,10,False,,fivethirtyeight,10,G005319
1994,1994-11-20,,REG,BUF,GB,29,20,False,,fivethirtyeight,9,G005320
1994,1994-11-20,,REG,SF,LAR,31,27,False,,fivethirtyeight,4,G005321
1994,1994-11-20,,REG,NE,LAC,23,17,False,,fivethirtyeight,6,G005322
1994,1994-11-21,,REG,TEN,NYG,10,13,False,,fivethirtyeight,-3,G005323
1994,1994-11-24,,REG,DAL,GB,42,31,False,,fivethirtyeight,11,G005324
1994,1994-11-24,,REG,DET,BUF,35,21,False,,fivethirtyeight,14,G005325
1994,1994-11-27,,REG,LAC,LAR,31,17,False,,fivethirtyeight,14,G005326
1994,1994-11-27,,REG,ARI,CHI,16,19,False,,fivethirtyeight,-3,G005327
1994,1994-11-27,,REG,CLE,TEN,34,10,False,,fivethirtyeight,24,G005328
1994,1994-11-27,,REG,ATL,PHI,28,21,False,,fivethirtyeight,7,G005329
1994,1994-11-27,,REG,DEN,CIN,15,13,False,,fivethirtyeight,2,G005330
1994,1994-11-27,,REG,IND,NE,10,12,False,,fivethirtyeight,-2,G005331
1994,1994-11-27,,REG,WSH,NYG,19,21,False,,fivethirtyeight,-2,G005332
1994,1994-11-27,,REG,SEA,KC,10,9,False,,fivethirtyeight,1,G005333
1994,1994-11-27,,REG,OAK,PIT,3,21,False,,fivethirtyeight,-18,G005334
1994,1994-11-27,,REG,NYJ,MIA,24,28,False,,fivethirtyeight,-4,G005335
1994,1994-11-27,,REG,MIN,TB,17,20,False,,fivethirtyeight,-3,G005336
1994,1994-11-28,,REG,NO,SF,14,35,False,,fivethirtyeight,-21,G005337
1994,1994-12-01,,REG,MIN,CHI,33,27,False,,fivethirtyeight,6,G005338
1994,1994-12-04,,REG,TEN,ARI,12,30,False,,fivethirtyeight,-18,G005339
1994,1994-12-04,,REG,CLE,NYG,13,16,False,,fivethirtyeight,-3,G005340
1994,1994-12-04,,REG,MIA,BUF,31,42,False,,fivethirtyeight,-11,G005341
1994,1994-12-04,,REG,CIN,PIT,15,38,False,,fivethirtyeight,-23,G005342
1994,1994-12-04,,REG,NE,NYJ,24,13,False,,fivethirtyeight,11,G005343
1994,1994-12-04,,REG,KC,DEN,17,20,False,,fivethirtyeight,-3,G005344
1994,1994-12-04,,REG,PHI,DAL,19,31,False,,fivethirtyeight,-12,G005345
1994,1994-12-04,,REG,SEA,IND,19,31,False,,fivethirtyeight,-12,G005346
1994,1994-12-04,,REG,SF,ATL,50,14,False,,fivethirtyeight,36,G005347
1994,1994-12-04,,REG,TB,WSH,26,21,False,,fivethirtyeight,5,G005348
1994,1994-12-04,,REG,LAR,NO,15,31,False,,fivethirtyeight,-16,G005349
1994,1994-12-04,,REG,DET,GB,34,31,False,,fivethirtyeight,3,G005350
1994,1994-12-05,,REG,LAC,OAK,17,24,False,,fivethirtyeight,-7,G005351
1994,1994-12-10,,REG,DAL,CLE,14,19,False,,fivethirtyeight,-5,G005352
1994,1994-12-10,,REG,NYJ,DET,7,18,False,,fivethirtyeight,-11,G005353
1994,1994-12-11,,REG,ATL,NO,20,29,False,,fivethirtyeight,-9,G005354
1994,1994-12-11,,REG,LAC,SF,15,38,False,,fivethirtyeight,-23,G005355
1994,1994-12-11,,REG,TB,LAR,24,14,False,,fivethirtyeight,10,G005356
1994,1994-12-11,,REG,BUF,MIN,17,21,False,,fivethirtyeight,-4,G005357
1994,1994-12-11,,REG,ARI,WSH,17,15,False,,fivethirtyeight,2,G005358
1994,1994-12-11,,REG,GB,CHI,40,3,False,,fivethirtyeight,37,G005359
1994,1994-12-11,,REG,NE,IND,28,13,False,,fivethirtyeight,15,G005360
1994,1994-12-11,,REG,NYG,CIN,27,20,False,,fivethirtyeight,7,G005361
1994,1994-12-11,,REG,TEN,SEA,14,16,False,,fivethirtyeight,-2,G005362
1994,1994-12-11,,REG,PIT,PHI,14,3,False,,fivethirtyeight,11,G005363
1994,1994-12-11,,REG,OAK,DEN,23,13,False,,fivethirtyeight,10,G005364
1994,1994-12-12,,REG,MIA,KC,45,28,False,,fivethirtyeight,17,G005365
1994,1994-12-17,,REG,SF,DEN,42,19,False,,fivethirtyeight,23,G005366
1994,1994-12-17,,REG,DET,MIN,41,19,False,,fivethirtyeight,22,G005367
1994,1994-12-18,,REG,KC,TEN,31,9,False,,fivethirtyeight,22,G005368
1994,1994-12-18,,REG,GB,ATL,21,17,False,,fivethirtyeight,4,G005369
1994,1994-12-18,,REG,NYJ,LAC,6,21,False,,fivethirtyeight,-15,G005370
1994,1994-12-18,,REG,SEA,OAK,16,17,False,,fivethirtyeight,-1,G005371
1994,1994-12-18,,REG,WSH,TB,14,17,False,,fivethirtyeight,-3,G005372
1994,1994-12-18,,REG,IND,MIA,10,6,False,,fivethirtyeight,4,G005373
1994,1994-12-18,,REG,BUF,NE,17,41,False,,fivethirtyeight,-24,G005374
1994,1994-12-18,,REG,CHI,LAR,27,13,False,,fivethirtyeight,14,G005375
1994,1994-12-18,,REG,PIT,CLE,17,7,False,,fivethirtyeight,10,G005376
1994,1994-12-18,,REG,PHI,NYG,13,16,False,,fivethirtyeight,-3,G005377
1994,1994-12-18,,REG,ARI,CIN,28,7,False,,fivethirtyeight,21,G005378
1994,1994-12-19,,REG,NO,DAL,16,24,False,,fivethirtyeight,-8,G005379
1994,1994-12-24,,REG,CHI,NE,3,13,False,,fivethirtyeight,-10,G005380
1994,1994-12-24,,REG,IND,BUF,10,9,False,,fivethirtyeight,1,G005381
1994,1994-12-24,,REG,LAC,PIT,37,34,False,,fivethirtyeight,3,G005382
1994,1994-12-24,,REG,ATL,ARI,10,6,False,,fivethirtyeight,4,G005383
1994,1994-12-24,,REG,CIN,PHI,33,30,False,,fivethirtyeight,3,G005384
1994,1994-12-24,,REG,CLE,SEA,35,9,False,,fivethirtyeight,26,G005385
1994,1994-12-24,,REG,DEN,NO,28,30,False,,fivethirtyeight,-2,G005386
1994,1994-12-24,,REG,NYG,DAL,15,10,False,,fivethirtyeight,5,G005387
1994,1994-12-24,,REG,TEN,NYJ,24,10,False,,fivethirtyeight,14,G005388
1994,1994-12-24,,REG,OAK,KC,9,19,False,,fivethirtyeight,-10,G005389
1994,1994-12-24,,REG,TB,GB,19,34,False,,fivethirtyeight,-15,G005390
1994,1994-12-24,,REG,LAR,WSH,21,24,False,,fivethirtyeight,-3,G005391
1994,1994-12-25,,REG,MIA,DET,27,20,False,,fivethirtyeight,7,G005392
1994,1994-12-26,,REG,MIN,SF,21,14,False,,fivethirtyeight,7,G005393
1994,1994-12-31,,PLAYOFF,GB,DET,16,12,False,,fivethirtyeight,4,G005394
1994,1994-12-31,,PLAYOFF,MIA,KC,27,17,False,,fivethirtyeight,10,G005395
1994,1995-01-01,,PLAYOFF,CLE,NE,20,13,False,,fivethirtyeight,7,G005396
1994,1995-01-01,,PLAYOFF,MIN,CHI,18,35,False,,fivethirtyeight,-17,G005397
1994,1995-01-07,,PLAYOFF,SF,CHI,44,15,False,,fivethirtyeight,29,G005398
1994,1995-01-07,,PLAYOFF,PIT,CLE,29,9,False,,fivethirtyeight,20,G005399
1994,1995-01-08,,PLAYOFF,DAL,GB,35,9,False,,fivethirtyeight,26,G005400
1994,1995-01-08,,PLAYOFF,LAC,MIA,22,21,False,,fivethirtyeight,1,G005401
1994,1995-01-15,,PLAYOFF,SF,DAL,38,28,False,,fivethirtyeight,10,G005402
1994,1995-01-15,,PLAYOFF,PIT,LAC,13,17,False,,fivethirtyeight,-4,G005403
1994,1995-01-29,,PLAYOFF,SF,LAC,49,26,True,,fivethirtyeight,23,G005404
1995,1995-09-03,,REG,DEN,BUF,22,7,False,,fivethirtyeight,15,G005405
1995,1995-09-03,,REG,IND,CIN,21,24,False,,fivethirtyeight,-3,G005406
1995,1995-09-03,,REG,ATL,CAR,23,20,False,,fivethirtyeight,3,G005407
1995,1995-09-03,,REG,PIT,DET,23,20,False,,fivethirtyeight,3,G005408
1995,1995-09-03,,REG,PHI,TB,6,21,False,,fivethirtyeight,-15,G005409
1995,1995-09-03,,REG,NE,CLE,17,14,False,,fivethirtyeight,3,G005410
1995,1995-09-03,,REG,NO,SF,22,24,False,,fivethirtyeight,-2,G005411
1995,1995-09-03,,REG,OAK,LAC,17,7,False,,fivethirtyeight,10,G005412
1995,1995-09-03,,REG,SEA,KC,10,34,False,,fivethirtyeight,-24,G005413
1995,1995-09-03,,REG,CHI,MIN,31,14,False,,fivethirtyeight,17,G005414
1995,1995-09-03,,REG,WSH,ARI,27,7,False,,fivethirtyeight,20,G005415
1995,1995-09-03,,REG,JAX,TEN,3,10,False,,fivethirtyeight,-7,G005416
1995,1995-09-03,,REG,GB,LAR,14,17,False,,fivethirtyeight,-3,G005417
1995,1995-09-03,,REG,MIA,NYJ,52,14,False,,fivethirtyeight,38,G005418
1995,1995-09-04,,REG,NYG,DAL,0,35,False,,fivethirtyeight,-35,G005419
1995,1995-09-10,,REG,DAL,DEN,31,21,False,,fivethirtyeight,10,G005420
1995,1995-09-10,,REG,BUF,CAR,31,9,False,,fivethirtyeight,22,G005421
1995,1995-09-10,,REG,CIN,JAX,24,17,False,,fivethirtyeight,7,G005422
1995,1995-09-10,,REG,CLE,TB,22,6,False,,fivethirtyeight,16,G005423
1995,1995-09-10,,REG,ARI,PHI,19,31,False,,fivethirtyeight,-12,G005424
1995,1995-09-10,,REG,LAC,SEA,14,10,False,,fivethirtyeight,4,G005425
1995,1995-09-10,,REG,LAR,NO,17,13,False,,fivethirtyeight,4,G005426
1995,1995-09-10,,REG,MIN,DET,20,10,False,,fivethirtyeight,10,G005427
1995,1995-09-10,,REG,NE,MIA,3,20,False,,fivethirtyeight,-17,G005428
1995,1995-09-10,,REG,NYJ,IND,24,27,False,,fivethirtyeight,-3,G005429
1995,1995-09-10,,REG,TEN,PIT,17,34,False,,fivethirtyeight,-17,G005430
1995,1995-09-10,,REG,SF,ATL,41,10,False,,fivethirtyeight,31,G005431
1995,1995-09-10,,REG,WSH,OAK,8,20,False,,fivethirtyeight,-12,G005432
1995,1995-09-10,,REG,KC,NYG,20,17,False,,fivethirtyeight,3,G005433
1995,1995-09-11,,REG,CHI,GB,24,27,False,,fivethirtyeight,-3,G005434
1995,1995-09-17,,REG,TB,CHI,6,25,False,,fivethirtyeight,-19,G005435
1995,1995-09-17,,REG,NYJ,JAX,27,10,False,,fivethirtyeight,17,G005436
1995,1995-09-17,,REG,TEN,CLE,7,14,False,,fivethirtyeight,-7,G005437
1995,1995-09-17,,REG,SEA,CIN,24,21,False,,fivethirtyeight,3,G005438
1995,1995-09-17,,REG,SF,NE,28,3,False,,fivethirtyeight,25,G005439
1995,1995-09-17,,REG,PHI,LAC,21,27,False,,fivethirtyeight,-6,G005440
1995,1995-09-17,,REG,CAR,LAR,10,31,False,,fivethirtyeight,-21,G005441
1995,1995-09-17,,REG,BUF,IND,20,14,False,,fivethirtyeight,6,G005442
1995,1995-09-17,,REG,DEN,WSH,38,31,False,,fivethirtyeight,7,G005443
1995,1995-09-17,,REG,DET,ARI,17,20,False,,fivethirtyeight,-3,G005444
1995,1995-09-17,,REG,GB,NYG,14,6,False,,fivethirtyeight,8,G005445
1995,1995-09-17,,REG,KC,OAK,23,17,False,,fivethirtyeight,6,G005446
1995,1995-09-17,,REG,MIN,DAL,17,23,False,,fivethirtyeight,-6,G005447
1995,1995-09-17,,REG,NO,ATL,24,27,False,,fivethirtyeight,-3,G005448
1995,1995-09-18,,REG,MIA,PIT,23,10,False,,fivethirtyeight,13,G005449
1995,1995-09-24,,REG,PIT,MIN,24,44,False,,fivethirtyeight,-20,G005450
1995,1995-09-24,,REG,NYG,NO,45,29,False,,fivethirtyeight,16,G005451
1995,1995-09-24,,REG,JAX,GB,14,24,False,,fivethirtyeight,-10,G005452
1995,1995-09-24,,REG,TB,WSH,14,6,False,,fivethirtyeight,8,G005453
1995,1995-09-24,,REG,ATL,NYJ,13,3,False,,fivethirtyeight,10,G005454
1995,1995-09-24,,REG,OAK,PHI,48,17,False,,fivethirtyeight,31,G005455
1995,1995-09-24,,REG,LAR,CHI,34,28,False,,fivethirtyeight,6,G005456
1995,1995-09-24,,REG,CIN,TEN,28,38,False,,fivethirtyeight,-10,G005457
1995,1995-09-24,,REG,CLE,KC,35,17,False,,fivethirtyeight,18,G005458
1995,1995-09-24,,REG,DAL,ARI,34,20,False,,fivethirtyeight,14,G005459
1995,1995-09-24,,REG,LAC,DEN,17,6,False,,fivethirtyeight,11,G005460
1995,1995-09-25,,REG,DET,SF,27,24,False,,fivethirtyeight,3,G005461
1995,1995-10-01,,REG,SF,NYG,20,6,False,,fivethirtyeight,14,G005462
1995,1995-10-01,,REG,PIT,LAC,31,16,False,,fivethirtyeight,15,G005463
1995,1995-10-01,,REG,IND,LAR,21,18,False,,fivethirtyeight,3,G005464
1995,1995-10-01,,REG,ATL,NE,30,17,False,,fivethirtyeight,13,G005465
1995,1995-10-01,,REG,CAR,TB,13,20,False,,fivethirtyeight,-7,G005466
1995,1995-10-01,,REG,WSH,DAL,27,23,False,,fivethirtyeight,4,G005467
1995,1995-10-01,,REG,CIN,MIA,23,26,False,,fivethirtyeight,-3,G005468
1995,1995-10-01,,REG,ARI,KC,3,24,False,,fivethirtyeight,-21,G005469
1995,1995-10-01,,REG,NO,PHI,10,15,False,,fivethirtyeight,-5,G005470
1995,1995-10-01,,REG,NYJ,OAK,10,47,False,,fivethirtyeight,-37,G005471
1995,1995-10-01,,REG,TEN,JAX,16,17,False,,fivethirtyeight,-1,G005472
1995,1995-10-01,,REG,SEA,DEN,27,10,False,,fivethirtyeight,17,G005473
1995,1995-10-02,,REG,CLE,BUF,19,22,False,,fivethirtyeight,-3,G005474
1995,1995-10-08,,REG,PHI,WSH,37,34,False,,fivethirtyeight,3,G005475
1995,1995-10-08,,REG,CHI,CAR,31,27,False,,fivethirtyeight,4,G005476
1995,1995-10-08,,REG,DAL,GB,34,24,False,,fivethirtyeight,10,G005477
1995,1995-10-08,,REG,DET,CLE,38,20,False,,fivethirtyeight,18,G005478
1995,1995-10-08,,REG,JAX,PIT,20,16,False,,fivethirtyeight,4,G005479
1995,1995-10-08,,REG,MIA,IND,24,27,False,,fivethirtyeight,-3,G005480
1995,1995-10-08,,REG,MIN,TEN,23,17,False,,fivethirtyeight,6,G005481
1995,1995-10-08,,REG,NE,DEN,3,37,False,,fivethirtyeight,-34,G005482
1995,1995-10-08,,REG,NYG,ARI,27,21,False,,fivethirtyeight,6,G005483
1995,1995-10-08,,REG,OAK,SEA,34,14,False,,fivethirtyeight,20,G005484
1995,1995-10-08,,REG,TB,CIN,19,16,False,,fivethirtyeight,3,G005485
1995,1995-10-08,,REG,BUF,NYJ,29,10,False,,fivethirtyeight,19,G005486
1995,1995-10-09,,REG,KC,LAC,29,23,False,,fivethirtyeight,6,G005487
1995,1995-10-12,,REG,LAR,ATL,21,19,False,,fivethirtyeight,2,G005488
1995,1995-10-15,,REG,GB,DET,30,21,False,,fivethirtyeight,9,G005489
1995,1995-10-15,,REG,ARI,WSH,24,20,False,,fivethirtyeight,4,G005490
1995,1995-10-15,,REG,IND,SF,18,17,False,,fivethirtyeight,1,G005491
1995,1995-10-15,,REG,NYG,PHI,14,17,False,,fivethirtyeight,-3,G005492
1995,1995-10-15,,REG,TB,MIN,20,17,False,,fivethirtyeight,3,G005493
1995,1995-10-15,,REG,LAC,DAL,9,23,False,,fivethirtyeight,-14,G005494
1995,1995-10-15,,REG,NO,MIA,33,30,False,,fivethirtyeight,3,G005495
1995,1995-10-15,,REG,JAX,CHI,27,30,False,,fivethirtyeight,-3,G005496
1995,1995-10-15,,REG,CAR,NYJ,26,15,False,,fivethirtyeight,11,G005497
1995,1995-10-15,,REG,KC,NE,31,26,False,,fivethirtyeight,5,G005498
1995,1995-10-15,,REG,BUF,SEA,27,21,False,,fivethirtyeight,6,G005499
1995,1995-10-16,,REG,DEN,OAK,27,0,False,,fivethirtyeight,27,G005500
1995,1995-10-19,,REG,PIT,CIN,9,27,False,,fivethirtyeight,-18,G005501
1995,1995-10-22,,REG,CHI,TEN,35,32,False,,fivethirtyeight,3,G005502
1995,1995-10-22,,REG,CAR,NO,20,3,False,,fivethirtyeight,17,G005503
1995,1995-10-22,,REG,CLE,JAX,15,23,False,,fivethirtyeight,-8,G005504
1995,1995-10-22,,REG,DEN,KC,7,21,False,,fivethirtyeight,-14,G005505
1995,1995-10-22,,REG,GB,MIN,38,21,False,,fivethirtyeight,17,G005506
1995,1995-10-22,,REG,NYJ,MIA,17,16,False,,fivethirtyeight,1,G005507
1995,1995-10-22,,REG,OAK,IND,30,17,False,,fivethirtyeight,13,G005508
1995,1995-10-22,,REG,WSH,DET,36,30,False,,fivethirtyeight,6,G005509
1995,1995-10-22,,REG,SEA,LAC,25,35,False,,fivethirtyeight,-10,G005510
1995,1995-10-22,,REG,LAR,SF,10,44,False,,fivethirtyeight,-34,G005511
1995,1995-10-22,,REG,TB,ATL,21,24,False,,fivethirtyeight,-3,G005512
1995,1995-10-23,,REG,NE,BUF,27,14,False,,fivethirtyeight,13,G005513
1995,1995-10-29,,REG,NE,CAR,17,20,False,,fivethirtyeight,-3,G005514
1995,1995-10-29,,REG,PHI,LAR,20,9,False,,fivethirtyeight,11,G005515
1995,1995-10-29,,REG,WSH,NYG,15,24,False,,fivethirtyeight,-9,G005516
1995,1995-10-29,,REG,PIT,JAX,24,7,False,,fivethirtyeight,17,G005517
1995,1995-10-29,,REG,SF,NO,7,11,False,,fivethirtyeight,-4,G005518
1995,1995-10-29,,REG,MIA,BUF,23,6,False,,fivethirtyeight,17,G005519
1995,1995-10-29,,REG,TEN,TB,19,7,False,,fivethirtyeight,12,G005520
1995,1995-10-29,,REG,DET,GB,24,16,False,,fivethirtyeight,8,G005521
1995,1995-10-29,,REG,ARI,SEA,20,14,False,,fivethirtyeight,6,G005522
1995,1995-10-29,,REG,IND,NYJ,17,10,False,,fivethirtyeight,7,G005523
1995,1995-10-29,,REG,CIN,CLE,26,29,False,,fivethirtyeight,-3,G005524
1995,1995-10-29,,REG,ATL,DAL,13,28,False,,fivethirtyeight,-15,G005525
1995,1995-10-30,,REG,MIN,CHI,6,14,False,,fivethirtyeight,-8,G005526
1995,1995-11-05,,REG,KC,WSH,24,3,False,,fivethirtyeight,21,G005527
1995,1995-11-05,,REG,NO,LAR,19,10,False,,fivethirtyeight,9,G005528
1995,1995-11-05,,REG,ATL,DET,34,22,False,,fivethirtyeight,12,G005529
1995,1995-11-05,,REG,CHI,PIT,34,37,False,,fivethirtyeight,-3,G005530
1995,1995-11-05,,REG,CIN,OAK,17,20,False,,fivethirtyeight,-3,G005531
1995,1995-11-05,,REG,CLE,TEN,10,37,False,,fivethirtyeight,-27,G005532
1995,1995-11-05,,REG,LAC,MIA,14,24,False,,fivethirtyeight,-10,G005533
1995,1995-11-05,,REG,IND,BUF,10,16,False,,fivethirtyeight,-6,G005534
1995,1995-11-05,,REG,DEN,ARI,38,6,False,,fivethirtyeight,32,G005535
1995,1995-11-05,,REG,MIN,GB,27,24,False,,fivethirtyeight,3,G005536
1995,1995-11-05,,REG,NYJ,NE,7,20,False,,fivethirtyeight,-13,G005537
1995,1995-11-05,,REG,SEA,NYG,30,28,False,,fivethirtyeight,2,G005538
1995,1995-11-05,,REG,SF,CAR,7,13,False,,fivethirtyeight,-6,G005539
1995,1995-11-06,,REG,DAL,PHI,34,12,False,,fivethirtyeight,22,G005540
1995,1995-11-12,,REG,PHI,DEN,31,13,False,,fivethirtyeight,18,G005541
1995,1995-11-12,,REG,TEN,CIN,25,32,False,,fivethirtyeight,-7,G005542
1995,1995-11-12,,REG,GB,CHI,35,28,False,,fivethirtyeight,7,G005543
1995,1995-11-12,,REG,NYG,OAK,13,17,False,,fivethirtyeight,-4,G005544
1995,1995-11-12,,REG,MIA,NE,17,34,False,,fivethirtyeight,-17,G005545
1995,1995-11-12,,REG,ARI,MIN,24,30,False,,fivethirtyeight,-6,G005546
1995,1995-11-12,,REG,BUF,ATL,23,17,False,,fivethirtyeight,6,G005547
1995,1995-11-12,,REG,LAR,CAR,28,17,False,,fivethirtyeight,11,G005548
1995,1995-11-12,,REG,LAC,KC,7,22,False,,fivethirtyeight,-15,G005549
1995,1995-11-12,,REG,JAX,SEA,30,47,False,,fivethirtyeight,-17,G005550
1995,1995-11-12,,REG,NO,IND,17,14,False,,fivethirtyeight,3,G005551
1995,1995-11-12,,REG,DAL,SF,20,38,False,,fivethirtyeight,-18,G005552
1995,1995-11-12,,REG,DET,TB,27,24,False,,fivethirtyeight,3,G005553
1995,1995-11-13,,REG,PIT,CLE,20,3,False,,fivethirtyeight,17,G005554
1995,1995-11-19,,REG,CAR,ARI,27,7,False,,fivethirtyeight,20,G005555
1995,1995-11-19,,REG,CHI,DET,17,24,False,,fivethirtyeight,-7,G005556
1995,1995-11-19,,REG,CIN,PIT,31,49,False,,fivethirtyeight,-18,G005557
1995,1995-11-19,,REG,CLE,GB,20,31,False,,fivethirtyeight,-11,G005558
1995,1995-11-19,,REG,KC,TEN,20,13,False,,fivethirtyeight,7,G005559
1995,1995-11-19,,REG,MIN,NO,43,24,False,,fivethirtyeight,19,G005560
1995,1995-11-19,,REG,NE,IND,10,24,False,,fivethirtyeight,-14,G005561
1995,1995-11-19,,REG,ATL,LAR,31,6,False,,fivethirtyeight,25,G005562
1995,1995-11-19,,REG,DEN,LAC,30,27,False,,fivethirtyeight,3,G005563
1995,1995-11-19,,REG,NYJ,BUF,26,28,False,,fivethirtyeight,-2,G005564
1995,1995-11-19,,REG,PHI,NYG,28,19,False,,fivethirtyeight,9,G005565
1995,1995-11-19,,REG,OAK,DAL,21,34,False,,fivethirtyeight,-13,G005566
1995,1995-11-19,,REG,TB,JAX,17,16,False,,fivethirtyeight,1,G005567
1995,1995-11-19,,REG,WSH,SEA,20,27,False,,fivethirtyeight,-7,G005568
1995,1995-11-20,,REG,MIA,SF,20,44,False,,fivethirtyeight,-24,G005569
1995,1995-11-23,,REG,DET,MIN,44,38,False,,fivethirtyeight,6,G005570
1995,1995-11-23,,REG,DAL,KC,24,12,False,,fivethirtyeight,12,G005571
1995,1995-11-26,,REG,SEA,NYJ,10,16,False,,fivethirtyeight,-6,G005572
1995,1995-11-26,,REG,CLE,PIT,17,20,False,,fivethirtyeight,-3,G005573
1995,1995-11-26,,REG,IND,MIA,36,28,False,,fivethirtyeight,8,G005574
1995,1995-11-26,,REG,ARI,ATL,40,37,False,,fivethirtyeight,3,G005575
1995,1995-11-26,,REG,BUF,NE,25,35,False,,fivethirtyeight,-10,G005576
1995,1995-11-26,,REG,SF,LAR,41,13,False,,fivethirtyeight,28,G005577
1995,1995-11-26,,REG,WSH,PHI,7,14,False,,fivethirtyeight,-7,G005578
1995,1995-11-26,,REG,NYG,CHI,24,27,False,,fivethirtyeight,-3,G005579
1995,1995-11-26,,REG,TEN,DEN,42,33,False,,fivethirtyeight,9,G005580
1995,1995-11-26,,REG,GB,TB,35,13,False,,fivethirtyeight,22,G005581
1995,1995-11-26,,REG,JAX,CIN,13,17,False,,fivethirtyeight,-4,G005582
1995,1995-11-26,,REG,NO,CAR,34,26,False,,fivethirtyeight,8,G005583
1995,1995-11-27,,REG,LAC,OAK,12,6,False,,fivethirtyeight,6,G005584
1995,1995-11-30,,REG,ARI,NYG,6,10,False,,fivethirtyeight,-4,G005585
1995,1995-12-03,,REG,SF,BUF,27,17,False,,fivethirtyeight,10,G005586
1995,1995-12-03,,REG,SEA,PHI,26,14,False,,fivethirtyeight,12,G005587
1995,1995-12-03,,REG,NYJ,LAR,20,23,False,,fivethirtyeight,-3,G005588
1995,1995-12-03,,REG,CAR,IND,13,10,False,,fivethirtyeight,3,G005589
1995,1995-12-03,,REG,DAL,WSH,17,24,False,,fivethirtyeight,-7,G005590
1995,1995-12-03,,REG,DEN,JAX,31,23,False,,fivethirtyeight,8,G005591
1995,1995-12-03,,REG,GB,CIN,24,10,False,,fivethirtyeight,14,G005592
1995,1995-12-03,,REG,MIA,ATL,21,20,False,,fivethirtyeight,1,G005593
1995,1995-12-03,,REG,MIN,TB,31,17,False,,fivethirtyeight,14,G005594
1995,1995-12-03,,REG,NE,NO,17,31,False,,fivethirtyeight,-14,G005595
1995,1995-12-03,,REG,PIT,TEN,21,7,False,,fivethirtyeight,14,G005596
1995,1995-12-03,,REG,LAC,CLE,31,13,False,,fivethirtyeight,18,G005597
1995,1995-12-03,,REG,OAK,KC,23,29,False,,fivethirtyeight,-6,G005598
1995,1995-12-04,,REG,DET,CHI,27,7,False,,fivethirtyeight,20,G005599
1995,1995-12-09,,REG,MIN,CLE,27,11,False,,fivethirtyeight,16,G005600
1995,1995-12-09,,REG,LAC,ARI,28,25,False,,fivethirtyeight,3,G005601
1995,1995-12-10,,REG,CIN,CHI,16,10,False,,fivethirtyeight,6,G005602
1995,1995-12-10,,REG,NYG,WSH,20,13,False,,fivethirtyeight,7,G005603
1995,1995-12-10,,REG,DEN,SEA,27,31,False,,fivethirtyeight,-4,G005604
1995,1995-12-10,,REG,TEN,DET,17,24,False,,fivethirtyeight,-7,G005605
1995,1995-12-10,,REG,JAX,IND,31,41,False,,fivethirtyeight,-10,G005606
1995,1995-12-10,,REG,OAK,PIT,10,29,False,,fivethirtyeight,-19,G005607
1995,1995-12-10,,REG,NE,NYJ,31,28,False,,fivethirtyeight,3,G005608
1995,1995-12-10,,REG,TB,GB,13,10,False,,fivethirtyeight,3,G005609
1995,1995-12-10,,REG,LAR,BUF,27,45,False,,fivethirtyeight,-18,G005610
1995,1995-12-10,,REG,PHI,DAL,20,17,False,,fivethirtyeight,3,G005611
1995,1995-12-10,,REG,CAR,SF,10,31,False,,fivethirtyeight,-21,G005612
1995,1995-12-10,,REG,ATL,NO,19,14,False,,fivethirtyeight,5,G005613
1995,1995-12-11,,REG,MIA,KC,13,6,False,,fivethirtyeight,7,G005614
1995,1995-12-16,,REG,PIT,NE,41,27,False,,fivethirtyeight,14,G005615
1995,1995-12-16,,REG,NO,GB,23,34,False,,fivethirtyeight,-11,G005616
1995,1995-12-17,,REG,DAL,NYG,21,20,False,,fivethirtyeight,1,G005617
1995,1995-12-17,,REG,LAR,WSH,23,35,False,,fivethirtyeight,-12,G005618
1995,1995-12-17,,REG,KC,DEN,20,17,False,,fivethirtyeight,3,G005619
1995,1995-12-17,,REG,TEN,NYJ,23,6,False,,fivethirtyeight,17,G005620
1995,1995-12-17,,REG,PHI,ARI,21,20,False,,fivethirtyeight,1,G005621
1995,1995-12-17,,REG,SEA,OAK,44,10,False,,fivethirtyeight,34,G005622
1995,1995-12-17,,REG,BUF,MIA,23,20,False,,fivethirtyeight,3,G005623
1995,1995-12-17,,REG,CAR,ATL,21,17,False,,fivethirtyeight,4,G005624
1995,1995-12-17,,REG,CHI,TB,31,10,False,,fivethirtyeight,21,G005625
1995,1995-12-17,,REG,CLE,CIN,26,10,False,,fivethirtyeight,16,G005626
1995,1995-12-17,,REG,IND,LAC,24,27,False,,fivethirtyeight,-3,G005627
1995,1995-12-17,,REG,DET,JAX,44,0,False,,fivethirtyeight,44,G005628
1995,1995-12-18,,REG,SF,MIN,37,30,False,,fivethirtyeight,7,G005629
1995,1995-12-23,,REG,IND,NE,10,7,False,,fivethirtyeight,3,G005630
1995,1995-12-23,,REG,NYG,LAC,17,27,False,,fivethirtyeight,-10,G005631
1995,1995-12-23,,REG,TB,DET,10,37,False,,fivethirtyeight,-27,G005632
1995,1995-12-24,,REG,CHI,PHI,20,14,False,,fivethirtyeight,6,G005633
1995,1995-12-24,,REG,WSH,CAR,20,17,False,,fivethirtyeight,3,G005634
1995,1995-12-24,,REG,OAK,DEN,28,31,False,,fivethirtyeight,-3,G005635
1995,1995-12-24,,REG,NYJ,NO,0,12,False,,fivethirtyeight,-12,G005636
1995,1995-12-24,,REG,KC,SEA,26,3,False,,fivethirtyeight,23,G005637
1995,1995-12-24,,REG,JAX,CLE,24,21,False,,fivethirtyeight,3,G005638
1995,1995-12-24,,REG,GB,PIT,24,19,False,,fivethirtyeight,5,G005639
1995,1995-12-24,,REG,BUF,TEN,17,28,False,,fivethirtyeight,-11,G005640
1995,1995-12-24,,REG,ATL,SF,28,27,False,,fivethirtyeight,1,G005641
1995,1995-12-24,,REG,LAR,MIA,22,41,False,,fivethirtyeight,-19,G005642
1995,1995-12-24,,REG,CIN,MIN,27,24,False,,fivethirtyeight,3,G005643
1995,1995-12-25,,REG,ARI,DAL,13,37,False,,fivethirtyeight,-24,G005644
1995,1995-12-30,,PLAYOFF,BUF,MIA,37,22,False,,fivethirtyeight,15,G005645
1995,1995-12-30,,PLAYOFF,PHI,DET,58,37,False,,fivethirtyeight,21,G005646
1995,1995-12-31,,PLAYOFF,GB,ATL,37,20,False,,fivethirtyeight,17,G005647
1995,1995-12-31,,PLAYOFF,LAC,IND,20,35,False,,fivethirtyeight,-15,G005648
1995,1996-01-06,,PLAYOFF,PIT,BUF,40,21,False,,fivethirtyeight,19,G005649
1995,1996-01-06,,PLAYOFF,SF,GB,17,27,False,,fivethirtyeight,-10,G005650
1995,1996-01-07,,PLAYOFF,KC,IND,7,10,False,,fivethirtyeight,-3,G005651
1995,1996-01-07,,PLAYOFF,DAL,PHI,30,11,False,,fivethirtyeight,19,G005652
1995,1996-01-14,,PLAYOFF,DAL,GB,38,27,False,,fivethirtyeight,11,G005653
1995,1996-01-14,,PLAYOFF,PIT,IND,20,16,False,,fivethirtyeight,4,G005654
1995,1996-01-28,,PLAYOFF,PIT,DAL,17,27,True,,fivethirtyeight,-10,G005655
1996,1996-09-01,,REG,WSH,PHI,14,17,False,,fivethirtyeight,-3,G005656
1996,1996-09-01,,REG,DEN,NYJ,31,6,False,,fivethirtyeight,25,G005657
1996,1996-09-01,,REG,LAC,SEA,29,7,False,,fivethirtyeight,22,G005658
1996,1996-09-01,,REG,CAR,ATL,29,6,False,,fivethirtyeight,23,G005659
1996,1996-09-01,,REG,IND,ARI,20,13,False,,fivethirtyeight,7,G005660
1996,1996-09-01,,REG,JAX,PIT,24,9,False,,fivethirtyeight,15,G005661
1996,1996-09-01,,REG,MIA,NE,24,10,False,,fivethirtyeight,14,G005662
1996,1996-09-01,,REG,MIN,DET,17,13,False,,fivethirtyeight,4,G005663
1996,1996-09-01,,REG,NYG,BUF,20,23,False,,fivethirtyeight,-3,G005664
1996,1996-09-01,,REG,TEN,KC,19,20,False,,fivethirtyeight,-1,G005665
1996,1996-09-01,,REG,BAL,OAK,19,14,False,,fivethirtyeight,5,G005666
1996,1996-09-01,,REG,LAR,CIN,26,16,False,,fivethirtyeight,10,G005667
1996,1996-09-01,,REG,TB,GB,3,34,False,,fivethirtyeight,-31,G005668
1996,1996-09-01,,REG,SF,NO,27,11,False,,fivethirtyeight,16,G005669
1996,1996-09-02,,REG,CHI,DAL,22,6,False,,fivethirtyeight,16,G005670
1996,1996-09-08,,REG,ATL,MIN,17,23,False,,fivethirtyeight,-6,G005671
1996,1996-09-08,,REG,WSH,CHI,10,3,False,,fivethirtyeight,7,G005672
1996,1996-09-08,,REG,SEA,DEN,20,30,False,,fivethirtyeight,-10,G005673
1996,1996-09-08,,REG,LAC,CIN,27,14,False,,fivethirtyeight,13,G005674
1996,1996-09-08,,REG,DAL,NYG,27,0,False,,fivethirtyeight,27,G005675
1996,1996-09-08,,REG,SF,LAR,34,0,False,,fivethirtyeight,34,G005676
1996,1996-09-08,,REG,BUF,NE,17,10,False,,fivethirtyeight,7,G005677
1996,1996-09-08,,REG,PIT,BAL,31,17,False,,fivethirtyeight,14,G005678
1996,1996-09-08,,REG,NYJ,IND,7,21,False,,fivethirtyeight,-14,G005679
1996,1996-09-08,,REG,NO,CAR,20,22,False,,fivethirtyeight,-2,G005680
1996,1996-09-08,,REG,KC,OAK,19,3,False,,fivethirtyeight,16,G005681
1996,1996-09-08,,REG,JAX,TEN,27,34,False,,fivethirtyeight,-7,G005682
1996,1996-09-08,,REG,DET,TB,21,6,False,,fivethirtyeight,15,G005683
1996,1996-09-08,,REG,ARI,MIA,10,38,False,,fivethirtyeight,-28,G005684
1996,1996-09-09,,REG,GB,PHI,39,13,False,,fivethirtyeight,26,G005685
1996,1996-09-15,,REG,SEA,KC,17,35,False,,fivethirtyeight,-18,G005686
1996,1996-09-15,,REG,GB,LAC,42,10,False,,fivethirtyeight,32,G005687
1996,1996-09-15,,REG,OAK,JAX,17,3,False,,fivethirtyeight,14,G005688
1996,1996-09-15,,REG,PHI,DET,24,17,False,,fivethirtyeight,7,G005689
1996,1996-09-15,,REG,TEN,BAL,29,13,False,,fivethirtyeight,16,G005690
1996,1996-09-15,,REG,NYG,WSH,10,31,False,,fivethirtyeight,-21,G005691
1996,1996-09-15,,REG,NE,ARI,31,0,False,,fivethirtyeight,31,G005692
1996,1996-09-15,,REG,MIA,NYJ,36,27,False,,fivethirtyeight,9,G005693
1996,1996-09-15,,REG,DEN,TB,27,23,False,,fivethirtyeight,4,G005694
1996,1996-09-15,,REG,DAL,IND,24,25,False,,fivethirtyeight,-1,G005695
1996,1996-09-15,,REG,CIN,NO,30,15,False,,fivethirtyeight,15,G005696
1996,1996-09-15,,REG,CHI,MIN,14,20,False,,fivethirtyeight,-6,G005697
1996,1996-09-16,,REG,PIT,BUF,24,6,False,,fivethirtyeight,18,G005698
1996,1996-09-22,,REG,CAR,SF,23,7,False,,fivethirtyeight,16,G005699
1996,1996-09-22,,REG,ATL,PHI,18,33,False,,fivethirtyeight,-15,G005700
1996,1996-09-22,,REG,TB,SEA,13,17,False,,fivethirtyeight,-4,G005701
1996,1996-09-22,,REG,KC,DEN,17,14,False,,fivethirtyeight,3,G005702
1996,1996-09-22,,REG,DET,CHI,35,16,False,,fivethirtyeight,19,G005703
1996,1996-09-22,,REG,LAR,WSH,10,17,False,,fivethirtyeight,-7,G005704
1996,1996-09-22,,REG,BUF,DAL,10,7,False,,fivethirtyeight,3,G005705
1996,1996-09-22,,REG,OAK,LAC,34,40,False,,fivethirtyeight,-6,G005706
1996,1996-09-22,,REG,NYJ,NYG,6,13,False,,fivethirtyeight,-7,G005707
1996,1996-09-22,,REG,NE,JAX,28,25,False,,fivethirtyeight,3,G005708
1996,1996-09-22,,REG,NO,ARI,14,28,False,,fivethirtyeight,-14,G005709
1996,1996-09-22,,REG,MIN,GB,30,21,False,,fivethirtyeight,9,G005710
1996,1996-09-23,,REG,IND,MIA,10,6,False,,fivethirtyeight,4,G005711
1996,1996-09-29,,REG,ARI,LAR,31,28,False,,fivethirtyeight,3,G005712
1996,1996-09-29,,REG,JAX,CAR,24,14,False,,fivethirtyeight,10,G005713
1996,1996-09-29,,REG,WSH,NYJ,31,16,False,,fivethirtyeight,15,G005714
1996,1996-09-29,,REG,TB,DET,0,27,False,,fivethirtyeight,-27,G005715
1996,1996-09-29,,REG,SF,ATL,39,17,False,,fivethirtyeight,22,G005716
1996,1996-09-29,,REG,SEA,GB,10,31,False,,fivethirtyeight,-21,G005717
1996,1996-09-29,,REG,BAL,NO,17,10,False,,fivethirtyeight,7,G005718
1996,1996-09-29,,REG,PIT,TEN,30,16,False,,fivethirtyeight,14,G005719
1996,1996-09-29,,REG,NYG,MIN,15,10,False,,fivethirtyeight,5,G005720
1996,1996-09-29,,REG,CIN,DEN,10,14,False,,fivethirtyeight,-4,G005721
1996,1996-09-29,,REG,CHI,OAK,19,17,False,,fivethirtyeight,2,G005722
1996,1996-09-29,,REG,LAC,KC,22,19,False,,fivethirtyeight,3,G005723
1996,1996-09-30,,REG,PHI,DAL,19,23,False,,fivethirtyeight,-4,G005724
1996,1996-10-06,,REG,BAL,NE,38,46,False,,fivethirtyeight,-8,G005725
1996,1996-10-06,,REG,DEN,LAC,28,17,False,,fivethirtyeight,11,G005726
1996,1996-10-06,,REG,LAR,SF,11,28,False,,fivethirtyeight,-17,G005727
1996,1996-10-06,,REG,CHI,GB,6,37,False,,fivethirtyeight,-31,G005728
1996,1996-10-06,,REG,CIN,TEN,27,30,False,,fivethirtyeight,-3,G005729
1996,1996-10-06,,REG,DET,ATL,28,24,False,,fivethirtyeight,4,G005730
1996,1996-10-06,,REG,BUF,IND,16,13,False,,fivethirtyeight,3,G005731
1996,1996-10-06,,REG,NYJ,OAK,13,34,False,,fivethirtyeight,-21,G005732
1996,1996-10-06,,REG,NO,JAX,17,13,False,,fivethirtyeight,4,G005733
1996,1996-10-06,,REG,MIN,CAR,14,12,False,,fivethirtyeight,2,G005734
1996,1996-10-06,,REG,MIA,SEA,15,22,False,,fivethirtyeight,-7,G005735
1996,1996-10-07,,REG,KC,PIT,7,17,False,,fivethirtyeight,-10,G005736
1996,1996-10-13,,REG,JAX,NYJ,21,17,False,,fivethirtyeight,4,G005737
1996,1996-10-13,,REG,CAR,LAR,45,13,False,,fivethirtyeight,32,G005738
1996,1996-10-13,,REG,ATL,TEN,13,23,False,,fivethirtyeight,-10,G005739
1996,1996-10-13,,REG,BUF,MIA,7,21,False,,fivethirtyeight,-14,G005740
1996,1996-10-13,,REG,IND,BAL,26,21,False,,fivethirtyeight,5,G005741
1996,1996-10-13,,REG,DAL,ARI,17,3,False,,fivethirtyeight,14,G005742
1996,1996-10-13,,REG,NO,CHI,27,24,False,,fivethirtyeight,3,G005743
1996,1996-10-13,,REG,NE,WSH,22,27,False,,fivethirtyeight,-5,G005744
1996,1996-10-13,,REG,NYG,PHI,10,19,False,,fivethirtyeight,-9,G005745
1996,1996-10-13,,REG,PIT,CIN,20,10,False,,fivethirtyeight,10,G005746
1996,1996-10-13,,REG,OAK,DET,37,21,False,,fivethirtyeight,16,G005747
1996,1996-10-13,,REG,TB,MIN,24,13,False,,fivethirtyeight,11,G005748
1996,1996-10-14,,REG,GB,SF,23,20,False,,fivethirtyeight,3,G005749
1996,1996-10-17,,REG,KC,SEA,34,16,False,,fivethirtyeight,18,G005750
1996,1996-10-20,,REG,TEN,PIT,23,13,False,,fivethirtyeight,10,G005751
1996,1996-10-20,,REG,WSH,NYG,31,21,False,,fivethirtyeight,10,G005752
1996,1996-10-20,,REG,ARI,TB,13,9,False,,fivethirtyeight,4,G005753
1996,1996-10-20,,REG,SF,CIN,28,21,False,,fivethirtyeight,7,G005754
1996,1996-10-20,,REG,PHI,MIA,35,28,False,,fivethirtyeight,7,G005755
1996,1996-10-20,,REG,DAL,ATL,32,28,False,,fivethirtyeight,4,G005756
1996,1996-10-20,,REG,DEN,BAL,45,34,False,,fivethirtyeight,11,G005757
1996,1996-10-20,,REG,CAR,NO,19,7,False,,fivethirtyeight,12,G005758
1996,1996-10-20,,REG,LAR,JAX,17,14,False,,fivethirtyeight,3,G005759
1996,1996-10-20,,REG,IND,NE,9,27,False,,fivethirtyeight,-18,G005760
1996,1996-10-20,,REG,NYJ,BUF,22,25,False,,fivethirtyeight,-3,G005761
1996,1996-10-21,,REG,LAC,OAK,14,23,False,,fivethirtyeight,-9,G005762
1996,1996-10-27,,REG,ARI,NYJ,21,31,False,,fivethirtyeight,-10,G005763
1996,1996-10-27,,REG,ATL,PIT,17,20,False,,fivethirtyeight,-3,G005764
1996,1996-10-27,,REG,BAL,LAR,37,31,False,,fivethirtyeight,6,G005765
1996,1996-10-27,,REG,WSH,IND,31,16,False,,fivethirtyeight,15,G005766
1996,1996-10-27,,REG,PHI,CAR,20,9,False,,fivethirtyeight,11,G005767
1996,1996-10-27,,REG,TEN,SF,9,10,False,,fivethirtyeight,-1,G005768
1996,1996-10-27,,REG,SEA,LAC,32,13,False,,fivethirtyeight,19,G005769
1996,1996-10-27,,REG,NE,BUF,28,25,False,,fivethirtyeight,3,G005770
1996,1996-10-27,,REG,MIA,DAL,10,29,False,,fivethirtyeight,-19,G005771
1996,1996-10-27,,REG,GB,TB,13,7,False,,fivethirtyeight,6,G005772
1996,1996-10-27,,REG,DET,NYG,7,35,False,,fivethirtyeight,-28,G005773
1996,1996-10-27,,REG,DEN,KC,34,7,False,,fivethirtyeight,27,G005774
1996,1996-10-27,,REG,CIN,JAX,28,21,False,,fivethirtyeight,7,G005775
1996,1996-10-28,,REG,MIN,CHI,13,15,False,,fivethirtyeight,-2,G005776
1996,1996-11-03,,REG,MIN,KC,6,21,False,,fivethirtyeight,-15,G005777
1996,1996-11-03,,REG,PIT,LAR,42,6,False,,fivethirtyeight,36,G005778
1996,1996-11-03,,REG,DAL,PHI,21,31,False,,fivethirtyeight,-10,G005779
1996,1996-11-03,,REG,IND,LAC,19,26,False,,fivethirtyeight,-7,G005780
1996,1996-11-03,,REG,SEA,TEN,23,16,False,,fivethirtyeight,7,G005781
1996,1996-11-03,,REG,BAL,CIN,21,24,False,,fivethirtyeight,-3,G005782
1996,1996-11-03,,REG,NYG,ARI,16,8,False,,fivethirtyeight,8,G005783
1996,1996-11-03,,REG,NE,MIA,42,23,False,,fivethirtyeight,19,G005784
1996,1996-11-03,,REG,NO,SF,17,24,False,,fivethirtyeight,-7,G005785
1996,1996-11-03,,REG,GB,DET,28,18,False,,fivethirtyeight,10,G005786
1996,1996-11-03,,REG,CHI,TB,13,10,False,,fivethirtyeight,3,G005787
1996,1996-11-03,,REG,BUF,WSH,38,13,False,,fivethirtyeight,25,G005788
1996,1996-11-03,,REG,ATL,CAR,20,17,False,,fivethirtyeight,3,G005789
1996,1996-11-04,,REG,OAK,DEN,21,22,False,,fivethirtyeight,-1,G005790
1996,1996-11-10,,REG,WSH,ARI,34,37,False,,fivethirtyeight,-3,G005791
1996,1996-11-10,,REG,TB,OAK,20,17,False,,fivethirtyeight,3,G005792
1996,1996-11-10,,REG,SF,DAL,17,20,False,,fivethirtyeight,-3,G005793
1996,1996-11-10,,REG,SEA,MIN,42,23,False,,fivethirtyeight,19,G005794
1996,1996-11-10,,REG,NYJ,NE,27,31,False,,fivethirtyeight,-4,G005795
1996,1996-11-10,,REG,NO,TEN,14,31,False,,fivethirtyeight,-17,G005796
1996,1996-11-10,,REG,MIA,IND,37,13,False,,fivethirtyeight,24,G005797
1996,1996-11-10,,REG,KC,GB,27,20,False,,fivethirtyeight,7,G005798
1996,1996-11-10,,REG,JAX,BAL,30,27,False,,fivethirtyeight,3,G005799
1996,1996-11-10,,REG,DEN,CHI,17,12,False,,fivethirtyeight,5,G005800
1996,1996-11-10,,REG,CIN,PIT,34,24,False,,fivethirtyeight,10,G005801
1996,1996-11-10,,REG,CAR,NYG,27,17,False,,fivethirtyeight,10,G005802
1996,1996-11-10,,REG,PHI,BUF,17,24,False,,fivethirtyeight,-7,G005803
1996,1996-11-10,,REG,LAR,ATL,59,16,False,,fivethirtyeight,43,G005804
1996,1996-11-11,,REG,LAC,DET,27,21,False,,fivethirtyeight,6,G005805
1996,1996-11-17,,REG,OAK,MIN,13,16,False,,fivethirtyeight,-3,G005806
1996,1996-11-17,,REG,LAR,CAR,10,20,False,,fivethirtyeight,-10,G005807
1996,1996-11-17,,REG,SF,BAL,38,20,False,,fivethirtyeight,18,G005808
1996,1996-11-17,,REG,PIT,JAX,28,3,False,,fivethirtyeight,25,G005809
1996,1996-11-17,,REG,PHI,WSH,21,26,False,,fivethirtyeight,-5,G005810
1996,1996-11-17,,REG,TEN,MIA,20,23,False,,fivethirtyeight,-3,G005811
1996,1996-11-17,,REG,NE,DEN,8,34,False,,fivethirtyeight,-26,G005812
1996,1996-11-17,,REG,KC,CHI,14,10,False,,fivethirtyeight,4,G005813
1996,1996-11-17,,REG,DET,SEA,17,16,False,,fivethirtyeight,1,G005814
1996,1996-11-17,,REG,ARI,NYG,31,23,False,,fivethirtyeight,8,G005815
1996,1996-11-17,,REG,IND,NYJ,34,29,False,,fivethirtyeight,5,G005816
1996,1996-11-17,,REG,BUF,CIN,31,17,False,,fivethirtyeight,14,G005817
1996,1996-11-17,,REG,ATL,NO,17,15,False,,fivethirtyeight,2,G005818
1996,1996-11-17,,REG,LAC,TB,17,25,False,,fivethirtyeight,-8,G005819
1996,1996-11-18,,REG,DAL,GB,21,6,False,,fivethirtyeight,15,G005820
1996,1996-11-24,,REG,SEA,OAK,21,27,False,,fivethirtyeight,-6,G005821
1996,1996-11-24,,REG,LAR,GB,9,24,False,,fivethirtyeight,-15,G005822
1996,1996-11-24,,REG,WSH,SF,16,19,False,,fivethirtyeight,-3,G005823
1996,1996-11-24,,REG,TB,NO,13,7,False,,fivethirtyeight,6,G005824
1996,1996-11-24,,REG,BAL,JAX,25,28,False,,fivethirtyeight,-3,G005825
1996,1996-11-24,,REG,TEN,CAR,6,31,False,,fivethirtyeight,-25,G005826
1996,1996-11-24,,REG,NYG,DAL,20,6,False,,fivethirtyeight,14,G005827
1996,1996-11-24,,REG,NE,IND,27,13,False,,fivethirtyeight,14,G005828
1996,1996-11-24,,REG,MIN,DEN,17,21,False,,fivethirtyeight,-4,G005829
1996,1996-11-24,,REG,ARI,PHI,36,30,False,,fivethirtyeight,6,G005830
1996,1996-11-24,,REG,CIN,ATL,41,31,False,,fivethirtyeight,10,G005831
1996,1996-11-24,,REG,CHI,DET,31,14,False,,fivethirtyeight,17,G005832
1996,1996-11-24,,REG,BUF,NYJ,35,10,False,,fivethirtyeight,25,G005833
1996,1996-11-24,,REG,KC,LAC,14,28,False,,fivethirtyeight,-14,G005834
1996,1996-11-25,,REG,MIA,PIT,17,24,False,,fivethirtyeight,-7,G005835
1996,1996-11-28,,REG,DAL,WSH,21,10,False,,fivethirtyeight,11,G005836
1996,1996-11-28,,REG,DET,KC,24,28,False,,fivethirtyeight,-4,G005837
1996,1996-12-01,,REG,PHI,NYG,24,0,False,,fivethirtyeight,24,G005838
1996,1996-12-01,,REG,NYJ,TEN,10,35,False,,fivethirtyeight,-25,G005839
1996,1996-12-01,,REG,MIN,ARI,41,17,False,,fivethirtyeight,24,G005840
1996,1996-12-01,,REG,JAX,CIN,30,27,False,,fivethirtyeight,3,G005841
1996,1996-12-01,,REG,GB,CHI,28,17,False,,fivethirtyeight,11,G005842
1996,1996-12-01,,REG,DEN,SEA,34,7,False,,fivethirtyeight,27,G005843
1996,1996-12-01,,REG,IND,BUF,13,10,False,,fivethirtyeight,3,G005844
1996,1996-12-01,,REG,CAR,TB,24,0,False,,fivethirtyeight,24,G005845
1996,1996-12-01,,REG,BAL,PIT,31,17,False,,fivethirtyeight,14,G005846
1996,1996-12-01,,REG,LAC,NE,7,45,False,,fivethirtyeight,-38,G005847
1996,1996-12-01,,REG,NO,LAR,10,26,False,,fivethirtyeight,-16,G005848
1996,1996-12-01,,REG,OAK,MIA,17,7,False,,fivethirtyeight,10,G005849
1996,1996-12-02,,REG,ATL,SF,10,34,False,,fivethirtyeight,-24,G005850
1996,1996-12-05,,REG,IND,PHI,37,10,False,,fivethirtyeight,27,G005851
1996,1996-12-08,,REG,TEN,JAX,17,23,False,,fivethirtyeight,-6,G005852
1996,1996-12-08,,REG,NE,NYJ,34,10,False,,fivethirtyeight,24,G005853
1996,1996-12-08,,REG,NO,ATL,15,31,False,,fivethirtyeight,-16,G005854
1996,1996-12-08,,REG,MIA,NYG,7,17,False,,fivethirtyeight,-10,G005855
1996,1996-12-08,,REG,GB,DEN,41,6,False,,fivethirtyeight,35,G005856
1996,1996-12-08,,REG,DET,MIN,22,24,False,,fivethirtyeight,-2,G005857
1996,1996-12-08,,REG,CHI,LAR,35,9,False,,fivethirtyeight,26,G005858
1996,1996-12-08,,REG,CIN,BAL,21,14,False,,fivethirtyeight,7,G005859
1996,1996-12-08,,REG,SEA,BUF,26,18,False,,fivethirtyeight,8,G005860
1996,1996-12-08,,REG,TB,WSH,24,10,False,,fivethirtyeight,14,G005861
1996,1996-12-08,,REG,SF,CAR,24,30,False,,fivethirtyeight,-6,G005862
1996,1996-12-08,,REG,PIT,LAC,16,3,False,,fivethirtyeight,13,G005863
1996,1996-12-08,,REG,ARI,DAL,6,10,False,,fivethirtyeight,-4,G005864
1996,1996-12-09,,REG,OAK,KC,26,7,False,,fivethirtyeight,19,G005865
1996,1996-12-14,,REG,NYJ,PHI,20,21,False,,fivethirtyeight,-1,G005866
1996,1996-12-14,,REG,CHI,LAC,27,14,False,,fivethirtyeight,13,G005867
1996,1996-12-15,,REG,DEN,OAK,24,19,False,,fivethirtyeight,5,G005868
1996,1996-12-15,,REG,JAX,SEA,20,13,False,,fivethirtyeight,7,G005869
1996,1996-12-15,,REG,PIT,SF,15,25,False,,fivethirtyeight,-10,G005870
1996,1996-12-15,,REG,TEN,CIN,13,21,False,,fivethirtyeight,-8,G005871
1996,1996-12-15,,REG,NYG,NO,3,17,False,,fivethirtyeight,-14,G005872
1996,1996-12-15,,REG,MIN,TB,21,10,False,,fivethirtyeight,11,G005873
1996,1996-12-15,,REG,KC,IND,19,24,False,,fivethirtyeight,-5,G005874
1996,1996-12-15,,REG,DET,GB,3,31,False,,fivethirtyeight,-28,G005875
1996,1996-12-15,,REG,DAL,NE,12,6,False,,fivethirtyeight,6,G005876
1996,1996-12-15,,REG,ARI,WSH,27,26,False,,fivethirtyeight,1,G005877
1996,1996-12-15,,REG,CAR,BAL,27,16,False,,fivethirtyeight,11,G005878
1996,1996-12-15,,REG,ATL,LAR,27,34,False,,fivethirtyeight,-7,G005879
1996,1996-12-16,,REG,MIA,BUF,16,14,False,,fivethirtyeight,2,G005880
1996,1996-12-21,,REG,NYG,NE,22,23,False,,fivethirtyeight,-1,G005881
1996,1996-12-21,,REG,LAR,NO,14,13,False,,fivethirtyeight,1,G005882
1996,1996-12-22,,REG,WSH,DAL,37,10,False,,fivethirtyeight,27,G005883
1996,1996-12-22,,REG,GB,MIN,38,10,False,,fivethirtyeight,28,G005884
1996,1996-12-22,,REG,TB,CHI,34,19,False,,fivethirtyeight,15,G005885
1996,1996-12-22,,REG,OAK,SEA,21,28,False,,fivethirtyeight,-7,G005886
1996,1996-12-22,,REG,PHI,ARI,29,19,False,,fivethirtyeight,10,G005887
1996,1996-12-22,,REG,NYJ,MIA,28,31,False,,fivethirtyeight,-3,G005888
1996,1996-12-22,,REG,JAX,ATL,19,17,False,,fivethirtyeight,2,G005889
1996,1996-12-22,,REG,BUF,KC,20,9,False,,fivethirtyeight,11,G005890
1996,1996-12-22,,REG,CIN,IND,31,24,False,,fivethirtyeight,7,G005891
1996,1996-12-22,,REG,LAC,DEN,16,10,False,,fivethirtyeight,6,G005892
1996,1996-12-22,,REG,BAL,TEN,21,24,False,,fivethirtyeight,-3,G005893
1996,1996-12-22,,REG,CAR,PIT,18,14,False,,fivethirtyeight,4,G005894
1996,1996-12-23,,REG,SF,DET,24,14,False,,fivethirtyeight,10,G005895
1996,1996-12-28,,PLAYOFF,BUF,JAX,27,30,False,,fivethirtyeight,-3,G005896
1996,1996-12-28,,PLAYOFF,DAL,MIN,40,15,False,,fivethirtyeight,25,G005897
1996,1996-12-29,,PLAYOFF,SF,PHI,14,0,False,,fivethirtyeight,14,G005898
1996,1996-12-29,,PLAYOFF,PIT,IND,42,14,False,,fivethirtyeight,28,G005899
1996,1997-01-04,,PLAYOFF,DEN,JAX,27,30,False,,fivethirtyeight,-3,G005900
1996,1997-01-04,,PLAYOFF,GB,SF,35,14,False,,fivethirtyeight,21,G005901
1996,1997-01-05,,PLAYOFF,NE,PIT,28,3,False,,fivethirtyeight,25,G005902
1996,1997-01-05,,PLAYOFF,CAR,DAL,26,17,False,,fivethirtyeight,9,G005903
1996,1997-01-12,,PLAYOFF,GB,CAR,30,13,False,,fivethirtyeight,17,G005904
1996,1997-01-12,,PLAYOFF,NE,JAX,20,6,False,,fivethirtyeight,14,G005905
1996,1997-01-26,,PLAYOFF,NE,GB,21,35,True,,fivethirtyeight,-14,G005906
1997,1997-08-31,,REG,DET,ATL,28,17,False,,fivethirtyeight,11,G005907
1997,1997-08-31,,REG,LAR,NO,38,24,False,,fivethirtyeight,14,G005908
1997,1997-08-31,,REG,TB,SF,13,6,False,,fivethirtyeight,7,G005909
1997,1997-08-31,,REG,PIT,DAL,7,37,False,,fivethirtyeight,-30,G005910
1997,1997-08-31,,REG,TEN,OAK,24,21,False,,fivethirtyeight,3,G005911
1997,1997-08-31,,REG,SEA,NYJ,3,41,False,,fivethirtyeight,-38,G005912
1997,1997-08-31,,REG,NYG,PHI,31,17,False,,fivethirtyeight,14,G005913
1997,1997-08-31,,REG,MIA,IND,16,10,False,,fivethirtyeight,6,G005914
1997,1997-08-31,,REG,BAL,JAX,27,28,False,,fivethirtyeight,-1,G005915
1997,1997-08-31,,REG,CIN,ARI,24,21,False,,fivethirtyeight,3,G005916
1997,1997-08-31,,REG,CAR,WSH,10,24,False,,fivethirtyeight,-14,G005917
1997,1997-08-31,,REG,BUF,MIN,13,34,False,,fivethirtyeight,-21,G005918
1997,1997-08-31,,REG,DEN,KC,19,3,False,,fivethirtyeight,16,G005919
1997,1997-08-31,,REG,NE,LAC,41,7,False,,fivethirtyeight,34,G005920
1997,1997-09-01,,REG,GB,CHI,38,24,False,,fivethirtyeight,14,G005921
1997,1997-09-07,,REG,NYJ,BUF,22,28,False,,fivethirtyeight,-6,G005922
1997,1997-09-07,,REG,JAX,NYG,40,13,False,,fivethirtyeight,27,G005923
1997,1997-09-07,,REG,DET,TB,17,24,False,,fivethirtyeight,-7,G005924
1997,1997-09-07,,REG,ARI,DAL,25,22,False,,fivethirtyeight,3,G005925
1997,1997-09-07,,REG,IND,NE,6,31,False,,fivethirtyeight,-25,G005926
1997,1997-09-07,,REG,CHI,MIN,24,27,False,,fivethirtyeight,-3,G005927
1997,1997-09-07,,REG,MIA,TEN,16,13,False,,fivethirtyeight,3,G005928
1997,1997-09-07,,REG,BAL,CIN,23,10,False,,fivethirtyeight,13,G005929
1997,1997-09-07,,REG,PHI,GB,10,9,False,,fivethirtyeight,1,G005930
1997,1997-09-07,,REG,SEA,DEN,14,35,False,,fivethirtyeight,-21,G005931
1997,1997-09-07,,REG,PIT,WSH,14,13,False,,fivethirtyeight,1,G005932
1997,1997-09-07,,REG,ATL,CAR,6,9,False,,fivethirtyeight,-3,G005933
1997,1997-09-07,,REG,LAR,SF,12,15,False,,fivethirtyeight,-3,G005934
1997,1997-09-07,,REG,NO,LAC,6,20,False,,fivethirtyeight,-14,G005935
1997,1997-09-08,,REG,OAK,KC,27,28,False,,fivethirtyeight,-1,G005936
1997,1997-09-14,,REG,NE,NYJ,27,24,False,,fivethirtyeight,3,G005937
1997,1997-09-14,,REG,CHI,DET,7,32,False,,fivethirtyeight,-25,G005938
1997,1997-09-14,,REG,ATL,OAK,31,36,False,,fivethirtyeight,-5,G005939
1997,1997-09-14,,REG,IND,SEA,3,31,False,,fivethirtyeight,-28,G005940
1997,1997-09-14,,REG,GB,MIA,23,18,False,,fivethirtyeight,5,G005941
1997,1997-09-14,,REG,KC,BUF,22,16,False,,fivethirtyeight,6,G005942
1997,1997-09-14,,REG,LAC,CAR,7,26,False,,fivethirtyeight,-19,G005943
1997,1997-09-14,,REG,DEN,LAR,35,14,False,,fivethirtyeight,21,G005944
1997,1997-09-14,,REG,WSH,ARI,19,13,False,,fivethirtyeight,6,G005945
1997,1997-09-14,,REG,SF,NO,33,7,False,,fivethirtyeight,26,G005946
1997,1997-09-14,,REG,NYG,BAL,23,24,False,,fivethirtyeight,-1,G005947
1997,1997-09-14,,REG,MIN,TB,14,28,False,,fivethirtyeight,-14,G005948
1997,1997-09-15,,REG,DAL,PHI,21,20,False,,fivethirtyeight,1,G005949
1997,1997-09-21,,REG,TB,MIA,31,21,False,,fivethirtyeight,10,G005950
1997,1997-09-21,,REG,SF,ATL,34,7,False,,fivethirtyeight,27,G005951
1997,1997-09-21,,REG,TEN,BAL,10,36,False,,fivethirtyeight,-26,G005952
1997,1997-09-21,,REG,GB,MIN,38,32,False,,fivethirtyeight,6,G005953
1997,1997-09-21,,REG,NO,DET,35,17,False,,fivethirtyeight,18,G005954
1997,1997-09-21,,REG,NYJ,OAK,23,22,False,,fivethirtyeight,1,G005955
1997,1997-09-21,,REG,LAR,NYG,13,3,False,,fivethirtyeight,10,G005956
1997,1997-09-21,,REG,SEA,LAC,26,22,False,,fivethirtyeight,4,G005957
1997,1997-09-21,,REG,NE,CHI,31,3,False,,fivethirtyeight,28,G005958
1997,1997-09-21,,REG,CAR,KC,14,35,False,,fivethirtyeight,-21,G005959
1997,1997-09-21,,REG,BUF,IND,37,35,False,,fivethirtyeight,2,G005960
1997,1997-09-21,,REG,DEN,CIN,38,20,False,,fivethirtyeight,18,G005961
1997,1997-09-22,,REG,JAX,PIT,30,21,False,,fivethirtyeight,9,G005962
1997,1997-09-28,,REG,OAK,LAR,35,17,False,,fivethirtyeight,18,G005963
1997,1997-09-28,,REG,WSH,JAX,24,12,False,,fivethirtyeight,12,G005964
1997,1997-09-28,,REG,TB,ARI,19,18,False,,fivethirtyeight,1,G005965
1997,1997-09-28,,REG,PIT,TEN,37,24,False,,fivethirtyeight,13,G005966
1997,1997-09-28,,REG,NYG,NO,14,9,False,,fivethirtyeight,5,G005967
1997,1997-09-28,,REG,MIN,PHI,28,19,False,,fivethirtyeight,9,G005968
1997,1997-09-28,,REG,KC,SEA,20,17,False,,fivethirtyeight,3,G005969
1997,1997-09-28,,REG,DET,GB,26,15,False,,fivethirtyeight,11,G005970
1997,1997-09-28,,REG,DAL,CHI,27,3,False,,fivethirtyeight,24,G005971
1997,1997-09-28,,REG,CIN,NYJ,14,31,False,,fivethirtyeight,-17,G005972
1997,1997-09-28,,REG,ATL,DEN,21,29,False,,fivethirtyeight,-8,G005973
1997,1997-09-28,,REG,LAC,BAL,21,17,False,,fivethirtyeight,4,G005974
1997,1997-09-29,,REG,CAR,SF,21,34,False,,fivethirtyeight,-13,G005975
1997,1997-10-05,,REG,CHI,NO,17,20,False,,fivethirtyeight,-3,G005976
1997,1997-10-05,,REG,IND,NYJ,12,16,False,,fivethirtyeight,-4,G005977
1997,1997-10-05,,REG,OAK,LAC,10,25,False,,fivethirtyeight,-15,G005978
1997,1997-10-05,,REG,ARI,MIN,19,20,False,,fivethirtyeight,-1,G005979
1997,1997-10-05,,REG,GB,TB,21,16,False,,fivethirtyeight,5,G005980
1997,1997-10-05,,REG,JAX,CIN,21,13,False,,fivethirtyeight,8,G005981
1997,1997-10-05,,REG,MIA,KC,17,14,False,,fivethirtyeight,3,G005982
1997,1997-10-05,,REG,NYG,DAL,20,17,False,,fivethirtyeight,3,G005983
1997,1997-10-05,,REG,PHI,WSH,24,10,False,,fivethirtyeight,14,G005984
1997,1997-10-05,,REG,BAL,PIT,34,42,False,,fivethirtyeight,-8,G005985
1997,1997-10-05,,REG,SEA,TEN,16,13,False,,fivethirtyeight,3,G005986
1997,1997-10-05,,REG,BUF,DET,22,13,False,,fivethirtyeight,9,G005987
1997,1997-10-06,,REG,DEN,NE,34,13,False,,fivethirtyeight,21,G005988
1997,1997-10-12,,REG,SF,LAR,30,10,False,,fivethirtyeight,20,G005989
1997,1997-10-12,,REG,TB,DET,9,27,False,,fivethirtyeight,-18,G005990
1997,1997-10-12,,REG,PIT,IND,24,22,False,,fivethirtyeight,2,G005991
1997,1997-10-12,,REG,TEN,CIN,30,7,False,,fivethirtyeight,23,G005992
1997,1997-10-12,,REG,NYJ,MIA,20,31,False,,fivethirtyeight,-11,G005993
1997,1997-10-12,,REG,NE,BUF,33,6,False,,fivethirtyeight,27,G005994
1997,1997-10-12,,REG,NO,ATL,17,23,False,,fivethirtyeight,-6,G005995
1997,1997-10-12,,REG,MIN,CAR,21,14,False,,fivethirtyeight,7,G005996
1997,1997-10-12,,REG,JAX,PHI,38,21,False,,fivethirtyeight,17,G005997
1997,1997-10-12,,REG,CHI,GB,23,24,False,,fivethirtyeight,-1,G005998
1997,1997-10-12,,REG,ARI,NYG,13,27,False,,fivethirtyeight,-14,G005999
1997,1997-10-13,,REG,WSH,DAL,21,16,False,,fivethirtyeight,5,G006000
1997,1997-10-16,,REG,KC,LAC,31,3,False,,fivethirtyeight,28,G006001
1997,1997-10-19,,REG,DET,NYG,20,26,False,,fivethirtyeight,-6,G006002
1997,1997-10-19,,REG,BAL,MIA,13,24,False,,fivethirtyeight,-11,G006003
1997,1997-10-19,,REG,OAK,DEN,28,25,False,,fivethirtyeight,3,G006004
1997,1997-10-19,,REG,NO,CAR,0,13,False,,fivethirtyeight,-13,G006005
1997,1997-10-19,,REG,PHI,ARI,13,10,False,,fivethirtyeight,3,G006006
1997,1997-10-19,,REG,LAR,SEA,9,17,False,,fivethirtyeight,-8,G006007
1997,1997-10-19,,REG,TEN,WSH,28,14,False,,fivethirtyeight,14,G006008
1997,1997-10-19,,REG,ATL,SF,28,35,False,,fivethirtyeight,-7,G006009
1997,1997-10-19,,REG,CIN,PIT,10,26,False,,fivethirtyeight,-16,G006010
1997,1997-10-19,,REG,DAL,JAX,26,22,False,,fivethirtyeight,4,G006011
1997,1997-10-19,,REG,NYJ,NE,24,19,False,,fivethirtyeight,5,G006012
1997,1997-10-20,,REG,IND,BUF,6,9,False,,fivethirtyeight,-3,G006013
1997,1997-10-26,,REG,LAR,KC,20,28,False,,fivethirtyeight,-8,G006014
1997,1997-10-26,,REG,LAC,IND,35,19,False,,fivethirtyeight,16,G006015
1997,1997-10-26,,REG,BUF,DEN,20,23,False,,fivethirtyeight,-3,G006016
1997,1997-10-26,,REG,CAR,ATL,21,12,False,,fivethirtyeight,9,G006017
1997,1997-10-26,,REG,ARI,TEN,14,41,False,,fivethirtyeight,-27,G006018
1997,1997-10-26,,REG,NO,SF,0,23,False,,fivethirtyeight,-23,G006019
1997,1997-10-26,,REG,PHI,DAL,13,12,False,,fivethirtyeight,1,G006020
1997,1997-10-26,,REG,PIT,JAX,23,17,False,,fivethirtyeight,6,G006021
1997,1997-10-26,,REG,SEA,OAK,45,34,False,,fivethirtyeight,11,G006022
1997,1997-10-26,,REG,NYG,CIN,29,27,False,,fivethirtyeight,2,G006023
1997,1997-10-26,,REG,TB,MIN,6,10,False,,fivethirtyeight,-4,G006024
1997,1997-10-26,,REG,WSH,BAL,17,20,False,,fivethirtyeight,-3,G006025
1997,1997-10-27,,REG,MIA,CHI,33,36,False,,fivethirtyeight,-3,G006026
1997,1997-10-27,,REG,NE,GB,10,28,False,,fivethirtyeight,-18,G006027
1997,1997-11-02,,REG,TEN,JAX,24,30,False,,fivethirtyeight,-6,G006028
1997,1997-11-02,,REG,SF,DAL,17,10,False,,fivethirtyeight,7,G006029
1997,1997-11-02,,REG,ATL,LAR,34,31,False,,fivethirtyeight,3,G006030
1997,1997-11-02,,REG,BUF,MIA,9,6,False,,fivethirtyeight,3,G006031
1997,1997-11-02,,REG,CAR,OAK,38,14,False,,fivethirtyeight,24,G006032
1997,1997-11-02,,REG,CHI,WSH,8,31,False,,fivethirtyeight,-23,G006033
1997,1997-11-02,,REG,IND,TB,28,31,False,,fivethirtyeight,-3,G006034
1997,1997-11-02,,REG,ARI,PHI,31,21,False,,fivethirtyeight,10,G006035
1997,1997-11-02,,REG,DEN,SEA,30,27,False,,fivethirtyeight,3,G006036
1997,1997-11-02,,REG,CIN,LAC,38,31,False,,fivethirtyeight,7,G006037
1997,1997-11-02,,REG,NYJ,BAL,19,16,False,,fivethirtyeight,3,G006038
1997,1997-11-02,,REG,MIN,NE,23,18,False,,fivethirtyeight,5,G006039
1997,1997-11-02,,REG,GB,DET,20,10,False,,fivethirtyeight,10,G006040
1997,1997-11-03,,REG,KC,PIT,13,10,False,,fivethirtyeight,3,G006041
1997,1997-11-09,,REG,JAX,KC,24,10,False,,fivethirtyeight,14,G006042
1997,1997-11-09,,REG,LAC,SEA,31,37,False,,fivethirtyeight,-6,G006043
1997,1997-11-09,,REG,WSH,DET,30,7,False,,fivethirtyeight,23,G006044
1997,1997-11-09,,REG,OAK,NO,10,13,False,,fivethirtyeight,-3,G006045
1997,1997-11-09,,REG,GB,LAR,17,7,False,,fivethirtyeight,10,G006046
1997,1997-11-09,,REG,PIT,BAL,37,0,False,,fivethirtyeight,37,G006047
1997,1997-11-09,,REG,TEN,NYG,10,6,False,,fivethirtyeight,4,G006048
1997,1997-11-09,,REG,MIN,CHI,29,22,False,,fivethirtyeight,7,G006049
1997,1997-11-09,,REG,MIA,NYJ,24,17,False,,fivethirtyeight,7,G006050
1997,1997-11-09,,REG,DEN,CAR,34,0,False,,fivethirtyeight,34,G006051
1997,1997-11-09,,REG,DAL,ARI,24,6,False,,fivethirtyeight,18,G006052
1997,1997-11-09,,REG,IND,CIN,13,28,False,,fivethirtyeight,-15,G006053
1997,1997-11-09,,REG,BUF,NE,10,31,False,,fivethirtyeight,-21,G006054
1997,1997-11-09,,REG,ATL,TB,10,31,False,,fivethirtyeight,-21,G006055
1997,1997-11-10,,REG,PHI,SF,12,24,False,,fivethirtyeight,-12,G006056
1997,1997-11-16,,REG,TB,NE,27,7,False,,fivethirtyeight,20,G006057
1997,1997-11-16,,REG,DET,MIN,38,15,False,,fivethirtyeight,23,G006058
1997,1997-11-16,,REG,CHI,NYJ,15,23,False,,fivethirtyeight,-8,G006059
1997,1997-11-16,,REG,LAC,OAK,13,38,False,,fivethirtyeight,-25,G006060
1997,1997-11-16,,REG,DAL,WSH,17,14,False,,fivethirtyeight,3,G006061
1997,1997-11-16,,REG,LAR,ATL,21,27,False,,fivethirtyeight,-6,G006062
1997,1997-11-16,,REG,KC,DEN,24,22,False,,fivethirtyeight,2,G006063
1997,1997-11-16,,REG,NO,SEA,20,17,False,,fivethirtyeight,3,G006064
1997,1997-11-16,,REG,NYG,ARI,19,10,False,,fivethirtyeight,9,G006065
1997,1997-11-16,,REG,PIT,CIN,20,3,False,,fivethirtyeight,17,G006066
1997,1997-11-16,,REG,BAL,PHI,10,10,False,,fivethirtyeight,0,G006067
1997,1997-11-16,,REG,SF,CAR,27,19,False,,fivethirtyeight,8,G006068
1997,1997-11-16,,REG,JAX,TEN,17,9,False,,fivethirtyeight,8,G006069
1997,1997-11-16,,REG,IND,GB,41,38,False,,fivethirtyeight,3,G006070
1997,1997-11-17,,REG,MIA,BUF,30,13,False,,fivethirtyeight,17,G006071
1997,1997-11-23,,REG,BAL,ARI,13,16,False,,fivethirtyeight,-3,G006072
1997,1997-11-23,,REG,SF,LAC,17,10,False,,fivethirtyeight,7,G006073
1997,1997-11-23,,REG,ATL,NO,20,3,False,,fivethirtyeight,17,G006074
1997,1997-11-23,,REG,TEN,BUF,31,14,False,,fivethirtyeight,17,G006075
1997,1997-11-23,,REG,PHI,PIT,23,20,False,,fivethirtyeight,3,G006076
1997,1997-11-23,,REG,WSH,NYG,7,7,False,,fivethirtyeight,0,G006077
1997,1997-11-23,,REG,LAR,CAR,10,16,False,,fivethirtyeight,-6,G006078
1997,1997-11-23,,REG,GB,DAL,45,17,False,,fivethirtyeight,28,G006079
1997,1997-11-23,,REG,CHI,TB,13,7,False,,fivethirtyeight,6,G006080
1997,1997-11-23,,REG,CIN,JAX,31,26,False,,fivethirtyeight,5,G006081
1997,1997-11-23,,REG,DET,IND,32,10,False,,fivethirtyeight,22,G006082
1997,1997-11-23,,REG,SEA,KC,14,19,False,,fivethirtyeight,-5,G006083
1997,1997-11-23,,REG,NE,MIA,27,24,False,,fivethirtyeight,3,G006084
1997,1997-11-23,,REG,NYJ,MIN,23,21,False,,fivethirtyeight,2,G006085
1997,1997-11-24,,REG,DEN,OAK,31,3,False,,fivethirtyeight,28,G006086
1997,1997-11-27,,REG,DET,CHI,55,20,False,,fivethirtyeight,35,G006087
1997,1997-11-27,,REG,DAL,TEN,14,27,False,,fivethirtyeight,-13,G006088
1997,1997-11-30,,REG,JAX,BAL,29,27,False,,fivethirtyeight,2,G006089
1997,1997-11-30,,REG,SEA,ATL,17,24,False,,fivethirtyeight,-7,G006090
1997,1997-11-30,,REG,OAK,MIA,16,34,False,,fivethirtyeight,-18,G006091
1997,1997-11-30,,REG,NYG,TB,8,20,False,,fivethirtyeight,-12,G006092
1997,1997-11-30,,REG,NE,IND,20,17,False,,fivethirtyeight,3,G006093
1997,1997-11-30,,REG,KC,SF,44,9,False,,fivethirtyeight,35,G006094
1997,1997-11-30,,REG,ARI,PIT,20,26,False,,fivethirtyeight,-6,G006095
1997,1997-11-30,,REG,CAR,NO,13,16,False,,fivethirtyeight,-3,G006096
1997,1997-11-30,,REG,BUF,NYJ,20,10,False,,fivethirtyeight,10,G006097
1997,1997-11-30,,REG,WSH,LAR,20,23,False,,fivethirtyeight,-3,G006098
1997,1997-11-30,,REG,LAC,DEN,28,38,False,,fivethirtyeight,-10,G006099
1997,1997-11-30,,REG,PHI,CIN,44,42,False,,fivethirtyeight,2,G006100
1997,1997-12-01,,REG,MIN,GB,11,27,False,,fivethirtyeight,-16,G006101
1997,1997-12-04,,REG,CIN,TEN,41,14,False,,fivethirtyeight,27,G006102
1997,1997-12-07,,REG,SF,MIN,28,17,False,,fivethirtyeight,11,G006103
1997,1997-12-07,,REG,BAL,SEA,31,24,False,,fivethirtyeight,7,G006104
1997,1997-12-07,,REG,PIT,DEN,35,24,False,,fivethirtyeight,11,G006105
1997,1997-12-07,,REG,PHI,NYG,21,31,False,,fivethirtyeight,-10,G006106
1997,1997-12-07,,REG,NYJ,IND,14,22,False,,fivethirtyeight,-8,G006107
1997,1997-12-07,,REG,MIA,DET,33,30,False,,fivethirtyeight,3,G006108
1997,1997-12-07,,REG,KC,OAK,30,0,False,,fivethirtyeight,30,G006109
1997,1997-12-07,,REG,JAX,NE,20,26,False,,fivethirtyeight,-6,G006110
1997,1997-12-07,,REG,ARI,WSH,28,38,False,,fivethirtyeight,-10,G006111
1997,1997-12-07,,REG,CHI,BUF,20,3,False,,fivethirtyeight,17,G006112
1997,1997-12-07,,REG,LAC,ATL,3,14,False,,fivethirtyeight,-11,G006113
1997,1997-12-07,,REG,TB,GB,6,17,False,,fivethirtyeight,-11,G006114
1997,1997-12-07,,REG,NO,LAR,27,34,False,,fivethirtyeight,-7,G006115
1997,1997-12-08,,REG,DAL,CAR,13,23,False,,fivethirtyeight,-10,G006116
1997,1997-12-13,,REG,NYG,WSH,30,10,False,,fivethirtyeight,20,G006117
1997,1997-12-13,,REG,NE,PIT,21,24,False,,fivethirtyeight,-3,G006118
1997,1997-12-14,,REG,NYJ,TB,31,0,False,,fivethirtyeight,31,G006119
1997,1997-12-14,,REG,ATL,PHI,20,17,False,,fivethirtyeight,3,G006120
1997,1997-12-14,,REG,BUF,JAX,14,20,False,,fivethirtyeight,-6,G006121
1997,1997-12-14,,REG,CAR,GB,10,31,False,,fivethirtyeight,-21,G006122
1997,1997-12-14,,REG,LAC,KC,7,29,False,,fivethirtyeight,-22,G006123
1997,1997-12-14,,REG,CIN,DAL,31,24,False,,fivethirtyeight,7,G006124
1997,1997-12-14,,REG,IND,MIA,41,0,False,,fivethirtyeight,41,G006125
1997,1997-12-14,,REG,MIN,DET,13,14,False,,fivethirtyeight,-1,G006126
1997,1997-12-14,,REG,NO,ARI,27,10,False,,fivethirtyeight,17,G006127
1997,1997-12-14,,REG,OAK,SEA,21,22,False,,fivethirtyeight,-1,G006128
1997,1997-12-14,,REG,BAL,TEN,21,19,False,,fivethirtyeight,2,G006129
1997,1997-12-14,,REG,LAR,CHI,10,13,False,,fivethirtyeight,-3,G006130
1997,1997-12-15,,REG,SF,DEN,34,17,False,,fivethirtyeight,17,G006131
1997,1997-12-20,,REG,CAR,LAR,18,30,False,,fivethirtyeight,-12,G006132
1997,1997-12-20,,REG,GB,BUF,31,21,False,,fivethirtyeight,10,G006133
1997,1997-12-21,,REG,SEA,SF,38,9,False,,fivethirtyeight,29,G006134
1997,1997-12-21,,REG,OAK,JAX,9,20,False,,fivethirtyeight,-11,G006135
1997,1997-12-21,,REG,TEN,PIT,16,6,False,,fivethirtyeight,10,G006136
1997,1997-12-21,,REG,MIN,IND,39,28,False,,fivethirtyeight,11,G006137
1997,1997-12-21,,REG,KC,NO,25,13,False,,fivethirtyeight,12,G006138
1997,1997-12-21,,REG,DAL,NYG,7,20,False,,fivethirtyeight,-13,G006139
1997,1997-12-21,,REG,ARI,ATL,29,26,False,,fivethirtyeight,3,G006140
1997,1997-12-21,,REG,DET,NYJ,13,10,False,,fivethirtyeight,3,G006141
1997,1997-12-21,,REG,TB,CHI,31,15,False,,fivethirtyeight,16,G006142
1997,1997-12-21,,REG,WSH,PHI,35,32,False,,fivethirtyeight,3,G006143
1997,1997-12-21,,REG,DEN,LAC,38,3,False,,fivethirtyeight,35,G006144
1997,1997-12-21,,REG,CIN,BAL,16,14,False,,fivethirtyeight,2,G006145
1997,1997-12-22,,REG,MIA,NE,12,14,False,,fivethirtyeight,-2,G006146
1997,1997-12-27,,PLAYOFF,DEN,JAX,42,17,False,,fivethirtyeight,25,G006147
1997,1997-12-27,,PLAYOFF,NYG,MIN,22,23,False,,fivethirtyeight,-1,G006148
1997,1997-12-28,,PLAYOFF,NE,MIA,17,3,False,,fivethirtyeight,14,G006149
1997,1997-12-28,,PLAYOFF,TB,DET,20,10,False,,fivethirtyeight,10,G006150
1997,1998-01-03,,PLAYOFF,PIT,NE,7,6,False,,fivethirtyeight,1,G006151
1997,1998-01-03,,PLAYOFF,SF,MIN,38,22,False,,fivethirtyeight,16,G006152
1997,1998-01-04,,PLAYOFF,GB,TB,21,7,False,,fivethirtyeight,14,G006153
1997,1998-01-04,,PLAYOFF,KC,DEN,10,14,False,,fivethirtyeight,-4,G006154
1997,1998-01-11,,PLAYOFF,SF,GB,10,23,False,,fivethirtyeight,-13,G006155
1997,1998-01-11,,PLAYOFF,PIT,DEN,21,24,False,,fivethirtyeight,-3,G006156
1997,1998-01-25,,PLAYOFF,GB,DEN,24,31,True,,fivethirtyeight,-7,G006157
1998,1998-09-06,,REG,NYG,WSH,31,24,False,,fivethirtyeight,7,G006158
1998,1998-09-06,,REG,DAL,ARI,38,10,False,,fivethirtyeight,28,G006159
1998,1998-09-06,,REG,MIN,TB,31,7,False,,fivethirtyeight,24,G006160
1998,1998-09-06,,REG,LAR,NO,17,24,False,,fivethirtyeight,-7,G006161
1998,1998-09-06,,REG,GB,DET,38,19,False,,fivethirtyeight,19,G006162
1998,1998-09-06,,REG,BAL,PIT,13,20,False,,fivethirtyeight,-7,G006163
1998,1998-09-06,,REG,SF,NYJ,36,30,False,,fivethirtyeight,6,G006164
1998,1998-09-06,,REG,LAC,BUF,16,14,False,,fivethirtyeight,2,G006165
1998,1998-09-06,,REG,CAR,ATL,14,19,False,,fivethirtyeight,-5,G006166
1998,1998-09-06,,REG,PHI,SEA,0,38,False,,fivethirtyeight,-38,G006167
1998,1998-09-06,,REG,KC,OAK,28,8,False,,fivethirtyeight,20,G006168
1998,1998-09-06,,REG,IND,MIA,15,24,False,,fivethirtyeight,-9,G006169
1998,1998-09-06,,REG,CIN,TEN,14,23,False,,fivethirtyeight,-9,G006170
1998,1998-09-06,,REG,CHI,JAX,23,24,False,,fivethirtyeight,-1,G006171
1998,1998-09-07,,REG,DEN,NE,27,21,False,,fivethirtyeight,6,G006172
1998,1998-09-13,,REG,NYJ,BAL,10,24,False,,fivethirtyeight,-14,G006173
1998,1998-09-13,,REG,OAK,NYG,20,17,False,,fivethirtyeight,3,G006174
1998,1998-09-13,,REG,SEA,ARI,33,14,False,,fivethirtyeight,19,G006175
1998,1998-09-13,,REG,LAR,MIN,31,38,False,,fivethirtyeight,-7,G006176
1998,1998-09-13,,REG,TEN,LAC,7,13,False,,fivethirtyeight,-6,G006177
1998,1998-09-13,,REG,ATL,PHI,17,12,False,,fivethirtyeight,5,G006178
1998,1998-09-13,,REG,DEN,DAL,42,23,False,,fivethirtyeight,19,G006179
1998,1998-09-13,,REG,DET,CIN,28,34,False,,fivethirtyeight,-6,G006180
1998,1998-09-13,,REG,GB,TB,23,15,False,,fivethirtyeight,8,G006181
1998,1998-09-13,,REG,JAX,KC,21,16,False,,fivethirtyeight,5,G006182
1998,1998-09-13,,REG,MIA,BUF,13,7,False,,fivethirtyeight,6,G006183
1998,1998-09-13,,REG,NO,CAR,19,14,False,,fivethirtyeight,5,G006184
1998,1998-09-13,,REG,NE,IND,29,6,False,,fivethirtyeight,23,G006185
1998,1998-09-13,,REG,PIT,CHI,17,12,False,,fivethirtyeight,5,G006186
1998,1998-09-14,,REG,WSH,SF,10,45,False,,fivethirtyeight,-35,G006187
1998,1998-09-20,,REG,MIA,PIT,21,0,False,,fivethirtyeight,21,G006188
1998,1998-09-20,,REG,MIN,DET,29,6,False,,fivethirtyeight,23,G006189
1998,1998-09-20,,REG,NE,TEN,27,16,False,,fivethirtyeight,11,G006190
1998,1998-09-20,,REG,NYJ,IND,44,6,False,,fivethirtyeight,38,G006191
1998,1998-09-20,,REG,OAK,DEN,17,34,False,,fivethirtyeight,-17,G006192
1998,1998-09-20,,REG,SEA,WSH,24,14,False,,fivethirtyeight,10,G006193
1998,1998-09-20,,REG,TB,CHI,27,15,False,,fivethirtyeight,12,G006194
1998,1998-09-20,,REG,KC,LAC,23,7,False,,fivethirtyeight,16,G006195
1998,1998-09-20,,REG,ARI,PHI,17,3,False,,fivethirtyeight,14,G006196
1998,1998-09-20,,REG,BUF,LAR,33,34,False,,fivethirtyeight,-1,G006197
1998,1998-09-20,,REG,CIN,GB,6,13,False,,fivethirtyeight,-7,G006198
1998,1998-09-20,,REG,JAX,BAL,24,10,False,,fivethirtyeight,14,G006199
1998,1998-09-21,,REG,NYG,DAL,7,31,False,,fivethirtyeight,-24,G006200
1998,1998-09-27,,REG,LAC,NYG,16,34,False,,fivethirtyeight,-18,G006201
1998,1998-09-27,,REG,CHI,MIN,28,31,False,,fivethirtyeight,-3,G006202
1998,1998-09-27,,REG,CAR,GB,30,37,False,,fivethirtyeight,-7,G006203
1998,1998-09-27,,REG,LAR,ARI,17,20,False,,fivethirtyeight,-3,G006204
1998,1998-09-27,,REG,IND,NO,13,19,False,,fivethirtyeight,-6,G006205
1998,1998-09-27,,REG,DAL,OAK,12,13,False,,fivethirtyeight,-1,G006206
1998,1998-09-27,,REG,TEN,JAX,22,27,False,,fivethirtyeight,-5,G006207
1998,1998-09-27,,REG,PHI,KC,21,24,False,,fivethirtyeight,-3,G006208
1998,1998-09-27,,REG,PIT,SEA,13,10,False,,fivethirtyeight,3,G006209
1998,1998-09-27,,REG,BAL,CIN,31,24,False,,fivethirtyeight,7,G006210
1998,1998-09-27,,REG,SF,ATL,31,20,False,,fivethirtyeight,11,G006211
1998,1998-09-27,,REG,WSH,DEN,16,38,False,,fivethirtyeight,-22,G006212
1998,1998-09-28,,REG,DET,TB,27,6,False,,fivethirtyeight,21,G006213
1998,1998-10-04,,REG,ATL,CAR,51,23,False,,fivethirtyeight,28,G006214
1998,1998-10-04,,REG,ARI,OAK,20,23,False,,fivethirtyeight,-3,G006215
1998,1998-10-04,,REG,DEN,PHI,41,16,False,,fivethirtyeight,25,G006216
1998,1998-10-04,,REG,KC,SEA,17,6,False,,fivethirtyeight,11,G006217
1998,1998-10-04,,REG,BUF,SF,26,21,False,,fivethirtyeight,5,G006218
1998,1998-10-04,,REG,NO,NE,27,30,False,,fivethirtyeight,-3,G006219
1998,1998-10-04,,REG,NYJ,MIA,20,9,False,,fivethirtyeight,11,G006220
1998,1998-10-04,,REG,TB,NYG,20,3,False,,fivethirtyeight,17,G006221
1998,1998-10-04,,REG,WSH,DAL,10,31,False,,fivethirtyeight,-21,G006222
1998,1998-10-04,,REG,CHI,DET,31,27,False,,fivethirtyeight,4,G006223
1998,1998-10-04,,REG,IND,LAC,17,12,False,,fivethirtyeight,5,G006224
1998,1998-10-05,,REG,GB,MIN,24,37,False,,fivethirtyeight,-13,G006225
1998,1998-10-11,,REG,CIN,PIT,25,20,False,,fivethirtyeight,5,G006226
1998,1998-10-11,,REG,SEA,DEN,16,21,False,,fivethirtyeight,-5,G006227
1998,1998-10-11,,REG,BAL,TEN,8,12,False,,fivethirtyeight,-4,G006228
1998,1998-10-11,,REG,PHI,WSH,17,12,False,,fivethirtyeight,5,G006229
1998,1998-10-11,,REG,NYG,ATL,20,34,False,,fivethirtyeight,-14,G006230
1998,1998-10-11,,REG,NE,KC,40,10,False,,fivethirtyeight,30,G006231
1998,1998-10-11,,REG,NO,SF,0,31,False,,fivethirtyeight,-31,G006232
1998,1998-10-11,,REG,ARI,CHI,20,7,False,,fivethirtyeight,13,G006233
1998,1998-10-11,,REG,IND,BUF,24,31,False,,fivethirtyeight,-7,G006234
1998,1998-10-11,,REG,DAL,CAR,27,20,False,,fivethirtyeight,7,G006235
1998,1998-10-11,,REG,LAR,NYJ,30,10,False,,fivethirtyeight,20,G006236
1998,1998-10-11,,REG,OAK,LAC,7,6,False,,fivethirtyeight,1,G006237
1998,1998-10-12,,REG,JAX,MIA,28,21,False,,fivethirtyeight,7,G006238
1998,1998-10-15,,REG,DET,GB,27,20,False,,fivethirtyeight,7,G006239
1998,1998-10-18,,REG,CHI,DAL,13,12,False,,fivethirtyeight,1,G006240
1998,1998-10-18,,REG,MIN,WSH,41,7,False,,fivethirtyeight,34,G006241
1998,1998-10-18,,REG,MIA,LAR,14,0,False,,fivethirtyeight,14,G006242
1998,1998-10-18,,REG,PIT,BAL,16,6,False,,fivethirtyeight,10,G006243
1998,1998-10-18,,REG,NYG,ARI,34,7,False,,fivethirtyeight,27,G006244
1998,1998-10-18,,REG,LAC,PHI,13,10,False,,fivethirtyeight,3,G006245
1998,1998-10-18,,REG,SF,IND,34,31,False,,fivethirtyeight,3,G006246
1998,1998-10-18,,REG,TB,CAR,16,13,False,,fivethirtyeight,3,G006247
1998,1998-10-18,,REG,TEN,CIN,44,14,False,,fivethirtyeight,30,G006248
1998,1998-10-18,,REG,BUF,JAX,17,16,False,,fivethirtyeight,1,G006249
1998,1998-10-18,,REG,ATL,NO,31,23,False,,fivethirtyeight,8,G006250
1998,1998-10-19,,REG,NE,NYJ,14,24,False,,fivethirtyeight,-10,G006251
1998,1998-10-25,,REG,LAR,SF,10,28,False,,fivethirtyeight,-18,G006252
1998,1998-10-25,,REG,GB,BAL,28,10,False,,fivethirtyeight,18,G006253
1998,1998-10-25,,REG,OAK,CIN,27,10,False,,fivethirtyeight,17,G006254
1998,1998-10-25,,REG,TEN,CHI,20,23,False,,fivethirtyeight,-3,G006255
1998,1998-10-25,,REG,NYJ,ATL,28,3,False,,fivethirtyeight,25,G006256
1998,1998-10-25,,REG,CAR,BUF,14,30,False,,fivethirtyeight,-16,G006257
1998,1998-10-25,,REG,NO,TB,9,3,False,,fivethirtyeight,6,G006258
1998,1998-10-25,,REG,MIA,NE,12,9,False,,fivethirtyeight,3,G006259
1998,1998-10-25,,REG,DEN,JAX,37,24,False,,fivethirtyeight,13,G006260
1998,1998-10-25,,REG,DET,MIN,13,34,False,,fivethirtyeight,-21,G006261
1998,1998-10-25,,REG,LAC,SEA,20,27,False,,fivethirtyeight,-7,G006262
1998,1998-10-26,,REG,KC,PIT,13,20,False,,fivethirtyeight,-7,G006263
1998,1998-11-01,,REG,WSH,NYG,21,14,False,,fivethirtyeight,7,G006264
1998,1998-11-01,,REG,CAR,NO,31,17,False,,fivethirtyeight,14,G006265
1998,1998-11-01,,REG,BAL,JAX,19,45,False,,fivethirtyeight,-26,G006266
1998,1998-11-01,,REG,CIN,DEN,26,33,False,,fivethirtyeight,-7,G006267
1998,1998-11-01,,REG,PIT,TEN,31,41,False,,fivethirtyeight,-10,G006268
1998,1998-11-01,,REG,IND,NE,16,21,False,,fivethirtyeight,-5,G006269
1998,1998-11-01,,REG,TB,MIN,27,24,False,,fivethirtyeight,3,G006270
1998,1998-11-01,,REG,DET,ARI,15,17,False,,fivethirtyeight,-2,G006271
1998,1998-11-01,,REG,GB,SF,36,22,False,,fivethirtyeight,14,G006272
1998,1998-11-01,,REG,KC,NYJ,17,20,False,,fivethirtyeight,-3,G006273
1998,1998-11-01,,REG,BUF,MIA,30,24,False,,fivethirtyeight,6,G006274
1998,1998-11-01,,REG,ATL,LAR,37,15,False,,fivethirtyeight,22,G006275
1998,1998-11-01,,REG,SEA,OAK,18,31,False,,fivethirtyeight,-13,G006276
1998,1998-11-02,,REG,PHI,DAL,0,34,False,,fivethirtyeight,-34,G006277
1998,1998-11-08,,REG,NE,ATL,10,41,False,,fivethirtyeight,-31,G006278
1998,1998-11-08,,REG,JAX,CIN,24,11,False,,fivethirtyeight,13,G006279
1998,1998-11-08,,REG,CHI,LAR,12,20,False,,fivethirtyeight,-8,G006280
1998,1998-11-08,,REG,BAL,OAK,13,10,False,,fivethirtyeight,3,G006281
1998,1998-11-08,,REG,SF,CAR,25,23,False,,fivethirtyeight,2,G006282
1998,1998-11-08,,REG,TB,TEN,22,31,False,,fivethirtyeight,-9,G006283
1998,1998-11-08,,REG,PHI,DET,10,9,False,,fivethirtyeight,1,G006284
1998,1998-11-08,,REG,NYJ,BUF,34,12,False,,fivethirtyeight,22,G006285
1998,1998-11-08,,REG,MIN,NO,31,24,False,,fivethirtyeight,7,G006286
1998,1998-11-08,,REG,MIA,IND,27,14,False,,fivethirtyeight,13,G006287
1998,1998-11-08,,REG,DAL,NYG,16,6,False,,fivethirtyeight,10,G006288
1998,1998-11-08,,REG,ARI,WSH,29,27,False,,fivethirtyeight,2,G006289
1998,1998-11-08,,REG,DEN,LAC,27,10,False,,fivethirtyeight,17,G006290
1998,1998-11-08,,REG,SEA,KC,24,12,False,,fivethirtyeight,12,G006291
1998,1998-11-09,,REG,PIT,GB,27,20,False,,fivethirtyeight,7,G006292
1998,1998-11-15,,REG,JAX,TB,29,24,False,,fivethirtyeight,5,G006293
1998,1998-11-15,,REG,TEN,PIT,23,14,False,,fivethirtyeight,9,G006294
1998,1998-11-15,,REG,MIN,CIN,24,3,False,,fivethirtyeight,21,G006295
1998,1998-11-15,,REG,NO,LAR,24,3,False,,fivethirtyeight,21,G006296
1998,1998-11-15,,REG,ATL,SF,31,19,False,,fivethirtyeight,12,G006297
1998,1998-11-15,,REG,LAC,BAL,14,13,False,,fivethirtyeight,1,G006298
1998,1998-11-15,,REG,NYG,GB,3,37,False,,fivethirtyeight,-34,G006299
1998,1998-11-15,,REG,BUF,NE,13,10,False,,fivethirtyeight,3,G006300
1998,1998-11-15,,REG,CAR,MIA,9,13,False,,fivethirtyeight,-4,G006301
1998,1998-11-15,,REG,IND,NYJ,24,23,False,,fivethirtyeight,1,G006302
1998,1998-11-15,,REG,ARI,DAL,28,35,False,,fivethirtyeight,-7,G006303
1998,1998-11-15,,REG,DET,CHI,26,3,False,,fivethirtyeight,23,G006304
1998,1998-11-15,,REG,WSH,PHI,28,3,False,,fivethirtyeight,25,G006305
1998,1998-11-15,,REG,OAK,SEA,20,17,False,,fivethirtyeight,3,G006306
1998,1998-11-16,,REG,KC,DEN,7,30,False,,fivethirtyeight,-23,G006307
1998,1998-11-22,,REG,LAC,KC,38,37,False,,fivethirtyeight,1,G006308
1998,1998-11-22,,REG,WSH,ARI,42,45,False,,fivethirtyeight,-3,G006309
1998,1998-11-22,,REG,TB,DET,25,28,False,,fivethirtyeight,-3,G006310
1998,1998-11-22,,REG,SF,NO,31,20,False,,fivethirtyeight,11,G006311
1998,1998-11-22,,REG,PIT,JAX,30,15,False,,fivethirtyeight,15,G006312
1998,1998-11-22,,REG,TEN,NYJ,3,24,False,,fivethirtyeight,-21,G006313
1998,1998-11-22,,REG,NYG,PHI,20,0,False,,fivethirtyeight,20,G006314
1998,1998-11-22,,REG,MIN,GB,28,14,False,,fivethirtyeight,14,G006315
1998,1998-11-22,,REG,DEN,OAK,40,14,False,,fivethirtyeight,26,G006316
1998,1998-11-22,,REG,DAL,SEA,30,22,False,,fivethirtyeight,8,G006317
1998,1998-11-22,,REG,CIN,BAL,13,20,False,,fivethirtyeight,-7,G006318
1998,1998-11-22,,REG,BUF,IND,34,11,False,,fivethirtyeight,23,G006319
1998,1998-11-22,,REG,ATL,CHI,20,13,False,,fivethirtyeight,7,G006320
1998,1998-11-22,,REG,LAR,CAR,20,24,False,,fivethirtyeight,-4,G006321
1998,1998-11-23,,REG,NE,MIA,26,23,False,,fivethirtyeight,3,G006322
1998,1998-11-26,,REG,DAL,MIN,36,46,False,,fivethirtyeight,-10,G006323
1998,1998-11-26,,REG,DET,PIT,19,16,False,,fivethirtyeight,3,G006324
1998,1998-11-29,,REG,CHI,TB,17,31,False,,fivethirtyeight,-14,G006325
1998,1998-11-29,,REG,CIN,JAX,17,34,False,,fivethirtyeight,-17,G006326
1998,1998-11-29,,REG,KC,ARI,34,24,False,,fivethirtyeight,10,G006327
1998,1998-11-29,,REG,SEA,TEN,20,18,False,,fivethirtyeight,2,G006328
1998,1998-11-29,,REG,BAL,IND,38,31,False,,fivethirtyeight,7,G006329
1998,1998-11-29,,REG,OAK,WSH,19,29,False,,fivethirtyeight,-10,G006330
1998,1998-11-29,,REG,NYJ,CAR,48,21,False,,fivethirtyeight,27,G006331
1998,1998-11-29,,REG,MIA,NO,30,10,False,,fivethirtyeight,20,G006332
1998,1998-11-29,,REG,GB,PHI,24,16,False,,fivethirtyeight,8,G006333
1998,1998-11-29,,REG,LAC,DEN,16,31,False,,fivethirtyeight,-15,G006334
1998,1998-11-29,,REG,NE,BUF,25,21,False,,fivethirtyeight,4,G006335
1998,1998-11-29,,REG,LAR,ATL,10,21,False,,fivethirtyeight,-11,G006336
1998,1998-11-30,,REG,SF,NYG,31,7,False,,fivethirtyeight,24,G006337
1998,1998-12-03,,REG,PHI,LAR,17,14,False,,fivethirtyeight,3,G006338
1998,1998-12-06,,REG,PIT,NE,9,23,False,,fivethirtyeight,-14,G006339
1998,1998-12-06,,REG,OAK,MIA,17,27,False,,fivethirtyeight,-10,G006340
1998,1998-12-06,,REG,WSH,LAC,24,20,False,,fivethirtyeight,4,G006341
1998,1998-12-06,,REG,ATL,IND,28,21,False,,fivethirtyeight,7,G006342
1998,1998-12-06,,REG,CAR,SF,28,31,False,,fivethirtyeight,-3,G006343
1998,1998-12-06,,REG,CIN,BUF,20,33,False,,fivethirtyeight,-13,G006344
1998,1998-12-06,,REG,ARI,NYG,19,23,False,,fivethirtyeight,-4,G006345
1998,1998-12-06,,REG,DEN,KC,35,31,False,,fivethirtyeight,4,G006346
1998,1998-12-06,,REG,JAX,DET,37,22,False,,fivethirtyeight,15,G006347
1998,1998-12-06,,REG,MIN,CHI,48,22,False,,fivethirtyeight,26,G006348
1998,1998-12-06,,REG,NO,DAL,22,3,False,,fivethirtyeight,19,G006349
1998,1998-12-06,,REG,NYJ,SEA,32,31,False,,fivethirtyeight,1,G006350
1998,1998-12-06,,REG,TEN,BAL,16,14,False,,fivethirtyeight,2,G006351
1998,1998-12-07,,REG,TB,GB,24,22,False,,fivethirtyeight,2,G006352
1998,1998-12-13,,REG,NYG,DEN,20,16,False,,fivethirtyeight,4,G006353
1998,1998-12-13,,REG,SEA,LAC,38,17,False,,fivethirtyeight,21,G006354
1998,1998-12-13,,REG,GB,CHI,26,20,False,,fivethirtyeight,6,G006355
1998,1998-12-13,,REG,IND,CIN,39,26,False,,fivethirtyeight,13,G006356
1998,1998-12-13,,REG,KC,DAL,20,17,False,,fivethirtyeight,3,G006357
1998,1998-12-13,,REG,MIA,NYJ,16,21,False,,fivethirtyeight,-5,G006358
1998,1998-12-13,,REG,NO,ATL,17,27,False,,fivethirtyeight,-10,G006359
1998,1998-12-13,,REG,PHI,ARI,17,20,False,,fivethirtyeight,-3,G006360
1998,1998-12-13,,REG,BAL,MIN,28,38,False,,fivethirtyeight,-10,G006361
1998,1998-12-13,,REG,TB,PIT,16,3,False,,fivethirtyeight,13,G006362
1998,1998-12-13,,REG,JAX,TEN,13,16,False,,fivethirtyeight,-3,G006363
1998,1998-12-13,,REG,LAR,NE,32,18,False,,fivethirtyeight,14,G006364
1998,1998-12-13,,REG,BUF,OAK,44,21,False,,fivethirtyeight,23,G006365
1998,1998-12-13,,REG,CAR,WSH,25,28,False,,fivethirtyeight,-3,G006366
1998,1998-12-14,,REG,SF,DET,35,13,False,,fivethirtyeight,22,G006367
1998,1998-12-19,,REG,WSH,TB,20,16,False,,fivethirtyeight,4,G006368
1998,1998-12-19,,REG,BUF,NYJ,10,17,False,,fivethirtyeight,-7,G006369
1998,1998-12-20,,REG,NYG,KC,28,7,False,,fivethirtyeight,21,G006370
1998,1998-12-20,,REG,PIT,CIN,24,25,False,,fivethirtyeight,-1,G006371
1998,1998-12-20,,REG,LAC,OAK,10,17,False,,fivethirtyeight,-7,G006372
1998,1998-12-20,,REG,CAR,LAR,20,13,False,,fivethirtyeight,7,G006373
1998,1998-12-20,,REG,CHI,BAL,24,3,False,,fivethirtyeight,21,G006374
1998,1998-12-20,,REG,DET,ATL,17,24,False,,fivethirtyeight,-7,G006375
1998,1998-12-20,,REG,DAL,PHI,13,9,False,,fivethirtyeight,4,G006376
1998,1998-12-20,,REG,ARI,NO,19,17,False,,fivethirtyeight,2,G006377
1998,1998-12-20,,REG,GB,TEN,30,22,False,,fivethirtyeight,8,G006378
1998,1998-12-20,,REG,MIN,JAX,50,10,False,,fivethirtyeight,40,G006379
1998,1998-12-20,,REG,SEA,IND,27,23,False,,fivethirtyeight,4,G006380
1998,1998-12-20,,REG,NE,SF,24,21,False,,fivethirtyeight,3,G006381
1998,1998-12-21,,REG,MIA,DEN,31,21,False,,fivethirtyeight,10,G006382
1998,1998-12-26,,REG,TEN,MIN,16,26,False,,fivethirtyeight,-10,G006383
1998,1998-12-26,,REG,OAK,KC,24,31,False,,fivethirtyeight,-7,G006384
1998,1998-12-27,,REG,NYJ,NE,31,10,False,,fivethirtyeight,21,G006385
1998,1998-12-27,,REG,NO,BUF,33,45,False,,fivethirtyeight,-12,G006386
1998,1998-12-27,,REG,DEN,SEA,28,21,False,,fivethirtyeight,7,G006387
1998,1998-12-27,,REG,IND,CAR,19,27,False,,fivethirtyeight,-8,G006388
1998,1998-12-27,,REG,CIN,TB,0,35,False,,fivethirtyeight,-35,G006389
1998,1998-12-27,,REG,CHI,GB,13,16,False,,fivethirtyeight,-3,G006390
1998,1998-12-27,,REG,ATL,MIA,38,16,False,,fivethirtyeight,22,G006391
1998,1998-12-27,,REG,ARI,LAC,16,13,False,,fivethirtyeight,3,G006392
1998,1998-12-27,,REG,BAL,DET,19,10,False,,fivethirtyeight,9,G006393
1998,1998-12-27,,REG,PHI,NYG,10,20,False,,fivethirtyeight,-10,G006394
1998,1998-12-27,,REG,SF,LAR,38,19,False,,fivethirtyeight,19,G006395
1998,1998-12-27,,REG,DAL,WSH,23,7,False,,fivethirtyeight,16,G006396
1998,1998-12-28,,REG,JAX,PIT,21,3,False,,fivethirtyeight,18,G006397
1998,1999-01-02,,PLAYOFF,DAL,ARI,7,20,False,,fivethirtyeight,-13,G006398
1998,1999-01-02,,PLAYOFF,MIA,BUF,24,17,False,,fivethirtyeight,7,G006399
1998,1999-01-03,,PLAYOFF,SF,GB,30,27,False,,fivethirtyeight,3,G006400
1998,1999-01-03,,PLAYOFF,JAX,NE,25,10,False,,fivethirtyeight,15,G006401
1998,1999-01-09,,PLAYOFF,DEN,MIA,38,3,False,,fivethirtyeight,35,G006402
1998,1999-01-09,,PLAYOFF,ATL,SF,20,18,False,,fivethirtyeight,2,G006403
1998,1999-01-10,,PLAYOFF,MIN,ARI,41,21,False,,fivethirtyeight,20,G006404
1998,1999-01-10,,PLAYOFF,NYJ,JAX,34,24,False,,fivethirtyeight,10,G006405
1998,1999-01-17,,PLAYOFF,DEN,NYJ,23,10,False,,fivethirtyeight,13,G006406
1998,1999-01-17,,PLAYOFF,MIN,ATL,27,30,False,,fivethirtyeight,-3,G006407
1998,1999-01-31,,PLAYOFF,DEN,ATL,34,19,True,,fivethirtyeight,15,G006408
1999,1999-09-12,1,REG,ATL,MIN,14,17,False,False,nflverse,-3,G006409
1999,1999-09-12,1,REG,CHI,KC,20,17,False,False,nflverse,3,G006410
1999,1999-09-12,1,REG,CLE,PIT,0,43,False,False,nflverse,-43,G006411
1999,1999-09-12,1,REG,GB,OAK,28,24,False,False,nflverse,4,G006412
1999,1999-09-12,1,REG,IND,BUF,31,14,False,False,nflverse,17,G006413
1999,1999-09-12,1,REG,JAX,SF,41,3,False,False,nflverse,38,G006414
1999,1999-09-12,1,REG,NO,CAR,19,10,False,False,nflverse,9,G006415
1999,1999-09-12,1,REG,NYJ,NE,28,30,False,False,nflverse,-2,G006416
1999,1999-09-12,1,REG,PHI,ARI,24,25,False,False,nflverse,-1,G006417
1999,1999-09-12,1,REG,SEA,DET,20,28,False,False,nflverse,-8,G006418
1999,1999-09-12,1,REG,LAR,BAL,27,10,False,False,nflverse,17,G006419
1999,1999-09-12,1,REG,TB,NYG,13,17,False,False,nflverse,-4,G006420
1999,1999-09-12,1,REG,TEN,CIN,36,35,False,False,nflverse,1,G006421
1999,1999-09-12,1,REG,WSH,DAL,35,41,False,True,nflverse,-6,G006422
1999,1999-09-13,1,REG,DEN,MIA,21,38,False,False,nflverse,-17,G006423
1999,1999-09-19,2,REG,BAL,PIT,20,23,False,False,nflverse,-3,G006424
1999,1999-09-19,2,REG,BUF,NYJ,17,3,False,False,nflverse,14,G006425
1999,1999-09-19,2,REG,CAR,JAX,20,22,False,False,nflverse,-2,G006426
1999,1999-09-19,2,REG,CHI,SEA,13,14,False,False,nflverse,-1,G006427
1999,1999-09-19,2,REG,CIN,LAC,7,34,False,False,nflverse,-27,G006428
1999,1999-09-19,2,REG,DET,GB,23,15,False,False,nflverse,8,G006429
1999,1999-09-19,2,REG,KC,DEN,26,10,False,False,nflverse,16,G006430
1999,1999-09-19,2,REG,MIA,ARI,19,16,False,False,nflverse,3,G006431
1999,1999-09-19,2,REG,MIN,OAK,17,22,False,False,nflverse,-5,G006432
1999,1999-09-19,2,REG,NE,IND,31,28,False,False,nflverse,3,G006433
1999,1999-09-19,2,REG,NYG,WSH,21,50,False,False,nflverse,-29,G006434
1999,1999-09-19,2,REG,PHI,TB,5,19,False,False,nflverse,-14,G006435
1999,1999-09-19,2,REG,SF,NO,28,21,False,False,nflverse,7,G006436
1999,1999-09-19,2,REG,TEN,CLE,26,9,False,False,nflverse,17,G006437
1999,1999-09-20,2,REG,DAL,ATL,24,7,False,False,nflverse,17,G006438
1999,1999-09-26,3,REG,BAL,CLE,17,10,False,False,nflverse,7,G006439
1999,1999-09-26,3,REG,BUF,PHI,26,0,False,False,nflverse,26,G006440
1999,1999-09-26,3,REG,CAR,CIN,27,3,False,False,nflverse,24,G006441
1999,1999-09-26,3,REG,GB,MIN,23,20,False,False,nflverse,3,G006442
1999,1999-09-26,3,REG,JAX,TEN,19,20,False,False,nflverse,-1,G006443
1999,1999-09-26,3,REG,KC,DET,31,21,False,False,nflverse,10,G006444
1999,1999-09-26,3,REG,NE,NYG,16,14,False,False,nflverse,2,G006445
1999,1999-09-26,3,REG,NYJ,WSH,20,27,False,False,nflverse,-7,G006446
1999,1999-09-26,3,REG,OAK,CHI,24,17,False,False,nflverse,7,G006447
1999,1999-09-26,3,REG,PIT,SEA,10,29,False,False,nflverse,-19,G006448
1999,1999-09-26,3,REG,LAC,IND,19,27,False,False,nflverse,-8,G006449
1999,1999-09-26,3,REG,LAR,ATL,35,7,False,False,nflverse,28,G006450
1999,1999-09-26,3,REG,TB,DEN,13,10,False,False,nflverse,3,G006451
1999,1999-09-27,3,REG,ARI,SF,10,24,False,False,nflverse,-14,G006452
1999,1999-10-03,4,REG,ATL,BAL,13,19,False,True,nflverse,-6,G006453
1999,1999-10-03,4,REG,CHI,NO,14,10,False,False,nflverse,4,G006454
1999,1999-10-03,4,REG,CIN,LAR,10,38,False,False,nflverse,-28,G006455
1999,1999-10-03,4,REG,CLE,NE,7,19,False,False,nflverse,-12,G006456
1999,1999-10-03,4,REG,DAL,ARI,35,7,False,False,nflverse,28,G006457
1999,1999-10-03,4,REG,DEN,NYJ,13,21,False,False,nflverse,-8,G006458
1999,1999-10-03,4,REG,MIN,TB,21,14,False,False,nflverse,7,G006459
1999,1999-10-03,4,REG,NYG,PHI,16,15,False,False,nflverse,1,G006460
1999,1999-10-03,4,REG,PIT,JAX,3,17,False,False,nflverse,-14,G006461
1999,1999-10-03,4,REG,LAC,KC,21,14,False,False,nflverse,7,G006462
1999,1999-10-03,4,REG,SEA,OAK,22,21,False,False,nflverse,1,G006463
1999,1999-10-03,4,REG,SF,TEN,24,22,False,False,nflverse,2,G006464
1999,1999-10-03,4,REG,WSH,CAR,38,36,False,False,nflverse,2,G006465
1999,1999-10-04,4,REG,MIA,BUF,18,23,False,False,nflverse,-5,G006466
1999,1999-10-10,5,REG,ARI,NYG,14,3,False,False,nflverse,11,G006467
1999,1999-10-10,5,REG,BUF,PIT,24,21,False,False,nflverse,3,G006468
1999,1999-10-10,5,REG,CLE,CIN,17,18,False,False,nflverse,-1,G006469
1999,1999-10-10,5,REG,DET,LAC,10,20,False,False,nflverse,-10,G006470
1999,1999-10-10,5,REG,GB,TB,26,23,False,False,nflverse,3,G006471
1999,1999-10-10,5,REG,IND,MIA,31,34,False,False,nflverse,-3,G006472
1999,1999-10-10,5,REG,KC,NE,16,14,False,False,nflverse,2,G006473
1999,1999-10-10,5,REG,MIN,CHI,22,24,False,False,nflverse,-2,G006474
1999,1999-10-10,5,REG,NO,ATL,17,20,False,False,nflverse,-3,G006475
1999,1999-10-10,5,REG,OAK,DEN,13,16,False,False,nflverse,-3,G006476
1999,1999-10-10,5,REG,PHI,DAL,13,10,False,False,nflverse,3,G006477
1999,1999-10-10,5,REG,LAR,SF,42,20,False,False,nflverse,22,G006478
1999,1999-10-10,5,REG,TEN,BAL,14,11,False,False,nflverse,3,G006479
1999,1999-10-11,5,REG,NYJ,JAX,6,16,False,False,nflverse,-10,G006480
1999,1999-10-17,6,REG,ARI,WSH,10,24,False,False,nflverse,-14,G006481
1999,1999-10-17,6,REG,ATL,LAR,13,41,False,False,nflverse,-28,G006482
1999,1999-10-17,6,REG,BUF,OAK,14,20,False,False,nflverse,-6,G006483
1999,1999-10-17,6,REG,CHI,PHI,16,20,False,False,nflverse,-4,G006484
1999,1999-10-17,6,REG,CIN,PIT,3,17,False,False,nflverse,-14,G006485
1999,1999-10-17,6,REG,DEN,GB,31,10,False,False,nflverse,21,G006486
1999,1999-10-17,6,REG,DET,MIN,25,23,False,False,nflverse,2,G006487
1999,1999-10-17,6,REG,JAX,CLE,24,7,False,False,nflverse,17,G006488
1999,1999-10-17,6,REG,NE,MIA,30,31,False,False,nflverse,-1,G006489
1999,1999-10-17,6,REG,NO,TEN,21,24,False,False,nflverse,-3,G006490
1999,1999-10-17,6,REG,NYJ,IND,13,16,False,False,nflverse,-3,G006491
1999,1999-10-17,6,REG,LAC,SEA,13,10,False,False,nflverse,3,G006492
1999,1999-10-17,6,REG,SF,CAR,29,31,False,False,nflverse,-2,G006493
1999,1999-10-18,6,REG,NYG,DAL,13,10,False,False,nflverse,3,G006494
1999,1999-10-21,7,REG,BAL,KC,8,35,False,False,nflverse,-27,G006495
1999,1999-10-24,7,REG,CAR,DET,9,24,False,False,nflverse,-15,G006496
1999,1999-10-24,7,REG,DAL,WSH,38,20,False,False,nflverse,18,G006497
1999,1999-10-24,7,REG,IND,CIN,31,10,False,False,nflverse,21,G006498
1999,1999-10-24,7,REG,MIA,PHI,16,13,False,False,nflverse,3,G006499
1999,1999-10-24,7,REG,MIN,SF,40,16,False,False,nflverse,24,G006500
1999,1999-10-24,7,REG,NE,DEN,24,23,False,False,nflverse,1,G006501
1999,1999-10-24,7,REG,NYG,NO,31,3,False,False,nflverse,28,G006502
1999,1999-10-24,7,REG,OAK,NYJ,24,23,False,False,nflverse,1,G006503
1999,1999-10-24,7,REG,LAC,GB,3,31,False,False,nflverse,-28,G006504
1999,1999-10-24,7,REG,SEA,BUF,26,16,False,False,nflverse,10,G006505
1999,1999-10-24,7,REG,LAR,CLE,34,3,False,False,nflverse,31,G006506
1999,1999-10-24,7,REG,TB,CHI,6,3,False,False,nflverse,3,G006507
1999,1999-10-25,7,REG,PIT,ATL,13,9,False,False,nflverse,4,G006508
1999,1999-10-31,8,REG,ARI,NE,3,27,False,False,nflverse,-24,G006509
1999,1999-10-31,8,REG,ATL,CAR,27,20,False,False,nflverse,7,G006510
1999,1999-10-31,8,REG,BAL,BUF,10,13,False,False,nflverse,-3,G006511
1999,1999-10-31,8,REG,CIN,JAX,10,41,False,False,nflverse,-31,G006512
1999,1999-10-31,8,REG,DEN,MIN,20,23,False,False,nflverse,-3,G006513
1999,1999-10-31,8,REG,DET,TB,20,3,False,False,nflverse,17,G006514
1999,1999-10-31,8,REG,IND,DAL,34,24,False,False,nflverse,10,G006515
1999,1999-10-31,8,REG,KC,LAC,34,0,False,False,nflverse,34,G006516
1999,1999-10-31,8,REG,NO,CLE,16,21,False,False,nflverse,-5,G006517
1999,1999-10-31,8,REG,OAK,MIA,9,16,False,False,nflverse,-7,G006518
1999,1999-10-31,8,REG,PHI,NYG,17,23,False,True,nflverse,-6,G006519
1999,1999-10-31,8,REG,TEN,LAR,24,21,False,False,nflverse,3,G006520
1999,1999-10-31,8,REG,WSH,CHI,48,22,False,False,nflverse,26,G006521
1999,1999-11-01,8,REG,GB,SEA,7,27,False,False,nflverse,-20,G006522
1999,1999-11-07,9,REG,ATL,JAX,7,30,False,False,nflverse,-23,G006523
1999,1999-11-07,9,REG,CAR,PHI,33,7,False,False,nflverse,26,G006524
1999,1999-11-07,9,REG,CLE,BAL,9,41,False,False,nflverse,-32,G006525
1999,1999-11-07,9,REG,DET,LAR,31,27,False,False,nflverse,4,G006526
1999,1999-11-07,9,REG,GB,CHI,13,14,False,False,nflverse,-1,G006527
1999,1999-11-07,9,REG,IND,KC,25,17,False,False,nflverse,8,G006528
1999,1999-11-07,9,REG,MIA,TEN,17,0,False,False,nflverse,17,G006529
1999,1999-11-07,9,REG,NO,TB,16,31,False,False,nflverse,-15,G006530
1999,1999-11-07,9,REG,NYJ,ARI,12,7,False,False,nflverse,5,G006531
1999,1999-11-07,9,REG,LAC,DEN,17,33,False,False,nflverse,-16,G006532
1999,1999-11-07,9,REG,SEA,CIN,37,20,False,False,nflverse,17,G006533
1999,1999-11-07,9,REG,SF,PIT,6,27,False,False,nflverse,-21,G006534
1999,1999-11-07,9,REG,WSH,BUF,17,34,False,False,nflverse,-17,G006535
1999,1999-11-08,9,REG,MIN,DAL,27,17,False,False,nflverse,10,G006536
1999,1999-11-14,10,REG,ARI,DET,23,19,False,False,nflverse,4,G006537
1999,1999-11-14,10,REG,BUF,MIA,23,3,False,False,nflverse,20,G006538
1999,1999-11-14,10,REG,CHI,MIN,24,27,False,True,nflverse,-3,G006539
1999,1999-11-14,10,REG,CIN,TEN,14,24,False,False,nflverse,-10,G006540
1999,1999-11-14,10,REG,DAL,GB,27,13,False,False,nflverse,14,G006541
1999,1999-11-14,10,REG,JAX,BAL,6,3,False,False,nflverse,3,G006542
1999,1999-11-14,10,REG,NO,SF,24,6,False,False,nflverse,18,G006543
1999,1999-11-14,10,REG,NYG,IND,19,27,False,False,nflverse,-8,G006544
1999,1999-11-14,10,REG,OAK,LAC,28,9,False,False,nflverse,19,G006545
1999,1999-11-14,10,REG,PHI,WSH,35,28,False,False,nflverse,7,G006546
1999,1999-11-14,10,REG,PIT,CLE,15,16,False,False,nflverse,-1,G006547
1999,1999-11-14,10,REG,SEA,DEN,20,17,False,False,nflverse,3,G006548
1999,1999-11-14,10,REG,LAR,CAR,35,10,False,False,nflverse,25,G006549
1999,1999-11-14,10,REG,TB,KC,17,10,False,False,nflverse,7,G006550
1999,1999-11-15,10,REG,NE,NYJ,17,24,False,False,nflverse,-7,G006551
1999,1999-11-21,11,REG,ARI,DAL,13,9,False,False,nflverse,4,G006552
1999,1999-11-21,11,REG,CIN,BAL,31,34,False,False,nflverse,-3,G006553
1999,1999-11-21,11,REG,CLE,CAR,17,31,False,False,nflverse,-14,G006554
1999,1999-11-21,11,REG,GB,DET,26,17,False,False,nflverse,9,G006555
1999,1999-11-21,11,REG,JAX,NO,41,23,False,False,nflverse,18,G006556
1999,1999-11-21,11,REG,KC,SEA,19,31,False,False,nflverse,-12,G006557
1999,1999-11-21,11,REG,MIA,NE,27,17,False,False,nflverse,10,G006558
1999,1999-11-21,11,REG,NYJ,BUF,17,7,False,False,nflverse,10,G006559
1999,1999-11-21,11,REG,PHI,IND,17,44,False,False,nflverse,-27,G006560
1999,1999-11-21,11,REG,LAC,CHI,20,23,False,True,nflverse,-3,G006561
1999,1999-11-21,11,REG,SF,LAR,7,23,False,False,nflverse,-16,G006562
1999,1999-11-21,11,REG,TB,ATL,19,10,False,False,nflverse,9,G006563
1999,1999-11-21,11,REG,TEN,PIT,16,10,False,False,nflverse,6,G006564
1999,1999-11-21,11,REG,WSH,NYG,23,13,False,False,nflverse,10,G006565
1999,1999-11-22,11,REG,DEN,OAK,27,21,False,True,nflverse,6,G006566
1999,1999-11-25,12,REG,DAL,MIA,20,0,False,False,nflverse,20,G006567
1999,1999-11-25,12,REG,DET,CHI,21,17,False,False,nflverse,4,G006568
1999,1999-11-28,12,REG,BAL,JAX,23,30,False,False,nflverse,-7,G006569
1999,1999-11-28,12,REG,BUF,NE,17,7,False,False,nflverse,10,G006570
1999,1999-11-28,12,REG,CAR,ATL,34,28,False,False,nflverse,6,G006571
1999,1999-11-28,12,REG,CLE,TEN,21,33,False,False,nflverse,-12,G006572
1999,1999-11-28,12,REG,IND,NYJ,13,6,False,False,nflverse,7,G006573
1999,1999-11-28,12,REG,MIN,LAC,35,27,False,False,nflverse,8,G006574
1999,1999-11-28,12,REG,NYG,ARI,24,34,False,False,nflverse,-10,G006575
1999,1999-11-28,12,REG,OAK,KC,34,37,False,False,nflverse,-3,G006576
1999,1999-11-28,12,REG,PIT,CIN,20,27,False,False,nflverse,-7,G006577
1999,1999-11-28,12,REG,SEA,TB,3,16,False,False,nflverse,-13,G006578
1999,1999-11-28,12,REG,LAR,NO,43,12,False,False,nflverse,31,G006579
1999,1999-11-28,12,REG,WSH,PHI,20,17,False,True,nflverse,3,G006580
1999,1999-11-29,12,REG,SF,GB,3,20,False,False,nflverse,-17,G006581
1999,1999-12-02,13,REG,JAX,PIT,20,6,False,False,nflverse,14,G006582
1999,1999-12-05,13,REG,ARI,PHI,21,17,False,False,nflverse,4,G006583
1999,1999-12-05,13,REG,ATL,NO,35,12,False,False,nflverse,23,G006584
1999,1999-12-05,13,REG,BAL,TEN,41,14,False,False,nflverse,27,G006585
1999,1999-12-05,13,REG,CAR,LAR,21,34,False,False,nflverse,-13,G006586
1999,1999-12-05,13,REG,CHI,GB,19,35,False,False,nflverse,-16,G006587
1999,1999-12-05,13,REG,CIN,SF,44,30,False,False,nflverse,14,G006588
1999,1999-12-05,13,REG,DEN,KC,10,16,False,False,nflverse,-6,G006589
1999,1999-12-05,13,REG,DET,WSH,33,17,False,False,nflverse,16,G006590
1999,1999-12-05,13,REG,MIA,IND,34,37,False,False,nflverse,-3,G006591
1999,1999-12-05,13,REG,NE,DAL,13,6,False,False,nflverse,7,G006592
1999,1999-12-05,13,REG,NYG,NYJ,41,28,False,False,nflverse,13,G006593
1999,1999-12-05,13,REG,OAK,SEA,30,21,False,False,nflverse,9,G006594
1999,1999-12-05,13,REG,LAC,CLE,23,10,False,False,nflverse,13,G006595
1999,1999-12-06,13,REG,TB,MIN,24,17,False,False,nflverse,7,G006596
1999,1999-12-09,14,REG,TEN,OAK,21,14,False,False,nflverse,7,G006597
1999,1999-12-12,14,REG,BUF,NYG,17,19,False,False,nflverse,-2,G006598
1999,1999-12-12,14,REG,CIN,CLE,44,28,False,False,nflverse,16,G006599
1999,1999-12-12,14,REG,DAL,PHI,20,10,False,False,nflverse,10,G006600
1999,1999-12-12,14,REG,GB,CAR,31,33,False,False,nflverse,-2,G006601
1999,1999-12-12,14,REG,IND,NE,20,15,False,False,nflverse,5,G006602
1999,1999-12-12,14,REG,KC,MIN,31,28,False,False,nflverse,3,G006603
1999,1999-12-12,14,REG,NO,LAR,14,30,False,False,nflverse,-16,G006604
1999,1999-12-12,14,REG,NYJ,MIA,28,20,False,False,nflverse,8,G006605
1999,1999-12-12,14,REG,PIT,BAL,24,31,False,False,nflverse,-7,G006606
1999,1999-12-12,14,REG,SEA,LAC,16,19,False,False,nflverse,-3,G006607
1999,1999-12-12,14,REG,SF,ATL,26,7,False,False,nflverse,19,G006608
1999,1999-12-12,14,REG,TB,DET,23,16,False,False,nflverse,7,G006609
1999,1999-12-12,14,REG,WSH,ARI,28,3,False,False,nflverse,25,G006610
1999,1999-12-13,14,REG,JAX,DEN,27,24,False,False,nflverse,3,G006611
1999,1999-12-18,15,REG,CAR,SF,41,24,False,False,nflverse,17,G006612
1999,1999-12-18,15,REG,KC,PIT,35,19,False,False,nflverse,16,G006613
1999,1999-12-19,15,REG,ARI,BUF,21,31,False,False,nflverse,-10,G006614
1999,1999-12-19,15,REG,BAL,NO,31,8,False,False,nflverse,23,G006615
1999,1999-12-19,15,REG,CHI,DET,28,10,False,False,nflverse,18,G006616
1999,1999-12-19,15,REG,CLE,JAX,14,24,False,False,nflverse,-10,G006617
1999,1999-12-19,15,REG,DAL,NYJ,21,22,False,False,nflverse,-1,G006618
1999,1999-12-19,15,REG,DEN,SEA,36,30,False,True,nflverse,6,G006619
1999,1999-12-19,15,REG,IND,WSH,24,21,False,False,nflverse,3,G006620
1999,1999-12-19,15,REG,MIA,LAC,12,9,False,False,nflverse,3,G006621
1999,1999-12-19,15,REG,OAK,TB,45,0,False,False,nflverse,45,G006622
1999,1999-12-19,15,REG,PHI,NE,24,9,False,False,nflverse,15,G006623
1999,1999-12-19,15,REG,LAR,NYG,31,10,False,False,nflverse,21,G006624
1999,1999-12-19,15,REG,TEN,ATL,30,17,False,False,nflverse,13,G006625
1999,1999-12-20,15,REG,MIN,GB,24,20,False,False,nflverse,4,G006626
1999,1999-12-24,16,REG,NO,DAL,31,24,False,False,nflverse,7,G006627
1999,1999-12-25,16,REG,DET,DEN,7,17,False,False,nflverse,-10,G006628
1999,1999-12-26,16,REG,ATL,ARI,37,14,False,False,nflverse,23,G006629
1999,1999-12-26,16,REG,BAL,CIN,22,0,False,False,nflverse,22,G006630
1999,1999-12-26,16,REG,CLE,IND,28,29,False,False,nflverse,-1,G006631
1999,1999-12-26,16,REG,NE,BUF,10,13,False,True,nflverse,-3,G006632
1999,1999-12-26,16,REG,NYG,MIN,17,34,False,False,nflverse,-17,G006633
1999,1999-12-26,16,REG,PIT,CAR,30,20,False,False,nflverse,10,G006634
1999,1999-12-26,16,REG,LAC,OAK,23,20,False,False,nflverse,3,G006635
1999,1999-12-26,16,REG,SEA,KC,23,14,False,False,nflverse,9,G006636
1999,1999-12-26,16,REG,SF,WSH,20,26,False,True,nflverse,-6,G006637
1999,1999-12-26,16,REG,LAR,CHI,34,12,False,False,nflverse,22,G006638
1999,1999-12-26,16,REG,TB,GB,29,10,False,False,nflverse,19,G006639
1999,1999-12-26,16,REG,TEN,JAX,41,14,False,False,nflverse,27,G006640
1999,1999-12-27,16,REG,MIA,NYJ,31,38,False,False,nflverse,-7,G006641
1999,2000-01-02,17,REG,BUF,IND,31,6,False,False,nflverse,25,G006642
1999,2000-01-02,17,REG,CAR,NO,45,13,False,False,nflverse,32,G006643
1999,2000-01-02,17,REG,CHI,TB,6,20,False,False,nflverse,-14,G006644
1999,2000-01-02,17,REG,DAL,NYG,26,18,False,False,nflverse,8,G006645
1999,2000-01-02,17,REG,DEN,LAC,6,12,False,False,nflverse,-6,G006646
1999,2000-01-02,17,REG,GB,ARI,49,24,False,False,nflverse,25,G006647
1999,2000-01-02,17,REG,JAX,CIN,24,7,False,False,nflverse,17,G006648
1999,2000-01-02,17,REG,KC,OAK,38,41,False,True,nflverse,-3,G006649
1999,2000-01-02,17,REG,MIN,DET,24,17,False,False,nflverse,7,G006650
1999,2000-01-02,17,REG,NE,BAL,20,3,False,False,nflverse,17,G006651
1999,2000-01-02,17,REG,NYJ,SEA,19,9,False,False,nflverse,10,G006652
1999,2000-01-02,17,REG,PHI,LAR,38,31,False,False,nflverse,7,G006653
1999,2000-01-02,17,REG,PIT,TEN,36,47,False,False,nflverse,-11,G006654
1999,2000-01-02,17,REG,WSH,MIA,21,10,False,False,nflverse,11,G006655
1999,2000-01-03,17,REG,ATL,SF,34,29,False,False,nflverse,5,G006656
1999,2000-01-08,18,WC,TEN,BUF,22,16,False,False,nflverse,6,G006657
1999,2000-01-08,18,WC,WSH,DET,27,13,False,False,nflverse,14,G006658
1999,2000-01-09,18,WC,MIN,DAL,27,10,False,False,nflverse,17,G006659
1999,2000-01-09,18,WC,SEA,MIA,17,20,False,False,nflverse,-3,G006660
1999,2000-01-15,19,DIV,JAX,MIA,62,7,False,False,nflverse,55,G006661
1999,2000-01-15,19,DIV,TB,WSH,14,13,False,False,nflverse,1,G006662
1999,2000-01-16,19,DIV,IND,TEN,16,19,False,False,nflverse,-3,G006663
1999,2000-01-16,19,DIV,LAR,MIN,49,37,False,False,nflverse,12,G006664
1999,2000-01-23,20,CON,JAX,TEN,14,33,False,False,nflverse,-19,G006665
1999,2000-01-23,20,CON,LAR,TB,11,6,False,False,nflverse,5,G006666
1999,2000-01-30,21,SB,TEN,LAR,16,23,True,False,nflverse,-7,G006667
2000,2000-09-03,1,REG,ATL,SF,36,28,False,False,nflverse,8,G006668
2000,2000-09-03,1,REG,CLE,JAX,7,27,False,False,nflverse,-20,G006669
2000,2000-09-03,1,REG,KC,IND,14,27,False,False,nflverse,-13,G006670
2000,2000-09-03,1,REG,MIN,CHI,30,27,False,False,nflverse,3,G006671
2000,2000-09-03,1,REG,NE,TB,16,21,False,False,nflverse,-5,G006672
2000,2000-09-03,1,REG,NO,DET,10,14,False,False,nflverse,-4,G006673
2000,2000-09-03,1,REG,NYG,ARI,21,16,False,False,nflverse,5,G006674
2000,2000-09-03,1,REG,PIT,BAL,0,16,False,False,nflverse,-16,G006675
2000,2000-09-03,1,REG,WSH,CAR,20,17,False,False,nflverse,3,G006676
2000,2000-09-03,1,REG,DAL,PHI,14,41,False,False,nflverse,-27,G006677
2000,2000-09-03,1,REG,GB,NYJ,16,20,False,False,nflverse,-4,G006678
2000,2000-09-03,1,REG,MIA,SEA,23,0,False,False,nflverse,23,G006679
2000,2000-09-03,1,REG,OAK,LAC,9,6,False,False,nflverse,3,G006680
2000,2000-09-03,1,REG,BUF,TEN,16,13,False,False,nflverse,3,G006681
2000,2000-09-04,1,REG,LAR,DEN,41,36,False,False,nflverse,5,G006682
2000,2000-09-10,2,REG,IND,OAK,31,38,False,False,nflverse,-7,G006683
2000,2000-09-10,2,REG,BAL,JAX,39,36,False,False,nflverse,3,G006684
2000,2000-09-10,2,REG,BUF,GB,27,18,False,False,nflverse,9,G006685
2000,2000-09-10,2,REG,CIN,CLE,7,24,False,False,nflverse,-17,G006686
2000,2000-09-10,2,REG,MIN,MIA,13,7,False,False,nflverse,6,G006687
2000,2000-09-10,2,REG,PHI,NYG,18,33,False,False,nflverse,-15,G006688
2000,2000-09-10,2,REG,TB,CHI,41,0,False,False,nflverse,41,G006689
2000,2000-09-10,2,REG,TEN,KC,17,14,False,True,nflverse,3,G006690
2000,2000-09-10,2,REG,DEN,ATL,42,14,False,False,nflverse,28,G006691
2000,2000-09-10,2,REG,DET,WSH,15,10,False,False,nflverse,5,G006692
2000,2000-09-10,2,REG,LAC,NO,27,28,False,False,nflverse,-1,G006693
2000,2000-09-10,2,REG,SEA,LAR,34,37,False,False,nflverse,-3,G006694
2000,2000-09-10,2,REG,SF,CAR,22,38,False,False,nflverse,-16,G006695
2000,2000-09-10,2,REG,ARI,DAL,32,31,False,False,nflverse,1,G006696
2000,2000-09-11,2,REG,NYJ,NE,20,19,False,False,nflverse,1,G006697
2000,2000-09-17,3,REG,CAR,ATL,10,15,False,False,nflverse,-5,G006698
2000,2000-09-17,3,REG,CLE,PIT,23,20,False,False,nflverse,3,G006699
2000,2000-09-17,3,REG,DET,TB,10,31,False,False,nflverse,-21,G006700
2000,2000-09-17,3,REG,GB,PHI,6,3,False,False,nflverse,3,G006701
2000,2000-09-17,3,REG,JAX,CIN,13,0,False,False,nflverse,13,G006702
2000,2000-09-17,3,REG,KC,LAC,42,10,False,False,nflverse,32,G006703
2000,2000-09-17,3,REG,NYJ,BUF,27,14,False,False,nflverse,13,G006704
2000,2000-09-17,3,REG,LAR,SF,41,24,False,False,nflverse,17,G006705
2000,2000-09-17,3,REG,OAK,DEN,24,33,False,False,nflverse,-9,G006706
2000,2000-09-17,3,REG,CHI,NYG,7,14,False,False,nflverse,-7,G006707
2000,2000-09-17,3,REG,NE,MIN,13,21,False,False,nflverse,-8,G006708
2000,2000-09-17,3,REG,SEA,NO,20,10,False,False,nflverse,10,G006709
2000,2000-09-17,3,REG,MIA,BAL,19,6,False,False,nflverse,13,G006710
2000,2000-09-18,3,REG,WSH,DAL,21,27,False,False,nflverse,-6,G006711
2000,2000-09-24,4,REG,ATL,LAR,20,41,False,False,nflverse,-21,G006712
2000,2000-09-24,4,REG,BAL,CIN,37,0,False,False,nflverse,37,G006713
2000,2000-09-24,4,REG,CHI,DET,14,21,False,False,nflverse,-7,G006714
2000,2000-09-24,4,REG,DAL,SF,24,41,False,False,nflverse,-17,G006715
2000,2000-09-24,4,REG,MIA,NE,10,3,False,False,nflverse,7,G006716
2000,2000-09-24,4,REG,NO,PHI,7,21,False,False,nflverse,-14,G006717
2000,2000-09-24,4,REG,PIT,TEN,20,23,False,False,nflverse,-3,G006718
2000,2000-09-24,4,REG,ARI,GB,3,29,False,False,nflverse,-26,G006719
2000,2000-09-24,4,REG,DEN,KC,22,23,False,False,nflverse,-1,G006720
2000,2000-09-24,4,REG,OAK,CLE,36,10,False,False,nflverse,26,G006721
2000,2000-09-24,4,REG,LAC,SEA,12,20,False,False,nflverse,-8,G006722
2000,2000-09-24,4,REG,TB,NYJ,17,21,False,False,nflverse,-4,G006723
2000,2000-09-24,4,REG,NYG,WSH,6,16,False,False,nflverse,-10,G006724
2000,2000-09-25,4,REG,IND,JAX,43,14,False,False,nflverse,29,G006725
2000,2000-10-01,5,REG,BUF,IND,16,18,False,False,nflverse,-2,G006726
2000,2000-10-01,5,REG,CAR,DAL,13,16,False,True,nflverse,-3,G006727
2000,2000-10-01,5,REG,CLE,BAL,0,12,False,False,nflverse,-12,G006728
2000,2000-10-01,5,REG,DET,MIN,24,31,False,False,nflverse,-7,G006729
2000,2000-10-01,5,REG,JAX,PIT,13,24,False,False,nflverse,-11,G006730
2000,2000-10-01,5,REG,LAR,LAC,57,31,False,False,nflverse,26,G006731
2000,2000-10-01,5,REG,TEN,NYG,28,14,False,False,nflverse,14,G006732
2000,2000-10-01,5,REG,CIN,MIA,16,31,False,False,nflverse,-15,G006733
2000,2000-10-01,5,REG,DEN,NE,19,28,False,False,nflverse,-9,G006734
2000,2000-10-01,5,REG,GB,CHI,24,27,False,False,nflverse,-3,G006735
2000,2000-10-01,5,REG,SF,ARI,27,20,False,False,nflverse,7,G006736
2000,2000-10-01,5,REG,WSH,TB,20,17,False,True,nflverse,3,G006737
2000,2000-10-01,5,REG,PHI,ATL,38,10,False,False,nflverse,28,G006738
2000,2000-10-02,5,REG,KC,SEA,24,17,False,False,nflverse,7,G006739
2000,2000-10-08,6,REG,CHI,NO,10,31,False,False,nflverse,-21,G006740
2000,2000-10-08,6,REG,CIN,TEN,14,23,False,False,nflverse,-9,G006741
2000,2000-10-08,6,REG,DET,GB,31,24,False,False,nflverse,7,G006742
2000,2000-10-08,6,REG,MIA,BUF,22,13,False,False,nflverse,9,G006743
2000,2000-10-08,6,REG,NE,IND,24,16,False,False,nflverse,8,G006744
2000,2000-10-08,6,REG,NYJ,PIT,3,20,False,False,nflverse,-17,G006745
2000,2000-10-08,6,REG,PHI,WSH,14,17,False,False,nflverse,-3,G006746
2000,2000-10-08,6,REG,ARI,CLE,29,21,False,False,nflverse,8,G006747
2000,2000-10-08,6,REG,ATL,NYG,6,13,False,False,nflverse,-7,G006748
2000,2000-10-08,6,REG,CAR,SEA,26,3,False,False,nflverse,23,G006749
2000,2000-10-08,6,REG,LAC,DEN,7,21,False,False,nflverse,-14,G006750
2000,2000-10-08,6,REG,SF,OAK,28,34,False,True,nflverse,-6,G006751
2000,2000-10-08,6,REG,JAX,BAL,10,15,False,False,nflverse,-5,G006752
2000,2000-10-09,6,REG,MIN,TB,30,23,False,False,nflverse,7,G006753
2000,2000-10-15,7,REG,BUF,LAC,27,24,False,True,nflverse,3,G006754
2000,2000-10-15,7,REG,KC,OAK,17,20,False,False,nflverse,-3,G006755
2000,2000-10-15,7,REG,NO,CAR,24,6,False,False,nflverse,18,G006756
2000,2000-10-15,7,REG,NYG,DAL,19,14,False,False,nflverse,5,G006757
2000,2000-10-15,7,REG,PIT,CIN,15,0,False,False,nflverse,15,G006758
2000,2000-10-15,7,REG,LAR,ATL,45,29,False,False,nflverse,16,G006759
2000,2000-10-15,7,REG,WSH,BAL,10,3,False,False,nflverse,7,G006760
2000,2000-10-15,7,REG,ARI,PHI,14,33,False,False,nflverse,-19,G006761
2000,2000-10-15,7,REG,DEN,CLE,44,10,False,False,nflverse,34,G006762
2000,2000-10-15,7,REG,NE,NYJ,17,34,False,False,nflverse,-17,G006763
2000,2000-10-15,7,REG,SEA,IND,24,37,False,False,nflverse,-13,G006764
2000,2000-10-15,7,REG,GB,SF,31,28,False,False,nflverse,3,G006765
2000,2000-10-15,7,REG,CHI,MIN,16,28,False,False,nflverse,-12,G006766
2000,2000-10-16,7,REG,TEN,JAX,27,13,False,False,nflverse,14,G006767
2000,2000-10-19,8,REG,TB,DET,14,28,False,False,nflverse,-14,G006768
2000,2000-10-22,8,REG,IND,NE,30,23,False,False,nflverse,7,G006769
2000,2000-10-22,8,REG,ATL,NO,19,21,False,False,nflverse,-2,G006770
2000,2000-10-22,8,REG,BAL,TEN,6,14,False,False,nflverse,-8,G006771
2000,2000-10-22,8,REG,CAR,SF,34,16,False,False,nflverse,18,G006772
2000,2000-10-22,8,REG,CIN,DEN,31,21,False,False,nflverse,10,G006773
2000,2000-10-22,8,REG,DAL,ARI,48,7,False,False,nflverse,41,G006774
2000,2000-10-22,8,REG,KC,LAR,54,34,False,False,nflverse,20,G006775
2000,2000-10-22,8,REG,MIN,BUF,31,27,False,False,nflverse,4,G006776
2000,2000-10-22,8,REG,PHI,CHI,13,9,False,False,nflverse,4,G006777
2000,2000-10-22,8,REG,OAK,SEA,31,3,False,False,nflverse,28,G006778
2000,2000-10-22,8,REG,PIT,CLE,22,0,False,False,nflverse,22,G006779
2000,2000-10-22,8,REG,JAX,WSH,16,35,False,False,nflverse,-19,G006780
2000,2000-10-23,8,REG,NYJ,MIA,40,37,False,True,nflverse,3,G006781
2000,2000-10-29,9,REG,ATL,CAR,13,12,False,False,nflverse,1,G006782
2000,2000-10-29,9,REG,BAL,PIT,6,9,False,False,nflverse,-3,G006783
2000,2000-10-29,9,REG,BUF,NYJ,23,20,False,False,nflverse,3,G006784
2000,2000-10-29,9,REG,CLE,CIN,3,12,False,False,nflverse,-9,G006785
2000,2000-10-29,9,REG,IND,DET,30,18,False,False,nflverse,12,G006786
2000,2000-10-29,9,REG,MIA,GB,28,20,False,False,nflverse,8,G006787
2000,2000-10-29,9,REG,TB,MIN,41,13,False,False,nflverse,28,G006788
2000,2000-10-29,9,REG,ARI,NO,10,21,False,False,nflverse,-11,G006789
2000,2000-10-29,9,REG,NYG,PHI,24,7,False,False,nflverse,17,G006790
2000,2000-10-29,9,REG,SF,LAR,24,34,False,False,nflverse,-10,G006791
2000,2000-10-29,9,REG,DAL,JAX,17,23,False,True,nflverse,-6,G006792
2000,2000-10-29,9,REG,SEA,KC,19,24,False,False,nflverse,-5,G006793
2000,2000-10-29,9,REG,LAC,OAK,13,15,False,False,nflverse,-2,G006794
2000,2000-10-30,9,REG,WSH,TEN,21,27,False,False,nflverse,-6,G006795
2000,2000-11-05,10,REG,ATL,TB,14,27,False,False,nflverse,-13,G006796
2000,2000-11-05,10,REG,CHI,IND,27,24,False,False,nflverse,3,G006797
2000,2000-11-05,10,REG,CIN,BAL,7,27,False,False,nflverse,-20,G006798
2000,2000-11-05,10,REG,CLE,NYG,3,24,False,False,nflverse,-21,G006799
2000,2000-11-05,10,REG,DET,MIA,8,23,False,False,nflverse,-15,G006800
2000,2000-11-05,10,REG,NE,BUF,13,16,False,True,nflverse,-3,G006801
2000,2000-11-05,10,REG,NO,SF,31,15,False,False,nflverse,16,G006802
2000,2000-11-05,10,REG,PHI,DAL,16,13,False,True,nflverse,3,G006803
2000,2000-11-05,10,REG,TEN,PIT,9,7,False,False,nflverse,2,G006804
2000,2000-11-05,10,REG,ARI,WSH,16,15,False,False,nflverse,1,G006805
2000,2000-11-05,10,REG,NYJ,DEN,23,30,False,False,nflverse,-7,G006806
2000,2000-11-05,10,REG,OAK,KC,49,31,False,False,nflverse,18,G006807
2000,2000-11-05,10,REG,SEA,LAC,17,15,False,False,nflverse,2,G006808
2000,2000-11-05,10,REG,LAR,CAR,24,27,False,False,nflverse,-3,G006809
2000,2000-11-06,10,REG,GB,MIN,26,20,False,True,nflverse,6,G006810
2000,2000-11-12,11,REG,BUF,CHI,20,3,False,False,nflverse,17,G006811
2000,2000-11-12,11,REG,CAR,NO,10,20,False,False,nflverse,-10,G006812
2000,2000-11-12,11,REG,DAL,CIN,23,6,False,False,nflverse,17,G006813
2000,2000-11-12,11,REG,DET,ATL,13,10,False,False,nflverse,3,G006814
2000,2000-11-12,11,REG,JAX,SEA,21,28,False,False,nflverse,-7,G006815
2000,2000-11-12,11,REG,MIN,ARI,31,14,False,False,nflverse,17,G006816
2000,2000-11-12,11,REG,PIT,PHI,23,26,False,True,nflverse,-3,G006817
2000,2000-11-12,11,REG,TEN,BAL,23,24,False,False,nflverse,-1,G006818
2000,2000-11-12,11,REG,CLE,NE,19,11,False,False,nflverse,8,G006819
2000,2000-11-12,11,REG,LAC,MIA,7,17,False,False,nflverse,-10,G006820
2000,2000-11-12,11,REG,SF,KC,21,7,False,False,nflverse,14,G006821
2000,2000-11-12,11,REG,NYG,LAR,24,38,False,False,nflverse,-14,G006822
2000,2000-11-12,11,REG,TB,GB,20,15,False,False,nflverse,5,G006823
2000,2000-11-12,11,REG,IND,NYJ,23,15,False,False,nflverse,8,G006824
2000,2000-11-13,11,REG,DEN,OAK,27,24,False,False,nflverse,3,G006825
2000,2000-11-19,12,REG,CHI,TB,13,10,False,False,nflverse,3,G006826
2000,2000-11-19,12,REG,GB,IND,26,24,False,False,nflverse,2,G006827
2000,2000-11-19,12,REG,KC,BUF,17,21,False,False,nflverse,-4,G006828
2000,2000-11-19,12,REG,MIN,CAR,31,17,False,False,nflverse,14,G006829
2000,2000-11-19,12,REG,NE,CIN,16,13,False,False,nflverse,3,G006830
2000,2000-11-19,12,REG,NO,OAK,22,31,False,False,nflverse,-9,G006831
2000,2000-11-19,12,REG,NYG,DET,21,31,False,False,nflverse,-10,G006832
2000,2000-11-19,12,REG,PHI,ARI,34,9,False,False,nflverse,25,G006833
2000,2000-11-19,12,REG,TEN,CLE,24,10,False,False,nflverse,14,G006834
2000,2000-11-19,12,REG,DEN,LAC,38,37,False,False,nflverse,1,G006835
2000,2000-11-19,12,REG,MIA,NYJ,3,20,False,False,nflverse,-17,G006836
2000,2000-11-19,12,REG,BAL,DAL,27,0,False,False,nflverse,27,G006837
2000,2000-11-19,12,REG,SF,ATL,16,6,False,False,nflverse,10,G006838
2000,2000-11-19,12,REG,PIT,JAX,24,34,False,False,nflverse,-10,G006839
2000,2000-11-20,12,REG,LAR,WSH,20,33,False,False,nflverse,-13,G006840
2000,2000-11-23,13,REG,DET,NE,34,9,False,False,nflverse,25,G006841
2000,2000-11-23,13,REG,DAL,MIN,15,27,False,False,nflverse,-12,G006842
2000,2000-11-26,13,REG,BAL,CLE,44,7,False,False,nflverse,37,G006843
2000,2000-11-26,13,REG,CIN,PIT,28,48,False,False,nflverse,-20,G006844
2000,2000-11-26,13,REG,NYJ,CHI,17,10,False,False,nflverse,7,G006845
2000,2000-11-26,13,REG,LAR,NO,24,31,False,False,nflverse,-7,G006846
2000,2000-11-26,13,REG,TB,BUF,31,17,False,False,nflverse,14,G006847
2000,2000-11-26,13,REG,WSH,PHI,20,23,False,False,nflverse,-3,G006848
2000,2000-11-26,13,REG,OAK,ATL,41,14,False,False,nflverse,27,G006849
2000,2000-11-26,13,REG,IND,MIA,14,17,False,False,nflverse,-3,G006850
2000,2000-11-26,13,REG,JAX,TEN,16,13,False,False,nflverse,3,G006851
2000,2000-11-26,13,REG,LAC,KC,17,16,False,False,nflverse,1,G006852
2000,2000-11-26,13,REG,SEA,DEN,31,38,False,False,nflverse,-7,G006853
2000,2000-11-26,13,REG,ARI,NYG,7,31,False,False,nflverse,-24,G006854
2000,2000-11-27,13,REG,CAR,GB,31,14,False,False,nflverse,17,G006855
2000,2000-11-30,14,REG,MIN,DET,24,17,False,False,nflverse,7,G006856
2000,2000-12-03,14,REG,ATL,SEA,10,30,False,False,nflverse,-20,G006857
2000,2000-12-03,14,REG,BUF,MIA,6,33,False,False,nflverse,-27,G006858
2000,2000-12-03,14,REG,CAR,LAR,16,3,False,False,nflverse,13,G006859
2000,2000-12-03,14,REG,CIN,ARI,24,13,False,False,nflverse,11,G006860
2000,2000-12-03,14,REG,NO,DEN,23,38,False,False,nflverse,-15,G006861
2000,2000-12-03,14,REG,PHI,TEN,13,15,False,False,nflverse,-2,G006862
2000,2000-12-03,14,REG,PIT,OAK,21,20,False,False,nflverse,1,G006863
2000,2000-12-03,14,REG,TB,DAL,27,7,False,False,nflverse,20,G006864
2000,2000-12-03,14,REG,WSH,NYG,7,9,False,False,nflverse,-2,G006865
2000,2000-12-03,14,REG,LAC,SF,17,45,False,False,nflverse,-28,G006866
2000,2000-12-03,14,REG,JAX,CLE,48,0,False,False,nflverse,48,G006867
2000,2000-12-03,14,REG,NYJ,IND,27,17,False,False,nflverse,10,G006868
2000,2000-12-03,14,REG,CHI,GB,6,28,False,False,nflverse,-22,G006869
2000,2000-12-04,14,REG,NE,KC,30,24,False,False,nflverse,6,G006870
2000,2000-12-10,15,REG,BAL,LAC,24,3,False,False,nflverse,21,G006871
2000,2000-12-10,15,REG,CHI,NE,24,17,False,False,nflverse,7,G006872
2000,2000-12-10,15,REG,CLE,PHI,24,35,False,False,nflverse,-11,G006873
2000,2000-12-10,15,REG,GB,DET,26,13,False,False,nflverse,13,G006874
2000,2000-12-10,15,REG,JAX,ARI,44,10,False,False,nflverse,34,G006875
2000,2000-12-10,15,REG,KC,CAR,15,14,False,False,nflverse,1,G006876
2000,2000-12-10,15,REG,MIA,TB,13,16,False,False,nflverse,-3,G006877
2000,2000-12-10,15,REG,NYG,PIT,30,10,False,False,nflverse,20,G006878
2000,2000-12-10,15,REG,TEN,CIN,35,3,False,False,nflverse,32,G006879
2000,2000-12-10,15,REG,DEN,SEA,31,24,False,False,nflverse,7,G006880
2000,2000-12-10,15,REG,DAL,WSH,32,13,False,False,nflverse,19,G006881
2000,2000-12-10,15,REG,SF,NO,27,31,False,False,nflverse,-4,G006882
2000,2000-12-10,15,REG,LAR,MIN,40,29,False,False,nflverse,11,G006883
2000,2000-12-10,15,REG,OAK,NYJ,31,7,False,False,nflverse,24,G006884
2000,2000-12-11,15,REG,IND,BUF,44,20,False,False,nflverse,24,G006885
2000,2000-12-16,16,REG,PIT,WSH,24,3,False,False,nflverse,21,G006886
2000,2000-12-16,16,REG,SEA,OAK,27,24,False,False,nflverse,3,G006887
2000,2000-12-17,16,REG,BUF,NE,10,13,False,True,nflverse,-3,G006888
2000,2000-12-17,16,REG,CAR,LAC,30,22,False,False,nflverse,8,G006889
2000,2000-12-17,16,REG,CIN,JAX,17,14,False,False,nflverse,3,G006890
2000,2000-12-17,16,REG,CLE,TEN,0,24,False,False,nflverse,-24,G006891
2000,2000-12-17,16,REG,KC,DEN,20,7,False,False,nflverse,13,G006892
2000,2000-12-17,16,REG,MIN,GB,28,33,False,False,nflverse,-5,G006893
2000,2000-12-17,16,REG,NO,ATL,23,7,False,False,nflverse,16,G006894
2000,2000-12-17,16,REG,NYJ,DET,7,10,False,False,nflverse,-3,G006895
2000,2000-12-17,16,REG,SF,CHI,17,0,False,False,nflverse,17,G006896
2000,2000-12-17,16,REG,ARI,BAL,7,13,False,False,nflverse,-6,G006897
2000,2000-12-17,16,REG,MIA,IND,13,20,False,False,nflverse,-7,G006898
2000,2000-12-17,16,REG,DAL,NYG,13,17,False,False,nflverse,-4,G006899
2000,2000-12-18,16,REG,TB,LAR,38,35,False,False,nflverse,3,G006900
2000,2000-12-23,17,REG,NYG,JAX,28,25,False,False,nflverse,3,G006901
2000,2000-12-23,17,REG,DEN,SF,38,9,False,False,nflverse,29,G006902
2000,2000-12-23,17,REG,SEA,BUF,23,42,False,False,nflverse,-19,G006903
2000,2000-12-24,17,REG,ATL,KC,29,13,False,False,nflverse,16,G006904
2000,2000-12-24,17,REG,BAL,NYJ,34,20,False,False,nflverse,14,G006905
2000,2000-12-24,17,REG,DET,CHI,20,23,False,False,nflverse,-3,G006906
2000,2000-12-24,17,REG,GB,TB,17,14,False,True,nflverse,3,G006907
2000,2000-12-24,17,REG,NE,MIA,24,27,False,False,nflverse,-3,G006908
2000,2000-12-24,17,REG,NO,LAR,21,26,False,False,nflverse,-5,G006909
2000,2000-12-24,17,REG,PHI,CIN,16,7,False,False,nflverse,9,G006910
2000,2000-12-24,17,REG,WSH,ARI,20,3,False,False,nflverse,17,G006911
2000,2000-12-24,17,REG,LAC,PIT,21,34,False,False,nflverse,-13,G006912
2000,2000-12-24,17,REG,IND,MIN,31,10,False,False,nflverse,21,G006913
2000,2000-12-24,17,REG,OAK,CAR,52,9,False,False,nflverse,43,G006914
2000,2000-12-25,17,REG,TEN,DAL,31,0,False,False,nflverse,31,G006915
2000,2000-12-30,18,WC,MIA,IND,23,17,False,True,nflverse,6,G006916
2000,2000-12-30,18,WC,NO,LAR,31,28,False,False,nflverse,3,G006917
2000,2000-12-31,18,WC,BAL,DEN,21,3,False,False,nflverse,18,G006918
2000,2000-12-31,18,WC,PHI,TB,21,3,False,False,nflverse,18,G006919
2000,2001-01-06,19,DIV,MIN,NO,34,16,False,False,nflverse,18,G006920
2000,2001-01-06,19,DIV,OAK,MIA,27,0,False,False,nflverse,27,G006921
2000,2001-01-07,19,DIV,TEN,BAL,10,24,False,False,nflverse,-14,G006922
2000,2001-01-07,19,DIV,NYG,PHI,20,10,False,False,nflverse,10,G006923
2000,2001-01-14,20,CON,NYG,MIN,41,0,False,False,nflverse,41,G006924
2000,2001-01-14,20,CON,OAK,BAL,3,16,False,False,nflverse,-13,G006925
2000,2001-01-28,21,SB,NYG,BAL,7,34,True,False,nflverse,-27,G006926
2001,2001-09-09,1,REG,BAL,CHI,17,6,False,False,nflverse,11,G006927
2001,2001-09-09,1,REG,BUF,NO,6,24,False,False,nflverse,-18,G006928
2001,2001-09-09,1,REG,CIN,NE,23,17,False,False,nflverse,6,G006929
2001,2001-09-09,1,REG,CLE,SEA,6,9,False,False,nflverse,-3,G006930
2001,2001-09-09,1,REG,DAL,TB,6,10,False,False,nflverse,-4,G006931
2001,2001-09-09,1,REG,GB,DET,28,6,False,False,nflverse,22,G006932
2001,2001-09-09,1,REG,JAX,PIT,21,3,False,False,nflverse,18,G006933
2001,2001-09-09,1,REG,KC,OAK,24,27,False,False,nflverse,-3,G006934
2001,2001-09-09,1,REG,MIN,CAR,13,24,False,False,nflverse,-11,G006935
2001,2001-09-09,1,REG,NYJ,IND,24,45,False,False,nflverse,-21,G006936
2001,2001-09-09,1,REG,PHI,LAR,17,20,False,True,nflverse,-3,G006937
2001,2001-09-09,1,REG,LAC,WSH,30,3,False,False,nflverse,27,G006938
2001,2001-09-09,1,REG,SF,ATL,16,13,False,True,nflverse,3,G006939
2001,2001-09-09,1,REG,TEN,MIA,23,31,False,False,nflverse,-8,G006940
2001,2001-09-10,1,REG,DEN,NYG,31,20,False,False,nflverse,11,G006941
2001,2001-09-23,2,REG,ATL,CAR,24,16,False,False,nflverse,8,G006942
2001,2001-09-23,2,REG,CHI,MIN,17,10,False,False,nflverse,7,G006943
2001,2001-09-23,2,REG,CIN,BAL,21,10,False,False,nflverse,11,G006944
2001,2001-09-23,2,REG,CLE,DET,24,14,False,False,nflverse,10,G006945
2001,2001-09-23,2,REG,DAL,LAC,21,32,False,False,nflverse,-11,G006946
2001,2001-09-23,2,REG,IND,BUF,42,26,False,False,nflverse,16,G006947
2001,2001-09-23,2,REG,JAX,TEN,13,6,False,False,nflverse,7,G006948
2001,2001-09-23,2,REG,KC,NYG,3,13,False,False,nflverse,-10,G006949
2001,2001-09-23,2,REG,MIA,OAK,18,15,False,False,nflverse,3,G006950
2001,2001-09-23,2,REG,NE,NYJ,3,10,False,False,nflverse,-7,G006951
2001,2001-09-23,2,REG,SEA,PHI,3,27,False,False,nflverse,-24,G006952
2001,2001-09-23,2,REG,SF,LAR,26,30,False,False,nflverse,-4,G006953
2001,2001-09-23,2,REG,ARI,DEN,17,38,False,False,nflverse,-21,G006954
2001,2001-09-24,2,REG,GB,WSH,37,0,False,False,nflverse,37,G006955
2001,2001-09-30,3,REG,BUF,PIT,3,20,False,False,nflverse,-17,G006956
2001,2001-09-30,3,REG,CAR,GB,7,28,False,False,nflverse,-21,G006957
2001,2001-09-30,3,REG,MIN,TB,20,16,False,False,nflverse,4,G006958
2001,2001-09-30,3,REG,NE,IND,44,13,False,False,nflverse,31,G006959
2001,2001-09-30,3,REG,NYG,NO,21,13,False,False,nflverse,8,G006960
2001,2001-09-30,3,REG,LAR,MIA,42,10,False,False,nflverse,32,G006961
2001,2001-09-30,3,REG,WSH,KC,13,45,False,False,nflverse,-32,G006962
2001,2001-09-30,3,REG,ARI,ATL,14,34,False,False,nflverse,-20,G006963
2001,2001-09-30,3,REG,DEN,BAL,13,20,False,False,nflverse,-7,G006964
2001,2001-09-30,3,REG,JAX,CLE,14,23,False,False,nflverse,-9,G006965
2001,2001-09-30,3,REG,OAK,SEA,38,14,False,False,nflverse,24,G006966
2001,2001-09-30,3,REG,LAC,CIN,28,14,False,False,nflverse,14,G006967
2001,2001-09-30,3,REG,PHI,DAL,40,18,False,False,nflverse,22,G006968
2001,2001-10-01,3,REG,NYJ,SF,17,19,False,False,nflverse,-2,G006969
2001,2001-10-07,4,REG,ATL,CHI,3,31,False,False,nflverse,-28,G006970
2001,2001-10-07,4,REG,BAL,TEN,26,7,False,False,nflverse,19,G006971
2001,2001-10-07,4,REG,CLE,LAC,20,16,False,False,nflverse,4,G006972
2001,2001-10-07,4,REG,MIA,NE,30,10,False,False,nflverse,20,G006973
2001,2001-10-07,4,REG,NO,MIN,28,15,False,False,nflverse,13,G006974
2001,2001-10-07,4,REG,NYG,WSH,23,9,False,False,nflverse,14,G006975
2001,2001-10-07,4,REG,PHI,ARI,20,21,False,False,nflverse,-1,G006976
2001,2001-10-07,4,REG,PIT,CIN,16,7,False,False,nflverse,9,G006977
2001,2001-10-07,4,REG,BUF,NYJ,36,42,False,False,nflverse,-6,G006978
2001,2001-10-07,4,REG,DEN,KC,20,6,False,False,nflverse,14,G006979
2001,2001-10-07,4,REG,SEA,JAX,24,15,False,False,nflverse,9,G006980
2001,2001-10-07,4,REG,OAK,DAL,28,21,False,False,nflverse,7,G006981
2001,2001-10-07,4,REG,TB,GB,14,10,False,False,nflverse,4,G006982
2001,2001-10-07,4,REG,SF,CAR,24,14,False,False,nflverse,10,G006983
2001,2001-10-08,4,REG,DET,LAR,0,35,False,False,nflverse,-35,G006984
2001,2001-10-14,5,REG,ATL,SF,31,37,False,True,nflverse,-6,G006985
2001,2001-10-14,5,REG,CAR,NO,25,27,False,False,nflverse,-2,G006986
2001,2001-10-14,5,REG,CHI,ARI,20,13,False,False,nflverse,7,G006987
2001,2001-10-14,5,REG,CIN,CLE,24,14,False,False,nflverse,10,G006988
2001,2001-10-14,5,REG,GB,BAL,31,23,False,False,nflverse,8,G006989
2001,2001-10-14,5,REG,KC,PIT,17,20,False,False,nflverse,-3,G006990
2001,2001-10-14,5,REG,MIN,DET,31,26,False,False,nflverse,5,G006991
2001,2001-10-14,5,REG,NE,LAC,29,26,False,True,nflverse,3,G006992
2001,2001-10-14,5,REG,LAR,NYG,15,14,False,False,nflverse,1,G006993
2001,2001-10-14,5,REG,TEN,TB,31,28,False,True,nflverse,3,G006994
2001,2001-10-14,5,REG,NYJ,MIA,21,17,False,False,nflverse,4,G006995
2001,2001-10-14,5,REG,SEA,DEN,34,21,False,False,nflverse,13,G006996
2001,2001-10-14,5,REG,IND,OAK,18,23,False,False,nflverse,-5,G006997
2001,2001-10-15,5,REG,DAL,WSH,9,7,False,False,nflverse,2,G006998
2001,2001-10-18,6,REG,JAX,BUF,10,13,False,False,nflverse,-3,G006999
2001,2001-10-21,6,REG,CIN,CHI,0,24,False,False,nflverse,-24,G007000
2001,2001-10-21,6,REG,CLE,BAL,24,14,False,False,nflverse,10,G007001
2001,2001-10-21,6,REG,DET,TEN,24,27,False,False,nflverse,-3,G007002
2001,2001-10-21,6,REG,IND,NE,17,38,False,False,nflverse,-21,G007003
2001,2001-10-21,6,REG,NO,ATL,13,20,False,False,nflverse,-7,G007004
2001,2001-10-21,6,REG,NYJ,LAR,14,34,False,False,nflverse,-20,G007005
2001,2001-10-21,6,REG,TB,PIT,10,17,False,False,nflverse,-7,G007006
2001,2001-10-21,6,REG,WSH,CAR,17,14,False,True,nflverse,3,G007007
2001,2001-10-21,6,REG,ARI,KC,24,16,False,False,nflverse,8,G007008
2001,2001-10-21,6,REG,LAC,DEN,27,10,False,False,nflverse,17,G007009
2001,2001-10-21,6,REG,MIN,GB,35,13,False,False,nflverse,22,G007010
2001,2001-10-22,6,REG,NYG,PHI,9,10,False,False,nflverse,-1,G007011
2001,2001-10-25,7,REG,KC,IND,28,35,False,False,nflverse,-7,G007012
2001,2001-10-28,7,REG,BAL,JAX,18,17,False,False,nflverse,1,G007013
2001,2001-10-28,7,REG,CAR,NYJ,12,13,False,False,nflverse,-1,G007014
2001,2001-10-28,7,REG,CHI,SF,37,31,False,True,nflverse,6,G007015
2001,2001-10-28,7,REG,DET,CIN,27,31,False,False,nflverse,-4,G007016
2001,2001-10-28,7,REG,LAR,NO,31,34,False,False,nflverse,-3,G007017
2001,2001-10-28,7,REG,TB,MIN,41,14,False,False,nflverse,27,G007018
2001,2001-10-28,7,REG,DAL,ARI,17,3,False,False,nflverse,14,G007019
2001,2001-10-28,7,REG,WSH,NYG,35,21,False,False,nflverse,14,G007020
2001,2001-10-28,7,REG,DEN,NE,31,20,False,False,nflverse,11,G007021
2001,2001-10-28,7,REG,PHI,OAK,10,20,False,False,nflverse,-10,G007022
2001,2001-10-28,7,REG,LAC,BUF,27,24,False,False,nflverse,3,G007023
2001,2001-10-28,7,REG,SEA,MIA,20,24,False,False,nflverse,-4,G007024
2001,2001-10-29,7,REG,PIT,TEN,34,7,False,False,nflverse,27,G007025
2001,2001-11-04,8,REG,ATL,NE,10,24,False,False,nflverse,-14,G007026
2001,2001-11-04,8,REG,BUF,IND,14,30,False,False,nflverse,-16,G007027
2001,2001-11-04,8,REG,GB,TB,21,20,False,False,nflverse,1,G007028
2001,2001-11-04,8,REG,MIA,CAR,23,6,False,False,nflverse,17,G007029
2001,2001-11-04,8,REG,NYG,DAL,27,24,False,True,nflverse,3,G007030
2001,2001-11-04,8,REG,PIT,BAL,10,13,False,False,nflverse,-3,G007031
2001,2001-11-04,8,REG,TEN,JAX,28,24,False,False,nflverse,4,G007032
2001,2001-11-04,8,REG,ARI,PHI,7,21,False,False,nflverse,-14,G007033
2001,2001-11-04,8,REG,SF,DET,21,13,False,False,nflverse,8,G007034
2001,2001-11-04,8,REG,CHI,CLE,27,21,False,True,nflverse,6,G007035
2001,2001-11-04,8,REG,LAC,KC,20,25,False,False,nflverse,-5,G007036
2001,2001-11-04,8,REG,WSH,SEA,27,14,False,False,nflverse,13,G007037
2001,2001-11-04,8,REG,NO,NYJ,9,16,False,False,nflverse,-7,G007038
2001,2001-11-05,8,REG,OAK,DEN,38,28,False,False,nflverse,10,G007039
2001,2001-11-11,9,REG,ATL,DAL,20,13,False,False,nflverse,7,G007040
2001,2001-11-11,9,REG,CHI,GB,12,20,False,False,nflverse,-8,G007041
2001,2001-11-11,9,REG,CLE,PIT,12,15,False,True,nflverse,-3,G007042
2001,2001-11-11,9,REG,DET,TB,17,20,False,False,nflverse,-3,G007043
2001,2001-11-11,9,REG,IND,MIA,24,27,False,False,nflverse,-3,G007044
2001,2001-11-11,9,REG,JAX,CIN,30,13,False,False,nflverse,17,G007045
2001,2001-11-11,9,REG,NE,BUF,21,11,False,False,nflverse,10,G007046
2001,2001-11-11,9,REG,NYJ,KC,27,7,False,False,nflverse,20,G007047
2001,2001-11-11,9,REG,LAR,CAR,48,14,False,False,nflverse,34,G007048
2001,2001-11-11,9,REG,DEN,LAC,26,16,False,False,nflverse,10,G007049
2001,2001-11-11,9,REG,ARI,NYG,10,17,False,False,nflverse,-7,G007050
2001,2001-11-11,9,REG,PHI,MIN,48,17,False,False,nflverse,31,G007051
2001,2001-11-11,9,REG,SF,NO,28,27,False,False,nflverse,1,G007052
2001,2001-11-11,9,REG,SEA,OAK,34,27,False,False,nflverse,7,G007053
2001,2001-11-12,9,REG,TEN,BAL,10,16,False,False,nflverse,-6,G007054
2001,2001-11-18,10,REG,BAL,CLE,17,27,False,False,nflverse,-10,G007055
2001,2001-11-18,10,REG,BUF,SEA,20,23,False,False,nflverse,-3,G007056
2001,2001-11-18,10,REG,CAR,SF,22,25,False,True,nflverse,-3,G007057
2001,2001-11-18,10,REG,CIN,TEN,7,20,False,False,nflverse,-13,G007058
2001,2001-11-18,10,REG,DAL,PHI,3,36,False,False,nflverse,-33,G007059
2001,2001-11-18,10,REG,GB,ATL,20,23,False,False,nflverse,-3,G007060
2001,2001-11-18,10,REG,MIA,NYJ,0,24,False,False,nflverse,-24,G007061
2001,2001-11-18,10,REG,NO,IND,34,20,False,False,nflverse,14,G007062
2001,2001-11-18,10,REG,OAK,LAC,34,24,False,False,nflverse,10,G007063
2001,2001-11-18,10,REG,PIT,JAX,20,7,False,False,nflverse,13,G007064
2001,2001-11-18,10,REG,ARI,DET,45,38,False,False,nflverse,7,G007065
2001,2001-11-18,10,REG,DEN,WSH,10,17,False,False,nflverse,-7,G007066
2001,2001-11-18,10,REG,TB,CHI,24,27,False,False,nflverse,-3,G007067
2001,2001-11-18,10,REG,NE,LAR,17,24,False,False,nflverse,-7,G007068
2001,2001-11-19,10,REG,MIN,NYG,28,16,False,False,nflverse,12,G007069
2001,2001-11-22,11,REG,DET,GB,27,29,False,False,nflverse,-2,G007070
2001,2001-11-22,11,REG,DAL,DEN,24,26,False,False,nflverse,-2,G007071
2001,2001-11-25,11,REG,BUF,MIA,27,34,False,False,nflverse,-7,G007072
2001,2001-11-25,11,REG,CAR,ATL,7,10,False,False,nflverse,-3,G007073
2001,2001-11-25,11,REG,CLE,CIN,18,0,False,False,nflverse,18,G007074
2001,2001-11-25,11,REG,IND,SF,21,40,False,False,nflverse,-19,G007075
2001,2001-11-25,11,REG,JAX,BAL,21,24,False,False,nflverse,-3,G007076
2001,2001-11-25,11,REG,KC,SEA,19,7,False,False,nflverse,12,G007077
2001,2001-11-25,11,REG,PHI,WSH,3,13,False,False,nflverse,-10,G007078
2001,2001-11-25,11,REG,TEN,PIT,24,34,False,False,nflverse,-10,G007079
2001,2001-11-25,11,REG,NE,NO,34,17,False,False,nflverse,17,G007080
2001,2001-11-25,11,REG,LAC,ARI,17,20,False,False,nflverse,-3,G007081
2001,2001-11-25,11,REG,NYG,OAK,10,28,False,False,nflverse,-18,G007082
2001,2001-11-25,11,REG,MIN,CHI,6,13,False,False,nflverse,-7,G007083
2001,2001-11-26,11,REG,LAR,TB,17,24,False,False,nflverse,-7,G007084
2001,2001-11-29,12,REG,KC,PHI,10,23,False,False,nflverse,-13,G007085
2001,2001-12-02,12,REG,BAL,IND,39,27,False,False,nflverse,12,G007086
2001,2001-12-02,12,REG,CHI,DET,13,10,False,False,nflverse,3,G007087
2001,2001-12-02,12,REG,CIN,TB,13,16,False,True,nflverse,-3,G007088
2001,2001-12-02,12,REG,CLE,TEN,15,31,False,False,nflverse,-16,G007089
2001,2001-12-02,12,REG,MIA,DEN,21,10,False,False,nflverse,11,G007090
2001,2001-12-02,12,REG,NO,CAR,27,23,False,False,nflverse,4,G007091
2001,2001-12-02,12,REG,NYJ,NE,16,17,False,False,nflverse,-1,G007092
2001,2001-12-02,12,REG,PIT,MIN,21,16,False,False,nflverse,5,G007093
2001,2001-12-02,12,REG,SEA,LAC,13,10,False,True,nflverse,3,G007094
2001,2001-12-02,12,REG,ATL,LAR,6,35,False,False,nflverse,-29,G007095
2001,2001-12-02,12,REG,OAK,ARI,31,34,False,True,nflverse,-3,G007096
2001,2001-12-02,12,REG,WSH,DAL,14,20,False,False,nflverse,-6,G007097
2001,2001-12-02,12,REG,SF,BUF,35,0,False,False,nflverse,35,G007098
2001,2001-12-03,12,REG,JAX,GB,21,28,False,False,nflverse,-7,G007099
2001,2001-12-09,13,REG,ATL,NO,10,28,False,False,nflverse,-18,G007100
2001,2001-12-09,13,REG,BUF,CAR,25,24,False,False,nflverse,1,G007101
2001,2001-12-09,13,REG,CIN,JAX,10,14,False,False,nflverse,-4,G007102
2001,2001-12-09,13,REG,DAL,NYG,20,13,False,False,nflverse,7,G007103
2001,2001-12-09,13,REG,GB,CHI,17,7,False,False,nflverse,10,G007104
2001,2001-12-09,13,REG,MIN,TEN,42,24,False,False,nflverse,18,G007105
2001,2001-12-09,13,REG,NE,CLE,27,16,False,False,nflverse,11,G007106
2001,2001-12-09,13,REG,PHI,LAC,24,14,False,False,nflverse,10,G007107
2001,2001-12-09,13,REG,LAR,SF,27,14,False,False,nflverse,13,G007108
2001,2001-12-09,13,REG,TB,DET,15,12,False,False,nflverse,3,G007109
2001,2001-12-09,13,REG,ARI,WSH,10,20,False,False,nflverse,-10,G007110
2001,2001-12-09,13,REG,OAK,KC,28,26,False,False,nflverse,2,G007111
2001,2001-12-09,13,REG,PIT,NYJ,18,7,False,False,nflverse,11,G007112
2001,2001-12-09,13,REG,DEN,SEA,20,7,False,False,nflverse,13,G007113
2001,2001-12-10,13,REG,MIA,IND,41,6,False,False,nflverse,35,G007114
2001,2001-12-15,14,REG,NYG,ARI,17,13,False,False,nflverse,4,G007115
2001,2001-12-15,14,REG,LAC,OAK,6,13,False,False,nflverse,-7,G007116
2001,2001-12-16,14,REG,BUF,NE,9,12,False,True,nflverse,-3,G007117
2001,2001-12-16,14,REG,CHI,TB,27,3,False,False,nflverse,24,G007118
2001,2001-12-16,14,REG,CLE,JAX,10,15,False,False,nflverse,-5,G007119
2001,2001-12-16,14,REG,DET,MIN,27,24,False,False,nflverse,3,G007120
2001,2001-12-16,14,REG,IND,ATL,41,27,False,False,nflverse,14,G007121
2001,2001-12-16,14,REG,KC,DEN,26,23,False,True,nflverse,3,G007122
2001,2001-12-16,14,REG,NYJ,CIN,15,14,False,False,nflverse,1,G007123
2001,2001-12-16,14,REG,WSH,PHI,6,20,False,False,nflverse,-14,G007124
2001,2001-12-16,14,REG,SF,MIA,21,0,False,False,nflverse,21,G007125
2001,2001-12-16,14,REG,SEA,DAL,29,3,False,False,nflverse,26,G007126
2001,2001-12-16,14,REG,TEN,GB,26,20,False,False,nflverse,6,G007127
2001,2001-12-16,14,REG,BAL,PIT,21,26,False,False,nflverse,-5,G007128
2001,2001-12-17,14,REG,NO,LAR,21,34,False,False,nflverse,-13,G007129
2001,2001-12-22,15,REG,OAK,TEN,10,13,False,False,nflverse,-3,G007130
2001,2001-12-22,15,REG,NE,MIA,20,13,False,False,nflverse,7,G007131
2001,2001-12-22,15,REG,SF,PHI,13,3,False,False,nflverse,10,G007132
2001,2001-12-23,15,REG,ATL,BUF,33,30,False,False,nflverse,3,G007133
2001,2001-12-23,15,REG,BAL,CIN,16,0,False,False,nflverse,16,G007134
2001,2001-12-23,15,REG,CAR,LAR,32,38,False,False,nflverse,-6,G007135
2001,2001-12-23,15,REG,KC,LAC,20,17,False,False,nflverse,3,G007136
2001,2001-12-23,15,REG,MIN,JAX,3,33,False,False,nflverse,-30,G007137
2001,2001-12-23,15,REG,NYG,SEA,27,24,False,False,nflverse,3,G007138
2001,2001-12-23,15,REG,PIT,DET,47,14,False,False,nflverse,33,G007139
2001,2001-12-23,15,REG,TB,NO,48,21,False,False,nflverse,27,G007140
2001,2001-12-23,15,REG,WSH,CHI,15,20,False,False,nflverse,-5,G007141
2001,2001-12-23,15,REG,ARI,DAL,17,10,False,False,nflverse,7,G007142
2001,2001-12-23,15,REG,GB,CLE,30,7,False,False,nflverse,23,G007143
2001,2001-12-23,15,REG,IND,NYJ,28,29,False,False,nflverse,-1,G007144
2001,2001-12-29,16,REG,TB,BAL,22,10,False,False,nflverse,12,G007145
2001,2001-12-30,16,REG,CAR,ARI,7,30,False,False,nflverse,-23,G007146
2001,2001-12-30,16,REG,CIN,PIT,26,23,False,True,nflverse,3,G007147
2001,2001-12-30,16,REG,DAL,SF,27,21,False,False,nflverse,6,G007148
2001,2001-12-30,16,REG,DET,CHI,0,24,False,False,nflverse,-24,G007149
2001,2001-12-30,16,REG,GB,MIN,24,13,False,False,nflverse,11,G007150
2001,2001-12-30,16,REG,JAX,KC,26,30,False,False,nflverse,-4,G007151
2001,2001-12-30,16,REG,MIA,ATL,21,14,False,False,nflverse,7,G007152
2001,2001-12-30,16,REG,NYJ,BUF,9,14,False,False,nflverse,-5,G007153
2001,2001-12-30,16,REG,LAR,IND,42,17,False,False,nflverse,25,G007154
2001,2001-12-30,16,REG,TEN,CLE,38,41,False,False,nflverse,-3,G007155
2001,2001-12-30,16,REG,PHI,NYG,24,21,False,False,nflverse,3,G007156
2001,2001-12-30,16,REG,DEN,OAK,23,17,False,False,nflverse,6,G007157
2001,2001-12-30,16,REG,LAC,SEA,22,25,False,False,nflverse,-3,G007158
2001,2001-12-30,16,REG,NO,WSH,10,40,False,False,nflverse,-30,G007159
2001,2002-01-06,17,REG,IND,DEN,29,10,False,False,nflverse,19,G007160
2001,2002-01-06,17,REG,CAR,NE,6,38,False,False,nflverse,-32,G007161
2001,2002-01-06,17,REG,CHI,JAX,33,13,False,False,nflverse,20,G007162
2001,2002-01-06,17,REG,DET,DAL,15,10,False,False,nflverse,5,G007163
2001,2002-01-06,17,REG,NO,SF,0,38,False,False,nflverse,-38,G007164
2001,2002-01-06,17,REG,NYG,GB,25,34,False,False,nflverse,-9,G007165
2001,2002-01-06,17,REG,PIT,CLE,28,7,False,False,nflverse,21,G007166
2001,2002-01-06,17,REG,TEN,CIN,21,23,False,False,nflverse,-2,G007167
2001,2002-01-06,17,REG,WSH,ARI,20,17,False,False,nflverse,3,G007168
2001,2002-01-06,17,REG,LAR,ATL,31,13,False,False,nflverse,18,G007169
2001,2002-01-06,17,REG,MIA,BUF,34,7,False,False,nflverse,27,G007170
2001,2002-01-06,17,REG,OAK,NYJ,22,24,False,False,nflverse,-2,G007171
2001,2002-01-06,17,REG,SEA,KC,21,18,False,False,nflverse,3,G007172
2001,2002-01-06,17,REG,TB,PHI,13,17,False,False,nflverse,-4,G007173
2001,2002-01-07,17,REG,BAL,MIN,19,3,False,False,nflverse,16,G007174
2001,2002-01-12,18,WC,PHI,TB,31,9,False,False,nflverse,22,G007175
2001,2002-01-12,18,WC,OAK,NYJ,38,24,False,False,nflverse,14,G007176
2001,2002-01-13,18,WC,GB,SF,25,15,False,False,nflverse,10,G007177
2001,2002-01-13,18,WC,MIA,BAL,3,20,False,False,nflverse,-17,G007178
2001,2002-01-19,19,DIV,CHI,PHI,19,33,False,False,nflverse,-14,G007179
2001,2002-01-19,19,DIV,NE,OAK,16,13,False,True,nflverse,3,G007180
2001,2002-01-20,19,DIV,PIT,BAL,27,10,False,False,nflverse,17,G007181
2001,2002-01-20,19,DIV,LAR,GB,45,17,False,False,nflverse,28,G007182
2001,2002-01-27,20,CON,PIT,NE,17,24,False,False,nflverse,-7,G007183
2001,2002-01-27,20,CON,LAR,PHI,29,24,False,False,nflverse,5,G007184
2001,2002-02-03,21,SB,NE,LAR,20,17,True,False,nflverse,3,G007185
2002,2002-09-05,1,REG,NYG,SF,13,16,False,False,nflverse,-3,G007186
2002,2002-09-08,1,REG,BUF,NYJ,31,37,False,True,nflverse,-6,G007187
2002,2002-09-08,1,REG,CAR,BAL,10,7,False,False,nflverse,3,G007188
2002,2002-09-08,1,REG,CHI,MIN,27,23,False,False,nflverse,4,G007189
2002,2002-09-08,1,REG,CIN,LAC,6,34,False,False,nflverse,-28,G007190
2002,2002-09-08,1,REG,CLE,KC,39,40,False,False,nflverse,-1,G007191
2002,2002-09-08,1,REG,GB,ATL,37,34,False,True,nflverse,3,G007192
2002,2002-09-08,1,REG,JAX,IND,25,28,False,False,nflverse,-3,G007193
2002,2002-09-08,1,REG,MIA,DET,49,21,False,False,nflverse,28,G007194
2002,2002-09-08,1,REG,TEN,PHI,27,24,False,False,nflverse,3,G007195
2002,2002-09-08,1,REG,WSH,ARI,31,23,False,False,nflverse,8,G007196
2002,2002-09-08,1,REG,DEN,LAR,23,16,False,False,nflverse,7,G007197
2002,2002-09-08,1,REG,OAK,SEA,31,17,False,False,nflverse,14,G007198
2002,2002-09-08,1,REG,TB,NO,20,26,False,True,nflverse,-6,G007199
2002,2002-09-08,1,REG,HOU,DAL,19,10,False,False,nflverse,9,G007200
2002,2002-09-09,1,REG,NE,PIT,30,14,False,False,nflverse,16,G007201
2002,2002-09-15,2,REG,ATL,CHI,13,14,False,False,nflverse,-1,G007202
2002,2002-09-15,2,REG,BAL,TB,0,25,False,False,nflverse,-25,G007203
2002,2002-09-15,2,REG,CAR,DET,31,7,False,False,nflverse,24,G007204
2002,2002-09-15,2,REG,CLE,CIN,20,7,False,False,nflverse,13,G007205
2002,2002-09-15,2,REG,DAL,TEN,21,13,False,False,nflverse,8,G007206
2002,2002-09-15,2,REG,IND,MIA,13,21,False,False,nflverse,-8,G007207
2002,2002-09-15,2,REG,KC,JAX,16,23,False,False,nflverse,-7,G007208
2002,2002-09-15,2,REG,NO,GB,35,20,False,False,nflverse,15,G007209
2002,2002-09-15,2,REG,NYJ,NE,7,44,False,False,nflverse,-37,G007210
2002,2002-09-15,2,REG,SEA,ARI,13,24,False,False,nflverse,-11,G007211
2002,2002-09-15,2,REG,LAR,NYG,21,26,False,False,nflverse,-5,G007212
2002,2002-09-15,2,REG,MIN,BUF,39,45,False,True,nflverse,-6,G007213
2002,2002-09-15,2,REG,LAC,HOU,24,3,False,False,nflverse,21,G007214
2002,2002-09-15,2,REG,SF,DEN,14,24,False,False,nflverse,-10,G007215
2002,2002-09-15,2,REG,PIT,OAK,17,30,False,False,nflverse,-13,G007216
2002,2002-09-16,2,REG,WSH,PHI,7,37,False,False,nflverse,-30,G007217
2002,2002-09-22,3,REG,CHI,NO,23,29,False,False,nflverse,-6,G007218
2002,2002-09-22,3,REG,HOU,IND,3,23,False,False,nflverse,-20,G007219
2002,2002-09-22,3,REG,MIA,NYJ,30,3,False,False,nflverse,27,G007220
2002,2002-09-22,3,REG,MIN,CAR,14,21,False,False,nflverse,-7,G007221
2002,2002-09-22,3,REG,NE,KC,41,38,False,True,nflverse,3,G007222
2002,2002-09-22,3,REG,PHI,DAL,44,13,False,False,nflverse,31,G007223
2002,2002-09-22,3,REG,TEN,CLE,28,31,False,True,nflverse,-3,G007224
2002,2002-09-22,3,REG,ARI,LAC,15,23,False,False,nflverse,-8,G007225
2002,2002-09-22,3,REG,DEN,BUF,28,23,False,False,nflverse,5,G007226
2002,2002-09-22,3,REG,DET,GB,31,37,False,False,nflverse,-6,G007227
2002,2002-09-22,3,REG,NYG,SEA,9,6,False,False,nflverse,3,G007228
2002,2002-09-22,3,REG,SF,WSH,20,10,False,False,nflverse,10,G007229
2002,2002-09-22,3,REG,ATL,CIN,30,3,False,False,nflverse,27,G007230
2002,2002-09-23,3,REG,TB,LAR,26,14,False,False,nflverse,12,G007231
2002,2002-09-29,4,REG,BUF,CHI,33,27,False,True,nflverse,6,G007232
2002,2002-09-29,4,REG,DET,NO,26,21,False,False,nflverse,5,G007233
2002,2002-09-29,4,REG,GB,CAR,17,14,False,False,nflverse,3,G007234
2002,2002-09-29,4,REG,JAX,NYJ,28,3,False,False,nflverse,25,G007235
2002,2002-09-29,4,REG,KC,MIA,48,30,False,False,nflverse,18,G007236
2002,2002-09-29,4,REG,PHI,HOU,35,17,False,False,nflverse,18,G007237
2002,2002-09-29,4,REG,PIT,CLE,16,13,False,True,nflverse,3,G007238
2002,2002-09-29,4,REG,LAR,DAL,10,13,False,False,nflverse,-3,G007239
2002,2002-09-29,4,REG,ARI,NYG,21,7,False,False,nflverse,14,G007240
2002,2002-09-29,4,REG,CIN,TB,7,35,False,False,nflverse,-28,G007241
2002,2002-09-29,4,REG,OAK,TEN,52,25,False,False,nflverse,27,G007242
2002,2002-09-29,4,REG,LAC,NE,21,14,False,False,nflverse,7,G007243
2002,2002-09-29,4,REG,SEA,MIN,48,23,False,False,nflverse,25,G007244
2002,2002-09-30,4,REG,BAL,DEN,34,23,False,False,nflverse,11,G007245
2002,2002-10-06,5,REG,ATL,TB,6,20,False,False,nflverse,-14,G007246
2002,2002-10-06,5,REG,BUF,OAK,31,49,False,False,nflverse,-18,G007247
2002,2002-10-06,5,REG,CAR,ARI,13,16,False,False,nflverse,-3,G007248
2002,2002-10-06,5,REG,DAL,NYG,17,21,False,False,nflverse,-4,G007249
2002,2002-10-06,5,REG,IND,CIN,28,21,False,False,nflverse,7,G007250
2002,2002-10-06,5,REG,MIA,NE,26,13,False,False,nflverse,13,G007251
2002,2002-10-06,5,REG,NO,PIT,32,29,False,False,nflverse,3,G007252
2002,2002-10-06,5,REG,TEN,WSH,14,31,False,False,nflverse,-17,G007253
2002,2002-10-06,5,REG,DEN,LAC,26,9,False,False,nflverse,17,G007254
2002,2002-10-06,5,REG,NYJ,KC,25,29,False,False,nflverse,-4,G007255
2002,2002-10-06,5,REG,JAX,PHI,28,25,False,False,nflverse,3,G007256
2002,2002-10-06,5,REG,SF,LAR,37,13,False,False,nflverse,24,G007257
2002,2002-10-06,5,REG,CLE,BAL,21,26,False,False,nflverse,-5,G007258
2002,2002-10-07,5,REG,CHI,GB,21,34,False,False,nflverse,-13,G007259
2002,2002-10-13,6,REG,CIN,PIT,7,34,False,False,nflverse,-27,G007260
2002,2002-10-13,6,REG,DAL,CAR,14,13,False,False,nflverse,1,G007261
2002,2002-10-13,6,REG,HOU,BUF,24,31,False,False,nflverse,-7,G007262
2002,2002-10-13,6,REG,IND,BAL,22,20,False,False,nflverse,2,G007263
2002,2002-10-13,6,REG,MIN,DET,31,24,False,False,nflverse,7,G007264
2002,2002-10-13,6,REG,NE,GB,10,28,False,False,nflverse,-18,G007265
2002,2002-10-13,6,REG,NYG,ATL,10,17,False,False,nflverse,-7,G007266
2002,2002-10-13,6,REG,TB,CLE,17,3,False,False,nflverse,14,G007267
2002,2002-10-13,6,REG,WSH,NO,27,43,False,False,nflverse,-16,G007268
2002,2002-10-13,6,REG,LAC,KC,35,34,False,False,nflverse,1,G007269
2002,2002-10-13,6,REG,LAR,OAK,28,13,False,False,nflverse,15,G007270
2002,2002-10-13,6,REG,TEN,JAX,23,14,False,False,nflverse,9,G007271
2002,2002-10-13,6,REG,DEN,MIA,22,24,False,False,nflverse,-2,G007272
2002,2002-10-14,6,REG,SEA,SF,21,28,False,False,nflverse,-7,G007273
2002,2002-10-20,7,REG,ATL,CAR,30,0,False,False,nflverse,30,G007274
2002,2002-10-20,7,REG,BAL,JAX,17,10,False,False,nflverse,7,G007275
2002,2002-10-20,7,REG,DET,CHI,23,20,False,True,nflverse,3,G007276
2002,2002-10-20,7,REG,KC,DEN,34,37,False,True,nflverse,-3,G007277
2002,2002-10-20,7,REG,MIA,BUF,10,23,False,False,nflverse,-13,G007278
2002,2002-10-20,7,REG,NO,SF,35,27,False,False,nflverse,8,G007279
2002,2002-10-20,7,REG,NYJ,MIN,20,7,False,False,nflverse,13,G007280
2002,2002-10-20,7,REG,LAR,SEA,37,20,False,False,nflverse,17,G007281
2002,2002-10-20,7,REG,CLE,HOU,34,17,False,False,nflverse,17,G007282
2002,2002-10-20,7,REG,OAK,LAC,21,27,False,True,nflverse,-6,G007283
2002,2002-10-20,7,REG,ARI,DAL,9,6,False,True,nflverse,3,G007284
2002,2002-10-20,7,REG,GB,WSH,30,9,False,False,nflverse,21,G007285
2002,2002-10-20,7,REG,PHI,TB,20,10,False,False,nflverse,10,G007286
2002,2002-10-21,7,REG,PIT,IND,28,10,False,False,nflverse,18,G007287
2002,2002-10-27,8,REG,BAL,PIT,18,31,False,False,nflverse,-13,G007288
2002,2002-10-27,8,REG,BUF,DET,24,17,False,False,nflverse,7,G007289
2002,2002-10-27,8,REG,CAR,TB,9,12,False,False,nflverse,-3,G007290
2002,2002-10-27,8,REG,CIN,TEN,24,30,False,False,nflverse,-6,G007291
2002,2002-10-27,8,REG,DAL,SEA,14,17,False,False,nflverse,-3,G007292
2002,2002-10-27,8,REG,KC,OAK,20,10,False,False,nflverse,10,G007293
2002,2002-10-27,8,REG,MIN,CHI,25,7,False,False,nflverse,18,G007294
2002,2002-10-27,8,REG,NO,ATL,35,37,False,False,nflverse,-2,G007295
2002,2002-10-27,8,REG,NYJ,CLE,21,24,False,False,nflverse,-3,G007296
2002,2002-10-27,8,REG,SF,ARI,38,28,False,False,nflverse,10,G007297
2002,2002-10-27,8,REG,JAX,HOU,19,21,False,False,nflverse,-2,G007298
2002,2002-10-27,8,REG,NE,DEN,16,24,False,False,nflverse,-8,G007299
2002,2002-10-27,8,REG,WSH,IND,26,21,False,False,nflverse,5,G007300
2002,2002-10-28,8,REG,PHI,NYG,17,3,False,False,nflverse,14,G007301
2002,2002-11-03,9,REG,ATL,BAL,20,17,False,False,nflverse,3,G007302
2002,2002-11-03,9,REG,BUF,NE,7,38,False,False,nflverse,-31,G007303
2002,2002-11-03,9,REG,CHI,PHI,13,19,False,False,nflverse,-6,G007304
2002,2002-11-03,9,REG,CLE,PIT,20,23,False,False,nflverse,-3,G007305
2002,2002-11-03,9,REG,DET,DAL,9,7,False,False,nflverse,2,G007306
2002,2002-11-03,9,REG,HOU,CIN,3,38,False,False,nflverse,-35,G007307
2002,2002-11-03,9,REG,IND,TEN,15,23,False,False,nflverse,-8,G007308
2002,2002-11-03,9,REG,TB,MIN,38,24,False,False,nflverse,14,G007309
2002,2002-11-03,9,REG,LAC,NYJ,13,44,False,False,nflverse,-31,G007310
2002,2002-11-03,9,REG,ARI,LAR,14,27,False,False,nflverse,-13,G007311
2002,2002-11-03,9,REG,OAK,SF,20,23,False,True,nflverse,-3,G007312
2002,2002-11-03,9,REG,SEA,WSH,3,14,False,False,nflverse,-11,G007313
2002,2002-11-03,9,REG,NYG,JAX,24,17,False,False,nflverse,7,G007314
2002,2002-11-04,9,REG,GB,MIA,24,10,False,False,nflverse,14,G007315
2002,2002-11-10,10,REG,BAL,CIN,38,27,False,False,nflverse,11,G007316
2002,2002-11-10,10,REG,CAR,NO,24,34,False,False,nflverse,-10,G007317
2002,2002-11-10,10,REG,GB,DET,40,14,False,False,nflverse,26,G007318
2002,2002-11-10,10,REG,MIN,NYG,20,27,False,False,nflverse,-7,G007319
2002,2002-11-10,10,REG,PHI,IND,13,35,False,False,nflverse,-22,G007320
2002,2002-11-10,10,REG,PIT,ATL,34,34,False,True,nflverse,0,G007321
2002,2002-11-10,10,REG,LAR,LAC,28,24,False,False,nflverse,4,G007322
2002,2002-11-10,10,REG,TEN,HOU,17,10,False,False,nflverse,7,G007323
2002,2002-11-10,10,REG,ARI,SEA,6,27,False,False,nflverse,-21,G007324
2002,2002-11-10,10,REG,JAX,WSH,26,7,False,False,nflverse,19,G007325
2002,2002-11-10,10,REG,CHI,NE,30,33,False,False,nflverse,-3,G007326
2002,2002-11-10,10,REG,SF,KC,17,13,False,False,nflverse,4,G007327
2002,2002-11-10,10,REG,NYJ,MIA,13,10,False,False,nflverse,3,G007328
2002,2002-11-11,10,REG,DEN,OAK,10,34,False,False,nflverse,-24,G007329
2002,2002-11-17,11,REG,ATL,NO,24,17,False,False,nflverse,7,G007330
2002,2002-11-17,11,REG,CIN,CLE,20,27,False,False,nflverse,-7,G007331
2002,2002-11-17,11,REG,HOU,JAX,21,24,False,False,nflverse,-3,G007332
2002,2002-11-17,11,REG,IND,DAL,20,3,False,False,nflverse,17,G007333
2002,2002-11-17,11,REG,KC,BUF,17,16,False,False,nflverse,1,G007334
2002,2002-11-17,11,REG,MIN,GB,31,21,False,False,nflverse,10,G007335
2002,2002-11-17,11,REG,NYG,WSH,19,17,False,False,nflverse,2,G007336
2002,2002-11-17,11,REG,PHI,ARI,38,14,False,False,nflverse,24,G007337
2002,2002-11-17,11,REG,TEN,PIT,31,23,False,False,nflverse,8,G007338
2002,2002-11-17,11,REG,LAC,SF,20,17,False,True,nflverse,3,G007339
2002,2002-11-17,11,REG,TB,CAR,23,10,False,False,nflverse,13,G007340
2002,2002-11-17,11,REG,DET,NYJ,14,31,False,False,nflverse,-17,G007341
2002,2002-11-17,11,REG,MIA,BAL,26,7,False,False,nflverse,19,G007342
2002,2002-11-17,11,REG,SEA,DEN,9,31,False,False,nflverse,-22,G007343
2002,2002-11-17,11,REG,OAK,NE,27,20,False,False,nflverse,7,G007344
2002,2002-11-18,11,REG,LAR,CHI,21,16,False,False,nflverse,5,G007345
2002,2002-11-24,12,REG,BAL,TEN,13,12,False,False,nflverse,1,G007346
2002,2002-11-24,12,REG,CAR,ATL,0,41,False,False,nflverse,-41,G007347
2002,2002-11-24,12,REG,CHI,DET,20,17,False,True,nflverse,3,G007348
2002,2002-11-24,12,REG,DAL,JAX,21,19,False,False,nflverse,2,G007349
2002,2002-11-24,12,REG,MIA,LAC,30,3,False,False,nflverse,27,G007350
2002,2002-11-24,12,REG,NE,MIN,24,17,False,False,nflverse,7,G007351
2002,2002-11-24,12,REG,NO,CLE,15,24,False,False,nflverse,-9,G007352
2002,2002-11-24,12,REG,NYJ,BUF,31,13,False,False,nflverse,18,G007353
2002,2002-11-24,12,REG,PIT,CIN,29,21,False,False,nflverse,8,G007354
2002,2002-11-24,12,REG,WSH,LAR,20,17,False,False,nflverse,3,G007355
2002,2002-11-24,12,REG,ARI,OAK,20,41,False,False,nflverse,-21,G007356
2002,2002-11-24,12,REG,SEA,KC,39,32,False,False,nflverse,7,G007357
2002,2002-11-24,12,REG,HOU,NYG,16,14,False,False,nflverse,2,G007358
2002,2002-11-24,12,REG,TB,GB,21,7,False,False,nflverse,14,G007359
2002,2002-11-24,12,REG,DEN,IND,20,23,False,True,nflverse,-3,G007360
2002,2002-11-25,12,REG,SF,PHI,17,38,False,False,nflverse,-21,G007361
2002,2002-11-28,13,REG,DET,NE,12,20,False,False,nflverse,-8,G007362
2002,2002-11-28,13,REG,DAL,WSH,27,20,False,False,nflverse,7,G007363
2002,2002-12-01,13,REG,BUF,MIA,38,21,False,False,nflverse,17,G007364
2002,2002-12-01,13,REG,CIN,BAL,23,27,False,False,nflverse,-4,G007365
2002,2002-12-01,13,REG,CLE,CAR,6,13,False,False,nflverse,-7,G007366
2002,2002-12-01,13,REG,GB,CHI,30,20,False,False,nflverse,10,G007367
2002,2002-12-01,13,REG,JAX,PIT,23,25,False,False,nflverse,-2,G007368
2002,2002-12-01,13,REG,KC,ARI,49,0,False,False,nflverse,49,G007369
2002,2002-12-01,13,REG,MIN,ATL,24,30,False,True,nflverse,-6,G007370
2002,2002-12-01,13,REG,NYG,TEN,29,32,False,True,nflverse,-3,G007371
2002,2002-12-01,13,REG,IND,HOU,19,3,False,False,nflverse,16,G007372
2002,2002-12-01,13,REG,LAC,DEN,30,27,False,True,nflverse,3,G007373
2002,2002-12-01,13,REG,PHI,LAR,10,3,False,False,nflverse,7,G007374
2002,2002-12-01,13,REG,SF,SEA,31,24,False,False,nflverse,7,G007375
2002,2002-12-01,13,REG,NO,TB,23,20,False,False,nflverse,3,G007376
2002,2002-12-02,13,REG,OAK,NYJ,26,20,False,False,nflverse,6,G007377
2002,2002-12-08,14,REG,CAR,CIN,52,31,False,False,nflverse,21,G007378
2002,2002-12-08,14,REG,DAL,SF,27,31,False,False,nflverse,-4,G007379
2002,2002-12-08,14,REG,JAX,CLE,20,21,False,False,nflverse,-1,G007380
2002,2002-12-08,14,REG,KC,LAR,49,10,False,False,nflverse,39,G007381
2002,2002-12-08,14,REG,NE,BUF,27,17,False,False,nflverse,10,G007382
2002,2002-12-08,14,REG,PIT,HOU,6,24,False,False,nflverse,-18,G007383
2002,2002-12-08,14,REG,TB,ATL,34,10,False,False,nflverse,24,G007384
2002,2002-12-08,14,REG,TEN,IND,27,17,False,False,nflverse,10,G007385
2002,2002-12-08,14,REG,WSH,NYG,21,27,False,False,nflverse,-6,G007386
2002,2002-12-08,14,REG,ARI,DET,23,20,False,True,nflverse,3,G007387
2002,2002-12-08,14,REG,BAL,NO,25,37,False,False,nflverse,-12,G007388
2002,2002-12-08,14,REG,SEA,PHI,20,27,False,False,nflverse,-7,G007389
2002,2002-12-08,14,REG,NYJ,DEN,19,13,False,False,nflverse,6,G007390
2002,2002-12-08,14,REG,LAC,OAK,7,27,False,False,nflverse,-20,G007391
2002,2002-12-08,14,REG,GB,MIN,26,22,False,False,nflverse,4,G007392
2002,2002-12-09,14,REG,MIA,CHI,27,9,False,False,nflverse,18,G007393
2002,2002-12-15,15,REG,ATL,SEA,24,30,False,True,nflverse,-6,G007394
2002,2002-12-15,15,REG,BUF,LAC,20,13,False,False,nflverse,7,G007395
2002,2002-12-15,15,REG,CHI,NYJ,20,13,False,False,nflverse,7,G007396
2002,2002-12-15,15,REG,CIN,JAX,15,29,False,False,nflverse,-14,G007397
2002,2002-12-15,15,REG,CLE,IND,23,28,False,False,nflverse,-5,G007398
2002,2002-12-15,15,REG,DET,TB,20,23,False,False,nflverse,-3,G007399
2002,2002-12-15,15,REG,HOU,BAL,19,23,False,False,nflverse,-4,G007400
2002,2002-12-15,15,REG,MIA,OAK,23,17,False,False,nflverse,6,G007401
2002,2002-12-15,15,REG,NO,MIN,31,32,False,False,nflverse,-1,G007402
2002,2002-12-15,15,REG,PHI,WSH,34,21,False,False,nflverse,13,G007403
2002,2002-12-15,15,REG,PIT,CAR,30,14,False,False,nflverse,16,G007404
2002,2002-12-15,15,REG,DEN,KC,31,24,False,False,nflverse,7,G007405
2002,2002-12-15,15,REG,NYG,DAL,37,7,False,False,nflverse,30,G007406
2002,2002-12-15,15,REG,SF,GB,14,20,False,False,nflverse,-6,G007407
2002,2002-12-15,15,REG,LAR,ARI,30,28,False,False,nflverse,2,G007408
2002,2002-12-16,15,REG,TEN,NE,24,7,False,False,nflverse,17,G007409
2002,2002-12-21,16,REG,MIN,MIA,20,17,False,False,nflverse,3,G007410
2002,2002-12-21,16,REG,ARI,SF,14,17,False,False,nflverse,-3,G007411
2002,2002-12-21,16,REG,DAL,PHI,3,27,False,False,nflverse,-24,G007412
2002,2002-12-22,16,REG,ATL,DET,36,15,False,False,nflverse,21,G007413
2002,2002-12-22,16,REG,CAR,CHI,24,14,False,False,nflverse,10,G007414
2002,2002-12-22,16,REG,CIN,NO,20,13,False,False,nflverse,7,G007415
2002,2002-12-22,16,REG,GB,BUF,10,0,False,False,nflverse,10,G007416
2002,2002-12-22,16,REG,IND,NYG,27,44,False,False,nflverse,-17,G007417
2002,2002-12-22,16,REG,JAX,TEN,10,28,False,False,nflverse,-18,G007418
2002,2002-12-22,16,REG,KC,LAC,24,22,False,False,nflverse,2,G007419
2002,2002-12-22,16,REG,WSH,HOU,26,10,False,False,nflverse,16,G007420
2002,2002-12-22,16,REG,SEA,LAR,30,10,False,False,nflverse,20,G007421
2002,2002-12-22,16,REG,BAL,CLE,13,14,False,False,nflverse,-1,G007422
2002,2002-12-22,16,REG,OAK,DEN,28,16,False,False,nflverse,12,G007423
2002,2002-12-22,16,REG,NE,NYJ,17,30,False,False,nflverse,-13,G007424
2002,2002-12-23,16,REG,TB,PIT,7,17,False,False,nflverse,-10,G007425
2002,2002-12-28,17,REG,NYG,PHI,10,7,False,True,nflverse,3,G007426
2002,2002-12-28,17,REG,OAK,KC,24,0,False,False,nflverse,24,G007427
2002,2002-12-29,17,REG,BUF,CIN,27,9,False,False,nflverse,18,G007428
2002,2002-12-29,17,REG,CLE,ATL,24,16,False,False,nflverse,8,G007429
2002,2002-12-29,17,REG,DET,MIN,36,38,False,False,nflverse,-2,G007430
2002,2002-12-29,17,REG,HOU,TEN,3,13,False,False,nflverse,-10,G007431
2002,2002-12-29,17,REG,NE,MIA,27,24,False,True,nflverse,3,G007432
2002,2002-12-29,17,REG,NO,CAR,6,10,False,False,nflverse,-4,G007433
2002,2002-12-29,17,REG,PIT,BAL,34,31,False,False,nflverse,3,G007434
2002,2002-12-29,17,REG,WSH,DAL,20,14,False,False,nflverse,6,G007435
2002,2002-12-29,17,REG,IND,JAX,20,13,False,False,nflverse,7,G007436
2002,2002-12-29,17,REG,DEN,ARI,37,7,False,False,nflverse,30,G007437
2002,2002-12-29,17,REG,NYJ,GB,42,17,False,False,nflverse,25,G007438
2002,2002-12-29,17,REG,LAC,SEA,28,31,False,True,nflverse,-3,G007439
2002,2002-12-29,17,REG,CHI,TB,0,15,False,False,nflverse,-15,G007440
2002,2002-12-30,17,REG,LAR,SF,31,20,False,False,nflverse,11,G007441
2002,2003-01-04,18,WC,NYJ,IND,41,0,False,False,nflverse,41,G007442
2002,2003-01-04,18,WC,GB,ATL,7,27,False,False,nflverse,-20,G007443
2002,2003-01-05,18,WC,PIT,CLE,36,33,False,False,nflverse,3,G007444
2002,2003-01-05,18,WC,SF,NYG,39,38,False,False,nflverse,1,G007445
2002,2003-01-11,19,DIV,TEN,PIT,34,31,False,True,nflverse,3,G007446
2002,2003-01-11,19,DIV,PHI,ATL,20,6,False,False,nflverse,14,G007447
2002,2003-01-12,19,DIV,TB,SF,31,6,False,False,nflverse,25,G007448
2002,2003-01-12,19,DIV,OAK,NYJ,30,10,False,False,nflverse,20,G007449
2002,2003-01-19,20,CON,PHI,TB,10,27,False,False,nflverse,-17,G007450
2002,2003-01-19,20,CON,OAK,TEN,41,24,False,False,nflverse,17,G007451
2002,2003-01-26,21,SB,TB,OAK,48,21,True,False,nflverse,27,G007452
2003,2003-09-04,1,REG,WSH,NYJ,16,13,False,False,nflverse,3,G007453
2003,2003-09-07,1,REG,BUF,NE,31,0,False,False,nflverse,31,G007454
2003,2003-09-07,1,REG,CAR,JAX,24,23,False,False,nflverse,1,G007455
2003,2003-09-07,1,REG,CIN,DEN,10,30,False,False,nflverse,-20,G007456
2003,2003-09-07,1,REG,CLE,IND,6,9,False,False,nflverse,-3,G007457
2003,2003-09-07,1,REG,DET,ARI,42,24,False,False,nflverse,18,G007458
2003,2003-09-07,1,REG,GB,MIN,25,30,False,False,nflverse,-5,G007459
2003,2003-09-07,1,REG,KC,LAC,27,14,False,False,nflverse,13,G007460
2003,2003-09-07,1,REG,MIA,HOU,20,21,False,False,nflverse,-1,G007461
2003,2003-09-07,1,REG,NYG,LAR,23,13,False,False,nflverse,10,G007462
2003,2003-09-07,1,REG,PIT,BAL,34,15,False,False,nflverse,19,G007463
2003,2003-09-07,1,REG,DAL,ATL,13,27,False,False,nflverse,-14,G007464
2003,2003-09-07,1,REG,SEA,NO,27,10,False,False,nflverse,17,G007465
2003,2003-09-07,1,REG,SF,CHI,49,7,False,False,nflverse,42,G007466
2003,2003-09-07,1,REG,TEN,OAK,25,20,False,False,nflverse,5,G007467
2003,2003-09-08,1,REG,PHI,TB,0,17,False,False,nflverse,-17,G007468
2003,2003-09-14,2,REG,ATL,WSH,31,33,False,False,nflverse,-2,G007469
2003,2003-09-14,2,REG,BAL,CLE,33,13,False,False,nflverse,20,G007470
2003,2003-09-14,2,REG,GB,DET,31,6,False,False,nflverse,25,G007471
2003,2003-09-14,2,REG,IND,TEN,33,7,False,False,nflverse,26,G007472
2003,2003-09-14,2,REG,JAX,BUF,17,38,False,False,nflverse,-21,G007473
2003,2003-09-14,2,REG,KC,PIT,41,20,False,False,nflverse,21,G007474
2003,2003-09-14,2,REG,NO,HOU,31,10,False,False,nflverse,21,G007475
2003,2003-09-14,2,REG,NYJ,MIA,10,21,False,False,nflverse,-11,G007476
2003,2003-09-14,2,REG,LAR,SF,27,24,False,True,nflverse,3,G007477
2003,2003-09-14,2,REG,ARI,SEA,0,38,False,False,nflverse,-38,G007478
2003,2003-09-14,2,REG,TB,CAR,9,12,False,True,nflverse,-3,G007479
2003,2003-09-14,2,REG,OAK,CIN,23,20,False,False,nflverse,3,G007480
2003,2003-09-14,2,REG,PHI,NE,10,31,False,False,nflverse,-21,G007481
2003,2003-09-14,2,REG,LAC,DEN,13,37,False,False,nflverse,-24,G007482
2003,2003-09-14,2,REG,MIN,CHI,24,13,False,False,nflverse,11,G007483
2003,2003-09-15,2,REG,NYG,DAL,32,35,False,True,nflverse,-3,G007484
2003,2003-09-21,3,REG,ATL,TB,10,31,False,False,nflverse,-21,G007485
2003,2003-09-21,3,REG,CIN,PIT,10,17,False,False,nflverse,-7,G007486
2003,2003-09-21,3,REG,DET,MIN,13,23,False,False,nflverse,-10,G007487
2003,2003-09-21,3,REG,HOU,KC,14,42,False,False,nflverse,-28,G007488
2003,2003-09-21,3,REG,IND,JAX,23,13,False,False,nflverse,10,G007489
2003,2003-09-21,3,REG,NE,NYJ,23,16,False,False,nflverse,7,G007490
2003,2003-09-21,3,REG,TEN,NO,27,12,False,False,nflverse,15,G007491
2003,2003-09-21,3,REG,ARI,GB,20,13,False,False,nflverse,7,G007492
2003,2003-09-21,3,REG,SEA,LAR,24,23,False,False,nflverse,1,G007493
2003,2003-09-21,3,REG,WSH,NYG,21,24,False,True,nflverse,-3,G007494
2003,2003-09-21,3,REG,LAC,BAL,10,24,False,False,nflverse,-14,G007495
2003,2003-09-21,3,REG,SF,CLE,12,13,False,False,nflverse,-1,G007496
2003,2003-09-21,3,REG,MIA,BUF,17,7,False,False,nflverse,10,G007497
2003,2003-09-22,3,REG,DEN,OAK,31,10,False,False,nflverse,21,G007498
2003,2003-09-28,4,REG,BUF,PHI,13,23,False,False,nflverse,-10,G007499
2003,2003-09-28,4,REG,CLE,CIN,14,21,False,False,nflverse,-7,G007500
2003,2003-09-28,4,REG,HOU,JAX,24,20,False,False,nflverse,4,G007501
2003,2003-09-28,4,REG,MIN,SF,35,7,False,False,nflverse,28,G007502
2003,2003-09-28,4,REG,PIT,TEN,13,30,False,False,nflverse,-17,G007503
2003,2003-09-28,4,REG,LAR,ARI,37,13,False,False,nflverse,24,G007504
2003,2003-09-28,4,REG,WSH,NE,20,17,False,False,nflverse,3,G007505
2003,2003-09-28,4,REG,BAL,KC,10,17,False,False,nflverse,-7,G007506
2003,2003-09-28,4,REG,OAK,LAC,34,31,False,True,nflverse,3,G007507
2003,2003-09-28,4,REG,CAR,ATL,23,3,False,False,nflverse,20,G007508
2003,2003-09-28,4,REG,DEN,DET,20,16,False,False,nflverse,4,G007509
2003,2003-09-28,4,REG,NYJ,DAL,6,17,False,False,nflverse,-11,G007510
2003,2003-09-28,4,REG,NO,IND,21,55,False,False,nflverse,-34,G007511
2003,2003-09-29,4,REG,CHI,GB,23,38,False,False,nflverse,-15,G007512
2003,2003-10-05,5,REG,ATL,MIN,26,39,False,False,nflverse,-13,G007513
2003,2003-10-05,5,REG,BUF,CIN,22,16,False,True,nflverse,6,G007514
2003,2003-10-05,5,REG,CAR,NO,19,13,False,False,nflverse,6,G007515
2003,2003-10-05,5,REG,CHI,OAK,24,21,False,False,nflverse,3,G007516
2003,2003-10-05,5,REG,DAL,ARI,24,7,False,False,nflverse,17,G007517
2003,2003-10-05,5,REG,GB,SEA,35,13,False,False,nflverse,22,G007518
2003,2003-10-05,5,REG,KC,DEN,24,23,False,False,nflverse,1,G007519
2003,2003-10-05,5,REG,NE,TEN,38,30,False,False,nflverse,8,G007520
2003,2003-10-05,5,REG,NYG,MIA,10,23,False,False,nflverse,-13,G007521
2003,2003-10-05,5,REG,JAX,LAC,27,21,False,False,nflverse,6,G007522
2003,2003-10-05,5,REG,PHI,WSH,27,25,False,False,nflverse,2,G007523
2003,2003-10-05,5,REG,SF,DET,24,17,False,False,nflverse,7,G007524
2003,2003-10-05,5,REG,PIT,CLE,13,33,False,False,nflverse,-20,G007525
2003,2003-10-06,5,REG,TB,IND,35,38,False,True,nflverse,-3,G007526
2003,2003-10-12,6,REG,CLE,OAK,13,7,False,False,nflverse,6,G007527
2003,2003-10-12,6,REG,DAL,PHI,23,21,False,False,nflverse,2,G007528
2003,2003-10-12,6,REG,GB,KC,34,40,False,True,nflverse,-6,G007529
2003,2003-10-12,6,REG,IND,CAR,20,23,False,True,nflverse,-3,G007530
2003,2003-10-12,6,REG,JAX,MIA,10,24,False,False,nflverse,-14,G007531
2003,2003-10-12,6,REG,NE,NYG,17,6,False,False,nflverse,11,G007532
2003,2003-10-12,6,REG,NO,CHI,20,13,False,False,nflverse,7,G007533
2003,2003-10-12,6,REG,TEN,HOU,38,17,False,False,nflverse,21,G007534
2003,2003-10-12,6,REG,WSH,TB,13,35,False,False,nflverse,-22,G007535
2003,2003-10-12,6,REG,ARI,BAL,18,26,False,False,nflverse,-8,G007536
2003,2003-10-12,6,REG,DEN,PIT,17,14,False,False,nflverse,3,G007537
2003,2003-10-12,6,REG,NYJ,BUF,30,3,False,False,nflverse,27,G007538
2003,2003-10-12,6,REG,SEA,SF,20,19,False,False,nflverse,1,G007539
2003,2003-10-13,6,REG,LAR,ATL,36,0,False,False,nflverse,36,G007540
2003,2003-10-19,7,REG,ATL,NO,17,45,False,False,nflverse,-28,G007541
2003,2003-10-19,7,REG,CAR,TEN,17,37,False,False,nflverse,-20,G007542
2003,2003-10-19,7,REG,CIN,BAL,34,26,False,False,nflverse,8,G007543
2003,2003-10-19,7,REG,CLE,LAC,20,26,False,False,nflverse,-6,G007544
2003,2003-10-19,7,REG,DET,DAL,7,38,False,False,nflverse,-31,G007545
2003,2003-10-19,7,REG,MIA,NE,13,19,False,True,nflverse,-6,G007546
2003,2003-10-19,7,REG,MIN,DEN,28,20,False,False,nflverse,8,G007547
2003,2003-10-19,7,REG,NYG,PHI,10,14,False,False,nflverse,-4,G007548
2003,2003-10-19,7,REG,LAR,GB,34,24,False,False,nflverse,10,G007549
2003,2003-10-19,7,REG,HOU,NYJ,14,19,False,False,nflverse,-5,G007550
2003,2003-10-19,7,REG,BUF,WSH,24,7,False,False,nflverse,17,G007551
2003,2003-10-19,7,REG,SEA,CHI,24,17,False,False,nflverse,7,G007552
2003,2003-10-19,7,REG,SF,TB,24,7,False,False,nflverse,17,G007553
2003,2003-10-20,7,REG,OAK,KC,10,17,False,False,nflverse,-7,G007554
2003,2003-10-26,8,REG,BAL,DEN,26,6,False,False,nflverse,20,G007555
2003,2003-10-26,8,REG,CHI,DET,24,16,False,False,nflverse,8,G007556
2003,2003-10-26,8,REG,CIN,SEA,27,24,False,False,nflverse,3,G007557
2003,2003-10-26,8,REG,JAX,TEN,17,30,False,False,nflverse,-13,G007558
2003,2003-10-26,8,REG,MIN,NYG,17,29,False,False,nflverse,-12,G007559
2003,2003-10-26,8,REG,NE,CLE,9,3,False,False,nflverse,6,G007560
2003,2003-10-26,8,REG,NO,CAR,20,23,False,True,nflverse,-3,G007561
2003,2003-10-26,8,REG,PIT,LAR,21,33,False,False,nflverse,-12,G007562
2003,2003-10-26,8,REG,TB,DAL,16,0,False,False,nflverse,16,G007563
2003,2003-10-26,8,REG,ARI,SF,16,13,False,True,nflverse,3,G007564
2003,2003-10-26,8,REG,IND,HOU,30,21,False,False,nflverse,9,G007565
2003,2003-10-26,8,REG,PHI,NYJ,24,17,False,False,nflverse,7,G007566
2003,2003-10-26,8,REG,KC,BUF,38,5,False,False,nflverse,33,G007567
2003,2003-10-27,8,REG,LAC,MIA,10,26,True,False,nflverse,-16,G007568
2003,2003-11-02,9,REG,BAL,JAX,24,17,False,False,nflverse,7,G007569
2003,2003-11-02,9,REG,CHI,LAC,20,7,False,False,nflverse,13,G007570
2003,2003-11-02,9,REG,DET,OAK,23,13,False,False,nflverse,10,G007571
2003,2003-11-02,9,REG,HOU,CAR,14,10,False,False,nflverse,4,G007572
2003,2003-11-02,9,REG,MIA,IND,17,23,False,False,nflverse,-6,G007573
2003,2003-11-02,9,REG,NYJ,NYG,28,31,False,True,nflverse,-3,G007574
2003,2003-11-02,9,REG,TB,NO,14,17,False,False,nflverse,-3,G007575
2003,2003-11-02,9,REG,ARI,CIN,17,14,False,False,nflverse,3,G007576
2003,2003-11-02,9,REG,SEA,PIT,23,16,False,False,nflverse,7,G007577
2003,2003-11-02,9,REG,ATL,PHI,16,23,False,False,nflverse,-7,G007578
2003,2003-11-02,9,REG,DAL,WSH,21,14,False,False,nflverse,7,G007579
2003,2003-11-02,9,REG,SF,LAR,30,10,False,False,nflverse,20,G007580
2003,2003-11-02,9,REG,MIN,GB,27,30,False,False,nflverse,-3,G007581
2003,2003-11-03,9,REG,DEN,NE,26,30,False,False,nflverse,-4,G007582
2003,2003-11-09,10,REG,CAR,TB,27,24,False,False,nflverse,3,G007583
2003,2003-11-09,10,REG,CIN,HOU,34,27,False,False,nflverse,7,G007584
2003,2003-11-09,10,REG,DET,CHI,12,10,False,False,nflverse,2,G007585
2003,2003-11-09,10,REG,JAX,IND,28,23,False,False,nflverse,5,G007586
2003,2003-11-09,10,REG,KC,CLE,41,20,False,False,nflverse,21,G007587
2003,2003-11-09,10,REG,NYG,ATL,7,27,False,False,nflverse,-20,G007588
2003,2003-11-09,10,REG,PIT,ARI,28,15,False,False,nflverse,13,G007589
2003,2003-11-09,10,REG,TEN,MIA,31,7,False,False,nflverse,24,G007590
2003,2003-11-09,10,REG,WSH,SEA,27,20,False,False,nflverse,7,G007591
2003,2003-11-09,10,REG,LAC,MIN,42,28,False,False,nflverse,14,G007592
2003,2003-11-09,10,REG,DAL,BUF,10,6,False,False,nflverse,4,G007593
2003,2003-11-09,10,REG,OAK,NYJ,24,27,False,True,nflverse,-3,G007594
2003,2003-11-09,10,REG,LAR,BAL,33,22,False,False,nflverse,11,G007595
2003,2003-11-10,10,REG,GB,PHI,14,17,False,False,nflverse,-3,G007596
2003,2003-11-16,11,REG,BUF,HOU,10,12,False,False,nflverse,-2,G007597
2003,2003-11-16,11,REG,CAR,WSH,20,17,False,False,nflverse,3,G007598
2003,2003-11-16,11,REG,CHI,LAR,21,23,False,False,nflverse,-2,G007599
2003,2003-11-16,11,REG,CIN,KC,24,19,False,False,nflverse,5,G007600
2003,2003-11-16,11,REG,CLE,ARI,44,6,False,False,nflverse,38,G007601
2003,2003-11-16,11,REG,MIA,BAL,9,6,False,True,nflverse,3,G007602
2003,2003-11-16,11,REG,NO,ATL,23,20,False,True,nflverse,3,G007603
2003,2003-11-16,11,REG,PHI,NYG,28,10,False,False,nflverse,18,G007604
2003,2003-11-16,11,REG,TEN,JAX,10,3,False,False,nflverse,7,G007605
2003,2003-11-16,11,REG,DEN,LAC,37,8,False,False,nflverse,29,G007606
2003,2003-11-16,11,REG,IND,NYJ,38,31,False,False,nflverse,7,G007607
2003,2003-11-16,11,REG,OAK,MIN,28,18,False,False,nflverse,10,G007608
2003,2003-11-16,11,REG,SEA,DET,35,14,False,False,nflverse,21,G007609
2003,2003-11-16,11,REG,TB,GB,13,20,False,False,nflverse,-7,G007610
2003,2003-11-16,11,REG,NE,DAL,12,0,False,False,nflverse,12,G007611
2003,2003-11-17,11,REG,SF,PIT,30,14,False,False,nflverse,16,G007612
2003,2003-11-23,12,REG,BAL,SEA,44,41,False,True,nflverse,3,G007613
2003,2003-11-23,12,REG,BUF,IND,14,17,False,False,nflverse,-3,G007614
2003,2003-11-23,12,REG,CLE,PIT,6,13,False,False,nflverse,-7,G007615
2003,2003-11-23,12,REG,DAL,CAR,24,20,False,False,nflverse,4,G007616
2003,2003-11-23,12,REG,GB,SF,20,10,False,False,nflverse,10,G007617
2003,2003-11-23,12,REG,HOU,NE,20,23,False,True,nflverse,-3,G007618
2003,2003-11-23,12,REG,MIN,DET,24,14,False,False,nflverse,10,G007619
2003,2003-11-23,12,REG,NYJ,JAX,13,10,False,False,nflverse,3,G007620
2003,2003-11-23,12,REG,PHI,NO,33,20,False,False,nflverse,13,G007621
2003,2003-11-23,12,REG,ARI,LAR,27,30,False,True,nflverse,-3,G007622
2003,2003-11-23,12,REG,DEN,CHI,10,19,False,False,nflverse,-9,G007623
2003,2003-11-23,12,REG,ATL,TEN,31,38,False,False,nflverse,-7,G007624
2003,2003-11-23,12,REG,KC,OAK,27,24,False,False,nflverse,3,G007625
2003,2003-11-23,12,REG,LAC,CIN,27,34,False,False,nflverse,-7,G007626
2003,2003-11-23,12,REG,MIA,WSH,24,23,False,False,nflverse,1,G007627
2003,2003-11-24,12,REG,TB,NYG,19,13,False,False,nflverse,6,G007628
2003,2003-11-27,13,REG,DET,GB,22,14,False,False,nflverse,8,G007629
2003,2003-11-27,13,REG,DAL,MIA,21,40,False,False,nflverse,-19,G007630
2003,2003-11-30,13,REG,BAL,SF,44,6,False,False,nflverse,38,G007631
2003,2003-11-30,13,REG,CAR,PHI,16,25,False,False,nflverse,-9,G007632
2003,2003-11-30,13,REG,CHI,ARI,28,3,False,False,nflverse,25,G007633
2003,2003-11-30,13,REG,HOU,ATL,17,13,False,False,nflverse,4,G007634
2003,2003-11-30,13,REG,IND,NE,34,38,False,False,nflverse,-4,G007635
2003,2003-11-30,13,REG,NYG,BUF,7,24,False,False,nflverse,-17,G007636
2003,2003-11-30,13,REG,PIT,CIN,20,24,False,False,nflverse,-4,G007637
2003,2003-11-30,13,REG,LAR,MIN,48,17,False,False,nflverse,31,G007638
2003,2003-11-30,13,REG,WSH,NO,20,24,False,False,nflverse,-4,G007639
2003,2003-11-30,13,REG,OAK,DEN,8,22,False,False,nflverse,-14,G007640
2003,2003-11-30,13,REG,LAC,KC,24,28,False,False,nflverse,-4,G007641
2003,2003-11-30,13,REG,SEA,CLE,34,7,False,False,nflverse,27,G007642
2003,2003-11-30,13,REG,JAX,TB,17,10,False,False,nflverse,7,G007643
2003,2003-12-01,13,REG,NYJ,TEN,24,17,False,False,nflverse,7,G007644
2003,2003-12-07,14,REG,BAL,CIN,31,13,False,False,nflverse,18,G007645
2003,2003-12-07,14,REG,DET,LAC,7,14,False,False,nflverse,-7,G007646
2003,2003-12-07,14,REG,GB,CHI,34,21,False,False,nflverse,13,G007647
2003,2003-12-07,14,REG,JAX,HOU,27,0,False,False,nflverse,27,G007648
2003,2003-12-07,14,REG,MIN,SEA,34,7,False,False,nflverse,27,G007649
2003,2003-12-07,14,REG,NO,TB,7,14,False,False,nflverse,-7,G007650
2003,2003-12-07,14,REG,NYG,WSH,7,20,False,False,nflverse,-13,G007651
2003,2003-12-07,14,REG,PHI,DAL,36,10,False,False,nflverse,26,G007652
2003,2003-12-07,14,REG,PIT,OAK,27,7,False,False,nflverse,20,G007653
2003,2003-12-07,14,REG,TEN,IND,27,29,False,False,nflverse,-2,G007654
2003,2003-12-07,14,REG,SF,ARI,50,14,False,False,nflverse,36,G007655
2003,2003-12-07,14,REG,BUF,NYJ,17,6,False,False,nflverse,11,G007656
2003,2003-12-07,14,REG,DEN,KC,45,27,False,False,nflverse,18,G007657
2003,2003-12-07,14,REG,NE,MIA,12,0,False,False,nflverse,12,G007658
2003,2003-12-07,14,REG,ATL,CAR,20,14,False,True,nflverse,6,G007659
2003,2003-12-08,14,REG,CLE,LAR,20,26,False,False,nflverse,-6,G007660
2003,2003-12-14,15,REG,CHI,MIN,13,10,False,False,nflverse,3,G007661
2003,2003-12-14,15,REG,CIN,SF,41,38,False,False,nflverse,3,G007662
2003,2003-12-14,15,REG,IND,ATL,38,7,False,False,nflverse,31,G007663
2003,2003-12-14,15,REG,KC,DET,45,17,False,False,nflverse,28,G007664
2003,2003-12-14,15,REG,NE,JAX,27,13,False,False,nflverse,14,G007665
2003,2003-12-14,15,REG,NYJ,PIT,6,0,False,False,nflverse,6,G007666
2003,2003-12-14,15,REG,LAR,SEA,27,22,False,False,nflverse,5,G007667
2003,2003-12-14,15,REG,TB,HOU,16,3,False,False,nflverse,13,G007668
2003,2003-12-14,15,REG,TEN,BUF,28,26,False,False,nflverse,2,G007669
2003,2003-12-14,15,REG,DEN,CLE,23,20,False,True,nflverse,3,G007670
2003,2003-12-14,15,REG,OAK,BAL,20,12,False,False,nflverse,8,G007671
2003,2003-12-14,15,REG,ARI,CAR,17,20,False,False,nflverse,-3,G007672
2003,2003-12-14,15,REG,LAC,GB,21,38,False,False,nflverse,-17,G007673
2003,2003-12-14,15,REG,WSH,DAL,0,27,False,False,nflverse,-27,G007674
2003,2003-12-14,15,REG,NO,NYG,45,7,False,False,nflverse,38,G007675
2003,2003-12-15,15,REG,MIA,PHI,27,34,False,False,nflverse,-7,G007676
2003,2003-12-20,16,REG,TB,ATL,28,30,False,False,nflverse,-2,G007677
2003,2003-12-20,16,REG,MIN,KC,45,20,False,False,nflverse,25,G007678
2003,2003-12-20,16,REG,NYJ,NE,16,21,False,False,nflverse,-5,G007679
2003,2003-12-21,16,REG,BUF,MIA,3,20,False,False,nflverse,-17,G007680
2003,2003-12-21,16,REG,CAR,DET,20,14,False,False,nflverse,6,G007681
2003,2003-12-21,16,REG,CHI,WSH,27,24,False,False,nflverse,3,G007682
2003,2003-12-21,16,REG,CLE,BAL,0,35,False,False,nflverse,-35,G007683
2003,2003-12-21,16,REG,DAL,NYG,19,3,False,False,nflverse,16,G007684
2003,2003-12-21,16,REG,HOU,TEN,24,27,False,False,nflverse,-3,G007685
2003,2003-12-21,16,REG,JAX,NO,20,19,False,False,nflverse,1,G007686
2003,2003-12-21,16,REG,LAR,CIN,27,10,False,False,nflverse,17,G007687
2003,2003-12-21,16,REG,PIT,LAC,40,24,False,False,nflverse,16,G007688
2003,2003-12-21,16,REG,PHI,SF,28,31,False,True,nflverse,-3,G007689
2003,2003-12-21,16,REG,SEA,ARI,28,10,False,False,nflverse,18,G007690
2003,2003-12-21,16,REG,IND,DEN,17,31,False,False,nflverse,-14,G007691
2003,2003-12-22,16,REG,OAK,GB,7,41,False,False,nflverse,-34,G007692
2003,2003-12-27,17,REG,NE,BUF,31,0,False,False,nflverse,31,G007693
2003,2003-12-27,17,REG,SF,SEA,17,24,False,False,nflverse,-7,G007694
2003,2003-12-27,17,REG,WSH,PHI,7,31,False,False,nflverse,-24,G007695
2003,2003-12-28,17,REG,ATL,JAX,21,14,False,False,nflverse,7,G007696
2003,2003-12-28,17,REG,CIN,CLE,14,22,False,False,nflverse,-8,G007697
2003,2003-12-28,17,REG,DET,LAR,30,20,False,False,nflverse,10,G007698
2003,2003-12-28,17,REG,HOU,IND,17,20,False,False,nflverse,-3,G007699
2003,2003-12-28,17,REG,KC,CHI,31,3,False,False,nflverse,28,G007700
2003,2003-12-28,17,REG,MIA,NYJ,23,21,False,False,nflverse,2,G007701
2003,2003-12-28,17,REG,NO,DAL,13,7,False,False,nflverse,6,G007702
2003,2003-12-28,17,REG,TEN,TB,33,13,False,False,nflverse,20,G007703
2003,2003-12-28,17,REG,ARI,MIN,18,17,False,False,nflverse,1,G007704
2003,2003-12-28,17,REG,NYG,CAR,24,37,False,False,nflverse,-13,G007705
2003,2003-12-28,17,REG,GB,DEN,31,3,False,False,nflverse,28,G007706
2003,2003-12-28,17,REG,LAC,OAK,21,14,False,False,nflverse,7,G007707
2003,2003-12-28,17,REG,BAL,PIT,13,10,False,True,nflverse,3,G007708
2003,2004-01-03,18,WC,BAL,TEN,17,20,False,False,nflverse,-3,G007709
2003,2004-01-03,18,WC,CAR,DAL,29,10,False,False,nflverse,19,G007710
2003,2004-01-04,18,WC,GB,SEA,33,27,False,True,nflverse,6,G007711
2003,2004-01-04,18,WC,IND,DEN,41,10,False,False,nflverse,31,G007712
2003,2004-01-10,19,DIV,LAR,CAR,23,29,False,True,nflverse,-6,G007713
2003,2004-01-10,19,DIV,NE,TEN,17,14,False,False,nflverse,3,G007714
2003,2004-01-11,19,DIV,KC,IND,31,38,False,False,nflverse,-7,G007715
2003,2004-01-11,19,DIV,PHI,GB,20,17,False,True,nflverse,3,G007716
2003,2004-01-18,20,CON,NE,IND,24,14,False,False,nflverse,10,G007717
2003,2004-01-18,20,CON,PHI,CAR,3,14,False,False,nflverse,-11,G007718
2003,2004-02-01,21,SB,NE,CAR,32,29,True,False,nflverse,3,G007719
2004,2004-09-09,1,REG,NE,IND,27,24,False,False,nflverse,3,G007720
2004,2004-09-11,1,REG,MIA,TEN,7,17,False,False,nflverse,-10,G007721
2004,2004-09-12,1,REG,BUF,JAX,10,13,False,False,nflverse,-3,G007722
2004,2004-09-12,1,REG,CHI,DET,16,20,False,False,nflverse,-4,G007723
2004,2004-09-12,1,REG,CLE,BAL,20,3,False,False,nflverse,17,G007724
2004,2004-09-12,1,REG,HOU,LAC,20,27,False,False,nflverse,-7,G007725
2004,2004-09-12,1,REG,NO,SEA,7,21,False,False,nflverse,-14,G007726
2004,2004-09-12,1,REG,NYJ,CIN,31,24,False,False,nflverse,7,G007727
2004,2004-09-12,1,REG,PIT,OAK,24,21,False,False,nflverse,3,G007728
2004,2004-09-12,1,REG,LAR,ARI,17,10,False,False,nflverse,7,G007729
2004,2004-09-12,1,REG,WSH,TB,16,10,False,False,nflverse,6,G007730
2004,2004-09-12,1,REG,MIN,DAL,35,17,False,False,nflverse,18,G007731
2004,2004-09-12,1,REG,PHI,NYG,31,17,False,False,nflverse,14,G007732
2004,2004-09-12,1,REG,SF,ATL,19,21,False,False,nflverse,-2,G007733
2004,2004-09-12,1,REG,DEN,KC,34,24,False,False,nflverse,10,G007734
2004,2004-09-13,1,REG,CAR,GB,14,24,False,False,nflverse,-10,G007735
2004,2004-09-19,2,REG,ATL,LAR,34,17,False,False,nflverse,17,G007736
2004,2004-09-19,2,REG,BAL,PIT,30,13,False,False,nflverse,17,G007737
2004,2004-09-19,2,REG,DET,HOU,28,16,False,False,nflverse,12,G007738
2004,2004-09-19,2,REG,GB,CHI,10,21,False,False,nflverse,-11,G007739
2004,2004-09-19,2,REG,JAX,DEN,7,6,False,False,nflverse,1,G007740
2004,2004-09-19,2,REG,KC,CAR,17,28,False,False,nflverse,-11,G007741
2004,2004-09-19,2,REG,NO,SF,30,27,False,False,nflverse,3,G007742
2004,2004-09-19,2,REG,NYG,WSH,20,14,False,False,nflverse,6,G007743
2004,2004-09-19,2,REG,TEN,IND,17,31,False,False,nflverse,-14,G007744
2004,2004-09-19,2,REG,TB,SEA,6,10,False,False,nflverse,-4,G007745
2004,2004-09-19,2,REG,ARI,NE,12,23,False,False,nflverse,-11,G007746
2004,2004-09-19,2,REG,DAL,CLE,19,12,False,False,nflverse,7,G007747
2004,2004-09-19,2,REG,OAK,BUF,13,10,False,False,nflverse,3,G007748
2004,2004-09-19,2,REG,LAC,NYJ,28,34,False,False,nflverse,-6,G007749
2004,2004-09-19,2,REG,CIN,MIA,16,13,False,False,nflverse,3,G007750
2004,2004-09-20,2,REG,PHI,MIN,27,16,False,False,nflverse,11,G007751
2004,2004-09-26,3,REG,ATL,ARI,6,3,False,False,nflverse,3,G007752
2004,2004-09-26,3,REG,CIN,BAL,9,23,False,False,nflverse,-14,G007753
2004,2004-09-26,3,REG,DET,PHI,13,30,False,False,nflverse,-17,G007754
2004,2004-09-26,3,REG,KC,HOU,21,24,False,False,nflverse,-3,G007755
2004,2004-09-26,3,REG,MIN,CHI,27,22,False,False,nflverse,5,G007756
2004,2004-09-26,3,REG,NYG,CLE,27,10,False,False,nflverse,17,G007757
2004,2004-09-26,3,REG,LAR,NO,25,28,False,True,nflverse,-3,G007758
2004,2004-09-26,3,REG,TEN,JAX,12,15,False,False,nflverse,-3,G007759
2004,2004-09-26,3,REG,DEN,LAC,23,13,False,False,nflverse,10,G007760
2004,2004-09-26,3,REG,IND,GB,45,31,False,False,nflverse,14,G007761
2004,2004-09-26,3,REG,SEA,SF,34,0,False,False,nflverse,34,G007762
2004,2004-09-26,3,REG,MIA,PIT,3,13,False,False,nflverse,-10,G007763
2004,2004-09-26,3,REG,OAK,TB,30,20,False,False,nflverse,10,G007764
2004,2004-09-27,3,REG,WSH,DAL,18,21,False,False,nflverse,-3,G007765
2004,2004-10-03,4,REG,BUF,NE,17,31,False,False,nflverse,-14,G007766
2004,2004-10-03,4,REG,CHI,PHI,9,19,False,False,nflverse,-10,G007767
2004,2004-10-03,4,REG,CLE,WSH,17,13,False,False,nflverse,4,G007768
2004,2004-10-03,4,REG,GB,NYG,7,14,False,False,nflverse,-7,G007769
2004,2004-10-03,4,REG,HOU,OAK,30,17,False,False,nflverse,13,G007770
2004,2004-10-03,4,REG,JAX,IND,17,24,False,False,nflverse,-7,G007771
2004,2004-10-03,4,REG,PIT,CIN,28,17,False,False,nflverse,11,G007772
2004,2004-10-03,4,REG,ARI,NO,34,10,False,False,nflverse,24,G007773
2004,2004-10-03,4,REG,CAR,ATL,10,27,False,False,nflverse,-17,G007774
2004,2004-10-03,4,REG,MIA,NYJ,9,17,False,False,nflverse,-8,G007775
2004,2004-10-03,4,REG,LAC,TEN,38,17,False,False,nflverse,21,G007776
2004,2004-10-03,4,REG,TB,DEN,13,16,False,False,nflverse,-3,G007777
2004,2004-10-03,4,REG,SF,LAR,14,24,False,False,nflverse,-10,G007778
2004,2004-10-04,4,REG,BAL,KC,24,27,False,False,nflverse,-3,G007779
2004,2004-10-10,5,REG,ATL,DET,10,17,False,False,nflverse,-7,G007780
2004,2004-10-10,5,REG,DAL,NYG,10,26,False,False,nflverse,-16,G007781
2004,2004-10-10,5,REG,HOU,MIN,28,34,False,True,nflverse,-6,G007782
2004,2004-10-10,5,REG,IND,OAK,35,14,False,False,nflverse,21,G007783
2004,2004-10-10,5,REG,NE,MIA,24,10,False,False,nflverse,14,G007784
2004,2004-10-10,5,REG,NO,TB,17,20,False,False,nflverse,-3,G007785
2004,2004-10-10,5,REG,PIT,CLE,34,23,False,False,nflverse,11,G007786
2004,2004-10-10,5,REG,NYJ,BUF,16,14,False,False,nflverse,2,G007787
2004,2004-10-10,5,REG,LAC,JAX,34,21,False,False,nflverse,13,G007788
2004,2004-10-10,5,REG,DEN,CAR,20,17,False,False,nflverse,3,G007789
2004,2004-10-10,5,REG,SEA,LAR,27,33,False,True,nflverse,-6,G007790
2004,2004-10-10,5,REG,SF,ARI,31,28,False,True,nflverse,3,G007791
2004,2004-10-10,5,REG,WSH,BAL,10,17,False,False,nflverse,-7,G007792
2004,2004-10-11,5,REG,GB,TEN,27,48,False,False,nflverse,-21,G007793
2004,2004-10-17,6,REG,ATL,LAC,21,20,False,False,nflverse,1,G007794
2004,2004-10-17,6,REG,BUF,MIA,20,13,False,False,nflverse,7,G007795
2004,2004-10-17,6,REG,CHI,WSH,10,13,False,False,nflverse,-3,G007796
2004,2004-10-17,6,REG,CLE,CIN,34,17,False,False,nflverse,17,G007797
2004,2004-10-17,6,REG,DET,GB,10,38,False,False,nflverse,-28,G007798
2004,2004-10-17,6,REG,JAX,KC,22,16,False,False,nflverse,6,G007799
2004,2004-10-17,6,REG,NE,SEA,30,20,False,False,nflverse,10,G007800
2004,2004-10-17,6,REG,NYJ,SF,22,14,False,False,nflverse,8,G007801
2004,2004-10-17,6,REG,PHI,CAR,30,8,False,False,nflverse,22,G007802
2004,2004-10-17,6,REG,TEN,HOU,10,20,False,False,nflverse,-10,G007803
2004,2004-10-17,6,REG,DAL,PIT,20,24,False,False,nflverse,-4,G007804
2004,2004-10-17,6,REG,OAK,DEN,3,31,False,False,nflverse,-28,G007805
2004,2004-10-17,6,REG,NO,MIN,31,38,False,False,nflverse,-7,G007806
2004,2004-10-18,6,REG,LAR,TB,28,21,False,False,nflverse,7,G007807
2004,2004-10-24,7,REG,BAL,BUF,20,6,False,False,nflverse,14,G007808
2004,2004-10-24,7,REG,CAR,LAC,6,17,False,False,nflverse,-11,G007809
2004,2004-10-24,7,REG,CLE,PHI,31,34,False,True,nflverse,-3,G007810
2004,2004-10-24,7,REG,IND,JAX,24,27,False,False,nflverse,-3,G007811
2004,2004-10-24,7,REG,KC,ATL,56,10,False,False,nflverse,46,G007812
2004,2004-10-24,7,REG,MIA,LAR,31,14,False,False,nflverse,17,G007813
2004,2004-10-24,7,REG,MIN,TEN,20,3,False,False,nflverse,17,G007814
2004,2004-10-24,7,REG,NYG,DET,13,28,False,False,nflverse,-15,G007815
2004,2004-10-24,7,REG,TB,CHI,19,7,False,False,nflverse,12,G007816
2004,2004-10-24,7,REG,NE,NYJ,13,7,False,False,nflverse,6,G007817
2004,2004-10-24,7,REG,ARI,SEA,25,17,False,False,nflverse,8,G007818
2004,2004-10-24,7,REG,GB,DAL,41,20,False,False,nflverse,21,G007819
2004,2004-10-24,7,REG,OAK,NO,26,31,False,False,nflverse,-5,G007820
2004,2004-10-25,7,REG,CIN,DEN,23,10,False,False,nflverse,13,G007821
2004,2004-10-31,8,REG,BUF,ARI,38,14,False,False,nflverse,24,G007822
2004,2004-10-31,8,REG,DAL,DET,31,21,False,False,nflverse,10,G007823
2004,2004-10-31,8,REG,HOU,JAX,20,6,False,False,nflverse,14,G007824
2004,2004-10-31,8,REG,KC,IND,45,35,False,False,nflverse,10,G007825
2004,2004-10-31,8,REG,MIN,NYG,13,34,False,False,nflverse,-21,G007826
2004,2004-10-31,8,REG,PHI,BAL,15,10,False,False,nflverse,5,G007827
2004,2004-10-31,8,REG,TEN,CIN,27,20,False,False,nflverse,7,G007828
2004,2004-10-31,8,REG,WSH,GB,14,28,False,False,nflverse,-14,G007829
2004,2004-10-31,8,REG,DEN,ATL,28,41,False,False,nflverse,-13,G007830
2004,2004-10-31,8,REG,SEA,CAR,23,17,False,False,nflverse,6,G007831
2004,2004-10-31,8,REG,PIT,NE,34,20,False,False,nflverse,14,G007832
2004,2004-10-31,8,REG,LAC,OAK,42,14,False,False,nflverse,28,G007833
2004,2004-10-31,8,REG,CHI,SF,23,13,False,False,nflverse,10,G007834
2004,2004-11-01,8,REG,NYJ,MIA,41,14,False,False,nflverse,27,G007835
2004,2004-11-07,9,REG,BUF,NYJ,22,17,False,False,nflverse,5,G007836
2004,2004-11-07,9,REG,CAR,OAK,24,27,False,False,nflverse,-3,G007837
2004,2004-11-07,9,REG,CIN,DAL,26,3,False,False,nflverse,23,G007838
2004,2004-11-07,9,REG,DET,WSH,10,17,False,False,nflverse,-7,G007839
2004,2004-11-07,9,REG,MIA,ARI,23,24,False,False,nflverse,-1,G007840
2004,2004-11-07,9,REG,PIT,PHI,27,3,False,False,nflverse,24,G007841
2004,2004-11-07,9,REG,TB,KC,34,31,False,False,nflverse,3,G007842
2004,2004-11-07,9,REG,NYG,CHI,21,28,False,False,nflverse,-7,G007843
2004,2004-11-07,9,REG,LAC,NO,43,17,False,False,nflverse,26,G007844
2004,2004-11-07,9,REG,SF,SEA,27,42,False,False,nflverse,-15,G007845
2004,2004-11-07,9,REG,DEN,HOU,31,13,False,False,nflverse,18,G007846
2004,2004-11-07,9,REG,LAR,NE,22,40,False,False,nflverse,-18,G007847
2004,2004-11-07,9,REG,BAL,CLE,27,13,False,False,nflverse,14,G007848
2004,2004-11-08,9,REG,IND,MIN,31,28,False,False,nflverse,3,G007849
2004,2004-11-14,10,REG,ATL,TB,24,14,False,False,nflverse,10,G007850
2004,2004-11-14,10,REG,CLE,PIT,10,24,False,False,nflverse,-14,G007851
2004,2004-11-14,10,REG,IND,HOU,49,14,False,False,nflverse,35,G007852
2004,2004-11-14,10,REG,JAX,DET,23,17,False,True,nflverse,6,G007853
2004,2004-11-14,10,REG,NO,KC,27,20,False,False,nflverse,7,G007854
2004,2004-11-14,10,REG,NYJ,BAL,17,20,False,True,nflverse,-3,G007855
2004,2004-11-14,10,REG,LAR,SEA,23,12,False,False,nflverse,11,G007856
2004,2004-11-14,10,REG,TEN,CHI,17,19,False,True,nflverse,-2,G007857
2004,2004-11-14,10,REG,WSH,CIN,10,17,False,False,nflverse,-7,G007858
2004,2004-11-14,10,REG,ARI,NYG,17,14,False,False,nflverse,3,G007859
2004,2004-11-14,10,REG,GB,MIN,34,31,False,False,nflverse,3,G007860
2004,2004-11-14,10,REG,SF,CAR,27,37,False,False,nflverse,-10,G007861
2004,2004-11-14,10,REG,NE,BUF,29,6,False,False,nflverse,23,G007862
2004,2004-11-15,10,REG,DAL,PHI,21,49,False,False,nflverse,-28,G007863
2004,2004-11-21,11,REG,BAL,DAL,30,10,False,False,nflverse,20,G007864
2004,2004-11-21,11,REG,BUF,LAR,37,17,False,False,nflverse,20,G007865
2004,2004-11-21,11,REG,CAR,ARI,35,10,False,False,nflverse,25,G007866
2004,2004-11-21,11,REG,CHI,IND,10,41,False,False,nflverse,-31,G007867
2004,2004-11-21,11,REG,CIN,PIT,14,19,False,False,nflverse,-5,G007868
2004,2004-11-21,11,REG,CLE,NYJ,7,10,False,False,nflverse,-3,G007869
2004,2004-11-21,11,REG,JAX,TEN,15,18,False,False,nflverse,-3,G007870
2004,2004-11-21,11,REG,MIN,DET,22,19,False,False,nflverse,3,G007871
2004,2004-11-21,11,REG,NO,DEN,13,34,False,False,nflverse,-21,G007872
2004,2004-11-21,11,REG,TB,SF,35,3,False,False,nflverse,32,G007873
2004,2004-11-21,11,REG,OAK,LAC,17,23,False,False,nflverse,-6,G007874
2004,2004-11-21,11,REG,SEA,MIA,24,17,False,False,nflverse,7,G007875
2004,2004-11-21,11,REG,NYG,ATL,10,14,False,False,nflverse,-4,G007876
2004,2004-11-21,11,REG,PHI,WSH,28,6,False,False,nflverse,22,G007877
2004,2004-11-21,11,REG,HOU,GB,13,16,False,False,nflverse,-3,G007878
2004,2004-11-22,11,REG,KC,NE,19,27,False,False,nflverse,-8,G007879
2004,2004-11-25,12,REG,DET,IND,9,41,False,False,nflverse,-32,G007880
2004,2004-11-25,12,REG,DAL,CHI,21,7,False,False,nflverse,14,G007881
2004,2004-11-28,12,REG,CAR,TB,21,14,False,False,nflverse,7,G007882
2004,2004-11-28,12,REG,CIN,CLE,58,48,False,False,nflverse,10,G007883
2004,2004-11-28,12,REG,HOU,TEN,31,21,False,False,nflverse,10,G007884
2004,2004-11-28,12,REG,KC,LAC,31,34,False,False,nflverse,-3,G007885
2004,2004-11-28,12,REG,MIN,JAX,27,16,False,False,nflverse,11,G007886
2004,2004-11-28,12,REG,NYG,PHI,6,27,False,False,nflverse,-21,G007887
2004,2004-11-28,12,REG,PIT,WSH,16,7,False,False,nflverse,9,G007888
2004,2004-11-28,12,REG,ATL,NO,24,21,False,False,nflverse,3,G007889
2004,2004-11-28,12,REG,ARI,NYJ,3,13,False,False,nflverse,-10,G007890
2004,2004-11-28,12,REG,NE,BAL,24,3,False,False,nflverse,21,G007891
2004,2004-11-28,12,REG,SEA,BUF,9,38,False,False,nflverse,-29,G007892
2004,2004-11-28,12,REG,SF,MIA,17,24,False,False,nflverse,-7,G007893
2004,2004-11-28,12,REG,DEN,OAK,24,25,False,False,nflverse,-1,G007894
2004,2004-11-29,12,REG,GB,LAR,45,17,False,False,nflverse,28,G007895
2004,2004-12-05,13,REG,BAL,CIN,26,27,False,False,nflverse,-1,G007896
2004,2004-12-05,13,REG,CHI,MIN,24,14,False,False,nflverse,10,G007897
2004,2004-12-05,13,REG,CLE,NE,15,42,False,False,nflverse,-27,G007898
2004,2004-12-05,13,REG,DET,ARI,26,12,False,False,nflverse,14,G007899
2004,2004-12-05,13,REG,IND,TEN,51,24,False,False,nflverse,27,G007900
2004,2004-12-05,13,REG,MIA,BUF,32,42,False,False,nflverse,-10,G007901
2004,2004-12-05,13,REG,NO,CAR,21,32,False,False,nflverse,-11,G007902
2004,2004-12-05,13,REG,NYJ,HOU,29,7,False,False,nflverse,22,G007903
2004,2004-12-05,13,REG,LAR,SF,16,6,False,False,nflverse,10,G007904
2004,2004-12-05,13,REG,TB,ATL,27,0,False,False,nflverse,27,G007905
2004,2004-12-05,13,REG,OAK,KC,27,34,False,False,nflverse,-7,G007906
2004,2004-12-05,13,REG,LAC,DEN,20,17,False,False,nflverse,3,G007907
2004,2004-12-05,13,REG,PHI,GB,47,17,False,False,nflverse,30,G007908
2004,2004-12-05,13,REG,WSH,NYG,31,7,False,False,nflverse,24,G007909
2004,2004-12-05,13,REG,JAX,PIT,16,17,False,False,nflverse,-1,G007910
2004,2004-12-06,13,REG,SEA,DAL,39,43,False,False,nflverse,-4,G007911
2004,2004-12-12,14,REG,ATL,OAK,35,10,False,False,nflverse,25,G007912
2004,2004-12-12,14,REG,BAL,NYG,37,14,False,False,nflverse,23,G007913
2004,2004-12-12,14,REG,BUF,CLE,37,7,False,False,nflverse,30,G007914
2004,2004-12-12,14,REG,DAL,NO,13,27,False,False,nflverse,-14,G007915
2004,2004-12-12,14,REG,HOU,IND,14,23,False,False,nflverse,-9,G007916
2004,2004-12-12,14,REG,JAX,CHI,22,3,False,False,nflverse,19,G007917
2004,2004-12-12,14,REG,MIN,SEA,23,27,False,False,nflverse,-4,G007918
2004,2004-12-12,14,REG,NE,CIN,35,28,False,False,nflverse,7,G007919
2004,2004-12-12,14,REG,DEN,MIA,20,17,False,False,nflverse,3,G007920
2004,2004-12-12,14,REG,PIT,NYJ,17,6,False,False,nflverse,11,G007921
2004,2004-12-12,14,REG,ARI,SF,28,31,False,True,nflverse,-3,G007922
2004,2004-12-12,14,REG,CAR,LAR,20,7,False,False,nflverse,13,G007923
2004,2004-12-12,14,REG,GB,DET,16,13,False,False,nflverse,3,G007924
2004,2004-12-12,14,REG,LAC,TB,31,24,False,False,nflverse,7,G007925
2004,2004-12-12,14,REG,WSH,PHI,14,17,False,False,nflverse,-3,G007926
2004,2004-12-13,14,REG,TEN,KC,38,49,False,False,nflverse,-11,G007927
2004,2004-12-18,15,REG,NYG,PIT,30,33,False,False,nflverse,-3,G007928
2004,2004-12-18,15,REG,SF,WSH,16,26,False,False,nflverse,-10,G007929
2004,2004-12-18,15,REG,ATL,CAR,34,31,False,True,nflverse,3,G007930
2004,2004-12-19,15,REG,CHI,HOU,5,24,False,False,nflverse,-19,G007931
2004,2004-12-19,15,REG,CIN,BUF,17,33,False,False,nflverse,-16,G007932
2004,2004-12-19,15,REG,CLE,LAC,0,21,False,False,nflverse,-21,G007933
2004,2004-12-19,15,REG,DET,MIN,27,28,False,False,nflverse,-1,G007934
2004,2004-12-19,15,REG,KC,DEN,45,17,False,False,nflverse,28,G007935
2004,2004-12-19,15,REG,NYJ,SEA,37,14,False,False,nflverse,23,G007936
2004,2004-12-19,15,REG,PHI,DAL,12,7,False,False,nflverse,5,G007937
2004,2004-12-19,15,REG,ARI,LAR,31,7,False,False,nflverse,24,G007938
2004,2004-12-19,15,REG,TB,NO,17,21,False,False,nflverse,-4,G007939
2004,2004-12-19,15,REG,GB,JAX,25,28,False,False,nflverse,-3,G007940
2004,2004-12-19,15,REG,OAK,TEN,40,35,False,False,nflverse,5,G007941
2004,2004-12-19,15,REG,IND,BAL,20,10,False,False,nflverse,10,G007942
2004,2004-12-20,15,REG,MIA,NE,29,28,False,False,nflverse,1,G007943
2004,2004-12-24,16,REG,MIN,GB,31,34,False,False,nflverse,-3,G007944
2004,2004-12-25,16,REG,KC,OAK,31,30,False,False,nflverse,1,G007945
2004,2004-12-25,16,REG,TEN,DEN,16,37,False,False,nflverse,-21,G007946
2004,2004-12-26,16,REG,CIN,NYG,23,22,False,False,nflverse,1,G007947
2004,2004-12-26,16,REG,DET,CHI,19,13,False,False,nflverse,6,G007948
2004,2004-12-26,16,REG,IND,LAC,34,31,False,True,nflverse,3,G007949
2004,2004-12-26,16,REG,JAX,HOU,0,21,False,False,nflverse,-21,G007950
2004,2004-12-26,16,REG,NO,ATL,26,13,False,False,nflverse,13,G007951
2004,2004-12-26,16,REG,PIT,BAL,20,7,False,False,nflverse,13,G007952
2004,2004-12-26,16,REG,NYJ,NE,7,23,False,False,nflverse,-16,G007953
2004,2004-12-26,16,REG,SF,BUF,7,41,False,False,nflverse,-34,G007954
2004,2004-12-26,16,REG,DAL,WSH,13,10,False,False,nflverse,3,G007955
2004,2004-12-26,16,REG,SEA,ARI,24,21,False,False,nflverse,3,G007956
2004,2004-12-26,16,REG,TB,CAR,20,37,False,False,nflverse,-17,G007957
2004,2004-12-26,16,REG,MIA,CLE,10,7,False,False,nflverse,3,G007958
2004,2004-12-27,16,REG,LAR,PHI,20,7,False,False,nflverse,13,G007959
2004,2005-01-02,17,REG,BAL,MIA,30,23,False,False,nflverse,7,G007960
2004,2005-01-02,17,REG,BUF,PIT,24,29,False,False,nflverse,-5,G007961
2004,2005-01-02,17,REG,CAR,NO,18,21,False,False,nflverse,-3,G007962
2004,2005-01-02,17,REG,CHI,GB,14,31,False,False,nflverse,-17,G007963
2004,2005-01-02,17,REG,HOU,CLE,14,22,False,False,nflverse,-8,G007964
2004,2005-01-02,17,REG,NE,SF,21,7,False,False,nflverse,14,G007965
2004,2005-01-02,17,REG,PHI,CIN,10,38,False,False,nflverse,-28,G007966
2004,2005-01-02,17,REG,LAR,NYJ,32,29,False,True,nflverse,3,G007967
2004,2005-01-02,17,REG,TEN,DET,24,19,False,False,nflverse,5,G007968
2004,2005-01-02,17,REG,WSH,MIN,21,18,False,False,nflverse,3,G007969
2004,2005-01-02,17,REG,ARI,TB,12,7,False,False,nflverse,5,G007970
2004,2005-01-02,17,REG,SEA,ATL,28,26,False,False,nflverse,2,G007971
2004,2005-01-02,17,REG,DEN,IND,33,14,False,False,nflverse,19,G007972
2004,2005-01-02,17,REG,OAK,JAX,6,13,False,False,nflverse,-7,G007973
2004,2005-01-02,17,REG,LAC,KC,24,17,False,False,nflverse,7,G007974
2004,2005-01-02,17,REG,NYG,DAL,28,24,False,False,nflverse,4,G007975
2004,2005-01-08,18,WC,SEA,LAR,20,27,False,False,nflverse,-7,G007976
2004,2005-01-08,18,WC,LAC,NYJ,17,20,False,True,nflverse,-3,G007977
2004,2005-01-09,18,WC,IND,DEN,49,24,False,False,nflverse,25,G007978
2004,2005-01-09,18,WC,GB,MIN,17,31,False,False,nflverse,-14,G007979
2004,2005-01-15,19,DIV,PIT,NYJ,20,17,False,True,nflverse,3,G007980
2004,2005-01-15,19,DIV,ATL,LAR,47,17,False,False,nflverse,30,G007981
2004,2005-01-16,19,DIV,PHI,MIN,27,14,False,False,nflverse,13,G007982
2004,2005-01-16,19,DIV,NE,IND,20,3,False,False,nflverse,17,G007983
2004,2005-01-23,20,CON,PHI,ATL,27,10,False,False,nflverse,17,G007984
2004,2005-01-23,20,CON,PIT,NE,27,41,False,False,nflverse,-14,G007985
2004,2005-02-06,21,SB,PHI,NE,21,24,True,False,nflverse,-3,G007986
2005,2005-09-08,1,REG,NE,OAK,30,20,False,False,nflverse,10,G007987
2005,2005-09-11,1,REG,BUF,HOU,22,7,False,False,nflverse,15,G007988
2005,2005-09-11,1,REG,CAR,NO,20,23,False,False,nflverse,-3,G007989
2005,2005-09-11,1,REG,CLE,CIN,13,27,False,False,nflverse,-14,G007990
2005,2005-09-11,1,REG,JAX,SEA,26,14,False,False,nflverse,12,G007991
2005,2005-09-11,1,REG,KC,NYJ,27,7,False,False,nflverse,20,G007992
2005,2005-09-11,1,REG,MIA,DEN,34,10,False,False,nflverse,24,G007993
2005,2005-09-11,1,REG,MIN,TB,13,24,False,False,nflverse,-11,G007994
2005,2005-09-11,1,REG,PIT,TEN,34,7,False,False,nflverse,27,G007995
2005,2005-09-11,1,REG,WSH,CHI,9,7,False,False,nflverse,2,G007996
2005,2005-09-11,1,REG,DET,GB,17,3,False,False,nflverse,14,G007997
2005,2005-09-11,1,REG,NYG,ARI,42,19,False,False,nflverse,23,G007998
2005,2005-09-11,1,REG,LAC,DAL,24,28,False,False,nflverse,-4,G007999
2005,2005-09-11,1,REG,SF,LAR,28,25,False,False,nflverse,3,G008000
2005,2005-09-11,1,REG,BAL,IND,7,24,False,False,nflverse,-17,G008001
2005,2005-09-12,1,REG,ATL,PHI,14,10,False,False,nflverse,4,G008002
2005,2005-09-18,2,REG,CAR,NE,27,17,False,False,nflverse,10,G008003
2005,2005-09-18,2,REG,CHI,DET,38,6,False,False,nflverse,32,G008004
2005,2005-09-18,2,REG,CIN,MIN,37,8,False,False,nflverse,29,G008005
2005,2005-09-18,2,REG,HOU,PIT,7,27,False,False,nflverse,-20,G008006
2005,2005-09-18,2,REG,IND,JAX,10,3,False,False,nflverse,7,G008007
2005,2005-09-18,2,REG,PHI,SF,42,3,False,False,nflverse,39,G008008
2005,2005-09-18,2,REG,TB,BUF,19,3,False,False,nflverse,16,G008009
2005,2005-09-18,2,REG,TEN,BAL,25,10,False,False,nflverse,15,G008010
2005,2005-09-18,2,REG,ARI,LAR,12,17,False,False,nflverse,-5,G008011
2005,2005-09-18,2,REG,SEA,ATL,21,18,False,False,nflverse,3,G008012
2005,2005-09-18,2,REG,DEN,LAC,20,17,False,False,nflverse,3,G008013
2005,2005-09-18,2,REG,GB,CLE,24,26,False,False,nflverse,-2,G008014
2005,2005-09-18,2,REG,NYJ,MIA,17,7,False,False,nflverse,10,G008015
2005,2005-09-18,2,REG,OAK,KC,17,23,False,False,nflverse,-6,G008016
2005,2005-09-19,2,REG,DAL,WSH,13,14,False,False,nflverse,-1,G008017
2005,2005-09-19,2,REG,NO,NYG,10,27,False,False,nflverse,-17,G008018
2005,2005-09-25,3,REG,BUF,ATL,16,24,False,False,nflverse,-8,G008019
2005,2005-09-25,3,REG,CHI,CIN,7,24,False,False,nflverse,-17,G008020
2005,2005-09-25,3,REG,GB,TB,16,17,False,False,nflverse,-1,G008021
2005,2005-09-25,3,REG,IND,CLE,13,6,False,False,nflverse,7,G008022
2005,2005-09-25,3,REG,MIA,CAR,27,24,False,False,nflverse,3,G008023
2005,2005-09-25,3,REG,MIN,NO,33,16,False,False,nflverse,17,G008024
2005,2005-09-25,3,REG,NYJ,JAX,20,26,False,True,nflverse,-6,G008025
2005,2005-09-25,3,REG,PHI,OAK,23,20,False,False,nflverse,3,G008026
2005,2005-09-25,3,REG,LAR,TEN,31,27,False,False,nflverse,4,G008027
2005,2005-09-25,3,REG,SEA,ARI,37,12,False,False,nflverse,25,G008028
2005,2005-09-25,3,REG,SF,DAL,31,34,False,False,nflverse,-3,G008029
2005,2005-09-25,3,REG,PIT,NE,20,23,False,False,nflverse,-3,G008030
2005,2005-09-25,3,REG,LAC,NYG,45,23,False,False,nflverse,22,G008031
2005,2005-09-26,3,REG,DEN,KC,30,10,False,False,nflverse,20,G008032
2005,2005-10-02,4,REG,CIN,HOU,16,10,False,False,nflverse,6,G008033
2005,2005-10-02,4,REG,JAX,DEN,7,20,False,False,nflverse,-13,G008034
2005,2005-10-02,4,REG,NE,LAC,17,41,False,False,nflverse,-24,G008035
2005,2005-10-02,4,REG,NO,BUF,19,7,False,False,nflverse,12,G008036
2005,2005-10-02,4,REG,NYG,LAR,44,24,False,False,nflverse,20,G008037
2005,2005-10-02,4,REG,TB,DET,17,13,False,False,nflverse,4,G008038
2005,2005-10-02,4,REG,TEN,IND,10,31,False,False,nflverse,-21,G008039
2005,2005-10-02,4,REG,WSH,SEA,20,17,False,True,nflverse,3,G008040
2005,2005-10-02,4,REG,BAL,NYJ,13,3,False,False,nflverse,10,G008041
2005,2005-10-02,4,REG,ATL,MIN,30,10,False,False,nflverse,20,G008042
2005,2005-10-02,4,REG,KC,PHI,31,37,False,False,nflverse,-6,G008043
2005,2005-10-02,4,REG,OAK,DAL,19,13,False,False,nflverse,6,G008044
2005,2005-10-02,4,REG,ARI,SF,31,14,True,False,nflverse,17,G008045
2005,2005-10-03,4,REG,CAR,GB,32,29,False,False,nflverse,3,G008046
2005,2005-10-09,5,REG,ATL,NE,28,31,False,False,nflverse,-3,G008047
2005,2005-10-09,5,REG,BUF,MIA,20,14,False,False,nflverse,6,G008048
2005,2005-10-09,5,REG,CLE,CHI,20,10,False,False,nflverse,10,G008049
2005,2005-10-09,5,REG,DET,BAL,35,17,False,False,nflverse,18,G008050
2005,2005-10-09,5,REG,GB,NO,52,3,False,False,nflverse,49,G008051
2005,2005-10-09,5,REG,HOU,TEN,20,34,False,False,nflverse,-14,G008052
2005,2005-10-09,5,REG,NYJ,TB,14,12,False,False,nflverse,2,G008053
2005,2005-10-09,5,REG,LAR,SEA,31,37,False,False,nflverse,-6,G008054
2005,2005-10-09,5,REG,SF,IND,3,28,False,False,nflverse,-25,G008055
2005,2005-10-09,5,REG,ARI,CAR,20,24,False,False,nflverse,-4,G008056
2005,2005-10-09,5,REG,DAL,PHI,33,10,False,False,nflverse,23,G008057
2005,2005-10-09,5,REG,DEN,WSH,21,19,False,False,nflverse,2,G008058
2005,2005-10-09,5,REG,JAX,CIN,23,20,False,False,nflverse,3,G008059
2005,2005-10-10,5,REG,LAC,PIT,22,24,False,False,nflverse,-2,G008060
2005,2005-10-16,6,REG,BAL,CLE,16,3,False,False,nflverse,13,G008061
2005,2005-10-16,6,REG,CHI,MIN,28,3,False,False,nflverse,25,G008062
2005,2005-10-16,6,REG,DAL,NYG,16,13,False,True,nflverse,3,G008063
2005,2005-10-16,6,REG,DET,CAR,20,21,False,False,nflverse,-1,G008064
2005,2005-10-16,6,REG,KC,WSH,28,21,False,False,nflverse,7,G008065
2005,2005-10-16,6,REG,NO,ATL,31,34,False,False,nflverse,-3,G008066
2005,2005-10-16,6,REG,PIT,JAX,17,23,False,True,nflverse,-6,G008067
2005,2005-10-16,6,REG,TB,MIA,27,13,False,False,nflverse,14,G008068
2005,2005-10-16,6,REG,TEN,CIN,23,31,False,False,nflverse,-8,G008069
2005,2005-10-16,6,REG,BUF,NYJ,27,17,False,False,nflverse,10,G008070
2005,2005-10-16,6,REG,DEN,NE,28,20,False,False,nflverse,8,G008071
2005,2005-10-16,6,REG,OAK,LAC,14,27,False,False,nflverse,-13,G008072
2005,2005-10-16,6,REG,SEA,HOU,42,10,False,False,nflverse,32,G008073
2005,2005-10-17,6,REG,IND,LAR,45,28,False,False,nflverse,17,G008074
2005,2005-10-21,7,REG,MIA,KC,20,30,False,False,nflverse,-10,G008075
2005,2005-10-23,7,REG,CIN,PIT,13,27,False,False,nflverse,-14,G008076
2005,2005-10-23,7,REG,CLE,DET,10,13,False,False,nflverse,-3,G008077
2005,2005-10-23,7,REG,HOU,IND,20,38,False,False,nflverse,-18,G008078
2005,2005-10-23,7,REG,MIN,GB,23,20,False,False,nflverse,3,G008079
2005,2005-10-23,7,REG,PHI,LAC,20,17,False,False,nflverse,3,G008080
2005,2005-10-23,7,REG,LAR,NO,28,17,False,False,nflverse,11,G008081
2005,2005-10-23,7,REG,WSH,SF,52,17,False,False,nflverse,35,G008082
2005,2005-10-23,7,REG,SEA,DAL,13,10,False,False,nflverse,3,G008083
2005,2005-10-23,7,REG,ARI,TEN,20,10,False,False,nflverse,10,G008084
2005,2005-10-23,7,REG,CHI,BAL,10,6,False,False,nflverse,4,G008085
2005,2005-10-23,7,REG,NYG,DEN,24,23,False,False,nflverse,1,G008086
2005,2005-10-23,7,REG,OAK,BUF,38,17,False,False,nflverse,21,G008087
2005,2005-10-24,7,REG,ATL,NYJ,27,14,False,False,nflverse,13,G008088
2005,2005-10-30,8,REG,CAR,MIN,38,13,False,False,nflverse,25,G008089
2005,2005-10-30,8,REG,CIN,GB,21,14,False,False,nflverse,7,G008090
2005,2005-10-30,8,REG,DAL,ARI,34,13,False,False,nflverse,21,G008091
2005,2005-10-30,8,REG,DET,CHI,13,19,False,True,nflverse,-6,G008092
2005,2005-10-30,8,REG,HOU,CLE,19,16,False,False,nflverse,3,G008093
2005,2005-10-30,8,REG,NYG,WSH,36,0,False,False,nflverse,36,G008094
2005,2005-10-30,8,REG,LAR,JAX,24,21,False,False,nflverse,3,G008095
2005,2005-10-30,8,REG,TEN,OAK,25,34,False,False,nflverse,-9,G008096
2005,2005-10-30,8,REG,NO,MIA,6,21,False,False,nflverse,-15,G008097
2005,2005-10-30,8,REG,LAC,KC,28,20,False,False,nflverse,8,G008098
2005,2005-10-30,8,REG,DEN,PHI,49,21,False,False,nflverse,28,G008099
2005,2005-10-30,8,REG,SF,TB,15,10,False,False,nflverse,5,G008100
2005,2005-10-30,8,REG,NE,BUF,21,16,False,False,nflverse,5,G008101
2005,2005-10-31,8,REG,PIT,BAL,20,19,False,False,nflverse,1,G008102
2005,2005-11-06,9,REG,BAL,CIN,9,21,False,False,nflverse,-12,G008103
2005,2005-11-06,9,REG,CLE,TEN,20,14,False,False,nflverse,6,G008104
2005,2005-11-06,9,REG,JAX,HOU,21,14,False,False,nflverse,7,G008105
2005,2005-11-06,9,REG,KC,OAK,27,23,False,False,nflverse,4,G008106
2005,2005-11-06,9,REG,MIA,ATL,10,17,False,False,nflverse,-7,G008107
2005,2005-11-06,9,REG,MIN,DET,27,14,False,False,nflverse,13,G008108
2005,2005-11-06,9,REG,NYJ,LAC,26,31,False,False,nflverse,-5,G008109
2005,2005-11-06,9,REG,TB,CAR,14,34,False,False,nflverse,-20,G008110
2005,2005-11-06,9,REG,ARI,SEA,19,33,False,False,nflverse,-14,G008111
2005,2005-11-06,9,REG,NO,CHI,17,20,False,False,nflverse,-3,G008112
2005,2005-11-06,9,REG,SF,NYG,6,24,False,False,nflverse,-18,G008113
2005,2005-11-06,9,REG,GB,PIT,10,20,False,False,nflverse,-10,G008114
2005,2005-11-06,9,REG,WSH,PHI,17,10,False,False,nflverse,7,G008115
2005,2005-11-07,9,REG,NE,IND,21,40,False,False,nflverse,-19,G008116
2005,2005-11-13,10,REG,BUF,KC,14,3,False,False,nflverse,11,G008117
2005,2005-11-13,10,REG,CHI,SF,17,9,False,False,nflverse,8,G008118
2005,2005-11-13,10,REG,DET,ARI,29,21,False,False,nflverse,8,G008119
2005,2005-11-13,10,REG,IND,HOU,31,17,False,False,nflverse,14,G008120
2005,2005-11-13,10,REG,JAX,BAL,30,3,False,False,nflverse,27,G008121
2005,2005-11-13,10,REG,MIA,NE,16,23,False,False,nflverse,-7,G008122
2005,2005-11-13,10,REG,NYG,MIN,21,24,False,False,nflverse,-3,G008123
2005,2005-11-13,10,REG,CAR,NYJ,30,3,False,False,nflverse,27,G008124
2005,2005-11-13,10,REG,OAK,DEN,17,31,False,False,nflverse,-14,G008125
2005,2005-11-13,10,REG,ATL,GB,25,33,False,False,nflverse,-8,G008126
2005,2005-11-13,10,REG,SEA,LAR,31,16,False,False,nflverse,15,G008127
2005,2005-11-13,10,REG,TB,WSH,36,35,False,False,nflverse,1,G008128
2005,2005-11-13,10,REG,PIT,CLE,34,21,False,False,nflverse,13,G008129
2005,2005-11-14,10,REG,PHI,DAL,20,21,False,False,nflverse,-1,G008130
2005,2005-11-20,11,REG,ATL,TB,27,30,False,False,nflverse,-3,G008131
2005,2005-11-20,11,REG,BAL,PIT,16,13,False,True,nflverse,3,G008132
2005,2005-11-20,11,REG,CHI,CAR,13,3,False,False,nflverse,10,G008133
2005,2005-11-20,11,REG,CLE,MIA,22,0,False,False,nflverse,22,G008134
2005,2005-11-20,11,REG,DAL,DET,20,7,False,False,nflverse,13,G008135
2005,2005-11-20,11,REG,NE,NO,24,17,False,False,nflverse,7,G008136
2005,2005-11-20,11,REG,NYG,PHI,27,17,False,False,nflverse,10,G008137
2005,2005-11-20,11,REG,LAR,ARI,28,38,False,False,nflverse,-10,G008138
2005,2005-11-20,11,REG,TEN,JAX,28,31,False,False,nflverse,-3,G008139
2005,2005-11-20,11,REG,WSH,OAK,13,16,False,False,nflverse,-3,G008140
2005,2005-11-20,11,REG,SF,SEA,25,27,False,False,nflverse,-2,G008141
2005,2005-11-20,11,REG,CIN,IND,37,45,False,False,nflverse,-8,G008142
2005,2005-11-20,11,REG,DEN,NYJ,27,0,False,False,nflverse,27,G008143
2005,2005-11-20,11,REG,LAC,BUF,48,10,False,False,nflverse,38,G008144
2005,2005-11-20,11,REG,HOU,KC,17,45,False,False,nflverse,-28,G008145
2005,2005-11-21,11,REG,GB,MIN,17,20,False,False,nflverse,-3,G008146
2005,2005-11-24,12,REG,DET,ATL,7,27,False,False,nflverse,-20,G008147
2005,2005-11-24,12,REG,DAL,DEN,21,24,False,True,nflverse,-3,G008148
2005,2005-11-27,12,REG,BUF,CAR,9,13,False,False,nflverse,-4,G008149
2005,2005-11-27,12,REG,CIN,BAL,42,29,False,False,nflverse,13,G008150
2005,2005-11-27,12,REG,HOU,LAR,27,33,False,True,nflverse,-6,G008151
2005,2005-11-27,12,REG,KC,NE,26,16,False,False,nflverse,10,G008152
2005,2005-11-27,12,REG,MIN,CLE,24,12,False,False,nflverse,12,G008153
2005,2005-11-27,12,REG,TB,CHI,10,13,False,False,nflverse,-3,G008154
2005,2005-11-27,12,REG,TEN,SF,33,22,False,False,nflverse,11,G008155
2005,2005-11-27,12,REG,WSH,LAC,17,23,False,True,nflverse,-6,G008156
2005,2005-11-27,12,REG,ARI,JAX,17,24,False,False,nflverse,-7,G008157
2005,2005-11-27,12,REG,OAK,MIA,21,33,False,False,nflverse,-12,G008158
2005,2005-11-27,12,REG,PHI,GB,19,14,False,False,nflverse,5,G008159
2005,2005-11-27,12,REG,SEA,NYG,24,21,False,True,nflverse,3,G008160
2005,2005-11-27,12,REG,NYJ,NO,19,21,False,False,nflverse,-2,G008161
2005,2005-11-28,12,REG,IND,PIT,26,7,False,False,nflverse,19,G008162
2005,2005-12-04,13,REG,BAL,HOU,16,15,False,False,nflverse,1,G008163
2005,2005-12-04,13,REG,CAR,ATL,24,6,False,False,nflverse,18,G008164
2005,2005-12-04,13,REG,CHI,GB,19,7,False,False,nflverse,12,G008165
2005,2005-12-04,13,REG,CLE,JAX,14,20,False,False,nflverse,-6,G008166
2005,2005-12-04,13,REG,DET,MIN,16,21,False,False,nflverse,-5,G008167
2005,2005-12-04,13,REG,IND,TEN,35,3,False,False,nflverse,32,G008168
2005,2005-12-04,13,REG,MIA,BUF,24,23,False,False,nflverse,1,G008169
2005,2005-12-04,13,REG,NO,TB,3,10,False,False,nflverse,-7,G008170
2005,2005-12-04,13,REG,NYG,DAL,17,10,False,False,nflverse,7,G008171
2005,2005-12-04,13,REG,PIT,CIN,31,38,False,False,nflverse,-7,G008172
2005,2005-12-04,13,REG,SF,ARI,10,17,False,False,nflverse,-7,G008173
2005,2005-12-04,13,REG,LAR,WSH,9,24,False,False,nflverse,-15,G008174
2005,2005-12-04,13,REG,KC,DEN,31,27,False,False,nflverse,4,G008175
2005,2005-12-04,13,REG,NE,NYJ,16,3,False,False,nflverse,13,G008176
2005,2005-12-04,13,REG,LAC,OAK,34,10,False,False,nflverse,24,G008177
2005,2005-12-05,13,REG,PHI,SEA,0,42,False,False,nflverse,-42,G008178
2005,2005-12-11,14,REG,BUF,NE,7,35,False,False,nflverse,-28,G008179
2005,2005-12-11,14,REG,CAR,TB,10,20,False,False,nflverse,-10,G008180
2005,2005-12-11,14,REG,CIN,CLE,23,20,False,False,nflverse,3,G008181
2005,2005-12-11,14,REG,JAX,IND,18,26,False,False,nflverse,-8,G008182
2005,2005-12-11,14,REG,MIN,LAR,27,13,False,False,nflverse,14,G008183
2005,2005-12-11,14,REG,NYJ,OAK,26,10,False,False,nflverse,16,G008184
2005,2005-12-11,14,REG,PIT,CHI,21,9,False,False,nflverse,12,G008185
2005,2005-12-11,14,REG,TEN,HOU,13,10,False,False,nflverse,3,G008186
2005,2005-12-11,14,REG,ARI,WSH,13,17,False,False,nflverse,-4,G008187
2005,2005-12-11,14,REG,PHI,NYG,23,26,False,True,nflverse,-3,G008188
2005,2005-12-11,14,REG,SEA,SF,41,3,False,False,nflverse,38,G008189
2005,2005-12-11,14,REG,DAL,KC,31,28,False,False,nflverse,3,G008190
2005,2005-12-11,14,REG,DEN,BAL,12,10,False,False,nflverse,2,G008191
2005,2005-12-11,14,REG,LAC,MIA,21,23,False,False,nflverse,-2,G008192
2005,2005-12-11,14,REG,GB,DET,16,13,False,True,nflverse,3,G008193
2005,2005-12-12,14,REG,ATL,NO,36,17,False,False,nflverse,19,G008194
2005,2005-12-17,15,REG,NE,TB,28,0,False,False,nflverse,28,G008195
2005,2005-12-17,15,REG,NYG,KC,27,17,False,False,nflverse,10,G008196
2005,2005-12-17,15,REG,BUF,DEN,17,28,False,False,nflverse,-11,G008197
2005,2005-12-18,15,REG,HOU,ARI,30,19,False,False,nflverse,11,G008198
2005,2005-12-18,15,REG,IND,LAC,17,26,False,False,nflverse,-9,G008199
2005,2005-12-18,15,REG,JAX,SF,10,9,False,False,nflverse,1,G008200
2005,2005-12-18,15,REG,MIA,NYJ,24,20,False,False,nflverse,4,G008201
2005,2005-12-18,15,REG,MIN,PIT,3,18,False,False,nflverse,-15,G008202
2005,2005-12-18,15,REG,NO,CAR,10,27,False,False,nflverse,-17,G008203
2005,2005-12-18,15,REG,LAR,PHI,16,17,False,False,nflverse,-1,G008204
2005,2005-12-18,15,REG,TEN,SEA,24,28,False,False,nflverse,-4,G008205
2005,2005-12-18,15,REG,DET,CIN,17,41,False,False,nflverse,-24,G008206
2005,2005-12-18,15,REG,OAK,CLE,7,9,False,False,nflverse,-2,G008207
2005,2005-12-18,15,REG,WSH,DAL,35,7,False,False,nflverse,28,G008208
2005,2005-12-18,15,REG,CHI,ATL,16,3,False,False,nflverse,13,G008209
2005,2005-12-19,15,REG,BAL,GB,48,3,False,False,nflverse,45,G008210
2005,2005-12-24,16,REG,CAR,DAL,20,24,False,False,nflverse,-4,G008211
2005,2005-12-24,16,REG,CIN,BUF,27,37,False,False,nflverse,-10,G008212
2005,2005-12-24,16,REG,CLE,PIT,0,41,False,False,nflverse,-41,G008213
2005,2005-12-24,16,REG,HOU,JAX,20,38,False,False,nflverse,-18,G008214
2005,2005-12-24,16,REG,KC,LAC,20,7,False,False,nflverse,13,G008215
2005,2005-12-24,16,REG,MIA,TEN,24,10,False,False,nflverse,14,G008216
2005,2005-12-24,16,REG,NO,DET,12,13,False,False,nflverse,-1,G008217
2005,2005-12-24,16,REG,LAR,SF,20,24,False,False,nflverse,-4,G008218
2005,2005-12-24,16,REG,TB,ATL,27,24,False,True,nflverse,3,G008219
2005,2005-12-24,16,REG,WSH,NYG,35,20,False,False,nflverse,15,G008220
2005,2005-12-24,16,REG,ARI,PHI,27,21,False,False,nflverse,6,G008221
2005,2005-12-24,16,REG,DEN,OAK,22,3,False,False,nflverse,19,G008222
2005,2005-12-24,16,REG,SEA,IND,28,13,False,False,nflverse,15,G008223
2005,2005-12-25,16,REG,GB,CHI,17,24,False,False,nflverse,-7,G008224
2005,2005-12-25,16,REG,BAL,MIN,30,23,False,False,nflverse,7,G008225
2005,2005-12-26,16,REG,NYJ,NE,21,31,False,False,nflverse,-10,G008226
2005,2005-12-31,17,REG,LAC,DEN,7,23,False,False,nflverse,-16,G008227
2005,2005-12-31,17,REG,OAK,NYG,21,30,False,False,nflverse,-9,G008228
2005,2006-01-01,17,REG,ATL,CAR,11,44,False,False,nflverse,-33,G008229
2005,2006-01-01,17,REG,CLE,BAL,20,16,False,False,nflverse,4,G008230
2005,2006-01-01,17,REG,GB,SEA,23,17,False,False,nflverse,6,G008231
2005,2006-01-01,17,REG,IND,ARI,17,13,False,False,nflverse,4,G008232
2005,2006-01-01,17,REG,KC,CIN,37,3,False,False,nflverse,34,G008233
2005,2006-01-01,17,REG,NE,MIA,26,28,False,False,nflverse,-2,G008234
2005,2006-01-01,17,REG,NYJ,BUF,30,26,False,False,nflverse,4,G008235
2005,2006-01-01,17,REG,PIT,DET,35,21,False,False,nflverse,14,G008236
2005,2006-01-01,17,REG,TB,NO,27,13,False,False,nflverse,14,G008237
2005,2006-01-01,17,REG,JAX,TEN,40,13,False,False,nflverse,27,G008238
2005,2006-01-01,17,REG,SF,HOU,20,17,False,True,nflverse,3,G008239
2005,2006-01-01,17,REG,MIN,CHI,34,10,False,False,nflverse,24,G008240
2005,2006-01-01,17,REG,PHI,WSH,20,31,False,False,nflverse,-11,G008241
2005,2006-01-01,17,REG,DAL,LAR,10,20,False,False,nflverse,-10,G008242
2005,2006-01-07,18,WC,TB,WSH,10,17,False,False,nflverse,-7,G008243
2005,2006-01-07,18,WC,NE,JAX,28,3,False,False,nflverse,25,G008244
2005,2006-01-08,18,WC,NYG,CAR,0,23,False,False,nflverse,-23,G008245
2005,2006-01-08,18,WC,CIN,PIT,17,31,False,False,nflverse,-14,G008246
2005,2006-01-14,19,DIV,SEA,WSH,20,10,False,False,nflverse,10,G008247
2005,2006-01-14,19,DIV,DEN,NE,27,13,False,False,nflverse,14,G008248
2005,2006-01-15,19,DIV,IND,PIT,18,21,False,False,nflverse,-3,G008249
2005,2006-01-15,19,DIV,CHI,CAR,21,29,False,False,nflverse,-8,G008250
2005,2006-01-22,20,CON,DEN,PIT,17,34,False,False,nflverse,-17,G008251
2005,2006-01-22,20,CON,SEA,CAR,34,14,False,False,nflverse,20,G008252
2005,2006-02-05,21,SB,PIT,SEA,21,10,True,False,nflverse,11,G008253
2006,2006-09-07,1,REG,PIT,MIA,28,17,False,False,nflverse,11,G008254
2006,2006-09-10,1,REG,CAR,ATL,6,20,False,False,nflverse,-14,G008255
2006,2006-09-10,1,REG,CLE,NO,14,19,False,False,nflverse,-5,G008256
2006,2006-09-10,1,REG,DET,SEA,6,9,False,False,nflverse,-3,G008257
2006,2006-09-10,1,REG,HOU,PHI,10,24,False,False,nflverse,-14,G008258
2006,2006-09-10,1,REG,KC,CIN,10,23,False,False,nflverse,-13,G008259
2006,2006-09-10,1,REG,NE,BUF,19,17,False,False,nflverse,2,G008260
2006,2006-09-10,1,REG,LAR,DEN,18,10,False,False,nflverse,8,G008261
2006,2006-09-10,1,REG,TB,BAL,0,27,False,False,nflverse,-27,G008262
2006,2006-09-10,1,REG,TEN,NYJ,16,23,False,False,nflverse,-7,G008263
2006,2006-09-10,1,REG,ARI,SF,34,27,False,False,nflverse,7,G008264
2006,2006-09-10,1,REG,GB,CHI,0,26,False,False,nflverse,-26,G008265
2006,2006-09-10,1,REG,JAX,DAL,24,17,False,False,nflverse,7,G008266
2006,2006-09-10,1,REG,NYG,IND,21,26,False,False,nflverse,-5,G008267
2006,2006-09-11,1,REG,WSH,MIN,16,19,False,False,nflverse,-3,G008268
2006,2006-09-11,1,REG,OAK,LAC,0,27,False,False,nflverse,-27,G008269
2006,2006-09-17,2,REG,ATL,TB,14,3,False,False,nflverse,11,G008270
2006,2006-09-17,2,REG,BAL,OAK,28,6,False,False,nflverse,22,G008271
2006,2006-09-17,2,REG,CHI,DET,34,7,False,False,nflverse,27,G008272
2006,2006-09-17,2,REG,CIN,CLE,34,17,False,False,nflverse,17,G008273
2006,2006-09-17,2,REG,GB,NO,27,34,False,False,nflverse,-7,G008274
2006,2006-09-17,2,REG,IND,HOU,43,24,False,False,nflverse,19,G008275
2006,2006-09-17,2,REG,MIA,BUF,6,16,False,False,nflverse,-10,G008276
2006,2006-09-17,2,REG,MIN,CAR,16,13,False,True,nflverse,3,G008277
2006,2006-09-17,2,REG,PHI,NYG,24,30,False,True,nflverse,-6,G008278
2006,2006-09-17,2,REG,SEA,ARI,21,10,False,False,nflverse,11,G008279
2006,2006-09-17,2,REG,SF,LAR,20,13,False,False,nflverse,7,G008280
2006,2006-09-17,2,REG,DEN,KC,9,6,False,True,nflverse,3,G008281
2006,2006-09-17,2,REG,NYJ,NE,17,24,False,False,nflverse,-7,G008282
2006,2006-09-17,2,REG,LAC,TEN,40,7,False,False,nflverse,33,G008283
2006,2006-09-17,2,REG,DAL,WSH,27,10,False,False,nflverse,17,G008284
2006,2006-09-18,2,REG,JAX,PIT,9,0,False,False,nflverse,9,G008285
2006,2006-09-24,3,REG,BUF,NYJ,20,28,False,False,nflverse,-8,G008286
2006,2006-09-24,3,REG,DET,GB,24,31,False,False,nflverse,-7,G008287
2006,2006-09-24,3,REG,HOU,WSH,15,31,False,False,nflverse,-16,G008288
2006,2006-09-24,3,REG,IND,JAX,21,14,False,False,nflverse,7,G008289
2006,2006-09-24,3,REG,MIA,TEN,13,10,False,False,nflverse,3,G008290
2006,2006-09-24,3,REG,MIN,CHI,16,19,False,False,nflverse,-3,G008291
2006,2006-09-24,3,REG,PIT,CIN,20,28,False,False,nflverse,-8,G008292
2006,2006-09-24,3,REG,TB,CAR,24,26,False,False,nflverse,-2,G008293
2006,2006-09-24,3,REG,CLE,BAL,14,15,False,False,nflverse,-1,G008294
2006,2006-09-24,3,REG,ARI,LAR,14,16,False,False,nflverse,-2,G008295
2006,2006-09-24,3,REG,SEA,NYG,42,30,False,False,nflverse,12,G008296
2006,2006-09-24,3,REG,SF,PHI,24,38,False,False,nflverse,-14,G008297
2006,2006-09-24,3,REG,NE,DEN,7,17,False,False,nflverse,-10,G008298
2006,2006-09-25,3,REG,NO,ATL,23,3,False,False,nflverse,20,G008299
2006,2006-10-01,4,REG,ATL,ARI,32,10,False,False,nflverse,22,G008300
2006,2006-10-01,4,REG,BAL,LAC,16,13,False,False,nflverse,3,G008301
2006,2006-10-01,4,REG,BUF,MIN,17,12,False,False,nflverse,5,G008302
2006,2006-10-01,4,REG,CAR,NO,21,18,False,False,nflverse,3,G008303
2006,2006-10-01,4,REG,HOU,MIA,17,15,False,False,nflverse,2,G008304
2006,2006-10-01,4,REG,KC,SF,41,0,False,False,nflverse,41,G008305
2006,2006-10-01,4,REG,NYJ,IND,28,31,False,False,nflverse,-3,G008306
2006,2006-10-01,4,REG,TEN,DAL,14,45,False,False,nflverse,-31,G008307
2006,2006-10-01,4,REG,LAR,DET,41,34,False,False,nflverse,7,G008308
2006,2006-10-01,4,REG,CIN,NE,13,38,False,False,nflverse,-25,G008309
2006,2006-10-01,4,REG,OAK,CLE,21,24,False,False,nflverse,-3,G008310
2006,2006-10-01,4,REG,WSH,JAX,36,30,False,True,nflverse,6,G008311
2006,2006-10-01,4,REG,CHI,SEA,37,6,False,False,nflverse,31,G008312
2006,2006-10-02,4,REG,PHI,GB,31,9,False,False,nflverse,22,G008313
2006,2006-10-08,5,REG,CAR,CLE,20,12,False,False,nflverse,8,G008314
2006,2006-10-08,5,REG,CHI,BUF,40,7,False,False,nflverse,33,G008315
2006,2006-10-08,5,REG,GB,LAR,20,23,False,False,nflverse,-3,G008316
2006,2006-10-08,5,REG,IND,TEN,14,13,False,False,nflverse,1,G008317
2006,2006-10-08,5,REG,MIN,DET,26,17,False,False,nflverse,9,G008318
2006,2006-10-08,5,REG,NE,MIA,20,10,False,False,nflverse,10,G008319
2006,2006-10-08,5,REG,NO,TB,24,21,False,False,nflverse,3,G008320
2006,2006-10-08,5,REG,NYG,WSH,19,3,False,False,nflverse,16,G008321
2006,2006-10-08,5,REG,ARI,KC,20,23,False,False,nflverse,-3,G008322
2006,2006-10-08,5,REG,JAX,NYJ,41,0,False,False,nflverse,41,G008323
2006,2006-10-08,5,REG,SF,OAK,34,20,False,False,nflverse,14,G008324
2006,2006-10-08,5,REG,PHI,DAL,38,24,False,False,nflverse,14,G008325
2006,2006-10-08,5,REG,LAC,PIT,23,13,False,False,nflverse,10,G008326
2006,2006-10-09,5,REG,DEN,BAL,13,3,False,False,nflverse,10,G008327
2006,2006-10-15,6,REG,ATL,NYG,14,27,False,False,nflverse,-13,G008328
2006,2006-10-15,6,REG,BAL,CAR,21,23,False,False,nflverse,-2,G008329
2006,2006-10-15,6,REG,DAL,HOU,34,6,False,False,nflverse,28,G008330
2006,2006-10-15,6,REG,DET,BUF,20,17,False,False,nflverse,3,G008331
2006,2006-10-15,6,REG,NO,PHI,27,24,False,False,nflverse,3,G008332
2006,2006-10-15,6,REG,LAR,SEA,28,30,False,False,nflverse,-2,G008333
2006,2006-10-15,6,REG,TB,CIN,14,13,False,False,nflverse,1,G008334
2006,2006-10-15,6,REG,WSH,TEN,22,25,False,False,nflverse,-3,G008335
2006,2006-10-15,6,REG,NYJ,MIA,20,17,False,False,nflverse,3,G008336
2006,2006-10-15,6,REG,PIT,KC,45,7,False,False,nflverse,38,G008337
2006,2006-10-15,6,REG,SF,LAC,19,48,False,False,nflverse,-29,G008338
2006,2006-10-15,6,REG,DEN,OAK,13,3,False,False,nflverse,10,G008339
2006,2006-10-16,6,REG,ARI,CHI,23,24,False,False,nflverse,-1,G008340
2006,2006-10-22,7,REG,ATL,PIT,41,38,False,True,nflverse,3,G008341
2006,2006-10-22,7,REG,BUF,NE,6,28,False,False,nflverse,-22,G008342
2006,2006-10-22,7,REG,CIN,CAR,17,14,False,False,nflverse,3,G008343
2006,2006-10-22,7,REG,HOU,JAX,27,7,False,False,nflverse,20,G008344
2006,2006-10-22,7,REG,KC,LAC,30,27,False,False,nflverse,3,G008345
2006,2006-10-22,7,REG,MIA,GB,24,34,False,False,nflverse,-10,G008346
2006,2006-10-22,7,REG,NYJ,DET,31,24,False,False,nflverse,7,G008347
2006,2006-10-22,7,REG,TB,PHI,23,21,False,False,nflverse,2,G008348
2006,2006-10-22,7,REG,CLE,DEN,7,17,False,False,nflverse,-10,G008349
2006,2006-10-22,7,REG,IND,WSH,36,22,False,False,nflverse,14,G008350
2006,2006-10-22,7,REG,OAK,ARI,22,9,False,False,nflverse,13,G008351
2006,2006-10-22,7,REG,SEA,MIN,13,31,False,False,nflverse,-18,G008352
2006,2006-10-23,7,REG,DAL,NYG,22,36,False,False,nflverse,-14,G008353
2006,2006-10-29,8,REG,CHI,SF,41,10,False,False,nflverse,31,G008354
2006,2006-10-29,8,REG,CIN,ATL,27,29,False,False,nflverse,-2,G008355
2006,2006-10-29,8,REG,GB,ARI,31,14,False,False,nflverse,17,G008356
2006,2006-10-29,8,REG,KC,SEA,35,28,False,False,nflverse,7,G008357
2006,2006-10-29,8,REG,NO,BAL,22,35,False,False,nflverse,-13,G008358
2006,2006-10-29,8,REG,NYG,TB,17,3,False,False,nflverse,14,G008359
2006,2006-10-29,8,REG,PHI,JAX,6,13,False,False,nflverse,-7,G008360
2006,2006-10-29,8,REG,TEN,HOU,28,22,False,False,nflverse,6,G008361
2006,2006-10-29,8,REG,LAC,LAR,38,24,False,False,nflverse,14,G008362
2006,2006-10-29,8,REG,CLE,NYJ,20,13,False,False,nflverse,7,G008363
2006,2006-10-29,8,REG,DEN,IND,31,34,False,False,nflverse,-3,G008364
2006,2006-10-29,8,REG,OAK,PIT,20,13,False,False,nflverse,7,G008365
2006,2006-10-29,8,REG,CAR,DAL,14,35,False,False,nflverse,-21,G008366
2006,2006-10-30,8,REG,MIN,NE,7,31,False,False,nflverse,-24,G008367
2006,2006-11-05,9,REG,BAL,CIN,26,20,False,False,nflverse,6,G008368
2006,2006-11-05,9,REG,BUF,GB,24,10,False,False,nflverse,14,G008369
2006,2006-11-05,9,REG,CHI,MIA,13,31,False,False,nflverse,-18,G008370
2006,2006-11-05,9,REG,DET,ATL,30,14,False,False,nflverse,16,G008371
2006,2006-11-05,9,REG,JAX,TEN,37,7,False,False,nflverse,30,G008372
2006,2006-11-05,9,REG,NYG,HOU,14,10,False,False,nflverse,4,G008373
2006,2006-11-05,9,REG,LAR,KC,17,31,False,False,nflverse,-14,G008374
2006,2006-11-05,9,REG,TB,NO,14,31,False,False,nflverse,-17,G008375
2006,2006-11-05,9,REG,WSH,DAL,22,19,False,False,nflverse,3,G008376
2006,2006-11-05,9,REG,SF,MIN,9,3,False,False,nflverse,6,G008377
2006,2006-11-05,9,REG,PIT,DEN,20,31,False,False,nflverse,-11,G008378
2006,2006-11-05,9,REG,LAC,CLE,32,25,False,False,nflverse,7,G008379
2006,2006-11-05,9,REG,NE,IND,20,27,False,False,nflverse,-7,G008380
2006,2006-11-06,9,REG,SEA,OAK,16,0,False,False,nflverse,16,G008381
2006,2006-11-12,10,REG,ATL,CLE,13,17,False,False,nflverse,-4,G008382
2006,2006-11-12,10,REG,CIN,LAC,41,49,False,False,nflverse,-8,G008383
2006,2006-11-12,10,REG,DET,SF,13,19,False,False,nflverse,-6,G008384
2006,2006-11-12,10,REG,IND,BUF,17,16,False,False,nflverse,1,G008385
2006,2006-11-12,10,REG,JAX,HOU,10,13,False,False,nflverse,-3,G008386
2006,2006-11-12,10,REG,MIA,KC,13,10,False,False,nflverse,3,G008387
2006,2006-11-12,10,REG,MIN,GB,17,23,False,False,nflverse,-6,G008388
2006,2006-11-12,10,REG,NE,NYJ,14,17,False,False,nflverse,-3,G008389
2006,2006-11-12,10,REG,PHI,WSH,27,3,False,False,nflverse,24,G008390
2006,2006-11-12,10,REG,TEN,BAL,26,27,False,False,nflverse,-1,G008391
2006,2006-11-12,10,REG,OAK,DEN,13,17,False,False,nflverse,-4,G008392
2006,2006-11-12,10,REG,ARI,DAL,10,27,False,False,nflverse,-17,G008393
2006,2006-11-12,10,REG,PIT,NO,38,31,False,False,nflverse,7,G008394
2006,2006-11-12,10,REG,SEA,LAR,24,22,False,False,nflverse,2,G008395
2006,2006-11-12,10,REG,NYG,CHI,20,38,False,False,nflverse,-18,G008396
2006,2006-11-13,10,REG,CAR,TB,24,10,False,False,nflverse,14,G008397
2006,2006-11-19,11,REG,BAL,ATL,24,10,False,False,nflverse,14,G008398
2006,2006-11-19,11,REG,CAR,LAR,15,0,False,False,nflverse,15,G008399
2006,2006-11-19,11,REG,CLE,PIT,20,24,False,False,nflverse,-4,G008400
2006,2006-11-19,11,REG,GB,NE,0,35,False,False,nflverse,-35,G008401
2006,2006-11-19,11,REG,HOU,BUF,21,24,False,False,nflverse,-3,G008402
2006,2006-11-19,11,REG,KC,OAK,17,13,False,False,nflverse,4,G008403
2006,2006-11-19,11,REG,MIA,MIN,24,20,False,False,nflverse,4,G008404
2006,2006-11-19,11,REG,NO,CIN,16,31,False,False,nflverse,-15,G008405
2006,2006-11-19,11,REG,NYJ,CHI,0,10,False,False,nflverse,-10,G008406
2006,2006-11-19,11,REG,PHI,TEN,13,31,False,False,nflverse,-18,G008407
2006,2006-11-19,11,REG,TB,WSH,20,17,False,False,nflverse,3,G008408
2006,2006-11-19,11,REG,ARI,DET,17,10,False,False,nflverse,7,G008409
2006,2006-11-19,11,REG,SF,SEA,20,14,False,False,nflverse,6,G008410
2006,2006-11-19,11,REG,DAL,IND,21,14,False,False,nflverse,7,G008411
2006,2006-11-19,11,REG,DEN,LAC,27,35,False,False,nflverse,-8,G008412
2006,2006-11-20,11,REG,JAX,NYG,26,10,False,False,nflverse,16,G008413
2006,2006-11-23,12,REG,DET,MIA,10,27,False,False,nflverse,-17,G008414
2006,2006-11-23,12,REG,DAL,TB,38,10,False,False,nflverse,28,G008415
2006,2006-11-23,12,REG,KC,DEN,19,10,False,False,nflverse,9,G008416
2006,2006-11-26,12,REG,ATL,NO,13,31,False,False,nflverse,-18,G008417
2006,2006-11-26,12,REG,BAL,PIT,27,0,False,False,nflverse,27,G008418
2006,2006-11-26,12,REG,BUF,JAX,27,24,False,False,nflverse,3,G008419
2006,2006-11-26,12,REG,CLE,CIN,0,30,False,False,nflverse,-30,G008420
2006,2006-11-26,12,REG,MIN,ARI,31,26,False,False,nflverse,5,G008421
2006,2006-11-26,12,REG,NYJ,HOU,26,11,False,False,nflverse,15,G008422
2006,2006-11-26,12,REG,LAR,SF,20,17,False,False,nflverse,3,G008423
2006,2006-11-26,12,REG,WSH,CAR,17,13,False,False,nflverse,4,G008424
2006,2006-11-26,12,REG,LAC,OAK,21,14,False,False,nflverse,7,G008425
2006,2006-11-26,12,REG,NE,CHI,17,13,False,False,nflverse,4,G008426
2006,2006-11-26,12,REG,TEN,NYG,24,21,False,False,nflverse,3,G008427
2006,2006-11-26,12,REG,IND,PHI,45,21,False,False,nflverse,24,G008428
2006,2006-11-27,12,REG,SEA,GB,34,24,False,False,nflverse,10,G008429
2006,2006-11-30,13,REG,CIN,BAL,13,7,False,False,nflverse,6,G008430
2006,2006-12-03,13,REG,BUF,LAC,21,24,False,False,nflverse,-3,G008431
2006,2006-12-03,13,REG,CHI,MIN,23,13,False,False,nflverse,10,G008432
2006,2006-12-03,13,REG,CLE,KC,31,28,False,True,nflverse,3,G008433
2006,2006-12-03,13,REG,GB,NYJ,10,38,False,False,nflverse,-28,G008434
2006,2006-12-03,13,REG,NE,DET,28,21,False,False,nflverse,7,G008435
2006,2006-12-03,13,REG,NO,SF,34,10,False,False,nflverse,24,G008436
2006,2006-12-03,13,REG,LAR,ARI,20,34,False,False,nflverse,-14,G008437
2006,2006-12-03,13,REG,TEN,IND,20,17,False,False,nflverse,3,G008438
2006,2006-12-03,13,REG,WSH,ATL,14,24,False,False,nflverse,-10,G008439
2006,2006-12-03,13,REG,MIA,JAX,10,24,False,False,nflverse,-14,G008440
2006,2006-12-03,13,REG,OAK,HOU,14,23,False,False,nflverse,-9,G008441
2006,2006-12-03,13,REG,NYG,DAL,20,23,False,False,nflverse,-3,G008442
2006,2006-12-03,13,REG,PIT,TB,20,3,False,False,nflverse,17,G008443
2006,2006-12-03,13,REG,DEN,SEA,20,23,False,False,nflverse,-3,G008444
2006,2006-12-04,13,REG,PHI,CAR,27,24,False,False,nflverse,3,G008445
2006,2006-12-07,14,REG,PIT,CLE,27,7,False,False,nflverse,20,G008446
2006,2006-12-10,14,REG,CAR,NYG,13,27,False,False,nflverse,-14,G008447
2006,2006-12-10,14,REG,CIN,OAK,27,10,False,False,nflverse,17,G008448
2006,2006-12-10,14,REG,DET,MIN,20,30,False,False,nflverse,-10,G008449
2006,2006-12-10,14,REG,HOU,TEN,20,26,False,True,nflverse,-6,G008450
2006,2006-12-10,14,REG,JAX,IND,44,17,False,False,nflverse,27,G008451
2006,2006-12-10,14,REG,KC,BAL,10,20,False,False,nflverse,-10,G008452
2006,2006-12-10,14,REG,MIA,NE,21,0,False,False,nflverse,21,G008453
2006,2006-12-10,14,REG,TB,ATL,6,17,False,False,nflverse,-11,G008454
2006,2006-12-10,14,REG,WSH,PHI,19,21,False,False,nflverse,-2,G008455
2006,2006-12-10,14,REG,ARI,SEA,27,21,False,False,nflverse,6,G008456
2006,2006-12-10,14,REG,SF,GB,19,30,False,False,nflverse,-11,G008457
2006,2006-12-10,14,REG,NYJ,BUF,13,31,False,False,nflverse,-18,G008458
2006,2006-12-10,14,REG,LAC,DEN,48,20,False,False,nflverse,28,G008459
2006,2006-12-10,14,REG,DAL,NO,17,42,False,False,nflverse,-25,G008460
2006,2006-12-11,14,REG,LAR,CHI,27,42,False,False,nflverse,-15,G008461
2006,2006-12-14,15,REG,SEA,SF,14,24,False,False,nflverse,-10,G008462
2006,2006-12-16,15,REG,ATL,DAL,28,38,False,False,nflverse,-10,G008463
2006,2006-12-17,15,REG,BAL,CLE,27,17,False,False,nflverse,10,G008464
2006,2006-12-17,15,REG,BUF,MIA,21,0,False,False,nflverse,21,G008465
2006,2006-12-17,15,REG,CAR,PIT,3,37,False,False,nflverse,-34,G008466
2006,2006-12-17,15,REG,CHI,TB,34,31,False,True,nflverse,3,G008467
2006,2006-12-17,15,REG,GB,DET,17,9,False,False,nflverse,8,G008468
2006,2006-12-17,15,REG,MIN,NYJ,13,26,False,False,nflverse,-13,G008469
2006,2006-12-17,15,REG,NE,HOU,40,7,False,False,nflverse,33,G008470
2006,2006-12-17,15,REG,NO,WSH,10,16,False,False,nflverse,-6,G008471
2006,2006-12-17,15,REG,TEN,JAX,24,17,False,False,nflverse,7,G008472
2006,2006-12-17,15,REG,ARI,DEN,20,37,False,False,nflverse,-17,G008473
2006,2006-12-17,15,REG,NYG,PHI,22,36,False,False,nflverse,-14,G008474
2006,2006-12-17,15,REG,OAK,LAR,0,20,False,False,nflverse,-20,G008475
2006,2006-12-17,15,REG,LAC,KC,20,9,False,False,nflverse,11,G008476
2006,2006-12-18,15,REG,IND,CIN,34,16,False,False,nflverse,18,G008477
2006,2006-12-21,16,REG,GB,MIN,9,7,False,False,nflverse,2,G008478
2006,2006-12-23,16,REG,OAK,KC,9,20,False,False,nflverse,-11,G008479
2006,2006-12-24,16,REG,ATL,CAR,3,10,False,False,nflverse,-7,G008480
2006,2006-12-24,16,REG,BUF,TEN,29,30,False,False,nflverse,-1,G008481
2006,2006-12-24,16,REG,CLE,TB,7,22,False,False,nflverse,-15,G008482
2006,2006-12-24,16,REG,DET,CHI,21,26,False,False,nflverse,-5,G008483
2006,2006-12-24,16,REG,HOU,IND,27,24,False,False,nflverse,3,G008484
2006,2006-12-24,16,REG,JAX,NE,21,24,False,False,nflverse,-3,G008485
2006,2006-12-24,16,REG,NYG,NO,7,30,False,False,nflverse,-23,G008486
2006,2006-12-24,16,REG,PIT,BAL,7,31,False,False,nflverse,-24,G008487
2006,2006-12-24,16,REG,LAR,WSH,37,31,False,True,nflverse,6,G008488
2006,2006-12-24,16,REG,SF,ARI,20,26,False,False,nflverse,-6,G008489
2006,2006-12-24,16,REG,DEN,CIN,24,23,False,False,nflverse,1,G008490
2006,2006-12-24,16,REG,SEA,LAC,17,20,False,False,nflverse,-3,G008491
2006,2006-12-25,16,REG,DAL,PHI,7,23,False,False,nflverse,-16,G008492
2006,2006-12-25,16,REG,MIA,NYJ,10,13,False,False,nflverse,-3,G008493
2006,2006-12-30,17,REG,WSH,NYG,28,34,False,False,nflverse,-6,G008494
2006,2006-12-31,17,REG,CIN,PIT,17,23,False,True,nflverse,-6,G008495
2006,2006-12-31,17,REG,DAL,DET,31,39,False,False,nflverse,-8,G008496
2006,2006-12-31,17,REG,HOU,CLE,14,6,False,False,nflverse,8,G008497
2006,2006-12-31,17,REG,KC,JAX,35,30,False,False,nflverse,5,G008498
2006,2006-12-31,17,REG,MIN,LAR,21,41,False,False,nflverse,-20,G008499
2006,2006-12-31,17,REG,NO,CAR,21,31,False,False,nflverse,-10,G008500
2006,2006-12-31,17,REG,NYJ,OAK,23,3,False,False,nflverse,20,G008501
2006,2006-12-31,17,REG,TB,SEA,7,23,False,False,nflverse,-16,G008502
2006,2006-12-31,17,REG,TEN,NE,23,40,False,False,nflverse,-17,G008503
2006,2006-12-31,17,REG,BAL,BUF,19,7,False,False,nflverse,12,G008504
2006,2006-12-31,17,REG,DEN,SF,23,26,False,True,nflverse,-3,G008505
2006,2006-12-31,17,REG,IND,MIA,27,22,False,False,nflverse,5,G008506
2006,2006-12-31,17,REG,PHI,ATL,24,17,False,False,nflverse,7,G008507
2006,2006-12-31,17,REG,LAC,ARI,27,20,False,False,nflverse,7,G008508
2006,2006-12-31,17,REG,CHI,GB,7,26,False,False,nflverse,-19,G008509
2006,2007-01-06,18,WC,IND,KC,23,8,False,False,nflverse,15,G008510
2006,2007-01-06,18,WC,SEA,DAL,21,20,False,False,nflverse,1,G008511
2006,2007-01-07,18,WC,NE,NYJ,37,16,False,False,nflverse,21,G008512
2006,2007-01-07,18,WC,PHI,NYG,23,20,False,False,nflverse,3,G008513
2006,2007-01-13,19,DIV,BAL,IND,6,15,False,False,nflverse,-9,G008514
2006,2007-01-13,19,DIV,NO,PHI,27,24,False,False,nflverse,3,G008515
2006,2007-01-14,19,DIV,CHI,SEA,27,24,False,True,nflverse,3,G008516
2006,2007-01-14,19,DIV,LAC,NE,21,24,False,False,nflverse,-3,G008517
2006,2007-01-21,20,CON,CHI,NO,39,14,False,False,nflverse,25,G008518
2006,2007-01-21,20,CON,IND,NE,38,34,False,False,nflverse,4,G008519
2006,2007-02-04,21,SB,CHI,IND,17,29,True,False,nflverse,-12,G008520
2007,2007-09-06,1,REG,IND,NO,41,10,False,False,nflverse,31,G008521
2007,2007-09-09,1,REG,BUF,DEN,14,15,False,False,nflverse,-1,G008522
2007,2007-09-09,1,REG,CLE,PIT,7,34,False,False,nflverse,-27,G008523
2007,2007-09-09,1,REG,GB,PHI,16,13,False,False,nflverse,3,G008524
2007,2007-09-09,1,REG,HOU,KC,20,3,False,False,nflverse,17,G008525
2007,2007-09-09,1,REG,JAX,TEN,10,13,False,False,nflverse,-3,G008526
2007,2007-09-09,1,REG,MIN,ATL,24,3,False,False,nflverse,21,G008527
2007,2007-09-09,1,REG,NYJ,NE,14,38,False,False,nflverse,-24,G008528
2007,2007-09-09,1,REG,LAR,CAR,13,27,False,False,nflverse,-14,G008529
2007,2007-09-09,1,REG,WSH,MIA,16,13,False,True,nflverse,3,G008530
2007,2007-09-09,1,REG,OAK,DET,21,36,False,False,nflverse,-15,G008531
2007,2007-09-09,1,REG,LAC,CHI,14,3,False,False,nflverse,11,G008532
2007,2007-09-09,1,REG,SEA,TB,20,6,False,False,nflverse,14,G008533
2007,2007-09-09,1,REG,DAL,NYG,45,35,False,False,nflverse,10,G008534
2007,2007-09-10,1,REG,CIN,BAL,27,20,False,False,nflverse,7,G008535
2007,2007-09-10,1,REG,SF,ARI,20,17,False,False,nflverse,3,G008536
2007,2007-09-16,2,REG,CAR,HOU,21,34,False,False,nflverse,-13,G008537
2007,2007-09-16,2,REG,CLE,CIN,51,45,False,False,nflverse,6,G008538
2007,2007-09-16,2,REG,JAX,ATL,13,7,False,False,nflverse,6,G008539
2007,2007-09-16,2,REG,NYG,GB,13,35,False,False,nflverse,-22,G008540
2007,2007-09-16,2,REG,PIT,BUF,26,3,False,False,nflverse,23,G008541
2007,2007-09-16,2,REG,LAR,SF,16,17,False,False,nflverse,-1,G008542
2007,2007-09-16,2,REG,TB,NO,31,14,False,False,nflverse,17,G008543
2007,2007-09-16,2,REG,TEN,IND,20,22,False,False,nflverse,-2,G008544
2007,2007-09-16,2,REG,ARI,SEA,23,20,False,False,nflverse,3,G008545
2007,2007-09-16,2,REG,DET,MIN,20,17,False,True,nflverse,3,G008546
2007,2007-09-16,2,REG,MIA,DAL,20,37,False,False,nflverse,-17,G008547
2007,2007-09-16,2,REG,BAL,NYJ,20,13,False,False,nflverse,7,G008548
2007,2007-09-16,2,REG,CHI,KC,20,10,False,False,nflverse,10,G008549
2007,2007-09-16,2,REG,DEN,OAK,23,20,False,True,nflverse,3,G008550
2007,2007-09-16,2,REG,NE,LAC,38,14,False,False,nflverse,24,G008551
2007,2007-09-17,2,REG,PHI,WSH,12,20,False,False,nflverse,-8,G008552
2007,2007-09-23,3,REG,BAL,ARI,26,23,False,False,nflverse,3,G008553
2007,2007-09-23,3,REG,GB,LAC,31,24,False,False,nflverse,7,G008554
2007,2007-09-23,3,REG,HOU,IND,24,30,False,False,nflverse,-6,G008555
2007,2007-09-23,3,REG,KC,MIN,13,10,False,False,nflverse,3,G008556
2007,2007-09-23,3,REG,NE,BUF,38,7,False,False,nflverse,31,G008557
2007,2007-09-23,3,REG,NYJ,MIA,31,28,False,False,nflverse,3,G008558
2007,2007-09-23,3,REG,PHI,DET,56,21,False,False,nflverse,35,G008559
2007,2007-09-23,3,REG,PIT,SF,37,16,False,False,nflverse,21,G008560
2007,2007-09-23,3,REG,TB,LAR,24,3,False,False,nflverse,21,G008561
2007,2007-09-23,3,REG,DEN,JAX,14,23,False,False,nflverse,-9,G008562
2007,2007-09-23,3,REG,OAK,CLE,26,24,False,False,nflverse,2,G008563
2007,2007-09-23,3,REG,SEA,CIN,24,21,False,False,nflverse,3,G008564
2007,2007-09-23,3,REG,ATL,CAR,20,27,False,False,nflverse,-7,G008565
2007,2007-09-23,3,REG,WSH,NYG,17,24,False,False,nflverse,-7,G008566
2007,2007-09-23,3,REG,CHI,DAL,10,34,False,False,nflverse,-24,G008567
2007,2007-09-24,3,REG,NO,TEN,14,31,False,False,nflverse,-17,G008568
2007,2007-09-30,4,REG,ATL,HOU,26,16,False,False,nflverse,10,G008569
2007,2007-09-30,4,REG,BUF,NYJ,17,14,False,False,nflverse,3,G008570
2007,2007-09-30,4,REG,CLE,BAL,27,13,False,False,nflverse,14,G008571
2007,2007-09-30,4,REG,DAL,LAR,35,7,False,False,nflverse,28,G008572
2007,2007-09-30,4,REG,DET,CHI,37,27,False,False,nflverse,10,G008573
2007,2007-09-30,4,REG,MIA,OAK,17,35,False,False,nflverse,-18,G008574
2007,2007-09-30,4,REG,MIN,GB,16,23,False,False,nflverse,-7,G008575
2007,2007-09-30,4,REG,CAR,TB,7,20,False,False,nflverse,-13,G008576
2007,2007-09-30,4,REG,SF,SEA,3,23,False,False,nflverse,-20,G008577
2007,2007-09-30,4,REG,ARI,PIT,21,14,False,False,nflverse,7,G008578
2007,2007-09-30,4,REG,IND,DEN,38,20,False,False,nflverse,18,G008579
2007,2007-09-30,4,REG,LAC,KC,16,30,False,False,nflverse,-14,G008580
2007,2007-09-30,4,REG,NYG,PHI,16,3,False,False,nflverse,13,G008581
2007,2007-10-01,4,REG,CIN,NE,13,34,False,False,nflverse,-21,G008582
2007,2007-10-07,5,REG,HOU,MIA,22,19,False,False,nflverse,3,G008583
2007,2007-10-07,5,REG,KC,JAX,7,17,False,False,nflverse,-10,G008584
2007,2007-10-07,5,REG,NE,CLE,34,17,False,False,nflverse,17,G008585
2007,2007-10-07,5,REG,NO,CAR,13,16,False,False,nflverse,-3,G008586
2007,2007-10-07,5,REG,NYG,NYJ,35,24,False,False,nflverse,11,G008587
2007,2007-10-07,5,REG,PIT,SEA,21,0,False,False,nflverse,21,G008588
2007,2007-10-07,5,REG,LAR,ARI,31,34,False,False,nflverse,-3,G008589
2007,2007-10-07,5,REG,TEN,ATL,20,13,False,False,nflverse,7,G008590
2007,2007-10-07,5,REG,WSH,DET,34,3,False,False,nflverse,31,G008591
2007,2007-10-07,5,REG,IND,TB,33,14,False,False,nflverse,19,G008592
2007,2007-10-07,5,REG,DEN,LAC,3,41,False,False,nflverse,-38,G008593
2007,2007-10-07,5,REG,SF,BAL,7,9,False,False,nflverse,-2,G008594
2007,2007-10-07,5,REG,GB,CHI,20,27,False,False,nflverse,-7,G008595
2007,2007-10-08,5,REG,BUF,DAL,24,25,False,False,nflverse,-1,G008596
2007,2007-10-14,6,REG,BAL,LAR,22,3,False,False,nflverse,19,G008597
2007,2007-10-14,6,REG,CHI,MIN,31,34,False,False,nflverse,-3,G008598
2007,2007-10-14,6,REG,CLE,MIA,41,31,False,False,nflverse,10,G008599
2007,2007-10-14,6,REG,GB,WSH,17,14,False,False,nflverse,3,G008600
2007,2007-10-14,6,REG,JAX,HOU,37,17,False,False,nflverse,20,G008601
2007,2007-10-14,6,REG,KC,CIN,27,20,False,False,nflverse,7,G008602
2007,2007-10-14,6,REG,NYJ,PHI,9,16,False,False,nflverse,-7,G008603
2007,2007-10-14,6,REG,TB,TEN,13,10,False,False,nflverse,3,G008604
2007,2007-10-14,6,REG,ARI,CAR,10,25,False,False,nflverse,-15,G008605
2007,2007-10-14,6,REG,DAL,NE,27,48,False,False,nflverse,-21,G008606
2007,2007-10-14,6,REG,LAC,OAK,28,14,False,False,nflverse,14,G008607
2007,2007-10-14,6,REG,SEA,NO,17,28,False,False,nflverse,-11,G008608
2007,2007-10-15,6,REG,ATL,NYG,10,31,False,False,nflverse,-21,G008609
2007,2007-10-21,7,REG,BUF,BAL,19,14,False,False,nflverse,5,G008610
2007,2007-10-21,7,REG,DET,TB,23,16,False,False,nflverse,7,G008611
2007,2007-10-21,7,REG,HOU,TEN,36,38,False,False,nflverse,-2,G008612
2007,2007-10-21,7,REG,MIA,NE,28,49,False,False,nflverse,-21,G008613
2007,2007-10-21,7,REG,NO,ATL,22,16,False,False,nflverse,6,G008614
2007,2007-10-21,7,REG,NYG,SF,33,15,False,False,nflverse,18,G008615
2007,2007-10-21,7,REG,WSH,ARI,21,19,False,False,nflverse,2,G008616
2007,2007-10-21,7,REG,CIN,NYJ,38,31,False,False,nflverse,7,G008617
2007,2007-10-21,7,REG,OAK,KC,10,12,False,False,nflverse,-2,G008618
2007,2007-10-21,7,REG,DAL,MIN,24,14,False,False,nflverse,10,G008619
2007,2007-10-21,7,REG,PHI,CHI,16,19,False,False,nflverse,-3,G008620
2007,2007-10-21,7,REG,SEA,LAR,33,6,False,False,nflverse,27,G008621
2007,2007-10-21,7,REG,DEN,PIT,31,28,False,False,nflverse,3,G008622
2007,2007-10-22,7,REG,JAX,IND,7,29,False,False,nflverse,-22,G008623
2007,2007-10-28,8,REG,CAR,IND,7,31,False,False,nflverse,-24,G008624
2007,2007-10-28,8,REG,CHI,DET,7,16,False,False,nflverse,-9,G008625
2007,2007-10-28,8,REG,CIN,PIT,13,24,False,False,nflverse,-11,G008626
2007,2007-10-28,8,REG,MIA,NYG,10,13,True,False,nflverse,-3,G008627
2007,2007-10-28,8,REG,MIN,PHI,16,23,False,False,nflverse,-7,G008628
2007,2007-10-28,8,REG,LAR,CLE,20,27,False,False,nflverse,-7,G008629
2007,2007-10-28,8,REG,TEN,OAK,13,9,False,False,nflverse,4,G008630
2007,2007-10-28,8,REG,NYJ,BUF,3,13,False,False,nflverse,-10,G008631
2007,2007-10-28,8,REG,LAC,HOU,35,10,False,False,nflverse,25,G008632
2007,2007-10-28,8,REG,TB,JAX,23,24,False,False,nflverse,-1,G008633
2007,2007-10-28,8,REG,NE,WSH,52,7,False,False,nflverse,45,G008634
2007,2007-10-28,8,REG,SF,NO,10,31,False,False,nflverse,-21,G008635
2007,2007-10-29,8,REG,DEN,GB,13,19,False,True,nflverse,-6,G008636
2007,2007-11-04,9,REG,ATL,SF,20,16,False,False,nflverse,4,G008637
2007,2007-11-04,9,REG,BUF,CIN,33,21,False,False,nflverse,12,G008638
2007,2007-11-04,9,REG,DET,DEN,44,7,False,False,nflverse,37,G008639
2007,2007-11-04,9,REG,KC,GB,22,33,False,False,nflverse,-11,G008640
2007,2007-11-04,9,REG,MIN,LAC,35,17,False,False,nflverse,18,G008641
2007,2007-11-04,9,REG,NO,JAX,41,24,False,False,nflverse,17,G008642
2007,2007-11-04,9,REG,NYJ,WSH,20,23,False,True,nflverse,-3,G008643
2007,2007-11-04,9,REG,TB,ARI,17,10,False,False,nflverse,7,G008644
2007,2007-11-04,9,REG,TEN,CAR,20,7,False,False,nflverse,13,G008645
2007,2007-11-04,9,REG,CLE,SEA,33,30,False,True,nflverse,3,G008646
2007,2007-11-04,9,REG,IND,NE,20,24,False,False,nflverse,-4,G008647
2007,2007-11-04,9,REG,OAK,HOU,17,24,False,False,nflverse,-7,G008648
2007,2007-11-04,9,REG,PHI,DAL,17,38,False,False,nflverse,-21,G008649
2007,2007-11-05,9,REG,PIT,BAL,38,7,False,False,nflverse,31,G008650
2007,2007-11-11,10,REG,CAR,ATL,13,20,False,False,nflverse,-7,G008651
2007,2007-11-11,10,REG,GB,MIN,34,0,False,False,nflverse,34,G008652
2007,2007-11-11,10,REG,KC,DEN,11,27,False,False,nflverse,-16,G008653
2007,2007-11-11,10,REG,MIA,BUF,10,13,False,False,nflverse,-3,G008654
2007,2007-11-11,10,REG,NO,LAR,29,37,False,False,nflverse,-8,G008655
2007,2007-11-11,10,REG,PIT,CLE,31,28,False,False,nflverse,3,G008656
2007,2007-11-11,10,REG,TEN,JAX,13,28,False,False,nflverse,-15,G008657
2007,2007-11-11,10,REG,WSH,PHI,25,33,False,False,nflverse,-8,G008658
2007,2007-11-11,10,REG,BAL,CIN,7,21,False,False,nflverse,-14,G008659
2007,2007-11-11,10,REG,ARI,DET,31,21,False,False,nflverse,10,G008660
2007,2007-11-11,10,REG,NYG,DAL,20,31,False,False,nflverse,-11,G008661
2007,2007-11-11,10,REG,OAK,CHI,6,17,False,False,nflverse,-11,G008662
2007,2007-11-11,10,REG,LAC,IND,23,21,False,False,nflverse,2,G008663
2007,2007-11-12,10,REG,SEA,SF,24,0,False,False,nflverse,24,G008664
2007,2007-11-18,11,REG,ATL,TB,7,31,False,False,nflverse,-24,G008665
2007,2007-11-18,11,REG,BAL,CLE,30,33,False,True,nflverse,-3,G008666
2007,2007-11-18,11,REG,CIN,ARI,27,35,False,False,nflverse,-8,G008667
2007,2007-11-18,11,REG,DET,NYG,10,16,False,False,nflverse,-6,G008668
2007,2007-11-18,11,REG,GB,CAR,31,17,False,False,nflverse,14,G008669
2007,2007-11-18,11,REG,HOU,NO,23,10,False,False,nflverse,13,G008670
2007,2007-11-18,11,REG,IND,KC,13,10,False,False,nflverse,3,G008671
2007,2007-11-18,11,REG,JAX,LAC,24,17,False,False,nflverse,7,G008672
2007,2007-11-18,11,REG,MIN,OAK,29,22,False,False,nflverse,7,G008673
2007,2007-11-18,11,REG,PHI,MIA,17,7,False,False,nflverse,10,G008674
2007,2007-11-18,11,REG,NYJ,PIT,19,16,False,True,nflverse,3,G008675
2007,2007-11-18,11,REG,DAL,WSH,28,23,False,False,nflverse,5,G008676
2007,2007-11-18,11,REG,SEA,CHI,30,23,False,False,nflverse,7,G008677
2007,2007-11-18,11,REG,SF,LAR,9,13,False,False,nflverse,-4,G008678
2007,2007-11-18,11,REG,BUF,NE,10,56,False,False,nflverse,-46,G008679
2007,2007-11-19,11,REG,DEN,TEN,34,20,False,False,nflverse,14,G008680
2007,2007-11-22,12,REG,DET,GB,26,37,False,False,nflverse,-11,G008681
2007,2007-11-22,12,REG,DAL,NYJ,34,3,False,False,nflverse,31,G008682
2007,2007-11-22,12,REG,ATL,IND,13,31,False,False,nflverse,-18,G008683
2007,2007-11-25,12,REG,CAR,NO,6,31,False,False,nflverse,-25,G008684
2007,2007-11-25,12,REG,CIN,TEN,35,6,False,False,nflverse,29,G008685
2007,2007-11-25,12,REG,CLE,HOU,27,17,False,False,nflverse,10,G008686
2007,2007-11-25,12,REG,JAX,BUF,36,14,False,False,nflverse,22,G008687
2007,2007-11-25,12,REG,KC,OAK,17,20,False,False,nflverse,-3,G008688
2007,2007-11-25,12,REG,NYG,MIN,17,41,False,False,nflverse,-24,G008689
2007,2007-11-25,12,REG,LAR,SEA,19,24,False,False,nflverse,-5,G008690
2007,2007-11-25,12,REG,TB,WSH,19,13,False,False,nflverse,6,G008691
2007,2007-11-25,12,REG,ARI,SF,31,37,False,True,nflverse,-6,G008692
2007,2007-11-25,12,REG,CHI,DEN,37,34,False,True,nflverse,3,G008693
2007,2007-11-25,12,REG,LAC,BAL,32,14,False,False,nflverse,18,G008694
2007,2007-11-25,12,REG,NE,PHI,31,28,False,False,nflverse,3,G008695
2007,2007-11-26,12,REG,PIT,MIA,3,0,False,False,nflverse,3,G008696
2007,2007-11-29,13,REG,DAL,GB,37,27,False,False,nflverse,10,G008697
2007,2007-12-02,13,REG,CAR,SF,31,14,False,False,nflverse,17,G008698
2007,2007-12-02,13,REG,IND,JAX,28,25,False,False,nflverse,3,G008699
2007,2007-12-02,13,REG,KC,LAC,10,24,False,False,nflverse,-14,G008700
2007,2007-12-02,13,REG,MIA,NYJ,13,40,False,False,nflverse,-27,G008701
2007,2007-12-02,13,REG,MIN,DET,42,10,False,False,nflverse,32,G008702
2007,2007-12-02,13,REG,PHI,SEA,24,28,False,False,nflverse,-4,G008703
2007,2007-12-02,13,REG,LAR,ATL,28,16,False,False,nflverse,12,G008704
2007,2007-12-02,13,REG,TEN,HOU,28,20,False,False,nflverse,8,G008705
2007,2007-12-02,13,REG,WSH,BUF,16,17,False,False,nflverse,-1,G008706
2007,2007-12-02,13,REG,ARI,CLE,27,21,False,False,nflverse,6,G008707
2007,2007-12-02,13,REG,OAK,DEN,34,20,False,False,nflverse,14,G008708
2007,2007-12-02,13,REG,CHI,NYG,16,21,False,False,nflverse,-5,G008709
2007,2007-12-02,13,REG,NO,TB,23,27,False,False,nflverse,-4,G008710
2007,2007-12-02,13,REG,PIT,CIN,24,10,False,False,nflverse,14,G008711
2007,2007-12-03,13,REG,BAL,NE,24,27,False,False,nflverse,-3,G008712
2007,2007-12-06,14,REG,WSH,CHI,24,16,False,False,nflverse,8,G008713
2007,2007-12-09,14,REG,BUF,MIA,38,17,False,False,nflverse,21,G008714
2007,2007-12-09,14,REG,CIN,LAR,19,10,False,False,nflverse,9,G008715
2007,2007-12-09,14,REG,DET,DAL,27,28,False,False,nflverse,-1,G008716
2007,2007-12-09,14,REG,GB,OAK,38,7,False,False,nflverse,31,G008717
2007,2007-12-09,14,REG,HOU,TB,28,14,False,False,nflverse,14,G008718
2007,2007-12-09,14,REG,JAX,CAR,37,6,False,False,nflverse,31,G008719
2007,2007-12-09,14,REG,PHI,NYG,13,16,False,False,nflverse,-3,G008720
2007,2007-12-09,14,REG,TEN,LAC,17,23,False,True,nflverse,-6,G008721
2007,2007-12-09,14,REG,SEA,ARI,42,21,False,False,nflverse,21,G008722
2007,2007-12-09,14,REG,SF,MIN,7,27,False,False,nflverse,-20,G008723
2007,2007-12-09,14,REG,DEN,KC,41,7,False,False,nflverse,34,G008724
2007,2007-12-09,14,REG,NE,PIT,34,13,False,False,nflverse,21,G008725
2007,2007-12-09,14,REG,NYJ,CLE,18,24,False,False,nflverse,-6,G008726
2007,2007-12-09,14,REG,BAL,IND,20,44,False,False,nflverse,-24,G008727
2007,2007-12-10,14,REG,ATL,NO,14,34,False,False,nflverse,-20,G008728
2007,2007-12-13,15,REG,HOU,DEN,31,13,False,False,nflverse,18,G008729
2007,2007-12-15,15,REG,SF,CIN,20,13,False,False,nflverse,7,G008730
2007,2007-12-16,15,REG,CAR,SEA,13,10,False,False,nflverse,3,G008731
2007,2007-12-16,15,REG,CLE,BUF,8,0,False,False,nflverse,8,G008732
2007,2007-12-16,15,REG,KC,TEN,17,26,False,False,nflverse,-9,G008733
2007,2007-12-16,15,REG,MIA,BAL,22,16,False,True,nflverse,6,G008734
2007,2007-12-16,15,REG,NE,NYJ,20,10,False,False,nflverse,10,G008735
2007,2007-12-16,15,REG,NO,ARI,31,24,False,False,nflverse,7,G008736
2007,2007-12-16,15,REG,PIT,JAX,22,29,False,False,nflverse,-7,G008737
2007,2007-12-16,15,REG,LAR,GB,14,33,False,False,nflverse,-19,G008738
2007,2007-12-16,15,REG,TB,ATL,37,3,False,False,nflverse,34,G008739
2007,2007-12-16,15,REG,OAK,IND,14,21,False,False,nflverse,-7,G008740
2007,2007-12-16,15,REG,DAL,PHI,6,10,False,False,nflverse,-4,G008741
2007,2007-12-16,15,REG,LAC,DET,51,14,False,False,nflverse,37,G008742
2007,2007-12-16,15,REG,NYG,WSH,10,22,False,False,nflverse,-12,G008743
2007,2007-12-17,15,REG,MIN,CHI,20,13,False,False,nflverse,7,G008744
2007,2007-12-20,16,REG,LAR,PIT,24,41,False,False,nflverse,-17,G008745
2007,2007-12-22,16,REG,CAR,DAL,13,20,False,False,nflverse,-7,G008746
2007,2007-12-23,16,REG,BUF,NYG,21,38,False,False,nflverse,-17,G008747
2007,2007-12-23,16,REG,CHI,GB,35,7,False,False,nflverse,28,G008748
2007,2007-12-23,16,REG,CIN,CLE,19,14,False,False,nflverse,5,G008749
2007,2007-12-23,16,REG,DET,KC,25,20,False,False,nflverse,5,G008750
2007,2007-12-23,16,REG,IND,HOU,38,15,False,False,nflverse,23,G008751
2007,2007-12-23,16,REG,JAX,OAK,49,11,False,False,nflverse,38,G008752
2007,2007-12-23,16,REG,NO,PHI,23,38,False,False,nflverse,-15,G008753
2007,2007-12-23,16,REG,ARI,ATL,30,27,False,True,nflverse,3,G008754
2007,2007-12-23,16,REG,SF,TB,21,19,False,False,nflverse,2,G008755
2007,2007-12-23,16,REG,NE,MIA,28,7,False,False,nflverse,21,G008756
2007,2007-12-23,16,REG,SEA,BAL,27,6,False,False,nflverse,21,G008757
2007,2007-12-23,16,REG,TEN,NYJ,10,6,False,False,nflverse,4,G008758
2007,2007-12-23,16,REG,MIN,WSH,21,32,False,False,nflverse,-11,G008759
2007,2007-12-24,16,REG,LAC,DEN,23,3,False,False,nflverse,20,G008760
2007,2007-12-29,17,REG,NYG,NE,35,38,False,False,nflverse,-3,G008761
2007,2007-12-30,17,REG,ATL,SEA,44,41,False,False,nflverse,3,G008762
2007,2007-12-30,17,REG,CHI,NO,33,25,False,False,nflverse,8,G008763
2007,2007-12-30,17,REG,CLE,SF,20,7,False,False,nflverse,13,G008764
2007,2007-12-30,17,REG,GB,DET,34,13,False,False,nflverse,21,G008765
2007,2007-12-30,17,REG,HOU,JAX,42,28,False,False,nflverse,14,G008766
2007,2007-12-30,17,REG,MIA,CIN,25,38,False,False,nflverse,-13,G008767
2007,2007-12-30,17,REG,PHI,BUF,17,9,False,False,nflverse,8,G008768
2007,2007-12-30,17,REG,TB,CAR,23,31,False,False,nflverse,-8,G008769
2007,2007-12-30,17,REG,ARI,LAR,48,19,False,False,nflverse,29,G008770
2007,2007-12-30,17,REG,BAL,PIT,27,21,False,False,nflverse,6,G008771
2007,2007-12-30,17,REG,DEN,MIN,22,19,False,True,nflverse,3,G008772
2007,2007-12-30,17,REG,NYJ,KC,13,10,False,True,nflverse,3,G008773
2007,2007-12-30,17,REG,OAK,LAC,17,30,False,False,nflverse,-13,G008774
2007,2007-12-30,17,REG,WSH,DAL,27,6,False,False,nflverse,21,G008775
2007,2007-12-30,17,REG,IND,TEN,10,16,False,False,nflverse,-6,G008776
2007,2008-01-05,18,WC,SEA,WSH,35,14,False,False,nflverse,21,G008777
2007,2008-01-05,18,WC,PIT,JAX,29,31,False,False,nflverse,-2,G008778
2007,2008-01-06,18,WC,TB,NYG,14,24,False,False,nflverse,-10,G008779
2007,2008-01-06,18,WC,LAC,TEN,17,6,False,False,nflverse,11,G008780
2007,2008-01-12,19,DIV,GB,SEA,42,20,False,False,nflverse,22,G008781
2007,2008-01-12,19,DIV,NE,JAX,31,20,False,False,nflverse,11,G008782
2007,2008-01-13,19,DIV,IND,LAC,24,28,False,False,nflverse,-4,G008783
2007,2008-01-13,19,DIV,DAL,NYG,17,21,False,False,nflverse,-4,G008784
2007,2008-01-20,20,CON,NE,LAC,21,12,False,False,nflverse,9,G008785
2007,2008-01-20,20,CON,GB,NYG,20,23,False,True,nflverse,-3,G008786
2007,2008-02-03,21,SB,NE,NYG,14,17,True,False,nflverse,-3,G008787
2008,2008-09-04,1,REG,NYG,WSH,16,7,False,False,nflverse,9,G008788
2008,2008-09-07,1,REG,ATL,DET,34,21,False,False,nflverse,13,G008789
2008,2008-09-07,1,REG,BAL,CIN,17,10,False,False,nflverse,7,G008790
2008,2008-09-07,1,REG,BUF,SEA,34,10,False,False,nflverse,24,G008791
2008,2008-09-07,1,REG,MIA,NYJ,14,20,False,False,nflverse,-6,G008792
2008,2008-09-07,1,REG,NE,KC,17,10,False,False,nflverse,7,G008793
2008,2008-09-07,1,REG,NO,TB,24,20,False,False,nflverse,4,G008794
2008,2008-09-07,1,REG,PHI,LAR,38,3,False,False,nflverse,35,G008795
2008,2008-09-07,1,REG,PIT,HOU,38,17,False,False,nflverse,21,G008796
2008,2008-09-07,1,REG,TEN,JAX,17,10,False,False,nflverse,7,G008797
2008,2008-09-07,1,REG,CLE,DAL,10,28,False,False,nflverse,-18,G008798
2008,2008-09-07,1,REG,LAC,CAR,24,26,False,False,nflverse,-2,G008799
2008,2008-09-07,1,REG,SF,ARI,13,23,False,False,nflverse,-10,G008800
2008,2008-09-07,1,REG,IND,CHI,13,29,False,False,nflverse,-16,G008801
2008,2008-09-08,1,REG,GB,MIN,24,19,False,False,nflverse,5,G008802
2008,2008-09-08,1,REG,OAK,DEN,14,41,False,False,nflverse,-27,G008803
2008,2008-09-14,2,REG,CAR,CHI,20,17,False,False,nflverse,3,G008804
2008,2008-09-14,2,REG,CIN,TEN,7,24,False,False,nflverse,-17,G008805
2008,2008-09-14,2,REG,DET,GB,25,48,False,False,nflverse,-23,G008806
2008,2008-09-14,2,REG,JAX,BUF,16,20,False,False,nflverse,-4,G008807
2008,2008-09-14,2,REG,KC,OAK,8,23,False,False,nflverse,-15,G008808
2008,2008-09-14,2,REG,MIN,IND,15,18,False,False,nflverse,-3,G008809
2008,2008-09-14,2,REG,LAR,NYG,13,41,False,False,nflverse,-28,G008810
2008,2008-09-14,2,REG,WSH,NO,29,24,False,False,nflverse,5,G008811
2008,2008-09-14,2,REG,SEA,SF,30,33,False,True,nflverse,-3,G008812
2008,2008-09-14,2,REG,TB,ATL,24,9,False,False,nflverse,15,G008813
2008,2008-09-14,2,REG,ARI,MIA,31,10,False,False,nflverse,21,G008814
2008,2008-09-14,2,REG,DEN,LAC,39,38,False,False,nflverse,1,G008815
2008,2008-09-14,2,REG,NYJ,NE,10,19,False,False,nflverse,-9,G008816
2008,2008-09-14,2,REG,CLE,PIT,6,10,False,False,nflverse,-4,G008817
2008,2008-09-15,2,REG,DAL,PHI,41,37,False,False,nflverse,4,G008818
2008,2008-09-21,3,REG,ATL,KC,38,14,False,False,nflverse,24,G008819
2008,2008-09-21,3,REG,BUF,OAK,24,23,False,False,nflverse,1,G008820
2008,2008-09-21,3,REG,CHI,TB,24,27,False,True,nflverse,-3,G008821
2008,2008-09-21,3,REG,MIN,CAR,20,10,False,False,nflverse,10,G008822
2008,2008-09-21,3,REG,NE,MIA,13,38,False,False,nflverse,-25,G008823
2008,2008-09-21,3,REG,NYG,CIN,26,23,False,True,nflverse,3,G008824
2008,2008-09-21,3,REG,TEN,HOU,31,12,False,False,nflverse,19,G008825
2008,2008-09-21,3,REG,WSH,ARI,24,17,False,False,nflverse,7,G008826
2008,2008-09-21,3,REG,DEN,NO,34,32,False,False,nflverse,2,G008827
2008,2008-09-21,3,REG,SEA,LAR,37,13,False,False,nflverse,24,G008828
2008,2008-09-21,3,REG,SF,DET,31,13,False,False,nflverse,18,G008829
2008,2008-09-21,3,REG,BAL,CLE,28,10,False,False,nflverse,18,G008830
2008,2008-09-21,3,REG,IND,JAX,21,23,False,False,nflverse,-2,G008831
2008,2008-09-21,3,REG,PHI,PIT,15,6,False,False,nflverse,9,G008832
2008,2008-09-21,3,REG,GB,DAL,16,27,False,False,nflverse,-11,G008833
2008,2008-09-22,3,REG,LAC,NYJ,48,29,False,False,nflverse,19,G008834
2008,2008-09-28,4,REG,CAR,ATL,24,9,False,False,nflverse,15,G008835
2008,2008-09-28,4,REG,CIN,CLE,12,20,False,False,nflverse,-8,G008836
2008,2008-09-28,4,REG,JAX,HOU,30,27,False,True,nflverse,3,G008837
2008,2008-09-28,4,REG,KC,DEN,33,19,False,False,nflverse,14,G008838
2008,2008-09-28,4,REG,NO,SF,31,17,False,False,nflverse,14,G008839
2008,2008-09-28,4,REG,NYJ,ARI,56,35,False,False,nflverse,21,G008840
2008,2008-09-28,4,REG,TB,GB,30,21,False,False,nflverse,9,G008841
2008,2008-09-28,4,REG,TEN,MIN,30,17,False,False,nflverse,13,G008842
2008,2008-09-28,4,REG,OAK,LAC,18,28,False,False,nflverse,-10,G008843
2008,2008-09-28,4,REG,LAR,BUF,14,31,False,False,nflverse,-17,G008844
2008,2008-09-28,4,REG,DAL,WSH,24,26,False,False,nflverse,-2,G008845
2008,2008-09-28,4,REG,CHI,PHI,24,20,False,False,nflverse,4,G008846
2008,2008-09-29,4,REG,PIT,BAL,23,20,False,True,nflverse,3,G008847
2008,2008-10-05,5,REG,BAL,TEN,10,13,False,False,nflverse,-3,G008848
2008,2008-10-05,5,REG,CAR,KC,34,0,False,False,nflverse,34,G008849
2008,2008-10-05,5,REG,DET,CHI,7,34,False,False,nflverse,-27,G008850
2008,2008-10-05,5,REG,GB,ATL,24,27,False,False,nflverse,-3,G008851
2008,2008-10-05,5,REG,HOU,IND,27,31,False,False,nflverse,-4,G008852
2008,2008-10-05,5,REG,MIA,LAC,17,10,False,False,nflverse,7,G008853
2008,2008-10-05,5,REG,NYG,SEA,44,6,False,False,nflverse,38,G008854
2008,2008-10-05,5,REG,PHI,WSH,17,23,False,False,nflverse,-6,G008855
2008,2008-10-05,5,REG,DEN,TB,16,13,False,False,nflverse,3,G008856
2008,2008-10-05,5,REG,ARI,BUF,41,17,False,False,nflverse,24,G008857
2008,2008-10-05,5,REG,DAL,CIN,31,22,False,False,nflverse,9,G008858
2008,2008-10-05,5,REG,SF,NE,21,30,False,False,nflverse,-9,G008859
2008,2008-10-05,5,REG,JAX,PIT,21,26,False,False,nflverse,-5,G008860
2008,2008-10-06,5,REG,NO,MIN,27,30,False,False,nflverse,-3,G008861
2008,2008-10-12,6,REG,ATL,CHI,22,20,False,False,nflverse,2,G008862
2008,2008-10-12,6,REG,HOU,MIA,29,28,False,False,nflverse,1,G008863
2008,2008-10-12,6,REG,IND,BAL,31,3,False,False,nflverse,28,G008864
2008,2008-10-12,6,REG,MIN,DET,12,10,False,False,nflverse,2,G008865
2008,2008-10-12,6,REG,NO,OAK,34,3,False,False,nflverse,31,G008866
2008,2008-10-12,6,REG,NYJ,CIN,26,14,False,False,nflverse,12,G008867
2008,2008-10-12,6,REG,TB,CAR,27,3,False,False,nflverse,24,G008868
2008,2008-10-12,6,REG,WSH,LAR,17,19,False,False,nflverse,-2,G008869
2008,2008-10-12,6,REG,DEN,JAX,17,24,False,False,nflverse,-7,G008870
2008,2008-10-12,6,REG,ARI,DAL,30,24,False,True,nflverse,6,G008871
2008,2008-10-12,6,REG,SEA,GB,17,27,False,False,nflverse,-10,G008872
2008,2008-10-12,6,REG,SF,PHI,26,40,False,False,nflverse,-14,G008873
2008,2008-10-12,6,REG,LAC,NE,30,10,False,False,nflverse,20,G008874
2008,2008-10-13,6,REG,CLE,NYG,35,14,False,False,nflverse,21,G008875
2008,2008-10-19,7,REG,BUF,LAC,23,14,False,False,nflverse,9,G008876
2008,2008-10-19,7,REG,CAR,NO,30,7,False,False,nflverse,23,G008877
2008,2008-10-19,7,REG,CHI,MIN,48,41,False,False,nflverse,7,G008878
2008,2008-10-19,7,REG,CIN,PIT,10,38,False,False,nflverse,-28,G008879
2008,2008-10-19,7,REG,KC,TEN,10,34,False,False,nflverse,-24,G008880
2008,2008-10-19,7,REG,MIA,BAL,13,27,False,False,nflverse,-14,G008881
2008,2008-10-19,7,REG,NYG,SF,29,17,False,False,nflverse,12,G008882
2008,2008-10-19,7,REG,LAR,DAL,34,14,False,False,nflverse,20,G008883
2008,2008-10-19,7,REG,HOU,DET,28,21,False,False,nflverse,7,G008884
2008,2008-10-19,7,REG,GB,IND,34,14,False,False,nflverse,20,G008885
2008,2008-10-19,7,REG,OAK,NYJ,16,13,False,True,nflverse,3,G008886
2008,2008-10-19,7,REG,WSH,CLE,14,11,False,False,nflverse,3,G008887
2008,2008-10-19,7,REG,TB,SEA,20,10,False,False,nflverse,10,G008888
2008,2008-10-20,7,REG,NE,DEN,41,7,False,False,nflverse,34,G008889
2008,2008-10-26,8,REG,BAL,OAK,29,10,False,False,nflverse,19,G008890
2008,2008-10-26,8,REG,CAR,ARI,27,23,False,False,nflverse,4,G008891
2008,2008-10-26,8,REG,DAL,TB,13,9,False,False,nflverse,4,G008892
2008,2008-10-26,8,REG,DET,WSH,17,25,False,False,nflverse,-8,G008893
2008,2008-10-26,8,REG,MIA,BUF,25,16,False,False,nflverse,9,G008894
2008,2008-10-26,8,REG,NE,LAR,23,16,False,False,nflverse,7,G008895
2008,2008-10-26,8,REG,NO,LAC,37,32,True,False,nflverse,5,G008896
2008,2008-10-26,8,REG,NYJ,KC,28,24,False,False,nflverse,4,G008897
2008,2008-10-26,8,REG,PHI,ATL,27,14,False,False,nflverse,13,G008898
2008,2008-10-26,8,REG,HOU,CIN,35,6,False,False,nflverse,29,G008899
2008,2008-10-26,8,REG,JAX,CLE,17,23,False,False,nflverse,-6,G008900
2008,2008-10-26,8,REG,PIT,NYG,14,21,False,False,nflverse,-7,G008901
2008,2008-10-26,8,REG,SF,SEA,13,34,False,False,nflverse,-21,G008902
2008,2008-10-27,8,REG,TEN,IND,31,21,False,False,nflverse,10,G008903
2008,2008-11-02,9,REG,BUF,NYJ,17,26,False,False,nflverse,-9,G008904
2008,2008-11-02,9,REG,CHI,DET,27,23,False,False,nflverse,4,G008905
2008,2008-11-02,9,REG,CIN,JAX,21,19,False,False,nflverse,2,G008906
2008,2008-11-02,9,REG,CLE,BAL,27,37,False,False,nflverse,-10,G008907
2008,2008-11-02,9,REG,KC,TB,27,30,False,True,nflverse,-3,G008908
2008,2008-11-02,9,REG,MIN,HOU,28,21,False,False,nflverse,7,G008909
2008,2008-11-02,9,REG,LAR,ARI,13,34,False,False,nflverse,-21,G008910
2008,2008-11-02,9,REG,TEN,GB,19,16,False,True,nflverse,3,G008911
2008,2008-11-02,9,REG,DEN,MIA,17,26,False,False,nflverse,-9,G008912
2008,2008-11-02,9,REG,NYG,DAL,35,14,False,False,nflverse,21,G008913
2008,2008-11-02,9,REG,OAK,ATL,0,24,False,False,nflverse,-24,G008914
2008,2008-11-02,9,REG,SEA,PHI,7,26,False,False,nflverse,-19,G008915
2008,2008-11-02,9,REG,IND,NE,18,15,False,False,nflverse,3,G008916
2008,2008-11-03,9,REG,WSH,PIT,6,23,False,False,nflverse,-17,G008917
2008,2008-11-06,10,REG,CLE,DEN,30,34,False,False,nflverse,-4,G008918
2008,2008-11-09,10,REG,ATL,NO,34,20,False,False,nflverse,14,G008919
2008,2008-11-09,10,REG,CHI,TEN,14,21,False,False,nflverse,-7,G008920
2008,2008-11-09,10,REG,DET,JAX,14,38,False,False,nflverse,-24,G008921
2008,2008-11-09,10,REG,HOU,BAL,13,41,False,False,nflverse,-28,G008922
2008,2008-11-09,10,REG,MIA,SEA,21,19,False,False,nflverse,2,G008923
2008,2008-11-09,10,REG,MIN,GB,28,27,False,False,nflverse,1,G008924
2008,2008-11-09,10,REG,NE,BUF,20,10,False,False,nflverse,10,G008925
2008,2008-11-09,10,REG,NYJ,LAR,47,3,False,False,nflverse,44,G008926
2008,2008-11-09,10,REG,OAK,CAR,6,17,False,False,nflverse,-11,G008927
2008,2008-11-09,10,REG,PIT,IND,20,24,False,False,nflverse,-4,G008928
2008,2008-11-09,10,REG,LAC,KC,20,19,False,False,nflverse,1,G008929
2008,2008-11-09,10,REG,PHI,NYG,31,36,False,False,nflverse,-5,G008930
2008,2008-11-10,10,REG,ARI,SF,29,24,False,False,nflverse,5,G008931
2008,2008-11-13,11,REG,NE,NYJ,31,34,False,True,nflverse,-3,G008932
2008,2008-11-16,11,REG,ATL,DEN,20,24,False,False,nflverse,-4,G008933
2008,2008-11-16,11,REG,CAR,DET,31,22,False,False,nflverse,9,G008934
2008,2008-11-16,11,REG,CIN,PHI,13,13,False,True,nflverse,0,G008935
2008,2008-11-16,11,REG,GB,CHI,37,3,False,False,nflverse,34,G008936
2008,2008-11-16,11,REG,IND,HOU,33,27,False,False,nflverse,6,G008937
2008,2008-11-16,11,REG,KC,NO,20,30,False,False,nflverse,-10,G008938
2008,2008-11-16,11,REG,MIA,OAK,17,15,False,False,nflverse,2,G008939
2008,2008-11-16,11,REG,NYG,BAL,30,10,False,False,nflverse,20,G008940
2008,2008-11-16,11,REG,TB,MIN,19,13,False,False,nflverse,6,G008941
2008,2008-11-16,11,REG,SEA,ARI,20,26,False,False,nflverse,-6,G008942
2008,2008-11-16,11,REG,SF,LAR,35,16,False,False,nflverse,19,G008943
2008,2008-11-16,11,REG,JAX,TEN,14,24,False,False,nflverse,-10,G008944
2008,2008-11-16,11,REG,PIT,LAC,11,10,False,False,nflverse,1,G008945
2008,2008-11-16,11,REG,WSH,DAL,10,14,False,False,nflverse,-4,G008946
2008,2008-11-17,11,REG,BUF,CLE,27,29,False,False,nflverse,-2,G008947
2008,2008-11-20,12,REG,PIT,CIN,27,10,False,False,nflverse,17,G008948
2008,2008-11-23,12,REG,BAL,PHI,36,7,False,False,nflverse,29,G008949
2008,2008-11-23,12,REG,CLE,HOU,6,16,False,False,nflverse,-10,G008950
2008,2008-11-23,12,REG,DAL,SF,35,22,False,False,nflverse,13,G008951
2008,2008-11-23,12,REG,DET,TB,20,38,False,False,nflverse,-18,G008952
2008,2008-11-23,12,REG,JAX,MIN,12,30,False,False,nflverse,-18,G008953
2008,2008-11-23,12,REG,KC,BUF,31,54,False,False,nflverse,-23,G008954
2008,2008-11-23,12,REG,MIA,NE,28,48,False,False,nflverse,-20,G008955
2008,2008-11-23,12,REG,LAR,CHI,3,27,False,False,nflverse,-24,G008956
2008,2008-11-23,12,REG,TEN,NYJ,13,34,False,False,nflverse,-21,G008957
2008,2008-11-23,12,REG,DEN,OAK,10,31,False,False,nflverse,-21,G008958
2008,2008-11-23,12,REG,ARI,NYG,29,37,False,False,nflverse,-8,G008959
2008,2008-11-23,12,REG,ATL,CAR,45,28,False,False,nflverse,17,G008960
2008,2008-11-23,12,REG,SEA,WSH,17,20,False,False,nflverse,-3,G008961
2008,2008-11-23,12,REG,LAC,IND,20,23,False,False,nflverse,-3,G008962
2008,2008-11-24,12,REG,NO,GB,51,29,False,False,nflverse,22,G008963
2008,2008-11-27,13,REG,DET,TEN,10,47,False,False,nflverse,-37,G008964
2008,2008-11-27,13,REG,DAL,SEA,34,9,False,False,nflverse,25,G008965
2008,2008-11-27,13,REG,PHI,ARI,48,20,False,False,nflverse,28,G008966
2008,2008-11-30,13,REG,BUF,SF,3,10,False,False,nflverse,-7,G008967
2008,2008-11-30,13,REG,CIN,BAL,3,34,False,False,nflverse,-31,G008968
2008,2008-11-30,13,REG,CLE,IND,6,10,False,False,nflverse,-4,G008969
2008,2008-11-30,13,REG,GB,CAR,31,35,False,False,nflverse,-4,G008970
2008,2008-11-30,13,REG,LAR,MIA,12,16,False,False,nflverse,-4,G008971
2008,2008-11-30,13,REG,TB,NO,23,20,False,False,nflverse,3,G008972
2008,2008-11-30,13,REG,WSH,NYG,7,23,False,False,nflverse,-16,G008973
2008,2008-11-30,13,REG,LAC,ATL,16,22,False,False,nflverse,-6,G008974
2008,2008-11-30,13,REG,NE,PIT,10,33,False,False,nflverse,-23,G008975
2008,2008-11-30,13,REG,NYJ,DEN,17,34,False,False,nflverse,-17,G008976
2008,2008-11-30,13,REG,OAK,KC,13,20,False,False,nflverse,-7,G008977
2008,2008-11-30,13,REG,MIN,CHI,34,14,False,False,nflverse,20,G008978
2008,2008-12-01,13,REG,HOU,JAX,30,17,False,False,nflverse,13,G008979
2008,2008-12-04,14,REG,LAC,OAK,34,7,False,False,nflverse,27,G008980
2008,2008-12-07,14,REG,CHI,JAX,23,10,False,False,nflverse,13,G008981
2008,2008-12-07,14,REG,DET,MIN,16,20,False,False,nflverse,-4,G008982
2008,2008-12-07,14,REG,GB,HOU,21,24,False,False,nflverse,-3,G008983
2008,2008-12-07,14,REG,IND,CIN,35,3,False,False,nflverse,32,G008984
2008,2008-12-07,14,REG,NO,ATL,29,25,False,False,nflverse,4,G008985
2008,2008-12-07,14,REG,NYG,PHI,14,20,False,False,nflverse,-6,G008986
2008,2008-12-07,14,REG,TEN,CLE,28,9,False,False,nflverse,19,G008987
2008,2008-12-07,14,REG,BUF,MIA,3,16,True,False,nflverse,-13,G008988
2008,2008-12-07,14,REG,DEN,KC,24,17,False,False,nflverse,7,G008989
2008,2008-12-07,14,REG,SEA,NE,21,24,False,False,nflverse,-3,G008990
2008,2008-12-07,14,REG,SF,NYJ,24,14,False,False,nflverse,10,G008991
2008,2008-12-07,14,REG,ARI,LAR,34,10,False,False,nflverse,24,G008992
2008,2008-12-07,14,REG,PIT,DAL,20,13,False,False,nflverse,7,G008993
2008,2008-12-07,14,REG,BAL,WSH,24,10,False,False,nflverse,14,G008994
2008,2008-12-08,14,REG,CAR,TB,38,23,False,False,nflverse,15,G008995
2008,2008-12-11,15,REG,CHI,NO,27,24,False,True,nflverse,3,G008996
2008,2008-12-14,15,REG,ATL,TB,13,10,False,True,nflverse,3,G008997
2008,2008-12-14,15,REG,CIN,WSH,20,13,False,False,nflverse,7,G008998
2008,2008-12-14,15,REG,HOU,TEN,13,12,False,False,nflverse,1,G008999
2008,2008-12-14,15,REG,IND,DET,31,21,False,False,nflverse,10,G009000
2008,2008-12-14,15,REG,JAX,GB,20,16,False,False,nflverse,4,G009001
2008,2008-12-14,15,REG,KC,LAC,21,22,False,False,nflverse,-1,G009002
2008,2008-12-14,15,REG,MIA,SF,14,9,False,False,nflverse,5,G009003
2008,2008-12-14,15,REG,NYJ,BUF,31,27,False,False,nflverse,4,G009004
2008,2008-12-14,15,REG,LAR,SEA,20,23,False,False,nflverse,-3,G009005
2008,2008-12-14,15,REG,ARI,MIN,14,35,False,False,nflverse,-21,G009006
2008,2008-12-14,15,REG,BAL,PIT,9,13,False,False,nflverse,-4,G009007
2008,2008-12-14,15,REG,CAR,DEN,30,10,False,False,nflverse,20,G009008
2008,2008-12-14,15,REG,OAK,NE,26,49,False,False,nflverse,-23,G009009
2008,2008-12-14,15,REG,DAL,NYG,20,8,False,False,nflverse,12,G009010
2008,2008-12-15,15,REG,PHI,CLE,30,10,False,False,nflverse,20,G009011
2008,2008-12-18,16,REG,JAX,IND,24,31,False,False,nflverse,-7,G009012
2008,2008-12-20,16,REG,DAL,BAL,24,33,False,False,nflverse,-9,G009013
2008,2008-12-21,16,REG,CLE,CIN,0,14,False,False,nflverse,-14,G009014
2008,2008-12-21,16,REG,DET,NO,7,42,False,False,nflverse,-35,G009015
2008,2008-12-21,16,REG,KC,MIA,31,38,False,False,nflverse,-7,G009016
2008,2008-12-21,16,REG,NE,ARI,47,7,False,False,nflverse,40,G009017
2008,2008-12-21,16,REG,LAR,SF,16,17,False,False,nflverse,-1,G009018
2008,2008-12-21,16,REG,TB,LAC,24,41,False,False,nflverse,-17,G009019
2008,2008-12-21,16,REG,TEN,PIT,31,14,False,False,nflverse,17,G009020
2008,2008-12-21,16,REG,DEN,BUF,23,30,False,False,nflverse,-7,G009021
2008,2008-12-21,16,REG,OAK,HOU,27,16,False,False,nflverse,11,G009022
2008,2008-12-21,16,REG,SEA,NYJ,13,3,False,False,nflverse,10,G009023
2008,2008-12-21,16,REG,MIN,ATL,17,24,False,False,nflverse,-7,G009024
2008,2008-12-21,16,REG,WSH,PHI,10,3,False,False,nflverse,7,G009025
2008,2008-12-21,16,REG,NYG,CAR,34,28,False,True,nflverse,6,G009026
2008,2008-12-22,16,REG,CHI,GB,20,17,False,True,nflverse,3,G009027
2008,2008-12-28,17,REG,ATL,LAR,31,27,False,False,nflverse,4,G009028
2008,2008-12-28,17,REG,BUF,NE,0,13,False,False,nflverse,-13,G009029
2008,2008-12-28,17,REG,CIN,KC,16,6,False,False,nflverse,10,G009030
2008,2008-12-28,17,REG,GB,DET,31,21,False,False,nflverse,10,G009031
2008,2008-12-28,17,REG,HOU,CHI,31,24,False,False,nflverse,7,G009032
2008,2008-12-28,17,REG,IND,TEN,23,0,False,False,nflverse,23,G009033
2008,2008-12-28,17,REG,MIN,NYG,20,19,False,False,nflverse,1,G009034
2008,2008-12-28,17,REG,NO,CAR,31,33,False,False,nflverse,-2,G009035
2008,2008-12-28,17,REG,PIT,CLE,31,0,False,False,nflverse,31,G009036
2008,2008-12-28,17,REG,TB,OAK,24,31,False,False,nflverse,-7,G009037
2008,2008-12-28,17,REG,ARI,SEA,34,21,False,False,nflverse,13,G009038
2008,2008-12-28,17,REG,BAL,JAX,27,7,False,False,nflverse,20,G009039
2008,2008-12-28,17,REG,NYJ,MIA,17,24,False,False,nflverse,-7,G009040
2008,2008-12-28,17,REG,PHI,DAL,44,6,False,False,nflverse,38,G009041
2008,2008-12-28,17,REG,SF,WSH,27,24,False,False,nflverse,3,G009042
2008,2008-12-28,17,REG,LAC,DEN,52,21,False,False,nflverse,31,G009043
2008,2009-01-03,18,WC,ARI,ATL,30,24,False,False,nflverse,6,G009044
2008,2009-01-03,18,WC,LAC,IND,23,17,False,True,nflverse,6,G009045
2008,2009-01-04,18,WC,MIA,BAL,9,27,False,False,nflverse,-18,G009046
2008,2009-01-04,18,WC,MIN,PHI,14,26,False,False,nflverse,-12,G009047
2008,2009-01-10,19,DIV,TEN,BAL,10,13,False,False,nflverse,-3,G009048
2008,2009-01-10,19,DIV,CAR,ARI,13,33,False,False,nflverse,-20,G009049
2008,2009-01-11,19,DIV,NYG,PHI,11,23,False,False,nflverse,-12,G009050
2008,2009-01-11,19,DIV,PIT,LAC,35,24,False,False,nflverse,11,G009051
2008,2009-01-18,20,CON,ARI,PHI,32,25,False,False,nflverse,7,G009052
2008,2009-01-18,20,CON,PIT,BAL,23,14,False,False,nflverse,9,G009053
2008,2009-02-01,21,SB,ARI,PIT,23,27,True,False,nflverse,-4,G009054
2009,2009-09-10,1,REG,PIT,TEN,13,10,False,True,nflverse,3,G009055
2009,2009-09-13,1,REG,ATL,MIA,19,7,False,False,nflverse,12,G009056
2009,2009-09-13,1,REG,BAL,KC,38,24,False,False,nflverse,14,G009057
2009,2009-09-13,1,REG,CAR,PHI,10,38,False,False,nflverse,-28,G009058
2009,2009-09-13,1,REG,CIN,DEN,7,12,False,False,nflverse,-5,G009059
2009,2009-09-13,1,REG,CLE,MIN,20,34,False,False,nflverse,-14,G009060
2009,2009-09-13,1,REG,HOU,NYJ,7,24,False,False,nflverse,-17,G009061
2009,2009-09-13,1,REG,IND,JAX,14,12,False,False,nflverse,2,G009062
2009,2009-09-13,1,REG,NO,DET,45,27,False,False,nflverse,18,G009063
2009,2009-09-13,1,REG,TB,DAL,21,34,False,False,nflverse,-13,G009064
2009,2009-09-13,1,REG,ARI,SF,16,20,False,False,nflverse,-4,G009065
2009,2009-09-13,1,REG,NYG,WSH,23,17,False,False,nflverse,6,G009066
2009,2009-09-13,1,REG,SEA,LAR,28,0,False,False,nflverse,28,G009067
2009,2009-09-13,1,REG,GB,CHI,21,15,False,False,nflverse,6,G009068
2009,2009-09-14,1,REG,NE,BUF,25,24,False,False,nflverse,1,G009069
2009,2009-09-14,1,REG,OAK,LAC,20,24,False,False,nflverse,-4,G009070
2009,2009-09-20,2,REG,ATL,CAR,28,20,False,False,nflverse,8,G009071
2009,2009-09-20,2,REG,DET,MIN,13,27,False,False,nflverse,-14,G009072
2009,2009-09-20,2,REG,GB,CIN,24,31,False,False,nflverse,-7,G009073
2009,2009-09-20,2,REG,JAX,ARI,17,31,False,False,nflverse,-14,G009074
2009,2009-09-20,2,REG,KC,OAK,10,13,False,False,nflverse,-3,G009075
2009,2009-09-20,2,REG,NYJ,NE,16,9,False,False,nflverse,7,G009076
2009,2009-09-20,2,REG,PHI,NO,22,48,False,False,nflverse,-26,G009077
2009,2009-09-20,2,REG,TEN,HOU,31,34,False,False,nflverse,-3,G009078
2009,2009-09-20,2,REG,WSH,LAR,9,7,False,False,nflverse,2,G009079
2009,2009-09-20,2,REG,BUF,TB,33,20,False,False,nflverse,13,G009080
2009,2009-09-20,2,REG,SF,SEA,23,10,False,False,nflverse,13,G009081
2009,2009-09-20,2,REG,CHI,PIT,17,14,False,False,nflverse,3,G009082
2009,2009-09-20,2,REG,DEN,CLE,27,6,False,False,nflverse,21,G009083
2009,2009-09-20,2,REG,LAC,BAL,26,31,False,False,nflverse,-5,G009084
2009,2009-09-20,2,REG,DAL,NYG,31,33,False,False,nflverse,-2,G009085
2009,2009-09-21,2,REG,MIA,IND,23,27,False,False,nflverse,-4,G009086
2009,2009-09-27,3,REG,BAL,CLE,34,3,False,False,nflverse,31,G009087
2009,2009-09-27,3,REG,DET,WSH,19,14,False,False,nflverse,5,G009088
2009,2009-09-27,3,REG,HOU,JAX,24,31,False,False,nflverse,-7,G009089
2009,2009-09-27,3,REG,MIN,SF,27,24,False,False,nflverse,3,G009090
2009,2009-09-27,3,REG,NE,ATL,26,10,False,False,nflverse,16,G009091
2009,2009-09-27,3,REG,NYJ,TEN,24,17,False,False,nflverse,7,G009092
2009,2009-09-27,3,REG,PHI,KC,34,14,False,False,nflverse,20,G009093
2009,2009-09-27,3,REG,LAR,GB,17,36,False,False,nflverse,-19,G009094
2009,2009-09-27,3,REG,TB,NYG,0,24,False,False,nflverse,-24,G009095
2009,2009-09-27,3,REG,BUF,NO,7,27,False,False,nflverse,-20,G009096
2009,2009-09-27,3,REG,SEA,CHI,19,25,False,False,nflverse,-6,G009097
2009,2009-09-27,3,REG,CIN,PIT,23,20,False,False,nflverse,3,G009098
2009,2009-09-27,3,REG,OAK,DEN,3,23,False,False,nflverse,-20,G009099
2009,2009-09-27,3,REG,LAC,MIA,23,13,False,False,nflverse,10,G009100
2009,2009-09-27,3,REG,ARI,IND,10,31,False,False,nflverse,-21,G009101
2009,2009-09-28,3,REG,DAL,CAR,21,7,False,False,nflverse,14,G009102
2009,2009-10-04,4,REG,CHI,DET,48,24,False,False,nflverse,24,G009103
2009,2009-10-04,4,REG,CLE,CIN,20,23,False,True,nflverse,-3,G009104
2009,2009-10-04,4,REG,HOU,OAK,29,6,False,False,nflverse,23,G009105
2009,2009-10-04,4,REG,IND,SEA,34,17,False,False,nflverse,17,G009106
2009,2009-10-04,4,REG,JAX,TEN,37,17,False,False,nflverse,20,G009107
2009,2009-10-04,4,REG,KC,NYG,16,27,False,False,nflverse,-11,G009108
2009,2009-10-04,4,REG,NE,BAL,27,21,False,False,nflverse,6,G009109
2009,2009-10-04,4,REG,WSH,TB,16,13,False,False,nflverse,3,G009110
2009,2009-10-04,4,REG,MIA,BUF,38,10,False,False,nflverse,28,G009111
2009,2009-10-04,4,REG,NO,NYJ,24,10,False,False,nflverse,14,G009112
2009,2009-10-04,4,REG,DEN,DAL,17,10,False,False,nflverse,7,G009113
2009,2009-10-04,4,REG,SF,LAR,35,0,False,False,nflverse,35,G009114
2009,2009-10-04,4,REG,PIT,LAC,38,28,False,False,nflverse,10,G009115
2009,2009-10-05,4,REG,MIN,GB,30,23,False,False,nflverse,7,G009116
2009,2009-10-11,5,REG,BAL,CIN,14,17,False,False,nflverse,-3,G009117
2009,2009-10-11,5,REG,BUF,CLE,3,6,False,False,nflverse,-3,G009118
2009,2009-10-11,5,REG,CAR,WSH,20,17,False,False,nflverse,3,G009119
2009,2009-10-11,5,REG,DET,PIT,20,28,False,False,nflverse,-8,G009120
2009,2009-10-11,5,REG,KC,DAL,20,26,False,True,nflverse,-6,G009121
2009,2009-10-11,5,REG,NYG,OAK,44,7,False,False,nflverse,37,G009122
2009,2009-10-11,5,REG,PHI,TB,33,14,False,False,nflverse,19,G009123
2009,2009-10-11,5,REG,LAR,MIN,10,38,False,False,nflverse,-28,G009124
2009,2009-10-11,5,REG,SF,ATL,10,45,False,False,nflverse,-35,G009125
2009,2009-10-11,5,REG,ARI,HOU,28,21,False,False,nflverse,7,G009126
2009,2009-10-11,5,REG,DEN,NE,20,17,False,True,nflverse,3,G009127
2009,2009-10-11,5,REG,SEA,JAX,41,0,False,False,nflverse,41,G009128
2009,2009-10-11,5,REG,TEN,IND,9,31,False,False,nflverse,-22,G009129
2009,2009-10-12,5,REG,MIA,NYJ,31,27,False,False,nflverse,4,G009130
2009,2009-10-18,6,REG,CIN,HOU,17,28,False,False,nflverse,-11,G009131
2009,2009-10-18,6,REG,GB,DET,26,0,False,False,nflverse,26,G009132
2009,2009-10-18,6,REG,JAX,LAR,23,20,False,True,nflverse,3,G009133
2009,2009-10-18,6,REG,MIN,BAL,33,31,False,False,nflverse,2,G009134
2009,2009-10-18,6,REG,NO,NYG,48,27,False,False,nflverse,21,G009135
2009,2009-10-18,6,REG,PIT,CLE,27,14,False,False,nflverse,13,G009136
2009,2009-10-18,6,REG,TB,CAR,21,28,False,False,nflverse,-7,G009137
2009,2009-10-18,6,REG,WSH,KC,6,14,False,False,nflverse,-8,G009138
2009,2009-10-18,6,REG,OAK,PHI,13,9,False,False,nflverse,4,G009139
2009,2009-10-18,6,REG,SEA,ARI,3,27,False,False,nflverse,-24,G009140
2009,2009-10-18,6,REG,NE,TEN,59,0,False,False,nflverse,59,G009141
2009,2009-10-18,6,REG,NYJ,BUF,13,16,False,True,nflverse,-3,G009142
2009,2009-10-18,6,REG,ATL,CHI,21,14,False,False,nflverse,7,G009143
2009,2009-10-19,6,REG,LAC,DEN,23,34,False,False,nflverse,-11,G009144
2009,2009-10-25,7,REG,CLE,GB,3,31,False,False,nflverse,-28,G009145
2009,2009-10-25,7,REG,HOU,SF,24,21,False,False,nflverse,3,G009146
2009,2009-10-25,7,REG,KC,LAC,7,37,False,False,nflverse,-30,G009147
2009,2009-10-25,7,REG,PIT,MIN,27,17,False,False,nflverse,10,G009148
2009,2009-10-25,7,REG,LAR,IND,6,42,False,False,nflverse,-36,G009149
2009,2009-10-25,7,REG,TB,NE,7,35,True,False,nflverse,-28,G009150
2009,2009-10-25,7,REG,CAR,BUF,9,20,False,False,nflverse,-11,G009151
2009,2009-10-25,7,REG,OAK,NYJ,0,38,False,False,nflverse,-38,G009152
2009,2009-10-25,7,REG,CIN,CHI,45,10,False,False,nflverse,35,G009153
2009,2009-10-25,7,REG,DAL,ATL,37,21,False,False,nflverse,16,G009154
2009,2009-10-25,7,REG,MIA,NO,34,46,False,False,nflverse,-12,G009155
2009,2009-10-25,7,REG,NYG,ARI,17,24,False,False,nflverse,-7,G009156
2009,2009-10-26,7,REG,WSH,PHI,17,27,False,False,nflverse,-10,G009157
2009,2009-11-01,8,REG,BAL,DEN,30,7,False,False,nflverse,23,G009158
2009,2009-11-01,8,REG,BUF,HOU,10,31,False,False,nflverse,-21,G009159
2009,2009-11-01,8,REG,CHI,CLE,30,6,False,False,nflverse,24,G009160
2009,2009-11-01,8,REG,DAL,SEA,38,17,False,False,nflverse,21,G009161
2009,2009-11-01,8,REG,DET,LAR,10,17,False,False,nflverse,-7,G009162
2009,2009-11-01,8,REG,IND,SF,18,14,False,False,nflverse,4,G009163
2009,2009-11-01,8,REG,NYJ,MIA,25,30,False,False,nflverse,-5,G009164
2009,2009-11-01,8,REG,PHI,NYG,40,17,False,False,nflverse,23,G009165
2009,2009-11-01,8,REG,LAC,OAK,24,16,False,False,nflverse,8,G009166
2009,2009-11-01,8,REG,TEN,JAX,30,13,False,False,nflverse,17,G009167
2009,2009-11-01,8,REG,ARI,CAR,21,34,False,False,nflverse,-13,G009168
2009,2009-11-01,8,REG,GB,MIN,26,38,False,False,nflverse,-12,G009169
2009,2009-11-02,8,REG,NO,ATL,35,27,False,False,nflverse,8,G009170
2009,2009-11-08,9,REG,ATL,WSH,31,17,False,False,nflverse,14,G009171
2009,2009-11-08,9,REG,CHI,ARI,21,41,False,False,nflverse,-20,G009172
2009,2009-11-08,9,REG,CIN,BAL,17,7,False,False,nflverse,10,G009173
2009,2009-11-08,9,REG,IND,HOU,20,17,False,False,nflverse,3,G009174
2009,2009-11-08,9,REG,JAX,KC,24,21,False,False,nflverse,3,G009175
2009,2009-11-08,9,REG,NE,MIA,27,17,False,False,nflverse,10,G009176
2009,2009-11-08,9,REG,TB,GB,38,28,False,False,nflverse,10,G009177
2009,2009-11-08,9,REG,NO,CAR,30,20,False,False,nflverse,10,G009178
2009,2009-11-08,9,REG,SEA,DET,32,20,False,False,nflverse,12,G009179
2009,2009-11-08,9,REG,NYG,LAC,20,21,False,False,nflverse,-1,G009180
2009,2009-11-08,9,REG,SF,TEN,27,34,False,False,nflverse,-7,G009181
2009,2009-11-08,9,REG,PHI,DAL,16,20,False,False,nflverse,-4,G009182
2009,2009-11-09,9,REG,DEN,PIT,10,28,False,False,nflverse,-18,G009183
2009,2009-11-12,10,REG,SF,CHI,10,6,False,False,nflverse,4,G009184
2009,2009-11-15,10,REG,CAR,ATL,28,19,False,False,nflverse,9,G009185
2009,2009-11-15,10,REG,MIA,TB,25,23,False,False,nflverse,2,G009186
2009,2009-11-15,10,REG,MIN,DET,27,10,False,False,nflverse,17,G009187
2009,2009-11-15,10,REG,NYJ,JAX,22,24,False,False,nflverse,-2,G009188
2009,2009-11-15,10,REG,PIT,CIN,12,18,False,False,nflverse,-6,G009189
2009,2009-11-15,10,REG,LAR,NO,23,28,False,False,nflverse,-5,G009190
2009,2009-11-15,10,REG,TEN,BUF,41,17,False,False,nflverse,24,G009191
2009,2009-11-15,10,REG,WSH,DEN,27,17,False,False,nflverse,10,G009192
2009,2009-11-15,10,REG,OAK,KC,10,16,False,False,nflverse,-6,G009193
2009,2009-11-15,10,REG,ARI,SEA,31,20,False,False,nflverse,11,G009194
2009,2009-11-15,10,REG,GB,DAL,17,7,False,False,nflverse,10,G009195
2009,2009-11-15,10,REG,LAC,PHI,31,23,False,False,nflverse,8,G009196
2009,2009-11-15,10,REG,IND,NE,35,34,False,False,nflverse,1,G009197
2009,2009-11-16,10,REG,CLE,BAL,0,16,False,False,nflverse,-16,G009198
2009,2009-11-19,11,REG,CAR,MIA,17,24,False,False,nflverse,-7,G009199
2009,2009-11-22,11,REG,BAL,IND,15,17,False,False,nflverse,-2,G009200
2009,2009-11-22,11,REG,DAL,WSH,7,6,False,False,nflverse,1,G009201
2009,2009-11-22,11,REG,DET,CLE,38,37,False,False,nflverse,1,G009202
2009,2009-11-22,11,REG,GB,SF,30,24,False,False,nflverse,6,G009203
2009,2009-11-22,11,REG,JAX,BUF,18,15,False,False,nflverse,3,G009204
2009,2009-11-22,11,REG,KC,PIT,27,24,False,True,nflverse,3,G009205
2009,2009-11-22,11,REG,MIN,SEA,35,9,False,False,nflverse,26,G009206
2009,2009-11-22,11,REG,NYG,ATL,34,31,False,True,nflverse,3,G009207
2009,2009-11-22,11,REG,TB,NO,7,38,False,False,nflverse,-31,G009208
2009,2009-11-22,11,REG,LAR,ARI,13,21,False,False,nflverse,-8,G009209
2009,2009-11-22,11,REG,DEN,LAC,3,32,False,False,nflverse,-29,G009210
2009,2009-11-22,11,REG,NE,NYJ,31,14,False,False,nflverse,17,G009211
2009,2009-11-22,11,REG,OAK,CIN,20,17,False,False,nflverse,3,G009212
2009,2009-11-22,11,REG,CHI,PHI,20,24,False,False,nflverse,-4,G009213
2009,2009-11-23,11,REG,HOU,TEN,17,20,False,False,nflverse,-3,G009214
2009,2009-11-26,12,REG,DET,GB,12,34,False,False,nflverse,-22,G009215
2009,2009-11-26,12,REG,DAL,OAK,24,7,False,False,nflverse,17,G009216
2009,2009-11-26,12,REG,DEN,NYG,26,6,False,False,nflverse,20,G009217
2009,2009-11-29,12,REG,ATL,TB,20,17,False,False,nflverse,3,G009218
2009,2009-11-29,12,REG,BUF,MIA,31,14,False,False,nflverse,17,G009219
2009,2009-11-29,12,REG,CIN,CLE,16,7,False,False,nflverse,9,G009220
2009,2009-11-29,12,REG,HOU,IND,27,35,False,False,nflverse,-8,G009221
2009,2009-11-29,12,REG,NYJ,CAR,17,6,False,False,nflverse,11,G009222
2009,2009-11-29,12,REG,PHI,WSH,27,24,False,False,nflverse,3,G009223
2009,2009-11-29,12,REG,LAR,SEA,17,27,False,False,nflverse,-10,G009224
2009,2009-11-29,12,REG,LAC,KC,43,14,False,False,nflverse,29,G009225
2009,2009-11-29,12,REG,SF,JAX,20,3,False,False,nflverse,17,G009226
2009,2009-11-29,12,REG,MIN,CHI,36,10,False,False,nflverse,26,G009227
2009,2009-11-29,12,REG,TEN,ARI,20,17,False,False,nflverse,3,G009228
2009,2009-11-29,12,REG,BAL,PIT,20,17,False,True,nflverse,3,G009229
2009,2009-11-30,12,REG,NO,NE,38,17,False,False,nflverse,21,G009230
2009,2009-12-03,13,REG,BUF,NYJ,13,19,False,False,nflverse,-6,G009231
2009,2009-12-06,13,REG,ATL,PHI,7,34,False,False,nflverse,-27,G009232
2009,2009-12-06,13,REG,CAR,TB,16,6,False,False,nflverse,10,G009233
2009,2009-12-06,13,REG,CHI,LAR,17,9,False,False,nflverse,8,G009234
2009,2009-12-06,13,REG,CIN,DET,23,13,False,False,nflverse,10,G009235
2009,2009-12-06,13,REG,IND,TEN,27,17,False,False,nflverse,10,G009236
2009,2009-12-06,13,REG,JAX,HOU,23,18,False,False,nflverse,5,G009237
2009,2009-12-06,13,REG,KC,DEN,13,44,False,False,nflverse,-31,G009238
2009,2009-12-06,13,REG,MIA,NE,22,21,False,False,nflverse,1,G009239
2009,2009-12-06,13,REG,PIT,OAK,24,27,False,False,nflverse,-3,G009240
2009,2009-12-06,13,REG,WSH,NO,30,33,False,True,nflverse,-3,G009241
2009,2009-12-06,13,REG,CLE,LAC,23,30,False,False,nflverse,-7,G009242
2009,2009-12-06,13,REG,NYG,DAL,31,24,False,False,nflverse,7,G009243
2009,2009-12-06,13,REG,SEA,SF,20,17,False,False,nflverse,3,G009244
2009,2009-12-06,13,REG,ARI,MIN,30,17,False,False,nflverse,13,G009245
2009,2009-12-07,13,REG,GB,BAL,27,14,False,False,nflverse,13,G009246
2009,2009-12-10,14,REG,CLE,PIT,13,6,False,False,nflverse,7,G009247
2009,2009-12-13,14,REG,ATL,NO,23,26,False,False,nflverse,-3,G009248
2009,2009-12-13,14,REG,BAL,DET,48,3,False,False,nflverse,45,G009249
2009,2009-12-13,14,REG,CHI,GB,14,21,False,False,nflverse,-7,G009250
2009,2009-12-13,14,REG,HOU,SEA,34,7,False,False,nflverse,27,G009251
2009,2009-12-13,14,REG,IND,DEN,28,16,False,False,nflverse,12,G009252
2009,2009-12-13,14,REG,JAX,MIA,10,14,False,False,nflverse,-4,G009253
2009,2009-12-13,14,REG,KC,BUF,10,16,False,False,nflverse,-6,G009254
2009,2009-12-13,14,REG,MIN,CIN,30,10,False,False,nflverse,20,G009255
2009,2009-12-13,14,REG,NE,CAR,20,10,False,False,nflverse,10,G009256
2009,2009-12-13,14,REG,TB,NYJ,3,26,False,False,nflverse,-23,G009257
2009,2009-12-13,14,REG,OAK,WSH,13,34,False,False,nflverse,-21,G009258
2009,2009-12-13,14,REG,TEN,LAR,47,7,False,False,nflverse,40,G009259
2009,2009-12-13,14,REG,DAL,LAC,17,20,False,False,nflverse,-3,G009260
2009,2009-12-13,14,REG,NYG,PHI,38,45,False,False,nflverse,-7,G009261
2009,2009-12-14,14,REG,SF,ARI,24,9,False,False,nflverse,15,G009262
2009,2009-12-17,15,REG,JAX,IND,31,35,False,False,nflverse,-4,G009263
2009,2009-12-19,15,REG,NO,DAL,17,24,False,False,nflverse,-7,G009264
2009,2009-12-20,15,REG,BUF,NE,10,17,False,False,nflverse,-7,G009265
2009,2009-12-20,15,REG,DET,ARI,24,31,False,False,nflverse,-7,G009266
2009,2009-12-20,15,REG,KC,CLE,34,41,False,False,nflverse,-7,G009267
2009,2009-12-20,15,REG,NYJ,ATL,7,10,False,False,nflverse,-3,G009268
2009,2009-12-20,15,REG,LAR,HOU,13,16,False,False,nflverse,-3,G009269
2009,2009-12-20,15,REG,TEN,MIA,27,24,False,True,nflverse,3,G009270
2009,2009-12-20,15,REG,DEN,OAK,19,20,False,False,nflverse,-1,G009271
2009,2009-12-20,15,REG,LAC,CIN,27,24,False,False,nflverse,3,G009272
2009,2009-12-20,15,REG,BAL,CHI,31,7,False,False,nflverse,24,G009273
2009,2009-12-20,15,REG,PHI,SF,27,13,False,False,nflverse,14,G009274
2009,2009-12-20,15,REG,PIT,GB,37,36,False,False,nflverse,1,G009275
2009,2009-12-20,15,REG,SEA,TB,7,24,False,False,nflverse,-17,G009276
2009,2009-12-20,15,REG,CAR,MIN,26,7,False,False,nflverse,19,G009277
2009,2009-12-21,15,REG,WSH,NYG,12,45,False,False,nflverse,-33,G009278
2009,2009-12-25,16,REG,TEN,LAC,17,42,False,False,nflverse,-25,G009279
2009,2009-12-27,16,REG,ATL,BUF,31,3,False,False,nflverse,28,G009280
2009,2009-12-27,16,REG,CIN,KC,17,10,False,False,nflverse,7,G009281
2009,2009-12-27,16,REG,CLE,OAK,23,9,False,False,nflverse,14,G009282
2009,2009-12-27,16,REG,GB,SEA,48,10,False,False,nflverse,38,G009283
2009,2009-12-27,16,REG,MIA,HOU,20,27,False,False,nflverse,-7,G009284
2009,2009-12-27,16,REG,NE,JAX,35,7,False,False,nflverse,28,G009285
2009,2009-12-27,16,REG,NO,TB,17,20,False,True,nflverse,-3,G009286
2009,2009-12-27,16,REG,NYG,CAR,9,41,False,False,nflverse,-32,G009287
2009,2009-12-27,16,REG,PIT,BAL,23,20,False,False,nflverse,3,G009288
2009,2009-12-27,16,REG,ARI,LAR,31,10,False,False,nflverse,21,G009289
2009,2009-12-27,16,REG,SF,DET,20,6,False,False,nflverse,14,G009290
2009,2009-12-27,16,REG,IND,NYJ,15,29,False,False,nflverse,-14,G009291
2009,2009-12-27,16,REG,PHI,DEN,30,27,False,False,nflverse,3,G009292
2009,2009-12-27,16,REG,WSH,DAL,0,17,False,False,nflverse,-17,G009293
2009,2009-12-28,16,REG,CHI,MIN,36,30,False,True,nflverse,6,G009294
2009,2010-01-03,17,REG,BUF,IND,30,7,False,False,nflverse,23,G009295
2009,2010-01-03,17,REG,CAR,NO,23,10,False,False,nflverse,13,G009296
2009,2010-01-03,17,REG,CLE,JAX,23,17,False,False,nflverse,6,G009297
2009,2010-01-03,17,REG,DET,CHI,23,37,False,False,nflverse,-14,G009298
2009,2010-01-03,17,REG,HOU,NE,34,27,False,False,nflverse,7,G009299
2009,2010-01-03,17,REG,MIA,PIT,24,30,False,False,nflverse,-6,G009300
2009,2010-01-03,17,REG,MIN,NYG,44,7,False,False,nflverse,37,G009301
2009,2010-01-03,17,REG,LAR,SF,6,28,False,False,nflverse,-22,G009302
2009,2010-01-03,17,REG,TB,ATL,10,20,False,False,nflverse,-10,G009303
2009,2010-01-03,17,REG,ARI,GB,7,33,False,False,nflverse,-26,G009304
2009,2010-01-03,17,REG,DAL,PHI,24,0,False,False,nflverse,24,G009305
2009,2010-01-03,17,REG,DEN,KC,24,44,False,False,nflverse,-20,G009306
2009,2010-01-03,17,REG,OAK,BAL,13,21,False,False,nflverse,-8,G009307
2009,2010-01-03,17,REG,LAC,WSH,23,20,False,False,nflverse,3,G009308
2009,2010-01-03,17,REG,SEA,TEN,13,17,False,False,nflverse,-4,G009309
2009,2010-01-03,17,REG,NYJ,CIN,37,0,False,False,nflverse,37,G009310
2009,2010-01-09,18,WC,CIN,NYJ,14,24,False,False,nflverse,-10,G009311
2009,2010-01-09,18,WC,DAL,PHI,34,14,False,False,nflverse,20,G009312
2009,2010-01-10,18,WC,NE,BAL,14,33,False,False,nflverse,-19,G009313
2009,2010-01-10,18,WC,ARI,GB,51,45,False,True,nflverse,6,G009314
2009,2010-01-16,19,DIV,NO,ARI,45,14,False,False,nflverse,31,G009315
2009,2010-01-16,19,DIV,IND,BAL,20,3,False,False,nflverse,17,G009316
2009,2010-01-17,19,DIV,MIN,DAL,34,3,False,False,nflverse,31,G009317
2009,2010-01-17,19,DIV,LAC,NYJ,14,17,False,False,nflverse,-3,G009318
2009,2010-01-24,20,CON,IND,NYJ,30,17,False,False,nflverse,13,G009319
2009,2010-01-24,20,CON,NO,MIN,31,28,False,True,nflverse,3,G009320
2009,2010-02-07,21,SB,IND,NO,17,31,True,False,nflverse,-14,G009321
2010,2010-09-09,1,REG,NO,MIN,14,9,False,False,nflverse,5,G009322
2010,2010-09-12,1,REG,BUF,MIA,10,15,False,False,nflverse,-5,G009323
2010,2010-09-12,1,REG,CHI,DET,19,14,False,False,nflverse,5,G009324
2010,2010-09-12,1,REG,HOU,IND,34,24,False,False,nflverse,10,G009325
2010,2010-09-12,1,REG,JAX,DEN,24,17,False,False,nflverse,7,G009326
2010,2010-09-12,1,REG,NE,CIN,38,24,False,False,nflverse,14,G009327
2010,2010-09-12,1,REG,NYG,CAR,31,18,False,False,nflverse,13,G009328
2010,2010-09-12,1,REG,PIT,ATL,15,9,False,True,nflverse,6,G009329
2010,2010-09-12,1,REG,TB,CLE,17,14,False,False,nflverse,3,G009330
2010,2010-09-12,1,REG,TEN,OAK,38,13,False,False,nflverse,25,G009331
2010,2010-09-12,1,REG,PHI,GB,20,27,False,False,nflverse,-7,G009332
2010,2010-09-12,1,REG,SEA,SF,31,6,False,False,nflverse,25,G009333
2010,2010-09-12,1,REG,LAR,ARI,13,17,False,False,nflverse,-4,G009334
2010,2010-09-12,1,REG,WSH,DAL,13,7,False,False,nflverse,6,G009335
2010,2010-09-13,1,REG,NYJ,BAL,9,10,False,False,nflverse,-1,G009336
2010,2010-09-13,1,REG,KC,LAC,21,14,False,False,nflverse,7,G009337
2010,2010-09-19,2,REG,ATL,ARI,41,7,False,False,nflverse,34,G009338
2010,2010-09-19,2,REG,CAR,TB,7,20,False,False,nflverse,-13,G009339
2010,2010-09-19,2,REG,CIN,BAL,15,10,False,False,nflverse,5,G009340
2010,2010-09-19,2,REG,CLE,KC,14,16,False,False,nflverse,-2,G009341
2010,2010-09-19,2,REG,DAL,CHI,20,27,False,False,nflverse,-7,G009342
2010,2010-09-19,2,REG,DET,PHI,32,35,False,False,nflverse,-3,G009343
2010,2010-09-19,2,REG,GB,BUF,34,7,False,False,nflverse,27,G009344
2010,2010-09-19,2,REG,MIN,MIA,10,14,False,False,nflverse,-4,G009345
2010,2010-09-19,2,REG,TEN,PIT,11,19,False,False,nflverse,-8,G009346
2010,2010-09-19,2,REG,DEN,SEA,31,14,False,False,nflverse,17,G009347
2010,2010-09-19,2,REG,OAK,LAR,16,14,False,False,nflverse,2,G009348
2010,2010-09-19,2,REG,NYJ,NE,28,14,False,False,nflverse,14,G009349
2010,2010-09-19,2,REG,LAC,JAX,38,13,False,False,nflverse,25,G009350
2010,2010-09-19,2,REG,WSH,HOU,27,30,False,True,nflverse,-3,G009351
2010,2010-09-19,2,REG,IND,NYG,38,14,False,False,nflverse,24,G009352
2010,2010-09-20,2,REG,SF,NO,22,25,False,False,nflverse,-3,G009353
2010,2010-09-26,3,REG,BAL,CLE,24,17,False,False,nflverse,7,G009354
2010,2010-09-26,3,REG,CAR,CIN,7,20,False,False,nflverse,-13,G009355
2010,2010-09-26,3,REG,HOU,DAL,13,27,False,False,nflverse,-14,G009356
2010,2010-09-26,3,REG,KC,SF,31,10,False,False,nflverse,21,G009357
2010,2010-09-26,3,REG,MIN,DET,24,10,False,False,nflverse,14,G009358
2010,2010-09-26,3,REG,NE,BUF,38,30,False,False,nflverse,8,G009359
2010,2010-09-26,3,REG,NO,ATL,24,27,False,True,nflverse,-3,G009360
2010,2010-09-26,3,REG,NYG,TEN,10,29,False,False,nflverse,-19,G009361
2010,2010-09-26,3,REG,TB,PIT,13,38,False,False,nflverse,-25,G009362
2010,2010-09-26,3,REG,JAX,PHI,3,28,False,False,nflverse,-25,G009363
2010,2010-09-26,3,REG,LAR,WSH,30,16,False,False,nflverse,14,G009364
2010,2010-09-26,3,REG,ARI,OAK,24,23,False,False,nflverse,1,G009365
2010,2010-09-26,3,REG,DEN,IND,13,27,False,False,nflverse,-14,G009366
2010,2010-09-26,3,REG,SEA,LAC,27,20,False,False,nflverse,7,G009367
2010,2010-09-26,3,REG,MIA,NYJ,23,31,False,False,nflverse,-8,G009368
2010,2010-09-27,3,REG,CHI,GB,20,17,False,False,nflverse,3,G009369
2010,2010-10-03,4,REG,ATL,SF,16,14,False,False,nflverse,2,G009370
2010,2010-10-03,4,REG,BUF,NYJ,14,38,False,False,nflverse,-24,G009371
2010,2010-10-03,4,REG,CLE,CIN,23,20,False,False,nflverse,3,G009372
2010,2010-10-03,4,REG,GB,DET,28,26,False,False,nflverse,2,G009373
2010,2010-10-03,4,REG,NO,CAR,16,14,False,False,nflverse,2,G009374
2010,2010-10-03,4,REG,PIT,BAL,14,17,False,False,nflverse,-3,G009375
2010,2010-10-03,4,REG,LAR,SEA,20,3,False,False,nflverse,17,G009376
2010,2010-10-03,4,REG,TEN,DEN,20,26,False,False,nflverse,-6,G009377
2010,2010-10-03,4,REG,JAX,IND,31,28,False,False,nflverse,3,G009378
2010,2010-10-03,4,REG,OAK,HOU,24,31,False,False,nflverse,-7,G009379
2010,2010-10-03,4,REG,PHI,WSH,12,17,False,False,nflverse,-5,G009380
2010,2010-10-03,4,REG,LAC,ARI,41,10,False,False,nflverse,31,G009381
2010,2010-10-03,4,REG,NYG,CHI,17,3,False,False,nflverse,14,G009382
2010,2010-10-04,4,REG,MIA,NE,14,41,False,False,nflverse,-27,G009383
2010,2010-10-10,5,REG,BAL,DEN,31,17,False,False,nflverse,14,G009384
2010,2010-10-10,5,REG,BUF,JAX,26,36,False,False,nflverse,-10,G009385
2010,2010-10-10,5,REG,CAR,CHI,6,23,False,False,nflverse,-17,G009386
2010,2010-10-10,5,REG,CIN,TB,21,24,False,False,nflverse,-3,G009387
2010,2010-10-10,5,REG,CLE,ATL,10,20,False,False,nflverse,-10,G009388
2010,2010-10-10,5,REG,DET,LAR,44,6,False,False,nflverse,38,G009389
2010,2010-10-10,5,REG,HOU,NYG,10,34,False,False,nflverse,-24,G009390
2010,2010-10-10,5,REG,IND,KC,19,9,False,False,nflverse,10,G009391
2010,2010-10-10,5,REG,WSH,GB,16,13,False,True,nflverse,3,G009392
2010,2010-10-10,5,REG,ARI,NO,30,20,False,False,nflverse,10,G009393
2010,2010-10-10,5,REG,DAL,TEN,27,34,False,False,nflverse,-7,G009394
2010,2010-10-10,5,REG,OAK,LAC,35,27,False,False,nflverse,8,G009395
2010,2010-10-10,5,REG,SF,PHI,24,27,False,False,nflverse,-3,G009396
2010,2010-10-11,5,REG,NYJ,MIN,29,20,False,False,nflverse,9,G009397
2010,2010-10-17,6,REG,CHI,SEA,20,23,False,False,nflverse,-3,G009398
2010,2010-10-17,6,REG,GB,MIA,20,23,False,True,nflverse,-3,G009399
2010,2010-10-17,6,REG,HOU,KC,35,31,False,False,nflverse,4,G009400
2010,2010-10-17,6,REG,NE,BAL,23,20,False,True,nflverse,3,G009401
2010,2010-10-17,6,REG,NYG,DET,28,20,False,False,nflverse,8,G009402
2010,2010-10-17,6,REG,PHI,ATL,31,17,False,False,nflverse,14,G009403
2010,2010-10-17,6,REG,PIT,CLE,28,10,False,False,nflverse,18,G009404
2010,2010-10-17,6,REG,LAR,LAC,20,17,False,False,nflverse,3,G009405
2010,2010-10-17,6,REG,TB,NO,6,31,False,False,nflverse,-25,G009406
2010,2010-10-17,6,REG,DEN,NYJ,20,24,False,False,nflverse,-4,G009407
2010,2010-10-17,6,REG,SF,OAK,17,9,False,False,nflverse,8,G009408
2010,2010-10-17,6,REG,MIN,DAL,24,21,False,False,nflverse,3,G009409
2010,2010-10-17,6,REG,WSH,IND,24,27,False,False,nflverse,-3,G009410
2010,2010-10-18,6,REG,JAX,TEN,3,30,False,False,nflverse,-27,G009411
2010,2010-10-24,7,REG,ATL,CIN,39,32,False,False,nflverse,7,G009412
2010,2010-10-24,7,REG,BAL,BUF,37,34,False,True,nflverse,3,G009413
2010,2010-10-24,7,REG,CAR,SF,23,20,False,False,nflverse,3,G009414
2010,2010-10-24,7,REG,CHI,WSH,14,17,False,False,nflverse,-3,G009415
2010,2010-10-24,7,REG,KC,JAX,42,20,False,False,nflverse,22,G009416
2010,2010-10-24,7,REG,MIA,PIT,22,23,False,False,nflverse,-1,G009417
2010,2010-10-24,7,REG,NO,CLE,17,30,False,False,nflverse,-13,G009418
2010,2010-10-24,7,REG,TB,LAR,18,17,False,False,nflverse,1,G009419
2010,2010-10-24,7,REG,TEN,PHI,37,19,False,False,nflverse,18,G009420
2010,2010-10-24,7,REG,SEA,ARI,22,10,False,False,nflverse,12,G009421
2010,2010-10-24,7,REG,DEN,OAK,14,59,False,False,nflverse,-45,G009422
2010,2010-10-24,7,REG,LAC,NE,20,23,False,False,nflverse,-3,G009423
2010,2010-10-24,7,REG,GB,MIN,28,24,False,False,nflverse,4,G009424
2010,2010-10-25,7,REG,DAL,NYG,35,41,False,False,nflverse,-6,G009425
2010,2010-10-31,8,REG,CIN,MIA,14,22,False,False,nflverse,-8,G009426
2010,2010-10-31,8,REG,DAL,JAX,17,35,False,False,nflverse,-18,G009427
2010,2010-10-31,8,REG,DET,WSH,37,25,False,False,nflverse,12,G009428
2010,2010-10-31,8,REG,KC,BUF,13,10,False,True,nflverse,3,G009429
2010,2010-10-31,8,REG,NYJ,GB,0,9,False,False,nflverse,-9,G009430
2010,2010-10-31,8,REG,SF,DEN,24,16,True,False,nflverse,8,G009431
2010,2010-10-31,8,REG,LAR,CAR,20,10,False,False,nflverse,10,G009432
2010,2010-10-31,8,REG,LAC,TEN,33,25,False,False,nflverse,8,G009433
2010,2010-10-31,8,REG,ARI,TB,35,38,False,False,nflverse,-3,G009434
2010,2010-10-31,8,REG,NE,MIN,28,18,False,False,nflverse,10,G009435
2010,2010-10-31,8,REG,OAK,SEA,33,3,False,False,nflverse,30,G009436
2010,2010-10-31,8,REG,NO,PIT,20,10,False,False,nflverse,10,G009437
2010,2010-11-01,8,REG,IND,HOU,30,17,False,False,nflverse,13,G009438
2010,2010-11-07,9,REG,ATL,TB,27,21,False,False,nflverse,6,G009439
2010,2010-11-07,9,REG,BAL,MIA,26,10,False,False,nflverse,16,G009440
2010,2010-11-07,9,REG,BUF,CHI,19,22,False,False,nflverse,-3,G009441
2010,2010-11-07,9,REG,CAR,NO,3,34,False,False,nflverse,-31,G009442
2010,2010-11-07,9,REG,CLE,NE,34,14,False,False,nflverse,20,G009443
2010,2010-11-07,9,REG,DET,NYJ,20,23,False,True,nflverse,-3,G009444
2010,2010-11-07,9,REG,HOU,LAC,23,29,False,False,nflverse,-6,G009445
2010,2010-11-07,9,REG,MIN,ARI,27,24,False,True,nflverse,3,G009446
2010,2010-11-07,9,REG,SEA,NYG,7,41,False,False,nflverse,-34,G009447
2010,2010-11-07,9,REG,OAK,KC,23,20,False,True,nflverse,3,G009448
2010,2010-11-07,9,REG,PHI,IND,26,24,False,False,nflverse,2,G009449
2010,2010-11-07,9,REG,GB,DAL,45,7,False,False,nflverse,38,G009450
2010,2010-11-08,9,REG,CIN,PIT,21,27,False,False,nflverse,-6,G009451
2010,2010-11-11,10,REG,ATL,BAL,26,21,False,False,nflverse,5,G009452
2010,2010-11-14,10,REG,BUF,DET,14,12,False,False,nflverse,2,G009453
2010,2010-11-14,10,REG,CHI,MIN,27,13,False,False,nflverse,14,G009454
2010,2010-11-14,10,REG,CLE,NYJ,20,26,False,True,nflverse,-6,G009455
2010,2010-11-14,10,REG,IND,CIN,23,17,False,False,nflverse,6,G009456
2010,2010-11-14,10,REG,JAX,HOU,31,24,False,False,nflverse,7,G009457
2010,2010-11-14,10,REG,MIA,TEN,29,17,False,False,nflverse,12,G009458
2010,2010-11-14,10,REG,TB,CAR,31,16,False,False,nflverse,15,G009459
2010,2010-11-14,10,REG,DEN,KC,49,29,False,False,nflverse,20,G009460
2010,2010-11-14,10,REG,ARI,SEA,18,36,False,False,nflverse,-18,G009461
2010,2010-11-14,10,REG,NYG,DAL,20,33,False,False,nflverse,-13,G009462
2010,2010-11-14,10,REG,SF,LAR,23,20,False,True,nflverse,3,G009463
2010,2010-11-14,10,REG,PIT,NE,26,39,False,False,nflverse,-13,G009464
2010,2010-11-15,10,REG,WSH,PHI,28,59,False,False,nflverse,-31,G009465
2010,2010-11-18,11,REG,MIA,CHI,0,16,False,False,nflverse,-16,G009466
2010,2010-11-21,11,REG,CAR,BAL,13,37,False,False,nflverse,-24,G009467
2010,2010-11-21,11,REG,CIN,BUF,31,49,False,False,nflverse,-18,G009468
2010,2010-11-21,11,REG,DAL,DET,35,19,False,False,nflverse,16,G009469
2010,2010-11-21,11,REG,JAX,CLE,24,20,False,False,nflverse,4,G009470
2010,2010-11-21,11,REG,KC,ARI,31,13,False,False,nflverse,18,G009471
2010,2010-11-21,11,REG,MIN,GB,3,31,False,False,nflverse,-28,G009472
2010,2010-11-21,11,REG,NYJ,HOU,30,27,False,False,nflverse,3,G009473
2010,2010-11-21,11,REG,PIT,OAK,35,3,False,False,nflverse,32,G009474
2010,2010-11-21,11,REG,TEN,WSH,16,19,False,True,nflverse,-3,G009475
2010,2010-11-21,11,REG,NO,SEA,34,19,False,False,nflverse,15,G009476
2010,2010-11-21,11,REG,SF,TB,0,21,False,False,nflverse,-21,G009477
2010,2010-11-21,11,REG,LAR,ATL,17,34,False,False,nflverse,-17,G009478
2010,2010-11-21,11,REG,NE,IND,31,28,False,False,nflverse,3,G009479
2010,2010-11-21,11,REG,PHI,NYG,27,17,False,False,nflverse,10,G009480
2010,2010-11-22,11,REG,LAC,DEN,35,14,False,False,nflverse,21,G009481
2010,2010-11-25,12,REG,DET,NE,24,45,False,False,nflverse,-21,G009482
2010,2010-11-25,12,REG,DAL,NO,27,30,False,False,nflverse,-3,G009483
2010,2010-11-25,12,REG,NYJ,CIN,26,10,False,False,nflverse,16,G009484
2010,2010-11-28,12,REG,ATL,GB,20,17,False,False,nflverse,3,G009485
2010,2010-11-28,12,REG,BUF,PIT,16,19,False,True,nflverse,-3,G009486
2010,2010-11-28,12,REG,CLE,CAR,24,23,False,False,nflverse,1,G009487
2010,2010-11-28,12,REG,HOU,TEN,20,0,False,False,nflverse,20,G009488
2010,2010-11-28,12,REG,NYG,JAX,24,20,False,False,nflverse,4,G009489
2010,2010-11-28,12,REG,WSH,MIN,13,17,False,False,nflverse,-4,G009490
2010,2010-11-28,12,REG,OAK,MIA,17,33,False,False,nflverse,-16,G009491
2010,2010-11-28,12,REG,SEA,KC,24,42,False,False,nflverse,-18,G009492
2010,2010-11-28,12,REG,BAL,TB,17,10,False,False,nflverse,7,G009493
2010,2010-11-28,12,REG,CHI,PHI,31,26,False,False,nflverse,5,G009494
2010,2010-11-28,12,REG,DEN,LAR,33,36,False,False,nflverse,-3,G009495
2010,2010-11-28,12,REG,IND,LAC,14,36,False,False,nflverse,-22,G009496
2010,2010-11-29,12,REG,ARI,SF,6,27,False,False,nflverse,-21,G009497
2010,2010-12-02,13,REG,PHI,HOU,34,24,False,False,nflverse,10,G009498
2010,2010-12-05,13,REG,CIN,NO,30,34,False,False,nflverse,-4,G009499
2010,2010-12-05,13,REG,DET,CHI,20,24,False,False,nflverse,-4,G009500
2010,2010-12-05,13,REG,GB,SF,34,16,False,False,nflverse,18,G009501
2010,2010-12-05,13,REG,KC,DEN,10,6,False,False,nflverse,4,G009502
2010,2010-12-05,13,REG,MIA,CLE,10,13,False,False,nflverse,-3,G009503
2010,2010-12-05,13,REG,MIN,BUF,38,14,False,False,nflverse,24,G009504
2010,2010-12-05,13,REG,NYG,WSH,31,7,False,False,nflverse,24,G009505
2010,2010-12-05,13,REG,TEN,JAX,6,17,False,False,nflverse,-11,G009506
2010,2010-12-05,13,REG,LAC,OAK,13,28,False,False,nflverse,-15,G009507
2010,2010-12-05,13,REG,ARI,LAR,6,19,False,False,nflverse,-13,G009508
2010,2010-12-05,13,REG,IND,DAL,35,38,False,True,nflverse,-3,G009509
2010,2010-12-05,13,REG,SEA,CAR,31,14,False,False,nflverse,17,G009510
2010,2010-12-05,13,REG,TB,ATL,24,28,False,False,nflverse,-4,G009511
2010,2010-12-05,13,REG,BAL,PIT,10,13,False,False,nflverse,-3,G009512
2010,2010-12-06,13,REG,NE,NYJ,45,3,False,False,nflverse,42,G009513
2010,2010-12-09,14,REG,TEN,IND,28,30,False,False,nflverse,-2,G009514
2010,2010-12-12,14,REG,BUF,CLE,13,6,False,False,nflverse,7,G009515
2010,2010-12-12,14,REG,CAR,ATL,10,31,False,False,nflverse,-21,G009516
2010,2010-12-12,14,REG,DET,GB,7,3,False,False,nflverse,4,G009517
2010,2010-12-12,14,REG,JAX,OAK,38,31,False,False,nflverse,7,G009518
2010,2010-12-12,14,REG,PIT,CIN,23,7,False,False,nflverse,16,G009519
2010,2010-12-12,14,REG,WSH,TB,16,17,False,False,nflverse,-1,G009520
2010,2010-12-12,14,REG,NO,LAR,31,13,False,False,nflverse,18,G009521
2010,2010-12-12,14,REG,SF,SEA,40,21,False,False,nflverse,19,G009522
2010,2010-12-12,14,REG,ARI,DEN,43,13,False,False,nflverse,30,G009523
2010,2010-12-12,14,REG,CHI,NE,7,36,False,False,nflverse,-29,G009524
2010,2010-12-12,14,REG,NYJ,MIA,6,10,False,False,nflverse,-4,G009525
2010,2010-12-12,14,REG,LAC,KC,31,0,False,False,nflverse,31,G009526
2010,2010-12-12,14,REG,DAL,PHI,27,30,False,False,nflverse,-3,G009527
2010,2010-12-13,14,REG,MIN,NYG,3,21,True,False,nflverse,-18,G009528
2010,2010-12-13,14,REG,HOU,BAL,28,34,False,True,nflverse,-6,G009529
2010,2010-12-16,15,REG,LAC,SF,34,7,False,False,nflverse,27,G009530
2010,2010-12-19,15,REG,BAL,NO,30,24,False,False,nflverse,6,G009531
2010,2010-12-19,15,REG,CAR,ARI,19,12,False,False,nflverse,7,G009532
2010,2010-12-19,15,REG,CIN,CLE,19,17,False,False,nflverse,2,G009533
2010,2010-12-19,15,REG,DAL,WSH,33,30,False,False,nflverse,3,G009534
2010,2010-12-19,15,REG,IND,JAX,34,24,False,False,nflverse,10,G009535
2010,2010-12-19,15,REG,MIA,BUF,14,17,False,False,nflverse,-3,G009536
2010,2010-12-19,15,REG,NYG,PHI,31,38,False,False,nflverse,-7,G009537
2010,2010-12-19,15,REG,LAR,KC,13,27,False,False,nflverse,-14,G009538
2010,2010-12-19,15,REG,TB,DET,20,23,False,True,nflverse,-3,G009539
2010,2010-12-19,15,REG,TEN,HOU,31,17,False,False,nflverse,14,G009540
2010,2010-12-19,15,REG,SEA,ATL,18,34,False,False,nflverse,-16,G009541
2010,2010-12-19,15,REG,OAK,DEN,39,23,False,False,nflverse,16,G009542
2010,2010-12-19,15,REG,PIT,NYJ,17,22,False,False,nflverse,-5,G009543
2010,2010-12-19,15,REG,NE,GB,31,27,False,False,nflverse,4,G009544
2010,2010-12-20,15,REG,MIN,CHI,14,40,False,False,nflverse,-26,G009545
2010,2010-12-23,16,REG,PIT,CAR,27,3,False,False,nflverse,24,G009546
2010,2010-12-25,16,REG,ARI,DAL,27,26,False,False,nflverse,1,G009547
2010,2010-12-26,16,REG,BUF,NE,3,34,False,False,nflverse,-31,G009548
2010,2010-12-26,16,REG,CHI,NYJ,38,34,False,False,nflverse,4,G009549
2010,2010-12-26,16,REG,CLE,BAL,10,20,False,False,nflverse,-10,G009550
2010,2010-12-26,16,REG,JAX,WSH,17,20,False,True,nflverse,-3,G009551
2010,2010-12-26,16,REG,KC,TEN,34,14,False,False,nflverse,20,G009552
2010,2010-12-26,16,REG,MIA,DET,27,34,False,False,nflverse,-7,G009553
2010,2010-12-26,16,REG,LAR,SF,25,17,False,False,nflverse,8,G009554
2010,2010-12-26,16,REG,CIN,LAC,34,20,False,False,nflverse,14,G009555
2010,2010-12-26,16,REG,DEN,HOU,24,23,False,False,nflverse,1,G009556
2010,2010-12-26,16,REG,OAK,IND,26,31,False,False,nflverse,-5,G009557
2010,2010-12-26,16,REG,GB,NYG,45,17,False,False,nflverse,28,G009558
2010,2010-12-26,16,REG,TB,SEA,38,15,False,False,nflverse,23,G009559
2010,2010-12-27,16,REG,ATL,NO,14,17,False,False,nflverse,-3,G009560
2010,2010-12-28,16,REG,PHI,MIN,14,24,False,False,nflverse,-10,G009561
2010,2011-01-02,17,REG,ATL,CAR,31,10,False,False,nflverse,21,G009562
2010,2011-01-02,17,REG,BAL,CIN,13,7,False,False,nflverse,6,G009563
2010,2011-01-02,17,REG,CLE,PIT,9,41,False,False,nflverse,-32,G009564
2010,2011-01-02,17,REG,DET,MIN,20,13,False,False,nflverse,7,G009565
2010,2011-01-02,17,REG,KC,OAK,10,31,False,False,nflverse,-21,G009566
2010,2011-01-02,17,REG,NE,MIA,38,7,False,False,nflverse,31,G009567
2010,2011-01-02,17,REG,NO,TB,13,23,False,False,nflverse,-10,G009568
2010,2011-01-02,17,REG,NYJ,BUF,38,7,False,False,nflverse,31,G009569
2010,2011-01-02,17,REG,DEN,LAC,28,33,False,False,nflverse,-5,G009570
2010,2011-01-02,17,REG,GB,CHI,10,3,False,False,nflverse,7,G009571
2010,2011-01-02,17,REG,HOU,JAX,34,17,False,False,nflverse,17,G009572
2010,2011-01-02,17,REG,IND,TEN,23,20,False,False,nflverse,3,G009573
2010,2011-01-02,17,REG,PHI,DAL,13,14,False,False,nflverse,-1,G009574
2010,2011-01-02,17,REG,SF,ARI,38,7,False,False,nflverse,31,G009575
2010,2011-01-02,17,REG,WSH,NYG,14,17,False,False,nflverse,-3,G009576
2010,2011-01-02,17,REG,SEA,LAR,16,6,False,False,nflverse,10,G009577
2010,2011-01-08,18,WC,SEA,NO,41,36,False,False,nflverse,5,G009578
2010,2011-01-08,18,WC,IND,NYJ,16,17,False,False,nflverse,-1,G009579
2010,2011-01-09,18,WC,KC,BAL,7,30,False,False,nflverse,-23,G009580
2010,2011-01-09,18,WC,PHI,GB,16,21,False,False,nflverse,-5,G009581
2010,2011-01-15,19,DIV,PIT,BAL,31,24,False,False,nflverse,7,G009582
2010,2011-01-15,19,DIV,ATL,GB,21,48,False,False,nflverse,-27,G009583
2010,2011-01-16,19,DIV,CHI,SEA,35,24,False,False,nflverse,11,G009584
2010,2011-01-16,19,DIV,NE,NYJ,21,28,False,False,nflverse,-7,G009585
2010,2011-01-23,20,CON,CHI,GB,14,21,False,False,nflverse,-7,G009586
2010,2011-01-23,20,CON,PIT,NYJ,24,19,False,False,nflverse,5,G009587
2010,2011-02-06,21,SB,GB,PIT,31,25,True,False,nflverse,6,G009588
2011,2011-09-08,1,REG,GB,NO,42,34,False,False,nflverse,8,G009589
2011,2011-09-11,1,REG,BAL,PIT,35,7,False,False,nflverse,28,G009590
2011,2011-09-11,1,REG,CHI,ATL,30,12,False,False,nflverse,18,G009591
2011,2011-09-11,1,REG,CLE,CIN,17,27,False,False,nflverse,-10,G009592
2011,2011-09-11,1,REG,HOU,IND,34,7,False,False,nflverse,27,G009593
2011,2011-09-11,1,REG,JAX,TEN,16,14,False,False,nflverse,2,G009594
2011,2011-09-11,1,REG,KC,BUF,7,41,False,False,nflverse,-34,G009595
2011,2011-09-11,1,REG,LAR,PHI,13,31,False,False,nflverse,-18,G009596
2011,2011-09-11,1,REG,TB,DET,20,27,False,False,nflverse,-7,G009597
2011,2011-09-11,1,REG,ARI,CAR,28,21,False,False,nflverse,7,G009598
2011,2011-09-11,1,REG,LAC,MIN,24,17,False,False,nflverse,7,G009599
2011,2011-09-11,1,REG,SF,SEA,33,17,False,False,nflverse,16,G009600
2011,2011-09-11,1,REG,WSH,NYG,28,14,False,False,nflverse,14,G009601
2011,2011-09-11,1,REG,NYJ,DAL,27,24,False,False,nflverse,3,G009602
2011,2011-09-12,1,REG,MIA,NE,24,38,False,False,nflverse,-14,G009603
2011,2011-09-12,1,REG,DEN,OAK,20,23,False,False,nflverse,-3,G009604
2011,2011-09-18,2,REG,BUF,OAK,38,35,False,False,nflverse,3,G009605
2011,2011-09-18,2,REG,CAR,GB,23,30,False,False,nflverse,-7,G009606
2011,2011-09-18,2,REG,DET,KC,48,3,False,False,nflverse,45,G009607
2011,2011-09-18,2,REG,IND,CLE,19,27,False,False,nflverse,-8,G009608
2011,2011-09-18,2,REG,MIN,TB,20,24,False,False,nflverse,-4,G009609
2011,2011-09-18,2,REG,NO,CHI,30,13,False,False,nflverse,17,G009610
2011,2011-09-18,2,REG,NYJ,JAX,32,3,False,False,nflverse,29,G009611
2011,2011-09-18,2,REG,PIT,SEA,24,0,False,False,nflverse,24,G009612
2011,2011-09-18,2,REG,TEN,BAL,26,13,False,False,nflverse,13,G009613
2011,2011-09-18,2,REG,WSH,ARI,22,21,False,False,nflverse,1,G009614
2011,2011-09-18,2,REG,SF,DAL,24,27,False,True,nflverse,-3,G009615
2011,2011-09-18,2,REG,DEN,CIN,24,22,False,False,nflverse,2,G009616
2011,2011-09-18,2,REG,MIA,HOU,13,23,False,False,nflverse,-10,G009617
2011,2011-09-18,2,REG,NE,LAC,35,21,False,False,nflverse,14,G009618
2011,2011-09-18,2,REG,ATL,PHI,35,31,False,False,nflverse,4,G009619
2011,2011-09-19,2,REG,NYG,LAR,28,16,False,False,nflverse,12,G009620
2011,2011-09-25,3,REG,BUF,NE,34,31,False,False,nflverse,3,G009621
2011,2011-09-25,3,REG,CAR,JAX,16,10,False,False,nflverse,6,G009622
2011,2011-09-25,3,REG,CIN,SF,8,13,False,False,nflverse,-5,G009623
2011,2011-09-25,3,REG,CLE,MIA,17,16,False,False,nflverse,1,G009624
2011,2011-09-25,3,REG,MIN,DET,23,26,False,True,nflverse,-3,G009625
2011,2011-09-25,3,REG,NO,HOU,40,33,False,False,nflverse,7,G009626
2011,2011-09-25,3,REG,PHI,NYG,16,29,False,False,nflverse,-13,G009627
2011,2011-09-25,3,REG,TEN,DEN,17,14,False,False,nflverse,3,G009628
2011,2011-09-25,3,REG,OAK,NYJ,34,24,False,False,nflverse,10,G009629
2011,2011-09-25,3,REG,LAC,KC,20,17,False,False,nflverse,3,G009630
2011,2011-09-25,3,REG,LAR,BAL,7,37,False,False,nflverse,-30,G009631
2011,2011-09-25,3,REG,CHI,GB,17,27,False,False,nflverse,-10,G009632
2011,2011-09-25,3,REG,SEA,ARI,13,10,False,False,nflverse,3,G009633
2011,2011-09-25,3,REG,TB,ATL,16,13,False,False,nflverse,3,G009634
2011,2011-09-25,3,REG,IND,PIT,20,23,False,False,nflverse,-3,G009635
2011,2011-09-26,3,REG,DAL,WSH,18,16,False,False,nflverse,2,G009636
2011,2011-10-02,4,REG,CHI,CAR,34,29,False,False,nflverse,5,G009637
2011,2011-10-02,4,REG,CIN,BUF,23,20,False,False,nflverse,3,G009638
2011,2011-10-02,4,REG,CLE,TEN,13,31,False,False,nflverse,-18,G009639
2011,2011-10-02,4,REG,DAL,DET,30,34,False,False,nflverse,-4,G009640
2011,2011-10-02,4,REG,HOU,PIT,17,10,False,False,nflverse,7,G009641
2011,2011-10-02,4,REG,JAX,NO,10,23,False,False,nflverse,-13,G009642
2011,2011-10-02,4,REG,KC,MIN,22,17,False,False,nflverse,5,G009643
2011,2011-10-02,4,REG,PHI,SF,23,24,False,False,nflverse,-1,G009644
2011,2011-10-02,4,REG,LAR,WSH,10,17,False,False,nflverse,-7,G009645
2011,2011-10-02,4,REG,ARI,NYG,27,31,False,False,nflverse,-4,G009646
2011,2011-10-02,4,REG,SEA,ATL,28,30,False,False,nflverse,-2,G009647
2011,2011-10-02,4,REG,GB,DEN,49,23,False,False,nflverse,26,G009648
2011,2011-10-02,4,REG,OAK,NE,19,31,False,False,nflverse,-12,G009649
2011,2011-10-02,4,REG,LAC,MIA,26,16,False,False,nflverse,10,G009650
2011,2011-10-02,4,REG,BAL,NYJ,34,17,False,False,nflverse,17,G009651
2011,2011-10-03,4,REG,TB,IND,24,17,False,False,nflverse,7,G009652
2011,2011-10-09,5,REG,BUF,PHI,31,24,False,False,nflverse,7,G009653
2011,2011-10-09,5,REG,CAR,NO,27,30,False,False,nflverse,-3,G009654
2011,2011-10-09,5,REG,HOU,OAK,20,25,False,False,nflverse,-5,G009655
2011,2011-10-09,5,REG,IND,KC,24,28,False,False,nflverse,-4,G009656
2011,2011-10-09,5,REG,JAX,CIN,20,30,False,False,nflverse,-10,G009657
2011,2011-10-09,5,REG,MIN,ARI,34,10,False,False,nflverse,24,G009658
2011,2011-10-09,5,REG,NYG,SEA,25,36,False,False,nflverse,-11,G009659
2011,2011-10-09,5,REG,PIT,TEN,38,17,False,False,nflverse,21,G009660
2011,2011-10-09,5,REG,SF,TB,48,3,False,False,nflverse,45,G009661
2011,2011-10-09,5,REG,DEN,LAC,24,29,False,False,nflverse,-5,G009662
2011,2011-10-09,5,REG,NE,NYJ,30,21,False,False,nflverse,9,G009663
2011,2011-10-09,5,REG,ATL,GB,14,25,False,False,nflverse,-11,G009664
2011,2011-10-10,5,REG,DET,CHI,24,13,False,False,nflverse,11,G009665
2011,2011-10-16,6,REG,ATL,CAR,31,17,False,False,nflverse,14,G009666
2011,2011-10-16,6,REG,CIN,IND,27,17,False,False,nflverse,10,G009667
2011,2011-10-16,6,REG,DET,SF,19,25,False,False,nflverse,-6,G009668
2011,2011-10-16,6,REG,GB,LAR,24,3,False,False,nflverse,21,G009669
2011,2011-10-16,6,REG,NYG,BUF,27,24,False,False,nflverse,3,G009670
2011,2011-10-16,6,REG,PIT,JAX,17,13,False,False,nflverse,4,G009671
2011,2011-10-16,6,REG,WSH,PHI,13,20,False,False,nflverse,-7,G009672
2011,2011-10-16,6,REG,BAL,HOU,29,14,False,False,nflverse,15,G009673
2011,2011-10-16,6,REG,OAK,CLE,24,17,False,False,nflverse,7,G009674
2011,2011-10-16,6,REG,NE,DAL,20,16,False,False,nflverse,4,G009675
2011,2011-10-16,6,REG,TB,NO,26,20,False,False,nflverse,6,G009676
2011,2011-10-16,6,REG,CHI,MIN,39,10,False,False,nflverse,29,G009677
2011,2011-10-17,6,REG,NYJ,MIA,24,6,False,False,nflverse,18,G009678
2011,2011-10-23,7,REG,CAR,WSH,33,20,False,False,nflverse,13,G009679
2011,2011-10-23,7,REG,CLE,SEA,6,3,False,False,nflverse,3,G009680
2011,2011-10-23,7,REG,DET,ATL,16,23,False,False,nflverse,-7,G009681
2011,2011-10-23,7,REG,MIA,DEN,15,18,False,True,nflverse,-3,G009682
2011,2011-10-23,7,REG,NYJ,LAC,27,21,False,False,nflverse,6,G009683
2011,2011-10-23,7,REG,TB,CHI,18,24,True,False,nflverse,-6,G009684
2011,2011-10-23,7,REG,TEN,HOU,7,41,False,False,nflverse,-34,G009685
2011,2011-10-23,7,REG,ARI,PIT,20,32,False,False,nflverse,-12,G009686
2011,2011-10-23,7,REG,OAK,KC,0,28,False,False,nflverse,-28,G009687
2011,2011-10-23,7,REG,DAL,LAR,34,7,False,False,nflverse,27,G009688
2011,2011-10-23,7,REG,MIN,GB,27,33,False,False,nflverse,-6,G009689
2011,2011-10-23,7,REG,NO,IND,62,7,False,False,nflverse,55,G009690
2011,2011-10-24,7,REG,JAX,BAL,12,7,False,False,nflverse,5,G009691
2011,2011-10-30,8,REG,BAL,ARI,30,27,False,False,nflverse,3,G009692
2011,2011-10-30,8,REG,CAR,MIN,21,24,False,False,nflverse,-3,G009693
2011,2011-10-30,8,REG,HOU,JAX,24,14,False,False,nflverse,10,G009694
2011,2011-10-30,8,REG,NYG,MIA,20,17,False,False,nflverse,3,G009695
2011,2011-10-30,8,REG,LAR,NO,31,21,False,False,nflverse,10,G009696
2011,2011-10-30,8,REG,TEN,IND,27,10,False,False,nflverse,17,G009697
2011,2011-10-30,8,REG,BUF,WSH,23,0,False,False,nflverse,23,G009698
2011,2011-10-30,8,REG,DEN,DET,10,45,False,False,nflverse,-35,G009699
2011,2011-10-30,8,REG,PIT,NE,25,17,False,False,nflverse,8,G009700
2011,2011-10-30,8,REG,SEA,CIN,12,34,False,False,nflverse,-22,G009701
2011,2011-10-30,8,REG,SF,CLE,20,10,False,False,nflverse,10,G009702
2011,2011-10-30,8,REG,PHI,DAL,34,7,False,False,nflverse,27,G009703
2011,2011-10-31,8,REG,KC,LAC,23,20,False,True,nflverse,3,G009704
2011,2011-11-06,9,REG,BUF,NYJ,11,27,False,False,nflverse,-16,G009705
2011,2011-11-06,9,REG,DAL,SEA,23,13,False,False,nflverse,10,G009706
2011,2011-11-06,9,REG,HOU,CLE,30,12,False,False,nflverse,18,G009707
2011,2011-11-06,9,REG,IND,ATL,7,31,False,False,nflverse,-24,G009708
2011,2011-11-06,9,REG,KC,MIA,3,31,False,False,nflverse,-28,G009709
2011,2011-11-06,9,REG,NO,TB,27,16,False,False,nflverse,11,G009710
2011,2011-11-06,9,REG,WSH,SF,11,19,False,False,nflverse,-8,G009711
2011,2011-11-06,9,REG,OAK,DEN,24,38,False,False,nflverse,-14,G009712
2011,2011-11-06,9,REG,TEN,CIN,17,24,False,False,nflverse,-7,G009713
2011,2011-11-06,9,REG,ARI,LAR,19,13,False,True,nflverse,6,G009714
2011,2011-11-06,9,REG,NE,NYG,20,24,False,False,nflverse,-4,G009715
2011,2011-11-06,9,REG,LAC,GB,38,45,False,False,nflverse,-7,G009716
2011,2011-11-06,9,REG,PIT,BAL,20,23,False,False,nflverse,-3,G009717
2011,2011-11-07,9,REG,PHI,CHI,24,30,False,False,nflverse,-6,G009718
2011,2011-11-10,10,REG,LAC,OAK,17,24,False,False,nflverse,-7,G009719
2011,2011-11-13,10,REG,ATL,NO,23,26,False,True,nflverse,-3,G009720
2011,2011-11-13,10,REG,CAR,TEN,3,30,False,False,nflverse,-27,G009721
2011,2011-11-13,10,REG,CIN,PIT,17,24,False,False,nflverse,-7,G009722
2011,2011-11-13,10,REG,CLE,LAR,12,13,False,False,nflverse,-1,G009723
2011,2011-11-13,10,REG,DAL,BUF,44,7,False,False,nflverse,37,G009724
2011,2011-11-13,10,REG,IND,JAX,3,17,False,False,nflverse,-14,G009725
2011,2011-11-13,10,REG,KC,DEN,10,17,False,False,nflverse,-7,G009726
2011,2011-11-13,10,REG,MIA,WSH,20,9,False,False,nflverse,11,G009727
2011,2011-11-13,10,REG,PHI,ARI,17,21,False,False,nflverse,-4,G009728
2011,2011-11-13,10,REG,TB,HOU,9,37,False,False,nflverse,-28,G009729
2011,2011-11-13,10,REG,SEA,BAL,22,17,False,False,nflverse,5,G009730
2011,2011-11-13,10,REG,CHI,DET,37,13,False,False,nflverse,24,G009731
2011,2011-11-13,10,REG,SF,NYG,27,20,False,False,nflverse,7,G009732
2011,2011-11-13,10,REG,NYJ,NE,16,37,False,False,nflverse,-21,G009733
2011,2011-11-14,10,REG,GB,MIN,45,7,False,False,nflverse,38,G009734
2011,2011-11-17,11,REG,DEN,NYJ,17,13,False,False,nflverse,4,G009735
2011,2011-11-20,11,REG,BAL,CIN,31,24,False,False,nflverse,7,G009736
2011,2011-11-20,11,REG,CLE,JAX,14,10,False,False,nflverse,4,G009737
2011,2011-11-20,11,REG,DET,CAR,49,35,False,False,nflverse,14,G009738
2011,2011-11-20,11,REG,GB,TB,35,26,False,False,nflverse,9,G009739
2011,2011-11-20,11,REG,MIA,BUF,35,8,False,False,nflverse,27,G009740
2011,2011-11-20,11,REG,MIN,OAK,21,27,False,False,nflverse,-6,G009741
2011,2011-11-20,11,REG,WSH,DAL,24,27,False,True,nflverse,-3,G009742
2011,2011-11-20,11,REG,SF,ARI,23,7,False,False,nflverse,16,G009743
2011,2011-11-20,11,REG,LAR,SEA,7,24,False,False,nflverse,-17,G009744
2011,2011-11-20,11,REG,ATL,TEN,23,17,False,False,nflverse,6,G009745
2011,2011-11-20,11,REG,CHI,LAC,31,20,False,False,nflverse,11,G009746
2011,2011-11-20,11,REG,NYG,PHI,10,17,False,False,nflverse,-7,G009747
2011,2011-11-21,11,REG,NE,KC,34,3,False,False,nflverse,31,G009748
2011,2011-11-24,12,REG,DET,GB,15,27,False,False,nflverse,-12,G009749
2011,2011-11-24,12,REG,DAL,MIA,20,19,False,False,nflverse,1,G009750
2011,2011-11-24,12,REG,BAL,SF,16,6,False,False,nflverse,10,G009751
2011,2011-11-27,12,REG,ATL,MIN,24,14,False,False,nflverse,10,G009752
2011,2011-11-27,12,REG,CIN,CLE,23,20,False,False,nflverse,3,G009753
2011,2011-11-27,12,REG,IND,CAR,19,27,False,False,nflverse,-8,G009754
2011,2011-11-27,12,REG,JAX,HOU,13,20,False,False,nflverse,-7,G009755
2011,2011-11-27,12,REG,NYJ,BUF,28,24,False,False,nflverse,4,G009756
2011,2011-11-27,12,REG,LAR,ARI,20,23,False,False,nflverse,-3,G009757
2011,2011-11-27,12,REG,TEN,TB,23,17,False,False,nflverse,6,G009758
2011,2011-11-27,12,REG,OAK,CHI,25,20,False,False,nflverse,5,G009759
2011,2011-11-27,12,REG,SEA,WSH,17,23,False,False,nflverse,-6,G009760
2011,2011-11-27,12,REG,PHI,NE,20,38,False,False,nflverse,-18,G009761
2011,2011-11-27,12,REG,LAC,DEN,13,16,False,True,nflverse,-3,G009762
2011,2011-11-27,12,REG,KC,PIT,9,13,False,False,nflverse,-4,G009763
2011,2011-11-28,12,REG,NO,NYG,49,24,False,False,nflverse,25,G009764
2011,2011-12-01,13,REG,SEA,PHI,31,14,False,False,nflverse,17,G009765
2011,2011-12-04,13,REG,BUF,TEN,17,23,False,False,nflverse,-6,G009766
2011,2011-12-04,13,REG,CHI,KC,3,10,False,False,nflverse,-7,G009767
2011,2011-12-04,13,REG,HOU,ATL,17,10,False,False,nflverse,7,G009768
2011,2011-12-04,13,REG,MIA,OAK,34,14,False,False,nflverse,20,G009769
2011,2011-12-04,13,REG,MIN,DEN,32,35,False,False,nflverse,-3,G009770
2011,2011-12-04,13,REG,NE,IND,31,24,False,False,nflverse,7,G009771
2011,2011-12-04,13,REG,PIT,CIN,35,7,False,False,nflverse,28,G009772
2011,2011-12-04,13,REG,TB,CAR,19,38,False,False,nflverse,-19,G009773
2011,2011-12-04,13,REG,WSH,NYJ,19,34,False,False,nflverse,-15,G009774
2011,2011-12-04,13,REG,CLE,BAL,10,24,False,False,nflverse,-14,G009775
2011,2011-12-04,13,REG,ARI,DAL,19,13,False,True,nflverse,6,G009776
2011,2011-12-04,13,REG,NYG,GB,35,38,False,False,nflverse,-3,G009777
2011,2011-12-04,13,REG,SF,LAR,26,0,False,False,nflverse,26,G009778
2011,2011-12-04,13,REG,NO,DET,31,17,False,False,nflverse,14,G009779
2011,2011-12-05,13,REG,JAX,LAC,14,38,False,False,nflverse,-24,G009780
2011,2011-12-08,14,REG,PIT,CLE,14,3,False,False,nflverse,11,G009781
2011,2011-12-11,14,REG,BAL,IND,24,10,False,False,nflverse,14,G009782
2011,2011-12-11,14,REG,CAR,ATL,23,31,False,False,nflverse,-8,G009783
2011,2011-12-11,14,REG,CIN,HOU,19,20,False,False,nflverse,-1,G009784
2011,2011-12-11,14,REG,DET,MIN,34,28,False,False,nflverse,6,G009785
2011,2011-12-11,14,REG,JAX,TB,41,14,False,False,nflverse,27,G009786
2011,2011-12-11,14,REG,MIA,PHI,10,26,False,False,nflverse,-16,G009787
2011,2011-12-11,14,REG,NYJ,KC,37,10,False,False,nflverse,27,G009788
2011,2011-12-11,14,REG,TEN,NO,17,22,False,False,nflverse,-5,G009789
2011,2011-12-11,14,REG,WSH,NE,27,34,False,False,nflverse,-7,G009790
2011,2011-12-11,14,REG,ARI,SF,21,19,False,False,nflverse,2,G009791
2011,2011-12-11,14,REG,DEN,CHI,13,10,False,True,nflverse,3,G009792
2011,2011-12-11,14,REG,GB,OAK,46,16,False,False,nflverse,30,G009793
2011,2011-12-11,14,REG,LAC,BUF,37,10,False,False,nflverse,27,G009794
2011,2011-12-11,14,REG,DAL,NYG,34,37,False,False,nflverse,-3,G009795
2011,2011-12-12,14,REG,SEA,LAR,30,13,False,False,nflverse,17,G009796
2011,2011-12-15,15,REG,ATL,JAX,41,14,False,False,nflverse,27,G009797
2011,2011-12-17,15,REG,TB,DAL,15,31,False,False,nflverse,-16,G009798
2011,2011-12-18,15,REG,BUF,MIA,23,30,False,False,nflverse,-7,G009799
2011,2011-12-18,15,REG,CHI,SEA,14,38,False,False,nflverse,-24,G009800
2011,2011-12-18,15,REG,HOU,CAR,13,28,False,False,nflverse,-15,G009801
2011,2011-12-18,15,REG,IND,TEN,27,13,False,False,nflverse,14,G009802
2011,2011-12-18,15,REG,KC,GB,19,14,False,False,nflverse,5,G009803
2011,2011-12-18,15,REG,MIN,NO,20,42,False,False,nflverse,-22,G009804
2011,2011-12-18,15,REG,NYG,WSH,10,23,False,False,nflverse,-13,G009805
2011,2011-12-18,15,REG,LAR,CIN,13,20,False,False,nflverse,-7,G009806
2011,2011-12-18,15,REG,OAK,DET,27,28,False,False,nflverse,-1,G009807
2011,2011-12-18,15,REG,ARI,CLE,20,17,False,True,nflverse,3,G009808
2011,2011-12-18,15,REG,DEN,NE,23,41,False,False,nflverse,-18,G009809
2011,2011-12-18,15,REG,PHI,NYJ,45,19,False,False,nflverse,26,G009810
2011,2011-12-18,15,REG,LAC,BAL,34,14,False,False,nflverse,20,G009811
2011,2011-12-19,15,REG,SF,PIT,20,3,False,False,nflverse,17,G009812
2011,2011-12-22,16,REG,IND,HOU,19,16,False,False,nflverse,3,G009813
2011,2011-12-24,16,REG,BAL,CLE,20,14,False,False,nflverse,6,G009814
2011,2011-12-24,16,REG,BUF,DEN,40,14,False,False,nflverse,26,G009815
2011,2011-12-24,16,REG,CAR,TB,48,16,False,False,nflverse,32,G009816
2011,2011-12-24,16,REG,CIN,ARI,23,16,False,False,nflverse,7,G009817
2011,2011-12-24,16,REG,KC,OAK,13,16,False,True,nflverse,-3,G009818
2011,2011-12-24,16,REG,NE,MIA,27,24,False,False,nflverse,3,G009819
2011,2011-12-24,16,REG,NYJ,NYG,14,29,False,False,nflverse,-15,G009820
2011,2011-12-24,16,REG,PIT,LAR,27,0,False,False,nflverse,27,G009821
2011,2011-12-24,16,REG,TEN,JAX,23,17,False,False,nflverse,6,G009822
2011,2011-12-24,16,REG,WSH,MIN,26,33,False,False,nflverse,-7,G009823
2011,2011-12-24,16,REG,DET,LAC,38,10,False,False,nflverse,28,G009824
2011,2011-12-24,16,REG,DAL,PHI,7,20,False,False,nflverse,-13,G009825
2011,2011-12-24,16,REG,SEA,SF,17,19,False,False,nflverse,-2,G009826
2011,2011-12-25,16,REG,GB,CHI,35,21,False,False,nflverse,14,G009827
2011,2011-12-26,16,REG,NO,ATL,45,16,False,False,nflverse,29,G009828
2011,2012-01-01,17,REG,GB,DET,45,41,False,False,nflverse,4,G009829
2011,2012-01-01,17,REG,HOU,TEN,22,23,False,False,nflverse,-1,G009830
2011,2012-01-01,17,REG,JAX,IND,19,13,False,False,nflverse,6,G009831
2011,2012-01-01,17,REG,MIA,NYJ,19,17,False,False,nflverse,2,G009832
2011,2012-01-01,17,REG,MIN,CHI,13,17,False,False,nflverse,-4,G009833
2011,2012-01-01,17,REG,NE,BUF,49,21,False,False,nflverse,28,G009834
2011,2012-01-01,17,REG,NO,CAR,45,17,False,False,nflverse,28,G009835
2011,2012-01-01,17,REG,PHI,WSH,34,10,False,False,nflverse,24,G009836
2011,2012-01-01,17,REG,LAR,SF,27,34,False,False,nflverse,-7,G009837
2011,2012-01-01,17,REG,ARI,SEA,23,20,False,True,nflverse,3,G009838
2011,2012-01-01,17,REG,ATL,TB,45,24,False,False,nflverse,21,G009839
2011,2012-01-01,17,REG,CIN,BAL,16,24,False,False,nflverse,-8,G009840
2011,2012-01-01,17,REG,CLE,PIT,9,13,False,False,nflverse,-4,G009841
2011,2012-01-01,17,REG,DEN,KC,3,7,False,False,nflverse,-4,G009842
2011,2012-01-01,17,REG,OAK,LAC,26,38,False,False,nflverse,-12,G009843
2011,2012-01-01,17,REG,NYG,DAL,31,14,False,False,nflverse,17,G009844
2011,2012-01-07,18,WC,HOU,CIN,31,10,False,False,nflverse,21,G009845
2011,2012-01-07,18,WC,NO,DET,45,28,False,False,nflverse,17,G009846
2011,2012-01-08,18,WC,NYG,ATL,24,2,False,False,nflverse,22,G009847
2011,2012-01-08,18,WC,DEN,PIT,29,23,False,True,nflverse,6,G009848
2011,2012-01-14,19,DIV,SF,NO,36,32,False,False,nflverse,4,G009849
2011,2012-01-14,19,DIV,NE,DEN,45,10,False,False,nflverse,35,G009850
2011,2012-01-15,19,DIV,BAL,HOU,20,13,False,False,nflverse,7,G009851
2011,2012-01-15,19,DIV,GB,NYG,20,37,False,False,nflverse,-17,G009852
2011,2012-01-22,20,CON,NE,BAL,23,20,False,False,nflverse,3,G009853
2011,2012-01-22,20,CON,SF,NYG,17,20,False,True,nflverse,-3,G009854
2011,2012-02-05,21,SB,NE,NYG,17,21,True,False,nflverse,-4,G009855
2012,2012-09-05,1,REG,NYG,DAL,17,24,False,False,nflverse,-7,G009856
2012,2012-09-09,1,REG,CHI,IND,41,21,False,False,nflverse,20,G009857
2012,2012-09-09,1,REG,CLE,PHI,16,17,False,False,nflverse,-1,G009858
2012,2012-09-09,1,REG,DET,LAR,27,23,False,False,nflverse,4,G009859
2012,2012-09-09,1,REG,HOU,MIA,30,10,False,False,nflverse,20,G009860
2012,2012-09-09,1,REG,KC,ATL,24,40,False,False,nflverse,-16,G009861
2012,2012-09-09,1,REG,MIN,JAX,26,23,False,True,nflverse,3,G009862
2012,2012-09-09,1,REG,NO,WSH,32,40,False,False,nflverse,-8,G009863
2012,2012-09-09,1,REG,NYJ,BUF,48,28,False,False,nflverse,20,G009864
2012,2012-09-09,1,REG,TEN,NE,13,34,False,False,nflverse,-21,G009865
2012,2012-09-09,1,REG,ARI,SEA,20,16,False,False,nflverse,4,G009866
2012,2012-09-09,1,REG,GB,SF,22,30,False,False,nflverse,-8,G009867
2012,2012-09-09,1,REG,TB,CAR,16,10,False,False,nflverse,6,G009868
2012,2012-09-09,1,REG,DEN,PIT,31,19,False,False,nflverse,12,G009869
2012,2012-09-10,1,REG,BAL,CIN,44,13,False,False,nflverse,31,G009870
2012,2012-09-10,1,REG,OAK,LAC,14,22,False,False,nflverse,-8,G009871
2012,2012-09-13,2,REG,GB,CHI,23,10,False,False,nflverse,13,G009872
2012,2012-09-16,2,REG,BUF,KC,35,17,False,False,nflverse,18,G009873
2012,2012-09-16,2,REG,CAR,NO,35,27,False,False,nflverse,8,G009874
2012,2012-09-16,2,REG,CIN,CLE,34,27,False,False,nflverse,7,G009875
2012,2012-09-16,2,REG,IND,MIN,23,20,False,False,nflverse,3,G009876
2012,2012-09-16,2,REG,JAX,HOU,7,27,False,False,nflverse,-20,G009877
2012,2012-09-16,2,REG,MIA,OAK,35,13,False,False,nflverse,22,G009878
2012,2012-09-16,2,REG,NE,ARI,18,20,False,False,nflverse,-2,G009879
2012,2012-09-16,2,REG,NYG,TB,41,34,False,False,nflverse,7,G009880
2012,2012-09-16,2,REG,PHI,BAL,24,23,False,False,nflverse,1,G009881
2012,2012-09-16,2,REG,SEA,DAL,27,7,False,False,nflverse,20,G009882
2012,2012-09-16,2,REG,LAR,WSH,31,28,False,False,nflverse,3,G009883
2012,2012-09-16,2,REG,PIT,NYJ,27,10,False,False,nflverse,17,G009884
2012,2012-09-16,2,REG,LAC,TEN,38,10,False,False,nflverse,28,G009885
2012,2012-09-16,2,REG,SF,DET,27,19,False,False,nflverse,8,G009886
2012,2012-09-17,2,REG,ATL,DEN,27,21,False,False,nflverse,6,G009887
2012,2012-09-20,3,REG,CAR,NYG,7,36,False,False,nflverse,-29,G009888
2012,2012-09-23,3,REG,CHI,LAR,23,6,False,False,nflverse,17,G009889
2012,2012-09-23,3,REG,CLE,BUF,14,24,False,False,nflverse,-10,G009890
2012,2012-09-23,3,REG,DAL,TB,16,10,False,False,nflverse,6,G009891
2012,2012-09-23,3,REG,IND,JAX,17,22,False,False,nflverse,-5,G009892
2012,2012-09-23,3,REG,MIA,NYJ,20,23,False,True,nflverse,-3,G009893
2012,2012-09-23,3,REG,MIN,SF,24,13,False,False,nflverse,11,G009894
2012,2012-09-23,3,REG,NO,KC,24,27,False,True,nflverse,-3,G009895
2012,2012-09-23,3,REG,TEN,DET,44,41,False,True,nflverse,3,G009896
2012,2012-09-23,3,REG,WSH,CIN,31,38,False,False,nflverse,-7,G009897
2012,2012-09-23,3,REG,ARI,PHI,27,6,False,False,nflverse,21,G009898
2012,2012-09-23,3,REG,LAC,ATL,3,27,False,False,nflverse,-24,G009899
2012,2012-09-23,3,REG,DEN,HOU,25,31,False,False,nflverse,-6,G009900
2012,2012-09-23,3,REG,OAK,PIT,34,31,False,False,nflverse,3,G009901
2012,2012-09-23,3,REG,BAL,NE,31,30,False,False,nflverse,1,G009902
2012,2012-09-24,3,REG,SEA,GB,14,12,False,False,nflverse,2,G009903
2012,2012-09-27,4,REG,BAL,CLE,23,16,False,False,nflverse,7,G009904
2012,2012-09-30,4,REG,ATL,CAR,30,28,False,False,nflverse,2,G009905
2012,2012-09-30,4,REG,BUF,NE,28,52,False,False,nflverse,-24,G009906
2012,2012-09-30,4,REG,DET,MIN,13,20,False,False,nflverse,-7,G009907
2012,2012-09-30,4,REG,HOU,TEN,38,14,False,False,nflverse,24,G009908
2012,2012-09-30,4,REG,KC,LAC,20,37,False,False,nflverse,-17,G009909
2012,2012-09-30,4,REG,NYJ,SF,0,34,False,False,nflverse,-34,G009910
2012,2012-09-30,4,REG,LAR,SEA,19,13,False,False,nflverse,6,G009911
2012,2012-09-30,4,REG,ARI,MIA,24,21,False,True,nflverse,3,G009912
2012,2012-09-30,4,REG,DEN,OAK,37,6,False,False,nflverse,31,G009913
2012,2012-09-30,4,REG,JAX,CIN,10,27,False,False,nflverse,-17,G009914
2012,2012-09-30,4,REG,GB,NO,28,27,False,False,nflverse,1,G009915
2012,2012-09-30,4,REG,TB,WSH,22,24,False,False,nflverse,-2,G009916
2012,2012-09-30,4,REG,PHI,NYG,19,17,False,False,nflverse,2,G009917
2012,2012-10-01,4,REG,DAL,CHI,18,34,False,False,nflverse,-16,G009918
2012,2012-10-04,5,REG,LAR,ARI,17,3,False,False,nflverse,14,G009919
2012,2012-10-07,5,REG,CIN,MIA,13,17,False,False,nflverse,-4,G009920
2012,2012-10-07,5,REG,IND,GB,30,27,False,False,nflverse,3,G009921
2012,2012-10-07,5,REG,KC,BAL,6,9,False,False,nflverse,-3,G009922
2012,2012-10-07,5,REG,NYG,CLE,41,27,False,False,nflverse,14,G009923
2012,2012-10-07,5,REG,PIT,PHI,16,14,False,False,nflverse,2,G009924
2012,2012-10-07,5,REG,WSH,ATL,17,24,False,False,nflverse,-7,G009925
2012,2012-10-07,5,REG,CAR,SEA,12,16,False,False,nflverse,-4,G009926
2012,2012-10-07,5,REG,JAX,CHI,3,41,False,False,nflverse,-38,G009927
2012,2012-10-07,5,REG,MIN,TEN,30,7,False,False,nflverse,23,G009928
2012,2012-10-07,5,REG,NE,DEN,31,21,False,False,nflverse,10,G009929
2012,2012-10-07,5,REG,SF,BUF,45,3,False,False,nflverse,42,G009930
2012,2012-10-07,5,REG,NO,LAC,31,24,False,False,nflverse,7,G009931
2012,2012-10-08,5,REG,NYJ,HOU,17,23,False,False,nflverse,-6,G009932
2012,2012-10-11,6,REG,TEN,PIT,26,23,False,False,nflverse,3,G009933
2012,2012-10-14,6,REG,ATL,OAK,23,20,False,False,nflverse,3,G009934
2012,2012-10-14,6,REG,BAL,DAL,31,29,False,False,nflverse,2,G009935
2012,2012-10-14,6,REG,CLE,CIN,34,24,False,False,nflverse,10,G009936
2012,2012-10-14,6,REG,MIA,LAR,17,14,False,False,nflverse,3,G009937
2012,2012-10-14,6,REG,NYJ,IND,35,9,False,False,nflverse,26,G009938
2012,2012-10-14,6,REG,PHI,DET,23,26,False,True,nflverse,-3,G009939
2012,2012-10-14,6,REG,TB,KC,38,10,False,False,nflverse,28,G009940
2012,2012-10-14,6,REG,ARI,BUF,16,19,False,True,nflverse,-3,G009941
2012,2012-10-14,6,REG,SEA,NE,24,23,False,False,nflverse,1,G009942
2012,2012-10-14,6,REG,SF,NYG,3,26,False,False,nflverse,-23,G009943
2012,2012-10-14,6,REG,WSH,MIN,38,26,False,False,nflverse,12,G009944
2012,2012-10-14,6,REG,HOU,GB,24,42,False,False,nflverse,-18,G009945
2012,2012-10-15,6,REG,LAC,DEN,24,35,False,False,nflverse,-11,G009946
2012,2012-10-18,7,REG,SF,SEA,13,6,False,False,nflverse,7,G009947
2012,2012-10-21,7,REG,BUF,TEN,34,35,False,False,nflverse,-1,G009948
2012,2012-10-21,7,REG,CAR,DAL,14,19,False,False,nflverse,-5,G009949
2012,2012-10-21,7,REG,HOU,BAL,43,13,False,False,nflverse,30,G009950
2012,2012-10-21,7,REG,IND,CLE,17,13,False,False,nflverse,4,G009951
2012,2012-10-21,7,REG,MIN,ARI,21,14,False,False,nflverse,7,G009952
2012,2012-10-21,7,REG,NYG,WSH,27,23,False,False,nflverse,4,G009953
2012,2012-10-21,7,REG,LAR,GB,20,30,False,False,nflverse,-10,G009954
2012,2012-10-21,7,REG,TB,NO,28,35,False,False,nflverse,-7,G009955
2012,2012-10-21,7,REG,NE,NYJ,29,26,False,True,nflverse,3,G009956
2012,2012-10-21,7,REG,OAK,JAX,26,23,False,True,nflverse,3,G009957
2012,2012-10-21,7,REG,CIN,PIT,17,24,False,False,nflverse,-7,G009958
2012,2012-10-22,7,REG,CHI,DET,13,7,False,False,nflverse,6,G009959
2012,2012-10-25,8,REG,MIN,TB,17,36,False,False,nflverse,-19,G009960
2012,2012-10-28,8,REG,CHI,CAR,23,22,False,False,nflverse,1,G009961
2012,2012-10-28,8,REG,CLE,LAC,7,6,False,False,nflverse,1,G009962
2012,2012-10-28,8,REG,DET,SEA,28,24,False,False,nflverse,4,G009963
2012,2012-10-28,8,REG,GB,JAX,24,15,False,False,nflverse,9,G009964
2012,2012-10-28,8,REG,NYJ,MIA,9,30,False,False,nflverse,-21,G009965
2012,2012-10-28,8,REG,PHI,ATL,17,30,False,False,nflverse,-13,G009966
2012,2012-10-28,8,REG,PIT,WSH,27,12,False,False,nflverse,15,G009967
2012,2012-10-28,8,REG,LAR,NE,7,45,True,False,nflverse,-38,G009968
2012,2012-10-28,8,REG,TEN,IND,13,19,False,True,nflverse,-6,G009969
2012,2012-10-28,8,REG,KC,OAK,16,26,False,False,nflverse,-10,G009970
2012,2012-10-28,8,REG,DAL,NYG,24,29,False,False,nflverse,-5,G009971
2012,2012-10-28,8,REG,DEN,NO,34,14,False,False,nflverse,20,G009972
2012,2012-10-29,8,REG,ARI,SF,3,24,False,False,nflverse,-21,G009973
2012,2012-11-01,9,REG,LAC,KC,31,13,False,False,nflverse,18,G009974
2012,2012-11-04,9,REG,CIN,DEN,23,31,False,False,nflverse,-8,G009975
2012,2012-11-04,9,REG,CLE,BAL,15,25,False,False,nflverse,-10,G009976
2012,2012-11-04,9,REG,GB,ARI,31,17,False,False,nflverse,14,G009977
2012,2012-11-04,9,REG,HOU,BUF,21,9,False,False,nflverse,12,G009978
2012,2012-11-04,9,REG,IND,MIA,23,20,False,False,nflverse,3,G009979
2012,2012-11-04,9,REG,JAX,DET,14,31,False,False,nflverse,-17,G009980
2012,2012-11-04,9,REG,TEN,CHI,20,51,False,False,nflverse,-31,G009981
2012,2012-11-04,9,REG,WSH,CAR,13,21,False,False,nflverse,-8,G009982
2012,2012-11-04,9,REG,OAK,TB,32,42,False,False,nflverse,-10,G009983
2012,2012-11-04,9,REG,SEA,MIN,30,20,False,False,nflverse,10,G009984
2012,2012-11-04,9,REG,NYG,PIT,20,24,False,False,nflverse,-4,G009985
2012,2012-11-04,9,REG,ATL,DAL,19,13,False,False,nflverse,6,G009986
2012,2012-11-05,9,REG,NO,PHI,28,13,False,False,nflverse,15,G009987
2012,2012-11-08,10,REG,JAX,IND,10,27,False,False,nflverse,-17,G009988
2012,2012-11-11,10,REG,BAL,OAK,55,20,False,False,nflverse,35,G009989
2012,2012-11-11,10,REG,CAR,DEN,14,36,False,False,nflverse,-22,G009990
2012,2012-11-11,10,REG,CIN,NYG,31,13,False,False,nflverse,18,G009991
2012,2012-11-11,10,REG,MIA,TEN,3,37,False,False,nflverse,-34,G009992
2012,2012-11-11,10,REG,MIN,DET,34,24,False,False,nflverse,10,G009993
2012,2012-11-11,10,REG,NE,BUF,37,31,False,False,nflverse,6,G009994
2012,2012-11-11,10,REG,NO,ATL,31,27,False,False,nflverse,4,G009995
2012,2012-11-11,10,REG,TB,LAC,34,24,False,False,nflverse,10,G009996
2012,2012-11-11,10,REG,SEA,NYJ,28,7,False,False,nflverse,21,G009997
2012,2012-11-11,10,REG,PHI,DAL,23,38,False,False,nflverse,-15,G009998
2012,2012-11-11,10,REG,SF,LAR,24,24,False,True,nflverse,0,G009999
2012,2012-11-11,10,REG,CHI,HOU,6,13,False,False,nflverse,-7,G010000
2012,2012-11-12,10,REG,PIT,KC,16,13,False,True,nflverse,3,G010001
2012,2012-11-15,11,REG,BUF,MIA,19,14,False,False,nflverse,5,G010002
2012,2012-11-18,11,REG,ATL,ARI,23,19,False,False,nflverse,4,G010003
2012,2012-11-18,11,REG,CAR,TB,21,27,False,True,nflverse,-6,G010004
2012,2012-11-18,11,REG,DAL,CLE,23,20,False,True,nflverse,3,G010005
2012,2012-11-18,11,REG,DET,GB,20,24,False,False,nflverse,-4,G010006
2012,2012-11-18,11,REG,HOU,JAX,43,37,False,True,nflverse,6,G010007
2012,2012-11-18,11,REG,KC,CIN,6,28,False,False,nflverse,-22,G010008
2012,2012-11-18,11,REG,LAR,NYJ,13,27,False,False,nflverse,-14,G010009
2012,2012-11-18,11,REG,WSH,PHI,31,6,False,False,nflverse,25,G010010
2012,2012-11-18,11,REG,OAK,NO,17,38,False,False,nflverse,-21,G010011
2012,2012-11-18,11,REG,DEN,LAC,30,23,False,False,nflverse,7,G010012
2012,2012-11-18,11,REG,NE,IND,59,24,False,False,nflverse,35,G010013
2012,2012-11-18,11,REG,PIT,BAL,10,13,False,False,nflverse,-3,G010014
2012,2012-11-19,11,REG,SF,CHI,32,7,False,False,nflverse,25,G010015
2012,2012-11-22,12,REG,DET,HOU,31,34,False,True,nflverse,-3,G010016
2012,2012-11-22,12,REG,DAL,WSH,31,38,False,False,nflverse,-7,G010017
2012,2012-11-22,12,REG,NYJ,NE,19,49,False,False,nflverse,-30,G010018
2012,2012-11-25,12,REG,CHI,MIN,28,10,False,False,nflverse,18,G010019
2012,2012-11-25,12,REG,CIN,OAK,34,10,False,False,nflverse,24,G010020
2012,2012-11-25,12,REG,CLE,PIT,20,14,False,False,nflverse,6,G010021
2012,2012-11-25,12,REG,IND,BUF,20,13,False,False,nflverse,7,G010022
2012,2012-11-25,12,REG,JAX,TEN,24,19,False,False,nflverse,5,G010023
2012,2012-11-25,12,REG,KC,DEN,9,17,False,False,nflverse,-8,G010024
2012,2012-11-25,12,REG,MIA,SEA,24,21,False,False,nflverse,3,G010025
2012,2012-11-25,12,REG,TB,ATL,23,24,False,False,nflverse,-1,G010026
2012,2012-11-25,12,REG,LAC,BAL,13,16,False,True,nflverse,-3,G010027
2012,2012-11-25,12,REG,ARI,LAR,17,31,False,False,nflverse,-14,G010028
2012,2012-11-25,12,REG,NO,SF,21,31,False,False,nflverse,-10,G010029
2012,2012-11-25,12,REG,NYG,GB,38,10,False,False,nflverse,28,G010030
2012,2012-11-26,12,REG,PHI,CAR,22,30,False,False,nflverse,-8,G010031
2012,2012-11-29,13,REG,ATL,NO,23,13,False,False,nflverse,10,G010032
2012,2012-12-02,13,REG,BUF,JAX,34,18,False,False,nflverse,16,G010033
2012,2012-12-02,13,REG,CHI,SEA,17,23,False,True,nflverse,-6,G010034
2012,2012-12-02,13,REG,DET,IND,33,35,False,False,nflverse,-2,G010035
2012,2012-12-02,13,REG,GB,MIN,23,14,False,False,nflverse,9,G010036
2012,2012-12-02,13,REG,KC,CAR,27,21,False,False,nflverse,6,G010037
2012,2012-12-02,13,REG,MIA,NE,16,23,False,False,nflverse,-7,G010038
2012,2012-12-02,13,REG,NYJ,ARI,7,6,False,False,nflverse,1,G010039
2012,2012-12-02,13,REG,LAR,SF,16,13,False,True,nflverse,3,G010040
2012,2012-12-02,13,REG,TEN,HOU,10,24,False,False,nflverse,-14,G010041
2012,2012-12-02,13,REG,DEN,TB,31,23,False,False,nflverse,8,G010042
2012,2012-12-02,13,REG,BAL,PIT,20,23,False,False,nflverse,-3,G010043
2012,2012-12-02,13,REG,OAK,CLE,17,20,False,False,nflverse,-3,G010044
2012,2012-12-02,13,REG,LAC,CIN,13,20,False,False,nflverse,-7,G010045
2012,2012-12-02,13,REG,DAL,PHI,38,33,False,False,nflverse,5,G010046
2012,2012-12-03,13,REG,WSH,NYG,17,16,False,False,nflverse,1,G010047
2012,2012-12-06,14,REG,OAK,DEN,13,26,False,False,nflverse,-13,G010048
2012,2012-12-09,14,REG,BUF,LAR,12,15,False,False,nflverse,-3,G010049
2012,2012-12-09,14,REG,CAR,ATL,30,20,False,False,nflverse,10,G010050
2012,2012-12-09,14,REG,CIN,DAL,19,20,False,False,nflverse,-1,G010051
2012,2012-12-09,14,REG,CLE,KC,30,7,False,False,nflverse,23,G010052
2012,2012-12-09,14,REG,IND,TEN,27,23,False,False,nflverse,4,G010053
2012,2012-12-09,14,REG,JAX,NYJ,10,17,False,False,nflverse,-7,G010054
2012,2012-12-09,14,REG,MIN,CHI,21,14,False,False,nflverse,7,G010055
2012,2012-12-09,14,REG,PIT,LAC,24,34,False,False,nflverse,-10,G010056
2012,2012-12-09,14,REG,TB,PHI,21,23,False,False,nflverse,-2,G010057
2012,2012-12-09,14,REG,WSH,BAL,31,28,False,True,nflverse,3,G010058
2012,2012-12-09,14,REG,SF,MIA,27,13,False,False,nflverse,14,G010059
2012,2012-12-09,14,REG,NYG,NO,52,27,False,False,nflverse,25,G010060
2012,2012-12-09,14,REG,SEA,ARI,58,0,False,False,nflverse,58,G010061
2012,2012-12-09,14,REG,GB,DET,27,20,False,False,nflverse,7,G010062
2012,2012-12-10,14,REG,NE,HOU,42,14,False,False,nflverse,28,G010063
2012,2012-12-13,15,REG,PHI,CIN,13,34,False,False,nflverse,-21,G010064
2012,2012-12-16,15,REG,ATL,NYG,34,0,False,False,nflverse,34,G010065
2012,2012-12-16,15,REG,BAL,DEN,17,34,False,False,nflverse,-17,G010066
2012,2012-12-16,15,REG,CHI,GB,13,21,False,False,nflverse,-8,G010067
2012,2012-12-16,15,REG,CLE,WSH,21,38,False,False,nflverse,-17,G010068
2012,2012-12-16,15,REG,HOU,IND,29,17,False,False,nflverse,12,G010069
2012,2012-12-16,15,REG,MIA,JAX,24,3,False,False,nflverse,21,G010070
2012,2012-12-16,15,REG,NO,TB,41,0,False,False,nflverse,41,G010071
2012,2012-12-16,15,REG,LAR,MIN,22,36,False,False,nflverse,-14,G010072
2012,2012-12-16,15,REG,ARI,DET,38,10,False,False,nflverse,28,G010073
2012,2012-12-16,15,REG,BUF,SEA,17,50,False,False,nflverse,-33,G010074
2012,2012-12-16,15,REG,LAC,CAR,7,31,False,False,nflverse,-24,G010075
2012,2012-12-16,15,REG,DAL,PIT,27,24,False,True,nflverse,3,G010076
2012,2012-12-16,15,REG,OAK,KC,15,0,False,False,nflverse,15,G010077
2012,2012-12-16,15,REG,NE,SF,34,41,False,False,nflverse,-7,G010078
2012,2012-12-17,15,REG,TEN,NYJ,14,10,False,False,nflverse,4,G010079
2012,2012-12-22,16,REG,DET,ATL,18,31,False,False,nflverse,-13,G010080
2012,2012-12-23,16,REG,CAR,OAK,17,6,False,False,nflverse,11,G010081
2012,2012-12-23,16,REG,DAL,NO,31,34,False,True,nflverse,-3,G010082
2012,2012-12-23,16,REG,GB,TEN,55,7,False,False,nflverse,48,G010083
2012,2012-12-23,16,REG,HOU,MIN,6,23,False,False,nflverse,-17,G010084
2012,2012-12-23,16,REG,JAX,NE,16,23,False,False,nflverse,-7,G010085
2012,2012-12-23,16,REG,KC,IND,13,20,False,False,nflverse,-7,G010086
2012,2012-12-23,16,REG,MIA,BUF,24,10,False,False,nflverse,14,G010087
2012,2012-12-23,16,REG,NYJ,LAC,17,27,False,False,nflverse,-10,G010088
2012,2012-12-23,16,REG,PHI,WSH,20,27,False,False,nflverse,-7,G010089
2012,2012-12-23,16,REG,PIT,CIN,10,13,False,False,nflverse,-3,G010090
2012,2012-12-23,16,REG,TB,LAR,13,28,False,False,nflverse,-15,G010091
2012,2012-12-23,16,REG,DEN,CLE,34,12,False,False,nflverse,22,G010092
2012,2012-12-23,16,REG,ARI,CHI,13,28,False,False,nflverse,-15,G010093
2012,2012-12-23,16,REG,BAL,NYG,33,14,False,False,nflverse,19,G010094
2012,2012-12-23,16,REG,SEA,SF,42,13,False,False,nflverse,29,G010095
2012,2012-12-30,17,REG,ATL,TB,17,22,False,False,nflverse,-5,G010096
2012,2012-12-30,17,REG,BUF,NYJ,28,9,False,False,nflverse,19,G010097
2012,2012-12-30,17,REG,CIN,BAL,23,17,False,False,nflverse,6,G010098
2012,2012-12-30,17,REG,DET,CHI,24,26,False,False,nflverse,-2,G010099
2012,2012-12-30,17,REG,IND,HOU,28,16,False,False,nflverse,12,G010100
2012,2012-12-30,17,REG,NO,CAR,38,44,False,False,nflverse,-6,G010101
2012,2012-12-30,17,REG,NYG,PHI,42,7,False,False,nflverse,35,G010102
2012,2012-12-30,17,REG,PIT,CLE,24,10,False,False,nflverse,14,G010103
2012,2012-12-30,17,REG,TEN,JAX,38,20,False,False,nflverse,18,G010104
2012,2012-12-30,17,REG,DEN,KC,38,3,False,False,nflverse,35,G010105
2012,2012-12-30,17,REG,MIN,GB,37,34,False,False,nflverse,3,G010106
2012,2012-12-30,17,REG,NE,MIA,28,0,False,False,nflverse,28,G010107
2012,2012-12-30,17,REG,LAC,OAK,24,21,False,False,nflverse,3,G010108
2012,2012-12-30,17,REG,SEA,LAR,20,13,False,False,nflverse,7,G010109
2012,2012-12-30,17,REG,SF,ARI,27,13,False,False,nflverse,14,G010110
2012,2012-12-30,17,REG,WSH,DAL,28,18,False,False,nflverse,10,G010111
2012,2013-01-05,18,WC,HOU,CIN,19,13,False,False,nflverse,6,G010112
2012,2013-01-05,18,WC,GB,MIN,24,10,False,False,nflverse,14,G010113
2012,2013-01-06,18,WC,BAL,IND,24,9,False,False,nflverse,15,G010114
2012,2013-01-06,18,WC,WSH,SEA,14,24,False,False,nflverse,-10,G010115
2012,2013-01-12,19,DIV,DEN,BAL,35,38,False,True,nflverse,-3,G010116
2012,2013-01-12,19,DIV,SF,GB,45,31,False,False,nflverse,14,G010117
2012,2013-01-13,19,DIV,ATL,SEA,30,28,False,False,nflverse,2,G010118
2012,2013-01-13,19,DIV,NE,HOU,41,28,False,False,nflverse,13,G010119
2012,2013-01-20,20,CON,ATL,SF,24,28,False,False,nflverse,-4,G010120
2012,2013-01-20,20,CON,NE,BAL,13,28,False,False,nflverse,-15,G010121
2012,2013-02-03,21,SB,SF,BAL,31,34,True,False,nflverse,-3,G010122
2013,2013-09-05,1,REG,DEN,BAL,49,27,False,False,nflverse,22,G010123
2013,2013-09-08,1,REG,BUF,NE,21,23,False,False,nflverse,-2,G010124
2013,2013-09-08,1,REG,CAR,SEA,7,12,False,False,nflverse,-5,G010125
2013,2013-09-08,1,REG,CHI,CIN,24,21,False,False,nflverse,3,G010126
2013,2013-09-08,1,REG,CLE,MIA,10,23,False,False,nflverse,-13,G010127
2013,2013-09-08,1,REG,DET,MIN,34,24,False,False,nflverse,10,G010128
2013,2013-09-08,1,REG,IND,OAK,21,17,False,False,nflverse,4,G010129
2013,2013-09-08,1,REG,JAX,KC,2,28,False,False,nflverse,-26,G010130
2013,2013-09-08,1,REG,NO,ATL,23,17,False,False,nflverse,6,G010131
2013,2013-09-08,1,REG,NYJ,TB,18,17,False,False,nflverse,1,G010132
2013,2013-09-08,1,REG,PIT,TEN,9,16,False,False,nflverse,-7,G010133
2013,2013-09-08,1,REG,SF,GB,34,28,False,False,nflverse,6,G010134
2013,2013-09-08,1,REG,LAR,ARI,27,24,False,False,nflverse,3,G010135
2013,2013-09-08,1,REG,DAL,NYG,36,31,False,False,nflverse,5,G010136
2013,2013-09-09,1,REG,WSH,PHI,27,33,False,False,nflverse,-6,G010137
2013,2013-09-09,1,REG,LAC,HOU,28,31,False,False,nflverse,-3,G010138
2013,2013-09-12,2,REG,NE,NYJ,13,10,False,False,nflverse,3,G010139
2013,2013-09-15,2,REG,ATL,LAR,31,24,False,False,nflverse,7,G010140
2013,2013-09-15,2,REG,BAL,CLE,14,6,False,False,nflverse,8,G010141
2013,2013-09-15,2,REG,BUF,CAR,24,23,False,False,nflverse,1,G010142
2013,2013-09-15,2,REG,CHI,MIN,31,30,False,False,nflverse,1,G010143
2013,2013-09-15,2,REG,GB,WSH,38,20,False,False,nflverse,18,G010144
2013,2013-09-15,2,REG,HOU,TEN,30,24,False,True,nflverse,6,G010145
2013,2013-09-15,2,REG,IND,MIA,20,24,False,False,nflverse,-4,G010146
2013,2013-09-15,2,REG,KC,DAL,17,16,False,False,nflverse,1,G010147
2013,2013-09-15,2,REG,PHI,LAC,30,33,False,False,nflverse,-3,G010148
2013,2013-09-15,2,REG,ARI,DET,25,21,False,False,nflverse,4,G010149
2013,2013-09-15,2,REG,TB,NO,14,16,False,False,nflverse,-2,G010150
2013,2013-09-15,2,REG,NYG,DEN,23,41,False,False,nflverse,-18,G010151
2013,2013-09-15,2,REG,OAK,JAX,19,9,False,False,nflverse,10,G010152
2013,2013-09-15,2,REG,SEA,SF,29,3,False,False,nflverse,26,G010153
2013,2013-09-16,2,REG,CIN,PIT,20,10,False,False,nflverse,10,G010154
2013,2013-09-19,3,REG,PHI,KC,16,26,False,False,nflverse,-10,G010155
2013,2013-09-22,3,REG,BAL,HOU,30,9,False,False,nflverse,21,G010156
2013,2013-09-22,3,REG,CAR,NYG,38,0,False,False,nflverse,38,G010157
2013,2013-09-22,3,REG,CIN,GB,34,30,False,False,nflverse,4,G010158
2013,2013-09-22,3,REG,DAL,LAR,31,7,False,False,nflverse,24,G010159
2013,2013-09-22,3,REG,MIN,CLE,27,31,False,False,nflverse,-4,G010160
2013,2013-09-22,3,REG,NE,TB,23,3,False,False,nflverse,20,G010161
2013,2013-09-22,3,REG,NO,ARI,31,7,False,False,nflverse,24,G010162
2013,2013-09-22,3,REG,TEN,LAC,20,17,False,False,nflverse,3,G010163
2013,2013-09-22,3,REG,WSH,DET,20,27,False,False,nflverse,-7,G010164
2013,2013-09-22,3,REG,MIA,ATL,27,23,False,False,nflverse,4,G010165
2013,2013-09-22,3,REG,NYJ,BUF,27,20,False,False,nflverse,7,G010166
2013,2013-09-22,3,REG,SEA,JAX,45,17,False,False,nflverse,28,G010167
2013,2013-09-22,3,REG,SF,IND,7,27,False,False,nflverse,-20,G010168
2013,2013-09-22,3,REG,PIT,CHI,23,40,False,False,nflverse,-17,G010169
2013,2013-09-23,3,REG,DEN,OAK,37,21,False,False,nflverse,16,G010170
2013,2013-09-26,4,REG,LAR,SF,11,35,False,False,nflverse,-24,G010171
2013,2013-09-29,4,REG,BUF,BAL,23,20,False,False,nflverse,3,G010172
2013,2013-09-29,4,REG,CLE,CIN,17,6,False,False,nflverse,11,G010173
2013,2013-09-29,4,REG,DET,CHI,40,32,False,False,nflverse,8,G010174
2013,2013-09-29,4,REG,HOU,SEA,20,23,False,True,nflverse,-3,G010175
2013,2013-09-29,4,REG,JAX,IND,3,37,False,False,nflverse,-34,G010176
2013,2013-09-29,4,REG,KC,NYG,31,7,False,False,nflverse,24,G010177
2013,2013-09-29,4,REG,MIN,PIT,34,27,True,False,nflverse,7,G010178
2013,2013-09-29,4,REG,TB,ARI,10,13,False,False,nflverse,-3,G010179
2013,2013-09-29,4,REG,TEN,NYJ,38,13,False,False,nflverse,25,G010180
2013,2013-09-29,4,REG,DEN,PHI,52,20,False,False,nflverse,32,G010181
2013,2013-09-29,4,REG,OAK,WSH,14,24,False,False,nflverse,-10,G010182
2013,2013-09-29,4,REG,LAC,DAL,30,21,False,False,nflverse,9,G010183
2013,2013-09-29,4,REG,ATL,NE,23,30,False,False,nflverse,-7,G010184
2013,2013-09-30,4,REG,NO,MIA,38,17,False,False,nflverse,21,G010185
2013,2013-10-03,5,REG,CLE,BUF,37,24,False,False,nflverse,13,G010186
2013,2013-10-06,5,REG,CHI,NO,18,26,False,False,nflverse,-8,G010187
2013,2013-10-06,5,REG,CIN,NE,13,6,False,False,nflverse,7,G010188
2013,2013-10-06,5,REG,GB,DET,22,9,False,False,nflverse,13,G010189
2013,2013-10-06,5,REG,IND,SEA,34,28,False,False,nflverse,6,G010190
2013,2013-10-06,5,REG,MIA,BAL,23,26,False,False,nflverse,-3,G010191
2013,2013-10-06,5,REG,NYG,PHI,21,36,False,False,nflverse,-15,G010192
2013,2013-10-06,5,REG,LAR,JAX,34,20,False,False,nflverse,14,G010193
2013,2013-10-06,5,REG,TEN,KC,17,26,False,False,nflverse,-9,G010194
2013,2013-10-06,5,REG,ARI,CAR,22,6,False,False,nflverse,16,G010195
2013,2013-10-06,5,REG,DAL,DEN,48,51,False,False,nflverse,-3,G010196
2013,2013-10-06,5,REG,SF,HOU,34,3,False,False,nflverse,31,G010197
2013,2013-10-06,5,REG,OAK,LAC,27,17,False,False,nflverse,10,G010198
2013,2013-10-07,5,REG,ATL,NYJ,28,30,False,False,nflverse,-2,G010199
2013,2013-10-10,6,REG,CHI,NYG,27,21,False,False,nflverse,6,G010200
2013,2013-10-13,6,REG,BAL,GB,17,19,False,False,nflverse,-2,G010201
2013,2013-10-13,6,REG,BUF,CIN,24,27,False,True,nflverse,-3,G010202
2013,2013-10-13,6,REG,CLE,DET,17,31,False,False,nflverse,-14,G010203
2013,2013-10-13,6,REG,HOU,LAR,13,38,False,False,nflverse,-25,G010204
2013,2013-10-13,6,REG,KC,OAK,24,7,False,False,nflverse,17,G010205
2013,2013-10-13,6,REG,MIN,CAR,10,35,False,False,nflverse,-25,G010206
2013,2013-10-13,6,REG,NYJ,PIT,6,19,False,False,nflverse,-13,G010207
2013,2013-10-13,6,REG,TB,PHI,20,31,False,False,nflverse,-11,G010208
2013,2013-10-13,6,REG,DEN,JAX,35,19,False,False,nflverse,16,G010209
2013,2013-10-13,6,REG,SEA,TEN,20,13,False,False,nflverse,7,G010210
2013,2013-10-13,6,REG,NE,NO,30,27,False,False,nflverse,3,G010211
2013,2013-10-13,6,REG,SF,ARI,32,20,False,False,nflverse,12,G010212
2013,2013-10-13,6,REG,DAL,WSH,31,16,False,False,nflverse,15,G010213
2013,2013-10-14,6,REG,LAC,IND,19,9,False,False,nflverse,10,G010214
2013,2013-10-17,7,REG,ARI,SEA,22,34,False,False,nflverse,-12,G010215
2013,2013-10-20,7,REG,ATL,TB,31,23,False,False,nflverse,8,G010216
2013,2013-10-20,7,REG,CAR,LAR,30,15,False,False,nflverse,15,G010217
2013,2013-10-20,7,REG,DET,CIN,24,27,False,False,nflverse,-3,G010218
2013,2013-10-20,7,REG,JAX,LAC,6,24,False,False,nflverse,-18,G010219
2013,2013-10-20,7,REG,MIA,BUF,21,23,False,False,nflverse,-2,G010220
2013,2013-10-20,7,REG,NYJ,NE,30,27,False,True,nflverse,3,G010221
2013,2013-10-20,7,REG,PHI,DAL,3,17,False,False,nflverse,-14,G010222
2013,2013-10-20,7,REG,WSH,CHI,45,41,False,False,nflverse,4,G010223
2013,2013-10-20,7,REG,TEN,SF,17,31,False,False,nflverse,-14,G010224
2013,2013-10-20,7,REG,GB,CLE,31,13,False,False,nflverse,18,G010225
2013,2013-10-20,7,REG,KC,HOU,17,16,False,False,nflverse,1,G010226
2013,2013-10-20,7,REG,PIT,BAL,19,16,False,False,nflverse,3,G010227
2013,2013-10-20,7,REG,IND,DEN,39,33,False,False,nflverse,6,G010228
2013,2013-10-21,7,REG,NYG,MIN,23,7,False,False,nflverse,16,G010229
2013,2013-10-24,8,REG,TB,CAR,13,31,False,False,nflverse,-18,G010230
2013,2013-10-27,8,REG,DET,DAL,31,30,False,False,nflverse,1,G010231
2013,2013-10-27,8,REG,JAX,SF,10,42,True,False,nflverse,-32,G010232
2013,2013-10-27,8,REG,KC,CLE,23,17,False,False,nflverse,6,G010233
2013,2013-10-27,8,REG,NE,MIA,27,17,False,False,nflverse,10,G010234
2013,2013-10-27,8,REG,NO,BUF,35,17,False,False,nflverse,18,G010235
2013,2013-10-27,8,REG,PHI,NYG,7,15,False,False,nflverse,-8,G010236
2013,2013-10-27,8,REG,CIN,NYJ,49,9,False,False,nflverse,40,G010237
2013,2013-10-27,8,REG,OAK,PIT,21,18,False,False,nflverse,3,G010238
2013,2013-10-27,8,REG,ARI,ATL,27,13,False,False,nflverse,14,G010239
2013,2013-10-27,8,REG,DEN,WSH,45,21,False,False,nflverse,24,G010240
2013,2013-10-27,8,REG,MIN,GB,31,44,False,False,nflverse,-13,G010241
2013,2013-10-28,8,REG,LAR,SEA,9,14,False,False,nflverse,-5,G010242
2013,2013-10-31,9,REG,MIA,CIN,22,20,False,True,nflverse,2,G010243
2013,2013-11-03,9,REG,BUF,KC,13,23,False,False,nflverse,-10,G010244
2013,2013-11-03,9,REG,CAR,ATL,34,10,False,False,nflverse,24,G010245
2013,2013-11-03,9,REG,DAL,MIN,27,23,False,False,nflverse,4,G010246
2013,2013-11-03,9,REG,NYJ,NO,26,20,False,False,nflverse,6,G010247
2013,2013-11-03,9,REG,LAR,TEN,21,28,False,False,nflverse,-7,G010248
2013,2013-11-03,9,REG,WSH,LAC,30,24,False,True,nflverse,6,G010249
2013,2013-11-03,9,REG,OAK,PHI,20,49,False,False,nflverse,-29,G010250
2013,2013-11-03,9,REG,SEA,TB,27,24,False,True,nflverse,3,G010251
2013,2013-11-03,9,REG,CLE,BAL,24,18,False,False,nflverse,6,G010252
2013,2013-11-03,9,REG,NE,PIT,55,31,False,False,nflverse,24,G010253
2013,2013-11-03,9,REG,HOU,IND,24,27,False,False,nflverse,-3,G010254
2013,2013-11-04,9,REG,GB,CHI,20,27,False,False,nflverse,-7,G010255
2013,2013-11-07,10,REG,MIN,WSH,34,27,False,False,nflverse,7,G010256
2013,2013-11-10,10,REG,ATL,SEA,10,33,False,False,nflverse,-23,G010257
2013,2013-11-10,10,REG,BAL,CIN,20,17,False,True,nflverse,3,G010258
2013,2013-11-10,10,REG,CHI,DET,19,21,False,False,nflverse,-2,G010259
2013,2013-11-10,10,REG,GB,PHI,13,27,False,False,nflverse,-14,G010260
2013,2013-11-10,10,REG,IND,LAR,8,38,False,False,nflverse,-30,G010261
2013,2013-11-10,10,REG,NYG,OAK,24,20,False,False,nflverse,4,G010262
2013,2013-11-10,10,REG,PIT,BUF,23,10,False,False,nflverse,13,G010263
2013,2013-11-10,10,REG,TEN,JAX,27,29,False,False,nflverse,-2,G010264
2013,2013-11-10,10,REG,SF,CAR,9,10,False,False,nflverse,-1,G010265
2013,2013-11-10,10,REG,ARI,HOU,27,24,False,False,nflverse,3,G010266
2013,2013-11-10,10,REG,LAC,DEN,20,28,False,False,nflverse,-8,G010267
2013,2013-11-10,10,REG,NO,DAL,49,17,False,False,nflverse,32,G010268
2013,2013-11-11,10,REG,TB,MIA,22,19,False,False,nflverse,3,G010269
2013,2013-11-14,11,REG,TEN,IND,27,30,False,False,nflverse,-3,G010270
2013,2013-11-17,11,REG,BUF,NYJ,37,14,False,False,nflverse,23,G010271
2013,2013-11-17,11,REG,CHI,BAL,23,20,False,True,nflverse,3,G010272
2013,2013-11-17,11,REG,CIN,CLE,41,20,False,False,nflverse,21,G010273
2013,2013-11-17,11,REG,HOU,OAK,23,28,False,False,nflverse,-5,G010274
2013,2013-11-17,11,REG,JAX,ARI,14,27,False,False,nflverse,-13,G010275
2013,2013-11-17,11,REG,PHI,WSH,24,16,False,False,nflverse,8,G010276
2013,2013-11-17,11,REG,PIT,DET,37,27,False,False,nflverse,10,G010277
2013,2013-11-17,11,REG,TB,ATL,41,28,False,False,nflverse,13,G010278
2013,2013-11-17,11,REG,MIA,LAC,20,16,False,False,nflverse,4,G010279
2013,2013-11-17,11,REG,NO,SF,23,20,False,False,nflverse,3,G010280
2013,2013-11-17,11,REG,NYG,GB,27,13,False,False,nflverse,14,G010281
2013,2013-11-17,11,REG,SEA,MIN,41,20,False,False,nflverse,21,G010282
2013,2013-11-17,11,REG,DEN,KC,27,17,False,False,nflverse,10,G010283
2013,2013-11-18,11,REG,CAR,NE,24,20,False,False,nflverse,4,G010284
2013,2013-11-21,12,REG,ATL,NO,13,17,False,False,nflverse,-4,G010285
2013,2013-11-24,12,REG,BAL,NYJ,19,3,False,False,nflverse,16,G010286
2013,2013-11-24,12,REG,CLE,PIT,11,27,False,False,nflverse,-16,G010287
2013,2013-11-24,12,REG,DET,TB,21,24,False,False,nflverse,-3,G010288
2013,2013-11-24,12,REG,GB,MIN,26,26,False,True,nflverse,0,G010289
2013,2013-11-24,12,REG,HOU,JAX,6,13,False,False,nflverse,-7,G010290
2013,2013-11-24,12,REG,KC,LAC,38,41,False,False,nflverse,-3,G010291
2013,2013-11-24,12,REG,MIA,CAR,16,20,False,False,nflverse,-4,G010292
2013,2013-11-24,12,REG,LAR,CHI,42,21,False,False,nflverse,21,G010293
2013,2013-11-24,12,REG,ARI,IND,40,11,False,False,nflverse,29,G010294
2013,2013-11-24,12,REG,OAK,TEN,19,23,False,False,nflverse,-4,G010295
2013,2013-11-24,12,REG,NYG,DAL,21,24,False,False,nflverse,-3,G010296
2013,2013-11-24,12,REG,NE,DEN,34,31,False,True,nflverse,3,G010297
2013,2013-11-25,12,REG,WSH,SF,6,27,False,False,nflverse,-21,G010298
2013,2013-11-28,13,REG,DET,GB,40,10,False,False,nflverse,30,G010299
2013,2013-11-28,13,REG,DAL,OAK,31,24,False,False,nflverse,7,G010300
2013,2013-11-28,13,REG,BAL,PIT,22,20,False,False,nflverse,2,G010301
2013,2013-12-01,13,REG,CAR,TB,27,6,False,False,nflverse,21,G010302
2013,2013-12-01,13,REG,CLE,JAX,28,32,False,False,nflverse,-4,G010303
2013,2013-12-01,13,REG,HOU,NE,31,34,False,False,nflverse,-3,G010304
2013,2013-12-01,13,REG,IND,TEN,22,14,False,False,nflverse,8,G010305
2013,2013-12-01,13,REG,MIN,CHI,23,20,False,True,nflverse,3,G010306
2013,2013-12-01,13,REG,NYJ,MIA,3,23,False,False,nflverse,-20,G010307
2013,2013-12-01,13,REG,PHI,ARI,24,21,False,False,nflverse,3,G010308
2013,2013-12-01,13,REG,BUF,ATL,31,34,True,True,nflverse,-3,G010309
2013,2013-12-01,13,REG,SF,LAR,23,13,False,False,nflverse,10,G010310
2013,2013-12-01,13,REG,KC,DEN,28,35,False,False,nflverse,-7,G010311
2013,2013-12-01,13,REG,LAC,CIN,10,17,False,False,nflverse,-7,G010312
2013,2013-12-01,13,REG,WSH,NYG,17,24,False,False,nflverse,-7,G010313
2013,2013-12-02,13,REG,SEA,NO,34,7,False,False,nflverse,27,G010314
2013,2013-12-05,14,REG,JAX,HOU,27,20,False,False,nflverse,7,G010315
2013,2013-12-08,14,REG,BAL,MIN,29,26,False,False,nflverse,3,G010316
2013,2013-12-08,14,REG,CIN,IND,42,28,False,False,nflverse,14,G010317
2013,2013-12-08,14,REG,GB,ATL,22,21,False,False,nflverse,1,G010318
2013,2013-12-08,14,REG,NE,CLE,27,26,False,False,nflverse,1,G010319
2013,2013-12-08,14,REG,NYJ,OAK,37,27,False,False,nflverse,10,G010320
2013,2013-12-08,14,REG,PHI,DET,34,20,False,False,nflverse,14,G010321
2013,2013-12-08,14,REG,PIT,MIA,28,34,False,False,nflverse,-6,G010322
2013,2013-12-08,14,REG,TB,BUF,27,6,False,False,nflverse,21,G010323
2013,2013-12-08,14,REG,WSH,KC,10,45,False,False,nflverse,-35,G010324
2013,2013-12-08,14,REG,DEN,TEN,51,28,False,False,nflverse,23,G010325
2013,2013-12-08,14,REG,ARI,LAR,30,10,False,False,nflverse,20,G010326
2013,2013-12-08,14,REG,LAC,NYG,37,14,False,False,nflverse,23,G010327
2013,2013-12-08,14,REG,SF,SEA,19,17,False,False,nflverse,2,G010328
2013,2013-12-08,14,REG,NO,CAR,31,13,False,False,nflverse,18,G010329
2013,2013-12-09,14,REG,CHI,DAL,45,28,False,False,nflverse,17,G010330
2013,2013-12-12,15,REG,DEN,LAC,20,27,False,False,nflverse,-7,G010331
2013,2013-12-15,15,REG,ATL,WSH,27,26,False,False,nflverse,1,G010332
2013,2013-12-15,15,REG,CLE,CHI,31,38,False,False,nflverse,-7,G010333
2013,2013-12-15,15,REG,IND,HOU,25,3,False,False,nflverse,22,G010334
2013,2013-12-15,15,REG,JAX,BUF,20,27,False,False,nflverse,-7,G010335
2013,2013-12-15,15,REG,MIA,NE,24,20,False,False,nflverse,4,G010336
2013,2013-12-15,15,REG,MIN,PHI,48,30,False,False,nflverse,18,G010337
2013,2013-12-15,15,REG,NYG,SEA,0,23,False,False,nflverse,-23,G010338
2013,2013-12-15,15,REG,TB,SF,14,33,False,False,nflverse,-19,G010339
2013,2013-12-15,15,REG,CAR,NYJ,30,20,False,False,nflverse,10,G010340
2013,2013-12-15,15,REG,OAK,KC,31,56,False,False,nflverse,-25,G010341
2013,2013-12-15,15,REG,DAL,GB,36,37,False,False,nflverse,-1,G010342
2013,2013-12-15,15,REG,LAR,NO,27,16,False,False,nflverse,11,G010343
2013,2013-12-15,15,REG,TEN,ARI,34,37,False,True,nflverse,-3,G010344
2013,2013-12-15,15,REG,PIT,CIN,30,20,False,False,nflverse,10,G010345
2013,2013-12-16,15,REG,DET,BAL,16,18,False,False,nflverse,-2,G010346
2013,2013-12-22,16,REG,BUF,MIA,19,0,False,False,nflverse,19,G010347
2013,2013-12-22,16,REG,CAR,NO,17,13,False,False,nflverse,4,G010348
2013,2013-12-22,16,REG,CIN,MIN,42,14,False,False,nflverse,28,G010349
2013,2013-12-22,16,REG,HOU,DEN,13,37,False,False,nflverse,-24,G010350
2013,2013-12-22,16,REG,JAX,TEN,16,20,False,False,nflverse,-4,G010351
2013,2013-12-22,16,REG,KC,IND,7,23,False,False,nflverse,-16,G010352
2013,2013-12-22,16,REG,NYJ,CLE,24,13,False,False,nflverse,11,G010353
2013,2013-12-22,16,REG,LAR,TB,23,13,False,False,nflverse,10,G010354
2013,2013-12-22,16,REG,WSH,DAL,23,24,False,False,nflverse,-1,G010355
2013,2013-12-22,16,REG,DET,NYG,20,23,False,True,nflverse,-3,G010356
2013,2013-12-22,16,REG,SEA,ARI,10,17,False,False,nflverse,-7,G010357
2013,2013-12-22,16,REG,BAL,NE,7,41,False,False,nflverse,-34,G010358
2013,2013-12-22,16,REG,GB,PIT,31,38,False,False,nflverse,-7,G010359
2013,2013-12-22,16,REG,LAC,OAK,26,13,False,False,nflverse,13,G010360
2013,2013-12-22,16,REG,PHI,CHI,54,11,False,False,nflverse,43,G010361
2013,2013-12-23,16,REG,SF,ATL,34,24,False,False,nflverse,10,G010362
2013,2013-12-29,17,REG,ATL,CAR,20,21,False,False,nflverse,-1,G010363
2013,2013-12-29,17,REG,CIN,BAL,34,17,False,False,nflverse,17,G010364
2013,2013-12-29,17,REG,IND,JAX,30,10,False,False,nflverse,20,G010365
2013,2013-12-29,17,REG,MIA,NYJ,7,20,False,False,nflverse,-13,G010366
2013,2013-12-29,17,REG,MIN,DET,14,13,False,False,nflverse,1,G010367
2013,2013-12-29,17,REG,NYG,WSH,20,6,False,False,nflverse,14,G010368
2013,2013-12-29,17,REG,PIT,CLE,20,7,False,False,nflverse,13,G010369
2013,2013-12-29,17,REG,TEN,HOU,16,10,False,False,nflverse,6,G010370
2013,2013-12-29,17,REG,ARI,SF,20,23,False,False,nflverse,-3,G010371
2013,2013-12-29,17,REG,CHI,GB,28,33,False,False,nflverse,-5,G010372
2013,2013-12-29,17,REG,NE,BUF,34,20,False,False,nflverse,14,G010373
2013,2013-12-29,17,REG,NO,TB,42,17,False,False,nflverse,25,G010374
2013,2013-12-29,17,REG,OAK,DEN,14,34,False,False,nflverse,-20,G010375
2013,2013-12-29,17,REG,LAC,KC,27,24,False,True,nflverse,3,G010376
2013,2013-12-29,17,REG,SEA,LAR,27,9,False,False,nflverse,18,G010377
2013,2013-12-29,17,REG,DAL,PHI,22,24,False,False,nflverse,-2,G010378
2013,2014-01-04,18,WC,IND,KC,45,44,False,False,nflverse,1,G010379
2013,2014-01-04,18,WC,PHI,NO,24,26,False,False,nflverse,-2,G010380
2013,2014-01-05,18,WC,CIN,LAC,10,27,False,False,nflverse,-17,G010381
2013,2014-01-05,18,WC,GB,SF,20,23,False,False,nflverse,-3,G010382
2013,2014-01-11,19,DIV,SEA,NO,23,15,False,False,nflverse,8,G010383
2013,2014-01-11,19,DIV,NE,IND,43,22,False,False,nflverse,21,G010384
2013,2014-01-12,19,DIV,CAR,SF,10,23,False,False,nflverse,-13,G010385
2013,2014-01-12,19,DIV,DEN,LAC,24,17,False,False,nflverse,7,G010386
2013,2014-01-19,20,CON,DEN,NE,26,16,False,False,nflverse,10,G010387
2013,2014-01-19,20,CON,SEA,SF,23,17,False,False,nflverse,6,G010388
2013,2014-02-02,21,SB,DEN,SEA,8,43,True,False,nflverse,-35,G010389
2014,2014-09-04,1,REG,SEA,GB,36,16,False,False,nflverse,20,G010390
2014,2014-09-07,1,REG,ATL,NO,37,34,False,True,nflverse,3,G010391
2014,2014-09-07,1,REG,BAL,CIN,16,23,False,False,nflverse,-7,G010392
2014,2014-09-07,1,REG,CHI,BUF,20,23,False,True,nflverse,-3,G010393
2014,2014-09-07,1,REG,HOU,WSH,17,6,False,False,nflverse,11,G010394
2014,2014-09-07,1,REG,KC,TEN,10,26,False,False,nflverse,-16,G010395
2014,2014-09-07,1,REG,MIA,NE,33,20,False,False,nflverse,13,G010396
2014,2014-09-07,1,REG,NYJ,OAK,19,14,False,False,nflverse,5,G010397
2014,2014-09-07,1,REG,PHI,JAX,34,17,False,False,nflverse,17,G010398
2014,2014-09-07,1,REG,PIT,CLE,30,27,False,False,nflverse,3,G010399
2014,2014-09-07,1,REG,LAR,MIN,6,34,False,False,nflverse,-28,G010400
2014,2014-09-07,1,REG,DAL,SF,17,28,False,False,nflverse,-11,G010401
2014,2014-09-07,1,REG,TB,CAR,14,20,False,False,nflverse,-6,G010402
2014,2014-09-07,1,REG,DEN,IND,31,24,False,False,nflverse,7,G010403
2014,2014-09-08,1,REG,DET,NYG,35,14,False,False,nflverse,21,G010404
2014,2014-09-08,1,REG,ARI,LAC,18,17,False,False,nflverse,1,G010405
2014,2014-09-11,2,REG,BAL,PIT,26,6,False,False,nflverse,20,G010406
2014,2014-09-14,2,REG,BUF,MIA,29,10,False,False,nflverse,19,G010407
2014,2014-09-14,2,REG,CAR,DET,24,7,False,False,nflverse,17,G010408
2014,2014-09-14,2,REG,CIN,ATL,24,10,False,False,nflverse,14,G010409
2014,2014-09-14,2,REG,CLE,NO,26,24,False,False,nflverse,2,G010410
2014,2014-09-14,2,REG,MIN,NE,7,30,False,False,nflverse,-23,G010411
2014,2014-09-14,2,REG,NYG,ARI,14,25,False,False,nflverse,-11,G010412
2014,2014-09-14,2,REG,TEN,DAL,10,26,False,False,nflverse,-16,G010413
2014,2014-09-14,2,REG,WSH,JAX,41,10,False,False,nflverse,31,G010414
2014,2014-09-14,2,REG,LAC,SEA,30,21,False,False,nflverse,9,G010415
2014,2014-09-14,2,REG,TB,LAR,17,19,False,False,nflverse,-2,G010416
2014,2014-09-14,2,REG,DEN,KC,24,17,False,False,nflverse,7,G010417
2014,2014-09-14,2,REG,GB,NYJ,31,24,False,False,nflverse,7,G010418
2014,2014-09-14,2,REG,OAK,HOU,14,30,False,False,nflverse,-16,G010419
2014,2014-09-14,2,REG,SF,CHI,20,28,False,False,nflverse,-8,G010420
2014,2014-09-15,2,REG,IND,PHI,27,30,False,False,nflverse,-3,G010421
2014,2014-09-18,3,REG,ATL,TB,56,14,False,False,nflverse,42,G010422
2014,2014-09-21,3,REG,BUF,LAC,10,22,False,False,nflverse,-12,G010423
2014,2014-09-21,3,REG,CIN,TEN,33,7,False,False,nflverse,26,G010424
2014,2014-09-21,3,REG,CLE,BAL,21,23,False,False,nflverse,-2,G010425
2014,2014-09-21,3,REG,DET,GB,19,7,False,False,nflverse,12,G010426
2014,2014-09-21,3,REG,JAX,IND,17,44,False,False,nflverse,-27,G010427
2014,2014-09-21,3,REG,NE,OAK,16,9,False,False,nflverse,7,G010428
2014,2014-09-21,3,REG,NO,MIN,20,9,False,False,nflverse,11,G010429
2014,2014-09-21,3,REG,NYG,HOU,30,17,False,False,nflverse,13,G010430
2014,2014-09-21,3,REG,PHI,WSH,37,34,False,False,nflverse,3,G010431
2014,2014-09-21,3,REG,LAR,DAL,31,34,False,False,nflverse,-3,G010432
2014,2014-09-21,3,REG,ARI,SF,23,14,False,False,nflverse,9,G010433
2014,2014-09-21,3,REG,MIA,KC,15,34,False,False,nflverse,-19,G010434
2014,2014-09-21,3,REG,SEA,DEN,26,20,False,True,nflverse,6,G010435
2014,2014-09-21,3,REG,CAR,PIT,19,37,False,False,nflverse,-18,G010436
2014,2014-09-22,3,REG,NYJ,CHI,19,27,False,False,nflverse,-8,G010437
2014,2014-09-25,4,REG,WSH,NYG,14,45,False,False,nflverse,-31,G010438
2014,2014-09-28,4,REG,BAL,CAR,38,10,False,False,nflverse,28,G010439
2014,2014-09-28,4,REG,CHI,GB,17,38,False,False,nflverse,-21,G010440
2014,2014-09-28,4,REG,HOU,BUF,23,17,False,False,nflverse,6,G010441
2014,2014-09-28,4,REG,IND,TEN,41,17,False,False,nflverse,24,G010442
2014,2014-09-28,4,REG,NYJ,DET,17,24,False,False,nflverse,-7,G010443
2014,2014-09-28,4,REG,OAK,MIA,14,38,True,False,nflverse,-24,G010444
2014,2014-09-28,4,REG,PIT,TB,24,27,False,False,nflverse,-3,G010445
2014,2014-09-28,4,REG,LAC,JAX,33,14,False,False,nflverse,19,G010446
2014,2014-09-28,4,REG,MIN,ATL,41,28,False,False,nflverse,13,G010447
2014,2014-09-28,4,REG,SF,PHI,26,21,False,False,nflverse,5,G010448
2014,2014-09-28,4,REG,DAL,NO,38,17,False,False,nflverse,21,G010449
2014,2014-09-29,4,REG,KC,NE,41,14,False,False,nflverse,27,G010450
2014,2014-10-02,5,REG,GB,MIN,42,10,False,False,nflverse,32,G010451
2014,2014-10-05,5,REG,CAR,CHI,31,24,False,False,nflverse,7,G010452
2014,2014-10-05,5,REG,DAL,HOU,20,17,False,True,nflverse,3,G010453
2014,2014-10-05,5,REG,DET,BUF,14,17,False,False,nflverse,-3,G010454
2014,2014-10-05,5,REG,IND,BAL,20,13,False,False,nflverse,7,G010455
2014,2014-10-05,5,REG,JAX,PIT,9,17,False,False,nflverse,-8,G010456
2014,2014-10-05,5,REG,NO,TB,37,31,False,True,nflverse,6,G010457
2014,2014-10-05,5,REG,NYG,ATL,30,20,False,False,nflverse,10,G010458
2014,2014-10-05,5,REG,PHI,LAR,34,28,False,False,nflverse,6,G010459
2014,2014-10-05,5,REG,TEN,CLE,28,29,False,False,nflverse,-1,G010460
2014,2014-10-05,5,REG,DEN,ARI,41,20,False,False,nflverse,21,G010461
2014,2014-10-05,5,REG,LAC,NYJ,31,0,False,False,nflverse,31,G010462
2014,2014-10-05,5,REG,SF,KC,22,17,False,False,nflverse,5,G010463
2014,2014-10-05,5,REG,NE,CIN,43,17,False,False,nflverse,26,G010464
2014,2014-10-06,5,REG,WSH,SEA,17,27,False,False,nflverse,-10,G010465
2014,2014-10-09,6,REG,HOU,IND,28,33,False,False,nflverse,-5,G010466
2014,2014-10-12,6,REG,BUF,NE,22,37,False,False,nflverse,-15,G010467
2014,2014-10-12,6,REG,CIN,CAR,37,37,False,True,nflverse,0,G010468
2014,2014-10-12,6,REG,CLE,PIT,31,10,False,False,nflverse,21,G010469
2014,2014-10-12,6,REG,MIA,GB,24,27,False,False,nflverse,-3,G010470
2014,2014-10-12,6,REG,MIN,DET,3,17,False,False,nflverse,-14,G010471
2014,2014-10-12,6,REG,NYJ,DEN,17,31,False,False,nflverse,-14,G010472
2014,2014-10-12,6,REG,TB,BAL,17,48,False,False,nflverse,-31,G010473
2014,2014-10-12,6,REG,TEN,JAX,16,14,False,False,nflverse,2,G010474
2014,2014-10-12,6,REG,OAK,LAC,28,31,False,False,nflverse,-3,G010475
2014,2014-10-12,6,REG,ARI,WSH,30,20,False,False,nflverse,10,G010476
2014,2014-10-12,6,REG,ATL,CHI,13,27,False,False,nflverse,-14,G010477
2014,2014-10-12,6,REG,SEA,DAL,23,30,False,False,nflverse,-7,G010478
2014,2014-10-12,6,REG,PHI,NYG,27,0,False,False,nflverse,27,G010479
2014,2014-10-13,6,REG,LAR,SF,17,31,False,False,nflverse,-14,G010480
2014,2014-10-16,7,REG,NE,NYJ,27,25,False,False,nflverse,2,G010481
2014,2014-10-19,7,REG,BAL,ATL,29,7,False,False,nflverse,22,G010482
2014,2014-10-19,7,REG,BUF,MIN,17,16,False,False,nflverse,1,G010483
2014,2014-10-19,7,REG,CHI,MIA,14,27,False,False,nflverse,-13,G010484
2014,2014-10-19,7,REG,DET,NO,24,23,False,False,nflverse,1,G010485
2014,2014-10-19,7,REG,GB,CAR,38,17,False,False,nflverse,21,G010486
2014,2014-10-19,7,REG,IND,CIN,27,0,False,False,nflverse,27,G010487
2014,2014-10-19,7,REG,JAX,CLE,24,6,False,False,nflverse,18,G010488
2014,2014-10-19,7,REG,LAR,SEA,28,26,False,False,nflverse,2,G010489
2014,2014-10-19,7,REG,WSH,TEN,19,17,False,False,nflverse,2,G010490
2014,2014-10-19,7,REG,LAC,KC,20,23,False,False,nflverse,-3,G010491
2014,2014-10-19,7,REG,DAL,NYG,31,21,False,False,nflverse,10,G010492
2014,2014-10-19,7,REG,OAK,ARI,13,24,False,False,nflverse,-11,G010493
2014,2014-10-19,7,REG,DEN,SF,42,17,False,False,nflverse,25,G010494
2014,2014-10-20,7,REG,PIT,HOU,30,23,False,False,nflverse,7,G010495
2014,2014-10-23,8,REG,DEN,LAC,35,21,False,False,nflverse,14,G010496
2014,2014-10-26,8,REG,ATL,DET,21,22,True,False,nflverse,-1,G010497
2014,2014-10-26,8,REG,CAR,SEA,9,13,False,False,nflverse,-4,G010498
2014,2014-10-26,8,REG,CIN,BAL,27,24,False,False,nflverse,3,G010499
2014,2014-10-26,8,REG,JAX,MIA,13,27,False,False,nflverse,-14,G010500
2014,2014-10-26,8,REG,KC,LAR,34,7,False,False,nflverse,27,G010501
2014,2014-10-26,8,REG,NE,CHI,51,23,False,False,nflverse,28,G010502
2014,2014-10-26,8,REG,NYJ,BUF,23,43,False,False,nflverse,-20,G010503
2014,2014-10-26,8,REG,TB,MIN,13,19,False,True,nflverse,-6,G010504
2014,2014-10-26,8,REG,TEN,HOU,16,30,False,False,nflverse,-14,G010505
2014,2014-10-26,8,REG,ARI,PHI,24,20,False,False,nflverse,4,G010506
2014,2014-10-26,8,REG,CLE,OAK,23,13,False,False,nflverse,10,G010507
2014,2014-10-26,8,REG,PIT,IND,51,34,False,False,nflverse,17,G010508
2014,2014-10-26,8,REG,NO,GB,44,23,False,False,nflverse,21,G010509
2014,2014-10-27,8,REG,DAL,WSH,17,20,False,True,nflverse,-3,G010510
2014,2014-10-30,9,REG,CAR,NO,10,28,False,False,nflverse,-18,G010511
2014,2014-11-02,9,REG,CIN,JAX,33,23,False,False,nflverse,10,G010512
2014,2014-11-02,9,REG,CLE,TB,22,17,False,False,nflverse,5,G010513
2014,2014-11-02,9,REG,DAL,ARI,17,28,False,False,nflverse,-11,G010514
2014,2014-11-02,9,REG,HOU,PHI,21,31,False,False,nflverse,-10,G010515
2014,2014-11-02,9,REG,KC,NYJ,24,10,False,False,nflverse,14,G010516
2014,2014-11-02,9,REG,MIA,LAC,37,0,False,False,nflverse,37,G010517
2014,2014-11-02,9,REG,MIN,WSH,29,26,False,False,nflverse,3,G010518
2014,2014-11-02,9,REG,SF,LAR,10,13,False,False,nflverse,-3,G010519
2014,2014-11-02,9,REG,NE,DEN,43,21,False,False,nflverse,22,G010520
2014,2014-11-02,9,REG,SEA,OAK,30,24,False,False,nflverse,6,G010521
2014,2014-11-02,9,REG,PIT,BAL,43,23,False,False,nflverse,20,G010522
2014,2014-11-03,9,REG,NYG,IND,24,40,False,False,nflverse,-16,G010523
2014,2014-11-06,10,REG,CIN,CLE,3,24,False,False,nflverse,-21,G010524
2014,2014-11-09,10,REG,BAL,TEN,21,7,False,False,nflverse,14,G010525
2014,2014-11-09,10,REG,BUF,KC,13,17,False,False,nflverse,-4,G010526
2014,2014-11-09,10,REG,DET,MIA,20,16,False,False,nflverse,4,G010527
2014,2014-11-09,10,REG,JAX,DAL,17,31,True,False,nflverse,-14,G010528
2014,2014-11-09,10,REG,NO,SF,24,27,False,True,nflverse,-3,G010529
2014,2014-11-09,10,REG,NYJ,PIT,20,13,False,False,nflverse,7,G010530
2014,2014-11-09,10,REG,TB,ATL,17,27,False,False,nflverse,-10,G010531
2014,2014-11-09,10,REG,OAK,DEN,17,41,False,False,nflverse,-24,G010532
2014,2014-11-09,10,REG,ARI,LAR,31,14,False,False,nflverse,17,G010533
2014,2014-11-09,10,REG,SEA,NYG,38,17,False,False,nflverse,21,G010534
2014,2014-11-09,10,REG,GB,CHI,55,14,False,False,nflverse,41,G010535
2014,2014-11-10,10,REG,PHI,CAR,45,21,False,False,nflverse,24,G010536
2014,2014-11-13,11,REG,MIA,BUF,22,9,False,False,nflverse,13,G010537
2014,2014-11-16,11,REG,CAR,ATL,17,19,False,False,nflverse,-2,G010538
2014,2014-11-16,11,REG,CHI,MIN,21,13,False,False,nflverse,8,G010539
2014,2014-11-16,11,REG,CLE,HOU,7,23,False,False,nflverse,-16,G010540
2014,2014-11-16,11,REG,KC,SEA,24,20,False,False,nflverse,4,G010541
2014,2014-11-16,11,REG,NO,CIN,10,27,False,False,nflverse,-17,G010542
2014,2014-11-16,11,REG,NYG,SF,10,16,False,False,nflverse,-6,G010543
2014,2014-11-16,11,REG,LAR,DEN,22,7,False,False,nflverse,15,G010544
2014,2014-11-16,11,REG,WSH,TB,7,27,False,False,nflverse,-20,G010545
2014,2014-11-16,11,REG,LAC,OAK,13,6,False,False,nflverse,7,G010546
2014,2014-11-16,11,REG,ARI,DET,14,6,False,False,nflverse,8,G010547
2014,2014-11-16,11,REG,GB,PHI,53,20,False,False,nflverse,33,G010548
2014,2014-11-16,11,REG,IND,NE,20,42,False,False,nflverse,-22,G010549
2014,2014-11-17,11,REG,TEN,PIT,24,27,False,False,nflverse,-3,G010550
2014,2014-11-20,12,REG,OAK,KC,24,20,False,False,nflverse,4,G010551
2014,2014-11-23,12,REG,ATL,CLE,24,26,False,False,nflverse,-2,G010552
2014,2014-11-23,12,REG,CHI,TB,21,13,False,False,nflverse,8,G010553
2014,2014-11-23,12,REG,HOU,CIN,13,22,False,False,nflverse,-9,G010554
2014,2014-11-23,12,REG,IND,JAX,23,3,False,False,nflverse,20,G010555
2014,2014-11-23,12,REG,MIN,GB,21,24,False,False,nflverse,-3,G010556
2014,2014-11-23,12,REG,NE,DET,34,9,False,False,nflverse,25,G010557
2014,2014-11-23,12,REG,PHI,TEN,43,24,False,False,nflverse,19,G010558
2014,2014-11-23,12,REG,LAC,LAR,27,24,False,False,nflverse,3,G010559
2014,2014-11-23,12,REG,SEA,ARI,19,3,False,False,nflverse,16,G010560
2014,2014-11-23,12,REG,DEN,MIA,39,36,False,False,nflverse,3,G010561
2014,2014-11-23,12,REG,SF,WSH,17,13,False,False,nflverse,4,G010562
2014,2014-11-23,12,REG,NYG,DAL,28,31,False,False,nflverse,-3,G010563
2014,2014-11-24,12,REG,BUF,NYJ,38,3,True,False,nflverse,35,G010564
2014,2014-11-24,12,REG,NO,BAL,27,34,False,False,nflverse,-7,G010565
2014,2014-11-27,13,REG,DET,CHI,34,17,False,False,nflverse,17,G010566
2014,2014-11-27,13,REG,DAL,PHI,10,33,False,False,nflverse,-23,G010567
2014,2014-11-27,13,REG,SF,SEA,3,19,False,False,nflverse,-16,G010568
2014,2014-11-30,13,REG,BAL,LAC,33,34,False,False,nflverse,-1,G010569
2014,2014-11-30,13,REG,BUF,CLE,26,10,False,False,nflverse,16,G010570
2014,2014-11-30,13,REG,HOU,TEN,45,21,False,False,nflverse,24,G010571
2014,2014-11-30,13,REG,IND,WSH,49,27,False,False,nflverse,22,G010572
2014,2014-11-30,13,REG,JAX,NYG,25,24,False,False,nflverse,1,G010573
2014,2014-11-30,13,REG,MIN,CAR,31,13,False,False,nflverse,18,G010574
2014,2014-11-30,13,REG,PIT,NO,32,35,False,False,nflverse,-3,G010575
2014,2014-11-30,13,REG,LAR,OAK,52,0,False,False,nflverse,52,G010576
2014,2014-11-30,13,REG,TB,CIN,13,14,False,False,nflverse,-1,G010577
2014,2014-11-30,13,REG,ATL,ARI,29,18,False,False,nflverse,11,G010578
2014,2014-11-30,13,REG,GB,NE,26,21,False,False,nflverse,5,G010579
2014,2014-11-30,13,REG,KC,DEN,16,29,False,False,nflverse,-13,G010580
2014,2014-12-01,13,REG,NYJ,MIA,13,16,False,False,nflverse,-3,G010581
2014,2014-12-04,14,REG,CHI,DAL,28,41,False,False,nflverse,-13,G010582
2014,2014-12-07,14,REG,CIN,PIT,21,42,False,False,nflverse,-21,G010583
2014,2014-12-07,14,REG,CLE,IND,24,25,False,False,nflverse,-1,G010584
2014,2014-12-07,14,REG,DET,TB,34,17,False,False,nflverse,17,G010585
2014,2014-12-07,14,REG,JAX,HOU,13,27,False,False,nflverse,-14,G010586
2014,2014-12-07,14,REG,MIA,BAL,13,28,False,False,nflverse,-15,G010587
2014,2014-12-07,14,REG,MIN,NYJ,30,24,False,True,nflverse,6,G010588
2014,2014-12-07,14,REG,NO,CAR,10,41,False,False,nflverse,-31,G010589
2014,2014-12-07,14,REG,TEN,NYG,7,36,False,False,nflverse,-29,G010590
2014,2014-12-07,14,REG,WSH,LAR,0,24,False,False,nflverse,-24,G010591
2014,2014-12-07,14,REG,ARI,KC,17,14,False,False,nflverse,3,G010592
2014,2014-12-07,14,REG,DEN,BUF,24,17,False,False,nflverse,7,G010593
2014,2014-12-07,14,REG,OAK,SF,24,13,False,False,nflverse,11,G010594
2014,2014-12-07,14,REG,PHI,SEA,14,24,False,False,nflverse,-10,G010595
2014,2014-12-07,14,REG,LAC,NE,14,23,False,False,nflverse,-9,G010596
2014,2014-12-08,14,REG,GB,ATL,43,37,False,False,nflverse,6,G010597
2014,2014-12-11,15,REG,LAR,ARI,6,12,False,False,nflverse,-6,G010598
2014,2014-12-14,15,REG,ATL,PIT,20,27,False,False,nflverse,-7,G010599
2014,2014-12-14,15,REG,BAL,JAX,20,12,False,False,nflverse,8,G010600
2014,2014-12-14,15,REG,BUF,GB,21,13,False,False,nflverse,8,G010601
2014,2014-12-14,15,REG,CAR,TB,19,17,False,False,nflverse,2,G010602
2014,2014-12-14,15,REG,CLE,CIN,0,30,False,False,nflverse,-30,G010603
2014,2014-12-14,15,REG,IND,HOU,17,10,False,False,nflverse,7,G010604
2014,2014-12-14,15,REG,KC,OAK,31,13,False,False,nflverse,18,G010605
2014,2014-12-14,15,REG,NE,MIA,41,13,False,False,nflverse,28,G010606
2014,2014-12-14,15,REG,NYG,WSH,24,13,False,False,nflverse,11,G010607
2014,2014-12-14,15,REG,LAC,DEN,10,22,False,False,nflverse,-12,G010608
2014,2014-12-14,15,REG,TEN,NYJ,11,16,False,False,nflverse,-5,G010609
2014,2014-12-14,15,REG,DET,MIN,16,14,False,False,nflverse,2,G010610
2014,2014-12-14,15,REG,SEA,SF,17,7,False,False,nflverse,10,G010611
2014,2014-12-14,15,REG,PHI,DAL,27,38,False,False,nflverse,-11,G010612
2014,2014-12-15,15,REG,CHI,NO,15,31,False,False,nflverse,-16,G010613
2014,2014-12-18,16,REG,JAX,TEN,21,13,False,False,nflverse,8,G010614
2014,2014-12-20,16,REG,WSH,PHI,27,24,False,False,nflverse,3,G010615
2014,2014-12-20,16,REG,SF,LAC,35,38,False,True,nflverse,-3,G010616
2014,2014-12-21,16,REG,CAR,CLE,17,13,False,False,nflverse,4,G010617
2014,2014-12-21,16,REG,CHI,DET,14,20,False,False,nflverse,-6,G010618
2014,2014-12-21,16,REG,HOU,BAL,25,13,False,False,nflverse,12,G010619
2014,2014-12-21,16,REG,MIA,MIN,37,35,False,False,nflverse,2,G010620
2014,2014-12-21,16,REG,NO,ATL,14,30,False,False,nflverse,-16,G010621
2014,2014-12-21,16,REG,NYJ,NE,16,17,False,False,nflverse,-1,G010622
2014,2014-12-21,16,REG,PIT,KC,20,12,False,False,nflverse,8,G010623
2014,2014-12-21,16,REG,TB,GB,3,20,False,False,nflverse,-17,G010624
2014,2014-12-21,16,REG,LAR,NYG,27,37,False,False,nflverse,-10,G010625
2014,2014-12-21,16,REG,DAL,IND,42,7,False,False,nflverse,35,G010626
2014,2014-12-21,16,REG,OAK,BUF,26,24,False,False,nflverse,2,G010627
2014,2014-12-21,16,REG,ARI,SEA,6,35,False,False,nflverse,-29,G010628
2014,2014-12-22,16,REG,CIN,DEN,37,28,False,False,nflverse,9,G010629
2014,2014-12-28,17,REG,BAL,CLE,20,10,False,False,nflverse,10,G010630
2014,2014-12-28,17,REG,HOU,JAX,23,17,False,False,nflverse,6,G010631
2014,2014-12-28,17,REG,KC,LAC,19,7,False,False,nflverse,12,G010632
2014,2014-12-28,17,REG,MIA,NYJ,24,37,False,False,nflverse,-13,G010633
2014,2014-12-28,17,REG,MIN,CHI,13,9,False,False,nflverse,4,G010634
2014,2014-12-28,17,REG,NE,BUF,9,17,False,False,nflverse,-8,G010635
2014,2014-12-28,17,REG,NYG,PHI,26,34,False,False,nflverse,-8,G010636
2014,2014-12-28,17,REG,TB,NO,20,23,False,False,nflverse,-3,G010637
2014,2014-12-28,17,REG,TEN,IND,10,27,False,False,nflverse,-17,G010638
2014,2014-12-28,17,REG,WSH,DAL,17,44,False,False,nflverse,-27,G010639
2014,2014-12-28,17,REG,ATL,CAR,3,34,False,False,nflverse,-31,G010640
2014,2014-12-28,17,REG,DEN,OAK,47,14,False,False,nflverse,33,G010641
2014,2014-12-28,17,REG,GB,DET,30,20,False,False,nflverse,10,G010642
2014,2014-12-28,17,REG,SEA,LAR,20,6,False,False,nflverse,14,G010643
2014,2014-12-28,17,REG,SF,ARI,20,17,False,False,nflverse,3,G010644
2014,2014-12-28,17,REG,PIT,CIN,27,17,False,False,nflverse,10,G010645
2014,2015-01-03,18,WC,CAR,ARI,27,16,False,False,nflverse,11,G010646
2014,2015-01-03,18,WC,PIT,BAL,17,30,False,False,nflverse,-13,G010647
2014,2015-01-04,18,WC,IND,CIN,26,10,False,False,nflverse,16,G010648
2014,2015-01-04,18,WC,DAL,DET,24,20,False,False,nflverse,4,G010649
2014,2015-01-10,19,DIV,NE,BAL,35,31,False,False,nflverse,4,G010650
2014,2015-01-10,19,DIV,SEA,CAR,31,17,False,False,nflverse,14,G010651
2014,2015-01-11,19,DIV,GB,DAL,26,21,False,False,nflverse,5,G010652
2014,2015-01-11,19,DIV,DEN,IND,13,24,False,False,nflverse,-11,G010653
2014,2015-01-18,20,CON,SEA,GB,28,22,False,True,nflverse,6,G010654
2014,2015-01-18,20,CON,NE,IND,45,7,False,False,nflverse,38,G010655
2014,2015-02-01,21,SB,SEA,NE,24,28,True,False,nflverse,-4,G010656
2015,2015-09-10,1,REG,NE,PIT,28,21,False,False,nflverse,7,G010657
2015,2015-09-13,1,REG,BUF,IND,27,14,False,False,nflverse,13,G010658
2015,2015-09-13,1,REG,CHI,GB,23,31,False,False,nflverse,-8,G010659
2015,2015-09-13,1,REG,HOU,KC,20,27,False,False,nflverse,-7,G010660
2015,2015-09-13,1,REG,JAX,CAR,9,20,False,False,nflverse,-11,G010661
2015,2015-09-13,1,REG,NYJ,CLE,31,10,False,False,nflverse,21,G010662
2015,2015-09-13,1,REG,LAR,SEA,34,31,False,True,nflverse,3,G010663
2015,2015-09-13,1,REG,WSH,MIA,10,17,False,False,nflverse,-7,G010664
2015,2015-09-13,1,REG,ARI,NO,31,19,False,False,nflverse,12,G010665
2015,2015-09-13,1,REG,LAC,DET,33,28,False,False,nflverse,5,G010666
2015,2015-09-13,1,REG,DEN,BAL,19,13,False,False,nflverse,6,G010667
2015,2015-09-13,1,REG,OAK,CIN,13,33,False,False,nflverse,-20,G010668
2015,2015-09-13,1,REG,TB,TEN,14,42,False,False,nflverse,-28,G010669
2015,2015-09-13,1,REG,DAL,NYG,27,26,False,False,nflverse,1,G010670
2015,2015-09-14,1,REG,ATL,PHI,26,24,False,False,nflverse,2,G010671
2015,2015-09-14,1,REG,SF,MIN,20,3,False,False,nflverse,17,G010672
2015,2015-09-17,2,REG,KC,DEN,24,31,False,False,nflverse,-7,G010673
2015,2015-09-20,2,REG,BUF,NE,32,40,False,False,nflverse,-8,G010674
2015,2015-09-20,2,REG,CAR,HOU,24,17,False,False,nflverse,7,G010675
2015,2015-09-20,2,REG,CHI,ARI,23,48,False,False,nflverse,-25,G010676
2015,2015-09-20,2,REG,CIN,LAC,24,19,False,False,nflverse,5,G010677
2015,2015-09-20,2,REG,CLE,TEN,28,14,False,False,nflverse,14,G010678
2015,2015-09-20,2,REG,MIN,DET,26,16,False,False,nflverse,10,G010679
2015,2015-09-20,2,REG,NO,TB,19,26,False,False,nflverse,-7,G010680
2015,2015-09-20,2,REG,NYG,ATL,20,24,False,False,nflverse,-4,G010681
2015,2015-09-20,2,REG,PIT,SF,43,18,False,False,nflverse,25,G010682
2015,2015-09-20,2,REG,WSH,LAR,24,10,False,False,nflverse,14,G010683
2015,2015-09-20,2,REG,JAX,MIA,23,20,False,False,nflverse,3,G010684
2015,2015-09-20,2,REG,OAK,BAL,37,33,False,False,nflverse,4,G010685
2015,2015-09-20,2,REG,PHI,DAL,10,20,False,False,nflverse,-10,G010686
2015,2015-09-20,2,REG,GB,SEA,27,17,False,False,nflverse,10,G010687
2015,2015-09-21,2,REG,IND,NYJ,7,20,False,False,nflverse,-13,G010688
2015,2015-09-24,3,REG,NYG,WSH,32,21,False,False,nflverse,11,G010689
2015,2015-09-27,3,REG,BAL,CIN,24,28,False,False,nflverse,-4,G010690
2015,2015-09-27,3,REG,CAR,NO,27,22,False,False,nflverse,5,G010691
2015,2015-09-27,3,REG,CLE,OAK,20,27,False,False,nflverse,-7,G010692
2015,2015-09-27,3,REG,DAL,ATL,28,39,False,False,nflverse,-11,G010693
2015,2015-09-27,3,REG,HOU,TB,19,9,False,False,nflverse,10,G010694
2015,2015-09-27,3,REG,MIN,LAC,31,14,False,False,nflverse,17,G010695
2015,2015-09-27,3,REG,NE,JAX,51,17,False,False,nflverse,34,G010696
2015,2015-09-27,3,REG,NYJ,PHI,17,24,False,False,nflverse,-7,G010697
2015,2015-09-27,3,REG,LAR,PIT,6,12,False,False,nflverse,-6,G010698
2015,2015-09-27,3,REG,TEN,IND,33,35,False,False,nflverse,-2,G010699
2015,2015-09-27,3,REG,ARI,SF,47,7,False,False,nflverse,40,G010700
2015,2015-09-27,3,REG,MIA,BUF,14,41,False,False,nflverse,-27,G010701
2015,2015-09-27,3,REG,SEA,CHI,26,0,False,False,nflverse,26,G010702
2015,2015-09-27,3,REG,DET,DEN,12,24,False,False,nflverse,-12,G010703
2015,2015-09-28,3,REG,GB,KC,38,28,False,False,nflverse,10,G010704
2015,2015-10-01,4,REG,PIT,BAL,20,23,False,True,nflverse,-3,G010705
2015,2015-10-04,4,REG,MIA,NYJ,14,27,True,False,nflverse,-13,G010706
2015,2015-10-04,4,REG,ATL,HOU,48,21,False,False,nflverse,27,G010707
2015,2015-10-04,4,REG,BUF,NYG,10,24,False,False,nflverse,-14,G010708
2015,2015-10-04,4,REG,CHI,OAK,22,20,False,False,nflverse,2,G010709
2015,2015-10-04,4,REG,CIN,KC,36,21,False,False,nflverse,15,G010710
2015,2015-10-04,4,REG,IND,JAX,16,13,False,True,nflverse,3,G010711
2015,2015-10-04,4,REG,TB,CAR,23,37,False,False,nflverse,-14,G010712
2015,2015-10-04,4,REG,WSH,PHI,23,20,False,False,nflverse,3,G010713
2015,2015-10-04,4,REG,LAC,CLE,30,27,False,False,nflverse,3,G010714
2015,2015-10-04,4,REG,ARI,LAR,22,24,False,False,nflverse,-2,G010715
2015,2015-10-04,4,REG,DEN,MIN,23,20,False,False,nflverse,3,G010716
2015,2015-10-04,4,REG,SF,GB,3,17,False,False,nflverse,-14,G010717
2015,2015-10-04,4,REG,NO,DAL,26,20,False,True,nflverse,6,G010718
2015,2015-10-05,4,REG,SEA,DET,13,10,False,False,nflverse,3,G010719
2015,2015-10-08,5,REG,HOU,IND,20,27,False,False,nflverse,-7,G010720
2015,2015-10-11,5,REG,ATL,WSH,25,19,False,True,nflverse,6,G010721
2015,2015-10-11,5,REG,BAL,CLE,30,33,False,True,nflverse,-3,G010722
2015,2015-10-11,5,REG,CIN,SEA,27,24,False,True,nflverse,3,G010723
2015,2015-10-11,5,REG,GB,LAR,24,10,False,False,nflverse,14,G010724
2015,2015-10-11,5,REG,KC,CHI,17,18,False,False,nflverse,-1,G010725
2015,2015-10-11,5,REG,PHI,NO,39,17,False,False,nflverse,22,G010726
2015,2015-10-11,5,REG,TB,JAX,38,31,False,False,nflverse,7,G010727
2015,2015-10-11,5,REG,TEN,BUF,13,14,False,False,nflverse,-1,G010728
2015,2015-10-11,5,REG,DET,ARI,17,42,False,False,nflverse,-25,G010729
2015,2015-10-11,5,REG,DAL,NE,6,30,False,False,nflverse,-24,G010730
2015,2015-10-11,5,REG,OAK,DEN,10,16,False,False,nflverse,-6,G010731
2015,2015-10-11,5,REG,NYG,SF,30,27,False,False,nflverse,3,G010732
2015,2015-10-12,5,REG,LAC,PIT,20,24,False,False,nflverse,-4,G010733
2015,2015-10-15,6,REG,NO,ATL,31,21,False,False,nflverse,10,G010734
2015,2015-10-18,6,REG,BUF,CIN,21,34,False,False,nflverse,-13,G010735
2015,2015-10-18,6,REG,CLE,DEN,23,26,False,True,nflverse,-3,G010736
2015,2015-10-18,6,REG,DET,CHI,37,34,False,True,nflverse,3,G010737
2015,2015-10-18,6,REG,JAX,HOU,20,31,False,False,nflverse,-11,G010738
2015,2015-10-18,6,REG,MIN,KC,16,10,False,False,nflverse,6,G010739
2015,2015-10-18,6,REG,NYJ,WSH,34,20,False,False,nflverse,14,G010740
2015,2015-10-18,6,REG,PIT,ARI,25,13,False,False,nflverse,12,G010741
2015,2015-10-18,6,REG,TEN,MIA,10,38,False,False,nflverse,-28,G010742
2015,2015-10-18,6,REG,SEA,CAR,23,27,False,False,nflverse,-4,G010743
2015,2015-10-18,6,REG,GB,LAC,27,20,False,False,nflverse,7,G010744
2015,2015-10-18,6,REG,SF,BAL,25,20,False,False,nflverse,5,G010745
2015,2015-10-18,6,REG,IND,NE,27,34,False,False,nflverse,-7,G010746
2015,2015-10-19,6,REG,PHI,NYG,27,7,False,False,nflverse,20,G010747
2015,2015-10-22,7,REG,SF,SEA,3,20,False,False,nflverse,-17,G010748
2015,2015-10-25,7,REG,JAX,BUF,34,31,True,False,nflverse,3,G010749
2015,2015-10-25,7,REG,DET,MIN,19,28,False,False,nflverse,-9,G010750
2015,2015-10-25,7,REG,IND,NO,21,27,False,False,nflverse,-6,G010751
2015,2015-10-25,7,REG,KC,PIT,23,13,False,False,nflverse,10,G010752
2015,2015-10-25,7,REG,MIA,HOU,44,26,False,False,nflverse,18,G010753
2015,2015-10-25,7,REG,NE,NYJ,30,23,False,False,nflverse,7,G010754
2015,2015-10-25,7,REG,LAR,CLE,24,6,False,False,nflverse,18,G010755
2015,2015-10-25,7,REG,TEN,ATL,7,10,False,False,nflverse,-3,G010756
2015,2015-10-25,7,REG,WSH,TB,31,30,False,False,nflverse,1,G010757
2015,2015-10-25,7,REG,LAC,OAK,29,37,False,False,nflverse,-8,G010758
2015,2015-10-25,7,REG,NYG,DAL,27,20,False,False,nflverse,7,G010759
2015,2015-10-25,7,REG,CAR,PHI,27,16,False,False,nflverse,11,G010760
2015,2015-10-26,7,REG,ARI,BAL,26,18,False,False,nflverse,8,G010761
2015,2015-10-29,8,REG,NE,MIA,36,7,False,False,nflverse,29,G010762
2015,2015-11-01,8,REG,KC,DET,45,10,True,False,nflverse,35,G010763
2015,2015-11-01,8,REG,ATL,TB,20,23,False,True,nflverse,-3,G010764
2015,2015-11-01,8,REG,BAL,LAC,29,26,False,False,nflverse,3,G010765
2015,2015-11-01,8,REG,CHI,MIN,20,23,False,False,nflverse,-3,G010766
2015,2015-11-01,8,REG,CLE,ARI,20,34,False,False,nflverse,-14,G010767
2015,2015-11-01,8,REG,HOU,TEN,20,6,False,False,nflverse,14,G010768
2015,2015-11-01,8,REG,NO,NYG,52,49,False,False,nflverse,3,G010769
2015,2015-11-01,8,REG,PIT,CIN,10,16,False,False,nflverse,-6,G010770
2015,2015-11-01,8,REG,LAR,SF,27,6,False,False,nflverse,21,G010771
2015,2015-11-01,8,REG,OAK,NYJ,34,20,False,False,nflverse,14,G010772
2015,2015-11-01,8,REG,DAL,SEA,12,13,False,False,nflverse,-1,G010773
2015,2015-11-01,8,REG,DEN,GB,29,10,False,False,nflverse,19,G010774
2015,2015-11-02,8,REG,CAR,IND,29,26,False,True,nflverse,3,G010775
2015,2015-11-05,9,REG,CIN,CLE,31,10,False,False,nflverse,21,G010776
2015,2015-11-08,9,REG,BUF,MIA,33,17,False,False,nflverse,16,G010777
2015,2015-11-08,9,REG,CAR,GB,37,29,False,False,nflverse,8,G010778
2015,2015-11-08,9,REG,MIN,LAR,21,18,False,True,nflverse,3,G010779
2015,2015-11-08,9,REG,NE,WSH,27,10,False,False,nflverse,17,G010780
2015,2015-11-08,9,REG,NO,TEN,28,34,False,True,nflverse,-6,G010781
2015,2015-11-08,9,REG,NYJ,JAX,28,23,False,False,nflverse,5,G010782
2015,2015-11-08,9,REG,PIT,OAK,38,35,False,False,nflverse,3,G010783
2015,2015-11-08,9,REG,SF,ATL,17,16,False,False,nflverse,1,G010784
2015,2015-11-08,9,REG,TB,NYG,18,32,False,False,nflverse,-14,G010785
2015,2015-11-08,9,REG,IND,DEN,27,24,False,False,nflverse,3,G010786
2015,2015-11-08,9,REG,DAL,PHI,27,33,False,True,nflverse,-6,G010787
2015,2015-11-09,9,REG,LAC,CHI,19,22,False,False,nflverse,-3,G010788
2015,2015-11-12,10,REG,NYJ,BUF,17,22,False,False,nflverse,-5,G010789
2015,2015-11-15,10,REG,BAL,JAX,20,22,False,False,nflverse,-2,G010790
2015,2015-11-15,10,REG,GB,DET,16,18,False,False,nflverse,-2,G010791
2015,2015-11-15,10,REG,PHI,MIA,19,20,False,False,nflverse,-1,G010792
2015,2015-11-15,10,REG,PIT,CLE,30,9,False,False,nflverse,21,G010793
2015,2015-11-15,10,REG,LAR,CHI,13,37,False,False,nflverse,-24,G010794
2015,2015-11-15,10,REG,TB,DAL,10,6,False,False,nflverse,4,G010795
2015,2015-11-15,10,REG,TEN,CAR,10,27,False,False,nflverse,-17,G010796
2015,2015-11-15,10,REG,WSH,NO,47,14,False,False,nflverse,33,G010797
2015,2015-11-15,10,REG,OAK,MIN,14,30,False,False,nflverse,-16,G010798
2015,2015-11-15,10,REG,DEN,KC,13,29,False,False,nflverse,-16,G010799
2015,2015-11-15,10,REG,NYG,NE,26,27,False,False,nflverse,-1,G010800
2015,2015-11-15,10,REG,SEA,ARI,32,39,False,False,nflverse,-7,G010801
2015,2015-11-16,10,REG,CIN,HOU,6,10,False,False,nflverse,-4,G010802
2015,2015-11-19,11,REG,JAX,TEN,19,13,False,False,nflverse,6,G010803
2015,2015-11-22,11,REG,ATL,IND,21,24,False,False,nflverse,-3,G010804
2015,2015-11-22,11,REG,BAL,LAR,16,13,False,False,nflverse,3,G010805
2015,2015-11-22,11,REG,CAR,WSH,44,16,False,False,nflverse,28,G010806
2015,2015-11-22,11,REG,CHI,DEN,15,17,False,False,nflverse,-2,G010807
2015,2015-11-22,11,REG,DET,OAK,18,13,False,False,nflverse,5,G010808
2015,2015-11-22,11,REG,HOU,NYJ,24,17,False,False,nflverse,7,G010809
2015,2015-11-22,11,REG,MIA,DAL,14,24,False,False,nflverse,-10,G010810
2015,2015-11-22,11,REG,PHI,TB,17,45,False,False,nflverse,-28,G010811
2015,2015-11-22,11,REG,LAC,KC,3,33,False,False,nflverse,-30,G010812
2015,2015-11-22,11,REG,MIN,GB,13,30,False,False,nflverse,-17,G010813
2015,2015-11-22,11,REG,SEA,SF,29,13,False,False,nflverse,16,G010814
2015,2015-11-22,11,REG,ARI,CIN,34,31,False,False,nflverse,3,G010815
2015,2015-11-23,11,REG,NE,BUF,20,13,False,False,nflverse,7,G010816
2015,2015-11-26,12,REG,DET,PHI,45,14,False,False,nflverse,31,G010817
2015,2015-11-26,12,REG,DAL,CAR,14,33,False,False,nflverse,-19,G010818
2015,2015-11-26,12,REG,GB,CHI,13,17,False,False,nflverse,-4,G010819
2015,2015-11-29,12,REG,ATL,MIN,10,20,False,False,nflverse,-10,G010820
2015,2015-11-29,12,REG,CIN,LAR,31,7,False,False,nflverse,24,G010821
2015,2015-11-29,12,REG,HOU,NO,24,6,False,False,nflverse,18,G010822
2015,2015-11-29,12,REG,IND,TB,25,12,False,False,nflverse,13,G010823
2015,2015-11-29,12,REG,JAX,LAC,25,31,False,False,nflverse,-6,G010824
2015,2015-11-29,12,REG,KC,BUF,30,22,False,False,nflverse,8,G010825
2015,2015-11-29,12,REG,NYJ,MIA,38,20,False,False,nflverse,18,G010826
2015,2015-11-29,12,REG,TEN,OAK,21,24,False,False,nflverse,-3,G010827
2015,2015-11-29,12,REG,WSH,NYG,20,14,False,False,nflverse,6,G010828
2015,2015-11-29,12,REG,SF,ARI,13,19,False,False,nflverse,-6,G010829
2015,2015-11-29,12,REG,SEA,PIT,39,30,False,False,nflverse,9,G010830
2015,2015-11-29,12,REG,DEN,NE,30,24,False,True,nflverse,6,G010831
2015,2015-11-30,12,REG,CLE,BAL,27,33,False,False,nflverse,-6,G010832
2015,2015-12-03,13,REG,DET,GB,23,27,False,False,nflverse,-4,G010833
2015,2015-12-06,13,REG,BUF,HOU,30,21,False,False,nflverse,9,G010834
2015,2015-12-06,13,REG,CHI,SF,20,26,False,True,nflverse,-6,G010835
2015,2015-12-06,13,REG,CLE,CIN,3,37,False,False,nflverse,-34,G010836
2015,2015-12-06,13,REG,MIA,BAL,15,13,False,False,nflverse,2,G010837
2015,2015-12-06,13,REG,MIN,SEA,7,38,False,False,nflverse,-31,G010838
2015,2015-12-06,13,REG,NYG,NYJ,20,23,False,True,nflverse,-3,G010839
2015,2015-12-06,13,REG,LAR,ARI,3,27,False,False,nflverse,-24,G010840
2015,2015-12-06,13,REG,TB,ATL,23,19,False,False,nflverse,4,G010841
2015,2015-12-06,13,REG,TEN,JAX,42,39,False,False,nflverse,3,G010842
2015,2015-12-06,13,REG,OAK,KC,20,34,False,False,nflverse,-14,G010843
2015,2015-12-06,13,REG,LAC,DEN,3,17,False,False,nflverse,-14,G010844
2015,2015-12-06,13,REG,NE,PHI,28,35,False,False,nflverse,-7,G010845
2015,2015-12-06,13,REG,NO,CAR,38,41,False,False,nflverse,-3,G010846
2015,2015-12-06,13,REG,PIT,IND,45,10,False,False,nflverse,35,G010847
2015,2015-12-07,13,REG,WSH,DAL,16,19,False,False,nflverse,-3,G010848
2015,2015-12-10,14,REG,ARI,MIN,23,20,False,False,nflverse,3,G010849
2015,2015-12-13,14,REG,BAL,SEA,6,35,False,False,nflverse,-29,G010850
2015,2015-12-13,14,REG,CAR,ATL,38,0,False,False,nflverse,38,G010851
2015,2015-12-13,14,REG,CHI,WSH,21,24,False,False,nflverse,-3,G010852
2015,2015-12-13,14,REG,CIN,PIT,20,33,False,False,nflverse,-13,G010853
2015,2015-12-13,14,REG,CLE,SF,24,10,False,False,nflverse,14,G010854
2015,2015-12-13,14,REG,JAX,IND,51,16,False,False,nflverse,35,G010855
2015,2015-12-13,14,REG,KC,LAC,10,3,False,False,nflverse,7,G010856
2015,2015-12-13,14,REG,NYJ,TEN,30,8,False,False,nflverse,22,G010857
2015,2015-12-13,14,REG,PHI,BUF,23,20,False,False,nflverse,3,G010858
2015,2015-12-13,14,REG,LAR,DET,21,14,False,False,nflverse,7,G010859
2015,2015-12-13,14,REG,TB,NO,17,24,False,False,nflverse,-7,G010860
2015,2015-12-13,14,REG,DEN,OAK,12,15,False,False,nflverse,-3,G010861
2015,2015-12-13,14,REG,GB,DAL,28,7,False,False,nflverse,21,G010862
2015,2015-12-13,14,REG,HOU,NE,6,27,False,False,nflverse,-21,G010863
2015,2015-12-14,14,REG,MIA,NYG,24,31,False,False,nflverse,-7,G010864
2015,2015-12-17,15,REG,LAR,TB,31,23,False,False,nflverse,8,G010865
2015,2015-12-19,15,REG,DAL,NYJ,16,19,False,False,nflverse,-3,G010866
2015,2015-12-20,15,REG,BAL,KC,14,34,False,False,nflverse,-20,G010867
2015,2015-12-20,15,REG,IND,HOU,10,16,False,False,nflverse,-6,G010868
2015,2015-12-20,15,REG,JAX,ATL,17,23,False,False,nflverse,-6,G010869
2015,2015-12-20,15,REG,MIN,CHI,38,17,False,False,nflverse,21,G010870
2015,2015-12-20,15,REG,NE,TEN,33,16,False,False,nflverse,17,G010871
2015,2015-12-20,15,REG,NYG,CAR,35,38,False,False,nflverse,-3,G010872
2015,2015-12-20,15,REG,WSH,BUF,35,25,False,False,nflverse,10,G010873
2015,2015-12-20,15,REG,OAK,GB,20,30,False,False,nflverse,-10,G010874
2015,2015-12-20,15,REG,SEA,CLE,30,13,False,False,nflverse,17,G010875
2015,2015-12-20,15,REG,PIT,DEN,34,27,False,False,nflverse,7,G010876
2015,2015-12-20,15,REG,LAC,MIA,30,14,False,False,nflverse,16,G010877
2015,2015-12-20,15,REG,SF,CIN,14,24,False,False,nflverse,-10,G010878
2015,2015-12-20,15,REG,PHI,ARI,17,40,False,False,nflverse,-23,G010879
2015,2015-12-21,15,REG,NO,DET,27,35,False,False,nflverse,-8,G010880
2015,2015-12-24,16,REG,OAK,LAC,23,20,False,True,nflverse,3,G010881
2015,2015-12-26,16,REG,PHI,WSH,24,38,False,False,nflverse,-14,G010882
2015,2015-12-27,16,REG,ATL,CAR,20,13,False,False,nflverse,7,G010883
2015,2015-12-27,16,REG,BAL,PIT,20,17,False,False,nflverse,3,G010884
2015,2015-12-27,16,REG,BUF,DAL,16,6,False,False,nflverse,10,G010885
2015,2015-12-27,16,REG,DET,SF,32,17,False,False,nflverse,15,G010886
2015,2015-12-27,16,REG,KC,CLE,17,13,False,False,nflverse,4,G010887
2015,2015-12-27,16,REG,MIA,IND,12,18,False,False,nflverse,-6,G010888
2015,2015-12-27,16,REG,NYJ,NE,26,20,False,True,nflverse,6,G010889
2015,2015-12-27,16,REG,TB,CHI,21,26,False,False,nflverse,-5,G010890
2015,2015-12-27,16,REG,TEN,HOU,6,34,False,False,nflverse,-28,G010891
2015,2015-12-27,16,REG,NO,JAX,38,27,False,False,nflverse,11,G010892
2015,2015-12-27,16,REG,ARI,GB,38,8,False,False,nflverse,30,G010893
2015,2015-12-27,16,REG,SEA,LAR,17,23,False,False,nflverse,-6,G010894
2015,2015-12-27,16,REG,MIN,NYG,49,17,False,False,nflverse,32,G010895
2015,2015-12-28,16,REG,DEN,CIN,20,17,False,True,nflverse,3,G010896
2015,2016-01-03,17,REG,ATL,NO,17,20,False,False,nflverse,-3,G010897
2015,2016-01-03,17,REG,BUF,NYJ,22,17,False,False,nflverse,5,G010898
2015,2016-01-03,17,REG,CHI,DET,20,24,False,False,nflverse,-4,G010899
2015,2016-01-03,17,REG,CIN,BAL,24,16,False,False,nflverse,8,G010900
2015,2016-01-03,17,REG,CLE,PIT,12,28,False,False,nflverse,-16,G010901
2015,2016-01-03,17,REG,DAL,WSH,23,34,False,False,nflverse,-11,G010902
2015,2016-01-03,17,REG,HOU,JAX,30,6,False,False,nflverse,24,G010903
2015,2016-01-03,17,REG,IND,TEN,30,24,False,False,nflverse,6,G010904
2015,2016-01-03,17,REG,MIA,NE,20,10,False,False,nflverse,10,G010905
2015,2016-01-03,17,REG,NYG,PHI,30,35,False,False,nflverse,-5,G010906
2015,2016-01-03,17,REG,ARI,SEA,6,36,False,False,nflverse,-30,G010907
2015,2016-01-03,17,REG,CAR,TB,38,10,False,False,nflverse,28,G010908
2015,2016-01-03,17,REG,DEN,LAC,27,20,False,False,nflverse,7,G010909
2015,2016-01-03,17,REG,KC,OAK,23,17,False,False,nflverse,6,G010910
2015,2016-01-03,17,REG,SF,LAR,19,16,False,True,nflverse,3,G010911
2015,2016-01-03,17,REG,GB,MIN,13,20,False,False,nflverse,-7,G010912
2015,2016-01-09,18,WC,HOU,KC,0,30,False,False,nflverse,-30,G010913
2015,2016-01-09,18,WC,CIN,PIT,16,18,False,False,nflverse,-2,G010914
2015,2016-01-10,18,WC,MIN,SEA,9,10,False,False,nflverse,-1,G010915
2015,2016-01-10,18,WC,WSH,GB,18,35,False,False,nflverse,-17,G010916
2015,2016-01-16,19,DIV,NE,KC,27,20,False,False,nflverse,7,G010917
2015,2016-01-16,19,DIV,ARI,GB,26,20,False,True,nflverse,6,G010918
2015,2016-01-17,19,DIV,CAR,SEA,31,24,False,False,nflverse,7,G010919
2015,2016-01-17,19,DIV,DEN,PIT,23,16,False,False,nflverse,7,G010920
2015,2016-01-24,20,CON,DEN,NE,20,18,False,False,nflverse,2,G010921
2015,2016-01-24,20,CON,CAR,ARI,49,15,False,False,nflverse,34,G010922
2015,2016-02-07,21,SB,DEN,CAR,24,10,True,False,nflverse,14,G010923
2016,2016-09-08,1,REG,DEN,CAR,21,20,False,False,nflverse,1,G010924
2016,2016-09-11,1,REG,ATL,TB,24,31,False,False,nflverse,-7,G010925
2016,2016-09-11,1,REG,BAL,BUF,13,7,False,False,nflverse,6,G010926
2016,2016-09-11,1,REG,HOU,CHI,23,14,False,False,nflverse,9,G010927
2016,2016-09-11,1,REG,JAX,GB,23,27,False,False,nflverse,-4,G010928
2016,2016-09-11,1,REG,KC,LAC,33,27,False,True,nflverse,6,G010929
2016,2016-09-11,1,REG,NO,OAK,34,35,False,False,nflverse,-1,G010930
2016,2016-09-11,1,REG,NYJ,CIN,22,23,False,False,nflverse,-1,G010931
2016,2016-09-11,1,REG,PHI,CLE,29,10,False,False,nflverse,19,G010932
2016,2016-09-11,1,REG,TEN,MIN,16,25,False,False,nflverse,-9,G010933
2016,2016-09-11,1,REG,SEA,MIA,12,10,False,False,nflverse,2,G010934
2016,2016-09-11,1,REG,DAL,NYG,19,20,False,False,nflverse,-1,G010935
2016,2016-09-11,1,REG,IND,DET,35,39,False,False,nflverse,-4,G010936
2016,2016-09-11,1,REG,ARI,NE,21,23,False,False,nflverse,-2,G010937
2016,2016-09-12,1,REG,WSH,PIT,16,38,False,False,nflverse,-22,G010938
2016,2016-09-12,1,REG,SF,LAR,28,0,False,False,nflverse,28,G010939
2016,2016-09-15,2,REG,BUF,NYJ,31,37,False,False,nflverse,-6,G010940
2016,2016-09-18,2,REG,ARI,TB,40,7,False,False,nflverse,33,G010941
2016,2016-09-18,2,REG,CAR,SF,46,27,False,False,nflverse,19,G010942
2016,2016-09-18,2,REG,CLE,BAL,20,25,False,False,nflverse,-5,G010943
2016,2016-09-18,2,REG,DET,TEN,15,16,False,False,nflverse,-1,G010944
2016,2016-09-18,2,REG,HOU,KC,19,12,False,False,nflverse,7,G010945
2016,2016-09-18,2,REG,NE,MIA,31,24,False,False,nflverse,7,G010946
2016,2016-09-18,2,REG,NYG,NO,16,13,False,False,nflverse,3,G010947
2016,2016-09-18,2,REG,PIT,CIN,24,16,False,False,nflverse,8,G010948
2016,2016-09-18,2,REG,WSH,DAL,23,27,False,False,nflverse,-4,G010949
2016,2016-09-18,2,REG,LAR,SEA,9,3,False,False,nflverse,6,G010950
2016,2016-09-18,2,REG,DEN,IND,34,20,False,False,nflverse,14,G010951
2016,2016-09-18,2,REG,OAK,ATL,28,35,False,False,nflverse,-7,G010952
2016,2016-09-18,2,REG,LAC,JAX,38,14,False,False,nflverse,24,G010953
2016,2016-09-18,2,REG,MIN,GB,17,14,False,False,nflverse,3,G010954
2016,2016-09-19,2,REG,CHI,PHI,14,29,False,False,nflverse,-15,G010955
2016,2016-09-22,3,REG,NE,HOU,27,0,False,False,nflverse,27,G010956
2016,2016-09-25,3,REG,BUF,ARI,33,18,False,False,nflverse,15,G010957
2016,2016-09-25,3,REG,CAR,MIN,10,22,False,False,nflverse,-12,G010958
2016,2016-09-25,3,REG,CIN,DEN,17,29,False,False,nflverse,-12,G010959
2016,2016-09-25,3,REG,GB,DET,34,27,False,False,nflverse,7,G010960
2016,2016-09-25,3,REG,JAX,BAL,17,19,False,False,nflverse,-2,G010961
2016,2016-09-25,3,REG,MIA,CLE,30,24,False,True,nflverse,6,G010962
2016,2016-09-25,3,REG,NYG,WSH,27,29,False,False,nflverse,-2,G010963
2016,2016-09-25,3,REG,TEN,OAK,10,17,False,False,nflverse,-7,G010964
2016,2016-09-25,3,REG,SEA,SF,37,18,False,False,nflverse,19,G010965
2016,2016-09-25,3,REG,TB,LAR,32,37,False,False,nflverse,-5,G010966
2016,2016-09-25,3,REG,IND,LAC,26,22,False,False,nflverse,4,G010967
2016,2016-09-25,3,REG,KC,NYJ,24,3,False,False,nflverse,21,G010968
2016,2016-09-25,3,REG,PHI,PIT,34,3,False,False,nflverse,31,G010969
2016,2016-09-25,3,REG,DAL,CHI,31,17,False,False,nflverse,14,G010970
2016,2016-09-26,3,REG,NO,ATL,32,45,False,False,nflverse,-13,G010971
2016,2016-09-29,4,REG,CIN,MIA,22,7,False,False,nflverse,15,G010972
2016,2016-10-02,4,REG,JAX,IND,30,27,True,False,nflverse,3,G010973
2016,2016-10-02,4,REG,ATL,CAR,48,33,False,False,nflverse,15,G010974
2016,2016-10-02,4,REG,BAL,OAK,27,28,False,False,nflverse,-1,G010975
2016,2016-10-02,4,REG,CHI,DET,17,14,False,False,nflverse,3,G010976
2016,2016-10-02,4,REG,HOU,TEN,27,20,False,False,nflverse,7,G010977
2016,2016-10-02,4,REG,NE,BUF,0,16,False,False,nflverse,-16,G010978
2016,2016-10-02,4,REG,NYJ,SEA,17,27,False,False,nflverse,-10,G010979
2016,2016-10-02,4,REG,WSH,CLE,31,20,False,False,nflverse,11,G010980
2016,2016-10-02,4,REG,TB,DEN,7,27,False,False,nflverse,-20,G010981
2016,2016-10-02,4,REG,ARI,LAR,13,17,False,False,nflverse,-4,G010982
2016,2016-10-02,4,REG,LAC,NO,34,35,False,False,nflverse,-1,G010983
2016,2016-10-02,4,REG,SF,DAL,17,24,False,False,nflverse,-7,G010984
2016,2016-10-02,4,REG,PIT,KC,43,14,False,False,nflverse,29,G010985
2016,2016-10-03,4,REG,MIN,NYG,24,10,False,False,nflverse,14,G010986
2016,2016-10-06,5,REG,SF,ARI,21,33,False,False,nflverse,-12,G010987
2016,2016-10-09,5,REG,BAL,WSH,10,16,False,False,nflverse,-6,G010988
2016,2016-10-09,5,REG,CLE,NE,13,33,False,False,nflverse,-20,G010989
2016,2016-10-09,5,REG,DET,PHI,24,23,False,False,nflverse,1,G010990
2016,2016-10-09,5,REG,IND,CHI,29,23,False,False,nflverse,6,G010991
2016,2016-10-09,5,REG,MIA,TEN,17,30,False,False,nflverse,-13,G010992
2016,2016-10-09,5,REG,MIN,HOU,31,13,False,False,nflverse,18,G010993
2016,2016-10-09,5,REG,PIT,NYJ,31,13,False,False,nflverse,18,G010994
2016,2016-10-09,5,REG,DEN,ATL,16,23,False,False,nflverse,-7,G010995
2016,2016-10-09,5,REG,DAL,CIN,28,14,False,False,nflverse,14,G010996
2016,2016-10-09,5,REG,LAR,BUF,19,30,False,False,nflverse,-11,G010997
2016,2016-10-09,5,REG,OAK,LAC,34,31,False,False,nflverse,3,G010998
2016,2016-10-09,5,REG,GB,NYG,23,16,False,False,nflverse,7,G010999
2016,2016-10-10,5,REG,CAR,TB,14,17,False,False,nflverse,-3,G011000
2016,2016-10-13,6,REG,LAC,DEN,21,13,False,False,nflverse,8,G011001
2016,2016-10-16,6,REG,BUF,SF,45,16,False,False,nflverse,29,G011002
2016,2016-10-16,6,REG,CHI,JAX,16,17,False,False,nflverse,-1,G011003
2016,2016-10-16,6,REG,DET,LAR,31,28,False,False,nflverse,3,G011004
2016,2016-10-16,6,REG,MIA,PIT,30,15,False,False,nflverse,15,G011005
2016,2016-10-16,6,REG,NE,CIN,35,17,False,False,nflverse,18,G011006
2016,2016-10-16,6,REG,NO,CAR,41,38,False,False,nflverse,3,G011007
2016,2016-10-16,6,REG,NYG,BAL,27,23,False,False,nflverse,4,G011008
2016,2016-10-16,6,REG,TEN,CLE,28,26,False,False,nflverse,2,G011009
2016,2016-10-16,6,REG,WSH,PHI,27,20,False,False,nflverse,7,G011010
2016,2016-10-16,6,REG,OAK,KC,10,26,False,False,nflverse,-16,G011011
2016,2016-10-16,6,REG,GB,DAL,16,30,False,False,nflverse,-14,G011012
2016,2016-10-16,6,REG,SEA,ATL,26,24,False,False,nflverse,2,G011013
2016,2016-10-16,6,REG,HOU,IND,26,23,False,True,nflverse,3,G011014
2016,2016-10-17,6,REG,ARI,NYJ,28,3,False,False,nflverse,25,G011015
2016,2016-10-20,7,REG,GB,CHI,26,10,False,False,nflverse,16,G011016
2016,2016-10-23,7,REG,LAR,NYG,10,17,True,False,nflverse,-7,G011017
2016,2016-10-23,7,REG,CIN,CLE,31,17,False,False,nflverse,14,G011018
2016,2016-10-23,7,REG,DET,WSH,20,17,False,False,nflverse,3,G011019
2016,2016-10-23,7,REG,JAX,OAK,16,33,False,False,nflverse,-17,G011020
2016,2016-10-23,7,REG,KC,NO,27,21,False,False,nflverse,6,G011021
2016,2016-10-23,7,REG,MIA,BUF,28,25,False,False,nflverse,3,G011022
2016,2016-10-23,7,REG,NYJ,BAL,24,16,False,False,nflverse,8,G011023
2016,2016-10-23,7,REG,PHI,MIN,21,10,False,False,nflverse,11,G011024
2016,2016-10-23,7,REG,TEN,IND,26,34,False,False,nflverse,-8,G011025
2016,2016-10-23,7,REG,ATL,LAC,30,33,False,True,nflverse,-3,G011026
2016,2016-10-23,7,REG,SF,TB,17,34,False,False,nflverse,-17,G011027
2016,2016-10-23,7,REG,PIT,NE,16,27,False,False,nflverse,-11,G011028
2016,2016-10-23,7,REG,ARI,SEA,6,6,False,True,nflverse,0,G011029
2016,2016-10-24,7,REG,DEN,HOU,27,9,False,False,nflverse,18,G011030
2016,2016-10-27,8,REG,TEN,JAX,36,22,False,False,nflverse,14,G011031
2016,2016-10-30,8,REG,CIN,WSH,27,27,True,True,nflverse,0,G011032
2016,2016-10-30,8,REG,BUF,NE,25,41,False,False,nflverse,-16,G011033
2016,2016-10-30,8,REG,CAR,ARI,30,20,False,False,nflverse,10,G011034
2016,2016-10-30,8,REG,CLE,NYJ,28,31,False,False,nflverse,-3,G011035
2016,2016-10-30,8,REG,HOU,DET,20,13,False,False,nflverse,7,G011036
2016,2016-10-30,8,REG,IND,KC,14,30,False,False,nflverse,-16,G011037
2016,2016-10-30,8,REG,NO,SEA,25,20,False,False,nflverse,5,G011038
2016,2016-10-30,8,REG,TB,OAK,24,30,False,True,nflverse,-6,G011039
2016,2016-10-30,8,REG,DEN,LAC,27,19,False,False,nflverse,8,G011040
2016,2016-10-30,8,REG,ATL,GB,33,32,False,False,nflverse,1,G011041
2016,2016-10-30,8,REG,DAL,PHI,29,23,False,True,nflverse,6,G011042
2016,2016-10-31,8,REG,CHI,MIN,20,10,False,False,nflverse,10,G011043
2016,2016-11-03,9,REG,TB,ATL,28,43,False,False,nflverse,-15,G011044
2016,2016-11-06,9,REG,BAL,PIT,21,14,False,False,nflverse,7,G011045
2016,2016-11-06,9,REG,CLE,DAL,10,35,False,False,nflverse,-25,G011046
2016,2016-11-06,9,REG,KC,JAX,19,14,False,False,nflverse,5,G011047
2016,2016-11-06,9,REG,MIA,NYJ,27,23,False,False,nflverse,4,G011048
2016,2016-11-06,9,REG,MIN,DET,16,22,False,True,nflverse,-6,G011049
2016,2016-11-06,9,REG,NYG,PHI,28,23,False,False,nflverse,5,G011050
2016,2016-11-06,9,REG,LAR,CAR,10,13,False,False,nflverse,-3,G011051
2016,2016-11-06,9,REG,SF,NO,23,41,False,False,nflverse,-18,G011052
2016,2016-11-06,9,REG,GB,IND,26,31,False,False,nflverse,-5,G011053
2016,2016-11-06,9,REG,LAC,TEN,43,35,False,False,nflverse,8,G011054
2016,2016-11-06,9,REG,OAK,DEN,30,20,False,False,nflverse,10,G011055
2016,2016-11-07,9,REG,SEA,BUF,31,25,False,False,nflverse,6,G011056
2016,2016-11-10,10,REG,BAL,CLE,28,7,False,False,nflverse,21,G011057
2016,2016-11-13,10,REG,CAR,KC,17,20,False,False,nflverse,-3,G011058
2016,2016-11-13,10,REG,JAX,HOU,21,24,False,False,nflverse,-3,G011059
2016,2016-11-13,10,REG,NO,DEN,23,25,False,False,nflverse,-2,G011060
2016,2016-11-13,10,REG,NYJ,LAR,6,9,False,False,nflverse,-3,G011061
2016,2016-11-13,10,REG,PHI,ATL,24,15,False,False,nflverse,9,G011062
2016,2016-11-13,10,REG,TB,CHI,36,10,False,False,nflverse,26,G011063
2016,2016-11-13,10,REG,TEN,GB,47,25,False,False,nflverse,22,G011064
2016,2016-11-13,10,REG,WSH,MIN,26,20,False,False,nflverse,6,G011065
2016,2016-11-13,10,REG,LAC,MIA,24,31,False,False,nflverse,-7,G011066
2016,2016-11-13,10,REG,ARI,SF,23,20,False,False,nflverse,3,G011067
2016,2016-11-13,10,REG,PIT,DAL,30,35,False,False,nflverse,-5,G011068
2016,2016-11-13,10,REG,NE,SEA,24,31,False,False,nflverse,-7,G011069
2016,2016-11-14,10,REG,NYG,CIN,21,20,False,False,nflverse,1,G011070
2016,2016-11-17,11,REG,CAR,NO,23,20,False,False,nflverse,3,G011071
2016,2016-11-20,11,REG,CIN,BUF,12,16,False,False,nflverse,-4,G011072
2016,2016-11-20,11,REG,CLE,PIT,9,24,False,False,nflverse,-15,G011073
2016,2016-11-20,11,REG,DAL,BAL,27,17,False,False,nflverse,10,G011074
2016,2016-11-20,11,REG,DET,JAX,26,19,False,False,nflverse,7,G011075
2016,2016-11-20,11,REG,IND,TEN,24,17,False,False,nflverse,7,G011076
2016,2016-11-20,11,REG,KC,TB,17,19,False,False,nflverse,-2,G011077
2016,2016-11-20,11,REG,MIN,ARI,30,24,False,False,nflverse,6,G011078
2016,2016-11-20,11,REG,NYG,CHI,22,16,False,False,nflverse,6,G011079
2016,2016-11-20,11,REG,LAR,MIA,10,14,False,False,nflverse,-4,G011080
2016,2016-11-20,11,REG,SEA,PHI,26,15,False,False,nflverse,11,G011081
2016,2016-11-20,11,REG,SF,NE,17,30,False,False,nflverse,-13,G011082
2016,2016-11-20,11,REG,WSH,GB,42,24,False,False,nflverse,18,G011083
2016,2016-11-21,11,REG,OAK,HOU,27,20,True,False,nflverse,7,G011084
2016,2016-11-24,12,REG,DET,MIN,16,13,False,False,nflverse,3,G011085
2016,2016-11-24,12,REG,DAL,WSH,31,26,False,False,nflverse,5,G011086
2016,2016-11-24,12,REG,IND,PIT,7,28,False,False,nflverse,-21,G011087
2016,2016-11-27,12,REG,ATL,ARI,38,19,False,False,nflverse,19,G011088
2016,2016-11-27,12,REG,BAL,CIN,19,14,False,False,nflverse,5,G011089
2016,2016-11-27,12,REG,BUF,JAX,28,21,False,False,nflverse,7,G011090
2016,2016-11-27,12,REG,CHI,TEN,21,27,False,False,nflverse,-6,G011091
2016,2016-11-27,12,REG,CLE,NYG,13,27,False,False,nflverse,-14,G011092
2016,2016-11-27,12,REG,HOU,LAC,13,21,False,False,nflverse,-8,G011093
2016,2016-11-27,12,REG,MIA,SF,31,24,False,False,nflverse,7,G011094
2016,2016-11-27,12,REG,NO,LAR,49,21,False,False,nflverse,28,G011095
2016,2016-11-27,12,REG,TB,SEA,14,5,False,False,nflverse,9,G011096
2016,2016-11-27,12,REG,NYJ,NE,17,22,False,False,nflverse,-5,G011097
2016,2016-11-27,12,REG,OAK,CAR,35,32,False,False,nflverse,3,G011098
2016,2016-11-27,12,REG,DEN,KC,27,30,False,True,nflverse,-3,G011099
2016,2016-11-28,12,REG,PHI,GB,13,27,False,False,nflverse,-14,G011100
2016,2016-12-01,13,REG,MIN,DAL,15,17,False,False,nflverse,-2,G011101
2016,2016-12-04,13,REG,ATL,KC,28,29,False,False,nflverse,-1,G011102
2016,2016-12-04,13,REG,BAL,MIA,38,6,False,False,nflverse,32,G011103
2016,2016-12-04,13,REG,CHI,SF,26,6,False,False,nflverse,20,G011104
2016,2016-12-04,13,REG,CIN,PHI,32,14,False,False,nflverse,18,G011105
2016,2016-12-04,13,REG,GB,HOU,21,13,False,False,nflverse,8,G011106
2016,2016-12-04,13,REG,JAX,DEN,10,20,False,False,nflverse,-10,G011107
2016,2016-12-04,13,REG,NE,LAR,26,10,False,False,nflverse,16,G011108
2016,2016-12-04,13,REG,NO,DET,13,28,False,False,nflverse,-15,G011109
2016,2016-12-04,13,REG,OAK,BUF,38,24,False,False,nflverse,14,G011110
2016,2016-12-04,13,REG,ARI,WSH,31,23,False,False,nflverse,8,G011111
2016,2016-12-04,13,REG,PIT,NYG,24,14,False,False,nflverse,10,G011112
2016,2016-12-04,13,REG,LAC,TB,21,28,False,False,nflverse,-7,G011113
2016,2016-12-04,13,REG,SEA,CAR,40,7,False,False,nflverse,33,G011114
2016,2016-12-05,13,REG,NYJ,IND,10,41,False,False,nflverse,-31,G011115
2016,2016-12-08,14,REG,KC,OAK,21,13,False,False,nflverse,8,G011116
2016,2016-12-11,14,REG,BUF,PIT,20,27,False,False,nflverse,-7,G011117
2016,2016-12-11,14,REG,CAR,LAC,28,16,False,False,nflverse,12,G011118
2016,2016-12-11,14,REG,CLE,CIN,10,23,False,False,nflverse,-13,G011119
2016,2016-12-11,14,REG,DET,CHI,20,17,False,False,nflverse,3,G011120
2016,2016-12-11,14,REG,IND,HOU,17,22,False,False,nflverse,-5,G011121
2016,2016-12-11,14,REG,JAX,MIN,16,25,False,False,nflverse,-9,G011122
2016,2016-12-11,14,REG,MIA,ARI,26,23,False,False,nflverse,3,G011123
2016,2016-12-11,14,REG,PHI,WSH,22,27,False,False,nflverse,-5,G011124
2016,2016-12-11,14,REG,TEN,DEN,13,10,False,False,nflverse,3,G011125
2016,2016-12-11,14,REG,SF,NYJ,17,23,False,True,nflverse,-6,G011126
2016,2016-12-11,14,REG,GB,SEA,38,10,False,False,nflverse,28,G011127
2016,2016-12-11,14,REG,LAR,ATL,14,42,False,False,nflverse,-28,G011128
2016,2016-12-11,14,REG,TB,NO,16,11,False,False,nflverse,5,G011129
2016,2016-12-11,14,REG,NYG,DAL,10,7,False,False,nflverse,3,G011130
2016,2016-12-12,14,REG,NE,BAL,30,23,False,False,nflverse,7,G011131
2016,2016-12-15,15,REG,SEA,LAR,24,3,False,False,nflverse,21,G011132
2016,2016-12-17,15,REG,NYJ,MIA,13,34,False,False,nflverse,-21,G011133
2016,2016-12-18,15,REG,BAL,PHI,27,26,False,False,nflverse,1,G011134
2016,2016-12-18,15,REG,BUF,CLE,33,13,False,False,nflverse,20,G011135
2016,2016-12-18,15,REG,CHI,GB,27,30,False,False,nflverse,-3,G011136
2016,2016-12-18,15,REG,CIN,PIT,20,24,False,False,nflverse,-4,G011137
2016,2016-12-18,15,REG,HOU,JAX,21,20,False,False,nflverse,1,G011138
2016,2016-12-18,15,REG,KC,TEN,17,19,False,False,nflverse,-2,G011139
2016,2016-12-18,15,REG,MIN,IND,6,34,False,False,nflverse,-28,G011140
2016,2016-12-18,15,REG,NYG,DET,17,6,False,False,nflverse,11,G011141
2016,2016-12-18,15,REG,ARI,NO,41,48,False,False,nflverse,-7,G011142
2016,2016-12-18,15,REG,ATL,SF,41,13,False,False,nflverse,28,G011143
2016,2016-12-18,15,REG,DEN,NE,3,16,False,False,nflverse,-13,G011144
2016,2016-12-18,15,REG,LAC,OAK,16,19,False,False,nflverse,-3,G011145
2016,2016-12-18,15,REG,DAL,TB,26,20,False,False,nflverse,6,G011146
2016,2016-12-19,15,REG,WSH,CAR,15,26,False,False,nflverse,-11,G011147
2016,2016-12-22,16,REG,PHI,NYG,24,19,False,False,nflverse,5,G011148
2016,2016-12-24,16,REG,BUF,MIA,31,34,False,True,nflverse,-3,G011149
2016,2016-12-24,16,REG,CAR,ATL,16,33,False,False,nflverse,-17,G011150
2016,2016-12-24,16,REG,CHI,WSH,21,41,False,False,nflverse,-20,G011151
2016,2016-12-24,16,REG,CLE,LAC,20,17,False,False,nflverse,3,G011152
2016,2016-12-24,16,REG,GB,MIN,38,25,False,False,nflverse,13,G011153
2016,2016-12-24,16,REG,JAX,TEN,38,17,False,False,nflverse,21,G011154
2016,2016-12-24,16,REG,NE,NYJ,41,3,False,False,nflverse,38,G011155
2016,2016-12-24,16,REG,OAK,IND,33,25,False,False,nflverse,8,G011156
2016,2016-12-24,16,REG,LAR,SF,21,22,False,False,nflverse,-1,G011157
2016,2016-12-24,16,REG,NO,TB,31,24,False,False,nflverse,7,G011158
2016,2016-12-24,16,REG,SEA,ARI,31,34,False,False,nflverse,-3,G011159
2016,2016-12-24,16,REG,HOU,CIN,12,10,False,False,nflverse,2,G011160
2016,2016-12-25,16,REG,PIT,BAL,31,27,False,False,nflverse,4,G011161
2016,2016-12-25,16,REG,KC,DEN,33,10,False,False,nflverse,23,G011162
2016,2016-12-26,16,REG,DAL,DET,42,21,False,False,nflverse,21,G011163
2016,2017-01-01,17,REG,CIN,BAL,27,10,False,False,nflverse,17,G011164
2016,2017-01-01,17,REG,IND,JAX,24,20,False,False,nflverse,4,G011165
2016,2017-01-01,17,REG,MIA,NE,14,35,False,False,nflverse,-21,G011166
2016,2017-01-01,17,REG,MIN,CHI,38,10,False,False,nflverse,28,G011167
2016,2017-01-01,17,REG,NYJ,BUF,30,10,False,False,nflverse,20,G011168
2016,2017-01-01,17,REG,PHI,DAL,27,13,False,False,nflverse,14,G011169
2016,2017-01-01,17,REG,PIT,CLE,27,24,False,True,nflverse,3,G011170
2016,2017-01-01,17,REG,TB,CAR,17,16,False,False,nflverse,1,G011171
2016,2017-01-01,17,REG,TEN,HOU,24,17,False,False,nflverse,7,G011172
2016,2017-01-01,17,REG,ATL,NO,38,32,False,False,nflverse,6,G011173
2016,2017-01-01,17,REG,DEN,OAK,24,6,False,False,nflverse,18,G011174
2016,2017-01-01,17,REG,LAR,ARI,6,44,False,False,nflverse,-38,G011175
2016,2017-01-01,17,REG,LAC,KC,27,37,False,False,nflverse,-10,G011176
2016,2017-01-01,17,REG,SF,SEA,23,25,False,False,nflverse,-2,G011177
2016,2017-01-01,17,REG,WSH,NYG,10,19,False,False,nflverse,-9,G011178
2016,2017-01-01,17,REG,DET,GB,24,31,False,False,nflverse,-7,G011179
2016,2017-01-07,18,WC,HOU,OAK,27,14,False,False,nflverse,13,G011180
2016,2017-01-07,18,WC,SEA,DET,26,6,False,False,nflverse,20,G011181
2016,2017-01-08,18,WC,PIT,MIA,30,12,False,False,nflverse,18,G011182
2016,2017-01-08,18,WC,GB,NYG,38,13,False,False,nflverse,25,G011183
2016,2017-01-14,19,DIV,ATL,SEA,36,20,False,False,nflverse,16,G011184
2016,2017-01-14,19,DIV,NE,HOU,34,16,False,False,nflverse,18,G011185
2016,2017-01-15,19,DIV,DAL,GB,31,34,False,False,nflverse,-3,G011186
2016,2017-01-15,19,DIV,KC,PIT,16,18,False,False,nflverse,-2,G011187
2016,2017-01-22,20,CON,ATL,GB,44,21,False,False,nflverse,23,G011188
2016,2017-01-22,20,CON,NE,PIT,36,17,False,False,nflverse,19,G011189
2016,2017-02-05,21,SB,ATL,NE,28,34,True,True,nflverse,-6,G011190
2017,2017-09-07,1,REG,NE,KC,27,42,False,False,nflverse,-15,G011191
2017,2017-09-10,1,REG,BUF,NYJ,21,12,False,False,nflverse,9,G011192
2017,2017-09-10,1,REG,CHI,ATL,17,23,False,False,nflverse,-6,G011193
2017,2017-09-10,1,REG,CIN,BAL,0,20,False,False,nflverse,-20,G011194
2017,2017-09-10,1,REG,CLE,PIT,18,21,False,False,nflverse,-3,G011195
2017,2017-09-10,1,REG,DET,ARI,35,23,False,False,nflverse,12,G011196
2017,2017-09-10,1,REG,HOU,JAX,7,29,False,False,nflverse,-22,G011197
2017,2017-09-10,1,REG,TEN,OAK,16,26,False,False,nflverse,-10,G011198
2017,2017-09-10,1,REG,WSH,PHI,17,30,False,False,nflverse,-13,G011199
2017,2017-09-10,1,REG,LAR,IND,46,9,False,False,nflverse,37,G011200
2017,2017-09-10,1,REG,GB,SEA,17,9,False,False,nflverse,8,G011201
2017,2017-09-10,1,REG,SF,CAR,3,23,False,False,nflverse,-20,G011202
2017,2017-09-10,1,REG,DAL,NYG,19,3,False,False,nflverse,16,G011203
2017,2017-09-11,1,REG,MIN,NO,29,19,False,False,nflverse,10,G011204
2017,2017-09-11,1,REG,DEN,LAC,24,21,False,False,nflverse,3,G011205
2017,2017-09-14,2,REG,CIN,HOU,9,13,False,False,nflverse,-4,G011206
2017,2017-09-17,2,REG,BAL,CLE,24,10,False,False,nflverse,14,G011207
2017,2017-09-17,2,REG,CAR,BUF,9,3,False,False,nflverse,6,G011208
2017,2017-09-17,2,REG,IND,ARI,13,16,False,True,nflverse,-3,G011209
2017,2017-09-17,2,REG,JAX,TEN,16,37,False,False,nflverse,-21,G011210
2017,2017-09-17,2,REG,KC,PHI,27,20,False,False,nflverse,7,G011211
2017,2017-09-17,2,REG,NO,NE,20,36,False,False,nflverse,-16,G011212
2017,2017-09-17,2,REG,PIT,MIN,26,9,False,False,nflverse,17,G011213
2017,2017-09-17,2,REG,TB,CHI,29,7,False,False,nflverse,22,G011214
2017,2017-09-17,2,REG,LAC,MIA,17,19,False,False,nflverse,-2,G011215
2017,2017-09-17,2,REG,OAK,NYJ,45,20,False,False,nflverse,25,G011216
2017,2017-09-17,2,REG,DEN,DAL,42,17,False,False,nflverse,25,G011217
2017,2017-09-17,2,REG,LAR,WSH,20,27,False,False,nflverse,-7,G011218
2017,2017-09-17,2,REG,SEA,SF,12,9,False,False,nflverse,3,G011219
2017,2017-09-17,2,REG,ATL,GB,34,23,False,False,nflverse,11,G011220
2017,2017-09-18,2,REG,NYG,DET,10,24,False,False,nflverse,-14,G011221
2017,2017-09-21,3,REG,SF,LAR,39,41,False,False,nflverse,-2,G011222
2017,2017-09-24,3,REG,BUF,DEN,26,16,False,False,nflverse,10,G011223
2017,2017-09-24,3,REG,CAR,NO,13,34,False,False,nflverse,-21,G011224
2017,2017-09-24,3,REG,CHI,PIT,23,17,False,True,nflverse,6,G011225
2017,2017-09-24,3,REG,DET,ATL,26,30,False,False,nflverse,-4,G011226
2017,2017-09-24,3,REG,IND,CLE,31,28,False,False,nflverse,3,G011227
2017,2017-09-24,3,REG,MIN,TB,34,17,False,False,nflverse,17,G011228
2017,2017-09-24,3,REG,NE,HOU,36,33,False,False,nflverse,3,G011229
2017,2017-09-24,3,REG,NYJ,MIA,20,6,False,False,nflverse,14,G011230
2017,2017-09-24,3,REG,PHI,NYG,27,24,False,False,nflverse,3,G011231
2017,2017-09-24,3,REG,TEN,SEA,33,27,False,False,nflverse,6,G011232
2017,2017-09-24,3,REG,GB,CIN,27,24,False,True,nflverse,3,G011233
2017,2017-09-24,3,REG,LAC,KC,10,24,False,False,nflverse,-14,G011234
2017,2017-09-24,3,REG,WSH,OAK,27,10,False,False,nflverse,17,G011235
2017,2017-09-24,3,REG,JAX,BAL,44,7,True,False,nflverse,37,G011236
2017,2017-09-25,3,REG,ARI,DAL,17,28,False,False,nflverse,-11,G011237
2017,2017-09-28,4,REG,GB,CHI,35,14,False,False,nflverse,21,G011238
2017,2017-10-01,4,REG,ATL,BUF,17,23,False,False,nflverse,-6,G011239
2017,2017-10-01,4,REG,BAL,PIT,9,26,False,False,nflverse,-17,G011240
2017,2017-10-01,4,REG,CLE,CIN,7,31,False,False,nflverse,-24,G011241
2017,2017-10-01,4,REG,DAL,LAR,30,35,False,False,nflverse,-5,G011242
2017,2017-10-01,4,REG,HOU,TEN,57,14,False,False,nflverse,43,G011243
2017,2017-10-01,4,REG,MIN,DET,7,14,False,False,nflverse,-7,G011244
2017,2017-10-01,4,REG,NE,CAR,30,33,False,False,nflverse,-3,G011245
2017,2017-10-01,4,REG,NYJ,JAX,23,20,False,True,nflverse,3,G011246
2017,2017-10-01,4,REG,ARI,SF,18,15,False,True,nflverse,3,G011247
2017,2017-10-01,4,REG,LAC,PHI,24,26,False,False,nflverse,-2,G011248
2017,2017-10-01,4,REG,TB,NYG,25,23,False,False,nflverse,2,G011249
2017,2017-10-01,4,REG,DEN,OAK,16,10,False,False,nflverse,6,G011250
2017,2017-10-01,4,REG,SEA,IND,46,18,False,False,nflverse,28,G011251
2017,2017-10-01,4,REG,MIA,NO,0,20,True,False,nflverse,-20,G011252
2017,2017-10-02,4,REG,KC,WSH,29,20,False,False,nflverse,9,G011253
2017,2017-10-05,5,REG,TB,NE,14,19,False,False,nflverse,-5,G011254
2017,2017-10-08,5,REG,CIN,BUF,20,16,False,False,nflverse,4,G011255
2017,2017-10-08,5,REG,CLE,NYJ,14,17,False,False,nflverse,-3,G011256
2017,2017-10-08,5,REG,DET,CAR,24,27,False,False,nflverse,-3,G011257
2017,2017-10-08,5,REG,IND,SF,26,23,False,True,nflverse,3,G011258
2017,2017-10-08,5,REG,MIA,TEN,16,10,False,False,nflverse,6,G011259
2017,2017-10-08,5,REG,NYG,LAC,22,27,False,False,nflverse,-5,G011260
2017,2017-10-08,5,REG,PHI,ARI,34,7,False,False,nflverse,27,G011261
2017,2017-10-08,5,REG,PIT,JAX,9,30,False,False,nflverse,-21,G011262
2017,2017-10-08,5,REG,LAR,SEA,10,16,False,False,nflverse,-6,G011263
2017,2017-10-08,5,REG,OAK,BAL,17,30,False,False,nflverse,-13,G011264
2017,2017-10-08,5,REG,DAL,GB,31,35,False,False,nflverse,-4,G011265
2017,2017-10-08,5,REG,HOU,KC,34,42,False,False,nflverse,-8,G011266
2017,2017-10-09,5,REG,CHI,MIN,17,20,False,False,nflverse,-3,G011267
2017,2017-10-12,6,REG,CAR,PHI,23,28,False,False,nflverse,-5,G011268
2017,2017-10-15,6,REG,ATL,MIA,17,20,False,False,nflverse,-3,G011269
2017,2017-10-15,6,REG,BAL,CHI,24,27,False,True,nflverse,-3,G011270
2017,2017-10-15,6,REG,HOU,CLE,33,17,False,False,nflverse,16,G011271
2017,2017-10-15,6,REG,MIN,GB,23,10,False,False,nflverse,13,G011272
2017,2017-10-15,6,REG,NO,DET,52,38,False,False,nflverse,14,G011273
2017,2017-10-15,6,REG,NYJ,NE,17,24,False,False,nflverse,-7,G011274
2017,2017-10-15,6,REG,WSH,SF,26,24,False,False,nflverse,2,G011275
2017,2017-10-15,6,REG,ARI,TB,38,33,False,False,nflverse,5,G011276
2017,2017-10-15,6,REG,JAX,LAR,17,27,False,False,nflverse,-10,G011277
2017,2017-10-15,6,REG,KC,PIT,13,19,False,False,nflverse,-6,G011278
2017,2017-10-15,6,REG,OAK,LAC,16,17,False,False,nflverse,-1,G011279
2017,2017-10-15,6,REG,DEN,NYG,10,23,False,False,nflverse,-13,G011280
2017,2017-10-16,6,REG,TEN,IND,36,22,False,False,nflverse,14,G011281
2017,2017-10-19,7,REG,OAK,KC,31,30,False,False,nflverse,1,G011282
2017,2017-10-22,7,REG,BUF,TB,30,27,False,False,nflverse,3,G011283
2017,2017-10-22,7,REG,CHI,CAR,17,3,False,False,nflverse,14,G011284
2017,2017-10-22,7,REG,CLE,TEN,9,12,False,True,nflverse,-3,G011285
2017,2017-10-22,7,REG,GB,NO,17,26,False,False,nflverse,-9,G011286
2017,2017-10-22,7,REG,IND,JAX,0,27,False,False,nflverse,-27,G011287
2017,2017-10-22,7,REG,LAR,ARI,33,0,True,False,nflverse,33,G011288
2017,2017-10-22,7,REG,MIA,NYJ,31,28,False,False,nflverse,3,G011289
2017,2017-10-22,7,REG,MIN,BAL,24,16,False,False,nflverse,8,G011290
2017,2017-10-22,7,REG,SF,DAL,10,40,False,False,nflverse,-30,G011291
2017,2017-10-22,7,REG,LAC,DEN,21,0,False,False,nflverse,21,G011292
2017,2017-10-22,7,REG,NYG,SEA,7,24,False,False,nflverse,-17,G011293
2017,2017-10-22,7,REG,PIT,CIN,29,14,False,False,nflverse,15,G011294
2017,2017-10-22,7,REG,NE,ATL,23,7,False,False,nflverse,16,G011295
2017,2017-10-23,7,REG,PHI,WSH,34,24,False,False,nflverse,10,G011296
2017,2017-10-26,8,REG,BAL,MIA,40,0,False,False,nflverse,40,G011297
2017,2017-10-29,8,REG,BUF,OAK,34,14,False,False,nflverse,20,G011298
2017,2017-10-29,8,REG,CIN,IND,24,23,False,False,nflverse,1,G011299
2017,2017-10-29,8,REG,NE,LAC,21,13,False,False,nflverse,8,G011300
2017,2017-10-29,8,REG,NO,CHI,20,12,False,False,nflverse,8,G011301
2017,2017-10-29,8,REG,NYJ,ATL,20,25,False,False,nflverse,-5,G011302
2017,2017-10-29,8,REG,PHI,SF,33,10,False,False,nflverse,23,G011303
2017,2017-10-29,8,REG,TB,CAR,3,17,False,False,nflverse,-14,G011304
2017,2017-10-29,8,REG,SEA,HOU,41,38,False,False,nflverse,3,G011305
2017,2017-10-29,8,REG,WSH,DAL,19,33,False,False,nflverse,-14,G011306
2017,2017-10-29,8,REG,DET,PIT,15,20,False,False,nflverse,-5,G011307
2017,2017-10-29,8,REG,CLE,MIN,16,33,True,False,nflverse,-17,G011308
2017,2017-10-30,8,REG,KC,DEN,29,19,False,False,nflverse,10,G011309
2017,2017-11-02,9,REG,NYJ,BUF,34,21,False,False,nflverse,13,G011310
2017,2017-11-05,9,REG,CAR,ATL,20,17,False,False,nflverse,3,G011311
2017,2017-11-05,9,REG,HOU,IND,14,20,False,False,nflverse,-6,G011312
2017,2017-11-05,9,REG,JAX,CIN,23,7,False,False,nflverse,16,G011313
2017,2017-11-05,9,REG,NO,TB,30,10,False,False,nflverse,20,G011314
2017,2017-11-05,9,REG,NYG,LAR,17,51,False,False,nflverse,-34,G011315
2017,2017-11-05,9,REG,PHI,DEN,51,23,False,False,nflverse,28,G011316
2017,2017-11-05,9,REG,TEN,BAL,23,20,False,False,nflverse,3,G011317
2017,2017-11-05,9,REG,SEA,WSH,14,17,False,False,nflverse,-3,G011318
2017,2017-11-05,9,REG,SF,ARI,10,20,False,False,nflverse,-10,G011319
2017,2017-11-05,9,REG,DAL,KC,28,17,False,False,nflverse,11,G011320
2017,2017-11-05,9,REG,MIA,OAK,24,27,False,False,nflverse,-3,G011321
2017,2017-11-06,9,REG,GB,DET,17,30,False,False,nflverse,-13,G011322
2017,2017-11-09,10,REG,ARI,SEA,16,22,False,False,nflverse,-6,G011323
2017,2017-11-12,10,REG,BUF,NO,10,47,False,False,nflverse,-37,G011324
2017,2017-11-12,10,REG,CHI,GB,16,23,False,False,nflverse,-7,G011325
2017,2017-11-12,10,REG,DET,CLE,38,24,False,False,nflverse,14,G011326
2017,2017-11-12,10,REG,IND,PIT,17,20,False,False,nflverse,-3,G011327
2017,2017-11-12,10,REG,JAX,LAC,20,17,False,True,nflverse,3,G011328
2017,2017-11-12,10,REG,TB,NYJ,15,10,False,False,nflverse,5,G011329
2017,2017-11-12,10,REG,TEN,CIN,24,20,False,False,nflverse,4,G011330
2017,2017-11-12,10,REG,WSH,MIN,30,38,False,False,nflverse,-8,G011331
2017,2017-11-12,10,REG,LAR,HOU,33,7,False,False,nflverse,26,G011332
2017,2017-11-12,10,REG,ATL,DAL,27,7,False,False,nflverse,20,G011333
2017,2017-11-12,10,REG,SF,NYG,31,21,False,False,nflverse,10,G011334
2017,2017-11-12,10,REG,DEN,NE,16,41,False,False,nflverse,-25,G011335
2017,2017-11-13,10,REG,CAR,MIA,45,21,False,False,nflverse,24,G011336
2017,2017-11-16,11,REG,PIT,TEN,40,17,False,False,nflverse,23,G011337
2017,2017-11-19,11,REG,CHI,DET,24,27,False,False,nflverse,-3,G011338
2017,2017-11-19,11,REG,CLE,JAX,7,19,False,False,nflverse,-12,G011339
2017,2017-11-19,11,REG,GB,BAL,0,23,False,False,nflverse,-23,G011340
2017,2017-11-19,11,REG,HOU,ARI,31,21,False,False,nflverse,10,G011341
2017,2017-11-19,11,REG,MIA,TB,20,30,False,False,nflverse,-10,G011342
2017,2017-11-19,11,REG,MIN,LAR,24,7,False,False,nflverse,17,G011343
2017,2017-11-19,11,REG,NO,WSH,34,31,False,True,nflverse,3,G011344
2017,2017-11-19,11,REG,NYG,KC,12,9,False,True,nflverse,3,G011345
2017,2017-11-19,11,REG,LAC,BUF,54,24,False,False,nflverse,30,G011346
2017,2017-11-19,11,REG,DEN,CIN,17,20,False,False,nflverse,-3,G011347
2017,2017-11-19,11,REG,OAK,NE,8,33,True,False,nflverse,-25,G011348
2017,2017-11-19,11,REG,DAL,PHI,9,37,False,False,nflverse,-28,G011349
2017,2017-11-20,11,REG,SEA,ATL,31,34,False,False,nflverse,-3,G011350
2017,2017-11-23,12,REG,DET,MIN,23,30,False,False,nflverse,-7,G011351
2017,2017-11-23,12,REG,DAL,LAC,6,28,False,False,nflverse,-22,G011352
2017,2017-11-23,12,REG,WSH,NYG,20,10,False,False,nflverse,10,G011353
2017,2017-11-26,12,REG,ATL,TB,34,20,False,False,nflverse,14,G011354
2017,2017-11-26,12,REG,CIN,CLE,30,16,False,False,nflverse,14,G011355
2017,2017-11-26,12,REG,IND,TEN,16,20,False,False,nflverse,-4,G011356
2017,2017-11-26,12,REG,KC,BUF,10,16,False,False,nflverse,-6,G011357
2017,2017-11-26,12,REG,NE,MIA,35,17,False,False,nflverse,18,G011358
2017,2017-11-26,12,REG,NYJ,CAR,27,35,False,False,nflverse,-8,G011359
2017,2017-11-26,12,REG,PHI,CHI,31,3,False,False,nflverse,28,G011360
2017,2017-11-26,12,REG,SF,SEA,13,24,False,False,nflverse,-11,G011361
2017,2017-11-26,12,REG,ARI,JAX,27,24,False,False,nflverse,3,G011362
2017,2017-11-26,12,REG,LAR,NO,26,20,False,False,nflverse,6,G011363
2017,2017-11-26,12,REG,OAK,DEN,21,14,False,False,nflverse,7,G011364
2017,2017-11-26,12,REG,PIT,GB,31,28,False,False,nflverse,3,G011365
2017,2017-11-27,12,REG,BAL,HOU,23,16,False,False,nflverse,7,G011366
2017,2017-11-30,13,REG,DAL,WSH,38,14,False,False,nflverse,24,G011367
2017,2017-12-03,13,REG,ATL,MIN,9,14,False,False,nflverse,-5,G011368
2017,2017-12-03,13,REG,BAL,DET,44,20,False,False,nflverse,24,G011369
2017,2017-12-03,13,REG,BUF,NE,3,23,False,False,nflverse,-20,G011370
2017,2017-12-03,13,REG,CHI,SF,14,15,False,False,nflverse,-1,G011371
2017,2017-12-03,13,REG,GB,TB,26,20,False,True,nflverse,6,G011372
2017,2017-12-03,13,REG,JAX,IND,30,10,False,False,nflverse,20,G011373
2017,2017-12-03,13,REG,MIA,DEN,35,9,False,False,nflverse,26,G011374
2017,2017-12-03,13,REG,NYJ,KC,38,31,False,False,nflverse,7,G011375
2017,2017-12-03,13,REG,TEN,HOU,24,13,False,False,nflverse,11,G011376
2017,2017-12-03,13,REG,LAC,CLE,19,10,False,False,nflverse,9,G011377
2017,2017-12-03,13,REG,ARI,LAR,16,32,False,False,nflverse,-16,G011378
2017,2017-12-03,13,REG,NO,CAR,31,21,False,False,nflverse,10,G011379
2017,2017-12-03,13,REG,OAK,NYG,24,17,False,False,nflverse,7,G011380
2017,2017-12-03,13,REG,SEA,PHI,24,10,False,False,nflverse,14,G011381
2017,2017-12-04,13,REG,CIN,PIT,20,23,False,False,nflverse,-3,G011382
2017,2017-12-07,14,REG,ATL,NO,20,17,False,False,nflverse,3,G011383
2017,2017-12-10,14,REG,BUF,IND,13,7,False,True,nflverse,6,G011384
2017,2017-12-10,14,REG,CAR,MIN,31,24,False,False,nflverse,7,G011385
2017,2017-12-10,14,REG,CIN,CHI,7,33,False,False,nflverse,-26,G011386
2017,2017-12-10,14,REG,CLE,GB,21,27,False,True,nflverse,-6,G011387
2017,2017-12-10,14,REG,HOU,SF,16,26,False,False,nflverse,-10,G011388
2017,2017-12-10,14,REG,KC,OAK,26,15,False,False,nflverse,11,G011389
2017,2017-12-10,14,REG,NYG,DAL,10,30,False,False,nflverse,-20,G011390
2017,2017-12-10,14,REG,TB,DET,21,24,False,False,nflverse,-3,G011391
2017,2017-12-10,14,REG,ARI,TEN,12,7,False,False,nflverse,5,G011392
2017,2017-12-10,14,REG,DEN,NYJ,23,0,False,False,nflverse,23,G011393
2017,2017-12-10,14,REG,LAC,WSH,30,13,False,False,nflverse,17,G011394
2017,2017-12-10,14,REG,JAX,SEA,30,24,False,False,nflverse,6,G011395
2017,2017-12-10,14,REG,LAR,PHI,35,43,False,False,nflverse,-8,G011396
2017,2017-12-10,14,REG,PIT,BAL,39,38,False,False,nflverse,1,G011397
2017,2017-12-11,14,REG,MIA,NE,27,20,False,False,nflverse,7,G011398
2017,2017-12-14,15,REG,IND,DEN,13,25,False,False,nflverse,-12,G011399
2017,2017-12-16,15,REG,DET,CHI,20,10,False,False,nflverse,10,G011400
2017,2017-12-16,15,REG,KC,LAC,30,13,False,False,nflverse,17,G011401
2017,2017-12-17,15,REG,BUF,MIA,24,16,False,False,nflverse,8,G011402
2017,2017-12-17,15,REG,CAR,GB,31,24,False,False,nflverse,7,G011403
2017,2017-12-17,15,REG,CLE,BAL,10,27,False,False,nflverse,-17,G011404
2017,2017-12-17,15,REG,JAX,HOU,45,7,False,False,nflverse,38,G011405
2017,2017-12-17,15,REG,MIN,CIN,34,7,False,False,nflverse,27,G011406
2017,2017-12-17,15,REG,NO,NYJ,31,19,False,False,nflverse,12,G011407
2017,2017-12-17,15,REG,NYG,PHI,29,34,False,False,nflverse,-5,G011408
2017,2017-12-17,15,REG,WSH,ARI,20,15,False,False,nflverse,5,G011409
2017,2017-12-17,15,REG,SEA,LAR,7,42,False,False,nflverse,-35,G011410
2017,2017-12-17,15,REG,PIT,NE,24,27,False,False,nflverse,-3,G011411
2017,2017-12-17,15,REG,SF,TEN,25,23,False,False,nflverse,2,G011412
2017,2017-12-17,15,REG,OAK,DAL,17,20,False,False,nflverse,-3,G011413
2017,2017-12-18,15,REG,TB,ATL,21,24,False,False,nflverse,-3,G011414
2017,2017-12-23,16,REG,BAL,IND,23,16,False,False,nflverse,7,G011415
2017,2017-12-23,16,REG,GB,MIN,0,16,False,False,nflverse,-16,G011416
2017,2017-12-24,16,REG,CAR,TB,22,19,False,False,nflverse,3,G011417
2017,2017-12-24,16,REG,CHI,CLE,20,3,False,False,nflverse,17,G011418
2017,2017-12-24,16,REG,CIN,DET,26,17,False,False,nflverse,9,G011419
2017,2017-12-24,16,REG,KC,MIA,29,13,False,False,nflverse,16,G011420
2017,2017-12-24,16,REG,NE,BUF,37,16,False,False,nflverse,21,G011421
2017,2017-12-24,16,REG,NO,ATL,23,13,False,False,nflverse,10,G011422
2017,2017-12-24,16,REG,NYJ,LAC,7,14,False,False,nflverse,-7,G011423
2017,2017-12-24,16,REG,TEN,LAR,23,27,False,False,nflverse,-4,G011424
2017,2017-12-24,16,REG,WSH,DEN,27,11,False,False,nflverse,16,G011425
2017,2017-12-24,16,REG,SF,JAX,44,33,False,False,nflverse,11,G011426
2017,2017-12-24,16,REG,ARI,NYG,23,0,False,False,nflverse,23,G011427
2017,2017-12-24,16,REG,DAL,SEA,12,21,False,False,nflverse,-9,G011428
2017,2017-12-25,16,REG,HOU,PIT,6,34,False,False,nflverse,-28,G011429
2017,2017-12-25,16,REG,PHI,OAK,19,10,False,False,nflverse,9,G011430
2017,2017-12-31,17,REG,DET,GB,35,11,False,False,nflverse,24,G011431
2017,2017-12-31,17,REG,IND,HOU,22,13,False,False,nflverse,9,G011432
2017,2017-12-31,17,REG,MIN,CHI,23,10,False,False,nflverse,13,G011433
2017,2017-12-31,17,REG,NE,NYJ,26,6,False,False,nflverse,20,G011434
2017,2017-12-31,17,REG,NYG,WSH,18,10,False,False,nflverse,8,G011435
2017,2017-12-31,17,REG,PHI,DAL,0,6,False,False,nflverse,-6,G011436
2017,2017-12-31,17,REG,PIT,CLE,28,24,False,False,nflverse,4,G011437
2017,2017-12-31,17,REG,ATL,CAR,22,10,False,False,nflverse,12,G011438
2017,2017-12-31,17,REG,BAL,CIN,27,31,False,False,nflverse,-4,G011439
2017,2017-12-31,17,REG,DEN,KC,24,27,False,False,nflverse,-3,G011440
2017,2017-12-31,17,REG,LAR,SF,13,34,False,False,nflverse,-21,G011441
2017,2017-12-31,17,REG,LAC,OAK,30,10,False,False,nflverse,20,G011442
2017,2017-12-31,17,REG,MIA,BUF,16,22,False,False,nflverse,-6,G011443
2017,2017-12-31,17,REG,SEA,ARI,24,26,False,False,nflverse,-2,G011444
2017,2017-12-31,17,REG,TB,NO,31,24,False,False,nflverse,7,G011445
2017,2017-12-31,17,REG,TEN,JAX,15,10,False,False,nflverse,5,G011446
2017,2018-01-06,18,WC,KC,TEN,21,22,False,False,nflverse,-1,G011447
2017,2018-01-06,18,WC,LAR,ATL,13,26,False,False,nflverse,-13,G011448
2017,2018-01-07,18,WC,JAX,BUF,10,3,False,False,nflverse,7,G011449
2017,2018-01-07,18,WC,NO,CAR,31,26,False,False,nflverse,5,G011450
2017,2018-01-13,19,DIV,PHI,ATL,15,10,False,False,nflverse,5,G011451
2017,2018-01-13,19,DIV,NE,TEN,35,14,False,False,nflverse,21,G011452
2017,2018-01-14,19,DIV,PIT,JAX,42,45,False,False,nflverse,-3,G011453
2017,2018-01-14,19,DIV,MIN,NO,29,24,False,False,nflverse,5,G011454
2017,2018-01-21,20,CON,NE,JAX,24,20,False,False,nflverse,4,G011455
2017,2018-01-21,20,CON,PHI,MIN,38,7,False,False,nflverse,31,G011456
2017,2018-02-04,21,SB,NE,PHI,33,41,True,False,nflverse,-8,G011457
2018,2018-09-06,1,REG,PHI,ATL,18,12,False,False,nflverse,6,G011458
2018,2018-09-09,1,REG,BAL,BUF,47,3,False,False,nflverse,44,G011459
2018,2018-09-09,1,REG,CLE,PIT,21,21,False,True,nflverse,0,G011460
2018,2018-09-09,1,REG,IND,CIN,23,34,False,False,nflverse,-11,G011461
2018,2018-09-09,1,REG,MIA,TEN,27,20,False,False,nflverse,7,G011462
2018,2018-09-09,1,REG,MIN,SF,24,16,False,False,nflverse,8,G011463
2018,2018-09-09,1,REG,NE,HOU,27,20,False,False,nflverse,7,G011464
2018,2018-09-09,1,REG,NO,TB,40,48,False,False,nflverse,-8,G011465
2018,2018-09-09,1,REG,NYG,JAX,15,20,False,False,nflverse,-5,G011466
2018,2018-09-09,1,REG,LAC,KC,28,38,False,False,nflverse,-10,G011467
2018,2018-09-09,1,REG,ARI,WSH,6,24,False,False,nflverse,-18,G011468
2018,2018-09-09,1,REG,CAR,DAL,16,8,False,False,nflverse,8,G011469
2018,2018-09-09,1,REG,DEN,SEA,27,24,False,False,nflverse,3,G011470
2018,2018-09-09,1,REG,GB,CHI,24,23,False,False,nflverse,1,G011471
2018,2018-09-10,1,REG,DET,NYJ,17,48,False,False,nflverse,-31,G011472
2018,2018-09-10,1,REG,OAK,LAR,13,33,False,False,nflverse,-20,G011473
2018,2018-09-13,2,REG,CIN,BAL,34,23,False,False,nflverse,11,G011474
2018,2018-09-16,2,REG,ATL,CAR,31,24,False,False,nflverse,7,G011475
2018,2018-09-16,2,REG,BUF,LAC,20,31,False,False,nflverse,-11,G011476
2018,2018-09-16,2,REG,GB,MIN,29,29,False,True,nflverse,0,G011477
2018,2018-09-16,2,REG,NO,CLE,21,18,False,False,nflverse,3,G011478
2018,2018-09-16,2,REG,NYJ,MIA,12,20,False,False,nflverse,-8,G011479
2018,2018-09-16,2,REG,PIT,KC,37,42,False,False,nflverse,-5,G011480
2018,2018-09-16,2,REG,TB,PHI,27,21,False,False,nflverse,6,G011481
2018,2018-09-16,2,REG,TEN,HOU,20,17,False,False,nflverse,3,G011482
2018,2018-09-16,2,REG,WSH,IND,9,21,False,False,nflverse,-12,G011483
2018,2018-09-16,2,REG,LAR,ARI,34,0,False,False,nflverse,34,G011484
2018,2018-09-16,2,REG,SF,DET,30,27,False,False,nflverse,3,G011485
2018,2018-09-16,2,REG,DEN,OAK,20,19,False,False,nflverse,1,G011486
2018,2018-09-16,2,REG,JAX,NE,31,20,False,False,nflverse,11,G011487
2018,2018-09-16,2,REG,DAL,NYG,20,13,False,False,nflverse,7,G011488
2018,2018-09-17,2,REG,CHI,SEA,24,17,False,False,nflverse,7,G011489
2018,2018-09-20,3,REG,CLE,NYJ,21,17,False,False,nflverse,4,G011490
2018,2018-09-23,3,REG,ATL,NO,37,43,False,True,nflverse,-6,G011491
2018,2018-09-23,3,REG,BAL,DEN,27,14,False,False,nflverse,13,G011492
2018,2018-09-23,3,REG,CAR,CIN,31,21,False,False,nflverse,10,G011493
2018,2018-09-23,3,REG,HOU,NYG,22,27,False,False,nflverse,-5,G011494
2018,2018-09-23,3,REG,JAX,TEN,6,9,False,False,nflverse,-3,G011495
2018,2018-09-23,3,REG,KC,SF,38,27,False,False,nflverse,11,G011496
2018,2018-09-23,3,REG,MIA,OAK,28,20,False,False,nflverse,8,G011497
2018,2018-09-23,3,REG,MIN,BUF,6,27,False,False,nflverse,-21,G011498
2018,2018-09-23,3,REG,PHI,IND,20,16,False,False,nflverse,4,G011499
2018,2018-09-23,3,REG,WSH,GB,31,17,False,False,nflverse,14,G011500
2018,2018-09-23,3,REG,LAR,LAC,35,23,False,False,nflverse,12,G011501
2018,2018-09-23,3,REG,ARI,CHI,14,16,False,False,nflverse,-2,G011502
2018,2018-09-23,3,REG,SEA,DAL,24,13,False,False,nflverse,11,G011503
2018,2018-09-23,3,REG,DET,NE,26,10,False,False,nflverse,16,G011504
2018,2018-09-24,3,REG,TB,PIT,27,30,False,False,nflverse,-3,G011505
2018,2018-09-27,4,REG,LAR,MIN,38,31,False,False,nflverse,7,G011506
2018,2018-09-30,4,REG,ATL,CIN,36,37,False,False,nflverse,-1,G011507
2018,2018-09-30,4,REG,CHI,TB,48,10,False,False,nflverse,38,G011508
2018,2018-09-30,4,REG,DAL,DET,26,24,False,False,nflverse,2,G011509
2018,2018-09-30,4,REG,GB,BUF,22,0,False,False,nflverse,22,G011510
2018,2018-09-30,4,REG,IND,HOU,34,37,False,True,nflverse,-3,G011511
2018,2018-09-30,4,REG,JAX,NYJ,31,12,False,False,nflverse,19,G011512
2018,2018-09-30,4,REG,NE,MIA,38,7,False,False,nflverse,31,G011513
2018,2018-09-30,4,REG,TEN,PHI,26,23,False,True,nflverse,3,G011514
2018,2018-09-30,4,REG,ARI,SEA,17,20,False,False,nflverse,-3,G011515
2018,2018-09-30,4,REG,OAK,CLE,45,42,False,True,nflverse,3,G011516
2018,2018-09-30,4,REG,LAC,SF,29,27,False,False,nflverse,2,G011517
2018,2018-09-30,4,REG,NYG,NO,18,33,False,False,nflverse,-15,G011518
2018,2018-09-30,4,REG,PIT,BAL,14,26,False,False,nflverse,-12,G011519
2018,2018-10-01,4,REG,DEN,KC,23,27,False,False,nflverse,-4,G011520
2018,2018-10-04,5,REG,NE,IND,38,24,False,False,nflverse,14,G011521
2018,2018-10-07,5,REG,BUF,TEN,13,12,False,False,nflverse,1,G011522
2018,2018-10-07,5,REG,CAR,NYG,33,31,False,False,nflverse,2,G011523
2018,2018-10-07,5,REG,CIN,MIA,27,17,False,False,nflverse,10,G011524
2018,2018-10-07,5,REG,CLE,BAL,12,9,False,True,nflverse,3,G011525
2018,2018-10-07,5,REG,DET,GB,31,23,False,False,nflverse,8,G011526
2018,2018-10-07,5,REG,KC,JAX,30,14,False,False,nflverse,16,G011527
2018,2018-10-07,5,REG,NYJ,DEN,34,16,False,False,nflverse,18,G011528
2018,2018-10-07,5,REG,PIT,ATL,41,17,False,False,nflverse,24,G011529
2018,2018-10-07,5,REG,LAC,OAK,26,10,False,False,nflverse,16,G011530
2018,2018-10-07,5,REG,PHI,MIN,21,23,False,False,nflverse,-2,G011531
2018,2018-10-07,5,REG,SEA,LAR,31,33,False,False,nflverse,-2,G011532
2018,2018-10-07,5,REG,SF,ARI,18,28,False,False,nflverse,-10,G011533
2018,2018-10-07,5,REG,HOU,DAL,19,16,False,True,nflverse,3,G011534
2018,2018-10-08,5,REG,NO,WSH,43,19,False,False,nflverse,24,G011535
2018,2018-10-11,6,REG,NYG,PHI,13,34,False,False,nflverse,-21,G011536
2018,2018-10-14,6,REG,ATL,TB,34,29,False,False,nflverse,5,G011537
2018,2018-10-14,6,REG,CIN,PIT,21,28,False,False,nflverse,-7,G011538
2018,2018-10-14,6,REG,CLE,LAC,14,38,False,False,nflverse,-24,G011539
2018,2018-10-14,6,REG,HOU,BUF,20,13,False,False,nflverse,7,G011540
2018,2018-10-14,6,REG,MIA,CHI,31,28,False,True,nflverse,3,G011541
2018,2018-10-14,6,REG,MIN,ARI,27,17,False,False,nflverse,10,G011542
2018,2018-10-14,6,REG,NYJ,IND,42,34,False,False,nflverse,8,G011543
2018,2018-10-14,6,REG,OAK,SEA,3,27,True,False,nflverse,-24,G011544
2018,2018-10-14,6,REG,WSH,CAR,23,17,False,False,nflverse,6,G011545
2018,2018-10-14,6,REG,DEN,LAR,20,23,False,False,nflverse,-3,G011546
2018,2018-10-14,6,REG,DAL,JAX,40,7,False,False,nflverse,33,G011547
2018,2018-10-14,6,REG,TEN,BAL,0,21,False,False,nflverse,-21,G011548
2018,2018-10-14,6,REG,NE,KC,43,40,False,False,nflverse,3,G011549
2018,2018-10-15,6,REG,GB,SF,33,30,False,False,nflverse,3,G011550
2018,2018-10-18,7,REG,ARI,DEN,10,45,False,False,nflverse,-35,G011551
2018,2018-10-21,7,REG,CHI,NE,31,38,False,False,nflverse,-7,G011552
2018,2018-10-21,7,REG,IND,BUF,37,5,False,False,nflverse,32,G011553
2018,2018-10-21,7,REG,JAX,HOU,7,20,False,False,nflverse,-13,G011554
2018,2018-10-21,7,REG,MIA,DET,21,32,False,False,nflverse,-11,G011555
2018,2018-10-21,7,REG,NYJ,MIN,17,37,False,False,nflverse,-20,G011556
2018,2018-10-21,7,REG,PHI,CAR,17,21,False,False,nflverse,-4,G011557
2018,2018-10-21,7,REG,TB,CLE,26,23,False,True,nflverse,3,G011558
2018,2018-10-21,7,REG,BAL,NO,23,24,False,False,nflverse,-1,G011559
2018,2018-10-21,7,REG,SF,LAR,10,39,False,False,nflverse,-29,G011560
2018,2018-10-21,7,REG,WSH,DAL,20,17,False,False,nflverse,3,G011561
2018,2018-10-21,7,REG,KC,CIN,45,10,False,False,nflverse,35,G011562
2018,2018-10-21,7,REG,LAC,TEN,20,19,True,False,nflverse,1,G011563
2018,2018-10-22,7,REG,ATL,NYG,23,20,False,False,nflverse,3,G011564
2018,2018-10-25,8,REG,HOU,MIA,42,23,False,False,nflverse,19,G011565
2018,2018-10-28,8,REG,CAR,BAL,36,21,False,False,nflverse,15,G011566
2018,2018-10-28,8,REG,CHI,NYJ,24,10,False,False,nflverse,14,G011567
2018,2018-10-28,8,REG,CIN,TB,37,34,False,False,nflverse,3,G011568
2018,2018-10-28,8,REG,DET,SEA,14,28,False,False,nflverse,-14,G011569
2018,2018-10-28,8,REG,KC,DEN,30,23,False,False,nflverse,7,G011570
2018,2018-10-28,8,REG,NYG,WSH,13,20,False,False,nflverse,-7,G011571
2018,2018-10-28,8,REG,PIT,CLE,33,18,False,False,nflverse,15,G011572
2018,2018-10-28,8,REG,OAK,IND,28,42,False,False,nflverse,-14,G011573
2018,2018-10-28,8,REG,ARI,SF,18,15,False,False,nflverse,3,G011574
2018,2018-10-28,8,REG,LAR,GB,29,27,False,False,nflverse,2,G011575
2018,2018-10-28,8,REG,MIN,NO,20,30,False,False,nflverse,-10,G011576
2018,2018-10-28,8,REG,JAX,PHI,18,24,True,False,nflverse,-6,G011577
2018,2018-10-29,8,REG,BUF,NE,6,25,False,False,nflverse,-19,G011578
2018,2018-11-01,9,REG,SF,OAK,34,3,False,False,nflverse,31,G011579
2018,2018-11-04,9,REG,BAL,PIT,16,23,False,False,nflverse,-7,G011580
2018,2018-11-04,9,REG,BUF,CHI,9,41,False,False,nflverse,-32,G011581
2018,2018-11-04,9,REG,CAR,TB,42,28,False,False,nflverse,14,G011582
2018,2018-11-04,9,REG,CLE,KC,21,37,False,False,nflverse,-16,G011583
2018,2018-11-04,9,REG,MIA,NYJ,13,6,False,False,nflverse,7,G011584
2018,2018-11-04,9,REG,MIN,DET,24,9,False,False,nflverse,15,G011585
2018,2018-11-04,9,REG,WSH,ATL,14,38,False,False,nflverse,-24,G011586
2018,2018-11-04,9,REG,DEN,HOU,17,19,False,False,nflverse,-2,G011587
2018,2018-11-04,9,REG,SEA,LAC,17,25,False,False,nflverse,-8,G011588
2018,2018-11-04,9,REG,NO,LAR,45,35,False,False,nflverse,10,G011589
2018,2018-11-04,9,REG,NE,GB,31,17,False,False,nflverse,14,G011590
2018,2018-11-05,9,REG,DAL,TEN,14,28,False,False,nflverse,-14,G011591
2018,2018-11-08,10,REG,PIT,CAR,52,21,False,False,nflverse,31,G011592
2018,2018-11-11,10,REG,CHI,DET,34,22,False,False,nflverse,12,G011593
2018,2018-11-11,10,REG,CIN,NO,14,51,False,False,nflverse,-37,G011594
2018,2018-11-11,10,REG,CLE,ATL,28,16,False,False,nflverse,12,G011595
2018,2018-11-11,10,REG,IND,JAX,29,26,False,False,nflverse,3,G011596
2018,2018-11-11,10,REG,KC,ARI,26,14,False,False,nflverse,12,G011597
2018,2018-11-11,10,REG,NYJ,BUF,10,41,False,False,nflverse,-31,G011598
2018,2018-11-11,10,REG,TB,WSH,3,16,False,False,nflverse,-13,G011599
2018,2018-11-11,10,REG,TEN,NE,34,10,False,False,nflverse,24,G011600
2018,2018-11-11,10,REG,OAK,LAC,6,20,False,False,nflverse,-14,G011601
2018,2018-11-11,10,REG,GB,MIA,31,12,False,False,nflverse,19,G011602
2018,2018-11-11,10,REG,LAR,SEA,36,31,False,False,nflverse,5,G011603
2018,2018-11-11,10,REG,PHI,DAL,20,27,False,False,nflverse,-7,G011604
2018,2018-11-12,10,REG,SF,NYG,23,27,False,False,nflverse,-4,G011605
2018,2018-11-15,11,REG,SEA,GB,27,24,False,False,nflverse,3,G011606
2018,2018-11-18,11,REG,ATL,DAL,19,22,False,False,nflverse,-3,G011607
2018,2018-11-18,11,REG,BAL,CIN,24,21,False,False,nflverse,3,G011608
2018,2018-11-18,11,REG,DET,CAR,20,19,False,False,nflverse,1,G011609
2018,2018-11-18,11,REG,IND,TEN,38,10,False,False,nflverse,28,G011610
2018,2018-11-18,11,REG,JAX,PIT,16,20,False,False,nflverse,-4,G011611
2018,2018-11-18,11,REG,NYG,TB,38,35,False,False,nflverse,3,G011612
2018,2018-11-18,11,REG,WSH,HOU,21,23,False,False,nflverse,-2,G011613
2018,2018-11-18,11,REG,ARI,OAK,21,23,False,False,nflverse,-2,G011614
2018,2018-11-18,11,REG,LAC,DEN,22,23,False,False,nflverse,-1,G011615
2018,2018-11-18,11,REG,NO,PHI,48,7,False,False,nflverse,41,G011616
2018,2018-11-18,11,REG,CHI,MIN,25,20,False,False,nflverse,5,G011617
2018,2018-11-19,11,REG,LAR,KC,54,51,False,False,nflverse,3,G011618
2018,2018-11-22,12,REG,DET,CHI,16,23,False,False,nflverse,-7,G011619
2018,2018-11-22,12,REG,DAL,WSH,31,23,False,False,nflverse,8,G011620
2018,2018-11-22,12,REG,NO,ATL,31,17,False,False,nflverse,14,G011621
2018,2018-11-25,12,REG,BAL,OAK,34,17,False,False,nflverse,17,G011622
2018,2018-11-25,12,REG,BUF,JAX,24,21,False,False,nflverse,3,G011623
2018,2018-11-25,12,REG,CAR,SEA,27,30,False,False,nflverse,-3,G011624
2018,2018-11-25,12,REG,CIN,CLE,20,35,False,False,nflverse,-15,G011625
2018,2018-11-25,12,REG,NYJ,NE,13,27,False,False,nflverse,-14,G011626
2018,2018-11-25,12,REG,PHI,NYG,25,22,False,False,nflverse,3,G011627
2018,2018-11-25,12,REG,TB,SF,27,9,False,False,nflverse,18,G011628
2018,2018-11-25,12,REG,LAC,ARI,45,10,False,False,nflverse,35,G011629
2018,2018-11-25,12,REG,DEN,PIT,24,17,False,False,nflverse,7,G011630
2018,2018-11-25,12,REG,IND,MIA,27,24,False,False,nflverse,3,G011631
2018,2018-11-25,12,REG,MIN,GB,24,17,False,False,nflverse,7,G011632
2018,2018-11-26,12,REG,HOU,TEN,34,17,False,False,nflverse,17,G011633
2018,2018-11-29,13,REG,DAL,NO,13,10,False,False,nflverse,3,G011634
2018,2018-12-02,13,REG,ATL,BAL,16,26,False,False,nflverse,-10,G011635
2018,2018-12-02,13,REG,CIN,DEN,10,24,False,False,nflverse,-14,G011636
2018,2018-12-02,13,REG,DET,LAR,16,30,False,False,nflverse,-14,G011637
2018,2018-12-02,13,REG,GB,ARI,17,20,False,False,nflverse,-3,G011638
2018,2018-12-02,13,REG,HOU,CLE,29,13,False,False,nflverse,16,G011639
2018,2018-12-02,13,REG,JAX,IND,6,0,False,False,nflverse,6,G011640
2018,2018-12-02,13,REG,MIA,BUF,21,17,False,False,nflverse,4,G011641
2018,2018-12-02,13,REG,NYG,CHI,30,27,False,True,nflverse,3,G011642
2018,2018-12-02,13,REG,TB,CAR,24,17,False,False,nflverse,7,G011643
2018,2018-12-02,13,REG,OAK,KC,33,40,False,False,nflverse,-7,G011644
2018,2018-12-02,13,REG,TEN,NYJ,26,22,False,False,nflverse,4,G011645
2018,2018-12-02,13,REG,NE,MIN,24,10,False,False,nflverse,14,G011646
2018,2018-12-02,13,REG,SEA,SF,43,16,False,False,nflverse,27,G011647
2018,2018-12-02,13,REG,PIT,LAC,30,33,False,False,nflverse,-3,G011648
2018,2018-12-03,13,REG,PHI,WSH,28,13,False,False,nflverse,15,G011649
2018,2018-12-06,14,REG,TEN,JAX,30,9,False,False,nflverse,21,G011650
2018,2018-12-09,14,REG,BUF,NYJ,23,27,False,False,nflverse,-4,G011651
2018,2018-12-09,14,REG,CLE,CAR,26,20,False,False,nflverse,6,G011652
2018,2018-12-09,14,REG,GB,ATL,34,20,False,False,nflverse,14,G011653
2018,2018-12-09,14,REG,HOU,IND,21,24,False,False,nflverse,-3,G011654
2018,2018-12-09,14,REG,KC,BAL,27,24,False,True,nflverse,3,G011655
2018,2018-12-09,14,REG,MIA,NE,34,33,False,False,nflverse,1,G011656
2018,2018-12-09,14,REG,TB,NO,14,28,False,False,nflverse,-14,G011657
2018,2018-12-09,14,REG,WSH,NYG,16,40,False,False,nflverse,-24,G011658
2018,2018-12-09,14,REG,LAC,CIN,26,21,False,False,nflverse,5,G011659
2018,2018-12-09,14,REG,SF,DEN,20,14,False,False,nflverse,6,G011660
2018,2018-12-09,14,REG,ARI,DET,3,17,False,False,nflverse,-14,G011661
2018,2018-12-09,14,REG,DAL,PHI,29,23,False,True,nflverse,6,G011662
2018,2018-12-09,14,REG,OAK,PIT,24,21,False,False,nflverse,3,G011663
2018,2018-12-09,14,REG,CHI,LAR,15,6,False,False,nflverse,9,G011664
2018,2018-12-10,14,REG,SEA,MIN,21,7,False,False,nflverse,14,G011665
2018,2018-12-13,15,REG,KC,LAC,28,29,False,False,nflverse,-1,G011666
2018,2018-12-15,15,REG,NYJ,HOU,22,29,False,False,nflverse,-7,G011667
2018,2018-12-15,15,REG,DEN,CLE,16,17,False,False,nflverse,-1,G011668
2018,2018-12-16,15,REG,ATL,ARI,40,14,False,False,nflverse,26,G011669
2018,2018-12-16,15,REG,BAL,TB,20,12,False,False,nflverse,8,G011670
2018,2018-12-16,15,REG,BUF,DET,14,13,False,False,nflverse,1,G011671
2018,2018-12-16,15,REG,CHI,GB,24,17,False,False,nflverse,7,G011672
2018,2018-12-16,15,REG,CIN,OAK,30,16,False,False,nflverse,14,G011673
2018,2018-12-16,15,REG,IND,DAL,23,0,False,False,nflverse,23,G011674
2018,2018-12-16,15,REG,JAX,WSH,13,16,False,False,nflverse,-3,G011675
2018,2018-12-16,15,REG,MIN,MIA,41,17,False,False,nflverse,24,G011676
2018,2018-12-16,15,REG,NYG,TEN,0,17,False,False,nflverse,-17,G011677
2018,2018-12-16,15,REG,SF,SEA,26,23,False,True,nflverse,3,G011678
2018,2018-12-16,15,REG,PIT,NE,17,10,False,False,nflverse,7,G011679
2018,2018-12-16,15,REG,LAR,PHI,23,30,False,False,nflverse,-7,G011680
2018,2018-12-17,15,REG,CAR,NO,9,12,False,False,nflverse,-3,G011681
2018,2018-12-22,16,REG,TEN,WSH,25,16,False,False,nflverse,9,G011682
2018,2018-12-22,16,REG,LAC,BAL,10,22,False,False,nflverse,-12,G011683
2018,2018-12-23,16,REG,CAR,ATL,10,24,False,False,nflverse,-14,G011684
2018,2018-12-23,16,REG,CLE,CIN,26,18,False,False,nflverse,8,G011685
2018,2018-12-23,16,REG,DAL,TB,27,20,False,False,nflverse,7,G011686
2018,2018-12-23,16,REG,DET,MIN,9,27,False,False,nflverse,-18,G011687
2018,2018-12-23,16,REG,IND,NYG,28,27,False,False,nflverse,1,G011688
2018,2018-12-23,16,REG,MIA,JAX,7,17,False,False,nflverse,-10,G011689
2018,2018-12-23,16,REG,NE,BUF,24,12,False,False,nflverse,12,G011690
2018,2018-12-23,16,REG,NYJ,GB,38,44,False,True,nflverse,-6,G011691
2018,2018-12-23,16,REG,PHI,HOU,32,30,False,False,nflverse,2,G011692
2018,2018-12-23,16,REG,ARI,LAR,9,31,False,False,nflverse,-22,G011693
2018,2018-12-23,16,REG,SF,CHI,9,14,False,False,nflverse,-5,G011694
2018,2018-12-23,16,REG,NO,PIT,31,28,False,False,nflverse,3,G011695
2018,2018-12-23,16,REG,SEA,KC,38,31,False,False,nflverse,7,G011696
2018,2018-12-24,16,REG,OAK,DEN,27,14,False,False,nflverse,13,G011697
2018,2018-12-30,17,REG,BUF,MIA,42,17,False,False,nflverse,25,G011698
2018,2018-12-30,17,REG,GB,DET,0,31,False,False,nflverse,-31,G011699
2018,2018-12-30,17,REG,HOU,JAX,20,3,False,False,nflverse,17,G011700
2018,2018-12-30,17,REG,NE,NYJ,38,3,False,False,nflverse,35,G011701
2018,2018-12-30,17,REG,NO,CAR,14,33,False,False,nflverse,-19,G011702
2018,2018-12-30,17,REG,NYG,DAL,35,36,False,False,nflverse,-1,G011703
2018,2018-12-30,17,REG,TB,ATL,32,34,False,False,nflverse,-2,G011704
2018,2018-12-30,17,REG,BAL,CLE,26,24,False,False,nflverse,2,G011705
2018,2018-12-30,17,REG,DEN,LAC,9,23,False,False,nflverse,-14,G011706
2018,2018-12-30,17,REG,KC,OAK,35,3,False,False,nflverse,32,G011707
2018,2018-12-30,17,REG,LAR,SF,48,32,False,False,nflverse,16,G011708
2018,2018-12-30,17,REG,MIN,CHI,10,24,False,False,nflverse,-14,G011709
2018,2018-12-30,17,REG,PIT,CIN,16,13,False,False,nflverse,3,G011710
2018,2018-12-30,17,REG,SEA,ARI,27,24,False,False,nflverse,3,G011711
2018,2018-12-30,17,REG,WSH,PHI,0,24,False,False,nflverse,-24,G011712
2018,2018-12-30,17,REG,TEN,IND,17,33,False,False,nflverse,-16,G011713
2018,2019-01-05,18,WC,HOU,IND,7,21,False,False,nflverse,-14,G011714
2018,2019-01-05,18,WC,DAL,SEA,24,22,False,False,nflverse,2,G011715
2018,2019-01-06,18,WC,BAL,LAC,17,23,False,False,nflverse,-6,G011716
2018,2019-01-06,18,WC,CHI,PHI,15,16,False,False,nflverse,-1,G011717
2018,2019-01-12,19,DIV,KC,IND,31,13,False,False,nflverse,18,G011718
2018,2019-01-12,19,DIV,LAR,DAL,30,22,False,False,nflverse,8,G011719
2018,2019-01-13,19,DIV,NE,LAC,41,28,False,False,nflverse,13,G011720
2018,2019-01-13,19,DIV,NO,PHI,20,14,False,False,nflverse,6,G011721
2018,2019-01-20,20,CON,NO,LAR,23,26,False,True,nflverse,-3,G011722
2018,2019-01-20,20,CON,KC,NE,31,37,False,True,nflverse,-6,G011723
2018,2019-02-03,21,SB,LAR,NE,3,13,True,False,nflverse,-10,G011724
2019,2019-09-05,1,REG,CHI,GB,3,10,False,False,nflverse,-7,G011725
2019,2019-09-08,1,REG,CAR,LAR,27,30,False,False,nflverse,-3,G011726
2019,2019-09-08,1,REG,CLE,TEN,13,43,False,False,nflverse,-30,G011727
2019,2019-09-08,1,REG,JAX,KC,26,40,False,False,nflverse,-14,G011728
2019,2019-09-08,1,REG,MIA,BAL,10,59,False,False,nflverse,-49,G011729
2019,2019-09-08,1,REG,MIN,ATL,28,12,False,False,nflverse,16,G011730
2019,2019-09-08,1,REG,NYJ,BUF,16,17,False,False,nflverse,-1,G011731
2019,2019-09-08,1,REG,PHI,WSH,32,27,False,False,nflverse,5,G011732
2019,2019-09-08,1,REG,LAC,IND,30,24,False,True,nflverse,6,G011733
2019,2019-09-08,1,REG,SEA,CIN,21,20,False,False,nflverse,1,G011734
2019,2019-09-08,1,REG,ARI,DET,27,27,False,True,nflverse,0,G011735
2019,2019-09-08,1,REG,DAL,NYG,35,17,False,False,nflverse,18,G011736
2019,2019-09-08,1,REG,TB,SF,17,31,False,False,nflverse,-14,G011737
2019,2019-09-08,1,REG,NE,PIT,33,3,False,False,nflverse,30,G011738
2019,2019-09-09,1,REG,NO,HOU,30,28,False,False,nflverse,2,G011739
2019,2019-09-09,1,REG,OAK,DEN,24,16,False,False,nflverse,8,G011740
2019,2019-09-12,2,REG,CAR,TB,14,20,False,False,nflverse,-6,G011741
2019,2019-09-15,2,REG,BAL,ARI,23,17,False,False,nflverse,6,G011742
2019,2019-09-15,2,REG,CIN,SF,17,41,False,False,nflverse,-24,G011743
2019,2019-09-15,2,REG,DET,LAC,13,10,False,False,nflverse,3,G011744
2019,2019-09-15,2,REG,GB,MIN,21,16,False,False,nflverse,5,G011745
2019,2019-09-15,2,REG,HOU,JAX,13,12,False,False,nflverse,1,G011746
2019,2019-09-15,2,REG,MIA,NE,0,43,False,False,nflverse,-43,G011747
2019,2019-09-15,2,REG,NYG,BUF,14,28,False,False,nflverse,-14,G011748
2019,2019-09-15,2,REG,PIT,SEA,26,28,False,False,nflverse,-2,G011749
2019,2019-09-15,2,REG,TEN,IND,17,19,False,False,nflverse,-2,G011750
2019,2019-09-15,2,REG,WSH,DAL,21,31,False,False,nflverse,-10,G011751
2019,2019-09-15,2,REG,OAK,KC,10,28,False,False,nflverse,-18,G011752
2019,2019-09-15,2,REG,DEN,CHI,14,16,False,False,nflverse,-2,G011753
2019,2019-09-15,2,REG,LAR,NO,27,9,False,False,nflverse,18,G011754
2019,2019-09-15,2,REG,ATL,PHI,24,20,False,False,nflverse,4,G011755
2019,2019-09-16,2,REG,NYJ,CLE,3,23,False,False,nflverse,-20,G011756
2019,2019-09-19,3,REG,JAX,TEN,20,7,False,False,nflverse,13,G011757
2019,2019-09-22,3,REG,BUF,CIN,21,17,False,False,nflverse,4,G011758
2019,2019-09-22,3,REG,DAL,MIA,31,6,False,False,nflverse,25,G011759
2019,2019-09-22,3,REG,GB,DEN,27,16,False,False,nflverse,11,G011760
2019,2019-09-22,3,REG,IND,ATL,27,24,False,False,nflverse,3,G011761
2019,2019-09-22,3,REG,KC,BAL,33,28,False,False,nflverse,5,G011762
2019,2019-09-22,3,REG,MIN,OAK,34,14,False,False,nflverse,20,G011763
2019,2019-09-22,3,REG,NE,NYJ,30,14,False,False,nflverse,16,G011764
2019,2019-09-22,3,REG,PHI,DET,24,27,False,False,nflverse,-3,G011765
2019,2019-09-22,3,REG,ARI,CAR,20,38,False,False,nflverse,-18,G011766
2019,2019-09-22,3,REG,TB,NYG,31,32,False,False,nflverse,-1,G011767
2019,2019-09-22,3,REG,LAC,HOU,20,27,False,False,nflverse,-7,G011768
2019,2019-09-22,3,REG,SEA,NO,27,33,False,False,nflverse,-6,G011769
2019,2019-09-22,3,REG,SF,PIT,24,20,False,False,nflverse,4,G011770
2019,2019-09-22,3,REG,CLE,LAR,13,20,False,False,nflverse,-7,G011771
2019,2019-09-23,3,REG,WSH,CHI,15,31,False,False,nflverse,-16,G011772
2019,2019-09-26,4,REG,GB,PHI,27,34,False,False,nflverse,-7,G011773
2019,2019-09-29,4,REG,ATL,TEN,10,24,False,False,nflverse,-14,G011774
2019,2019-09-29,4,REG,BAL,CLE,25,40,False,False,nflverse,-15,G011775
2019,2019-09-29,4,REG,BUF,NE,10,16,False,False,nflverse,-6,G011776
2019,2019-09-29,4,REG,DET,KC,30,34,False,False,nflverse,-4,G011777
2019,2019-09-29,4,REG,HOU,CAR,10,16,False,False,nflverse,-6,G011778
2019,2019-09-29,4,REG,IND,OAK,24,31,False,False,nflverse,-7,G011779
2019,2019-09-29,4,REG,MIA,LAC,10,30,False,False,nflverse,-20,G011780
2019,2019-09-29,4,REG,NYG,WSH,24,3,False,False,nflverse,21,G011781
2019,2019-09-29,4,REG,ARI,SEA,10,27,False,False,nflverse,-17,G011782
2019,2019-09-29,4,REG,LAR,TB,40,55,False,False,nflverse,-15,G011783
2019,2019-09-29,4,REG,CHI,MIN,16,6,False,False,nflverse,10,G011784
2019,2019-09-29,4,REG,DEN,JAX,24,26,False,False,nflverse,-2,G011785
2019,2019-09-29,4,REG,NO,DAL,12,10,False,False,nflverse,2,G011786
2019,2019-09-30,4,REG,PIT,CIN,27,3,False,False,nflverse,24,G011787
2019,2019-10-03,5,REG,SEA,LAR,30,29,False,False,nflverse,1,G011788
2019,2019-10-06,5,REG,CAR,JAX,34,27,False,False,nflverse,7,G011789
2019,2019-10-06,5,REG,CIN,ARI,23,26,False,False,nflverse,-3,G011790
2019,2019-10-06,5,REG,HOU,ATL,53,32,False,False,nflverse,21,G011791
2019,2019-10-06,5,REG,NO,TB,31,24,False,False,nflverse,7,G011792
2019,2019-10-06,5,REG,NYG,MIN,10,28,False,False,nflverse,-18,G011793
2019,2019-10-06,5,REG,OAK,CHI,24,21,True,False,nflverse,3,G011794
2019,2019-10-06,5,REG,PHI,NYJ,31,6,False,False,nflverse,25,G011795
2019,2019-10-06,5,REG,PIT,BAL,23,26,False,True,nflverse,-3,G011796
2019,2019-10-06,5,REG,TEN,BUF,7,14,False,False,nflverse,-7,G011797
2019,2019-10-06,5,REG,WSH,NE,7,33,False,False,nflverse,-26,G011798
2019,2019-10-06,5,REG,LAC,DEN,13,20,False,False,nflverse,-7,G011799
2019,2019-10-06,5,REG,DAL,GB,24,34,False,False,nflverse,-10,G011800
2019,2019-10-06,5,REG,KC,IND,13,19,False,False,nflverse,-6,G011801
2019,2019-10-07,5,REG,SF,CLE,31,3,False,False,nflverse,28,G011802
2019,2019-10-10,6,REG,NE,NYG,35,14,False,False,nflverse,21,G011803
2019,2019-10-13,6,REG,TB,CAR,26,37,True,False,nflverse,-11,G011804
2019,2019-10-13,6,REG,BAL,CIN,23,17,False,False,nflverse,6,G011805
2019,2019-10-13,6,REG,CLE,SEA,28,32,False,False,nflverse,-4,G011806
2019,2019-10-13,6,REG,JAX,NO,6,13,False,False,nflverse,-7,G011807
2019,2019-10-13,6,REG,KC,HOU,24,31,False,False,nflverse,-7,G011808
2019,2019-10-13,6,REG,MIA,WSH,16,17,False,False,nflverse,-1,G011809
2019,2019-10-13,6,REG,MIN,PHI,38,20,False,False,nflverse,18,G011810
2019,2019-10-13,6,REG,ARI,ATL,34,33,False,False,nflverse,1,G011811
2019,2019-10-13,6,REG,LAR,SF,7,20,False,False,nflverse,-13,G011812
2019,2019-10-13,6,REG,DEN,TEN,16,0,False,False,nflverse,16,G011813
2019,2019-10-13,6,REG,NYJ,DAL,24,22,False,False,nflverse,2,G011814
2019,2019-10-13,6,REG,LAC,PIT,17,24,False,False,nflverse,-7,G011815
2019,2019-10-14,6,REG,GB,DET,23,22,False,False,nflverse,1,G011816
2019,2019-10-17,7,REG,DEN,KC,6,30,False,False,nflverse,-24,G011817
2019,2019-10-20,7,REG,ATL,LAR,10,37,False,False,nflverse,-27,G011818
2019,2019-10-20,7,REG,BUF,MIA,31,21,False,False,nflverse,10,G011819
2019,2019-10-20,7,REG,CIN,JAX,17,27,False,False,nflverse,-10,G011820
2019,2019-10-20,7,REG,DET,MIN,30,42,False,False,nflverse,-12,G011821
2019,2019-10-20,7,REG,GB,OAK,42,24,False,False,nflverse,18,G011822
2019,2019-10-20,7,REG,IND,HOU,30,23,False,False,nflverse,7,G011823
2019,2019-10-20,7,REG,NYG,ARI,21,27,False,False,nflverse,-6,G011824
2019,2019-10-20,7,REG,WSH,SF,0,9,False,False,nflverse,-9,G011825
2019,2019-10-20,7,REG,TEN,LAC,23,20,False,False,nflverse,3,G011826
2019,2019-10-20,7,REG,CHI,NO,25,36,False,False,nflverse,-11,G011827
2019,2019-10-20,7,REG,SEA,BAL,16,30,False,False,nflverse,-14,G011828
2019,2019-10-20,7,REG,DAL,PHI,37,10,False,False,nflverse,27,G011829
2019,2019-10-21,7,REG,NYJ,NE,0,33,False,False,nflverse,-33,G011830
2019,2019-10-24,8,REG,MIN,WSH,19,9,False,False,nflverse,10,G011831
2019,2019-10-27,8,REG,ATL,SEA,20,27,False,False,nflverse,-7,G011832
2019,2019-10-27,8,REG,BUF,PHI,13,31,False,False,nflverse,-18,G011833
2019,2019-10-27,8,REG,CHI,LAC,16,17,False,False,nflverse,-1,G011834
2019,2019-10-27,8,REG,DET,NYG,31,26,False,False,nflverse,5,G011835
2019,2019-10-27,8,REG,IND,DEN,15,13,False,False,nflverse,2,G011836
2019,2019-10-27,8,REG,JAX,NYJ,29,15,False,False,nflverse,14,G011837
2019,2019-10-27,8,REG,LAR,CIN,24,10,True,False,nflverse,14,G011838
2019,2019-10-27,8,REG,NO,ARI,31,9,False,False,nflverse,22,G011839
2019,2019-10-27,8,REG,TEN,TB,27,23,False,False,nflverse,4,G011840
2019,2019-10-27,8,REG,SF,CAR,51,13,False,False,nflverse,38,G011841
2019,2019-10-27,8,REG,HOU,OAK,27,24,False,False,nflverse,3,G011842
2019,2019-10-27,8,REG,NE,CLE,27,13,False,False,nflverse,14,G011843
2019,2019-10-27,8,REG,KC,GB,24,31,False,False,nflverse,-7,G011844
2019,2019-10-28,8,REG,PIT,MIA,27,14,False,False,nflverse,13,G011845
2019,2019-10-31,9,REG,ARI,SF,25,28,False,False,nflverse,-3,G011846
2019,2019-11-03,9,REG,JAX,HOU,3,26,True,False,nflverse,-23,G011847
2019,2019-11-03,9,REG,BUF,WSH,24,9,False,False,nflverse,15,G011848
2019,2019-11-03,9,REG,CAR,TEN,30,20,False,False,nflverse,10,G011849
2019,2019-11-03,9,REG,KC,MIN,26,23,False,False,nflverse,3,G011850
2019,2019-11-03,9,REG,MIA,NYJ,26,18,False,False,nflverse,8,G011851
2019,2019-11-03,9,REG,PHI,CHI,22,14,False,False,nflverse,8,G011852
2019,2019-11-03,9,REG,PIT,IND,26,24,False,False,nflverse,2,G011853
2019,2019-11-03,9,REG,OAK,DET,31,24,False,False,nflverse,7,G011854
2019,2019-11-03,9,REG,SEA,TB,40,34,False,True,nflverse,6,G011855
2019,2019-11-03,9,REG,DEN,CLE,24,19,False,False,nflverse,5,G011856
2019,2019-11-03,9,REG,LAC,GB,26,11,False,False,nflverse,15,G011857
2019,2019-11-03,9,REG,BAL,NE,37,20,False,False,nflverse,17,G011858
2019,2019-11-04,9,REG,NYG,DAL,18,37,False,False,nflverse,-19,G011859
2019,2019-11-07,10,REG,OAK,LAC,26,24,False,False,nflverse,2,G011860
2019,2019-11-10,10,REG,CHI,DET,20,13,False,False,nflverse,7,G011861
2019,2019-11-10,10,REG,CIN,BAL,13,49,False,False,nflverse,-36,G011862
2019,2019-11-10,10,REG,CLE,BUF,19,16,False,False,nflverse,3,G011863
2019,2019-11-10,10,REG,NO,ATL,9,26,False,False,nflverse,-17,G011864
2019,2019-11-10,10,REG,NYJ,NYG,34,27,False,False,nflverse,7,G011865
2019,2019-11-10,10,REG,TB,ARI,30,27,False,False,nflverse,3,G011866
2019,2019-11-10,10,REG,TEN,KC,35,32,False,False,nflverse,3,G011867
2019,2019-11-10,10,REG,IND,MIA,12,16,False,False,nflverse,-4,G011868
2019,2019-11-10,10,REG,GB,CAR,24,16,False,False,nflverse,8,G011869
2019,2019-11-10,10,REG,PIT,LAR,17,12,False,False,nflverse,5,G011870
2019,2019-11-10,10,REG,DAL,MIN,24,28,False,False,nflverse,-4,G011871
2019,2019-11-11,10,REG,SF,SEA,24,27,False,True,nflverse,-3,G011872
2019,2019-11-14,11,REG,CLE,PIT,21,7,False,False,nflverse,14,G011873
2019,2019-11-17,11,REG,BAL,HOU,41,7,False,False,nflverse,34,G011874
2019,2019-11-17,11,REG,CAR,ATL,3,29,False,False,nflverse,-26,G011875
2019,2019-11-17,11,REG,DET,DAL,27,35,False,False,nflverse,-8,G011876
2019,2019-11-17,11,REG,IND,JAX,33,13,False,False,nflverse,20,G011877
2019,2019-11-17,11,REG,MIA,BUF,20,37,False,False,nflverse,-17,G011878
2019,2019-11-17,11,REG,MIN,DEN,27,23,False,False,nflverse,4,G011879
2019,2019-11-17,11,REG,TB,NO,17,34,False,False,nflverse,-17,G011880
2019,2019-11-17,11,REG,WSH,NYJ,17,34,False,False,nflverse,-17,G011881
2019,2019-11-17,11,REG,SF,ARI,36,26,False,False,nflverse,10,G011882
2019,2019-11-17,11,REG,OAK,CIN,17,10,False,False,nflverse,7,G011883
2019,2019-11-17,11,REG,PHI,NE,10,17,False,False,nflverse,-7,G011884
2019,2019-11-17,11,REG,LAR,CHI,17,7,False,False,nflverse,10,G011885
2019,2019-11-18,11,REG,LAC,KC,17,24,True,False,nflverse,-7,G011886
2019,2019-11-21,12,REG,HOU,IND,20,17,False,False,nflverse,3,G011887
2019,2019-11-24,12,REG,ATL,TB,22,35,False,False,nflverse,-13,G011888
2019,2019-11-24,12,REG,BUF,DEN,20,3,False,False,nflverse,17,G011889
2019,2019-11-24,12,REG,CHI,NYG,19,14,False,False,nflverse,5,G011890
2019,2019-11-24,12,REG,CIN,PIT,10,16,False,False,nflverse,-6,G011891
2019,2019-11-24,12,REG,CLE,MIA,41,24,False,False,nflverse,17,G011892
2019,2019-11-24,12,REG,NO,CAR,34,31,False,False,nflverse,3,G011893
2019,2019-11-24,12,REG,NYJ,OAK,34,3,False,False,nflverse,31,G011894
2019,2019-11-24,12,REG,PHI,SEA,9,17,False,False,nflverse,-8,G011895
2019,2019-11-24,12,REG,WSH,DET,19,16,False,False,nflverse,3,G011896
2019,2019-11-24,12,REG,TEN,JAX,42,20,False,False,nflverse,22,G011897
2019,2019-11-24,12,REG,NE,DAL,13,9,False,False,nflverse,4,G011898
2019,2019-11-24,12,REG,SF,GB,37,8,False,False,nflverse,29,G011899
2019,2019-11-25,12,REG,LAR,BAL,6,45,False,False,nflverse,-39,G011900
2019,2019-11-28,13,REG,DET,CHI,20,24,False,False,nflverse,-4,G011901
2019,2019-11-28,13,REG,DAL,BUF,15,26,False,False,nflverse,-11,G011902
2019,2019-11-28,13,REG,ATL,NO,18,26,False,False,nflverse,-8,G011903
2019,2019-12-01,13,REG,BAL,SF,20,17,False,False,nflverse,3,G011904
2019,2019-12-01,13,REG,CAR,WSH,21,29,False,False,nflverse,-8,G011905
2019,2019-12-01,13,REG,CIN,NYJ,22,6,False,False,nflverse,16,G011906
2019,2019-12-01,13,REG,IND,TEN,17,31,False,False,nflverse,-14,G011907
2019,2019-12-01,13,REG,JAX,TB,11,28,False,False,nflverse,-17,G011908
2019,2019-12-01,13,REG,MIA,PHI,37,31,False,False,nflverse,6,G011909
2019,2019-12-01,13,REG,NYG,GB,13,31,False,False,nflverse,-18,G011910
2019,2019-12-01,13,REG,PIT,CLE,20,13,False,False,nflverse,7,G011911
2019,2019-12-01,13,REG,ARI,LAR,7,34,False,False,nflverse,-27,G011912
2019,2019-12-01,13,REG,DEN,LAC,23,20,False,False,nflverse,3,G011913
2019,2019-12-01,13,REG,KC,OAK,40,9,False,False,nflverse,31,G011914
2019,2019-12-01,13,REG,HOU,NE,28,22,False,False,nflverse,6,G011915
2019,2019-12-02,13,REG,SEA,MIN,37,30,False,False,nflverse,7,G011916
2019,2019-12-05,14,REG,CHI,DAL,31,24,False,False,nflverse,7,G011917
2019,2019-12-08,14,REG,ATL,CAR,40,20,False,False,nflverse,20,G011918
2019,2019-12-08,14,REG,BUF,BAL,17,24,False,False,nflverse,-7,G011919
2019,2019-12-08,14,REG,CLE,CIN,27,19,False,False,nflverse,8,G011920
2019,2019-12-08,14,REG,GB,WSH,20,15,False,False,nflverse,5,G011921
2019,2019-12-08,14,REG,HOU,DEN,24,38,False,False,nflverse,-14,G011922
2019,2019-12-08,14,REG,MIN,DET,20,7,False,False,nflverse,13,G011923
2019,2019-12-08,14,REG,NO,SF,46,48,False,False,nflverse,-2,G011924
2019,2019-12-08,14,REG,NYJ,MIA,22,21,False,False,nflverse,1,G011925
2019,2019-12-08,14,REG,TB,IND,38,35,False,False,nflverse,3,G011926
2019,2019-12-08,14,REG,JAX,LAC,10,45,False,False,nflverse,-35,G011927
2019,2019-12-08,14,REG,ARI,PIT,17,23,False,False,nflverse,-6,G011928
2019,2019-12-08,14,REG,NE,KC,16,23,False,False,nflverse,-7,G011929
2019,2019-12-08,14,REG,OAK,TEN,21,42,False,False,nflverse,-21,G011930
2019,2019-12-08,14,REG,LAR,SEA,28,12,False,False,nflverse,16,G011931
2019,2019-12-09,14,REG,PHI,NYG,23,17,False,True,nflverse,6,G011932
2019,2019-12-12,15,REG,BAL,NYJ,42,21,False,False,nflverse,21,G011933
2019,2019-12-15,15,REG,CAR,SEA,24,30,False,False,nflverse,-6,G011934
2019,2019-12-15,15,REG,CIN,NE,13,34,False,False,nflverse,-21,G011935
2019,2019-12-15,15,REG,DET,TB,17,38,False,False,nflverse,-21,G011936
2019,2019-12-15,15,REG,GB,CHI,21,13,False,False,nflverse,8,G011937
2019,2019-12-15,15,REG,KC,DEN,23,3,False,False,nflverse,20,G011938
2019,2019-12-15,15,REG,NYG,MIA,36,20,False,False,nflverse,16,G011939
2019,2019-12-15,15,REG,TEN,HOU,21,24,False,False,nflverse,-3,G011940
2019,2019-12-15,15,REG,WSH,PHI,27,37,False,False,nflverse,-10,G011941
2019,2019-12-15,15,REG,ARI,CLE,38,24,False,False,nflverse,14,G011942
2019,2019-12-15,15,REG,LAC,MIN,10,39,False,False,nflverse,-29,G011943
2019,2019-12-15,15,REG,OAK,JAX,16,20,False,False,nflverse,-4,G011944
2019,2019-12-15,15,REG,DAL,LAR,44,21,False,False,nflverse,23,G011945
2019,2019-12-15,15,REG,SF,ATL,22,29,False,False,nflverse,-7,G011946
2019,2019-12-15,15,REG,PIT,BUF,10,17,False,False,nflverse,-7,G011947
2019,2019-12-16,15,REG,NO,IND,34,7,False,False,nflverse,27,G011948
2019,2019-12-21,16,REG,TB,HOU,20,23,False,False,nflverse,-3,G011949
2019,2019-12-21,16,REG,NE,BUF,24,17,False,False,nflverse,7,G011950
2019,2019-12-21,16,REG,SF,LAR,34,31,False,False,nflverse,3,G011951
2019,2019-12-22,16,REG,ATL,JAX,24,12,False,False,nflverse,12,G011952
2019,2019-12-22,16,REG,CLE,BAL,15,31,False,False,nflverse,-16,G011953
2019,2019-12-22,16,REG,IND,CAR,38,6,False,False,nflverse,32,G011954
2019,2019-12-22,16,REG,MIA,CIN,38,35,False,True,nflverse,3,G011955
2019,2019-12-22,16,REG,NYJ,PIT,16,10,False,False,nflverse,6,G011956
2019,2019-12-22,16,REG,TEN,NO,28,38,False,False,nflverse,-10,G011957
2019,2019-12-22,16,REG,WSH,NYG,35,41,False,True,nflverse,-6,G011958
2019,2019-12-22,16,REG,DEN,DET,27,17,False,False,nflverse,10,G011959
2019,2019-12-22,16,REG,LAC,OAK,17,24,False,False,nflverse,-7,G011960
2019,2019-12-22,16,REG,PHI,DAL,17,9,False,False,nflverse,8,G011961
2019,2019-12-22,16,REG,SEA,ARI,13,27,False,False,nflverse,-14,G011962
2019,2019-12-22,16,REG,CHI,KC,3,26,False,False,nflverse,-23,G011963
2019,2019-12-23,16,REG,MIN,GB,10,23,False,False,nflverse,-13,G011964
2019,2019-12-29,17,REG,BUF,NYJ,6,13,False,False,nflverse,-7,G011965
2019,2019-12-29,17,REG,CAR,NO,10,42,False,False,nflverse,-32,G011966
2019,2019-12-29,17,REG,CIN,CLE,33,23,False,False,nflverse,10,G011967
2019,2019-12-29,17,REG,DET,GB,20,23,False,False,nflverse,-3,G011968
2019,2019-12-29,17,REG,KC,LAC,31,21,False,False,nflverse,10,G011969
2019,2019-12-29,17,REG,MIN,CHI,19,21,False,False,nflverse,-2,G011970
2019,2019-12-29,17,REG,NE,MIA,24,27,False,False,nflverse,-3,G011971
2019,2019-12-29,17,REG,TB,ATL,22,28,False,True,nflverse,-6,G011972
2019,2019-12-29,17,REG,BAL,PIT,28,10,False,False,nflverse,18,G011973
2019,2019-12-29,17,REG,DAL,WSH,47,16,False,False,nflverse,31,G011974
2019,2019-12-29,17,REG,DEN,OAK,16,15,False,False,nflverse,1,G011975
2019,2019-12-29,17,REG,HOU,TEN,14,35,False,False,nflverse,-21,G011976
2019,2019-12-29,17,REG,JAX,IND,38,20,False,False,nflverse,18,G011977
2019,2019-12-29,17,REG,LAR,ARI,31,24,False,False,nflverse,7,G011978
2019,2019-12-29,17,REG,NYG,PHI,17,34,False,False,nflverse,-17,G011979
2019,2019-12-29,17,REG,SEA,SF,21,26,False,False,nflverse,-5,G011980
2019,2020-01-04,18,WC,HOU,BUF,22,19,False,True,nflverse,3,G011981
2019,2020-01-04,18,WC,NE,TEN,13,20,False,False,nflverse,-7,G011982
2019,2020-01-05,18,WC,NO,MIN,20,26,False,True,nflverse,-6,G011983
2019,2020-01-05,18,WC,PHI,SEA,9,17,False,False,nflverse,-8,G011984
2019,2020-01-11,19,DIV,SF,MIN,27,10,False,False,nflverse,17,G011985
2019,2020-01-11,19,DIV,BAL,TEN,12,28,False,False,nflverse,-16,G011986
2019,2020-01-12,19,DIV,KC,HOU,51,31,False,False,nflverse,20,G011987
2019,2020-01-12,19,DIV,GB,SEA,28,23,False,False,nflverse,5,G011988
2019,2020-01-19,20,CON,KC,TEN,35,24,False,False,nflverse,11,G011989
2019,2020-01-19,20,CON,SF,GB,37,20,False,False,nflverse,17,G011990
2019,2020-02-02,21,SB,KC,SF,31,20,True,False,nflverse,11,G011991
2020,2020-09-10,1,REG,KC,HOU,34,20,False,False,nflverse,14,G011992
2020,2020-09-13,1,REG,ATL,SEA,25,38,False,False,nflverse,-13,G011993
2020,2020-09-13,1,REG,BAL,CLE,38,6,False,False,nflverse,32,G011994
2020,2020-09-13,1,REG,BUF,NYJ,27,17,False,False,nflverse,10,G011995
2020,2020-09-13,1,REG,CAR,OAK,30,34,False,False,nflverse,-4,G011996
2020,2020-09-13,1,REG,DET,CHI,23,27,False,False,nflverse,-4,G011997
2020,2020-09-13,1,REG,JAX,IND,27,20,False,False,nflverse,7,G011998
2020,2020-09-13,1,REG,MIN,GB,34,43,False,False,nflverse,-9,G011999
2020,2020-09-13,1,REG,NE,MIA,21,11,False,False,nflverse,10,G012000
2020,2020-09-13,1,REG,WSH,PHI,27,17,False,False,nflverse,10,G012001
2020,2020-09-13,1,REG,CIN,LAC,13,16,False,False,nflverse,-3,G012002
2020,2020-09-13,1,REG,NO,TB,34,23,False,False,nflverse,11,G012003
2020,2020-09-13,1,REG,SF,ARI,20,24,False,False,nflverse,-4,G012004
2020,2020-09-13,1,REG,LAR,DAL,20,17,False,False,nflverse,3,G012005
2020,2020-09-14,1,REG,NYG,PIT,16,26,False,False,nflverse,-10,G012006
2020,2020-09-14,1,REG,DEN,TEN,14,16,False,False,nflverse,-2,G012007
2020,2020-09-17,2,REG,CLE,CIN,35,30,False,False,nflverse,5,G012008
2020,2020-09-20,2,REG,CHI,NYG,17,13,False,False,nflverse,4,G012009
2020,2020-09-20,2,REG,DAL,ATL,40,39,False,False,nflverse,1,G012010
2020,2020-09-20,2,REG,GB,DET,42,21,False,False,nflverse,21,G012011
2020,2020-09-20,2,REG,IND,MIN,28,11,False,False,nflverse,17,G012012
2020,2020-09-20,2,REG,MIA,BUF,28,31,False,False,nflverse,-3,G012013
2020,2020-09-20,2,REG,NYJ,SF,13,31,False,False,nflverse,-18,G012014
2020,2020-09-20,2,REG,PHI,LAR,19,37,False,False,nflverse,-18,G012015
2020,2020-09-20,2,REG,PIT,DEN,26,21,False,False,nflverse,5,G012016
2020,2020-09-20,2,REG,TB,CAR,31,17,False,False,nflverse,14,G012017
2020,2020-09-20,2,REG,TEN,JAX,33,30,False,False,nflverse,3,G012018
2020,2020-09-20,2,REG,ARI,WSH,30,15,False,False,nflverse,15,G012019
2020,2020-09-20,2,REG,HOU,BAL,16,33,False,False,nflverse,-17,G012020
2020,2020-09-20,2,REG,LAC,KC,20,23,False,True,nflverse,-3,G012021
2020,2020-09-20,2,REG,SEA,NE,35,30,False,False,nflverse,5,G012022
2020,2020-09-21,2,REG,OAK,NO,34,24,False,False,nflverse,10,G012023
2020,2020-09-24,3,REG,JAX,MIA,13,31,False,False,nflverse,-18,G012024
2020,2020-09-27,3,REG,ATL,CHI,26,30,False,False,nflverse,-4,G012025
2020,2020-09-27,3,REG,BUF,LAR,35,32,False,False,nflverse,3,G012026
2020,2020-09-27,3,REG,CLE,WSH,34,20,False,False,nflverse,14,G012027
2020,2020-09-27,3,REG,MIN,TEN,30,31,False,False,nflverse,-1,G012028
2020,2020-09-27,3,REG,NE,OAK,36,20,False,False,nflverse,16,G012029
2020,2020-09-27,3,REG,NYG,SF,9,36,False,False,nflverse,-27,G012030
2020,2020-09-27,3,REG,PHI,CIN,23,23,False,True,nflverse,0,G012031
2020,2020-09-27,3,REG,PIT,HOU,28,21,False,False,nflverse,7,G012032
2020,2020-09-27,3,REG,IND,NYJ,36,7,False,False,nflverse,29,G012033
2020,2020-09-27,3,REG,LAC,CAR,16,21,False,False,nflverse,-5,G012034
2020,2020-09-27,3,REG,ARI,DET,23,26,False,False,nflverse,-3,G012035
2020,2020-09-27,3,REG,DEN,TB,10,28,False,False,nflverse,-18,G012036
2020,2020-09-27,3,REG,SEA,DAL,38,31,False,False,nflverse,7,G012037
2020,2020-09-27,3,REG,NO,GB,30,37,False,False,nflverse,-7,G012038
2020,2020-09-28,3,REG,BAL,KC,20,34,False,False,nflverse,-14,G012039
2020,2020-10-01,4,REG,NYJ,DEN,28,37,False,False,nflverse,-9,G012040
2020,2020-10-04,4,REG,CAR,ARI,31,21,False,False,nflverse,10,G012041
2020,2020-10-04,4,REG,CIN,JAX,33,25,False,False,nflverse,8,G012042
2020,2020-10-04,4,REG,DAL,CLE,38,49,False,False,nflverse,-11,G012043
2020,2020-10-04,4,REG,DET,NO,29,35,False,False,nflverse,-6,G012044
2020,2020-10-04,4,REG,HOU,MIN,23,31,False,False,nflverse,-8,G012045
2020,2020-10-04,4,REG,MIA,SEA,23,31,False,False,nflverse,-8,G012046
2020,2020-10-04,4,REG,TB,LAC,38,31,False,False,nflverse,7,G012047
2020,2020-10-04,4,REG,WSH,BAL,17,31,False,False,nflverse,-14,G012048
2020,2020-10-04,4,REG,LAR,NYG,17,9,False,False,nflverse,8,G012049
2020,2020-10-04,4,REG,CHI,IND,11,19,False,False,nflverse,-8,G012050
2020,2020-10-04,4,REG,OAK,BUF,23,30,False,False,nflverse,-7,G012051
2020,2020-10-04,4,REG,SF,PHI,20,25,False,False,nflverse,-5,G012052
2020,2020-10-05,4,REG,KC,NE,26,10,False,False,nflverse,16,G012053
2020,2020-10-05,4,REG,GB,ATL,30,16,False,False,nflverse,14,G012054
2020,2020-10-08,5,REG,CHI,TB,20,19,False,False,nflverse,1,G012055
2020,2020-10-11,5,REG,ATL,CAR,16,23,False,False,nflverse,-7,G012056
2020,2020-10-11,5,REG,BAL,CIN,27,3,False,False,nflverse,24,G012057
2020,2020-10-11,5,REG,HOU,JAX,30,14,False,False,nflverse,16,G012058
2020,2020-10-11,5,REG,KC,OAK,32,40,False,False,nflverse,-8,G012059
2020,2020-10-11,5,REG,NYJ,ARI,10,30,False,False,nflverse,-20,G012060
2020,2020-10-11,5,REG,PIT,PHI,38,29,False,False,nflverse,9,G012061
2020,2020-10-11,5,REG,WSH,LAR,10,30,False,False,nflverse,-20,G012062
2020,2020-10-11,5,REG,SF,MIA,17,43,False,False,nflverse,-26,G012063
2020,2020-10-11,5,REG,CLE,IND,32,23,False,False,nflverse,9,G012064
2020,2020-10-11,5,REG,DAL,NYG,37,34,False,False,nflverse,3,G012065
2020,2020-10-11,5,REG,SEA,MIN,27,26,False,False,nflverse,1,G012066
2020,2020-10-12,5,REG,NO,LAC,30,27,False,True,nflverse,3,G012067
2020,2020-10-13,5,REG,TEN,BUF,42,16,False,False,nflverse,26,G012068
2020,2020-10-18,6,REG,CAR,CHI,16,23,False,False,nflverse,-7,G012069
2020,2020-10-18,6,REG,IND,CIN,31,27,False,False,nflverse,4,G012070
2020,2020-10-18,6,REG,JAX,DET,16,34,False,False,nflverse,-18,G012071
2020,2020-10-18,6,REG,MIN,ATL,23,40,False,False,nflverse,-17,G012072
2020,2020-10-18,6,REG,NE,DEN,12,18,False,False,nflverse,-6,G012073
2020,2020-10-18,6,REG,NYG,WSH,20,19,False,False,nflverse,1,G012074
2020,2020-10-18,6,REG,PHI,BAL,28,30,False,False,nflverse,-2,G012075
2020,2020-10-18,6,REG,PIT,CLE,38,7,False,False,nflverse,31,G012076
2020,2020-10-18,6,REG,TEN,HOU,42,36,False,True,nflverse,6,G012077
2020,2020-10-18,6,REG,MIA,NYJ,24,0,False,False,nflverse,24,G012078
2020,2020-10-18,6,REG,TB,GB,38,10,False,False,nflverse,28,G012079
2020,2020-10-18,6,REG,SF,LAR,24,16,False,False,nflverse,8,G012080
2020,2020-10-19,6,REG,BUF,KC,17,26,False,False,nflverse,-9,G012081
2020,2020-10-19,6,REG,DAL,ARI,10,38,False,False,nflverse,-28,G012082
2020,2020-10-22,7,REG,PHI,NYG,22,21,False,False,nflverse,1,G012083
2020,2020-10-25,7,REG,ATL,DET,22,23,False,False,nflverse,-1,G012084
2020,2020-10-25,7,REG,CIN,CLE,34,37,False,False,nflverse,-3,G012085
2020,2020-10-25,7,REG,HOU,GB,20,35,False,False,nflverse,-15,G012086
2020,2020-10-25,7,REG,NO,CAR,27,24,False,False,nflverse,3,G012087
2020,2020-10-25,7,REG,NYJ,BUF,10,18,False,False,nflverse,-8,G012088
2020,2020-10-25,7,REG,TEN,PIT,24,27,False,False,nflverse,-3,G012089
2020,2020-10-25,7,REG,WSH,DAL,25,3,False,False,nflverse,22,G012090
2020,2020-10-25,7,REG,OAK,TB,20,45,False,False,nflverse,-25,G012091
2020,2020-10-25,7,REG,DEN,KC,16,43,False,False,nflverse,-27,G012092
2020,2020-10-25,7,REG,LAC,JAX,39,29,False,False,nflverse,10,G012093
2020,2020-10-25,7,REG,NE,SF,6,33,False,False,nflverse,-27,G012094
2020,2020-10-25,7,REG,ARI,SEA,37,34,False,True,nflverse,3,G012095
2020,2020-10-26,7,REG,LAR,CHI,24,10,False,False,nflverse,14,G012096
2020,2020-10-29,8,REG,CAR,ATL,17,25,False,False,nflverse,-8,G012097
2020,2020-11-01,8,REG,BAL,PIT,24,28,False,False,nflverse,-4,G012098
2020,2020-11-01,8,REG,BUF,NE,24,21,False,False,nflverse,3,G012099
2020,2020-11-01,8,REG,CIN,TEN,31,20,False,False,nflverse,11,G012100
2020,2020-11-01,8,REG,CLE,OAK,6,16,False,False,nflverse,-10,G012101
2020,2020-11-01,8,REG,DET,IND,21,41,False,False,nflverse,-20,G012102
2020,2020-11-01,8,REG,GB,MIN,22,28,False,False,nflverse,-6,G012103
2020,2020-11-01,8,REG,KC,NYJ,35,9,False,False,nflverse,26,G012104
2020,2020-11-01,8,REG,MIA,LAR,28,17,False,False,nflverse,11,G012105
2020,2020-11-01,8,REG,DEN,LAC,31,30,False,False,nflverse,1,G012106
2020,2020-11-01,8,REG,CHI,NO,23,26,False,True,nflverse,-3,G012107
2020,2020-11-01,8,REG,SEA,SF,37,27,False,False,nflverse,10,G012108
2020,2020-11-01,8,REG,PHI,DAL,23,9,False,False,nflverse,14,G012109
2020,2020-11-02,8,REG,NYG,TB,23,25,False,False,nflverse,-2,G012110
2020,2020-11-05,9,REG,SF,GB,17,34,False,False,nflverse,-17,G012111
2020,2020-11-08,9,REG,ATL,DEN,34,27,False,False,nflverse,7,G012112
2020,2020-11-08,9,REG,BUF,SEA,44,34,False,False,nflverse,10,G012113
2020,2020-11-08,9,REG,IND,BAL,10,24,False,False,nflverse,-14,G012114
2020,2020-11-08,9,REG,JAX,HOU,25,27,False,False,nflverse,-2,G012115
2020,2020-11-08,9,REG,KC,CAR,33,31,False,False,nflverse,2,G012116
2020,2020-11-08,9,REG,MIN,DET,34,20,False,False,nflverse,14,G012117
2020,2020-11-08,9,REG,TEN,CHI,24,17,False,False,nflverse,7,G012118
2020,2020-11-08,9,REG,WSH,NYG,20,23,False,False,nflverse,-3,G012119
2020,2020-11-08,9,REG,LAC,OAK,26,31,False,False,nflverse,-5,G012120
2020,2020-11-08,9,REG,ARI,MIA,31,34,False,False,nflverse,-3,G012121
2020,2020-11-08,9,REG,DAL,PIT,19,24,False,False,nflverse,-5,G012122
2020,2020-11-08,9,REG,TB,NO,3,38,False,False,nflverse,-35,G012123
2020,2020-11-09,9,REG,NYJ,NE,27,30,False,False,nflverse,-3,G012124
2020,2020-11-12,10,REG,TEN,IND,17,34,False,False,nflverse,-17,G012125
2020,2020-11-15,10,REG,CAR,TB,23,46,False,False,nflverse,-23,G012126
2020,2020-11-15,10,REG,CLE,HOU,10,7,False,False,nflverse,3,G012127
2020,2020-11-15,10,REG,DET,WSH,30,27,False,False,nflverse,3,G012128
2020,2020-11-15,10,REG,GB,JAX,24,20,False,False,nflverse,4,G012129
2020,2020-11-15,10,REG,NYG,PHI,27,17,False,False,nflverse,10,G012130
2020,2020-11-15,10,REG,ARI,BUF,32,30,False,False,nflverse,2,G012131
2020,2020-11-15,10,REG,OAK,DEN,37,12,False,False,nflverse,25,G012132
2020,2020-11-15,10,REG,MIA,LAC,29,21,False,False,nflverse,8,G012133
2020,2020-11-15,10,REG,LAR,SEA,23,16,False,False,nflverse,7,G012134
2020,2020-11-15,10,REG,NO,SF,27,13,False,False,nflverse,14,G012135
2020,2020-11-15,10,REG,PIT,CIN,36,10,False,False,nflverse,26,G012136
2020,2020-11-15,10,REG,NE,BAL,23,17,False,False,nflverse,6,G012137
2020,2020-11-16,10,REG,CHI,MIN,13,19,False,False,nflverse,-6,G012138
2020,2020-11-19,11,REG,SEA,ARI,28,21,False,False,nflverse,7,G012139
2020,2020-11-22,11,REG,BAL,TEN,24,30,False,True,nflverse,-6,G012140
2020,2020-11-22,11,REG,CAR,DET,20,0,False,False,nflverse,20,G012141
2020,2020-11-22,11,REG,CLE,PHI,22,17,False,False,nflverse,5,G012142
2020,2020-11-22,11,REG,HOU,NE,27,20,False,False,nflverse,7,G012143
2020,2020-11-22,11,REG,JAX,PIT,3,27,False,False,nflverse,-24,G012144
2020,2020-11-22,11,REG,NO,ATL,24,9,False,False,nflverse,15,G012145
2020,2020-11-22,11,REG,WSH,CIN,20,9,False,False,nflverse,11,G012146
2020,2020-11-22,11,REG,DEN,MIA,20,13,False,False,nflverse,7,G012147
2020,2020-11-22,11,REG,LAC,NYJ,34,28,False,False,nflverse,6,G012148
2020,2020-11-22,11,REG,IND,GB,34,31,False,True,nflverse,3,G012149
2020,2020-11-22,11,REG,MIN,DAL,28,31,False,False,nflverse,-3,G012150
2020,2020-11-22,11,REG,OAK,KC,31,35,False,False,nflverse,-4,G012151
2020,2020-11-23,11,REG,TB,LAR,24,27,False,False,nflverse,-3,G012152
2020,2020-11-26,12,REG,DET,HOU,25,41,False,False,nflverse,-16,G012153
2020,2020-11-26,12,REG,DAL,WSH,16,41,False,False,nflverse,-25,G012154
2020,2020-11-29,12,REG,ATL,OAK,43,6,False,False,nflverse,37,G012155
2020,2020-11-29,12,REG,BUF,LAC,27,17,False,False,nflverse,10,G012156
2020,2020-11-29,12,REG,CIN,NYG,17,19,False,False,nflverse,-2,G012157
2020,2020-11-29,12,REG,IND,TEN,26,45,False,False,nflverse,-19,G012158
2020,2020-11-29,12,REG,JAX,CLE,25,27,False,False,nflverse,-2,G012159
2020,2020-11-29,12,REG,MIN,CAR,28,27,False,False,nflverse,1,G012160
2020,2020-11-29,12,REG,NE,ARI,20,17,False,False,nflverse,3,G012161
2020,2020-11-29,12,REG,NYJ,MIA,3,20,False,False,nflverse,-17,G012162
2020,2020-11-29,12,REG,DEN,NO,3,31,False,False,nflverse,-28,G012163
2020,2020-11-29,12,REG,LAR,SF,20,23,False,False,nflverse,-3,G012164
2020,2020-11-29,12,REG,TB,KC,24,27,False,False,nflverse,-3,G012165
2020,2020-11-29,12,REG,GB,CHI,41,25,False,False,nflverse,16,G012166
2020,2020-11-30,12,REG,PHI,SEA,17,23,False,False,nflverse,-6,G012167
2020,2020-12-02,12,REG,PIT,BAL,19,14,False,False,nflverse,5,G012168
2020,2020-12-06,13,REG,ATL,NO,16,21,False,False,nflverse,-5,G012169
2020,2020-12-06,13,REG,CHI,DET,30,34,False,False,nflverse,-4,G012170
2020,2020-12-06,13,REG,HOU,IND,20,26,False,False,nflverse,-6,G012171
2020,2020-12-06,13,REG,MIA,CIN,19,7,False,False,nflverse,12,G012172
2020,2020-12-06,13,REG,MIN,JAX,27,24,False,True,nflverse,3,G012173
2020,2020-12-06,13,REG,NYJ,OAK,28,31,False,False,nflverse,-3,G012174
2020,2020-12-06,13,REG,TEN,CLE,35,41,False,False,nflverse,-6,G012175
2020,2020-12-06,13,REG,ARI,LAR,28,38,False,False,nflverse,-10,G012176
2020,2020-12-06,13,REG,SEA,NYG,12,17,False,False,nflverse,-5,G012177
2020,2020-12-06,13,REG,GB,PHI,30,16,False,False,nflverse,14,G012178
2020,2020-12-06,13,REG,LAC,NE,0,45,False,False,nflverse,-45,G012179
2020,2020-12-06,13,REG,KC,DEN,22,16,False,False,nflverse,6,G012180
2020,2020-12-07,13,REG,PIT,WSH,17,23,False,False,nflverse,-6,G012181
2020,2020-12-07,13,REG,SF,BUF,24,34,True,False,nflverse,-10,G012182
2020,2020-12-08,13,REG,BAL,DAL,34,17,False,False,nflverse,17,G012183
2020,2020-12-10,14,REG,LAR,NE,24,3,False,False,nflverse,21,G012184
2020,2020-12-13,14,REG,CAR,DEN,27,32,False,False,nflverse,-5,G012185
2020,2020-12-13,14,REG,CHI,HOU,36,7,False,False,nflverse,29,G012186
2020,2020-12-13,14,REG,CIN,DAL,7,30,False,False,nflverse,-23,G012187
2020,2020-12-13,14,REG,JAX,TEN,10,31,False,False,nflverse,-21,G012188
2020,2020-12-13,14,REG,MIA,KC,27,33,False,False,nflverse,-6,G012189
2020,2020-12-13,14,REG,NYG,ARI,7,26,False,False,nflverse,-19,G012190
2020,2020-12-13,14,REG,TB,MIN,26,14,False,False,nflverse,12,G012191
2020,2020-12-13,14,REG,OAK,IND,27,44,False,False,nflverse,-17,G012192
2020,2020-12-13,14,REG,SEA,NYJ,40,3,False,False,nflverse,37,G012193
2020,2020-12-13,14,REG,DET,GB,24,31,False,False,nflverse,-7,G012194
2020,2020-12-13,14,REG,LAC,ATL,20,17,False,False,nflverse,3,G012195
2020,2020-12-13,14,REG,PHI,NO,24,21,False,False,nflverse,3,G012196
2020,2020-12-13,14,REG,SF,WSH,15,23,True,False,nflverse,-8,G012197
2020,2020-12-13,14,REG,BUF,PIT,26,15,False,False,nflverse,11,G012198
2020,2020-12-14,14,REG,CLE,BAL,42,47,False,False,nflverse,-5,G012199
2020,2020-12-17,15,REG,OAK,LAC,27,30,False,True,nflverse,-3,G012200
2020,2020-12-19,15,REG,DEN,BUF,19,48,False,False,nflverse,-29,G012201
2020,2020-12-19,15,REG,GB,CAR,24,16,False,False,nflverse,8,G012202
2020,2020-12-20,15,REG,ATL,TB,27,31,False,False,nflverse,-4,G012203
2020,2020-12-20,15,REG,BAL,JAX,40,14,False,False,nflverse,26,G012204
2020,2020-12-20,15,REG,DAL,SF,41,33,False,False,nflverse,8,G012205
2020,2020-12-20,15,REG,IND,HOU,27,20,False,False,nflverse,7,G012206
2020,2020-12-20,15,REG,MIA,NE,22,12,False,False,nflverse,10,G012207
2020,2020-12-20,15,REG,MIN,CHI,27,33,False,False,nflverse,-6,G012208
2020,2020-12-20,15,REG,TEN,DET,46,25,False,False,nflverse,21,G012209
2020,2020-12-20,15,REG,WSH,SEA,15,20,False,False,nflverse,-5,G012210
2020,2020-12-20,15,REG,ARI,PHI,33,26,False,False,nflverse,7,G012211
2020,2020-12-20,15,REG,LAR,NYJ,20,23,False,False,nflverse,-3,G012212
2020,2020-12-20,15,REG,NO,KC,29,32,False,False,nflverse,-3,G012213
2020,2020-12-20,15,REG,NYG,CLE,6,20,False,False,nflverse,-14,G012214
2020,2020-12-21,15,REG,CIN,PIT,27,17,False,False,nflverse,10,G012215
2020,2020-12-25,16,REG,NO,MIN,52,33,False,False,nflverse,19,G012216
2020,2020-12-26,16,REG,DET,TB,7,47,False,False,nflverse,-40,G012217
2020,2020-12-26,16,REG,ARI,SF,12,20,False,False,nflverse,-8,G012218
2020,2020-12-26,16,REG,OAK,MIA,25,26,False,False,nflverse,-1,G012219
2020,2020-12-27,16,REG,BAL,NYG,27,13,False,False,nflverse,14,G012220
2020,2020-12-27,16,REG,HOU,CIN,31,37,False,False,nflverse,-6,G012221
2020,2020-12-27,16,REG,JAX,CHI,17,41,False,False,nflverse,-24,G012222
2020,2020-12-27,16,REG,KC,ATL,17,14,False,False,nflverse,3,G012223
2020,2020-12-27,16,REG,NYJ,CLE,23,16,False,False,nflverse,7,G012224
2020,2020-12-27,16,REG,PIT,IND,28,24,False,False,nflverse,4,G012225
2020,2020-12-27,16,REG,LAC,DEN,19,16,False,False,nflverse,3,G012226
2020,2020-12-27,16,REG,WSH,CAR,13,20,False,False,nflverse,-7,G012227
2020,2020-12-27,16,REG,DAL,PHI,37,17,False,False,nflverse,20,G012228
2020,2020-12-27,16,REG,SEA,LAR,20,9,False,False,nflverse,11,G012229
2020,2020-12-27,16,REG,GB,TEN,40,14,False,False,nflverse,26,G012230
2020,2020-12-28,16,REG,NE,BUF,9,38,False,False,nflverse,-29,G012231
2020,2021-01-03,17,REG,BUF,MIA,56,26,False,False,nflverse,30,G012232
2020,2021-01-03,17,REG,CIN,BAL,3,38,False,False,nflverse,-35,G012233
2020,2021-01-03,17,REG,CLE,PIT,24,22,False,False,nflverse,2,G012234
2020,2021-01-03,17,REG,DET,MIN,35,37,False,False,nflverse,-2,G012235
2020,2021-01-03,17,REG,NE,NYJ,28,14,False,False,nflverse,14,G012236
2020,2021-01-03,17,REG,NYG,DAL,23,19,False,False,nflverse,4,G012237
2020,2021-01-03,17,REG,TB,ATL,44,27,False,False,nflverse,17,G012238
2020,2021-01-03,17,REG,CAR,NO,7,33,False,False,nflverse,-26,G012239
2020,2021-01-03,17,REG,CHI,GB,16,35,False,False,nflverse,-19,G012240
2020,2021-01-03,17,REG,DEN,OAK,31,32,False,False,nflverse,-1,G012241
2020,2021-01-03,17,REG,HOU,TEN,38,41,False,False,nflverse,-3,G012242
2020,2021-01-03,17,REG,IND,JAX,28,14,False,False,nflverse,14,G012243
2020,2021-01-03,17,REG,KC,LAC,21,38,False,False,nflverse,-17,G012244
2020,2021-01-03,17,REG,LAR,ARI,18,7,False,False,nflverse,11,G012245
2020,2021-01-03,17,REG,SF,SEA,23,26,True,False,nflverse,-3,G012246
2020,2021-01-03,17,REG,PHI,WSH,14,20,False,False,nflverse,-6,G012247
2020,2021-01-09,18,WC,BUF,IND,27,24,False,False,nflverse,3,G012248
2020,2021-01-09,18,WC,SEA,LAR,20,30,False,False,nflverse,-10,G012249
2020,2021-01-09,18,WC,WSH,TB,23,31,False,False,nflverse,-8,G012250
2020,2021-01-10,18,WC,TEN,BAL,13,20,False,False,nflverse,-7,G012251
2020,2021-01-10,18,WC,NO,CHI,21,9,False,False,nflverse,12,G012252
2020,2021-01-10,18,WC,PIT,CLE,37,48,False,False,nflverse,-11,G012253
2020,2021-01-16,19,DIV,GB,LAR,32,18,False,False,nflverse,14,G012254
2020,2021-01-16,19,DIV,BUF,BAL,17,3,False,False,nflverse,14,G012255
2020,2021-01-17,19,DIV,KC,CLE,22,17,False,False,nflverse,5,G012256
2020,2021-01-17,19,DIV,NO,TB,20,30,False,False,nflverse,-10,G012257
2020,2021-01-24,20,CON,GB,TB,26,31,False,False,nflverse,-5,G012258
2020,2021-01-24,20,CON,KC,BUF,38,24,False,False,nflverse,14,G012259
2020,2021-02-07,21,SB,TB,KC,31,9,True,False,nflverse,22,G012260
2021,2021-09-09,1,REG,TB,DAL,31,29,False,False,nflverse,2,G012261
2021,2021-09-12,1,REG,ATL,PHI,6,32,False,False,nflverse,-26,G012262
2021,2021-09-12,1,REG,BUF,PIT,16,23,False,False,nflverse,-7,G012263
2021,2021-09-12,1,REG,CAR,NYJ,19,14,False,False,nflverse,5,G012264
2021,2021-09-12,1,REG,CIN,MIN,27,24,False,True,nflverse,3,G012265
2021,2021-09-12,1,REG,DET,SF,33,41,False,False,nflverse,-8,G012266
2021,2021-09-12,1,REG,HOU,JAX,37,21,False,False,nflverse,16,G012267
2021,2021-09-12,1,REG,IND,SEA,16,28,False,False,nflverse,-12,G012268
2021,2021-09-12,1,REG,TEN,ARI,13,38,False,False,nflverse,-25,G012269
2021,2021-09-12,1,REG,WSH,LAC,16,20,False,False,nflverse,-4,G012270
2021,2021-09-12,1,REG,KC,CLE,33,29,False,False,nflverse,4,G012271
2021,2021-09-12,1,REG,NE,MIA,16,17,False,False,nflverse,-1,G012272
2021,2021-09-12,1,REG,NO,GB,38,3,True,False,nflverse,35,G012273
2021,2021-09-12,1,REG,NYG,DEN,13,27,False,False,nflverse,-14,G012274
2021,2021-09-12,1,REG,LAR,CHI,34,14,False,False,nflverse,20,G012275
2021,2021-09-13,1,REG,OAK,BAL,33,27,False,True,nflverse,6,G012276
2021,2021-09-16,2,REG,WSH,NYG,30,29,False,False,nflverse,1,G012277
2021,2021-09-19,2,REG,CAR,NO,26,7,False,False,nflverse,19,G012278
2021,2021-09-19,2,REG,CHI,CIN,20,17,False,False,nflverse,3,G012279
2021,2021-09-19,2,REG,CLE,HOU,31,21,False,False,nflverse,10,G012280
2021,2021-09-19,2,REG,IND,LAR,24,27,False,False,nflverse,-3,G012281
2021,2021-09-19,2,REG,JAX,DEN,13,23,False,False,nflverse,-10,G012282
2021,2021-09-19,2,REG,MIA,BUF,0,35,False,False,nflverse,-35,G012283
2021,2021-09-19,2,REG,NYJ,NE,6,25,False,False,nflverse,-19,G012284
2021,2021-09-19,2,REG,PHI,SF,11,17,False,False,nflverse,-6,G012285
2021,2021-09-19,2,REG,PIT,OAK,17,26,False,False,nflverse,-9,G012286
2021,2021-09-19,2,REG,ARI,MIN,34,33,False,False,nflverse,1,G012287
2021,2021-09-19,2,REG,TB,ATL,48,25,False,False,nflverse,23,G012288
2021,2021-09-19,2,REG,LAC,DAL,17,20,False,False,nflverse,-3,G012289
2021,2021-09-19,2,REG,SEA,TEN,30,33,False,True,nflverse,-3,G012290
2021,2021-09-19,2,REG,BAL,KC,36,35,False,False,nflverse,1,G012291
2021,2021-09-20,2,REG,GB,DET,35,17,False,False,nflverse,18,G012292
2021,2021-09-23,3,REG,HOU,CAR,9,24,False,False,nflverse,-15,G012293
2021,2021-09-26,3,REG,BUF,WSH,43,21,False,False,nflverse,22,G012294
2021,2021-09-26,3,REG,CLE,CHI,26,6,False,False,nflverse,20,G012295
2021,2021-09-26,3,REG,DET,BAL,17,19,False,False,nflverse,-2,G012296
2021,2021-09-26,3,REG,JAX,ARI,19,31,False,False,nflverse,-12,G012297
2021,2021-09-26,3,REG,KC,LAC,24,30,False,False,nflverse,-6,G012298
2021,2021-09-26,3,REG,NE,NO,13,28,False,False,nflverse,-15,G012299
2021,2021-09-26,3,REG,NYG,ATL,14,17,False,False,nflverse,-3,G012300
2021,2021-09-26,3,REG,PIT,CIN,10,24,False,False,nflverse,-14,G012301
2021,2021-09-26,3,REG,TEN,IND,25,16,False,False,nflverse,9,G012302
2021,2021-09-26,3,REG,DEN,NYJ,26,0,False,False,nflverse,26,G012303
2021,2021-09-26,3,REG,OAK,MIA,31,28,False,True,nflverse,3,G012304
2021,2021-09-26,3,REG,LAR,TB,34,24,False,False,nflverse,10,G012305
2021,2021-09-26,3,REG,MIN,SEA,30,17,False,False,nflverse,13,G012306
2021,2021-09-26,3,REG,SF,GB,28,30,False,False,nflverse,-2,G012307
2021,2021-09-27,3,REG,DAL,PHI,41,21,False,False,nflverse,20,G012308
2021,2021-09-30,4,REG,CIN,JAX,24,21,False,False,nflverse,3,G012309
2021,2021-10-03,4,REG,ATL,WSH,30,34,False,False,nflverse,-4,G012310
2021,2021-10-03,4,REG,BUF,HOU,40,0,False,False,nflverse,40,G012311
2021,2021-10-03,4,REG,CHI,DET,24,14,False,False,nflverse,10,G012312
2021,2021-10-03,4,REG,DAL,CAR,36,28,False,False,nflverse,8,G012313
2021,2021-10-03,4,REG,MIA,IND,17,27,False,False,nflverse,-10,G012314
2021,2021-10-03,4,REG,MIN,CLE,7,14,False,False,nflverse,-7,G012315
2021,2021-10-03,4,REG,NO,NYG,21,27,False,True,nflverse,-6,G012316
2021,2021-10-03,4,REG,NYJ,TEN,27,24,False,True,nflverse,3,G012317
2021,2021-10-03,4,REG,PHI,KC,30,42,False,False,nflverse,-12,G012318
2021,2021-10-03,4,REG,LAR,ARI,20,37,False,False,nflverse,-17,G012319
2021,2021-10-03,4,REG,SF,SEA,21,28,False,False,nflverse,-7,G012320
2021,2021-10-03,4,REG,DEN,BAL,7,23,False,False,nflverse,-16,G012321
2021,2021-10-03,4,REG,GB,PIT,27,17,False,False,nflverse,10,G012322
2021,2021-10-03,4,REG,NE,TB,17,19,False,False,nflverse,-2,G012323
2021,2021-10-04,4,REG,LAC,OAK,28,14,False,False,nflverse,14,G012324
2021,2021-10-07,5,REG,SEA,LAR,17,26,False,False,nflverse,-9,G012325
2021,2021-10-10,5,REG,ATL,NYJ,27,20,True,False,nflverse,7,G012326
2021,2021-10-10,5,REG,CAR,PHI,18,21,False,False,nflverse,-3,G012327
2021,2021-10-10,5,REG,CIN,GB,22,25,False,True,nflverse,-3,G012328
2021,2021-10-10,5,REG,HOU,NE,22,25,False,False,nflverse,-3,G012329
2021,2021-10-10,5,REG,JAX,TEN,19,37,False,False,nflverse,-18,G012330
2021,2021-10-10,5,REG,MIN,DET,19,17,False,False,nflverse,2,G012331
2021,2021-10-10,5,REG,PIT,DEN,27,19,False,False,nflverse,8,G012332
2021,2021-10-10,5,REG,TB,MIA,45,17,False,False,nflverse,28,G012333
2021,2021-10-10,5,REG,WSH,NO,22,33,False,False,nflverse,-11,G012334
2021,2021-10-10,5,REG,LAC,CLE,47,42,False,False,nflverse,5,G012335
2021,2021-10-10,5,REG,OAK,CHI,9,20,False,False,nflverse,-11,G012336
2021,2021-10-10,5,REG,ARI,SF,17,10,False,False,nflverse,7,G012337
2021,2021-10-10,5,REG,DAL,NYG,44,20,False,False,nflverse,24,G012338
2021,2021-10-10,5,REG,KC,BUF,20,38,False,False,nflverse,-18,G012339
2021,2021-10-11,5,REG,BAL,IND,31,25,False,True,nflverse,6,G012340
2021,2021-10-14,6,REG,PHI,TB,22,28,False,False,nflverse,-6,G012341
2021,2021-10-17,6,REG,JAX,MIA,23,20,True,False,nflverse,3,G012342
2021,2021-10-17,6,REG,BAL,LAC,34,6,False,False,nflverse,28,G012343
2021,2021-10-17,6,REG,CAR,MIN,28,34,False,True,nflverse,-6,G012344
2021,2021-10-17,6,REG,CHI,GB,14,24,False,False,nflverse,-10,G012345
2021,2021-10-17,6,REG,DET,CIN,11,34,False,False,nflverse,-23,G012346
2021,2021-10-17,6,REG,IND,HOU,31,3,False,False,nflverse,28,G012347
2021,2021-10-17,6,REG,NYG,LAR,11,38,False,False,nflverse,-27,G012348
2021,2021-10-17,6,REG,WSH,KC,13,31,False,False,nflverse,-18,G012349
2021,2021-10-17,6,REG,CLE,ARI,14,37,False,False,nflverse,-23,G012350
2021,2021-10-17,6,REG,DEN,OAK,24,34,False,False,nflverse,-10,G012351
2021,2021-10-17,6,REG,NE,DAL,29,35,False,True,nflverse,-6,G012352
2021,2021-10-17,6,REG,PIT,SEA,23,20,False,True,nflverse,3,G012353
2021,2021-10-18,6,REG,TEN,BUF,34,31,False,False,nflverse,3,G012354
2021,2021-10-21,7,REG,CLE,DEN,17,14,False,False,nflverse,3,G012355
2021,2021-10-24,7,REG,BAL,CIN,17,41,False,False,nflverse,-24,G012356
2021,2021-10-24,7,REG,GB,WSH,24,10,False,False,nflverse,14,G012357
2021,2021-10-24,7,REG,MIA,ATL,28,30,False,False,nflverse,-2,G012358
2021,2021-10-24,7,REG,NE,NYJ,54,13,False,False,nflverse,41,G012359
2021,2021-10-24,7,REG,NYG,CAR,25,3,False,False,nflverse,22,G012360
2021,2021-10-24,7,REG,TEN,KC,27,3,False,False,nflverse,24,G012361
2021,2021-10-24,7,REG,LAR,DET,28,19,False,False,nflverse,9,G012362
2021,2021-10-24,7,REG,OAK,PHI,33,22,False,False,nflverse,11,G012363
2021,2021-10-24,7,REG,ARI,HOU,31,5,False,False,nflverse,26,G012364
2021,2021-10-24,7,REG,TB,CHI,38,3,False,False,nflverse,35,G012365
2021,2021-10-24,7,REG,SF,IND,18,30,False,False,nflverse,-12,G012366
2021,2021-10-25,7,REG,SEA,NO,10,13,False,False,nflverse,-3,G012367
2021,2021-10-28,8,REG,ARI,GB,21,24,False,False,nflverse,-3,G012368
2021,2021-10-31,8,REG,ATL,CAR,13,19,False,False,nflverse,-6,G012369
2021,2021-10-31,8,REG,BUF,MIA,26,11,False,False,nflverse,15,G012370
2021,2021-10-31,8,REG,CHI,SF,22,33,False,False,nflverse,-11,G012371
2021,2021-10-31,8,REG,CLE,PIT,10,15,False,False,nflverse,-5,G012372
2021,2021-10-31,8,REG,DET,PHI,6,44,False,False,nflverse,-38,G012373
2021,2021-10-31,8,REG,HOU,LAR,22,38,False,False,nflverse,-16,G012374
2021,2021-10-31,8,REG,IND,TEN,31,34,False,True,nflverse,-3,G012375
2021,2021-10-31,8,REG,NYJ,CIN,34,31,False,False,nflverse,3,G012376
2021,2021-10-31,8,REG,LAC,NE,24,27,False,False,nflverse,-3,G012377
2021,2021-10-31,8,REG,SEA,JAX,31,7,False,False,nflverse,24,G012378
2021,2021-10-31,8,REG,DEN,WSH,17,10,False,False,nflverse,7,G012379
2021,2021-10-31,8,REG,NO,TB,36,27,False,False,nflverse,9,G012380
2021,2021-10-31,8,REG,MIN,DAL,16,20,False,False,nflverse,-4,G012381
2021,2021-11-01,8,REG,KC,NYG,20,17,False,False,nflverse,3,G012382
2021,2021-11-04,9,REG,IND,NYJ,45,30,False,False,nflverse,15,G012383
2021,2021-11-07,9,REG,BAL,MIN,34,31,False,True,nflverse,3,G012384
2021,2021-11-07,9,REG,CAR,NE,6,24,False,False,nflverse,-18,G012385
2021,2021-11-07,9,REG,CIN,CLE,16,41,False,False,nflverse,-25,G012386
2021,2021-11-07,9,REG,DAL,DEN,16,30,False,False,nflverse,-14,G012387
2021,2021-11-07,9,REG,JAX,BUF,9,6,False,False,nflverse,3,G012388
2021,2021-11-07,9,REG,MIA,HOU,17,9,False,False,nflverse,8,G012389
2021,2021-11-07,9,REG,NO,ATL,25,27,False,False,nflverse,-2,G012390
2021,2021-11-07,9,REG,NYG,OAK,23,16,False,False,nflverse,7,G012391
2021,2021-11-07,9,REG,PHI,LAC,24,27,False,False,nflverse,-3,G012392
2021,2021-11-07,9,REG,KC,GB,13,7,False,False,nflverse,6,G012393
2021,2021-11-07,9,REG,SF,ARI,17,31,False,False,nflverse,-14,G012394
2021,2021-11-07,9,REG,LAR,TEN,16,28,False,False,nflverse,-12,G012395
2021,2021-11-08,9,REG,PIT,CHI,29,27,False,False,nflverse,2,G012396
2021,2021-11-11,10,REG,MIA,BAL,22,10,False,False,nflverse,12,G012397
2021,2021-11-14,10,REG,DAL,ATL,43,3,False,False,nflverse,40,G012398
2021,2021-11-14,10,REG,IND,JAX,23,17,False,False,nflverse,6,G012399
2021,2021-11-14,10,REG,NE,CLE,45,7,False,False,nflverse,38,G012400
2021,2021-11-14,10,REG,NYJ,BUF,17,45,False,False,nflverse,-28,G012401
2021,2021-11-14,10,REG,PIT,DET,16,16,False,True,nflverse,0,G012402
2021,2021-11-14,10,REG,TEN,NO,23,21,False,False,nflverse,2,G012403
2021,2021-11-14,10,REG,WSH,TB,29,19,False,False,nflverse,10,G012404
2021,2021-11-14,10,REG,ARI,CAR,10,34,False,False,nflverse,-24,G012405
2021,2021-11-14,10,REG,LAC,MIN,20,27,False,False,nflverse,-7,G012406
2021,2021-11-14,10,REG,DEN,PHI,13,30,False,False,nflverse,-17,G012407
2021,2021-11-14,10,REG,GB,SEA,17,0,False,False,nflverse,17,G012408
2021,2021-11-14,10,REG,OAK,KC,14,41,False,False,nflverse,-27,G012409
2021,2021-11-15,10,REG,SF,LAR,31,10,False,False,nflverse,21,G012410
2021,2021-11-18,11,REG,ATL,NE,0,25,False,False,nflverse,-25,G012411
2021,2021-11-21,11,REG,BUF,IND,15,41,False,False,nflverse,-26,G012412
2021,2021-11-21,11,REG,CAR,WSH,21,27,False,False,nflverse,-6,G012413
2021,2021-11-21,11,REG,CHI,BAL,13,16,False,False,nflverse,-3,G012414
2021,2021-11-21,11,REG,CLE,DET,13,10,False,False,nflverse,3,G012415
2021,2021-11-21,11,REG,JAX,SF,10,30,False,False,nflverse,-20,G012416
2021,2021-11-21,11,REG,MIN,GB,34,31,False,False,nflverse,3,G012417
2021,2021-11-21,11,REG,NYJ,MIA,17,24,False,False,nflverse,-7,G012418
2021,2021-11-21,11,REG,PHI,NO,40,29,False,False,nflverse,11,G012419
2021,2021-11-21,11,REG,TEN,HOU,13,22,False,False,nflverse,-9,G012420
2021,2021-11-21,11,REG,OAK,CIN,13,32,False,False,nflverse,-19,G012421
2021,2021-11-21,11,REG,KC,DAL,19,9,False,False,nflverse,10,G012422
2021,2021-11-21,11,REG,SEA,ARI,13,23,False,False,nflverse,-10,G012423
2021,2021-11-21,11,REG,LAC,PIT,41,37,False,False,nflverse,4,G012424
2021,2021-11-22,11,REG,TB,NYG,30,10,False,False,nflverse,20,G012425
2021,2021-11-25,12,REG,DET,CHI,14,16,False,False,nflverse,-2,G012426
2021,2021-11-25,12,REG,DAL,OAK,33,36,False,False,nflverse,-3,G012427
2021,2021-11-25,12,REG,NO,BUF,6,31,False,False,nflverse,-25,G012428
2021,2021-11-28,12,REG,CIN,PIT,41,10,False,False,nflverse,31,G012429
2021,2021-11-28,12,REG,HOU,NYJ,14,21,False,False,nflverse,-7,G012430
2021,2021-11-28,12,REG,IND,TB,31,38,False,False,nflverse,-7,G012431
2021,2021-11-28,12,REG,JAX,ATL,14,21,False,False,nflverse,-7,G012432
2021,2021-11-28,12,REG,MIA,CAR,33,10,False,False,nflverse,23,G012433
2021,2021-11-28,12,REG,NE,TEN,36,13,False,False,nflverse,23,G012434
2021,2021-11-28,12,REG,NYG,PHI,13,7,False,False,nflverse,6,G012435
2021,2021-11-28,12,REG,DEN,LAC,28,13,False,False,nflverse,15,G012436
2021,2021-11-28,12,REG,GB,LAR,36,28,False,False,nflverse,8,G012437
2021,2021-11-28,12,REG,SF,MIN,34,26,False,False,nflverse,8,G012438
2021,2021-11-28,12,REG,BAL,CLE,16,10,False,False,nflverse,6,G012439
2021,2021-11-29,12,REG,WSH,SEA,17,15,False,False,nflverse,2,G012440
2021,2021-12-02,13,REG,NO,DAL,17,27,False,False,nflverse,-10,G012441
2021,2021-12-05,13,REG,ATL,TB,17,30,False,False,nflverse,-13,G012442
2021,2021-12-05,13,REG,CHI,ARI,22,33,False,False,nflverse,-11,G012443
2021,2021-12-05,13,REG,CIN,LAC,22,41,False,False,nflverse,-19,G012444
2021,2021-12-05,13,REG,DET,MIN,29,27,False,False,nflverse,2,G012445
2021,2021-12-05,13,REG,HOU,IND,0,31,False,False,nflverse,-31,G012446
2021,2021-12-05,13,REG,MIA,NYG,20,9,False,False,nflverse,11,G012447
2021,2021-12-05,13,REG,NYJ,PHI,18,33,False,False,nflverse,-15,G012448
2021,2021-12-05,13,REG,LAR,JAX,37,7,False,False,nflverse,30,G012449
2021,2021-12-05,13,REG,OAK,WSH,15,17,False,False,nflverse,-2,G012450
2021,2021-12-05,13,REG,PIT,BAL,20,19,False,False,nflverse,1,G012451
2021,2021-12-05,13,REG,SEA,SF,30,23,False,False,nflverse,7,G012452
2021,2021-12-05,13,REG,KC,DEN,22,9,False,False,nflverse,13,G012453
2021,2021-12-06,13,REG,BUF,NE,10,14,False,False,nflverse,-4,G012454
2021,2021-12-09,14,REG,MIN,PIT,36,28,False,False,nflverse,8,G012455
2021,2021-12-12,14,REG,CAR,ATL,21,29,False,False,nflverse,-8,G012456
2021,2021-12-12,14,REG,CLE,BAL,24,22,False,False,nflverse,2,G012457
2021,2021-12-12,14,REG,HOU,SEA,13,33,False,False,nflverse,-20,G012458
2021,2021-12-12,14,REG,KC,OAK,48,9,False,False,nflverse,39,G012459
2021,2021-12-12,14,REG,NYJ,NO,9,30,False,False,nflverse,-21,G012460
2021,2021-12-12,14,REG,TEN,JAX,20,0,False,False,nflverse,20,G012461
2021,2021-12-12,14,REG,WSH,DAL,20,27,False,False,nflverse,-7,G012462
2021,2021-12-12,14,REG,DEN,DET,38,10,False,False,nflverse,28,G012463
2021,2021-12-12,14,REG,LAC,NYG,37,21,False,False,nflverse,16,G012464
2021,2021-12-12,14,REG,CIN,SF,23,26,False,True,nflverse,-3,G012465
2021,2021-12-12,14,REG,TB,BUF,33,27,False,True,nflverse,6,G012466
2021,2021-12-12,14,REG,GB,CHI,45,30,False,False,nflverse,15,G012467
2021,2021-12-13,14,REG,ARI,LAR,23,30,False,False,nflverse,-7,G012468
2021,2021-12-16,15,REG,LAC,KC,28,34,False,True,nflverse,-6,G012469
2021,2021-12-18,15,REG,IND,NE,27,17,False,False,nflverse,10,G012470
2021,2021-12-19,15,REG,BUF,CAR,31,14,False,False,nflverse,17,G012471
2021,2021-12-19,15,REG,DET,ARI,30,12,False,False,nflverse,18,G012472
2021,2021-12-19,15,REG,JAX,HOU,16,30,False,False,nflverse,-14,G012473
2021,2021-12-19,15,REG,MIA,NYJ,31,24,False,False,nflverse,7,G012474
2021,2021-12-19,15,REG,NYG,DAL,6,21,False,False,nflverse,-15,G012475
2021,2021-12-19,15,REG,PIT,TEN,19,13,False,False,nflverse,6,G012476
2021,2021-12-19,15,REG,DEN,CIN,10,15,False,False,nflverse,-5,G012477
2021,2021-12-19,15,REG,SF,ATL,31,13,False,False,nflverse,18,G012478
2021,2021-12-19,15,REG,BAL,GB,30,31,False,False,nflverse,-1,G012479
2021,2021-12-19,15,REG,TB,NO,0,9,False,False,nflverse,-9,G012480
2021,2021-12-20,15,REG,CLE,OAK,14,16,False,False,nflverse,-2,G012481
2021,2021-12-20,15,REG,CHI,MIN,9,17,False,False,nflverse,-8,G012482
2021,2021-12-21,15,REG,LAR,SEA,20,10,False,False,nflverse,10,G012483
2021,2021-12-21,15,REG,PHI,WSH,27,17,False,False,nflverse,10,G012484
2021,2021-12-23,16,REG,TEN,SF,20,17,False,False,nflverse,3,G012485
2021,2021-12-25,16,REG,GB,CLE,24,22,False,False,nflverse,2,G012486
2021,2021-12-25,16,REG,ARI,IND,16,22,False,False,nflverse,-6,G012487
2021,2021-12-26,16,REG,ATL,DET,20,16,False,False,nflverse,4,G012488
2021,2021-12-26,16,REG,CAR,TB,6,32,False,False,nflverse,-26,G012489
2021,2021-12-26,16,REG,CIN,BAL,41,21,False,False,nflverse,20,G012490
2021,2021-12-26,16,REG,HOU,LAC,41,29,False,False,nflverse,12,G012491
2021,2021-12-26,16,REG,MIN,LAR,23,30,False,False,nflverse,-7,G012492
2021,2021-12-26,16,REG,NE,BUF,21,33,False,False,nflverse,-12,G012493
2021,2021-12-26,16,REG,NYJ,JAX,26,21,False,False,nflverse,5,G012494
2021,2021-12-26,16,REG,PHI,NYG,34,10,False,False,nflverse,24,G012495
2021,2021-12-26,16,REG,SEA,CHI,24,25,False,False,nflverse,-1,G012496
2021,2021-12-26,16,REG,KC,PIT,36,10,False,False,nflverse,26,G012497
2021,2021-12-26,16,REG,OAK,DEN,17,13,False,False,nflverse,4,G012498
2021,2021-12-26,16,REG,DAL,WSH,56,14,False,False,nflverse,42,G012499
2021,2021-12-27,16,REG,NO,MIA,3,20,False,False,nflverse,-17,G012500
2021,2022-01-02,17,REG,BAL,LAR,19,20,False,False,nflverse,-1,G012501
2021,2022-01-02,17,REG,BUF,ATL,29,15,False,False,nflverse,14,G012502
2021,2022-01-02,17,REG,CHI,NYG,29,3,False,False,nflverse,26,G012503
2021,2022-01-02,17,REG,CIN,KC,34,31,False,False,nflverse,3,G012504
2021,2022-01-02,17,REG,IND,OAK,20,23,False,False,nflverse,-3,G012505
2021,2022-01-02,17,REG,NE,JAX,50,10,False,False,nflverse,40,G012506
2021,2022-01-02,17,REG,NYJ,TB,24,28,False,False,nflverse,-4,G012507
2021,2022-01-02,17,REG,TEN,MIA,34,3,False,False,nflverse,31,G012508
2021,2022-01-02,17,REG,WSH,PHI,16,20,False,False,nflverse,-4,G012509
2021,2022-01-02,17,REG,LAC,DEN,34,13,False,False,nflverse,21,G012510
2021,2022-01-02,17,REG,SF,HOU,23,7,False,False,nflverse,16,G012511
2021,2022-01-02,17,REG,DAL,ARI,22,25,False,False,nflverse,-3,G012512
2021,2022-01-02,17,REG,NO,CAR,18,10,False,False,nflverse,8,G012513
2021,2022-01-02,17,REG,SEA,DET,51,29,False,False,nflverse,22,G012514
2021,2022-01-02,17,REG,GB,MIN,37,10,False,False,nflverse,27,G012515
2021,2022-01-03,17,REG,PIT,CLE,26,14,False,False,nflverse,12,G012516
2021,2022-01-08,18,REG,DEN,KC,24,28,False,False,nflverse,-4,G012517
2021,2022-01-08,18,REG,PHI,DAL,26,51,False,False,nflverse,-25,G012518
2021,2022-01-09,18,REG,BAL,PIT,13,16,False,True,nflverse,-3,G012519
2021,2022-01-09,18,REG,CLE,CIN,21,16,False,False,nflverse,5,G012520
2021,2022-01-09,18,REG,DET,GB,37,30,False,False,nflverse,7,G012521
2021,2022-01-09,18,REG,HOU,TEN,25,28,False,False,nflverse,-3,G012522
2021,2022-01-09,18,REG,JAX,IND,26,11,False,False,nflverse,15,G012523
2021,2022-01-09,18,REG,MIN,CHI,31,17,False,False,nflverse,14,G012524
2021,2022-01-09,18,REG,NYG,WSH,7,22,False,False,nflverse,-15,G012525
2021,2022-01-09,18,REG,ARI,SEA,30,38,False,False,nflverse,-8,G012526
2021,2022-01-09,18,REG,ATL,NO,20,30,False,False,nflverse,-10,G012527
2021,2022-01-09,18,REG,BUF,NYJ,27,10,False,False,nflverse,17,G012528
2021,2022-01-09,18,REG,LAR,SF,24,27,False,True,nflverse,-3,G012529
2021,2022-01-09,18,REG,MIA,NE,33,24,False,False,nflverse,9,G012530
2021,2022-01-09,18,REG,TB,CAR,41,17,False,False,nflverse,24,G012531
2021,2022-01-09,18,REG,OAK,LAC,35,32,False,True,nflverse,3,G012532
2021,2022-01-15,19,WC,CIN,OAK,26,19,False,False,nflverse,7,G012533
2021,2022-01-15,19,WC,BUF,NE,47,17,False,False,nflverse,30,G012534
2021,2022-01-16,19,WC,TB,PHI,31,15,False,False,nflverse,16,G012535
2021,2022-01-16,19,WC,DAL,SF,17,23,False,False,nflverse,-6,G012536
2021,2022-01-16,19,WC,KC,PIT,42,21,False,False,nflverse,21,G012537
2021,2022-01-17,19,WC,LAR,ARI,34,11,False,False,nflverse,23,G012538
2021,2022-01-22,20,DIV,TEN,CIN,16,19,False,False,nflverse,-3,G012539
2021,2022-01-22,20,DIV,GB,SF,10,13,False,False,nflverse,-3,G012540
2021,2022-01-23,20,DIV,TB,LAR,27,30,False,False,nflverse,-3,G012541
2021,2022-01-23,20,DIV,KC,BUF,42,36,False,True,nflverse,6,G012542
2021,2022-01-30,21,CON,KC,CIN,24,27,False,True,nflverse,-3,G012543
2021,2022-01-30,21,CON,LAR,SF,20,17,False,False,nflverse,3,G012544
2021,2022-02-13,22,SB,CIN,LAR,20,23,True,False,nflverse,-3,G012545
2022,2022-09-08,1,REG,LAR,BUF,10,31,False,False,nflverse,-21,G012546
2022,2022-09-11,1,REG,ATL,NO,26,27,False,False,nflverse,-1,G012547
2022,2022-09-11,1,REG,CAR,CLE,24,26,False,False,nflverse,-2,G012548
2022,2022-09-11,1,REG,CHI,SF,19,10,False,False,nflverse,9,G012549
2022,2022-09-11,1,REG,CIN,PIT,20,23,False,True,nflverse,-3,G012550
2022,2022-09-11,1,REG,DET,PHI,35,38,False,False,nflverse,-3,G012551
2022,2022-09-11,1,REG,HOU,IND,20,20,False,True,nflverse,0,G012552
2022,2022-09-11,1,REG,MIA,NE,20,7,False,False,nflverse,13,G012553
2022,2022-09-11,1,REG,NYJ,BAL,9,24,False,False,nflverse,-15,G012554
2022,2022-09-11,1,REG,WSH,JAX,28,22,False,False,nflverse,6,G012555
2022,2022-09-11,1,REG,ARI,KC,21,44,False,False,nflverse,-23,G012556
2022,2022-09-11,1,REG,LAC,OAK,24,19,False,False,nflverse,5,G012557
2022,2022-09-11,1,REG,MIN,GB,23,7,False,False,nflverse,16,G012558
2022,2022-09-11,1,REG,TEN,NYG,20,21,False,False,nflverse,-1,G012559
2022,2022-09-11,1,REG,DAL,TB,3,19,False,False,nflverse,-16,G012560
2022,2022-09-12,1,REG,SEA,DEN,17,16,False,False,nflverse,1,G012561
2022,2022-09-15,2,REG,KC,LAC,27,24,False,False,nflverse,3,G012562
2022,2022-09-18,2,REG,BAL,MIA,38,42,False,False,nflverse,-4,G012563
2022,2022-09-18,2,REG,CLE,NYJ,30,31,False,False,nflverse,-1,G012564
2022,2022-09-18,2,REG,DET,WSH,36,27,False,False,nflverse,9,G012565
2022,2022-09-18,2,REG,JAX,IND,24,0,False,False,nflverse,24,G012566
2022,2022-09-18,2,REG,NO,TB,10,20,False,False,nflverse,-10,G012567
2022,2022-09-18,2,REG,NYG,CAR,19,16,False,False,nflverse,3,G012568
2022,2022-09-18,2,REG,PIT,NE,14,17,False,False,nflverse,-3,G012569
2022,2022-09-18,2,REG,LAR,ATL,31,27,False,False,nflverse,4,G012570
2022,2022-09-18,2,REG,SF,SEA,27,7,False,False,nflverse,20,G012571
2022,2022-09-18,2,REG,DAL,CIN,20,17,False,False,nflverse,3,G012572
2022,2022-09-18,2,REG,DEN,HOU,16,9,False,False,nflverse,7,G012573
2022,2022-09-18,2,REG,OAK,ARI,23,29,False,True,nflverse,-6,G012574
2022,2022-09-18,2,REG,GB,CHI,27,10,False,False,nflverse,17,G012575
2022,2022-09-19,2,REG,BUF,TEN,41,7,False,False,nflverse,34,G012576
2022,2022-09-19,2,REG,PHI,MIN,24,7,False,False,nflverse,17,G012577
2022,2022-09-22,3,REG,CLE,PIT,29,17,False,False,nflverse,12,G012578
2022,2022-09-25,3,REG,CAR,NO,22,14,False,False,nflverse,8,G012579
2022,2022-09-25,3,REG,CHI,HOU,23,20,False,False,nflverse,3,G012580
2022,2022-09-25,3,REG,IND,KC,20,17,False,False,nflverse,3,G012581
2022,2022-09-25,3,REG,MIA,BUF,21,19,False,False,nflverse,2,G012582
2022,2022-09-25,3,REG,MIN,DET,28,24,False,False,nflverse,4,G012583
2022,2022-09-25,3,REG,NE,BAL,26,37,False,False,nflverse,-11,G012584
2022,2022-09-25,3,REG,NYJ,CIN,12,27,False,False,nflverse,-15,G012585
2022,2022-09-25,3,REG,TEN,OAK,24,22,False,False,nflverse,2,G012586
2022,2022-09-25,3,REG,WSH,PHI,8,24,False,False,nflverse,-16,G012587
2022,2022-09-25,3,REG,LAC,JAX,10,38,False,False,nflverse,-28,G012588
2022,2022-09-25,3,REG,ARI,LAR,12,20,False,False,nflverse,-8,G012589
2022,2022-09-25,3,REG,SEA,ATL,23,27,False,False,nflverse,-4,G012590
2022,2022-09-25,3,REG,TB,GB,12,14,False,False,nflverse,-2,G012591
2022,2022-09-25,3,REG,DEN,SF,11,10,False,False,nflverse,1,G012592
2022,2022-09-26,3,REG,NYG,DAL,16,23,False,False,nflverse,-7,G012593
2022,2022-09-29,4,REG,CIN,MIA,27,15,False,False,nflverse,12,G012594
2022,2022-10-02,4,REG,NO,MIN,25,28,True,False,nflverse,-3,G012595
2022,2022-10-02,4,REG,ATL,CLE,23,20,False,False,nflverse,3,G012596
2022,2022-10-02,4,REG,BAL,BUF,20,23,False,False,nflverse,-3,G012597
2022,2022-10-02,4,REG,DAL,WSH,25,10,False,False,nflverse,15,G012598
2022,2022-10-02,4,REG,DET,SEA,45,48,False,False,nflverse,-3,G012599
2022,2022-10-02,4,REG,HOU,LAC,24,34,False,False,nflverse,-10,G012600
2022,2022-10-02,4,REG,IND,TEN,17,24,False,False,nflverse,-7,G012601
2022,2022-10-02,4,REG,NYG,CHI,20,12,False,False,nflverse,8,G012602
2022,2022-10-02,4,REG,PHI,JAX,29,21,False,False,nflverse,8,G012603
2022,2022-10-02,4,REG,PIT,NYJ,20,24,False,False,nflverse,-4,G012604
2022,2022-10-02,4,REG,CAR,ARI,16,26,False,False,nflverse,-10,G012605
2022,2022-10-02,4,REG,GB,NE,27,24,False,True,nflverse,3,G012606
2022,2022-10-02,4,REG,OAK,DEN,32,23,False,False,nflverse,9,G012607
2022,2022-10-02,4,REG,TB,KC,31,41,False,False,nflverse,-10,G012608
2022,2022-10-03,4,REG,SF,LAR,24,9,False,False,nflverse,15,G012609
2022,2022-10-06,5,REG,DEN,IND,9,12,False,True,nflverse,-3,G012610
2022,2022-10-09,5,REG,GB,NYG,22,27,True,False,nflverse,-5,G012611
2022,2022-10-09,5,REG,BUF,PIT,38,3,False,False,nflverse,35,G012612
2022,2022-10-09,5,REG,CLE,LAC,28,30,False,False,nflverse,-2,G012613
2022,2022-10-09,5,REG,JAX,HOU,6,13,False,False,nflverse,-7,G012614
2022,2022-10-09,5,REG,MIN,CHI,29,22,False,False,nflverse,7,G012615
2022,2022-10-09,5,REG,NE,DET,29,0,False,False,nflverse,29,G012616
2022,2022-10-09,5,REG,NO,SEA,39,32,False,False,nflverse,7,G012617
2022,2022-10-09,5,REG,NYJ,MIA,40,17,False,False,nflverse,23,G012618
2022,2022-10-09,5,REG,TB,ATL,21,15,False,False,nflverse,6,G012619
2022,2022-10-09,5,REG,WSH,TEN,17,21,False,False,nflverse,-4,G012620
2022,2022-10-09,5,REG,CAR,SF,15,37,False,False,nflverse,-22,G012621
2022,2022-10-09,5,REG,ARI,PHI,17,20,False,False,nflverse,-3,G012622
2022,2022-10-09,5,REG,LAR,DAL,10,22,False,False,nflverse,-12,G012623
2022,2022-10-09,5,REG,BAL,CIN,19,17,False,False,nflverse,2,G012624
2022,2022-10-10,5,REG,KC,OAK,30,29,False,False,nflverse,1,G012625
2022,2022-10-13,6,REG,CHI,WSH,7,12,False,False,nflverse,-5,G012626
2022,2022-10-16,6,REG,ATL,SF,28,14,False,False,nflverse,14,G012627
2022,2022-10-16,6,REG,CLE,NE,15,38,False,False,nflverse,-23,G012628
2022,2022-10-16,6,REG,GB,NYJ,10,27,False,False,nflverse,-17,G012629
2022,2022-10-16,6,REG,IND,JAX,34,27,False,False,nflverse,7,G012630
2022,2022-10-16,6,REG,MIA,MIN,16,24,False,False,nflverse,-8,G012631
2022,2022-10-16,6,REG,NO,CIN,26,30,False,False,nflverse,-4,G012632
2022,2022-10-16,6,REG,NYG,BAL,24,20,False,False,nflverse,4,G012633
2022,2022-10-16,6,REG,PIT,TB,20,18,False,False,nflverse,2,G012634
2022,2022-10-16,6,REG,LAR,CAR,24,10,False,False,nflverse,14,G012635
2022,2022-10-16,6,REG,SEA,ARI,19,9,False,False,nflverse,10,G012636
2022,2022-10-16,6,REG,KC,BUF,20,24,False,False,nflverse,-4,G012637
2022,2022-10-16,6,REG,PHI,DAL,26,17,False,False,nflverse,9,G012638
2022,2022-10-17,6,REG,LAC,DEN,19,16,False,True,nflverse,3,G012639
2022,2022-10-20,7,REG,ARI,NO,42,34,False,False,nflverse,8,G012640
2022,2022-10-23,7,REG,BAL,CLE,23,20,False,False,nflverse,3,G012641
2022,2022-10-23,7,REG,CAR,TB,21,3,False,False,nflverse,18,G012642
2022,2022-10-23,7,REG,CIN,ATL,35,17,False,False,nflverse,18,G012643
2022,2022-10-23,7,REG,DAL,DET,24,6,False,False,nflverse,18,G012644
2022,2022-10-23,7,REG,JAX,NYG,17,23,False,False,nflverse,-6,G012645
2022,2022-10-23,7,REG,TEN,IND,19,10,False,False,nflverse,9,G012646
2022,2022-10-23,7,REG,WSH,GB,23,21,False,False,nflverse,2,G012647
2022,2022-10-23,7,REG,DEN,NYJ,9,16,False,False,nflverse,-7,G012648
2022,2022-10-23,7,REG,OAK,HOU,38,20,False,False,nflverse,18,G012649
2022,2022-10-23,7,REG,LAC,SEA,23,37,False,False,nflverse,-14,G012650
2022,2022-10-23,7,REG,SF,KC,23,44,False,False,nflverse,-21,G012651
2022,2022-10-23,7,REG,MIA,PIT,16,10,False,False,nflverse,6,G012652
2022,2022-10-24,7,REG,NE,CHI,14,33,False,False,nflverse,-19,G012653
2022,2022-10-27,8,REG,TB,BAL,22,27,False,False,nflverse,-5,G012654
2022,2022-10-30,8,REG,JAX,DEN,17,21,True,False,nflverse,-4,G012655
2022,2022-10-30,8,REG,ATL,CAR,37,34,False,True,nflverse,3,G012656
2022,2022-10-30,8,REG,DAL,CHI,49,29,False,False,nflverse,20,G012657
2022,2022-10-30,8,REG,DET,MIA,27,31,False,False,nflverse,-4,G012658
2022,2022-10-30,8,REG,MIN,ARI,34,26,False,False,nflverse,8,G012659
2022,2022-10-30,8,REG,NO,OAK,24,0,False,False,nflverse,24,G012660
2022,2022-10-30,8,REG,NYJ,NE,17,22,False,False,nflverse,-5,G012661
2022,2022-10-30,8,REG,PHI,PIT,35,13,False,False,nflverse,22,G012662
2022,2022-10-30,8,REG,HOU,TEN,10,17,False,False,nflverse,-7,G012663
2022,2022-10-30,8,REG,IND,WSH,16,17,False,False,nflverse,-1,G012664
2022,2022-10-30,8,REG,LAR,SF,14,31,False,False,nflverse,-17,G012665
2022,2022-10-30,8,REG,SEA,NYG,27,13,False,False,nflverse,14,G012666
2022,2022-10-30,8,REG,BUF,GB,27,17,False,False,nflverse,10,G012667
2022,2022-10-31,8,REG,CLE,CIN,32,13,False,False,nflverse,19,G012668
2022,2022-11-03,9,REG,HOU,PHI,17,29,False,False,nflverse,-12,G012669
2022,2022-11-06,9,REG,ATL,LAC,17,20,False,False,nflverse,-3,G012670
2022,2022-11-06,9,REG,CHI,MIA,32,35,False,False,nflverse,-3,G012671
2022,2022-11-06,9,REG,CIN,CAR,42,21,False,False,nflverse,21,G012672
2022,2022-11-06,9,REG,DET,GB,15,9,False,False,nflverse,6,G012673
2022,2022-11-06,9,REG,JAX,OAK,27,20,False,False,nflverse,7,G012674
2022,2022-11-06,9,REG,NE,IND,26,3,False,False,nflverse,23,G012675
2022,2022-11-06,9,REG,NYJ,BUF,20,17,False,False,nflverse,3,G012676
2022,2022-11-06,9,REG,WSH,MIN,17,20,False,False,nflverse,-3,G012677
2022,2022-11-06,9,REG,ARI,SEA,21,31,False,False,nflverse,-10,G012678
2022,2022-11-06,9,REG,TB,LAR,16,13,False,False,nflverse,3,G012679
2022,2022-11-06,9,REG,KC,TEN,20,17,False,True,nflverse,3,G012680
2022,2022-11-07,9,REG,NO,BAL,13,27,False,False,nflverse,-14,G012681
2022,2022-11-10,10,REG,CAR,ATL,25,15,False,False,nflverse,10,G012682
2022,2022-11-13,10,REG,TB,SEA,21,16,True,False,nflverse,5,G012683
2022,2022-11-13,10,REG,BUF,MIN,30,33,False,True,nflverse,-3,G012684
2022,2022-11-13,10,REG,CHI,DET,30,31,False,False,nflverse,-1,G012685
2022,2022-11-13,10,REG,KC,JAX,27,17,False,False,nflverse,10,G012686
2022,2022-11-13,10,REG,MIA,CLE,39,17,False,False,nflverse,22,G012687
2022,2022-11-13,10,REG,NYG,HOU,24,16,False,False,nflverse,8,G012688
2022,2022-11-13,10,REG,PIT,NO,20,10,False,False,nflverse,10,G012689
2022,2022-11-13,10,REG,TEN,DEN,17,10,False,False,nflverse,7,G012690
2022,2022-11-13,10,REG,OAK,IND,20,25,False,False,nflverse,-5,G012691
2022,2022-11-13,10,REG,GB,DAL,31,28,False,True,nflverse,3,G012692
2022,2022-11-13,10,REG,LAR,ARI,17,27,False,False,nflverse,-10,G012693
2022,2022-11-13,10,REG,SF,LAC,22,16,False,False,nflverse,6,G012694
2022,2022-11-14,10,REG,PHI,WSH,21,32,False,False,nflverse,-11,G012695
2022,2022-11-17,11,REG,GB,TEN,17,27,False,False,nflverse,-10,G012696
2022,2022-11-20,11,REG,ATL,CHI,27,24,False,False,nflverse,3,G012697
2022,2022-11-20,11,REG,BAL,CAR,13,3,False,False,nflverse,10,G012698
2022,2022-11-20,11,REG,BUF,CLE,31,23,True,False,nflverse,8,G012699
2022,2022-11-20,11,REG,HOU,WSH,10,23,False,False,nflverse,-13,G012700
2022,2022-11-20,11,REG,IND,PHI,16,17,False,False,nflverse,-1,G012701
2022,2022-11-20,11,REG,NE,NYJ,10,3,False,False,nflverse,7,G012702
2022,2022-11-20,11,REG,NO,LAR,27,20,False,False,nflverse,7,G012703
2022,2022-11-20,11,REG,NYG,DET,18,31,False,False,nflverse,-13,G012704
2022,2022-11-20,11,REG,DEN,OAK,16,22,False,True,nflverse,-6,G012705
2022,2022-11-20,11,REG,MIN,DAL,3,40,False,False,nflverse,-37,G012706
2022,2022-11-20,11,REG,PIT,CIN,30,37,False,False,nflverse,-7,G012707
2022,2022-11-20,11,REG,LAC,KC,27,30,False,False,nflverse,-3,G012708
2022,2022-11-21,11,REG,ARI,SF,10,38,True,False,nflverse,-28,G012709
2022,2022-11-24,12,REG,DET,BUF,25,28,False,False,nflverse,-3,G012710
2022,2022-11-24,12,REG,DAL,NYG,28,20,False,False,nflverse,8,G012711
2022,2022-11-24,12,REG,MIN,NE,33,26,False,False,nflverse,7,G012712
2022,2022-11-27,12,REG,CAR,DEN,23,10,False,False,nflverse,13,G012713
2022,2022-11-27,12,REG,CLE,TB,23,17,False,True,nflverse,6,G012714
2022,2022-11-27,12,REG,JAX,BAL,28,27,False,False,nflverse,1,G012715
2022,2022-11-27,12,REG,MIA,HOU,30,15,False,False,nflverse,15,G012716
2022,2022-11-27,12,REG,NYJ,CHI,31,10,False,False,nflverse,21,G012717
2022,2022-11-27,12,REG,TEN,CIN,16,20,False,False,nflverse,-4,G012718
2022,2022-11-27,12,REG,WSH,ATL,19,13,False,False,nflverse,6,G012719
2022,2022-11-27,12,REG,ARI,LAC,24,25,False,False,nflverse,-1,G012720
2022,2022-11-27,12,REG,SEA,OAK,34,40,False,True,nflverse,-6,G012721
2022,2022-11-27,12,REG,KC,LAR,26,10,False,False,nflverse,16,G012722
2022,2022-11-27,12,REG,SF,NO,13,0,False,False,nflverse,13,G012723
2022,2022-11-27,12,REG,PHI,GB,40,33,False,False,nflverse,7,G012724
2022,2022-11-28,12,REG,IND,PIT,17,24,False,False,nflverse,-7,G012725
2022,2022-12-01,13,REG,NE,BUF,10,24,False,False,nflverse,-14,G012726
2022,2022-12-04,13,REG,ATL,PIT,16,19,False,False,nflverse,-3,G012727
2022,2022-12-04,13,REG,BAL,DEN,10,9,False,False,nflverse,1,G012728
2022,2022-12-04,13,REG,CHI,GB,19,28,False,False,nflverse,-9,G012729
2022,2022-12-04,13,REG,DET,JAX,40,14,False,False,nflverse,26,G012730
2022,2022-12-04,13,REG,HOU,CLE,14,27,False,False,nflverse,-13,G012731
2022,2022-12-04,13,REG,MIN,NYJ,27,22,False,False,nflverse,5,G012732
2022,2022-12-04,13,REG,NYG,WSH,20,20,False,True,nflverse,0,G012733
2022,2022-12-04,13,REG,PHI,TEN,35,10,False,False,nflverse,25,G012734
2022,2022-12-04,13,REG,LAR,SEA,23,27,False,False,nflverse,-4,G012735
2022,2022-12-04,13,REG,SF,MIA,33,17,False,False,nflverse,16,G012736
2022,2022-12-04,13,REG,CIN,KC,27,24,False,False,nflverse,3,G012737
2022,2022-12-04,13,REG,OAK,LAC,27,20,False,False,nflverse,7,G012738
2022,2022-12-04,13,REG,DAL,IND,54,19,False,False,nflverse,35,G012739
2022,2022-12-05,13,REG,TB,NO,17,16,False,False,nflverse,1,G012740
2022,2022-12-08,14,REG,LAR,OAK,17,16,False,False,nflverse,1,G012741
2022,2022-12-11,14,REG,BUF,NYJ,20,12,False,False,nflverse,8,G012742
2022,2022-12-11,14,REG,CIN,CLE,23,10,False,False,nflverse,13,G012743
2022,2022-12-11,14,REG,DAL,HOU,27,23,False,False,nflverse,4,G012744
2022,2022-12-11,14,REG,DET,MIN,34,23,False,False,nflverse,11,G012745
2022,2022-12-11,14,REG,NYG,PHI,22,48,False,False,nflverse,-26,G012746
2022,2022-12-11,14,REG,PIT,BAL,14,16,False,False,nflverse,-2,G012747
2022,2022-12-11,14,REG,TEN,JAX,22,36,False,False,nflverse,-14,G012748
2022,2022-12-11,14,REG,DEN,KC,28,34,False,False,nflverse,-6,G012749
2022,2022-12-11,14,REG,SEA,CAR,24,30,False,False,nflverse,-6,G012750
2022,2022-12-11,14,REG,SF,TB,35,7,False,False,nflverse,28,G012751
2022,2022-12-11,14,REG,LAC,MIA,23,17,False,False,nflverse,6,G012752
2022,2022-12-12,14,REG,ARI,NE,13,27,False,False,nflverse,-14,G012753
2022,2022-12-15,15,REG,SEA,SF,13,21,False,False,nflverse,-8,G012754
2022,2022-12-17,15,REG,MIN,IND,39,36,False,True,nflverse,3,G012755
2022,2022-12-17,15,REG,CLE,BAL,13,3,False,False,nflverse,10,G012756
2022,2022-12-17,15,REG,BUF,MIA,32,29,False,False,nflverse,3,G012757
2022,2022-12-18,15,REG,CAR,PIT,16,24,False,False,nflverse,-8,G012758
2022,2022-12-18,15,REG,CHI,PHI,20,25,False,False,nflverse,-5,G012759
2022,2022-12-18,15,REG,HOU,KC,24,30,False,True,nflverse,-6,G012760
2022,2022-12-18,15,REG,JAX,DAL,40,34,False,True,nflverse,6,G012761
2022,2022-12-18,15,REG,NO,ATL,21,18,False,False,nflverse,3,G012762
2022,2022-12-18,15,REG,NYJ,DET,17,20,False,False,nflverse,-3,G012763
2022,2022-12-18,15,REG,DEN,ARI,24,15,False,False,nflverse,9,G012764
2022,2022-12-18,15,REG,OAK,NE,30,24,False,False,nflverse,6,G012765
2022,2022-12-18,15,REG,LAC,TEN,17,14,False,False,nflverse,3,G012766
2022,2022-12-18,15,REG,TB,CIN,23,34,False,False,nflverse,-11,G012767
2022,2022-12-18,15,REG,WSH,NYG,12,20,False,False,nflverse,-8,G012768
2022,2022-12-19,15,REG,GB,LAR,24,12,False,False,nflverse,12,G012769
2022,2022-12-22,16,REG,NYJ,JAX,3,19,False,False,nflverse,-16,G012770
2022,2022-12-24,16,REG,BAL,ATL,17,9,False,False,nflverse,8,G012771
2022,2022-12-24,16,REG,CAR,DET,37,23,False,False,nflverse,14,G012772
2022,2022-12-24,16,REG,CHI,BUF,13,35,False,False,nflverse,-22,G012773
2022,2022-12-24,16,REG,CLE,NO,10,17,False,False,nflverse,-7,G012774
2022,2022-12-24,16,REG,KC,SEA,24,10,False,False,nflverse,14,G012775
2022,2022-12-24,16,REG,MIN,NYG,27,24,False,False,nflverse,3,G012776
2022,2022-12-24,16,REG,NE,CIN,18,22,False,False,nflverse,-4,G012777
2022,2022-12-24,16,REG,TEN,HOU,14,19,False,False,nflverse,-5,G012778
2022,2022-12-24,16,REG,SF,WSH,37,20,False,False,nflverse,17,G012779
2022,2022-12-24,16,REG,DAL,PHI,40,34,False,False,nflverse,6,G012780
2022,2022-12-24,16,REG,PIT,OAK,13,10,False,False,nflverse,3,G012781
2022,2022-12-25,16,REG,MIA,GB,20,26,False,False,nflverse,-6,G012782
2022,2022-12-25,16,REG,LAR,DEN,51,14,False,False,nflverse,37,G012783
2022,2022-12-25,16,REG,ARI,TB,16,19,False,True,nflverse,-3,G012784
2022,2022-12-26,16,REG,IND,LAC,3,20,False,False,nflverse,-17,G012785
2022,2022-12-29,17,REG,TEN,DAL,13,27,False,False,nflverse,-14,G012786
2022,2023-01-01,17,REG,ATL,ARI,20,19,False,False,nflverse,1,G012787
2022,2023-01-01,17,REG,DET,CHI,41,10,False,False,nflverse,31,G012788
2022,2023-01-01,17,REG,HOU,JAX,3,31,False,False,nflverse,-28,G012789
2022,2023-01-01,17,REG,KC,DEN,27,24,False,False,nflverse,3,G012790
2022,2023-01-01,17,REG,NE,MIA,23,21,False,False,nflverse,2,G012791
2022,2023-01-01,17,REG,NYG,IND,38,10,False,False,nflverse,28,G012792
2022,2023-01-01,17,REG,PHI,NO,10,20,False,False,nflverse,-10,G012793
2022,2023-01-01,17,REG,TB,CAR,30,24,False,False,nflverse,6,G012794
2022,2023-01-01,17,REG,WSH,CLE,10,24,False,False,nflverse,-14,G012795
2022,2023-01-01,17,REG,OAK,SF,34,37,False,True,nflverse,-3,G012796
2022,2023-01-01,17,REG,SEA,NYJ,23,6,False,False,nflverse,17,G012797
2022,2023-01-01,17,REG,GB,MIN,41,17,False,False,nflverse,24,G012798
2022,2023-01-01,17,REG,LAC,LAR,31,10,False,False,nflverse,21,G012799
2022,2023-01-01,17,REG,BAL,PIT,13,16,False,False,nflverse,-3,G012800
2022,2023-01-07,18,REG,OAK,KC,13,31,False,False,nflverse,-18,G012801
2022,2023-01-07,18,REG,JAX,TEN,20,16,False,False,nflverse,4,G012802
2022,2023-01-08,18,REG,ATL,TB,30,17,False,False,nflverse,13,G012803
2022,2023-01-08,18,REG,BUF,NE,35,23,False,False,nflverse,12,G012804
2022,2023-01-08,18,REG,CHI,MIN,13,29,False,False,nflverse,-16,G012805
2022,2023-01-08,18,REG,CIN,BAL,27,16,False,False,nflverse,11,G012806
2022,2023-01-08,18,REG,IND,HOU,31,32,False,False,nflverse,-1,G012807
2022,2023-01-08,18,REG,MIA,NYJ,11,6,False,False,nflverse,5,G012808
2022,2023-01-08,18,REG,NO,CAR,7,10,False,False,nflverse,-3,G012809
2022,2023-01-08,18,REG,PIT,CLE,28,14,False,False,nflverse,14,G012810
2022,2023-01-08,18,REG,DEN,LAC,31,28,False,False,nflverse,3,G012811
2022,2023-01-08,18,REG,PHI,NYG,22,16,False,False,nflverse,6,G012812
2022,2023-01-08,18,REG,SEA,LAR,19,16,False,True,nflverse,3,G012813
2022,2023-01-08,18,REG,SF,ARI,38,13,False,False,nflverse,25,G012814
2022,2023-01-08,18,REG,WSH,DAL,26,6,False,False,nflverse,20,G012815
2022,2023-01-08,18,REG,GB,DET,16,20,False,False,nflverse,-4,G012816
2022,2023-01-14,19,WC,SF,SEA,41,23,False,False,nflverse,18,G012817
2022,2023-01-14,19,WC,JAX,LAC,31,30,False,False,nflverse,1,G012818
2022,2023-01-15,19,WC,BUF,MIA,34,31,False,False,nflverse,3,G012819
2022,2023-01-15,19,WC,MIN,NYG,24,31,False,False,nflverse,-7,G012820
2022,2023-01-15,19,WC,CIN,BAL,24,17,False,False,nflverse,7,G012821
2022,2023-01-16,19,WC,TB,DAL,14,31,False,False,nflverse,-17,G012822
2022,2023-01-21,20,DIV,KC,JAX,27,20,False,False,nflverse,7,G012823
2022,2023-01-21,20,DIV,PHI,NYG,38,7,False,False,nflverse,31,G012824
2022,2023-01-22,20,DIV,BUF,CIN,10,27,False,False,nflverse,-17,G012825
2022,2023-01-22,20,DIV,SF,DAL,19,12,False,False,nflverse,7,G012826
2022,2023-01-29,21,CON,PHI,SF,31,7,False,False,nflverse,24,G012827
2022,2023-01-29,21,CON,KC,CIN,23,20,False,False,nflverse,3,G012828
2022,2023-02-12,22,SB,PHI,KC,35,38,True,False,nflverse,-3,G012829
2023,2023-09-07,1,REG,KC,DET,20,21,False,False,nflverse,-1,G012830
2023,2023-09-10,1,REG,ATL,CAR,24,10,False,False,nflverse,14,G012831
2023,2023-09-10,1,REG,BAL,HOU,25,9,False,False,nflverse,16,G012832
2023,2023-09-10,1,REG,CLE,CIN,24,3,False,False,nflverse,21,G012833
2023,2023-09-10,1,REG,IND,JAX,21,31,False,False,nflverse,-10,G012834
2023,2023-09-10,1,REG,MIN,TB,17,20,False,False,nflverse,-3,G012835
2023,2023-09-10,1,REG,NO,TEN,16,15,False,False,nflverse,1,G012836
2023,2023-09-10,1,REG,PIT,SF,7,30,False,False,nflverse,-23,G012837
2023,2023-09-10,1,REG,WSH,ARI,20,16,False,False,nflverse,4,G012838
2023,2023-09-10,1,REG,CHI,GB,20,38,False,False,nflverse,-18,G012839
2023,2023-09-10,1,REG,DEN,OAK,16,17,False,False,nflverse,-1,G012840
2023,2023-09-10,1,REG,LAC,MIA,34,36,False,False,nflverse,-2,G012841
2023,2023-09-10,1,REG,NE,PHI,20,25,False,False,nflverse,-5,G012842
2023,2023-09-10,1,REG,SEA,LAR,13,30,False,False,nflverse,-17,G012843
2023,2023-09-10,1,REG,NYG,DAL,0,40,False,False,nflverse,-40,G012844
2023,2023-09-11,1,REG,NYJ,BUF,22,16,False,True,nflverse,6,G012845
2023,2023-09-14,2,REG,PHI,MIN,34,28,False,False,nflverse,6,G012846
2023,2023-09-17,2,REG,ATL,GB,25,24,False,False,nflverse,1,G012847
2023,2023-09-17,2,REG,BUF,OAK,38,10,False,False,nflverse,28,G012848
2023,2023-09-17,2,REG,CIN,BAL,24,27,False,False,nflverse,-3,G012849
2023,2023-09-17,2,REG,DET,SEA,31,37,False,True,nflverse,-6,G012850
2023,2023-09-17,2,REG,HOU,IND,20,31,False,False,nflverse,-11,G012851
2023,2023-09-17,2,REG,JAX,KC,9,17,False,False,nflverse,-8,G012852
2023,2023-09-17,2,REG,TB,CHI,27,17,False,False,nflverse,10,G012853
2023,2023-09-17,2,REG,TEN,LAC,27,24,False,True,nflverse,3,G012854
2023,2023-09-17,2,REG,ARI,NYG,28,31,False,False,nflverse,-3,G012855
2023,2023-09-17,2,REG,LAR,SF,23,30,False,False,nflverse,-7,G012856
2023,2023-09-17,2,REG,DAL,NYJ,30,10,False,False,nflverse,20,G012857
2023,2023-09-17,2,REG,DEN,WSH,33,35,False,False,nflverse,-2,G012858
2023,2023-09-17,2,REG,NE,MIA,17,24,False,False,nflverse,-7,G012859
2023,2023-09-18,2,REG,CAR,NO,17,20,False,False,nflverse,-3,G012860
2023,2023-09-18,2,REG,PIT,CLE,26,22,False,False,nflverse,4,G012861
2023,2023-09-21,3,REG,SF,NYG,30,12,False,False,nflverse,18,G012862
2023,2023-09-24,3,REG,BAL,IND,19,22,False,True,nflverse,-3,G012863
2023,2023-09-24,3,REG,CLE,TEN,27,3,False,False,nflverse,24,G012864
2023,2023-09-24,3,REG,DET,ATL,20,6,False,False,nflverse,14,G012865
2023,2023-09-24,3,REG,GB,NO,18,17,False,False,nflverse,1,G012866
2023,2023-09-24,3,REG,JAX,HOU,17,37,False,False,nflverse,-20,G012867
2023,2023-09-24,3,REG,MIA,DEN,70,20,False,False,nflverse,50,G012868
2023,2023-09-24,3,REG,MIN,LAC,24,28,False,False,nflverse,-4,G012869
2023,2023-09-24,3,REG,NYJ,NE,10,15,False,False,nflverse,-5,G012870
2023,2023-09-24,3,REG,WSH,BUF,3,37,False,False,nflverse,-34,G012871
2023,2023-09-24,3,REG,SEA,CAR,37,27,False,False,nflverse,10,G012872
2023,2023-09-24,3,REG,ARI,DAL,28,16,False,False,nflverse,12,G012873
2023,2023-09-24,3,REG,KC,CHI,41,10,False,False,nflverse,31,G012874
2023,2023-09-24,3,REG,OAK,PIT,18,23,False,False,nflverse,-5,G012875
2023,2023-09-25,3,REG,TB,PHI,11,25,False,False,nflverse,-14,G012876
2023,2023-09-25,3,REG,CIN,LAR,19,16,False,False,nflverse,3,G012877
2023,2023-09-28,4,REG,GB,DET,20,34,False,False,nflverse,-14,G012878
2023,2023-10-01,4,REG,JAX,ATL,23,7,True,False,nflverse,16,G012879
2023,2023-10-01,4,REG,BUF,MIA,48,20,False,False,nflverse,28,G012880
2023,2023-10-01,4,REG,CAR,MIN,13,21,False,False,nflverse,-8,G012881
2023,2023-10-01,4,REG,CHI,DEN,28,31,False,False,nflverse,-3,G012882
2023,2023-10-01,4,REG,CLE,BAL,3,28,False,False,nflverse,-25,G012883
2023,2023-10-01,4,REG,HOU,PIT,30,6,False,False,nflverse,24,G012884
2023,2023-10-01,4,REG,IND,LAR,23,29,False,True,nflverse,-6,G012885
2023,2023-10-01,4,REG,NO,TB,9,26,False,False,nflverse,-17,G012886
2023,2023-10-01,4,REG,PHI,WSH,34,31,False,True,nflverse,3,G012887
2023,2023-10-01,4,REG,TEN,CIN,27,3,False,False,nflverse,24,G012888
2023,2023-10-01,4,REG,LAC,OAK,24,17,False,False,nflverse,7,G012889
2023,2023-10-01,4,REG,DAL,NE,38,3,False,False,nflverse,35,G012890
2023,2023-10-01,4,REG,SF,ARI,35,16,False,False,nflverse,19,G012891
2023,2023-10-01,4,REG,NYJ,KC,20,23,False,False,nflverse,-3,G012892
2023,2023-10-02,4,REG,NYG,SEA,3,24,False,False,nflverse,-21,G012893
2023,2023-10-05,5,REG,WSH,CHI,20,40,False,False,nflverse,-20,G012894
2023,2023-10-08,5,REG,BUF,JAX,20,25,True,False,nflverse,-5,G012895
2023,2023-10-08,5,REG,ATL,HOU,21,19,False,False,nflverse,2,G012896
2023,2023-10-08,5,REG,DET,CAR,42,24,False,False,nflverse,18,G012897
2023,2023-10-08,5,REG,IND,TEN,23,16,False,False,nflverse,7,G012898
2023,2023-10-08,5,REG,MIA,NYG,31,16,False,False,nflverse,15,G012899
2023,2023-10-08,5,REG,NE,NO,0,34,False,False,nflverse,-34,G012900
2023,2023-10-08,5,REG,PIT,BAL,17,10,False,False,nflverse,7,G012901
2023,2023-10-08,5,REG,ARI,CIN,20,34,False,False,nflverse,-14,G012902
2023,2023-10-08,5,REG,LAR,PHI,14,23,False,False,nflverse,-9,G012903
2023,2023-10-08,5,REG,DEN,NYJ,21,31,False,False,nflverse,-10,G012904
2023,2023-10-08,5,REG,MIN,KC,20,27,False,False,nflverse,-7,G012905
2023,2023-10-08,5,REG,SF,DAL,42,10,False,False,nflverse,32,G012906
2023,2023-10-09,5,REG,OAK,GB,17,13,False,False,nflverse,4,G012907
2023,2023-10-12,6,REG,KC,DEN,19,8,False,False,nflverse,11,G012908
2023,2023-10-15,6,REG,TEN,BAL,16,24,True,False,nflverse,-8,G012909
2023,2023-10-15,6,REG,ATL,WSH,16,24,False,False,nflverse,-8,G012910
2023,2023-10-15,6,REG,CHI,MIN,13,19,False,False,nflverse,-6,G012911
2023,2023-10-15,6,REG,CIN,SEA,17,13,False,False,nflverse,4,G012912
2023,2023-10-15,6,REG,CLE,SF,19,17,False,False,nflverse,2,G012913
2023,2023-10-15,6,REG,HOU,NO,20,13,False,False,nflverse,7,G012914
2023,2023-10-15,6,REG,JAX,IND,37,20,False,False,nflverse,17,G012915
2023,2023-10-15,6,REG,MIA,CAR,42,21,False,False,nflverse,21,G012916
2023,2023-10-15,6,REG,OAK,NE,21,17,False,False,nflverse,4,G012917
2023,2023-10-15,6,REG,LAR,ARI,26,9,False,False,nflverse,17,G012918
2023,2023-10-15,6,REG,NYJ,PHI,20,14,False,False,nflverse,6,G012919
2023,2023-10-15,6,REG,TB,DET,6,20,False,False,nflverse,-14,G012920
2023,2023-10-15,6,REG,BUF,NYG,14,9,False,False,nflverse,5,G012921
2023,2023-10-16,6,REG,LAC,DAL,17,20,False,False,nflverse,-3,G012922
2023,2023-10-19,7,REG,NO,JAX,24,31,False,False,nflverse,-7,G012923
2023,2023-10-22,7,REG,BAL,DET,38,6,False,False,nflverse,32,G012924
2023,2023-10-22,7,REG,CHI,OAK,30,12,False,False,nflverse,18,G012925
2023,2023-10-22,7,REG,IND,CLE,38,39,False,False,nflverse,-1,G012926
2023,2023-10-22,7,REG,NE,BUF,29,25,False,False,nflverse,4,G012927
2023,2023-10-22,7,REG,NYG,WSH,14,7,False,False,nflverse,7,G012928
2023,2023-10-22,7,REG,TB,ATL,13,16,False,False,nflverse,-3,G012929
2023,2023-10-22,7,REG,LAR,PIT,17,24,False,False,nflverse,-7,G012930
2023,2023-10-22,7,REG,SEA,ARI,20,10,False,False,nflverse,10,G012931
2023,2023-10-22,7,REG,DEN,GB,19,17,False,False,nflverse,2,G012932
2023,2023-10-22,7,REG,KC,LAC,31,17,False,False,nflverse,14,G012933
2023,2023-10-22,7,REG,PHI,MIA,31,17,False,False,nflverse,14,G012934
2023,2023-10-23,7,REG,MIN,SF,22,17,False,False,nflverse,5,G012935
2023,2023-10-26,8,REG,BUF,TB,24,18,False,False,nflverse,6,G012936
2023,2023-10-29,8,REG,CAR,HOU,15,13,False,False,nflverse,2,G012937
2023,2023-10-29,8,REG,DAL,LAR,43,20,False,False,nflverse,23,G012938
2023,2023-10-29,8,REG,GB,MIN,10,24,False,False,nflverse,-14,G012939
2023,2023-10-29,8,REG,IND,NO,27,38,False,False,nflverse,-11,G012940
2023,2023-10-29,8,REG,MIA,NE,31,17,False,False,nflverse,14,G012941
2023,2023-10-29,8,REG,NYG,NYJ,10,13,False,True,nflverse,-3,G012942
2023,2023-10-29,8,REG,PIT,JAX,10,20,False,False,nflverse,-10,G012943
2023,2023-10-29,8,REG,TEN,ATL,28,23,False,False,nflverse,5,G012944
2023,2023-10-29,8,REG,WSH,PHI,31,38,False,False,nflverse,-7,G012945
2023,2023-10-29,8,REG,SEA,CLE,24,20,False,False,nflverse,4,G012946
2023,2023-10-29,8,REG,ARI,BAL,24,31,False,False,nflverse,-7,G012947
2023,2023-10-29,8,REG,DEN,KC,24,9,False,False,nflverse,15,G012948
2023,2023-10-29,8,REG,SF,CIN,17,31,False,False,nflverse,-14,G012949
2023,2023-10-29,8,REG,LAC,CHI,30,13,False,False,nflverse,17,G012950
2023,2023-10-30,8,REG,DET,OAK,26,14,False,False,nflverse,12,G012951
2023,2023-11-02,9,REG,PIT,TEN,20,16,False,False,nflverse,4,G012952
2023,2023-11-05,9,REG,KC,MIA,21,14,True,False,nflverse,7,G012953
2023,2023-11-05,9,REG,ATL,MIN,28,31,False,False,nflverse,-3,G012954
2023,2023-11-05,9,REG,BAL,SEA,37,3,False,False,nflverse,34,G012955
2023,2023-11-05,9,REG,CLE,ARI,27,0,False,False,nflverse,27,G012956
2023,2023-11-05,9,REG,GB,LAR,20,3,False,False,nflverse,17,G012957
2023,2023-11-05,9,REG,HOU,TB,39,37,False,False,nflverse,2,G012958
2023,2023-11-05,9,REG,NE,WSH,17,20,False,False,nflverse,-3,G012959
2023,2023-11-05,9,REG,NO,CHI,24,17,False,False,nflverse,7,G012960
2023,2023-11-05,9,REG,CAR,IND,13,27,False,False,nflverse,-14,G012961
2023,2023-11-05,9,REG,OAK,NYG,30,6,False,False,nflverse,24,G012962
2023,2023-11-05,9,REG,PHI,DAL,28,23,False,False,nflverse,5,G012963
2023,2023-11-05,9,REG,CIN,BUF,24,18,False,False,nflverse,6,G012964
2023,2023-11-06,9,REG,NYJ,LAC,6,27,False,False,nflverse,-21,G012965
2023,2023-11-09,10,REG,CHI,CAR,16,13,False,False,nflverse,3,G012966
2023,2023-11-12,10,REG,NE,IND,6,10,True,False,nflverse,-4,G012967
2023,2023-11-12,10,REG,BAL,CLE,31,33,False,False,nflverse,-2,G012968
2023,2023-11-12,10,REG,CIN,HOU,27,30,False,False,nflverse,-3,G012969
2023,2023-11-12,10,REG,JAX,SF,3,34,False,False,nflverse,-31,G012970
2023,2023-11-12,10,REG,MIN,NO,27,19,False,False,nflverse,8,G012971
2023,2023-11-12,10,REG,PIT,GB,23,19,False,False,nflverse,4,G012972
2023,2023-11-12,10,REG,TB,TEN,20,6,False,False,nflverse,14,G012973
2023,2023-11-12,10,REG,ARI,ATL,25,23,False,False,nflverse,2,G012974
2023,2023-11-12,10,REG,LAC,DET,38,41,False,False,nflverse,-3,G012975
2023,2023-11-12,10,REG,DAL,NYG,49,17,False,False,nflverse,32,G012976
2023,2023-11-12,10,REG,SEA,WSH,29,26,False,False,nflverse,3,G012977
2023,2023-11-12,10,REG,OAK,NYJ,16,12,False,False,nflverse,4,G012978
2023,2023-11-13,10,REG,BUF,DEN,22,24,False,False,nflverse,-2,G012979
2023,2023-11-16,11,REG,BAL,CIN,34,20,False,False,nflverse,14,G012980
2023,2023-11-19,11,REG,CAR,DAL,10,33,False,False,nflverse,-23,G012981
2023,2023-11-19,11,REG,CLE,PIT,13,10,False,False,nflverse,3,G012982
2023,2023-11-19,11,REG,DET,CHI,31,26,False,False,nflverse,5,G012983
2023,2023-11-19,11,REG,GB,LAC,23,20,False,False,nflverse,3,G012984
2023,2023-11-19,11,REG,HOU,ARI,21,16,False,False,nflverse,5,G012985
2023,2023-11-19,11,REG,JAX,TEN,34,14,False,False,nflverse,20,G012986
2023,2023-11-19,11,REG,MIA,OAK,20,13,False,False,nflverse,7,G012987
2023,2023-11-19,11,REG,WSH,NYG,19,31,False,False,nflverse,-12,G012988
2023,2023-11-19,11,REG,SF,TB,27,14,False,False,nflverse,13,G012989
2023,2023-11-19,11,REG,BUF,NYJ,32,6,False,False,nflverse,26,G012990
2023,2023-11-19,11,REG,LAR,SEA,17,16,False,False,nflverse,1,G012991
2023,2023-11-19,11,REG,DEN,MIN,21,20,False,False,nflverse,1,G012992
2023,2023-11-20,11,REG,KC,PHI,17,21,False,False,nflverse,-4,G012993
2023,2023-11-23,12,REG,DET,GB,22,29,False,False,nflverse,-7,G012994
2023,2023-11-23,12,REG,DAL,WSH,45,10,False,False,nflverse,35,G012995
2023,2023-11-23,12,REG,SEA,SF,13,31,False,False,nflverse,-18,G012996
2023,2023-11-24,12,REG,NYJ,MIA,13,34,False,False,nflverse,-21,G012997
2023,2023-11-26,12,REG,ATL,NO,24,15,False,False,nflverse,9,G012998
2023,2023-11-26,12,REG,CIN,PIT,10,16,False,False,nflverse,-6,G012999
2023,2023-11-26,12,REG,HOU,JAX,21,24,False,False,nflverse,-3,G013000
2023,2023-11-26,12,REG,IND,TB,27,20,False,False,nflverse,7,G013001
2023,2023-11-26,12,REG,NYG,NE,10,7,False,False,nflverse,3,G013002
2023,2023-11-26,12,REG,TEN,CAR,17,10,False,False,nflverse,7,G013003
2023,2023-11-26,12,REG,ARI,LAR,14,37,False,False,nflverse,-23,G013004
2023,2023-11-26,12,REG,DEN,CLE,29,12,False,False,nflverse,17,G013005
2023,2023-11-26,12,REG,OAK,KC,17,31,False,False,nflverse,-14,G013006
2023,2023-11-26,12,REG,PHI,BUF,37,34,False,True,nflverse,3,G013007
2023,2023-11-26,12,REG,LAC,BAL,10,20,False,False,nflverse,-10,G013008
2023,2023-11-27,12,REG,MIN,CHI,10,12,False,False,nflverse,-2,G013009
2023,2023-11-30,13,REG,DAL,SEA,41,35,False,False,nflverse,6,G013010
2023,2023-12-03,13,REG,HOU,DEN,22,17,False,False,nflverse,5,G013011
2023,2023-12-03,13,REG,NE,LAC,0,6,False,False,nflverse,-6,G013012
2023,2023-12-03,13,REG,NO,DET,28,33,False,False,nflverse,-5,G013013
2023,2023-12-03,13,REG,NYJ,ATL,8,13,False,False,nflverse,-5,G013014
2023,2023-12-03,13,REG,PIT,ARI,10,24,False,False,nflverse,-14,G013015
2023,2023-12-03,13,REG,TEN,IND,28,31,False,True,nflverse,-3,G013016
2023,2023-12-03,13,REG,WSH,MIA,15,45,False,False,nflverse,-30,G013017
2023,2023-12-03,13,REG,TB,CAR,21,18,False,False,nflverse,3,G013018
2023,2023-12-03,13,REG,LAR,CLE,36,19,False,False,nflverse,17,G013019
2023,2023-12-03,13,REG,PHI,SF,19,42,False,False,nflverse,-23,G013020
2023,2023-12-03,13,REG,GB,KC,27,19,False,False,nflverse,8,G013021
2023,2023-12-04,13,REG,JAX,CIN,31,34,False,True,nflverse,-3,G013022
2023,2023-12-07,14,REG,PIT,NE,18,21,False,False,nflverse,-3,G013023
2023,2023-12-10,14,REG,ATL,TB,25,29,False,False,nflverse,-4,G013024
2023,2023-12-10,14,REG,BAL,LAR,37,31,False,True,nflverse,6,G013025
2023,2023-12-10,14,REG,CHI,DET,28,13,False,False,nflverse,15,G013026
2023,2023-12-10,14,REG,CIN,IND,34,14,False,False,nflverse,20,G013027
2023,2023-12-10,14,REG,CLE,JAX,31,27,False,False,nflverse,4,G013028
2023,2023-12-10,14,REG,NO,CAR,28,6,False,False,nflverse,22,G013029
2023,2023-12-10,14,REG,NYJ,HOU,30,6,False,False,nflverse,24,G013030
2023,2023-12-10,14,REG,OAK,MIN,0,3,False,False,nflverse,-3,G013031
2023,2023-12-10,14,REG,SF,SEA,28,16,False,False,nflverse,12,G013032
2023,2023-12-10,14,REG,KC,BUF,17,20,False,False,nflverse,-3,G013033
2023,2023-12-10,14,REG,LAC,DEN,7,24,False,False,nflverse,-17,G013034
2023,2023-12-10,14,REG,DAL,PHI,33,13,False,False,nflverse,20,G013035
2023,2023-12-11,14,REG,MIA,TEN,27,28,False,False,nflverse,-1,G013036
2023,2023-12-11,14,REG,NYG,GB,24,22,False,False,nflverse,2,G013037
2023,2023-12-14,15,REG,OAK,LAC,63,21,False,False,nflverse,42,G013038
2023,2023-12-16,15,REG,CIN,MIN,27,24,False,True,nflverse,3,G013039
2023,2023-12-16,15,REG,IND,PIT,30,13,False,False,nflverse,17,G013040
2023,2023-12-16,15,REG,DET,DEN,42,17,False,False,nflverse,25,G013041
2023,2023-12-17,15,REG,CAR,ATL,9,7,False,False,nflverse,2,G013042
2023,2023-12-17,15,REG,CLE,CHI,20,17,False,False,nflverse,3,G013043
2023,2023-12-17,15,REG,GB,TB,20,34,False,False,nflverse,-14,G013044
2023,2023-12-17,15,REG,MIA,NYJ,30,0,False,False,nflverse,30,G013045
2023,2023-12-17,15,REG,NE,KC,17,27,False,False,nflverse,-10,G013046
2023,2023-12-17,15,REG,NO,NYG,24,6,False,False,nflverse,18,G013047
2023,2023-12-17,15,REG,TEN,HOU,16,19,False,True,nflverse,-3,G013048
2023,2023-12-17,15,REG,ARI,SF,29,45,False,False,nflverse,-16,G013049
2023,2023-12-17,15,REG,LAR,WSH,28,20,False,False,nflverse,8,G013050
2023,2023-12-17,15,REG,BUF,DAL,31,10,False,False,nflverse,21,G013051
2023,2023-12-17,15,REG,JAX,BAL,7,23,False,False,nflverse,-16,G013052
2023,2023-12-18,15,REG,SEA,PHI,20,17,False,False,nflverse,3,G013053
2023,2023-12-21,16,REG,LAR,NO,30,22,False,False,nflverse,8,G013054
2023,2023-12-23,16,REG,PIT,CIN,34,11,False,False,nflverse,23,G013055
2023,2023-12-23,16,REG,LAC,BUF,22,24,False,False,nflverse,-2,G013056
2023,2023-12-24,16,REG,ATL,IND,29,10,False,False,nflverse,19,G013057
2023,2023-12-24,16,REG,CAR,GB,30,33,False,False,nflverse,-3,G013058
2023,2023-12-24,16,REG,HOU,CLE,22,36,False,False,nflverse,-14,G013059
2023,2023-12-24,16,REG,MIN,DET,24,30,False,False,nflverse,-6,G013060
2023,2023-12-24,16,REG,NYJ,WSH,30,28,False,False,nflverse,2,G013061
2023,2023-12-24,16,REG,TEN,SEA,17,20,False,False,nflverse,-3,G013062
2023,2023-12-24,16,REG,TB,JAX,30,12,False,False,nflverse,18,G013063
2023,2023-12-24,16,REG,CHI,ARI,27,16,False,False,nflverse,11,G013064
2023,2023-12-24,16,REG,MIA,DAL,22,20,False,False,nflverse,2,G013065
2023,2023-12-24,16,REG,DEN,NE,23,26,False,False,nflverse,-3,G013066
2023,2023-12-25,16,REG,KC,OAK,14,20,False,False,nflverse,-6,G013067
2023,2023-12-25,16,REG,PHI,NYG,33,25,False,False,nflverse,8,G013068
2023,2023-12-25,16,REG,SF,BAL,19,33,False,False,nflverse,-14,G013069
2023,2023-12-28,17,REG,CLE,NYJ,37,20,False,False,nflverse,17,G013070
2023,2023-12-30,17,REG,DAL,DET,20,19,False,False,nflverse,1,G013071
2023,2023-12-31,17,REG,BAL,MIA,56,19,False,False,nflverse,37,G013072
2023,2023-12-31,17,REG,BUF,NE,27,21,False,False,nflverse,6,G013073
2023,2023-12-31,17,REG,CHI,ATL,37,17,False,False,nflverse,20,G013074
2023,2023-12-31,17,REG,HOU,TEN,26,3,False,False,nflverse,23,G013075
2023,2023-12-31,17,REG,IND,OAK,23,20,False,False,nflverse,3,G013076
2023,2023-12-31,17,REG,JAX,CAR,26,0,False,False,nflverse,26,G013077
2023,2023-12-31,17,REG,NYG,LAR,25,26,False,False,nflverse,-1,G013078
2023,2023-12-31,17,REG,PHI,ARI,31,35,False,False,nflverse,-4,G013079
2023,2023-12-31,17,REG,TB,NO,13,23,False,False,nflverse,-10,G013080
2023,2023-12-31,17,REG,WSH,SF,10,27,False,False,nflverse,-17,G013081
2023,2023-12-31,17,REG,SEA,PIT,23,30,False,False,nflverse,-7,G013082
2023,2023-12-31,17,REG,DEN,LAC,16,9,False,False,nflverse,7,G013083
2023,2023-12-31,17,REG,KC,CIN,25,17,False,False,nflverse,8,G013084
2023,2023-12-31,17,REG,MIN,GB,10,33,False,False,nflverse,-23,G013085
2023,2024-01-06,18,REG,BAL,PIT,10,17,False,False,nflverse,-7,G013086
2023,2024-01-06,18,REG,IND,HOU,19,23,False,False,nflverse,-4,G013087
2023,2024-01-07,18,REG,CAR,TB,0,9,False,False,nflverse,-9,G013088
2023,2024-01-07,18,REG,CIN,CLE,31,14,False,False,nflverse,17,G013089
2023,2024-01-07,18,REG,DET,MIN,30,20,False,False,nflverse,10,G013090
2023,2024-01-07,18,REG,NE,NYJ,3,17,False,False,nflverse,-14,G013091
2023,2024-01-07,18,REG,NO,ATL,48,17,False,False,nflverse,31,G013092
2023,2024-01-07,18,REG,TEN,JAX,28,20,False,False,nflverse,8,G013093
2023,2024-01-07,18,REG,ARI,SEA,20,21,False,False,nflverse,-1,G013094
2023,2024-01-07,18,REG,GB,CHI,17,9,False,False,nflverse,8,G013095
2023,2024-01-07,18,REG,LAC,KC,12,13,False,False,nflverse,-1,G013096
2023,2024-01-07,18,REG,OAK,DEN,27,14,False,False,nflverse,13,G013097
2023,2024-01-07,18,REG,NYG,PHI,27,10,False,False,nflverse,17,G013098
2023,2024-01-07,18,REG,SF,LAR,20,21,False,False,nflverse,-1,G013099
2023,2024-01-07,18,REG,WSH,DAL,10,38,False,False,nflverse,-28,G013100
2023,2024-01-07,18,REG,MIA,BUF,14,21,False,False,nflverse,-7,G013101
2023,2024-01-13,19,WC,HOU,CLE,45,14,False,False,nflverse,31,G013102
2023,2024-01-13,19,WC,KC,MIA,26,7,False,False,nflverse,19,G013103
2023,2024-01-14,19,WC,DAL,GB,32,48,False,False,nflverse,-16,G013104
2023,2024-01-14,19,WC,DET,LAR,24,23,False,False,nflverse,1,G013105
2023,2024-01-15,19,WC,BUF,PIT,31,17,False,False,nflverse,14,G013106
2023,2024-01-15,19,WC,TB,PHI,32,9,False,False,nflverse,23,G013107
2023,2024-01-20,20,DIV,BAL,HOU,34,10,False,False,nflverse,24,G013108
2023,2024-01-20,20,DIV,SF,GB,24,21,False,False,nflverse,3,G013109
2023,2024-01-21,20,DIV,DET,TB,31,23,False,False,nflverse,8,G013110
2023,2024-01-21,20,DIV,BUF,KC,24,27,False,False,nflverse,-3,G013111
2023,2024-01-28,21,CON,BAL,KC,10,17,False,False,nflverse,-7,G013112
2023,2024-01-28,21,CON,SF,DET,34,31,False,False,nflverse,3,G013113
2023,2024-02-11,22,SB,KC,SF,25,22,True,True,nflverse,3,G013114
2024,2024-09-05,1,REG,KC,BAL,27,20,False,False,nflverse,7,G013115
2024,2024-09-06,1,REG,PHI,GB,34,29,True,False,nflverse,5,G013116
2024,2024-09-08,1,REG,ATL,PIT,10,18,False,False,nflverse,-8,G013117
2024,2024-09-08,1,REG,BUF,ARI,34,28,False,False,nflverse,6,G013118
2024,2024-09-08,1,REG,CHI,TEN,24,17,False,False,nflverse,7,G013119
2024,2024-09-08,1,REG,CIN,NE,10,16,False,False,nflverse,-6,G013120
2024,2024-09-08,1,REG,IND,HOU,27,29,False,False,nflverse,-2,G013121
2024,2024-09-08,1,REG,MIA,JAX,20,17,False,False,nflverse,3,G013122
2024,2024-09-08,1,REG,NO,CAR,47,10,False,False,nflverse,37,G013123
2024,2024-09-08,1,REG,NYG,MIN,6,28,False,False,nflverse,-22,G013124
2024,2024-09-08,1,REG,LAC,OAK,22,10,False,False,nflverse,12,G013125
2024,2024-09-08,1,REG,SEA,DEN,26,20,False,False,nflverse,6,G013126
2024,2024-09-08,1,REG,CLE,DAL,17,33,False,False,nflverse,-16,G013127
2024,2024-09-08,1,REG,TB,WSH,37,20,False,False,nflverse,17,G013128
2024,2024-09-08,1,REG,DET,LAR,26,20,False,True,nflverse,6,G013129
2024,2024-09-09,1,REG,SF,NYJ,32,19,False,False,nflverse,13,G013130
2024,2024-09-12,2,REG,MIA,BUF,10,31,False,False,nflverse,-21,G013131
2024,2024-09-15,2,REG,BAL,OAK,23,26,False,False,nflverse,-3,G013132
2024,2024-09-15,2,REG,CAR,LAC,3,26,False,False,nflverse,-23,G013133
2024,2024-09-15,2,REG,DAL,NO,19,44,False,False,nflverse,-25,G013134
2024,2024-09-15,2,REG,DET,TB,16,20,False,False,nflverse,-4,G013135
2024,2024-09-15,2,REG,GB,IND,16,10,False,False,nflverse,6,G013136
2024,2024-09-15,2,REG,JAX,CLE,13,18,False,False,nflverse,-5,G013137
2024,2024-09-15,2,REG,MIN,SF,23,17,False,False,nflverse,6,G013138
2024,2024-09-15,2,REG,NE,SEA,20,23,False,True,nflverse,-3,G013139
2024,2024-09-15,2,REG,TEN,NYJ,17,24,False,False,nflverse,-7,G013140
2024,2024-09-15,2,REG,WSH,NYG,21,18,False,False,nflverse,3,G013141
2024,2024-09-15,2,REG,ARI,LAR,41,10,False,False,nflverse,31,G013142
2024,2024-09-15,2,REG,DEN,PIT,6,13,False,False,nflverse,-7,G013143
2024,2024-09-15,2,REG,KC,CIN,26,25,False,False,nflverse,1,G013144
2024,2024-09-15,2,REG,HOU,CHI,19,13,False,False,nflverse,6,G013145
2024,2024-09-16,2,REG,PHI,ATL,21,22,False,False,nflverse,-1,G013146
2024,2024-09-19,3,REG,NYJ,NE,24,3,False,False,nflverse,21,G013147
2024,2024-09-22,3,REG,CLE,NYG,15,21,False,False,nflverse,-6,G013148
2024,2024-09-22,3,REG,IND,CHI,21,16,False,False,nflverse,5,G013149
2024,2024-09-22,3,REG,MIN,HOU,34,7,False,False,nflverse,27,G013150
2024,2024-09-22,3,REG,NO,PHI,12,15,False,False,nflverse,-3,G013151
2024,2024-09-22,3,REG,PIT,LAC,20,10,False,False,nflverse,10,G013152
2024,2024-09-22,3,REG,TB,DEN,7,26,False,False,nflverse,-19,G013153
2024,2024-09-22,3,REG,TEN,GB,14,30,False,False,nflverse,-16,G013154
2024,2024-09-22,3,REG,OAK,CAR,22,36,False,False,nflverse,-14,G013155
2024,2024-09-22,3,REG,SEA,MIA,24,3,False,False,nflverse,21,G013156
2024,2024-09-22,3,REG,ARI,DET,13,20,False,False,nflverse,-7,G013157
2024,2024-09-22,3,REG,DAL,BAL,25,28,False,False,nflverse,-3,G013158
2024,2024-09-22,3,REG,LAR,SF,27,24,False,False,nflverse,3,G013159
2024,2024-09-22,3,REG,ATL,KC,17,22,False,False,nflverse,-5,G013160
2024,2024-09-23,3,REG,BUF,JAX,47,10,False,False,nflverse,37,G013161
2024,2024-09-23,3,REG,CIN,WSH,33,38,False,False,nflverse,-5,G013162
2024,2024-09-26,4,REG,NYG,DAL,15,20,False,False,nflverse,-5,G013163
2024,2024-09-29,4,REG,ATL,NO,26,24,False,False,nflverse,2,G013164
2024,2024-09-29,4,REG,CAR,CIN,24,34,False,False,nflverse,-10,G013165
2024,2024-09-29,4,REG,CHI,LAR,24,18,False,False,nflverse,6,G013166
2024,2024-09-29,4,REG,GB,MIN,29,31,False,False,nflverse,-2,G013167
2024,2024-09-29,4,REG,HOU,JAX,24,20,False,False,nflverse,4,G013168
2024,2024-09-29,4,REG,IND,PIT,27,24,False,False,nflverse,3,G013169
2024,2024-09-29,4,REG,NYJ,DEN,9,10,False,False,nflverse,-1,G013170
2024,2024-09-29,4,REG,TB,PHI,33,16,False,False,nflverse,17,G013171
2024,2024-09-29,4,REG,ARI,WSH,14,42,False,False,nflverse,-28,G013172
2024,2024-09-29,4,REG,SF,NE,30,13,False,False,nflverse,17,G013173
2024,2024-09-29,4,REG,LAC,KC,10,17,False,False,nflverse,-7,G013174
2024,2024-09-29,4,REG,OAK,CLE,20,16,False,False,nflverse,4,G013175
2024,2024-09-29,4,REG,BAL,BUF,35,10,False,False,nflverse,25,G013176
2024,2024-09-30,4,REG,MIA,TEN,12,31,False,False,nflverse,-19,G013177
2024,2024-09-30,4,REG,DET,SEA,42,29,False,False,nflverse,13,G013178
2024,2024-10-03,5,REG,ATL,TB,36,30,False,True,nflverse,6,G013179
2024,2024-10-06,5,REG,MIN,NYJ,23,17,True,False,nflverse,6,G013180
2024,2024-10-06,5,REG,CHI,CAR,36,10,False,False,nflverse,26,G013181
2024,2024-10-06,5,REG,CIN,BAL,38,41,False,True,nflverse,-3,G013182
2024,2024-10-06,5,REG,HOU,BUF,23,20,False,False,nflverse,3,G013183
2024,2024-10-06,5,REG,JAX,IND,37,34,False,False,nflverse,3,G013184
2024,2024-10-06,5,REG,NE,MIA,10,15,False,False,nflverse,-5,G013185
2024,2024-10-06,5,REG,WSH,CLE,34,13,False,False,nflverse,21,G013186
2024,2024-10-06,5,REG,DEN,OAK,34,18,False,False,nflverse,16,G013187
2024,2024-10-06,5,REG,SF,ARI,23,24,False,False,nflverse,-1,G013188
2024,2024-10-06,5,REG,LAR,GB,19,24,False,False,nflverse,-5,G013189
2024,2024-10-06,5,REG,SEA,NYG,20,29,False,False,nflverse,-9,G013190
2024,2024-10-06,5,REG,PIT,DAL,17,20,False,False,nflverse,-3,G013191
2024,2024-10-07,5,REG,KC,NO,26,13,False,False,nflverse,13,G013192
2024,2024-10-10,6,REG,SEA,SF,24,36,False,False,nflverse,-12,G013193
2024,2024-10-13,6,REG,CHI,JAX,35,16,True,False,nflverse,19,G013194
2024,2024-10-13,6,REG,BAL,WSH,30,23,False,False,nflverse,7,G013195
2024,2024-10-13,6,REG,GB,ARI,34,13,False,False,nflverse,21,G013196
2024,2024-10-13,6,REG,NE,HOU,21,41,False,False,nflverse,-20,G013197
2024,2024-10-13,6,REG,NO,TB,27,51,False,False,nflverse,-24,G013198
2024,2024-10-13,6,REG,PHI,CLE,20,16,False,False,nflverse,4,G013199
2024,2024-10-13,6,REG,TEN,IND,17,20,False,False,nflverse,-3,G013200
2024,2024-10-13,6,REG,DEN,LAC,16,23,False,False,nflverse,-7,G013201
2024,2024-10-13,6,REG,OAK,PIT,13,32,False,False,nflverse,-19,G013202
2024,2024-10-13,6,REG,CAR,ATL,20,38,False,False,nflverse,-18,G013203
2024,2024-10-13,6,REG,DAL,DET,9,47,False,False,nflverse,-38,G013204
2024,2024-10-13,6,REG,NYG,CIN,7,17,False,False,nflverse,-10,G013205
2024,2024-10-14,6,REG,NYJ,BUF,20,23,False,False,nflverse,-3,G013206
2024,2024-10-17,7,REG,NO,DEN,10,33,False,False,nflverse,-23,G013207
2024,2024-10-20,7,REG,JAX,NE,32,16,True,False,nflverse,16,G013208
2024,2024-10-20,7,REG,ATL,SEA,14,34,False,False,nflverse,-20,G013209
2024,2024-10-20,7,REG,BUF,TEN,34,10,False,False,nflverse,24,G013210
2024,2024-10-20,7,REG,CLE,CIN,14,21,False,False,nflverse,-7,G013211
2024,2024-10-20,7,REG,GB,HOU,24,22,False,False,nflverse,2,G013212
2024,2024-10-20,7,REG,IND,MIA,16,10,False,False,nflverse,6,G013213
2024,2024-10-20,7,REG,MIN,DET,29,31,False,False,nflverse,-2,G013214
2024,2024-10-20,7,REG,NYG,PHI,3,28,False,False,nflverse,-25,G013215
2024,2024-10-20,7,REG,LAR,OAK,20,15,False,False,nflverse,5,G013216
2024,2024-10-20,7,REG,WSH,CAR,40,7,False,False,nflverse,33,G013217
2024,2024-10-20,7,REG,SF,KC,18,28,False,False,nflverse,-10,G013218
2024,2024-10-20,7,REG,PIT,NYJ,37,15,False,False,nflverse,22,G013219
2024,2024-10-21,7,REG,TB,BAL,31,41,False,False,nflverse,-10,G013220
2024,2024-10-21,7,REG,ARI,LAC,17,15,False,False,nflverse,2,G013221
2024,2024-10-24,8,REG,LAR,MIN,30,20,False,False,nflverse,10,G013222
2024,2024-10-27,8,REG,CIN,PHI,17,37,False,False,nflverse,-20,G013223
2024,2024-10-27,8,REG,CLE,BAL,29,24,False,False,nflverse,5,G013224
2024,2024-10-27,8,REG,DET,TEN,52,14,False,False,nflverse,38,G013225
2024,2024-10-27,8,REG,HOU,IND,23,20,False,False,nflverse,3,G013226
2024,2024-10-27,8,REG,JAX,GB,27,30,False,False,nflverse,-3,G013227
2024,2024-10-27,8,REG,MIA,ARI,27,28,False,False,nflverse,-1,G013228
2024,2024-10-27,8,REG,NE,NYJ,25,22,False,False,nflverse,3,G013229
2024,2024-10-27,8,REG,TB,ATL,26,31,False,False,nflverse,-5,G013230
2024,2024-10-27,8,REG,LAC,NO,26,8,False,False,nflverse,18,G013231
2024,2024-10-27,8,REG,SEA,BUF,10,31,False,False,nflverse,-21,G013232
2024,2024-10-27,8,REG,DEN,CAR,28,14,False,False,nflverse,14,G013233
2024,2024-10-27,8,REG,OAK,KC,20,27,False,False,nflverse,-7,G013234
2024,2024-10-27,8,REG,WSH,CHI,18,15,False,False,nflverse,3,G013235
2024,2024-10-27,8,REG,SF,DAL,30,24,False,False,nflverse,6,G013236
2024,2024-10-28,8,REG,PIT,NYG,26,18,False,False,nflverse,8,G013237
2024,2024-10-31,9,REG,NYJ,HOU,21,13,False,False,nflverse,8,G013238
2024,2024-11-03,9,REG,ATL,DAL,27,21,False,False,nflverse,6,G013239
2024,2024-11-03,9,REG,BAL,DEN,41,10,False,False,nflverse,31,G013240
2024,2024-11-03,9,REG,BUF,MIA,30,27,False,False,nflverse,3,G013241
2024,2024-11-03,9,REG,CAR,NO,23,22,False,False,nflverse,1,G013242
2024,2024-11-03,9,REG,CIN,OAK,41,24,False,False,nflverse,17,G013243
2024,2024-11-03,9,REG,CLE,LAC,10,27,False,False,nflverse,-17,G013244
2024,2024-11-03,9,REG,NYG,WSH,22,27,False,False,nflverse,-5,G013245
2024,2024-11-03,9,REG,TEN,NE,20,17,False,True,nflverse,3,G013246
2024,2024-11-03,9,REG,ARI,CHI,29,9,False,False,nflverse,20,G013247
2024,2024-11-03,9,REG,PHI,JAX,28,23,False,False,nflverse,5,G013248
2024,2024-11-03,9,REG,GB,DET,14,24,False,False,nflverse,-10,G013249
2024,2024-11-03,9,REG,SEA,LAR,20,26,False,True,nflverse,-6,G013250
2024,2024-11-03,9,REG,MIN,IND,21,13,False,False,nflverse,8,G013251
2024,2024-11-04,9,REG,KC,TB,30,24,False,True,nflverse,6,G013252
2024,2024-11-07,10,REG,BAL,CIN,35,34,False,False,nflverse,1,G013253
2024,2024-11-10,10,REG,CAR,NYG,20,17,True,True,nflverse,3,G013254
2024,2024-11-10,10,REG,CHI,NE,3,19,False,False,nflverse,-16,G013255
2024,2024-11-10,10,REG,IND,BUF,20,30,False,False,nflverse,-10,G013256
2024,2024-11-10,10,REG,JAX,MIN,7,12,False,False,nflverse,-5,G013257
2024,2024-11-10,10,REG,KC,DEN,16,14,False,False,nflverse,2,G013258
2024,2024-11-10,10,REG,NO,ATL,20,17,False,False,nflverse,3,G013259
2024,2024-11-10,10,REG,TB,SF,20,23,False,False,nflverse,-3,G013260
2024,2024-11-10,10,REG,WSH,PIT,27,28,False,False,nflverse,-1,G013261
2024,2024-11-10,10,REG,LAC,TEN,27,17,False,False,nflverse,10,G013262
2024,2024-11-10,10,REG,ARI,NYJ,31,6,False,False,nflverse,25,G013263
2024,2024-11-10,10,REG,DAL,PHI,6,34,False,False,nflverse,-28,G013264
2024,2024-11-10,10,REG,HOU,DET,23,26,False,False,nflverse,-3,G013265
2024,2024-11-11,10,REG,LAR,MIA,15,23,False,False,nflverse,-8,G013266
2024,2024-11-14,11,REG,PHI,WSH,26,18,False,False,nflverse,8,G013267
2024,2024-11-17,11,REG,CHI,GB,19,20,False,False,nflverse,-1,G013268
2024,2024-11-17,11,REG,DET,JAX,52,6,False,False,nflverse,46,G013269
2024,2024-11-17,11,REG,MIA,OAK,34,19,False,False,nflverse,15,G013270
2024,2024-11-17,11,REG,NE,LAR,22,28,False,False,nflverse,-6,G013271
2024,2024-11-17,11,REG,NO,CLE,35,14,False,False,nflverse,21,G013272
2024,2024-11-17,11,REG,NYJ,IND,27,28,False,False,nflverse,-1,G013273
2024,2024-11-17,11,REG,PIT,BAL,18,16,False,False,nflverse,2,G013274
2024,2024-11-17,11,REG,TEN,MIN,13,23,False,False,nflverse,-10,G013275
2024,2024-11-17,11,REG,DEN,ATL,38,6,False,False,nflverse,32,G013276
2024,2024-11-17,11,REG,SF,SEA,17,20,False,False,nflverse,-3,G013277
2024,2024-11-17,11,REG,BUF,KC,30,21,False,False,nflverse,9,G013278
2024,2024-11-17,11,REG,LAC,CIN,34,27,False,False,nflverse,7,G013279
2024,2024-11-18,11,REG,DAL,HOU,10,34,False,False,nflverse,-24,G013280
2024,2024-11-21,12,REG,CLE,PIT,24,19,False,False,nflverse,5,G013281
2024,2024-11-24,12,REG,CAR,KC,27,30,False,False,nflverse,-3,G013282
2024,2024-11-24,12,REG,CHI,MIN,27,30,False,True,nflverse,-3,G013283
2024,2024-11-24,12,REG,HOU,TEN,27,32,False,False,nflverse,-5,G013284
2024,2024-11-24,12,REG,IND,DET,6,24,False,False,nflverse,-18,G013285
2024,2024-11-24,12,REG,MIA,NE,34,15,False,False,nflverse,19,G013286
2024,2024-11-24,12,REG,NYG,TB,7,30,False,False,nflverse,-23,G013287
2024,2024-11-24,12,REG,WSH,DAL,26,34,False,False,nflverse,-8,G013288
2024,2024-11-24,12,REG,OAK,DEN,19,29,False,False,nflverse,-10,G013289
2024,2024-11-24,12,REG,GB,SF,38,10,False,False,nflverse,28,G013290
2024,2024-11-24,12,REG,SEA,ARI,16,6,False,False,nflverse,10,G013291
2024,2024-11-24,12,REG,LAR,PHI,20,37,False,False,nflverse,-17,G013292
2024,2024-11-25,12,REG,LAC,BAL,23,30,False,False,nflverse,-7,G013293
2024,2024-11-28,13,REG,DET,CHI,23,20,False,False,nflverse,3,G013294
2024,2024-11-28,13,REG,DAL,NYG,27,20,False,False,nflverse,7,G013295
2024,2024-11-28,13,REG,GB,MIA,30,17,False,False,nflverse,13,G013296
2024,2024-11-29,13,REG,KC,OAK,19,17,False,False,nflverse,2,G013297
2024,2024-12-01,13,REG,ATL,LAC,13,17,False,False,nflverse,-4,G013298
2024,2024-12-01,13,REG,CIN,PIT,38,44,False,False,nflverse,-6,G013299
2024,2024-12-01,13,REG,JAX,HOU,20,23,False,False,nflverse,-3,G013300
2024,2024-12-01,13,REG,MIN,ARI,23,22,False,False,nflverse,1,G013301
2024,2024-12-01,13,REG,NE,IND,24,25,False,False,nflverse,-1,G013302
2024,2024-12-01,13,REG,NYJ,SEA,21,26,False,False,nflverse,-5,G013303
2024,2024-12-01,13,REG,WSH,TEN,42,19,False,False,nflverse,23,G013304
2024,2024-12-01,13,REG,CAR,TB,23,26,False,True,nflverse,-3,G013305
2024,2024-12-01,13,REG,NO,LAR,14,21,False,False,nflverse,-7,G013306
2024,2024-12-01,13,REG,BAL,PHI,19,24,False,False,nflverse,-5,G013307
2024,2024-12-01,13,REG,BUF,SF,35,10,False,False,nflverse,25,G013308
2024,2024-12-02,13,REG,DEN,CLE,41,32,False,False,nflverse,9,G013309
2024,2024-12-05,14,REG,DET,GB,34,31,False,False,nflverse,3,G013310
2024,2024-12-08,14,REG,MIA,NYJ,32,26,False,True,nflverse,6,G013311
2024,2024-12-08,14,REG,MIN,ATL,42,21,False,False,nflverse,21,G013312
2024,2024-12-08,14,REG,NYG,NO,11,14,False,False,nflverse,-3,G013313
2024,2024-12-08,14,REG,PHI,CAR,22,16,False,False,nflverse,6,G013314
2024,2024-12-08,14,REG,PIT,CLE,27,14,False,False,nflverse,13,G013315
2024,2024-12-08,14,REG,TB,OAK,28,13,False,False,nflverse,15,G013316
2024,2024-12-08,14,REG,TEN,JAX,6,10,False,False,nflverse,-4,G013317
2024,2024-12-08,14,REG,ARI,SEA,18,30,False,False,nflverse,-12,G013318
2024,2024-12-08,14,REG,LAR,BUF,44,42,False,False,nflverse,2,G013319
2024,2024-12-08,14,REG,SF,CHI,38,13,False,False,nflverse,25,G013320
2024,2024-12-08,14,REG,KC,LAC,19,17,False,False,nflverse,2,G013321
2024,2024-12-09,14,REG,DAL,CIN,20,27,False,False,nflverse,-7,G013322
2024,2024-12-12,15,REG,SF,LAR,6,12,False,False,nflverse,-6,G013323
2024,2024-12-15,15,REG,CAR,DAL,14,30,False,False,nflverse,-16,G013324
2024,2024-12-15,15,REG,CLE,KC,7,21,False,False,nflverse,-14,G013325
2024,2024-12-15,15,REG,HOU,MIA,20,12,False,False,nflverse,8,G013326
2024,2024-12-15,15,REG,JAX,NYJ,25,32,False,False,nflverse,-7,G013327
2024,2024-12-15,15,REG,NO,WSH,19,20,False,False,nflverse,-1,G013328
2024,2024-12-15,15,REG,NYG,BAL,14,35,False,False,nflverse,-21,G013329
2024,2024-12-15,15,REG,TEN,CIN,27,37,False,False,nflverse,-10,G013330
2024,2024-12-15,15,REG,ARI,NE,30,17,False,False,nflverse,13,G013331
2024,2024-12-15,15,REG,DEN,IND,31,13,False,False,nflverse,18,G013332
2024,2024-12-15,15,REG,DET,BUF,42,48,False,False,nflverse,-6,G013333
2024,2024-12-15,15,REG,LAC,TB,17,40,False,False,nflverse,-23,G013334
2024,2024-12-15,15,REG,PHI,PIT,27,13,False,False,nflverse,14,G013335
2024,2024-12-15,15,REG,SEA,GB,13,30,False,False,nflverse,-17,G013336
2024,2024-12-16,15,REG,MIN,CHI,30,12,False,False,nflverse,18,G013337
2024,2024-12-16,15,REG,OAK,ATL,9,15,False,False,nflverse,-6,G013338
2024,2024-12-19,16,REG,LAC,DEN,34,27,False,False,nflverse,7,G013339
2024,2024-12-21,16,REG,KC,HOU,27,19,False,False,nflverse,8,G013340
2024,2024-12-21,16,REG,BAL,PIT,34,17,False,False,nflverse,17,G013341
2024,2024-12-22,16,REG,ATL,NYG,34,7,False,False,nflverse,27,G013342
2024,2024-12-22,16,REG,CAR,ARI,36,30,False,True,nflverse,6,G013343
2024,2024-12-22,16,REG,CHI,DET,17,34,False,False,nflverse,-17,G013344
2024,2024-12-22,16,REG,CIN,CLE,24,6,False,False,nflverse,18,G013345
2024,2024-12-22,16,REG,IND,TEN,38,30,False,False,nflverse,8,G013346
2024,2024-12-22,16,REG,NYJ,LAR,9,19,False,False,nflverse,-10,G013347
2024,2024-12-22,16,REG,WSH,PHI,36,33,False,False,nflverse,3,G013348
2024,2024-12-22,16,REG,SEA,MIN,24,27,False,False,nflverse,-3,G013349
2024,2024-12-22,16,REG,BUF,NE,24,21,False,False,nflverse,3,G013350
2024,2024-12-22,16,REG,OAK,JAX,19,14,False,False,nflverse,5,G013351
2024,2024-12-22,16,REG,MIA,SF,29,17,False,False,nflverse,12,G013352
2024,2024-12-22,16,REG,DAL,TB,26,24,False,False,nflverse,2,G013353
2024,2024-12-23,16,REG,GB,NO,34,0,False,False,nflverse,34,G013354
2024,2024-12-25,17,REG,PIT,KC,10,29,False,False,nflverse,-19,G013355
2024,2024-12-25,17,REG,HOU,BAL,2,31,False,False,nflverse,-29,G013356
2024,2024-12-26,17,REG,CHI,SEA,3,6,False,False,nflverse,-3,G013357
2024,2024-12-28,17,REG,NE,LAC,7,40,False,False,nflverse,-33,G013358
2024,2024-12-28,17,REG,CIN,DEN,30,24,False,True,nflverse,6,G013359
2024,2024-12-28,17,REG,LAR,ARI,13,9,False,False,nflverse,4,G013360
2024,2024-12-29,17,REG,BUF,NYJ,40,14,False,False,nflverse,26,G013361
2024,2024-12-29,17,REG,JAX,TEN,20,13,False,False,nflverse,7,G013362
2024,2024-12-29,17,REG,NO,OAK,10,25,False,False,nflverse,-15,G013363
2024,2024-12-29,17,REG,NYG,IND,45,33,False,False,nflverse,12,G013364
2024,2024-12-29,17,REG,PHI,DAL,41,7,False,False,nflverse,34,G013365
2024,2024-12-29,17,REG,TB,CAR,48,14,False,False,nflverse,34,G013366
2024,2024-12-29,17,REG,CLE,MIA,3,20,False,False,nflverse,-17,G013367
2024,2024-12-29,17,REG,MIN,GB,27,25,False,False,nflverse,2,G013368
2024,2024-12-29,17,REG,WSH,ATL,30,24,False,True,nflverse,6,G013369
2024,2024-12-30,17,REG,SF,DET,34,40,False,False,nflverse,-6,G013370
2024,2025-01-04,18,REG,BAL,CLE,35,10,False,False,nflverse,25,G013371
2024,2025-01-04,18,REG,PIT,CIN,17,19,False,False,nflverse,-2,G013372
2024,2025-01-05,18,REG,ATL,CAR,38,44,False,True,nflverse,-6,G013373
2024,2025-01-05,18,REG,DAL,WSH,19,23,False,False,nflverse,-4,G013374
2024,2025-01-05,18,REG,GB,CHI,22,24,False,False,nflverse,-2,G013375
2024,2025-01-05,18,REG,IND,JAX,26,23,False,True,nflverse,3,G013376
2024,2025-01-05,18,REG,NE,BUF,23,16,False,False,nflverse,7,G013377
2024,2025-01-05,18,REG,PHI,NYG,20,13,False,False,nflverse,7,G013378
2024,2025-01-05,18,REG,TB,NO,27,19,False,False,nflverse,8,G013379
2024,2025-01-05,18,REG,TEN,HOU,14,23,False,False,nflverse,-9,G013380
2024,2025-01-05,18,REG,ARI,SF,47,24,False,False,nflverse,23,G013381
2024,2025-01-05,18,REG,DEN,KC,38,0,False,False,nflverse,38,G013382
2024,2025-01-05,18,REG,LAR,SEA,25,30,False,False,nflverse,-5,G013383
2024,2025-01-05,18,REG,OAK,LAC,20,34,False,False,nflverse,-14,G013384
2024,2025-01-05,18,REG,NYJ,MIA,32,20,False,False,nflverse,12,G013385
2024,2025-01-05,18,REG,DET,MIN,31,9,False,False,nflverse,22,G013386
2024,2025-01-11,19,WC,HOU,LAC,32,12,False,False,nflverse,20,G013387
2024,2025-01-11,19,WC,BAL,PIT,28,14,False,False,nflverse,14,G013388
2024,2025-01-12,19,WC,BUF,DEN,31,7,False,False,nflverse,24,G013389
2024,2025-01-12,19,WC,PHI,GB,22,10,False,False,nflverse,12,G013390
2024,2025-01-12,19,WC,TB,WSH,20,23,False,False,nflverse,-3,G013391
2024,2025-01-13,19,WC,LAR,MIN,27,9,True,False,nflverse,18,G013392
2024,2025-01-18,20,DIV,KC,HOU,23,14,False,False,nflverse,9,G013393
2024,2025-01-18,20,DIV,DET,WSH,31,45,False,False,nflverse,-14,G013394
2024,2025-01-19,20,DIV,PHI,LAR,28,22,False,False,nflverse,6,G013395
2024,2025-01-19,20,DIV,BUF,BAL,27,25,False,False,nflverse,2,G013396
2024,2025-01-26,21,CON,PHI,WSH,55,23,False,False,nflverse,32,G013397
2024,2025-01-26,21,CON,KC,BUF,32,29,False,False,nflverse,3,G013398
2024,2025-02-09,22,SB,PHI,KC,40,22,True,False,nflverse,18,G013399
2025,2025-09-04,1,REG,PHI,DAL,24,20,False,False,nflverse,4,G013400
2025,2025-09-05,1,REG,LAC,KC,27,21,True,False,nflverse,6,G013401
2025,2025-09-07,1,REG,ATL,TB,20,23,False,False,nflverse,-3,G013402
2025,2025-09-07,1,REG,CLE,CIN,16,17,False,False,nflverse,-1,G013403
2025,2025-09-07,1,REG,IND,MIA,33,8,False,False,nflverse,25,G013404
2025,2025-09-07,1,REG,JAX,CAR,26,10,False,False,nflverse,16,G013405
2025,2025-09-07,1,REG,NE,OAK,13,20,False,False,nflverse,-7,G013406
2025,2025-09-07,1,REG,NO,ARI,13,20,False,False,nflverse,-7,G013407
2025,2025-09-07,1,REG,NYJ,PIT,32,34,False,False,nflverse,-2,G013408
2025,2025-09-07,1,REG,WSH,NYG,21,6,False,False,nflverse,15,G013409
2025,2025-09-07,1,REG,DEN,TEN,20,12,False,False,nflverse,8,G013410
2025,2025-09-07,1,REG,SEA,SF,13,17,False,False,nflverse,-4,G013411
2025,2025-09-07,1,REG,GB,DET,27,13,False,False,nflverse,14,G013412
2025,2025-09-07,1,REG,LAR,HOU,14,9,False,False,nflverse,5,G013413
2025,2025-09-07,1,REG,BUF,BAL,41,40,False,False,nflverse,1,G013414
2025,2025-09-08,1,REG,CHI,MIN,24,27,False,False,nflverse,-3,G013415
2025,2025-09-11,2,REG,GB,WSH,27,18,False,False,nflverse,9,G013416
2025,2025-09-14,2,REG,BAL,CLE,41,17,False,False,nflverse,24,G013417
2025,2025-09-14,2,REG,CIN,JAX,31,27,False,False,nflverse,4,G013418
2025,2025-09-14,2,REG,DAL,NYG,40,37,False,True,nflverse,3,G013419
2025,2025-09-14,2,REG,DET,CHI,52,21,False,False,nflverse,31,G013420
2025,2025-09-14,2,REG,MIA,NE,27,33,False,False,nflverse,-6,G013421
2025,2025-09-14,2,REG,NO,SF,21,26,False,False,nflverse,-5,G013422
2025,2025-09-14,2,REG,NYJ,BUF,10,30,False,False,nflverse,-20,G013423
2025,2025-09-14,2,REG,PIT,SEA,17,31,False,False,nflverse,-14,G013424
2025,2025-09-14,2,REG,TEN,LAR,19,33,False,False,nflverse,-14,G013425
2025,2025-09-14,2,REG,ARI,CAR,27,22,False,False,nflverse,5,G013426
2025,2025-09-14,2,REG,IND,DEN,29,28,False,False,nflverse,1,G013427
2025,2025-09-14,2,REG,KC,PHI,17,20,False,False,nflverse,-3,G013428
2025,2025-09-14,2,REG,MIN,ATL,6,22,False,False,nflverse,-16,G013429
2025,2025-09-15,2,REG,HOU,TB,19,20,False,False,nflverse,-1,G013430
2025,2025-09-15,2,REG,OAK,LAC,9,20,False,False,nflverse,-11,G013431
2025,2025-09-18,3,REG,BUF,MIA,31,21,False,False,nflverse,10,G013432
2025,2025-09-21,3,REG,CAR,ATL,30,0,False,False,nflverse,30,G013433
2025,2025-09-21,3,REG,CLE,GB,13,10,False,False,nflverse,3,G013434
2025,2025-09-21,3,REG,JAX,HOU,17,10,False,False,nflverse,7,G013435
2025,2025-09-21,3,REG,MIN,CIN,48,10,False,False,nflverse,38,G013436
2025,2025-09-21,3,REG,NE,PIT,14,21,False,False,nflverse,-7,G013437
2025,2025-09-21,3,REG,PHI,LAR,33,26,False,False,nflverse,7,G013438
2025,2025-09-21,3,REG,TB,NYJ,29,27,False,False,nflverse,2,G013439
2025,2025-09-21,3,REG,TEN,IND,20,41,False,False,nflverse,-21,G013440
2025,2025-09-21,3,REG,WSH,OAK,41,24,False,False,nflverse,17,G013441
2025,2025-09-21,3,REG,LAC,DEN,23,20,False,False,nflverse,3,G013442
2025,2025-09-21,3,REG,SEA,NO,44,13,False,False,nflverse,31,G013443
2025,2025-09-21,3,REG,CHI,DAL,31,14,False,False,nflverse,17,G013444
2025,2025-09-21,3,REG,SF,ARI,16,15,False,False,nflverse,1,G013445
2025,2025-09-21,3,REG,NYG,KC,9,22,False,False,nflverse,-13,G013446
2025,2025-09-22,3,REG,BAL,DET,30,38,False,False,nflverse,-8,G013447
2025,2025-09-25,4,REG,ARI,SEA,20,23,False,False,nflverse,-3,G013448
2025,2025-09-28,4,REG,PIT,MIN,24,21,True,False,nflverse,3,G013449
2025,2025-09-28,4,REG,ATL,WSH,34,27,False,False,nflverse,7,G013450
2025,2025-09-28,4,REG,BUF,NO,31,19,False,False,nflverse,12,G013451
2025,2025-09-28,4,REG,DET,CLE,34,10,False,False,nflverse,24,G013452
2025,2025-09-28,4,REG,HOU,TEN,26,0,False,False,nflverse,26,G013453
2025,2025-09-28,4,REG,NE,CAR,42,13,False,False,nflverse,29,G013454
2025,2025-09-28,4,REG,NYG,LAC,21,18,False,False,nflverse,3,G013455
2025,2025-09-28,4,REG,TB,PHI,25,31,False,False,nflverse,-6,G013456
2025,2025-09-28,4,REG,LAR,IND,27,20,False,False,nflverse,7,G013457
2025,2025-09-28,4,REG,SF,JAX,21,26,False,False,nflverse,-5,G013458
2025,2025-09-28,4,REG,KC,BAL,37,20,False,False,nflverse,17,G013459
2025,2025-09-28,4,REG,OAK,CHI,24,25,False,False,nflverse,-1,G013460
2025,2025-09-28,4,REG,DAL,GB,40,40,False,True,nflverse,0,G013461
2025,2025-09-29,4,REG,MIA,NYJ,27,21,False,False,nflverse,6,G013462
2025,2025-09-29,4,REG,DEN,CIN,28,3,False,False,nflverse,25,G013463
2025,2025-10-02,5,REG,LAR,SF,23,26,False,True,nflverse,-3,G013464
2025,2025-10-05,5,REG,CLE,MIN,17,21,True,False,nflverse,-4,G013465
2025,2025-10-05,5,REG,BAL,HOU,10,44,False,False,nflverse,-34,G013466
2025,2025-10-05,5,REG,CAR,MIA,27,24,False,False,nflverse,3,G013467
2025,2025-10-05,5,REG,IND,OAK,40,6,False,False,nflverse,34,G013468
2025,2025-10-05,5,REG,NO,NYG,26,14,False,False,nflverse,12,G013469
2025,2025-10-05,5,REG,NYJ,DAL,22,37,False,False,nflverse,-15,G013470
2025,2025-10-05,5,REG,PHI,DEN,17,21,False,False,nflverse,-4,G013471
2025,2025-10-05,5,REG,ARI,TEN,21,22,False,False,nflverse,-1,G013472
2025,2025-10-05,5,REG,SEA,TB,35,38,False,False,nflverse,-3,G013473
2025,2025-10-05,5,REG,CIN,DET,24,37,False,False,nflverse,-13,G013474
2025,2025-10-05,5,REG,LAC,WSH,10,27,False,False,nflverse,-17,G013475
2025,2025-10-05,5,REG,BUF,NE,20,23,False,False,nflverse,-3,G013476
2025,2025-10-06,5,REG,JAX,KC,31,28,False,False,nflverse,3,G013477
2025,2025-10-09,6,REG,NYG,PHI,34,17,False,False,nflverse,17,G013478
2025,2025-10-12,6,REG,NYJ,DEN,11,13,True,False,nflverse,-2,G013479
2025,2025-10-12,6,REG,BAL,LAR,3,17,False,False,nflverse,-14,G013480
2025,2025-10-12,6,REG,CAR,DAL,30,27,False,False,nflverse,3,G013481
2025,2025-10-12,6,REG,IND,ARI,31,27,False,False,nflverse,4,G013482
2025,2025-10-12,6,REG,JAX,SEA,12,20,False,False,nflverse,-8,G013483
2025,2025-10-12,6,REG,MIA,LAC,27,29,False,False,nflverse,-2,G013484
2025,2025-10-12,6,REG,NO,NE,19,25,False,False,nflverse,-6,G013485
2025,2025-10-12,6,REG,PIT,CLE,23,9,False,False,nflverse,14,G013486
2025,2025-10-12,6,REG,OAK,TEN,20,10,False,False,nflverse,10,G013487
2025,2025-10-12,6,REG,GB,CIN,27,18,False,False,nflverse,9,G013488
2025,2025-10-12,6,REG,TB,SF,30,19,False,False,nflverse,11,G013489
2025,2025-10-12,6,REG,KC,DET,30,17,False,False,nflverse,13,G013490
2025,2025-10-13,6,REG,ATL,BUF,24,14,False,False,nflverse,10,G013491
2025,2025-10-13,6,REG,WSH,CHI,24,25,False,False,nflverse,-1,G013492
2025,2025-10-16,7,REG,CIN,PIT,33,31,False,False,nflverse,2,G013493
2025,2025-10-19,7,REG,JAX,LAR,7,35,True,False,nflverse,-28,G013494
2025,2025-10-19,7,REG,CHI,NO,26,14,False,False,nflverse,12,G013495
2025,2025-10-19,7,REG,CLE,MIA,31,6,False,False,nflverse,25,G013496
2025,2025-10-19,7,REG,KC,OAK,31,0,False,False,nflverse,31,G013497
2025,2025-10-19,7,REG,MIN,PHI,22,28,False,False,nflverse,-6,G013498
2025,2025-10-19,7,REG,NYJ,CAR,6,13,False,False,nflverse,-7,G013499
2025,2025-10-19,7,REG,TEN,NE,13,31,False,False,nflverse,-18,G013500
2025,2025-10-19,7,REG,DEN,NYG,33,32,False,False,nflverse,1,G013501
2025,2025-10-19,7,REG,LAC,IND,24,38,False,False,nflverse,-14,G013502
2025,2025-10-19,7,REG,ARI,GB,23,27,False,False,nflverse,-4,G013503
2025,2025-10-19,7,REG,DAL,WSH,44,22,False,False,nflverse,22,G013504
2025,2025-10-19,7,REG,SF,ATL,20,10,False,False,nflverse,10,G013505
2025,2025-10-20,7,REG,DET,TB,24,9,False,False,nflverse,15,G013506
2025,2025-10-20,7,REG,SEA,HOU,27,19,False,False,nflverse,8,G013507
2025,2025-10-23,8,REG,LAC,MIN,37,10,False,False,nflverse,27,G013508
2025,2025-10-26,8,REG,ATL,MIA,10,34,False,False,nflverse,-24,G013509
2025,2025-10-26,8,REG,BAL,CHI,30,16,False,False,nflverse,14,G013510
2025,2025-10-26,8,REG,CAR,BUF,9,40,False,False,nflverse,-31,G013511
2025,2025-10-26,8,REG,CIN,NYJ,38,39,False,False,nflverse,-1,G013512
2025,2025-10-26,8,REG,HOU,SF,26,15,False,False,nflverse,11,G013513
2025,2025-10-26,8,REG,NE,CLE,32,13,False,False,nflverse,19,G013514
2025,2025-10-26,8,REG,PHI,NYG,38,20,False,False,nflverse,18,G013515
2025,2025-10-26,8,REG,NO,TB,3,23,False,False,nflverse,-20,G013516
2025,2025-10-26,8,REG,DEN,DAL,44,24,False,False,nflverse,20,G013517
2025,2025-10-26,8,REG,IND,TEN,38,14,False,False,nflverse,24,G013518
2025,2025-10-26,8,REG,PIT,GB,25,35,False,False,nflverse,-10,G013519
2025,2025-10-27,8,REG,KC,WSH,28,7,False,False,nflverse,21,G013520
2025,2025-10-30,9,REG,MIA,BAL,6,28,False,False,nflverse,-22,G013521
2025,2025-11-02,9,REG,CIN,CHI,42,47,False,False,nflverse,-5,G013522
2025,2025-11-02,9,REG,DET,MIN,24,27,False,False,nflverse,-3,G013523
2025,2025-11-02,9,REG,GB,CAR,13,16,False,False,nflverse,-3,G013524
2025,2025-11-02,9,REG,HOU,DEN,15,18,False,False,nflverse,-3,G013525
2025,2025-11-02,9,REG,NE,ATL,24,23,False,False,nflverse,1,G013526
2025,2025-11-02,9,REG,NYG,SF,24,34,False,False,nflverse,-10,G013527
2025,2025-11-02,9,REG,PIT,IND,27,20,False,False,nflverse,7,G013528
2025,2025-11-02,9,REG,TEN,LAC,20,27,False,False,nflverse,-7,G013529
2025,2025-11-02,9,REG,LAR,NO,34,10,False,False,nflverse,24,G013530
2025,2025-11-02,9,REG,OAK,JAX,29,30,False,True,nflverse,-1,G013531
2025,2025-11-02,9,REG,BUF,KC,28,21,False,False,nflverse,7,G013532
2025,2025-11-02,9,REG,WSH,SEA,14,38,False,False,nflverse,-24,G013533
2025,2025-11-03,9,REG,DAL,ARI,17,27,False,False,nflverse,-10,G013534
2025,2025-11-06,10,REG,DEN,OAK,10,7,False,False,nflverse,3,G013535
2025,2025-11-09,10,REG,IND,ATL,31,25,True,True,nflverse,6,G013536
2025,2025-11-09,10,REG,CAR,NO,7,17,False,False,nflverse,-10,G013537
2025,2025-11-09,10,REG,CHI,NYG,24,20,False,False,nflverse,4,G013538
2025,2025-11-09,10,REG,HOU,JAX,36,29,False,False,nflverse,7,G013539
2025,2025-11-09,10,REG,MIA,BUF,30,13,False,False,nflverse,17,G013540
2025,2025-11-09,10,REG,MIN,BAL,19,27,False,False,nflverse,-8,G013541
2025,2025-11-09,10,REG,NYJ,CLE,27,20,False,False,nflverse,7,G013542
2025,2025-11-09,10,REG,TB,NE,23,28,False,False,nflverse,-5,G013543
2025,2025-11-09,10,REG,SEA,ARI,44,22,False,False,nflverse,22,G013544
2025,2025-11-09,10,REG,SF,LAR,26,42,False,False,nflverse,-16,G013545
2025,2025-11-09,10,REG,WSH,DET,22,44,False,False,nflverse,-22,G013546
2025,2025-11-09,10,REG,LAC,PIT,25,10,False,False,nflverse,15,G013547
2025,2025-11-10,10,REG,GB,PHI,7,10,False,False,nflverse,-3,G013548
2025,2025-11-13,11,REG,NE,NYJ,27,14,False,False,nflverse,13,G013549
2025,2025-11-16,11,REG,MIA,WSH,16,13,True,True,nflverse,3,G013550
2025,2025-11-16,11,REG,ATL,CAR,27,30,False,True,nflverse,-3,G013551
2025,2025-11-16,11,REG,BUF,TB,44,32,False,False,nflverse,12,G013552
2025,2025-11-16,11,REG,JAX,LAC,35,6,False,False,nflverse,29,G013553
2025,2025-11-16,11,REG,MIN,CHI,17,19,False,False,nflverse,-2,G013554
2025,2025-11-16,11,REG,NYG,GB,20,27,False,False,nflverse,-7,G013555
2025,2025-11-16,11,REG,PIT,CIN,34,12,False,False,nflverse,22,G013556
2025,2025-11-16,11,REG,TEN,HOU,13,16,False,False,nflverse,-3,G013557
2025,2025-11-16,11,REG,ARI,SF,22,41,False,False,nflverse,-19,G013558
2025,2025-11-16,11,REG,LAR,SEA,21,19,False,False,nflverse,2,G013559
2025,2025-11-16,11,REG,CLE,BAL,16,23,False,False,nflverse,-7,G013560
2025,2025-11-16,11,REG,DEN,KC,22,19,False,False,nflverse,3,G013561
2025,2025-11-16,11,REG,PHI,DET,16,9,False,False,nflverse,7,G013562
2025,2025-11-17,11,REG,OAK,DAL,16,33,False,False,nflverse,-17,G013563
2025,2025-11-20,12,REG,HOU,BUF,23,19,False,False,nflverse,4,G013564
2025,2025-11-23,12,REG,BAL,NYJ,23,10,False,False,nflverse,13,G013565
2025,2025-11-23,12,REG,CHI,PIT,31,28,False,False,nflverse,3,G013566
2025,2025-11-23,12,REG,CIN,NE,20,26,False,False,nflverse,-6,G013567
2025,2025-11-23,12,REG,DET,NYG,34,27,False,True,nflverse,7,G013568
2025,2025-11-23,12,REG,GB,MIN,23,6,False,False,nflverse,17,G013569
2025,2025-11-23,12,REG,KC,IND,23,20,False,True,nflverse,3,G013570
2025,2025-11-23,12,REG,TEN,SEA,24,30,False,False,nflverse,-6,G013571
2025,2025-11-23,12,REG,ARI,JAX,24,27,False,True,nflverse,-3,G013572
2025,2025-11-23,12,REG,OAK,CLE,10,24,False,False,nflverse,-14,G013573
2025,2025-11-23,12,REG,DAL,PHI,24,21,False,False,nflverse,3,G013574
2025,2025-11-23,12,REG,NO,ATL,10,24,False,False,nflverse,-14,G013575
2025,2025-11-23,12,REG,LAR,TB,34,7,False,False,nflverse,27,G013576
2025,2025-11-24,12,REG,SF,CAR,20,9,False,False,nflverse,11,G013577
2025,2025-11-27,13,REG,DET,GB,24,31,False,False,nflverse,-7,G013578
2025,2025-11-27,13,REG,DAL,KC,31,28,False,False,nflverse,3,G013579
2025,2025-11-27,13,REG,BAL,CIN,14,32,False,False,nflverse,-18,G013580
2025,2025-11-28,13,REG,PHI,CHI,15,24,False,False,nflverse,-9,G013581
2025,2025-11-30,13,REG,CAR,LAR,31,28,False,False,nflverse,3,G013582
2025,2025-11-30,13,REG,CLE,SF,8,26,False,False,nflverse,-18,G013583
2025,2025-11-30,13,REG,IND,HOU,16,20,False,False,nflverse,-4,G013584
2025,2025-11-30,13,REG,MIA,NO,21,17,False,False,nflverse,4,G013585
2025,2025-11-30,13,REG,NYJ,ATL,27,24,False,False,nflverse,3,G013586
2025,2025-11-30,13,REG,TB,ARI,20,17,False,False,nflverse,3,G013587
2025,2025-11-30,13,REG,TEN,JAX,3,25,False,False,nflverse,-22,G013588
2025,2025-11-30,13,REG,SEA,MIN,26,0,False,False,nflverse,26,G013589
2025,2025-11-30,13,REG,LAC,OAK,31,14,False,False,nflverse,17,G013590
2025,2025-11-30,13,REG,PIT,BUF,7,26,False,False,nflverse,-19,G013591
2025,2025-11-30,13,REG,WSH,DEN,26,27,False,True,nflverse,-1,G013592
2025,2025-12-01,13,REG,NE,NYG,33,15,False,False,nflverse,18,G013593
2025,2025-12-04,14,REG,DET,DAL,44,30,False,False,nflverse,14,G013594
2025,2025-12-07,14,REG,ATL,SEA,9,37,False,False,nflverse,-28,G013595
2025,2025-12-07,14,REG,BAL,PIT,22,27,False,False,nflverse,-5,G013596
2025,2025-12-07,14,REG,BUF,CIN,39,34,False,False,nflverse,5,G013597
2025,2025-12-07,14,REG,CLE,TEN,29,31,False,False,nflverse,-2,G013598
2025,2025-12-07,14,REG,JAX,IND,36,19,False,False,nflverse,17,G013599
2025,2025-12-07,14,REG,MIN,WSH,31,0,False,False,nflverse,31,G013600
2025,2025-12-07,14,REG,NYJ,MIA,10,34,False,False,nflverse,-24,G013601
2025,2025-12-07,14,REG,TB,NO,20,24,False,False,nflverse,-4,G013602
2025,2025-12-07,14,REG,OAK,DEN,17,24,False,False,nflverse,-7,G013603
2025,2025-12-07,14,REG,ARI,LAR,17,45,False,False,nflverse,-28,G013604
2025,2025-12-07,14,REG,GB,CHI,28,21,False,False,nflverse,7,G013605
2025,2025-12-07,14,REG,KC,HOU,10,20,False,False,nflverse,-10,G013606
2025,2025-12-08,14,REG,LAC,PHI,22,19,False,True,nflverse,3,G013607
2025,2025-12-11,15,REG,TB,ATL,28,29,False,False,nflverse,-1,G013608
2025,2025-12-14,15,REG,CHI,CLE,31,3,False,False,nflverse,28,G013609
2025,2025-12-14,15,REG,CIN,BAL,0,24,False,False,nflverse,-24,G013610
2025,2025-12-14,15,REG,HOU,ARI,40,20,False,False,nflverse,20,G013611
2025,2025-12-14,15,REG,JAX,NYJ,48,20,False,False,nflverse,28,G013612
2025,2025-12-14,15,REG,KC,LAC,13,16,False,False,nflverse,-3,G013613
2025,2025-12-14,15,REG,NE,BUF,31,35,False,False,nflverse,-4,G013614
2025,2025-12-14,15,REG,NYG,WSH,21,29,False,False,nflverse,-8,G013615
2025,2025-12-14,15,REG,PHI,OAK,31,0,False,False,nflverse,31,G013616
2025,2025-12-14,15,REG,DEN,GB,34,26,False,False,nflverse,8,G013617
2025,2025-12-14,15,REG,LAR,DET,41,34,False,False,nflverse,7,G013618
2025,2025-12-14,15,REG,NO,CAR,20,17,False,False,nflverse,3,G013619
2025,2025-12-14,15,REG,SEA,IND,18,16,False,False,nflverse,2,G013620
2025,2025-12-14,15,REG,SF,TEN,37,24,False,False,nflverse,13,G013621
2025,2025-12-14,15,REG,DAL,MIN,26,34,False,False,nflverse,-8,G013622
2025,2025-12-15,15,REG,PIT,MIA,28,15,False,False,nflverse,13,G013623
2025,2025-12-18,16,REG,SEA,LAR,38,37,False,True,nflverse,1,G013624
2025,2025-12-20,16,REG,WSH,PHI,18,29,False,False,nflverse,-11,G013625
2025,2025-12-20,16,REG,CHI,GB,22,16,False,True,nflverse,6,G013626
2025,2025-12-21,16,REG,CAR,TB,23,20,False,False,nflverse,3,G013627
2025,2025-12-21,16,REG,CLE,BUF,20,23,False,False,nflverse,-3,G013628
2025,2025-12-21,16,REG,DAL,LAC,17,34,False,False,nflverse,-17,G013629
2025,2025-12-21,16,REG,MIA,CIN,21,45,False,False,nflverse,-24,G013630
2025,2025-12-21,16,REG,NO,NYJ,29,6,False,False,nflverse,23,G013631
2025,2025-12-21,16,REG,NYG,MIN,13,16,False,False,nflverse,-3,G013632
2025,2025-12-21,16,REG,TEN,KC,26,9,False,False,nflverse,17,G013633
2025,2025-12-21,16,REG,ARI,ATL,19,26,False,False,nflverse,-7,G013634
2025,2025-12-21,16,REG,DEN,JAX,20,34,False,False,nflverse,-14,G013635
2025,2025-12-21,16,REG,DET,PIT,24,29,False,False,nflverse,-5,G013636
2025,2025-12-21,16,REG,HOU,OAK,23,21,False,False,nflverse,2,G013637
2025,2025-12-21,16,REG,BAL,NE,24,28,False,False,nflverse,-4,G013638
2025,2025-12-22,16,REG,IND,SF,27,48,False,False,nflverse,-21,G013639
2025,2025-12-25,17,REG,WSH,DAL,23,30,False,False,nflverse,-7,G013640
2025,2025-12-25,17,REG,MIN,DET,23,10,False,False,nflverse,13,G013641
2025,2025-12-25,17,REG,KC,DEN,13,20,False,False,nflverse,-7,G013642
2025,2025-12-27,17,REG,LAC,HOU,16,20,False,False,nflverse,-4,G013643
2025,2025-12-27,17,REG,GB,BAL,24,41,False,False,nflverse,-17,G013644
2025,2025-12-28,17,REG,CAR,SEA,10,27,False,False,nflverse,-17,G013645
2025,2025-12-28,17,REG,CIN,ARI,37,14,False,False,nflverse,23,G013646
2025,2025-12-28,17,REG,CLE,PIT,13,6,False,False,nflverse,7,G013647
2025,2025-12-28,17,REG,IND,JAX,17,23,False,False,nflverse,-6,G013648
2025,2025-12-28,17,REG,MIA,TB,20,17,False,False,nflverse,3,G013649
2025,2025-12-28,17,REG,NYJ,NE,10,42,False,False,nflverse,-32,G013650
2025,2025-12-28,17,REG,TEN,NO,26,34,False,False,nflverse,-8,G013651
2025,2025-12-28,17,REG,OAK,NYG,10,34,False,False,nflverse,-24,G013652
2025,2025-12-28,17,REG,BUF,PHI,12,13,False,False,nflverse,-1,G013653
2025,2025-12-28,17,REG,SF,CHI,42,38,False,False,nflverse,4,G013654
2025,2025-12-29,17,REG,ATL,LAR,27,24,False,False,nflverse,3,G013655
2025,2026-01-03,18,REG,TB,CAR,16,14,False,False,nflverse,2,G013656
2025,2026-01-03,18,REG,SF,SEA,3,13,False,False,nflverse,-10,G013657
2025,2026-01-04,18,REG,ATL,NO,19,17,False,False,nflverse,2,G013658
2025,2026-01-04,18,REG,CIN,CLE,18,20,False,False,nflverse,-2,G013659
2025,2026-01-04,18,REG,HOU,IND,38,30,False,False,nflverse,8,G013660
2025,2026-01-04,18,REG,JAX,TEN,41,7,False,False,nflverse,34,G013661
2025,2026-01-04,18,REG,MIN,GB,16,3,False,False,nflverse,13,G013662
2025,2026-01-04,18,REG,NYG,DAL,34,17,False,False,nflverse,17,G013663
2025,2026-01-04,18,REG,BUF,NYJ,35,8,False,False,nflverse,27,G013664
2025,2026-01-04,18,REG,CHI,DET,16,19,False,False,nflverse,-3,G013665
2025,2026-01-04,18,REG,DEN,LAC,19,3,False,False,nflverse,16,G013666
2025,2026-01-04,18,REG,LAR,ARI,37,20,False,False,nflverse,17,G013667
2025,2026-01-04,18,REG,OAK,KC,14,12,False,False,nflverse,2,G013668
2025,2026-01-04,18,REG,NE,MIA,38,10,False,False,nflverse,28,G013669
2025,2026-01-04,18,REG,PHI,WSH,17,24,False,False,nflverse,-7,G013670
2025,2026-01-04,18,REG,PIT,BAL,26,24,False,False,nflverse,2,G013671
2025,2026-01-10,19,WC,CAR,LAR,31,34,False,False,nflverse,-3,G013672
2025,2026-01-10,19,WC,CHI,GB,31,27,False,False,nflverse,4,G013673
2025,2026-01-11,19,WC,JAX,BUF,24,27,False,False,nflverse,-3,G013674
2025,2026-01-11,19,WC,PHI,SF,19,23,False,False,nflverse,-4,G013675
2025,2026-01-11,19,WC,NE,LAC,16,3,False,False,nflverse,13,G013676
2025,2026-01-12,19,WC,PIT,HOU,6,30,False,False,nflverse,-24,G013677
2025,2026-01-17,20,DIV,DEN,BUF,33,30,False,True,nflverse,3,G013678
2025,2026-01-17,20,DIV,SEA,SF,41,6,False,False,nflverse,35,G013679
2025,2026-01-18,20,DIV,NE,HOU,28,16,False,False,nflverse,12,G013680
2025,2026-01-18,20,DIV,CHI,LAR,17,20,False,True,nflverse,-3,G013681
2025,2026-01-25,21,CON,DEN,NE,7,10,False,False,nflverse,-3,G013682
2025,2026-01-25,21,CON,SEA,LAR,31,27,False,False,nflverse,4,G013683
2025,2026-02-08,22,SB,NE,SEA,13,29,True,False,nflverse,-16,G013684
