season,franchise,massey_rating,bt_rating,bayes_rating,bayes_rating_se,elo_rating,massey_rating_z,bt_rating_z,bayes_rating_z,elo_rating_z,massey_rating_display,bt_rating_display,bayes_rating_display,elo_rating_display,wins,losses,ties,win_pct,point_diff,point_diff_per_game,win_pct_z,residual
1970,ARI,5.378864727373958,0.3835138379226998,3.6851194162537095,3.0642797640150787,1518.9840464706406,0.8309584288573852,0.6421532383566303,0.7926688673329321,0.3936450721252909,58.30958428857385,56.4215323835663,57.92668867332932,53.93645072125291,8,5,1,0.6071428571428571,97,6.928571428571429,0.5309686533528823,0.2617002139800497
1970,ATL,-2.391382470054654,-0.4779204053134364,-2.2797673651221126,3.0527135906976928,1465.4355599191067,-0.3694347266256427,-0.8002270207798714,-0.4903777628272966,-0.7167134535651201,46.30565273374357,41.99772979220128,45.09622237172704,42.8328654643488,4,8,2,0.35714285714285715,-55,-3.9285714285714284,-0.70795820447051,0.21758044164321344
1970,BUF,-11.424437721917329,-0.907507299297592,-7.742676574722484,3.0634812671391622,1438.6194350870471,-1.7649138435608531,-1.519524704069969,-1.665449060766056,-1.2727611544576638,32.350861564391465,34.80475295930031,33.34550939233944,37.27238845542336,3,10,1,0.25,-133,-9.5,-1.2389268578233927,-0.4265222029426632
1970,CHI,1.7291576294801818,-0.0508548151425915,0.6412032787895242,3.051843576868801,1486.2994797257293,0.2671303666974922,-0.0851509932646162,0.1379227697443122,-0.2840881315719478,52.67130366697492,49.14849006735384,51.37922769744312,47.15911868428052,6,8,0,0.42857142857142855,-5,-0.35714285714285715,-0.35397910223525514,0.49190187197956736
1970,CIN,-0.2440981353984891,-0.0207035815147814,0.4926667791738413,2.9812494670681287,1513.052352007463,-0.037709705180999,-0.0346659510053377,0.105972581539107,0.2706479914768715,49.62290294819001,49.65334048994662,51.05972581539107,52.70647991476872,8,6,0,0.5714285714285714,57,4.071428571428571,0.35397910223525486,-0.24800652069614787
1970,CLE,0.7633342250271471,0.0295968912885756,0.9335036437935428,3.0536759496295725,1497.3287849898866,0.1179243279894308,0.0495568548170058,0.2007965529456939,-0.0553891725320233,51.17924327989431,50.495568548170056,52.00796552945694,49.446108274679766,7,7,0,0.5,21,1.5,0.0,0.2007965529456939
1970,DAL,7.379007765762063,0.7453915952074095,5.153884341382847,2.863666694021416,1561.5509507730176,1.1399522037353136,1.248079154845853,1.1086000755443668,1.276294202813715,61.39952203735314,62.48079154845853,61.08600075544366,62.76294202813715,10,4,0,0.7142857142857143,78,5.571428571428571,1.0619373067057651,0.046662768838601654
1970,DEN,-2.339424804894428,-0.3438814823530844,-1.4287397307126126,3.050973128306412,1466.7851625188457,-0.3614080031445861,-0.5757930631656126,-0.3073217923583169,-0.6887286709985394,46.38591996855414,44.24206936834388,46.92678207641683,43.11271329001461,5,8,1,0.39285714285714285,-11,-0.7857142857142857,-0.5309686533528826,0.22364686099456565
1970,DET,11.538318535495256,0.763992103436198,7.849071298750855,2.9820344999805246,1548.6980585602314,1.7825068165624094,1.2792237327283416,1.6883345566915866,1.009782124372196,67.82506816562409,62.79223732728342,66.88334556691586,60.09782124372196,10,4,0,0.7142857142857143,145,10.357142857142858,1.0619373067057651,0.6263972499858215
1970,GB,-1.547434967057702,-0.1710800837815946,-2.223950380476206,3.053178714379423,1483.0438653390502,-0.239056788775765,-0.2864554520737206,-0.4783715342632874,-0.351595159751551,47.60943211224235,47.13544547926279,45.216284657367126,46.48404840248449,6,8,0,0.42857142857142855,-97,-6.928571428571429,-0.35397910223525514,-0.12439243202803224
1970,IND,2.4932193396662465,0.8369833117383677,2.953100452801332,2.8652786437342423,1595.7339111029144,0.3851670808418668,1.401439768104486,0.635211651681586,1.985097455340948,53.85167080841867,64.01439768104487,56.35211651681586,69.85097455340949,11,2,1,0.8214285714285714,87,6.214285714285714,1.5929059600586475,-0.9576943083770615
1970,KC,1.732715263167865,0.2714802564553605,1.534175162214361,3.0515348763144865,1517.309216823724,0.2676799707216504,0.4545648907402299,0.3300009445444388,0.3589165205397445,52.6767997072165,54.545648907402295,53.30000944544439,53.58916520539744,7,5,2,0.5714285714285714,28,2.0,0.35397910223525486,-0.02397815769081607
1970,LAC,-0.2985238144754333,0.0573104384863307,0.0087686756250744,3.051202147287361,1494.5367438289047,-0.0461177018619927,0.0959602497395503,0.0018861413676531,-0.1132837444764838,49.53882298138007,50.9596024973955,50.01886141367653,48.86716255523516,5,6,3,0.4642857142857143,4,0.2857142857142857,-0.17698955111762743,0.17887569248528054
1970,LAR,9.137278930357674,0.6491673471016884,6.547028986452898,3.051421630100337,1541.769198488089,1.4115801993236912,1.0869618588854004,1.4082653680632318,0.8661082439346005,64.11580199323691,60.869618588854,64.08265368063232,58.661082439346,9,4,1,0.6785714285714286,123,8.785714285714286,0.8849477555881378,0.523317612475094
1970,MIA,-0.9188433538307392,0.2715156471698937,0.5296888803983301,2.9969121927256555,1539.689318252528,-0.1419482861838031,0.4546241487374597,0.1139360323066629,0.8229807364979981,48.580517138161966,54.546241487374594,51.13936032306663,58.22980736497998,10,4,0,0.7142857142857143,69,4.928571428571429,1.0619373067057651,-0.9480012743991022
1970,MIN,12.889757780891248,1.0243871322792664,9.219801773906672,2.9830148330973025,1571.1201461460687,1.9912850418885413,1.7152275857555372,1.9831785632027965,1.4747169473340302,69.91285041888541,67.15227585755537,69.83178563202796,64.7471694733403,12,2,0,0.8571428571428571,192,13.714285714285714,1.7698955111762749,0.21328305202652165
1970,NE,-14.221858258420976,-1.0787237967764087,-10.147012004289683,3.064555929374745,1416.9409354696195,-2.197075701440728,-1.8062085664088887,-2.1826214034688465,-1.7222772551829717,28.02924298559272,31.937914335911117,28.17378596531153,32.77722744817029,2,12,0,0.14285714285714285,-212,-15.142857142857142,-1.7698955111762753,-0.4127258922925712
1970,NO,-8.498404661664715,-1.0180009129916394,-7.271333325427903,3.051804059132506,1423.8451101585522,-1.3128831720776293,-1.7045345390101634,-1.5640631686575226,-1.5791152402988595,36.87116827922371,32.95465460989837,34.359368313424774,34.208847597011406,2,11,1,0.17857142857142858,-175,-12.5,-1.5929059600586475,0.02884279140112489
1970,NYG,1.7991414103804024,0.3147050741946076,1.2225910237260509,3.06508876982216,1534.8757413855792,0.2779418697877992,0.5269402627450003,0.2629792233364137,0.7231684643408942,52.77941869787799,55.269402627450006,52.629792233364135,57.23168464340894,9,5,0,0.6428571428571429,31,2.2142857142857144,0.7079582044705103,-0.44497898113409656
1970,NYJ,-4.331874688834714,-0.4859773371383075,-2.446745109372928,3.0649678547531134,1454.318661331503,-0.6692132946051152,-0.8137174984392522,-0.5262946611566477,-0.9472287103147576,43.30786705394885,41.86282501560748,44.73705338843352,40.52771289685242,4,10,0,0.2857142857142857,-31,-2.2142857142857144,-1.0619373067057651,0.5356426455491174
1970,OAK,0.973551212590603,0.3330667181554342,0.917177093264409,2.9216856597067427,1538.6717431270183,0.1503998756297865,0.5576848877495688,0.197284713340632,0.801880733698614,51.50399875629787,55.57684887749569,51.97284713340632,58.01880733698614,8,4,2,0.6428571428571429,7,0.5,0.7079582044705103,-0.5106734911298783
1970,PHI,-4.581521981164848,-0.6473766101849909,-3.940413851423218,3.0630171265863946,1448.0625387193095,-0.7077802659489786,-1.0839634598802157,-0.8475826782313418,-1.0769529943713865,42.922197340510216,39.16036540119784,41.52417321768658,39.23047005628614,3,10,1,0.25,-91,-6.5,-1.2389268578233927,0.3913441795920509
1970,PIT,-7.065469213927431,-0.6013870641722234,-4.660118089754422,3.051073578012997,1459.5537739991876,-1.0915149375789803,-1.0069588436645096,-1.002390997575485,-0.8386756519959356,39.08485062421019,39.9304115633549,39.97609002424515,41.61324348004064,5,9,0,0.35714285714285715,-62,-4.428571428571429,-0.70795820447051,-0.29443279310497494
1970,SF,6.3488340132952805,0.7644808831959278,4.318855514157018,2.917813069450663,1559.630559513519,0.9808049475413764,1.2800421425861286,0.92898544711522,1.236473790604802,59.80804947541377,62.80042142586129,59.2898544711522,62.36473790604802,10,3,1,0.75,85,6.071428571428571,1.2389268578233927,-0.3099414107081727
1970,TEN,-7.022615508038058,-0.6707302444743042,-5.078222774059187,3.053275891321337,1438.6635985941675,-1.084894646881703,-1.123066643138238,-1.0923252789647624,-1.2718453988534724,39.151053531182974,38.76933356861762,39.07674721035238,37.28154601146528,3,10,1,0.25,-135,-9.642857142857142,-1.2389268578233927,0.14660157885863034
1970,WSH,2.7227087461916284,0.0285523965091948,1.2123428846702806,3.0625754092676525,1485.4811076682963,0.4206199442900328,0.0478079591092031,0.2607748495129282,-0.3010575447090116,54.20619944290033,50.47807959109203,52.607748495129286,46.98942455290988,6,8,0,0.42857142857142855,-17,-1.2142857142857142,-0.35397910223525514,0.6147539517481833
1971,ARI,-3.754307681308739,-0.4190550406086995,-2.434471608494706,2.817048039522567,1455.3925805090594,-0.6691443833545954,-0.7748198211537695,-0.6344966327673742,-1.0028434084406384,43.308556166454046,42.2518017884623,43.655033672326255,39.971565915593615,4,9,1,0.32142857142857145,-48,-3.4285714285714284,-0.9705817768262736,0.33608514405889933
1971,ATL,1.0756279115542302,0.0781170870124912,0.2736525168078795,2.8077071414838746,1510.5356071934716,0.1917132096496265,0.1444360800436947,0.0713220888906875,0.2368566563245951,51.91713209649627,51.44436080043695,50.71322088890688,52.36856656324595,7,6,1,0.5357142857142857,-3,-0.21428571428571427,0.19411635536525465,-0.12279426647456715
1971,BUF,-11.925641500000422,-1.201760986416638,-8.065620164309367,2.8183296694458027,1400.0196085482685,-2.125551953920825,-2.222018929094315,-2.102143568886913,-2.2477129967369343,28.74448046079175,27.77981070905685,28.978564311130874,27.522870032630657,1,13,0,0.07142857142857142,-210,-15.0,-2.329396264383057,0.2272526954961438
1971,CHI,-3.27580798916435,-0.2401303072158841,-2.897015556173318,2.8090039102503472,1478.9588536252238,-0.5838595829027301,-0.4439935179406323,-0.7550495183647853,-0.4730373374829349,44.1614041709727,45.56006482059368,42.44950481635215,45.26962662517065,6,8,0,0.42857142857142855,-91,-6.5,-0.3882327107305096,-0.3668168076342757
1971,CIN,-0.917926564031704,-0.5101204918485018,-0.0592953389002913,2.80780453464996,1446.4476059608992,-0.1636055051406124,-0.9431970265452612,-0.0154541514223286,-1.2039401960751157,48.36394494859388,40.56802973454739,49.84545848577671,37.96059803924884,4,10,0,0.2857142857142857,19,1.3571428571428572,-1.1646981321915284,1.1492439807691999
1971,CLE,-0.8922637185915999,0.0388678869004135,-0.4251471724404829,2.754626129930967,1523.8879569351732,-0.1590315196431966,0.0718655218490125,-0.1108061594979348,0.537038018045798,48.409684803568034,50.71865521849013,48.89193840502065,55.37038018045798,9,5,0,0.6428571428571429,12,0.8571428571428571,0.7764654214610192,-0.887271580958954
1971,DAL,10.697110467344608,1.0809221583342776,7.676277106012288,2.648886415985688,1597.5945503961025,1.9065862457101723,1.998591669927582,2.000669040032743,2.194075619737116,69.06586245710173,69.98591669927582,70.00669040032743,71.94075619737116,11,3,0,0.7857142857142857,184,13.142857142857142,1.5529308429220379,0.4477381971107053
1971,DEN,-4.67113908389051,-0.5051161615691697,-3.0761643601839137,2.808745482364408,1458.834456928775,-0.8325546937495192,-0.9339441744941458,-0.8017410930425896,-0.9254647319879468,41.67445306250481,40.66055825505854,41.9825890695741,40.74535268012053,4,9,1,0.32142857142857145,-72,-5.142857142857143,-0.9705817768262736,0.168840683783684
1971,DET,4.112221845501149,0.2371393179893263,2.532160158488081,2.807267911023809,1506.4526061461418,0.7329367714651289,0.4384632712832288,0.6599572114877993,0.1450645120199344,57.32936771465129,54.384632712832286,56.599572114878,51.45064512019935,7,6,1,0.5357142857142857,55,3.9285714285714284,0.19411635536525465,0.46584085612254467
1971,GB,-1.1234916158144004,-0.3723069914765073,-1.014984274508269,2.808572494650192,1469.3825185909725,-0.2002441377436913,-0.6883841228376738,-0.2645354754765605,-0.6883280800480476,47.99755862256309,43.11615877162326,47.3546452452344,43.11671919951952,4,8,2,0.35714285714285715,-24,-1.7142857142857142,-0.7764654214610189,0.5119299459844584
1971,IND,8.79416620754945,0.7589573112456265,6.3553428588472665,2.7154543278023766,1553.234708598922,1.5674173305947994,1.4032886164750602,1.6563937858014783,1.196798138693706,65.67417330594799,64.03288616475061,66.56393785801478,61.96798138693706,10,4,0,0.7142857142857143,173,12.357142857142858,1.1646981321915284,0.49169565360994993
1971,KC,4.898091796821255,0.5662761094391605,3.647944769048828,2.7483502250103924,1547.559251679857,0.8730053296685644,1.0470270282442562,0.95076429086557,1.0692051367643054,58.73005329668564,60.47027028244256,59.5076429086557,60.69205136764305,10,3,1,0.75,94,6.714285714285714,1.3588144875567831,-0.4080501966912131
1971,LAC,-3.384037316117698,-0.2979694298224829,-1.7103480135544191,2.8080402499610506,1481.3223913355598,-0.6031497030507503,-0.5509362683932694,-0.4457682117441735,-0.4199013739938854,43.9685029694925,44.49063731606731,45.542317882558265,45.80098626006114,6,8,0,0.42857142857142855,-30,-2.142857142857143,-0.3882327107305096,-0.05753550101366395
1971,LAR,6.363291104719526,0.5020453567813289,3.521619192211663,2.8082823718362,1529.9459218565446,1.1341533150231886,0.9282663513302556,0.9178400403399546,0.6732303882678808,61.34153315023188,59.28266351330256,59.17840040339955,56.732303882678806,8,5,1,0.6071428571428571,53,3.7857142857142856,0.582349066095764,0.3354909742441906
1971,MIA,6.950374879946072,0.7166933393034964,5.024036845065283,2.657283536638212,1566.8757835244794,1.2387914651426564,1.3251438383240028,1.309415336769605,1.5034704866854651,62.38791465142656,63.25143838324003,63.09415336769605,65.03470486685465,10,3,1,0.75,141,10.071428571428571,1.3588144875567831,-0.04939915078717805
1971,MIN,6.1286909789429,0.6812609122423655,4.063635406668308,2.748192980682658,1555.1359176803703,1.0923396519397763,1.2596303755610412,1.0591057925377,1.2395402434187988,60.92339651939776,62.596303755610414,60.591057925377,62.39540243418799,11,3,0,0.7857142857142857,106,7.571428571428571,1.5529308429220379,-0.49382505038433777
1971,NE,-4.388155185384041,-0.1864430597302223,-3.0321398650407447,2.8170643244749902,1483.6604076585827,-0.7821174088119721,-0.344727456292369,-0.7902669834944827,-0.3673391705504358,42.17882591188028,46.55272543707631,42.097330165055176,46.32660829449564,6,8,0,0.42857142857142855,-87,-6.214285714285714,-0.3882327107305096,-0.4020342727639731
1971,NO,-2.8962730289503864,-0.3044165497407557,-2.66782902752954,2.809014278779151,1467.3152298336445,-0.5162136389705715,-0.5628567939041355,-0.6953166054021913,-0.7348039113624073,44.837863610294285,44.37143206095865,43.046833945978086,42.651960886375925,4,8,2,0.35714285714285715,-81,-5.785714285714286,-0.7764654214610189,0.08114881605882762
1971,NYG,-7.808739829999709,-0.6964422786736184,-5.483301488489692,2.815170714995259,1446.5040200913684,-1.3917810797276329,-1.2877002529834605,-1.4291135368985777,-1.2026719196419666,36.08218920272367,37.122997470165394,35.70886463101422,37.97328080358034,4,10,0,0.2857142857142857,-134,-9.571428571428571,-1.1646981321915284,-0.2644154047070493
1971,NYJ,-4.32051928448838,-0.2237083057808529,-2.9062868938027537,2.8181716084405,1484.817316721664,-0.7700624077200844,-0.4136297447322361,-0.7574659082239235,-0.3413300751731103,42.29937592279916,45.86370255267764,42.42534091776077,46.5866992482689,6,8,0,0.42857142857142855,-87,-6.214285714285714,-0.3882327107305096,-0.3692331974934139
1971,OAK,3.155950175057612,0.3676923850435085,2.4277228014660475,2.807954533968828,1528.4789497490654,0.5624968737380072,0.6798518581358398,0.6327376903669193,0.640250598691606,55.62496873738007,56.7985185813584,56.32737690366919,56.40250598691606,8,4,2,0.6428571428571429,66,4.714285714285714,0.7764654214610192,-0.14372773109409986
1971,PHI,-3.6614414840308656,-0.1779744946223459,-2.722927798288365,2.8153035672611626,1501.053859810139,-0.6525924916113148,-0.329069341089214,-0.7096770047570692,0.0236923896535449,43.47407508388685,46.70930658910786,42.90322995242931,50.23692389653545,6,7,1,0.4642857142857143,-81,-5.785714285714286,-0.19411635536525465,-0.5155606493918146
1971,PIT,-3.92762183980372,-0.30654985547569,-2.341315992686418,2.8081687225233587,1479.6077658906154,-0.7000348179053185,-0.5668012102882152,-0.6102174732374437,-0.4584487915542384,42.999651820946816,44.33198789711785,43.89782526762557,45.41551208445762,6,8,0,0.42857142857142855,-46,-3.2857142857142856,-0.3882327107305096,-0.2219847625069341
1971,SF,6.11231051023263,0.4959390190128237,3.7419509769094814,2.6935971962048177,1536.4307302455163,1.0894200993711995,0.9169759214840352,0.9752651403060348,0.8190188562423977,60.894200993712,59.169759214840354,59.75265140306035,58.19018856242398,9,5,0,0.6428571428571429,84,6.0,0.7764654214610192,0.19879971884501568
1971,TEN,-6.616262480934603,-0.6126192685224918,-4.009024281918322,2.8083435259803093,1460.745254030901,-1.1792413551927663,-1.132714097371237,-1.0448724884216885,-0.8825070738090484,38.207586448072334,38.672859026287625,39.55127511578311,41.17492926190952,4,9,1,0.32142857142857145,-79,-5.642857142857143,-0.9705817768262736,-0.0742907115954149
1971,WSH,5.2757927248417245,0.530702338199042,3.581529204795564,2.755895957727033,1529.8061464586835,0.9403243871424612,0.9812522244619256,0.9334543942395428,0.6700880223115717,59.40324387142461,59.81252224461926,59.33454394239543,56.70088022311572,9,4,1,0.6785714285714286,86,6.142857142857143,0.9705817768262739,-0.037127382586731095
1972,ARI,-5.5860573264465,-0.4846605338596683,-4.695566961796998,3.08382939886642,1460.6934688478636,-0.8214300925568314,-0.7229010916705432,-0.8686092334709444,-0.7293023888172614,41.78569907443169,42.770989083294566,41.31390766529056,42.70697611182739,4,9,1,0.32142857142857145,-110,-7.857142857142857,-0.8006407690254356,-0.06796846444550886
1972,ATL,-1.3278089813607856,-0.1080075667618415,-0.814426457413973,3.06858659742165,1495.061059914659,-0.1952543969237813,-0.1610999503075316,-0.1506566399006431,-0.0916382264444315,48.04745603076218,48.38900049692468,48.49343360099357,49.08361773555568,7,7,0,0.5,-5,-0.35714285714285715,0.0,-0.1506566399006431
1972,BUF,-6.449908484820448,-0.5182532756630245,-5.085509675194273,3.084773662628099,1465.6693090531064,-0.9484594614856028,-0.7730067388716092,-0.9407427679593896,-0.6369795090899494,40.51540538514397,42.26993261128391,40.592572320406106,43.630204909100506,4,9,1,0.32142857142857145,-120,-8.571428571428571,-0.8006407690254356,-0.14010199893395403
1972,CHI,-1.5769824653445166,-0.4167912115820396,-1.6733406361274177,3.070467146689283,1458.0688367176876,-0.2318953739224309,-0.6216698096952634,-0.3095428388324315,-0.7780004149772182,47.68104626077569,43.78330190304737,46.904571611675685,42.21999585022782,4,9,1,0.32142857142857145,-50,-3.5714285714285716,-0.8006407690254356,0.4910979301930041
1972,CIN,3.1667698159812336,0.2469260535223803,2.5951289978666927,3.068371199131155,1512.8401347152576,0.4656737070585018,0.3683054451157614,0.4800598155526126,0.2382388027152033,54.65673707058502,53.683054451157616,54.80059815552613,52.38238802715203,8,6,0,0.5714285714285714,70,5.0,0.32025630761017415,0.15980350794243847
1972,CLE,0.8491403215934489,0.3465095792043186,0.7110692006158883,2.9974873385613674,1546.829331487053,0.1248661394250239,0.5168404183568855,0.1315371026154831,0.8688821506032817,51.24866139425024,55.16840418356885,51.31537102615484,58.688821506032816,10,4,0,0.7142857142857143,19,1.3571428571428572,0.960768922830523,-0.8292318202150398
1972,DAL,5.056644721544187,0.5815545561274436,3.8407650026685,2.963123312963111,1550.6571744371597,0.7435799346311699,0.8674245046167391,0.7104837332855707,0.9399048261155274,57.4357993463117,58.67424504616739,57.10483733285571,59.39904826115527,10,4,0,0.7142857142857143,79,5.642857142857143,0.960768922830523,-0.25028518954495227
1972,DEN,-1.8515823012435024,-0.3724983679659093,-1.493775303374181,3.069010527992704,1468.0188214757254,-0.2722752976211526,-0.5556043004030125,-0.276325954202795,-0.5933861170467867,47.27724702378848,44.44395699596988,47.23674045797205,44.066138829532136,5,9,0,0.35714285714285715,-25,-1.7857142857142858,-0.6405126152203485,0.36418666101755354
1972,DET,4.14563568878462,0.3849573181077153,3.016021027243664,3.067897966229284,1524.7061726448387,0.6096159972120311,0.5741875933046544,0.5579185078011946,0.4584039903870591,56.09615997212031,55.74187593304654,55.579185078011946,54.58403990387059,8,5,1,0.6071428571428571,49,3.5,0.4803844614152612,0.07753404638593336
1972,GB,6.270610720496351,0.6006335386646089,4.572862235313007,3.003940349359398,1543.9026993180105,0.9220937135999352,0.8958819843175179,0.8459107054163616,0.8145807464979206,59.22093713599935,58.95881984317518,58.45910705416362,58.14580746497921,10,4,0,0.7142857142857143,78,5.571428571428571,0.960768922830523,-0.11485821741416136
1972,IND,-2.561081328315964,-0.375274104371074,-1.7065381531971733,3.083217051665061,1471.743122153582,-0.3766071756199517,-0.5597444825249267,-0.3156838799654204,-0.5242845885877724,46.23392824380048,44.40255517475073,46.8431612003458,44.75715411412227,5,9,0,0.35714285714285715,-17,-1.2142857142857142,-0.6405126152203485,0.3248287352549281
1972,KC,2.565909236127624,0.2827834284066889,2.010857634527188,3.070169299153065,1517.4017494475777,0.3773171197771326,0.4217889322936384,0.3719784048990354,0.3228760480693826,53.773171197771326,54.21788932293639,53.71978404899036,53.22876048069383,8,6,0,0.5714285714285714,33,2.357142857142857,0.32025630761017415,0.051722097288861235
1972,LAC,-2.8710376793140044,-0.408849062259373,-2.6563091211862067,3.0688695862401043,1456.9843714380545,-0.4221862771596889,-0.6098236039193491,-0.4913772177859486,-0.798121832356041,45.77813722840311,43.901763960806505,45.08622782214052,42.01878167643959,4,9,1,0.32142857142857145,-80,-5.714285714285714,-0.8006407690254356,0.30926355123948696
1972,LAR,-0.829397724714526,-0.1689190865352501,-0.5233503877942538,3.0709413204544327,1483.4948737586,-0.1219629892720906,-0.2519532405245942,-0.0968119468590683,-0.3062398955785034,48.78037010727909,47.48046759475406,49.031880531409314,46.937601044214965,6,7,1,0.4642857142857143,5,0.35714285714285715,-0.16012815380508708,0.06331620694601878
1972,MIA,9.99488694660011,1.536877690873545,8.557324722203894,2.879846585493456,1638.3855600111772,1.4697487744658624,2.292347907201948,1.582976311058906,2.567637401106065,64.69748774465862,72.92347907201948,65.82976311058906,75.67637401106066,14,0,0,1.0,214,15.285714285714286,2.24179415327122,-0.6588178422123139
1972,MIN,5.595461968862402,0.2436789014053808,3.941798534586341,3.0684062674589776,1501.1961379282925,0.8228130458347338,0.3634621173714831,0.7291734164331054,0.0221934172995888,58.22813045834734,53.634621173714834,57.291734164331054,50.22193417299589,7,7,0,0.5,49,3.5,0.0,0.7291734164331054
1972,NE,-15.32031324003845,-1.0470559460648017,-11.91127302648552,3.0836229839231764,1431.2479503600043,-2.252853056696063,-1.5617485509342943,-2.203406280301284,-1.2756412883258603,27.47146943303937,34.38251449065706,27.965937196987163,37.2435871167414,3,11,0,0.21428571428571427,-254,-18.142857142857142,-1.281025230440697,-0.9223810498605871
1972,NO,-9.670926702618573,-1.0160843824214816,-7.554246375580579,3.0698392722988896,1423.5160962465477,-1.4221103995536288,-1.5155525526956952,-1.3974219103101753,-1.419099881838099,35.77889600446371,34.84447447304305,36.02578089689825,35.80900118161901,2,11,1,0.17857142857142858,-146,-10.428571428571429,-1.4411533842457842,0.043731473935608944
1972,NYG,4.304740558901935,0.2974187295967647,3.38054825294643,3.081145903439086,1520.3435401718152,0.6330123786934664,0.4436183870730044,0.6253505594944355,0.3774587074824682,56.33012378693466,54.43618387073005,56.25350559494436,53.77458707482468,8,6,0,0.5714285714285714,84,6.0,0.32025630761017415,0.30509425188426137
1972,NYJ,0.2484134873383985,-0.0285935358773851,0.6615446841484183,3.084238910239772,1497.148324927964,0.0365292194426069,-0.0426490230922486,0.1223758122671999,-0.0529106329458794,50.36529219442607,49.57350976907751,51.223758122672,49.47089367054121,7,7,0,0.5,43,3.0714285714285716,0.0,0.1223758122671999
1972,OAK,7.381676686343781,0.6208901676597659,5.768428590923941,3.005477310911896,1553.487052475887,1.085476036019347,0.9260959963757064,1.0670724914498495,0.9924110319090926,60.85476036019347,59.26095996375707,60.67072491449849,59.92411031909093,10,3,1,0.75,117,8.357142857142858,1.12089707663561,-0.05382458518576039
1972,PHI,-12.621969280031466,-1.12560179068858,-9.969968770901897,3.080430636292232,1422.8283093328607,-1.85606140217348,-1.678904524771345,-1.844294203933183,-1.431861237888769,31.4393859782652,33.210954752286554,31.557057960668168,35.68138762111231,2,11,1,0.17857142857142858,-207,-14.785714285714286,-1.4411533842457842,-0.4031408196873989
1972,PIT,9.77560510236624,0.9191714601579258,7.9025701294702015,2.937961164812461,1567.6698029444854,1.4375033650332951,1.3710009492395905,1.461856563532541,1.255561035065395,64.37503365033295,63.71000949239591,64.61856563532541,62.55561035065395,11,3,0,0.7857142857142857,168,12.0,1.281025230440697,0.18083133309184385
1972,SF,4.866475217524643,0.2172811179387538,3.945106446572218,3.0017719657017032,1516.7739823116317,0.7156154967173841,0.3240881944862484,0.729785330376154,0.311228312732618,57.15615496717384,53.24088194486249,57.29785330376154,53.11228312732618,8,5,1,0.6071428571428571,104,7.428571428571429,0.4803844614152612,0.2494008689608928
1972,TEN,-11.513841422949245,-1.1549376118243246,-9.336727314345069,3.069390571544741,1398.8585074180207,-1.6931111288387637,-1.722660712128292,-1.727154062890162,-1.8766024369609555,33.06888871161237,32.773392878717075,32.72845937109838,31.233975630390447,1,13,0,0.07142857142857142,-216,-15.428571428571429,-1.921537845661046,0.19438378277088386
1972,WSH,7.958936464732991,0.9468439342094618,6.5170067243111465,2.8987605361387163,1572.4736104621384,1.1703621239129756,1.4122761517855278,1.2055481822289948,1.3446919808739326,61.70362123912976,64.12276151785528,62.05548182228995,63.44691980873933,11,3,0,0.7857142857142857,118,8.428571428571429,1.281025230440697,-0.0754770482117022
1973,ARI,-3.3949166521608505,-0.4091348914662371,-3.0178661886219955,3.194922140734977,1455.3934416235552,-0.4699122166487225,-0.6113156250874091,-0.520645860634027,-0.8297294154506482,45.30087783351277,43.88684374912591,44.79354139365973,41.70270584549352,4,9,1,0.32142857142857145,-79,-5.642857142857143,-0.7898103467777304,0.2691644861437035
1973,ATL,2.551499202623174,0.3368103085524493,2.0112140306855206,3.181330251969519,1533.295146285128,0.3531693908652979,0.5032506603647,0.3469770342612926,0.6193251232556756,53.53169390865298,55.032506603647,53.469770342612925,56.193251232556754,9,5,0,0.6428571428571429,94,6.714285714285714,0.6318482774221851,-0.28487124316089246
1973,BUF,0.6945974789943027,0.3214900418149419,0.8678127826732165,3.198390462035748,1534.647938827589,0.0961436979093655,0.4803596319227563,0.1497160923859299,0.6444885029544525,50.961436979093655,54.803596319227566,51.4971609238593,56.44488502954452,9,5,0,0.6428571428571429,29,2.0714285714285716,0.6318482774221851,-0.4821321850362552
1973,CHI,-7.67861473025448,-0.7461448354247406,-6.18863135485177,3.179047198908788,1429.7672526388774,-1.0628463783901037,-1.114864573976474,-1.0676700345566934,-1.3064037786024287,39.37153621609896,38.85135426023526,39.323299654433065,36.935962213975714,3,11,0,0.21428571428571427,-139,-9.928571428571429,-1.263696554844369,0.19602652028767564
1973,CIN,2.780540448757154,0.5499362669368204,2.247240381481108,3.1057188472845194,1548.227399937364,0.3848724606906789,0.8216963153054901,0.3876965807427053,0.897080918483605,53.84872460690679,58.216963153054905,53.876965807427055,58.97080918483605,10,4,0,0.7142857142857143,55,3.9285714285714284,0.9477724161332772,-0.5600758353905719
1973,CLE,-1.121206297673237,0.2347203771342697,-0.9161943153511783,3.184365074900504,1519.0825063146196,-0.155193364268542,0.3507113107717666,-0.1580629318895778,0.3549549076649611,48.44806635731458,53.507113107717664,48.41937068110422,53.54954907664961,7,5,2,0.5714285714285714,-21,-1.5,0.31592413871109243,-0.47398707060067025
1973,DAL,10.753261128960492,0.6656064861091976,8.397467901838423,3.0557436137245086,1552.5163464643838,1.4884279324195189,0.9945268751336896,1.4487411401416872,0.9768598842744836,64.88427932419519,59.9452687513369,64.48741140141686,59.76859884274484,10,4,0,0.7142857142857143,179,12.785714285714286,0.9477724161332772,0.50096872400841
1973,DEN,2.991303873619389,0.2260406937071387,2.5168432914942764,3.179244924636204,1517.965560307141,0.4140455798900709,0.3377424190676102,0.4342087951153838,0.3341785242898074,54.14045579890071,53.3774241906761,54.34208795115384,53.34178524289808,7,5,2,0.5714285714285714,58,4.142857142857143,0.31592413871109243,0.11828465640429137
1973,DET,1.4097811352720355,-0.0202479915560491,0.9971228846155508,3.1798246666673213,1495.1725567646772,0.1951368608250142,-0.0302538695013065,0.1720248248169002,-0.0897955771427709,51.95136860825014,49.69746130498694,51.720248248169,49.10204422857229,6,7,1,0.4642857142857143,24,1.7142857142857142,-0.15796206935554583,0.32998689417244603
1973,GB,-4.164971708145044,-0.3351255642374458,-3.2474360426264632,3.179148393090253,1480.2311665481857,-0.5765004823926746,-0.5007333719458417,-0.5602515246175453,-0.3677213221806607,44.234995176073255,44.992666280541584,44.39748475382454,46.32278677819339,5,7,2,0.42857142857142855,-57,-4.071428571428571,-0.31592413871109215,-0.2443273859064532
1973,IND,-6.9497984585617685,-0.6869527822830488,-5.3741789540814615,3.1947208828378297,1452.469142024592,-0.9619662376235276,-1.0264217945380292,-0.9271597386584748,-0.8841244973660375,40.38033762376472,39.735782054619705,40.728402613415255,41.15875502633963,4,10,0,0.2857142857142857,-115,-8.214285714285714,-0.9477724161332767,0.020612677474801888
1973,KC,1.4366561243078213,0.1843789016164659,1.433390647557049,3.18254237097638,1513.7598359043016,0.1988568006539281,0.2754927674114081,0.2472902576448792,0.255947578497826,51.98856800653928,52.75492767411408,52.4729025764488,52.55947578497826,7,5,2,0.5714285714285714,39,2.7857142857142856,0.31592413871109243,-0.06863388106621324
1973,LAC,-10.41710046237345,-0.9279615459706788,-8.442292335182495,3.179755574501596,1424.4852816291784,-1.441897775667221,-1.3865290014722622,-1.4564743046417723,-1.404654055642836,35.58102224332779,36.13470998527738,35.435256953582275,35.95345944357164,2,11,1,0.17857142857142858,-198,-14.142857142857142,-1.4216586241999152,-0.03481568044185712
1973,LAR,12.026140312952377,1.0402404014495834,9.658533206000568,3.1135378101980984,1573.0647818077134,1.6646153149565626,1.5542922994769977,1.6663016247902824,1.3590826305791988,66.64615314956563,65.54292299476998,66.66301624790282,63.59082630579199,12,2,0,0.8571428571428571,210,15.0,1.5796206935554615,0.0866809312348209
1973,MIA,13.676163753304202,1.3162324511056058,11.151227895811791,2.9877088518891988,1607.653177835394,1.893005656111053,1.966670358336712,1.923823086268822,2.0024635741441674,68.93005656111053,69.66670358336711,69.23823086268823,70.02463574144167,12,2,0,0.8571428571428571,193,13.785714285714286,1.5796206935554615,0.3442023927133604
1973,MIN,9.143229437119876,1.078267389431672,7.233149545107982,2.9690068143850863,1588.629101385652,1.2655731060113475,1.6111109488108453,1.2478715538169485,1.648595524093743,62.655731060113474,66.11110948810845,62.47871553816948,66.48595524093743,12,2,0,0.8571428571428571,128,9.142857142857142,1.5796206935554615,-0.33174913973851305
1973,NE,-5.707908226876215,-0.4884084747328325,-4.020439761847824,3.196333229246753,1463.5234009689725,-0.7900682349923562,-0.7297635529428526,-0.6936110447263805,-0.6785035271321088,42.09931765007644,42.702364470571474,43.06388955273619,43.21496472867892,5,9,0,0.35714285714285715,-42,-3.0,-0.6318482774221843,-0.061762767304196164
1973,NO,-6.031585581747494,-0.4095213973858425,-4.993759549273538,3.18365390122316,1467.5343958696042,-0.8348704963997893,-0.6118931292621247,-0.8615293309336893,-0.6038947571348687,41.65129503600211,43.88106870737875,41.38470669066311,43.961052428651314,5,9,0,0.35714285714285715,-149,-10.642857142857142,-0.6318482774221843,-0.22968105351150503
1973,NYG,-6.518729901771391,-0.8596150606553353,-5.482976194114038,3.1973102576255483,1426.672980639869,-0.90229927027103,-1.2844079766842198,-0.9459295677797692,-1.3639605278883895,40.9770072972897,37.1559202331578,40.54070432220231,36.36039472111611,2,11,1,0.17857142857142858,-136,-9.714285714285714,-1.4216586241999152,0.47572905642014596
1973,NYJ,-3.4478552250388144,-0.513109728447279,-2.679087507833823,3.196731497392612,1450.062378942236,-0.4772397845026991,-0.7666713373187438,-0.4621993600938696,-0.928892849781812,45.227602154973006,42.333286626812566,45.378006399061306,40.71107150218188,4,10,0,0.2857142857142857,-66,-4.714285714285714,-0.9477724161332767,0.4855730560394071
1973,OAK,6.71612621297923,0.5392663629109885,5.428462993631868,3.050197760973781,1543.6748876624774,0.9296221614232816,0.8057537027705425,0.9365248856610048,0.8123993495359271,59.29622161423281,58.05753702770542,59.36524885661005,58.12399349535927,9,4,1,0.6785714285714286,117,8.357142857142858,0.7898103467777311,0.14671453888327368
1973,PHI,-4.736848711301759,-0.4735228379470086,-3.990411445090824,3.196032821193308,1477.3271149191105,-0.6556576511063023,-0.7075219339894102,-0.6884305238403706,-0.4217397703266954,43.44342348893698,42.924780660105895,43.115694761596295,45.782602296733046,5,8,1,0.39285714285714285,-83,-5.928571428571429,-0.4738862080666382,-0.2145443157737324
1973,PIT,7.110722744447547,0.5592324917626169,5.746601072399107,3.115022729041664,1537.7202146863249,0.9842408015204256,0.8355864224776473,0.991410445015728,0.7016361006430945,59.842408015204256,58.35586422477647,59.91410445015728,57.01636100643094,10,4,0,0.7142857142857143,137,9.785714285714286,0.9477724161332772,0.04363802888245072
1973,SF,-1.420196447970996,-0.3246130124088025,-1.6857398103310608,3.1803021453630618,1466.350644338995,-0.1965785111448659,-0.485025869783511,-0.2908258350432748,-0.6259137942738083,48.03421488855134,45.14974130216489,47.09174164956725,43.74086205726192,5,9,0,0.35714285714285715,-57,-4.071428571428571,-0.6318482774221843,0.3410224423789095
1973,TEN,-16.296050785895872,-1.3473137221468612,-12.936565360828627,3.1826892561086613,1400.355201846194,-2.255641045722399,-2.013110950501812,-2.231831627038584,-1.8534991968471357,27.44358954277601,29.86889049498188,27.68168372961416,31.465008031528644,1,13,0,0.07142857142857142,-248,-17.714285714285715,-1.8955448322665533,-0.3362867947720305
1973,WSH,6.595761336433761,0.4894496721304119,5.286512186738703,3.1179891900925383,1540.4181438278652,0.9129616858536884,0.7313192751538319,0.9120353637924644,0.7518204513532711,59.129616858536885,57.31319275153832,59.12035363792464,57.51820451353271,10,4,0,0.7142857142857143,127,9.071428571428571,0.9477724161332772,-0.035737052340812814
1974,ARI,4.509090573097581,0.4647352593404496,3.0552550982605364,2.6150861811480115,1531.1906924766029,0.8116555504626467,0.8414410888194372,0.7560042123656333,0.681831277822947,58.11655550462647,58.41441088819437,57.56004212365633,56.81831277822947,10,4,0,0.7142857142857143,67,4.785714285714286,1.1025354486747427,-0.3465312363091094
1974,ATL,-11.639786387522683,-0.9463185176383756,-8.161005672302661,2.6590321172747555,1433.69061227231,-2.0952112348327168,-1.7133868538007977,-2.019391005652295,-1.4495290413940911,29.04788765167283,32.866131461992026,29.80608994347705,35.504709586059086,3,11,0,0.21428571428571427,-160,-11.428571428571429,-1.4700472648996565,-0.5493437407526383
1974,BUF,0.6575142955570962,0.1841117877031869,0.4456018606910397,2.611250445773188,1521.8858333670878,0.1183553798367901,0.3333494069921086,0.1102614586625465,0.4784262402027581,51.1835537983679,53.33349406992109,51.10261458662546,54.78426240202758,9,5,0,0.6428571428571429,20,1.4285714285714286,0.7350236324498288,-0.6247621737872824
1974,CHI,-9.110395162082916,-0.750282451341673,-6.199901549229957,2.6587523774134163,1444.9424539800675,-1.6399100174057688,-1.358447567922904,-1.5341277689508246,-1.203562793122538,33.600899825942314,36.41552432077096,34.658722310491754,37.96437206877462,4,10,0,0.2857142857142857,-127,-9.071428571428571,-1.1025354486747423,-0.4315923202760823
1974,CIN,2.531353478203287,0.1414090126193651,1.593693757702371,2.658196675623678,1496.6953112461938,0.455654431300367,0.2560325500505094,0.3943497859572393,-0.0722407864944016,54.55654431300367,52.56032550050509,53.9434978595724,49.27759213505598,7,7,0,0.5,24,1.7142857142857142,2.856140561362962e-16,0.394349785957239
1974,CLE,-3.966106515219265,-0.4529437979635957,-3.48950103434972,2.660910311984118,1453.0881343850178,-0.7139161022867564,-0.8200916863364122,-0.863455716848186,-1.0254975038247502,42.86083897713244,41.79908313663588,41.36544283151814,39.7450249617525,4,10,0,0.2857142857142857,-93,-6.642857142857143,-1.1025354486747423,0.23907973182655629
1974,DAL,5.343188059156894,0.2720391177159771,3.613715273551971,2.6707280384974994,1524.454860571829,0.961796658345052,0.4925490089503253,0.8941917716300454,0.5345854006024359,59.61796658345053,54.925490089503256,58.94191771630045,55.34585400602436,8,6,0,0.5714285714285714,62,4.428571428571429,0.36751181622491425,0.5266799554051311
1974,DEN,0.7963051761083141,0.0809624211001902,0.4548543766411695,2.656944243256595,1509.845565033833,0.1433383307726387,0.1465890663443198,0.1125509372194306,0.2152249166299518,51.43338330772639,51.4658906634432,51.12550937219431,52.15224916629952,7,6,1,0.5357142857142857,8,0.5714285714285714,0.18375590811245726,-0.07120497089302666
1974,DET,-1.5533316923574554,-0.0484933164693108,-0.8790806896596683,2.6585446015535514,1503.7021164196187,-0.2796063351074719,-0.0878011043713611,-0.2175231471736586,0.0809285901854039,47.20393664892528,49.12198895628639,47.82476852826341,50.80928590185404,7,7,0,0.5,-14,-1.0,2.856140561362962e-16,-0.21752314717365887
1974,GB,-1.6166672087357037,-0.1757995223075557,-0.7472681234917908,2.65951267840592,1476.9770896198957,-0.2910069984067475,-0.3182993725811574,-0.1849069327952344,-0.5032828436061532,47.08993001593253,46.81700627418843,48.15093067204766,44.967171563938464,6,8,0,0.42857142857142855,4,0.2857142857142857,-0.36751181622491397,0.18260488342967957
1974,IND,-7.73059670839684,-0.9268165754809174,-5.827638038798817,2.6697086515030253,1418.215190559578,-1.3915404059954717,-1.6780769970312597,-1.4420134371046265,-1.7878231196405472,36.08459594004528,33.2192300296874,35.57986562895374,32.12176880359453,2,12,0,0.14285714285714285,-139,-9.928571428571429,-1.8375590811245706,0.3955456440199441
1974,KC,-2.3464923890282243,-0.2506972639703815,-2.133923985862677,2.6595453914130043,1466.0569353024,-0.4223786461589664,-0.4539078421952894,-0.5280264561537699,-0.7419983763859107,45.77621353841034,45.46092157804711,44.7197354384623,42.58001623614089,5,9,0,0.35714285714285715,-60,-4.285714285714286,-0.7350236324498279,0.20699717629605807
1974,LAC,-4.351480723745644,-0.4436913542150386,-3.3261174225863006,2.658843967904929,1470.4882171496129,-0.7832851048128487,-0.8033393823406373,-0.8230274400751664,-0.6451301658918599,42.16714895187151,41.96660617659363,41.76972559924833,43.548698341081405,5,9,0,0.35714285714285715,-73,-5.214285714285714,-0.7350236324498279,-0.08800380762533844
1974,LAR,4.474486951839247,0.4892316282980106,3.707598988554664,2.551449044469683,1546.9359040373988,0.8054267509286556,0.8857937626342574,0.9174227234595604,1.026022985850694,58.05426750928656,58.857937626342576,59.174227234595605,60.26022985850694,10,4,0,0.7142857142857143,82,5.857142857142857,1.1025354486747427,-0.1851127252151823
1974,MIA,5.800870079105699,0.6911684008340707,4.484805497914032,2.6092108298147805,1557.9847039216193,1.0441813755771148,1.2514167583944074,1.1097377269720976,1.2675507220213196,60.44181375577115,62.51416758394407,61.09737726972098,62.67550722021319,11,3,0,0.7857142857142857,111,7.928571428571429,1.4700472648996568,-0.36030953792755915
1974,MIN,5.714895660569078,0.6303235913307913,4.590157491343775,2.4982929946528887,1553.7383675793128,1.0287056132539132,1.1412522685510724,1.1358064342493877,1.174725436513065,60.287056132539135,61.41252268551072,61.35806434249388,61.74725436513065,10,4,0,0.7142857142857143,115,8.214285714285714,1.1025354486747427,0.03327098557464492
1974,NE,4.118013339639841,0.186969938741395,2.8844921284016185,2.670951688019637,1493.944502965743,0.7412599791052288,0.3385243225451341,0.7137499585054868,-0.132373697179623,57.41259979105229,53.38524322545134,57.13749958505487,48.67626302820377,7,7,0,0.5,59,4.214285714285714,2.856140561362962e-16,0.7137499585054865
1974,NO,-7.114522619545758,-0.4368967017695428,-4.960454377071427,2.6593498541607508,1470.7733704340446,-1.280644440255602,-0.7910371099458086,-1.227434136824982,-0.6388966900418007,37.19355559744398,42.08962890054191,37.72565863175018,43.611033099582,5,9,0,0.35714285714285715,-97,-6.928571428571429,-0.7350236324498279,-0.492410504375154
1974,NYG,-6.124865350082843,-0.9517132516009368,-4.775321792974314,2.668998261465059,1413.1349970173635,-1.10250190734492,-1.723154459611019,-1.1816242096921423,-1.8988765967980163,38.9749809265508,32.76845540388981,38.18375790307858,31.01123403201984,2,12,0,0.14285714285714285,-104,-7.428571428571429,-1.8375590811245706,0.6559348714324282
1974,NYJ,-2.3931540177599944,-0.1589925751776601,-1.5957438506601604,2.671168768315351,1507.6910601236327,-0.4307779385084547,-0.2878690241010778,-0.3948570689375429,0.1681272500071394,45.692220614915456,47.12130975898922,46.05142931062457,51.681272500071394,7,7,0,0.5,-21,-1.5,2.856140561362962e-16,-0.3948570689375432
1974,OAK,8.07377010225818,1.0327477740907365,5.816542510277239,2.5494153074897787,1580.3842137803133,1.4533130817453213,1.8698740714015023,1.4392679163441782,1.7572059754600686,64.53313081745321,68.69874071401503,64.39267916344178,67.57205975460069,12,2,0,0.8571428571428571,127,9.071428571428571,1.8375590811245708,-0.3982911647803926
1974,PHI,2.5232150227241457,0.0256962126879659,1.625974609852986,2.668097515908378,1500.4417711665074,0.4541894745746695,0.0465250887427468,0.4023374856483425,0.0096571565120264,54.541894745746696,50.465250887427466,54.02337485648343,50.09657156512026,7,7,0,0.5,25,1.7857142857142858,2.856140561362962e-16,0.4023374856483422
1974,PIT,8.810738608581612,0.9990835920967646,6.646544596608468,2.4947436157903287,1587.1591743610147,1.5859705586747903,1.80892232439736,1.6446468628995483,1.9053072089740373,65.8597055867479,68.0892232439736,66.44646862899549,69.05307208974037,10,3,1,0.75,116,8.285714285714286,1.2862913567871999,0.35835550611234845
1974,SF,-2.882053034009829,-0.2755956204142752,-1.666168365226079,2.6591078823026284,1483.6599628941003,-0.5187818483261959,-0.4989883471384633,-0.4122831849093161,-0.357194646702611,44.81218151673804,45.01011652861537,45.87716815090684,46.42805353297389,6,8,0,0.42857142857142855,-10,-0.7142857142857143,-0.36751181622491397,-0.044771368684402124
1974,TEN,-0.737011587350989,0.0265671801536002,-0.9558525547614176,2.6600188415975934,1507.8555314521104,-0.1326652316983233,0.0481020463715906,-0.2365198762654889,0.1717226076974283,48.673347683016765,50.48102046371591,47.63480123734511,51.717226076974285,7,7,0,0.5,-46,-3.2857142857142856,2.856140561362962e-16,-0.23651987626548918
1974,WSH,8.213022048997175,0.5931950316367592,5.798741267175179,2.6108000865025542,1545.0634278827918,1.4783790265630563,1.0740279831814157,1.434863107469736,0.9850904926030232,64.78379026563056,60.74027983181416,64.34863107469737,59.85090492603023,10,4,0,0.7142857142857143,124,8.857142857142858,1.1025354486747427,0.33232765879499326
1975,ARI,3.5621112182052443,0.5990709437329542,2.976258049503433,3.022257184217364,1559.7938244032448,0.5147956560617212,0.8746829573835699,0.5389979701010043,1.0509797109918342,55.14795656061721,58.7468295738357,55.38997970101004,60.50979710991834,11,3,0,0.7857142857142857,80,5.714285714285714,1.1621744062959531,-0.6231764361949489
1975,ATL,-3.1002299272193143,-0.5221861826274429,-2.1313941846755986,3.081936420563789,1452.0076254401097,-0.4480446571034295,-0.7624261522004502,-0.3859937948649683,-0.8435488522127086,45.51955342896571,42.3757384779955,46.14006205135032,41.56451147787291,4,10,0,0.2857142857142857,-49,-3.5,-0.8716308047219645,0.4856370098569962
1975,BUF,6.750166102237388,0.37356026291021,4.792049480914469,3.098618448779644,1516.4580978397155,0.9755327597204364,0.545422539586462,0.8678363568869344,0.2892794880355716,59.75532759720437,55.45422539586462,58.678363568869344,52.89279488035572,8,6,0,0.5714285714285714,65,4.642857142857143,0.29054360157398834,0.5772927553129461
1975,CHI,-11.368538888350942,-0.6729522505115595,-8.943893172986343,3.081146386473676,1453.4766036599074,-1.6429791427008162,-0.9825545218193172,-1.6197319536335868,-0.8177290234878462,33.57020857299184,40.17445478180683,33.80268046366413,41.82270976512154,4,10,0,0.2857142857142857,-188,-13.428571428571429,-0.8716308047219645,-0.7481011489116223
1975,CIN,6.496649297476295,0.6627836249995521,4.943697817399105,3.0167328313819985,1554.1529813635143,0.9388945578690592,0.9677076601438936,0.895299750240226,0.9518321544203476,59.3889455786906,59.67707660143894,58.95299750240226,59.518321544203474,11,3,0,0.7857142857142857,94,6.714285714285714,1.1621744062959531,-0.26687465605572713
1975,CLE,-6.257972586939405,-0.6289693934670166,-5.506013163354772,3.080748842751561,1442.749118364658,-0.904401043697034,-0.9183366593501792,-0.9971346130060146,-1.006283100899535,40.95598956302966,40.816633406498205,40.02865386993985,39.937168991004654,3,11,0,0.21428571428571427,-154,-11.0,-1.162174406295953,0.16503979328993834
1975,DAL,7.01900837413864,0.8317802472441347,5.738033206302845,2.893301885131448,1562.2161039685818,1.0143857952554305,1.2144538375025105,1.0391532585977896,1.093555456947652,60.1438579525543,62.14453837502511,60.3915325859779,60.93555456947652,10,4,0,0.7142857142857143,82,5.857142857142857,0.871630804721965,0.16752245387582465
1975,DEN,-3.511013200073972,-0.2920696433653529,-2.873389195233921,3.0808761235064983,1478.959275892951,-0.5074109799087412,-0.4264408783188301,-0.5203685022539113,-0.3698270575896688,44.92589020091259,45.7355912168117,44.79631497746089,46.301729424103314,6,8,0,0.42857142857142855,-53,-3.7857142857142856,-0.2905436015739881,-0.22982490067992317
1975,DET,-1.9806443876399715,-0.0159943251063567,-1.257800343839925,3.08300610523975,1496.7918377155252,-0.2862423614818573,-0.0233527660316949,-0.2277866437808312,-0.0563889917429214,47.13757638518143,49.76647233968305,47.72213356219169,49.43611008257079,7,7,0,0.5,-17,-1.2142857142857142,2.257977372874717e-16,-0.2277866437808314
1975,GB,-4.31464421898252,-0.5530308560004443,-3.169641100791692,3.0810751321775194,1456.3513214301274,-0.6235515864951405,-0.8074614028792975,-0.5740194871746693,-0.7672008948477752,43.7644841350486,41.92538597120702,44.259805128253305,42.32799105152225,4,10,0,0.2857142857142857,-59,-4.214285714285714,-0.8716308047219645,0.2976113175472952
1975,IND,7.3659617157569555,0.5327135877376863,5.592229661171883,3.021353752522365,1547.588782865018,1.0645274281747974,0.7777968556734387,1.0127483523188363,0.8364550312860669,60.64527428174797,57.77796855673439,60.12748352318836,58.36455031286067,10,4,0,0.7142857142857143,126,9.0,0.871630804721965,0.14111754759687134
1975,KC,-4.373021747912614,-0.4844127464574246,-3.513410725159235,3.080594078680513,1465.466857087623,-0.6319882962057295,-0.7072744523803048,-0.6362758932505488,-0.6069796157029228,43.68011703794271,42.92725547619696,43.637241067494514,43.93020384297077,5,9,0,0.35714285714285715,-59,-4.214285714285714,-0.5810872031479762,-0.055188690102572546
1975,LAC,-8.878848616427332,-0.961089083436208,-7.233896769568264,3.0788780151468065,1421.703362466677,-1.283169563938935,-1.403253238374018,-1.3100529624331627,-1.37619860090332,37.16830436061065,35.967467616259825,36.89947037566837,36.2380139909668,2,12,0,0.14285714285714285,-156,-11.142857142857142,-1.4527180078699409,0.14266504543677816
1975,LAR,7.056138915571575,0.911672916248336,6.203439107321567,2.946768414551065,1577.6536353165109,1.019751894252902,1.33110238594056,1.1234378978158084,1.3648967266590006,60.19751894252902,63.3110238594056,61.23437897815808,63.648967266590006,12,2,0,0.8571428571428571,177,12.642857142857142,1.452718007869941,-0.3292801100541327
1975,MIA,7.896296522343438,0.6063186677861127,6.002379485274793,3.095949197612321,1548.2192870542244,1.1411713165783186,0.8852651109255427,1.0870261598717257,0.8475372311146399,61.41171316578318,58.85265110925543,60.870261598717256,58.4753723111464,10,4,0,0.7142857142857143,135,9.642857142857142,0.871630804721965,0.21539535514976071
1975,MIN,7.723533538937954,0.8120737845663744,6.8736260709095705,3.0053029848903536,1563.735224098761,1.116203642090542,1.1856811066016508,1.2448082249023185,1.1202566163284335,61.16203642090542,61.856811066016505,62.44808224902319,61.20256616328433,12,2,0,0.8571428571428571,197,14.071428571428571,1.452718007869941,-0.20790978296762264
1975,NE,-4.263035359586839,-0.680590159490113,-3.989204871824446,3.097355881359229,1431.486251195436,-0.6160930836568763,-0.9937063710009156,-0.7224418355085718,-1.2042474392000986,43.83906916343123,40.06293628999085,42.77558164491428,37.95752560799902,3,11,0,0.21428571428571427,-100,-7.142857142857143,-1.162174406295953,0.43973257078738115
1975,NO,-12.937026548432591,-1.1587251541010242,-9.87858334838826,3.082784481537394,1411.90360676192,-1.8696566899569844,-1.6918148930214327,-1.7890036024071334,-1.548446228834227,31.303433100430155,33.08185106978567,32.109963975928665,34.515537711657736,2,12,0,0.14285714285714285,-195,-13.928571428571429,-1.4527180078699409,-0.33628559453719253
1975,NYG,-5.691780833630721,-0.4850223599097498,-4.44658509659698,3.0910175954783687,1464.8505279283834,-0.8225751159686636,-0.7081645280932379,-0.8052730311294852,-0.6178126649035434,41.77424884031336,42.91835471906762,41.94726968870515,43.821873350964566,5,9,0,0.35714285714285715,-90,-6.428571428571429,-0.5810872031479762,-0.224185827981509
1975,NYJ,-7.095253726135909,-0.7352638844823839,-6.325865352599867,3.099942266055069,1432.5684936011685,-1.0254047594591549,-1.073533603430891,-1.145609193649215,-1.1852251601913284,39.74595240540845,39.264663965691085,38.54390806350785,38.14774839808672,3,11,0,0.21428571428571427,-175,-12.5,-1.162174406295953,0.016565212646737937
1975,OAK,6.553594601702384,0.7574586713718847,5.264780419533544,2.9539126350950418,1563.1151451512671,0.9471242827296644,1.1059394512492435,0.9534475545994904,1.1093576581244196,59.47124282729664,61.05939451249243,59.5344755459949,61.09357658124419,11,3,0,0.7857142857142857,120,8.571428571428571,1.1621744062959531,-0.20872685169646277
1975,PHI,-3.3427855703298084,-0.4109727104325051,-2.721697727979808,3.091428453216222,1457.8554384737993,-0.4830987538953463,-0.6000471722515809,-0.4928972979525062,-0.7407634406184662,45.169012461046535,43.99952827748419,45.071027020474936,42.59236559381534,4,10,0,0.2857142857142857,-77,-5.5,-0.8716308047219645,0.37873350676945833
1975,PIT,13.11488710565344,1.2855535209219164,10.480565948781605,2.8780365046397693,1611.4841196441637,1.8953610648720784,1.8769926455589971,1.8980221734622424,1.9595259044417963,68.95361064872078,68.76992645558997,68.98022173462243,69.59525904441796,12,2,0,0.8571428571428571,211,15.071428571428571,1.452718007869941,0.44530416559230135
1975,SF,-4.731617660312397,-0.5897168718718389,-3.149107440601777,3.078728725417735,1459.0503308206903,-0.6838125113064331,-0.8610253975825959,-0.5703008576146571,-0.7197611443790949,43.16187488693567,41.389746024174045,44.29699142385343,42.80238855620905,5,9,0,0.35714285714285715,-31,-2.2142857142857144,-0.5810872031479762,0.010786345533319142
1975,TEN,6.01586112429988,0.6263654216753607,4.416793181469223,3.0799775870586634,1555.454216344271,0.8694111397848326,0.914534689363993,0.7998777389497738,0.9747036060737028,58.69411139784832,59.14534689363993,57.99877738949774,59.74703606073703,10,4,0,0.7142857142857143,67,4.785714285714286,0.871630804721965,-0.0717530657721912
1975,WSH,2.292204755651126,0.191643972064898,1.8566300650190213,3.0916540870332767,1514.9079311117516,0.3312690083853603,0.2798127968048841,0.3362342309131124,0.2620326310899868,53.3126900838536,52.79812796804884,53.36234230913112,52.62032631089987,8,6,0,0.5714285714285714,49,3.5,0.29054360157398834,0.045690629339124045
1976,ARI,1.998732624645359,0.4692793484467178,1.9508789918004297,3.110815985511485,1553.924596653569,0.2557399500064628,0.6341807869638658,0.2919025958058412,0.9258630725621064,52.55739950006463,56.34180786963866,52.91902595805841,59.25863072562106,10,4,0,0.7142857142857143,42,3.0,0.8679649927845893,-0.5760623969787481
1976,ATL,-8.368767503843657,-0.6654740249901813,-6.970466081575367,3.0936936102389607,1450.051048633738,-1.0707926396250398,-0.899316882938014,-1.0429643005743954,-0.857602883528693,39.2920736037496,41.00683117061986,39.570356994256045,41.423971164713066,4,10,0,0.2857142857142857,-140,-10.0,-0.8679649927845888,-0.17499930778980655
1976,BUF,-8.674194785280129,-1.1017406808647614,-7.355793081095315,3.1103747519351503,1413.6131706455024,-1.1098723828193215,-1.4888845510325088,-1.1006193124263324,-1.4832262124998163,38.90127617180679,35.11115448967491,38.99380687573668,35.16773787500183,2,12,0,0.14285714285714285,-118,-8.428571428571429,-1.4466083213076482,0.3459890088813158
1976,CHI,4.40501133471954,0.1584266260401954,3.632008552536061,3.0942184959078585,1501.635370236254,0.5636258520165809,0.2140966200851446,0.54344361127999,0.0280786321211079,55.63625852016581,52.140966200851445,55.4344361127999,50.28078632121108,7,7,0,0.5,37,2.642857142857143,2.248481012302137e-16,0.5434436112799897
1976,CIN,9.335313651468212,0.8095418730716534,7.691324012890447,3.092410441576056,1549.1768860989418,1.1944632398967003,1.094009152211978,1.1508235282571482,0.8443468414814649,61.944632398967,60.94009152211978,61.50823528257148,58.443468414814646,10,4,0,0.7142857142857143,125,8.928571428571429,0.8679649927845893,0.2828585354725589
1976,CLE,-1.3057588978430317,0.2005184276124563,-1.254873739565038,3.0939400767354983,1531.6451896041767,-0.167073229874417,0.270979182537931,-0.1877619798701939,0.5433348471192371,48.32926770125583,52.70979182537931,48.12238020129806,55.433348471192375,9,5,0,0.6428571428571429,-20,-1.4285714285714286,0.5786433285230598,-0.7664053083932537
1976,DAL,4.168822247199141,0.6226978446100784,3.997522091487029,3.034596086797442,1548.571728516338,0.5334052088501362,0.8415094558126714,0.5981340104643601,0.8339565355063756,55.334052088501366,58.41509455812671,55.9813401046436,58.33956535506376,11,3,0,0.7857142857142857,102,7.285714285714286,1.1572866570461189,-0.5591526465817588
1976,DEN,5.985308988758309,0.4635775335898349,4.934640685751381,3.090133086086884,1536.0531609222426,0.7658266056621137,0.626475394759779,0.738351497757733,0.6190178957014829,57.65826605662114,56.26475394759779,57.38351497757733,56.19017895701483,9,5,0,0.6428571428571429,109,7.785714285714286,0.5786433285230598,0.15970816923467324
1976,DET,2.540633132561472,-0.0961844658579037,2.2735078058679274,3.0921009163954194,1479.6223583511965,0.3250766922470781,-0.1299830057584352,0.3401763168843326,-0.3498756982780706,53.25076692247078,48.70016994241565,53.40176316884333,46.501243017219295,6,8,0,0.42857142857142855,42,3.0,-0.28932166426152955,0.6294979811458621
1976,GB,-4.36320378752256,-0.4031350636290454,-3.843057362926998,3.092655937048862,1467.2249137715214,-0.5582765322035091,-0.5447938690488187,-0.5750220412358087,-0.5627347059067656,44.417234677964906,44.55206130951181,44.24977958764191,44.37265294093234,5,9,0,0.35714285714285715,-81,-5.785714285714286,-0.5786433285230591,0.0036212872872504187
1976,IND,7.745728034693326,0.632725488272863,6.772260371086724,3.036628644491671,1551.23778997489,0.9910740816108932,0.8550607424194803,1.0133075347583982,0.8797317105997046,59.91074081610893,58.5506074241948,60.13307534758398,58.797317105997045,11,3,0,0.7857142857142857,171,12.214285714285714,1.1572866570461189,-0.1439791222877207
1976,KC,-2.847816303283277,-0.4179321824527066,-2.7550042815084206,3.089095663697252,1472.8432101015412,-0.364381103329656,-0.5647905905995279,-0.4122208012944658,-0.4662708763097712,46.35618896670344,44.35209409400472,45.87779198705534,45.33729123690229,5,9,0,0.35714285714285715,-86,-6.142857142857143,-0.5786433285230591,0.1664225272285933
1976,LAC,-0.7916859710174405,-0.0837625757974926,-0.9980802390875636,3.089862063180028,1481.9707142657478,-0.1012970560205582,-0.1131961515314916,-0.1493389461041349,-0.3095553962740685,48.98702943979442,48.86803848468509,48.506610538958654,46.90444603725931,6,8,0,0.42857142857142855,-37,-2.642857142857143,-0.28932166426152955,0.13998271815739466
1976,LAR,7.186163252035417,0.6787964816470385,6.3581005175571335,2.958695232145101,1561.788398999062,0.9194771767634016,0.9173207564834892,0.951338372738624,1.0608813138369322,59.194771767634016,59.1732075648349,59.51338372738624,60.60881313836932,10,3,1,0.75,161,11.5,1.0126258249153541,-0.06128745217673015
1976,MIA,-0.1716081365374586,-0.1338387011168323,-0.1467698248605328,3.110163661137236,1481.3343578855436,-0.0219574422900006,-0.1808686725325425,-0.0219606100854153,-0.3204813727297755,49.78042557709999,48.19131327467458,49.78039389914585,46.795186272702246,6,8,0,0.42857142857142855,-1,-0.07142857142857142,-0.28932166426152955,0.2673610541761143
1976,MIN,8.51415052462616,1.001020856629123,7.373017987041293,2.8929500970092272,1578.055727778276,1.0893945506601903,1.3527724940923518,1.103196609521271,1.3401846362643617,60.89394550660191,63.52772494092352,61.03196609521271,63.40184636264361,11,2,1,0.8214285714285714,129,9.214285714285714,1.3019474891768836,-0.19875087965561256
1976,NE,8.33118953959148,0.712216870864304,7.195641474749799,3.0398449982056057,1559.2627667175743,1.0659844994162404,0.9624848337108308,1.076656437326844,1.0175172497657077,60.659844994162405,59.62484833710831,60.76656437326844,60.17517249765707,11,3,0,0.7857142857142857,140,10.0,1.1572866570461189,-0.08063021971927498
1976,NO,-6.0856553476869,-0.60694721563857,-5.13962686255802,3.085646569617958,1449.9858963856989,-0.7786660282538582,-0.8202241674031364,-0.7690227989330817,-0.8587215207424556,42.213339717461416,41.79775832596864,42.30977201066919,41.41278479257544,4,10,0,0.2857142857142857,-93,-6.642857142857143,-0.8679649927845888,0.09894219385150715
1976,NYG,-4.013970804588959,-0.6816153145681919,-3.484986068569933,3.1101536171234,1440.818716907209,-0.513591803243379,-0.92113010732361,-0.5214451967745726,-1.0161182095523893,44.86408196756621,40.7886989267639,44.78554803225428,39.83881790447611,3,11,0,0.21428571428571427,-80,-5.714285714285714,-1.1572866570461187,0.6358414602715461
1976,NYJ,-12.191067534897012,-0.9416014967056412,-10.536061443342376,3.1087984845151224,1434.8055557969658,-1.559859964988146,-1.272473592037766,-1.5764707589798528,-1.119361704484904,34.40140035011854,37.27526407962234,34.235292410201474,38.80638295515096,3,11,0,0.21428571428571427,-214,-15.285714285714286,-1.1572866570461187,-0.4191841019337341
1976,OAK,10.724888503924944,1.4174354897824204,8.961342556170914,2.89277532600285,1624.6265194794837,1.3722608096744875,1.9155122793194692,1.3408515674452623,2.1397859123413374,63.72260809674488,69.15512279319469,63.40851567445262,71.39785912341338,13,1,0,0.9285714285714286,113,8.071428571428571,1.7359299855691783,-0.395078418123916
1976,PHI,-8.631523174450205,-0.5971309716607258,-7.252167880314373,3.1100271842420883,1451.679546785339,-1.104412505151954,-0.8069585648329323,-1.085114268173976,-0.8296422422653114,38.95587494848046,41.93041435167068,39.14885731826024,41.70357757734688,4,10,0,0.2857142857142857,-121,-8.642857142857142,-0.8679649927845888,-0.21714927538938722
1976,PIT,13.85589085914054,0.9592929976645564,11.645406771644408,2.9601220171447102,1559.8114113229942,1.772875867396392,1.2963817611013162,1.7424578767546968,1.026937251242623,67.72875867396392,62.96381761101316,67.42457876754696,60.26937251242623,10,4,0,0.7142857142857143,204,14.571428571428571,0.8679649927845893,0.8744928839701075
1976,SEA,-14.485831859870125,-1.2236129126094204,-12.146179785997514,3.07359864157705,1412.2047684467425,-1.8534774836641956,-1.6535818216298446,-1.8173866362592943,-1.5074078970754898,31.46522516335805,33.464181783701555,31.826133637407057,34.9259210292451,2,12,0,0.14285714285714285,-200,-14.285714285714286,-1.4466083213076482,-0.37077831495164615
1976,SF,3.5084000966822004,0.2470791092849939,3.319068870437439,3.090886289225563,1512.4297762302629,0.4489034972786193,0.3339009578992359,0.4966196381277961,0.2134141287276353,54.48903497278619,53.33900957899236,54.96619638127796,52.13414128727635,8,6,0,0.5714285714285714,80,5.714285714285714,0.2893216642615298,0.2072979738662663
1976,TB,-17.228453854415623,-1.5913927327869015,-14.925866961196167,3.0735986415770493,1384.6669264760064,-2.2043988641045345,-2.1505968651462246,-2.2333006449594794,-1.9802212802251604,27.95601135895465,28.494031348537757,27.66699355040521,30.1977871977484,0,14,0,0.0,-287,-20.5,-2.0252516498307074,-0.20804899512877206
1976,TEN,-1.7087100506668322,-0.2874626377226862,-1.802234657420213,3.094394731712888,1465.7076669579176,-0.2186312553989616,-0.388474972139927,-0.2696615099979641,-0.5887852076045902,47.813687446010384,46.11525027860073,47.30338490002036,44.1121479239541,5,9,0,0.35714285714285715,-51,-3.642857142857143,-0.5786433285230591,0.308981818525095
1976,WSH,2.568015221857112,0.4592220288848251,2.5064475809967828,3.0346768292331885,1545.2518260552656,0.3285802594882351,0.620589396557236,0.3750302085466698,0.7769551802071972,53.28580259488236,56.20589396557236,53.7503020854667,57.76955180207197,10,4,0,0.7142857142857143,74,5.285714285714286,0.8679649927845893,-0.4929347842379195
1977,ARI,0.3189896034494272,0.0334484965492436,0.3689048843119681,2.7374803851660583,1496.7360201169083,0.0543077718495122,0.0528173033551749,0.0859277143180997,-0.0643073483356943,50.54307771849512,50.52817303355175,50.859277143181,49.35692651664306,7,7,0,0.5,-15,-1.0714285714285714,0.0,0.0859277143180997
1977,ATL,0.804229280080642,0.0046585427877461,1.4357805328494824,2.7274444919958074,1492.4819024887067,0.1369195101815955,0.0073561353423226,0.3344312984098329,-0.1481225169263315,51.369195101815954,50.07356135342323,53.34431298409833,48.51877483073668,7,7,0,0.5,50,3.5714285714285716,0.0,0.3344312984098329
1977,BUF,-7.834278823811648,-0.7982172727677533,-6.429936161512456,2.7401940958293736,1438.5612950085183,-1.3337808579597836,-1.260435839830541,-1.497702364663826,-1.210473208995021,36.662191420402166,37.39564160169459,35.02297635336174,37.89526791004979,3,11,0,0.21428571428571427,-153,-10.928571428571429,-1.3662601021279466,-0.13144226253587932
1977,CHI,-2.5786329542086897,0.0941927650697369,-1.227985374541015,2.6649127201638803,1527.6839978325622,-0.4390105779199831,0.1487363666473529,-0.286030304660143,0.5454336594307931,45.60989422080017,51.48736366647353,47.13969695339857,55.45433659430793,9,5,0,0.6428571428571429,2,0.14285714285714285,0.6831300510639735,-0.9691603557241165
1977,CIN,1.8083327262120263,0.1910292170050945,0.798232583534557,2.7252627250178185,1522.221772615928,0.3078674667172936,0.3016472829923883,0.1859295019237332,0.4378162009060839,53.07867466717293,53.016472829923885,51.85929501923733,54.37816200906084,8,6,0,0.5714285714285714,3,0.21428571428571427,0.3415650255319865,-0.15563552360825328
1977,CLE,1.1581074881631173,-0.1199371421217976,0.2211065251933506,2.72590164569155,1476.373901685875,0.1971670442053938,-0.1893883753391887,0.0515015635158002,-0.4654844050879002,51.97167044205394,48.10611624660811,50.515015635158,45.345155949121,6,8,0,0.42857142857142855,2,0.14285714285714285,-0.34156502553198675,0.39306658904778696
1977,DAL,10.280342139985525,1.263830486034512,8.219628562567353,2.568980102422933,1608.657616771875,1.750221541504797,1.9956687162942892,1.9145691070002364,2.1407862368492063,67.50221541504797,69.9566871629429,69.14569107000236,71.40786236849206,12,2,0,0.8571428571428571,133,9.5,1.707825127659933,0.20674397934030342
1977,DEN,10.17474252939422,1.1714907119730746,6.979175317771583,2.571788601922581,1590.7571952916078,1.7322432767043925,1.849858340298136,1.625634705270727,1.7881098476807402,67.32243276704392,68.49858340298135,66.25634705270727,67.88109847680741,12,2,0,0.8571428571428571,126,9.0,1.707825127659933,-0.08219042238920604
1977,DET,-6.0849312164973846,-0.3373230709664384,-3.880987361067829,2.725009392770456,1479.3634861464022,-1.035955569247592,-0.5326545825969706,-0.9039847055860156,-0.4065832303968335,39.64044430752408,44.6734541740303,40.96015294413984,45.93416769603167,6,8,0,0.42857142857142855,-69,-4.928571428571429,-0.34156502553198675,-0.5624196800540289
1977,GB,-8.270737476514242,-0.7744312585358101,-5.527916612878222,2.7246902156279087,1448.929751184871,-1.4080876587971842,-1.222876210582348,-1.28759813080706,-1.0061925617734673,35.91912341202816,37.77123789417652,37.1240186919294,39.93807438226533,4,10,0,0.2857142857142857,-85,-6.071428571428571,-1.02469507659596,-0.26290305421110016
1977,IND,4.34345587548003,0.5265503603763907,3.054948028395984,2.676146722746793,1535.0836615104363,0.7394705287358686,0.8314565073151368,0.7115782756041414,0.6912227778518599,57.39470528735869,58.31456507315137,57.11578275604141,56.9122277785186,10,4,0,0.7142857142857143,74,5.285714285714286,1.02469507659596,-0.3131168009918185
1977,KC,-4.999621920518208,-0.8703861100766251,-4.5933838081010805,2.72681321244493,1418.7071495009757,-0.8511823697613699,-1.374395023835155,-1.0699206988057113,-1.6016421183608889,41.4881763023863,36.25604976164845,39.300793011942886,33.98357881639112,2,12,0,0.14285714285714285,-124,-8.857142857142858,-1.7078251276599332,0.6379044288542219
1977,LAC,3.159572596967823,0.1099087409231787,1.7011440226735663,2.724751891497008,1502.3377481031318,0.5379151730420059,0.1735528920463879,0.3962414806918745,0.046058611564361,55.37915173042006,51.73552892046388,53.96241480691874,50.46058611564361,7,7,0,0.5,17,1.2142857142857142,0.0,0.3962414806918745
1977,LAR,7.078421005414049,0.5656376811535838,6.1004143065862495,2.6704676295300707,1539.1661669932344,1.2050965575677968,0.8931778727520154,1.4209480005559063,0.7716568220457848,62.05096557567797,58.93177872752016,64.20948000555906,57.716568220457845,10,4,0,0.7142857142857143,156,11.142857142857142,1.02469507659596,0.3962529239599464
1977,MIA,6.510470575288826,0.6684901074586301,4.795636853394748,2.737002495261617,1550.1721005524848,1.1084033674213567,1.0555883952390792,1.1170307877067367,0.9884971300454248,61.084033674213565,60.55588395239079,61.170307877067366,59.884971300454254,10,4,0,0.7142857142857143,116,8.285714285714286,1.02469507659596,0.09233571111077676
1977,MIN,-0.0160642833202911,0.3861221742518385,0.3650828746494125,2.618431024782082,1538.4338455648658,-0.0027349337534839,0.6097114702777348,0.0850374670799326,0.7572285317760599,49.97265066246516,56.09711470277735,50.850374670799326,57.5722853177606,9,5,0,0.6428571428571429,4,0.2857142857142857,0.6831300510639735,-0.598092583984041
1977,NE,3.3207332543317385,0.340395006256431,2.417257954071624,2.739979741561331,1534.9868329208653,0.5653526698023807,0.5375053637930742,0.5630433744405829,0.689315048619013,55.65352669802381,55.37505363793074,55.63043374440583,56.89315048619013,9,5,0,0.6428571428571429,61,4.357142857142857,0.6831300510639735,-0.12008667662339056
1977,NO,-8.916958262386842,-1.015823687847132,-6.040861666454315,2.726228870918988,1425.5876987919166,-1.5181063259389351,-1.6040502088757638,-1.4070766140122215,-1.466080657861217,34.81893674061065,33.959497911242366,35.92923385987778,35.339193421387826,3,11,0,0.21428571428571427,-104,-7.428571428571429,-1.3662601021279466,-0.04081651188427493
1977,NYG,-5.276147206727868,-0.41160947549541,-3.862048636708998,2.7370069613462347,1463.906310579108,-0.8982606193083843,-0.649957539918102,-0.899573375279858,-0.7111224766836186,41.01739380691616,43.50042460081898,41.00426624720142,42.88877523316381,5,9,0,0.35714285714285715,-84,-6.0,-0.6831300510639733,-0.21644332421588475
1977,NYJ,-6.477499666281095,-0.825015627311088,-5.25720069036836,2.739675572008487,1430.4117196298796,-1.1027900916760025,-1.3027521460134222,-1.2245412252467724,-1.3710371834781312,38.972099083239975,36.972478539865776,37.75458774753228,36.28962816521869,3,11,0,0.21428571428571427,-109,-7.785714285714286,-1.3662601021279466,0.14171887688117413
1977,OAK,9.429932100132143,0.9225351710061054,6.546474941279325,2.6178390614664955,1566.999242441235,1.6054397871044093,1.4567417076911784,1.5248473318373108,1.320027627687166,66.05439787104409,64.56741707691178,65.2484733183731,63.20027627687166,11,3,0,0.7857142857142857,121,8.642857142857142,1.3662601021279466,0.15858722970936423
1977,PHI,0.2406275728127521,-0.3027312006794277,0.5359834023286657,2.736694925625965,1467.9665787582503,0.0409666872641152,-0.4780318193919913,0.1248447245702319,-0.6311265546851312,50.409666872641154,45.21968180608009,51.24844724570232,43.68873445314869,5,9,0,0.35714285714285715,13,0.9285714285714286,-0.6831300510639733,0.8079747756342052
1977,PIT,5.185101752635761,0.4455683638132384,3.022492657293224,2.67068483461026,1531.5622548153258,0.8827601901555161,0.7035807843364765,0.7040185604179161,0.6218435736027152,58.82760190155516,57.035807843364765,57.04018560417916,56.21843573602715,9,5,0,0.6428571428571429,40,2.857142857142857,0.6831300510639735,0.020888509353942597
1977,SEA,-4.956945378214144,-0.4406080715328381,-4.29388079488672,2.7104401016811472,1469.1905515299902,-0.8439167162801504,-0.6957481673541698,-1.000158517681727,-0.6070116868841912,41.5608328371985,43.0425183264583,39.99841482318273,43.929883131158086,5,9,0,0.35714285714285715,-91,-6.5,-0.6831300510639733,-0.31702846661775363
1977,SF,-3.540667898316733,-0.3865924830990377,-2.165978730044066,2.726039227372252,1466.415570219281,-0.6027963994355141,-0.6104541178588173,-0.5045137905436838,-0.6616847229213437,43.97203600564486,43.89545882141183,44.95486209456316,43.383152770786566,5,9,0,0.35714285714285715,-40,-2.857142857142857,-0.6831300510639733,0.17861626052028945
1977,TB,-9.828768907500134,-1.0912732203519897,-6.743669486342284,2.710440101681147,1418.4236582290223,-1.6733414933214985,-1.7231898192450468,-1.5707791621107468,-1.6072274995913536,33.26658506678501,32.76810180754953,34.29220837889253,33.92772500408647,2,12,0,0.14285714285714285,-120,-8.571428571428571,-1.7078251276599332,0.13704596554918647
1977,TEN,4.652485124507185,0.341512236765947,2.959587583167368,2.7283356182924736,1521.1173620196737,0.7920825567440277,0.539269541822777,0.6893663032413088,0.4160569623498426,57.92082556744028,55.39269541822777,56.89366303241309,54.160569623498425,8,6,0,0.5714285714285714,69,4.928571428571429,0.3415650255319865,0.3478012777093223
1977,WSH,0.3157103694420188,0.3085785593605965,0.5019982928370355,2.7358657029877973,1537.7646086970678,0.0537494843994206,0.4872651706379919,0.1169286928133939,0.744043141572059,50.5374948439942,54.87265170637992,51.16928692813394,57.44043141572059,9,5,0,0.6428571428571429,7,0.5,0.6831300510639735,-0.5662013582505796
1978,ARI,-2.735831884794454,-0.3964500416422601,-1.566598602380112,2.2798053128353644,1476.3440718380728,-0.6292911140610224,-0.7506435983036039,-0.6264984848899648,-0.5188316160858815,43.70708885938978,42.49356401696396,43.73501515110035,44.81168383914118,6,10,0,0.375,-48,-3.0,-0.73824939244819,0.11175090755822514
1978,ATL,-3.273241884693426,-0.0416084124708563,-1.774216008001268,2.2041424614131007,1514.0645956505853,-0.7529051926246864,-0.0787819023235406,-0.7095267665830693,0.3084705381686072,42.470948073753135,49.21218097676459,42.90473233416931,53.08470538168607,9,7,0,0.5625,-50,-3.125,0.369124696224095,-1.0786514628071644
1978,BUF,-3.0858050042945706,-0.4946737051267919,-1.804160343598356,2.281556917032224,1450.9437669841673,-0.7097912995752308,-0.9366215436991122,-0.7215018065544508,-1.0759216244008285,42.90208700424769,40.63378456300888,42.78498193445549,39.240783755991714,5,11,0,0.3125,-52,-3.25,-1.1073740886722852,0.3858722821178343
1978,CHI,-2.358925388686274,-0.2199617422314997,-0.9246254035587432,2.280224218411535,1486.0124896108111,-0.5425957618535264,-0.4164783865170424,-0.3697669674543546,-0.3067798722825369,44.574042381464736,45.83521613482958,46.30233032545645,46.93220127717463,7,9,0,0.4375,-21,-1.3125,-0.369124696224095,-0.0006422712302596167
1978,CIN,-1.2175639567316074,-0.5504519231326793,-0.9814738040355232,2.2759659315629728,1448.9463750695538,-0.2800618645577871,-1.042232737728658,-0.3925012126611426,-1.1197292513061066,47.19938135442213,39.57767262271342,46.07498787338857,38.802707486938935,4,12,0,0.25,-32,-2.0,-1.47649878489638,1.0839975722352375
1978,CLE,-1.0274857166388962,-0.0107045057053108,-0.6504266531462292,2.2758129036329744,1498.5952798868814,-0.2363404107171803,-0.0202680485223574,-0.2601121385587007,-0.0308089034363344,47.6365958928282,49.797319514776426,47.39887861441299,49.69191096563666,8,8,0,0.5,-22,-1.375,0.0,-0.2601121385587007
1978,DAL,10.60086708390756,0.9421832025143242,6.307562561333649,2.1754336616710908,1581.778256724676,2.438392320201434,1.7839417709905363,2.522457496145133,1.7935946037170036,74.38392320201434,67.83941770990536,75.22457496145134,67.93594603717004,12,4,0,0.75,176,11.0,1.47649878489638,1.0459587112487532
1978,DEN,4.244960851429465,0.4835120251394335,2.295588298956158,2.2453221592238943,1523.7492466351953,0.9764182361454472,0.9154878755221156,0.918028772042919,0.5208783154994451,59.76418236145447,59.15487875522116,59.18028772042919,55.20878315499445,10,6,0,0.625,84,5.25,0.73824939244819,0.179779379594729
1978,DET,-2.19225872201961,-0.2658237390224811,-0.8266211016703103,2.280224218411535,1489.0710733452595,-0.5042593958924353,-0.5033140799980262,-0.3305740647206752,-0.2396977467782911,44.95740604107564,44.96685920001974,46.694259352793246,47.60302253221709,7,9,0,0.4375,-10,-0.625,-0.369124696224095,0.03855063150341981
1978,GB,-0.9384031456032934,0.0795550757191282,-0.503020589074936,2.280347936784138,1501.248397989994,-0.2158497984533254,0.1506306016610502,-0.2011629759180901,0.0273803818743987,47.841502015466745,51.5063060166105,47.9883702408191,50.27380381874399,8,7,1,0.53125,-20,-1.25,0.1845623481120475,-0.3857253240301376
1978,IND,-7.630824437152352,-0.6155010315788374,-4.851319690967713,2.2799044856448014,1450.2576471063437,-1.75522846924509,-1.1653975547335869,-1.940091374708552,-1.0909698897913522,32.4477153075491,38.34602445266413,30.59908625291448,39.09030110208648,5,11,0,0.3125,-182,-11.375,-1.1073740886722852,-0.8327172860362668
1978,KC,-4.273155308793412,-0.7369357235545769,-2.655950856409041,2.2815110003335923,1436.5879130139913,-0.9829034743589192,-1.395323559447726,-1.0621413710917742,-1.3907801606905543,40.17096525641081,36.04676440552274,39.37858628908226,36.092198393094456,4,12,0,0.25,-84,-5.25,-1.47649878489638,0.4143574138046058
1978,LAC,2.911729741752439,0.2313108379118417,1.4914625056821875,2.2802788305238755,1522.243822935439,0.6697508217577012,0.4379669099730975,0.5964508066459804,0.48786073928379,56.69750821757701,54.379669099730975,55.9645080664598,54.8786073928379,9,7,0,0.5625,46,2.875,0.369124696224095,0.22732611042188539
1978,LAR,3.210380006733795,0.6317784098439281,1.98113798472196,2.209101542426567,1553.504101937687,0.7384458168739151,1.1962173517028152,0.7922769392878053,1.173474128156648,57.38445816873915,61.96217351702815,57.92276939287805,61.734741281566485,12,4,0,0.75,71,4.4375,1.47649878489638,-0.6842218456085747
1978,MIA,5.598117535167406,0.463889153139899,3.060189616645558,2.245303641560332,1538.601999802144,1.2876688951282975,0.8783336777680562,1.2238005034548514,0.8466350508168606,62.87668895128298,58.78333677768056,62.23800503454852,58.4663505081686,11,5,0,0.6875,118,7.375,1.1073740886722852,0.11642641478256621
1978,MIN,-1.2349997319252044,-0.003572487661752,-0.7326055338529118,2.245519467615148,1501.154950008223,-0.2840724101096094,-0.0067641940008486,-0.2929762967256169,0.0253308420267014,47.15927589890391,49.93235805999152,47.07023703274383,50.25330842026701,8,7,1,0.53125,-12,-0.75,0.1845623481120475,-0.4775386448376644
1978,NE,3.1244333246410863,0.4437442622275533,1.5733607617119594,2.24530364156033,1536.379863844798,0.7186765161268289,0.8401910827030218,0.6292027401915798,0.7978982444645317,57.18676516126829,58.40191082703022,56.2920274019158,57.97898244464532,11,5,0,0.6875,72,4.5,1.1073740886722852,-0.4781713484807053
1978,NO,-1.262583544567411,-0.1709748691497199,-0.6027706611255885,2.276363365061627,1485.3853171704554,-0.2904171889259324,-0.3237260121512191,-0.2410540296394796,-0.3205352780551155,47.09582811074068,46.76273987848781,47.5894597036052,46.79464721944885,7,9,0,0.4375,-17,-1.0625,-0.369124696224095,0.12807066658461538
1978,NYG,-2.4971586560540926,-0.402219681819114,-1.2356751729874709,2.281308600133348,1461.5369531906929,-0.5743919286083873,-0.7615679090826621,-0.4941588882542356,-0.8435874762156834,44.25608071391613,42.38432090917338,45.058411117457645,41.564125237843164,6,10,0,0.375,-34,-2.125,-0.73824939244819,0.2440905041939544
1978,NYJ,1.035842229514308,0.0847522234764572,0.2449040072305482,2.2799044856448014,1500.1334908185916,0.2382625607316827,0.1604709479435642,0.0979395674426835,0.0029277759328822,52.382625607316825,51.60470947943564,50.97939567442683,50.02927775932882,8,8,0,0.5,-5,-0.3125,0.0,0.0979395674426835
1978,OAK,2.1895075195302125,0.2246934441617621,1.0667771974990032,2.280278830523874,1511.2860932076503,0.5036265692596358,0.4254374516953915,0.4266148948000458,0.247531271575524,55.03626569259636,54.25437451695392,54.266148948000456,52.47531271575524,9,7,0,0.5625,28,1.75,0.369124696224095,0.05749019857595078
1978,PHI,1.7841713881419303,0.1968816328889698,0.9123082801918572,2.242797811920713,1511.1333922113354,0.4103918836387095,0.3727782111952029,0.3648412263514131,0.2441821700668581,54.103918836387095,53.72778211195203,53.64841226351413,52.44182170066858,9,7,0,0.5625,20,1.25,0.369124696224095,-0.004283469872681911
1978,PIT,10.724454088174763,1.3575436428827568,6.4412914675523965,2.176666384982768,1619.9131962294005,2.4668195799431696,2.5703905610059854,2.5759370262588144,2.629985894607765,74.6681957994317,75.70390561005985,75.75937026258813,76.29985894607765,14,2,0,0.875,161,10.0625,2.2147481773445703,0.3611888489142441
1978,SEA,-0.404782201031194,0.1304729163505893,-0.3637309129745132,2.280341582614768,1520.2726131514994,-0.0931072715596084,0.2470390947743857,-0.1454596381868112,0.444627349714585,49.06892728440391,52.47039094774386,48.545403618131886,54.44627349714585,9,7,0,0.5625,-13,-0.8125,0.369124696224095,-0.5145843344109062
1978,SF,-8.602770898106545,-1.1382430821997542,-4.64143975782933,2.275756219526537,1403.986614951434,-1.9787938405754584,-2.1551640641208367,-1.8561582855814236,-2.105805335120917,30.21206159424542,28.448359358791635,31.438417144185767,28.941946648790832,2,14,0,0.125,-131,-8.1875,-2.2147481773445703,0.3585898917631467
1978,TB,-3.358166745143655,-0.6209864653458544,-1.2562517699993767,2.281552659127539,1441.115617698188,-0.7724394558011741,-1.1757837454477382,-0.502387675661913,-1.291476665922499,42.27560544198826,38.24216254552262,44.97612324338087,37.08523334077501,5,11,0,0.3125,-18,-1.125,-1.1073740886722852,0.6049864130103721
1978,TEN,1.2942142309263676,0.4837600978411469,0.3215149585461172,2.180007547283724,1550.588912613155,0.2976928223330774,0.9159575795601922,0.1285770548324094,1.109536988252852,52.97692822333077,59.15957579560192,51.285770548324095,61.09536988252852,10,6,0,0.625,-15,-0.9375,0.73824939244819,-0.6096723376157807
1978,WSH,-0.6247207736833432,-0.0859695134563013,-0.3252107784600217,2.279805312835366,1485.1639463737752,-0.1436971452205263,-0.1627757804184556,-0.1300550502633815,-0.325390474072353,48.56302854779474,48.372242195815446,48.69944949736618,46.74609525927647,8,8,0,0.5,-10,-0.625,0.0,-0.1300550502633815
1979,ARI,-2.405740786693938,-0.4107790100752927,-1.521393270714177,2.492678240998044,1453.914335418484,-0.4676229819803252,-0.7710071157182913,-0.537490899724219,-1.0329289573222078,45.323770180196746,42.28992884281709,44.62509100275781,39.67071042677792,5,11,0,0.3125,-51,-3.1875,-1.0954451150103321,0.5579542152861131
1979,ATL,-6.136276863988536,-0.5269642868960865,-3.394785227638134,2.4879144124484256,1464.2251509514786,-1.19275696752788,-0.9890797848990076,-1.1993389227475462,-0.801830197342312,38.0724303247212,40.10920215100992,38.00661077252454,41.98169802657688,6,10,0,0.375,-88,-5.5,-0.7302967433402214,-0.46904217940732473
1979,BUF,-0.3686040342497333,-0.1638479970312451,-0.291451227278086,2.4934125551998725,1482.7212225804997,-0.0716484995470824,-0.3075326842628216,-0.102966396257222,-0.3872733464038037,49.28351500452918,46.924673157371785,48.97033603742778,46.127266535961965,7,9,0,0.4375,-11,-0.6875,-0.3651483716701107,0.26218197541288873
1979,CHI,-0.6067359641673533,0.0522883044856024,0.7276966839752589,2.448936879610905,1525.3629707262644,-0.1179360978572216,0.0981419542830456,0.257086943215271,0.5684662930385829,48.82063902142778,50.98141954283046,52.57086943215271,55.68466293038583,10,6,0,0.625,57,3.5625,0.7302967433402214,-0.47320980012495045
1979,CIN,-1.45416396935236,-0.4267909785595742,-2.048771621386528,2.4876047231251506,1445.4791738731665,-0.2826574231928702,-0.8010606027155339,-0.723807659272454,-1.221988238531829,47.1734257680713,41.98939397284466,42.76192340727546,37.780117614681714,4,12,0,0.25,-84,-5.25,-1.4605934866804429,0.7367858274079888
1979,CLE,3.0841939435020835,0.3145463654456801,0.985859411859348,2.487403717408025,1513.0523766181368,0.5994993213080468,0.5903843186571138,0.3482928921022018,0.2925460203986341,55.99499321308047,55.90384318657114,53.482928921022015,52.92546020398634,9,7,0,0.5625,7,0.4375,0.3651483716701107,-0.016855479567908893
1979,DAL,2.8390063195165887,0.3966984925304445,1.8801580235996125,2.4514932710948263,1538.8543196087758,0.551840251591591,0.7445788441810373,0.6642383972514083,0.8708511031661093,55.51840251591591,57.44578844181037,56.64238397251408,58.70851103166109,11,5,0,0.6875,58,3.625,1.0954451150103321,-0.43120671775892383
1979,DEN,3.906426643210267,0.3981452065171814,1.6034912012052216,2.449142138807098,1523.3877911521568,0.7593232346098875,0.7472942379836048,0.5664951627077222,0.5241961236370242,57.59323234609887,57.47294237983605,55.66495162707722,55.24196123637024,10,6,0,0.625,27,1.6875,0.7302967433402214,-0.16380158063249928
1979,DET,-10.53444078533118,-1.1704174386062445,-5.6051490946385085,2.4931932499755884,1400.75330996374,-2.047663090212402,-2.196802055102055,-1.9802352803568024,-2.2244396600922767,29.523369097875975,28.03197944897945,30.197647196431976,27.755603399077238,2,14,0,0.125,-146,-9.125,-2.1908902300206643,0.2106549496638619
1979,GB,-6.812218563108969,-0.6234743561171563,-3.218526713035572,2.4931932499755884,1449.4223520705232,-1.3241451348382582,-1.170223290976085,-1.137068798762238,-1.133608848087606,36.75854865161742,38.29776709023915,38.629312012377625,38.66391151912394,5,11,0,0.3125,-70,-4.375,-1.0954451150103321,-0.04162368375190595
1979,IND,-3.4395846243373693,-0.5411844848010947,-2.605552801480079,2.494622514726053,1454.5631811261674,-0.6685794361979797,-1.0157702279420298,-0.9205121032835104,-1.0183862242101576,43.314205638020205,39.8422977205797,40.79487896716489,39.81613775789842,5,11,0,0.3125,-80,-5.0,-1.0954451150103321,0.17493301172682174
1979,KC,1.2510909063029367,-0.0201537105468221,-0.2100742915279123,2.4947541970142404,1485.3706835122173,0.2431844958399818,-0.0378272839132614,-0.0742168524968316,-0.327890348620961,52.43184495839982,49.62172716086739,49.257831475031686,46.72109651379039,7,9,0,0.4375,-24,-1.5,-0.3651483716701107,0.2909315191732791
1979,LAC,10.514346226249554,0.8657537166569773,5.920263562778229,2.449105968915901,1553.1809579094045,2.043757150847986,1.6249668547566212,2.091561629866044,1.191957453615401,70.43757150847986,66.24966854756622,70.91561629866044,61.91957453615401,12,4,0,0.75,165,10.3125,1.4605934866804429,0.6309681431856013
1979,LAR,0.4692181924321328,0.2263317962555645,0.6213283241313288,2.368668329407921,1529.1784447644914,0.0912056741765863,0.4248109595335885,0.2195082142073101,0.6539834198020412,50.912056741765866,54.24810959533588,52.19508214207311,56.539834198020415,9,7,0,0.5625,14,0.875,0.3651483716701107,-0.14564015746280062
1979,MIA,3.899366131270871,0.3252599647160248,2.4452482377102136,2.449357387081968,1519.8575885470505,0.7579508267155419,0.610493090210159,0.8638783282635127,0.4450728533285583,57.57950826715542,56.10493090210159,58.63878328263513,54.450728533285584,10,6,0,0.625,84,5.25,0.7302967433402214,0.1335815849232913
1979,MIN,-7.374572113479401,-0.4915831005984915,-3.5508042257337307,2.492834081143908,1481.9686573356933,-1.4334542697234125,-0.9226714589404824,-1.2544586562672746,-0.4041407701611385,35.66545730276587,40.77328541059518,37.45541343732725,45.958592298388616,7,9,0,0.4375,-78,-4.875,-0.3651483716701107,-0.8893102845971639
1979,NE,3.909173743528037,0.282634513471326,2.451383450086487,2.493412555199872,1511.2142810705395,0.7598572103605169,0.53048772135175,0.8660458288589206,0.2513483478755445,57.59857210360517,55.3048772135175,58.6604582885892,52.51348347875545,9,7,0,0.5625,85,5.3125,0.3651483716701107,0.5008974571888098
1979,NO,-0.8029435306552046,-0.0549929523257046,0.0248528116735429,2.4879144124484256,1501.8723568243877,-0.1560745240067154,-0.1032184131066078,0.008780215059593,0.0419655786655526,48.43925475993285,48.96781586893392,50.087802150595934,50.419655786655525,8,8,0,0.5,10,0.625,0.0,0.008780215059593
1979,NYG,-6.087038363158733,-0.4691718484049521,-3.4139330240795727,2.4945910690506774,1467.883311373731,-1.1831860882737126,-0.8806069072239553,-1.2061036209588205,-0.7198389780556516,38.16813911726288,41.19393092776045,37.93896379041179,42.80161021944348,6,10,0,0.375,-86,-5.375,-0.7302967433402214,-0.4758068776185991
1979,NYJ,-1.4914119340025354,-0.0511896758432993,-0.8878273829445453,2.4932100771147137,1504.1972106593537,-0.2898976065071952,-0.0960798954144768,-0.3136592937831614,0.0940730804122264,47.10102393492805,49.03920104585523,46.86340706216839,50.94073080412227,8,8,0,0.5,-46,-2.875,0.0,-0.3136592937831614
1979,OAK,3.649693184202615,0.3215368728070045,1.497355685135211,2.4931150816273577,1519.698486669714,0.70941990905657,0.6035050740654155,0.5289986947508308,0.4415068651246877,57.0941990905657,56.03505074065416,55.28998694750831,54.41506865124688,9,7,0,0.5625,28,1.75,0.3651483716701107,0.16385032308072012
1979,PHI,1.9895507623227893,0.472697519590365,1.5897578104148715,2.4065763724188285,1547.4846069076038,0.3867248148364096,0.8872243767269322,0.5616433122925402,1.0642837842811164,53.8672481483641,58.872243767269325,55.6164331229254,60.64283784281116,11,5,0,0.6875,57,3.5625,1.0954451150103321,-0.533801802717792
1979,PIT,11.708607345065635,1.086075843540547,6.766246624224516,2.3688357120302146,1590.5825038831686,2.275895188633594,2.038498031888297,2.390437801859866,2.0302471958970743,72.75895188633594,70.38498031888298,73.90437801859866,70.30247195897074,12,4,0,0.75,154,9.625,1.4605934866804429,0.9298443151794231
1979,SEA,2.594137628647058,0.2195241084807269,0.8205523231881089,2.4931150816273577,1525.7027446478476,0.5042431754430059,0.4120333453243666,0.2898917820598347,0.5760817267256767,55.042431754430055,54.12033345324367,52.89891782059835,55.76081726725677,9,7,0,0.5625,6,0.375,0.3651483716701107,-0.07525658961027604
1979,SF,-7.295707093407586,-1.092587456523068,-4.2176745729525695,2.487960277368357,1402.2876946069466,-1.4181246481515883,-2.0507199317935703,-1.4900563480841953,-2.190049132277816,35.818753518484115,29.4928006820643,35.09943651915805,28.09950867722184,2,14,0,0.125,-108,-6.75,-2.1908902300206643,0.700833881936469
1979,TB,-2.82083186442462,-0.0024579701317521,-0.4342262316478382,2.411950549239934,1516.3094465021195,-0.5483075381201397,-0.004613459829548,-0.1534071777658741,0.3655475020901266,44.516924618798605,49.95386540170452,48.46592822234126,53.655475020901264,10,6,0,0.625,36,2.25,0.7302967433402214,-0.8837039211060955
1979,TEN,5.1366492932709695,0.671082135260449,2.195307099265283,2.36930573247134,1560.2715659836824,0.9984514014111396,1.2595801850303738,0.7755769732050679,1.350880938205485,59.9845140141114,62.59580185030374,57.75576973205068,63.50880938205485,11,5,0,0.6875,31,1.9375,1.0954451150103321,-0.31986814180526424
1979,WSH,2.678810170835995,0.4130204267028897,1.870668435810072,2.492175387348628,1531.2032747126564,0.5207016513059264,0.7752141178454199,0.6608858340600265,0.6993664148419286,55.20701651305927,57.7521411784542,56.60885834060026,56.993664148419285,10,6,0,0.625,53,3.3125,0.7302967433402214,-0.06941090928019489
1980,ARI,-2.880284375833661,-0.5591970522770152,-2.0728022163300164,2.503975091908623,1453.147932452049,-0.5690815333738722,-0.9971362081129502,-0.5827161167155742,-0.9571847382129188,44.30918466626128,40.0286379188705,44.172838832844256,40.42815261787081,5,11,0,0.3125,-51,-3.1875,-1.0215078369104984,0.4387917201949242
1980,ATL,7.306728018667034,0.6990927057525179,5.222240115118401,2.448734002807859,1556.3946303671548,1.4436505019075958,1.2465921393808836,1.468101228599609,1.1521386852213764,64.43650501907595,62.465921393808834,64.68101228599609,61.521386852213766,12,4,0,0.75,133,8.3125,1.3620104492139977,0.10609077938561118
1980,BUF,3.836609722363874,0.49462252752922,2.519124166836381,2.4574972475830084,1539.368530379562,0.7580306174205452,0.8819896842077866,0.7081882875551399,0.804296553329721,57.580306174205454,58.81989684207787,57.0818828755514,58.042965533297206,11,5,0,0.6875,60,3.75,1.0215078369104984,-0.31331954935535855
1980,CHI,0.2227377741653129,-0.1775370563491136,0.5169069491891904,2.5029101859389016,1488.4303848384138,0.0440081386149906,-0.3165764670014637,0.145315364756858,-0.2363664964909618,50.44008138614991,46.83423532998536,51.45315364756858,47.63633503509038,7,9,0,0.4375,40,2.5,-0.34050261230349943,0.48581797706035745
1980,CIN,-3.6712492781867696,-0.3352311756360876,-2.616451682882394,2.4970022417087208,1475.4774560980409,-0.7253589909932227,-0.5977698593972979,-0.7355494664235801,-0.5009940007682345,42.746410090067776,44.02230140602702,42.6445053357642,44.99005999231765,6,10,0,0.375,-68,-4.25,-0.6810052246069989,-0.05454424181658124
1980,CLE,1.8163561902688368,0.3666717207151612,1.417685295587199,2.448637040064605,1540.1551644198555,0.3588724691853166,0.6538332913726533,0.3985465008002564,0.8203674363736166,53.588724691853166,56.538332913726535,53.98546500800256,58.20367436373617,11,5,0,0.6875,47,2.9375,1.0215078369104984,-0.622961336110242
1980,DAL,6.9203900604059765,0.7663002977758361,4.886841660224844,2.376061547218624,1575.792692404387,1.367318525963693,1.366433835959312,1.373812403718856,1.5484398498165783,63.67318525963693,63.66433835959312,63.73812403718856,65.48439849816579,12,4,0,0.75,143,8.9375,1.3620104492139977,0.011801954504858214
1980,DEN,0.7469839799749745,0.1042408304474245,0.068838419740042,2.5024366288556377,1498.8196439761612,0.147587784142612,0.1858777795405811,0.0193521872544002,-0.0241145979421271,51.47587784142612,51.85877779540581,50.193521872544,49.75885402057873,8,8,0,0.5,-13,-0.8125,0.0,0.0193521872544002
1980,DET,1.955860446691113,0.1748475316726896,1.9350558166932568,2.504408463870268,1505.7721107499003,0.3864354754020179,0.3117806219115167,0.5439921871213654,0.1179238528038222,53.86435475402018,53.11780621911517,55.439921871213656,51.17923852803822,9,7,0,0.5625,62,3.875,0.34050261230349943,0.203489574817866
1980,GB,-7.51984556689735,-0.5122633070465631,-4.896938417855269,2.5027785160954648,1452.9840296887269,-1.4857578931615183,-0.9134459658967792,-1.37665085272835,-0.96053326116641,35.14242106838481,40.86554034103221,36.2334914727165,40.394667388335904,5,10,1,0.34375,-140,-8.75,-0.8512565307587486,-0.5253943219696015
1980,IND,-1.5646176626349415,-0.1630401489002596,-1.1976035841913348,2.504405598721225,1481.0345337042768,-0.3091344125832794,-0.2907262031918581,-0.3366760728287059,-0.3874632613123956,46.90865587416721,47.09273796808142,46.63323927171294,46.12536738687604,7,9,0,0.4375,-32,-2.0,-0.34050261230349943,0.0038265394747935555
1980,KC,-0.1538155510796425,0.0488259111040565,-0.4028932224440465,2.503984262718306,1504.3121649899197,-0.0303906067052197,0.0870642712755946,-0.1132632781767731,0.0880972544655113,49.69609393294781,50.870642712755945,48.86736721823227,50.88097254465512,8,8,0,0.5,-17,-1.0625,0.0,-0.1132632781767731
1980,LAC,5.576007672057012,0.6056144385788168,3.537517382615689,2.419453935983053,1545.566275143983,1.1016978124600068,1.0799057012263795,0.9944838806962476,0.930916081780014,61.01697812460007,60.7990570122638,59.94483880696247,59.30916081780014,11,5,0,0.6875,91,5.6875,1.0215078369104984,-0.0270239562142508
1980,LAR,5.397374492876859,0.4194828784055023,4.10016768405607,2.452410343658697,1544.730975827879,1.066403782338461,0.7480038834939351,1.1526588363872377,0.913850970269279,60.66403782338461,57.48003883493935,61.52658836387238,59.13850970269279,11,5,0,0.6875,135,8.4375,1.0215078369104984,0.13115099947673925
1980,MIA,-1.1923777553314052,-0.0384725096824802,-1.0331560233489878,2.5029681222014504,1498.4232625585776,-0.2355879048118266,-0.0686025297615,-0.2904457845250466,-0.0322126449073739,47.64412095188173,49.313974702385,47.09554215474953,49.67787355092626,8,8,0,0.5,-39,-2.4375,0.0,-0.2904457845250466
1980,MIN,-0.6080791065483828,0.0022138867398226,-0.1902907887422987,2.4571544257970395,1510.5758962396965,-0.1201432029665505,0.0039477079143198,-0.0534954606807508,0.2160648825838973,48.798567970334496,50.0394770791432,49.46504539319249,52.160648825838976,9,7,0,0.5625,9,0.5625,0.34050261230349943,-0.3939980729842502
1980,NE,6.134284808548912,0.464115332887779,4.311292577599386,2.502708761150509,1527.8996961174037,1.2120012295628508,0.8275905627155281,1.2120112806958765,0.5699890041570834,62.12001229562851,58.27590562715528,62.12011280695876,55.69989004157083,10,6,0,0.625,116,7.25,0.6810052246069989,0.5310060560888776
1980,NO,-10.406121169828356,-1.3873858195814257,-7.387991431708163,2.496336332681655,1390.7059777509244,-2.056023162673376,-2.473926909474811,-2.076947642904049,-2.2328698721278406,29.43976837326624,25.26073090525189,29.23052357095951,27.671301278721597,1,15,0,0.0625,-196,-12.25,-2.383518286124496,0.3065706432204469
1980,NYG,-8.989618237979078,-0.7985158675021242,-6.447141034728812,2.5020127023784333,1433.9257824833674,-1.7761529987240068,-1.4238792586564903,-1.8124512594966584,-1.3498920305182425,32.23847001275993,35.761207413435095,31.875487405033414,36.50107969481758,4,12,0,0.25,-176,-11.0,-1.3620104492139977,-0.4504408102826607
1980,NYJ,-5.143492969228878,-0.7098131037876895,-3.716910026066768,2.502708761150509,1441.7335826747612,-1.0162423163439545,-1.2657082935214048,-1.0449156024184665,-1.1903791728504496,39.83757683656046,37.34291706478595,39.55084397581534,38.09620827149551,4,12,0,0.25,-93,-5.8125,-1.3620104492139977,0.31709484679553124
1980,OAK,6.651156067232111,0.9151152811118244,4.432829650744312,2.336089659919799,1593.8071208813433,1.31412374597694,1.631794333819251,1.2461783665577295,1.916473469424147,63.1412374597694,66.31794333819252,62.4617836655773,69.16473469424147,11,5,0,0.6875,58,3.625,1.0215078369104984,0.2246705296472311
1980,PHI,8.654840391783305,0.8291785373831082,6.123543624191239,2.3794059470837063,1566.7772996953213,1.7100081792571613,1.4785556169299194,1.721480000897016,1.3642559543826802,67.10008179257161,64.7855561692992,67.21480000897016,63.642559543826806,12,4,0,0.75,162,10.125,1.3620104492139977,0.3594695516830182
1980,PIT,1.884306277368796,0.3099858602582058,1.3383279248349278,2.4970022417087208,1516.0612783489898,0.372297928172692,0.5527534954053677,0.3762371755046687,0.3281308876306996,53.72297928172692,55.52753495405368,53.762371755046686,53.281308876306994,9,7,0,0.5625,39,2.4375,0.34050261230349943,0.035734563201169245
1980,SEA,-4.141904908913912,-0.5538995606480585,-3.4113676350511986,2.5024366288556377,1428.6782053306729,-0.8183503047233908,-0.987689948169521,-0.959020057642458,-1.4570996955377902,41.816496952766094,40.12310051830479,40.40979942357542,35.4290030446221,4,12,0,0.25,-117,-7.3125,-1.3620104492139977,0.4029903915715397
1980,SF,-5.341813963587084,-0.4461957883081897,-3.5163715168428715,2.4970198524246943,1464.283422544096,-1.0554262304451214,-0.795637199119557,-0.9885392533262796,-0.7296873890784343,39.44573769554879,42.04362800880443,40.114607466737205,42.70312610921566,6,10,0,0.375,-95,-5.9375,-0.6810052246069989,-0.3075340287192807
1980,TB,-5.186512233564012,-0.5740662418788186,-3.235930982613998,2.502778516095465,1450.6463238166966,-1.0247419871118342,-1.023650309496142,-0.9097004631184866,-1.008292442356183,39.75258012888166,39.76349690503858,40.902995368815134,39.91707557643817,5,10,1,0.34375,-70,-4.375,-0.8512565307587486,-0.05844393235973799
1980,TEN,0.8987116269869364,0.4001949684749283,0.7560415773073564,2.448700371051931,1541.5089615416991,0.1775658664254718,0.7136105094725905,0.2125420402068493,0.8480254248356854,51.77565866425472,57.13610509472591,52.12542040206849,58.48025424835686,11,5,0,0.6875,44,2.75,1.0215078369104984,-0.8089657967036491
1980,WSH,-1.202614749777583,-0.3448850772390686,-1.0405642819321537,2.5023633854303617,1472.98666497614,-0.2376105122131824,-0.614984282825845,-0.2925284297669311,-0.5518807038047587,47.623894877868175,43.85015717174155,47.07471570233069,44.48119296195242,6,10,0,0.375,-32,-2.0,-0.6810052246069989,0.38847679484006775
1981,ARI,-3.2392803899730507,-0.2360226175018355,-2.3896568848354867,2.605196406626534,1483.7120938854223,-0.6350736907959684,-0.4451549925950787,-0.7127815721880656,-0.3529517197459878,43.64926309204032,45.548450074049214,42.87218427811934,46.47048280254012,7,9,0,0.4375,-93,-5.8125,-0.366459501101066,-0.3463220710869996
1981,ATL,3.908515565001508,0.0050882296838159,2.526095831904843,2.599802501102117,1480.417214790176,0.7662798852122985,0.0095967533586204,0.7534782796597228,-0.424350292088041,57.66279885212298,50.095967533586204,57.53478279659723,45.75649707911959,7,9,0,0.4375,71,4.4375,-0.366459501101066,1.1199377807607889
1981,BUF,1.4077948576376054,0.3098269948798514,1.1259712128509451,2.523778382924723,1536.7186852740606,0.2760037318445711,0.5843551566002912,0.335852203898993,0.7956776655712796,52.76003731844571,55.84355156600292,53.35852203898993,57.9567766557128,10,6,0,0.625,35,2.1875,0.732919002202132,-0.397066798303139
1981,CHI,-2.921480202158458,-0.3869217191355444,-2.2250717932175004,2.605918532060328,1476.3365222427042,-0.5727677110988096,-0.729761142553717,-0.6636894949502652,-0.5127770942965699,44.2723228890119,42.70238857446283,43.36310505049735,44.8722290570343,6,10,0,0.375,-71,-4.4375,-0.732919002202132,0.06922950725186683
1981,CIN,6.205796803962668,0.7364684928484829,4.482160674921312,2.4747344144981573,1574.9979929492058,1.2166709287722963,1.3890305511840435,1.3369289762659289,1.625173328155935,62.166709287722966,63.89030551184044,63.36928976265929,66.25173328155935,12,4,0,0.75,117,7.3125,1.465838004404264,-0.12890902813833516
1981,CLE,-6.22126067688354,-0.6486753395020258,-3.850587487888115,2.599929788648044,1448.9833640380912,-1.219702682022264,-1.2234465874881202,-1.148544722416723,-1.1055079315747625,37.80297317977736,37.7655341251188,38.51455277583277,38.94492068425237,5,11,0,0.3125,-99,-6.1875,-1.099378503303198,-0.04916621911352492
1981,DAL,7.549337206866055,0.832188893064306,4.724114574901309,2.5152270764714832,1561.784894938772,1.4800773214533745,1.5695658511492736,1.4090984506030988,1.338851339734046,64.80077321453375,65.69565851149274,64.09098450603099,63.38851339734046,12,4,0,0.75,90,5.625,1.465838004404264,-0.05673955380116524
1981,DEN,1.0682183015529318,0.3509030591712163,0.920562886051341,2.605561747114556,1531.065614024658,0.2094284092982348,0.661827456878104,0.2745834623295014,0.6731781125110217,52.09428409298235,56.61827456878104,52.74583462329501,56.73178112511022,10,6,0,0.625,32,2.0,0.732919002202132,-0.4583355398726306
1981,DET,4.300742020063761,0.1609897507487595,2.5851860809777603,2.6059185320603286,1500.329933547884,0.8431774280169447,0.3036378126002704,0.7711035885073894,0.0071495140203011,58.43177428016945,53.0363781260027,57.7110358850739,50.07149514020301,8,8,0,0.5,75,4.6875,0.0,0.7711035885073894
1981,GB,-1.5196862095096633,-0.0671986520240569,-1.1624690306014245,2.6068086030308013,1503.8358077083835,-0.2979404724927397,-0.1267413087812895,-0.3467386922826215,0.0831202560823444,47.0205952750726,48.7325869121871,46.532613077173785,50.83120256082344,8,8,0,0.5,-37,-2.3125,0.0,-0.3467386922826215
1981,IND,-15.500863576055746,-1.3036515723713689,-10.092032295294077,2.605667497941043,1403.8260905797763,-3.039005413746359,-2.4587770959748227,-3.010229080024461,-2.0840460698740277,19.60994586253641,25.412229040251773,19.89770919975539,29.159539301259727,2,14,0,0.125,-274,-17.125,-2.198757006606396,-0.8114720734180652
1981,KC,2.8805153567993416,0.192898189487506,1.9798336422295808,2.605816975637405,1512.3094728381684,0.5647363916688435,0.363819336561027,0.5905404014837795,0.2667408307019644,55.647363916688434,53.63819336561027,55.90540401483779,52.66740830701964,9,7,0,0.5625,53,3.3125,0.366459501101066,0.2240809003827135
1981,LAC,3.1662662075117702,0.4163954763651197,2.2974128486541043,2.516090809602105,1536.69092615084,0.620758972477768,0.7853506886749853,0.6852672250231738,0.7950761376517019,56.20758972477768,57.853506886749855,56.85267225023174,57.95076137651702,10,6,0,0.625,88,5.5,0.732919002202132,-0.04765177717895819
1981,LAR,-2.135516755065805,-0.3650837544046267,-1.6105495598652328,2.599850961710781,1464.901381264497,-0.4186764787618628,-0.6885732295859792,-0.4803911618661389,-0.7605715403969026,45.81323521238137,43.11426770414021,45.19608838133861,42.39428459603097,6,10,0,0.375,-48,-3.0,-0.732919002202132,0.2525278403359931
1981,MIA,2.684427387622589,0.5080563126705729,2.070518088036288,2.557412880166246,1542.5977234991442,0.5262925722664723,0.9582293701280264,0.6175895574798956,0.923073823026934,55.262925722664725,59.58229370128026,56.17589557479896,59.23073823026934,11,4,1,0.71875,70,4.375,1.282608253853731,-0.6650186963738353
1981,MIN,-1.8808970475532247,-0.2159970958825172,-1.326679046816968,2.605700740300277,1475.1211300531966,-0.3687572813067917,-0.4073854727816188,-0.3957188928586556,-0.5391141053546469,46.31242718693208,45.92614527218381,46.042811071413446,44.60885894645353,7,9,0,0.4375,-44,-2.75,-0.366459501101066,-0.02925939175758957
1981,NE,-3.5865866987407764,-0.9579535621681452,-2.095932584639549,2.60521107401227,1398.960361886948,-0.7031644618291233,-1.8067667217107852,-0.6251701373364412,-2.1894842580530525,42.96835538170877,31.932332782892143,43.74829862663559,28.105157419469474,2,14,0,0.125,-48,-3.0,-2.198757006606396,1.5735868692699548
1981,NO,-9.202595546109594,-0.8285551219120177,-6.206372308941946,2.599802501102117,1436.6631917769928,-1.8042051365670704,-1.5627123072494968,-1.85122301030956,-1.372480614038203,31.9579486343293,34.37287692750503,31.4877698969044,36.27519385961797,4,12,0,0.25,-171,-10.6875,-1.465838004404264,-0.3853850059052959
1981,NYG,3.579563297073366,0.3286281305654704,1.868904529978673,2.525614419372659,1525.9153668302126,0.7017874962435968,0.619815399798576,0.5574527111407066,0.5615745342727146,57.01787496243597,56.19815399798576,55.574527111407065,55.615745342727145,9,7,0,0.5625,38,2.375,0.366459501101066,0.1909932100396406
1981,NYJ,1.7584741870953295,0.2361792030354849,1.6904988415784017,2.5669516069896474,1530.672055062032,0.3447557968815916,0.4454503237493977,0.5042382568513855,0.664649863901093,53.44755796881592,54.45450323749398,55.04238256851386,56.64649863901093,10,5,1,0.65625,68,4.25,0.9161487527526649,-0.4119104959012795
1981,OAK,-3.6194846432006655,-0.2634891746334508,-2.349398444546149,2.605816975637405,1483.788167080903,-0.7096142335353375,-0.4969588204059512,-0.7007733736281083,-0.3513032472546452,42.90385766464662,45.03041179594049,42.99226626371892,46.48696752745354,7,9,0,0.4375,-70,-4.375,-0.366459501101066,-0.3343138725270423
1981,PHI,6.772049000642628,0.3938499432975567,4.305384479357066,2.5650713450288665,1512.4868714453492,1.3276869042895805,0.7428282528509479,1.2842005634970042,0.2705849800385663,63.27686904289581,57.42828252850948,62.84200563497004,52.705849800385664,10,6,0,0.625,147,9.1875,0.732919002202132,0.5512815612948722
1981,PIT,2.9019313015516697,0.1539941296523428,2.119797503628724,2.599485531140286,1496.319885905354,0.5689350720664539,0.290443587019965,0.6322885126083027,-0.0797464443513825,55.689350720664535,52.90443587019965,56.32288512608302,49.202535556486175,8,8,0,0.5,59,3.6875,0.0,0.6322885126083027
1981,SEA,-3.1895396407265846,-0.292962028954043,-2.088496829683219,2.606709327730816,1473.0031762756616,-0.6253218208112978,-0.5525466635783838,-0.6229522167881769,-0.5850092267327359,43.746781791887024,44.47453336421616,43.77047783211823,44.14990773267264,6,10,0,0.375,-66,-4.125,-0.732919002202132,0.1099667854139551
1981,SF,6.93753453266762,1.098458686530854,4.472747637730989,2.4753912256318262,1609.921426360538,1.3601309952431644,2.071769111131222,1.3341212763445884,2.3819486800799066,63.60130995243164,70.71769111131223,63.34121276344588,73.81948680079907,13,3,0,0.8125,107,6.6875,1.8322975055053299,-0.49817622916074145
1981,TB,1.2261460850661454,0.1191800510632133,0.6599686487506695,2.5579404284964493,1510.6380018800855,0.240390773860877,0.224781825191449,0.1968539893892428,0.2305207944977517,52.40390773860877,52.24781825191449,51.96853989389243,52.30520794497752,9,7,0,0.5625,47,2.9375,0.366459501101066,-0.1696055117118232
1981,TEN,-4.486957587337213,-0.2983851070374126,-2.801466321509503,2.599485531140286,1480.347187168664,-0.8796857241058175,-0.5627749641946421,-0.8356151804676052,-0.4258677596660422,41.20314275894182,44.37225035805358,41.64384819532395,45.74132240333958,7,9,0,0.4375,-74,-4.625,-0.366459501101066,-0.4691556793665392
1981,WSH,1.1568368621993046,0.0217902024624914,0.3695551062871425,2.6052243204753984,1507.655460542279,0.2268024274773732,0.0410978300236849,0.11023008003411,0.165890443181434,52.26802427477373,50.41097830023685,51.1023008003411,51.65890443181434,8,8,0,0.5,-2,-0.125,0.0,0.11023008003411
1982,ARI,-3.131007244396355,-0.0236088790331317,-2.5411848804082293,3.0468875037377194,1502.236881052413,-0.5143136397845879,-0.0449191652505121,-0.692539398325158,0.0603667315337009,44.85686360215412,49.55080834749488,43.07460601674842,50.60366731533701,5,4,0,0.5555555555555556,-35,-3.888888888888889,0.2652390597064654,-0.9577784580316233
1982,ATL,-4.0127241153450806,-0.1100997100470676,-2.078673719747392,3.0424792097048834,1496.2365763962075,-0.6591485052959084,-0.2094799614457452,-0.5664930002876919,-0.101563550772024,43.40851494704091,47.90520038554255,44.33506999712308,48.98436449227976,5,4,0,0.5555555555555556,-16,-1.7777777777777777,0.2652390597064654,-0.8317320599941573
1982,BUF,2.002860486637249,-0.0500969111089708,0.3541005813126747,3.135569549781634,1488.5862939569615,0.3289990684968001,-0.0953163183006733,0.0965016773944729,-0.308021800158485,53.289990684968,49.04683681699327,50.96501677394473,46.91978199841515,4,5,0,0.4444444444444444,-4,-0.4444444444444444,-0.2652390597064654,0.3617407371009383
1982,CHI,-5.597641580958235,-0.4188334511333978,-3.0487626247867787,3.131545682526128,1473.732065857029,-0.9194943323317772,-0.7968887035043503,-0.8308676200949537,-0.7088930037844647,40.80505667668223,42.0311129649565,41.69132379905047,42.91106996215535,3,6,0,0.3333333333333333,-33,-3.6666666666666665,-0.7957171791193959,-0.03515044097555786
1982,CIN,1.129743409952034,0.3718694262360195,1.207959035679068,3.046056725636483,1533.277868778001,0.1855768447150638,0.7075331355320632,0.3292004569286706,0.89807018051684,51.85576844715064,57.07533135532063,53.2920045692867,58.9807018051684,7,2,0,0.7777777777777778,55,6.111111111111111,1.3261952985323262,-0.9969948416036556
1982,CLE,-4.7509719228445695,-0.2473464174916888,-2.953493055998079,3.050911306970696,1485.85258119529,-0.7804164830744961,-0.470610848818327,-0.8049041688103608,-0.3817965340434422,42.19583516925504,45.29389151181673,41.95095831189639,46.18203465956558,4,5,0,0.4444444444444444,-42,-4.666666666666667,-0.2652390597064654,-0.5396651091038953
1982,DAL,8.345278675717841,0.6121476297069628,5.070593562105723,2.88891582840832,1532.7217706790334,1.370833829403242,1.1646957273120833,1.3818694742462008,0.8830627555084498,63.70833829403242,61.64695727312083,63.81869474246201,58.8306275550845,6,3,0,0.6666666666666666,81,9.0,0.7957171791193955,0.5861522951268052
1982,DEN,-10.44496495628921,-0.7917148122929052,-5.514599925559262,3.15690636745932,1451.5156197918814,-1.7157379478140646,-1.5063471855125052,-1.5028728306604968,-1.3084484579293965,32.84262052185935,34.93652814487495,34.97127169339503,36.91551542070604,2,7,0,0.2222222222222222,-78,-8.666666666666666,-1.3261952985323262,-0.1766775321281706
1982,DET,0.1663194915229868,-0.1242479804996288,-0.5057461429634083,3.053997696949122,1482.547800735865,0.0273204040665836,-0.2363990073511294,-0.137829062439913,-0.4709826776502823,50.27320404066584,47.636009926488704,48.62170937560087,45.29017322349718,4,5,0,0.4444444444444444,5,0.5555555555555556,-0.2652390597064654,0.1274099972665524
1982,GB,6.581136680794309,0.3468423420164616,3.968866598033965,2.9540029780735053,1515.661538891957,1.0810477574834712,0.6599156383091261,1.0816200375762142,0.4226581081168687,60.81047757483472,56.59915638309126,60.81620037576214,54.22658108116869,5,3,1,0.6111111111111112,57,6.333333333333333,0.5304781194129308,0.5511419181632834
1982,IND,-7.468985143293785,-0.9093419572190272,-5.827626317282315,3.1403701237572967,1433.0266437502544,-1.2268898264031465,-1.7301491353411045,-1.588180716228017,-1.807410640935904,37.73110173596854,32.69850864658896,34.11819283771983,31.92589359064096,0,8,1,0.05555555555555555,-123,-13.666666666666666,-2.1219124776517218,0.5337317614237047
1982,KC,-0.3845407564931811,-0.2839357462857066,-0.0691992950282006,3.1244442518898072,1476.2534120934808,-0.0631664319753616,-0.5402271192137702,-0.0188586192656936,-0.6408494074585905,49.36833568024638,44.597728807862296,49.811413807343065,43.5915059254141,3,6,0,0.3333333333333333,-8,-0.8888888888888888,-0.7957171791193959,0.7768585598537023
1982,LAC,4.054580070981005,0.4119579234897792,3.1386266180798463,2.9760318521412823,1531.892283577258,0.6660239569347707,0.7838070590105666,0.8553579105598795,0.8606773787225341,56.66023956934771,57.83807059010567,58.55357910559879,58.60677378722534,6,3,0,0.6666666666666666,67,7.444444444444445,0.7957171791193955,0.059640731440483985
1982,LAR,-7.359349174277355,-0.7923600922082291,-3.827578247700869,3.1417302307249875,1453.934512761278,-1.2088805182557223,-1.5075749200063198,-1.0431152637266563,-1.2431697689553884,37.91119481744278,34.9242507999368,39.56884736273344,37.568302310446114,2,7,0,0.2222222222222222,-50,-5.555555555555555,-1.3261952985323262,0.2830800348056699
1982,MIA,10.60576207362038,0.8559137197681413,6.234681625855619,2.8574020023171105,1559.3531980235432,1.7421512213155788,1.6284945068544256,1.6991139429514222,1.6017653539908312,67.42151221315578,66.28494506854426,66.99113942951422,66.01765353990831,7,2,0,0.7777777777777778,67,7.444444444444445,1.3261952985323262,0.37291864441909595
1982,MIN,1.17297888366306,0.1430994948064241,-0.2438624393438846,2.948612167410177,1511.2538822675494,0.1926789023330798,0.272266626698112,-0.0664588980988229,0.3037086343165906,51.9267890233308,52.72266626698112,49.33541101901177,53.0370863431659,5,4,0,0.5555555555555556,-11,-1.2222222222222223,0.2652390597064654,-0.33169795780528827
1982,NE,-2.2672828840041164,-0.0227248592046788,-1.5469416721261606,3.0463674515962915,1503.423185077689,-0.3724343067491921,-0.0432371949755457,-0.4215820986178162,0.0923815302347407,46.27565693250808,49.567628050244544,45.78417901382184,50.92381530234741,5,4,0,0.5555555555555556,-14,-1.5555555555555556,0.2652390597064654,-0.6868211583242816
1982,NO,-2.9164963431204,-0.1446313223111273,-1.763588494898218,3.136122421350726,1490.847865652992,-0.4790770932687145,-0.2751811408824781,-0.4806240288009971,-0.246988741976332,45.209229067312855,47.24818859117522,45.193759711990026,47.53011258023668,4,5,0,0.4444444444444444,-31,-3.4444444444444446,-0.2652390597064654,-0.2153849690945317
1982,NYG,1.617219221894281,-0.0416501803730575,0.5356886228046719,3.155465888487364,1492.954906948143,0.2656518619784944,-0.0792452421085082,0.1459891719752329,-0.1901259972820673,52.65651861978495,49.20754757891492,51.45989171975233,48.098740027179325,4,5,0,0.4444444444444444,4,0.4444444444444444,-0.2652390597064654,0.4112282316816983
1982,NYJ,10.908998282411902,0.6822899547696982,6.345297722320373,2.901765477779073,1543.1615581929343,1.791962194617276,1.2981512245479552,1.7292597247406134,1.1648014064933474,67.91962194617275,62.98151224547955,67.29259724740614,61.64801406493348,6,3,0,0.6666666666666666,79,8.777777777777779,0.7957171791193955,0.9335425456212179
1982,OAK,5.096608941851059,0.7752462782325842,4.043489150231007,2.961741046169842,1557.921782410943,0.8371924083323102,1.475013516436091,1.1019566363803617,1.5631357264092631,58.3719240833231,64.75013516436091,61.01956636380361,65.63135726409263,8,1,0,0.8888888888888888,60,6.666666666666667,1.8566734179452564,-0.7547167815648947
1982,PHI,1.0707935951536571,-0.2408155505481523,0.175352416100505,3.157900228835958,1473.3564750377072,0.1758934772083795,-0.4581849690866323,0.047788123436968,-0.7190290770155664,51.7589347720838,45.41815030913368,50.47788123436968,42.80970922984434,3,6,0,0.3333333333333333,-4,-0.4444444444444444,-0.7957171791193959,0.8435053025563639
1982,PIT,4.039172071137093,0.3082405328937256,3.003887038714649,3.045765322600433,1515.0481797582374,0.6634929680666659,0.5864703450989093,0.818637848220626,0.4061053789858102,56.63492968066666,55.86470345098909,58.18637848220626,54.0610537898581,6,3,0,0.6666666666666666,58,6.444444444444445,0.7957171791193955,0.022920669101230473
1982,SEA,-6.321187095585576,-0.270430059940111,-2.657249599507506,3.1394058418274,1491.0926089746,-1.038347243912806,-0.51453067865308,-0.7241700724061714,-0.2403838514864075,39.61652756087194,44.8546932134692,42.758299275938285,47.59616148513592,4,5,0,0.4444444444444444,-20,-2.2222222222222223,-0.2652390597064654,-0.458931012699706
1982,SF,-2.826870820449599,-0.303822808639895,-0.7697928090441277,3.1466850924726195,1470.2604543203802,-0.4643547930041863,-0.5780650122785529,-0.2097886906696896,-0.8025814193558266,45.35645206995814,44.21934987721447,47.9021130933031,41.97418580644173,3,6,0,0.3333333333333333,3,0.3333333333333333,-0.7957171791193959,0.5859284884497062
1982,TB,1.1263360133707536,0.0387789579423976,-0.5432522599867635,3.041537706895552,1504.8858652334338,0.1850171300925427,0.073782343397697,-0.1480504610941876,0.1318548943576444,51.85017130092543,50.73782343397697,48.51949538905812,51.318548943576445,5,4,0,0.5555555555555556,-20,-2.2222222222222223,0.2652390597064654,-0.41328952080065295
1982,TEN,-11.665787350145251,-0.9608446833138028,-7.08164628057348,3.142757962787932,1434.5349119865496,-1.9162758450157968,-1.8281402115398715,-1.929933981628324,-1.7667069908231638,30.837241549842037,31.718597884601287,30.70066018371676,32.33293009176836,1,8,0,0.1111111111111111,-109,-12.11111111111111,-1.8566734179452566,-0.07326056368306744
1982,WSH,11.230021488495114,1.190119161788385,6.8946547937166125,2.8462016538082864,1594.4292765983878,1.8446949418415024,2.2643666910720763,1.8789739067442877,2.5483638404407136,68.44694941841502,72.64366691072077,68.78973906744287,75.48363840440715,8,1,0,0.8888888888888888,62,6.888888888888889,1.8566734179452564,0.022300488799031237
1983,ARI,-0.5510242453656354,0.0959894721495645,-1.1136943592832151,2.597940569613052,1519.0457806472104,-0.1063112815920757,0.1778930534371536,-0.3493469704298524,0.420760362816323,48.93688718407924,51.77893053437154,46.506530295701474,54.20760362816323,8,7,1,0.53125,-54,-3.375,0.18235722297072907,-0.5317041934005815
1983,ATL,0.3251572130026581,-0.0585062232885572,-0.2101922428584636,2.592870393703453,1489.9477870993692,0.0627338639342133,-0.1084270021785359,-0.0659337300565303,-0.2220740029259884,50.627338639342135,48.91572997821464,49.340662699434695,47.779259970740114,7,9,0,0.4375,-19,-1.1875,-0.36471444594145813,0.2987807158849278
1983,BUF,-3.595641759864112,-0.1247607554649403,-2.3496612305637377,2.598043723802043,1495.1096709600142,-0.6937213504706897,-0.2312136033439472,-0.7370487473441334,-0.1080373999506809,43.0627864952931,47.68786396656053,42.62951252655866,48.91962600049319,8,8,0,0.5,-68,-4.25,0.0,-0.7370487473441334
1983,CHI,-1.3900458039652466,-0.142629552503732,-0.3415504154308612,2.600253762112705,1504.0828844515618,-0.2681870210505424,-0.2643290564795424,-0.1071385536662178,0.0901992926936218,47.31812978949458,47.35670943520458,48.92861446333782,50.90199292693622,8,8,0,0.5,10,0.625,0.0,-0.1071385536662178
1983,CIN,-0.111081941579558,-0.1789652870997898,0.6509729281634663,2.593359391079929,1487.065308864693,-0.0214314772360383,-0.331668470182153,0.2041991309286363,-0.285753859913639,49.78568522763962,46.68331529817847,52.04199130928637,47.14246140086361,7,9,0,0.4375,44,2.75,-0.36471444594145813,0.5689135768700945
1983,CLE,-2.187341200304307,-0.0152211750806232,-0.4960412638560278,2.593279640439443,1510.6647041254755,-0.4220123674035394,-0.0282087321802806,-0.1555997040766462,0.2356051904767183,45.77987632596461,49.7179126781972,48.444002959233536,52.35605190476719,9,7,0,0.5625,14,0.875,0.36471444594145813,-0.5203141500181043
1983,DAL,7.717085048706138,0.7166889581170324,4.4120539377511525,2.551371101882358,1546.8201217874398,1.4888876643506093,1.3282080239536938,1.3839862469254909,1.034352531686486,64.8888766435061,63.28208023953694,63.83986246925491,60.343525316864856,12,4,0,0.75,119,7.4375,1.4588577837658325,-0.07487153684034165
1983,DEN,-2.800819958414265,-0.0088105818032359,-1.773439026274876,2.559980787932594,1504.4904763172503,-0.5403732445386424,-0.0163282625108441,-0.5562976465732853,0.0992038330936618,44.596267554613576,49.83671737489156,44.43702353426715,50.992038330936616,9,7,0,0.5625,-25,-1.5625,0.36471444594145813,-0.9210120925147434
1983,DET,1.3784541925843088,0.0441519709423842,1.4082099121178784,2.551681221428169,1508.8108171175502,0.2659506057349026,0.081824899651194,0.4417314880218089,0.1946490236214954,52.65950605734903,50.81824899651194,54.417314880218086,51.94649023621496,9,7,0,0.5625,61,3.8125,0.36471444594145813,0.07701704208035076
1983,GB,-2.914051052573776,-0.2263225082920235,-1.320110919102515,2.598484461057008,1495.8780045987796,-0.5622193662608962,-0.4194335186976673,-0.4140963329621689,-0.0910633337992751,44.37780633739104,45.80566481302333,45.85903667037831,49.08936666200725,8,8,0,0.5,-10,-0.625,0.0,-0.4140963329621689
1983,IND,-6.449591283104344,-0.371274603145131,-3.635299805210014,2.599962115813859,1479.7308424245475,-1.244345091561131,-0.6880668404368806,-1.1403316924148954,-0.4477872686556292,37.55654908438869,43.1193315956312,38.59668307585105,45.5221273134437,7,9,0,0.4375,-90,-5.625,-0.36471444594145813,-0.7756172464734372
1983,KC,2.454743067740769,-0.1245130380624652,1.0762754485242976,2.598263642057346,1466.746261620677,0.4736032646578363,-0.2307545196118568,0.3376092948266231,-0.7346432936857532,54.736032646578366,47.69245480388143,53.37609294826623,42.65356706314247,6,10,0,0.375,19,1.1875,-0.7294288918829163,1.0670381867095393
1983,LAC,-3.70244061492564,-0.3317576190817624,-3.013735492104679,2.598259694801947,1474.0402020017632,-0.7143264749269165,-0.6148317574612537,-0.945357543627417,-0.5735051887188671,42.85673525073084,43.851682425387466,40.54642456372583,44.264948112811325,6,10,0,0.375,-104,-6.5,-0.7294288918829163,-0.2159286517445007
1983,LAR,2.214923774608299,0.277351243308224,0.8461166389166999,2.505558729722687,1520.402961326687,0.4273339822844247,0.5140028217866884,0.2654123925222016,0.4507432679899965,54.27333982284425,55.140028217866885,52.65412392522202,54.50743267989996,9,7,0,0.5625,17,1.0625,0.36471444594145813,-0.09930205341925652
1983,MIA,6.57054878031574,0.6537558505151784,4.377443471662028,2.550844230958822,1554.7442539271276,1.2676818987068508,1.211576872402627,1.3731295326280577,1.2094128653036256,62.67681898706851,62.11576872402627,63.73129532628057,62.09412865303626,12,4,0,0.75,139,8.6875,1.4588577837658325,-0.08572825113777482
1983,MIN,-3.135112031444718,-0.1817030023125816,-1.4698939295072109,2.598849386043008,1492.223410418855,-0.6048695330574121,-0.3367421569911193,-0.4610807146918396,-0.1718008158471261,43.95130466942588,46.632578430088806,45.3891928530816,48.281991841528736,8,8,0,0.5,-32,-2.0,0.0,-0.4610807146918396
1983,NE,-1.1250676527031775,0.032490309189614,-0.6610745086862915,2.598335438177826,1505.409979012245,-0.2170637409199611,0.0602128564667168,-0.207367824855104,0.1195175337879521,47.82936259080039,50.60212856466717,47.92632175144896,51.19517533787952,8,8,0,0.5,-15,-0.9375,0.0,-0.207367824855104
1983,NO,-0.3516515822434939,0.0190604314568672,-0.488537131888696,2.592518637632186,1495.7649507450742,-0.0678455271190114,0.0353238566246982,-0.1532457855651253,-0.0935609253332743,49.32154472880988,50.35323856624698,48.46754214434875,49.06439074666726,8,8,0,0.5,-18,-1.125,0.0,-0.1532457855651253
1983,NYG,-2.15971471820876,-0.6654145938537586,-2.2628581377614623,2.598167697387541,1427.9389318786382,-0.4166822812192023,-1.2331835070188537,-0.7098200941309364,-1.5919768125711806,45.833177187807976,37.66816492981146,42.90179905869064,34.080231874288195,3,12,1,0.21875,-80,-5.0,-1.6412150067365616,0.9313949126056252
1983,NYJ,-1.2361787638142818,-0.0992112723932713,-0.734420954847479,2.598335438177826,1486.2595616003248,-0.2385008459488022,-0.183863873674862,-0.2303753569886946,-0.3035544698006097,47.61499154051198,48.16136126325138,47.69624643011306,46.9644553019939,7,9,0,0.4375,-18,-1.125,-0.36471444594145813,0.13433908895276353
1983,OAK,10.11317947357293,1.0641030198593528,6.333238176010497,2.47530998688716,1591.1883772284475,1.951175614954649,1.972055175796018,1.9866290525382009,2.0145383063042344,69.5117561495465,69.72055175796018,69.86629052538201,70.14538306304235,12,4,0,0.75,104,6.5,1.4588577837658325,0.5277712687723684
1983,PHI,-3.380504288288466,-0.4578022124100758,-2.79789441963838,2.599948776074901,1446.4278959617382,-0.6522140293064291,-0.8484246408712255,-0.8776518718406242,-1.183517669845386,43.47785970693571,41.51575359128775,41.22348128159376,38.164823301546136,5,11,0,0.3125,-89,-5.5625,-1.0941433378243743,0.21649146598375013
1983,PIT,-0.0835310894365606,0.1753159061857571,0.7275415872481866,2.5466400202122683,1517.579824019686,-0.0161159826368264,0.3249052335540673,0.2282174164287435,0.3883743738198283,49.83884017363174,53.24905233554068,52.28217416428743,53.88374373819829,10,6,0,0.625,52,3.25,0.7294288918829163,-0.5012114754541728
1983,SEA,3.233849936163008,0.3883033688873888,1.569914195793782,2.4781569545587434,1534.064450407378,0.623919426561377,0.7196255006349093,0.4924553703301152,0.7525535853867084,56.23919426561377,57.19625500634909,54.92455370330115,57.52553585386708,9,7,0,0.5625,6,0.375,0.36471444594145813,0.12774092438865708
1983,SF,7.971677172819629,0.5464064488405925,5.044878248557616,2.50175922996828,1535.3437665441827,1.5380071272878424,1.0126309628054964,1.582492465397212,0.7808163030904097,65.38007127287842,60.12630962805496,65.82492465397212,57.8081630309041,10,6,0,0.625,139,8.6875,0.7294288918829163,0.8530635735142956
1983,TB,-8.52400092033361,-1.1546547048468871,-5.027196568324952,2.598849386043009,1402.937624942856,-1.6445691269562714,-2.1398706182146667,-1.5769460231710288,-2.144306967582323,33.554308730437285,28.60129381785333,34.23053976828971,28.55693032417677,2,14,0,0.125,-139,-8.6875,-2.1882866756487487,0.6113406524777198
1983,TEN,-10.666637497135124,-1.178324286347599,-6.31693945714962,2.593359391079928,1404.0583316366942,-2.057956454976073,-2.1837364092482963,-1.981516421762554,-2.119548257826884,29.420435450239268,28.16263590751704,30.18483578237446,28.804517421731163,2,14,0,0.125,-172,-10.75,-2.1882866756487487,0.20677025388619463
1983,WSH,12.38481774419156,1.306254436534478,7.565895317742873,2.471476007711044,1603.2228183337331,2.389451748707756,2.420823711988723,2.3732926236099634,2.28040379638554,73.89451748707756,74.20823711988723,73.73292623609963,72.8040379638554,14,2,0,0.875,209,13.0625,2.1882866756487487,0.18500594796121472
1984,ARI,5.315423133030039,0.344715187869856,4.011481751292912,2.865092494625883,1521.8501132052925,0.8393601893998591,0.5190584474145078,0.8059713393529818,0.4046682698704461,58.39360189399859,55.19058447414508,58.05971339352982,54.04668269870446,9,7,0,0.5625,78,4.875,0.3027425107632567,0.5032288285897251
1984,ATL,-6.605007684837617,-0.8242150217660664,-5.095029193084562,2.854048942866373,1429.4635647013968,-1.0429989038657212,-1.2410702649258585,-1.0236734846093687,-1.3063482539852755,39.57001096134279,37.58929735074142,39.76326515390632,36.93651746014724,4,12,0,0.25,-101,-6.3125,-1.2109700430530268,0.1872965584436581
1984,BUF,-11.517381011585048,-1.1012731303490528,-8.919004340880658,2.864554703345396,1407.0382098157877,-1.818713367747188,-1.658253367803759,-1.791971725160605,-1.7216701096446825,31.812866322528123,33.41746632196241,32.08028274839395,32.783298903553174,2,14,0,0.125,-204,-12.75,-1.81645506457954,0.02448333941893499
1984,CHI,3.8307972016133394,0.3850903200316535,2.801886387816123,2.7485608258126577,1533.8039326013186,0.6049224274767536,0.579853718848763,0.5629441350381842,0.6260552882297828,56.04922427476754,55.79853718848763,55.62944135038184,56.26055288229783,10,6,0,0.625,77,4.8125,0.6054850215265134,-0.04254088648832921
1984,CIN,-1.2637270732527826,-0.154616956517631,-0.7185069446077822,2.854921852700117,1505.3480894437698,-0.1995555516481573,-0.2328160760479681,-0.1443596257899739,0.0990476379682336,48.00444448351843,47.67183923952032,48.55640374210026,50.990476379682335,8,8,0,0.5,0,0.0,0.0,-0.1443596257899739
1984,CLE,-3.097060406586093,-0.4397553713676438,-2.1786998161238658,2.8549218527001163,1450.6370006710265,-0.4890578124065627,-0.6621661833781934,-0.4377359085040071,-0.9142121757626984,45.10942187593437,43.378338166218064,45.62264091495993,40.85787824237302,5,11,0,0.3125,-47,-2.9375,-0.90822753228977,0.4704916237857629
1984,DAL,1.0932009108078296,0.2038556523529204,0.648613319922531,2.865092494625883,1514.2355646568385,0.1726277100774645,0.3069577498480491,0.1303168700721765,0.2636453763963279,51.726277100774645,53.06957749848049,51.30316870072176,52.63645376396328,9,7,0,0.5625,0,0.0,0.3027425107632567,-0.1724256406910802
1984,DEN,6.472175652975499,0.8164035046859331,4.911117644504779,2.80462111820144,1568.9423912139982,1.0220233546701485,1.229307992562342,0.9867226902841656,1.276826253080581,60.220233546701486,62.29307992562342,59.86722690284166,62.76826253080581,13,3,0,0.8125,112,7.0,1.5137125538162834,-0.5269898635321179
1984,DET,-6.268933961169606,-0.6703655366456412,-5.164574008254576,2.8655946714214107,1444.1013336121666,-0.9899293932566016,-1.0094098168452286,-1.037646158873577,-1.0352539779862897,40.10070606743398,39.90590183154772,39.62353841126423,39.64746022013711,4,11,1,0.28125,-125,-7.8125,-1.0595987876713984,0.02195262879782134
1984,GB,4.516682046622857,0.0982475794537582,3.412119433994313,2.864578921621121,1507.7187591145553,0.7132307256132189,0.1479373054858098,0.685549789516649,0.142952893062231,57.13230725613219,51.4793730548581,56.85549789516649,51.42952893062231,8,8,0,0.5,81,5.0625,0.0,0.685549789516649
1984,IND,-10.23324032504987,-0.8844044012781379,-7.824149147819781,2.864124879412957,1433.0217930021597,-1.6159342958105751,-1.3317010435504817,-1.5719976704202498,-1.2404491862438312,33.84065704189425,36.68298956449519,34.280023295797506,37.59550813756169,4,12,0,0.25,-175,-10.9375,-1.2109700430530268,-0.36102762736722305
1984,KC,1.544936657477358,0.2570587663915016,0.9921480150560612,2.8667140528121924,1506.249158759182,0.2439614482190371,0.3870688872224457,0.19933852728444,0.1157356137912987,52.43961448219037,53.870688872224456,51.9933852728444,51.15735613791299,8,8,0,0.5,-10,-0.625,0.0,0.19933852728444
1984,LAC,0.3876875379614796,-0.0566014557834052,-0.0538764030473562,2.8657704029860502,1486.4498936078496,0.0612198647496597,-0.0852282254863315,-0.0108246377313331,-0.2509505584137577,50.6121986474966,49.14771774513668,49.89175362268667,47.49049441586242,7,9,0,0.4375,-19,-1.1875,-0.3027425107632567,0.2919178730319236
1984,LAR,2.3503039162937123,0.3155937620921041,1.768405296935202,2.801373480090895,1524.130940592701,0.3711372530380211,0.4752085603697759,0.3553011266299288,0.4469096287166886,53.71137253038021,54.75208560369776,53.553011266299286,54.46909628716688,10,6,0,0.625,30,1.875,0.6054850215265134,-0.2501838948965846
1984,MIA,10.220690383713936,1.1447639504346618,8.492906854565998,2.6976100829500664,1596.7960419126102,1.6139525305074085,1.7237401184454006,1.7063618724847749,1.7926811839856032,66.13952530507409,67.237401184454,67.06361872484774,67.92681183985603,14,2,0,0.875,215,13.4375,1.81645506457954,-0.1100931920947652
1984,MIN,-9.991156183391826,-1.032070684676548,-8.129208020120549,2.8655946714214107,1418.8201606079836,-1.5777067105539773,-1.554051071902545,-1.6332889146869145,-1.5034661306546884,34.22293289446023,34.459489280974545,33.66711085313085,34.96533869345312,3,13,0,0.1875,-208,-13.0,-1.5137125538162834,-0.11957636087063106
1984,NE,-0.4618254560295035,0.0880241243832912,-0.1135988429503281,2.864554703345398,1511.737746677563,-0.0729270074161771,0.1325432326314045,-0.0228238384911302,0.2173853103441374,49.27072992583823,51.32543232631404,49.7717616150887,52.173853103441374,9,7,0,0.5625,10,0.625,0.3027425107632567,-0.3255663492543869
1984,NO,-2.538145542291081,-0.2231782908178912,-2.122850606429949,2.854662160115512,1483.896907386746,-0.4007993850693525,-0.3360530118919315,-0.4265149021204423,-0.29823235084158,45.99200614930648,46.639469881080686,45.73485097879558,47.0176764915842,7,9,0,0.4375,-63,-3.9375,-0.3027425107632567,-0.1237723913571856
1984,NYG,1.5335686759896794,0.2469829712399455,0.9239208304330404,2.761342296031316,1519.7928804090343,0.2421663265785229,0.3718971548129997,0.1856305862341844,0.3665679255582303,52.42166326578523,53.71897154813,51.85630586234184,53.66567925558231,9,7,0,0.5625,-2,-0.125,0.3027425107632567,-0.11711192452907229
1984,NYJ,-4.155919882363699,-0.3767418367814842,-2.759194298479088,2.865748035773534,1473.883017646582,-0.6562626553500613,-0.5672829041397374,-0.554366606195717,-0.4836915014533989,43.437373446499386,44.32717095860263,44.45633393804283,45.163084985466014,7,9,0,0.4375,-32,-2.0,-0.3027425107632567,-0.2516240954324603
1984,OAK,6.3062819723578665,0.6499058290730836,4.661230127993963,2.8179805531588773,1541.8339800390345,0.995827029805964,0.9786024012718364,0.9365162606263712,0.7747733004921181,59.95827029805964,59.78602401271837,59.36516260626371,57.74773300492118,11,5,0,0.6875,90,5.625,0.90822753228977,0.02828872833660112
1984,PHI,-2.248616220304588,-0.2545375783222207,-1.8149636462477576,2.8644756389936887,1475.5184997978993,-0.3550797160124767,-0.3832725822990461,-0.3646554494163685,-0.4534020596386413,46.449202839875234,46.16727417700954,46.35344550583631,45.46597940361359,6,9,1,0.40625,-42,-2.625,-0.454113766144885,0.08945831672851651
1984,PIT,3.693338541288744,0.2855272131228251,3.088824679161634,2.744389944730946,1520.4068597777705,0.5832162858814122,0.4299355443371946,0.6205946625303909,0.3779389407355081,55.83216285881412,54.29935544337194,56.20594662530391,53.77938940735508,9,7,0,0.5625,77,4.8125,0.3027425107632567,0.31785215176713416
1984,SEA,6.649807286324301,0.7327123204074437,5.007390281032208,2.759588336206453,1565.105949455722,1.050073223453796,1.1032891291571276,1.0060654146478116,1.2057746189680267,60.50073223453796,61.03289129157128,60.06065414647812,62.057746189680266,12,4,0,0.75,136,8.5,1.2109700430530268,-0.20490462840521517
1984,SF,12.872027091614424,1.541024610795265,10.572137813245572,2.691468298694756,1631.579177639506,2.032625969217744,2.3204136923869,2.12411288432748,2.436871501126041,70.32625969217744,73.204136923869,71.2411288432748,74.3687150112604,15,1,0,0.9375,248,15.5,2.1191975753427967,0.0049153089846831755
1984,TB,-2.9556181177986165,-0.4191510322116141,-2.279449222512312,2.86650870843106,1466.7090044373565,-0.4667226147497528,-0.6311409873071446,-0.4579780880875843,-0.6165555963040292,45.33277385250247,43.68859012692855,45.42021911912416,43.83444403695971,6,10,0,0.375,-45,-2.8125,-0.6054850215265134,0.14750693343892912
1984,TEN,-11.51158023451398,-1.1538365784934763,-8.931418977179144,2.8548276520367573,1421.8143868371913,-1.817797365160153,-1.7374013216644346,-1.7944660256872986,-1.4480124890012116,31.82202634839847,32.62598678335566,32.055339743127014,35.519875109987886,3,13,0,0.1875,-197,-12.3125,-1.5137125538162834,-0.2807534718710152
1984,WSH,6.061291091103275,0.4808420826765706,4.812341031783403,2.804040935609525,1539.1146423769587,0.9571404403577464,0.7240329224481042,0.9668768767450314,0.7244106476048462,59.57140440357746,57.24032922448104,59.66876876745032,57.24410647604846,11,5,0,0.6875,116,7.25,0.90822753228977,0.058649344455261376
1985,ARI,-9.45161405498143,-0.7280758325507654,-6.555619798164475,2.7500720052410763,1444.4351416735858,-1.6222327784910298,-1.1344036274059603,-1.5142407665798672,-1.0544690442322568,33.7776722150897,38.6559637259404,34.85759233420133,39.45530955767743,5,11,0,0.3125,-136,-8.5,-0.9733285267845753,-0.5409122397952919
1985,ATL,-8.063753329319102,-0.7350580921883793,-6.283010191490005,2.74263828663015,1445.044382695384,-1.3840265686254072,-1.1452825775184092,-1.4512724138539563,-1.0429073158789024,36.15973431374593,38.54717422481591,35.48727586146043,39.57092684121098,4,12,0,0.25,-170,-10.625,-1.2977713690461004,-0.15350104480785598
1985,BUF,-8.812905279172226,-1.1328092547475697,-6.798041946171048,2.752208136351793,1402.5965326435671,-1.512607659860474,-1.76501247575071,-1.5702363109426123,-1.8484514173488005,34.87392340139526,32.3498752424929,34.29763689057388,31.515485826511995,2,14,0,0.125,-181,-11.3125,-1.9466570535691505,0.37642074262653824
1985,CHI,15.930808869169164,1.6832334204450168,12.074780354299326,2.5969073454630465,1635.085243620564,2.734292808096745,2.6226198049097182,2.7890764295234343,2.5635484732756626,77.34292808096745,76.22619804909718,77.89076429523433,75.63548473275662,15,1,0,0.9375,258,16.125,2.271099895830676,0.5179765336927584
1985,CIN,-0.6401393636207398,-0.174866470816837,-0.2043736830563771,2.742601247577105,1486.6580626623092,-0.109870658326409,-0.2724567276341603,-0.0472069723425229,-0.2531934812113707,48.90129341673591,47.2754327236584,49.52793027657477,47.468065187886296,7,9,0,0.4375,4,0.25,-0.3244428422615251,0.2772358699190022
1985,CLE,-0.8439145632365203,0.0014269000623833,-0.4395464785009199,2.6872253644621846,1492.644050743413,-0.1448457225151595,0.0022232307877085,-0.1015280350363024,-0.1395957987771396,48.55154277484841,50.02223230787708,48.98471964963698,48.60404201222861,8,8,0,0.5,-7,-0.4375,0.0,-0.1015280350363024
1985,DAL,0.5083300051234304,0.2554551044719902,0.7441948887464247,2.694673648685115,1521.7846473080913,0.0872474893499409,0.3980206239467351,0.1718968264657017,0.4134130261064635,50.87247489349941,53.98020623946735,51.718968264657015,54.13413026106464,10,6,0,0.625,24,1.5,0.6488856845230502,-0.4769888580573485
1985,DEN,3.335326580906129,0.5543978191562727,2.384126920467963,2.750643361314854,1550.2648030854382,0.5724605421934963,0.8637986167917178,0.5506942572667057,0.9538884911154072,55.72460542193496,58.63798616791718,55.50694257266706,59.53888491115407,11,5,0,0.6875,51,3.1875,0.9733285267845753,-0.42263426951786953
1985,DET,-1.4005545720812689,-0.1387559590666235,-1.5007537549664445,2.7502682577556694,1481.2634445388123,-0.2403849249111319,-0.216193501077919,-0.3466495291573029,-0.3555685792142328,47.59615075088868,47.83806498922081,46.533504708426975,46.44431420785767,7,9,0,0.4375,-59,-3.6875,-0.3244428422615251,-0.022206686895777816
1985,GB,-0.1200063784336859,-0.0794698973782053,-0.4114858203302123,2.751268883034674,1505.8021561623298,-0.0205973582491466,-0.1238208107245884,-0.0950464827426436,0.1101090553859961,49.79402641750853,48.76179189275412,49.04953517257356,51.10109055385996,8,8,0,0.5,-18,-1.125,0.0,-0.0950464827426436
1985,IND,-2.252710575246697,-0.5541155159209435,-2.0379704155211504,2.7504592680762765,1452.007985396337,-0.3866451713284387,-0.8633587645127815,-0.4707377760268972,-0.9107571816816468,46.133548286715616,41.36641235487218,45.29262223973103,40.89242818318353,5,11,0,0.3125,-66,-4.125,-0.9733285267845753,0.5025907507576781
1985,KC,-1.7202289746494328,-0.2980266235001746,-1.4754513457796838,2.7506433613148533,1466.3860413929715,-0.295252410112487,-0.4643506454234293,-0.3408050871879859,-0.6379010020505416,47.04747589887513,45.35649354576571,46.59194912812014,43.62098997949458,6,10,0,0.375,-43,-2.6875,-0.6488856845230502,0.30808059733506427
1985,LAC,0.7628243933440013,-0.060939110422816,0.7068501406979008,2.75280799146432,1499.51398961702,0.130927768306723,-0.0949482798685187,0.163270801520118,-0.0092231478575437,51.30927768306723,49.05051720131481,51.63270801520118,49.907768521424565,8,8,0,0.5,32,2.0,0.0,0.163270801520118
1985,LAR,2.8293214032592964,0.4543496164262802,2.201520025338363,2.634664918404747,1541.3564968191438,0.4856120758373992,0.7079150686526069,0.5085150563098052,0.7848332019042723,54.85612075837399,57.07915068652607,55.08515056309805,57.84833201904272,11,5,0,0.6875,63,3.9375,0.9733285267845753,-0.46481347047477006
1985,MIA,5.204534789707661,0.676042666738213,3.704677310226912,2.65233002287549,1565.7335862371954,0.8932830819737994,1.0533315612773824,0.8557197614998545,1.2474436890725196,58.932830819738,60.53331561277382,58.55719761499854,62.4744368907252,12,4,0,0.75,108,6.75,1.2977713690461004,-0.44205160754624584
1985,MIN,-1.0337639168440684,-0.2124956630849852,-0.7838926957863341,2.751974870951725,1474.6757183750822,-0.1774306167571308,-0.3310861866779987,-0.1810663694859508,-0.4805856047364621,48.22569383242869,46.68913813322001,48.18933630514049,45.19414395263538,7,9,0,0.4375,-13,-0.8125,-0.3244428422615251,0.14337647277557428
1985,NE,7.050594819773692,0.9218742794383258,4.869240952467864,2.574355187527978,1576.0841328898005,1.2101325718508102,1.4363579724151545,1.1247148827318283,1.4438687563684345,62.1013257185081,64.36357972415155,61.24714882731829,64.43868756368434,11,5,0,0.6875,72,4.5,0.9733285267845753,0.15138635594725303
1985,NO,-6.769595044950373,-0.7146858675155658,-5.026322169065315,2.742350133823725,1446.1216255232182,-1.161903026842385,-1.1135409312036246,-1.1609980701586575,-1.022464193205945,38.38096973157615,38.86459068796376,38.39001929841342,39.77535806794055,5,11,0,0.3125,-107,-6.6875,-0.9733285267845753,-0.18766954337408226
1985,NYG,4.4442464349255975,0.5140004448691687,3.855408880945062,2.641023498609265,1532.8552813191611,0.762790587987289,0.8008560964110928,0.8905362847606979,0.6235033820670863,57.62790587987289,58.00856096411093,58.90536284760698,56.235033820670864,10,6,0,0.625,116,7.25,0.6488856845230502,0.24165060023764773
1985,NYJ,7.161041057841859,0.5510998814539644,4.956086163713461,2.7063664443238835,1535.5350388278043,1.2290890703507436,0.8586601513665566,1.1447747036639608,0.6743578505931032,62.29089070350744,58.58660151366557,61.44774703663961,56.74357850593103,11,5,0,0.6875,129,8.0625,0.9733285267845753,0.17144617687938557
1985,OAK,3.6731278231942897,0.6104858607838954,2.363198823752452,2.697655129110659,1562.2782343562988,0.6304392371197907,0.951188521842625,0.5458602098098313,1.1818705605686874,56.30439237119791,59.51188521842625,55.45860209809831,61.81870560568687,12,4,0,0.75,46,2.875,1.2977713690461004,-0.751911159236269
1985,PHI,-3.13044091161343,-0.2448946841059848,-1.8593404474053143,2.7525262754684405,1482.9650811534289,-0.5372948819542784,-0.3815665972718516,-0.4294771800524944,-0.3232761701504933,44.627051180457215,46.18433402728149,45.70522819947506,46.767238298495066,7,9,0,0.4375,-24,-1.5,-0.3244428422615251,-0.10503433779096932
1985,PIT,-1.2720640078076264,-0.2772853429798858,-0.4718878844000388,2.743222262355717,1480.0019504537668,-0.218331378936976,-0.4320339789344071,-0.1089983699197659,-0.3795082868321013,47.81668621063024,45.67966021065593,48.91001630080234,46.20491713167899,7,9,0,0.4375,24,1.5,-0.3244428422615251,0.21544447234175917
1985,SEA,4.056801715271634,0.1835477860276638,2.694227605508139,2.750805053883114,1499.753446484306,0.6962913085605476,0.2859829498015879,0.6223224348440041,-0.0046789114176912,56.96291308560548,52.85982949801588,56.22322434844004,49.95321088582309,8,8,0,0.5,46,2.875,0.0,0.6223224348440041
1985,SF,8.083172819008096,0.6066371303055951,6.104206322338508,2.6872581103397013,1530.3286464333974,1.3873596430116235,0.9451918747623398,1.4099716495894956,0.5755547621414475,63.87359643011624,59.4519187476234,64.09971649589495,55.75554762141448,10,6,0,0.625,148,9.25,0.6488856845230502,0.7610859650664454
1985,TB,-7.064450822878133,-1.1312308197709704,-5.713104317923136,2.7512688830346743,1404.8581977439585,-1.2125107542738478,-1.7625531407707182,-1.3196334943562316,-1.8055311992718752,37.87489245726152,32.374468592292814,36.80366505643768,31.944688007281247,2,14,0,0.125,-154,-9.625,-1.9466570535691505,0.627023559212919
1985,TEN,-8.938730674474295,-0.7894019911514101,-6.324874705742624,2.7432222623557183,1444.663021751266,-1.534203768148246,-1.2299549610187182,-1.4609424307411665,-1.0501445035972516,34.65796231851754,37.700450389812815,35.390575692588335,39.49855496402749,5,11,0,0.3125,-128,-8.0,-0.9733285267845753,-0.4876139039565912
1985,WSH,-1.5252582422158614,0.2595602150223468,-0.7728427341991708,2.7504842073510125,1539.303060092349,-0.2617885053063606,0.4044167328285695,-0.1785140094010799,0.7458645888651659,47.38211494693639,54.044167328285695,48.2148599059892,57.45864588865166,10,6,0,0.625,-15,-0.9375,0.6488856845230502,-0.82739969392413
1986,ARI,-7.505936281036122,-0.7250634113476466,-5.555350170691262,2.800376464049503,1450.3961412664598,-1.2975288064847303,-1.132624502324138,-1.3755461487166298,-0.909413057704162,37.024711935152695,38.67375497675862,36.2445385128337,40.90586942295838,4,11,1,0.28125,-133,-8.3125,-1.0674899923282326,-0.30805615638839723
1986,ATL,-0.6765818691586712,-0.1437822854358123,-0.2766565559672893,2.790965286659067,1485.5158988850449,-0.1169586887376926,-0.2246028925691875,-0.0685022272917596,-0.2655444761627225,48.83041311262307,47.753971074308126,49.3149777270824,47.34455523837278,7,8,1,0.46875,0,0.0,-0.15249857033260467,0.08399634304084506
1986,BUF,-5.909174774662905,-0.8425015604632747,-3.6763707011317095,2.8009632523378283,1428.9489045898015,-1.0215014097641173,-1.316075112455919,-0.9102968136691056,-1.3026162798606795,39.78498590235883,36.83924887544081,40.89703186330894,36.9738372013932,4,12,0,0.25,-61,-3.8125,-1.2199885626608373,0.3096917489917317
1986,CHI,5.644574194194237,0.8588092654894335,4.644106708627606,2.7432745044453286,1580.8661083432953,0.9757606970114528,1.341549444769794,1.14991546905258,1.4825599606706992,59.75760697011453,63.41549444769794,61.4991546905258,64.82559960670699,14,2,0,0.875,165,10.3125,1.829982843991256,-0.6800673749386761
1986,CIN,1.760388009973128,0.3656822026023799,1.309148168580261,2.792201679140292,1532.8280054512884,0.3043130221210934,0.571233655221264,0.3241548536203137,0.6018527102126197,53.04313022121094,55.71233655221264,53.24154853620314,56.0185271021262,10,6,0,0.625,15,0.9375,0.6099942813304187,-0.28583942771010495
1986,CLE,2.7909724037878147,0.5567690961514876,2.3597531343350697,2.6853631117780425,1560.6828347129767,0.4824670709193295,0.8697312684223693,0.5842924813239462,1.1125296232079218,54.8246707091933,58.69731268422369,55.84292481323946,61.12529623207922,12,4,0,0.75,81,5.0625,1.2199885626608373,-0.6356960813368912
1986,DAL,2.354381005630525,0.0252171275304524,1.0919303302219436,2.7990126124802304,1478.435671811322,0.4069948187495669,0.0393917774255588,0.2703700962592569,-0.3953499210766364,54.06994818749567,50.39391777425559,52.70370096259257,46.04650078923363,7,9,0,0.4375,9,0.5625,-0.30499714066520933,0.5753672369244662
1986,DEN,5.057186939894548,0.688717798473889,2.957153416814815,2.6487336235849703,1559.1788288793111,0.8742208151793344,1.0758488727053548,0.7322132482528451,1.0849559106194315,58.74220815179334,60.758488727053546,57.32213248252845,60.84955910619431,11,5,0,0.6875,51,3.1875,0.914991421995628,-0.18277817374278293
1986,DET,-4.551829475014534,-0.6694748251822219,-2.807853124895728,2.799163672022792,1443.493964187553,-0.7868611782596082,-1.0457893459017589,-0.6952453820983304,-1.035954220476646,42.13138821740392,39.54210654098241,43.04754617901669,39.64045779523354,5,11,0,0.3125,-49,-3.0625,-0.914991421995628,0.21974603989729757
1986,GB,-9.178559415738828,-0.8583488255560772,-6.45106031350405,2.7995551453402325,1441.771542643365,-1.5866701765164468,-1.340830189678162,-1.597330662645703,-1.0675322606361817,34.133298234835536,36.59169810321838,34.02669337354297,39.32467739363818,4,12,0,0.25,-164,-10.25,-1.2199885626608373,-0.37734209998486556
1986,IND,-10.407666155213231,-1.0341191586000198,-7.343105940187176,2.798315269130464,1424.5218583723226,-1.7991421907995755,-1.6154017414507416,-1.818207815041445,-1.3837795953773584,32.00857809200424,33.845982585492585,31.81792184958555,36.162204046226414,3,13,0,0.1875,-171,-10.6875,-1.5249857033260468,-0.29322211171539814
1986,KC,0.0473381420974302,0.1770685078604706,0.0803254144009413,2.744336498099187,1522.134435360436,0.008183203362926,0.2765994359306931,0.0198891718844676,0.4058019891117594,50.08183203362926,52.76599435930693,50.19889171884468,54.0580198911176,10,6,0,0.625,32,2.0,0.6099942813304187,-0.5901051094459511
1986,LAC,-1.7134468483349792,-0.4709197349256075,-1.8261002514051023,2.798281727498748,1437.8474781687803,-0.2961984435855363,-0.7356256322648632,-0.452156046119807,-1.1394741531334946,47.03801556414464,42.64374367735137,45.47843953880193,38.605258468665056,4,12,0,0.25,-61,-3.8125,-1.2199885626608373,0.7678325165410304
1986,LAR,1.4142353776288925,0.2221190082669785,1.177733132125406,2.7361511038604904,1524.8175565500171,0.2444746495196724,0.3469730057506564,0.2916155101541505,0.4549930300409568,52.444746495196725,53.46973005750657,52.91615510154151,54.54993030040957,10,6,0,0.625,42,2.625,0.6099942813304187,-0.31837877117626817
1986,MIA,-0.4076661552132391,-0.0772377660308244,0.0192006168444618,2.798315269130464,1504.480370674857,-0.0704720317376628,-0.1206534282962817,0.0047542159795301,0.0821409402231614,49.295279682623374,48.79346571703718,50.0475421597953,50.821409402231616,8,8,0,0.5,25,1.5625,0.0,0.0047542159795301
1986,MIN,5.710329473150054,0.2863714929745037,4.510596115854175,2.799555145340233,1514.2536415617303,0.9871276158646242,0.4473420733052969,1.1168572502077512,0.2613193426282298,59.87127615864624,54.47342073305297,61.16857250207751,52.6131934262823,9,7,0,0.5625,125,7.8125,0.30499714066520933,0.8118601095425418
1986,NE,5.041679544699557,0.4215479174160886,3.794663938858295,2.745700735000653,1540.4922697398313,0.8715400980474983,0.6585017154316841,0.9395871018731676,0.7423656098065331,58.71540098047498,56.58501715431685,59.39587101873168,57.42365609806533,11,5,0,0.6875,105,6.5625,0.914991421995628,0.024595679877539633
1986,NO,-0.1169317096935846,-0.1469673753234508,-0.0034275097219296,2.791530422065782,1486.3468222489605,-0.0202136357195389,-0.2295783344303884,-0.0008486769785565,-0.2503107307165157,49.79786364280461,47.70421665569612,49.99151323021444,47.49689269283484,7,9,0,0.4375,1,0.0625,-0.30499714066520933,0.3041484636866528
1986,NYG,11.506824291300491,1.416818583444982,7.982453459136082,2.658838999687316,1627.7661051581565,1.989150377793992,2.213218068713917,1.976515030673232,2.3424017269903654,69.89150377793992,72.13218068713917,69.76515030673232,73.42401726990366,14,2,0,0.875,135,8.4375,1.829982843991256,0.14653218668197598
1986,NYJ,0.4069241082678149,0.2623198515479397,0.4008814622561032,2.6905750384500844,1524.1299742917258,0.0703437562965452,0.409770906460444,0.0992612408858578,0.442387230816853,50.703437562965455,54.09770906460444,50.99261240885858,54.42387230816853,10,6,0,0.625,-22,-1.375,0.6099942813304187,-0.5107330404445609
1986,OAK,0.7865531516650027,0.1045715443200554,0.0144763878528096,2.798281727498748,1494.1491521032665,0.135969096179939,0.1633516344765335,0.0035844616354374,-0.1072666040864407,51.35969096179939,51.63351634476533,50.035844616354375,48.9273339591356,8,8,0,0.5,-23,-1.4375,0.0,0.0035844616354374
1986,PHI,-0.8678412165916912,-0.1835011441983239,-1.2803684492660372,2.7990126124802304,1463.326463999292,-0.1500211213926043,-0.2866478833033878,-0.3170287804030594,-0.672354799863114,48.49978878607396,47.13352116696612,46.82971219596941,43.27645200136886,5,10,1,0.34375,-56,-3.5,-0.7624928516630234,0.445464071259964
1986,PIT,-0.7396119900268813,-0.2017915176985341,-0.5314284706776509,2.792201679140293,1471.842417035995,-0.1278545176443866,-0.3152193501003317,-0.1315856541349306,-0.5162274523522125,48.72145482355613,46.84780649899668,48.684143458650695,44.83772547647788,6,10,0,0.375,-29,-1.8125,-0.6099942813304187,0.47840862719548805
1986,SEA,6.214524972110981,0.5266090553949825,3.764331746159258,2.798570682730228,1539.6062619940574,1.0742863872033328,0.8226181461529384,0.9320766246633936,0.7261219740530711,60.742863872033325,58.226181461529386,59.32076624663394,57.26121974053071,10,6,0,0.625,73,4.5625,0.6099942813304187,0.3220823433329749
1986,SF,5.93876875298644,0.4964374029034958,4.37538631778961,2.740148634433226,1539.2329271460776,1.0266172324856997,0.7754868851450899,1.0833782954556834,0.7192774342467507,60.266172324857,57.7548688514509,60.83378295455684,57.19277434246751,10,5,1,0.65625,127,7.9375,0.7624928516630234,0.32088544379266004
1986,TB,-15.004074318105816,-1.373466281999018,-10.27411345909553,2.800952748706049,1395.6864765151367,-2.593709553805676,-2.145497262393574,-2.543947143907585,-1.912433483488676,24.06290446194324,28.545027376064255,24.560528560924148,30.87566516511324,2,14,0,0.125,-234,-14.625,-1.829982843991256,-0.7139642999163291
1986,TEN,-4.209753188475178,-0.5811435938207324,-2.7422702211166,2.791401637812189,1452.0543975087676,-0.7277274713932784,-0.907806770316358,-0.679006565832351,-0.8790113930297477,42.72272528606722,40.92193229683642,43.20993434167649,41.20988606970252,5,11,0,0.3125,-55,-3.4375,-0.914991421995628,0.23598485616327702
1986,WSH,6.6143930298787295,0.8992586262044049,4.285964817803165,2.650760307080992,1575.1934908001724,1.143410385105848,1.404735555573498,1.061236864917649,1.3785609453362426,61.43410385105848,64.04735555573498,60.61236864917649,63.785609453362426,12,4,0,0.75,72,4.5,1.2199885626608373,-0.15875169774318842
1987,ARI,-0.6871129819592015,-0.0505090120418167,-0.2791865630733492,2.571703551729754,1490.1421314633942,-0.1418927531899576,-0.1019912907820655,-0.0992902859542926,-0.2273900610287168,48.58107246810042,48.98008709217935,49.00709714045707,47.72609938971283,7,8,0,0.4666666666666667,-6,-0.4,-0.1942571724714528,0.0949668865171602
1987,ATL,-12.15052233871354,-1.0084991797112264,-7.090666951654936,2.5605312935822657,1421.486453812647,-2.509152224747974,-2.036431300739864,-2.521734361017592,-1.8110608792182488,24.908477752520263,29.63568699260136,24.78265638982408,31.88939120781751,3,12,0,0.2,-231,-15.4,-1.7483145522430754,-0.7734198087745168
1987,BUF,0.2864098783711015,-0.0527996215477618,-0.3607639917185962,2.5693390993073733,1490.2401424553643,0.0591452748673134,-0.1066166479360639,-0.1283025927373896,-0.2251292553218025,50.591452748673134,48.93383352063936,48.7169740726261,47.74870744678197,7,8,0,0.4666666666666667,-35,-2.3333333333333335,-0.1942571724714528,0.06595457973406321
1987,CHI,4.673499661791118,0.549284768647156,2.791937592358668,2.51981110473036,1542.599408836356,0.9651043590430248,1.1091537984324564,0.9929284520723886,0.982634546110664,59.65104359043025,61.09153798432456,59.92928452072388,59.82634546110664,11,4,0,0.7333333333333333,74,4.933333333333334,1.3598002073001696,-0.36687175522778104
1987,CIN,-4.487428447764723,-0.6017194427334371,-2.762051355226081,2.5640019302371164,1439.446949793578,-0.9266795911506748,-1.21503351921118,-0.9822996703777171,-1.3967686554941825,40.73320408849325,37.8496648078882,40.17700329622283,36.03231344505818,4,11,0,0.26666666666666666,-85,-5.666666666666667,-1.3598002073001698,0.37750053692245267
1987,CLE,8.689740781828823,0.6453892337519452,5.075638374251689,2.480682212637717,1545.866011325253,1.7944810772240034,1.303214581839632,1.805106879186113,1.0579848042875346,67.94481077224003,63.03214581839632,68.05106879186113,60.57984804287535,10,5,0,0.6666666666666666,151,10.066666666666666,0.971285862357264,0.8338210168288489
1987,DAL,-1.0530375119486473,-0.1324451656674799,-0.4611899427563005,2.568849391346901,1489.1836126952887,-0.2174582575294267,-0.2674424396400235,-0.1640182134535117,-0.2495000780539308,47.82541742470573,47.325575603599766,48.35981786546488,47.50499921946069,7,8,0,0.4666666666666667,-8,-0.5333333333333333,-0.1942571724714528,0.030238959017941103
1987,DEN,4.471540289104066,0.5545752971498721,2.7806405056374794,2.4437328431883114,1557.1163405716388,0.92339859568898,1.119836799526689,0.988910740909468,1.3174945598121943,59.2339859568898,61.198367995266885,59.88910740909468,63.17494559812194,10,4,1,0.7,91,6.066666666666666,1.1655430348287168,-0.17663229391924884
1987,DET,-8.23955832886413,-0.7490602365326421,-4.293941462095099,2.5640700860979075,1444.454371756196,-1.7015158308000002,-1.5125542414932496,-1.5271031347250168,-1.281263160422089,32.984841692,34.8744575850675,34.72896865274983,37.18736839577911,4,11,0,0.26666666666666666,-115,-7.666666666666667,-1.3598002073001698,-0.16730292742484698
1987,GB,-2.780590862812568,-0.4146143710289497,-1.571575898805372,2.5640939551193926,1466.7674122579278,-0.5742078862988815,-0.8372180165200442,-0.5589173729333939,-0.7665714070694919,44.25792113701118,41.62781983479956,44.410826270666064,42.33428592930508,5,9,1,0.36666666666666664,-45,-3.0,-0.7770286898858115,0.2181113169524176
1987,IND,2.281280826205208,0.2077101532006854,1.1622192197827226,2.530706683765581,1521.3119018211214,0.4710975134056451,0.4194227084849651,0.4133332113246564,0.4915986288260451,54.71097513405645,54.19422708484965,54.13333211324657,54.91598628826045,9,6,0,0.6,62,4.133333333333334,0.5827715174143584,-0.169438306089702
1987,KC,-6.893387549853537,-0.6861976874124194,-3.750901328616263,2.5678682039025347,1447.5954129633988,-1.4235238802578338,-1.3856178341583674,-1.3339756090152457,-1.2088092065934986,35.76476119742166,36.14382165841633,36.66024390984754,37.91190793406501,4,11,0,0.26666666666666666,-115,-7.666666666666667,-1.3598002073001698,0.025824598284924116
1987,LAC,-3.9224874964775065,-0.1267026429295589,-2.1846107578887235,2.5663266929301534,1503.1643881216023,-0.810016059719018,-0.2558467405219922,-0.7769379172901212,0.0729924938051008,41.89983940280982,47.44153259478008,42.23062082709879,50.729924938051006,8,7,0,0.5333333333333333,-64,-4.266666666666667,0.1942571724714528,-0.971195089761574
1987,LAR,-1.5359511089756204,-0.2075145439328553,-0.9416554871356686,2.56455660086467,1481.0168345030609,-0.3171826720494997,-0.4190277207212288,-0.334891627873814,-0.4378819969893294,46.828173279505,45.80972279278771,46.65108372126186,45.62118003010671,6,9,0,0.4,-44,-2.933333333333333,-0.5827715174143584,0.2478798895405444
1987,MIA,1.127623196372766,0.0841973489462559,0.5276365801288565,2.568905645347737,1511.7307511117288,0.2328606271387434,0.1700171108543375,0.1876493852147716,0.27059157882898,52.32860627138744,51.70017110854337,51.87649385214772,52.7059157882898,8,7,0,0.5333333333333333,27,1.8,0.1942571724714528,-0.006607787256681208
1987,MIN,1.9252813327641405,0.2324372993922421,1.3228144483739404,2.443939893666544,1524.5060551438855,0.3975815857709339,0.4693534724315211,0.470447515086932,0.5652777123217655,53.97581585770934,54.693534724315214,54.70447515086932,55.65277712321765,8,7,0,0.5333333333333333,1,0.06666666666666667,0.1942571724714528,0.2761903426154792
1987,NE,2.7193614010274394,0.1543040098453408,1.187815152135698,2.569474851293445,1510.6857655876015,0.5615636529091139,0.3115813297624105,0.4224361832392681,0.2464870453567539,55.61563652909114,53.11581329762411,54.22436183239268,52.46487045356754,8,7,0,0.5333333333333333,27,1.8,0.1942571724714528,0.22817901076781533
1987,NO,6.472284045288898,0.7121970603893987,3.697109451574193,2.5154234661139827,1565.920814388524,1.3365636026769274,1.4381175664289394,1.3148449932910136,1.520586113641799,63.36563602676927,64.3811756642894,63.14844993291014,65.205861136418,12,3,0,0.8,139,9.266666666666667,1.7483145522430759,-0.4334695589520623
1987,NYG,-0.5092202920978401,-0.1405335010100104,-0.7059166348628124,2.56863894517278,1480.8859435638612,-0.10515689722516,-0.2837749658272296,-0.2510531444058287,-0.4409012397944231,48.9484310277484,47.162250341727706,47.48946855594171,45.59098760205577,6,9,0,0.4,-32,-2.1333333333333333,-0.5827715174143584,0.3317183730085297
1987,NYJ,-1.374081173325684,-0.2778040570918537,-0.970991506478778,2.569611340812697,1465.2198395274063,-0.2837556062959749,-0.5609611675602609,-0.3453247293715129,-0.8022690486370309,47.16244393704025,44.39038832439739,46.54675270628487,41.97730951362969,6,9,0,0.4,-26,-1.7333333333333334,-0.5827715174143584,0.23744678804284552
1987,OAK,0.5969022046131172,-0.3181247758459901,0.4145536778884743,2.5680606706708304,1455.745646525508,0.1232637126957083,-0.6423795518198929,0.147432429296879,-1.0208089203039823,51.23263712695708,43.57620448180107,51.47432429296879,39.791910796960174,5,10,0,0.3333333333333333,12,0.8,-0.9712858623572643,1.1187182916541434
1987,PHI,-1.3963107617170911,-0.0737937502740945,-1.1248932385101056,2.569262650580631,1492.338982142109,-0.2883461431974063,-0.1490094448070617,-0.4000585489867382,-0.1767156167460654,47.11653856802594,48.509905551929386,45.99941451013262,48.23284383253935,7,8,0,0.4666666666666667,-43,-2.8666666666666667,-0.1942571724714528,-0.2058013765152854
1987,PIT,-0.468244419715238,0.0719911983834689,-0.365990197621977,2.5646887577455484,1507.48030082952,-0.0966951456655409,0.1453696073484641,-0.1301612476557725,0.172547042580402,49.03304854334459,51.45369607348464,48.69838752344228,51.72547042580402,8,7,0,0.5333333333333333,-14,-0.9333333333333333,0.1942571724714528,-0.3244184201272253
1987,SEA,2.056028962895214,0.1264049724117285,1.48748249297886,2.519262986676378,1514.942310284829,0.4245817177717318,0.2552456636227617,0.5290102806311359,0.3446721606156862,54.24581717771732,52.55245663622762,55.29010280631136,53.44672160615686,9,6,0,0.6,57,3.8,0.5827715174143584,-0.05376123678322253
1987,SF,9.208161179900218,0.9273253135710516,5.521022966550318,2.519623490367946,1580.6287809957862,1.9015378488519212,1.8725194154994087,1.963504056479164,1.8598527017500277,69.01537848851922,68.72519415499409,69.63504056479164,68.59852701750027,13,2,0,0.8666666666666667,206,13.733333333333333,2.1368288971859815,-0.17332484070681753
1987,TB,-5.689307145458383,-0.6663928711767562,-3.025131515941393,2.56616128678736,1436.3333057533337,-1.1748744032030545,-1.345626579332306,-1.0758618536675406,-1.4685906427426163,38.251255967969456,36.54373420667695,39.24138146332459,35.31409357257384,4,11,0,0.26666666666666666,-74,-4.933333333333334,-1.3598002073001698,0.2839383536326292
1987,TEN,0.0923400566278087,0.2723817751335854,-0.2894663041633543,2.479875226967561,1529.0972361387262,0.0190687488210115,0.5500121207752985,-0.1029461869443934,0.671181835787604,50.19068748821012,55.50012120775298,48.97053813055607,56.71181835787604,9,6,0,0.6,-4,-0.26666666666666666,0.5827715174143584,-0.6857177043587518
1987,WSH,6.586786602893805,0.9685124281141216,4.210062674887927,2.4427410237622094,1584.0928956303528,1.360209034465344,1.9556872860639465,1.4972723696780916,1.939758944690836,63.60209034465344,69.55687286063946,64.97272369678092,69.39758944690836,11,4,0,0.7333333333333333,94,6.266666666666667,1.3598002073001696,0.13747216237792204
1988,ARI,-2.4937262575595667,-0.2470282210906038,-1.303832041816532,2.2683798741742223,1479.118759123427,-0.5829228566229825,-0.4965974844140291,-0.6063033651580287,-0.4936818213557111,44.17077143377018,45.03402515585971,43.93696634841972,45.06318178644289,7,9,0,0.4375,-54,-3.375,-0.3784474948970622,-0.22785587026096654
1988,ATL,-3.8057119455565305,-0.5714468473025882,-1.9357682192750487,2.2655298973535656,1451.986134379737,-0.8896070577365808,-1.1487718512238732,-0.9001640915936151,-1.135161112782969,41.1039294226342,38.51228148776127,40.99835908406385,38.64838887217031,5,11,0,0.3125,-71,-4.4375,-1.1353424846911866,0.2351783930975715
1988,BUF,5.494955159053352,0.7700973866801198,2.6742239479571994,2.206082589794696,1557.669155153348,1.2844773754218135,1.5481163378450602,1.2435581630389108,1.363434947206184,62.84477375421814,65.4811633784506,62.43558163038911,63.63434947206184,12,4,0,0.75,92,5.75,1.5137899795882488,-0.27023181654933803
1988,CHI,4.459588607109826,0.5747166164109246,2.185120085182973,2.2063837728317246,1553.2830792380744,1.0424544884745317,1.1553450237409475,1.016116814459496,1.2597377598955406,60.42454488474532,61.55345023740948,60.16116814459496,62.59737759895541,12,4,0,0.75,97,6.0625,1.5137899795882488,-0.4976731651287527
1988,CIN,6.698984605191421,0.8107873531021644,3.579512713379248,2.1738460155893784,1565.7911259451853,1.5659261840363754,1.6299148257946108,1.6645323432334946,1.5554575074176649,65.65926184036375,66.29914825794611,66.64532343233495,65.55457507417665,12,4,0,0.75,119,7.4375,1.5137899795882488,0.15074236364524585
1988,CLE,0.823662380336461,0.2517214959006068,0.4114017833165618,2.237103926757669,1521.1852107830573,0.1925358191113107,0.5060323111476775,0.1913086023789745,0.5008683874203201,51.92535819111311,55.06032311147678,51.91308602378975,55.0086838742032,10,6,0,0.625,16,1.0,0.7568949897941244,-0.5655863874151499
1988,DAL,-5.39661287361704,-0.8959574821988278,-2.9011274557929263,2.268468857234492,1421.11646511069,-1.261489300536053,-1.8011311818445062,-1.349072029821394,-1.8649929575221096,37.38510699463947,31.988688181554934,36.509279701786056,31.350070424778902,3,13,0,0.1875,-116,-7.25,-1.892237474485311,0.5431654446639169
1988,DEN,-1.654809557306277,-0.0261101858609759,-0.5317026367767911,2.2684106298995204,1499.9113737064513,-0.3868212524882341,-0.0524889527151947,-0.2472504798179581,-0.0020953347685492,46.13178747511766,49.47511047284805,47.527495201820415,49.97904665231451,8,8,0,0.5,-25,-1.5625,0.0,-0.2472504798179581
1988,DET,-4.94905525264862,-0.7534585132619341,-2.625934881538007,2.269722451084649,1432.8398807891108,-1.1568701322823516,-1.514667436150853,-1.2211029521441816,-1.5878237395219388,38.431298677176486,34.85332563849147,37.78897047855818,34.12176260478061,4,12,0,0.25,-93,-5.8125,-1.5137899795882488,0.29268702744406716
1988,GB,-5.1701553001180205,-0.6691830345845932,-2.665534662277816,2.268212464008042,1439.239334399479,-1.2085535401462404,-1.3452495837120186,-1.2395175021414462,-1.4365255512235389,37.91446459853759,36.54750416287982,37.60482497858554,35.63474448776461,4,12,0,0.25,-75,-4.6875,-1.5137899795882488,0.2742724774468026
1988,IND,2.43439098971782,0.2688230964889924,1.1090684558974773,2.2684097326722323,1523.959243025561,0.5690528964683943,0.5404114269999142,0.5157350912042395,0.5664530573196604,55.69052896468394,55.40411426999914,55.1573509120424,55.6645305731966,9,7,0,0.5625,39,2.4375,0.3784474948970622,0.13728759630717735
1988,KC,-5.098900524004526,-0.6572143052895503,-2.2077627376025144,2.2698820724163955,1443.5346472169351,-1.191897326372096,-1.321189009445199,-1.026646020613185,-1.334974217777963,38.08102673627904,36.78810990554801,39.73353979386815,36.65025782222037,4,11,1,0.28125,-66,-4.125,-1.3245662321397176,0.2979202115265325
1988,LAC,-5.860469817463971,-0.4787207189279567,-2.732437649193895,2.2685323672704003,1470.2149013522526,-1.3699185292663445,-0.962365772246341,-1.270628492518572,-0.7041900352855252,36.30081470733656,40.376342277536594,37.29371507481428,42.95809964714475,6,10,0,0.375,-101,-6.3125,-0.7568949897941244,-0.5137335027244476
1988,LAR,6.210516310024738,0.387520543816011,3.0697737626918675,2.233321037788077,1524.619551176847,1.45174391037055,0.7790272964286328,1.427495339047514,0.5820643005743,64.5174391037055,57.79027296428633,64.27495339047513,55.820643005743,10,6,0,0.625,114,7.125,0.7568949897941244,0.6706003492533896
1988,MIA,-3.4181973021324783,-0.2948382759000056,-1.7989375200315996,2.2682906311189623,1463.6534485840286,-0.7990232808512026,-0.5927093895365523,-0.8365355637253736,-0.8593182660503195,42.00976719148797,44.07290610463448,41.634644362746265,41.4068173394968,6,10,0,0.375,-61,-3.8125,-0.7568949897941244,-0.07964057393124924
1988,MIN,7.421037915785333,0.5185182332849372,3.748195242277028,2.206058845452499,1546.0242787007307,1.7347102986397926,1.0423701759065975,1.742972496285418,1.0881225818840627,67.34710298639793,60.42370175906598,67.42972496285418,60.88122581884063,11,5,0,0.6875,173,10.8125,1.1353424846911866,0.6076300115942315
1988,NE,0.1590096055608131,0.2271429881064155,-0.2409516144700836,2.268437311418292,1521.1933601180203,0.0371694099234098,0.4566224700883871,-0.1120464676492654,0.5010610569341278,50.3716940992341,54.56622470088387,48.87953532350735,55.01061056934128,9,7,0,0.5625,-34,-2.125,0.3784474948970622,-0.4904939625463276
1988,NO,1.880601776276636,0.3739744378467697,0.9066107993727048,2.265708534249085,1530.494282280048,0.4396014824298513,0.7517957432148654,0.4215889477470206,0.7209568102745847,54.39601482429851,57.517957432148656,54.215889477470206,57.20956810274585,10,6,0,0.625,29,1.8125,0.7568949897941244,-0.3353060420471038
1988,NYG,1.8424877334770344,0.1468409286393748,1.1259592262340083,2.269751816858106,1530.9820818781795,0.4306921056933939,0.2951923284286938,0.5235895774928894,0.732489544152115,54.30692105693394,52.95192328428694,55.23589577492889,57.32489544152115,10,6,0,0.625,55,3.4375,0.7568949897941244,-0.23330541230123503
1988,NYJ,0.4197537574618394,0.2380746695025355,0.1585300049731499,2.269861677755164,1510.624723849349,0.0981198552311593,0.4785982810210891,0.0737190622803122,0.2511935498638308,50.9811985523116,54.78598281021089,50.73719062280312,52.51193549863831,8,7,1,0.53125,18,1.125,0.1892237474485311,-0.11550468516821889
1988,OAK,-2.7897937490825964,-0.2328993836094543,-1.2995426158667682,2.268536135779468,1482.6263594895345,-0.6521303357472956,-0.4681944739407437,-0.6043087114721793,-0.410753869536974,43.47869664252704,45.318055260592566,43.95691288527821,45.89246130463026,7,9,0,0.4375,-44,-2.75,-0.3784474948970622,-0.22586121657511715
1988,PHI,3.1990338450796463,0.3411592958749941,1.6104044945732574,2.235749220754889,1528.2600348092972,0.7477925621364583,0.6858279081151823,0.7488646029630041,0.6681339264603768,57.47792562136458,56.85827908115182,57.48864602963004,56.68133926460377,10,6,0,0.625,60,3.75,0.7568949897941244,-0.00803038683112034
1988,PIT,-4.527070132442969,-0.4991619880878106,-2.27435135339075,2.2656952142509907,1457.1068029851697,-1.0582286831750232,-1.0034585785589054,-1.0576108232401966,-1.0140964203812255,39.41771316824977,39.96541421441094,39.42389176759804,39.85903579618774,5,11,0,0.3125,-85,-5.3125,-1.1353424846911866,0.07773166145098998
1988,SEA,0.3073430428550866,0.1366153192922288,0.2388054056990871,2.2360254803577653,1510.9106618020696,0.071843204105175,0.2746359245653037,0.111048445236521,0.2579537979797459,50.71843204105175,52.74635924565304,51.11048445236521,52.57953797979746,9,7,0,0.5625,10,0.625,0.3784474948970622,-0.2673990496605412
1988,SF,7.231290194574522,0.703093599710645,3.5635274983948566,2.1748412840744504,1564.746726971953,1.6903556773774928,1.413419533130385,1.6570989550922524,1.530765450543505,66.90355677377492,64.13419533130386,66.57098955092252,65.30765450543505,10,6,0,0.625,75,4.6875,0.7568949897941244,0.900203965298128
1988,TB,-5.064175761831469,-0.6237984844252688,-2.6197700263770485,2.2682107770991,1453.4806012981549,-1.1837802134772422,-1.2540136377100577,-1.2182361929988903,-1.0998283873668218,38.16219786522758,37.45986362289943,37.81763807001109,39.001716126331786,5,11,0,0.3125,-89,-5.5625,-1.1353424846911866,-0.0828937083077037
1988,TEN,3.6845349290861833,0.4371597369637116,1.8978181079307752,2.2064220009205955,1533.2399759818993,0.861281233126195,0.8788162935588392,0.8825166650247006,0.7858714901840327,58.61281233126195,58.78816293558839,58.825166650247006,57.85871490184033,10,6,0,0.625,59,3.6875,0.7568949897941244,0.1256216752305762
1988,WSH,-2.0385123778266228,-0.2364282610808629,-1.1412981134704072,2.2685291647113,1482.1877998514103,-0.4765139938442579,-0.4752885284879126,-0.5307224125904617,-0.4211224545364001,45.23486006155742,45.24711471512087,44.69277587409538,45.788775454636,7,9,0,0.4375,-42,-2.625,-0.3784474948970622,-0.15227491769339951
1989,ARI,-6.932288157351712,-0.6027963524599445,-4.957014071774456,2.622138984708144,1444.5013437102357,-1.295729085432797,-1.0842960413492069,-1.289935093587748,-1.1618415026464166,37.04270914567204,39.157039586507935,37.10064906412252,38.38158497353584,5,11,0,0.3125,-119,-7.4375,-1.059478377349566,-0.2304567162381821
1989,ATL,-7.55229037500787,-0.9882460315355862,-5.582080083635681,2.613931197320285,1416.6094359660608,-1.4116150509632344,-1.7776339480161396,-1.4525924055973751,-1.7457470991345978,35.88384949036765,32.2236605198386,35.47407594402625,32.54252900865402,3,13,0,0.1875,-158,-9.875,-1.76579729558261,0.3132048899852349
1989,BUF,3.8431340930944566,0.1732475138902948,2.9895862746455446,2.570404659959076,1502.080351002134,0.7183285677990657,0.3116335935316082,0.7779627402980311,0.0435512910750792,57.18328567799065,53.11633593531608,57.77962740298031,50.4355129107508,9,7,0,0.5625,92,5.75,0.353159459116522,0.4248032811815091
1989,CHI,-0.0593277461805074,-0.1194041756968197,-0.3118330441096691,2.621810564364249,1458.3418667888216,-0.0110890783179195,-0.2147814506512461,-0.0811465089897075,-0.8720958546242614,49.889109216820806,47.85218549348754,49.18853491010292,41.27904145375739,6,10,0,0.375,-19,-1.1875,-0.706318918233044,0.6251724092433365
1989,CIN,4.436757679249603,0.1260474958939096,3.2267660200333537,2.614657481651925,1497.717686833627,0.8292840458347606,0.2267313003172633,0.8396826532605582,-0.0477792857701571,58.292840458347605,52.26731300317263,58.39682653260558,49.52220714229843,8,8,0,0.5,119,7.4375,0.0,0.8396826532605582
1989,CLE,2.525753099895372,0.298597928045592,1.8473322882428231,2.5187985060196194,1522.4572104706704,0.4720940156946276,0.5371109994505566,0.4807205938128728,0.4701324482932143,54.72094015694628,55.37110999450557,54.80720593812873,54.701324482932144,9,6,1,0.59375,80,5.0,0.529739188674783,-0.04901859486191018
1989,DAL,-10.296053817503104,-1.2617021311333756,-7.554017931999499,2.624217342884281,1390.397474841015,-1.924457854853032,-2.2695204119382653,-1.965738383427503,-2.294483705329679,30.755421451469683,27.30479588061735,30.34261616572497,27.05516294670321,1,15,0,0.0625,-189,-11.8125,-2.4721162138156543,0.5063778303881512
1989,DEN,6.832300218664329,0.7023982346062235,4.823427489288221,2.480750661504936,1550.8114178146182,1.2770401219320056,1.2634575875022536,1.255172630079196,1.063716096424099,62.77040121932006,62.63457587502253,62.55172630079196,60.63716096424099,11,5,0,0.6875,136,8.5,1.059478377349566,0.19569425272963015
1989,DET,-3.036751395144104,-0.2648309730845614,-2.1447009321513173,2.621637198993674,1494.5645987834178,-0.5676058205606999,-0.4763717872054136,-0.558103115620571,-0.1137878849532575,44.323941794393,45.23628212794586,44.41896884379429,48.86212115046742,7,9,0,0.4375,-52,-3.25,-0.353159459116522,-0.204943656504049
1989,GB,-0.6212750781979844,0.1388006229668969,-0.2840714665292513,2.624075723900224,1534.02918787966,-0.1161238786679626,0.2496713283111826,-0.0739222742677914,0.7123870274176913,48.838761213320375,52.49671328311182,49.26077725732208,57.12387027417692,10,6,0,0.625,6,0.375,0.706318918233044,-0.7802411925008355
1989,IND,0.038935203442412,0.0169833560925013,0.1428120270458461,2.6219600137331414,1500.9620967347914,0.0072774637179606,0.0305492654439159,0.0371631475734143,0.0201410987358885,50.072774637179606,50.30549265443916,50.37163147573414,50.20141098735888,8,8,0,0.5,-3,-0.1875,0.0,0.0371631475734143
1989,KC,1.0354700142120865,0.0920810300932384,0.8544635070600495,2.6235982478769246,1514.2285446265844,0.1935419567181791,0.1656332126198294,0.2223520950289078,0.2978687192553035,51.93541956718179,51.65633212619829,52.22352095028908,52.97868719255304,8,7,1,0.53125,32,2.0,0.176579729558261,0.04577236547064678
1989,LAC,-1.184126007849532,-0.2448390986957243,-0.9205601810628906,2.62124425076451,1472.9635517931488,-0.2213275724207926,-0.4404108691100987,-0.2395520501089549,-0.5659969035441927,47.78672427579208,45.59589130889901,47.60447949891045,44.34003096455808,6,10,0,0.375,-24,-1.5,-0.706318918233044,0.4667668681240892
1989,LAR,5.741266009522524,0.6741441801636251,3.9778785949370574,2.482573540743048,1563.2613567594944,1.0731125404612338,1.2126348523294983,1.035140333140921,1.3243504385611171,60.73112540461234,62.126348523294986,60.35140333140921,63.243504385611175,11,5,0,0.6875,82,5.125,1.059478377349566,-0.024338044208644938
1989,MIA,-4.403855404225282,-0.1785840836679602,-2.6845278900837126,2.624339848891259,1495.394678312785,-0.8231342099135996,-0.3212328909737587,-0.6985791617683371,-0.0964105120186659,41.768657900864,46.787671090262414,43.01420838231663,49.03589487981334,8,8,0,0.5,-48,-3.0,0.0,-0.6985791617683371
1989,MIN,3.505284838951533,0.3776793088467115,2.379802633503588,2.5703703783486707,1523.9468748433003,0.6551804275099874,0.6793607456495119,0.6192822712060487,0.5013179581567099,56.55180427509988,56.79360745649512,56.19282271206049,55.0131795815671,10,6,0,0.625,76,4.75,0.706318918233044,-0.08703664702699532
1989,NE,-6.3514480968302856,-0.5775714009920293,-4.318238460164211,2.621474258204149,1449.7786692650502,-1.1871630040294998,-1.0389219860679022,-1.123710211750954,-1.051362866541296,38.128369959705,39.61078013932098,38.76289788249046,39.48637133458704,5,11,0,0.3125,-94,-5.875,-1.059478377349566,-0.06423183440138813
1989,NO,4.924183252691186,0.3197934199015365,3.4739201543527254,2.61390791938303,1522.767012223189,0.920389821901244,0.5752369566167906,0.9039981437489144,0.4766180203364291,59.20389821901244,55.75236956616791,59.039981437489146,54.76618020336429,9,7,0,0.5625,85,5.3125,0.353159459116522,0.5508386846323924
1989,NYG,5.63448563040051,0.6681859944983356,3.885616996912325,2.5743503406039023,1552.3067316862473,1.0531539871176017,1.2019174067044005,1.0111316312572107,1.0950198762214138,60.531539871176015,62.019174067044005,60.11131631257211,60.95019876221414,12,4,0,0.75,96,6.0,1.412637836466088,-0.40150620520887736
1989,NYJ,-8.886460609108704,-0.855394547204261,-6.231188788632256,2.6217006900093924,1434.7652704147122,-1.660987716669552,-1.5386637917436792,-1.6215062085450134,-1.3656621855920852,33.39012283330448,34.61336208256321,33.784937914549865,36.343378144079146,4,12,0,0.25,-158,-9.875,-1.412637836466088,-0.20886837207892528
1989,OAK,1.1247160568053822,0.0461535767962185,0.774354880134569,2.620986555672333,1501.7733864760282,0.2102231290126793,0.0830199791521992,0.2015058905045549,0.0371251151978157,52.1022312901268,50.83019979152199,52.01505890504555,50.37125115197816,8,8,0,0.5,18,1.125,0.0,0.2015058905045549
1989,PHI,3.8534509405127215,0.4020196357103437,2.5358368673331544,2.570845872548639,1536.6060190067624,0.720256912231148,0.7231435587930866,0.6598861571550318,0.7663319253472454,57.20256912231148,57.23143558793087,56.59886157155032,57.66331925347245,11,5,0,0.6875,68,4.25,1.059478377349566,-0.3995922201945341
1989,PIT,-1.5127827848115407,0.123689916027058,-1.0757589837147583,2.527894008704536,1523.428394017113,-0.2827575267689336,0.2224905405542692,-0.2799385366358692,0.4904637756870378,47.17242473231067,52.22490540554269,47.20061463364131,54.90463775687038,9,7,0,0.5625,-61,-3.8125,0.353159459116522,-0.6330979957523912
1989,SEA,-3.6748009110859856,-0.2647376563979353,-2.911643744737544,2.621223224550344,1489.6321426449456,-0.6868650459400508,-0.4762039313225975,-0.7576802066687965,-0.2170468219217362,43.13134954059949,45.23796068677402,42.42319793331203,47.82953178078264,7,9,0,0.4375,-86,-5.375,-0.353159459116522,-0.4045207475522745
1989,SF,13.496379412052644,1.425561309294023,9.88195461002977,2.4766268239192764,1619.4564878823703,2.5226376854642565,2.5642664857876927,2.57152387710604,2.50077235487436,75.22637685464257,75.64266485787692,75.7152387710604,75.0077235487436,14,2,0,0.875,189,11.8125,2.118956754699132,0.4525671224069079
1989,TB,-4.70392896033027,-0.5552100894667611,-3.552344967555138,2.621834323738098,1448.4989678712182,-0.8792216121665116,-0.9986989796291964,-0.9244061791696474,-1.07815288795345,41.20778387833488,40.01301020370804,40.755938208303526,39.2184711204655,5,11,0,0.3125,-99,-6.1875,-1.059478377349566,0.13507219817991856
1989,TEN,-1.353346775856819,0.0323852061270747,-0.937587941776604,2.572495912460306,1502.1891998805447,-0.2529569949129587,0.0582537546197222,-0.2439830857670746,0.0458299974962553,47.47043005087041,50.58253754619722,47.56016914232925,50.45829997496255,9,7,0,0.5625,-47,-2.9375,0.353159459116522,-0.5971425448835966
1989,WSH,3.5766196699889656,0.2955478113813746,2.671816144407831,2.621608103807739,1536.530041471454,0.6685137762227947,0.5316245206237227,0.6952712577336405,0.7647413669501358,56.685137762227946,55.31624520623723,56.952712577336406,57.64741366950136,10,6,0,0.625,78,4.875,0.706318918233044,-0.011047660499403533
1990,ARI,-5.933127648271039,-0.4933663126523246,-4.486066713451691,2.7020399144164444,1453.010005871935,-1.08315786043661,-0.797996830687869,-1.1452349942210882,-0.8860369536499434,39.1684213956339,42.02003169312131,38.54765005778912,41.139630463500566,5,11,0,0.3125,-128,-8.0,-0.9419787384341389,-0.20325625578694928
1990,ATL,-1.968776446404512,-0.5081469004990158,-1.1300123100757622,2.694900126308717,1448.7303095203588,-0.3594218445623581,-0.8219037370876074,-0.2884775737995294,-0.9667343273836536,46.40578155437642,41.78096262912393,47.11522426200471,40.33265672616346,5,11,0,0.3125,-17,-1.0625,-0.9419787384341389,0.6535011646346096
1990,BUF,9.124084467499475,1.06647045240928,6.688718900978456,2.5680621821137826,1588.2129530828888,1.6657022056721753,1.7249658503631793,1.707543699459306,1.663331474547827,66.65702205672176,67.24965850363179,67.07543699459306,66.63331474547827,13,3,0,0.8125,165,10.3125,1.5699645640568982,0.13757913540240785
1990,CHI,2.222438525652012,0.4279951097076312,1.6790166003047649,2.5990117657187013,1539.0705285975407,0.4057306535615527,0.6922619812862638,0.428631290921583,0.7367085861239169,54.05730653561552,56.92261981286264,54.28631290921583,57.36708586123917,11,5,0,0.6875,68,4.25,0.9419787384341389,-0.5133474475125559
1990,CIN,0.1929319525572594,0.033884959772232,0.3841438019277232,2.6055385414345285,1514.1081297193814,0.0352218548681783,0.0548073304009352,0.0980669599633012,0.2660209797896745,50.35221854868178,50.54807330400935,50.98066959963301,52.66020979789675,9,7,0,0.5625,8,0.5,0.31399291281137964,-0.21592595284807845
1990,CLE,-10.469276679178034,-1.0663877761284104,-7.523386210439066,2.695140590155793,1417.4562662694998,-1.911281873640778,-1.7248321253632857,-1.920623502410155,-1.55643344364206,30.887181263592225,32.75167874636715,30.79376497589845,34.4356655635794,3,13,0,0.1875,-234,-14.625,-1.5699645640568982,-0.3506589383532568
1990,DAL,-3.562752467122526,-0.2336392730615528,-2.6059366667530486,2.704215206840435,1485.482112718949,-0.6504197395244377,-0.3779005470094255,-0.66526203333993,-0.2737473127763779,43.495802604755625,46.22099452990575,43.3473796666007,47.26252687223622,7,9,0,0.4375,-64,-4.0,-0.31399291281137964,-0.3512691205285503
1990,DEN,-1.2736239114686214,-0.4687918284547787,-1.2299753736644208,2.7018891544425885,1450.494240526219,-0.2325140857789004,-0.7582487570911818,-0.3139968551352264,-0.9334738836683036,47.674859142211,42.41751242908818,46.86003144864773,40.66526116331696,5,11,0,0.3125,-43,-2.6875,-0.9419787384341389,0.6279818832989126
1990,DET,-1.933428362237009,-0.2929391009178932,-1.4842937663170357,2.7025399700870203,1472.3683304435758,-0.3529686621116885,-0.4738152324594697,-0.378921061916747,-0.5210190120754566,46.47031337888311,45.261847675405306,46.21078938083253,44.78980987924543,6,10,0,0.375,-40,-2.5,-0.6279858256227593,0.24906476370601227
1990,GB,-4.330291666447097,-0.4242819506608154,-3.1166274073670093,2.701930248070567,1461.632654987375,-0.7905424819002734,-0.6862561209848794,-0.795634795212164,-0.7234494518550915,42.09457518099727,43.13743879015121,42.04365204787836,42.76550548144908,6,10,0,0.375,-76,-4.75,-0.6279858256227593,-0.16764896958940467
1990,IND,-3.6422828923701127,-0.1978872833250015,-2.725655276116749,2.70218968662045,1489.8110405065386,-0.6649388954161691,-0.3200733833606212,-0.6958246508087419,-0.1921216377649497,43.35061104583831,46.799266166393785,43.04175349191258,48.0787836223505,7,9,0,0.4375,-72,-4.5,-0.31399291281137964,-0.38183173799736225
1990,KC,5.823789560667155,0.4955138278002186,4.146486454536431,2.6485701863547115,1541.4999876896716,1.0631969871748042,0.8014703355420223,1.0585445322423852,0.7825181371347593,60.63196987174804,58.014703355420224,60.58544532242385,57.82518137134759,11,5,0,0.6875,112,7.0,0.9419787384341389,0.11656579380824628
1990,LAC,1.286638987156098,-0.2558944168555184,0.9152823687613212,2.7044005042293544,1465.0939744918496,0.2348901313270146,-0.4138971964738215,0.2336597882407586,-0.6581832809124959,52.34890131327015,45.86102803526178,52.33659788240759,43.41816719087504,6,10,0,0.375,34,2.125,-0.6279858256227593,0.8616456138635179
1990,LAR,-3.816391318422092,-0.4332163773501748,-2.60542299815262,2.6950587494134544,1450.769956010569,-0.6967243080056662,-0.7007071363851671,-0.6651309003688398,-0.9282750299046316,43.03275691994334,42.99292863614833,43.3486909963116,40.71724970095369,5,11,0,0.3125,-67,-4.1875,-0.9419787384341389,0.2768478380652991
1990,MIA,4.832268322766233,0.7906496857570302,3.454781640130791,2.608029018759265,1563.2505172244548,0.8821838544242916,1.278838719300826,0.8819612110997909,1.1926431709185428,58.82183854424292,62.78838719300826,58.81961211099791,61.92643170918543,12,4,0,0.75,94,5.875,1.2559716512455186,-0.3740104401457277
1990,MIN,2.048023915718624,-0.1993191045019464,1.313224834733562,2.702577445524659,1472.101981352733,0.3738893437290587,-0.3223892868425012,0.3352493692319404,-0.5260412543939943,53.738893437290585,46.77610713157499,53.352493692319406,44.73958745606006,6,10,0,0.375,25,1.5625,-0.6279858256227593,0.9632351948546997
1990,NE,-13.43294092630356,-1.364451781525416,-9.835684251245077,2.7021606510681044,1384.9254107904362,-2.452331454110265,-2.2069366500322776,-2.5109233803543183,-2.1698308407505014,25.476685458897347,27.930633499677224,24.890766196456816,28.301691592494983,1,15,0,0.0625,-265,-16.5625,-2.1979503896796575,-0.3129729906746608
1990,NO,-1.1465064473323276,-0.119357437546331,-0.5998467493721512,2.642695973688426,1497.4631127671207,-0.2093073913269246,-0.1930550474128498,-0.1531331414423357,-0.047835201456884,47.90692608673076,48.06944952587151,48.46866858557664,49.52164798543116,8,8,0,0.5,-1,-0.0625,0.0,-0.1531331414423357
1990,NYG,9.206667959622406,1.213015527092388,6.509263277329529,2.559184205378138,1606.393935759573,1.680778732579754,1.96199562347711,1.661730992417687,2.0061496170934205,66.80778732579753,69.61995623477111,66.61730992417688,70.0614961709342,13,3,0,0.8125,124,7.75,1.5699645640568982,0.09176642836078885
1990,NYJ,-4.354752255129093,-0.5290143452654273,-2.768607333454422,2.703910325482225,1465.3216628649427,-0.7950080320236609,-0.8556558485737545,-0.7067897572770417,-0.6538900198423392,42.04991967976339,41.44344151426245,42.93210242722958,43.46109980157661,6,10,0,0.375,-50,-3.125,-0.6279858256227593,-0.07880393165428246
1990,OAK,4.976427293024657,0.7475454505986052,3.15366925432584,2.605135802300428,1564.4830040115412,0.9085016636885777,1.209119644115635,0.8050911011695935,1.2158827745513423,59.085016636885776,62.09119644115635,58.05091101169593,62.15882774551343,12,4,0,0.75,69,4.3125,1.2559716512455186,-0.4508805500759251
1990,PHI,4.812600315247851,0.3862203848798957,3.3065631773358293,2.6583599152382846,1528.1281249378535,0.8785932428269041,0.6246933265960464,0.8441229484913776,0.5303801073883422,58.78593242826904,56.24693326596047,58.44122948491378,55.30380107388342,10,6,0,0.625,97,6.0625,0.6279858256227593,0.2161371228686183
1990,PIT,1.1749240062971886,0.0800058586966327,1.154332066508458,2.695391239187323,1515.1343894035142,0.2144953299980536,0.1294057174944685,0.294686094068331,0.2853719931501912,52.144953299980536,51.29405717494468,52.94686094068331,52.85371993150192,9,7,0,0.5625,52,3.25,0.31399291281137964,-0.019306818743048626
1990,SEA,2.127057209935524,0.1439944565789277,1.250662646208884,2.702321110638663,1523.4302961063502,0.3883177428706448,0.2329042681671323,0.319278049100058,0.4417984843455754,53.883177428706446,52.329042681671325,53.19278049100058,54.41798484345576,9,7,0,0.5625,20,1.25,0.31399291281137964,0.005285136288678383
1990,SF,6.634230779103304,1.0082713421614082,4.901085170487305,2.599809099445794,1587.7612954456529,1.2111519661017696,1.6308315239293765,1.2511838555743178,1.6548150794212684,62.111519661017695,66.30831523929376,62.51183855574318,66.54815079421269,14,2,0,0.875,114,7.125,1.8839574768682779,-0.6327736212939601
1990,TB,-7.154848550618768,-0.5218202602368001,-4.805450233958426,2.704678435779424,1462.1852120572007,-1.306196479709073,-0.844019754042531,-1.2267694892755343,-0.7130305107177113,36.93803520290927,41.55980245957469,37.732305107244656,42.869694892822885,6,10,0,0.375,-103,-6.4375,-0.6279858256227593,-0.598783663652775
1990,TEN,2.80744973850328,0.1424094077413269,2.1893082244841726,2.65179606890864,1510.2563351592526,0.5125308997736933,0.230340526143298,0.5589021635137829,0.193392064177539,55.12530899773693,52.30340526143298,55.58902163513783,51.93392064177539,9,7,0,0.5625,98,6.125,0.31399291281137964,0.24490925070240321
1990,WSH,5.749466537553724,0.5725376857858301,3.870426872314356,2.612978305686528,1541.4242316830218,1.0496284999503325,0.926052806990949,0.9880700800674378,0.7810896921519896,60.49628499950333,59.26052806990949,59.880700800674376,57.8108969215199,10,6,0,0.625,80,5.0,0.6279858256227593,0.3600842544446785
1991,ARI,-5.545745151373768,-0.6001519408621246,-5.237263654084192,2.739306985520321,1430.0828726286877,-0.8599903533886997,-0.8832334620340455,-0.9884136786851768,-1.2317894350944276,41.400096466113006,41.167665379659546,40.11586321314823,37.68210564905573,4,12,0,0.25,-148,-9.25,-1.1686974195815552,0.18028374089637833
1991,ATL,3.877575249285554,0.4323442262809888,2.71316172443727,2.6345334340128392,1540.9925310565125,0.6013037414996087,0.6362736863269013,0.5120471944977506,0.7222002472302737,56.01303741499609,56.36273686326901,55.12047194497751,57.222002472302734,10,6,0,0.625,23,1.4375,0.5843487097907776,-0.07230151529302697
1991,BUF,4.703473379365007,0.8231963939520278,4.623523091035638,2.5754666515247315,1580.4601242848646,0.72937749991495,1.2114842116810305,0.8725841906646381,1.417534369141525,57.2937749991495,62.11484211681031,58.72584190664638,64.17534369141525,13,3,0,0.8125,140,8.75,1.460871774476944,-0.5882875838123058
1991,CHI,1.7843756353810447,0.4184808086471747,1.650019541062602,2.6800447387009863,1532.900273596469,0.27670687912325,0.6158711290432443,0.3114034335873604,0.5796320723050059,52.7670687912325,56.15871129043244,53.114034335873605,55.79632072305006,11,5,0,0.6875,30,1.875,0.8765230646861664,-0.565119631098806
1991,CIN,-8.602449917191294,-0.9189719360569696,-7.319565829524389,2.729163306870271,1426.361042079627,-1.3339999841971324,-1.352435457310625,-1.3814005682712978,-1.2973600859765435,36.66000015802868,36.47564542689375,36.18599431728703,37.02639914023457,3,13,0,0.1875,-172,-10.75,-1.460871774476944,0.07947120620564618
1991,CLE,-0.9526115582109425,-0.2946876676548592,-0.7003897267620026,2.729376653276116,1463.3582408912096,-0.1477234759669851,-0.4336868569443388,-0.1321825350156441,-0.6455490013739094,48.52276524033015,45.66313143055661,48.67817464984356,43.544509986260906,6,10,0,0.375,-5,-0.3125,-0.5843487097907776,0.4521661747751335
1991,DAL,3.0074760333870336,0.6175742471659328,2.1255079917097564,2.6283627796462032,1560.577051155483,0.4663756278306206,0.9088735755879984,0.4011409987966206,1.0672373769909114,54.66375627830621,59.08873575587998,54.0114099879662,60.67237376990912,11,5,0,0.6875,32,2.0,0.8765230646861664,-0.4753820658895458
1991,DEN,3.0603507933957754,0.6540119834973963,2.679823474279046,2.6329563427034084,1563.9252870922246,0.4745750279660553,0.9624983759385412,0.5057553626068509,1.1262260941785962,54.74575027966056,59.624983759385415,55.05755362606851,61.26226094178596,12,4,0,0.75,69,4.3125,1.1686974195815552,-0.6629420569747042
1991,DET,3.487930449218388,0.6935413710685496,3.0848374849368208,2.6333317203398563,1568.772677608572,0.5408807036283455,1.0206731071347803,0.5821924898232942,1.2116266912898486,55.408807036283456,60.20673107134781,55.82192489823294,62.11626691289848,12,4,0,0.75,44,2.75,1.1686974195815552,-0.586504929758261
1991,GB,-3.9357981947961855,-0.6682621334199026,-2.979261971404114,2.7390724150054355,1438.3339794032386,-0.6103324959984723,-0.9834700805913316,-0.5622675273615426,-1.0864226768357346,43.89667504001528,40.165299194086685,44.37732472638457,39.13577323164265,4,12,0,0.25,-40,-2.5,-1.1686974195815552,0.6064298922200125
1991,IND,-15.863811495078162,-1.570869656913116,-12.662047157303832,2.7371026174913524,1384.5282856318129,-2.4600345817125167,-2.311822308674909,-2.3896716753367917,-2.034363297788112,25.399654182874837,26.881776913250903,26.10328324663209,29.65636702211888,1,15,0,0.0625,-238,-14.875,-2.0452204842677215,-0.3444511910690702
1991,KC,4.32695612735294,0.4422444420039835,3.3710044408817463,2.642538234768912,1534.603111699796,0.6709901785043026,0.6508436663811912,0.6361999548519233,0.6096324179172457,56.70990178504303,56.50843666381191,56.36199954851924,56.096324179172456,10,6,0,0.625,70,4.375,0.5843487097907776,0.05185124506114569
1991,LAC,-2.662449730378458,-0.6171904019853217,-2.503141038354322,2.7388955682563845,1442.3891186979106,-0.4128716740509843,-0.9083086771270033,-0.4724105955708793,-1.0149798426002024,45.87128325949016,40.91691322872997,45.275894044291206,39.85020157399798,4,12,0,0.25,-68,-4.25,-1.1686974195815552,0.6962868240106759
1991,LAR,-6.290123215733385,-0.9124918918140408,-5.907527194088342,2.730917648700068,1416.0599768303084,-0.975422623922236,-1.3428988857840978,-1.1149105852801715,-1.4788427043476071,40.24577376077764,36.57101114215902,38.85089414719828,35.21157295652393,3,13,0,0.1875,-156,-9.75,-1.460871774476944,0.34596118919677243
1991,MIA,-3.063000999666454,-0.1669639500508249,-1.838546976146199,2.738027973867726,1495.5959110989054,-0.4749860010210842,-0.2457180217170171,-0.3469836731841885,-0.0775905759224722,45.25013998978916,47.54281978282983,46.53016326815811,49.22409424077528,8,8,0,0.5,-6,-0.375,0.0,-0.3469836731841885
1991,MIN,-1.4342582481120536,-0.1530614648713546,-1.083101547654282,2.740632657089311,1495.2101648069622,-0.2224134402099233,-0.2252579693870997,-0.2044106342195951,-0.0843865960810095,47.77586559790077,47.747420306129,47.95589365780405,49.15613403918991,8,8,0,0.5,-5,-0.3125,0.0,-0.2044106342195951
1991,NE,-8.241890761857078,-0.6452372169100805,-6.261610257009027,2.741356887479034,1468.1013024671045,-1.278087318369603,-0.9495847003444536,-1.181735661483586,-0.5619864558453744,37.21912681630397,40.50415299655546,38.18264338516414,44.38013544154626,6,10,0,0.375,-94,-5.875,-0.5843487097907776,-0.5973869516928085
1991,NO,7.9032993531464175,0.5919251223622711,6.251131389554565,2.684755646859176,1529.8889453868426,1.2255812371697978,0.8711261923737769,1.1797580150229086,0.5265789447856144,62.25581237169798,58.711261923737766,61.79758015022909,55.26578944785614,11,5,0,0.6875,130,8.125,0.8765230646861664,0.3032349503367422
1991,NYG,0.4854293519035257,0.0678082646868879,0.0329734613931637,2.7365204683758444,1502.859894170314,0.0752765495878131,0.0997922764156815,0.0062229863583775,0.0503851853891571,50.75276549587813,50.99792276415682,50.062229863583774,50.503851853891575,8,8,0,0.5,-16,-1.0,0.0,0.0062229863583775
1991,NYJ,-1.4573998432231847,-0.0977509072053265,-0.5782549058417135,2.683127732874818,1490.202166608646,-0.2260020559891157,-0.1438583570418941,-0.1091323821849312,-0.1726167551791797,47.73997944010884,48.56141642958106,48.908676178150685,48.2738324482082,8,8,0,0.5,21,1.3125,0.0,-0.1091323821849312
1991,OAK,1.1932179951730335,0.0772859814375305,0.7648224366970577,2.694634367963255,1505.5944648400002,0.1850348217109145,0.1137404718773558,0.14434273470406,0.0985624401918298,51.85034821710914,51.13740471877356,51.4434273470406,50.9856244019183,9,7,0,0.5625,1,0.0625,0.2921743548953888,-0.14783162019132878
1991,PHI,4.122832059609206,0.4421009215087709,3.0732222229705903,2.7359678965918395,1539.914127441155,0.6393362304121175,0.6506324496955009,0.5800003749008421,0.7032010945175143,56.393362304121176,56.50632449695501,55.80000374900842,57.032010945175145,10,6,0,0.625,41,2.5625,0.5843487097907776,-0.004348334889935468
1991,PIT,-3.250032040578138,-0.2073067934729383,-2.659571129793037,2.729348637965272,1485.8867159835863,-0.5039892975264153,-0.305089902132541,-0.5019331959874962,-0.2486457152849001,44.96010702473585,46.94910097867459,44.98066804012504,47.513542847151,7,9,0,0.4375,-52,-3.25,-0.2921743548953888,-0.2097588410921074
1991,SEA,0.8125142221552912,-0.1419505475612349,0.5855385876755862,2.738976525835513,1479.0668106991836,0.1259982876911648,-0.2089062202815419,0.1105070104700969,-0.3687977809305316,51.25998287691165,47.91093779718458,51.10507010470097,46.31202219069469,7,9,0,0.4375,15,0.9375,-0.2921743548953888,0.4026813653654857
1991,SF,9.847019092770378,0.6069995434959021,7.794652525939274,2.7305591659260675,1543.0063796924346,1.5269979413531347,0.8933109630285048,1.4710623115619208,0.7576799296324724,65.26997941353135,58.933109630285045,64.71062311561921,57.57679929632472,10,6,0,0.625,154,9.625,0.5843487097907776,0.8867136017711432
1991,TB,-9.84294397882974,-0.9617385683548004,-8.064478156230773,2.738154158529273,1421.1214718656315,-1.526366004871697,-1.4153743868251891,-1.5219857252861857,-1.3896700460205138,34.73633995128303,35.846256131748106,34.78014274713814,36.10329953979486,3,13,0,0.1875,-166,-10.375,-1.460871774476944,-0.06111395080924176
1991,TEN,7.155621056166937,0.5912901671326423,6.171239646574051,2.626709668725099,1541.9528011143598,1.1096371926294235,0.8701917395002327,1.1646802765717692,0.7391181406930872,61.09637192629424,58.701917395002326,61.646802765717695,57.39118140693087,11,5,0,0.6875,135,8.4375,0.8765230646861664,0.28815721188560284
1991,WSH,15.37444433671828,1.497831603892836,12.873301525049287,2.5788431552826068,1618.2542711681576,2.384147388203366,2.204333441211348,2.4295411034490737,2.083385965017432,73.84147388203365,72.04333441211348,74.29541103449074,70.83385965017432,14,2,0,0.875,261,16.3125,1.7530461293723327,0.676494974076741
1992,ARI,-1.9821230547691333,-0.5631046487047457,-2.2031305810052766,2.870606431578337,1435.3548275687317,-0.3410728232020518,-0.9056365433902256,-0.5465585310132062,-1.207066557421509,46.58927176797948,40.94363456609774,44.53441468986794,37.92933442578491,4,12,0,0.25,-89,-5.5625,-1.2302493704584911,0.683690839445285
1992,ATL,-3.110277189881467,-0.3389632299085982,-2.517918114473582,2.8610736365360205,1469.1473106958488,-0.5351993760131992,-0.5451517556761774,-0.6246518648160543,-0.5760870930486369,44.64800623986801,44.54848244323823,43.753481351839454,44.23912906951363,6,10,0,0.375,-87,-5.4375,-0.6151246852292456,-0.00952717958680871
1992,BUF,4.372685877506216,0.6707574047245531,3.517891340548585,2.6756028962701923,1565.725672356392,0.752427713117185,1.0787735794144642,0.8727278990775852,1.2272418508867686,57.52427713117185,60.78773579414464,58.72727899077585,62.27241850886769,11,5,0,0.6875,98,6.125,0.9226870278438684,-0.04995912876628317
1992,CHI,-3.767846335990362,-0.5357746350712284,-2.722704882724313,2.86895653143078,1447.8851557112157,-0.6483502545998197,-0.8616819087858074,-0.6754559143767431,-0.9730979641689956,43.5164974540018,41.38318091214192,43.24544085623257,40.26902035831005,5,11,0,0.3125,-66,-4.125,-0.9226870278438684,0.24723111346712523
1992,CIN,-6.623128035698834,-0.6516063955314778,-4.178342766831281,2.861355555099806,1446.0619424033227,-1.1396714104753571,-1.0479731699205177,-1.0365744565476085,-1.0071413386118944,38.60328589524643,39.520268300794825,39.63425543452392,39.92858661388105,5,11,0,0.3125,-90,-5.625,-0.9226870278438684,-0.11388742870374013
1992,CLE,-1.308376603910588,-0.1518777562936905,-0.5010187897048549,2.861436604870585,1478.6074139843809,-0.2251382430740525,-0.2442637377334117,-0.1242940822809284,-0.3994463033364408,47.74861756925947,47.557362622665885,48.75705917719072,46.00553696663559,7,9,0,0.4375,-3,-0.1875,-0.3075623426146228,0.18326826033369437
1992,DAL,12.883038681649388,1.2823913664871422,8.927910754957047,2.7163421847903697,1607.657119504869,2.2168423721216417,2.0624594151198945,2.214859994825992,2.010193549422768,72.16842372121641,70.62459415119895,72.14859994825991,70.10193549422767,13,3,0,0.8125,166,10.375,1.537811713073114,0.677048281752878
1992,DEN,-2.9284103594438284,-0.0012443509028147,-2.246681023507177,2.8690804421229967,1492.0870453935156,-0.5039047330519936,-0.0020012792524121,-0.5573626413478522,-0.1477521447720948,44.96095266948007,49.97998720747588,44.42637358652148,48.522478552279054,8,8,0,0.5,-67,-4.1875,0.0,-0.5573626413478522
1992,DET,-2.1202337067787576,-0.4087100789129769,-1.748495209076605,2.8693531923449607,1457.8127086499055,-0.3648381438676173,-0.6573250353498197,-0.4337713711551667,-0.7877288685560968,46.35161856132383,43.42674964650181,45.662286288448335,42.12271131443903,5,11,0,0.3125,-59,-3.6875,-0.9226870278438684,0.4889156566887017
1992,GB,-1.9471698197344047,-0.0468001956012127,-1.2748135382171877,2.8690960434383084,1521.6135102812657,-0.3350582629432144,-0.0752683670286871,-0.3162591544827114,0.4035714418851604,46.64941737056785,49.24731632971313,46.83740845517288,54.035714418851605,9,7,0,0.5625,-20,-1.25,0.3075623426146228,-0.6238214970973341
1992,IND,-6.350188610073177,-0.0294189950069978,-3.879099550486331,2.870853619182449,1518.6254341216788,-1.0927054967106682,-0.0473143260483391,-0.9623373985396648,0.3477775338852924,39.07294503289332,49.52685673951661,40.37662601460335,53.47777533885292,9,7,0,0.5625,-86,-5.375,0.3075623426146228,-1.2698997411542876
1992,KC,2.743782766819198,0.3128861012814027,2.030156906423842,2.822398429810187,1520.830649773623,0.4721350333323085,0.5032121256521701,0.5036467588748311,0.3889537264029067,54.72135033332309,55.0321212565217,55.03646758874831,53.889537264029066,10,6,0,0.625,66,4.125,0.6151246852292456,-0.11147792635441445
1992,LAC,2.399960822100085,0.4164179173984859,2.297003041527294,2.77109588886003,1554.348121538898,0.4129720459072788,0.6697214881567412,0.5698466622605601,1.0147981280123015,54.12972045907279,56.69721488156741,55.6984666226056,60.14798128012302,11,5,0,0.6875,94,5.875,0.9226870278438684,-0.3528403655833082
1992,LAR,-2.563424419219829,-0.3525622746400025,-2.1537475703360154,2.860799912088676,1470.7288923281906,-0.4410999617933522,-0.5670229867027492,-0.5343074615572663,-0.5465555097233444,45.58900038206648,44.329770132972506,44.65692538442734,44.53444490276655,6,10,0,0.375,-70,-4.375,-0.6151246852292456,0.0808172236719793
1992,MIA,1.930948661116568,0.4112976515640367,1.907523002545422,2.767927440418399,1542.649656300752,0.3322670152696247,0.661486607016591,0.4732234117822497,0.7963622320119047,53.32267015269625,56.61486607016591,54.7322341178225,57.96362232011904,11,5,0,0.6875,59,3.6875,0.9226870278438684,-0.44946361606161866
1992,MIN,5.694122765811606,0.4343173800090142,4.026064043559093,2.816134790237445,1538.6271746115383,0.9798132980298988,0.6985090456461505,0.9987967433181748,0.7212537135830528,59.79813298029899,56.98509045646151,59.98796743318175,57.21253713583053,11,5,0,0.6875,125,7.8125,0.9226870278438684,0.07610971547430645
1992,NE,-10.228767061278813,-1.1653171049892206,-6.781769231299235,2.867063662645108,1404.2971687982329,-1.7601099240898903,-1.8741698498555623,-1.6824394616855411,-1.7869808780699143,32.398900759101096,31.25830150144437,33.175605383144585,32.130191219300855,2,14,0,0.125,-158,-9.875,-1.8453740556877367,0.16293459400219557
1992,NO,6.85969488782093,0.6780216063457876,4.680502720174406,2.80876968070252,1553.1683366644545,1.1803785320312916,1.0904565347263708,1.1611516417581396,0.9927689677001882,61.80378532031291,60.90456534726371,61.6115164175814,59.92768967700188,12,4,0,0.75,128,8.0,1.2302493704584911,-0.06909772870035158
1992,NYG,-1.2568815426244777,-0.2447849385891518,-1.6555594858158522,2.8679206014867,1467.0029726581802,-0.2162772564205967,-0.3936855896462425,-0.4107156281946793,-0.6161265675481228,47.837227435794034,46.06314410353757,45.89284371805321,43.838734324518775,6,10,0,0.375,-61,-3.8125,-0.6151246852292456,0.20440905703456624
1992,NYJ,-6.830579679008517,-0.7309032406095248,-4.436920401612705,2.867332375619029,1438.335329163829,-1.1753685471850557,-1.1755056291950408,-1.100723088243564,-1.1514140830838682,38.24631452814944,38.24494370804959,38.992769117564364,38.48585916916132,4,12,0,0.25,-95,-5.9375,-1.2302493704584911,0.12952628221492724
1992,OAK,-1.424736819841205,-0.1565046069244521,-1.1077263891942006,2.869410527232772,1491.0780418811437,-0.2451608684405077,-0.2517050632874881,-0.2748077273596226,-0.1665924440597161,47.54839131559493,47.48294936712512,47.25192272640378,48.33407555940284,7,9,0,0.4375,-32,-2.0,-0.3075623426146228,0.032754615255000175
1992,PHI,9.078335281297315,0.8248243207092651,5.660731654745639,2.772911442487421,1555.1171423024298,1.562149956793434,1.3265581245503122,1.4043294593396252,1.0291574252453437,65.62149956793434,63.26558124550312,64.04329459339625,60.29157425245344,11,5,0,0.6875,109,6.8125,0.9226870278438684,0.4816424314957568
1992,PIT,1.9549988448913629,0.3826415449706757,1.8064475326114589,2.8093684959504457,1530.374133052852,0.3364054384915638,0.6153992280863545,0.4481483386817851,0.5671514026472758,53.36405438491564,56.15399228086355,54.48148338681785,55.67151402647276,11,5,0,0.6875,74,4.625,0.9226870278438684,-0.47453868916208325
1992,SEA,-9.83240779150692,-1.1901851410761863,-7.076672045574535,2.8692094341857066,1404.1322714927112,-1.6919066030003485,-1.914164906359725,-1.755599741131357,-1.790059870907558,33.080933969996515,30.85835093640275,32.44400258868643,32.09940129092442,2,14,0,0.125,-172,-10.75,-1.8453740556877367,0.08977431455637963
1992,SF,9.928130906034507,1.0549677902401906,6.916698530611074,2.75425313927285,1593.6868329742283,1.7083781095695618,1.6966959607575671,1.715913083384747,1.749337788125798,67.08378109569561,66.96695960757567,67.15913083384747,67.49337788125797,14,2,0,0.875,195,12.1875,1.8453740556877367,-0.1294609723029898
1992,TB,-6.005162744133808,-0.7157013906453337,-4.277618804364637,2.8712288183504926,1446.3031679076855,-1.0333353451499316,-1.151056619785556,-1.061203121642114,-1.0026371315974725,39.66664654850068,38.48943380214444,39.387968783578856,39.97362868402527,5,11,0,0.3125,-98,-6.125,-0.9226870278438684,-0.1385160937982457
1992,TEN,5.072276591578824,0.4494618059434927,3.927211361717929,2.809781571436553,1527.3385241811918,0.8728094317801951,0.722865700464182,0.9742731054368606,0.5104699550992977,58.72809431780195,57.22865700464182,59.742731054368605,55.104699550992976,10,6,0,0.625,94,5.875,0.6151246852292456,0.35914842020761506
1992,WSH,5.36173768726808,0.3654740937335684,3.0640774948019702,2.7633213126638165,1521.4034436989332,0.9226183035736738,0.5877889584269644,0.7601445456335301,0.3996490399976105,59.22618303573674,55.877889584269646,57.6014454563353,53.9964903999761,9,7,0,0.5625,45,2.8125,0.3075623426146228,0.4525822030189073
1993,ARI,3.957459563997749,-0.0067681059017395,2.4153945251273874,2.532892098788881,1491.2875332709311,0.7956201385668672,-0.0136130924709899,0.7371089148614414,-0.2031625316844205,57.95620138566867,49.8638690752901,57.371089148614416,47.968374683155794,7,9,0,0.4375,57,3.5625,-0.39661488976905146,1.1337238046304927
1993,ATL,-4.423860405128854,-0.4549821366690941,-2.7994254760482096,2.5259474928559804,1466.4452883549325,-0.889386833045377,-0.9151325332443592,-0.8543041119862337,-0.782448918284844,41.10613166954623,40.84867466755641,41.45695888013766,42.17551081715156,6,10,0,0.375,-69,-4.3125,-0.7932297795381029,-0.061074332448130764
1993,BUF,4.819302141193665,0.7685627101280946,3.2482872102450666,2.407489430064748,1569.9444612206482,0.9688876854874884,1.5458557230966763,0.9912837988964812,1.6310069536883451,59.68887685487488,65.45855723096676,59.91283798896481,66.31006953688345,12,4,0,0.75,87,5.4375,1.5864595590762058,-0.5951757601797246
1993,CHI,-0.3044001018359349,-0.1555368800966591,-0.1788811360966859,2.5315770263031805,1481.587885435424,-0.061197555473649,-0.3128405438899694,-0.0545893760815131,-0.429344745285776,49.38802444526351,46.87159456110031,49.45410623918487,45.70655254714224,7,9,0,0.4375,4,0.25,-0.39661488976905146,0.34202551368753836
1993,CIN,-8.15756882273982,-0.9999596319400236,-5.132421190573978,2.526261539603063,1422.566094885264,-1.640023336223456,-2.011278064274674,-1.5662672805786542,-1.8056503043888557,33.59976663776544,29.88721935725326,34.33732719421346,31.94349695611145,3,13,0,0.1875,-132,-8.25,-1.9830744488452574,0.41680716826660325
1993,CLE,-1.357734363279124,-0.2665899659153083,-0.5487107038919672,2.525920837281511,1477.0170762109528,-0.2729631938823641,-0.5362081962858201,-0.1674507196696286,-0.5359296198990409,47.27036806117636,44.6379180371418,48.32549280330371,44.64070380100959,7,9,0,0.4375,-3,-0.1875,-0.39661488976905146,0.22916417009942286
1993,DAL,10.655434889919883,1.0516553203805894,6.965492287523484,2.4077183339783392,1596.5189818246035,2.142202199798171,2.115256665867187,2.125667839402503,2.250687585143263,71.42202199798172,71.15256665867187,71.25667839402503,72.50687585143262,12,4,0,0.75,147,9.1875,1.5864595590762058,0.5392082803262972
1993,DEN,4.000493560952753,0.2661243255709191,2.671891957659657,2.4924977947934863,1507.837832194458,0.8042718288916166,0.535271626267794,0.8153845514879818,0.1827672783220996,58.04271828891616,55.35271626267794,58.15384551487982,51.827672783221,9,7,0,0.5625,89,5.5625,0.39661488976905146,0.4187696617189304
1993,DET,0.1258347353971672,0.0950034999363853,0.1327580471374253,2.494036325261922,1519.325315003192,0.0252982116416328,0.1910861692293122,0.0405139363555663,0.4506393015594323,50.25298211641633,51.910861692293125,50.40513936355566,54.50639301559433,10,6,0,0.625,6,0.375,0.7932297795381029,-0.7527158431825366
1993,GB,3.4779754175521465,0.2945500911334817,2.19438160980174,2.450705506884864,1523.8679980171364,0.6992231351694919,0.5924460530246791,0.6696621319482197,0.5565683123037193,56.99223135169492,55.92446053024679,56.6966213194822,55.56568312303719,9,7,0,0.5625,58,3.625,0.39661488976905146,0.2730472421791682
1993,IND,-10.545404622482112,-0.8710349918647909,-6.890722251011128,2.531268172062,1431.0743589064666,-2.12008136818645,-1.7519642957530903,-2.1028501754952487,-1.607249494085648,28.799186318135497,32.480357042469095,28.971498245047517,33.92750505914352,4,12,0,0.25,-189,-11.8125,-1.5864595590762058,-0.5163906164190428
1993,KC,2.9380194186681314,0.6434641790574228,1.7602316206923796,2.4047264915155595,1558.8206419813544,0.5906686800437047,1.2942376343471524,0.5371720463616303,1.371615055970724,55.90668680043704,62.94237634347152,55.3717204636163,63.71615055970724,11,5,0,0.6875,37,2.3125,1.1898446693071545,-0.6526726229455242
1993,LAC,2.0589499843672723,0.0885489294236557,1.2387780247562097,2.5312752494162383,1504.8997744744372,0.4139377914981698,0.1781037090660145,0.3780394118157957,0.1142558838805175,54.1393779149817,51.78103709066015,53.78039411815796,51.14255883880517,8,8,0,0.5,32,2.0,0.0,0.3780394118157957
1993,LAR,-8.222619099244186,-0.665269799929047,-5.402275371664086,2.5260998192993465,1447.512424584418,-1.653101248750232,-1.3380965717843571,-1.648619012573104,-1.2239368063040188,33.46898751249768,36.61903428215643,33.51380987426896,37.76063193695981,5,11,0,0.3125,-146,-9.125,-1.1898446693071545,-0.45877434326594946
1993,MIA,-0.4102359023969086,0.165200051221451,-0.1793469627253516,2.531445305911492,1507.153677622307,-0.0824751182499556,0.332276652602598,-0.054731532966112,0.1668137511220544,49.175248817500446,53.32276652602598,49.45268467033888,51.66813751122054,9,7,0,0.5625,-2,-0.125,0.39661488976905146,-0.45134642273516346
1993,MIN,0.0271731686796926,0.1169303244677824,-0.2507225188964818,2.484833775843848,1513.370748782913,0.0054629794393649,0.2351888907698193,-0.0765132991370686,0.3117871502670662,50.05462979439365,52.3518889076982,49.23486700862932,53.11787150267066,9,7,0,0.5625,-13,-0.8125,0.39661488976905146,-0.4731281889061201
1993,NE,-3.80051625369918,-0.5494110149262968,-2.23213457276882,2.5331020915660254,1458.2229589358092,-0.7640677610207144,-1.1050629318388565,-0.6811832500413374,-0.9741821338113852,42.35932238979286,38.94937068161144,43.18816749958663,40.25817866188615,5,11,0,0.3125,-48,-3.0,-1.1898446693071545,0.5086614192658171
1993,NO,-1.256580336702748,-0.0624290853691391,-0.810531346628803,2.5261319845178427,1489.3114375059092,-0.2526268696976659,-0.1255673188847402,-0.247350846894557,-0.2492423195283414,47.47373130302334,48.7443268111526,47.52649153105443,47.507576804716585,8,8,0,0.5,-26,-1.625,0.0,-0.247350846894557
1993,NYG,3.398522489492172,0.533339856864868,2.1689642376261755,2.4402712417926145,1543.9900814827492,0.6832496681989887,1.0727380592700189,0.6619054812528341,1.0257871393896767,56.83249668198989,60.727380592700186,56.61905481252834,60.25787139389677,11,5,0,0.6875,83,5.1875,1.1898446693071545,-0.5279391880543204
1993,NYJ,0.2552179695952297,0.058589470904343,0.312671196768832,2.531462802860012,1498.2970433327755,0.0513098246616036,0.1178444747801901,0.0954182532754351,-0.0397105663207701,50.51309824661604,51.17844474780191,50.95418253275435,49.602894336792296,8,8,0,0.5,23,1.4375,0.0,0.0954182532754351
1993,OAK,0.4181783321498278,0.2565398339568976,0.0669929148417932,2.4504362059477103,1532.8540091973316,0.0840718893497951,0.5159937703176429,0.0204443101318355,0.7661095177836595,50.84071889349795,55.15993770317643,50.204443101318354,57.66109517783659,10,6,0,0.625,-20,-1.25,0.7932297795381029,-0.7727854694062675
1993,PHI,0.5025084237088522,0.0200593876863705,-0.1048604603981491,2.531389854858171,1501.8098923956748,0.1010258766354592,0.0403466351517661,-0.0320003955345023,0.0422041578597754,51.01025876635459,50.40346635151767,49.67999604465498,50.42204157859776,8,8,0,0.5,-22,-1.375,0.0,-0.0320003955345023
1993,PIT,1.337942281078764,0.043648362079061,1.0235792280491374,2.4800084335903514,1508.0692905557326,0.268984131322627,0.0877925372055412,0.3123669306248102,0.1881645633985699,52.68984131322627,50.877925372055415,53.1236693062481,51.8816456339857,9,7,0,0.5625,27,1.6875,0.39661488976905146,-0.08424795914424127
1993,SEA,-1.3230982858960585,-0.3203867992540549,-1.015474119278526,2.533462711668263,1464.9149035461442,-0.2659998477656726,-0.644412955123676,-0.3098934846230933,-0.8181353503681307,47.34000152234327,43.55587044876324,46.90106515376907,41.81864649631869,6,10,0,0.375,-34,-2.125,-0.7932297795381029,0.4833362949150096
1993,SF,9.090658390641948,0.546267798354235,6.235395481349029,2.438565705672868,1529.5969311667543,1.8276146026164968,1.0987407940837677,1.9028633000427584,0.6901590161446695,68.27614602616497,60.98740794083768,69.02863300042759,56.90159016144669,10,6,0,0.625,178,11.125,0.7932297795381029,1.1096335205046555
1993,TB,-7.40128048879951,-0.5571215774818208,-5.086422489209454,2.5315844021436407,1455.901315004558,-1.487976746911435,-1.1205716432265909,-1.5522298003678172,-1.0283196213232793,35.120232530885644,38.79428356773409,34.47770199632183,39.71680378676721,5,11,0,0.3125,-139,-8.6875,-1.1898446693071545,-0.3623851310606627
1993,TEN,5.694243946330785,0.579483221012112,4.008010344485149,2.483013026444058,1562.1341655645665,1.1447887424620116,1.1655489419864893,1.2231294411918343,1.4488817889058816,61.44788742462012,61.65548941986489,62.23129441191834,64.48881788905882,12,4,0,0.75,130,8.125,1.5864595590762058,-0.36333011788437153
1993,WSH,-5.5546160315216,-0.6184773728296953,-3.810900086871938,2.530997128234284,1435.667878542556,-1.1167175065765171,-1.2439801902895264,-1.162977061700258,-1.5001350444549435,38.83282493423483,37.56019809710473,38.37022938299742,34.99864955545056,4,12,0,0.25,-115,-7.1875,-1.5864595590762058,0.4234824973759479
1994,ARI,-1.483212558777756,-0.0814381931268411,-0.9670701861179825,2.456724194381365,1501.374724687886,-0.3051391406456261,-0.1566553573083043,-0.2905903331631296,0.0290438546240577,46.94860859354374,48.43344642691696,47.09409666836871,50.29043854624058,8,8,0,0.5,-32,-2.0,0.0,-0.2905903331631296
1994,ATL,-2.873307172964193,-0.2349338661927795,-1.9335071668611683,2.450870601581573,1483.8972664871048,-0.5911212633553357,-0.4519212342411507,-0.5809903974466436,-0.3402029914205031,44.088787366446645,45.48078765758849,44.19009602553356,46.59797008579497,7,9,0,0.4375,-68,-4.25,-0.36342189215581555,-0.21756850529082805
1994,BUF,-0.8855762094810835,-0.1249169850541111,-0.7399103246419639,2.4566375781227547,1480.4210435473406,-0.1821882925262898,-0.2402916147347354,-0.2223321438660465,-0.4136452701494739,48.1781170747371,47.597083852652645,47.77667856133954,45.86354729850526,7,9,0,0.4375,-16,-1.0,-0.36342189215581555,0.14108974828976906
1994,CHI,-1.2436387711981585,0.1581883311206432,-1.0762213544115509,2.375232561979888,1518.793745860851,-0.2558519772983192,0.3042927228887789,-0.3233886499915044,0.3970560996204842,47.44148022701681,53.04292722888779,46.76611350008496,53.970560996204846,9,7,0,0.5625,-36,-2.25,0.36342189215581555,-0.68681054214732
1994,CIN,-6.986587280365073,-0.9443029251623576,-4.874692293946348,2.451481865657089,1422.8683941499407,-1.4373403367977418,-1.8164709513898831,-1.464773165484386,-1.6295620257420194,35.62659663202258,31.83529048610117,35.35226834515614,33.7043797425798,3,13,0,0.1875,-130,-8.125,-1.8171094607790776,0.35233629529469157
1994,CLE,6.10288944775085,0.5095523773760883,4.349861789537944,2.3714995624193054,1544.89109187913,1.2555384799846412,0.9801802653064748,1.3070693366212296,0.9484156049147014,62.55538479984641,59.80180265306475,63.070693366212296,59.48415604914702,11,5,0,0.6875,136,8.5,1.0902656764674465,0.21680366015378305
1994,DAL,10.474902749660004,0.8459858796156451,7.107534308415631,2.37151704896253,1559.7311433467853,2.154986353413619,1.627347257601289,2.135709271466362,1.2619418703830814,71.5498635341362,66.27347257601289,71.35709271466362,62.61941870383082,12,4,0,0.75,166,10.375,1.4536875686232622,0.6820217028430999
1994,DEN,-3.004436701997198,-0.1887050697636433,-1.918131689573453,2.456001721614394,1488.7515684933844,-0.6180983487134648,-0.3629950394855806,-0.5763702932063147,-0.237645989997585,43.81901651286535,46.3700496051442,44.23629706793685,47.62354010002415,7,9,0,0.4375,-49,-3.0625,-0.36342189215581555,-0.21294840105049917
1994,DET,2.104640104177423,0.1772357564280776,1.084760245697255,2.4191045448930453,1511.4696419622976,0.4329845165862353,0.3409325487833925,0.3259544609317813,0.2423195107197809,54.32984516586235,53.409325487833925,53.25954460931781,52.423195107197806,9,7,0,0.5625,15,0.9375,0.36342189215581555,-0.03746743122403423
1994,GB,4.213903970924785,0.3242695801673139,2.687801533218158,2.377012823003723,1522.2790558133318,0.8669202730529524,0.6237683449853182,0.8076447337804173,0.4706903599721243,58.66920273052952,56.23768344985318,58.076447337804176,54.70690359972125,9,7,0,0.5625,95,5.9375,0.36342189215581555,0.4442228416246018
1994,IND,-1.7594213270558934,-0.1616481726635523,-0.9784812808618976,2.458693084592829,1503.8487490859488,-0.3619631647495148,-0.3109481101502614,-0.2940191988969615,0.0813126511233749,46.38036835250485,46.89051889849738,47.059808011030384,50.81312651123375,8,8,0,0.5,-13,-0.8125,0.0,-0.2940191988969615
1994,KC,1.0557765916080708,0.1904485512743834,0.7898853467666161,2.4129132482463724,1506.0630559805795,0.2172033670902372,0.3663488186957852,0.237348901219857,0.1280943872101794,52.17203367090237,53.66348818695785,52.37348901219857,51.280943872101794,9,7,0,0.5625,21,1.3125,0.36342189215581555,-0.12607299093595856
1994,LAC,3.4791366222991407,0.5701966154704347,2.405118308384455,2.330308612312422,1557.0956830926675,0.7157576659085981,1.0968361539331164,0.7227025923896249,1.2062624131342412,57.15757665908598,60.96836153933116,57.22702592389625,62.06262413134241,11,5,0,0.6875,75,4.6875,1.0902656764674465,-0.3675630840778217
1994,LAR,-4.84676537191354,-0.6858200204319993,-3.224045504691163,2.4510257805004723,1426.5421457442292,-0.9971179193057788,-1.319250541114391,-0.9687781412247958,-1.5519465524988023,40.02882080694221,36.80749458885609,40.31221858775204,34.48053447501198,4,12,0,0.25,-79,-4.9375,-1.4536875686232622,0.48490942739846643
1994,MIA,4.180638885127864,0.4658182756695104,2.7976236567443924,2.368803068398783,1529.8435182186286,0.8600766958235767,0.8960528913269112,0.8406446627641421,0.6305050111125082,58.600766958235766,58.96052891326912,58.40644662764142,56.30505011112509,10,6,0,0.625,62,3.875,0.7268437843116311,0.11380087845251097
1994,MIN,1.7410935130943457,0.2855813105689476,1.034748208240568,2.4186170878623416,1520.7612657339878,0.358192610509637,0.5493471862529232,0.3109265810164216,0.4386239580206992,53.58192610509637,55.49347186252923,53.10926581016422,54.38623958020699,10,6,0,0.625,42,2.625,0.7268437843116311,-0.4159172032952095
1994,NE,2.681532386115807,0.3242895570788509,1.6403412228183067,2.413254844844981,1535.7651233573608,0.5516677182042372,0.6238067727806141,0.4928983534829341,0.7556109616391367,55.51667718204237,56.23806772780614,54.92898353482934,57.55610961639137,10,6,0,0.625,39,2.4375,0.7268437843116311,-0.233945430828697
1994,NO,-3.208692880213155,-0.2764010283453924,-2.205443179355665,2.45130435694448,1493.8460482911914,-0.6601196721734937,-0.5316878996614072,-0.6627031599784295,-0.1300147443114195,43.39880327826506,44.68312100338593,43.3729684002157,48.6998525568858,7,9,0,0.4375,-59,-3.6875,-0.36342189215581555,-0.299281267822614
1994,NYG,-1.5936073827706938,0.0379137845461424,-1.08700354575056,2.4566148314699943,1519.9289320804016,-0.3278505055983938,0.0729313512117749,-0.3266285395242472,0.4210392169838307,46.72149494401606,50.72931351211775,46.73371460475753,54.21039216983831,9,7,0,0.5625,-26,-1.625,0.36342189215581555,-0.6900504316800627
1994,NYJ,-2.597232283735849,-0.3117321764613492,-1.9638151659988523,2.4568190627859767,1460.0589944332417,-0.5343247819916717,-0.5996512645115739,-0.5900975043488648,-0.8438349652419431,44.65675218008328,44.00348735488426,44.09902495651135,41.56165034758057,6,10,0,0.375,-56,-3.5,-0.7268437843116311,0.13674627996276634
1994,OAK,-1.383265356560287,0.1153852692171596,-0.9019173183219692,2.456804587435016,1522.362468044656,-0.2845771495715316,0.2219563067807244,-0.2710128569559714,0.4724526129830708,47.15422850428468,52.21956306780724,47.289871430440286,54.72452612983071,9,7,0,0.5625,-24,-1.5,0.36342189215581555,-0.634434749111787
1994,PHI,0.5803613229415121,-0.1020694830295893,0.2273210468868039,2.457019009909944,1473.4420372337534,0.1193968823270104,-0.1963419216505699,0.0683066231366264,-0.5610909707892819,51.1939688232701,48.0365807834943,50.68306623136626,44.389090292107184,7,9,0,0.4375,0,0.0,-0.36342189215581555,0.43172851529244194
1994,PIT,5.336058815027487,0.6769632260642977,3.711993013858202,2.3719334802566645,1562.6968471688128,1.097779540508853,1.3022135191348212,1.1153991737934406,1.3245983945758852,60.97779540508853,63.02213519134821,61.153991737934405,63.24598394575885,12,4,0,0.75,82,5.125,1.4536875686232622,-0.33828839482982165
1994,SEA,-3.451882618464447,-0.3683395159175219,-2.0085342414435385,2.4583222957101,1460.6961428730106,-0.7101507397400899,-0.708541732832346,-0.6035349272151231,-0.8303739087688476,42.8984926025991,42.91458267167654,43.96465072784877,41.69626091231152,6,10,0,0.375,-36,-2.25,-0.7268437843116311,0.12330885709650796
1994,SF,12.82475404120208,1.1510972364034764,9.10424520850722,2.3264520916638385,1607.6348967405063,2.638417807322717,2.2142626443655096,2.7356914589197974,2.2740060762375243,76.38417807322718,72.1426264436551,77.35691458919797,72.74006076237524,13,3,0,0.8125,209,13.0625,1.8171094607790776,0.9185819981407197
1994,TB,-6.324007687544442,-0.4451901988382641,-4.235729846659892,2.458946940345464,1467.364178150643,-1.3010288106000254,-0.8563725076824836,-1.272774370463062,-0.6894981036435002,36.98971189399975,41.43627492317516,37.27225629536938,43.105018963565,6,10,0,0.375,-100,-6.25,-0.7268437843116311,-0.545930586151431
1994,TEN,-7.383652194238124,-1.0734888809592946,-5.018903919569237,2.4510756310098656,1400.531572935363,-1.5190279181782518,-2.064974402750396,-1.5081066328348511,-2.1014727972851803,34.809720818217485,29.350255972496043,34.91893367165149,28.9852720271482,2,14,0,0.125,-126,-7.875,-2.180531352934893,0.672424720100042
1994,WSH,-5.750402652649482,-0.8339392350542759,-3.807826870870344,2.4589509220497443,1417.040664606965,-1.183021889486786,-1.6041742065343512,-1.144195834922303,-1.7526846634061335,38.16978110513214,33.95825793465649,38.55804165077697,32.473153365938664,3,13,0,0.1875,-92,-5.75,-1.8171094607790776,0.6729136258567747
1995,ARI,-7.330523533251399,-0.772148085303073,-5.288891180907473,2.432710044107344,1432.444905301779,-1.5182973171283034,-1.597585650696375,-1.6607441100352025,-1.6362309885671884,34.81702682871696,34.02414349303625,33.39255889964797,33.63769011432812,4,12,0,0.25,-147,-9.1875,-1.6609095970747993,0.00016548703959684552
1995,ATL,-0.3645194251248531,0.095181539921787,-0.0641846295103016,2.3874137583086075,1507.958497874871,-0.0754992276742253,0.1969319943732637,-0.0201543653987107,0.1927603077677718,49.24500772325775,51.96931994373264,49.79845634601289,51.92760307767772,9,7,0,0.5625,13,0.8125,0.41522739926869984,-0.4353817646674105
1995,BUF,-0.522991549576015,0.168471683206123,0.0773370696434144,2.3508393558017784,1528.4916859594312,-0.1083219585886573,0.3485703698055863,0.0242843118726527,0.6900882855926722,48.91678041411343,53.485703698055865,50.242843118726526,56.90088285592672,10,6,0,0.625,15,0.9375,0.8304547985373997,-0.806170486664747
1995,CAR,-3.671181256790213,-0.3160169993794814,-2.0369816347519363,2.432689341145986,1485.3981270881775,-0.7603747027879755,-0.6538437809978151,-0.6396246654452279,-0.3536674333175494,42.39625297212024,43.46156219002185,43.60375334554772,46.4633256668245,7,9,0,0.4375,-36,-2.25,-0.41522739926869984,-0.22439726617652805
1995,CHI,2.358930848576748,0.2352235752860279,1.3914537294002458,2.4323121955569964,1512.9489498917003,0.4885815266043758,0.4866810081319528,0.436924963370389,0.3136324976946813,54.88581526604376,54.86681008131953,54.36924963370389,53.13632497694681,9,7,0,0.5625,32,2.0,0.41522739926869984,0.02169756410168916
1995,CIN,-1.5493545375420712,-0.1861221302512757,-1.0257502525930582,2.43245021553943,1484.5881367018824,-0.3209021602563913,-0.3850894021834807,-0.322091839686661,-0.3732859591506939,46.790978397436085,46.1491059781652,46.77908160313339,46.26714040849306,7,9,0,0.4375,-25,-1.5625,-0.41522739926869984,0.09313555958203884
1995,CLE,-3.839523001817749,-0.4953272576953795,-2.618939129208962,2.4323542477159763,1444.6511923455555,-0.7952416285507304,-1.0248393207921027,-0.8223628705153724,-1.3405862972882765,42.047583714492696,39.751606792078974,41.77637129484628,36.59413702711724,5,11,0,0.3125,-67,-4.1875,-1.2456821978060995,0.4233193272907271
1995,DAL,10.2134953109833,1.0538552442508409,6.726555668670351,2.31173483175366,1589.2755793098934,2.115418149717117,2.18044187141309,2.112179533565566,2.1623161071963106,71.15418149717117,71.8044187141309,71.12179533565566,71.62316107196311,12,4,0,0.75,144,9.0,1.6609095970747993,0.45126993649076685
1995,DEN,2.3163570369273683,0.050012652020498,1.4259595785102053,2.432905705384986,1500.0376113481002,0.4797636429001667,0.1034769064924348,0.4477600105874686,0.0009109727927737,54.79763642900167,51.03476906492435,54.477600105874686,50.009109727927736,8,8,0,0.5,43,2.6875,0.0,0.4477600105874686
1995,DET,4.452213490753716,0.3664328740411663,2.7690157728178777,2.386704437216664,1533.4290592397908,0.922142022685187,0.7581549610160896,0.8694878525583172,0.8096748719121328,59.22142022685187,57.5815496101609,58.69487852558317,58.09674871912133,10,6,0,0.625,100,6.25,0.8304547985373997,0.0390330540209175
1995,GB,6.967507881767367,0.7628346213573861,4.484605480593479,2.30509590059282,1561.0388284587557,1.4431095509034646,1.578315957950757,1.408193491409537,1.4784025257636564,64.43109550903465,65.78315957950757,64.08193491409537,64.78402525763656,11,5,0,0.6875,90,5.625,1.2456821978060995,0.16251129360343763
1995,IND,0.6088170626603843,0.2454508976620069,0.8387910810867981,2.306592064154369,1531.773135632638,0.1260981304631597,0.5078414872989727,0.2633855187820184,0.7695672600017809,51.2609813046316,55.078414872989725,52.63385518782018,57.69567260001781,9,7,0,0.5625,15,0.9375,0.41522739926869984,-0.15184188048668146
1995,JAX,-6.976864076361773,-0.8553789776466405,-4.6045176355066895,2.432398216759005,1433.2662288790232,-1.445047405012626,-1.7697915809235376,-1.4458466399017282,-1.6163379650323833,35.54952594987374,32.302084190764624,35.54153360098272,33.83662034967617,4,12,0,0.25,-129,-8.0625,-1.6609095970747993,0.2150629571730711
1995,KC,6.619949167320257,0.8007468372286292,4.399621133339807,2.3872876388276656,1568.0560602367732,1.3711232239657003,1.65675688555887,1.3815078876942977,1.6483647194433737,63.71123223965701,66.5675688555887,63.81507887694298,66.48364719443373,13,3,0,0.8125,117,7.3125,2.0761369963434992,-0.6946291086492016
1995,LAC,0.3083790064439122,0.0997598894637119,-0.13774772050157,2.390429332041764,1510.9753044392144,0.063871429648738,0.2064046663532513,-0.0432536249411939,0.2658294435471275,50.63871429648738,52.06404666353252,49.56746375058806,52.65829443547128,9,7,0,0.5625,-2,-0.125,0.41522739926869984,-0.45848102420989373
1995,LAR,-5.986111908356975,-0.3215931577367363,-3.930584337553089,2.433129743013964,1472.8796439131268,-1.2398429128917836,-0.6653809339703107,-1.2342274711857248,-0.6568737302278903,37.60157087108216,43.34619066029689,37.65772528814275,43.431262697721095,7,9,0,0.4375,-109,-6.8125,-0.41522739926869984,-0.819000071917025
1995,MIA,1.4943322172515854,0.1759377077756815,1.4031987761566638,2.395317311979514,1507.744502919501,0.3095059426601617,0.3640176835360757,0.4406129797344282,0.1875772023493331,53.095059426601615,53.64017683536076,54.406129797344285,51.87577202349333,9,7,0,0.5625,66,4.125,0.41522739926869984,0.025385580465728363
1995,MIN,3.493652973333937,0.1788175179697879,1.844537898705498,2.432642170719102,1500.298963079618,0.7236050620844963,0.3699760528312967,0.5791961578015027,0.0072410919930423,57.23605062084496,53.69976052831296,55.79196157801503,50.07241091993043,8,8,0,0.5,27,1.6875,0.0,0.5791961578015027
1995,NE,-4.951126623006219,-0.3945412574822012,-3.054415505416946,2.432924650918657,1470.6346580792422,-1.0254768618331718,-0.8163116163318159,-0.9591051104498296,-0.7112488355653275,39.74523138166828,41.83688383668184,40.40894889550171,42.88751164434672,6,10,0,0.375,-83,-5.1875,-0.8304547985373997,-0.12865031191242993
1995,NO,-2.00917268925418,-0.1902641825122682,-1.2015316724861842,2.433248567183607,1489.3809504641458,-0.416139650859158,-0.3936593687255836,-0.3772882783645777,-0.2572007040669901,45.83860349140842,46.06340631274416,46.22711721635422,47.4279929593301,7,9,0,0.4375,-29,-1.8125,-0.41522739926869984,0.03793912090412216
1995,NYG,-1.048950553566795,-0.3947660304585446,-1.1477110044239411,2.4327214742815406,1451.4365111147174,-0.2172585360454218,-0.8167766748983079,-0.3603882601140238,-1.1762411966410906,47.82741463954578,41.83223325101692,46.396117398859765,38.23758803358909,5,11,0,0.3125,-50,-3.125,-1.2456821978060995,0.8852939376920756
1995,NYJ,-9.767401714241014,-1.0444938919712268,-5.959871787969053,2.4323532329834725,1415.1512626011245,-2.0230232875971503,-2.161073097006099,-1.8714361157902095,-2.0550949427726284,29.769767124028498,28.38926902993901,31.285638842097903,29.44905057227372,3,13,0,0.1875,-151,-9.4375,-2.0761369963434992,0.20470088055328972
1995,OAK,1.7083553216089635,0.0839588868257579,0.8629062897127231,2.43357974461549,1491.4086895381463,0.3538343870987199,0.1737121614290143,0.2709578414708175,-0.2080874650961997,53.5383438709872,51.73712161429015,52.709578414708176,47.919125349038005,8,8,0,0.5,16,1.0,0.0,0.2709578414708175
1995,PHI,-0.4383992731699141,0.2325303502387453,-0.5187327434222182,2.3503777741156595,1533.8806763347272,-0.0908012145743219,0.4811086862269572,-0.162885247371083,0.8206133494466941,49.09198785425678,54.81108686226957,48.37114752628917,58.20613349446694,10,6,0,0.625,-20,-1.25,0.8304547985373997,-0.9933400459084827
1995,PIT,4.835337077726066,0.5200635679897556,3.335599748091058,2.3019021680674023,1558.513546244071,1.0014945425413893,1.0760191075838514,1.0473986787768697,1.4172384487535847,60.01494542541389,60.76019107583851,60.473986787768695,64.17238448753585,11,5,0,0.6875,80,5.0,1.2456821978060995,-0.1982835190292298
1995,SEA,-1.0409796011998689,-0.0594595120502562,-0.6512045249579914,2.43314816991181,1506.0131849105492,-0.2156075931709102,-0.1230225976816515,-0.2044821952768362,0.1456434860254037,47.843924068290896,48.76977402318349,47.95517804723164,51.45643486025404,8,8,0,0.5,-3,-0.1875,0.0,-0.2044821952768362
1995,SF,10.26921509072388,0.7104164012220032,7.029242756355624,2.387072362677877,1539.7535161700985,2.1269588250464246,1.469861895942092,2.207225126462559,0.962857580950662,71.26958825046424,64.69861895942091,72.07225126462559,59.62857580950662,11,5,0,0.6875,199,12.4375,1.2456821978060995,0.9615429286564594
1995,TB,-5.026157289691853,-0.2802237767456679,-3.616057231561778,2.43298456947104,1478.1107157777076,-1.0410172061775298,-0.5797870813046253,-1.1354640402784808,-0.530173561624996,39.5898279382247,44.20212918695375,38.64535959721519,44.69826438375004,7,9,0,0.4375,-97,-6.0625,-0.41522739926869984,-0.7202366410097809
1995,TEN,0.8039839929632561,-0.1056829682018339,0.6811362229567851,2.432825361234453,1488.5410452648214,0.1665210859760773,-0.2186596026537853,0.2138809311279895,-0.277543787304938,51.665210859760776,47.813403973462144,52.13880931127989,47.22456212695062,7,9,0,0.4375,24,1.5,-0.41522739926869984,0.6291083303966893
1995,WSH,-1.9272694460898865,-0.3636760190253241,-1.4128402152692905,2.4329371386718184,1471.9188308808175,-0.3991758591468221,-0.752450987778066,-0.4436404504595521,-0.6801452845748495,46.00824140853178,42.47549012221934,45.56359549540448,43.19854715425151,6,10,0,0.375,-33,-2.0625,-0.8304547985373997,0.3868143480778476
1996,ARI,-7.284241232287708,-0.4092736538154066,-4.718796229400545,2.589460032210705,1484.100405202901,-1.3731292603922631,-0.7240814059923137,-1.2484480502245878,-0.3266504274599858,36.26870739607737,42.75918594007686,37.51551949775412,46.73349572540014,7,9,0,0.4375,-97,-6.0625,-0.34503277967117707,-0.9034152705534108
1996,ATL,-8.248848768075048,-0.9902370854219102,-5.773664003707131,2.588891594341383,1419.5532960383712,-1.5549643740226895,-1.7519140418489274,-1.5275335525551488,-1.6527433920270371,34.4503562597731,32.48085958151073,34.72466447444852,33.47256607972963,3,13,0,0.1875,-152,-9.5,-1.7251638983558855,0.19763034580073668
1996,BAL,-2.9366469291970545,-0.6159190768602076,-2.2900647319177927,2.589075175913413,1431.0791514689552,-0.5535780182632883,-1.0896756900740403,-0.6058805488649082,-1.4159495836760738,44.46421981736712,39.10324309925959,43.94119451135092,35.84050416323926,4,12,0,0.25,-70,-4.375,-1.3801311186847083,0.7742505698198001
1996,BUF,2.190421346859481,0.2633342551846178,1.7262742193737597,2.537696058431584,1516.4045143284206,0.4129093955083043,0.4658873982296855,0.4567189551229947,0.3370237849476352,54.12909395508304,54.65887398229685,54.56718955122994,53.370237849476354,10,6,0,0.625,53,3.3125,0.6900655593423541,-0.23334660421935943
1996,CAR,6.690778683752026,0.7437312539525597,5.103113867865926,2.4891590160949137,1566.7418231254198,1.261257513650924,1.3157992629676667,1.3501266527926792,1.3711824314764818,62.61257513650924,63.15799262967667,63.50126652792679,63.71182431476482,12,4,0,0.75,149,9.3125,1.3801311186847083,-0.030004465892029097
1996,CHI,-0.0610371864776406,-0.1886043539113958,-0.3801282230691477,2.589318554457705,1486.0113509851867,-0.0115059268428629,-0.3336762688810403,-0.100570212370942,-0.2873908573512932,49.88494073157137,46.6632373111896,48.99429787629058,47.126091426487065,7,9,0,0.4375,-22,-1.375,-0.34503277967117707,0.24446256730023508
1996,CIN,-0.085730229629443,0.0053112958070593,-0.0004687860807343,2.5893416687331934,1508.1638356201624,-0.0161607342550029,0.0093966726168773,-0.0001240263490967,0.167722538157115,49.83839265744997,50.09396672616877,49.99875973650903,51.67722538157115,8,8,0,0.5,3,0.1875,0.0,-0.0001240263490967
1996,DAL,3.258903574411091,0.4521023764493551,2.4257813991716937,2.48966773510198,1539.3535114491267,0.6143255985243373,0.7998534020945385,0.641786996267838,0.8085011914425685,56.14325598524337,57.998534020945385,56.41786996267838,58.085011914425685,10,6,0,0.625,36,2.25,0.6900655593423541,-0.04827856307451617
1996,DEN,7.18513819109034,0.8815876563413334,4.87125544240408,2.5392082323330296,1567.4656605747532,1.354447659752957,1.5596929432379505,1.2887840592319573,1.3860533646828694,63.54447659752957,65.5969294323795,62.88784059231958,63.86053364682869,13,3,0,0.8125,116,7.25,1.7251638983558855,-0.4363798391239282
1996,DET,-2.9306028390140555,-0.5199588181788335,-2.4262991977263866,2.589522497178551,1446.3752554890832,-0.5524386659521734,-0.9199040998980106,-0.6419239898069922,-1.1016976181128475,44.47561334047827,40.80095900101989,43.58076010193008,38.98302381887152,5,11,0,0.3125,-66,-4.125,-1.0350983390135313,0.39317434920653915
1996,GB,15.264865217720534,1.2638773845730034,10.918816758931875,2.446932321835938,1609.0761996797055,2.877531429558824,2.23603475350081,2.8887823993153763,2.240924231451941,78.77531429558823,72.3603475350081,78.88782399315376,72.40924231451942,13,3,0,0.8125,246,15.375,1.7251638983558855,1.1636185009594908
1996,IND,-2.6751360495882293,-0.0248986943650525,-1.79958022746851,2.537264107143088,1508.1939581836916,-0.5042814300187746,-0.0440504328953252,-0.4761134655927257,0.1683413934410743,44.95718569981226,49.55949567104675,45.23886534407274,51.68341393441074,9,7,0,0.5625,-17,-1.0625,0.34503277967117707,-0.8211462452639028
1996,JAX,-0.313692398011017,0.2105581723755163,-0.2014070292890087,2.4484564153102526,1532.7451609331197,-0.0591331611262776,0.3725166672116156,-0.0532860926375137,0.672735434616303,49.408668388737226,53.72516667211615,49.467139073624864,56.72735434616303,9,7,0,0.5625,-10,-0.625,0.34503277967117707,-0.3983188723086908
1996,KC,1.6955548834885774,0.2323822226444795,0.6536853472278311,2.5902491195976123,1511.8789148167668,0.3196236847290619,0.411127481408625,0.1729449964637787,0.2440472636048312,53.19623684729062,54.11127481408625,51.72944996463779,52.44047263604831,9,7,0,0.5625,-3,-0.1875,0.34503277967117707,-0.17208778320739837
1996,LAC,-1.0021621293821528,0.0342977097269486,-1.3089263432351643,2.5906283300331583,1501.290178121406,-0.1889144112103314,0.0606790435931801,-0.3463015696499214,0.0265061619641813,48.11085588789668,50.6067904359318,46.53698430350079,50.26506161964181,8,8,0,0.5,-66,-4.125,0.0,-0.3463015696499214
1996,LAR,-6.013392273287603,-0.4435308517846638,-4.200823316623342,2.5888521304723326,1467.130559415492,-1.1335655453127669,-0.784688776732392,-1.1114083812944466,-0.6752887073109007,38.66434454687233,42.15311223267608,38.885916187055535,43.24711292689099,6,10,0,0.375,-106,-6.625,-0.6900655593423541,-0.4213428219520925
1996,MIA,0.1365734204720712,-0.0254212837271558,0.3224775262482514,2.5887299845262484,1498.3764616638064,0.0257450232442616,-0.0449749909179118,0.0853176147716434,-0.033354906101889,50.257450232442615,49.55025009082088,50.85317614771643,49.66645093898111,8,8,0,0.5,14,0.875,0.0,0.0853176147716434
1996,MIN,-1.1501244415561978,0.0529410865073092,-1.1312939127672954,2.538052148056639,1506.5559859797245,-0.2168063183839859,0.0936626533264773,-0.2993055031335171,0.1346899496513835,47.83193681616014,50.93662653326477,47.006944968664826,51.34689949651384,9,7,0,0.5625,-17,-1.0625,0.34503277967117707,-0.6443382828046942
1996,NE,5.495232792863668,0.5618844545474666,4.155271360495608,2.44648351185846,1559.8198868187612,1.0358889416102417,0.9940783680091322,1.0993567376025113,1.228974187664296,60.358889416102414,59.94078368009132,60.99356737602511,62.28974187664296,11,5,0,0.6875,105,6.5625,1.0350983390135313,0.06425839858897997
1996,NO,-7.944360456812381,-1.0785722836699272,-5.295013464417335,2.5886148623703096,1412.324118452607,-1.49756624615881,-1.9081954783639747,-1.4008973717444326,-1.801263777527983,35.0243375384119,30.91804521636025,35.99102628255567,31.98736222472017,3,13,0,0.1875,-110,-6.875,-1.7251638983558855,0.32426652661145283
1996,NYG,-4.142795106466472,-0.3435287787092843,-2.630271283379616,2.589705923835807,1467.7775548071038,-0.7809451937538894,-0.607766463264285,-0.6958887173041077,-0.6619964615693161,42.190548062461104,43.92233536735715,43.04111282695892,43.38003538430684,6,10,0,0.375,-55,-3.4375,-0.6900655593423541,-0.005823157961753589
1996,NYJ,-10.222077845559593,-1.2878028445692298,-7.202723735100898,2.588977433025764,1387.5890404801537,-1.9269315422351991,-2.2783633533302385,-1.905618714232,-2.30943545712526,30.73068457764801,27.21636646669761,30.94381285768,26.9056454287474,1,15,0,0.0625,-175,-10.9375,-2.41522945769824,0.5096107434662398
1996,OAK,2.436898380569686,-0.0309760366625438,1.588661250514196,2.5910436911305643,1486.532732787202,0.4593720010439368,-0.0548023845893592,0.4203108047587303,-0.2766792894986841,54.59372001043937,49.4519761541064,54.20310804758731,47.23320710501316,7,9,0,0.4375,47,2.9375,-0.34503277967117707,0.7653435844299074
1996,PHI,0.3976980030449235,0.2792057095509788,0.4894302453150511,2.5386048382327893,1522.1162192104412,0.0749687918571373,0.493966960365197,0.1294881587972577,0.4543683377520686,50.749687918571375,54.93966960365197,51.294881587972576,54.543683377520686,10,6,0,0.625,22,1.375,0.6900655593423541,-0.5605774005450964
1996,PIT,4.611710895648413,0.3717407498485339,3.344226401974512,2.489505526850768,1527.3770223256606,0.8693390250745239,0.6576787005604973,0.8847792377729045,0.562449305116268,58.69339025074524,56.57678700560497,58.84779237772904,55.62449305116268,10,6,0,0.625,87,5.4375,0.6900655593423541,0.19471367843055032
1996,SEA,-1.6910874158131055,-0.0884466908023878,-1.742822797181394,2.5906500391127563,1491.2516118936474,-0.3187815365368994,-0.1564786876324205,-0.4610971987880222,-0.1797319209070242,46.81218463463101,48.435213123675794,45.38902801211978,48.20268079092976,7,9,0,0.4375,-59,-3.6875,-0.34503277967117707,-0.11606441911684512
1996,SF,7.371499049652875,0.743190688828001,5.3845573483029,2.493124413798648,1564.4906663420625,1.3895779553765784,1.3148429024695698,1.4245879237012975,1.3249333707332924,63.89577955376578,63.1484290246957,64.24587923701297,63.24933370733292,12,4,0,0.75,141,8.8125,1.3801311186847083,0.04445680501658922
1996,TB,-2.9069047503087813,-0.3590397729632554,-2.405296912926781,2.5893412081205107,1476.6388488948262,-0.547971414253761,-0.6352083042502666,-0.636367432533982,-0.4799449351913432,44.52028585746239,43.64791695749733,43.63632567466018,45.20055064808657,6,10,0,0.375,-72,-4.5,-0.6900655593423541,0.05369812680837216
1996,TEN,1.0212071392954485,0.0140898640962561,0.8398598700188877,2.58790923036301,1492.130720366811,0.1925045257524596,0.0249275967557374,0.2222010373438306,-0.1616710104116845,51.925045257524594,50.249275967557374,52.22201037343831,48.38328989588315,8,8,0,0.5,26,1.625,0.0,0.2222010373438306
1996,WSH,1.8523584725973663,0.295975345007836,1.6841691564464765,2.589157681722165,1511.455354544631,0.3491822330354284,0.5236355723229469,0.4455792531395446,0.2353453975690086,53.49182233035428,55.236355723229465,54.455792531395446,52.35345397569009,9,7,0,0.5625,52,3.25,0.34503277967117707,0.10054647346836754
1997,ARI,-6.563920658051552,-0.8272855145902586,-4.020201024863061,2.5171789051389823,1437.2270889905324,-1.3191241757389331,-1.49065888160279,-1.2329558631854876,-1.329864684051314,36.808758242610665,35.093411183972094,37.67044136814512,36.70135315948686,4,12,0,0.25,-96,-6.0,-1.3997084244475304,0.16675256126204285
1997,ATL,-3.808001981492134,-0.2597841159745238,-2.062204511349918,2.516529742463141,1488.1136509767389,-0.7652785182414348,-0.4680965554782519,-0.6324577123461269,-0.251816198008703,42.34721481758565,45.31903444521748,43.67542287653873,47.48183801991297,7,9,0,0.4375,-41,-2.5625,-0.3499271061118826,-0.2825306062342443
1997,BAL,-0.322636181727451,-0.1907506557368964,-0.3288888543281029,2.516399215068008,1473.687128291385,-0.0648388683313418,-0.3437074070934168,-0.1008669563467929,-0.5574468072060931,49.35161131668658,46.56292592906584,48.99133043653207,44.42553192793907,6,9,1,0.40625,-19,-1.1875,-0.5248906591678238,0.42402370282103097
1997,BUF,-4.768965347078079,-0.4036915455672367,-3.619352959642769,2.516831088484036,1465.0543136368433,-0.9583993790167624,-0.7273986758075949,-1.110019729095837,-0.7403358137602776,40.416006209832375,42.72601324192405,38.89980270904164,42.59664186239722,6,10,0,0.375,-112,-7.0,-0.6998542122237652,-0.4101655168720717
1997,CAR,-2.861493040611163,-0.1910019655512507,-1.669123358911697,2.5170625658183643,1480.6229175604312,-0.575062503832789,-0.3441602340802241,-0.5119036135313988,-0.4105098393867193,44.24937496167211,46.55839765919776,44.88096386468601,45.894901606132805,7,9,0,0.4375,-49,-3.0625,-0.3499271061118826,-0.1619765074195162
1997,CHI,-8.068482514060786,-0.7381402474246394,-5.466645170227834,2.515945340059867,1444.737724842982,-1.6214897925021263,-1.3300309219568391,-1.6765659659560488,-1.1707494030436187,33.78510207497874,36.69969078043161,33.23434034043952,38.29250596956381,4,12,0,0.25,-158,-9.875,-1.3997084244475304,-0.2768575415085184
1997,CIN,-2.443289429192685,-0.2322765392686164,-1.7684764306251792,2.516754874196559,1491.5453398694217,-0.4910178416647971,-0.4185315470200297,-0.5423742172492312,-0.1791147446008512,45.08982158335203,45.814684529799706,44.57625782750769,48.20885255399149,7,9,0,0.4375,-50,-3.125,-0.3499271061118826,-0.19244711113734858
1997,DAL,-1.0071630974099268,-0.3280098196980653,-0.529268062328211,2.516844520707519,1461.0518843414015,-0.2024054311314476,-0.5910302336527921,-0.1623212761273847,-0.8251285895743158,47.97594568868552,44.08969766347208,48.37678723872615,41.74871410425684,6,10,0,0.375,-10,-0.625,-0.6998542122237652,0.5375329360963805
1997,DEN,11.489137406133707,1.1551488134529793,7.681535287134567,2.354534445360656,1601.9601969766811,2.3089247570698537,2.081425104124365,2.3558508422750783,2.1600601749654897,73.08924757069853,70.81425104124365,73.55850842275078,71.6006017496549,12,4,0,0.75,185,11.5625,1.3997084244475304,0.9561424178275479
1997,DET,3.089708663750816,0.1678927486327349,2.100014912635895,2.478258288266591,1512.2551835051274,0.6209260603027429,0.3025204871743054,0.6440537881807984,0.2596300773366888,56.20926060302743,53.02520487174306,56.440537881807984,52.59630077336689,9,7,0,0.5625,73,4.5625,0.3499271061118826,0.2941266820689158
1997,GB,8.503043791605451,1.1118813306805528,5.720313560444928,2.3909997909315925,1592.5032994207345,1.7088217876483514,2.003462833128653,1.7543635504769968,1.9597127021766656,67.08821787648351,70.03462833128653,67.54363550476997,69.59712702176665,13,3,0,0.8125,140,8.75,1.749635530559413,0.00472801991758387
1997,IND,-5.211453083412461,-0.8513870267114093,-3.6846641192501424,2.5170696932614214,1427.912906578326,-1.0473243220309187,-1.534086612984313,-1.1300500153107151,-1.527188689766722,39.526756779690814,34.65913387015687,38.69949984689285,34.728113102332784,3,13,0,0.1875,-88,-5.5,-1.749635530559413,0.6195855152486978
1997,JAX,4.32440258907595,0.5089197176984366,2.5085830438461456,2.470511310707018,1538.261947605778,0.8690574274204338,0.9170058992096513,0.7693575900979114,0.8105918945876432,58.69057427420434,59.170058992096514,57.69357590097911,58.10591894587643,11,5,0,0.6875,76,4.75,1.0497813183356477,-0.2804237282377363
1997,KC,8.000542631469056,0.8487104278310235,5.105927140456131,2.477765459175568,1574.8038228029843,1.6078361933359506,1.5292637364523682,1.5659373165394708,1.5847434917064376,66.0783619333595,65.29263736452369,65.65937316539471,65.84743491706438,13,3,0,0.8125,143,8.9375,1.749635530559413,-0.18369821401994213
1997,LAC,-7.847214376001614,-0.7761114614215104,-5.293087141305099,2.5161221274645174,1431.3087837671976,-1.577022443574536,-1.3984500183769066,-1.623337436327859,-1.4552459190359757,34.22977556425464,36.015499816230935,33.766625636721415,35.447540809640245,4,12,0,0.25,-159,-9.9375,-1.3997084244475304,-0.22362901188032858
1997,LAR,-3.6407326702100575,-0.4741882039628213,-2.217876017429243,2.516859734563805,1451.476147831947,-0.7316630917507547,-0.8544243133986795,-0.6802006224554433,-1.0279937045246774,42.683369082492455,41.4557568660132,43.19799377544557,39.72006295475322,5,11,0,0.3125,-60,-3.75,-1.0497813183356477,0.36958069588020437
1997,MIA,1.446261015682608,0.1520297879522043,0.703262327429066,2.478569048354889,1504.0337076088854,0.2906491363321853,0.2739375338771473,0.2156835950736248,0.0854554171310722,52.906491363321855,52.739375338771474,52.15683595073625,50.85455417131072,9,7,0,0.5625,12,0.75,0.3499271061118826,-0.1342435110382578
1997,MIN,-0.2621728212301192,0.189544064978389,-0.2840998539229295,2.4293949218817152,1515.8653575471053,-0.0526877951033902,0.3415332904203844,-0.0871306132350311,0.3361127971038356,49.4731220489661,53.41533290420384,49.12869386764969,53.36112797103836,9,7,0,0.5625,-5,-0.3125,0.3499271061118826,-0.43705771934691373
1997,NE,5.322600457360382,0.4315540918872944,3.307084871255296,2.4370132704816383,1535.7579706362526,1.0696611532759392,0.7776032924768884,1.0142501971540407,0.7575443221889784,60.69661153275939,57.77603292476888,60.14250197154041,57.575443221889785,10,6,0,0.625,80,5.0,0.6998542122237652,0.31439598493027554
1997,NO,-7.10683871791908,-0.6036505700593626,-4.1324303893105805,2.516834882128493,1466.801335537668,-1.4282321883926274,-1.0876983432850886,-1.267375498437897,-0.7033245824694354,35.71767811607373,39.12301656714912,37.32624501562103,42.966754175305645,6,10,0,0.375,-90,-5.625,-0.6998542122237652,-0.5675212862141319
1997,NYG,1.005901513356415,0.304913450161884,0.9909930300836942,2.470663625100213,1530.1166159971474,0.2021518957657099,0.5494136360275564,0.3039277536772578,0.6380303760598346,52.0215189576571,55.49413636027556,53.03927753677258,56.380303760598345,10,5,1,0.65625,42,2.625,0.8748177652797064,-0.5708900116024487
1997,NYJ,2.0422357758675487,0.1245165229324755,1.391307308533562,2.5170434234370886,1511.3343411248725,0.4104197361376278,0.2243622758311229,0.4267001806477337,0.2401217298443427,54.10419736137628,52.24362275831123,54.26700180647734,52.40121729844343,9,7,0,0.5625,61,3.8125,0.3499271061118826,0.07677307453585108
1997,OAK,-4.753669661926802,-0.6474338662531322,-3.264741068631776,2.516666523327145,1433.332760780059,-0.9553254679933574,-1.1665900417205597,-1.0012637719998383,-1.4123673029665351,40.44674532006643,38.3340995827944,39.98736228000162,35.876326970334645,4,12,0,0.25,-95,-5.9375,-1.3997084244475304,0.3984446524476921
1997,PHI,-3.1118254195648327,-0.3689361765645566,-1.989527420707751,2.5171313730156464,1474.5988304019602,-0.6253707738821788,-0.6647741059662056,-0.6101683679893791,-0.5381320993212537,43.74629226117821,43.35225894033795,43.89831632010621,44.61867900678746,6,9,1,0.40625,-55,-3.4375,-0.5248906591678238,-0.08527770882155528
1997,PIT,4.632982759640901,0.5100907754726186,2.6321590354237583,2.432550671601128,1548.082097667982,0.9310715169183866,0.9191159901530652,0.8072571235844908,1.0186349907225305,59.310715169183865,59.19115990153065,58.0725712358449,60.186349907225306,11,5,0,0.6875,65,4.0625,1.0497813183356477,-0.24252419475115694
1997,SEA,0.9197173732823436,-0.0197459023445331,0.571349765704549,2.5162228138146943,1500.5830225628836,0.1848318231049405,-0.035579499684239,0.1752273180366822,0.012351523992045,51.84831823104941,49.64420500315761,51.75227318036682,50.12351523992045,8,8,0,0.5,3,0.1875,0.0,0.1752273180366822
1997,SF,5.564226463051888,0.8146467770484469,4.00158058784546,2.430011834411712,1574.4934442520728,1.1182197392490842,1.4678855511906417,1.2272451594535234,1.578168020425808,61.18219739249084,64.67885551190642,62.272451594535234,65.78168020425808,13,3,0,0.8125,110,6.875,1.749635530559413,-0.5223903711058895
1997,TB,2.939710899880528,0.4533299468087845,1.7646690255550597,2.441441036642684,1527.3502402502074,0.5907816257588293,0.8168404977352087,0.5412065237991527,0.579423799600179,55.90781625758829,58.16840497735209,55.41206523799153,55.79423799600179,10,6,0,0.625,36,2.25,0.6998542122237652,-0.15864768842461252
1997,TEN,1.4210863690105662,0.0316237806132898,0.8384164788665345,2.5163725747335315,1502.9641747550045,0.285589890986183,0.0569818625005254,0.2571340355909276,0.0627970132441742,52.85589890986183,50.56981862500525,52.57134035590928,50.62797013244175,8,8,0,0.5,23,1.4375,0.0,0.2571340355909276
1997,WSH,1.076301290720564,0.1075913749776987,1.01339000761971,2.5168888346786247,1502.1637638793873,0.2162998498811781,0.1938654018060469,0.3107966850067813,0.045840046630767,52.16299849881178,51.93865401806047,53.10796685006781,50.45840046630767,8,7,1,0.53125,38,2.375,0.1749635530559413,0.13583313195084
1998,ARI,-5.366284278534297,-0.0495995809685555,-3.9265279210757167,2.535574038453889,1516.8918321970557,-0.8614786616051884,-0.073296225112242,-0.7738335169658249,0.3033699521407749,41.38521338394811,49.26703774887758,42.26166483034175,53.03369952140775,9,7,0,0.5625,-53,-3.3125,0.2970442628930023,-1.0708777798588272
1998,ATL,9.069476455732596,1.1968061818741769,7.154636185296493,2.4784678631856183,1607.2425231219347,1.455972146275916,1.7685910568072143,1.4100236629317418,1.9260290255919128,64.55972146275916,67.68591056807215,64.10023662931742,69.26029025591913,14,2,0,0.875,153,9.5625,1.7822655773580136,-0.37224191442627186
1998,BAL,-5.3160716902945895,-0.4566780944841281,-4.140443384062631,2.6313982176451813,1466.9242725271822,-0.8534177630267233,-0.674860145257256,-0.8159916165346641,-0.5940256653863185,41.46582236973276,43.25139854742744,41.84008383465336,44.05974334613681,6,10,0,0.375,-66,-4.125,-0.5940885257860046,-0.22190309074865955
1998,BUF,4.523737563263448,0.3941352578049913,3.3259221061787096,2.5865591471185145,1526.670518681055,0.7262200769053807,0.5824369080670386,0.6554671333837245,0.4789909040921917,57.262200769053806,55.82436908067039,56.55467133383725,54.78990904092192,10,6,0,0.625,67,4.1875,0.5940885257860046,0.06137860759771996
1998,CAR,-2.010828043230527,-0.5901356334924958,-2.300405543036335,2.63002109240355,1441.5955067009793,-0.3228091098956011,-0.8720782191011573,-0.4533600543779651,-1.048919272358061,46.77190890104399,41.27921780898843,45.46639945622035,39.51080727641939,4,12,0,0.25,-77,-4.8125,-1.1881770515720091,0.734816997194044
1998,CHI,-4.069103599980418,-0.7289903164130537,-3.497346181403256,2.631057248219906,1436.4242013045236,-0.6532352259581434,-1.0772719707114062,-0.6892511017369362,-1.1417936658712482,43.46764774041856,39.227280292885936,43.10748898263064,38.58206334128752,4,12,0,0.25,-92,-5.75,-1.1881770515720091,0.498925949835073
1998,CIN,-10.326860879957966,-1.0894178454247627,-8.478966596963435,2.630502180220664,1419.8282203263498,-1.6578268738083046,-1.6098969805847658,-1.671020472500912,-1.439850258924274,33.42173126191695,33.90103019415234,33.28979527499088,35.60149741075726,3,13,0,0.1875,-184,-11.5,-1.4852213144650113,-0.18579915803590064
1998,DAL,2.372263736120784,0.3268488829016131,2.5464339656302384,2.5885323226015093,1514.665700794086,0.3808323380374557,0.4830038647711417,0.5018469220015213,0.2633896013239042,53.80832338037456,54.83003864771142,55.01846922001521,52.63389601323904,10,6,0,0.625,106,6.625,0.5940885257860046,-0.09224160378448332
1998,DEN,11.679723672809663,1.38253790113272,10.111972708862176,2.473390741788749,1617.3426258976074,1.8750092606571171,2.0430577688120675,1.9928505697770555,2.107422474208269,68.75009260657117,70.43057768812068,69.92850569777056,71.07422474208269,14,2,0,0.875,192,12.0,1.7822655773580136,0.21058499241904194
1998,DET,-3.598298269784645,-0.4717948302941271,-3.010885539797345,2.631553025222101,1454.2473473006714,-0.5776542979487868,-0.6971990370231848,-0.5933802568770775,-0.8216977233605325,44.22345702051213,43.02800962976815,44.06619743122923,41.78302276639467,5,11,0,0.3125,-72,-4.5,-0.8911327886790068,0.2977525318019293
1998,GB,4.63603159313196,0.5001373859411865,3.9102790077277154,2.577763178337657,1537.674043361618,0.7442472453400356,0.7390825025363332,0.7706312084592523,0.6766094168017894,57.44247245340036,57.39082502536333,57.706312084592525,56.76609416801789,11,5,0,0.6875,89,5.5625,0.8911327886790068,-0.12050158021975454
1998,IND,-5.382738886012143,-0.9885254833717512,-5.009575072798566,2.629165699465,1418.99899763216,-0.8641202088083352,-1.460802388720541,-0.9872786275835296,-1.4547427374970998,41.358797911916646,35.39197611279459,40.127213724164704,35.452572625029006,3,13,0,0.1875,-134,-8.375,-1.4852213144650113,0.4979426868814817
1998,JAX,3.834653101643736,0.5613188578836386,3.236072225718328,2.520927818073816,1544.6204081232995,0.615597618437485,0.8294939707911806,0.6377596700998348,0.8013631037151007,56.15597618437485,58.29493970791181,56.377596700998346,58.01363103715101,11,5,0,0.6875,54,3.375,0.8911327886790068,-0.253373118579172
1998,KC,-2.258914182480363,-0.1324795747393308,-1.6031645938929815,2.6310730644731684,1488.5967394299903,-0.3626357206584064,-0.1957728783842764,-0.3159489811108799,-0.2047975952529067,46.37364279341594,48.04227121615724,46.8405101888912,47.952024047470935,7,9,0,0.4375,-36,-2.25,-0.2970442628930023,-0.018904718217877592
1998,LAC,-7.514053670654888,-0.7440402991461429,-5.779730821412088,2.6305468370887426,1445.9332900043414,-1.2062717074678275,-1.0995122175199266,-1.1390596268633657,-0.9710145727501998,37.937282925321725,39.00487782480074,38.60940373136634,40.289854272498005,5,11,0,0.3125,-101,-6.3125,-0.8911327886790068,-0.2479268381843589
1998,LAR,-2.950008170085697,-0.615212438219086,-3.0838374804680813,2.629631488485182,1432.8546492106188,-0.473580779209842,-0.9091356919354772,-0.6077575026151524,-1.2059012674185012,45.26419220790158,40.90864308064523,43.92242497384848,37.94098732581499,4,12,0,0.25,-93,-5.8125,-1.1881770515720091,0.5804195489568568
1998,MIA,4.724572127511644,0.528828507461121,3.3099549313757985,2.537446815746581,1535.6946583941326,0.7584611365720617,0.7814810643907371,0.6523203494356405,0.6410605245413695,57.58461136572062,57.81481064390737,56.52320349435641,56.41060524541369,10,6,0,0.625,56,3.5,0.5940885257860046,0.05823182364963597
1998,MIN,12.868597941386003,1.3215477296158584,10.950435294683476,2.51981211614741,1607.662036610472,2.065865682074607,1.9529289964748944,2.1580933656190884,1.9335633052044063,70.65865682074607,69.52928996474894,71.58093365619088,69.33563305204406,15,1,0,0.9375,260,16.25,2.0793098402510157,0.07878352536807265
1998,NE,2.875970404208586,0.2025650303357312,1.717866953931029,2.573762472911848,1512.0771344213983,0.4616950959054397,0.2993422882497447,0.3385543292598385,0.2169000762425251,54.6169509590544,52.99342288249745,53.38554329259839,52.16900076242525,9,7,0,0.5625,8,0.5,0.2970442628930023,0.04151006636683624
1998,NO,-0.433923796991678,-0.2742831542383759,-0.994057709606558,2.6303899957842893,1464.8360708484167,-0.0696601358534686,-0.4053243883309625,-0.195907221075126,-0.631528858406303,49.303398641465314,45.94675611669037,48.04092778924874,43.684711415936974,6,10,0,0.375,-54,-3.375,-0.5940885257860046,0.39818130471087854
1998,NYG,-2.2707931680305298,-0.0407668426687136,-1.4429849468979443,2.632335116856494,1506.049516722666,-0.364542718506791,-0.0602435669619006,-0.2843810457562891,0.1086466865891507,46.35457281493209,49.397564330381,47.15618954243711,51.08646686589151,8,8,0,0.5,-22,-1.375,0.0,-0.2843810457562891
1998,NYJ,9.627218940658862,0.8668904497619986,7.544700290409479,2.519391965517283,1574.641954738867,1.5455095663035157,1.281055128140908,1.48689684055046,1.3405370105897063,65.45509566303515,62.81055128140908,64.8689684055046,63.40537010589706,12,4,0,0.75,150,9.375,1.1881770515720091,0.29871978897845075
1998,OAK,-4.9301068893196485,-0.1683801958341738,-3.723010336932607,2.6310163679696115,1494.8941724418942,-0.7914567443940278,-0.2488253428215289,-0.7337246138668486,-0.0916984400432064,42.08543255605972,47.51174657178471,42.66275386133152,49.083015599567936,8,8,0,0.5,-68,-4.25,0.0,-0.7337246138668486
1998,PHI,-11.21171418625219,-1.1076593131876342,-8.861207528459985,2.6321815358161014,1414.6199284200247,-1.7998771645602285,-1.6368534729868442,-1.7463518722244706,-1.533388914052071,32.00122835439772,33.63146527013156,32.53648127775529,34.66611085947929,3,13,0,0.1875,-183,-11.4375,-1.4852213144650113,-0.26113055775945937
1998,PIT,-3.708525315659291,-0.2331986796409643,-2.8475174667919863,2.631946510706966,1475.598534991772,-0.5953496422548323,-0.3446114379409348,-0.5611839518883606,-0.4382396879955509,44.04650357745167,46.55388562059065,44.3881604811164,45.61760312004449,7,9,0,0.4375,-40,-2.5,-0.2970442628930023,-0.2641396889953583
1998,SEA,1.6167288102440986,0.017765508529958,1.7799965032559315,2.6310594682334245,1501.935105928826,0.2595422268624291,0.0262531393817777,0.3507987163183214,0.034753660003656,52.59542226862429,50.262531393817774,53.507987163183216,50.34753660003656,8,8,0,0.5,62,3.875,0.0,0.3507987163183214
1998,SF,9.2887125676733,0.8662172650540042,7.297246451031182,2.534188583724942,1559.45863076658,1.4911673059967103,1.2800603234079695,1.4381290541850584,1.0678511223405034,64.9116730599671,62.800603234079695,64.38129054185059,60.67851122340503,12,4,0,0.75,151,9.4375,1.1881770515720091,0.24995200261304928
1998,TB,0.6463950200096225,-0.0275192371658753,0.5704263786409296,2.6302191565890354,1501.238137502016,0.1037692913388188,-0.0406667992519114,0.1124186710565551,0.0222364104940451,51.03769291338819,49.59333200748088,51.12418671056555,50.22236410494045,8,8,0,0.5,19,1.1875,0.0,0.1124186710565551
1998,TEN,-0.1466140080957716,-0.019586264759971,0.0376964927121868,2.631881573875216,1505.1378388920325,-0.0235367403050468,-0.0289437782118548,0.0074291613657382,0.092273349663904,49.76463259694953,49.71056221788145,50.07429161365738,50.92273349663904,8,8,0,0.5,10,0.625,0.0,0.0074291613657382
1998,WSH,-6.269242899029674,-0.4273311742478558,-4.793978371854167,2.6325298561961743,1475.6454027074287,-1.0064354964454194,-0.6314924709748362,-0.9447891924664285,-0.4373979642269373,39.93564503554581,43.68507529025164,40.55210807533572,45.626020357730624,6,10,0,0.375,-102,-6.375,-0.5940885257860046,-0.3507006666804239
1999,ARI,-8.968631474444184,-0.6094255213193445,-6.911320228771703,2.6475057020501027,1465.1968773628776,-1.5128851031991448,-1.0534140645416958,-1.5419782100562642,-0.7102956897350334,34.871148968008555,39.465859354583046,34.58021789943736,42.89704310264967,6,10,0,0.375,-137,-8.5625,-0.6802106785137816,-0.8617675315424826
1999,ATL,-6.666049599700566,-0.6159508655266683,-4.558155683001046,2.647258721983847,1454.5068034780038,-1.1244711264266332,-1.0646933581116294,-1.0169658630447918,-0.9284690267239318,38.75528873573367,39.35306641888371,39.83034136955208,40.71530973276068,5,11,0,0.3125,-95,-5.9375,-1.0203160177706725,0.0033501547258807385
1999,BAL,1.1240883145548324,0.0470017620540612,1.5036441667962095,2.6622565788655224,1502.3405351406266,0.1896182790670005,0.0812442463827263,0.3354766476057244,0.0477678982829883,51.89618279067,50.81244246382726,53.35476647605724,50.477678982829886,8,8,0,0.5,47,2.9375,0.0,0.3354766476057244
1999,BUF,6.2784495192952186,0.6399054820169308,4.5729911459411845,2.589687107344405,1546.5823003836394,1.059088309737716,1.1060997794687717,1.0202757893443362,0.9506965086273472,60.59088309737716,61.06099779468772,60.20275789344336,59.50696508627347,11,5,0,0.6875,91,5.6875,1.0203160177706725,-4.0228426336330614e-05
1999,CAR,-0.9608946707938806,-0.2000459333598594,0.2029254128883391,2.645893447005686,1499.7790666334924,-0.1620897499612781,-0.3457866341065517,0.0452744996010838,-0.0045090212043668,48.37910250038722,46.54213365893448,50.45274499601084,49.95490978795633,8,8,0,0.5,40,2.5,0.0,0.0452744996010838
1999,CHI,-1.990832347547684,-0.3769891674879164,-2.138133320975934,2.6478342582576824,1468.3362553384925,-0.3358261079356625,-0.6516394166622679,-0.4770369310070402,-0.6462242364985387,46.64173892064338,43.483605833377325,45.2296306899296,43.53775763501461,6,10,0,0.375,-69,-4.3125,-0.6802106785137816,0.2031737475067414
1999,CIN,-10.908042344353523,-0.849213571079278,-8.020254695672405,2.6620432530209124,1439.2484232027498,-1.8400371132275388,-1.4678963848411364,-1.789391544663846,-1.2398767660481833,31.59962886772461,35.32103615158864,32.10608455336154,37.60123233951816,4,12,0,0.25,-177,-11.0625,-1.3604213570275632,-0.4289701876362828
1999,CLE,-12.395633070890565,-1.2466641921351935,-9.159465488591769,2.6623043263195254,1405.1108630629449,-2.0909732628784594,-2.154904164355741,-2.043559802130737,-1.9365890144919555,29.090267371215404,28.450958356442587,29.56440197869263,30.63410985508045,2,14,0,0.125,-220,-13.75,-2.040632035541345,-0.002927766589392089
1999,DAL,2.320014221665444,0.0392262508537,1.981962771024944,2.5950887842013137,1485.147806334184,0.3913545745712928,0.0678039939303353,0.4421938652676695,-0.3031178912861858,53.91354574571293,50.67803993930335,54.42193865267669,46.96882108713814,8,8,0,0.5,76,4.75,0.0,0.4421938652676695
1999,DEN,2.971297340692543,-0.1391243672893419,1.3415646106335344,2.6499985741558407,1475.0271971250102,0.5012171028231003,-0.2404815028188834,0.2993152290017925,-0.5096690440008902,55.012171028231,47.595184971811165,52.993152290017925,44.9033095599911,6,10,0,0.375,-4,-0.25,-0.6802106785137816,0.9795259075155741
1999,DET,1.4494352885858013,-0.0019909344025085,0.5891489037221538,2.59587098616319,1485.5750961502144,0.2444998506629474,-0.0034414021530341,0.1314444624105555,-0.2943973486567616,52.444998506629474,49.965585978469655,51.31444462410556,47.05602651343239,8,8,0,0.5,-1,-0.0625,0.0,0.1314444624105555
1999,GB,1.598520336648095,0.0578749815631961,0.8947008872365199,2.646897498005833,1497.7351132473966,0.2696484532079249,0.1000389997317083,0.1996158804642604,-0.0462239930274594,52.69648453207925,51.000389997317086,51.99615880464261,49.53776006972541,8,8,0,0.5,16,1.0,0.0,0.1996158804642604
1999,IND,5.31266257618558,0.850359042413324,3.9313438457372873,2.588279411283068,1572.3260087846734,0.8961733005461532,1.4698763734888076,0.8771184586599673,1.476098936039011,58.96173300546153,64.69876373488808,58.77118458659968,64.76098936039011,13,3,0,0.8125,90,5.625,1.700526696284454,-0.8234082376244868
1999,JAX,5.94786895883474,0.9530178717244692,5.632836355013063,2.563885124678529,1585.3776304353073,1.0033239039024455,1.647325874473979,1.2567368654232558,1.7424690172284911,60.03323903902446,66.47325874473978,62.56736865423256,67.42469017228491,14,2,0,0.875,179,11.1875,2.040632035541345,-0.7838951701180892
1999,KC,6.125308319746125,0.2867746379392941,3.978149918700336,2.647121023501406,1516.3613734475516,1.0332554900768736,0.4957003380907079,0.8875613179427517,0.333918687673883,60.332554900768734,54.95700338090708,58.87561317942752,53.33918687673883,9,7,0,0.5625,68,4.25,0.3401053392568908,0.5474559786858609
1999,LAC,-0.9690446040676264,-0.0760844220919398,-1.4268305753799886,2.6488326414213264,1501.4263649663535,-0.1634645319084515,-0.1315146765607439,-0.3183388388688511,0.0291106317715667,48.36535468091549,48.68485323439256,46.81661161131149,50.29110631771567,8,8,0,0.5,-47,-2.9375,0.0,-0.3183388388688511
1999,LAR,11.756460848028608,1.061486107195568,10.384148398212194,2.4937520271820395,1599.2074298912926,1.983153676679388,1.8348171442093035,2.316797663834999,2.024720901517988,69.83153676679387,68.34817144209303,73.16797663834998,70.24720901517988,13,3,0,0.8125,284,17.75,1.700526696284454,0.6162709675505451
1999,MIA,0.8640007288013576,0.2931698432758772,0.0596444489756256,2.5389288718773195,1515.7555851674913,0.1457450710826298,0.5067546819137304,0.0133072173806031,0.3215551762526439,51.4574507108263,55.067546819137306,50.13307217380604,53.21555176252644,9,7,0,0.5625,-10,-0.625,0.3401053392568908,-0.3267981218762877
1999,MIN,4.926998043368964,0.430590620427733,3.528497760355336,2.541924389789068,1537.0937174721394,0.8311169841847236,0.7442914675386945,0.7872398442847465,0.757044358100395,58.31116984184723,57.44291467538695,57.87239844284746,57.57044358100395,10,6,0,0.625,64,4.0,0.6802106785137816,0.10702916577096488
1999,NE,1.7804836099564156,0.069910007743669,1.0316596504194826,2.646723927445977,1495.086010619238,0.3003431613472817,0.1208419779499348,0.23017262237664,-0.1002894341680685,53.00343161347282,51.20841977949935,52.3017262237664,48.99710565831931,8,8,0,0.5,15,0.9375,0.0,0.23017262237664
1999,NO,-11.253454789369716,-1.005677513456276,-8.11439372615804,2.646667890318578,1418.4311915014289,-1.8983034545320772,-1.738349970599655,-1.8103948159520684,-1.6647349060442755,31.016965454679227,32.61650029400345,31.89605184047932,33.35265093955724,3,13,0,0.1875,-174,-10.875,-1.700526696284454,-0.10986811966761434
1999,NYG,-3.045524358858171,-0.3007760594082288,-2.435639443274605,2.648052770330413,1480.9616173265208,-0.513738182584004,-0.5199023017154364,-0.5434132444692823,-0.3885536735739439,44.86261817415996,44.80097698284564,44.56586755530718,46.11446326426056,7,9,0,0.4375,-59,-3.6875,-0.3401053392568908,-0.2033079052123915
1999,NYJ,2.446267963768207,0.2035892516831764,1.2554660044388268,2.648048603502049,1514.398314155706,0.4126518489876501,0.3519113880368594,0.2801058492778192,0.2938546805377822,54.1265184898765,53.51911388036859,52.80105849277819,52.93854680537783,8,8,0,0.5,-1,-0.0625,0.0,0.2801058492778192
1999,OAK,5.569342133215702,0.2254556013681447,3.397126286203948,2.65000428436371,1503.8823367284576,0.9394716208342764,0.3897081646609586,0.7579296772169399,0.07923447194885,59.39471620834277,53.89708164660959,57.5792967721694,50.7923447194885,8,8,0,0.5,61,3.8125,0.0,0.7579296772169399
1999,PHI,-4.445943109264142,-0.4458844452208084,-3.5598937100266177,2.646881950273711,1460.534364986226,-0.7499696156367549,-0.7707273970724363,-0.7942445653329201,-0.8054527386872862,42.50030384363245,42.292726029275634,42.0575543466708,41.94547261312714,5,11,0,0.3125,-85,-5.3125,-1.0203160177706725,0.2260714524377524
1999,PIT,-2.8170629321760803,-0.3559708683989361,-1.5461188839857112,2.662137454018209,1462.571662770085,-0.4751998738054757,-0.6153085261784844,-0.3449531421417269,-0.763873600813081,45.24800126194524,43.84691473821516,46.55046857858273,42.3612639918692,6,10,0,0.375,-3,-0.1875,-0.6802106785137816,0.3352575363720547
1999,SEA,3.653140768405797,0.1513420174342697,2.157135537331522,2.5929660815839166,1499.2789004065703,0.6162347359414856,0.2616001531675823,0.4812764977747769,-0.0147168959068193,56.16234735941485,52.61600153167582,54.81276497774777,49.85283104093181,9,7,0,0.5625,40,2.5,0.3401053392568908,0.1411711585178861
1999,SF,-10.349478870152796,-0.8802927332891041,-7.354896215303976,2.646686040170837,1425.4934041174165,-1.7458151171830631,-1.5216178412631227,-1.6409440346883744,-1.5206024604177493,32.541848828169364,34.78382158736878,33.59055965311626,34.79397539582251,4,12,0,0.25,-158,-9.875,-1.3604213570275632,-0.2805226776608112
1999,TB,3.7696892865171607,0.5110857268515073,2.5965803293051395,2.538149936131897,1554.0582983543088,0.6358948722011869,0.8834301715595116,0.5793206154420685,1.1032738848128467,56.35894872201187,58.83430171559512,55.79320615442069,61.03273884812847,11,5,0,0.6875,35,2.1875,1.0203160177706725,-0.440995402328604
1999,TEN,3.6549769510459416,0.9631261460627316,3.524945084373999,2.4712689239428824,1601.1946990674037,0.6165444747651784,1.6647983924169742,0.7864472100601296,2.0652790073193734,56.16544474765178,66.64798392416975,57.8644721006013,70.65279007319373,13,3,0,0.8125,68,4.25,1.700526696284454,-0.9140794862243244
1999,WSH,3.2215869623023794,0.3201752438577518,2.6606304538322023,2.542415971416615,1531.9747523421977,0.5434375286592883,0.5534344939602337,0.5936107789857817,0.6525715811713727,55.43437528659288,55.534344939602335,55.936107789857815,56.52571581171373,10,6,0,0.625,66,4.125,0.6802106785137816,-0.08659989952799985
2000,ARI,-13.349343572880544,-1.1103291452725874,-10.108500235573882,2.7032258132561955,1415.4018067335155,-2.228312722415241,-1.848548707194409,-2.162349448115882,-1.66552861585039,27.71687277584759,31.51451292805591,28.376505518841174,33.3447138414961,3,13,0,0.1875,-233,-14.5625,-1.6126596482021858,-0.5496897999136963
2000,ATL,-8.89433922917925,-0.7774670149420012,-6.7972249075239,2.705247995843381,1434.4550036179626,-1.484669950522551,-1.294378024279009,-1.4540213864544065,-1.290418422485893,35.15330049477449,37.05621975720991,35.459786135455936,37.09581577514107,4,12,0,0.25,-161,-10.0625,-1.2901277185617486,-0.1638936678926579
2000,BAL,11.01711185031623,1.0915025200123405,8.839359748564606,2.520924859902707,1605.053594549337,1.8390095637514572,1.8172049079851045,1.8908625640370575,2.0682447362523484,68.39009563751458,68.17204907985104,68.90862564037057,70.68244736252348,12,4,0,0.75,168,10.5,1.2901277185617486,0.600734845475309
2000,BUF,-0.7854586690885847,0.0070848651075604,-1.0555809513607095,2.706917556331538,1498.2883610574006,-0.1311111318474938,0.0117953476147041,-0.225803515301286,-0.0336979257928501,48.68888868152506,50.11795347614704,47.74196484698714,49.663020742071495,8,8,0,0.5,-35,-2.1875,0.0,-0.225803515301286
2000,CAR,-0.5591799383338001,-0.1216138499483439,-0.0318719534694698,2.7063335828407014,1484.31174165707,-0.0933400031174495,-0.2024707052463754,-0.0068178561991359,-0.3088628987701493,49.06659996882551,47.975292947536246,49.93182143800864,46.91137101229851,7,9,0,0.4375,0,0.0,-0.32253192964043714,0.31571407344130126
2000,CHI,-6.142561779387564,-0.5821495483283072,-5.049318542489381,2.7059087368978734,1459.2683427203162,-1.025334952726622,-0.9692007091211764,-1.0801197911920843,-0.8019053144152716,39.746650472733776,40.30799290878824,39.19880208807916,41.980946855847286,5,11,0,0.3125,-139,-8.6875,-0.9675957889213114,-0.11252400227077297
2000,CIN,-8.85200014392121,-0.7852246377962464,-6.9869063874031365,2.719740920519228,1438.2102607211505,-1.4776025826163433,-1.3072934230678936,-1.494596905450908,-1.216486723430179,35.22397417383657,36.92706576932106,35.05403094549092,37.835132765698205,4,12,0,0.25,-174,-10.875,-1.2901277185617486,-0.2044691868891595
2000,CLE,-11.654511569614412,-0.9505043831804048,-9.27063130888701,2.720649475257411,1417.3560341490286,-1.945406248803557,-1.5824619719222062,-1.983117577018048,-1.6270547246626237,30.54593751196443,34.17538028077794,30.16882422981952,33.729452753373764,3,13,0,0.1875,-258,-16.125,-1.6126596482021858,-0.37045792881586226
2000,DAL,-4.506173305976435,-0.4719277443769871,-3.3622001325822217,2.7043954148670606,1452.5837409025908,-0.7521840495224092,-0.7856962284306084,-0.7192215889315413,-0.9335085459159383,42.47815950477591,42.14303771569392,42.80778411068459,40.66491454084061,5,11,0,0.3125,-67,-4.1875,-0.9675957889213114,0.24837419998977006
2000,DEN,3.927342527243912,0.363807286814967,3.3387519573861093,2.6459243592284216,1540.569464164207,0.6555638688121392,0.6056902068842022,0.7142056966119086,0.7987121342220531,56.55563868812139,56.05690206884202,57.142056966119085,57.98712134222053,11,5,0,0.6875,116,7.25,0.9675957889213114,-0.2533900923094028
2000,DET,0.793032184292893,0.2277660458291868,0.380937580198267,2.705176020014872,1514.354681249312,0.1323753258650522,0.3791998357900987,0.0814878713075052,0.2826080731633313,51.32375325865052,53.79199835790099,50.81487871307505,52.82608073163331,9,7,0,0.5625,0,0.0,0.32253192964043714,-0.24104405833293194
2000,GB,2.024391021999047,0.2153632705357452,1.453925592726628,2.7049971852811363,1527.6902947869871,0.3379174597489428,0.3585508828810173,0.3110150002242647,0.5451532304453011,53.37917459748943,53.58550882881017,53.11015000224265,55.45153230445301,9,7,0,0.5625,30,1.875,0.32253192964043714,-0.011516929416172439
2000,IND,6.884201707489672,0.4698107281928819,4.946893568088096,2.662404221043823,1527.160606672662,1.1491317280675726,0.782171681185407,1.0582096579667366,0.5347249851386263,61.49131728067573,57.82171681185408,60.582096579667365,55.347249851386266,10,6,0,0.625,103,6.4375,0.6450638592808743,0.4131457986858623
2000,JAX,0.7539723842318933,-0.1419546752494878,0.5902925630971516,2.722048986609826,1483.6712615357906,0.1258553461420238,-0.2363354438905778,0.1262718275009843,-0.3214723639216545,51.25855346142024,47.63664556109422,51.262718275009846,46.785276360783456,7,9,0,0.4375,40,2.5,-0.32253192964043714,0.44880375714142146
2000,KC,-0.1102616095191009,-0.2535247660618899,-0.0690299770255218,2.70575663852502,1478.924745460244,-0.0184052006710301,-0.4220846408840475,-0.0147664766529142,-0.4149194937500024,49.8159479932897,45.77915359115953,49.85233523347086,45.85080506249997,7,9,0,0.4375,1,0.0625,-0.32253192964043714,0.30776545298752295
2000,LAC,-8.189028158505598,-1.3237639071895624,-6.567932220115553,2.705166647605461,1387.8304168640148,-1.3669372977174157,-2.203888882575565,-1.4049724766735483,-2.20834090336308,36.33062702282584,27.961111174244348,35.95027523326452,27.916590966369203,1,15,0,0.0625,-171,-10.6875,-2.25772350748306,0.8527510308095116
2000,LAR,2.623600480707822,0.2447907089503846,2.4541045063782643,2.661039190185855,1520.5514934887808,0.4379393112312023,0.4075436103700088,0.5249672455178491,0.4046079376211459,54.37939311231202,54.075436103700085,55.24967245517849,54.04607937621146,10,6,0,0.625,69,4.3125,0.6450638592808743,-0.12009661376302516
2000,MIA,5.69144108784506,0.6119469707382879,4.02170786516499,2.6064739058788544,1545.8501535693713,0.9500325252461368,1.01880941020609,0.8602995083403804,0.9026758121225316,59.500325252461366,60.1880941020609,58.602995083403805,59.02675812122531,11,5,0,0.6875,97,6.0625,0.9675957889213114,-0.10729628058093099
2000,MIN,0.9011183040606796,0.4754811224533415,0.6662736143722263,2.5935365516620257,1539.9041461506645,0.1504173872203646,0.7916121250610668,0.1425252360643759,0.7856136725716354,51.50417387220365,57.91612125061067,51.42525236064376,57.856136725716354,11,5,0,0.6875,26,1.625,0.9675957889213114,-0.8250705528569355
2000,NE,-3.031037798239591,-0.4798454183748644,-2.682553319973945,2.705300352118971,1453.8606156872677,-0.5059499780693223,-0.7988780908495847,-0.5738356388985895,-0.9083700481463916,44.94050021930678,42.01121909150415,44.26164361101411,40.916299518536086,5,11,0,0.3125,-62,-3.875,-0.9675957889213114,0.3937601500227219
2000,NO,0.105282103655377,0.1726515937232439,0.5567736674182437,2.6062663707982057,1530.321136819387,0.0175740065222769,0.2874416849553236,0.1191016673502559,0.5969479853869519,50.17574006522277,52.87441684955324,51.19101667350256,55.96947985386952,10,6,0,0.625,49,3.0625,0.6450638592808743,-0.5259621919306183
2000,NYG,3.703522846255861,0.6711558877146994,3.1880545399912164,2.5556727365405494,1572.3250929551623,0.6182032120914751,1.1173842944168944,0.6819694133114872,1.4239017088865542,56.18203212091476,61.17384294416894,56.81969413311487,64.23901708886554,12,4,0,0.75,82,5.125,1.2901277185617486,-0.6081583052502614
2000,NYJ,3.007046611797372,0.3217163523951353,1.633720270749965,2.705387952675814,1513.6851453457357,0.5019452968141603,0.5356144615634011,0.3494755941538907,0.269426571718814,55.01945296814161,55.35614461563401,53.494755941538905,52.69426571718814,9,7,0,0.5625,0,0.0,0.32253192964043714,0.026943664513453536
2000,OAK,9.036539273135157,0.7282883248393738,7.211105764675998,2.5938515267076983,1558.2486973411212,1.508406411071718,1.2125021189244685,1.5425562850241326,1.1467723897134403,65.08406411071718,62.12502118924469,65.42556285024132,61.467723897134405,12,4,0,0.75,180,11.25,1.2901277185617486,0.252428566462384
2000,PHI,4.289718077511813,0.5209722243956278,3.788057834152033,2.602851327809161,1549.364060214459,0.7160526894455831,0.8673486920442002,0.8103185018766216,0.9718559192246412,57.16052689445583,58.673486920442,58.10318501876621,59.71855919224641,11,5,0,0.6875,106,6.625,0.9675957889213114,-0.1572772870446898
2000,PIT,4.8918222162209855,0.3105545141576841,3.60813783279264,2.720014083448393,1519.5723931750977,0.8165577296507182,0.5170315019683991,0.7718310995342497,0.3853318806834923,58.16557729650718,55.17031501968399,57.7183109953425,53.85331880683492,9,7,0,0.5625,66,4.125,0.32253192964043714,0.4492991698938125
2000,SEA,-4.365706000497706,-0.4349603947570267,-3.471066047853845,2.7062022096638643,1469.1204852101546,-0.728736822909895,-0.7241505627698147,-0.7425095294093762,-0.6079410628079966,42.71263177090105,42.758494372301854,42.57490470590624,43.92058937192003,6,10,0,0.375,-85,-5.3125,-0.6450638592808743,-0.09744567012850192
2000,SF,-3.984898048136924,-0.4645572406010075,-2.575660875510868,2.7055372234999706,1469.4339300090276,-0.6651712100833369,-0.7734253308463487,-0.5509698514023328,-0.601770112083695,43.34828789916663,42.26574669153651,44.49030148597667,43.982298879163054,6,10,0,0.375,-34,-2.125,-0.6450638592808743,0.0940940078785415
2000,TB,5.046775838924296,0.3949222992713245,3.87448394356738,2.6472156043011204,1529.1763665568271,0.8424230560593943,0.6574925182037136,0.8288062543267226,0.5744102980292318,58.42423056059394,56.574925182037134,58.28806254326723,55.74410298029232,10,6,0,0.625,119,7.4375,0.6450638592808743,0.18374239504584833
2000,TEN,8.16463045972355,0.898810935632179,6.2785654891181855,2.675820079545807,1566.9999966405778,1.3628647601954853,1.4963993336112618,1.3430728895445667,1.3190637690719036,63.62864760195485,64.96399333611262,63.43072889544567,63.19063769071904,13,3,0,0.8125,155,9.6875,1.6126596482021858,-0.26958675865761905
2000,WSH,1.56295084786908,0.1711970753147531,1.1973305213273178,2.7039038631383416,1496.4559299947766,0.260892473086963,0.2850201074122555,0.2561257290070637,-0.0697739488558922,52.60892473086963,52.85020107412255,52.56125729007064,49.30226051144108,8,8,0,0.5,12,0.75,0.0,0.2561257290070637
2001,ARI,-3.617966682863338,-0.4375428580781689,-2.3226365878187067,2.536529952378629,1481.826986282134,-0.7056905561808363,-0.7622644746557553,-0.6411771808200568,-0.3475680824995908,42.94309443819164,42.377355253442445,43.58822819179943,46.524319175004095,7,9,0,0.4375,-48,-3.0,-0.31222472152211095,-0.32895245929794587
2001,ATL,-4.82261669112647,-0.2530904114096791,-3.3048199682855044,2.5362951354883494,1481.344944918592,-0.9406595895777008,-0.4409209884969524,-0.9123145486884608,-0.3567873674796606,40.59340410422299,45.59079011503047,40.87685451311539,46.43212632520339,7,9,0,0.4375,-86,-5.375,-0.31222472152211095,-0.60008982716635
2001,BAL,3.1910772152984004,0.3832645568653922,2.005131901941263,2.4591064400840668,1535.9362348411305,0.6224250393311278,0.6677036333683576,0.5535281872341761,0.6872986742813819,56.22425039331128,56.67703633368357,55.53528187234176,56.87298674281382,10,6,0,0.625,38,2.375,0.6244494430442219,-0.07092125581004582
2001,BUF,-9.154960996865816,-0.979499690861398,-6.214471163888016,2.534949158972903,1424.0979134927543,-1.7856907163608997,-1.7064335607245775,-1.7155404862072523,-1.4516658092381176,32.143092836391006,32.93566439275423,32.84459513792747,35.48334190761882,3,13,0,0.1875,-155,-9.6875,-1.5611236076105548,-0.1544168785966975
2001,CAR,-8.55615985171607,-1.165772384990437,-5.88877708575421,2.5361914991875727,1384.8912116863285,-1.6688935343514688,-2.0309481876039794,-1.6256307638155372,-2.201513819015155,33.311064656485314,29.690518123960207,33.74369236184463,27.98486180984845,1,15,0,0.0625,-157,-9.8125,-2.1855730506547766,0.5599422868392394
2001,CHI,6.698292552923339,0.7528112205901183,4.637503000128489,2.485549700015325,1569.5041514257132,1.3065133572190433,1.3115086647707668,1.2802093600271136,1.3293020635893174,63.06513357219043,63.11508664770767,62.802093600271135,63.29302063589317,13,3,0,0.8125,135,8.4375,1.5611236076105548,-0.2809142475834412
2001,CIN,-3.786192569861016,-0.3790620707738293,-2.9474203768738523,2.546487254130133,1467.879076102531,-0.7385033016164719,-0.6603822800570416,-0.8136523371098622,-0.6143289220204006,42.61496698383528,43.39617719942959,41.86347662890138,43.856710779796,6,10,0,0.375,-83,-5.1875,-0.6244494430442219,-0.18920289406564028
2001,CLE,-1.0395912054738738,-0.1186693321221317,-0.991692606307409,2.546371328550813,1485.1366463874583,-0.2027740331237526,-0.2067395557663643,-0.2737624443217069,-0.2842691583700126,47.97225966876248,47.93260444233636,47.26237555678293,47.15730841629988,7,9,0,0.4375,-34,-2.125,-0.31222472152211095,0.03846227720040407
2001,DAL,-5.251843613093613,-0.5765931505147813,-3.596136009341794,2.5364246783471738,1451.8995640063315,-1.0243810308849102,-1.0045106824455017,-0.992734016336454,-0.9199451761420208,39.756189691150894,39.95489317554498,40.07265983663546,40.80054823857979,5,11,0,0.3125,-92,-5.75,-0.9366741645663329,-0.05605985177012107
2001,DEN,-0.0404704709003651,-0.0241024568559892,0.0300039865649299,2.537879043956808,1497.220935051386,-0.0078938341952823,-0.0419900502865968,0.0082827729572336,-0.0531510232880072,49.92106165804718,49.58009949713403,50.08282772957234,49.46848976711993,8,8,0,0.5,1,0.0625,0.0,0.0082827729572336
2001,DET,-7.071977745862972,-1.0229183163481086,-5.25166413342197,2.5348430111159748,1410.3308872609423,-1.379401289794865,-1.782075238187382,-1.449752071133798,-1.7149671517341232,36.20598710205135,32.17924761812618,35.502479288662016,32.85032848265877,2,14,0,0.125,-154,-9.625,-1.8733483291326658,0.4235962579988679
2001,GB,5.195544980866154,0.6682538073670988,3.639193410555894,2.439076333693569,1564.9042869712123,1.01339988689677,1.164197124932584,1.0046202594399547,1.2413273284667028,60.1339988689677,61.64197124932584,60.046202594399546,62.41327328466703,12,4,0,0.75,124,7.75,1.2488988860884438,-0.2442786266484891
2001,IND,-3.22424837560284,-0.1966788857952355,-2.282702999172063,2.536906256065298,1469.1797014138535,-0.6288951305774841,-0.3426437542943515,-0.6301532841317982,-0.5894538048535425,43.71104869422516,46.57356245705648,43.69846715868202,44.10546195146458,6,10,0,0.375,-73,-4.5625,-0.6244494430442219,-0.005703841087576267
2001,JAX,0.4469989971094495,-0.1985475456303033,0.2104276811339014,2.5461317736437694,1468.414067003964,0.0871879147966048,-0.3458992365429815,0.0580897709368513,-0.6040969503368593,50.87187914796605,46.541007634570185,50.580897709368514,43.95903049663141,6,10,0,0.375,8,0.5,-0.6244494430442219,0.6825392139810732
2001,KC,-0.9742993857875368,-0.3126909641089906,-0.778923950891456,2.5364563331454817,1473.9255380380528,-0.1900387526230365,-0.5447539802913628,-0.2150264339781363,-0.4986872781267391,48.09961247376963,44.552460197086376,47.84973566021864,45.013127218732606,6,10,0,0.375,-24,-1.5,-0.6244494430442219,0.4094230090660856
2001,LAC,0.2374452319911577,-0.4121088925896461,0.2784055019033922,2.536144242848432,1439.826798971192,0.0463140964288026,-0.7179547390868164,0.0768554391037368,-1.1508429159927498,50.46314096428803,42.82045260913184,50.76855439103737,38.4915708400725,5,11,0,0.3125,11,0.6875,-0.9366741645663329,1.0135296036700696
2001,LAR,12.665064798139918,1.2521886010374552,9.105138800435586,2.403326002873239,1601.2437253847654,2.470342433997282,2.181498037317331,2.51352590312949,1.9363374750828104,74.70342433997283,71.81498037317331,75.13525903129491,69.36337475082811,14,2,0,0.875,230,14.375,1.8733483291326658,0.6401775739968241
2001,MIA,1.5609669864773772,0.3941324335844612,1.197964218832139,2.48640865121311,1534.843054314169,0.3044692661446363,0.686637084537625,0.3307049086294897,0.6663910435779299,53.04469266144636,56.86637084537625,53.307049086294896,56.6639104357793,11,5,0,0.6875,54,3.375,0.9366741645663329,-0.6059692559368433
2001,MIN,-4.765751140222448,-0.5317088124949942,-3.5619941894001905,2.5351581394626663,1449.133566986267,-0.929567867137286,-0.9263155166251696,-0.9833089706909008,-0.9728462686844364,40.704321328627145,40.73684483374831,40.16691029309099,40.27153731315563,5,11,0,0.3125,-100,-6.25,-0.9366741645663329,-0.04663480612456794
2001,NE,5.180897344495822,0.6945323548826572,3.844732610269274,2.399732546542156,1586.9497076637865,1.0105428405049737,1.2099782475056893,1.0613605369811792,1.6629571537103804,60.105428405049736,62.09978247505689,60.61360536981179,66.6295715371038,11,5,0,0.6875,99,6.1875,0.9366741645663329,0.12468637241484626
2001,NO,-4.207873233827314,-0.2601346083328493,-2.784030755796329,2.5357700857750065,1479.6482942102978,-0.8207528324633325,-0.4531930230368299,-0.7685476930311559,-0.3892366707437467,41.79247167536668,45.4680697696317,42.31452306968844,46.10763329256253,7,9,0,0.4375,-76,-4.75,-0.31222472152211095,-0.45632297150904494
2001,NYG,-1.2894115443424494,-0.1911365402983515,-0.909302477294293,2.536335160971838,1480.3008130732892,-0.2515019152008551,-0.3329881674174468,-0.2510181756207464,-0.3767569173288368,47.48498084799145,46.670118325825534,47.48981824379253,46.23243082671164,7,9,0,0.4375,-27,-1.6875,-0.31222472152211095,0.06120654590136454
2001,NYJ,0.3473466801031712,0.2586178539320713,0.2484744166730541,2.4904502998228826,1524.6197197499173,0.067750560841423,0.4505506121846243,0.0685927909789623,0.4708645972540901,50.67750560841423,54.505506121846246,50.685927909789626,54.7086459725409,10,6,0,0.625,13,0.8125,0.6244494430442219,-0.5558566520652596
2001,OAK,4.407950069913499,0.4593859169708078,3.188701525205634,2.4451897595283887,1523.9255735761153,0.8597781597017853,0.8003183189918397,0.8802593850155748,0.4575887004574242,58.59778159701786,58.0031831899184,58.80259385015575,54.57588700457424,10,6,0,0.625,72,4.5,0.6244494430442219,0.25580994197135287
2001,PHI,9.22161170607857,0.7538114048615556,6.482190241793256,2.4025457220907227,1564.493788671433,1.7986910505754123,1.3132511339349873,1.789445876539642,1.233476340780311,67.98691050575412,63.13251133934988,67.89445876539642,62.33476340780311,11,5,0,0.6875,135,8.4375,0.9366741645663329,0.852771711973309
2001,PIT,6.85622008191758,0.8024366050060906,4.937397613223348,2.4587773562504496,1574.2938171532237,1.3373173904071014,1.3979634357332789,1.3629969917968636,1.4209068440935118,63.37317390407101,63.97963435733279,63.62996991796864,64.20906844093511,13,3,0,0.8125,140,8.75,1.5611236076105548,-0.19812661581369118
2001,SEA,-1.4880094153714545,0.0115901780571652,-0.9827903409359428,2.5365581504960386,1514.3998855368636,-0.2902387677889701,0.0201918070991192,-0.2713049227947816,0.2754050969180127,47.0976123221103,50.20191807099119,47.28695077205219,52.75405096918013,9,7,0,0.5625,-23,-1.4375,0.31222472152211095,-0.5835296443168925
2001,SF,5.324693660223096,0.6487617316089423,3.895556740514278,2.48680133156967,1555.1802529824392,1.0385905565060578,1.1302390414821923,1.075390830277612,1.0553502582840055,60.38590556506058,61.30239041482192,60.753908302776125,60.55350258284005,12,4,0,0.75,127,7.9375,1.2488988860884438,-0.17350805581083173
2001,TB,2.9213643264230424,0.2377831134024351,1.6685364011405162,2.489454372053154,1511.5744016309734,0.5698170815350773,0.4142534078052198,0.4606090644527588,0.2213662875851249,55.69817081535077,54.1425340780522,54.60609064452759,52.21366287585125,9,7,0,0.5625,44,2.75,0.31222472152211095,0.14838434293064784
2001,TEN,-2.400929842776515,-0.1708073188913792,-1.9072329963392152,2.5478451487044382,1487.0456447937074,-0.4683054501649555,-0.2975716522353437,-0.5265026316098051,-0.2477585979392746,45.31694549835044,47.02428347764656,44.73497368390195,47.52241402060725,7,9,0,0.4375,-52,-3.25,-0.31222472152211095,-0.2142779100876942
2001,WSH,-2.563171866266492,-0.0865055380699788,-1.6447624087940849,2.5367519034950328,1506.028810419176,-0.4999510328439907,-0.150705461909163,-0.454046117210185,0.115304049712266,45.00048967156009,48.49294538090837,45.45953882789815,51.15304049712266,8,8,0,0.5,-47,-2.9375,0.0,-0.454046117210185
2002,ARI,-8.598530235311985,-0.6440683857761282,-6.003615882028138,2.635819458812,1444.9662978768336,-1.584134783405449,-1.2406316199975986,-1.5688216737525271,-1.247457181684013,34.15865216594551,37.59368380002401,34.31178326247473,37.52542818315988,5,11,0,0.3125,-155,-9.6875,-1.1533663951973105,-0.4154552785552166
2002,ATL,5.489338986039274,0.4367245905693967,3.8855519603629225,2.537399712560436,1528.685821248524,1.011318514642973,0.8412372789234028,1.0153444606868671,0.6502258134277271,60.11318514642973,58.41237278923403,60.15344460686868,56.50225813427727,9,6,1,0.59375,88,5.5,0.5766831975986553,0.43866126308821185
2002,BAL,-1.9546440644097045,-0.1696387308679165,-1.449497841645274,2.636027310172063,1482.7198062804248,-0.3601103405896282,-0.3267652599302605,-0.3787723389895512,-0.3916927432599695,46.39889659410372,46.73234740069739,46.21227661010449,46.08307256740031,7,9,0,0.4375,-38,-2.375,-0.38445546506577016,0.005683126076218958
2002,BUF,-0.4359337081249824,-0.0383261441301368,-0.6136938706182886,2.636117292727444,1502.2117983860082,-0.0803134642085314,-0.0738254311661875,-0.1603660634180691,0.0501351658096363,49.19686535791469,49.26174568833813,48.39633936581931,50.50135165809636,8,8,0,0.5,-18,-1.125,0.0,-0.1603660634180691
2002,CAR,-1.6455585677565436,-0.1742482484430888,-1.1970543912220093,2.634397080685668,1485.8581442953691,-0.3031665289270697,-0.3356443066013717,-0.3128056342231064,-0.3205555646901442,46.9683347107293,46.64355693398628,46.87194365776894,46.79444435309856,7,9,0,0.4375,-44,-2.75,-0.38445546506577016,0.07164983084266374
2002,CHI,-4.942265435156641,-0.7941612492505387,-3.826408734840982,2.636522461742521,1433.5779672019717,-0.9105294010017552,-1.5297468078793104,-0.9998895788493728,-1.505598181465465,40.89470598998245,34.7025319212069,40.001104211506274,34.94401818534535,4,12,0,0.25,-98,-6.125,-1.5378218602630807,0.5379322814137079
2002,CIN,-10.696804594373909,-1.0922298195973124,-7.72996911638452,2.6360480036480647,1401.6034476955333,-1.9707065935116868,-2.103899027529201,-2.019939870491013,-2.230369411646102,30.29293406488313,28.961009724707992,29.80060129508987,27.69630588353898,2,14,0,0.125,-177,-11.0625,-2.306732790394621,0.2867929199036081
2002,CLE,1.394136676699609,0.1203954897463093,1.0206717977487163,2.5937810002050554,1510.766744132398,0.256846268134451,0.2319108572677036,0.266714604924925,0.2440514043786298,52.56846268134451,52.31910857267704,52.66714604924925,52.4405140437863,9,7,0,0.5625,24,1.5,0.38445546506577016,-0.11774086014084517
2002,DAL,-8.191116607986784,-0.6330541091597268,-5.310041992127229,2.6351853831919945,1448.0848281013473,-1.509075665089071,-1.219415457019437,-1.3875819388649888,-1.1767689892712638,34.90924334910929,37.80584542980563,36.12418061135011,38.23231010728736,5,11,0,0.3125,-112,-7.0,-1.1533663951973105,-0.23421554366767827
2002,DEN,4.276960671275035,0.319038642525745,2.616005858562465,2.635494488645718,1513.5539855527363,0.7879581720605613,0.6145456548710795,0.6835958146259608,0.3072302237701877,57.879581720605614,56.1454565487108,56.83595814625961,53.07230223770188,9,7,0,0.5625,48,3.0,0.38445546506577016,0.2991403495601906
2002,DET,-8.775566921458976,-1.0038903349357162,-6.383796575301199,2.6362151045629783,1414.442296972802,-1.616750819494099,-1.933735795819884,-1.66816775505904,-1.939349289110213,33.83249180505901,30.66264204180116,33.3183224494096,30.606507108897866,3,13,0,0.1875,-145,-9.0625,-1.9222773253288508,0.25410957026981085
2002,GB,2.760983246033006,0.474138309222496,1.9039627553922305,2.588555512670804,1550.3454718608236,0.5086647923244607,0.9133051577508896,0.4975298379129231,1.1411883630415909,55.086647923244605,59.133051577508894,54.97529837912923,61.41188363041591,12,4,0,0.75,70,4.375,1.5378218602630807,-1.0402920223501575
2002,HOU,-9.358171933250889,-0.8595773593432541,-6.327647953087709,2.635420748103408,1433.9424406842638,-1.724086008056406,-1.6557540711305083,-1.653495401395716,-1.4973366063673337,32.75913991943594,33.44245928869491,33.46504598604284,35.02663393632666,4,12,0,0.25,-143,-8.9375,-1.5378218602630807,-0.11567354113263528
2002,IND,-0.3703266090182019,0.1841336138784309,0.0557335448784266,2.581881629846908,1522.39489856753,-0.0682264580703703,0.3546859133704075,0.0145638886428549,0.5076285253103168,49.3177354192963,53.54685913370408,50.14563888642855,55.076285253103165,10,6,0,0.625,36,2.25,0.7689109301315403,-0.7543470414886855
2002,JAX,-0.5781742377205797,-0.2148058792412827,0.0040050195424206,2.635763536917517,1459.7520619135546,-0.1065188928545845,-0.4137681212639927,0.0010465628690135,-0.9123060502370772,48.93481107145416,45.86231878736008,50.010465628690135,40.87693949762923,6,10,0,0.375,13,0.8125,-0.7689109301315403,0.7699574930005538
2002,KC,3.8959013997420873,0.105670463565061,2.3066695621889868,2.635230934919309,1502.4613875456728,0.7177544011770851,0.203546892370195,0.6027622810080329,0.0557926407328606,57.17754401177085,52.03546892370195,56.02762281008033,50.55792640732861,8,8,0,0.5,68,4.25,0.0,0.6027622810080329
2002,LAC,-0.9858174317359064,-0.0625617228365423,-1.042382152736114,2.635311761237184,1492.5055295112047,-0.1816203049780419,-0.120509022437128,-0.2723877985666187,-0.1698782868221961,48.18379695021958,48.79490977562872,47.276122014333815,48.30121713177804,8,8,0,0.5,-34,-2.125,0.0,-0.2723877985666187
2002,LAR,-2.6118300507292767,-0.1485360334635561,-1.8116437233439893,2.636476381097153,1488.51693206577,-0.4811858211200142,-0.286116356420516,-0.4734056931936236,-0.2602884234511733,45.188141788799854,47.13883643579484,45.26594306806376,47.397115765488266,7,9,0,0.4375,-53,-3.3125,-0.38445546506577016,-0.08895022812785341
2002,MIA,5.660177728219277,0.2439545232902955,3.656711341286068,2.6365094790948347,1512.4200047401644,1.042792683650272,0.4699154656856298,0.9555454778576336,0.2815261105820746,60.42792683650272,54.6991546568563,59.55545477857633,52.815261105820746,9,7,0,0.5625,77,4.8125,0.38445546506577016,0.5710900127918634
2002,MIN,-2.710852848250485,-0.4738583798035022,-2.1182401285354544,2.6361580998632568,1477.8040974362225,-0.4994291084738522,-0.9127659459276718,-0.5535232581762275,-0.50311785304168,45.00570891526148,40.872340540723286,44.46476741823773,44.9688214695832,6,10,0,0.375,-52,-3.25,-0.7689109301315403,0.21538767195531283
2002,NE,3.001706556670114,0.2102812165073112,1.6340488315611643,2.6362184459552207,1517.2290890316965,0.5530140193575528,0.4050525255577614,0.4269978748302489,0.3905343456335598,55.53014019357553,54.05052525557761,54.26997874830249,53.9053434563356,9,7,0,0.5625,35,2.1875,0.38445546506577016,0.04254240976447876
2002,NO,3.091065931283556,0.3112112346099907,2.128302889247104,2.6347020447652625,1504.062680028077,0.5694769833379749,0.5994681724524971,0.55615278634932,0.0920893776429314,55.69476983337975,55.99468172452497,55.5615278634932,50.92089377642932,9,7,0,0.5625,44,2.75,0.38445546506577016,0.1716973212835498
2002,NYG,0.684869397154727,0.2780055969855238,1.039020764595804,2.5878574625197914,1527.2305615754092,0.1261756840334419,0.5355060763321406,0.2715094248211895,0.6172392241123403,51.26175684033442,55.35506076332141,52.7150942482119,56.17239224112341,10,6,0,0.625,41,2.5625,0.7689109301315403,-0.4974015053103508
2002,NYJ,3.722305979942437,0.2465611214822354,2.220465761208053,2.537200614054333,1525.4213021056855,0.6857723606168104,0.4749364047799347,0.5802361244390266,0.5762284683033738,56.8577236061681,54.74936404779935,55.80236124439027,55.76228468303374,9,7,0,0.5625,23,1.4375,0.38445546506577016,0.19578065937325645
2002,OAK,9.792313987513134,0.7880788611492308,6.765648659582028,2.4925122633031576,1560.2738130510047,1.8040693901315823,1.5180306560385608,1.7679505922289898,1.3662355621593665,68.04069390131582,65.1803065603856,67.6795059222899,63.66235562159366,11,5,0,0.6875,146,9.125,1.1533663951973105,0.6145841970316792
2002,PHI,7.821609960872584,0.762269166469301,6.177298732771179,2.535812041383831,1561.6866535226982,1.4410002712282397,1.4683149363579262,1.6142072257197122,1.39826062907279,64.41000271228239,64.68314936357926,66.14207225719713,63.9826062907279,12,4,0,0.75,174,10.875,1.5378218602630807,0.07638536545663155
2002,PIT,2.6614273286047854,0.4078656013975074,1.950419343315522,2.5490826990070863,1543.898602809984,0.490323286581513,0.7856478799115733,0.5096695389622229,0.9950562151652252,54.90323286581513,57.856478799115735,55.09669538962223,59.95056215165225,10,5,1,0.65625,45,2.8125,0.9611386626644254,-0.4514691237022025
2002,SEA,-1.309662922700647,-0.2182462323423492,-0.8076648088191966,2.635940540260629,1493.3141457149547,-0.241283397698172,-0.420395074139496,-0.2110531523170505,-0.1515492620305054,47.58716602301828,45.79604925860504,47.88946847682949,48.48450737969495,7,9,0,0.4375,-14,-0.875,-0.38445546506577016,0.17340231274871967
2002,SF,-0.0766878451749484,0.254528102595684,-0.0567385727173897,2.537803210015337,1530.4861423713648,-0.0141284474999163,0.4902827389636213,-0.0148265152811135,0.691033962387051,49.85871552500084,54.902827389636215,49.85173484718887,56.91033962387051,10,6,0,0.625,16,1.0,0.7689109301315403,-0.7837374454126538
2002,TB,12.281743268430231,1.0991135385147446,8.98708581364852,2.4865370268701232,1591.1031481483053,2.26270492513656,2.117158736499159,2.3484405540553497,2.065048725547871,72.6270492513656,71.17158736499158,73.4844055405535,70.65048725547871,12,4,0,0.75,150,9.375,1.5378218602630807,0.810618693792269
2002,TEN,1.1611209100822966,0.486153632623286,1.0821481430054087,2.540758922804224,1555.1749248015756,0.213917026638683,0.9364495791581816,0.28277916081207,1.2506582973204614,52.13917026638683,59.36449579158182,52.8277916081207,62.506582973204615,11,5,0,0.6875,43,2.6875,1.1533663951973105,-0.8705872343852405
2002,WSH,-4.453718015401663,-0.200921075941498,-2.755355035489496,2.635140355971399,1483.50497477009,-0.8205227440735131,-0.3870226290280992,-0.7200095381683225,-0.3738952113208527,41.79477255926487,46.12977370971901,42.79990461831677,46.261047886791474,7,9,0,0.4375,-58,-3.625,-0.38445546506577016,-0.3355540731025523
2003,ARI,-11.484685879088271,-0.8986208506435769,-7.530800020908054,2.5763312015018065,1434.357920414685,-2.2489868062433573,-1.5622287341129302,-2.199258858946586,-1.306242937613546,27.510131937566427,34.3777126588707,28.007411410534143,36.93757062386454,4,12,0,0.25,-227,-14.1875,-1.3241694217637887,-0.8750894371827971
2003,ATL,-5.93428028722504,-0.5037933708068151,-4.125909421401562,2.575446942302857,1460.2392992916718,-1.1620795040481045,-0.8758315360325235,-1.204910875476208,-0.7912170793936661,38.37920495951896,41.241684639674766,37.95089124523792,42.08782920606334,5,11,0,0.3125,-123,-7.6875,-0.9931270663228415,-0.21178380915336636
2003,BAL,4.272924462009025,0.225329783643237,3.072029913714028,2.527285095091179,1521.3919389017,0.8367447608323831,0.3917299074540795,0.8971409390671662,0.4256883585762786,58.36744760832383,53.91729907454079,58.97140939067166,54.25688358576279,10,6,0,0.625,110,6.875,0.6620847108818944,0.23505622818527183
2003,BUF,-0.3740734764466535,-0.1038721279846072,-0.6965413342317079,2.575836173769541,1466.6381401024062,-0.073252879700086,-0.1805789648601996,-0.203414603452297,-0.6638835050959234,49.26747120299914,48.194210351398006,47.96585396547703,43.36116494904076,6,10,0,0.375,-36,-2.25,-0.6620847108818944,0.45867010742959735
2003,CAR,2.4220331734482654,0.6336600344820517,1.7526695440212083,2.4061864312835053,1564.9905977867925,0.47429426531266,1.1016013180841355,0.5118412400797931,1.293278791692516,54.7429426531266,61.01601318084136,55.11841240079793,62.93278791692516,11,5,0,0.6875,21,1.3125,0.9931270663228415,-0.4812858262430484
2003,CHI,-3.225236208969718,-0.2579863607256212,-1.949321331345945,2.5760154798724613,1487.1082857528982,-0.6315813734356212,-0.448502508534209,-0.5692704885262903,-0.2565383485013167,43.68418626564379,45.51497491465791,44.3072951147371,47.43461651498684,7,9,0,0.4375,-63,-3.9375,-0.3310423554409472,-0.23822813308534307
2003,CIN,-3.2421028074359497,-0.1945889581893518,-1.877305673293541,2.5760219487615106,1501.9745335332684,-0.6348842724279069,-0.338287790236328,-0.5482393798107623,0.0392921811619446,43.65115727572093,46.61712209763672,44.51760620189238,50.392921811619445,8,8,0,0.5,-38,-2.375,0.0,-0.5482393798107623
2003,CLE,-3.882591437935403,-0.5909281944135886,-2.5628211226032667,2.576195946994573,1451.9944321883115,-0.7603078577751536,-1.0273131370691266,-0.7484340365077244,-0.9552856081996306,42.39692142224846,39.72686862930873,42.51565963492276,40.44714391800369,5,11,0,0.3125,-68,-4.25,-0.9931270663228415,0.2446930298151171
2003,DAL,-0.7152819046095683,0.1898365533790373,-0.2272632543821456,2.532523826931822,1521.13230227372,-0.140069966488214,0.3300258593613737,-0.0663688750365598,0.4205217259255853,48.59930033511786,53.30025859361373,49.3363112496344,54.20521725925585,10,6,0,0.625,29,1.8125,0.6620847108818944,-0.7284535859184542
2003,DEN,3.6349825036873655,0.3802959696333535,2.379282959311474,2.5304496688897573,1525.481031240972,0.7118198771638751,0.661134549463294,0.694834428172142,0.5070591503483683,57.11819877163875,56.61134549463294,56.94834428172142,55.07059150348368,10,6,0,0.625,80,5.0,0.6620847108818944,0.03274971729024767
2003,DET,-6.031848684657029,-0.6040094278900047,-3.919327908243971,2.576022152135977,1455.8605309676648,-1.1811858201320644,-1.0500545177079816,-1.1445817973377554,-0.8783522712525133,38.18814179867936,39.499454822920185,38.55418202662244,41.21647728747487,5,11,0,0.3125,-109,-6.8125,-0.9931270663228415,-0.1514547310149139
2003,GB,7.067658923228253,0.4408170219414537,4.964299330887809,2.48881752582277,1538.6281708624715,1.384023197213496,0.766348808476706,1.4497502591499123,0.7686803297639704,63.84023197213496,57.66348808476706,64.49750259149913,57.686803297639706,10,6,0,0.625,135,8.4375,0.6620847108818944,0.7876655482680179
2003,HOU,-5.190562331155971,-0.5600313301947462,-4.083196022019745,2.5753161962061526,1448.9650039888377,-1.0164410522545588,-0.9735997505590176,-1.1924370583883317,-1.0155696396558078,39.83558947745441,40.26400249440982,38.07562941611668,39.84430360344192,5,11,0,0.3125,-125,-7.8125,-0.9931270663228415,-0.19930999206549016
2003,IND,8.387224661417834,0.9179928169528022,5.273864409353664,2.4450121813140964,1572.9399354181455,1.6424269503856062,1.5959063884683409,1.5401541656865825,1.4514664390866654,66.42426950385607,65.95906388468342,65.40154165686582,64.51466439086666,12,4,0,0.75,111,6.9375,1.3241694217637887,0.21598474392279376
2003,JAX,-1.6689453493578768,-0.4924176180944202,-1.6225424119847562,2.5753294693175715,1458.8936567214446,-0.3268209605873056,-0.8560550888838303,-0.4738395341354141,-0.8179946604059642,46.73179039412695,41.43944911116169,45.26160465864586,41.82005339594036,5,11,0,0.3125,-55,-3.4375,-0.9931270663228415,0.5192875321874275
2003,KC,6.829864438716605,0.6734486155704863,4.823292048500584,2.5271660530674467,1561.9892766631162,1.337457129678474,1.1707727207078535,1.4085711660781122,1.2335540762953292,63.37457129678474,61.70772720707853,64.08571166078113,62.33554076295329,13,3,0,0.8125,152,9.5,1.655211777204736,-0.24664061112662372
2003,LAC,-7.29605715836296,-0.7871636647022516,-4.7953616573797495,2.575831127950763,1439.0402079179537,-1.428749245691893,-1.3684633453216477,-1.400414508095455,-1.2130678733611753,35.71250754308107,36.31536654678352,35.99585491904545,37.86932126638825,4,12,0,0.25,-128,-8.0,-1.3241694217637887,-0.07624508633166638
2003,LAR,4.109547401322,0.4634119184281913,3.216513819054536,2.527251311977601,1552.3910795835684,0.8047514736152748,0.8056294422507928,0.9393353284963252,1.0425549911324763,58.04751473615275,58.05629442250793,59.39335328496325,60.425549911324765,12,4,0,0.75,119,7.4375,1.3241694217637887,-0.38483409326746354
2003,MIA,3.5690424335893667,0.528391464293557,2.049087302482042,2.5760608572271213,1536.4984246909305,0.6989071733063679,0.9185946751493856,0.5984056660948492,0.7262994985493042,56.98907173306368,59.18594675149386,55.98405666094849,57.26299498549304,10,6,0,0.625,50,3.125,0.6620847108818944,-0.06367904478704511
2003,MIN,2.6790809023971818,0.1795651320504873,2.153723911127808,2.575989151925086,1506.328752813834,0.5246305964119329,0.3121692633029258,0.6289632413717691,0.125938859938585,55.24630596411933,53.121692633029255,56.28963241371769,51.25938859938585,9,7,0,0.5625,63,3.9375,0.3310423554409472,0.2979208859308219
2003,NE,7.51934418198883,1.3361057324365886,4.745871528478662,2.4484363930246555,1629.0512081852132,1.4724743919803307,2.322784704506412,1.3859616472952812,2.568051322373734,64.7247439198033,73.22784704506412,63.85961647295281,75.68051322373734,14,2,0,0.875,110,6.875,1.986254132645683,-0.6002924853504019
2003,NO,0.4546434882505314,0.0388544729968265,0.2806487569659716,2.575120413499794,1501.8793416677834,0.0890304895915056,0.0675474802537525,0.0819593221564968,0.0373979129913804,50.89030489591506,50.67547480253752,50.819593221564965,50.373979129913806,8,8,0,0.5,14,0.875,0.0,0.0819593221564968
2003,NYG,-7.562235876960159,-0.7666410585922732,-5.108347639813788,2.5762293339062063,1428.050092466646,-1.4808736514031435,-1.332785333910129,-1.491817439083279,-1.4317654037032783,35.19126348596856,36.67214666089871,35.08182560916721,35.68234596296722,4,12,0,0.25,-144,-9.0,-1.3241694217637887,-0.1676480173194903
2003,NYJ,-0.1715263113685978,-0.2644624425671723,-0.4307717576573146,2.5756841651106552,1471.9868598245182,-0.0335891129503153,-0.4597610066317018,-0.1258005260505657,-0.5574467894034768,49.66410887049685,45.40238993368298,48.741994739494345,44.42553210596523,6,10,0,0.375,-16,-1.0,-0.6620847108818944,0.5362841848313287
2003,OAK,-5.85122054588609,-0.7963875787767078,-3.875820079501076,2.575763807737069,1431.5767600746997,-1.1458143432619992,-1.384498877546149,-1.131875978894736,-1.361586568946173,38.54185656738001,36.15501122453851,38.68124021105264,36.38413431053827,4,12,0,0.25,-109,-6.8125,-1.3241694217637887,0.1922934428690528
2003,PHI,4.080308882958397,0.6761127280031286,2.73910316080577,2.4893350177521483,1566.2284774913255,0.7990258453546376,1.1754042101621665,0.7999146007391009,1.317911948226807,57.990258453546375,61.754042101621664,57.99914600739101,63.179119482268064,12,4,0,0.75,87,5.4375,1.3241694217637887,-0.5242548210246878
2003,PIT,-1.9151688514284049,-0.4045576816786343,-1.1219758029595852,2.5762733284886274,1465.5321418023243,-0.3750376391602865,-0.7033128982838966,-0.3276564531433474,-0.6858922908873127,46.24962360839714,42.96687101716103,46.72343546856653,43.14107709112688,6,10,0,0.375,-27,-1.6875,-0.6620847108818944,0.33442825773854695
2003,SEA,3.014492471248881,0.21692660259634,2.3142670397530867,2.5324399903963544,1517.9337204725398,0.5903125141370297,0.3771211980300618,0.6758474896444475,0.3568716265599727,55.903125141370296,53.77121198030062,56.75847489644448,53.568716265599726,10,6,0,0.625,77,4.8125,0.6620847108818944,0.013762778762553163
2003,SF,1.7837393116997735,-0.0658762335155181,1.3857923428893038,2.576282525170464,1485.2502038493335,0.3493004702109311,-0.1145241008144542,0.4047001750541972,-0.2935132033409527,53.49300470210931,48.854758991855455,54.04700175054197,47.06486796659047,7,9,0,0.4375,47,2.9375,-0.3310423554409472,0.7357425304951444
2003,TB,2.458095820064348,0.0662119646569775,1.5230208884080212,2.575260614957862,1480.2851049564406,0.4813562274152077,0.1151077605812499,0.4447757438642162,-0.3923160658396161,54.81356227415208,51.1510776058125,54.44775743864216,46.07683934160384,7,9,0,0.4375,37,2.3125,-0.3310423554409472,0.7758180993051633
2003,TEN,7.491701711901483,0.8916374294757333,4.705143306803207,2.485761010086597,1566.4426616246274,1.4670613096224043,1.5500882399289768,1.3740675720203832,1.3221741000849114,64.67061309622405,65.50088239928976,63.74067572020383,63.22174100084912,12,4,0,0.75,111,6.9375,1.3241694217637887,0.0498981502565945
2003,WSH,-5.2288676570401424,-0.5672613417649626,-3.4513048248309106,2.576024150037051,1448.9399064701556,-1.0239421866721066,-0.986168935677382,-1.0079025720854615,-1.0160690671074848,39.76057813327893,40.13831064322618,39.92097427914538,39.839309328925154,5,11,0,0.3125,-85,-5.3125,-0.9931270663228415,-0.01477550576261999
2004,ARI,-4.635358772402031,-0.4517263566831633,-3.0379296644268163,2.780952543299026,1463.277528998764,-0.7660875075556437,-0.7404357358368236,-0.6763665643039777,-0.7253227295434932,42.33912492444357,42.59564264163176,43.23633435696022,42.74677270456507,6,10,0,0.375,-38,-2.375,-0.659828879073858,-0.01653768523011967
2004,ATL,-0.5096492186608383,0.2882906522202308,0.2443065918863982,2.671206940630442,1540.9466918829169,-0.0842299202331726,0.4725442694531189,0.0543925727201426,0.808757295261912,49.15770079766828,54.72544269453119,50.54392572720143,58.08757295261912,11,5,0,0.6875,3,0.1875,0.989743318610787,-0.9353507458906444
2004,BAL,6.123077943919896,0.4538926934020901,3.965641034703825,2.781367279788847,1517.5098769781962,1.0119634209448192,0.7439866314151261,0.8829128051625124,0.3458457837264968,60.11963420944819,57.43986631415126,58.82912805162512,53.458457837264966,9,7,0,0.5625,49,3.0625,0.329914439536929,0.5529983656255834
2004,BUF,7.635528852045815,0.41561262013091,5.488536421663744,2.7791553220330365,1524.9303997754992,1.2619267578508937,0.6812408256831972,1.221971188486472,0.4924120060757048,62.61926757850894,56.81240825683197,62.21971188486472,54.92412006075705,9,7,0,0.5625,111,6.9375,0.329914439536929,0.8920567489495429
2004,CAR,-0.6720106300224917,-0.1303187892081839,0.0198192127456061,2.7814202429779,1487.8512284239025,-0.1110634524494525,-0.2136087194230392,0.0044125619460256,-0.239956079204987,48.88936547550547,47.86391280576961,50.04412561946025,47.60043920795013,7,9,0,0.4375,16,1.0,-0.329914439536929,0.3343270014829546
2004,CHI,-7.895508070991908,-0.6960684325152761,-5.629009371911662,2.7813268633745567,1447.0584273588631,-1.3048936222594192,-1.140942817254574,-1.253246174161547,-1.04567380482381,36.95106377740581,38.59057182745426,37.46753825838453,39.5432619517619,5,11,0,0.3125,-100,-6.25,-0.989743318610787,-0.26350285555076003
2004,CIN,2.692786210139817,0.0811994652377469,1.3639961679882695,2.7811363263050097,1509.6822037827212,0.4450378012568012,0.1330960323730621,0.3036809616328223,0.1912377431094794,54.45037801256801,51.33096032373062,53.03680961632822,51.9123774310948,8,8,0,0.5,2,0.125,0.0,0.3036809616328223
2004,CLE,-3.194857825914977,-0.4939083017590769,-3.420128864725857,2.781502606891746,1436.5793345881689,-0.5280153681786183,-0.8095771952164434,-0.7614596337759346,-1.2526512756841888,44.71984631821382,41.904228047835566,42.385403662240655,37.47348724315811,4,12,0,0.25,-114,-7.125,-1.319657758147716,0.5581981243717814
2004,DAL,-7.583922277998554,-0.5036398132461246,-5.698529793461132,2.7801082487477684,1468.5385320381752,-1.253397719727514,-0.8255283540587658,-1.2687242443825213,-0.6214101936862545,37.46602280272487,41.744716459412345,37.31275755617479,43.78589806313745,6,10,0,0.375,-112,-7.0,-0.659828879073858,-0.6088953653086633
2004,DEN,4.515762008541548,0.3914584696368544,3.2093549596647497,2.727725742655765,1522.0680792922249,0.7463217048990969,0.6416491659759831,0.7145327994649047,0.4358769731884332,57.46321704899097,56.41649165975983,57.14532799464904,54.35876973188433,10,6,0,0.625,77,4.8125,0.659828879073858,0.054703920391046656
2004,DET,-4.714367943594971,-0.3798028349001505,-3.1785627417177387,2.781476081213564,1461.2095479233703,-0.7791453833329421,-0.622544129585623,-0.7076772007642539,-0.7661683926307702,42.20854616667058,43.77455870414377,42.92322799235746,42.3383160736923,6,10,0,0.375,-54,-3.375,-0.659828879073858,-0.04784832169039588
2004,GB,-0.4154645850432719,0.0997061061853276,0.2659520265935398,2.734636584231508,1525.365935181998,-0.0686639900083729,0.1634307208523995,0.059211725868146,0.5010144699416038,49.313360099916274,51.63430720852399,50.59211725868146,55.01014469941604,10,6,0,0.625,44,2.75,0.659828879073858,-0.600617153205712
2004,HOU,-0.5220629673185744,-0.1262214712093836,-0.6977818489097661,2.7812538565903946,1485.3594002313966,-0.0862815451958935,-0.206892705131389,-0.1553545881286309,-0.2891733452784206,49.13718454804106,47.93107294868611,48.44645411871369,47.10826654721579,7,9,0,0.4375,-30,-1.875,-0.329914439536929,0.1745598514082981
2004,IND,10.653936135468417,0.845315394775565,8.122573698463086,2.674821170555832,1568.73847582119,1.7607800777519034,1.385577168754495,1.8084148984969584,1.357685840520011,67.60780077751903,63.85577168754495,68.08414898496959,63.57685840520011,12,4,0,0.75,171,10.6875,1.319657758147716,0.48875714034924234
2004,JAX,0.376746742880123,0.0957240826914126,-0.0785656572930194,2.780913992201023,1515.1480377981964,0.0622650775062188,0.1569036886077335,-0.0174919071754059,0.2991959915400564,50.62265077506219,51.569036886077335,49.82508092824594,52.99195991540056,9,7,0,0.5625,-19,-1.1875,0.329914439536929,-0.3474063467123349
2004,KC,3.898029751426433,0.022235534654231,2.591067200249068,2.780671792842357,1491.1937140621992,0.6442288597869565,0.0364468094895299,0.5768768252387566,-0.1739370793793032,56.44228859786956,50.3644680948953,55.76876825238757,48.26062920620697,7,9,0,0.4375,48,3.0,-0.329914439536929,0.9067912647756856
2004,LAC,8.351184997185845,0.7086380267547909,6.290862970822546,2.724451846242676,1554.455924405256,1.380203521186108,1.16154594705254,1.4006016741948344,1.07558447600394,63.80203521186108,61.6154594705254,64.00601674194834,60.7558447600394,12,4,0,0.75,133,8.3125,1.319657758147716,0.08094391604711837
2004,LAR,-6.212816653265595,-0.1385990804072787,-4.481972482141561,2.685880069181391,1503.9480183659307,-1.0267945715740237,-0.2271811475451493,-0.997869162195702,0.0779791604265493,39.73205428425976,47.72818852454851,40.02130837804298,50.77979160426549,8,8,0,0.5,-73,-4.5625,0.0,-0.997869162195702
2004,MIA,-2.1869953951835064,-0.635667776654923,-2.3997428105231404,2.779033465059858,1440.9672949981714,-0.3614455608715692,-1.0419386227785907,-0.5342802432106173,-1.1659826138284908,46.38554439128431,39.58061377221409,44.657197567893824,38.34017386171509,4,12,0,0.25,-79,-4.9375,-1.319657758147716,0.7853775149370987
2004,MIN,-0.8428284556528429,-0.0158207833900196,-0.1161266739580708,2.6850024067715776,1497.567371331879,-0.1392945794686494,-0.0259322335692722,-0.0258545154645279,-0.0480479885318137,48.6070542053135,49.74067766430728,49.74145484535472,49.51952011468186,8,8,0,0.5,10,0.625,0.0,-0.0258545154645279
2004,NE,13.854262753125909,1.5808376690893022,10.480764966222196,2.62027267273943,1622.9264776977143,2.2896992752220777,2.591189744484382,2.333444080186985,2.427978453134932,72.89699275222077,75.91189744484382,73.33444080186985,74.27978453134932,14,2,0,0.875,177,11.0625,1.979486637221574,0.3539574429654111
2004,NO,-5.533287211406052,-0.2234563722864553,-3.7437120990073134,2.7809526792739443,1506.494360778906,-0.9144884822321856,-0.3662728131610824,-0.8335024078401628,0.1282731624088619,40.855115177678144,46.33727186838917,41.66497592159837,51.28273162408862,8,8,0,0.5,-57,-3.5625,0.0,-0.8335024078401628
2004,NYG,-3.585073020994697,-0.3211363444384341,-2.5357348079374167,2.780618273964564,1465.0271110802569,-0.5925063819031186,-0.5263824480912387,-0.5645575867386755,-0.6907659141574557,44.07493618096881,44.73617551908761,44.35442413261325,43.092340858425445,6,10,0,0.375,-44,-2.75,-0.659828879073858,0.0952712923351825
2004,NYJ,7.066367163525396,0.5786219505457623,4.924281565505414,2.674806164963057,1532.5325748744397,1.167861189086122,0.9484334119210764,1.0963451337029912,0.6425661281402442,61.67861189086122,59.48433411921077,60.96345133702991,56.42566128140244,10,6,0,0.625,72,4.5,0.659828879073858,0.43651625462913324
2004,OAK,-4.764595613899032,-0.5731679352965645,-4.300939847705195,2.7805370053178584,1448.657921129481,-0.7874465295101614,-0.939493601935321,-0.957563943014887,-1.0140814539835463,42.12553470489839,40.60506398064679,40.42436056985113,39.85918546016453,5,11,0,0.3125,-122,-7.625,-0.989743318610787,0.032179375595900006
2004,PHI,6.491692316295845,0.8597607135798546,5.568647678209419,2.617948967635661,1579.3165526736154,1.0728844584843458,1.409254844630631,1.2398072088480876,1.56661839235357,60.72884458484346,64.09254844630631,62.39807208848087,65.6661839235357,13,3,0,0.8125,126,7.875,1.6495721976846451,-0.40976498883655754
2004,PIT,8.41455526914131,1.272454464143159,5.943012038111001,2.679302012918665,1614.096655911124,1.3906767501375594,2.0857112797106967,1.3231559245440003,2.253576506179434,63.9067675013756,70.85711279710696,63.23155924544,72.53576506179434,15,1,0,0.9375,121,7.5625,2.309401076758503,-0.9862451522145026
2004,SEA,-3.5910074057262547,-0.1376360994546773,-2.187420076683148,2.734251460951528,1500.872584339104,-0.5934871599250794,-0.2256027018784592,-0.4870085766896353,0.017234822095018,44.0651284007492,47.74397298121541,45.12991423310365,50.17234822095018,9,7,0,0.5625,-2,-0.125,0.329914439536929,-0.8169230162265644
2004,SF,-12.50733730507579,-1.3282525129159606,-9.305343122543078,2.7809584521268795,1399.185278175765,-2.0670923940668398,-2.1771712281730933,-2.071747424294497,-1.9912388033272828,29.329076059331605,28.228287718269065,29.28252575705503,30.087611966727174,2,14,0,0.125,-193,-12.0625,-1.979486637221574,-0.09226078707292307
2004,TB,-2.8981929791318937,-0.6022451691441575,-1.6036668973242478,2.781110412371109,1448.9240540476064,-0.4789854561026522,-0.9871548081534536,-0.3570414030095304,-1.008824938032059,45.21014543897348,40.128451918465466,46.42958596990469,39.91175061967941,5,11,0,0.3125,-3,-0.1875,-0.989743318610787,0.6327019156012565
2004,TEN,-4.709047329688247,-0.530181990517011,-4.011848124728182,2.781100018334609,1448.0401991677795,-0.7782660434486735,-0.8690342869482749,-0.8932003806426911,-1.0262823698572434,42.217339565513264,41.30965713051725,41.06799619357309,39.73717630142757,5,11,0,0.3125,-95,-5.9375,-0.989743318610787,0.09654293796809588
2004,WSH,-3.09954648172496,-0.4058977790203972,-2.0518016478313745,2.780178757224121,1471.5302068851884,-0.512263226068921,-0.665316991663378,-0.4568144047004414,-0.5623202221571275,44.87736773931079,43.34683008336622,45.43185595299558,44.37679777842872,6,10,0,0.375,-25,-1.5625,-0.659828879073858,0.20301447437341663
2005,ARI,-5.111543349498954,-0.5449593309522995,-3.8591889522354905,2.6975136723328745,1452.3021740106217,-0.8431447665246594,-0.8493612431207134,-0.8140298526375791,-0.8674347599372122,41.568552334753406,41.50638756879287,41.85970147362421,41.325652400627874,5,11,0,0.3125,-76,-4.75,-0.8994380267950337,0.08540817415745461
2005,ATL,-0.3460459662268533,0.0013652481658581,0.0752486732366534,2.6966201920399286,1493.7103701778854,-0.0570799904161513,0.0021278448013637,0.0158724196052964,-0.1143834843972741,49.42920009583849,50.02127844801364,50.158724196052965,48.85616515602726,8,8,0,0.5,10,0.625,0.0,0.0158724196052964
2005,BAL,-2.671460858691104,-0.3781210835399357,-2.112034215110603,2.697831203782916,1471.1137429608202,-0.4406552166287832,-0.5893309377865158,-0.445497466480905,-0.5253267401714572,45.59344783371217,44.10669062213484,45.54502533519095,44.74673259828543,6,10,0,0.375,-34,-2.125,-0.5996253511966891,0.15412788471578415
2005,BUF,-4.93184386913137,-0.5533151388214974,-4.069763052567739,2.6973321482328827,1450.5307223419195,-0.8135034887227249,-0.8623844155960939,-0.8584468547549428,-0.8996504578460276,41.86496511277275,41.37615584403906,41.41553145245057,41.003495421539725,5,11,0,0.3125,-96,-6.0,-0.8994380267950337,0.04099117204009095
2005,CAR,6.338526485836547,0.7025718568445023,5.540973233638577,2.5394333913516114,1562.4908816076672,1.045534600530167,1.0950125483094204,1.1687734600905713,1.1364619196204606,60.45534600530167,60.950125483094205,61.68773460090571,61.36461919620461,11,5,0,0.6875,132,8.25,0.8994380267950337,0.26933543329553755
2005,CHI,1.3186539748088075,0.3276550388935506,1.4371510956910478,2.646260479427857,1538.3159762333237,0.2175108615338195,0.5106757061358608,0.303142424256176,0.6968160279068991,52.1751086153382,55.10675706135861,53.03142424256176,56.96816027906899,11,5,0,0.6875,58,3.625,0.8994380267950337,-0.5962956025388577
2005,CIN,3.6596967648642216,0.4868182312410977,2.969568997669661,2.6508817388599804,1529.8336760887455,0.603663896279967,0.7587438448630914,0.6263797506390276,0.5425565446494012,56.03663896279967,57.58743844863091,56.26379750639028,55.42556544649401,11,5,0,0.6875,71,4.4375,0.8994380267950337,-0.2730582761560061
2005,CLE,-3.3289722882545467,-0.3899642624953759,-2.578725619584609,2.69741191918672,1467.946086648279,-0.5491111726603222,-0.6077894476766313,-0.5439380300068596,-0.5829338771014417,44.50888827339678,43.92210552323369,44.56061969993141,44.17066122898558,6,10,0,0.375,-69,-4.3125,-0.5996253511966891,0.05568732118982955
2005,DAL,2.5756806870949247,0.1963083102128404,1.6568531643840188,2.697180513714076,1516.2059962286332,0.4248563580656307,0.3059616762702963,0.3494848150579305,0.2947229597268918,54.24856358065631,53.059616762702966,53.4948481505793,52.94722959726892,9,7,0,0.5625,17,1.0625,0.29981267559834457,0.04967213945958593
2005,DEN,9.434196132169172,0.9548677838047068,6.957642804979139,2.591395165209984,1579.691487083728,1.5561626990770456,1.4882352531720866,1.467595657362484,1.4492728868377918,65.56162699077046,64.88235253172087,64.67595657362484,64.49272886837792,13,3,0,0.8125,137,8.5625,1.4990633779917228,-0.03146772062923886
2005,DET,-6.0445795698474445,-0.6151498366967513,-4.49516809632948,2.6981659104626323,1447.2646688644588,-0.9970483045318036,-0.9587585721107504,-0.9481787671776446,-0.9590470499421556,40.02951695468197,40.4124142788925,40.51821232822356,40.40952950057845,5,11,0,0.3125,-91,-5.6875,-0.8994380267950337,-0.04874074038261089
2005,GB,-3.569041568353758,-0.6364183906899945,-2.557812527048609,2.698555175118238,1442.5790492518497,-0.5887103980369071,-0.9919072575869924,-0.5395267711009138,-1.044259934167231,44.11289601963093,40.08092742413008,44.60473228899086,39.557400658327694,4,12,0,0.25,-46,-2.875,-1.1992507023933783,0.6597239312924644
2005,HOU,-9.946223933895574,-1.1598461704604264,-7.852772925365071,2.697948929138104,1402.779059615666,-1.640621253337974,-1.8077099137830803,-1.6564080345245635,-1.7680642950463734,33.593787466620256,31.922900862169197,33.435919654754365,32.319357049536265,2,14,0,0.125,-171,-10.6875,-1.7988760535900674,0.14246801906550388
2005,IND,10.090699782310235,1.098771053213752,8.212695238265816,2.6469107528913045,1581.5823543135912,1.6644524227424102,1.7125196223943102,1.7323274857247577,1.4836602813906343,66.6445242274241,67.1251962239431,67.32327485724758,64.83660281390634,14,2,0,0.875,192,12.0,1.7988760535900674,-0.06654856786530972
2005,JAX,3.4006973680288746,0.5897111600304894,2.883859802034096,2.639043261918129,1553.2767741440634,0.5609421641056381,0.9191104280944892,0.608300862884001,0.9688937562935472,55.60942164105638,59.19110428094489,56.08300862884001,59.68893756293547,12,4,0,0.75,92,5.75,1.1992507023933783,-0.5909498395093773
2005,KC,6.214886440547371,0.454937486558106,4.332614940928045,2.697766691272756,1537.1269147931723,1.0251402792869244,0.709055239865281,0.9138909614301304,0.6751917042926954,60.25140279286924,57.09055239865281,59.138909614301305,56.75191704292696,10,6,0,0.625,78,4.875,0.5996253511966891,0.31426561023344124
2005,LAC,9.005360332085925,0.5222594401349361,6.355387729351126,2.6981885854320087,1520.3541462602127,1.485426595357208,0.8139817085604952,1.3405602578183078,0.3701613985276026,64.85426595357208,58.13981708560495,63.40560257818308,53.701613985276026,9,7,0,0.5625,106,6.625,0.29981267559834457,1.0407475822199632
2005,LAR,-5.447099366246365,-0.4374810792869676,-4.020492030813768,2.696653237716387,1462.490662070273,-0.8984944486170892,-0.6818480797377056,-0.8480539760765214,-0.6821464682629791,41.01505551382911,43.181519202622944,41.51946023923479,43.17853531737021,6,10,0,0.375,-66,-4.125,-0.5996253511966891,-0.2484286248798323
2005,MIA,-0.3504651205479331,0.0051421409641242,-0.3218142265012353,2.697412965747892,1521.5772024096625,-0.0578089261961146,0.0080144241845686,-0.0678812026614373,0.3924039514192999,49.42191073803885,50.08014424184569,49.321187973385626,53.924039514193,9,7,0,0.5625,1,0.0625,0.29981267559834457,-0.36769387825978184
2005,MIN,-3.145903332481683,0.035335196468832,-2.160581948728433,2.6984677145578866,1520.206894345573,-0.5189141027307178,0.0550726351381784,-0.4557377799073617,0.3674834687357014,44.81085897269282,50.55072635138178,45.44262220092638,53.67483468735701,9,7,0,0.5625,-38,-2.375,0.29981267559834457,-0.7555504555057062
2005,NE,4.414511695176352,0.4408621056481401,3.223576448330515,2.590456997309484,1534.3420705159904,0.728169982734214,0.6871176706778792,0.6799582745696913,0.6245464038637454,57.28169982734214,56.87117670677879,56.79958274569691,56.24546403863745,10,6,0,0.625,41,2.5625,0.5996253511966891,0.08033292337300213
2005,NO,-9.367352174799237,-1.0014869043330787,-7.159884174208349,2.69676576406946,1412.9419522861667,-1.5451368446576013,-1.5608947562142288,-1.5102550124830751,-1.5832414822442438,34.54863155342399,34.39105243785771,34.89744987516925,34.16758517755756,3,13,0,0.1875,-163,-10.1875,-1.4990633779917228,-0.011191634491352298
2005,NYG,5.08740897642587,0.4669973619067992,3.81773002536337,2.6379938348005414,1538.8062886708717,0.839163822031266,0.7278514878351015,0.8052848016566792,0.7057328714471773,58.39163822031266,57.27851487835102,58.05284801656679,57.05732871447177,11,5,0,0.6875,108,6.75,0.8994380267950337,-0.09415322513835456
2005,NYJ,-6.153190331444209,-0.7244352025162005,-5.117864810851188,2.697958905357232,1436.041913770505,-1.014963558099505,-1.1290882625944505,-1.079525980551684,-1.163144567362043,39.85036441900496,38.709117374055495,39.204740194483165,38.36855432637957,4,12,0,0.25,-115,-7.1875,-1.1992507023933783,0.11972472184169436
2005,OAK,-3.2037348108691903,-0.6636772691764085,-3.2332926053161786,2.6978285643587765,1431.9481538225543,-0.5284533563394327,-1.0343923268431483,-0.6820077315766261,-1.2375938657112382,44.71546643660567,39.65607673156852,43.17992268423374,37.624061342887615,4,12,0,0.25,-93,-5.8125,-1.1992507023933783,0.5172429708167522
2005,PHI,-2.7692656712700607,-0.3553900262154194,-2.6320128921503048,2.696513198341246,1463.9064774138826,-0.4567880380152938,-0.5539028278157017,-0.5551780680487867,-0.656398388193817,45.43211961984706,44.46097172184298,44.44821931951213,43.43601611806183,6,10,0,0.375,-78,-4.875,-0.5996253511966891,0.04444728314790247
2005,PIT,9.851303096352009,1.0775077950051417,7.958477158820748,2.503900251744682,1596.6055641116536,1.6249641412023912,1.6793791908077873,1.6787045332573478,1.7568730351033646,66.24964141202392,66.79379190807788,66.78704533257348,67.56873035103365,11,5,0,0.6875,131,8.1875,0.8994380267950337,0.7792665064623141
2005,SEA,7.793087035752454,0.8967983979040912,6.581506807000274,2.538273551998845,1585.5260436607143,1.285463137060145,1.397729626431803,1.3882562068209234,1.555380389197026,62.85463137060145,63.97729626431804,63.88256206820923,65.55380389197026,13,3,0,0.8125,181,11.3125,1.4990633779917228,-0.11080717117079941
2005,SF,-10.164956036150636,-0.8576544838585519,-7.950298312805081,2.6971760696805287,1436.6886953840158,-1.6767009292161743,-1.3367208105331363,-1.676979345685741,-1.1513821685103134,33.232990707838255,36.63279189466864,33.230206543142586,38.48617831489687,4,12,0,0.25,-189,-11.8125,-1.1992507023933783,-0.47772864329236264
2005,TB,-0.5205236621827147,0.2963672639066353,-0.0619177421996062,2.641648057569145,1536.245258344848,-0.0858599392812794,0.46191129024646,-0.0130604878854663,0.6591578613714355,49.14140060718721,54.6191129024646,49.86939512114534,56.591578613714354,11,5,0,0.6875,26,1.625,0.8994380267950337,-0.9124985146805
2005,TEN,-7.492737406275164,-0.7534326276886761,-5.824268458509009,2.697949903418671,1434.8681013769597,-1.2359207188693229,-1.1742829912520083,-1.2285297386787506,-1.1844915711444195,37.64079281130677,38.25717008747991,37.714702613212495,38.155084288555805,4,12,0,0.25,-122,-7.625,-1.1992507023933783,-0.029279036285372317
2005,WSH,5.380230544714121,0.5170559358279798,4.004606470631676,2.593756229144077,1540.7006411916927,0.8874644928750305,0.8058716448626828,0.8447031890655348,0.7401836496545692,58.87464492875031,58.058716448626825,58.44703189065535,57.40183649654569,10,6,0,0.625,66,4.125,0.5996253511966891,0.24507783786884563
2006,ARI,-6.71792069419297,-0.6154025181651005,-3.935712607909664,2.639669253168261,1456.745584511997,-1.2372478649133238,-1.1135584692775111,-1.0721065065571542,-0.9189233997449666,37.62752135086676,38.86441530722489,39.278934934428456,40.81076600255034,5,11,0,0.3125,-75,-4.6875,-1.0524696231684352,-0.01963688338871905
2006,ATL,-3.49125752328181,-0.3542659889308413,-2.0593425475981566,2.639818310476152,1475.9388116243397,-0.6429892690273727,-0.6410371760049832,-0.5609745335756592,-0.5111706810648826,43.57010730972628,43.589628239950166,44.39025466424341,44.88829318935117,7,9,0,0.4375,-36,-2.25,-0.3508232077228117,-0.21015132585284746
2006,BAL,8.223116171044843,0.8324781074490096,5.752181344785984,2.5871574236997064,1570.8353923721388,1.5144616003511298,1.506352378605736,1.5669210791072348,1.5048706322000478,65.1446160035113,65.06352378605736,65.66921079107235,65.04870632200047,13,3,0,0.8125,152,9.5,1.7541160386140586,-0.18719495950682385
2006,BUF,2.761768648319656,0.096872316885575,1.049661446399892,2.639916256099874,1490.3014074493783,0.5086383896242967,0.1752885074765434,0.2859326832213051,-0.2060428638049776,55.08638389624296,51.75288507476544,52.85932683221305,47.93957136195022,7,9,0,0.4375,-11,-0.6875,-0.3508232077228117,0.6367558909441169
2006,CAR,-2.8062625321005954,-0.1709584604684842,-1.622308770552557,2.639837349276452,1499.5850486729914,-0.5168328839054298,-0.3093458930212763,-0.441924490385465,-0.0088154811443275,44.8316711609457,46.90654106978724,45.58075509614535,49.911845188556725,8,8,0,0.5,-35,-2.1875,0.0,-0.441924490385465
2006,CHI,7.611895669447199,0.8284202659746034,5.992561438498367,2.49592141645704,1577.6733721314731,1.401892355339555,1.499009796137462,1.6324017399659403,1.6501408788775822,64.01892355339555,64.99009796137462,66.3240173996594,66.50140878877582,13,3,0,0.8125,172,10.75,1.7541160386140586,-0.12171429864811834
2006,CIN,3.4531413429365703,0.2279473590579047,2.191560132264152,2.640048804159056,1498.1949026450902,0.6359693643727132,0.412466157898095,0.5969912215108569,-0.0383485981611382,56.359693643727134,54.12466157898095,55.96991221510857,49.61651401838862,8,8,0,0.5,42,2.625,0.0,0.5969912215108569
2006,CLE,-6.32318153921076,-0.7945161916983273,-4.598636442943457,2.639484499495724,1434.2094687482297,-1.164548260536988,-1.4376610561844152,-1.2526900571607211,-1.3976945004764312,38.35451739463012,35.62338943815585,37.47309942839279,36.02305499523569,4,12,0,0.25,-118,-7.375,-1.403292830891247,0.15060277373052577
2006,DAL,3.194092839813447,0.1113226163451523,2.4697555492137275,2.586731397729216,1503.2071363642322,0.5882600772304689,0.2014360334808026,0.6727729531359286,0.0681343769882485,55.88260077230469,52.014360334808025,56.72772953135929,50.68134376988249,9,7,0,0.5625,75,4.6875,0.3508232077228117,0.32194974541311683
2006,DEN,1.2020215236793452,0.2694841965491274,0.8560711046190076,2.639773378326544,1513.0707930012722,0.2213778089160352,0.4876262292498761,0.2331977694441166,0.2776839637429203,52.21377808916035,54.87626229249876,52.33197769444117,52.776839637429205,9,7,0,0.5625,14,0.875,0.3508232077228117,-0.11762543827869512
2006,DET,-6.057741106264081,-0.912536857552602,-4.00233115969583,2.6391957074462136,1421.2876442483562,-1.1156617636766075,-1.6512170754279707,-1.090253711381974,-1.6722136857749823,38.84338236323392,33.48782924572029,39.09746288618026,33.277863142250176,3,13,0,0.1875,-93,-5.8125,-1.7541160386140586,0.6638623272320847
2006,GB,-3.763250271718836,-0.0645914376265147,-2.4321325325569205,2.639307296925588,1505.5692335581234,-0.6930825140349404,-0.1168769062341066,-0.6625242675807312,0.1183162222276238,43.0691748596506,48.83123093765893,43.374757324192686,51.18316222227624,8,8,0,0.5,-65,-4.0625,0.0,-0.6625242675807312
2006,HOU,-3.8556967279540326,-0.3888578496948616,-3.408825269218136,2.6383348107857856,1471.6163651972695,-0.7101084936203604,-0.7036304517632553,-0.92857993327573,-0.6029993908316462,42.8989150637964,42.96369548236745,40.7142006672427,43.97000609168354,6,10,0,0.375,-99,-6.1875,-0.7016464154456235,-0.2269335178301065
2006,IND,8.093299105828022,1.0720396392055858,5.087162034399579,2.4510452479554714,1595.892458664175,1.4905530289225235,1.9398341482221884,1.3857667112251522,2.037198356085236,64.90553028922524,69.39834148222188,63.85766711225152,70.37198356085236,12,4,0,0.75,67,4.1875,1.403292830891247,-0.01752611966609474
2006,JAX,6.932309497224073,0.2960706558481713,4.117275951473385,2.638669927409685,1497.707981377538,1.2767321191768255,0.5357338921967632,1.1215652098160651,-0.0486930529766527,62.767321191768254,55.35733892196763,61.21565209816065,49.51306947023348,8,8,0,0.5,97,6.0625,0.0,1.1215652098160651
2006,KC,0.203842473431509,0.1169612540768848,0.1329274494185938,2.5865057843363592,1509.4913725753472,0.0375419235374112,0.2116390349571046,0.0362100584111051,0.2016405552307903,50.37541923537411,52.11639034957105,50.362100584111055,52.0164055523079,9,7,0,0.5625,16,1.0,0.3508232077228117,-0.31461314931170664
2006,LAC,9.530360783506454,1.0774546887808416,6.952292907480152,2.586590501139793,1588.4474446389424,1.755218477264794,1.9496325714299172,1.8938370770825692,1.8790319001979032,67.55218477264793,69.49632571429918,68.9383707708257,68.79031900197903,14,2,0,0.875,189,11.8125,2.1049392463368704,-0.21110216925430114
2006,LAR,-3.691854662450923,-0.1641228109308524,-1.6976192648761153,2.639306572994598,1497.8370012930486,-0.6799334952906038,-0.2969769227766652,-0.4624394209761937,-0.0459520745572674,43.20066504709396,47.03023077223335,45.37560579023806,49.540479254427325,8,8,0,0.5,-14,-0.875,0.0,-0.4624394209761937
2006,MIA,0.9457092026948528,-0.1888564126517806,-0.0835784662226077,2.639550950730982,1470.0040004248046,0.1741724478638922,-0.3417318772318359,-0.0227671647734731,-0.6372534595001585,51.74172447863892,46.58268122768164,49.77232835226527,43.62746540499842,6,10,0,0.375,-23,-1.4375,-0.7016464154456235,0.6788792506721504
2006,MIN,-3.753897296744245,-0.4049737138314558,-2.2827261830933763,2.6390248535996856,1458.1970057716862,-0.691359964924186,-0.7327917835246825,-0.6218252797890661,-0.8880885140259446,43.08640035075814,42.67208216475318,43.78174720210934,41.11911485974056,6,10,0,0.375,-45,-2.8125,-0.7016464154456235,0.07982113565655735
2006,NE,10.451103489228132,0.9109190259254109,6.862099588472609,2.50552909718326,1578.5884033745767,1.924792814123725,1.6482896416636512,1.8692679954983,1.669580365258316,69.24792814123725,66.48289641663652,68.69267995498299,66.69580365258317,12,4,0,0.75,148,9.25,1.403292830891247,0.4659751646070531
2006,NO,2.7235831233878165,0.2956319596068078,2.3156061784644004,2.5431873947893666,1527.7177797659767,0.5016057136903055,0.5349400801784647,0.6307819441811817,0.5888535569969293,55.01605713690306,55.34940080178465,56.307819441811816,55.88853556996929,10,6,0,0.625,91,5.6875,0.7016464154456235,-0.07086447126444173
2006,NYG,0.1766004548062083,-0.0089627007631418,-0.0081126270589447,2.5979029004241503,1490.204805596743,0.0325247268608834,-0.0162178266220857,-0.0022099175223506,-0.208095132962792,50.325247268608834,49.83782173377914,49.97790082477649,47.91904867037208,8,8,0,0.5,-7,-0.4375,0.0,-0.0022099175223506
2006,NYJ,2.426287444358368,0.2558328262956737,1.1082583659376264,2.596924942091788,1525.232611170344,0.4468523962769136,0.4629243495625749,0.3018947579353878,0.5360571072224154,54.46852396276914,54.62924349562575,53.01894757935388,55.36057107222416,10,6,0,0.625,21,1.3125,0.7016464154456235,-0.39975165751023567
2006,OAK,-9.796523580690195,-1.0894503494658097,-6.811567321471997,2.6389813697765168,1400.2857902441588,-1.804238012851095,-1.9713384779805656,-1.8555027698226283,-2.118389986269376,31.95761987148905,30.286615220194346,31.44497230177372,28.816100137306243,2,14,0,0.125,-164,-10.25,-2.1049392463368704,0.24943647651424206
2006,PHI,3.2800872149580966,0.3775170774352671,2.4642188956178965,2.5529641304205706,1534.9065181521078,0.6040977689636035,0.6831095526361723,0.6712647428228294,0.7415755356234327,56.04097768963604,56.83109552636172,56.71264742822829,57.41575535623433,10,6,0,0.625,70,4.375,0.7016464154456235,-0.03038167262279401
2006,PIT,1.8605644598733844,0.0461099818656291,1.1579510157368027,2.6395250990896733,1508.0286581757098,0.342662485953698,0.0834350840451526,0.3154312679617281,0.1705657511025607,53.42662485953698,50.83435084045153,53.15431267961728,51.705657511025606,8,8,0,0.5,38,2.375,0.0,0.3154312679617281
2006,SEA,-2.401186120367852,-0.0288613891268012,-0.9753743280810414,2.542249339644458,1513.2134720006609,-0.4422294540113688,-0.0522241026785027,-0.2656965250366399,0.2807151241391759,45.57770545988631,49.477758973214975,47.3430347496336,52.80715124139176,9,7,0,0.5625,-6,-0.375,0.3508232077228117,-0.6165197327594516
2006,SF,-7.590096526314417,-0.3224727917437864,-4.638886048968632,2.6394033442660705,1485.9750067354166,-1.3978775798568246,-0.583508025655363,-1.2636542379342943,-0.2979555808739529,36.02122420143175,44.16491974344637,37.36345762065706,47.02044419126048,7,9,0,0.4375,-114,-7.125,-0.3508232077228117,-0.9128310302114826
2006,TB,-8.380903559418693,-0.8711690210952393,-5.770314112752948,2.640308559217025,1437.894791757613,-1.543521501213691,-1.5763628080451637,-1.5718605298385162,-1.3194012323618722,34.56478498786309,34.23637191954836,34.28139470161484,36.80598767638128,4,12,0,0.25,-142,-8.875,-1.403292830891247,-0.1685676989472693
2006,TEN,-0.4182977238177723,0.0858546022650933,-1.330298017529558,2.63883571846821,1513.8377230939525,-0.0770384154935033,0.1553521746446577,-0.3623793966529,0.2939770982167388,49.22961584506497,51.55352174644658,46.376206033471,52.93977098216739,8,8,0,0.5,-76,-4.75,0.0,-0.3623793966529
2006,WSH,-4.02171358001079,-0.5209180798211385,-2.8518177022525406,2.639245884095107,1448.3020146623062,-0.7406840251124792,-0.942590779956778,-0.7768484690562032,-1.0983037895785572,42.59315974887521,40.57409220043222,42.23151530943797,39.01696210421443,5,11,0,0.3125,-69,-4.3125,-1.0524696231684352,0.275621154112232
2007,ARI,-3.981168792160669,-0.1803297866907474,-2.364581186867946,2.898042419899354,1498.7141568386987,-0.5865222520201815,-0.2740310459148658,-0.4286309101965506,-0.0241022769420186,44.13477747979819,47.25968954085134,45.71369089803449,49.758977230579816,8,8,0,0.5,5,0.3125,0.0,-0.4286309101965506
2007,ATL,-10.207724561812803,-0.8430393310406629,-8.147988495859547,2.897253789012309,1436.168609619101,-1.5038442001718948,-1.281091459552506,-1.4769971716967507,-1.1964770625661578,34.96155799828105,37.18908540447494,35.230028283032496,38.03522937433842,4,12,0,0.25,-155,-9.6875,-1.223550580642996,-0.25344659105375467
2007,BAL,-6.927810928511406,-0.6582760321276333,-5.464642735419715,2.897656574471992,1447.5847648318238,-1.020633758448429,-1.0003232017014234,-0.990583365286976,-0.9824888073642902,39.79366241551571,39.996767982985766,40.09416634713024,40.1751119263571,5,11,0,0.3125,-109,-6.8125,-0.9176629354822471,-0.0729204298047289
2007,BUF,-3.255602605864633,-0.2043208207333822,-3.0754066680076653,2.897132129674693,1483.3444866089144,-0.4796288406144609,-0.3104880742956336,-0.5574832307106081,-0.3121965481055962,45.20371159385539,46.89511925704367,44.42516769289392,46.878034518944034,7,9,0,0.4375,-102,-6.375,-0.305887645160749,-0.2515955855498591
2007,CAR,-5.757305584378842,-0.2897347829460202,-4.412039013820221,2.8970602215694705,1487.9546734741232,-0.8481900701039076,-0.4402840321924937,-0.7997764292548553,-0.2257816540315247,41.51809929896093,45.597159678075066,42.00223570745145,47.74218345968475,7,9,0,0.4375,-80,-5.0,-0.305887645160749,-0.49388878409410625
2007,CHI,1.6967073351904751,-0.0340196613709576,0.7864767304954218,2.897948954959451,1488.735760737934,0.249965941965246,-0.0516966362475678,0.1425657273739812,-0.2111406914982711,52.49965941965246,49.48303363752432,51.425657273739816,47.88859308501729,7,9,0,0.4375,-14,-0.875,-0.305887645160749,0.4484533725347302
2007,CIN,-2.6909407195364934,-0.283437351177762,-1.6840450144974013,2.897408764941116,1485.223569043495,-0.3964405161577624,-0.430714388454198,-0.3052691746787108,-0.2769743945815923,46.03559483842238,45.69285611545802,46.947308253212896,47.23025605418408,7,9,0,0.4375,-5,-0.3125,-0.305887645160749,0.0006184704820382247
2007,CLE,-1.292558494002172,0.1818830759062825,-0.4822096278539809,2.897525435497004,1531.10045948317,-0.1904250631781228,0.2763914405903795,-0.0874108078168238,0.5829574788334255,48.09574936821877,52.7639144059038,49.12589192183176,55.829574788334256,10,6,0,0.625,20,1.25,0.611775290321498,-0.6991860981383218
2007,DAL,8.833272859274398,0.9102947056806538,6.914271771726778,2.846239952095688,1564.8549491163549,1.301354290813322,1.3832934362431295,1.253359630585219,1.2156629919631887,63.01354290813322,63.832934362431295,62.53359630585219,62.15662991963189,13,3,0,0.8125,130,8.125,1.529438225803745,-0.27607859521852607
2007,DEN,-2.9119967997457707,-0.2607042474356048,-2.916816273194531,2.8977142687584427,1484.3281817696145,-0.4290074121513214,-0.3961689242262734,-0.5287353299598523,-0.2937578349691328,45.70992587848679,46.038310757737264,44.71264670040148,47.06242165030867,7,9,0,0.4375,-89,-5.5625,-0.305887645160749,-0.22284768479910327
2007,DET,-2.3748509898139525,-0.0941988589302612,-2.647752157630606,2.8972268584897014,1481.007386053899,-0.3498728698719845,-0.1431455796091774,-0.4799617046786004,-0.3560039474165067,46.50127130128016,48.56854420390823,45.200382953214,46.43996052583493,7,9,0,0.4375,-98,-6.125,-0.305887645160749,-0.17407405951785138
2007,GB,9.133623170210171,0.9165385142490152,7.370115812291432,2.779934724002148,1572.112577442734,1.3456031408273914,1.392781593601262,1.335991111838653,1.3517024197325933,63.45603140827392,63.92781593601262,63.35991111838653,63.51702419732593,13,3,0,0.8125,144,9.0,1.529438225803745,-0.19344711396509218
2007,HOU,-0.0663578158586547,0.0629551089274378,-0.0907664933792126,2.89662074009598,1505.5970600155108,-0.0097761078789711,0.0956672475560315,-0.0164533681011026,0.1049131765171265,49.90223892121029,50.95667247556032,49.83546631898897,51.04913176517127,8,8,0,0.5,-5,-0.3125,0.0,-0.0164533681011026
2007,IND,11.062259704351357,0.9701104639900928,9.239984556964952,2.8420385952391185,1568.3930163401874,1.629737851608887,1.4741900934872063,1.6749448117279406,1.2819817146773893,66.29737851608887,64.74190093487206,66.7494481172794,62.81981714677389,13,3,0,0.8125,188,11.75,1.529438225803745,0.14550658592419552
2007,JAX,6.312573240030972,0.5999866703834952,5.220573085583436,2.777095794512132,1555.963432622964,0.9299943976441896,0.9117460727779092,0.9463405214625912,1.0489974145366592,59.299943976441895,59.11746072777909,59.46340521462591,60.48997414536659,11,5,0,0.6875,107,6.6875,0.9176629354822471,0.02867758598034409
2007,KC,-4.851452225048682,-0.7455359585936076,-4.504610526505645,2.897465483118853,1425.1029479639983,-0.7147360067241877,-1.1329243063482806,-0.8165569957082248,-1.403895548571912,42.85263993275812,38.67075693651719,41.83443004291775,35.96104451428088,4,12,0,0.25,-109,-6.8125,-1.223550580642996,0.4069935849347712
2007,LAC,8.458453429191133,0.703088212280804,6.726043583348935,2.738037488383976,1567.4153361935496,1.2461343421725497,1.0684202633264004,1.2192392459026744,1.263655748988751,62.461343421725495,60.68420263326401,62.19239245902674,62.63655748988751,11,5,0,0.6875,128,8.0,0.9176629354822471,0.3015763104204273
2007,LAR,-12.970262298046766,-1.016656473620808,-10.118131796729958,2.897947786082171,1421.413939695126,-1.910832684944808,-1.5449219006741262,-1.8341277794168749,-1.4730435610307395,30.89167315055192,34.55078099325874,31.65872220583125,35.269564389692604,3,13,0,0.1875,-175,-10.9375,-1.529438225803745,-0.30468955361312977
2007,MIA,-8.528567773954208,-1.3564858241426685,-7.493958913179056,2.8963652233994006,1389.8606287057094,-1.256463877426199,-2.0613301661359804,-1.3584403224429786,-2.0644894408959984,37.435361225738006,29.386698338640198,36.415596775570215,29.35510559104001,1,15,0,0.0625,-170,-10.625,-2.141213516125243,0.7827731936822644
2007,MIN,4.377170023971792,0.1852906260450255,3.229392327940785,2.896887007237394,1501.4804032181444,0.644862791296482,0.2815695897229377,0.5853964247852749,0.0277491761230522,56.44862791296482,52.815695897229375,55.85396424785275,50.27749176123052,8,8,0,0.5,54,3.375,0.0,0.5853964247852749
2007,NE,16.55755275946122,1.6413116623181077,13.855022199059412,2.7265916883667005,1632.112098107339,2.4393271522535978,2.494154514077155,2.511519083784333,2.4763536267920947,74.39327152253597,74.94154514077155,75.11519083784333,74.76353626792095,16,0,0,1.0,315,19.6875,2.447101161285992,0.064417922498341
2007,NO,-2.4410077614301504,-0.1733861424601901,-1.5288027282210088,2.896833748430888,1480.75475924158,-0.3596193590816667,-0.2634794109028228,-0.2771281902045077,-0.3607392694034669,46.40380640918333,47.36520589097177,47.228718097954925,46.39260730596533,7,9,0,0.4375,-9,-0.5625,-0.305887645160749,0.028759454956241326
2007,NYG,5.482184411701571,0.7238277952168283,4.057422325343652,2.6907647256152383,1579.454612249074,0.8076580810822803,1.0999363523103198,0.735494570464491,1.4893239909678166,58.0765808108228,60.9993635231032,57.35494570464491,64.89323990967817,10,6,0,0.625,22,1.375,0.611775290321498,0.12371928014299294
2007,NYJ,-3.845391469486623,-0.7390980831154955,-3.519764585300381,2.896116052377203,1437.6605149219524,-0.5665189752877645,-1.1231412428671368,-0.6380326064732164,-1.1685122874965452,44.33481024712236,38.76858757132863,43.61967393526783,38.31487712503455,4,12,0,0.25,-87,-5.4375,-1.223550580642996,0.5855179741697797
2007,OAK,-4.978385229433897,-0.7302738923571505,-4.588428841712633,2.8974396362214763,1437.123204134211,-0.7334363019074268,-1.1097319095160778,-0.8317508579185137,-1.1785838217239184,42.66563698092573,38.90268090483922,41.68249142081486,38.21416178276081,4,12,0,0.25,-115,-7.1875,-1.223550580642996,0.3917997227244824
2007,PHI,4.963549507369884,0.2541744262972868,3.464653001179314,2.897170180211146,1509.403301435615,0.7312506419744798,0.3862461391500679,0.6280424532082844,0.1762586466152796,57.3125064197448,53.86246139150068,56.28042453208285,51.7625864661528,8,8,0,0.5,36,2.25,0.0,0.6280424532082844
2007,PIT,4.629468072294907,0.3191820618858305,4.445898039879984,2.838062412192683,1513.1089999139983,0.682032383244996,0.4850324278696957,0.8059141018536927,0.2457195059779591,56.82032383244996,54.85032427869696,58.05914101853693,52.45719505977959,10,6,0,0.625,124,7.75,0.611775290321498,0.1941388115321947
2007,SEA,2.175384637184635,0.2789679518435915,2.6471675442695326,2.772180274138289,1525.8437426679614,0.3204866618376098,0.4239226420842303,0.4798557310040823,0.4844238097989337,53.2048666183761,54.2392264208423,54.79855731004082,54.84423809798934,10,6,0,0.625,102,6.375,0.611775290321498,-0.13191955931741572
2007,SF,-11.809570164369628,-0.8159940727810232,-9.07759405660083,2.897436667045632,1450.0895500346123,-1.7398347193506505,-1.2399931998366196,-1.6455080605751726,-0.935538270584374,32.6016528064935,37.6000680016338,33.544919394248275,40.64461729415626,5,11,0,0.3125,-145,-9.0625,-0.9176629354822471,-0.7278451250929255
2007,TB,0.4274958178351289,0.0796606836135842,0.8653294224911731,2.8316777330698546,1498.9116308241591,0.0629804519465732,0.1210532150540371,0.1568594641800141,-0.0204007581023535,50.62980451946573,51.21053215054037,51.56859464180014,49.79599241897647,9,7,0,0.5625,64,4.0,0.305887645160749,-0.14902818098073492
2007,TEN,0.635829120138669,0.23172628658071,0.4123096171718691,2.8408754069432454,1523.9215857650677,0.0936729756794234,0.3521337092611226,0.0747399359652606,0.4483942539449586,50.93672975679424,53.521337092611226,50.74739935965261,54.48394253944959,10,6,0,0.625,4,0.25,0.611775290321498,-0.5370353543562374
2007,WSH,4.14543012524889,0.366493074305229,2.8828790970336176,2.8324009765199496,1515.2596609293778,0.610721910972712,0.5569267413632978,0.5225834909838264,0.2860322198151745,56.10721910972712,55.56926741363298,55.22583490983826,52.86032219815174,9,7,0,0.5625,24,1.5,0.305887645160749,0.21669584582307738
2008,ARI,1.9514587439516151,0.3478411253824999,1.6579443289912164,2.608369715994089,1534.6797190851876,0.3250980045872878,0.5603619424198724,0.3732369784603971,0.6527555716612562,53.25098004587288,55.603619424198726,53.73236978460397,56.52755571661256,9,7,0,0.5625,1,0.0625,0.30656066609573895,0.06667631236465815
2008,ATL,3.107011664995709,0.4108120677166103,2.511168161414758,2.755486203659347,1541.965830962561,0.5176042258900944,0.6618063001666724,0.565315011236038,0.7898976895665373,55.17604225890094,56.61806300166673,55.65315011236038,57.89897689566537,11,5,0,0.6875,66,4.125,0.9196819982872169,-0.35436698705117886
2008,BAL,9.887136139357189,0.8795086200091258,7.121387105546596,2.668952471529684,1567.3246589981457,1.6471207705263058,1.416862822477892,1.6031690324236003,1.2672117142380253,66.47120770526305,64.16862822477893,66.03169032423601,62.67211714238025,11,5,0,0.6875,141,8.8125,0.9196819982872169,0.6834870341363835
2008,BUF,-2.996660659229077,-0.2612668262537409,-1.479827100586994,2.8145876967997308,1475.6054086340998,-0.4992205978015558,-0.4208932629470708,-0.3331391687940239,-0.4591647756250787,45.00779402198444,45.79106737052929,46.66860831205976,45.40835224374921,7,9,0,0.4375,-6,-0.375,-0.30656066609573895,-0.026578502698284934
2008,CAR,3.5715744908517064,0.4989408439741994,2.7210288644213687,2.759223912446324,1554.3390246364286,0.594996816514578,0.8037791971105986,0.612558922456761,1.0227908998610384,55.949968165145776,58.03779197110599,56.12558922456761,60.22790899861039,12,4,0,0.75,85,5.3125,1.2262426643829558,-0.6136837419261948
2008,CHI,2.088402986752356,0.1576549491557879,1.403201088281727,2.8151547182949663,1514.1725291469768,0.3479118612533459,0.2539775405909728,0.315889095432581,0.2667610237123295,53.47911861253346,52.53977540590973,53.15889095432581,52.6676102371233,9,7,0,0.5625,25,1.5625,0.30656066609573895,0.009328429336842026
2008,CIN,-6.554036230479175,-0.6165827743536584,-5.634666583545229,2.8131823840078205,1451.694923226724,-1.0918519836125202,-0.9932969274967528,-1.2684780143093282,-0.9092175148774002,39.0814801638748,40.06703072503248,37.31521985690672,40.907824851226,4,11,1,0.28125,-160,-10.0,-1.0729623313350862,-0.19551568297424193
2008,CLE,-4.436613055215944,-0.608519043522083,-4.01382098221033,2.813167213034214,1434.2567185019757,-0.739105582348081,-0.9803064915126126,-0.9035927137509232,-1.237446393141614,42.60894417651919,40.19693508487387,40.96407286249077,37.62553606858386,4,12,0,0.25,-118,-7.375,-1.2262426643829558,0.3226499506320326
2008,DAL,1.710598625746054,0.223985433456939,0.9299595629670492,2.814316283733984,1515.6110255182348,0.2849725630139108,0.3608340227960924,0.2093528059433483,0.2938369789369558,52.84972563013911,53.60834022796092,52.09352805943348,52.93836978936956,9,7,0,0.5625,-3,-0.1875,0.30656066609573895,-0.09720786015239066
2008,DEN,-5.723047891484821,-0.2681508443901417,-3.826096413005669,2.814233583296765,1493.043218328116,-0.9534157232100472,-0.4319832160695639,-0.8613320963299755,-0.1309433327876299,40.46584276789953,45.68016783930436,41.38667903670024,48.6905666721237,8,8,0,0.5,-78,-4.875,0.0,-0.8613320963299755
2008,DET,-12.62496225487307,-1.6005626152386638,-9.870128761443224,2.814873136026808,1373.0079758896177,-2.1032215258304343,-2.57845985017875,-2.221966667709291,-2.3902947740426974,28.967784741695656,24.2154014982125,27.78033332290709,26.097052259573022,0,16,0,0.0,-249,-15.5625,-2.4524853287659116,0.23051866105662056
2008,GB,2.211768665152801,-0.2111478811879084,1.4913322876329624,2.814873175018884,1461.8406974583152,0.3684636336168902,-0.3401530992351415,0.335729220326256,-0.7182496860371437,53.6846363361689,46.59846900764859,53.35729220326256,42.81750313962856,6,10,0,0.375,39,2.4375,-0.6131213321914779,0.948850552517734
2008,HOU,-0.7864108617026796,-0.0568338561459636,-0.9910515434688036,2.814829673840349,1504.866682159632,-0.1310099958391173,-0.0915576902821452,-0.2231058529015111,0.0916026420917907,48.68990004160882,49.08442309717855,47.768941470984885,50.91602642091791,8,8,0,0.5,-28,-1.75,0.0,-0.2231058529015111
2008,IND,5.603965857871715,0.638502684668758,3.78911303638811,2.7598842175786973,1559.2611260376102,0.9335775730929587,1.0286092658763266,0.8530063862921727,1.1154366651283614,59.33577573092958,60.28609265876327,58.53006386292173,61.15436665128361,12,4,0,0.75,79,4.9375,1.2262426643829558,-0.3732362780907831
2008,JAX,-2.7859663029506065,-0.5533457927086658,-2.505680477373033,2.814579439966169,1448.4560292346907,-0.4641205399518922,-0.8914239881529892,-0.5640796219804016,-0.9701812756889162,45.35879460048108,41.085760118470105,44.35920378019598,40.29818724311084,5,11,0,0.3125,-65,-4.0625,-0.9196819982872169,0.35560237630681524
2008,KC,-9.357218959812156,-1.092553808370252,-6.700236562669604,2.8141547785115417,1400.891837006354,-1.5588406476692045,-1.7600724284207507,-1.5083594822163229,-1.8654535647275816,34.41159352330796,32.39927571579249,34.91640517783677,31.345464352724186,2,14,0,0.125,-149,-9.3125,-1.8393639965744337,0.33100451435811085
2008,LAC,4.300308523967177,0.2191232646070122,3.5019120401586057,2.707296340083283,1506.8093507070232,0.7163982967021397,0.3530012101057518,0.7883516025523962,0.1281683280792029,57.1639829670214,53.53001210105752,57.88351602552396,51.28168328079203,8,8,0,0.5,92,5.75,0.0,0.7883516025523962
2008,LAR,-12.956474841605576,-1.148335905867718,-9.52266692092674,2.8139830706475686,1398.8552544231927,-2.158448970825797,-1.849935766091252,-2.1437459426723,-1.903786938335405,28.415510291742024,31.50064233908748,28.562540573277,30.96213061664595,2,14,0,0.125,-233,-14.5625,-1.8393639965744337,-0.30438194609786606
2008,MIA,-0.967068529867408,0.3424881767818849,-0.2264568058922294,2.7596444344092834,1539.556858645641,-0.161106172668773,0.5517384978164895,-0.0509800314190501,0.7445550471424519,48.38893827331227,55.5173849781649,49.4901996858095,57.44555047142452,11,5,0,0.6875,28,1.75,0.9196819982872169,-0.9706620297062669
2008,MIN,3.201950286794051,0.2747217141609172,2.055363442986509,2.756107493044723,1527.3517603585276,0.5334202694526701,0.4425686962772042,0.4627041015092537,0.5148257955872022,55.3342026945267,54.42568696277204,54.62704101509254,55.148257955872026,10,6,0,0.625,46,2.875,0.6131213321914779,-0.15041723068222423
2008,NE,3.0874688285133005,0.5473983030702196,2.958373245381248,2.8150135920839285,1549.843468013114,0.5143485397711343,0.8818427552189682,0.6659899683941835,0.9381737313546008,55.14348539771135,58.81842755218968,56.65989968394183,59.38173731354601,11,5,0,0.6875,101,6.3125,0.9196819982872169,-0.2536920298930334
2008,NO,3.124510474539328,0.0854411831538297,2.5273311889616874,2.814319960828062,1500.8759851618397,0.520519392855789,0.1376432625730599,0.5689536373701608,0.0164881437960576,55.20519392855789,51.3764326257306,55.68953637370161,50.164881437960574,8,8,0,0.5,70,4.375,0.0,0.5689536373701608
2008,NYG,7.552818427498591,0.7260867613623605,5.3723880345337145,2.768111111986733,1552.7079753083844,1.258241409099842,1.1697046676552545,1.2094337801717454,0.9920906357118427,62.58241409099842,61.69704667655255,62.09433780171746,59.920906357118426,12,4,0,0.75,133,8.3125,1.2262426643829558,-0.016808884211210406
2008,NYJ,-0.4761067456404048,0.0958507316539365,0.3690281656084489,2.814446491695582,1510.5374736642527,-0.0793157187965027,0.154412742636176,0.0830757433105646,0.1983405525482652,49.20684281203497,51.54412742636176,50.830757433105646,51.98340552548265,9,7,0,0.5625,49,3.0625,0.30656066609573895,-0.22348492278517434
2008,OAK,-7.760642078383666,-0.5751046997677266,-5.546041033460591,2.8143082231650416,1454.8432755837384,-1.2928632295293994,-0.9264769549669076,-1.2485266010142222,-0.8499579650077549,37.071367704706006,40.73523045033093,37.514733989857774,41.50042034992245,5,11,0,0.3125,-125,-7.8125,-0.9196819982872169,-0.32884460272700533
2008,PHI,8.204157670766717,0.6269433280438691,6.024159325072588,2.667332397977741,1544.119465218706,1.366749513077013,1.0099874783452405,1.356160749753395,0.8304342566755699,63.667495130770135,60.09987478345241,63.56160749753395,58.3043425667557,9,6,1,0.59375,127,7.9375,0.45984099914360843,0.8963197506097865
2008,PIT,9.902735888836204,1.0361036740538887,7.010049751197616,2.6616193707247304,1592.1030274621355,1.649719568704032,1.669132902852589,1.5781047302028666,1.7336000962146627,66.49719568704032,66.69132902852589,65.78104730202867,67.33600096214663,12,4,0,0.75,124,7.75,1.2262426643829558,0.35186206581991075
2008,SEA,-6.242333585377351,-0.6964396619896311,-4.360895787622815,2.813560926743468,1438.168229719586,-1.0399247223976682,-1.1219440523072295,-0.9817263093166476,-1.1638223613367786,39.60075277602332,38.780559476927706,40.182736906833526,38.361776386632215,4,12,0,0.25,-98,-6.125,-1.2262426643829558,0.2445163550663082
2008,SF,-4.4395785322767845,-0.3831921718029781,-2.8414301471427112,2.8135605549986256,1487.9660617298289,-0.7395996079984395,-0.6173114506672686,-0.6396636992456248,-0.2265076091183491,42.60400392001561,43.82688549332731,43.60336300754375,47.73492390881651,7,9,0,0.4375,-42,-2.625,-0.30656066609573895,-0.3331030331498859
2008,TB,1.838188598703419,0.1516899809905236,1.5189745920846465,2.8141384158568807,1507.9243722423676,0.3062280703323959,0.2443681502582897,0.3419520650930079,0.1491557102990658,53.06228070332396,52.4436815025829,53.41952065093008,51.49155710299066,9,7,0,0.5625,38,2.375,0.30656066609573895,0.03539139899726895
2008,TEN,7.916377642420826,0.8246418680126013,5.687399088766379,2.762032240173795,1563.4930781948383,1.3188075756595332,1.3284740798033932,1.2803491734135453,1.1950921647259458,63.18807575659533,63.28474079803393,62.80349173413545,61.950921647259456,13,3,0,0.8125,141,8.8125,1.5328033304786948,-0.2524541570651495
2008,WSH,-1.1533129878200628,-0.0156988286558324,-1.1311141910472686,2.8143207278516367,1493.8269587421546,-0.1921330656704886,-0.0252903566524097,-0.2546368026826522,-0.1161914566048048,48.07866934329511,49.7470964334759,47.45363197317348,48.83808543395195,8,8,0,0.5,-31,-1.9375,0.0,-0.2546368026826522
2009,ARI,0.2248431436885554,0.2764450832808092,0.6160517437376569,2.844837525195876,1530.3174223689389,0.0343603343900011,0.4417371637942162,0.1222438795425029,0.5959195097314666,50.343603343900014,54.41737163794216,51.22243879542503,55.95919509731466,10,6,0,0.625,50,3.125,0.6304883249912805,-0.5082444454487776
2009,ATL,4.091857372752845,0.2703204127355408,2.546498063636783,2.958176650624673,1516.773061238604,0.6253140980750992,0.4319504294318885,0.5053046366816158,0.3296914331425926,56.25314098075099,54.31950429431889,55.05304636681616,53.29691433142592,9,7,0,0.5625,38,2.375,0.31524416249564025,0.1900604741859756
2009,BAL,6.70776487018989,0.4075180982641961,5.355185199225184,2.8439894864710724,1522.7068584597998,1.0250748151274771,0.6511813731162691,1.062635762460653,0.4463262013583685,60.25074815127477,56.51181373116269,60.62635762460653,54.46326201358369,9,7,0,0.5625,130,8.125,0.31524416249564025,0.7473915999650128
2009,BUF,-2.4711071371853093,-0.251040496363773,-2.434230388019621,2.9584895607481694,1469.7567460159703,-0.3776324514694432,-0.4011426629302023,-0.4830272284051692,-0.5944616553322769,46.22367548530557,45.98857337069798,45.16972771594831,44.05538344667723,6,10,0,0.375,-68,-4.25,-0.6304883249912805,0.14746109658611128
2009,CAR,3.1547967797271186,0.1691038332197304,1.6955552850356068,2.959339600279878,1509.8695519152184,0.48211331021983,0.2702144193945934,0.3364510499783813,0.1939959956692072,54.8211331021983,52.702144193945934,53.36451049978381,51.93995995669207,8,8,0,0.5,7,0.4375,0.0,0.3364510499783813
2009,CHI,-3.0526301283252786,-0.2517932961583558,-2.0626605379509093,2.9590788696229144,1483.2445611730857,-0.4665002910808675,-0.4023455768768615,-0.4092961815326382,-0.3293450468698217,45.334997089191326,45.97654423123139,45.90703818467362,46.70654953130178,7,9,0,0.4375,-48,-3.0,-0.31524416249564025,-0.09405201903699795
2009,CIN,0.5058591036504118,0.2257851833472084,0.4643174197240929,2.8991468279366632,1515.6616717898405,0.077304949888668,0.3607866898368408,0.0921350573279258,0.307845952766055,50.77304949888668,53.60786689836841,50.921350573279256,53.07845952766055,10,6,0,0.625,14,0.875,0.6304883249912805,-0.5383532676633547
2009,CLE,-8.061412527915614,-0.5999208673798432,-6.086230607817462,2.9583376427969537,1458.8730048427626,-1.2319380772339883,-0.958625631218578,-1.2076979715631906,-0.808392563608537,37.68061922766012,40.41374368781422,37.92302028436809,41.91607436391463,5,11,0,0.3125,-130,-8.125,-0.9457324874869207,-0.26196548407626985
2009,DAL,6.473777182496114,0.6314826603981714,4.923980445563954,2.851133980214526,1553.216172904018,0.9893170194464228,1.0090588556648752,0.977071290806198,1.0460175433396308,59.89317019446423,60.090588556648754,59.77071290806198,60.46017543339631,11,5,0,0.6875,111,6.9375,0.9457324874869207,0.0313388033192773
2009,DEN,-0.0654874945271312,0.0311759165182584,-0.039998652078854,2.9611146051776083,1489.6506527895476,-0.0100077421681687,0.049816624618611,-0.0079369800610001,-0.2034268560381363,49.89992257831831,50.49816624618611,49.92063019939,47.96573143961864,8,8,0,0.5,2,0.125,0.0,-0.0079369800610001
2009,DET,-12.827495562135008,-1.3052923378103374,-9.757966462079356,2.959849408735704,1399.3030803891725,-1.9602867566721724,-2.085752903917491,-1.9362848801190755,-1.9792995009837155,30.39713243327828,29.14247096082509,30.63715119880925,30.207004990162847,2,14,0,0.125,-232,-14.5,-1.8914649749738415,-0.04481990514523404
2009,GB,6.732617077599703,0.4686688851481206,5.827950968396495,2.9036424702114183,1540.701687762534,1.0288727079291968,0.7488954465275526,1.1564472358082676,0.8000327178718994,60.28872707929197,57.488954465275526,61.56447235808268,58.00032717871899,11,5,0,0.6875,164,10.25,0.9457324874869207,0.21071474832134685
2009,HOU,2.179139490836336,0.2108083167433748,1.922478526029152,2.9594525442830752,1522.037417801626,0.333014208746826,0.3368548531856478,0.381479698333644,0.4331676701363331,53.33014208746826,53.36854853185648,53.81479698333644,54.331676701363335,9,7,0,0.5625,55,3.4375,0.31524416249564025,0.06623553583800373
2009,IND,6.540763386743713,1.0077944387266886,5.158914893326886,2.791886257374544,1593.4963524412692,0.9995537931354288,1.6103750219297746,1.0236896124401458,1.8377650919810584,59.99553793135429,66.10375021929775,60.236896124401454,68.37765091981058,14,2,0,0.875,109,6.8125,1.8914649749738415,-0.8677753625336957
2009,JAX,-5.562395253351161,-0.3195396374430569,-4.12681296039037,2.959217465990827,1476.4978645598958,-0.8500404227546341,-0.5105988194427291,-0.818888399477093,-0.461958172389298,41.49959577245366,44.89401180557271,41.81111600522907,45.38041827610702,7,9,0,0.4375,-90,-5.625,-0.31524416249564025,-0.5036442369814528
2009,KC,-8.175696800331938,-0.7548089511316023,-6.243077664275126,2.9607514452958617,1436.876155874564,-1.249402900716363,-1.2061244183557076,-1.2388213193519308,-1.2407628124129342,37.50597099283637,37.93875581644292,37.61178680648069,37.592371875870654,4,12,0,0.25,-130,-8.125,-1.260976649982561,0.022155330630630132
2009,LAC,6.103888362871074,0.7294519906288053,4.951322599479837,2.897145321857242,1573.8744004656116,0.932790930543112,1.1656060206977916,0.9824968268974474,1.452075838488051,59.32790930543112,61.65606020697791,59.82496826897447,64.52075838488051,13,3,0,0.8125,134,8.375,1.5762208124782013,-0.5937239855807539
2009,LAR,-15.08879047361948,-1.4077240920290786,-11.325159733312246,2.961339830568266,1386.9272167015677,-2.30585588561408,-2.249430666075737,-2.2472649031705134,-2.2225595819850885,26.9414411438592,27.505693339242622,27.527350968294865,27.77440418014912,1,15,0,0.0625,-261,-16.3125,-2.2067091374694816,-0.04055576570103181
2009,MIA,0.9841353736631774,-0.0916015745355617,0.0731242563859296,2.95901596431706,1484.48490215142,0.1503947150415894,-0.1463720000160788,0.014510133085644,-0.3049648941406713,51.5039471504159,48.53627999983921,50.14510133085644,46.95035105859328,7,9,0,0.4375,-30,-1.875,-0.31524416249564025,0.3297542955812842
2009,MIN,8.597066569269417,0.6943367071935175,7.157859178503747,2.83592589715424,1557.5506105453478,1.3137962636849232,1.1094946023775842,1.420342502223045,1.1312152861671727,63.13796263684923,61.09494602377584,64.20342502223045,61.31215286167173,12,4,0,0.75,158,9.875,1.260976649982561,0.15936585224048394
2009,NE,7.409501727206439,0.4586395180702976,5.2005059641431055,2.900328948051899,1520.244546680903,1.1323136335558297,0.7328693189689434,1.0319425780434162,0.3979269802692603,61.323136335558296,57.32869318968943,60.31942578043416,53.979269802692606,10,6,0,0.625,142,8.875,0.6304883249912805,0.40145425305213567
2009,NO,11.38495852848742,1.1837766357090382,8.797032693104837,2.780508085934651,1596.5899523451296,1.7398394971606774,1.8915805172515816,1.7456056504976287,1.8985729177777055,67.39839497160678,68.91580517251582,67.45605650497629,68.98572917777706,13,3,0,0.8125,169,10.5625,1.5762208124782013,0.1693848380194274
2009,NYG,-0.122814030703921,0.0103946848812984,-0.4354495958570004,2.961613451373696,1494.9741532887556,-0.0187683337527777,0.0166098762311325,-0.0864067807353587,-0.0987880853359994,49.81231666247222,50.16609876231133,49.135932192646415,49.01211914664,8,8,0,0.5,-25,-1.5625,0.0,-0.0864067807353587
2009,NYJ,6.833725867193729,0.5635010192153587,4.986142229991052,2.791756760122561,1535.3421515308871,1.0443240655433357,0.9004296226549044,0.9894061275547312,0.694685628509077,60.44324065543336,59.00429622654904,59.89406127554732,56.94685628509077,9,7,0,0.5625,112,7.0,0.31524416249564025,0.674161965059091
2009,OAK,-9.395343036522698,-0.779568530309784,-7.366879602202051,2.961419812539185,1451.6575067196586,-1.435788181697265,-1.245688248368913,-1.461818673269125,-0.9502204555599908,35.64211818302735,37.54311751631087,35.38181326730875,40.49779544440009,5,11,0,0.3125,-182,-11.375,-0.9457324874869207,-0.5160861857822042
2009,PHI,4.910187392011017,0.5184721534548175,3.6487479713971873,2.9110162575964407,1542.0525461905715,0.7503705825282564,0.8284770915631251,0.724025395643347,0.8265852025243383,57.503705825282566,58.28477091563125,57.24025395643347,58.26585202524338,11,5,0,0.6875,92,5.75,0.9457324874869207,-0.22170709184357373
2009,PIT,1.85336750415398,0.2276631155724655,1.6810134543627004,2.9583067499332625,1515.7469465546676,0.2832300160262076,0.3637874755449382,0.3335654972384101,0.3095221142625644,52.83230016026208,53.63787475544938,53.3356549723841,53.09522114262565,9,7,0,0.5625,44,2.75,0.31524416249564025,0.018321334742769868
2009,SEA,-8.731765123329783,-0.7113345627961315,-6.258091879961462,2.960568312105152,1446.710168413283,-1.3343807799989928,-1.136655818035217,-1.2418006080114354,-1.0474653790278756,36.65619220001007,38.63344181964783,37.58199391988565,39.52534620972124,5,11,0,0.3125,-110,-6.875,-0.9457324874869207,-0.2960681205245147
2009,SF,0.7416305157458114,-0.031290547873913,1.1681406917538568,2.960298504092946,1499.234468792787,0.1133353327871661,-0.0499997963694983,0.2317955455252549,-0.0150472878642164,51.13335332787166,49.50000203630502,52.31795545525255,49.84952712135784,8,8,0,0.5,49,3.0625,0.0,0.2317955455252549
2009,TB,-5.992853921093277,-0.8087060080637407,-5.436587276718597,2.95830838225522,1428.1011603188615,-0.9158227433629113,-1.2922476106494698,-1.0787884734248998,-1.413244199049795,40.841772566370885,37.0775238935053,39.212115265751,35.86755800950205,3,13,0,0.1875,-156,-9.75,-1.5762208124782013,0.49743233905330153
2009,TEN,-1.5515971869471137,-0.015898214719424,-1.1792753342474331,2.9594975801686862,1511.3790025160838,-0.2371137376371841,-0.0254040773530998,-0.2340050058661605,0.223665769408058,47.62886262362816,49.745959226469004,47.6599499413384,52.23665769408058,8,8,0,0.5,-48,-3.0,0.0,-0.2340050058661605
2009,WSH,-4.330491572299048,-0.7568195364930956,-3.4224008888875104,2.9605744140841512,1436.1480044576165,-0.6617819696711995,-1.209337173180687,-0.679111075100668,-1.2550753628044915,43.382180303288,37.90662826819313,43.20888924899332,37.44924637195509,4,12,0,0.25,-70,-4.375,-1.260976649982561,0.5818655748818929
2010,ARI,-11.92268373122126,-0.8564904490629758,-7.747352966794164,2.8263686225776663,1441.7887427796586,-1.9613498786732584,-1.522545438164176,-1.8176309938977049,-1.2157285620165996,30.38650121326741,34.77454561835824,31.82369006102295,37.84271437983401,5,11,0,0.3125,-145,-9.0625,-1.0178267156159653,-0.7998042782817396
2010,ATL,4.435562497083346,0.7539601646536628,3.756158926009767,2.770528330906825,1569.3264598441092,0.729675479248073,1.3402818566241128,0.8812443309583707,1.4478669824456012,57.296754792480726,63.40281856624113,58.812443309583706,64.478669824456,13,3,0,0.8125,126,7.875,1.696377859359942,-0.8151335284015712
2010,BAL,7.044478464723986,0.7813867031251722,4.977901385034532,2.7222132971191444,1568.131310559129,1.1588571242497854,1.389036808976606,1.1678811951366554,1.4229065677250523,61.58857124249785,63.890368089766056,61.67881195136656,64.22906567725053,12,4,0,0.75,87,5.4375,1.3571022874879535,-0.18922109235129803
2010,BUF,-4.3514738580973535,-0.5964582556136452,-4.481847425164294,2.826001589633844,1443.4928669202388,-0.7158424156869646,-1.0602976333635037,-1.0515004059857855,-1.1801383258689182,42.84157584313036,39.397023666364966,39.48499594014214,38.198616741310815,4,12,0,0.25,-142,-8.875,-1.3571022874879535,0.30560188150216794
2010,CAR,-13.205896158569807,-1.1683945525693364,-9.561227146752875,2.8260460614388125,1407.4264941321287,-2.1724456852408194,-2.077003658285413,-2.2431897547615467,-1.9333761293555236,28.275543147591804,29.22996341714587,27.568102452384533,30.66623870644477,2,14,0,0.125,-212,-13.25,-2.0356534312319305,-0.20753632352961615
2010,CHI,4.093320822543552,0.5380781497801863,2.585083376486896,2.7244689687111228,1543.4450377794371,0.6733747602180294,0.9565178843732856,0.6064945907397629,0.9073395049075732,56.73374760218029,59.56517884373285,56.06494590739763,59.073395049075735,11,5,0,0.6875,48,3.0,1.0178267156159653,-0.4113321248762024
2010,CIN,-1.6626114988705711,-0.5805501031667886,-1.972570524821408,2.8253955725104856,1439.4241069117843,-0.2735091305870389,-1.032018409743345,-0.46279101248282,-1.2651134318960149,47.26490869412961,39.67981590256655,45.3720898751718,37.348865681039854,4,12,0,0.25,-73,-4.5625,-1.3571022874879535,0.8943112750051334
2010,CLE,-1.503897421543753,-0.3527391878475592,-1.7066473972362135,2.8256320185976924,1451.8006133013814,-0.2473997542648669,-0.6270489553112911,-0.4004019460797861,-1.0066329758072512,47.52600245735133,43.72951044688709,45.99598053920214,39.93367024192749,5,11,0,0.3125,-61,-3.8125,-1.0178267156159653,0.6174247695361792
2010,DAL,-1.5092821442811897,-0.3111524409165693,-1.282315192611383,2.8265642498912533,1474.6462858932346,-0.2482855720493397,-0.5531220225624928,-0.300848024870722,-0.5295064196281785,47.5171442795066,44.46877977437507,46.99151975129278,44.704935803718215,6,10,0,0.375,-42,-2.625,-0.6785511437439767,0.37770311887325475
2010,DEN,-7.732145239268855,-0.8107956745777842,-5.242967405676645,2.8268832668072696,1429.722198124632,-1.2719822540634114,-1.4413158453339427,-1.2300691729676945,-1.4677355394030682,37.28017745936589,35.58684154666057,37.69930827032306,35.32264460596932,4,12,0,0.25,-127,-7.9375,-1.3571022874879535,0.127033114520259
2010,DET,1.4439916952282696,-0.1800572744238301,0.3127712839323344,2.824596311560448,1477.494933496756,0.2375449185844548,-0.3200799052484476,0.0733802606016849,-0.4700130772732411,52.37544918584455,46.79920094751552,50.73380260601685,45.29986922726759,6,10,0,0.375,-7,-0.4375,-0.6785511437439767,0.7519314043456616
2010,GB,11.760428947636244,1.0076489634732684,8.449315637755268,2.630696363956052,1579.4190824824905,1.9346580358572592,1.7912532875124676,1.982320677298833,1.658649057821356,69.3465803585726,67.91253287512467,69.82320677298833,66.58649057821356,10,6,0,0.625,148,9.25,0.6785511437439767,1.3037695335548563
2010,HOU,-1.7252191161304355,-0.329224027976797,-1.3482215195578906,2.8270118144741256,1462.9786303130124,-0.2838084428295585,-0.5852470888361896,-0.316310516778006,-0.7731826915038471,47.16191557170441,44.14752911163811,46.83689483221994,42.26817308496153,6,10,0,0.375,-37,-2.3125,-0.6785511437439767,0.36224062696597076
2010,IND,2.889389484951825,0.2650852964699741,2.117890380672131,2.767211425235891,1523.417406841601,0.4753211477806732,0.4712304840133495,0.4968849636884956,0.4890670929496589,54.75321147780673,54.7123048401335,54.96884963688496,54.890670929496586,10,6,0,0.625,47,2.9375,0.6785511437439767,-0.18166618005548113
2010,JAX,-4.481252776466279,-0.187002647881154,-3.266673072343283,2.82656070073399,1493.5141378553335,-0.7371917923487546,-0.3324263904723798,-0.766404505986921,-0.1354557217124996,42.628082076512456,46.6757360952762,42.33595494013079,48.645442782875,8,8,0,0.5,-66,-4.125,0.0,-0.766404505986921
2010,KC,-1.3022495646400538,0.0525031791448722,-0.2444489569611471,2.766808906453361,1515.1903603158528,-0.2142275248751772,0.0933325946408352,-0.0573509432838455,0.3172471405900589,47.85772475124823,50.93332594640835,49.42649056716154,53.17247140590059,10,6,0,0.625,40,2.5,0.6785511437439767,-0.7359020870278222
2010,LAC,4.470254782059197,0.1487904594396996,4.134344268192852,2.8260997933958665,1518.3650349354334,0.73538255916919,0.2644982620764863,0.9699715907509796,0.3835494813129916,57.3538255916919,52.644982620764864,59.6997159075098,53.83549481312991,9,7,0,0.5625,119,7.4375,0.33927557187198837,0.6306960188789912
2010,LAR,-5.984373018333555,-0.3407947508805362,-3.202200637381545,2.82634874472903,1480.487985812403,-0.9844636960978712,-0.6058158545388582,-0.7512784240153388,-0.4075038761067278,40.15536303902129,43.94184145461142,42.48721575984661,45.92496123893272,7,9,0,0.4375,-39,-2.4375,-0.33927557187198837,-0.4120028521433505
2010,MIA,0.3827911027858528,-0.0359945913423687,-0.9181063570607962,2.8257788293483554,1480.550302770851,0.0629713326237271,-0.063986003471333,-0.2153998375239576,-0.406202400929916,50.62971332623727,49.36013996528667,47.846001624760426,45.93797599070084,7,9,0,0.4375,-60,-3.75,-0.33927557187198837,0.12387573434803076
2010,MIN,-1.4535878843562071,-0.2665713877309598,-1.868626519651997,2.8248235343347803,1472.3657123527162,-0.23912354675292,-0.4738722431509847,-0.4384043805279365,-0.5771356673610153,47.6087645324708,45.26127756849015,45.61595619472064,44.22864332638984,6,10,0,0.375,-67,-4.1875,-0.6785511437439767,0.24014676321604023
2010,NE,13.359240378603634,1.1302453045171688,9.0299102094407,2.779102242985228,1589.573050821405,2.197671689229418,2.009187416254031,2.1185358068930755,1.870712323878374,71.97671689229418,70.09187416254031,71.18535806893075,68.70712323878374,14,2,0,0.875,205,12.8125,2.0356534312319305,0.08288237566114498
2010,NO,1.3190286254545658,0.3330967600768547,1.7664004176125716,2.773377053062905,1538.0323552492378,0.2169877766468999,0.5921314745273851,0.4144207912622092,0.7942968897277687,52.169877766469,55.921314745273854,54.14420791262209,57.94296889727769,11,5,0,0.6875,77,4.8125,1.0178267156159653,-0.6034059243537561
2010,NYG,1.862054924591596,0.2547715949125905,1.3882409856215612,2.827020332749886,1530.8180558588156,0.3063187183995339,0.4528962699261279,0.3256996103417487,0.6436279256358821,53.06318718399534,54.52896269926128,53.256996103417485,56.43627925635882,10,6,0,0.625,47,2.9375,0.6785511437439767,-0.352851533402228
2010,NYJ,7.708756141680325,0.7837164081726944,4.826674435139279,2.6781970306647174,1561.991653849679,1.268134613318114,1.3931782232752168,1.132401361905826,1.2946812659693865,62.68134613318114,63.93178223275217,61.32401361905826,62.94681265969386,11,5,0,0.6875,63,3.9375,1.0178267156159653,0.1145746462898607
2010,OAK,-0.5729460811018997,-0.0525901938472782,0.2854781373898146,2.8259383332503174,1503.219808858127,-0.0942529175468133,-0.0934872768539835,0.0669769291297223,0.0672449587928008,49.05747082453187,49.06512723146017,50.66976929129722,50.67244958792801,8,8,0,0.5,39,2.4375,0.0,0.0669769291297223
2010,PHI,4.116142261279011,0.3395190365064787,2.83241453110328,2.7741783066894565,1519.56722424307,0.6771290178251259,0.603548073149414,0.6645217355354222,0.4086569252685937,56.77129017825126,56.03548073149414,56.64521735535422,54.08656925268594,10,6,0,0.625,62,3.875,0.6785511437439767,-0.014029408208554583
2010,PIT,9.536222240047527,0.8681669343389647,6.708738255598008,2.675610074727888,1569.5955838396087,1.5687632713547268,1.543302212988925,1.5739583100946564,1.4534875744698266,65.68763271354727,65.43302212988925,65.73958310094656,64.53487574469827,12,4,0,0.75,143,8.9375,1.3571022874879535,0.2168560226067029
2010,SEA,-8.01388559691061,-0.3854936810204025,-5.11619089435732,2.72134728243194,1484.4939502137108,-1.318330159345087,-0.6852751786325805,-1.2003257344978215,-0.3238402417231382,36.816698406549136,43.1472482136742,37.99674265502178,46.761597582768616,7,9,0,0.4375,-97,-6.0625,-0.33927557187198837,-0.8610501626258331
2010,SF,-5.726058878547446,-0.4237791592538583,-3.1805571692514483,2.82663349261048,1471.3317016973715,-0.9419695380584064,-0.7533335910714516,-0.7462005814725614,-0.5987307392965643,40.58030461941594,42.46666408928549,42.53799418527439,44.01269260703436,6,10,0,0.375,-41,-2.5625,-0.6785511437439767,-0.06764943772858467
2010,TB,-0.7630435443361389,0.2240972984962638,0.0526465008781678,2.8258650303106543,1532.9760426204195,-0.1255250409089565,0.3983679209776157,0.0123515621563347,0.688696977015499,48.74474959091044,53.98367920977616,50.12351562156335,56.88696977015499,10,6,0,0.625,23,1.4375,0.6785511437439767,-0.666199581587642
2010,TEN,1.0062130358934105,-0.2196324458998558,0.7831250529610623,2.82642892630576,1460.7428234651843,0.165527817424277,-0.3904309486971032,0.1837314466580737,-0.8198769972764967,51.65527817424277,46.09569051302897,51.837314466580736,41.80123002723504,6,10,0,0.375,17,1.0625,-0.6785511437439767,0.8622825904020505
2010,WSH,-3.517268891886912,-0.3833454290961521,-2.867140598205858,2.826629284163212,1464.670045861187,-0.5786109126000432,-0.6814563255783833,-0.672668928019403,-0.7378578713514287,44.21389087399957,43.18543674421617,43.27331071980597,42.62142128648571,6,10,0,0.375,-75,-4.6875,-0.6785511437439767,0.005882215724573703
2011,ARI,-2.2710479300806834,-0.1138952127211925,-1.6754559189912563,2.685097946081241,1507.4227288102156,-0.4081515231946723,-0.1919796312511177,-0.4163191045661332,0.1438999386548686,45.91848476805328,48.08020368748882,45.836808954338665,51.43899938654869,8,8,0,0.5,-36,-2.25,0.0,-0.4163191045661332
2011,ATL,2.187079097958226,0.2508643354085454,1.5726831507445531,2.631274662747057,1524.1204382724247,0.3930606894532455,0.4228522117403094,0.3907820156070798,0.4676082983058133,53.93060689453245,54.228522117403095,53.9078201560708,54.67608298305814,10,6,0,0.625,52,3.25,0.6209204205650662,-0.23013840495798643
2011,BAL,6.284121221049159,0.7211641287657788,4.669360318229783,2.586209448495781,1562.993907259214,1.1293789154947758,1.2155807097081497,1.1602477179778306,1.2212246495865238,61.29378915494776,62.15580709708149,61.60247717977831,62.21224649586524,12,4,0,0.75,112,7.0,1.2418408411301325,-0.08159312315230194
2011,BUF,-2.5654146957884176,-0.3116582786404372,-2.084991858245515,2.6854883613933924,1460.1608909599402,-0.4610549613872923,-0.5253253405497728,-0.5180810390852072,-0.7723366289550184,45.38945038612708,44.74674659450227,44.81918960914793,42.276633710449815,6,10,0,0.375,-62,-3.875,-0.6209204205650662,0.10283938147985905
2011,CAR,-2.0147450572260874,-0.3354264746152167,-1.2873531641603964,2.685253389209407,1472.2641511525037,-0.3620889075320178,-0.5653885652430914,-0.3198829109668935,-0.5376980689638698,46.37911092467982,44.346114347569085,46.801170890331065,44.6230193103613,6,10,0,0.375,-23,-1.4375,-0.6209204205650662,0.30103750959817277
2011,CHI,0.7403285633933259,0.032016234215899,0.4872910269125672,2.685844126255173,1497.7290201054034,0.1330514547100616,0.053965963028348,0.1210826030621512,-0.0440261089788353,51.33051454710061,50.53965963028348,51.21082603062151,49.55973891021165,8,8,0,0.5,12,0.75,0.0,0.1210826030621512
2011,CIN,-0.2488452185845096,0.1472840239757995,-0.0105883163421346,2.6379432994609773,1506.3317975753823,-0.044722330013251,0.2482591843545813,-0.0026309963326731,0.1227507168817196,49.552776699867486,52.48259184354581,49.97369003667327,51.2275071688172,9,7,0,0.5625,21,1.3125,0.3104602102825331,-0.31309120661520623
2011,CLE,-5.417324718116862,-0.7581504514004037,-3.75646275575738,2.6853426408565246,1434.0146946214093,-0.973598710116608,-1.2779241604211482,-0.933409941190522,-1.279217069473692,40.26401289883392,37.22075839578852,40.66590058809478,37.20782930526308,4,12,0,0.25,-89,-5.5625,-1.2418408411301325,0.3084308999396105
2011,DAL,1.547212236821978,-0.0373130250435467,0.765513327071183,2.6850766258837258,1494.043886700359,0.2780641583121017,-0.0628941341569744,0.1902155820677117,-0.1154675538274018,52.78064158312102,49.37105865843026,51.90215582067712,48.84532446172598,8,8,0,0.5,22,1.375,0.0,0.1902155820677117
2011,DEN,-4.743036623973188,-0.0487917395869548,-3.510823186249251,2.585953516710586,1503.8615989025525,-0.8524160133309019,-0.0822424397848393,-0.8723731544481974,0.0748624743534,41.47583986669098,49.177575602151606,41.27626845551802,50.748624743534,8,8,0,0.5,-81,-5.0625,0.0,-0.8723731544481974
2011,DET,3.5280790272890084,0.3327775901411679,2.438228570540932,2.637735204357072,1524.8044609292365,0.6340644818042338,0.5609236553280492,0.6058536806067164,0.4808690304260929,56.340644818042335,55.609236553280496,56.05853680606717,54.80869030426093,10,6,0,0.625,87,5.4375,0.6209204205650662,-0.01506673995834984
2011,GB,8.843293729712258,1.1623042807988757,6.50278389992668,2.6351698709407665,1596.6882519665526,1.589312034339901,1.959158263970162,1.6158187987628374,1.874436461626464,65.893120343399,69.59158263970161,66.15818798762837,68.74436461626465,15,1,0,0.9375,201,12.5625,2.173221471977732,-0.5574026732148945
2011,HOU,4.887728343761021,0.3708188356757643,3.940324188609272,2.5926998660632057,1525.4346804558445,0.8784199320694033,0.6250452642664568,0.979096029509234,0.4930867139137589,58.78419932069403,56.25045264266457,59.79096029509234,54.93086713913759,10,6,0,0.625,103,6.4375,0.6209204205650662,0.3581756089441678
2011,IND,-9.61020786272494,-1.181397534221025,-6.672107919276216,2.686087585015997,1407.8682425698798,-1.727141433447971,-1.99134149330695,-1.657892614801866,-1.7861024673450778,32.728585665520285,30.0865850669305,33.42107385198134,32.13897532654922,2,14,0,0.125,-187,-11.6875,-1.8627612616951987,0.20486864689333273
2011,JAX,-5.4826873574521295,-0.6349610864133669,-3.679492535833357,2.686061690467128,1448.633281051521,-0.9853456488101324,-1.0702784806842496,-0.9142842974336152,-0.9958154062445516,40.14654351189867,39.29721519315751,40.85715702566385,40.04184593755448,5,11,0,0.3125,-86,-5.375,-0.9313806308475994,0.0170963334139842
2011,KC,-6.522746107274963,-0.2737218666347484,-4.512170080063351,2.68610198014347,1489.605121377313,-1.172264452825447,-0.4613804370385871,-1.1211889170519402,-0.2015192032976896,38.27735547174554,45.38619562961413,38.7881108294806,47.9848079670231,7,9,0,0.4375,-126,-7.875,-0.3104602102825331,-0.8107287067694071
2011,LAC,0.9646226278076478,0.1039969732841909,0.8598286302647152,2.685857017271107,1502.7913325089503,0.1733614643851886,0.1752953447762986,0.2136511509342774,0.0541138693158882,51.73361464385189,51.75295344776298,52.136511509342775,50.541138693158885,8,8,0,0.5,29,1.8125,0.0,0.2136511509342774
2011,LAR,-10.583144633833989,-1.108362244882605,-8.005131958072637,2.685530121927321,1404.531811995042,-1.9019971112346383,-1.8682345814314552,-1.989123874249732,-1.8507838220491084,30.980028887653617,31.31765418568545,30.10876125750268,31.492161779508915,2,14,0,0.125,-214,-13.375,-1.8627612616951987,-0.12636261255453318
2011,MIA,1.614925212384033,-0.2006062304909204,0.9496154842940124,2.685473715744071,1476.551337066529,0.2902334981792328,-0.3381380940970634,0.2359614858392938,-0.4545849975040585,52.90233498179233,46.61861905902936,52.35961485839294,45.45415002495942,6,10,0,0.375,16,1.0,-0.6209204205650662,0.85688190640436
2011,MIN,-5.79265795816845,-0.8080079939170213,-4.118564927314652,2.685686098770411,1422.4214235681866,-1.041053399911378,-1.361963097605083,-1.0233854816481531,-1.5039687795283592,39.58946600088622,36.38036902394917,39.76614518351847,34.96031220471641,3,13,0,0.1875,-109,-6.8125,-1.5523010514126656,0.5289155697645125
2011,NE,9.714204310220186,1.021533827479668,7.100431230339414,2.5434479763295808,1586.4031232658187,1.7458316195465589,1.721878231968908,1.7643228558517112,1.6750449134594183,67.45831619546558,67.21878231968908,67.64322855851711,66.75044913459419,13,3,0,0.8125,171,10.6875,1.5523010514126656,0.2120218044390456
2011,NO,9.731562587333546,0.8806009854771866,7.2935220217367345,2.586713954715018,1582.3986873696706,1.748951239854881,1.4843244806533002,1.8123022651953469,1.5974133449976935,67.48951239854881,64.84324480653301,68.12302265195346,65.97413344997693,13,3,0,0.8125,208,13.0,1.5523010514126656,0.26000121378268126
2011,NYG,5.028157795666173,0.5898965077016556,3.051833948318474,2.5003348184426666,1564.740450009681,0.9036578382964396,0.9943184732628706,0.7583230106187602,1.2550838139284033,59.03657838296439,59.94318473262871,57.5832301061876,62.55083813928403,9,7,0,0.5625,-6,-0.375,0.3104602102825331,0.44786280033622705
2011,NYJ,1.5222046700480854,0.0546065301681376,0.861047461235142,2.68585684190916,1495.005108744686,0.2735698117441743,0.0920437415683535,0.213954007376201,-0.0968329254112352,52.73569811744174,50.92043741568354,52.13954007376201,49.031670745887645,8,8,0,0.5,14,0.875,0.0,0.213954007376201
2011,OAK,-4.720434607634185,-0.1186094077841378,-3.249917410261244,2.685601836179617,1497.878855315029,-0.8483539910046239,-0.1999257899017497,-0.8075430041564153,-0.041121344703491,41.51646008995376,48.0007421009825,41.924569958435846,49.58878655296509,8,8,0,0.5,-74,-4.625,0.0,-0.8075430041564153
2011,PHI,5.117840459862132,0.1519721847243673,3.2594706204620163,2.6855193696066184,1506.7091077028265,0.9197755588918108,0.2561614600539052,0.8099167961920243,0.1300653993362842,59.197755588918106,52.56161460053905,58.09916796192024,51.30065399336284,8,8,0,0.5,68,4.25,0.0,0.8099167961920243
2011,PIT,4.639004494835112,0.6451016070368849,3.587637428591884,2.6315667364559303,1555.4714769668049,0.8337194145464885,1.087371151776255,0.8914600407264484,1.075391858804322,58.337194145464885,60.87371151776255,58.91460040726449,60.75391858804322,12,4,0,0.75,98,6.125,1.2418408411301325,-0.35038080040368413
2011,SEA,0.6586637741830056,-0.0483004625371741,0.3214032269824939,2.685263128955249,1484.6515349500144,0.1183747023324136,-0.0814143524174632,0.0798626225526584,-0.2975513770757263,51.18374702332414,49.18585647582537,50.79862622552658,47.02448622924274,7,9,0,0.4375,6,0.375,-0.3104602102825331,0.39032283283519154
2011,SF,7.007318079803716,0.879477931597543,5.014726798206092,2.585969148498878,1577.3287900879634,1.2593514693808523,1.482431482128271,1.246064755633743,1.4991263232732723,62.59351469380853,64.82431482128271,62.46064755633743,64.99126323273272,13,3,0,0.8125,151,9.4375,1.5523010514126656,-0.30623629577892264
2011,TB,-9.871979380659996,-0.8624440151402402,-7.158186666739344,2.685798077446277,1428.3115469481424,-1.7741868710889015,-1.4537194324985778,-1.7786739893511376,-1.3897805322251906,32.258131289110985,35.46280567501422,32.21326010648862,36.102194677748095,4,12,0,0.25,-207,-12.9375,-1.2418408411301325,-0.5368331482210051
2011,TEN,-0.5268695028753175,0.0497136228721076,0.0216163583949659,2.6861893468087863,1514.0349254337723,-0.0946887061585446,0.0837963489344139,0.0053712561870263,0.2720865817118297,49.05311293841456,50.83796348934414,50.05371256187026,52.720865817118295,9,7,0,0.5625,8,0.5,0.3104602102825331,-0.30508895409550685
2011,WSH,-3.645204577734881,-0.5524835752945814,-2.976070993554092,2.685156205859162,1444.7933353571314,-0.655114223285383,-0.93125593713051,-0.7394973494185657,-1.0702581029924392,43.448857767146166,40.6874406286949,42.60502650581434,39.29741897007561,5,11,0,0.3125,-79,-4.9375,-0.9313806308475994,0.19188328142903366
2012,ARI,-2.056307419574889,-0.4818126606604273,-2.232189916843616,2.81101118898614,1446.0706022102625,-0.3257705979338074,-0.7848297886495322,-0.4538218946814781,-1.0618860773626944,46.74229402066192,42.15170211350468,45.46178105318522,39.38113922637306,5,11,0,0.3125,-107,-6.6875,-0.9839040740289453,0.5300821793474673
2012,ATL,6.221730593124027,0.7718411458932287,4.865743730636953,2.694168568354819,1568.8286675439865,0.9856779566180328,1.2572602857136763,0.989244249429558,1.355257184093628,59.85677956618033,62.572602857136765,59.89244249429558,63.55257184093628,13,3,0,0.8125,120,7.5,1.6398401233815756,-0.6505958739520176
2012,BAL,5.226817108883105,0.7323918540005473,4.282862441791638,2.597438875417628,1573.0434481797995,0.8280587419188131,1.193000912836118,0.8707398655139598,1.438247483628539,58.28058741918813,61.93000912836118,58.7073986551396,64.38247483628538,10,6,0,0.625,54,3.375,0.6559360493526302,0.2148038161613296
2012,BUF,-5.637103564102177,-0.4139771584505102,-4.189941012285861,2.811536468285902,1465.3935695680318,-0.893058392539386,-0.6743318146250052,-0.8518482027228046,-0.6814110331104165,41.06941607460614,43.256681853749946,41.481517972771954,43.18588966889583,6,10,0,0.375,-91,-5.6875,-0.6559360493526302,-0.19591215337017442
2012,CAR,0.7493401922053604,-0.0831443597821619,0.3440236105921797,2.8135505364385613,1491.657953431274,0.1187142545646414,-0.1354347356206663,0.0699427255700867,-0.1642574082243311,51.18714254564642,48.64565264379333,50.69942725570087,48.357425917756686,7,9,0,0.4375,-6,-0.375,-0.3279680246763151,0.39791075024640177
2012,CHI,5.657808193825767,0.4472670788011852,4.291442816375922,2.812513449900337,1528.1039174363095,0.8963385244597613,0.7285581214164614,0.8724843236452029,0.5533745947121764,58.96338524459761,57.285581214164615,58.72484323645203,55.533745947121766,10,6,0,0.625,98,6.125,0.6559360493526302,0.21654827429257273
2012,CIN,2.7185103646208013,0.2693649173719904,2.520197101963193,2.748108441822839,1525.4137542677263,0.4306801300920551,0.4387713906913142,0.5123760371612847,0.5004044720772068,54.30680130092056,54.38771390691314,55.123760371612846,55.00404472077207,10,6,0,0.625,71,4.4375,0.6559360493526302,-0.1435600121913455
2012,CLE,-4.623264595813928,-0.5789752326961828,-3.460933637216505,2.8106067138782933,1454.2251361929566,-0.7324409071557376,-0.9430989399228542,-0.7036352277898458,-0.9013208484060368,42.675590928442624,40.569010600771456,42.96364772210154,40.98679151593963,5,11,0,0.3125,-66,-4.125,-0.9839040740289453,0.28026884623909953
2012,DAL,0.3866152234142161,-0.0153199284223448,-0.1174975561513659,2.812654505579523,1499.3418013079618,0.0612495346284358,-0.0249547950221025,-0.0238881840432534,-0.0129601303900846,50.61249534628436,49.75045204977897,49.76111815956747,49.87039869609915,8,8,0,0.5,-24,-1.5,0.0,-0.0238881840432534
2012,DEN,9.280302001715755,0.891213110653569,7.771823861249206,2.7594833641498675,1569.910937949667,1.4702322733097288,1.4517065539896483,1.5800733634843045,1.3765674141876942,64.70232273309729,64.51706553989648,65.80073363484304,63.76567414187694,13,3,0,0.8125,192,12.0,1.6398401233815756,-0.05976675989727109
2012,DET,-2.844828157574804,-0.603697443119806,-2.559937309310658,2.8131708052745004,1433.806419822978,-0.4506920322758305,-0.9833692125120508,-0.5204555361579295,-1.3033715205725291,45.493079677241695,40.16630787487949,44.79544463842071,36.96628479427471,4,12,0,0.25,-65,-4.0625,-1.3118720987052603,0.7914165625473308
2012,GB,5.540148585325916,0.6719203381013938,4.1390828419784285,2.7149824740107102,1551.1088361105603,0.877698295548085,1.0944982147596591,0.8415083337740255,1.0063483687990178,58.77698295548085,60.94498214759659,58.415083337740256,60.06348368799018,11,5,0,0.6875,97,6.0625,0.9839040740289453,-0.14239574025491986
2012,HOU,3.291397755532969,0.6656612574930693,2.9963762700312144,2.701691878883504,1560.1311657539543,0.5214398414608827,1.084302731510551,0.609187034572317,1.184000755555688,55.21439841460883,60.84302731510551,56.09187034572317,61.84000755555688,12,4,0,0.75,85,5.3125,1.3118720987052603,-0.7026850641329433
2012,IND,-4.540184162894712,0.2084879928040253,-3.096699305692582,2.750538790634009,1542.3454345751347,-0.7192788857327503,0.3396083181045134,-0.6295835025343333,0.833794354435851,42.8072111426725,53.396083181045135,43.70416497465666,58.33794354435851,11,5,0,0.6875,-30,-1.875,0.9839040740289453,-1.6134875765632786
2012,JAX,-12.445500567686077,-1.220739499524703,-9.483012148178911,2.8129691954483853,1401.4719447148398,-1.9716790023345905,-1.9884756081230093,-1.92797149915427,-1.940047069408276,30.2832099766541,30.115243918769902,30.7202850084573,30.59952930591724,2,14,0,0.125,-189,-11.8125,-1.9678081480578906,0.0398366489036206
2012,KC,-13.149428515911668,-1.272747956887893,-10.20149574693786,2.813067541782199,1400.5667869442684,-2.083198820048995,-2.0731927397658168,-2.0740449069884104,-1.9578698983991327,29.16801179951005,29.26807260234183,29.259550930115896,30.421301016008677,2,14,0,0.125,-214,-13.375,-1.9678081480578906,-0.10623675893051976
2012,LAC,-1.896803968186531,-0.2341631488047192,-1.0533688023812848,2.8127701462740253,1480.0532049139642,-0.3005012562796136,-0.3814308539215416,-0.2141582228679713,-0.3927584000186749,46.99498743720386,46.18569146078458,47.85841777132029,46.07241599981325,7,9,0,0.4375,0,0.0,-0.3279680246763151,0.1138098018083438
2012,LAR,0.511567153325869,-0.0494123655804097,-0.2079347880935551,2.8107875038156576,1497.4908749373883,0.0810450498966332,-0.0804883300118965,-0.0422747897886049,-0.0494054278287562,50.81045049896633,49.19511669988104,49.57725210211395,49.50594572171244,7,8,1,0.46875,-49,-3.0625,-0.16398401233815754,0.12170922254955265
2012,MIA,-2.3236464963528243,-0.2018771739439019,-1.5930773154237223,2.811902479901281,1484.890972009014,-0.3681238035216299,-0.3288398846605287,-0.3238852394253183,-0.2975013095578169,46.3187619647837,46.71160115339471,46.761147605746814,47.02498690442183,7,9,0,0.4375,-29,-1.8125,-0.3279680246763151,0.004082785250996757
2012,MIN,2.344999161115416,0.3538333915947859,1.560940686123686,2.7659304398145306,1532.1809368258837,0.3715066004229939,0.5763629904657074,0.317351608085276,0.6336523338370587,53.71506600422994,55.76362990465707,53.17351608085277,56.33652333837058,10,6,0,0.625,31,1.9375,0.6559360493526302,-0.33858444126735415
2012,NE,10.49086996155183,0.9132379897620356,8.686354295337722,2.706556762161391,1565.0411295926042,1.6620165582669058,1.4875831147924208,1.766004646127493,1.280679421632111,66.62016558266906,64.8758311479242,67.66004646127493,62.80679421632111,12,4,0,0.75,226,14.125,1.3118720987052603,0.45413254742223264
2012,NO,0.6344153996399229,-0.1088608231185928,0.2563638259072399,2.8131725566612564,1490.1066081301417,0.1005072889937049,-0.1773245573980337,0.0521207968565376,-0.1948038642199519,51.00507288993705,48.22675442601966,50.52120796856538,48.05196135780048,7,9,0,0.4375,7,0.4375,-0.3279680246763151,0.38008882153285267
2012,NYG,6.2716904308487855,0.3942580270877199,4.6562488707775085,2.812225337711394,1515.3128337861506,0.9935928462173882,0.6422111109502665,0.9466522846912347,0.3015143070182149,59.93592846217389,56.422111109502666,59.46652284691235,53.01514307018215,9,7,0,0.5625,85,5.3125,0.3279680246763151,0.6186842600149196
2012,NYJ,-5.531873676083311,-0.4199417912120116,-4.237668117489693,2.811571075991583,1460.8401952765892,-0.8763873426690798,-0.6840476686317568,-0.8615515013300721,-0.7710683436547645,41.2361265733092,43.15952331368244,41.38448498669928,42.28931656345235,6,10,0,0.375,-94,-5.875,-0.6559360493526302,-0.2056154519774419
2012,OAK,-9.848976256858451,-0.9065197174818544,-7.49123698834388,2.8127315230783148,1429.2107702011765,-1.5603245184496592,-1.4766396493249148,-1.5230278292652866,-1.3938612450981878,34.39675481550341,35.23360350675085,34.76972170734713,36.06138754901812,4,12,0,0.25,-153,-9.5625,-1.3118720987052603,-0.21115573056002623
2012,PHI,-8.133229502714851,-0.9437416560848468,-6.848068647428552,2.8117164789493136,1427.9116928247904,-1.2885072596684295,-1.5372708626410403,-1.392266610037995,-1.419440469712926,37.1149274033157,34.6272913735896,36.07733389962005,35.80559530287074,4,12,0,0.25,-164,-10.25,-1.3118720987052603,-0.08039451133273467
2012,PIT,0.0182488408001117,-0.010249932809023,0.3306438704692974,2.8100664017892107,1496.4522462340144,0.0028910734467321,-0.0166962250206351,0.0672225184017386,-0.0698563396665271,50.02891073446733,49.83303774979365,50.672225184017385,49.30143660333473,8,8,0,0.5,22,1.375,0.0,0.0672225184017386
2012,SEA,9.79826129934776,0.727108545831151,7.441412280769781,2.691823703915954,1556.9567457759315,1.552289998963336,1.1843948757339091,1.5128980714778315,1.1214954705623914,65.52289998963336,61.84394875733909,65.12898071477832,61.21495470562391,11,5,0,0.6875,167,10.4375,0.9839040740289453,0.5289939974488862
2012,SF,8.847274641669726,0.8595765726095219,6.646340517544531,2.643737552008666,1568.502490152077,1.4016298937914675,1.4001734592953776,1.3512536830358128,1.348834653054626,64.01629893791467,64.00173459295378,63.51253683035813,63.48834653054626,11,4,1,0.71875,124,7.75,1.1478880863671028,0.20336559666871
2012,TB,0.7715900156091264,-0.0974605991036399,0.4619645122476011,2.8125529473811586,1482.6677037254915,0.1222391838651762,-0.1587546107470912,0.0939210452667324,-0.3412781313521033,51.22239183865176,48.412453892529086,50.939210452667325,46.58721868647897,7,9,0,0.4375,-5,-0.3125,-0.3279680246763151,0.4218890699430475
2012,TEN,-9.098172191861003,-0.5042983326457918,-6.816066533852024,2.8123668533533763,1471.7622912280406,-1.44137834977031,-0.8214569398906947,-1.3857603268102452,-0.5560089863876092,35.5862165022969,41.785430601093054,36.14239673189755,44.43991013612391,6,10,0,0.375,-141,-8.8125,-0.6559360493526302,-0.729824277457615
2012,WSH,3.367732153058765,0.2407775583245968,2.337306291833869,2.750051615375213,1529.1989283770308,0.5335331219150458,0.3922051362295476,0.4751928865044245,0.5749356897766023,55.33533121915046,53.92205136229548,54.75192886504424,55.74935689776602,10,6,0,0.625,48,3.0,0.6559360493526302,-0.18074316284820569
2013,ARI,6.366218822702047,0.5596804104571018,4.298983438810278,2.684574522515981,1537.012642140122,1.0391500185132916,0.9137174952746128,0.8941830023337177,0.7188193248657705,60.39150018513291,59.13717495274613,58.941830023337175,57.1881932486577,10,6,0,0.625,55,3.4375,0.6548364072560464,0.2393465950776713
2013,ATL,-3.0248576355456898,-0.6328973262553697,-3.1401309025370123,2.685247092127709,1435.6756120431426,-0.4937437677712845,-1.033249241723068,-0.6531431716630413,-1.2492383804567777,45.06256232228716,39.66750758276932,43.46856828336959,37.50761619543222,4,12,0,0.25,-90,-5.625,-1.3096728145120928,0.6565296428490516
2013,BAL,-3.3535528620225348,-0.1375711269915405,-2.112191243932313,2.6857336660277835,1501.9911461279098,-0.5473962827399221,-0.2245945064865742,-0.4393330504490312,0.0386698769019171,44.52603717260078,47.754054935134256,45.606669495509685,50.38669876901917,8,8,0,0.5,-32,-2.0,0.0,-0.4393330504490312
2013,BUF,-3.226531052925301,-0.4075607378404516,-2.517481340013798,2.684463329269884,1470.9427714983246,-0.526662670064799,-0.6653714684201795,-0.5236328669262392,-0.5643179239939533,44.73337329935201,43.346285315798205,44.76367133073761,44.35682076006047,6,10,0,0.375,-49,-3.0625,-0.6548364072560464,0.1312035403298072
2013,CAR,7.784399586345068,0.6597352919806487,5.694105347607708,2.6330460941636136,1558.9584757489338,1.2706379091807616,1.0770641017085014,1.1843665573034647,1.1450274631170632,62.70637909180762,60.77064101708501,61.84366557303465,61.45027463117063,12,4,0,0.75,125,7.8125,1.3096728145120928,-0.1253062572086281
2013,CHI,-3.10271468557322,-0.0885958976678506,-1.922777302423968,2.686388775587617,1492.963181400405,-0.5064522776781367,-0.1446390121865434,-0.3999351952787243,-0.1366614459949817,44.93547722321863,48.553609878134566,46.00064804721276,48.633385540050185,8,8,0,0.5,-33,-2.0625,0.0,-0.3999351952787243
2013,CIN,3.505783117426569,0.3803490879398656,3.44838224192057,2.6310402755231164,1537.9443270209565,0.572244638903438,0.6209465428289005,0.7172590520907313,0.7369134964327121,55.72244638903438,56.20946542828901,57.17259052090731,57.36913496432712,11,5,0,0.6875,125,7.8125,0.9822546108840697,-0.26499555879333847
2013,CLE,-7.755270822923749,-0.8369804832145898,-5.6500321090794845,2.685652639957711,1429.7911504932551,-1.2658832571822176,-1.3664292986277164,-1.175199380618401,-1.3635199997606713,37.34116742817783,36.33570701372284,38.248006193816,36.36480000239329,4,12,0,0.25,-98,-6.125,-1.3096728145120928,0.13447343389369193
2013,DAL,-0.2409595494668653,0.0722466416823336,0.0863369533744339,2.6855847397433847,1495.8910276466347,-0.0393315290069113,0.1179477059525277,0.0179579747816062,-0.0797999970322687,49.60668470993089,51.17947705952528,50.179579747816064,49.20200002967732,8,8,0,0.5,7,0.4375,0.0,0.0179579747816062
2013,DEN,9.892763455710073,1.008305492013025,8.218556622844465,2.534340407901378,1583.2256512133472,1.6147835339071046,1.6461293828049628,1.7094491617531082,1.616318180966675,66.14783533907105,66.46129382804963,67.09449161753108,66.16318180966675,13,3,0,0.8125,207,12.9375,1.6370910181401161,0.07235814361299209
2013,DET,-1.551387391985714,-0.211922174387005,-0.5978707422927224,2.686196068654597,1473.433555555887,-0.2532310437326443,-0.3459778022530695,-0.1243563421353268,-0.5159446220322802,47.46768956267356,46.54022197746931,48.756436578646735,44.8405537796772,7,9,0,0.4375,19,1.1875,-0.3274182036280232,0.2030618614926964
2013,GB,-2.43443666708371,-0.1796441144803839,-1.494177107332362,2.6306175383622703,1495.3632292773389,-0.3973700838947545,-0.2932816072475766,-0.310786908316751,-0.090050323557087,46.02629916105246,47.06718392752423,46.89213091683249,49.09949676442913,8,7,1,0.53125,-11,-0.6875,0.1637091018140116,-0.4744960101307626
2013,HOU,-7.40386537187563,-1.0939930761205234,-6.378032354520416,2.685736896457784,1397.6554148013151,-1.2085237803668518,-1.786020369275066,-1.326622491322034,-1.987625345893334,37.91476219633148,32.13979630724934,36.73377508677966,30.12374654106666,2,14,0,0.125,-152,-9.5,-1.9645092217681395,0.6378867304461056
2013,IND,2.9596786707459515,0.5224885394008714,2.107855281096098,2.578539981396485,1548.9556457397684,0.4831046860236068,0.8529991591829122,0.4384311757798032,0.9507633658198574,54.83104686023607,58.52999159182912,54.38431175779803,59.50763365819857,11,5,0,0.6875,55,3.4375,0.9822546108840697,-0.5438234351042666
2013,JAX,-10.380500647341435,-0.8745446641263573,-8.698429773060244,2.6852867452244644,1437.1283246242815,-1.6943962719904997,-1.4277554566519188,-1.8092621571523264,-1.221025374942471,33.056037280095005,35.722445433480814,31.90737842847674,37.78974625057529,4,12,0,0.25,-202,-12.625,-1.3096728145120928,-0.4995893426402336
2013,KC,5.638475434954094,0.510271727420359,4.843580420506952,2.63206821561829,1530.7089307797803,0.9203613661103196,0.8330543574094182,1.0074584710780634,0.596395491219008,59.2036136611032,58.33054357409418,60.07458471078064,55.96395491219008,11,5,0,0.6875,125,7.8125,0.9822546108840697,0.025203860193993677
2013,LAC,3.751098594081823,0.3085279281144596,3.153903195335519,2.586395837243514,1529.4776504700417,0.6122871805136724,0.5036934658277044,0.6560077907756461,0.5724829027143519,56.122871805136725,55.03693465827705,56.56007790775646,55.72482902714352,9,7,0,0.5625,48,3.0,0.3274182036280232,0.3285895871476229
2013,LAR,2.1818712434844096,0.0111100039417551,0.8962551177818593,2.684281724308037,1488.9051908243018,0.3561441424186111,0.0181378600795776,0.1864199068180013,-0.2154713303362042,53.561441424186114,50.181378600795775,51.864199068180014,47.84528669663796,7,9,0,0.4375,-16,-1.0,-0.3274182036280232,0.5138381104460246
2013,MIA,-1.0346613057225134,0.0112474105368793,-0.8278252481976089,2.68490878398146,1498.1392350190197,-0.1688864842600871,0.0183621859762596,-0.1721865823344151,-0.0361377559131945,48.31113515739913,50.1836218597626,48.27813417665585,49.638622440868055,8,8,0,0.5,-18,-1.125,0.0,-0.1721865823344151
2013,MIN,-6.242168509478473,-0.5400706696403673,-4.581082073821055,2.6860273158607813,1467.0382552662236,-1.0189014394315976,-0.8817032190425446,-0.9528591540329644,-0.6401471963615131,39.81098560568402,41.18296780957456,40.47140845967036,43.59852803638487,5,10,1,0.34375,-89,-5.5625,-0.8185455090700581,-0.13431364496290632
2013,NE,5.95033297212287,0.7237397809676204,4.913147509613264,2.5736823080478177,1564.5901190581592,0.9712654858943924,1.181555915734552,1.021928335753307,1.2543991212142311,59.71265485894392,61.81555915734552,60.21928335753307,62.54399121214231,12,4,0,0.75,106,6.625,1.3096728145120928,-0.2877444787587857
2013,NO,8.405949707790127,0.6967927369169918,6.219265240989906,2.577696111591171,1549.902090935443,1.3720927661679794,1.1375629777382308,1.2935991367850237,0.9691441961859184,63.7209276616798,61.37562977738231,62.93599136785024,59.691441961859184,11,5,0,0.6875,110,6.875,0.9822546108840697,0.31134452590095396
2013,NYG,-4.602588208236821,-0.211710799592983,-3.5741727887042942,2.685106702293884,1488.4238694981796,-0.7512747762836677,-0.3456327180876254,-0.7434233233397962,-0.2248190302214728,42.487252237163325,46.54367281912374,42.56576676660204,47.75180969778527,7,9,0,0.4375,-89,-5.5625,-0.3274182036280232,-0.416005119711773
2013,NYJ,-5.612203724482168,-0.2195086809293502,-4.442985885038816,2.684299973142464,1500.1529329966609,-0.91607306732833,-0.3583633058837838,-0.9241353251432396,0.0029700985137263,40.8392693267167,46.41636694116216,40.7586467485676,50.02970098513726,8,8,0,0.5,-97,-6.0625,0.0,-0.9241353251432396
2013,OAK,-7.925260740714005,-0.8113882424531844,-6.294837637703216,2.683515768849088,1430.815467659561,-1.2936305010546556,-1.3246481719524448,-1.3093180976855483,-1.3436268245816376,37.063694989453445,36.753518280475554,36.90681902314452,36.56373175418362,4,12,0,0.25,-131,-8.1875,-1.3096728145120928,0.0003547168265445322
2013,PHI,1.525969582863017,0.2012207299982882,1.4895649560861752,2.6256771519471567,1525.4525325155728,0.2490821262109539,0.3285069442777243,0.3098275868149977,0.4943114347174742,52.49082126210954,53.28506944277724,53.098275868149976,54.94311434717474,10,6,0,0.625,60,3.75,0.6548364072560464,-0.3450088204410487
2013,PIT,-2.196499050036165,-0.0958253060927204,-1.0640647332061777,2.6860207433876284,1506.4034721486064,-0.3585318211761912,-0.1564415281132564,-0.2213240900688466,0.12436127929566,46.41468178823808,48.43558471886743,47.78675909931153,51.2436127929566,8,8,0,0.5,9,0.5625,0.0,-0.2213240900688466
2013,SEA,14.294105507070062,1.3528490318606492,11.032080698401591,2.5375505098123057,1604.2379102624136,2.333209149100276,2.2086208589413245,2.2946585352779585,2.024395448360179,73.33209149100276,72.08620858941325,72.94658535277958,70.24395448360178,13,3,0,0.8125,186,11.625,1.6370910181401161,0.6575675171378423
2013,SF,10.103196640056328,0.9816463024957296,7.591865159173725,2.5418076645503582,1581.5342327583446,1.6491322821200054,1.602606387508594,1.57909814679849,1.583469289301832,66.49132282120006,66.02606387508594,65.7909814679849,65.83469289301831,12,4,0,0.75,134,8.375,1.3096728145120928,0.2694253322863971
2013,TB,-2.854506586852372,-0.6091035923305703,-3.0868716487371994,2.6853421199132783,1441.098294822696,-0.465937576948537,-0.9944043035069132,-0.6420653156669387,-1.1439249267507936,45.34062423051463,40.05595696493087,43.57934684333061,38.56075073249207,4,12,0,0.25,-101,-6.3125,-1.3096728145120928,0.6676074988451541
2013,TEN,-0.7597255321322383,-0.1291041277231535,-0.8368155980626031,2.6849551429876826,1482.944151387654,-0.124009058244272,-0.2107715367712611,-0.1740565634936204,-0.3312401621620334,48.75990941755728,47.89228463228739,48.2594343650638,46.68759837837967,7,9,0,0.4375,-19,-1.1875,-0.3274182036280232,0.15336164013440282
2013,WSH,-8.658152990953738,-0.9197900958801762,-6.774103694879261,2.6851438033461403,1413.243508265719,-1.413259595909052,-1.5016217950162605,-1.4090048185166757,-1.684890329635715,35.86740404090948,34.9837820498374,35.90995181483325,33.15109670364285,3,13,0,0.1875,-144,-9.0,-1.6370910181401161,0.22808619962344046
2014,ARI,0.8638366595454373,0.415593774120527,0.4006120230285634,2.7724782827472336,1533.4793863324967,0.148913541317444,0.6865444459583092,0.0997046702351029,0.6408135313944164,51.48913541317444,56.86544445958309,50.99704670235103,56.408135313944165,11,5,0,0.6875,11,0.6875,0.96,-0.8602953297648971
2014,ATL,-4.258261841382373,-0.4248726869804223,-2.504595470039044,2.830323423507114,1469.3726826243949,-0.7340656866668152,-0.701872842303931,-0.6233459084046792,-0.5862233916022758,42.659343133331845,42.98127157696069,43.76654091595321,44.13776608397724,6,10,0,0.375,-36,-2.25,-0.64,0.01665409159532083
2014,BAL,5.587917073110551,0.4909813829858662,4.407889759924807,2.732071803184044,1534.4978044141828,0.963279933480677,0.8110817883910809,1.0970394538424912,0.6603066033665204,59.63279933480677,58.11081788391081,60.97039453842491,56.6030660336652,10,6,0,0.625,107,6.6875,0.64,0.45703945384249123
2014,BUF,4.851834780883656,0.2740995640359977,2.802066619269184,2.8291819758484573,1520.3410994390815,0.8363894853556247,0.4528016179422681,0.6973807878729207,0.389339626316584,58.363894853556246,54.52801617942268,56.9738078787292,53.89339626316584,9,7,0,0.5625,54,3.375,0.32,0.3773807878729207
2014,CAR,-2.5857890954164064,-0.0752585982932544,-1.663771507109186,2.723315239352524,1495.891717529833,-0.4457544224866662,-0.1243242220800374,-0.4140809060317555,-0.0786347447210574,45.54245577513334,48.75675777919962,45.85919093968244,49.21365255278943,7,8,1,0.46875,-35,-2.1875,-0.16,-0.2540809060317555
2014,CHI,-5.956815845338278,-0.5207434698269287,-4.368838725967095,2.82972790825939,1446.1786582703612,-1.0268730004720628,-0.8602475764592499,-1.087320398399126,-1.0301695412104497,39.731269995279376,41.3975242354075,39.12679601600874,39.69830458789551,5,11,0,0.3125,-123,-7.6875,-0.96,-0.127320398399126
2014,CIN,0.3659727487308917,0.3330001622027239,0.4595393365452108,2.780661191984348,1533.3659083368866,0.0630886608446022,0.5501030720378258,0.1143705514974807,0.638641501286688,50.63088660844602,55.50103072037826,51.143705514974805,56.38641501286688,10,5,1,0.65625,21,1.3125,0.8,-0.6856294485025194
2014,CLE,-3.4631390779380293,-0.2642758993466141,-2.008816939457408,2.8303269845730505,1475.327844027303,-0.596997474547969,-0.4365733131614147,-0.4999561146396488,-0.4722383868975418,44.03002525452031,45.63426686838585,45.00043885360351,45.27761613102458,7,9,0,0.4375,-38,-2.375,-0.32,-0.17995611463964878
2014,DAL,4.564603142306694,0.6197089798603258,3.6755573242829183,2.719766106575876,1566.176053427006,0.786874707293977,1.0237346772914089,0.914775917550825,1.266645393949278,57.86874707293977,60.23734677291409,59.14775917550825,62.66645393949278,12,4,0,0.75,115,7.1875,1.28,-0.36522408244917504
2014,DEN,8.369353315211784,0.722178291025446,5.279863313779395,2.7777242242854454,1554.2059181774807,1.4427612291436007,1.193009918746746,1.3140569936146411,1.0375305420718512,64.427612291436,61.93009918746746,63.14056993614641,60.37530542071851,12,4,0,0.75,128,8.0,1.28,0.034056993614641096
2014,DET,1.9878710653711364,0.3951563306530765,1.4171708072159943,2.772703024539902,1539.9344206020478,0.3426815900388697,0.6527825992322419,0.3527067084309924,0.7643663726700035,53.426815900388696,56.52782599232242,53.52706708430993,57.643663726700034,11,5,0,0.6875,39,2.4375,0.96,-0.6072932915690076
2014,GB,7.052704325714507,0.7079491661312409,4.954335595851959,2.7234552336077504,1569.7280675976149,1.2157890793378183,1.169503968284335,1.2330393708209624,1.334632863063115,62.157890793378186,61.69503968284335,62.33039370820963,63.34632863063115,12,4,0,0.75,138,8.625,1.28,-0.04696062917903765
2014,HOU,1.96667395093431,0.1424765527246545,1.9376677162925813,2.829858128033792,1516.4897879753198,0.3390274994864267,0.2353656191298713,0.4822484338279145,0.3156234454080527,53.39027499486426,52.35365619129871,54.822484338279146,53.156234454080526,9,7,0,0.5625,65,4.0625,0.32,0.16224843382791448
2014,IND,5.291515832358579,0.6314201236149881,3.979450114807771,2.682904508062034,1561.6208953861071,0.9121844423093638,1.043081022692269,0.9904090207139457,1.1794572095166738,59.121844423093634,60.43081022692269,59.904090207139454,61.794572095166735,11,5,0,0.6875,89,5.5625,0.96,0.03040902071394569
2014,JAX,-10.03228959648636,-1.0132450963120792,-6.816975264875974,2.8301131424062738,1420.9747578634417,-1.7294285381695529,-1.6738407468678949,-1.6966147587059632,-1.5125858036911726,32.70571461830447,33.26159253132105,33.03385241294037,34.87414196308828,3,13,0,0.1875,-163,-10.1875,-1.6,-0.09661475870596314
2014,KC,5.585722223136725,0.2932821613603653,3.390106552363722,2.830227896927408,1516.5428210752293,0.9629015715778202,0.4844905085662165,0.843732680087805,0.3166385275752193,59.6290157157782,54.84490508566216,58.43732680087805,53.16638527575219,9,7,0,0.5625,72,4.5,0.32,0.523732680087805
2014,LAC,2.2133209859683114,0.1868077316587873,0.8869701795429243,2.8303840286596644,1513.81596275377,0.3815460509237877,0.3085989700009705,0.2207499130733578,0.2644449869519711,53.81546050923788,53.085989700009705,52.20749913073358,52.64444986951971,9,7,0,0.5625,0,0.0,0.32,-0.0992500869266422
2014,LAR,-2.564783455153404,-0.3862203035589343,-2.0408918462864736,2.82869594134804,1469.9953581125365,-0.4421333394443582,-0.6380206365839827,-0.5079389454694306,-0.5743050465494146,45.57866660555642,43.619793634160175,44.92061054530569,44.25694953450585,6,10,0,0.375,-30,-1.875,-0.64,0.13206105453056938
2014,MIA,2.164124181615243,0.0510047013144708,0.875954348990897,2.8296774634128115,1495.0928322738246,0.3730651995073036,0.0842577453892681,0.2180082835429896,-0.0939258398742783,53.73065199507304,50.84257745389268,52.1800828354299,49.06074160125722,8,8,0,0.5,15,0.9375,0.0,0.2180082835429896
2014,MIN,-1.4412822851650726,-0.1690141013081281,-0.9333797574437438,2.8289633925970734,1481.2284494896503,-0.2484572132363178,-0.2792045977764784,-0.2323003693611407,-0.359297612352287,47.51542786763682,47.207954022235214,47.6769963063886,46.407023876477126,7,9,0,0.4375,-18,-1.125,-0.32,0.0876996306388593
2014,NE,11.987905502356949,1.060141754195732,8.108837446505033,2.673372600206684,1594.2798320360914,2.066549783004373,1.7513121673004142,2.0181345469409324,1.804566890991001,70.66549783004373,67.51312167300415,70.18134546940932,68.04566890991002,12,4,0,0.75,155,9.6875,1.28,0.7381345469409324
2014,NO,-2.6273215086636847,-0.1905383948903465,-1.3764391066022088,2.8299926408314464,1482.4810952908242,-0.4529140384485151,-0.3147618778231292,-0.3425693672021629,-0.3353212953593589,45.47085961551485,46.85238122176871,46.57430632797837,46.64678704640641,7,9,0,0.4375,-23,-1.4375,-0.32,-0.022569367202162904
2014,NYG,-2.2344069039850654,-0.2841468265804327,-1.2727603054304315,2.829525044697749,1467.4306025025485,-0.3851809727450687,-0.4693992975190713,-0.3167656966007295,-0.6233958537487313,46.148190272549314,45.30600702480929,46.83234303399271,43.76604146251269,6,10,0,0.375,-20,-1.25,-0.64,0.3232343033992705
2014,NYJ,-4.4634745812163485,-0.669858255511039,-3.857775045053431,2.829409254666691,1439.9826427990808,-0.7694415363421615,-1.10657929338242,-0.9601264230675326,-1.1487646228315145,42.30558463657839,38.9342070661758,40.398735769324674,38.51235377168486,4,12,0,0.25,-118,-7.375,-1.28,0.31987357693246743
2014,OAK,-7.277604064498244,-0.889087852966648,-6.003220672360215,2.830376060448444,1431.2598851485743,-1.2545586964564963,-1.4687379008864254,-1.494086804887414,-1.315722914061995,37.45441303543504,35.312620991135745,35.05913195112586,36.84277085938005,3,13,0,0.1875,-199,-12.4375,-1.6,0.10591319511258601
2014,PHI,3.862110096365443,0.4239804617135806,3.04435131074199,2.829990451527613,1527.2786847755992,0.6657745825585469,0.7003989215196504,0.7576808135278859,0.5221287555644171,56.65774582558547,57.003989215196505,57.57680813527886,55.22128755564417,10,6,0,0.625,74,4.625,0.64,0.11768081352788584
2014,PIT,1.8728415210805984,0.4199934822053992,1.7737651093615168,2.784626866775648,1539.5452422476003,0.3228520810603441,0.6938125893656523,0.4414562098422395,0.7569172888314,53.22852081060344,56.93812589365652,54.4145620984224,57.569172888314,11,5,0,0.6875,68,4.25,0.96,-0.5185437901577605
2014,SEA,9.025927965716878,0.9548808067230934,6.276824121257518,2.6771894819292545,1579.464081566994,1.555945655001871,1.577425253290265,1.5621814702478376,1.5209854273383872,65.55945655001871,65.77425253290265,65.62181470247837,65.20985427338387,12,4,0,0.75,140,8.75,1.28,0.2821814702478376
2014,SF,-1.3628057025800582,0.0117636394508368,-1.202685666279716,2.8286579569945074,1497.5813864113493,-0.2349289313625492,0.0194330662106738,-0.2993254591971013,-0.0462935700024286,47.65071068637451,50.194330662106736,47.00674540802898,49.53706429997571,8,8,0,0.5,-34,-2.125,0.0,-0.2993254591971013
2014,TB,-8.77845461515715,-1.1319308399988306,-5.660303622734979,2.8296578554702108,1399.6678435627884,-1.513284658149834,-1.8699048922343735,-1.4087413100308084,-1.920411647944083,34.86715341850166,31.30095107765626,35.91258689969192,30.795883520559173,2,14,0,0.125,-133,-8.3125,-1.92,0.5112586899691915
2014,TEN,-11.613991775424868,-1.1639660868777992,-7.923225850964432,2.8298415894796234,1391.767412648514,-2.002092206899696,-1.922825850605807,-1.9719393709068185,-2.071630161432777,29.97907793100304,30.77174149394193,30.28060629093181,29.28369838567223,2,14,0,0.125,-184,-11.5,-1.92,-0.05193937090681855
2014,WSH,-8.95381502200235,-0.9512606535256546,-6.037281899157621,2.829159154023205,1435.0008653014672,-1.5435143768143875,-1.5714449036652511,-1.5025639927660124,-1.2441185340162104,34.564856231856126,34.28555096334749,34.97436007233988,37.55881465983789,4,12,0,0.25,-137,-8.5625,-1.28,-0.22256399276601235
2015,ARI,9.663811036201258,0.9444198624206188,6.967957374877524,2.6267256055501726,1580.9493048730546,1.5816695161682617,1.593594482751605,1.5557674474906755,1.6419397462710723,65.81669516168262,65.93594482751605,65.55767447490676,66.41939746271072,13,3,0,0.8125,176,11.0,1.6666666666666667,-0.11089921917599121
2015,ATL,-2.936744295894245,-0.0214221557363186,-1.2654294695339343,2.73318059708043,1494.4826014332016,-0.4806549830286045,-0.0361473011617356,-0.2825381772417766,-0.1119124619668092,45.19345016971396,49.63852698838264,47.17461822758224,48.88087538033191,8,8,0,0.5,-6,-0.375,0.0,-0.2825381772417766
2015,BAL,-2.1848455260463258,-0.5276121506592826,-2.572336104448753,2.734543409164644,1453.053100757814,-0.3575922121344052,-0.8902817970900235,-0.5743371493251549,-0.9522500526818872,46.42407787865595,41.09718202909976,44.25662850674845,40.477499473181126,5,11,0,0.3125,-73,-4.5625,-1.0,0.4256628506748451
2015,BUF,-0.0257202199729567,-0.0202427547393829,0.6549636116594096,2.7354731034763744,1501.6849051522772,-0.0042096112732313,-0.0341572043875623,0.1462366962783757,0.0341758677552494,49.95790388726768,49.65842795612438,51.46236696278376,50.3417586775525,8,8,0,0.5,20,1.25,0.0,0.1462366962783757
2015,CAR,8.846640478363476,1.244292962085782,7.821775080117536,2.569284378391268,1611.103615807221,1.447923755204966,2.099594129907685,1.7464031991806677,2.2535763961702746,64.47923755204965,70.99594129907685,67.46403199180668,72.53576396170274,15,1,0,0.9375,192,12.0,2.3333333333333335,-0.5869301341526658
2015,CHI,-1.2891930165767007,-0.2921206743933526,-1.913978243642022,2.7340299837378845,1465.8758577941785,-0.2110013624167381,-0.4929183655855748,-0.4273426036444398,-0.6921589442060176,47.88998637583262,45.070816344144255,45.7265739635556,43.07841055793983,6,10,0,0.375,-62,-3.875,-0.6666666666666666,0.2393240630222268
2015,CIN,9.663197800101573,0.7572905281423937,6.79148951626892,2.6889626558340494,1544.9646231861018,1.581569148224243,1.2778363263078911,1.5163666682979815,0.9120424455916194,65.81569148224243,62.77836326307892,65.16366668297982,59.12042445591619,12,4,0,0.75,140,8.75,1.3333333333333333,0.18303333496464824
2015,CLE,-6.121214232207191,-0.8804746192412741,-5.767806838610774,2.73452043132948,1420.8524070789736,-1.0018550566385267,-1.485694606029795,-1.2878043937635992,-1.6053946212696166,39.981449433614735,35.14305393970205,37.121956062364006,33.94605378730383,3,13,0,0.1875,-154,-9.625,-1.6666666666666667,0.3788622729030675
2015,DAL,-6.839885012827996,-0.734796920347308,-4.756038256623898,2.734891946184798,1433.789026526318,-1.1194794246658637,-1.2398810791707209,-1.0619022334082269,-1.342993978221618,38.80520575334137,37.6011892082928,39.38097766591773,36.57006021778382,4,12,0,0.25,-99,-6.1875,-1.3333333333333333,0.2714310999251064
2015,DEN,7.289309113416535,1.0183076072960136,4.957723224922592,2.5761041259012067,1589.6993777359132,1.1930363678914058,1.718271130566479,1.1069333510580832,1.8194223378612784,61.930363678914055,67.18271130566478,61.06933351058083,68.19422337861278,12,4,0,0.75,59,3.6875,1.3333333333333333,-0.22639998227525004
2015,DET,-0.0592339636532193,-0.1236174722912279,-0.9256603130060886,2.7335504364844234,1489.5239705519132,-0.0096947833811272,-0.2085895581548703,-0.2066763765807647,-0.2124911283783686,49.90305216618873,47.914104418451295,47.93323623419235,47.87508871621631,7,9,0,0.4375,-42,-2.625,-0.3333333333333333,0.1266569567525686
2015,GB,5.932831324218869,0.5799896144008401,3.859829871202099,2.6270647010852626,1533.2596536707504,0.9710225515516524,0.9786624427756536,0.8618017222836273,0.674624042724715,59.71022551551653,59.786624427756536,58.61801722283627,56.74624042724715,10,6,0,0.625,45,2.8125,0.6666666666666666,0.19513505561696065
2015,HOU,-1.6058494947703474,-0.0110182376239069,-0.5394157379189386,2.679462682298712,1511.595042341614,-0.262828317308539,-0.0185919455803272,-0.1204377984205448,0.2351886888991609,47.37171682691461,49.81408054419673,48.79562201579455,52.35188688899161,9,7,0,0.5625,26,1.625,0.3333333333333333,-0.4537711317538781
2015,IND,-5.62058965451166,-0.2079937398812205,-3.567471640870595,2.7348984823438287,1501.6231185643792,-0.9199181654245518,-0.3509643216016599,-0.7965255741551054,0.0329226160489456,40.80081834575448,46.4903567839834,42.03474425844895,50.329226160489455,8,8,0,0.5,-75,-4.6875,0.0,-0.7965255741551054
2015,JAX,-7.309922664458944,-0.6944784769015758,-4.736629413038618,2.7346096650428984,1445.3899961474715,-1.1964101740618314,-1.1718485741537563,-1.057568732868702,-1.1076850630168895,38.03589825938168,38.28151425846244,39.424312671312975,38.92314936983111,5,11,0,0.3125,-72,-4.5,-1.0,-0.05756873286870201
2015,KC,9.316928655449782,0.748128558037014,6.724936626010208,2.622992689848846,1556.904829549428,1.5248955079353617,1.2623766080278815,1.5015071026275266,1.1542322882019926,65.24895507935362,62.62376608027881,65.01507102627527,61.54232288201992,11,5,0,0.6875,118,7.375,1.0,0.5015071026275266
2015,LAC,-2.307187199855284,-0.6209504978142969,-2.680343215160104,2.7319471909230946,1434.5635208365434,-0.3776157924068,-1.0477789876659864,-0.5984523868190115,-1.3272844796259942,46.223842075932,39.52221012334014,44.01547613180988,36.72715520374005,4,12,0,0.25,-78,-4.875,-1.3333333333333333,0.7348809465143218
2015,LAR,-0.7224068983233178,-0.176967625775316,-1.450203659360919,2.734659387817352,1484.540394590897,-0.1182358559234418,-0.2986115003324578,-0.3237935486804313,-0.313575769707726,48.817641440765584,47.01388499667542,46.76206451319569,46.86424230292274,7,9,0,0.4375,-50,-3.125,-0.3333333333333333,0.009539784652902006
2015,MIA,-6.622972381315967,-0.5377363567891872,-4.419912750803722,2.734586740723066,1464.4564998706678,-1.0839774787307452,-0.9073651724751024,-0.986853967167138,-0.7209485699162284,39.16022521269255,40.92634827524898,40.13146032832862,42.790514300837714,6,10,0,0.375,-79,-4.9375,-0.6666666666666666,-0.3201873005004714
2015,MIN,5.919086813736504,0.5342822000124634,3.792531174110799,2.6817805591022426,1539.998058479477,0.9687729966748886,0.9015366999905894,0.8467756369389218,0.8113028529907609,59.68772996674889,59.01536699990589,58.46775636938922,58.11302852990761,11,5,0,0.6875,63,3.9375,1.0,-0.15322436306107823
2015,NE,7.090036454211476,0.7241758318169945,6.231336982974078,2.6232114887799165,1556.7225125733423,1.1604215444754955,1.2219592747316,1.39129887151846,1.1505342516354695,61.60421544475496,62.219592747316,63.9129887151846,61.5053425163547,12,4,0,0.75,150,9.375,1.3333333333333333,0.05796553818512673
2015,NO,-6.157904171106641,-0.3297676357860912,-3.9148957667953135,2.7336740127033456,1488.2548080369525,-1.0078600745025916,-0.5564430672093439,-0.8740965345538232,-0.2382342571311027,39.92139925497408,44.43556932790656,41.25903465446177,47.61765742868897,7,9,0,0.4375,-68,-4.25,-0.3333333333333333,-0.5407632012204899
2015,NYG,-3.194238457195723,-0.2747034124125863,-1.7047186886347538,2.734274539176216,1465.8025143571126,-0.5227988809169427,-0.4635288390607432,-0.3806202736642833,-0.6936466099078475,44.772011190830575,45.364711609392565,46.19379726335717,43.06353390092153,6,10,0,0.375,-22,-1.375,-0.6666666666666666,0.2860463930023833
2015,NYJ,1.5230200927185722,0.2266236292134984,2.114530699339616,2.7348092549866787,1530.18388534078,0.2492716842393518,0.3824000103620563,0.4721208600691375,0.6122365240274289,52.49271684239352,53.82400010362056,54.72120860069138,56.12236524027429,10,6,0,0.625,73,4.5625,0.6666666666666666,-0.19454580659752913
2015,OAK,-0.0213336837939248,-0.1427977048517036,-0.8950693193456543,2.731930191170177,1484.3241807275515,-0.0034916698182552,-0.2409538846610124,-0.1998461866753429,-0.3179613556800643,49.96508330181744,47.590461153389874,48.00153813324657,46.82038644319936,7,9,0,0.4375,-40,-2.5,-0.3333333333333333,0.1334871466579904
2015,PHI,-4.4709538879636765,-0.2292123699552311,-2.7977022890284813,2.734553408196746,1487.3754283873,-0.731758045174472,-0.3867681977831954,-0.6246556795444186,-0.2560712033666593,42.68241954825528,46.13231802216804,43.753443204555815,47.43928796633341,7,9,0,0.4375,-53,-3.3125,-0.3333333333333333,-0.29132234621108527
2015,PIT,7.987462478371893,0.5432949492443646,5.406179290494135,2.64158390934714,1538.8162200592728,1.3073026641614385,0.9167446260644534,1.20706217086996,0.7873309673909191,63.07302664161438,59.16744626064453,62.070621708699605,57.87330967390919,10,6,0,0.625,104,6.5,0.6666666666666666,0.5403955042032934
2015,SEA,10.03098550077138,0.6077067462415603,7.146154417146997,2.6320638562622523,1544.216030605951,1.6417647162451716,1.0254317560192991,1.59555430936235,0.8968583261845297,66.41764716245171,60.25431756019299,65.9555430936235,58.968583261845296,10,6,0,0.625,146,9.125,0.6666666666666666,0.9288876426956835
2015,SF,-5.333631987365378,-0.564760974845672,-5.172751760032087,2.734372674987058,1452.361677029581,-0.872951995157377,-0.9529659523262392,-1.1549437473918929,-0.9662745844883204,41.27048004842623,40.4703404767376,38.45056252608107,40.3372541551168,5,11,0,0.3125,-149,-9.3125,-1.0,-0.15494374739189287
2015,TB,-7.469914003742635,-0.5190088504497342,-4.866861884214975,2.733209427094902,1463.509216169012,-1.2225958500076868,-0.8757647668019779,-1.0866463274006295,-0.7401628517829179,37.77404149992313,41.24235233198022,39.13353672599371,42.59837148217082,6,10,0,0.375,-75,-4.6875,-0.6666666666666666,-0.41997966073396287
2015,TEN,-10.310551849388872,-0.9968812439047772,-7.126337249189527,2.7345264338857014,1417.830361629795,-1.6875211543313804,-1.6821167294951278,-1.5911296403882196,-1.6666924489140316,33.1247884566862,33.17883270504872,34.0887035961178,33.333075510859686,3,13,0,0.1875,-124,-7.75,-1.6666666666666667,0.07553702627844716
2015,WSH,-2.6590171465902603,-0.0219486145120964,-1.395845268864727,2.674617408448156,1512.293260135154,-0.4351995654691261,-0.0370356367779787,-0.3116567042822624,0.2493510285086824,45.64800434530874,49.629643632220215,46.88343295717738,52.49351028508683,9,7,0,0.5625,9,0.5625,0.3333333333333333,-0.6449900376155957
2016,ARI,1.0792601482729778,-0.0963671862448636,1.168774677758898,2.434035066024196,1492.5293444351776,0.2120139332711842,-0.1633830062274882,0.3169238629480934,-0.1414058343580147,52.12013933271184,48.36616993772512,53.16923862948094,48.585941656419855,7,8,1,0.46875,56,3.5,-0.15861031714362883,0.4755341800917222
2016,ATL,9.590313779226587,0.7879960214870393,6.961070237740407,2.301028044118601,1557.9321936104004,1.8839574025709205,1.3359854521301342,1.8875573812292727,1.0965503766821607,68.8395740257092,63.359854521301344,68.87557381229273,60.965503766821605,11,5,0,0.6875,134,8.375,0.951661902861773,0.9358954783674998
2016,BAL,1.1386646172626915,-0.0013319536427458,0.8262446741085882,2.433850505737804,1496.2051990815776,0.2236835711657632,-0.0022582229365346,0.2240437432823992,-0.0718286347745491,52.23683571165763,49.97741777063465,52.240437432824,49.28171365225451,8,8,0,0.5,22,1.375,0.0,0.2240437432823992
2016,BUF,-0.1465671851398151,-0.1625693682838454,0.289617991983833,2.433362460133224,1478.2805471568338,-0.0287922105339505,-0.2756236136565009,0.078532547415203,-0.4111094835571464,49.712077894660496,47.24376386343499,50.78532547415203,45.888905164428536,7,9,0,0.4375,21,1.3125,-0.31722063428725766,0.39575318170246065
2016,CAR,-0.4852812281968663,-0.2626053345132284,-0.6600874325814241,2.4335763298823,1472.8991485599402,-0.0953304743970458,-0.4452267486063836,-0.178988699017949,-0.5129695080227343,49.04669525602954,45.54773251393616,48.21011300982051,44.87030491977266,6,10,0,0.375,-33,-2.0625,-0.6344412685745153,0.4554525695565663
2016,CHI,-7.761420542189522,-0.9194917773736776,-5.549275536299573,2.4336089008239896,1416.330358698374,-1.5246827185776572,-1.5589261930616465,-1.5047364329450208,-1.5837131475319777,34.753172814223426,34.41073806938354,34.9526356705498,34.16286852468022,3,13,0,0.1875,-120,-7.5,-1.5861031714362883,0.08136673849126752
2016,CIN,1.0868270042007029,-0.1363642943852417,0.726239139258401,2.43414157580163,1476.2358085777364,0.2135003949832196,-0.2311949661178211,0.19692633474846,-0.4498126418425812,52.1350039498322,47.68805033882179,51.9692633474846,45.50187358157419,6,9,1,0.40625,10,0.625,-0.4758309514308865,0.6727572861793465
2016,CLE,-10.233981398060273,-1.3212821025426913,-7.649145164146637,2.433910503892131,1388.171490912335,-2.0104018967983777,-2.240130177086161,-2.0741351432428345,-2.1167089682215803,29.895981032016223,27.598698229138385,29.25864856757165,28.8329103177842,1,15,0,0.0625,-188,-11.75,-2.2205444400108036,0.1464092967679691
2016,DAL,6.045283953010498,0.8475936080171552,4.466824996489398,2.390099808821128,1567.8212042620148,1.1875583756797363,1.4370284858703894,1.211220143573764,1.283731245888793,61.87558375679737,64.3702848587039,62.11220143573764,62.83731245888793,13,3,0,0.8125,115,7.1875,1.5861031714362883,-0.37488302786252437
2016,DEN,4.175570346645451,0.3373513728530448,2.5366133551163115,2.4343893511730315,1515.955563034137,0.8202647844075778,0.571952794301271,0.6878257363093014,0.3020096006189866,58.20264784407578,55.71952794301271,56.87825736309301,53.02009600618987,9,7,0,0.5625,36,2.25,0.31722063428725766,0.3706051020220438
2016,DET,-2.330088039522123,0.0440600351958592,-1.5716990663064836,2.383533545869414,1509.6784322994909,-0.4577312809314237,0.0747003340587015,-0.4261804682839868,0.1831950064772651,45.42268719068576,50.74700334058701,45.73819531716013,51.83195006477265,9,7,0,0.5625,-12,-0.75,0.31722063428725766,-0.7434011025712445
2016,GB,3.3746094974704666,0.4948784419704183,2.4368259527995533,2.306494931387664,1550.7013761038604,0.6629210148803212,0.8390275851870911,0.6607674763918103,0.95968423772945,56.62921014880321,58.39027585187091,56.607674763918105,59.5968423772945,10,6,0,0.625,44,2.75,0.6344412685745153,0.026326207817295
2016,HOU,-2.127032072855318,0.1117511052747516,-1.786450235264667,2.3452141368301107,1516.000776030888,-0.4178422011427359,0.1894652343863221,-0.484412197062838,0.3028653998823735,45.82157798857264,51.89465234386322,45.15587802937162,53.028653998823735,9,7,0,0.5625,-49,-3.0625,0.31722063428725766,-0.8016328313500957
2016,IND,0.0427866622406758,0.0338013647357617,0.133169985247374,2.4340205511529605,1501.2708816713798,0.0084051732732901,0.0573075628781774,0.0361102502958642,0.0240554636139274,50.0840517327329,50.57307562878177,50.36110250295864,50.24055463613927,8,8,0,0.5,19,1.1875,0.0,0.0361102502958642
2016,JAX,-4.88568221623439,-0.8736296749778242,-3.567232150155939,2.434058389811653,1421.2612851310412,-0.9597618378057045,-1.4811705954009664,-0.9672873776045752,-1.4903797365188234,40.40238162194296,35.18829404599033,40.327126223954245,35.09620263481177,3,13,0,0.1875,-82,-5.125,-1.5861031714362883,0.6188157938317131
2016,KC,5.488112172566424,0.7471732574287563,3.6757188196437935,2.387116152925624,1557.2773623662058,1.078105450109674,1.2667736573869497,0.9967045227795532,1.0841556199375113,60.78105450109674,62.6677365738695,59.96704522779554,60.84155619937511,12,4,0,0.75,78,4.875,1.2688825371490307,-0.2721780143694774
2016,LAC,0.131804692147216,-0.3938236480838254,-0.2276203427739669,2.43406542561276,1447.8724756094143,0.0258922107431142,-0.6676971078507687,-0.0617213220736555,-0.9866786141469944,50.25892210743114,43.32302892149231,49.38278677926345,40.133213858530056,5,11,0,0.3125,-13,-0.8125,-0.951661902861773,0.8899405807881174
2016,LAR,-10.144750260998888,-0.8510348875417106,-7.143306728320357,2.4345051597917293,1425.878738122496,-1.9928729957554576,-1.4428629054057107,-1.9369724598271745,-1.4029798039158388,30.071270042445423,35.57137094594289,30.63027540172826,35.970201960841614,4,12,0,0.25,-170,-10.625,-1.2688825371490307,-0.6680899226781438
2016,MIA,-2.354594968386224,0.1395836592551094,-1.4486727054071808,2.3891328704400405,1527.9844502894434,-0.4625455144498108,0.2366531467608217,-0.3928207538047037,0.5296944167607586,45.374544855501895,52.36653146760822,46.07179246195296,55.29694416760759,10,6,0,0.625,-17,-1.0625,0.6344412685745153,-1.027262022379219
2016,MIN,0.6346456642186451,0.0123619683294001,0.5826365299774773,2.433594338695382,1492.6139277671316,0.1246721874423046,0.0209587477568802,0.1579871837480275,-0.1398048267189983,51.246721874423045,50.2095874775688,51.57987183748028,48.601951732810015,8,8,0,0.5,20,1.25,0.0,0.1579871837480275
2016,NE,10.112378410321051,1.2544423819256303,7.979015974258378,2.3007291448038494,1621.2228947394356,1.986513747338421,2.1268086729999824,2.1635826076719047,2.294527491621963,69.86513747338421,71.26808672999982,71.63582607671904,72.94527491621963,14,2,0,0.875,191,11.9375,1.903323805723546,0.2602588019483587
2016,NO,1.6915336134897676,-0.1059911121284161,1.006773823549121,2.43371097597172,1487.1568015711764,0.3322912415790198,-0.1796996177613147,0.2729958608326642,-0.2430982360108996,53.3229124157902,48.20300382238685,52.72995860832664,47.569017639891,7,9,0,0.4375,15,0.9375,-0.31722063428725766,0.5902164951199218
2016,NYG,0.4593440388267888,0.3532639409071057,0.2304666108847181,2.3899359101012303,1540.8394026728008,0.0902352751115449,0.5989313054187994,0.0624931135077264,0.7730151336146625,50.90235275111545,55.989313054188,50.62493113507726,57.73015133614663,11,5,0,0.6875,26,1.625,0.951661902861773,-0.8891687893540466
2016,NYJ,-7.548559516075683,-0.5774010993992088,-5.304701204589303,2.4336253353894346,1451.5598596896548,-1.4828674959376371,-0.9789382786293374,-1.438417882878388,-0.9168831834862506,35.17132504062363,40.21061721370663,35.61582117121612,40.83116816513749,5,11,0,0.3125,-134,-8.375,-0.951661902861773,-0.486755980016615
2016,OAK,2.6524430078872774,0.5382323141729844,1.5737035127376358,2.390131046820563,1556.5419166958195,0.5210559064741784,0.9125306752748246,0.4267239921283426,1.070234979674606,55.21055906474179,59.12530675274824,54.26723992128343,60.70234979674606,12,4,0,0.75,31,1.9375,1.2688825371490307,-0.8421585450206881
2016,PHI,3.220178502497582,0.0655192216112747,2.0950626651699538,2.434762127168154,1487.0999076037713,0.6325840078893965,0.1110827015882249,0.5680952587346827,-0.2441751346660514,56.32584007889396,51.11082701588225,55.68095258734682,47.55824865333948,7,9,0,0.4375,36,2.25,-0.31722063428725766,0.8853158930219404
2016,PIT,4.823387726244353,0.6661392445413734,3.5269250926718376,2.306025824869604,1563.6490493305305,0.9475244732879424,1.129386844010697,0.9563577530969511,1.204759990416186,59.47524473287943,61.29386844010697,59.56357753096951,62.047599904161856,11,5,0,0.6875,72,4.5,0.951661902861773,0.004695850235178156
2016,SEA,2.56675537798205,0.3562032747249708,2.1703392317749017,2.342380805840249,1534.7654273309386,0.5042231053391013,0.6039147153758844,0.5885071830618375,0.6580458991701812,55.04223105339101,56.03914715375885,55.88507183061837,56.58045899170181,10,5,1,0.65625,62,3.875,0.7930515857181442,-0.2045444026563067
2016,SF,-10.846446820511693,-1.250124741067833,-7.663881442359679,2.4339691717861665,1399.94494950385,-2.130716913909229,-2.119488451556917,-2.078131018842835,-1.8938589491078577,28.692830860907712,28.805115484430832,29.21868981157165,31.061410508921423,2,14,0,0.125,-171,-10.6875,-1.903323805723546,-0.17480721311928882
2016,TB,0.311234025240689,0.0638327020700867,-0.0169890918642183,2.433532008777749,1521.139786526045,0.0611399855398084,0.1082233399793829,-0.0046067464705072,0.4001374612880811,50.61139985539808,51.08223339979383,49.953932535294925,54.00137461288081,9,7,0,0.5625,-15,-0.9375,0.31722063428725766,-0.32182738075776485
2016,TEN,-1.0726721763075384,0.001125908742389,-0.5901553751517765,2.4338087786230327,1518.0529092909403,-0.2107197672159399,0.0019088899680219,-0.1600259868662716,0.341708525941879,47.8928023278406,50.01908889968022,48.39974013133728,53.41708525941879,9,7,0,0.5625,3,0.1875,0.31722063428725766,-0.4772466211535292
2016,WSH,1.3119431847264635,0.0967073569420007,0.7931932040502188,2.4345846592769367,1505.1265313251592,0.2577230663684514,0.1639597389649944,0.2150815371648807,0.097035853561517,52.57723066368452,51.63959738964994,52.1508153716488,50.97035853561517,8,7,1,0.53125,13,0.8125,0.15861031714362883,0.05647122002125188
2017,ARI,-3.749753602502127,-0.1887933854485436,-2.7307449421868166,2.681218307766802,1500.9994232597353,-0.6656343224262212,-0.3103488380375369,-0.6689429794418267,0.0191063984528228,43.34365677573778,46.89651161962463,43.31057020558173,50.19106398452823,8,8,0,0.5,-66,-4.125,0.0,-0.6689429794418267
2017,ATL,5.449460413387721,0.5580116388408618,3.3388432091737674,2.574411539995494,1543.854375522473,0.9673563317422784,0.917289889760908,0.817907117478793,0.8383827016933894,59.67356331742278,59.17289889760908,58.17907117478793,58.38382701693389,10,6,0,0.625,38,2.375,0.6344412685745153,0.18346584890427764
2017,BAL,2.875154926612223,0.1977194755603748,2.7197378266039944,2.6823456703354607,1512.412154360671,0.5103806821250605,0.3250220305746779,0.6662465970081252,0.2372884206594637,55.10380682125061,53.25022030574678,56.66246597008125,52.37288420659464,9,7,0,0.5625,92,5.75,0.31722063428725766,0.3490259627208675
2017,BUF,-2.7998822055360564,0.0268540925855432,-2.114850698025293,2.624745735982771,1509.3348210303327,-0.4970187090457418,0.0441442183510569,-0.5180690825993965,0.1784577338519875,45.029812909542585,50.44144218351057,44.81930917400604,51.784577338519874,9,7,0,0.5625,-57,-3.5625,0.31722063428725766,-0.8352897168866542
2017,CAR,4.561315920281589,0.5210620295104323,2.607187104781259,2.637771304651753,1541.8497629374929,0.8096981172156494,0.8565501117522913,0.638675360298579,0.8000596724671957,58.0969811721565,58.56550111752291,56.38675360298579,58.00059672467196,11,5,0,0.6875,36,2.25,0.951661902861773,-0.312986542563194
2017,CHI,-1.5241081034790958,-0.3637618704033017,-1.6260741605729807,2.6827884749305624,1452.0210194760723,-0.2705507540779929,-0.5979715525192234,-0.3983348561641834,-0.9172345253333276,47.29449245922007,44.02028447480777,46.01665143835817,40.82765474666672,5,11,0,0.3125,-56,-3.5,-0.951661902861773,0.5533270466975896
2017,CIN,-5.216508138593634,-0.3681992592998767,-3.348091042762757,2.682464292380052,1488.006941941628,-0.9260040067557136,-0.6052659737972826,-0.8201725335045917,-0.2292763788505237,40.73995993244287,43.947340262027176,41.79827466495408,47.70723621149476,7,9,0,0.4375,-59,-3.6875,-0.31722063428725766,-0.5029518992173341
2017,CLE,-11.124682266910323,-1.574167131387788,-7.878950456523032,2.682454337532049,1371.0135004578,-1.9747885135707797,-2.5877015709124858,-1.9300845391442232,-2.465889633127868,30.252114864292206,24.12298429087514,30.69915460855777,25.34110366872132,0,16,0,0.0,-176,-11.0,-2.5377650742980613,0.6076805351538381
2017,DAL,1.699613656474192,0.1859573053441569,1.096463582209134,2.681714229927916,1520.3799261818283,0.3017054730899239,0.3056867352690176,0.2685976285083087,0.3896116948211315,53.01705473089924,53.056867352690176,52.685976285083086,53.89611694821132,9,7,0,0.5625,22,1.375,0.31722063428725766,-0.04862300577894896
2017,DEN,-6.320932874324797,-0.58491735659758,-4.441324227053196,2.681900300513654,1446.09293303271,-1.1220550246542302,-0.9615189723769368,-1.087978820436054,-1.0305642688092342,38.7794497534577,40.38481027623063,39.12021179563946,39.69435731190766,5,11,0,0.3125,-93,-5.8125,-0.951661902861773,-0.1363169175742811
2017,DET,2.42557180478818,0.2224635117408997,1.5383058878040052,2.682262255708147,1514.476724354249,0.4305733165237783,0.3656976234125302,0.3768345069446321,0.2767576811022236,54.30573316523778,53.6569762341253,53.76834506944632,52.76757681102224,9,7,0,0.5625,34,2.125,0.31722063428725766,0.059613872657374445
2017,GB,-2.2034405952613563,-0.185841499240026,-2.09557200601912,2.682216197216858,1479.0237630207748,-0.3911418837372503,-0.3054963668947798,-0.5133464351374835,-0.4010116213145402,46.0885811626275,46.9450363310522,44.86653564862517,45.9898837868546,7,9,0,0.4375,-64,-4.0,-0.31722063428725766,-0.1961258008502258
2017,HOU,-6.974762053655635,-0.7727741675981915,-4.698234625110538,2.6813861341037586,1429.1901095273477,-1.2381189554885037,-1.2703282183839542,-1.150913444783811,-1.3537027166343645,37.61881044511496,37.29671781616046,38.49086555216189,36.46297283365636,4,12,0,0.25,-98,-6.125,-1.2688825371490307,0.11796909236521969
2017,IND,-9.77721809516393,-0.8654418663369345,-6.581905689178892,2.6806906146939538,1431.5534163686789,-1.7355945568383888,-1.422660423025837,-1.6123510966200023,-1.3085223771366463,32.64405443161611,35.773395769741626,33.87648903379997,36.914776228633535,4,12,0,0.25,-141,-8.8125,-1.2688825371490307,-0.34346855947097166
2017,JAX,5.507310928533482,0.4283727681092888,4.810355125186669,2.5311295509549403,1540.1688918653765,0.9776256167495282,0.7041824612328683,1.1783792912708777,0.7679257470868871,59.77625616749528,57.04182461232868,61.783792912708776,57.67925747086887,10,6,0,0.625,149,9.3125,0.6344412685745153,0.5439380226963624
2017,KC,3.249434410218401,0.3927716614680296,2.675012164774904,2.62673720396629,1515.426950772077,0.5768205864169033,0.6456594253080922,0.6552902762550417,0.2949235626569791,55.76820586416903,56.45659425308092,56.55290276255042,52.94923562656979,10,6,0,0.625,76,4.75,0.6344412685745153,0.020849007680526332
2017,LAC,3.866642397640805,0.2410965508364642,3.1101230595061025,2.6821916058292783,1521.372036906395,0.686383737507637,0.3963276267819679,0.7618781797287358,0.4085782964368561,56.86383737507637,53.96327626781968,57.61878179728736,54.08578296436856,9,7,0,0.5625,83,5.1875,0.31722063428725766,0.4446575454414782
2017,LAR,6.5621761029521615,0.4802464498993402,4.840991903908535,2.6256528162630213,1539.212752605518,1.1648791112609178,0.789455241473674,1.1858842975869537,0.7496468272225634,61.648791112609175,57.89455241473674,61.858842975869536,57.496468272225634,11,5,0,0.6875,149,9.3125,0.951661902861773,0.2342223947251807
2017,MIA,-5.030501489943768,-0.4011336051460079,-3.900599149154506,2.6805846653110743,1465.0921758828877,-0.892985194677446,-0.6594052432456766,-0.9555189047989686,-0.6673476829819409,41.07014805322554,43.40594756754324,40.44481095201032,43.32652317018059,6,10,0,0.375,-112,-7.0,-0.6344412685745153,-0.3210776362244533
2017,MIN,7.488791834983127,0.9254183696635276,5.1219551092263735,2.5812282830059994,1583.3518701684447,1.3293665150541538,1.52125306213096,1.254711071107709,1.5934730633025938,63.29366515054154,65.2125306213096,62.54711071107709,65.93473063302594,13,3,0,0.8125,130,8.125,1.5861031714362883,-0.33139210032857935
2017,NE,9.07395925707048,0.9765079487886577,6.88379226404501,2.5256182169233194,1588.4819074339214,1.6107561621576765,1.605236891753171,1.6863034096773732,1.691546162079569,66.10756162157676,66.05236891753171,66.86303409677373,66.9154616207957,13,3,0,0.8125,162,10.125,1.5861031714362883,0.10020023824108493
2017,NO,8.258038185711664,0.7325169037987169,5.479862808999142,2.5913733985277694,1549.089986296702,1.4659186269327482,1.2041511380108565,1.3423867230341888,0.9384740940258078,64.65918626932748,62.04151138010856,63.42386723034189,59.38474094025808,11,5,0,0.6875,122,7.625,0.951661902861773,0.39072482017241583
2017,NYG,-7.076683132346903,-0.9066655401950892,-5.4655917160222085,2.6811551803682137,1421.2412796395738,-1.2562113891114337,-1.4904261408295665,-1.3388907731531146,-1.5056638698195917,37.437886108885664,35.09573859170434,36.61109226846885,34.94336130180408,3,13,0,0.1875,-142,-8.875,-1.5861031714362883,0.24721239828317376
2017,NYJ,-4.58788977359621,-0.5431714977852036,-3.508966091664244,2.680496291630268,1449.1952161561285,-0.8144153521917098,-0.8928948585367236,-0.8595816459659811,-0.971256606222716,41.8558464780829,41.07105141463276,41.404183540340185,40.28743393777284,5,11,0,0.3125,-84,-5.25,-0.951661902861773,0.09208025689579191
2017,OAK,-4.187080429817853,-0.3885561624879647,-3.001626453164742,2.68265393519382,1466.4392270682702,-0.7432660223290809,-0.6387297587463993,-0.7353000683921286,-0.641595533996453,42.56733977670919,43.61270241253601,42.64699931607871,43.584044660035474,6,10,0,0.375,-72,-4.5,-0.6344412685745153,-0.10085879981761325
2017,PHI,10.994754730850724,1.1584889960690148,8.151639746340914,2.525727728197413,1603.5920056172845,1.9517245374813024,1.904387237694216,1.9968844746396897,1.980412319376203,69.51724537481303,69.04387237694216,69.9688447463969,69.80412319376202,13,3,0,0.8125,162,10.125,1.5861031714362883,0.41078130320340134
2017,PIT,4.463214483926531,0.7334863497417606,3.703749649048343,2.6332172097663764,1568.0758867524046,0.7922837241542853,1.205744765993367,0.907297231266472,1.3014356076375324,57.92283724154285,62.05744765993367,59.07297231266472,63.01435607637532,13,3,0,0.8125,98,6.125,1.5861031714362883,-0.6788059401698163
2017,SEA,2.151726407785269,0.249119188366878,1.6737843816687434,2.6816293306130965,1514.7412148044511,0.3819618837187161,0.4095156748147146,0.4100222960845411,0.2818140572464687,53.81961883718717,54.09515674814715,54.10022296084541,52.818140572464685,9,7,0,0.5625,34,2.125,0.31722063428725766,0.09280166179728344
2017,SF,-2.91542981451049,-0.3435234237011653,-2.136654838712956,2.6808911263347146,1481.5344614299297,-0.517530044605589,-0.5647024927861716,-0.5234103821878135,-0.3530135346851706,44.82469955394411,44.352975072138285,44.76589617812186,46.46986465314829,6,10,0,0.375,-52,-3.25,-0.6344412685745153,0.11103088638670178
2017,TB,-1.152894185441362,-0.3704893748970341,-1.459942584992867,2.680823527097243,1453.5504965816313,-0.2046550310514585,-0.6090305904063913,-0.3576380670093054,-0.887994862639246,47.95344968948542,43.90969409593609,46.42361932990695,41.12005137360754,5,11,0,0.3125,-47,-2.9375,-0.951661902861773,0.5940238358524677
2017,TEN,-2.71283514563876,0.0043059940418225,-1.4942065420027666,2.574126335747963,1517.5568656031935,-0.4815666242220167,0.0070784272674659,-0.3660316130837014,0.3356420480809314,45.18433375777983,50.07078427267466,46.33968386916298,53.35642048080931,9,7,0,0.5625,-22,-1.375,0.31722063428725766,-0.683252247370959
2017,WSH,-1.2725635544942369,-0.1769630938410631,-1.26846860013002,2.681469895457712,1481.667902944018,-0.2258980373470005,-0.2909015610828711,-0.3107332184674347,-0.3504624766489666,47.74101962653,47.09098438917129,46.89266781532565,46.49537523351033,7,9,0,0.4375,-46,-2.875,-0.31722063428725766,0.006487415819822984
2018,ARI,-10.600936792256512,-1.029806616935819,-7.344146037010916,2.507591116759228,1417.1532171053798,-2.0720209341661464,-1.9046664492687095,-2.0626493270587747,-1.741152087315187,29.27979065833853,30.953335507312904,29.37350672941225,32.588479126848135,3,13,0,0.1875,-200,-12.5,-1.7574991006549872,-0.30515022640378753
2018,ATL,-0.3298326985508367,-0.1623952138195676,-0.4305488475005198,2.509425318052909,1485.0545488310872,-0.0644679116159855,-0.3003561156018731,-0.1209223354338856,-0.3141015569876698,49.35532088384014,46.99643884398127,48.79077664566115,46.8589844301233,7,9,0,0.4375,-9,-0.5625,-0.35149982013099745,0.23057748469711187
2018,BAL,5.333582953545102,0.4114968263393508,3.4169391954732014,2.4656973009332668,1528.7996311218108,1.0424829192387617,0.7610790086406688,0.9596687343396136,0.6052683772335646,60.42482919238762,57.61079008640669,59.59668734339613,56.05268377233565,10,6,0,0.625,102,6.375,0.7029996402619949,0.25666909407761873
2018,BUF,-5.263166675465465,-0.3858756025340832,-3.4542910299005776,2.509070563332068,1467.3673167974518,-1.0287196070762312,-0.7136915821388838,-0.9701592305467654,-0.685825840033935,39.71280392923769,42.86308417861116,40.29840769453234,43.14174159966065,6,10,0,0.375,-105,-6.5625,-0.7029996402619949,-0.26715959028477054
2018,CAR,0.7905790206856335,-0.0782485478752371,0.1986892093316421,2.5095458027904622,1479.6991264243436,0.1545237287113871,-0.1447236611135982,0.0558031065635719,-0.4266539648924757,51.54523728711387,48.552763388864015,50.55803106563572,45.73346035107525,7,9,0,0.4375,-6,-0.375,-0.35149982013099745,0.40730292669456936
2018,CHI,5.420897279414562,0.6683495878102088,4.2727449248547975,2.4599463104146047,1555.9851871669257,1.059549062976764,1.2361379460470223,1.200027123579984,1.1766144935092466,60.59549062976764,62.36137946047023,62.00027123579984,61.76614493509247,12,4,0,0.75,138,8.625,1.4059992805239898,-0.20597215694400584
2018,CIN,-2.9093412866898523,-0.3742710101686242,-2.44858069450136,2.509943095530839,1461.6305228104225,-0.5686493721063004,-0.6922284478256703,-0.687699195564734,-0.8063933560679469,44.313506278937,43.0777155217433,43.12300804435266,41.93606643932053,6,10,0,0.375,-87,-5.4375,-0.7029996402619949,0.015300444697260884
2018,CLE,-0.7620939481054718,-0.0884501525209826,-0.9346542104042036,2.5098098708588923,1498.2519525814866,-0.148956138992292,-0.1635919163548307,-0.2625034780636693,-0.0367378950048293,48.51043861007708,48.36408083645169,47.3749652193633,49.63262104995171,7,8,1,0.46875,-33,-2.0625,-0.17574991006549873,-0.08675356799817058
2018,DAL,1.0493027006879487,0.2603089056930677,0.5415654676590549,2.4157189564586075,1538.5501911773856,0.2050929276071755,0.4814512074069715,0.1521020472354154,0.8101913374268527,52.05092927607176,54.81451207406972,51.52102047235415,58.10191337426853,10,6,0,0.625,15,0.9375,0.7029996402619949,-0.5508975930265795
2018,DEN,-1.249129848125064,-0.3496782551821891,-0.9921176165749206,2.508144375292584,1465.3204808394694,-0.244150422319043,-0.6467432134647534,-0.2786424349241697,-0.7288432340245515,47.55849577680957,43.53256786535247,47.2135756507583,42.711567659754486,6,10,0,0.375,-20,-1.25,-0.7029996402619949,0.4243572053378252
2018,DET,-2.8005265712179,-0.3556237099423343,-1.658705423931809,2.509658052776304,1470.2416649933955,-0.5473808396339711,-0.6577395578473407,-0.4658577878516931,-0.6254170083789535,44.52619160366029,43.42260442152659,45.34142212148307,43.74582991621047,6,10,0,0.375,-36,-2.25,-0.7029996402619949,0.23714185241030183
2018,GB,-2.355406800567415,-0.3562020744540726,-1.24559207918872,2.5093800159214923,1470.5349646884847,-0.4603793320244989,-0.6588092649776303,-0.3498323223667852,-0.6192528658682772,45.39620667975501,43.4119073502237,46.50167677633215,43.807471341317225,6,9,1,0.40625,-24,-1.5,-0.5272497301964961,0.17741740782971094
2018,HOU,3.3694808008687707,0.4265825174707259,2.5544819535259227,2.468827943332081,1537.21527956441,0.6585865847036054,0.7889805673308393,0.717442226212665,0.7821361244167062,56.58586584703605,57.8898056733084,57.17442226212665,57.821361244167065,11,5,0,0.6875,86,5.375,1.0544994603929922,-0.3370572341803273
2018,IND,3.831152716388824,0.4171647553296675,2.9460964890840984,2.422702004108595,1543.803609198401,0.7488233149492648,0.7715620585717478,0.8274296167363244,0.920599966865912,57.48823314949265,57.715620585717474,58.27429616736325,59.20599966865912,10,6,0,0.625,89,5.5625,0.7029996402619949,0.12442997647432952
2018,JAX,-3.256308198304181,-0.3777205662150759,-2.3338656788213696,2.5094866025820206,1450.329912766454,-0.6364662753117797,-0.69860853274501,-0.6554807662601647,-1.0438929918838384,43.6353372468822,43.0139146725499,43.44519233739835,39.56107008116162,5,11,0,0.3125,-71,-4.4375,-1.0544994603929922,0.39901869413282753
2018,KC,8.164648398128273,0.8355182804612358,5.700336817620926,2.416247291736392,1556.621383903013,1.5958327770980765,1.5453227920406538,1.6009752313775634,1.1899851427520869,65.95832777098076,65.45322792040653,66.00975231377564,61.89985142752087,12,4,0,0.75,144,9.0,1.4059992805239898,0.19497595085357355
2018,LAC,5.314245828536402,0.7365701422837063,3.6726876787474265,2.419150568702789,1568.387095190022,1.0387033544125774,1.3623144525087956,1.0314972947009464,1.4372595938575807,60.38703354412577,63.62314452508795,60.314972947009466,64.37259593857581,12,4,0,0.75,99,6.1875,1.4059992805239898,-0.3745019858230434
2018,LAR,7.533383893454201,0.9047574792200732,5.416484709176419,2.37126575823069,1583.7493207858454,1.4724480900356909,1.6733833197954724,1.521253592194913,1.7601203040434887,64.72448090035691,66.73383319795472,65.21253592194913,67.60120304043488,13,3,0,0.8125,143,8.9375,1.7574991006549872,-0.23624550846007408
2018,MIA,-8.023015828743853,-0.4298947603600446,-5.1593038874561605,2.50874596242594,1475.808248457811,-1.5681497850686712,-0.7951066863510159,-1.449022750626623,-0.5084267272885008,34.31850214931329,42.04893313648984,35.50977249373377,44.91573272711499,7,9,0,0.4375,-114,-7.125,-0.35149982013099745,-1.0975229304956255
2018,MIN,0.7575289641818652,0.0458390449504764,0.767945420089365,2.509846099322017,1510.0596612581426,0.1480638836719182,0.0847810545668051,0.2156822721093237,0.2114191955960192,51.48063883671918,50.84781054566805,52.15682272109324,52.114191955960194,8,7,1,0.53125,19,1.1875,0.17574991006549873,0.03993236204382497
2018,NE,6.803249782901335,0.8303319017795006,5.061172360494091,2.372255813795583,1578.839105664923,1.3297387058122712,1.5357303876941986,1.4214618978015967,1.6569246094341348,63.29738705812271,65.35730387694198,64.21461897801596,66.56924609434135,11,5,0,0.6875,111,6.9375,1.0544994603929922,0.36696243740860446
2018,NO,8.132527774079106,0.8466840086131422,5.422283412206669,2.422020823931946,1576.882248521964,1.5895545955795365,1.565974230323184,1.5228821941920525,1.615798258114317,65.89554595579537,65.65974230323184,65.22882194192053,66.15798258114317,13,3,0,0.8125,151,9.4375,1.7574991006549872,-0.23461690646293465
2018,NYG,-2.177425339506526,-0.4731281865462972,-1.6468608736542996,2.5087756939055006,1452.8188073046397,-0.4255917165110268,-0.8750685500540363,-0.4625311718590238,-0.991585059471044,45.74408283488973,41.24931449945964,45.37468828140976,40.08414940528956,5,11,0,0.3125,-43,-2.6875,-1.0544994603929922,0.5919682885339684
2018,NYJ,-6.91089181870502,-0.7477018294160612,-4.483083521296548,2.508760189228646,1430.541062476946,-1.3507780305391583,-1.382902930632814,-1.2591020333405798,-1.45978600285291,36.492219694608416,36.17097069367186,37.408979666594206,35.4021399714709,4,12,0,0.25,-108,-6.75,-1.4059992805239898,0.14689724718341002
2018,OAK,-9.120114690239795,-0.7899448411409032,-6.578645114221053,2.50869565502156,1440.5008248769343,-1.7825847781656885,-1.461032985174293,-1.8476536072980028,-1.250466334834408,32.17415221834312,35.38967014825707,31.52346392701997,37.49533665165592,4,12,0,0.25,-177,-11.0625,-1.4059992805239898,-0.44165432677401295
2018,PHI,2.752353584490237,0.2789888581606281,1.6838116987400362,2.4179558102968945,1528.9347621514903,0.5379651211067247,0.5160004889456372,0.4729090420856331,0.6081083628813702,55.37965121106725,55.16000488945637,54.72909042085633,56.0810836288137,9,7,0,0.5625,19,1.1875,0.35149982013099745,0.12140922195463566
2018,PIT,5.076147863140808,0.3642833926506971,3.1247711088883823,2.510090652949447,1525.30514432298,0.9921655834259228,0.6737559699044007,0.8776115007081996,0.5318263826105628,59.92165583425923,56.737559699044006,58.776115007082,55.31826382610563,9,6,1,0.59375,68,4.25,0.5272497301964961,0.3503617705117035
2018,SEA,4.011593924650629,0.3455144952533214,2.9813192168138105,2.46182565555021,1526.3170094220222,0.7840917037937105,0.639042181339983,0.8373221400171434,0.5530922781314538,57.8409170379371,56.39042181339983,58.37322140017143,55.53092278131454,10,6,0,0.625,81,5.0625,0.7029996402619949,0.13432249975514854
2018,SF,-5.844562232753505,-0.8004537493194928,-3.977009231511876,2.507573453113164,1436.7905455893044,-1.1423570892478034,-1.4804696099706671,-1.116967905287354,-1.3284435392648597,38.57642910752197,35.195303900293325,38.83032094712646,36.7155646073514,4,12,0,0.25,-93,-5.8125,-1.4059992805239898,0.2890313752366358
2018,TB,-2.3557949963572344,-0.4746573528003442,-2.0168377037958733,2.5095934286372645,1446.236502997692,-0.4604552073757837,-0.8778968011174287,-0.5664414775464435,-1.1299222704399192,45.39544792624216,41.22103198882572,44.33558522453556,38.70077729560081,5,11,0,0.3125,-68,-4.25,-1.0544994603929922,0.4880579828465488
2018,TEN,0.4360019488016697,0.2215147928885273,0.32518037272948,2.509100200564258,1516.6958577750263,0.0852193709818358,0.4097000224050607,0.0913289405743048,0.3508890339348618,50.85219370981836,54.09700022405061,50.91328940574305,53.50889033934862,9,7,0,0.5625,7,0.4375,0.35149982013099745,-0.26017087955669266
2018,WSH,-4.818129708366795,-0.3198525196731997,-3.382268085665158,2.508447771811708,1475.5748132343351,-0.9417342839508426,-0.591579382882885,-0.9499311364005816,-0.5133327261988624,40.58265716049158,44.08420617117115,40.50068863599418,44.866672738011374,7,9,0,0.4375,-78,-4.875,-0.35149982013099745,-0.5984313162695841
2019,ARI,-3.5075373080110435,-0.4345742273544962,-3.1024417690385424,2.7154918208796803,1463.9275775365456,-0.592264289769532,-0.7219927466330335,-0.6854652114596765,-0.6997116032660121,44.07735710230468,42.78007253366967,43.14534788540323,43.00288396733988,5,10,1,0.34375,-81,-5.0625,-0.8012830802150039,0.1158178687553274
2019,ATL,0.2941024813679913,-0.029507312198607,-0.1748031997850086,2.7180255710262347,1495.353300957855,0.0496605971514665,-0.0490228459007355,-0.038621679704109,-0.0901339309819822,50.49660597151467,49.509771540992645,49.613783202958906,49.098660690180175,7,9,0,0.4375,-18,-1.125,-0.3205132320860016,0.28189155238189256
2019,BAL,11.176011615983292,1.039816553831083,8.597692704763732,2.660429431697425,1591.715467138857,1.88712250246878,1.727529987834728,1.8996067248548525,1.779042608547768,68.87122502468779,67.27529987834728,68.99606724854853,67.79042608547768,14,2,0,0.875,249,15.5625,1.9230793925160095,-0.023472667661156965
2019,BUF,1.5454375147918291,0.2054964000585244,1.6252182956623884,2.660464871037468,1517.228279338632,0.2609544451575364,0.3414075224954079,0.3590818734527291,0.3341840146655507,52.60954445157537,53.41407522495408,53.59081873452729,53.34184014665551,10,6,0,0.625,55,3.4375,0.6410264641720032,-0.2819445907192741
2019,CAR,-5.636230133712064,-0.4725604403607186,-4.714145383836239,2.71763156713182,1444.8030352215674,-0.951704157072391,-0.7851022651829632,-1.041561100237631,-1.0706782101940429,40.48295842927609,42.14897734817037,39.58438899762369,39.29321789805957,5,11,0,0.3125,-130,-8.125,-0.9615396962580047,-0.08002140397962632
2019,CHI,-0.7638115955064717,-0.0078155923137807,-0.586207889860747,2.7167572059473377,1501.708103293078,-0.1289732061002343,-0.0129846654633468,-0.1295189870097875,0.0331327815578349,48.71026793899765,49.87015334536653,48.70481012990212,50.33132781557835,8,8,0,0.5,-18,-1.125,0.0,-0.1295189870097875
2019,CIN,-7.565823052360384,-1.0124721859567374,-5.933988830340294,2.718018088556682,1404.4875424927889,-1.2775250619270315,-1.6821006134635728,-1.31107792222934,-1.852694391178066,37.22474938072968,33.17899386536428,36.8892207777066,31.47305608821934,2,14,0,0.125,-141,-8.8125,-1.9230793925160095,0.6120014702866694
2019,CLE,-2.425940366171001,-0.2996204999733291,-2.055902034125972,2.71836759199378,1464.163789417643,-0.4096315225819348,-0.49778337993073,-0.454238766582642,-0.6951297043319821,45.903684774180654,45.0221662006927,45.45761233417358,43.04870295668018,6,10,0,0.375,-58,-3.625,-0.6410264641720032,0.18678769758936115
2019,DAL,4.916881740569311,0.0790802863416349,4.280689910722923,2.71833245292632,1496.808523351957,0.8302387733148261,0.1313823727833477,0.9457918095772472,-0.0619063841484599,58.302387733148265,51.31382372783348,59.45791809577247,49.38093615851541,8,8,0,0.5,113,7.0625,0.0,0.9457918095772472
2019,DEN,-1.602044551597385,-0.091574011993405,-1.3217291522372958,2.717416369296017,1492.040272348122,-0.2705128114714221,-0.1521391934395411,-0.292027834937101,-0.1543981084857534,47.29487188528578,48.47860806560459,47.07972165062899,48.45601891514247,7,9,0,0.4375,-34,-2.125,-0.3205132320860016,0.028485397148900582
2019,DET,-5.094121901929734,-0.8703014421463888,-3.8410616163160127,2.716103380461832,1419.5975136820766,-0.8601666141526142,-1.4459010430487285,-0.8486586724474292,-1.5596000702499078,41.39833385847386,35.54098956951272,41.51341327552571,34.403999297500924,3,12,1,0.21875,-82,-5.125,-1.442309544387007,0.5936508719395779
2019,GB,3.1559910460138783,0.7878820308480148,2.473925224557615,2.6088072395625934,1581.718655180992,0.5329040381458823,1.3089711162524722,0.5465983903744146,1.5851303385949191,55.329040381458825,63.08971116252472,55.46598390374415,65.8513033859492,13,3,0,0.8125,63,3.9375,1.6025661604300079,-1.0559677700555934
2019,HOU,0.8395116636644478,0.3129720921748212,0.2871397797347013,2.612108589082682,1535.5661518751333,0.1417555212022575,0.5199654425536383,0.0634417483024449,0.6898912646014979,51.41755521202258,55.19965442553638,50.63441748302445,56.89891264601498,10,6,0,0.625,-7,-0.4375,0.6410264641720032,-0.5775847158695583
2019,IND,-1.2831416569443068,-0.1820131964814306,-1.0349752027021295,2.7170713649529765,1477.019406960231,-0.2166645470564513,-0.3023930076366192,-0.2286713334173529,-0.4457640075642624,47.83335452943549,46.97606992363381,47.71328666582647,45.54235992435738,7,9,0,0.4375,-12,-0.75,-0.3205132320860016,0.09184189866864867
2019,JAX,-5.600932195376628,-0.4278951899843077,-4.381711491234859,2.717337414087314,1464.7595101861425,-0.9457439329770356,-0.7108963303427194,-0.9681118994299116,-0.6835742637610617,40.54256067022965,42.8910366965728,40.31888100570089,43.164257362389385,6,10,0,0.375,-97,-6.0625,-0.6410264641720032,-0.32708543525790845
2019,KC,10.66671771972796,1.0874835915951968,8.240539546837445,2.5674969433248767,1594.7608804066535,1.8011258155452508,1.8067230309396505,1.8206959561291904,1.838115741281681,68.01125815545251,68.0672303093965,68.20695956129191,68.3811574128168,12,4,0,0.75,143,8.9375,1.2820529283440063,0.5386430277851841
2019,LAC,-1.0152209631756333,-0.39709614069121,-0.7628982517702634,2.7174457794662827,1448.5699086838415,-0.1714248687650623,-0.6597274188125135,-0.1685576234470244,-0.997610617568171,48.285751312349376,43.40272581187487,48.31442376552975,40.02389382431829,5,11,0,0.3125,-8,-0.5,-0.9615396962580047,0.7929820728109803
2019,LAR,4.238563238888942,0.3441691075562372,2.8087350192700726,2.715612829246361,1516.955041235483,0.7157014810905368,0.5717955268158788,0.6205725319752959,0.3288839028856561,57.157014810905366,55.71795526815879,56.20572531975296,53.28883902885656,9,7,0,0.5625,30,1.875,0.3205132320860016,0.30005929988929436
2019,MIA,-10.093691309224454,-0.7479850661090044,-7.421590226631264,2.7183743828526588,1454.751889728434,-1.704367591688039,-1.242687113794264,-1.6397541977528964,-0.877696190627362,32.95632408311961,37.57312886205736,33.60245802247104,41.22303809372638,5,11,0,0.3125,-188,-11.75,-0.9615396962580047,-0.6782145014948917
2019,MIN,5.284649363590578,0.4523774242702974,4.155888687494116,2.605682530297264,1534.9853565035637,0.8923380785884836,0.7515706144194791,0.9182177555773644,0.6786253380887398,58.92338078588484,57.5157061441948,59.18217755577365,56.7862533808874,10,6,0,0.625,104,6.5,0.6410264641720032,0.27719129140536125
2019,NE,8.180937987995312,0.6361351615760873,6.781248205883303,2.660700301067909,1543.3809269249166,1.3813901326273192,1.056861966555403,1.4982746112417404,0.8414776678930128,63.8139013262732,60.56861966555403,64.9827461124174,58.41477667893013,12,4,0,0.75,195,12.1875,1.2820529283440063,0.21622168289773414
2019,NO,7.084070326032623,0.8009356810738272,5.198495106206588,2.659351306395346,1568.520725013918,1.196178832009143,1.330658184161433,1.1485751587054949,1.329124663169264,61.96178832009143,63.30658184161433,61.48575158705495,63.29124663169264,13,3,0,0.8125,117,7.3125,1.6025661604300079,-0.453991001724513
2019,NYG,-8.085491156977811,-0.901192933573549,-5.787681649244966,2.718100053405561,1432.0206792418971,-1.3652734830754436,-1.4972235360526511,-1.2787522606074435,-1.3186228223174246,36.34726516924556,35.02776463947349,37.21247739392556,36.81377177682575,4,12,0,0.25,-110,-6.875,-1.2820529283440063,0.00330066773656279
2019,NYJ,-6.666338179668264,-0.4224673146331285,-4.638332193417425,2.718372231409772,1490.6642358692227,-1.1256427802855216,-0.7018785690800782,-1.0248106473780534,-0.1810896535789232,38.74357219714479,42.98121430919922,39.75189352621946,48.18910346421077,7,9,0,0.4375,-83,-5.1875,-0.3205132320860016,-0.7042974152920518
2019,OAK,-6.005074092731819,-0.2634489008491423,-4.638946432157935,2.717428779023971,1478.892464267178,-1.0139852067780295,-0.4376886238271258,-1.0249463596071602,-0.4094315452079907,39.8601479322197,45.623113761728746,39.7505364039284,45.905684547920096,7,9,0,0.4375,-106,-6.625,-0.3205132320860016,-0.7044331275211586
2019,PHI,-0.2475480251626753,0.032119272799372,0.2400967702134346,2.6644718745370697,1506.8792208265377,-0.0417996566913083,0.0533623039024758,0.0530478879596002,0.1334390735369723,49.58200343308692,50.53362303902476,50.530478879596,51.33439073536972,9,7,0,0.5625,31,1.9375,0.3205132320860016,-0.2674653441264014
2019,PIT,-0.321113590792712,-0.0281451778357334,-0.3326775446270926,2.717790227585632,1499.022949461549,-0.054221550930282,-0.0467598236871975,-0.0735030342072668,-0.0189522508343912,49.45778449069718,49.53240176312802,49.26496965792733,49.81047749165609,8,8,0,0.5,-14,-0.875,0.0,-0.0735030342072668
2019,SEA,2.4591869577223373,0.4952567156127357,1.4812806883090186,2.608870198543007,1547.8130770860337,0.4152453670555054,0.8228093933927918,0.3272797544102001,0.9274499060561928,54.152453670555055,58.22809393392792,53.272797544102005,59.27449906056193,11,5,0,0.6875,7,0.4375,0.9615396962580047,-0.6342599418478047
2019,SF,10.63548987003803,1.09522848361647,8.090337444914852,2.556949946479335,1588.0869247170974,1.795852845197824,1.8195902363808372,1.7875097359771954,1.7086582799648888,67.95852845197824,68.19590236380837,67.87509735977196,67.08658279964888,13,3,0,0.8125,169,10.5625,1.6025661604300079,0.18494357554718754
2019,TB,0.7874587170843177,-0.0593858488287996,0.3970698417363392,2.717397775656852,1486.1530626704582,0.1329661345957972,-0.0986624364911168,0.0877301117288696,-0.2685947340795768,51.32966134595797,49.01337563508884,50.877301117288695,47.31405265920423,7,9,0,0.4375,9,0.5625,-0.3205132320860016,0.40824334381487115
2019,TEN,5.416799974668381,0.4128353157987556,4.036873763753769,2.562084413626898,1538.8731396779813,0.9146523352704709,0.6858761629173163,0.8919221484582608,0.7540382660915196,59.14652335270471,56.858761629173166,58.91922148458261,57.5403826609152,9,7,0,0.5625,71,4.4375,0.3205132320860016,0.5714089163722592
2019,WSH,-10.76775013879712,-1.1337326358692892,-7.966138122734389,2.718386268675685,1418.7723887036132,-1.8181856180987448,-1.8835602486179237,-1.760068668270075,-1.575605358560124,31.818143819012548,31.164397513820767,32.399313317299246,34.24394641439876,3,13,0,0.1875,-169,-10.5625,-1.6025661604300079,-0.15750250784006714
2020,ARI,2.2574678230500047,-0.0227698051132143,1.6948688661757505,2.612924242816543,1495.1474923935557,0.4046723722018804,-0.0362796524746989,0.4021466331420656,-0.0869521168519213,54.0467237220188,49.63720347525301,54.021466331420655,49.13047883148079,8,8,0,0.5,43,2.6875,0.0,0.4021466331420656
2020,ATL,0.4799325334713433,-0.41293121220208,-0.2133412961709064,2.612542234058884,1440.5428667997935,0.0860324274984823,-0.6579327666688507,-0.0506201309596759,-1.065412774796841,50.860324274984826,43.42067233331149,49.49379869040324,39.34587225203159,4,12,0,0.25,-18,-1.125,-1.1739661411952849,1.123346010235609
2020,BAL,6.819999669686584,0.6035290311519594,5.70693380148299,2.513332346720964,1553.353432669374,1.222549183899034,0.9616166409732576,1.3541013465008975,0.9560405234105138,62.22549183899034,59.61616640973258,63.54101346500897,59.56040523410514,11,5,0,0.6875,165,10.3125,0.8804746058964636,0.4736267406044339
2020,BUF,7.125711525763662,1.0062398320117452,5.438232705766856,2.4634758255465785,1592.1135348440464,1.2773509138487464,1.6032649919519748,1.290345829410278,1.6505830582864385,62.77350913848746,66.03264991951974,62.90345829410278,66.50583058286438,13,3,0,0.8125,126,7.875,1.467457676494106,-0.177111847083828
2020,CAR,-0.7574930189920264,-0.3613293875292868,-1.1913431362175155,2.613055923251383,1451.0129539401069,-0.1357877590953722,-0.5757143964684476,-0.282673568857157,-0.8777992120143147,48.64212240904628,44.242856035315526,47.17326431142843,41.22200787985685,5,11,0,0.3125,-52,-3.25,-0.8804746058964636,0.5978010370393066
2020,CHI,0.280974853243717,-0.1345740200455918,-0.0261697367124018,2.5644542611867247,1488.7481170574006,0.0503673891739412,-0.2144198711891404,-0.0062093721344074,-0.201622567088762,50.50367389173941,47.855801288108594,49.93790627865592,47.98377432911238,8,8,0,0.5,2,0.125,0.0,-0.0062093721344074
2020,CIN,-7.161575069025459,-0.6268654940302496,-5.008189679749795,2.612377481261153,1446.386304512826,-1.2837797918062226,-0.9987991622554332,-1.1883082272864012,-0.9607041746154112,37.16220208193778,40.01200837744567,38.116917727135984,40.39295825384589,4,11,1,0.28125,-113,-7.0625,-1.0272203735458743,-0.16108785374052692
2020,CLE,-1.1948804535842406,0.3663536787236353,-0.4579304283979347,2.5175887369217773,1550.144795254771,-0.2141935768529818,0.5837197148080793,-0.1086545299572673,0.8985449277231463,47.85806423147018,55.83719714808079,48.91345470042732,58.98544927723147,11,5,0,0.6875,-11,-0.6875,0.8804746058964636,-0.989129135853731
2020,DAL,-5.385065868241791,-0.546155438328359,-3.864982758328054,2.6129007862087774,1466.3731363350323,-0.9653237831848896,-0.8702019802629152,-0.917056082881982,-0.6025599990563263,40.3467621681511,41.29798019737085,40.82943917118018,43.974400009436735,6,10,0,0.375,-78,-4.875,-0.5869830705976424,-0.3300730122843396
2020,DEN,-5.810687772310035,-0.4374777187420525,-4.759417720218347,2.6121398036013392,1452.350921721743,-1.041620518767004,-0.6970432782569058,-1.1292813562745692,-0.853824158221834,39.58379481232996,43.029567217430944,38.70718643725431,41.46175841778166,5,11,0,0.3125,-123,-7.6875,-0.8804746058964636,-0.2488067503781055
2020,DET,-6.78062560014646,-0.6989728445492281,-5.351936149303614,2.612719707402816,1445.2102750636009,-1.2154910110376755,-1.1136894568667668,-1.269869985924078,-0.981777454326404,37.845089889623246,38.86310543133233,37.30130014075922,40.18222545673597,5,11,0,0.3125,-142,-8.875,-0.8804746058964636,-0.3893953800276144
2020,GB,8.346842289067895,0.9040362736198831,6.297880975380763,2.511839030681929,1574.956113568882,1.4962501059919922,1.4404217193943851,1.4943171597065696,1.343139109591857,64.96250105991992,64.40421719394385,64.9431715970657,63.43139109591857,13,3,0,0.8125,140,8.75,1.467457676494106,0.026859483212463564
2020,HOU,-5.437646635006174,-0.7176783064490716,-3.8089490502185206,2.612540000403251,1434.6364667888954,-0.9747493809282888,-1.143493298126313,-0.9037607964392268,-1.171249596822582,40.25250619071712,38.56506701873687,40.962392035607735,38.287504031774176,4,12,0,0.25,-80,-5.0,-1.1739661411952849,0.27020534475605806
2020,IND,2.987706753882283,0.3829292667073626,2.762825870002507,2.557462263518597,1543.2738192980146,0.5355745792662588,0.6101299791306505,0.6555440032869742,0.775423862753522,55.35574579266259,56.1012997913065,56.55544003286974,57.75423862753522,11,5,0,0.6875,89,5.5625,0.8804746058964636,-0.2249306026094895
2020,JAX,-11.563823146089344,-1.34241141530533,-8.466993049586577,2.612469476634588,1384.7157381614209,-2.07292422796466,-2.138894882200029,-2.0089889050893865,-2.0657794731250108,29.270757720353405,28.61105117799971,29.910110949106134,29.342205268749893,1,15,0,0.0625,-186,-11.625,-2.0544407470917485,0.045451842002361964
2020,KC,6.579540451845845,1.090492128924477,4.84845602166704,2.468390186535548,1602.420618001829,1.1794446040207034,1.7375061080700551,1.1504077418391785,1.8352757515957236,61.79444604020704,67.37506108070056,61.50407741839178,68.35275751595724,14,2,0,0.875,111,6.9375,1.7609492117929273,-0.6105414699537488
2020,LAC,-1.7412061226625275,-0.1511870597096829,-1.3970711862800356,2.612294149549917,1490.91523627186,-0.3121275993197964,-0.2408898081325986,-0.3314872820160992,-0.1627899431238915,46.87872400680204,47.59110191867401,46.68512717983901,48.37210056876109,7,9,0,0.4375,-42,-2.625,-0.2934915352988212,-0.03799574671727801
2020,LAR,5.051975872634562,0.4534981944947776,3.651100470334526,2.518285362152552,1534.2756372849794,0.905614263827498,0.7225690695361163,0.8663075891655371,0.6141853779723301,59.05614263827498,57.225690695361166,58.66307589165537,56.1418537797233,10,6,0,0.625,76,4.75,0.5869830705976424,0.27932451856789464
2020,MIA,2.936453311108689,0.3332250169948817,2.3736042103935566,2.612156181266277,1534.7055385764272,0.5263869168513495,0.5309350586155883,0.5631922095397194,0.6218887821419837,55.26386916851349,55.30935058615589,55.6319220953972,56.21888782141984,10,6,0,0.625,66,4.125,0.5869830705976424,-0.02379086105792305
2020,MIN,-2.209866714349773,-0.2319339866690285,-1.813752642463876,2.612450531262111,1483.6088428296066,-0.3961394250739186,-0.369545737944877,-0.4303545442811484,-0.293713256981911,46.03860574926082,46.30454262055123,45.69645455718852,47.06286743018089,7,9,0,0.4375,-45,-2.8125,-0.2934915352988212,-0.13686300898232717
2020,NE,-2.1131160639026856,-0.1362109278648494,-1.7067635141008055,2.612442442208807,1484.251777131845,-0.3787959596084396,-0.2170279939429586,-0.4049689120280207,-0.2821925128408601,46.2120404039156,47.829720060570416,45.950310879719794,47.1780748715914,7,9,0,0.4375,-27,-1.6875,-0.2934915352988212,-0.1114773767291995
2020,NO,9.17911156113736,0.8204061129172114,6.566388322562891,2.523469166355471,1560.746571379925,1.645442212829664,1.307171867161994,1.558026705499833,1.0885182263220088,66.45442212829664,63.07171867161994,65.58026705499833,60.88518226322009,12,4,0,0.75,145,9.0625,1.1739661411952849,0.38406056430454805
2020,NYG,-4.616333582157623,-0.4794525750296315,-3.398007391568027,2.613009725400368,1472.8409311932826,-0.8275212795914797,-0.7639227790351112,-0.8062554331971745,-0.4866635389370343,41.7247872040852,42.360772209648886,41.93744566802825,45.133364610629656,6,10,0,0.375,-77,-4.8125,-0.5869830705976424,-0.2192723625995321
2020,NYJ,-11.03475643803504,-1.0701227222683134,-8.559221565171821,2.612705691579783,1409.5475666481873,-1.9780840368375443,-1.705051065485059,-2.030872242356643,-1.6208177693327872,30.21915963162456,32.94948934514941,29.691277576433567,33.79182230667213,2,14,0,0.125,-214,-13.375,-1.7609492117929273,-0.2699230305637159
2020,OAK,-1.1568603162507043,0.0721236028168245,-1.1504370168488067,2.6128397635242515,1495.4219961347844,-0.2073781090934386,0.1149161897700685,-0.2729676508906824,-0.0820332824431073,47.92621890906561,51.14916189770069,47.27032349109317,49.17966717556893,8,8,0,0.5,-44,-2.75,0.0,-0.2729676508906824
2020,PHI,-4.648627644292676,-0.7088352896292186,-3.485591005809952,2.612917736199837,1442.144982973074,-0.8333102944331489,-1.129403516704952,-0.8270366607533076,-1.036704444175279,41.666897055668514,38.705964832950485,41.72963339246692,39.63295555824721,4,11,1,0.28125,-84,-5.25,-1.0272203735458743,0.20018371279256664
2020,PIT,3.46527092098029,0.5507009964358576,3.17902946372411,2.569516728273685,1544.5624538358718,0.6211824547827575,0.8774445222005225,0.754297881688452,0.7985149138147044,56.211824547827575,58.77444522200523,57.54297881688452,57.98514913814704,12,4,0,0.75,104,6.5,1.1739661411952849,-0.41966825950683284
2020,SEA,4.060094020269233,0.5427042296110496,3.0081219419395904,2.5699802200592274,1550.1061102792644,0.7278100984514573,0.8647030902961771,0.7137461399956692,0.897851731383547,57.27810098451457,58.647030902961774,57.13746139995669,58.97851731383547,12,4,0,0.75,88,5.5,1.1739661411952849,-0.4602200011996157
2020,SF,0.5126491886256896,-0.2378166622362002,0.1152588397421773,2.6147707564302776,1471.9660441687977,0.0918971961196061,-0.3789187397838139,0.0273478115429441,-0.5023406454879262,50.918971961196064,46.21081260216186,50.27347811542944,44.976593545120735,6,10,0,0.375,-14,-0.875,-0.5869830705976424,0.6143308821405865
2020,TB,10.826272115392744,1.05681910009032,7.943034333917106,2.4338122036603744,1593.3494684418054,1.9407112581210024,1.6838540992891473,1.884667644833215,1.6727297608430365,69.40711258121003,66.83854099289147,68.84667644833215,66.72729760843036,11,5,0,0.6875,137,8.5625,0.8804746058964636,1.0041930389367513
2020,TEN,1.5586611702498088,0.3710345972727183,1.546382806512553,2.564508404315726,1535.9362985494774,0.2794046970608703,0.5911779296403419,0.3669148991986475,0.6439427784821868,52.794046970608704,55.91177929640342,53.66914899198648,56.439427784821866,11,5,0,0.6875,52,3.25,0.8804746058964636,-0.5135597066978161
2020,WSH,-0.8560996153630869,-0.2373671960713149,-0.4720213024554489,2.5578088918033965,1474.233957889519,-0.1534639203503832,-0.378202595039487,-0.1119979140227521,-0.4617018840788063,48.46536079649617,46.21797404960513,48.88002085977248,45.38298115921194,7,9,0,0.4375,6,0.375,-0.2934915352988212,0.1814936212760691
2021,ARI,4.562597701824454,0.3916176236028616,3.0497839224590484,2.654835073397521,1521.2059235655352,0.8071469259013638,0.7431579701263603,0.7362079271618863,0.4547023224386626,58.07146925901364,57.4315797012636,57.36207927161886,54.54702322438663,11,6,0,0.6470588235294118,83,4.882352941176471,0.8813052984784636,-0.1450973713165773
2021,ATL,-8.26453870318604,-0.5148732733557406,-5.745892450081613,2.699903023710982,1475.2282879260958,-1.4620392689020176,-0.977055560419296,-1.3870397634462333,-0.5311607851446023,35.37960731097982,40.22944439580704,36.129602365537664,44.68839214855397,7,10,0,0.4117647058823529,-146,-8.588235294117647,-0.5287831790870782,-0.8582565843591551
2021,BAL,0.2362724565337599,0.0242923817666418,-0.0144232698838794,2.698536209059986,1482.6656061714036,0.0417978089302353,0.0460987351824077,-0.0034817304747111,-0.3716880855281098,50.41797808930235,50.46098735182408,49.96518269525289,46.2831191447189,8,9,0,0.47058823529411764,-5,-0.29411764705882354,-0.17626105969569272,0.17277932922098163
2021,BUF,9.253685499401112,0.5702024907955359,7.158751614289079,2.610608221438488,1539.1156863553372,1.6370244085103,1.0820517261764742,1.7280993739297743,0.8387276024356106,66.370244085103,60.82051726176474,67.28099373929774,58.387276024356105,11,6,0,0.6470588235294118,194,11.411764705882353,0.8813052984784636,0.8467940754513107
2021,CAR,-6.098237402419177,-0.6170925056450568,-4.231159369052902,2.6990446102414767,1437.538480600297,-1.0788094621647475,-1.1710331359868325,-1.021388120529665,-1.3393143593260814,39.211905378352526,38.28966864013168,39.78611879470335,36.60685640673918,5,12,0,0.29411764705882354,-100,-5.882352941176471,-1.2338274178698487,0.21243929734018363
2021,CHI,-4.305493244969731,-0.4547745630487115,-3.3741647476138428,2.699365891122637,1460.6204035449805,-0.7616638293086374,-0.8630085082256582,-0.8145124041248719,-0.8443864238903671,42.383361706913625,41.369914917743415,41.85487595875128,41.55613576109633,6,11,0,0.35294117647058826,-96,-5.647058823529412,-0.8813052984784633,0.06679289435359137
2021,CIN,4.013675309363184,0.4643057968681736,3.0199404359997444,2.517242837989537,1546.09980127276,0.7100397403486319,0.8810955705823161,0.7290038065211779,0.9884826113752808,57.10039740348632,58.81095570582316,57.29003806521178,59.88482611375281,10,7,0,0.5882352941176471,84,4.9411764705882355,0.5287831790870782,0.20022062743409974
2021,CLE,-0.5544927973540584,-0.0384981934792696,-0.5295571528229627,2.6983063144605577,1492.610908054246,-0.0980926187377442,-0.0730565674148501,-0.1278333756442646,-0.1584386201366733,49.01907381262256,49.2694343258515,48.72166624355735,48.41561379863327,8,9,0,0.47058823529411764,-22,-1.2941176470588236,-0.17626105969569272,0.04842768405142811
2021,DAL,7.318895841700419,0.5831075305140325,5.482930468309973,2.644086768923382,1545.462506975313,1.2947501983921472,1.1065411325350698,1.3235615956662712,0.97481759951053,62.94750198392147,61.065411325350695,63.23561595666271,59.7481759951053,12,5,0,0.7058823529411765,172,10.117647058823529,1.2338274178698492,0.08973417779642201
2021,DEN,-0.4499439203789335,-0.2233933968132418,-0.1428271727485174,2.6968460936950587,1467.4722766231,-0.0795973863785186,-0.4239252099739982,-0.0344780153168352,-0.697466975084117,49.204026136214814,45.760747900260014,49.65521984683165,43.02533024915883,7,10,0,0.4117647058823529,13,0.7647058823529411,-0.5287831790870782,0.494305163770243
2021,DET,-6.782586848835709,-0.834462133928503,-5.153087814132388,2.699103656913925,1429.2155524967295,-1.1998743878969738,-1.583527267982446,-1.243938650927992,-1.5177765105493737,38.001256121030266,34.16472732017554,37.56061349072008,34.822234894506266,3,13,1,0.20588235294117646,-142,-8.352941176470589,-1.762610596956927,0.5186719460289351
2021,GB,5.016368669630007,0.655036418490097,3.454675350395773,2.6519147300558474,1558.1106785055808,0.8874213365909327,1.2430378659812298,0.833947401979029,1.246022621618709,58.87421336590933,62.4303786598123,58.33947401979029,62.46022621618709,13,4,0,0.7647058823529411,79,4.647058823529412,1.586349537261234,-0.752402135282205
2021,HOU,-8.787830115713966,-0.8303781394909828,-6.42814067045518,2.697087831830297,1427.6046664057114,-1.5546122026944498,-1.5757772260198997,-1.5517322665551498,-1.5523175030464185,34.4538779730555,34.242227739801,34.4826773344485,34.47682496953581,4,13,0,0.23529411764705882,-172,-10.117647058823529,-1.5863495372612342,0.034617270706084335
2021,IND,4.431294089066361,0.1871860521119951,3.2696541277975166,2.697051175474224,1508.5967937853145,0.7839186436105409,0.3552158997435398,0.7892838801580501,0.1843344425734809,57.83918643610541,53.5521589974354,57.8928388015805,51.843344425734806,9,8,0,0.5294117647058824,86,5.0588235294117645,0.17626105969569272,0.6130228204623573
2021,JAX,-10.39739856065636,-1.0813046232662156,-7.613073756569891,2.697047502222917,1411.4233738767591,-1.8393531128657747,-2.0519509350010203,-1.8377712625410243,-1.8992805235550856,31.60646887134225,29.4804906499898,31.622287374589757,31.007194764449142,3,14,0,0.17647058823529413,-204,-12.0,-1.9388716566526194,0.1011003941115951
2021,KC,7.222477565177773,0.7983365265809155,5.216504173150046,2.5657586204490146,1566.819926348254,1.2776933109385715,1.514973067640225,1.2592471538933083,1.4327683301241183,62.77693310938572,65.14973067640226,62.59247153893308,64.32768330124118,12,5,0,0.7058823529411765,116,6.823529411764706,1.2338274178698492,0.02541973602345915
2021,LAC,0.9250676892543372,0.1133155463716111,0.6272223330359676,2.696789774490724,1502.9834037170567,0.1636492170532035,0.215034631614752,0.1514094327383453,0.0639708331837323,51.63649217053204,52.15034631614752,51.514094327383454,50.639708331837326,9,8,0,0.5294117647058824,15,0.8823529411764706,0.17626105969569272,-0.02485162695734741
2021,LAR,6.94031086415625,0.8280514990253914,4.930820632364105,2.52568196082487,1592.0174433887453,1.2277765748585576,1.571362048302116,1.1902840756117812,1.9730593239396477,62.27776574858558,65.71362048302116,61.90284075611781,69.73059323939647,12,5,0,0.7058823529411765,88,5.176470588235294,1.2338274178698492,-0.043543342258067996
2021,MIA,-2.637048162789851,-0.0063453446981565,-1.5812014484323762,2.699762192966937,1512.395692603898,-0.4665073401493503,-0.0120413209248624,-0.3816968907873199,0.2657913105180008,45.3349265985065,49.879586790751375,46.1830310921268,52.65791310518001,9,8,0,0.5294117647058824,-32,-1.8823529411764706,0.17626105969569272,-0.5579579504830126
2021,MIN,0.6234851304449844,0.0327554965413304,0.2296652947648592,2.6992925876683898,1497.3851601568906,0.1102977161853758,0.0621588683782571,0.0554404557499036,-0.0560680012729728,51.10297716185376,50.62158868378257,50.55440455749903,49.439319987270274,8,9,0,0.47058823529411764,-1,-0.058823529411764705,-0.17626105969569272,0.2317015154455963
2021,NE,4.935249380453933,0.2156032144689807,3.8185388896371895,2.656281584428315,1516.0618972608534,0.8730709184369082,0.4091420752299239,0.9217828778047128,0.3444029195290983,58.73070918436908,54.09142075229924,59.21782877804713,53.44402919529098,10,7,0,0.5882352941176471,159,9.352941176470589,0.5287831790870782,0.3929996987176346
2021,NO,1.1435809420550151,0.1290010243641735,1.0006605126431047,2.6994877245334936,1510.717031309602,0.2023053317915791,0.2448003706491002,0.2415561956309779,0.2297970664217506,52.02305331791579,52.448003706491,52.41556195630978,52.29797066421751,9,8,0,0.5294117647058824,29,1.7058823529411764,0.17626105969569272,0.06529513593528519
2021,NYG,-8.704287928117946,-0.7888475890955792,-6.308275982654239,2.696904118800951,1427.0769093486508,-1.5398331613877312,-1.496966269439004,-1.5227973204771714,-1.5636337920440302,34.60166838612269,35.03033730560996,34.772026795228285,34.3636620795597,4,13,0,0.23529411764705882,-158,-9.294117647058824,-1.5863495372612342,0.06355221678406275
2021,NYJ,-10.17433077835386,-0.9475728590644924,-7.314580819076077,2.699964637221149,1422.6122607310251,-1.7998912785074443,-1.798173218075915,-1.7657160375244283,-1.6593658213061917,32.001087214925555,32.018267819240855,32.34283962475572,33.406341786938086,4,13,0,0.23529411764705882,-194,-11.411764705882353,-1.5863495372612342,-0.17936650026319412
2021,OAK,-2.6150422979453185,0.0653749977407804,-2.0621161916921564,2.649568211342559,1518.5873328999137,-0.4626143898342342,0.1240596635337397,-0.4977881468496182,0.3985538951610395,45.37385610165766,51.2405966353374,45.02211853150382,53.9855389516104,10,7,0,0.5882352941176471,-65,-3.823529411764706,0.5287831790870782,-1.0265713259366964
2021,PHI,1.1448411457684473,0.0035193656736579,1.0563406959837225,2.651027877964096,1505.2132110076182,0.2025282682895525,0.0066785672874117,0.2549972109302316,0.1117828773267557,52.02528268289552,50.06678567287412,52.54997210930232,51.11782877326756,9,8,0,0.5294117647058824,59,3.4705882352941178,0.17626105969569272,0.07873615123453886
2021,PIT,-2.439639222988891,0.0520039495209298,-2.1579467553362983,2.652143359609111,1512.4824190435488,-0.4315846865824848,0.0986859304465824,-0.5209213334664338,0.267650918914882,45.68415313417516,50.986859304465824,44.79078666533566,52.67650918914882,9,7,1,0.5588235294117647,-55,-3.235294117647059,0.35252211939138545,-0.8734434528578192
2021,SEA,2.419706214368405,-0.0400668743831598,1.519111896399458,2.696632465111985,1479.201015864114,0.4280584351609418,-0.0760333939059205,0.3667086747160277,-0.4459766329782869,54.28058435160942,49.23966606094079,53.66708674716028,45.540233670217134,7,10,0,0.4117647058823529,29,1.7058823529411764,-0.5287831790870782,0.8954918538031058
2021,SF,5.027169061699648,0.4345158025197796,3.444642288735043,2.5656599115286376,1548.0493992583183,0.8893319813216863,0.8245642236874712,0.8315254535013225,1.0302863427296582,58.89331981321686,58.24564223687472,58.31525453501322,60.302863427296586,10,7,0,0.5882352941176471,62,3.6470588235294117,0.5287831790870782,0.3027422744142443
2021,TB,7.81446722171926,0.7042420880869568,6.049656054722493,2.605354757830988,1564.5439841342877,1.3824193163130534,1.3364136063268526,1.4603673103825958,1.3839670502728312,63.82419316313053,63.364136063268525,64.60367310382595,63.83967050272831,13,4,0,0.7647058823529411,158,9.294117647058824,1.586349537261234,-0.12598222687863814
2021,TEN,3.165382027789182,0.454168639343868,2.307272187833543,2.6458217511790774,1541.7981806140758,0.5599723096366398,0.8618586697010273,0.5569680075674317,0.8962462653510619,55.5997230963664,58.61858669701027,55.56968007567431,58.96246265351062,12,5,0,0.7058823529411765,65,3.823529411764706,1.2338274178698492,-0.6768594103024175
2021,WSH,-3.983656826696761,-0.3290269481186035,-2.9797232779682403,2.696856132047424,1479.0837861539835,-0.7047293168601131,-0.6243820097551552,-0.7192955152771091,-0.4484902995625504,42.95270683139887,43.75617990244845,42.80704484722891,45.515097004374496,7,10,0,0.4117647058823529,-99,-5.823529411764706,-0.5287831790870782,-0.19051233619003094
2022,ARI,-6.280247285114534,-0.7409978181855796,-4.17028870533904,2.2275806658786914,1420.9632408666737,-1.3836507714893396,-1.3303414329440246,-1.3412785984301898,-1.5147063398778684,36.16349228510661,36.69658567055976,36.5872140156981,34.85293660122132,4,13,0,0.23529411764705882,-109,-6.411764705882353,-1.4686572785204088,0.12737868009021902
2022,ATL,-2.2478639633667576,-0.2902776304156861,-1.3536808374173248,2.2280780762509447,1470.9086457825704,-0.4952446242821434,-0.5211464181424698,-0.4353806809606261,-0.5575236023334516,45.04755375717856,44.788535818575305,45.64619319039374,44.42476397666549,7,10,0,0.4117647058823529,-21,-1.2352941176470589,-0.4933621726806565,0.05798149172003042
2022,BAL,3.1233447839482937,0.3192313152092554,1.7529083518954354,2.1941110153440886,1511.5765943266506,0.6881287031770832,0.5731280644739032,0.5637831391377808,0.2218605749154259,56.88128703177083,55.73128064473903,55.63783139137781,52.21860574915426,10,7,0,0.5882352941176471,35,2.0588235294117645,0.48193293315909624,0.08185020597868453
2022,BUF,8.599977883436512,0.9346651880819512,5.598213478151356,2.1939013321826173,1580.265095152508,1.8947289004705448,1.678039793262157,1.800538154127001,1.5382468845074393,68.94728900470545,66.78039793262157,68.00538154127001,65.38246884507438,13,3,0,0.8125,169,10.5625,1.721370463497115,0.07916769062988593
2022,CAR,-2.321524840571256,-0.2992418577178496,-1.4587959621737303,2.2281087198881635,1480.3619042111063,-0.5114734326308463,-0.5372402347526145,-0.4691885722528007,-0.3763558693542581,44.885265673691535,44.62759765247385,45.308114277472,46.23644130645742,7,10,0,0.4117647058823529,-27,-1.588235294117647,-0.4933621726806565,0.024173600427855824
2022,CHI,-6.459469209318016,-0.8425459843316354,-4.792135535396837,2.228616158485533,1407.5725500644933,-1.4231365659865909,-1.5126546996610233,-1.541281500768907,-1.7713333128942064,35.76863434013409,34.87345300338977,34.58718499231093,32.28666687105793,3,14,0,0.17647058823529413,-137,-8.058823529411764,-1.7937556471336595,0.2524741463647526
2022,CIN,8.014377293706415,0.979246287254273,5.206773129328999,2.1582820868517705,1586.0209678535723,1.7657106196641257,1.7580779281926333,1.674640260831196,1.6485557707451088,67.65710619664125,67.58077928192634,66.74640260831197,66.4855577074511,12,4,0,0.75,96,6.0,1.3759534468455359,0.2986868139856602
2022,CLE,-0.215393936461478,-0.1103799644541952,-0.4736838769075154,2.2272700488732022,1478.3490471340303,-0.0474551355749066,-0.1981693285411649,-0.1523496552418768,-0.4149314310213538,49.525448644250936,48.01830671458835,48.47650344758123,45.85068568978646,7,10,0,0.4117647058823529,-20,-1.1764705882352942,-0.4933621726806565,0.3410125174387797
2022,DAL,6.198327726503943,0.6739233964159674,4.423577540257287,2.149455828540097,1556.5698887988358,1.3656024279567105,1.209920184485598,1.422743196567534,1.0841381927773437,63.65602427956711,62.09920184485598,64.22743196567534,60.84138192777343,12,5,0,0.7058823529411765,125,7.352941176470588,1.132129670385598,0.2906135261819358
2022,DEN,-4.528500866294354,-0.7328349924575499,-2.7710608547554147,2.227348089703312,1443.2748417010723,-0.9977097131493052,-1.3156864029164197,-0.8912487556731253,-1.0871138676248169,40.02290286850695,36.8431359708358,41.08751244326875,39.12886132375184,5,12,0,0.29411764705882354,-72,-4.235294117647059,-1.143558909907158,0.2523101542340326
2022,DET,1.9493405683571432,0.156472018463839,1.1065309459338668,2.2282341732819675,1516.1622855581402,0.4294745825846314,0.2809201378872271,0.3558905344806675,0.3097434240760618,54.29474582584631,52.809201378872274,53.55890534480668,53.09743424076062,9,8,0,0.5294117647058824,26,1.5294117647058822,0.15683456454584532,0.19905596993482216
2022,GB,0.2599826825675591,-0.071510017293416,-0.0004350244180674,2.2282490752194657,1497.4079048681808,0.0572788336155319,-0.1283846410086857,-0.0001399157187863,-0.0496764160472457,50.57278833615532,48.71615358991314,49.99860084281214,49.50323583952754,8,9,0,0.47058823529411764,-1,-0.058823529411764705,-0.16826380406740557,0.16812388834861927
2022,HOU,-8.199840675027035,-1.0223604549737717,-5.387785765569106,2.228061441121304,1426.6998553894034,-1.8065715187652696,-1.83548242555619,-1.7328588620334255,-1.4047665285508846,31.934284812347304,31.6451757444381,32.67141137966574,35.95233471449116,3,13,1,0.20588235294117646,-131,-7.705882352941177,-1.6312064628270344,-0.10165239920639113
2022,IND,-7.887149738104049,-0.7246886288657217,-5.222306852161289,2.228136192588268,1429.715049625933,-1.7376801142601166,-1.3010609279851,-1.679636329799331,-1.3469815956144215,32.62319885739883,36.98939072014901,33.20363670200669,36.53018404385578,4,12,1,0.2647058823529412,-138,-8.117647058823529,-1.3061080942137835,-0.3735282355855476
2022,JAX,1.983870996921661,0.1024130871478806,1.6644135342410178,2.1559081443535497,1520.8219983481044,0.4370822534221151,0.183866092132556,0.5353207919530665,0.3990448653593845,54.37082253422115,51.83866092132556,55.35320791953066,53.990448653593845,9,8,0,0.5294117647058824,54,3.176470588235294,0.15683456454584532,0.37848622740722115
2022,KC,6.626305026444095,1.159489050253969,4.940176885200867,2.116476874512238,1612.5815202264164,1.4598934796236855,2.0816745835700354,1.5888956369126797,2.157577617174048,64.59893479623686,70.81674583570035,65.8889563691268,71.57577617174049,14,3,0,0.8235294117647058,127,7.470588235294118,1.7823264076120993,-0.1934307706994196
2022,LAC,-0.6396129798030303,0.014442231885965,-0.0363379780627948,2.190801307664483,1514.1601261784465,-0.1409181761133341,0.0259286856054854,-0.0116872849170991,0.2713728792925621,48.59081823886666,50.25928685605486,49.88312715082901,52.71372879292562,10,7,0,0.5882352941176471,7,0.4117647058823529,0.48193293315909624,-0.4936202180761953
2022,LAR,-4.905590007216645,-0.6625513238028007,-3.269286337002436,2.227887630244757,1437.4363224014612,-1.0807891934739189,-1.1895034720413045,-1.0514916606007736,-1.1990066412607143,39.19210806526081,38.10496527958696,39.48508339399226,38.00993358739286,5,12,0,0.29411764705882354,-77,-4.529411764705882,-1.143558909907158,0.09206724930638432
2022,MIA,1.8773386678568624,0.0931135179525328,0.7458200092618937,2.194416416334129,1495.6903784007209,0.4136112764673635,0.167170223527444,0.2398760583225975,-0.0825920904460542,54.13611276467363,51.67170223527444,52.39876058322598,49.174079095539454,9,8,0,0.5294117647058824,-2,-0.11764705882352941,0.15683456454584532,0.08304149377675218
2022,MIN,-0.3249986756558833,0.4581099451607101,-0.3448040305287695,2.1924789940364207,1554.693707444418,-0.0716030194177418,0.8224621259793984,-0.1108983812580224,1.0481819640116432,49.28396980582258,58.22462125979399,48.89101618741977,60.481819640116434,13,4,0,0.7647058823529411,-3,-0.17647058823529413,1.4572280389988483,-1.5681264202568708
2022,NE,1.742064872071846,-0.0472991702428934,0.8725395836262971,2.227838877062319,1496.1527579386673,0.3838080404795284,-0.0849179908141579,0.2806325299020248,-0.073730780528529,53.838080404795285,49.15082009185842,52.80632529902024,49.26269219471471,8,9,0,0.47058823529411764,17,1.0,-0.16826380406740557,0.4488963339694304
2022,NO,-1.1047866051420168,-0.2526224069424316,-0.6812067786162643,2.2279835446791814,1477.6760081282166,-0.2434042433582234,-0.4535425700287213,-0.2190946809255237,-0.4278299412875889,47.565957566417765,45.46457429971279,47.80905319074476,45.72170058712411,7,10,0,0.4117647058823529,-15,-0.8823529411764706,-0.4933621726806565,0.2742674917551328
2022,NYG,-0.7048797160104489,0.1683881995131286,-0.618811493029508,2.157229331041943,1518.541348447004,-0.1552976051081175,0.3023137088037371,-0.199026655157113,0.3553371665352067,48.447023948918826,53.02313708803737,48.00973344842887,53.55337166535207,9,7,1,0.5588235294117647,-6,-0.35294117647058826,0.3193837488524708,-0.5184104040095838
2022,NYJ,0.5165329086801191,-0.1989417480739148,-0.1352518823482477,2.227704299241101,1470.244738450207,0.1138014356996526,-0.3571676511181817,-0.0435006945583542,-0.5702471079079374,51.13801435699653,46.42832348881818,49.564993054416455,44.29752892092063,7,10,0,0.4117647058823529,-20,-1.1764705882352942,-0.4933621726806565,0.4498614781223023
2022,OAK,-2.3637486811685604,-0.4178618190156276,-1.228767466445748,2.2276172103997234,1461.727110853059,-0.5207760997019628,-0.7502031415463956,-0.3952051336592011,-0.7334838684177535,44.79223900298037,42.497968584536046,46.04794866340799,42.66516131582247,6,11,0,0.35294117647058826,-23,-1.3529411764705883,-0.8184605412939071,0.423255407634706
2022,PHI,8.437904840712687,1.001480589449384,6.138215932579547,2.118076263719173,1586.75906568089,1.8590213111955227,1.7979960125875138,1.9742176728368264,1.6627011060390602,68.59021311195522,67.97996012587514,69.74217672836826,66.6270110603906,14,3,0,0.8235294117647058,133,7.823529411764706,1.7823264076120993,0.1918912652247271
2022,PIT,-0.2734628728019371,0.117399396501203,-0.5914943010937492,2.227493830619294,1518.9166337073789,-0.0602487605580312,0.2107715806108611,-0.1902407011137552,0.3625293511513986,49.397512394419685,52.107715806108615,48.097592988862445,53.62529351151399,9,8,0,0.5294117647058824,-38,-2.235294117647059,0.15683456454584532,-0.34707526565960056
2022,SEA,-1.2716231394569153,-0.0796810488516976,-0.6538913844831669,2.193295413607564,1495.7145815765834,-0.2801613150048389,-0.1430544032739678,-0.2103093051045395,-0.0821282467317343,47.19838684995161,48.569455967260325,47.8969069489546,49.178717532682654,9,8,0,0.5294117647058824,6,0.35294117647058826,0.15683456454584532,-0.3671438696503848
2022,SF,7.071041879458828,0.725939975499375,5.445900145596286,2.1189465846295445,1582.5642338635232,1.5578769605038263,1.3033075179653515,1.7515500318058423,1.582308913619221,65.57876960503826,63.03307517965352,67.51550031805843,65.82308913619221,13,4,0,0.7647058823529411,173,10.176470588235293,1.4572280389988483,0.294321992806994
2022,TB,-2.82709943974433,-0.1784016463821656,-2.0843372518430376,2.189653116242369,1478.6002795282395,-0.6228605568049671,-0.3202912290197646,-0.6703797135744299,-0.4101166675560476,43.77139443195033,46.79708770980236,43.2962028642557,45.89883332443952,8,9,0,0.47058823529411764,-45,-2.6470588235294117,-0.16826380406740557,-0.5021159095070243
2022,TEN,-3.0592163414674105,-0.2327693748928663,-1.9965219998825297,2.2281039175116395,1467.9387047003183,-0.6740000606436283,-0.4178996700674589,-0.6421359332530365,-0.6144412775478701,43.25999939356372,45.82100329932541,43.57864066746964,43.8555872245213,7,10,0,0.4117647058823529,-61,-3.588235294117647,-0.4933621726806565,-0.14877376057238
2022,WSH,-0.7854011579413128,0.0006516881103688,-0.6241852185981434,2.2274256266864065,1503.9326127931745,-0.1730379185370404,0.0011700003337438,-0.2007549918762999,0.0753668747988238,48.2696208146296,50.01170000333744,47.992450081237,50.75366874798824,8,8,1,0.5,-22,-1.2941176470588236,-0.0057146197607801244,-0.19504037211551975
2023,ARI,-6.191142003051155,-0.6884370483138075,-4.507252199933635,2.524566866361114,1435.1764771281082,-1.2058080626338237,-1.3367136921752971,-1.2628207619172351,-1.460920354341364,37.94191937366176,36.63286307824703,37.37179238082765,35.39079645658636,4,13,0,0.23529411764705882,-125,-7.352941176470588,-1.6641005886756872,0.4012798267584521
2023,ATL,-4.507918149449511,-0.4415623257906684,-2.7737895351875927,2.524533464644202,1466.603331940707,-0.8779776085931674,-0.8573658379932336,-0.7771473303125184,-0.7526569056023813,41.22022391406833,41.42634162006766,42.228526696874816,42.47343094397618,7,10,0,0.4117647058823529,-52,-3.0588235294117645,-0.5547001962252293,-0.2224471340872891
2023,BAL,11.2252485622201,0.9901040654849518,7.633785629100761,2.441182678939377,1570.337281289784,2.1862679316228077,1.9224497929822089,2.138798220475836,1.5851833000245048,71.86267931622808,69.22449792982209,71.38798220475836,65.85183300024505,13,4,0,0.7647058823529411,203,11.941176470588236,1.664100588675687,0.4746976318001488
2023,BUF,6.3576055760377645,0.503596268191603,4.811485464545079,2.438841166247099,1544.0033214774066,1.238229079361136,0.9778149340871224,1.348059409761889,0.9916978460429328,62.38229079361136,59.77814934087122,63.48059409761889,59.91697846042933,11,6,0,0.6470588235294118,140,8.235294117647058,0.9245003270420487,0.42355908271984033
2023,CAR,-9.69170800916545,-1.2474795064598678,-6.811974655871622,2.524875432341305,1394.4703947160688,-1.887590310864324,-2.422186518109768,-1.908547080018144,-2.378308698982405,31.12409689135676,25.77813481890232,30.91452919981856,26.21691301017595,2,15,0,0.11764705882352941,-180,-10.588235294117647,-2.403700850309326,0.4951537702911817
2023,CHI,-1.060627387188737,-0.2597839950218755,-0.710020537296481,2.5236945526298475,1482.2893490288734,-0.2065714296800402,-0.5044133287194206,-0.1989302209223684,-0.3991429244517917,47.9342857031996,44.95586671280579,48.01069779077631,46.00857075548208,7,10,0,0.4117647058823529,-19,-1.1176470588235294,-0.5547001962252293,0.35576997530286086
2023,CIN,1.1809157029386976,0.2036475943570348,0.2029781006295271,2.526247404335562,1514.0228115491325,0.2299991948484799,0.3954152793234406,0.0568694513462689,0.3160305072852474,52.2999919484848,53.95415279323441,50.56869451346269,53.16030507285247,9,8,0,0.5294117647058824,-18,-1.0588235294117647,0.18490006540840973,-0.12803061406214084
2023,CLE,1.425375404227193,0.2846440091832306,0.6463036016562211,2.48317696772576,1532.6103785659495,0.2776110051828985,0.5526831326158659,0.181078309016162,0.734936388815591,52.77611005182899,55.52683132615866,51.81078309016162,57.34936388815591,11,6,0,0.6470588235294118,34,2.0,0.9245003270420487,-0.7434220180258866
2023,DAL,6.196523024698976,0.4247980568406662,4.928065990098929,2.4781968099966645,1545.8512292501362,1.2068560888759856,0.8248152541749111,1.380722394120029,1.0333439331194,62.068560888759855,58.24815254174911,63.80722394120029,60.333439331194,12,5,0,0.7058823529411765,194,11.411764705882353,1.2943004578588682,0.0864219362611609
2023,DEN,-1.804517846133068,-0.0877412634713148,-1.3344543661710515,2.5251860634069008,1493.247570942913,-0.3514540882702308,-0.1703640856315525,-0.3738811596690158,-0.1521787248471498,46.485459117297694,48.29635914368448,46.261188403309845,48.4782127515285,8,9,0,0.47058823529411764,-56,-3.2941176470588234,-0.18490006540840973,-0.18898109426060608
2023,DET,5.240142610459696,0.6518682456040638,3.499339940567358,2.3944704803495536,1561.501658836457,1.020588157391541,1.2657093506624475,0.9804286367689264,1.386055882792787,60.205881573915406,62.65709350662448,59.80428636768927,63.86055882792787,12,5,0,0.7058823529411765,66,3.8823529411764706,1.2943004578588682,-0.3138718210899417
2023,GB,3.4824071605894127,0.2498602346367632,2.3582897972630943,2.434245603573658,1517.4535598684206,0.6782455691604298,0.4851447166987035,0.6607345643195355,0.3933488915417704,56.7824556916043,54.85144716698704,56.60734564319536,53.933488915417705,9,8,0,0.5294117647058824,33,1.9411764705882353,0.18490006540840973,0.4758344989111257
2023,HOU,1.147000644833556,0.2256493479671716,0.77334008219446,2.4441279933746367,1526.2836424252391,0.2233937817457405,0.4381353005288236,0.2166707937559653,0.5923514567566336,52.2339378174574,54.38135300528823,52.16670793755965,55.923514567566336,10,7,0,0.5882352941176471,24,1.411764705882353,0.5547001962252293,-0.33802940246926394
2023,IND,-1.564983521098931,-0.0298412189681618,-1.1320135530100552,2.527126920879768,1502.4861489350394,-0.3048015611175069,-0.0579416318218838,-0.3171622430033635,0.0560300554831166,46.95198438882493,49.42058368178116,46.82837756996637,50.560300554831166,9,8,0,0.5294117647058824,-19,-1.1176470588235294,0.18490006540840973,-0.5020623084117732
2023,JAX,1.5121463117700416,0.1362906304021351,0.775815468443277,2.526718563443465,1499.97401689921,0.2945108049073527,0.2646306619028639,0.2173643358543676,-0.0005855781841414,52.945108049073525,52.64630661902864,52.17364335854368,49.99414421815859,9,8,0,0.5294117647058824,6,0.35294117647058826,0.18490006540840973,0.03246427044595787
2023,KC,6.529992713844043,0.7969484689129569,4.502965447332722,2.3594041536286934,1577.0243617201518,1.2718037899006027,1.5474064519963209,1.2616197196978265,1.7358892703116924,62.71803789900603,65.4740645199632,62.61619719697826,67.35889270311692,11,6,0,0.6470588235294118,77,4.529411764705882,0.9245003270420487,0.33711939265577784
2023,LAC,-0.8371536990547398,-0.4237550753223412,-0.8842636098200397,2.52552798081722,1437.2956142816204,-0.163046927285217,-0.8227901341154291,-0.2477488269915473,-1.4131616015916066,48.36953072714783,41.77209865884571,47.52251173008453,35.868383984083934,5,12,0,0.29411764705882354,-52,-3.0588235294117645,-1.2943004578588677,1.0465516308673204
2023,LAR,2.4823671591460483,0.2344725108029041,1.5805541982552849,2.4782138778118266,1525.9642628518943,0.4834743466456704,0.4552669214950443,0.4428322552977195,0.585153635675814,54.83474346645671,54.55266921495044,54.42832255297719,55.85153635675814,10,7,0,0.5882352941176471,27,1.588235294117647,0.5547001962252293,-0.11186794092750973
2023,MIA,2.675974696870928,0.2990519784935415,2.1854172928201963,2.483263212844236,1524.1998382268723,0.5211820150952539,0.5806585733634346,0.6122999575810141,0.5453889987940768,55.21182015095254,55.80658573363435,56.12299957581014,55.45388998794077,11,6,0,0.6470588235294118,105,6.176470588235294,0.9245003270420487,-0.3122003694610346
2023,MIN,0.1549396630082219,-0.1312029893781412,-0.1259541635222048,2.524381961738207,1474.4935496916073,0.0301765804733615,-0.2547521705661434,-0.0352892462392282,-0.5748359665081555,50.30176580473361,47.45247829433856,49.64710753760772,44.25164033491845,7,10,0,0.4117647058823529,-18,-1.0588235294117647,-0.5547001962252293,0.519410949986001
2023,NE,-7.065635335176384,-0.863759250479883,-4.754254013953643,2.5260043299003696,1428.3765445381923,-1.3761273849941325,-1.6771305665310965,-1.3320245706103182,-1.6141696608992602,36.23872615005868,33.22869433468904,36.67975429389682,33.8583033910074,4,13,0,0.23529411764705882,-130,-7.647058823529412,-1.6641005886756872,0.332076018065369
2023,NO,2.2263975780453715,0.0136599938000683,1.9337737322071007,2.524954262398832,1507.7448914468682,0.4336208326206186,0.0265231233448346,0.5417956461183288,0.1745457367266951,54.33620832620619,50.26523123344835,55.41795646118329,51.74545736726695,9,8,0,0.5294117647058824,75,4.411764705882353,0.18490006540840973,0.356895580709919
2023,NYG,-7.570187694111905,-0.5275498340544611,-5.031333526990598,2.525805020847282,1466.1007332336587,-1.4743957338909166,-1.024324719613235,-1.4096554078131125,-0.7639839154386647,35.25604266109083,39.75675280386765,35.90344592186888,42.36016084561335,6,11,0,0.35294117647058826,-141,-8.294117647058824,-0.9245003270420483,-0.4851550807710642
2023,NYJ,-5.642740251005386,-0.3521099615530171,-3.703634298834565,2.525921076322025,1475.370024860236,-1.098999455457084,-0.6836793689590798,-1.0376668710009027,-0.5550829454257461,39.01000544542916,43.1632063104092,39.62333128999097,44.44917054574254,7,10,0,0.4117647058823529,-87,-5.117647058823529,-0.5547001962252293,-0.48296667477567345
2023,OAK,-0.7526758790041671,-0.1249799238502991,-0.5776224858976454,2.525354074349761,1492.493776811731,-0.1465937371499385,-0.2426690659180931,-0.1618355564289335,-0.1691668973567333,48.53406262850061,47.573309340819065,48.38164443571066,48.30833102643267,8,9,0,0.47058823529411764,1,0.058823529411764705,-0.18490006540840973,0.023064508979476234
2023,PHI,-1.4173402239183983,0.2486275143235024,-0.725395398328495,2.4817687170462066,1521.5326296748317,-0.2760460458916584,0.4827511875802543,-0.2032378773084711,0.4852784233375382,47.23953954108342,54.82751187580254,47.96762122691529,54.85278423337538,11,6,0,0.6470588235294118,5,0.29411764705882354,0.9245003270420487,-1.1277382043505197
2023,PIT,-0.1054952776758125,0.2008351993112796,-0.56035198027634,2.477863206360184,1518.0130614930226,-0.0205466223079033,0.3899545520504463,-0.1569967872409759,0.4059583159521583,49.79453377692096,53.89954552050446,48.43003212759024,54.05958315952158,10,7,0,0.5882352941176471,-20,-1.1764705882352942,0.5547001962252293,-0.7116969834662051
2023,SEA,-1.469959748717869,0.0503993398655677,-1.1120411841725613,2.5248113499526426,1509.3912616848138,-0.286294405115836,0.0978586028162039,-0.3115664784634898,0.2116497953282287,47.13705594884164,50.97858602816204,46.8843352153651,52.11649795328229,9,8,0,0.5294117647058824,-38,-2.235294117647059,0.18490006540840973,-0.4964665438718995
2023,SF,9.76839195850191,0.8717492203943767,6.939223853769367,2.390808370390596,1562.1948281382636,1.902525539993124,1.692644406483394,1.9441991629091229,1.401677760425312,69.02525539993124,66.92644406483393,69.44199162909123,64.01677760425312,12,5,0,0.7058823529411765,193,11.352941176470589,1.2943004578588682,0.6498987050502547
2023,TB,2.142212835722229,0.1491608284872233,1.58773789008782,2.439994875684236,1510.5008138174094,0.4172247233092881,0.2896202670432076,0.4448449483512554,0.2366556454100764,54.17224723309288,52.89620267043208,54.44844948351256,52.36655645410077,9,8,0,0.5294117647058824,23,1.3529411764705883,0.18490006540840973,0.2599448829428457
2023,TEN,-3.2675166607664528,-0.4096203276624404,-2.4126341187231137,2.5262501362867966,1459.971769607373,-0.6363927579759605,-0.7953451981133508,-0.6759605011848018,-0.9021116708578492,43.6360724202404,42.04654801886649,43.240394988151984,40.97888329142151,6,11,0,0.35294117647058826,-62,-3.6470588235294117,-0.9245003270420483,0.24853982585724654
2023,WSH,-10.798039917396228,-0.947540786732762,-7.20208686098148,2.525392040476612,1423.020865068008,-2.103063309906551,-1.8398061908819456,-2.0178468862498207,-1.734869999336327,28.96936690093449,31.601938091180543,29.821531137501797,32.65130000663673,4,13,0,0.23529411764705882,-189,-11.117647058823529,-1.6641005886756872,-0.35374629757413345
2024,ARI,1.7341134723090248,-0.0519152305381547,1.1687510906661724,2.617120351659832,1488.5727694702075,0.2967334009839734,-0.0766670878754525,0.2552598555537441,-0.188991156680295,52.96733400983973,49.23332912124548,52.55259855553744,48.11008843319705,8,9,0,0.47058823529411764,21,1.2352941176470589,-0.13703774196550636,0.3922975975192504
2024,ATL,-1.939035405109024,-0.1570824615808346,-1.5027296386126845,2.6190731228146573,1483.4756936720953,-0.3317986853652693,-0.2319753714058785,-0.3282020898649737,-0.2732899942911133,46.68201314634731,47.680246285941216,46.71797910135027,47.26710005708887,8,9,0,0.47058823529411764,-34,-2.0,-0.13703774196550636,-0.19116434789946732
2024,BAL,9.879678179760788,0.8825412494975318,7.709044068448862,2.5300182460653446,1562.1919847596334,1.690564402918809,1.303314399792781,1.683685680454067,1.0285725054135086,66.9056440291881,63.03314399792781,66.83685680454067,60.285725054135085,12,5,0,0.7058823529411765,157,9.235294117647058,0.9592641937585445,0.7244214866955224
2024,BUF,8.486318602263877,0.9095196407683208,6.875350422151997,2.473477214452465,1577.324857172776,1.4521392174701768,1.3431553996854002,1.5016036944526554,1.2788500379966452,64.52139217470177,63.43155399685401,65.01603694452655,62.78850037996645,13,4,0,0.7647058823529411,157,9.235294117647058,1.2333396776895567,0.26826401676309874
2024,CAR,-9.740083005990012,-0.7894992730050333,-7.658813885475014,2.618884300671923,1448.735291729845,-1.6666775285386708,-1.1659123828140905,-1.6727152100496,-0.847849921955712,33.333224714613294,38.34087617185909,33.272847899504,41.52150078044288,5,12,0,0.29411764705882354,-193,-11.352941176470589,-0.9592641937585442,-0.7134510162910559
2024,CHI,-2.575017962554808,-0.5633795692750423,-2.213288702608077,2.6187056644959545,1445.7810418951626,-0.4406250512582059,-0.8319845736426066,-0.4833909966273925,-0.8967092752280148,45.59374948741794,41.68015426357393,45.16609003372608,41.03290724771985,5,12,0,0.29411764705882354,-60,-3.5294117647058822,-0.9592641937585442,0.4758731971311517
2024,CIN,1.5814973222545778,0.1260485790404719,1.354654213229341,2.6186662568492776,1517.793802037318,0.2706184379357731,0.1861453254795712,0.2958618319638081,0.2942857606666309,52.70618437935773,51.86145325479571,52.95861831963808,52.94285760666631,9,8,0,0.5294117647058824,38,2.235294117647059,0.13703774196550636,0.15882408999830175
2024,CLE,-9.077554584754695,-1.0312557376871796,-7.244453794486906,2.618720023831594,1415.6371957395916,-1.5533087583739786,-1.522932161597946,-1.5822173291769723,-1.39524829891197,34.466912416260215,34.77067838402054,34.17782670823028,36.0475170108803,3,14,0,0.17647058823529413,-177,-10.411764705882353,-1.5074151616205693,-0.07480216755640301
2024,DAL,-5.09832111962895,-0.2949328603834451,-4.142583806758684,2.6164229899196427,1476.2602549406645,-0.8724009064536712,-0.4355493231944314,-0.9047566693861048,-0.3926237303397264,41.27599093546328,45.644506768055685,40.95243330613896,46.073762696602735,7,10,0,0.4117647058823529,-118,-6.9411764705882355,-0.41111322589651905,-0.4936434434895857
2024,DEN,4.460280601047074,0.3106699580463526,3.5569109236131853,2.562910504681456,1521.941915175276,0.763222391859536,0.4587894675012161,0.7768433979056444,0.3628900211599783,57.63222391859536,54.58789467501216,57.76843397905645,53.628900211599785,10,7,0,0.5882352941176471,114,6.705882352941177,0.41111322589651905,0.36573017200912533
2024,DET,10.227135327434356,1.0908685551631772,7.850215457239115,2.5650485447259603,1595.875737767579,1.7500196477870036,1.6109668494642877,1.7145180694877165,1.585656868567649,67.50019647787003,66.10966849464288,67.14518069487717,65.85656868567649,15,2,0,0.8823529411764706,222,13.058823529411764,1.7814906455515822,-0.06697257606386575
2024,GB,6.985399728678706,0.5475971448181386,5.274928484141754,2.568570865642274,1530.6379748507666,1.195308987458219,0.8086774918829319,1.15206522044902,0.5067112534653054,61.95308987458219,58.08677491882932,61.52065220449021,55.067112534653056,11,6,0,0.6470588235294118,122,7.176470588235294,0.6851887098275318,0.46687651062148827
2024,HOU,0.4317693128718207,0.2222341863180586,0.4418031011454816,2.5160775221759164,1522.7722943327867,0.0738823489320872,0.3281897761939881,0.0964915427093304,0.3766233852548031,50.73882348932087,53.28189776193988,50.9649154270933,53.766233852548034,10,7,0,0.5882352941176471,0,0.0,0.41111322589651905,-0.31462168318718864
2024,IND,-3.742458668147029,-0.2992891476348715,-2.719685490113886,2.6163805613662445,1490.523098025085,-0.6403920541384973,-0.441982577059506,-0.5939900556262894,-0.1567353228164463,43.59607945861502,45.58017422940494,44.06009944373711,48.432646771835536,8,9,0,0.47058823529411764,-50,-2.9411764705882355,-0.13703774196550636,-0.45695231366078304
2024,JAX,-5.971312823174022,-0.8640726001404415,-4.449268287462782,2.616334484699056,1426.891952587406,-1.0217831708557776,-1.2760403696377896,-0.9717377715816818,-1.2091096269670591,39.78216829144223,37.23959630362211,40.282622284183184,37.908903730329406,4,13,0,0.23529411764705882,-115,-6.764705882352941,-1.2333396776895569,0.26160190610787504
2024,KC,4.251141260560605,1.068380051881997,3.2537078560953847,2.473223785054945,1606.8796610429133,0.727435444365574,1.577756401598155,0.7106226501038763,1.7676470876679553,57.27435444365574,65.77756401598155,57.10622650103876,67.67647087667956,15,2,0,0.8823529411764706,59,3.4705882352941178,1.7814906455515822,-1.0708679954477058
2024,LAC,3.567312194738653,0.3345571820298428,2.957460715352214,2.562618082470515,1531.9347453476407,0.6104218073497368,0.4940655104130724,0.6459211041902728,0.5281581084591006,56.10421807349737,54.94065510413073,56.459211041902726,55.28158108459101,11,6,0,0.6470588235294118,101,5.9411764705882355,0.6851887098275318,-0.03926760563725895
2024,LAR,1.3490455427682202,0.2847759209718092,0.7798365782753921,2.5225677719917745,1532.6313343584904,0.2308423747235315,0.4205498142190213,0.1703193895739086,0.5396787619147251,52.30842374723532,54.205498142190216,51.70319389573908,55.39678761914725,10,7,0,0.5882352941176471,-19,-1.1176470588235294,0.41111322589651905,-0.24079383632261045
2024,MIA,-2.807248233737368,-0.2561101775334008,-1.8675304968108208,2.6179362043849483,1491.2302410217887,-0.4803632110037011,-0.3782169756969534,-0.4078760385039963,-0.1450401205067527,45.196367889962985,46.21783024303046,45.92123961496004,48.54959879493247,8,9,0,0.47058823529411764,-19,-1.1176470588235294,-0.13703774196550636,-0.2708382965384899
2024,MIN,4.68174420434806,0.7299272979285295,3.597908939913314,2.57126326469613,1577.6688884195546,0.8011182096656019,1.077938009961254,0.7857975266353092,1.2845398561107826,58.011182096656015,60.77938009961254,57.85797526635309,62.84539856110783,14,3,0,0.8235294117647058,100,5.882352941176471,1.5074151616205693,-0.7216176349852601
2024,NE,-7.772434421309482,-0.8862514800597379,-5.912136510026988,2.6181111524137024,1428.6700363407654,-1.3299826894771192,-1.3087935736229306,-1.2912339707022855,-1.179702492460958,36.70017310522881,36.912064263770695,37.08766029297714,38.20297507539042,4,13,0,0.23529411764705882,-128,-7.529411764705882,-1.2333396776895569,-0.05789429301272864
2024,NO,-4.112632317097384,-0.5766939373848937,-3.1726198213625545,2.6195623448080894,1436.465488578472,-0.7037344406441666,-0.8516468927598045,-0.6929127029659958,-1.050776106368619,42.96265559355834,41.48353107240195,43.07087297034004,39.49223893631381,5,12,0,0.29411764705882354,-60,-3.5294117647058822,-0.9592641937585442,0.2663514907925484
2024,NYG,-7.677375625323714,-0.8862882762488327,-6.120117018921859,2.616456448249727,1408.4309887040813,-1.3137166721277815,-1.308847913296155,-1.3366577355077065,-1.514429355018965,36.862833278722185,36.91152086703845,36.63342264492294,34.85570644981035,3,14,0,0.17647058823529413,-142,-8.352941176470589,-1.5074151616205693,0.17075742611286282
2024,NYJ,-4.327044432566178,-0.5641372289156421,-3.2481650108682087,2.6183346114008232,1445.5150142268214,-0.7404236407750596,-0.833103466068652,-0.7094120708082984,-0.9011090181593996,42.595763592249405,41.66896533931348,42.90587929191702,40.988909818406,5,12,0,0.29411764705882354,-66,-3.8823529411764706,-0.9592641937585442,0.24985212295024584
2024,OAK,-6.590250791338537,-0.8495352663686836,-5.221638154946041,2.615284269761438,1428.0387231683635,-1.1276929462103389,-1.2545720060342604,-1.1404264020200636,-1.190143570582964,38.72307053789661,37.4542799396574,38.595735979799365,38.09856429417036,4,13,0,0.23529411764705882,-125,-7.352941176470588,-1.2333396776895569,0.09291327566949326
2024,PHI,9.996657941470232,1.3571725514464494,8.104748209010198,2.438442787016061,1621.8210360691205,1.7105814335760463,2.0042377966024048,1.770109028049946,2.014757508800612,67.10581433576047,70.04237796602405,67.70109028049946,70.14757508800612,14,3,0,0.8235294117647058,160,9.411764705882353,1.5074151616205693,0.26269386642937675
2024,PIT,1.8941765351665705,0.2477241149504191,1.4018519907015996,2.576922072890903,1512.108933062654,0.3241226449821696,0.3658326524393309,0.306170013026689,0.2002656076385981,53.241226449821696,53.65832652439331,53.06170013026689,52.00265607638598,10,7,0,0.5882352941176471,33,1.9411764705882353,0.41111322589651905,-0.10494321286983005
2024,SEA,0.9793112749563706,0.1977937963364852,0.588616081089174,2.6173353985195487,1527.7075594504977,0.1675751730668581,0.2920968318498326,0.1285560775389674,0.4582460899590063,51.67575173066858,52.920968318498325,51.28556077538968,54.58246089959006,10,7,0,0.5882352941176471,7,0.4117647058823529,0.41111322589651905,-0.28255714835755164
2024,SF,-1.3330069866721193,-0.2806650181474909,-1.35442925627215,2.617217977483433,1455.838724527939,-0.2280979318867362,-0.4144789378150761,-0.2958127004756273,-0.7303686147034896,47.71902068113264,45.85521062184924,47.04187299524373,42.69631385296511,6,11,0,0.35294117647058826,-47,-2.764705882352941,-0.6851887098275316,0.38937600935190425
2024,TB,5.757002458741148,0.3637992258727465,4.538109051727316,2.5726753354123817,1510.840648696471,0.9851113818870866,0.5372494146685696,0.9911409454777784,0.1792898752649888,59.851113818870864,55.372494146685696,59.91140945477778,51.79289875264989,10,7,0,0.5882352941176471,117,6.882352941176471,0.41111322589651905,0.5800277195812593
2024,TEN,-7.856689713532851,-0.9915293298054872,-6.081115908633629,2.6167784841479054,1408.3266967892046,-1.3444000617030836,-1.4642652160316854,-1.328139738940161,-1.5161542042353668,36.55599938296916,35.35734783968314,36.71860261059839,34.838457957646334,3,14,0,0.17647058823529413,-149,-8.764705882352942,-1.5074151616205693,0.1792754226804083
2024,WSH,4.357882131566064,0.6690281396388414,3.4546786005598498,2.4805494044674727,1571.4754160390296,0.7457004438498736,0.9880036868014022,0.7545154546644159,1.1821080808865772,57.457004438498736,59.88003686801402,57.54515454664416,61.82108080886577,12,5,0,0.7058823529411765,94,5.529411764705882,0.9592641937585445,-0.2047487390941286
2025,ARI,-4.412577865251988,-0.7534129356355765,-4.205589516432797,2.640680193606857,1409.5431038937445,-0.741115968323052,-1.19220670916842,-0.9049247432770116,-1.5760653781421567,42.58884031676948,38.0779329083158,40.95075256722989,34.23934621857843,3,14,0,0.17647058823529413,-133,-7.823529411764706,-1.6142034441435167,0.7092787008665051
2025,ATL,-2.5980108898120022,-0.1137688635407492,-2.1346348250540883,2.641648894586486,1497.5748594823403,-0.4363497744661104,-0.1800287677478294,-0.4593134597431427,-0.042254158295719,45.6365022553389,48.199712322521705,45.40686540256857,49.57745841704281,8,9,0,0.47058823529411764,-48,-2.823529411764706,-0.14674576764941064,-0.31256769209373203
2025,BAL,1.4591791326114754,0.0162640617941219,1.3257337640652092,2.640110392723079,1491.0436936001329,0.245076911693294,0.0257363826291679,0.2852606706890312,-0.1560491796698673,52.45076911693294,50.25736382629168,52.85260670689031,48.43950820330133,8,9,0,0.47058823529411764,26,1.5294117647058822,-0.14674576764941064,0.4320064383384419
2025,BUF,4.926532242610541,0.6195480301061186,4.256039429772608,2.5337206223276154,1556.4338018817366,0.8274373450061587,0.9803778024085658,0.9157801476618178,0.9832678892525908,58.27437345006159,59.80377802408566,59.157801476618175,59.83267889252591,12,5,0,0.7058823529411765,116,6.823529411764706,1.0272203735458745,-0.11144022588405667
2025,CAR,-2.788837616031964,-0.1739159864767064,-2.45316857603971,2.5937742905918206,1481.044736454713,-0.4684001401034199,-0.275206060451111,-0.5278529764290749,-0.3302648652922428,45.3159985989658,47.24793939548889,44.72147023570925,46.69735134707757,8,9,0,0.47058823529411764,-69,-4.0588235294117645,-0.14674576764941064,-0.3811072087796643
2025,CHI,0.8892786791662535,0.2796228066950117,0.9023995677419302,2.547977402978641,1536.834217289961,0.1493590933792409,0.4424773857872096,0.1941710416533476,0.6417767699378119,51.49359093379241,54.4247738578721,51.94171041653348,56.41776769937812,11,6,0,0.6470588235294118,26,1.5294117647058822,0.7337288382470533,-0.5395577965937057
2025,CIN,-4.574562217686455,-0.4166315034035447,-3.402588958874531,2.640123539657428,1456.0390822407717,-0.7683221035740607,-0.6592810530782933,-0.7321415768361593,-0.7659480200413714,42.31677896425939,43.407189469217066,42.67858423163841,42.34051979958629,6,11,0,0.35294117647058826,-78,-4.588235294117647,-0.7337288382470529,0.0015872614108936034
2025,CLE,-7.163394828776346,-0.6526421101934374,-5.339808998991923,2.639024344212529,1446.918325712241,-1.203130337215194,-1.032746141798139,-1.1489769195686212,-0.9248624777096468,37.96869662784806,39.67253858201861,38.510230804313785,40.75137522290353,5,12,0,0.29411764705882354,-100,-5.882352941176471,-1.0272203735458743,-0.12175654602274699
2025,DAL,-4.180793484796185,-0.3997865371176205,-2.900982750362082,2.641579724828249,1479.7868146528842,-0.7021865463821089,-0.6326254424935707,-0.6242100091711112,-0.3521821218598771,42.97813453617891,43.673745575064295,43.75789990828889,46.478178781401226,7,9,1,0.4411764705882353,-40,-2.3529411764705883,-0.29349153529882127,-0.33071847387229
2025,DEN,3.302248245818025,0.7966782960975596,2.870578160775546,2.539483682034435,1585.1527904098646,0.5546301914839448,1.2606701647020742,0.6176677954532654,1.483649899500609,55.54630191483945,62.60670164702074,56.17667795453266,64.8364989950061,14,3,0,0.8235294117647058,90,5.294117647058823,1.6142034441435167,-0.9965356486902512
2025,DET,3.5267534641512173,0.1308801871863332,2.954032958008845,2.642473380929008,1508.0667686018664,0.5923370393537172,0.2071058643679027,0.6356249238573791,0.1405504196380081,55.92337039353717,52.071058643679024,56.35624923857379,51.40550419638008,9,8,0,0.5294117647058824,68,4.0,0.14674576764941064,0.4888791562079685
2025,GB,0.7957547226378927,0.1293466353656128,0.8872731100741706,2.599266530452435,1505.5779276098558,0.133651246465142,0.2046791595914869,0.1909162528138276,0.0971863834168085,51.33651246465142,52.04679159591487,51.90916252813828,50.97186383416808,9,7,1,0.5588235294117647,31,1.8235294117647058,0.29349153529882127,-0.10257528248499367
2025,HOU,8.391750592484419,0.8189542160349279,6.23062647008778,2.5360780350462067,1567.7990983284612,1.409439233979268,1.2959197601710255,1.340655819325309,1.1812898313382871,64.09439233979268,62.95919760171026,63.40655819325309,61.81289831338288,12,5,0,0.7058823529411765,109,6.411764705882353,1.0272203735458745,0.3134354457794346
2025,IND,4.570667090283477,0.0615930578730872,3.123658850091364,2.6396837295229942,1484.552265429216,0.7676678961685139,0.0974653518160617,0.6721236516210212,-0.2691518355786098,57.67667896168514,50.974653518160615,56.72123651621021,47.3084816442139,8,9,0,0.47058823529411764,54,3.176470588235294,-0.14674576764941064,0.8188694192704318
2025,JAX,7.972904395469685,0.7718461585412504,6.003434188021131,2.5859967451224417,1563.9627079299548,1.3390917830428355,1.2213755898449936,1.2917704212805503,1.1144469222358069,63.39091783042836,62.21375589844993,62.9177042128055,61.14446922235807,13,4,0,0.7647058823529411,138,8.117647058823529,1.3207119088446952,-0.02894148756414494
2025,KC,1.5365091902488492,-0.3107211111083612,1.2398896453900787,2.6416689176508097,1452.2556413973944,0.258064906986863,-0.4916875936449766,0.2667894274185219,-0.8318683686291846,52.58064906986863,45.08312406355024,52.667894274185215,41.68131631370815,6,11,0,0.35294117647058826,34,2.0,-0.7337288382470529,1.000518265665575
2025,LAC,0.5057513622575267,0.222846003951087,0.5180263972849851,2.5863903144624723,1531.5526059041088,0.0849436365807417,0.3526333149532835,0.1114647311018241,0.5497532183418643,50.84943636580742,53.52633314953283,51.11464731101824,55.49753218341864,11,6,0,0.6470588235294118,28,1.6470588235294117,0.7337288382470533,-0.6222641071452292
2025,LAR,11.575400648963164,0.9608393818397004,8.753959605606815,2.506032574359475,1566.4727047755837,1.944150227520964,1.5204399915116562,1.8836062382712728,1.1581795650516162,69.44150227520964,65.20439991511657,68.83606238271273,61.58179565051616,12,5,0,0.7058823529411765,172,10.117647058823529,1.0272203735458745,0.8563858647253983
2025,MIA,-5.938818578404402,-0.3668536304281032,-4.331576625064148,2.6371312112973224,1476.0233821562128,-0.997456229858,-0.5805121451893,-0.9320336305064866,-0.4177538573084548,40.02543770142,44.194878548107,40.67966369493514,45.82246142691545,7,10,0,0.4117647058823529,-77,-4.529411764705882,-0.44023730294823193,-0.49179632755825464
2025,MIN,-0.250596875666234,0.0446831672562939,-0.0679997137120536,2.641856202283257,1512.6673760563517,-0.0420890807685512,0.0707070044462517,-0.0146316285109019,0.220708577164436,49.57910919231449,50.70707004446252,49.85368371489098,52.20708577164436,9,8,0,0.5294117647058824,11,0.6470588235294118,0.14674576764941064,-0.16137739616031255
2025,NE,6.179921111992647,0.9209138770790618,5.475465372633272,2.443141558342291,1602.3057666695242,1.037950685276565,1.4572615505914532,1.1781663610515876,1.7825128185110972,60.37950685276565,64.57261550591453,61.78166361051588,67.82512818511097,14,3,0,0.8235294117647058,170,10.0,1.6142034441435167,-0.4360370830919291
2025,NO,-4.443008694563218,-0.4606549288963196,-3.544651232892225,2.64210363453207,1467.696168922776,-0.7462269882802213,-0.7289440768340324,-0.7627093881602307,-0.5628421041814251,42.53773011719779,42.71055923165967,42.372906118397694,44.37157895818575,6,11,0,0.35294117647058826,-77,-4.529411764705882,-0.7337288382470529,-0.028980549913177778
2025,NYG,-3.754153660757408,-0.7450859043882706,-2.7585771661731933,2.6422624974752207,1431.1444322661043,-0.6305301142525834,-1.179029947726013,-0.59356832714061,-1.1996971051299476,43.694698857474165,38.209700522739865,44.0643167285939,38.003028948700525,4,13,0,0.23529411764705882,-58,-3.411764705882353,-1.3207119088446955,0.7271435817040854
2025,NYJ,-11.951439671979072,-1.083252886726416,-9.219649605228788,2.6378854002116348,1414.8275057537016,-2.0073079854529645,-1.7141481094850315,-1.983809646546845,-1.4839932070399635,29.926920145470355,32.85851890514968,30.161903534531547,35.160067929600366,3,14,0,0.17647058823529413,-203,-11.941176470588236,-1.6142034441435167,-0.3696062024033284
2025,OAK,-9.929362308520332,-1.101453326925957,-7.888796268513272,2.641136937222757,1408.4126488545917,-1.6676893160477348,-1.7429486329289336,-1.6974473876147955,-1.5957617321565842,33.32310683952265,32.57051367071067,33.025526123852046,34.04238267843416,3,14,0,0.17647058823529413,-191,-11.235294117647058,-1.6142034441435167,-0.08324394347127884
2025,PHI,2.27037619451786,0.2490260260578578,1.951361174836244,2.587143304639713,1525.486139777426,0.3813217813350976,0.3940607932000425,0.419878117747737,0.4440548399815686,53.813217813350974,53.940607932000425,54.19878117747737,54.44054839981568,11,6,0,0.6470588235294118,54,3.176470588235294,0.7337288382470533,-0.3138507204993163
2025,PIT,-0.6219923892543313,0.1276781424571572,-0.4228222202518834,2.5857792804679334,1514.16407202592,-0.1044669365455985,0.2020389229489044,-0.0909794661647797,0.2467860881202677,48.95533063454401,52.02038922948904,49.090205338352206,52.46786088120268,10,7,0,0.5882352941176471,10,0.5882352941176471,0.44023730294823193,-0.5312167691130116
2025,SEA,13.87124008196605,1.4034853767388278,10.675388680926789,2.5080383314394115,1622.8067119812022,2.3297486954602973,2.220886585861781,2.2970438088936502,2.139708693184569,73.29748695460297,72.20886585861781,72.9704380889365,71.39708693184569,14,3,0,0.8235294117647058,191,11.235294117647058,1.6142034441435167,0.6828403647501335
2025,SF,5.216389086044054,0.6569764018907018,3.550575243318075,2.548000835115255,1562.0800451422465,0.8761203465885056,1.0396047599563372,0.7639840688186355,1.081644562591073,58.76120346588505,60.396047599563374,57.639840688186354,60.81644562591073,12,5,0,0.7058823529411765,66,3.8823529411764706,1.0272203735458745,-0.263236304727239
2025,TB,-0.8734756290202423,-0.0518906814551356,-0.8822717691724368,2.6422814025369243,1483.5475347726708,-0.1467048868883712,-0.0821122330769982,-0.189840104722374,-0.2866576451995689,48.532951131116285,49.17887766923002,48.10159895277626,47.13342354800431,8,9,0,0.47058823529411764,-31,-1.8235294117647058,-0.14674576764941064,-0.04309433707296337
2025,TEN,-7.767373012571893,-0.9746719387266288,-6.821734279097673,2.640347804638185,1415.3293730123623,-1.3045716919512818,-1.5423287411541586,-1.4678456176228432,-1.475248980288372,36.95428308048719,34.57671258845841,35.32154382377157,35.24751019711628,3,14,0,0.17647058823529413,-194,-11.411764705882353,-1.6142034441435167,0.14635782652067353
2025,WSH,-5.742258518131078,-0.6064394819418846,-4.343590112774103,2.6413528143054954,1442.897697014079,-0.9644429202118976,-0.9596347300113904,-0.9346185956437912,-0.9949154417434156,40.35557079788103,40.403652699886095,40.65381404356209,40.05084558256584,5,12,0,0.29411764705882354,-95,-5.588235294117647,-1.0272203735458743,0.09260177790208302
