season,franchise,massey_rating,bt_rating,bayes_rating,bayes_rating_se,elo_rating
1970,ARI,5.378864727373958,0.38351383792269983,3.6225875481398266,3.0342734650817964,1518.9840464706406
1970,ATL,-2.391382470054654,-0.4779204053134364,-2.2616003183600064,3.0231524863134758,1465.4355599191067
1970,BUF,-11.424437721917329,-0.9075072992975921,-7.604396192095329,3.0335063460560163,1438.6194350870473
1970,CHI,1.7291576294801818,-0.05085481514259156,0.6104458825088933,3.0223179486324265,1486.2994797257293
1970,CIN,-0.24409813539848912,-0.02070358151478149,0.510160636789331,2.9530121375505254,1513.052352007463
1970,CLE,0.7633342250271471,0.029596891288575677,0.9301089176662847,3.024059402662307,1497.3287849898866
1970,DAL,7.379007765762063,0.7453915952074095,5.068077420448941,2.8372234976274164,1561.5509507730176
1970,DEN,-2.339424804894428,-0.3438814823530844,-1.396263167834754,3.021502964235292,1466.7851625188457
1970,DET,11.538318535495257,0.763992103436198,7.708168352551201,2.9537727793094315,1548.6980585602314
1970,GB,-1.5474349670577021,-0.17108008378159462,-2.2311329476029855,3.0235979300095344,1483.0438653390502
1970,IND,2.4932193396662465,0.8369833117383677,2.951868080783821,2.8387970303531453,1595.7339111029144
1970,KC,1.732715263167865,0.2714802564553605,1.5174929776285087,3.022032166751315,1517.309216823724
1970,LAC,-0.2985238144754333,0.05731043848633076,0.014869827536438507,3.0217140823767106,1494.5367438289047
1970,LAR,9.137278930357674,0.6491673471016884,6.445206724271239,3.0219196490016516,1541.769198488089
1970,MIA,-0.9188433538307391,0.27151564716989374,0.5673443542654267,2.9681491466141274,1539.689318252528
1970,MIN,12.889757780891248,1.0243871322792664,9.074627281131749,2.95470112462125,1571.1201461460687
1970,NE,-14.221858258420975,-1.0787237967764087,-9.987312376507937,3.034529209145909,1416.9409354696195
1970,NO,-8.498404661664715,-1.0180009129916394,-7.1995614939020385,3.022285036757793,1423.8451101585522
1970,NYG,1.7991414103804024,0.3147050741946076,1.2041505200562346,3.03503412620338,1534.8757413855792
1970,NYJ,-4.331874688834714,-0.48597733713830754,-2.386124248209106,3.0349239447982588,1454.3186613315033
1970,OAK,0.973551212590603,0.33306671815543426,0.9061168468688827,2.8943880482550246,1538.6717431270185
1970,PHI,-4.581521981164848,-0.6473766101849909,-3.900604097678079,3.033071976218612,1448.0625387193097
1970,PIT,-7.065469213927431,-0.6013870641722234,-4.569953240665024,3.021585609507563,1459.5537739991876
1970,SF,6.3488340132952805,0.7644808831959278,4.243954535106063,2.8906026170213193,1559.630559513519
1970,TEN,-7.022615508038058,-0.6707302444743042,-5.002643360180591,3.0236729325596383,1438.6635985941675
1970,WSH,2.7227087461916284,0.028552396509194812,1.164411537282872,3.032650376309992,1485.4811076682965
1971,ARI,-3.754307681308739,-0.4190550406086995,-2.50619963860365,2.862982281184177,1455.3925805090594
1971,ATL,1.0756279115542302,0.07811708701249127,0.2997432196770704,2.8528870927252212,1510.5356071934716
1971,BUF,-11.925641500000422,-1.201760986416638,-8.27350969386358,2.864405066337943,1400.0196085482683
1971,CHI,-3.27580798916435,-0.24013030721588416,-2.9406231733607173,2.854312718709815,1478.9588536252238
1971,CIN,-0.9179265640317039,-0.5101204918485018,-0.08728898702292814,2.8530015260085406,1446.4476059608992
1971,CLE,-0.8922637185915999,0.03886788690041353,-0.44124555386364317,2.798013613759779,1523.8879569351732
1971,DAL,10.697110467344608,1.0809221583342776,7.849037536443106,2.6887212939610348,1597.5945503961025
1971,DEN,-4.67113908389051,-0.5051161615691697,-3.1576960982436226,2.8540111038810076,1458.834456928775
1971,DET,4.112221845501149,0.23713931798932636,2.6073876201965933,2.852389829568586,1506.4526061461418
1971,GB,-1.1234916158144004,-0.37230699147650737,-1.0335921295041832,2.8538429124818507,1469.3825185909723
1971,IND,8.79416620754945,0.7589573112456265,6.5025597608727495,2.757919692647921,1553.234708598922
1971,KC,4.898091796821255,0.5662761094391605,3.7304226514341017,2.7912882540219455,1547.559251679857
1971,LAC,-3.384037316117698,-0.2979694298224829,-1.7821614037358064,2.853248835366256,1481.3223913355598
1971,LAR,6.363291104719526,0.5020453567813289,3.6519676283246953,2.8535226982504565,1529.9459218565446
1971,MIA,6.950374879946072,0.7166933393034964,5.140421309121077,2.6976071266614503,1566.8757835244794
1971,MIN,6.1286909789429,0.6812609122423655,4.170091147451476,2.791114286998641,1555.1359176803703
1971,NE,-4.388155185384041,-0.1864430597302223,-3.1047328919292343,2.8630132559895975,1483.6604076585827
1971,NO,-2.8962730289503864,-0.3044165497407557,-2.705018731733263,2.8543202291429624,1467.3152298336443
1971,NYG,-7.808739829999709,-0.6964422786736184,-5.616873568639735,2.8609166530268273,1446.5040200913684
1971,NYJ,-4.32051928448838,-0.2237083057808529,-2.978951779738271,2.864230691061696,1484.817316721664
1971,OAK,3.155950175057612,0.36769238504350854,2.480162947317187,2.8531607262811693,1528.4789497490654
1971,PHI,-3.6614414840308664,-0.1779744946223459,-2.781191586634171,2.8610590398541538,1501.0538598101393
1971,PIT,-3.9276218398037197,-0.30654985547569,-2.415801978079823,2.853391443296453,1479.6077658906154
1971,SF,6.11231051023263,0.4959390190128237,3.8563945510480884,2.7346468815580898,1536.4307302455165
1971,TEN,-6.616262480934603,-0.6126192685224918,-4.136039621342986,2.8535915344737584,1460.745254030901
1971,WSH,5.2757927248417245,0.530702338199042,3.672738464409524,2.7993954136090946,1529.8061464586835
1972,ARI,-5.5860573264465,-0.4846605338596683,-4.738611461823325,3.113186780476907,1460.6934688478636
1972,ATL,-1.3278089813607856,-0.10800756676184152,-0.8350986724415458,3.097406826649982,1495.061059914659
1972,BUF,-6.4499084848204475,-0.5182532756630245,-5.143190339637143,3.114186566002345,1465.6693090531064
1972,CHI,-1.5769824653445166,-0.4167912115820396,-1.6761211167949923,3.0993819914810268,1458.0688367176876
1972,CIN,3.1667698159812336,0.2469260535223803,2.6218738175763066,3.097197827869738,1512.8401347152576
1972,CLE,0.8491403215934489,0.3465095792043186,0.7177568421016136,3.0253276514233733,1546.829331487053
1972,DAL,5.056644721544187,0.5815545561274436,3.8928218450221115,2.9909532992291687,1550.6571744371597
1972,DEN,-1.8515823012435024,-0.37249836796590935,-1.5106671297194987,3.0978597612504353,1468.0188214757254
1972,DET,4.14563568878462,0.38495731810771533,3.061490279882741,3.096710663228013,1524.7061726448387
1972,GB,6.270610720496351,0.6006335386646089,4.642414889342129,3.031931916609027,1543.9026993180103
1972,IND,-2.561081328315964,-0.375274104371074,-1.738589829571394,3.1125629744270378,1471.7431221535821
1972,KC,2.5659092361276237,0.2827834284066889,2.035822930691237,3.0990702280729248,1517.4017494475775
1972,LAC,-2.8710376793140044,-0.40884906225937306,-2.670204881380948,3.097708754181304,1456.9843714380545
1972,LAR,-0.829397724714526,-0.1689190865352501,-0.5363963066883392,3.0998761610358274,1483.4948737586
1972,MIA,9.99488694660011,1.536877690873545,8.629576414035363,2.9063918781660267,1638.3855600111772
1972,MIN,5.595461968862402,0.24367890140538084,4.008410880219239,3.0972404439151107,1501.1961379282925
1972,NE,-15.32031324003845,-1.0470559460648015,-12.057750430959167,3.1129834274388637,1431.2479503600043
1972,NO,-9.670926702618571,-1.0160843824214816,-7.647569924095717,3.0987171747945057,1423.5160962465475
1972,NYG,4.304740558901935,0.2974187295967647,3.421300435012084,3.1103972770782358,1520.3435401718152
1972,NYJ,0.24841348733839852,-0.02859353587738514,0.6508928777795779,3.1136264260504944,1497.148324927964
1972,OAK,7.3816766863437815,0.6208901676597659,5.839151257700227,3.0335500809025233,1553.487052475887
1972,PHI,-12.621969280031466,-1.12560179068858,-10.089023401826324,3.1096446103187594,1422.8283093328607
1972,PIT,9.77560510236624,0.9191714601579258,7.98781944766099,2.9650864819615017,1567.6698029444854
1972,SF,4.866475217524643,0.21728111793875385,3.9866319557662573,3.029681260274017,1516.7739823116315
1972,TEN,-11.513841422949243,-1.1549376118243246,-9.43593445426336,3.09825955767545,1398.8585074180207
1972,WSH,7.958936464732991,0.9468439342094618,6.583194076411855,2.925729837908274,1572.4736104621384
1973,ARI,-3.3949166521608505,-0.4091348914662371,-3.0288046020068724,3.2095767270732285,1455.3934416235552
1973,ATL,2.551499202623174,0.33681030855244937,2.0222466737151956,3.1957640644904437,1533.2951462851279
1973,BUF,0.6945974789943027,0.32149004181494195,0.866794440208647,3.2131086729273957,1534.647938827589
1973,CHI,-7.67861473025448,-0.7461448354247406,-6.222036505490458,3.1934207597446806,1429.7672526388774
1973,CIN,2.780540448757154,0.5499362669368204,2.259633754717358,3.1196333587996627,1548.227399937364
1973,CLE,-1.121206297673237,0.23472037713426974,-0.9204339561154198,3.198859625810343,1519.0825063146196
1973,DAL,10.753261128960492,0.6656064861091976,8.447868826486275,3.069478517587395,1552.5163464643838
1973,DEN,2.9913038736193895,0.22604069370713872,2.5281828632562053,3.1936305937656315,1517.965560307141
1973,DET,1.4097811352720355,-0.020247991556049144,1.0050945111290952,3.194221734759566,1495.1725567646772
1973,GB,-4.164971708145044,-0.3351255642374458,-3.2677564871699643,3.1935334461474754,1480.2311665481855
1973,IND,-6.9497984585617685,-0.6869527822830488,-5.407006607585259,3.209367297749296,1452.469142024592
1973,KC,1.4366561243078213,0.18437890161646592,1.4357392400386484,3.1969998680550997,1513.7598359043016
1973,LAC,-10.41710046237345,-0.9279615459706789,-8.486072952735078,3.1941548733179177,1424.4852816291784
1973,LAR,12.026140312952375,1.0402404014495834,9.710462256357511,3.1275399508602035,1573.0647818077134
1973,MIA,13.676163753304202,1.3162324511056058,11.209148098529766,3.000990237831538,1607.653177835394
1973,MIN,9.143229437119876,1.0782673894316719,7.274587111532218,2.9820442346545177,1588.6291013856521
1973,NE,-5.707908226876215,-0.48840847473283255,-4.053734328347464,3.2110132319887823,1463.5234009689725
1973,NO,-6.031585581747494,-0.40952139738584253,-5.018339915670359,3.198131903609618,1467.5343958696042
1973,NYG,-6.518729901771391,-0.8596150606553353,-5.508336561234881,3.212006044878293,1426.672980639869
1973,NYJ,-3.4478552250388144,-0.513109728447279,-2.694507610266252,3.2113995960857893,1450.062378942236
1973,OAK,6.71612621297923,0.5392663629109885,5.457791387922606,3.0638439982339936,1543.6748876624774
1973,PHI,-4.736848711301759,-0.47352283794700867,-4.008873015481962,3.2107026228057802,1477.3271149191103
1973,PIT,7.110722744447547,0.5592324917626169,5.777418062304324,3.129058384273422,1537.7202146863247
1973,SF,-1.420196447970996,-0.3246130124088025,-1.6834753631012942,3.1947177555019177,1466.350644338995
1973,TEN,-16.296050785895872,-1.3473137221468612,-13.010051742223766,3.197153754590067,1400.355201846194
1973,WSH,6.595761336433761,0.48944967213041196,5.3144624212310685,3.1320877463987546,1540.4181438278652
1974,ARI,4.509090573097581,0.4647352593404496,3.115621079447167,2.6437826899287615,1531.1906924766029
1974,ATL,-11.639786387522683,-0.9463185176383755,-8.309476002519045,2.688305829674703,1433.69061227231
1974,BUF,0.6575142955570962,0.18411178770318695,0.45511092003913867,2.639839818929601,1521.8858333670878
1974,CHI,-9.110395162082915,-0.750282451341673,-6.321060204309538,2.688011723962558,1444.9424539800677
1974,CIN,2.531353478203287,0.14140901261936517,1.6297314357736246,2.687422920877204,1496.6953112461938
1974,CLE,-3.9661065152192645,-0.4529437979635957,-3.523234020548205,2.6902873044818225,1453.0881343850178
1974,DAL,5.343188059156894,0.27203911771597716,3.6855280161287043,2.700589193050666,1524.454860571829
1974,DEN,0.7963051761083141,0.08096242110019027,0.4664620633675097,2.686080741555344,1509.845565033833
1974,DET,-1.5533316923574554,-0.04849331646931082,-0.9022168162222797,2.6877895219702093,1503.7021164196187
1974,GB,-1.6166672087357035,-0.1757995223075557,-0.776145332417193,2.6888073408533035,1476.9770896198957
1974,IND,-7.73059670839684,-0.9268165754809174,-5.916328277914348,2.6995124816545517,1418.2151905595779
1974,KC,-2.3464923890282243,-0.25069726397038156,-2.152312778471611,2.6888430378485135,1466.0569353024
1974,LAC,-4.351480723745644,-0.44369135421503864,-3.377046546337704,2.6881019473669974,1470.4882171496129
1974,LAR,4.474486951839247,0.48923162829801065,3.752513422310958,2.5785510811609997,1546.9359040373988
1974,MIA,5.800870079105699,0.6911684008340707,4.547616078727395,2.637678586662606,1557.9847039216193
1974,MIN,5.714895660569078,0.6303235913307913,4.649619687510834,2.524298942788435,1553.7383675793128
1974,NE,4.118013339639841,0.18696993874139503,2.9386101203027337,2.700830322413053,1493.944502965743
1974,NO,-7.114522619545758,-0.4368967017695428,-5.050458200325846,2.6886393435801184,1470.7733704340446
1974,NYG,-6.124865350082843,-0.9517132516009367,-4.842620626563644,2.698745944217147,1413.1349970173637
1974,NYJ,-2.3931540177599944,-0.1589925751776601,-1.6300105706199777,2.701057705080264,1507.6910601236327
1974,OAK,8.07377010225818,1.0327477740907365,5.9158588971571895,2.5764684147167434,1580.3842137803133
1974,PHI,2.5232150227241457,0.0256962126879659,1.661873440374464,2.6978004327202387,1500.4417711665074
1974,PIT,8.810738608581612,0.9990835920967646,6.744999356623225,2.5206890691303285,1587.1591743610147
1974,SF,-2.882053034009829,-0.2755956204142752,-1.7116338722048496,2.688386183765263,1483.6599628941003
1974,TEN,-0.737011587350989,0.02656718015360022,-0.9556196757920621,2.6893509316856914,1507.8555314521104
1974,WSH,8.213022048997175,0.5931950316367592,5.904618406483322,2.6392442990066995,1545.0634278827918
1975,ARI,3.5621112182052443,0.5990709437329542,3.0001465919268853,3.0458445649428625,1559.7938244032448
1975,ATL,-3.1002299272193143,-0.5221861826274429,-2.1607488453584094,3.1060521313591005,1452.0076254401095
1975,BUF,6.750166102237388,0.37356026291021005,4.856543264220516,3.123239997416696,1516.4580978397157
1975,CHI,-11.368538888350942,-0.6729522505115595,-9.030845455910963,3.1052253373426937,1453.4766036599074
1975,CIN,6.496649297476295,0.6627836249995521,4.997993310666937,3.040130423698279,1554.1529813635145
1975,CLE,-6.257972586939405,-0.6289693934670166,-5.539868203371269,3.104804765192896,1442.749118364658
1975,DAL,7.0190083741386395,0.8317802472441347,5.788666449244928,2.9154195679202655,1562.2161039685818
1975,DEN,-3.511013200073972,-0.29206964336535296,-2.8994723425835116,3.1049431657014637,1478.959275892951
1975,DET,-1.9806443876399713,-0.015994325106356778,-1.2788441663883796,3.1071478082084196,1496.7918377155252
1975,GB,-4.31464421898252,-0.5530308560004443,-3.2069741595315815,3.105149461611073,1456.3513214301274
1975,IND,7.3659617157569555,0.5327135877376863,5.652812165494768,3.0449362287617046,1547.588782865018
1975,KC,-4.373021747912614,-0.48441274645742466,-3.547284289260287,3.1046564679836357,1465.466857087623
1975,LAC,-8.878848616427332,-0.961089083436208,-7.298460213378728,3.1028884412737416,1421.703362466677
1975,LAR,7.056138915571575,0.9116729162483359,6.24365996199035,2.9693296290385938,1577.6536353165109
1975,MIA,7.896296522343438,0.6063186677861127,6.066965038055309,3.120471122663668,1548.2192870542244
1975,MIN,7.723533538937954,0.8120737845663744,6.913972230410233,3.0283969293756727,1563.7352240987607
1975,NE,-4.263035359586839,-0.680590159490113,-4.00877288389086,3.1219320967618756,1431.4862511954361
1975,NO,-12.937026548432591,-1.1587251541010242,-9.985927091412865,3.106930499212353,1411.90360676192
1975,NYG,-5.691780833630721,-0.4850223599097498,-4.49147418957172,3.115349694380462,1464.8505279283834
1975,NYJ,-7.095253726135909,-0.7352638844823839,-6.364479766803098,3.1246084229816398,1432.5684936011685
1975,OAK,6.553594601702384,0.7574586713718847,5.3120599461222,2.9767291903240753,1563.1151451512671
1975,PHI,-3.3427855703298084,-0.41097271043250516,-2.744213317834329,3.115765189914879,1457.8554384737993
1975,PIT,13.114887105653441,1.2855535209219164,10.577793634208334,2.899815812411943,1611.4841196441637
1975,SF,-4.731617660312397,-0.5897168718718389,-3.1996083448607324,3.1027294302665496,1459.0503308206905
1975,TEN,6.01586112429988,0.6263654216753607,4.471640745870257,3.1040130174424463,1555.4542163442707
1975,WSH,2.292204755651126,0.19164397206489805,1.874719931946231,3.1159951287749332,1514.9079311117516
1976,ARI,1.998732624645359,0.46927934844671787,1.9341610223254364,3.049178695782899,1553.9245966535693
1976,ATL,-8.368767503843657,-0.6654740249901813,-6.818727976739022,3.0329786946407378,1450.051048633738
1976,BUF,-8.674194785280129,-1.1017406808647614,-7.20372556672578,3.048760880327239,1413.6131706455024
1976,CHI,4.40501133471954,0.15842662604019545,3.542353267795808,3.0334160815323026,1501.635370236254
1976,CIN,9.335313651468212,0.8095418730716534,7.515605440294867,3.0317390672783224,1549.1768860989418
1976,CLE,-1.3057588978430317,0.20051842761245636,-1.239673835443807,3.033161768275308,1531.6451896041767
1976,DAL,4.168822247199141,0.6226978446100784,3.9630126062823106,2.9744610679158945,1548.571728516338
1976,DEN,5.985308988758309,0.4635775335898349,4.825139024801884,3.029653408789398,1536.0531609222426
1976,DET,2.5406331325614713,-0.09618446585790374,2.237044508344189,3.0314780132067143,1479.6223583511965
1976,GB,-4.3632037875225596,-0.4031350636290454,-3.784488991378007,3.0319505691451383,1467.2249137715214
1976,IND,7.745728034693326,0.632725488272863,6.66060152647779,2.9763583918347374,1551.23778997489
1976,KC,-2.8478163032832775,-0.41793218245270664,-2.7318358386823807,3.0286501573615596,1472.8432101015412
1976,LAC,-0.7916859710174405,-0.08376257579749263,-1.0095167678860641,3.0294001488634428,1481.9707142657478
1976,LAR,7.186163252035417,0.6787964816470385,6.254180526832789,2.900219774559122,1561.788398999062
1976,MIA,-0.1716081365374586,-0.13383870111683238,-0.14148664197874966,3.048542664883759,1481.3343578855436
1976,MIN,8.51415052462616,1.001020856629123,7.237453303682792,2.835636407616168,1578.055727778276
1976,NE,8.33118953959148,0.712216870864304,7.0672295538515515,2.979584064576727,1559.2627667175743
1976,NO,-6.0856553476869,-0.60694721563857,-5.03678844751897,3.0255806966533196,1449.9858963856987
1976,NYG,-4.013970804588959,-0.6816153145681919,-3.429400702537712,3.0485598613112304,1440.818716907209
1976,NYJ,-12.191067534897012,-0.9416014967056411,-10.342492585087903,3.047280612826118,1434.8055557969658
1976,OAK,10.724888503924944,1.4174354897824204,8.769174658269758,2.83581982107283,1624.6265194794835
1976,PHI,-8.631523174450205,-0.5971309716607258,-7.102589973473827,3.0484124159412986,1451.679546785339
1976,PIT,13.85589085914054,0.9592929976645564,11.402633015756722,2.901536621339145,1559.8114113229942
1976,SEA,-14.485831859870125,-1.2236129126094204,-11.888976544192236,3.0132522585205845,1412.2047684467423
1976,SF,3.5084000966822004,0.24707910928499396,3.2862461539730488,3.0303522809997774,1512.4297762302629
1976,TB,-17.228453854415623,-1.5913927327869017,-14.65281874451732,3.013252258520583,1384.6669264760064
1976,TEN,-1.7087100506668322,-0.28746263772268627,-1.7999123029759703,3.0335927127663567,1465.7076669579176
1976,WSH,2.5680152218571113,0.4592220288848251,2.487600310448869,2.9745150020129763,1545.2518260552656
1977,ARI,0.31898960344942723,0.03344849654924361,0.36460252469495763,2.7209527270261233,1496.7360201169085
1977,ATL,0.804229280080642,0.0046585427877461364,1.4388496840185967,2.7111577606111843,1492.4819024887067
1977,BUF,-7.8342788238116485,-0.7982172727677533,-6.383648101831289,2.7235708997865418,1438.5612950085183
1977,CHI,-2.5786329542086897,0.09419276506973692,-1.2038217015102952,2.649340357197112,1527.6839978325622
1977,CIN,1.8083327262120263,0.19102921700509454,0.7818171804974386,2.7090721007413068,1522.2217726159279
1977,CLE,1.1581074881631173,-0.11993714212179762,0.20811685476862277,2.709664896808458,1476.373901685875
1977,DAL,10.280342139985525,1.263830486034512,8.157235128479513,2.5542930540581206,1608.657616771875
1977,DEN,10.17474252939422,1.1714907119730746,6.905732476503034,2.557084751546436,1590.7571952916078
1977,DET,-6.0849312164973846,-0.33732307096643843,-3.8345590311971502,2.708802501849155,1479.3634861464022
1977,GB,-8.270737476514242,-0.7744312585358101,-5.4659144460640015,2.708516416601626,1448.929751184871
1977,IND,4.34345587548003,0.5265503603763907,3.0273141350617307,2.660283247038574,1535.0836615104363
1977,KC,-4.999621920518208,-0.8703861100766251,-4.569505921211688,2.7105472865455855,1418.7071495009757
1977,LAC,3.159572596967823,0.10990874092317873,1.6740796828490878,2.7085529911879602,1502.3377481031318
1977,LAR,7.078421005414049,0.5656376811535838,6.061612601436523,2.6547837707842294,1539.1661669932344
1977,MIA,6.510470575288826,0.6684901074586301,4.755412862163424,2.720478879264702,1550.1721005524848
1977,MIN,-0.016064283320291122,0.38612217425183853,0.36580514097037464,2.6032591510433094,1538.4338455648658
1977,NE,3.3207332543317385,0.340395006256431,2.3983841179956835,2.723362157299002,1534.9868329208653
1977,NO,-8.916958262386842,-1.015823687847132,-5.976553760209989,2.709979734534572,1425.5876987919166
1977,NYG,-5.276147206727868,-0.41160947549541,-3.829729539504835,2.720492344315668,1463.906310579108
1977,NYJ,-6.477499666281095,-0.825015627311088,-5.217006762686215,2.7230681831914167,1430.4117196298796
1977,OAK,9.429932100132145,0.9225351710061054,6.480649134650349,2.6026903604114606,1566.999242441235
1977,PHI,0.24062757281275213,-0.3027312006794277,0.5359522789699824,2.7201902032254015,1467.9665787582505
1977,PIT,5.185101752635761,0.4455683638132384,2.978615120569558,2.655002361988668,1531.5622548153258
1977,SEA,-4.956945378214144,-0.44060807153283815,-4.26489729010981,2.6944342131990595,1469.1905515299902
1977,SF,-3.5406678983167326,-0.38659248309903776,-2.1400988295787484,2.709796644510767,1466.415570219281
1977,TB,-9.828768907500134,-1.0912732203519897,-6.673661357108511,2.694434213199059,1418.4236582290225
1977,TEN,4.652485124507185,0.34151223676594705,2.925284823456613,2.712024392890423,1521.1173620196737
1977,WSH,0.3157103694420188,0.3085785593605965,0.49993299392699025,2.719386464373133,1537.7646086970678
1978,ARI,-2.735831884794454,-0.39645004164226016,-1.6023800905838688,2.308877831999154,1476.3440718380728
1978,ATL,-3.273241884693426,-0.04160841247085635,-1.8163429602329304,2.2305489165318906,1514.0645956505853
1978,BUF,-3.0858050042945706,-0.49467370512679193,-1.84807390223239,2.3107091031458125,1450.9437669841673
1978,CHI,-2.358925388686274,-0.2199617422314997,-0.9569677893710895,2.3093399981300715,1486.0124896108111
1978,CIN,-1.2175639567316074,-0.5504519231326793,-0.9966182039412801,2.30476134178062,1448.9463750695538
1978,CLE,-1.0274857166388962,-0.010704505705310858,-0.6653263194749389,2.30459485166122,1498.5952798868814
1978,DAL,10.60086708390756,0.9421832025143242,6.447018621389869,2.2010587072748447,1581.778256724676
1978,DEN,4.244960851429465,0.48351202513943353,2.3524199328590787,2.2732749791173643,1523.7492466351953
1978,DET,-2.19225872201961,-0.2658237390224811,-0.8567599128649154,2.3093399981300715,1489.0710733452595
1978,GB,-0.9384031456032934,0.07955507571912822,-0.5127505510892414,2.309475525948732,1501.248397989994
1978,IND,-7.630824437152352,-0.6155010315788374,-4.951710539560818,2.3089891044284583,1450.2576471063437
1978,KC,-4.273155308793412,-0.7369357235545769,-2.712808900145875,2.310657431784656,1436.5879130139913
1978,LAC,2.911729741752439,0.2313108379118417,1.5302472545680716,2.309399378977687,1522.243822935439
1978,LAR,3.210380006733795,0.6317784098439281,2.0248218805623885,2.2357668791120595,1553.504101937687
1978,MIA,5.598117535167406,0.463889153139899,3.132615963056008,2.273253731956904,1538.601999802144
1978,MIN,-1.2349997319252044,-0.003572487661752022,-0.745652453572714,2.273490109184492,1501.154950008223
1978,NE,3.1244333246410863,0.44374426222755337,1.6134371262168143,2.273253731956903,1536.3798638447981
1978,NO,-1.262583544567411,-0.17097486914971993,-0.6185883018004699,2.305195725612812,1485.3853171704554
1978,NYG,-2.4971586560540926,-0.402219681819114,-1.2683789955196512,2.3104369861835408,1461.5369531906929
1978,NYJ,1.035842229514308,0.08475222347645728,0.259099038760431,2.3089891044284583,1500.1334908185916
1978,OAK,2.1895075195302125,0.22469344416176215,1.0960131230412962,2.309399378977687,1511.2860932076503
1978,PHI,1.7841713881419303,0.1968816328889698,0.9374687095765177,2.270594928086846,1511.1333922113354
1978,PIT,10.724454088174765,1.3575436428827568,6.579346508703534,2.2022973264849854,1619.9131962294005
1978,SEA,-0.404782201031194,0.13047291635058936,-0.36935591212804736,2.309466703133404,1520.2726131514994
1978,SF,-8.602770898106545,-1.1382430821997542,-4.7563476361004,2.304536306141493,1403.9866149514341
1978,TB,-3.358166745143655,-0.6209864653458544,-1.303195061522258,2.310704415567126,1441.115617698188
1978,TEN,1.2942142309263676,0.4837600978411469,0.34184969291253064,2.205826288136588,1550.5889126131547
1978,WSH,-0.6247207736833432,-0.08596951345630131,-0.33308032150562117,2.308877831999154,1485.1639463737752
1979,ARI,-2.405740786693938,-0.41077901007529277,-1.5864913499088815,2.5585730777822966,1453.914335418484
1979,ATL,-6.136276863988536,-0.5269642868960865,-3.5772914788856944,2.5531515265644034,1464.2251509514786
1979,BUF,-0.3686040342497333,-0.16384799703124514,-0.2995910231002149,2.5594770880482427,1482.7212225804997
1979,CHI,-0.6067359641673533,0.05228830448560249,0.6976771274778407,2.5119118181486524,1525.3629707262644
1979,CIN,-1.45416396935236,-0.42679097855957426,-2.0730343800013773,2.5527693291215936,1445.4791738731665
1979,CLE,3.0841939435020835,0.3145463654456801,1.0854429053808707,2.552533502609243,1513.0523766181368
1979,DAL,2.8390063195165887,0.39669849253044454,1.9626320761890068,2.5147133054757873,1538.8543196087758
1979,DEN,3.906426643210267,0.39814520651718144,1.725417366273291,2.5121446579684927,1523.3877911521568
1979,DET,-10.534440785331181,-1.1704174386062445,-5.914082696454339,2.5592076139324926,1400.7533099637399
1979,GB,-6.812218563108969,-0.6234743561171563,-3.4221014979524687,2.559207613932493,1449.4223520705232
1979,IND,-3.4395846243373693,-0.5411844848010947,-2.7007733601284865,2.5606680316170616,1454.5631811261674
1979,KC,1.2510909063029367,-0.02015371054682217,-0.1658912942601066,2.5608333770359426,1485.3706835122173
1979,LAC,10.514346226249554,0.8657537166569773,6.226067286463917,2.512103689616839,1553.1809579094045
1979,LAR,0.4692181924321328,0.22633179625556454,0.6321119984445541,2.4263972348408425,1529.1784447644914
1979,MIA,3.899366131270871,0.32525996471602486,2.5557545584780472,2.51241375684507,1519.8575885470505
1979,MIN,-7.374572113479401,-0.4915831005984915,-3.7727199063282133,2.558779650255792,1481.9686573356933
1979,NE,3.9091737435280374,0.282634513471326,2.564327667715367,2.5594770880482427,1511.2142810705395
1979,NO,-0.8029435306552046,-0.05499295232570464,-0.006691552674055526,2.5531515265644034,1501.8723568243875
1979,NYG,-6.087038363158733,-0.46917184840495213,-3.592254178734394,2.560632501410198,1467.883311373731
1979,NYJ,-1.4914119340025354,-0.05118967584329938,-0.9328443768907544,2.5592343278275633,1504.1972106593537
1979,OAK,3.649693184202615,0.32153687280700455,1.6097824387817419,2.559106276196995,1519.698486669714
1979,PHI,1.9895507623227893,0.472697519590365,1.642934241193023,2.4667304830403243,1547.4846069076038
1979,PIT,11.708607345065635,1.0860758435405473,7.104154169881252,2.426578618240509,1590.5825038831686
1979,SEA,2.594137628647058,0.2195241084807269,0.9031012033856844,2.559106276196995,1525.7027446478476
1979,SF,-7.295707093407586,-1.092587456523068,-4.430919423554027,2.5532012423820625,1402.2876946069466
1979,TB,-2.82083186442462,-0.0024579701317521763,-0.5383860518610594,2.4726021642266662,1516.3094465021197
1979,TEN,5.1366492932709695,0.671082135260449,2.3584774076997417,2.427194465174693,1560.2715659836824
1979,WSH,2.678810170835995,0.4130204267028897,1.9451921233697314,2.5579762945110933,1531.2032747126564
1980,ARI,-2.880284375833661,-0.5591970522770152,-2.12684752100321,2.5491877492475736,1453.147932452049
1980,ATL,7.306728018667034,0.6990927057525179,5.3659272573155175,2.4915288268377336,1556.3946303671548
1980,BUF,3.8366097223638747,0.49462252752922004,2.599725962410291,2.5009535129573397,1539.368530379562
1980,CHI,0.2227377741653129,-0.1775370563491136,0.5138016740900061,2.54817066719621,1488.4303848384138
1980,CIN,-3.6712492781867696,-0.3352311756360876,-2.686747471426301,2.5417593446252145,1475.4774560980409
1980,CLE,1.8163561902688368,0.36667172071516124,1.4478865822803146,2.49142216319109,1540.1551644198555
1980,DAL,6.9203900604059765,0.7663002977758361,5.021793777421215,2.4166538631390795,1575.792692404387
1980,DEN,0.7469839799749745,0.10424083044742453,0.09519284641836126,2.5476434173517286,1498.8196439761612
1980,DET,1.955860446691113,0.17484753167268965,1.9581115181399638,2.549670768717926,1505.7721107499005
1980,GB,-7.51984556689735,-0.5122633070465631,-5.053621968358066,2.5480268505570645,1452.9840296887267
1980,IND,-1.5646176626349417,-0.16304014890025967,-1.2265212042517288,2.549667293369021,1481.0345337042768
1980,KC,-0.1538155510796425,0.0488259111040565,-0.3995749784522281,2.549198586090985,1504.3121649899197
1980,LAC,5.5760076720570115,0.6056144385788168,3.656367138791798,2.46162609286762,1545.566275143983
1980,LAR,5.397374492876859,0.41948287840550236,4.1972532042921324,2.495456291969433,1544.7309758278793
1980,MIA,-1.1923777553314052,-0.03847250968248027,-1.0509080879913386,2.5482366517458743,1498.4232625585776
1980,MIN,-0.6080791065483828,0.0022138867398226766,-0.2053275819393493,2.5005788010608163,1510.5758962396965
1980,NE,6.1342848085489114,0.46411533288777906,4.430292108411092,2.5479472564514833,1527.8996961174037
1980,NO,-10.406121169828356,-1.3873858195814255,-7.587818712110742,2.5410218263787194,1390.7059777509244
1980,NYG,-8.989618237979078,-0.7985158675021242,-6.621282036372877,2.5471689415092267,1433.9257824833674
1980,NYJ,-5.143492969228878,-0.7098131037876895,-3.816798647441571,2.5479472564514833,1441.7335826747612
1980,OAK,6.651156067232111,0.9151152811118245,4.568185469540068,2.3753128794040697,1593.8071208813433
1980,PHI,8.654840391783305,0.8291785373831082,6.290723143078891,2.4201814906281434,1566.7772996953213
1980,PIT,1.8843062773687957,0.30998586025820585,1.3758588122449646,2.5417593446252145,1516.0612783489898
1980,SEA,-4.1419049089139115,-0.5538995606480585,-3.479900683212352,2.5476434173517286,1428.6782053306729
1980,SF,-5.341813963587084,-0.44619578830818973,-3.628435984598734,2.5417798043120117,1464.283422544096
1980,TB,-5.186512233564012,-0.5740662418788186,-3.347327329216137,2.548026850557065,1450.6463238166966
1980,TEN,0.8987116269869364,0.40019496847492836,0.7688064407697174,2.4914898861803025,1541.5089615416991
1980,WSH,-1.202614749777583,-0.34488507723906864,-1.0588137288297486,2.5475592478161633,1472.98666497614
1981,ARI,-3.2392803899730507,-0.23602261750183554,-2.400436839973558,2.6134377044040713,1483.7120938854225
1981,ATL,3.9085155650015078,0.005088229683815908,2.539527087444557,2.607956325425713,1480.4172147901759
1981,BUF,1.4077948576376054,0.30982699487985144,1.1307813480180715,2.531454269227046,1536.7186852740606
1981,CHI,-2.921480202158458,-0.38692171913554446,-2.2344848238154547,2.614175583504729,1476.3365222427042
1981,CIN,6.205796803962668,0.7364684928484829,4.502465829688658,2.4819950988452417,1574.9979929492058
1981,CLE,-6.22126067688354,-0.6486753395020258,-3.8726891032609227,2.6080854730362795,1448.9833640380912
1981,DAL,7.549337206866055,0.832188893064306,4.750910033016428,2.5227870808392305,1561.7848949387721
1981,DEN,1.0682183015529318,0.35090305917121634,0.923645285561192,2.6138109434412393,1531.065614024658
1981,DET,4.300742020063761,0.16098975074875957,2.6007025762627984,2.6141755835047293,1500.3299335478841
1981,GB,-1.5196862095096633,-0.06719865202405693,-1.1678416555122784,2.6150565629100835,1503.8358077083835
1981,IND,-15.500863576055746,-1.3036515723713689,-10.145901099841453,2.6139181718886118,1403.8260905797763
1981,KC,2.8805153567993416,0.192898189487506,1.9899123430501264,2.614071816361083,1512.3094728381684
1981,LAC,3.1662662075117702,0.4163954763651197,2.307902481727794,2.5236596642185223,1536.6909261508401
1981,LAR,-2.135516755065805,-0.36508375440462676,-1.6175254337035176,2.608005115929729,1464.9013812644973
1981,MIA,2.684427387622589,0.5080563126705729,2.079031367393363,2.5652760954020732,1542.5977234991442
1981,MIN,-1.8808970475532247,-0.2159970958825172,-1.3334718002184387,2.613953156977948,1475.1211300531966
1981,NE,-3.5865866987407764,-0.9579535621681451,-2.1090957414362173,2.613452413636184,1398.960361886948
1981,NO,-9.202595546109594,-0.8285551219120177,-6.238197731159047,2.6079563254257128,1436.6631917769928
1981,NYG,3.579563297073366,0.3286281305654704,1.8830066922210733,2.5333024585012165,1525.9153668302126
1981,NYJ,1.7584741870953295,0.23617920303548498,1.6948904241265217,2.57493313463809,1530.6720550620319
1981,OAK,-3.6194846432006664,-0.26348917463345084,-2.3617563170203093,2.614071816361083,1483.7881670809027
1981,PHI,6.772049000642628,0.3938499432975567,4.328959725691901,2.5730410333407807,1512.4868714453492
1981,PIT,2.9019313015516697,0.15399412965234285,2.1297000245773643,2.6076329575472457,1496.3198859053539
1981,SEA,-3.1895396407265846,-0.29296202895404305,-2.0988804358059863,2.614955237731512,1473.0031762756616
1981,SF,6.93753453266762,1.098458686530854,4.4969002574776145,2.482664567844991,1609.9214263605381
1981,TB,1.2261460850661454,0.11918005106321336,0.6642974836344436,2.5658148166233588,1510.6380018800855
1981,TEN,-4.486957587337213,-0.2983851070374126,-2.817068623195007,2.6076329575472457,1480.347187168664
1981,WSH,1.1568368621993046,0.021790202462491456,0.3747166450503361,2.6134654202641476,1507.655460542279
1982,ARI,-3.131007244396355,-0.023608879033131715,-2.459130010956585,2.9677928043212405,1502.236881052413
1982,ATL,-4.0127241153450806,-0.11009971004706767,-1.9517810177919013,2.9639723233956654,1496.2365763962075
1982,BUF,2.0028604866372492,-0.05009691110897085,0.2886178106331622,3.050749314928458,1488.5862939569615
1982,CHI,-5.597641580958235,-0.41883345113339787,-2.8572147302485313,3.047492807086074,1473.732065857029
1982,CIN,1.129743409952034,0.37186942623601954,1.17909243266228,2.9669483002551953,1533.277868778001
1982,CLE,-4.7509719228445695,-0.24734641749168887,-2.823571992989391,2.971264606263456,1485.85258119529
1982,DAL,8.345278675717841,0.6121476297069628,4.827344216428386,2.8198870645520473,1532.7217706790334
1982,DEN,-10.44496495628921,-0.7917148122929052,-5.2044715401992425,3.069070503542664,1451.5156197918814
1982,DET,0.1663194915229868,-0.12424798049962885,-0.5155667103355799,2.974204664411813,1482.547800735865
1982,GB,6.581136680794309,0.3468423420164616,3.782590353803192,2.881606076318521,1515.661538891957
1982,IND,-7.468985143293785,-0.9093419572190273,-5.615001992565937,3.0548166604205242,1433.0266437502544
1982,KC,-0.3845407564931811,-0.2839357462857066,-0.07126673640459777,3.040880147503751,1476.2534120934808
1982,LAC,4.054580070981005,0.4119579234897792,3.0119642081370905,2.9009852976072965,1531.892283577258
1982,LAR,-7.359349174277355,-0.7923600922082291,-3.602810106039707,3.055895569707358,1453.934512761278
1982,MIA,10.60576207362038,0.8559137197681413,5.92437334827924,2.7878643137352066,1559.3531980235432
1982,MIN,1.1729788836630601,0.14309949480642412,-0.289049439434801,2.8765279386583265,1511.2538822675494
1982,NE,-2.2672828840041164,-0.02272485920467887,-1.4752884875849925,2.9674970703065884,1503.4231850776887
1982,NO,-2.9164963431204,-0.14463132231112735,-1.6735388361558006,3.051264794473552,1490.8478656529921
1982,NYG,1.617219221894281,-0.041650180373057545,0.4857653833427862,3.0679357542548735,1492.954906948143
1982,NYJ,10.908998282411902,0.6822899547696982,6.012298685434604,2.8317502831906802,1543.1615581929345
1982,OAK,5.096608941851059,0.7752462782325842,3.886702343767951,2.8879885703948687,1557.921782410943
1982,PHI,1.0707935951536571,-0.2408155505481523,0.13762639597554363,3.070009178493351,1473.3564750377072
1982,PIT,4.039172071137093,0.30824053289372566,2.88505261429365,2.966715402728967,1515.0481797582374
1982,SEA,-6.321187095585576,-0.27043005994011104,-2.4530817688685747,3.053957738615701,1491.0926089746
1982,SF,-2.826870820449599,-0.303822808639895,-0.6808547110602899,3.0599864133427905,1470.2604543203802
1982,TB,1.1263360133707536,0.0387789579423976,-0.5948628253052222,2.96320895966701,1504.8858652334338
1982,TEN,-11.665787350145251,-0.9608446833138029,-6.725836766231941,3.0567555165665814,1434.5349119865496
1982,WSH,11.230021488495114,1.190119161788385,6.571899879415217,2.777565338711602,1594.4292765983878
1983,ARI,-0.5510242453656354,0.09598947214956458,-1.1155656651224901,2.6203670988653345,1519.0457806472104
1983,ATL,0.3251572130026581,-0.05850622328855726,-0.20378480359721587,2.615073917340185,1489.9477870993692
1983,BUF,-3.5956417598641117,-0.12476075546494032,-2.3829470414883813,2.6204719617719374,1495.1096709600142
1983,CHI,-1.3900458039652466,-0.14262955250373208,-0.359334591311831,2.6227380885097347,1504.0828844515618
1983,CIN,-0.111081941579558,-0.1789652870997898,0.6470908400975635,2.6155951589789925,1487.065308864693
1983,CLE,-2.187341200304307,-0.015221175080623204,-0.5224851004534816,2.6155110232817647,1510.6647041254757
1983,DAL,7.717085048706138,0.7166889581170324,4.4868924954438985,2.5728073440275843,1546.8201217874398
1983,DEN,-2.800819958414265,-0.008810581803235922,-1.8008061020087063,2.5816943741722285,1504.4904763172503
1983,DET,1.3784541925843088,0.04415197094238428,1.419129471073894,2.573135473852796,1508.8108171175502
1983,GB,-2.9140510525737757,-0.22632250829202355,-1.3502408943874786,2.6209421848359096,1495.8780045987796
1983,IND,-6.449591283104344,-0.37127460314513105,-3.7003079933827214,2.6224299448314548,1479.7308424245477
1983,KC,2.454743067740769,-0.12451303806246529,1.1024405719682533,2.6207066877253395,1466.746261620677
1983,LAC,-3.7024406149256404,-0.3317576190817624,-3.0447325171456523,2.6207024638617873,1474.0402020017632
1983,LAR,2.214923774608299,0.277351243308224,0.8725530595562732,2.525984003521986,1520.4029613266873
1983,MIA,6.57054878031574,0.6537558505151784,4.4387380222343555,2.57224868188637,1554.7442539271276
1983,MIN,-3.135112031444718,-0.18170300231258169,-1.5017038034069499,2.6213281068005547,1492.223410418855
1983,NE,-1.1250676527031775,0.03249030918961407,-0.6719984894886423,2.6207807019969374,1505.409979012245
1983,NO,-0.35165158224349397,0.01906043145686727,-0.49067359486442297,2.6147036359119693,1495.7649507450742
1983,NYG,-2.1597147182087593,-0.6654145938537586,-2.2790200917433157,2.6206069089031194,1427.9389318786382
1983,NYJ,-1.2361787638142818,-0.09921127239327132,-0.7463859879513861,2.620780701996939,1486.2595616003248
1983,OAK,10.11317947357293,1.0641030198593528,6.428972218802545,2.4953702278820784,1591.1883772284475
1983,PHI,-3.380504288288466,-0.45780221241007585,-2.82764294472654,2.622416202801844,1446.4278959617382
1983,PIT,-0.08353108943656062,0.17531590618575713,0.7221465088377805,2.567877166170788,1517.579824019686
1983,SEA,3.2338499361630078,0.3883033688873888,1.6048234790322458,2.498331663648559,1534.064450407378
1983,SF,7.971677172819629,0.5464064488405925,5.120444515392221,2.5220630829448933,1535.3437665441827
1983,TB,-8.52400092033361,-1.1546547048468871,-5.109497478849956,2.621328106800556,1402.937624942856
1983,TEN,-10.666637497135124,-1.178324286347599,-6.419721513862971,2.6155951589789925,1404.0583316366942
1983,WSH,12.38481774419156,1.306254436534478,7.683617431353083,2.4913887899278304,1603.2228183337331
1984,ARI,5.3154231330300385,0.344715187869856,3.943197210898842,2.8331610236121105,1521.8501132052925
1984,ATL,-6.605007684837617,-0.8242150217660664,-5.014767348082385,2.8226449120623287,1429.4635647013968
1984,BUF,-11.517381011585048,-1.1012731303490528,-8.782403648032535,2.832658004941352,1407.0382098157877
1984,CHI,3.8307972016133394,0.38509032003165355,2.7518972220152396,2.7188891877140287,1533.8039326013186
1984,CIN,-1.2637270732527826,-0.15461695651763108,-0.6955064576084528,2.823461341897795,1505.3480894437698
1984,CLE,-3.097060406586093,-0.4397553713676438,-2.1350531753340403,2.823461341897795,1450.6370006710263
1984,DAL,1.0932009108078296,0.2038556523529204,0.6278774973490087,2.83316102361211,1514.2355646568383
1984,DEN,6.472175652975499,0.8164035046859331,4.830696606615054,2.7738926434894275,1568.9423912139982
1984,DET,-6.268933961169606,-0.6703655366456412,-5.097662419360166,2.8336394638202895,1444.1013336121666
1984,GB,4.516682046622857,0.09824757945375823,3.3577685623231366,2.8326802710378014,1507.7187591145553
1984,IND,-10.23324032504987,-0.8844044012781379,-7.69877119459276,2.832257400693512,1433.0217930021597
1984,KC,1.544936657477358,0.25705876639150166,0.9661121305970997,2.834811102186308,1506.249158759182
1984,LAC,0.3876875379614796,-0.05660145578340521,-0.07000835706657474,2.833804906188771,1486.4498936078496
1984,LAR,2.3503039162937123,0.3155937620921041,1.7374654654395538,2.770852177676699,1524.1309405927013
1984,MIA,10.220690383713935,1.1447639504346618,8.38983764758421,2.6688687388706995,1596.7960419126102
1984,MIN,-9.991156183391826,-1.032070684676548,-8.0203784826212,2.8336394638202895,1418.8201606079836
1984,NE,-0.46182545602950353,0.08802412438329121,-0.10150071386915112,2.8326580049413512,1511.7377466775633
1984,NO,-2.5381455422910815,-0.22317829081789123,-2.098784496835288,2.823224087761992,1483.8969073867459
1984,NYG,1.5335686759896794,0.24698297123994553,0.8947331413857375,2.731295892907292,1519.7928804090345
1984,NYJ,-4.155919882363699,-0.3767418367814842,-2.6942645131821004,2.833905065926466,1473.883017646582
1984,OAK,6.3062819723578665,0.6499058290730836,4.578426172474727,2.786746709430981,1541.8339800390345
1984,PHI,-2.248616220304588,-0.2545375783222207,-1.790607758831111,2.832581509673769,1475.5184997978993
1984,PIT,3.6933385412887443,0.28552721312282514,3.0507885401890453,2.7149537857404527,1520.4068597777703
1984,SEA,6.649807286324301,0.7327123204074437,4.923069953984053,2.729503243251383,1565.1059494557219
1984,SF,12.872027091614425,1.541024610795265,10.44008284382031,2.662973395171636,1631.579177639506
1984,TB,-2.9556181177986165,-0.4191510322116141,-2.2410486952216466,2.8346236294374316,1466.7090044373563
1984,TEN,-11.51158023451398,-1.1538365784934763,-8.794936249379036,2.823375486522793,1421.8143868371913
1984,WSH,6.061291091103275,0.4808420826765706,4.743740515340549,2.773347548964356,1539.1146423769587
1985,ARI,-9.45161405498143,-0.7280758325507654,-6.793126212635153,2.808917188552494,1444.4351416735858
1985,ATL,-8.063753329319102,-0.7350580921883793,-6.450638081947853,2.8008330330501385,1445.044382695384
1985,BUF,-8.812905279172226,-1.1328092547475697,-6.988344910265795,2.8110922443163293,1402.5965326435673
1985,CHI,15.930808869169164,1.6832334204450168,12.421857326753194,2.649971055134256,1635.0852436205641
1985,CIN,-0.6401393636207398,-0.17486647081683704,-0.23080583715584377,2.8007890670811237,1486.6580626623092
1985,CLE,-0.8439145632365203,0.0014269000623833555,-0.4662311475212364,2.7431969010185986,1492.6440507434127
1985,DAL,0.5083300051234304,0.2554551044719902,0.7425427101247354,2.7513030756607866,1521.7846473080913
1985,DEN,3.335326580906129,0.5543978191562727,2.464073520461373,2.8095652450606807,1550.2648030854382
1985,DET,-1.4005545720812689,-0.13875595906662355,-1.5093445099246465,2.809165836484768,1481.2634445388123
1985,GB,-0.12000637843368599,-0.0794698973782053,-0.39876859918144947,2.8102865973431563,1505.8021561623298
1985,IND,-2.252710575246697,-0.5541155159209435,-2.074220098929387,2.8093741284627636,1452.007985396337
1985,KC,-1.7202289746494328,-0.29802662350017467,-1.505585610236462,2.80956524506068,1466.3860413929715
1985,LAC,0.7628243933440013,-0.06093911042281609,0.7147073358497863,2.8117644010893437,1499.51398961702
1985,LAR,2.8293214032592964,0.45434961642628025,2.260633085789053,2.6886355623103944,1541.3564968191438
1985,MIA,5.204534789707661,0.676042666738213,3.8282762162895048,2.707688440685199,1565.7335862371954
1985,MIN,-1.0337639168440684,-0.21249566308498524,-0.809747221115612,2.810833898685092,1474.6757183750822
1985,NE,7.050594819773692,0.9218742794383258,5.048177249939026,2.6274996957964185,1576.0841328898005
1985,NO,-6.769595044950373,-0.7146858675155658,-5.183268831126111,2.8005119062539205,1446.1216255232182
1985,NYG,4.4442464349255975,0.5140004448691687,3.9312583728313895,2.69551966291689,1532.8552813191613
1985,NYJ,7.161041057841859,0.5510998814539644,5.136145810762413,2.7639416598015245,1535.5350388278043
1985,OAK,3.6731278231942897,0.6104858607838954,2.4673583101732075,2.7544330436840814,1562.2782343562988
1985,PHI,-3.13044091161343,-0.24489468410598483,-1.9528158260835076,2.81144891968415,1482.9650811534289
1985,PIT,-1.2720640078076264,-0.2772853429798858,-0.5249795252358552,2.801484079186007,1480.0019504537668
1985,SEA,4.056801715271634,0.1835477860276638,2.8044657555928265,2.809740806357424,1499.7534464843059
1985,SF,8.083172819008096,0.6066371303055951,6.285192953429628,2.7432403024035015,1530.3286464333974
1985,TB,-7.064450822878133,-1.1312308197709704,-5.8515970754147295,2.810286597343154,1404.8581977439583
1985,TEN,-8.938730674474295,-0.7894019911514101,-6.544902162997395,2.8014840791860065,1444.6630217512661
1985,WSH,-1.5252582422158614,0.25956021502234683,-0.8203129982250832,2.8093813443715274,1539.303060092349
1986,ARI,-7.5059362810361225,-0.7250634113476466,-5.517260885259819,2.787603884707634,1450.3961412664598
1986,ATL,-0.6765818691586712,-0.14378228543581237,-0.2717156427403947,2.7783551951999965,1485.5158988850449
1986,BUF,-5.909174774662905,-0.8425015604632747,-3.640928692074252,2.7881761504981006,1428.9489045898015
1986,CHI,5.644574194194237,0.8588092654894335,4.620179627937981,2.7310487499108076,1580.8661083432953
1986,CIN,1.760388009973128,0.3656822026023799,1.2993114829517491,2.7795570978187,1532.8280054512884
1986,CLE,2.7909724037878147,0.5567690961514876,2.3485082621963653,2.673745663862544,1560.6828347129767
1986,DAL,2.354381005630525,0.02521712753045245,1.0755606649617613,2.7862304390829906,1478.435671811322
1986,DEN,5.057186939894548,0.688717798473889,2.925506993041348,2.637338789089122,1559.1788288793111
1986,DET,-4.551829475014534,-0.6694748251822219,-2.7809996449521464,2.7863787255295875,1443.493964187553
1986,GB,-9.178559415738828,-0.8583488255560772,-6.4040909429700825,2.786759110246942,1441.771542643365
1986,IND,-10.407666155213231,-1.0341191586000198,-7.288987714606408,2.7855551696713485,1424.5218583723226
1986,KC,0.047338142097430286,0.17706850786047068,0.08191889362244595,2.732126609768827,1522.134435360436
1986,LAC,-1.7134468483349792,-0.47091973492560757,-1.8212157153760842,2.785519519244502,1437.8474781687805
1986,LAR,1.4142353776288923,0.2221190082669785,1.1716126108847362,2.7240715252457885,1524.8175565500171
1986,MIA,-0.4076661552132391,-0.0772377660308244,0.023703596001856318,2.7855551696713485,1504.480370674857
1986,MIN,5.710329473150054,0.28637149297450376,4.4836938972689,2.7867591102469413,1514.2536415617303
1986,NE,5.041679544699557,0.4215479174160886,3.7699721705217066,2.7334559897680935,1540.4922697398313
1986,NO,-0.11693170969358462,-0.14696737532345083,-0.0029099701698790427,2.7789064134617227,1486.3468222489605
1986,NYG,11.506824291300493,1.416818583444982,7.922443075594095,2.647277615748026,1627.7661051581565
1986,NYJ,0.4069241082678149,0.2623198515479397,0.3990849280179373,2.6788511233283416,1524.1299742917258
1986,OAK,0.7865531516650027,0.10457154432005547,0.00695711227598103,2.785519519244503,1494.1491521032663
1986,PHI,-0.8678412165916912,-0.18350114419832395,-1.2807509795675651,2.786230439082991,1463.326463999292
1986,PIT,-0.7396119900268813,-0.2017915176985341,-0.5288613447003182,2.7795570978187,1471.8424170359947
1986,SEA,6.214524972110981,0.5266090553949825,3.7272866160106246,2.7858016379812454,1539.6062619940574
1986,SF,5.93876875298644,0.49643740290349586,4.345195376203071,2.728007558317208,1539.2329271460776
1986,TB,-15.004074318105815,-1.373466281999018,-10.193076585630287,2.788164364410056,1395.6864765151367
1986,TEN,-4.209753188475178,-0.5811435938207324,-2.718662741145275,2.778777843059927,1452.0543975087676
1986,WSH,6.6143930298787295,0.8992586262044049,4.248525551701876,2.639317522983473,1575.1934908001724
1987,ARI,-0.6871129819592015,-0.0505090120418167,-0.27446155725221566,2.555782329503246,1490.1421314633942
1987,ATL,-12.150522338713541,-1.0084991797112264,-7.012830680784654,2.544938959219289,1421.486453812647
1987,BUF,0.28640987837110155,-0.052799621547761855,-0.3631306203706821,2.553469999459458,1490.2401424553643
1987,CHI,4.673499661791118,0.549284768647156,2.7607736806983665,2.504847712946584,1542.599408836356
1987,CIN,-4.487428447764723,-0.6017194427334371,-2.733152833320034,2.548310527081375,1439.446949793578
1987,CLE,8.689740781828823,0.6453892337519452,5.020560713855864,2.4662836122425094,1545.866011325253
1987,DAL,-1.0530375119486473,-0.13244516566747996,-0.45351078839143094,2.5530025425193266,1489.1836126952887
1987,DEN,4.471540289104066,0.5545752971498721,2.7520283016097147,2.429889858559259,1557.1163405716388
1987,DET,-8.23955832886413,-0.7490602365326421,-4.2403373060502645,2.548377626251753,1444.454371756196
1987,GB,-2.7805908628125673,-0.41461437102894977,-1.5547202608035668,2.5484010698017188,1466.7674122579278
1987,IND,2.281280826205208,0.20771015320068542,1.1483098368657436,2.5154018002827674,1521.3119018211214
1987,KC,-6.893387549853537,-0.6861976874124194,-3.7061562549287346,2.552061913042948,1447.5954129633988
1987,LAC,-3.9224874964775065,-0.1267026429295589,-2.159293348385049,2.550584672188581,1503.1643881216023
1987,LAR,-1.5359511089756204,-0.2075145439328553,-0.9326153103357409,2.548845236566015,1481.0168345030609
1987,MIA,1.127623196372766,0.08419734894625597,0.5212161636908897,2.553051997759342,1511.7307511117288
1987,MIN,1.9252813327641405,0.23243729939224217,1.3096593297477652,2.4300628079733215,1524.5060551438855
1987,NE,2.7193614010274394,0.15430400984534084,1.170400432932564,2.553599479176386,1510.6857655876017
1987,NO,6.472284045288898,0.7121970603893987,3.654982634796188,2.5005772355274436,1565.9208143885241
1987,NYG,-0.5092202920978401,-0.14053350101001047,-0.7038658367221424,2.5528002048539866,1480.8859435638612
1987,NYJ,-1.374081173325684,-0.2778040570918537,-0.9612974725537661,2.553730196782891,1465.2198395274063
1987,OAK,0.5969022046131172,-0.3181247758459901,0.410054885977487,2.5522496226587568,1455.745646525508
1987,PHI,-1.3963107617170913,-0.07379375027409459,-1.1165089966690092,2.5533983839360324,1492.338982142109
1987,PIT,-0.468244419715238,0.07199119838346893,-0.3629492087082961,2.5489728567381382,1507.48030082952
1987,SEA,2.0560289628952146,0.12640497241172852,1.4747288570005197,2.5043021960017873,1514.9423102848293
1987,SF,9.208161179900218,0.9273253135710515,5.46218753986556,2.504648473718971,1580.6287809957862
1987,TB,-5.689307145458383,-0.6663928711767562,-2.9884754253168535,2.550424993982636,1436.3333057533337
1987,TEN,0.09234005662780875,0.2723817751335854,-0.2911222741302277,2.4655079035124294,1529.0972361387262
1987,WSH,6.586786602893805,0.9685124281141216,4.169525797682036,2.4288983633978107,1584.0928956303528
1988,ARI,-2.4937262575595667,-0.2470282210906038,-1.3296927994158403,2.2927523225660202,1479.118759123427
1988,ATL,-3.8057119455565305,-0.5714468473025882,-1.974732842105897,2.2897312187028827,1451.986134379737
1988,BUF,5.494955159053352,0.7700973866801198,2.7303021114583417,2.2286267063418572,1557.669155153348
1988,CHI,4.459588607109826,0.5747166164109246,2.229830707588742,2.2289263849183736,1553.2830792380744
1988,CIN,6.698984605191421,0.8107873531021644,3.648136134696813,2.1953865078984047,1565.7911259451853
1988,CLE,0.823662380336461,0.2517214959006068,0.4203856209929769,2.2605387045987184,1521.1852107830573
1988,DAL,-5.39661287361704,-0.8959574821988278,-2.9565901071608045,2.2928485961823837,1421.11646511069
1988,DEN,-1.6548095573062773,-0.026110185860975937,-0.5478070288498997,2.2927855117766716,1499.9113737064513
1988,DET,-4.94905525264862,-0.7534585132619341,-2.6769899674094297,2.2941461149162836,1432.8398807891108
1988,GB,-5.1701553001180205,-0.6691830345845932,-2.7198780772639846,2.2925721930428815,1439.239334399479
1988,IND,2.4343909897178198,0.26882309648899244,1.1335001786882493,2.2927847015824137,1523.9592430255607
1988,KC,-5.098900524004526,-0.6572143052895503,-2.258903155706896,2.2943188414957416,1443.5346472169351
1988,LAC,-5.860469817463971,-0.4787207189279567,-2.791455743911305,2.292916332145522,1470.2149013522526
1988,LAR,6.210516310024738,0.38752054381601103,3.133968523059596,2.256561239898929,1524.619551176847
1988,MIA,-3.4181973021324783,-0.2948382759000056,-1.834874519951876,2.2926567141377108,1463.6534485840286
1988,MIN,7.421037915785333,0.5185182332849372,3.8232479634954872,2.2286012132462942,1546.0242787007307
1988,NE,0.15900960556081314,0.22714298810641556,-0.23963214776700695,2.292814240890342,1521.1933601180203
1988,NO,1.8806017762766358,0.3739744378467697,0.9261443764100326,2.2899225184611343,1530.494282280048
1988,NYG,1.8424877334770344,0.14684092863937487,1.1443673368975755,2.294178574002497,1530.9820818781795
1988,NYJ,0.4197537574618394,0.23807466950253553,0.1626906888330848,2.2942962827528572,1510.624723849349
1988,OAK,-2.7897937490825964,-0.23289938360945434,-1.3267947671978249,2.292920461919038,1482.6263594895343
1988,PHI,3.1990338450796463,0.34115929587499416,1.6430470832318007,2.2591296968328263,1528.2600348092972
1988,PIT,-4.527070132442969,-0.4991619880878106,-2.320335115086825,2.289907885039329,1457.1068029851695
1988,SEA,0.3073430428550866,0.13661531929222887,0.24323137031882025,2.259425990205159,1510.9106618020696
1988,SF,7.231290194574522,0.703093599710645,3.6383495359518925,2.1964359784172824,1564.746726971953
1988,TB,-5.064175761831469,-0.6237984844252688,-2.6729411710579685,2.292570384958441,1453.4806012981549
1988,TEN,3.6845349290861833,0.4371597369637116,1.9358031489509764,2.22896560209213,1533.2399759818993
1988,WSH,-2.0385123778266228,-0.23642826108086293,-1.1623773376888036,2.2929127726218814,1482.1877998514105
1989,ARI,-6.932288157351712,-0.6027963524599445,-4.972565452733265,2.6272910309822275,1444.5013437102355
1989,ATL,-7.55229037500787,-0.9882460315355862,-5.59770943627326,2.619003385926065,1416.6094359660608
1989,BUF,3.8431340930944566,0.17324751389029486,2.9972206802973993,2.5753314339531457,1502.080351002134
1989,CHI,-0.0593277461805074,-0.11940417569681978,-0.3108286585996378,2.6269569632771232,1458.3418667888216
1989,CIN,4.436757679249603,0.12604749589390968,3.2363282165333134,2.6197391051205465,1497.7176868336273
1989,CLE,2.525753099895372,0.298597928045592,1.8527706108748838,2.523493348430853,1522.4572104706704
1989,DAL,-10.296053817503104,-1.2617021311333756,-7.575792500881548,2.629373167706314,1390.397474841015
1989,DEN,6.832300218664329,0.7023982346062235,4.838673833405513,2.4853174209301816,1550.8114178146182
1989,DET,-3.036751395144104,-0.2648309730845614,-2.151679755166546,2.626781860975511,1494.5645987834178
1989,GB,-0.6212750781979844,0.13880062296689696,-0.28634251772676056,2.629229249842355,1534.02918787966
1989,IND,0.03893520344241208,0.01698335609250138,0.14277154813202098,2.627108283638645,1500.9620967347914
1989,KC,1.0354700142120865,0.0920810300932384,0.8562566306540026,2.628745636551262,1514.2285446265844
1989,LAC,-1.1841260078495321,-0.2448390986957243,-0.9229061839681185,2.6263845255474467,1472.9635517931488
1989,LAR,5.741266009522524,0.6741441801636251,3.9910744626464263,2.487152060457475,1563.2613567594944
1989,MIA,-4.403855404225282,-0.17858408366796025,-2.695917209706217,2.6294971535266414,1495.3946783127847
1989,MIN,3.505284838951533,0.3776793088467115,2.3879133718767256,2.5752960829179457,1523.9468748433003
1989,NE,-6.3514480968302856,-0.5775714009920293,-4.332838212720536,2.6266169419798757,1449.7786692650502
1989,NO,4.924183252691186,0.31979341990153654,3.4849704252518237,2.618979797987002,1522.767012223189
1989,NYG,5.63448563040051,0.6681859944983356,3.8983658761483655,2.5793066097904873,1552.3067316862473
1989,NYJ,-8.886460609108704,-0.855394547204261,-6.250841328576447,2.6268461636196436,1434.7652704147122
1989,OAK,1.1247160568053822,0.04615357679621856,0.7768767419683983,2.626124401860628,1501.7733864760282
1989,PHI,3.8534509405127215,0.4020196357103437,2.5450336903432174,2.575778510643191,1536.6060190067624
1989,PIT,-1.5127827848115407,0.12368991602705803,-1.0789974126378319,2.532653576618569,1523.428394017113
1989,SEA,-3.6748009110859856,-0.26473765639793534,-2.918412807758735,2.6263632187908987,1489.6321426449456
1989,SF,13.496379412052644,1.425561309294023,9.91029174489356,2.481161295278493,1619.4564878823705
1989,TB,-4.70392896033027,-0.5552100894667611,-3.5618766524358927,2.6269810783350405,1448.4989678712182
1989,TEN,-1.353346775856819,0.03238520612707475,-0.9405735194698952,2.577429347213866,1502.1891998805447
1989,WSH,3.5766196699889656,0.2955478113813746,2.6787338156290397,2.6267542298207682,1536.530041471454
1990,ARI,-5.933127648271039,-0.49336631265232467,-4.521916399226962,2.7180328395890094,1453.010005871935
1990,ATL,-1.9687764464045117,-0.5081469004990158,-1.1456428493886008,2.7106897804213506,1448.7303095203588
1990,BUF,9.124084467499477,1.06647045240928,6.745165534800379,2.5825177545773905,1588.2129530828888
1990,CHI,2.2224385256520116,0.42799510970763127,1.6918077195084076,2.613690717512888,1539.0705285975407
1990,CIN,0.19293195255725942,0.03388495977223201,0.38256890771043983,2.6203319708107458,1514.1081297193814
1990,CLE,-10.469276679178034,-1.0663877761284104,-7.59001744157481,2.7109377637667054,1417.4562662694998
1990,DAL,-3.562752467122526,-0.23363927306155283,-2.6282255490380635,2.7202237275556715,1485.482112718949
1990,DEN,-1.2736239114686214,-0.4687918284547787,-1.234725024145743,2.717876357801065,1450.494240526219
1990,DET,-1.933428362237009,-0.2929391009178932,-1.4958611220809237,2.7185513544566184,1472.3683304435758
1990,GB,-4.330291666447097,-0.4242819506608154,-3.145129098476634,2.7179202980882757,1461.632654987375
1990,IND,-3.6422828923701127,-0.19788728332500155,-2.7480115816620954,2.7181867048976316,1489.8110405065386
1990,KC,5.823789560667155,0.49551382780021863,4.183655057376431,2.6638523235133964,1541.4999876896716
1990,LAC,1.286638987156098,-0.2558944168555184,0.9235444205248148,2.7204150816268933,1465.0939744918496
1990,LAR,-3.8163913184220917,-0.4332163773501748,-2.630826375904194,2.710852368563831,1450.7699560105693
1990,MIA,4.832268322766233,0.7906496857570302,3.4859213360198007,2.6229135327566913,1563.2505172244548
1990,MIN,2.048023915718624,-0.19931910450194648,1.3283363733413305,2.718589458804667,1472.101981352733
1990,NE,-13.432940926303559,-1.364451781525416,-9.920365332367808,2.7181572443296083,1384.9254107904362
1990,NO,-1.1465064473323276,-0.11935743754633105,-0.609494686193856,2.6578191586569786,1497.4631127671207
1990,NYG,9.206667959622406,1.213015527092388,6.569944267360227,2.573452006342221,1606.393935759573
1990,NYJ,-4.354752255129093,-0.5290143452654273,-2.801470264445134,2.7199074199651236,1465.3216628649427
1990,OAK,4.976427293024657,0.7475454505986052,3.19153279086652,2.6199271224608935,1564.4830040115412
1990,PHI,4.812600315247851,0.3862203848798957,3.3392029241965826,2.6738786081934967,1528.1281249378535
1990,PIT,1.1749240062971886,0.0800058586966327,1.158494273621557,2.711197221871156,1515.1343894035142
1990,SEA,2.127057209935524,0.1439944565789277,1.2673823103473392,2.718322899991549,1523.4302961063502
1990,SF,6.634230779103304,1.0082713421614082,4.94301264728543,2.6144453563848775,1587.7612954456529
1990,TB,-7.154848550618768,-0.5218202602368001,-4.856081358784028,2.720703123245197,1462.1852120572007
1990,TEN,2.80744973850328,0.1424094077413269,2.206228968889651,2.6671291954389718,1510.2563351592526
1990,WSH,5.749466537553724,0.5725376857858301,3.910969551439831,2.627969320024123,1541.4242316830218
1991,ARI,-5.545745151373768,-0.6001519408621246,-5.179921410484664,2.685250588320909,1430.0828726286877
1991,ATL,3.877575249285554,0.4323442262809888,2.6048455541348265,2.5826862801499217,1540.9925310565125
1991,BUF,4.703473379365007,0.8231963939520278,4.589125166362054,2.5251506541373545,1580.4601242848646
1991,CHI,1.7843756353810447,0.41848080864717474,1.6265866130889481,2.6272954760453757,1532.9002735964693
1991,CIN,-8.602449917191294,-0.9189719360569696,-7.175694650509612,2.675525236773576,1426.361042079627
1991,CLE,-0.9526115582109423,-0.2946876676548592,-0.676489370168329,2.67572220907544,1463.3582408912096
1991,DAL,3.0074760333870336,0.6175742471659328,2.040982551910016,2.5768569707383677,1560.5770511554833
1991,DEN,3.0603507933957754,0.6540119834973963,2.6340242773056417,2.5811993224236183,1563.9252870922246
1991,DET,3.4879304492183874,0.6935413710685496,3.031974755422602,2.581528443304851,1568.772677608572
1991,GB,-3.9357981947961864,-0.6682621334199026,-2.884746420301185,2.6848402669821123,1438.3339794032386
1991,IND,-15.863811495078162,-1.570869656913116,-12.332366171323832,2.6830283426247816,1384.5282856318127
1991,KC,4.32695612735294,0.4422444420039835,3.2721024950158606,2.5902309529639305,1534.603111699796
1991,LAC,-2.662449730378458,-0.6171904019853217,-2.4753207558435353,2.684673842329877,1442.3891186979106
1991,LAR,-6.290123215733385,-0.9124918918140408,-5.83949364653553,2.6771335797004228,1416.0599768303084
1991,MIA,-3.063000999666454,-0.1669639500508249,-1.7321620241117193,2.6838865768797358,1495.5959110989054
1991,MIN,-1.4342582481120536,-0.1530614648713546,-1.0453857149987713,2.6864566901369455,1495.2101648069622
1991,NE,-8.241890761857078,-0.6452372169100805,-6.067505650175715,2.6871336930135965,1468.1013024671045
1991,NO,7.9032993531464175,0.5919251223622711,6.086008319455345,2.6318078992973555,1529.8889453868426
1991,NYG,0.48542935190352576,0.06780826468688797,-0.0015905009472505136,2.682519833227167,1502.859894170314
1991,NYJ,-1.4573998432231847,-0.09775090720532653,-0.5078969516462649,2.63029895550564,1490.202166608646
1991,OAK,1.1932179951730335,0.07728598143753054,0.726260148263262,2.6411284589776436,1505.5944648400002
1991,PHI,4.122832059609206,0.4421009215087709,2.9715667433098316,2.6820045182740393,1539.914127441155
1991,PIT,-3.250032040578138,-0.20730679347293834,-2.59701427196366,2.6756974755324596,1485.8867159835863
1991,SEA,0.8125142221552912,-0.14195054756123499,0.5664450777931982,2.6847476785676965,1479.0668106991836
1991,SF,9.847019092770378,0.6069995434959021,7.586758591265813,2.6767946696877027,1543.0063796924346
1991,TB,-9.84294397882974,-0.9617385683548003,-7.875093396074813,2.6839889255659104,1421.1214718656315
1991,TEN,7.155621056166937,0.5912901671326423,6.054094506903976,2.5752499597388443,1541.9528011143598
1991,WSH,15.37444433671828,1.497831603892836,12.599906134853585,2.5284394778563737,1618.2542711681576
1992,ARI,-1.9821230547691338,-0.5631046487047457,-2.2079559630306522,2.884651689860909,1435.3548275687315
1992,ATL,-3.110277189881467,-0.33896322990859823,-2.532339345929824,2.8749398112733258,1469.1473106958488
1992,BUF,4.372685877506216,0.6707574047245531,3.538928989188941,2.6877668548251195,1565.7256723563921
1992,CHI,-3.7678463359903622,-0.5357746350712284,-2.742950516609647,2.8830079209476858,1447.8851557112157
1992,CIN,-6.623128035698834,-0.6516063955314778,-4.217994307871861,2.875233057322229,1446.0619424033227
1992,CLE,-1.308376603910588,-0.15187775629369052,-0.5104933406898217,2.8753167770992687,1478.6074139843809
1992,DAL,12.883038681649388,1.2823913664871422,8.997495631274962,2.728857563911048,1607.6571195048687
1992,DEN,-2.9284103594438284,-0.0012443509028147266,-2.2608639842891103,2.883137039347018,1492.0870453935156
1992,DET,-2.1202337067787576,-0.40871007891297695,-1.7573947333253175,2.883415096638354,1457.8127086499055
1992,GB,-1.9471698197344052,-0.04680019560121272,-1.2871066392599693,2.883150725065225,1521.6135102812655
1992,IND,-6.350188610073177,-0.029418995006997878,-3.91776184596062,2.8849038950494252,1518.6254341216788
1992,KC,2.743782766819198,0.3128861012814027,2.0442765410875183,2.8360294111452977,1520.830649773623
1992,LAC,2.3999608221000854,0.4164179173984859,2.304438400489773,2.784187395161266,1554.3481215388979
1992,LAR,-2.5634244192198286,-0.3525622746400025,-2.164930330168843,2.874658792607786,1470.7288923281906
1992,MIA,1.9309486611165676,0.4112976515640367,1.9140659750055806,2.78095449443965,1542.649656300752
1992,MIN,5.694122765811606,0.43431738000901426,4.056733439944543,2.829632350930995,1538.6271746115383
1992,NE,-10.228767061278813,-1.1653171049892206,-6.840852945609982,2.8810529744551077,1404.2971687982329
1992,NO,6.85969488782093,0.6780216063457876,4.718683924744726,2.822099962359252,1553.1683366644545
1992,NYG,-1.2568815426244777,-0.24478493858915185,-1.6571014582979453,2.881938935449877,1467.0029726581802
1992,NYJ,-6.830579679008517,-0.7309032406095248,-4.476666086554968,2.881328640100414,1438.335329163829
1992,OAK,-1.424736819841205,-0.15650460692445217,-1.1144401832135393,2.883476376006891,1491.0780418811437
1992,PHI,9.078335281297317,0.8248243207092651,5.716329341273463,2.7860407368870796,1555.1171423024298
1992,PIT,1.9549988448913629,0.38264154497067576,1.81491034961819,2.822718494402587,1530.374133052852
1992,SEA,-9.83240779150692,-1.1901851410761863,-7.1293066570246495,2.883269161009157,1404.1322714927112
1992,SF,9.928130906034507,1.0549677902401906,6.970854322729803,2.7670274692701238,1593.6868329742283
1992,TB,-6.005162744133808,-0.7157013906453337,-4.311276668851222,2.885294083763892,1446.3031679076855
1992,TEN,5.072276591578824,0.4494618059434927,3.9538132252801925,2.8231408738756856,1527.3385241811918
1992,WSH,5.3617376872680795,0.36547409373356843,3.0989048660503795,2.776265640650466,1521.4034436989332
1993,ARI,3.9574595639977486,-0.006768105901739569,2.3964226858744038,2.522567872533777,1491.2875332709311
1993,ATL,-4.423860405128854,-0.45498213666909415,-2.77880104061966,2.5157401814574025,1466.4452883549325
1993,BUF,4.819302141193665,0.7685627101280946,3.2266447103820286,2.3983200575453663,1569.9444612206482
1993,CHI,-0.30440010183593497,-0.15553688009665917,-0.17660193585095,2.521253332564149,1481.5878854354241
1993,CIN,-8.15756882273982,-0.9999596319400235,-5.094370384927586,2.5160458962058887,1422.566094885264
1993,CLE,-1.3577343632791241,-0.26658996591530837,-0.541139254547595,2.5157136902710318,1477.0170762109528
1993,DAL,10.655434889919885,1.0516553203805894,6.916731962148149,2.398542161535126,1596.5189818246035
1993,DEN,4.000493560952753,0.2661243255709191,2.6542081895992835,2.4825106356302915,1507.837832194458
1993,DET,0.12583473539716722,0.09500349993638535,0.13296673901731154,2.4840394607902554,1519.3253150031921
1993,GB,3.4779754175521465,0.29455009113348174,2.17849688905088,2.4411156319774627,1523.8679980171364
1993,IND,-10.545404622482113,-0.8710349918647909,-6.842397372293962,2.5209522114935052,1431.0743589064666
1993,KC,2.9380194186681314,0.6434641790574228,1.7456474545318932,2.3955907105170375,1558.8206419813544
1993,LAC,2.0589499843672723,0.08854892942365578,1.228945650296957,2.52095969263039,1504.8997744744372
1993,LAR,-8.222619099244186,-0.665269799929047,-5.3649377301386885,2.515888248006387,1447.5124245844179
1993,MIA,-0.4102359023969086,0.16520005122145107,-0.17715271386139847,2.5211252898094845,1507.153677622307
1993,MIN,0.02717316867969265,0.11693032446778248,-0.25204716104862546,2.4749803750424015,1513.3707487829133
1993,NE,-3.80051625369918,-0.5494110149262968,-2.2136029121177088,2.5227726385590397,1458.2229589358092
1993,NO,-1.256580336702748,-0.06242908536913913,-0.8049530158140088,2.5159199331532243,1489.3114375059092
1993,NYG,3.398522489492172,0.533339856864868,2.1534497459961566,2.430847759199917,1543.9900814827492
1993,NYJ,0.2552179695952297,0.05858947090434303,0.3121514397922638,2.521142301362862,1498.2970433327755
1993,OAK,0.4181783321498278,0.2565398339568976,0.06387235077062452,2.4408437703873287,1532.8540091973316
1993,PHI,0.5025084237088522,0.020059387686370566,-0.10957864749618224,2.521071597428475,1501.8098923956748
1993,PIT,1.337942281078764,0.04364836207906106,1.0175456497108921,2.470249322048313,1508.0692905557326
1993,SEA,-1.3230982858960583,-0.32038679925405494,-1.010502092785421,2.5231240050123955,1464.9149035461442
1993,SF,9.090658390641947,0.546267798354235,6.195320732409664,2.429186514603534,1529.5969311667543
1993,TB,-7.40128048879951,-0.5571215774818208,-5.0532983712838995,2.5212605909280152,1455.901315004558
1993,TEN,5.694243946330785,0.579483221012112,3.9828373537018775,2.473207576278445,1562.1341655645665
1993,WSH,-5.5546160315216,-0.6184773728296953,-3.785858920496684,2.5206886212995436,1435.6678785425559
1994,ARI,-1.483212558777756,-0.08143819312684114,-0.9281225531055938,2.402787071170995,1501.3747246878859
1994,ATL,-2.8733071729641932,-0.23493386619277953,-1.8623739016906782,2.39754420158799,1483.8972664871048
1994,BUF,-0.8855762094810835,-0.12491698505411117,-0.7203722381614136,2.402705727649394,1480.4210435473406
1994,CHI,-1.2436387711981585,0.1581883311206432,-1.050508664324472,2.3251410060406026,1518.793745860851
1994,CIN,-6.986587280365073,-0.9443029251623575,-4.706485102645337,2.3980764581659244,1422.8683941499407
1994,CLE,6.10288944775085,0.5095523773760883,4.204695869475239,2.321824161709243,1544.89109187913
1994,DAL,10.474902749660004,0.8459858796156451,6.844935267796152,2.32183787854692,1559.7311433467853
1994,DEN,-3.004436701997198,-0.18870506976364335,-1.8413797600593858,2.4021649961137785,1488.7515684933844
1994,DET,2.104640104177423,0.17723575642807765,1.0224078656238906,2.366770558643006,1511.4696419622976
1994,GB,4.213903970924785,0.3242695801673139,2.580060834185564,2.3267765636287803,1522.2790558133318
1994,IND,-1.7594213270558934,-0.16164817266355233,-0.9259092318667809,2.4046680089856722,1503.8487490859488
1994,KC,1.0557765916080708,0.19044855127438343,0.7629751081069543,2.3612267320373808,1506.0630559805797
1994,LAC,3.4791366222991407,0.5701966154704347,2.3164486015477133,2.2826022478833874,1557.0956830926677
1994,LAR,-4.84676537191354,-0.6858200204319993,-3.1018839715066804,2.3976777534072498,1426.5421457442292
1994,MIA,4.1806388851278635,0.4658182756695104,2.6937498372684057,2.3193276835131895,1529.8435182186286
1994,MIN,1.7410935130943457,0.28558131056894764,0.9896702339665642,2.366339707667588,1520.7612657339878
1994,NE,2.681532386115807,0.3242895570788509,1.5684175405487328,2.361514561601651,1535.7651233573608
1994,NO,-3.208692880213155,-0.27640102834539243,-2.128052412692169,2.3979254379937074,1493.8460482911914
1994,NYG,-1.5936073827706938,0.037913784546142436,-1.0468733415843432,2.402692379745211,1519.9289320804016
1994,NYJ,-2.597232283735849,-0.31173217646134926,-1.9039561231383055,2.402863911379589,1460.0589944332417
1994,OAK,-1.383265356560287,0.11538526921715962,-0.8693917836728853,2.402865158433573,1522.362468044656
1994,PHI,0.5803613229415121,-0.10206948302958932,0.20597307065910483,2.403046129781812,1473.4420372337534
1994,PIT,5.336058815027487,0.6769632260642977,3.580287579990106,2.3222578265062044,1562.6968471688128
1994,SEA,-3.451882618464447,-0.36833951591752195,-1.912970848317278,2.4043459128667286,1460.6961428730106
1994,SF,12.82475404120208,1.1510972364034764,8.799290468137054,2.2791440533858602,1607.6348967405063
1994,TB,-6.324007687544442,-0.4451901988382641,-4.073420711723917,2.404889164651727,1467.364178150643
1994,TEN,-7.383652194238124,-1.0734888809592946,-4.835472327826452,2.3977206698915703,1400.5315729353633
1994,WSH,-5.750402652649482,-0.8339392350542759,-3.6617393049897515,2.404892302784093,1417.040664606965
1995,ARI,-7.330523533251399,-0.772148085303073,-5.167865083229392,2.3961909778239434,1432.444905301779
1995,ATL,-0.36451942512485314,0.09518153992178702,-0.0571552879687328,2.3525297301241377,1507.958497874871
1995,BUF,-0.522991549576015,0.16847168320612305,0.09026027342866032,2.3170709556867406,1528.4916859594312
1995,CAR,-3.671181256790213,-0.3160169993794814,-1.9674597671106495,2.396170307295819,1485.3981270881775
1995,CHI,2.358930848576748,0.23522357528602794,1.349846991546526,2.395828942419778,1512.9489498917003
1995,CIN,-1.5493545375420712,-0.18612213025127575,-0.9986262258339921,2.3959571527898653,1484.5881367018824
1995,CLE,-3.839523001817749,-0.4953272576953795,-2.553925773817102,2.3958704707726173,1444.6511923455555
1995,DAL,10.213495310983301,1.0538552442508407,6.553914882340367,2.2793206663857397,1589.2755793098934
1995,DEN,2.3163570369273683,0.05001265202049802,1.3853365871288466,2.3963601679304647,1500.0376113481002
1995,DET,4.452213490753716,0.3664328740411663,2.6910427828268655,2.351889018919832,1533.4290592397908
1995,GB,6.967507881767367,0.7628346213573861,4.3633647115941505,2.2730569341982227,1561.0388284587555
1995,IND,0.6088170626603843,0.24545089766200692,0.8344986245916025,2.2744911796334573,1531.773135632638
1995,JAX,-6.976864076361773,-0.8553789776466405,-4.483439599494755,2.3959112320814095,1433.2662288790232
1995,KC,6.619949167320257,0.8007468372286292,4.287260211693575,2.3524116647832365,1568.0560602367732
1995,LAC,0.30837900644391225,0.09975988946371199,-0.1502215212139454,2.3553720253238177,1510.9753044392144
1995,LAR,-5.986111908356975,-0.32159315773673636,-3.83073415952485,2.396568717756565,1472.8796439131268
1995,MIA,1.4943322172515854,0.17593770777568157,1.380735007798231,2.3599275370505803,1507.744502919501
1995,MIN,3.4936529733339374,0.17881751796978798,1.7756335235915457,2.3961291827822033,1500.298963079618
1995,NE,-4.951126623006219,-0.3945412574822012,-2.970453199711105,2.3963855929804776,1470.6346580792422
1995,NO,-2.00917268925418,-0.19026418251226823,-1.167402125872806,2.3966738252992292,1489.3809504641458
1995,NYG,-1.0489505535667947,-0.39476603045854464,-1.1360377036865734,2.396201308358972,1451.4365111147174
1995,NYJ,-9.767401714241014,-1.0444938919712268,-5.784968158636419,2.395865788908325,1415.1512626011245
1995,OAK,1.7083553216089635,0.08395888682575797,0.8285649968860382,2.396972757537509,1491.4086895381463
1995,PHI,-0.4383992731699141,0.23253035023874538,-0.511710556040645,2.31664467866067,1533.8806763347272
1995,PIT,4.835337077726066,0.5200635679897556,3.2551944605169254,2.2700849724638323,1558.513546244071
1995,SEA,-1.0409796011998687,-0.05945951205025623,-0.6296030123176732,2.3965767288165596,1506.0131849105492
1995,SF,10.269215090723879,0.7104164012220032,6.853694421772136,2.352220929266995,1539.7535161700985
1995,TB,-5.026157289691853,-0.2802237767456679,-3.5328534767182473,2.396436557362585,1478.1107157777076
1995,TEN,0.8039839929632561,-0.10568296820183391,0.671052183475633,2.396295239104502,1488.5410452648214
1995,WSH,-1.9272694460898863,-0.3636760190253241,-1.3779440080142795,2.396396203832786,1471.9188308808175
1996,ARI,-7.284241232287708,-0.40927365381540665,-4.765101877319449,2.602870675680936,1484.1004052029007
1996,ATL,-8.248848768075048,-0.9902370854219102,-5.821813214287398,2.602280174188507,1419.5532960383712
1996,BAL,-2.9366469291970545,-0.6159190768602076,-2.3041780821722764,2.6024692888874146,1431.0791514689552
1996,BUF,2.190421346859481,0.26333425518461784,1.7379273554292096,2.550485078909069,1516.4045143284206
1996,CAR,6.690778683752026,0.7437312539525597,5.138706618539017,2.5014040239481066,1566.7418231254198
1996,CHI,-0.061037186477640656,-0.18860435391139588,-0.3781406524717992,2.6027267633777234,1486.0113509851867
1996,CIN,-0.08573022962944306,0.005311295807059368,-0.0014690019239484986,2.6027461646537735,1508.1638356201624
1996,DAL,3.258903574411091,0.45210237644935514,2.4452180462347184,2.501930971270355,1539.3535114491267
1996,DEN,7.18513819109034,0.8815876563413334,4.913573365588525,2.552051846068686,1567.4656605747532
1996,DET,-2.9306028390140555,-0.5199588181788335,-2.4411155496710104,2.602937008944333,1446.3752554890832
1996,GB,15.264865217720534,1.2638773845730034,11.00541481459199,2.45873837304339,1609.0761996797057
1996,IND,-2.6751360495882293,-0.024898694365052505,-1.815495612815155,2.5500399147968227,1508.1939581836916
1996,JAX,-0.31369239801101706,0.21055817237551636,-0.20317258377833147,2.460290756709312,1532.7451609331195
1996,KC,1.6955548834885774,0.2323822226444795,0.6677848545878022,2.6036907850406177,1511.8789148167668
1996,LAC,-1.0021621293821528,0.034297709726948615,-1.3100200058573885,2.6040821737680084,1501.2901781214061
1996,LAR,-6.013392273287603,-0.4435308517846638,-4.235532728224277,2.6022404285095657,1467.130559415492
1996,MIA,0.13657342047207122,-0.025421283727155883,0.3216821905475134,2.6021142768404655,1498.3764616638064
1996,MIN,-1.1501244415561978,0.05294108650730927,-1.1355741391448282,2.550857147779162,1506.5559859797243
1996,NE,5.495232792863668,0.5618844545474666,4.185033404161098,2.4582751275104435,1559.8198868187612
1996,NO,-7.944360456812381,-1.0785722836699272,-5.344609453203908,2.6019965869261843,1412.324118452607
1996,NYG,-4.142795106466472,-0.34352877870928433,-2.65635545010152,2.603124388911959,1467.7775548071038
1996,NYJ,-10.222077845559593,-1.2878028445692298,-7.261767201281031,2.6023699089278787,1387.5890404801537
1996,OAK,2.436898380569686,-0.03097603666254381,1.601767330066775,2.6045111807681196,1486.5327327872021
1996,PHI,0.3976980030449235,0.2792057095509788,0.49113264570722004,2.5514261100053006,1522.1162192104412
1996,PIT,4.611710895648413,0.3717407498485339,3.370616503965489,2.5017613862751347,1527.3770223256606
1996,SEA,-1.6910874158131057,-0.08844669080238787,-1.7485790274283304,2.6041036553660324,1491.2516118936474
1996,SF,7.371499049652875,0.743190688828001,5.426887027785662,2.5054484501563135,1564.4906663420625
1996,TB,-2.9069047503087813,-0.3590397729632554,-2.419699618753701,2.602750274854848,1476.6388488948262
1996,TEN,1.0212071392954485,0.014089864096256134,0.844665246021679,2.601267928371503,1492.130720366811
1996,WSH,1.8523584725973665,0.295975345007836,1.692214795207584,2.602558200960792,1511.455354544631
1997,ARI,-6.563920658051552,-0.8272855145902586,-4.033947988893283,2.521737221860696,1437.2270889905324
1997,ATL,-3.808001981492134,-0.2597841159745238,-2.070546872442425,2.521080214260915,1488.1136509767389
1997,BAL,-0.322636181727451,-0.1907506557368964,-0.32947780575319424,2.5209479576565865,1473.687128291385
1997,BUF,-4.768965347078079,-0.4036915455672367,-3.6281226939746922,2.521385202902023,1465.0543136368433
1997,CAR,-2.861493040611163,-0.1910019655512507,-1.6748870900416464,2.521619132774163,1480.6229175604312
1997,CHI,-8.068482514060786,-0.7381402474246394,-5.482499182602771,2.5204878358264056,1444.737724842982
1997,CIN,-2.4432894291926854,-0.23227653926861647,-1.7732243837978312,2.521307632897689,1491.5453398694217
1997,DAL,-1.0071630974099268,-0.32800981969806536,-0.5313869851877739,2.5213988846036237,1461.0518843414015
1997,DEN,11.489137406133707,1.1551488134529793,7.704136949692183,2.358413331803233,1601.9601969766811
1997,DET,3.089708663750816,0.1678927486327349,2.1060227333990595,2.4826624049428196,1512.2551835051274
1997,GB,8.503043791605451,1.1118813306805528,5.7369653285236595,2.3950180249810393,1592.5032994207343
1997,IND,-5.211453083412461,-0.8513870267114093,-3.6949995409337077,2.5216263025088583,1427.912906578326
1997,JAX,4.32440258907595,0.5089197176984366,2.5179709427797095,2.474853260897639,1538.261947605778
1997,KC,8.000542631469056,0.8487104278310235,5.122467613928858,2.4821644128925957,1574.8038228029843
1997,LAC,-7.847214376001614,-0.7761114614215104,-5.308503241401995,2.5206670711692905,1431.3087837671976
1997,LAR,-3.6407326702100584,-0.4741882039628213,-2.2250805502942894,2.521414053797631,1451.476147831947
1997,MIA,1.4462610156826081,0.15202978795220437,0.7063438259667771,2.4829786919037202,1504.0337076088854
1997,MIN,-0.26217282123011926,0.18954406497838908,-0.28425666261264765,2.433559600294155,1515.8653575471053
1997,NE,5.322600457360382,0.43155409188729443,3.317760476299612,2.4412455760739733,1535.7579706362526
1997,NO,-7.10683871791908,-0.6036505700593626,-4.147718069298819,2.5213893477723324,1466.8013355376681
1997,NYG,1.0059015133564153,0.304913450161884,0.9923584053758159,2.4750082245564364,1530.1166159971474
1997,NYJ,2.0422357758675487,0.12451652293247556,1.394712012541212,2.5215999379539435,1511.3343411248725
1997,OAK,-4.753669661926802,-0.6474338662531322,-3.273899670176496,2.5212180112622384,1433.332760780059
1997,PHI,-3.1118254195648327,-0.3689361765645566,-1.9956352787981713,2.521688973018458,1474.5988304019602
1997,PIT,4.6329827596409014,0.5100907754726186,2.6424642479522094,2.4367395521778623,1548.082097667982
1997,SEA,0.9197173732823437,-0.01974590234453316,0.5733614800881512,2.5207687440483264,1500.5830225628836
1997,SF,5.564226463051888,0.8146467770484469,4.0122845856773175,2.4341843761343824,1574.4934442520728
1997,TB,2.9397108998805277,0.4533299468087845,1.771144669279755,2.445709844362325,1527.3502402502074
1997,TEN,1.4210863690105662,0.03162378061328981,0.8412332832356912,2.5209209383065385,1502.9641747550045
1997,WSH,1.076301290720564,0.10759137497769877,1.014959461469822,2.5214433796128604,1502.1637638793873
1998,ARI,-5.366284278534297,-0.049599580968555594,-3.8772400874855872,2.5172265186806637,1516.8918321970555
1998,ATL,9.069476455732596,1.1968061818741769,7.085303396130189,2.460776385942998,1607.2425231219347
1998,BAL,-5.3160716902945895,-0.45667809448412816,-4.0967738931184385,2.612267473533163,1466.9242725271822
1998,BUF,4.523737563263448,0.39413525780499137,3.286727832482049,2.5677714865320658,1526.670518681055
1998,CAR,-2.010828043230527,-0.5901356334924958,-2.3018711399837763,2.6109430150432513,1441.5955067009793
1998,CHI,-4.069103599980418,-0.7289903164130537,-3.474389072323026,2.611938907556886,1436.4242013045236
1998,CIN,-10.326860879957966,-1.0894178454247627,-8.406867439852936,2.611396784516116,1419.8282203263498
1998,DAL,2.3722637361207837,0.3268488829016131,2.5445656057508588,2.569672440670543,1514.665700794086
1998,DEN,11.679723672809663,1.3825379011327201,10.043950496253926,2.4557970447157866,1617.3426258976074
1998,DET,-3.5982982697846455,-0.47179483029412717,-2.988110143478308,2.612419821286073,1454.2473473006714
1998,GB,4.63603159313196,0.5001373859411865,3.880371822991831,2.559171731642411,1537.674043361618
1998,IND,-5.382738886012143,-0.9885254833717511,-4.985438067283521,2.610108895337186,1418.9989976321601
1998,JAX,3.834653101643736,0.5613188578836386,3.2117151539070017,2.5028896191893693,1544.6204081232997
1998,KC,-2.258914182480363,-0.13247957473933086,-1.5831927397431147,2.611952250446755,1488.5967394299903
1998,LAC,-7.514053670654888,-0.7440402991461429,-5.7182321460405685,2.6114388750835547,1445.9332900043414
1998,LAR,-2.950008170085697,-0.615212438219086,-3.0790322217494386,2.6105667701172908,1432.8546492106188
1998,MIA,4.724572127511644,0.528828507461121,3.262856912285626,2.5190977990838532,1535.6946583941326
1998,MIN,12.868597941386005,1.3215477296158584,10.871162308158603,2.5018246859631903,1607.6620366104721
1998,NE,2.875970404208586,0.20256503033573128,1.6815777308642617,2.5552414482273624,1512.0771344213983
1998,NO,-0.433923796991678,-0.2742831542383759,-1.0063013331567006,2.6113003997354056,1464.8360708484167
1998,NYG,-2.2707931680305298,-0.04076684266871365,-1.4178701172358354,2.61316685506512,1506.0495167226659
1998,NYJ,9.627218940658862,0.8668904497619986,7.469047331928324,2.5014050071683336,1574.641954738867
1998,OAK,-4.9301068893196485,-0.16838019583417385,-3.681858627253699,2.611897404394342,1494.8941724418942
1998,PHI,-11.21171418625219,-1.1076593131876342,-8.77521410160044,2.613016468172895,1414.6199284200247
1998,PIT,-3.708525315659291,-0.23319867964096436,-2.815831582124727,2.612796103006118,1475.598534991772
1998,SEA,1.6167288102440986,0.017765508529958,1.7788317341177704,2.6119376423395764,1501.935105928826
1998,SF,9.288712567673299,0.8662172650540042,7.225648941133357,2.5159410751422624,1559.45863076658
1998,TB,0.6463950200096225,-0.027519237165875343,0.5665313404457419,2.6111267380996304,1501.2381375020161
1998,TEN,-0.14661400809577163,-0.019586264759971026,0.04268371374878239,2.6127367577062897,1505.1378388920323
1998,WSH,-6.269242899029674,-0.4273311742478558,-4.742751607768288,2.6133545826273545,1475.6454027074287
1999,ARI,-8.968631474444184,-0.6094255213193445,-6.842828643584924,2.6296244886263063,1465.1968773628776
1999,ATL,-6.666049599700566,-0.6159508655266683,-4.503005574376715,2.6293765329205243,1454.5068034780038
1999,BAL,1.1240883145548324,0.047001762054061244,1.5024872126038487,2.643867025034453,1502.3405351406266
1999,BUF,6.2784495192952186,0.6399054820169308,4.5223656500100144,2.572592748067068,1546.5823003836394
1999,CAR,-0.9608946707938806,-0.20004593335985943,0.2243580516422954,2.628053067050752,1499.7790666334924
1999,CHI,-1.9908323475476841,-0.37698916748791644,-2.132709943078239,2.6299382929768518,1468.3362553384925
1999,CIN,-10.908042344353523,-0.849213571079278,-7.937131390872419,2.64366288056218,1439.2484232027498
1999,CLE,-12.395633070890563,-1.2466641921351937,-9.065296903581894,2.6439130015528924,1405.1108630629449
1999,DAL,2.320014221665444,0.039226250853700025,1.970628420588223,2.5778517768418006,1485.147806334184
1999,DEN,2.971297340692543,-0.13912436728934197,1.305170316188339,2.6320212254539705,1475.0271971250102
1999,DET,1.4494352885858013,-0.001990934402508545,0.5700683898659051,2.578604210635248,1485.5750961502144
1999,GB,1.5985203366480947,0.057874981563196176,0.8796120088364984,2.629030509828884,1497.7351132473966
1999,IND,5.31266257618558,0.850359042413324,3.890394990380787,2.571230809534121,1572.3260087846734
1999,JAX,5.94786895883474,0.9530178717244691,5.605987082463525,2.5466127252205304,1585.3776304353073
1999,KC,6.125308319746125,0.2867746379392941,3.9219752938128227,2.6292530667750524,1516.3613734475516
1999,LAC,-0.9690446040676264,-0.07608442209193984,-1.4280604292339194,2.6309039757751864,1501.4263649663535
1999,LAR,11.756460848028608,1.0614861071955681,10.321813227855298,2.4776910570059676,1599.2074298912926
1999,MIA,0.8640007288013576,0.2931698432758772,0.04265907478691644,2.522409647282429,1515.7555851674913
1999,MIN,4.926998043368964,0.43059062042773305,3.488951184249092,2.52533363301652,1537.0937174721394
1999,NE,1.7804836099564156,0.06991000774366904,1.0138421636068136,2.6288804126282277,1495.086010619238
1999,NO,-11.253454789369716,-1.005677513456276,-8.025119642818268,2.628805706407874,1418.4311915014287
1999,NYG,-3.045524358858171,-0.3007760594082288,-2.414148300617493,2.630152451954307,1480.9616173265208
1999,NYJ,2.446267963768207,0.2035892516831764,1.2268357491859556,2.6301535593824785,1514.398314155706
1999,OAK,5.569342133215702,0.22545560136814474,3.3426499913340058,2.6320240371131494,1503.8823367284576
1999,PHI,-4.445943109264142,-0.4458844452208084,-3.5289838857516456,2.629024120864532,1460.534364986226
1999,PIT,-2.8170629321760803,-0.35597086839893616,-1.5177481675040563,2.643749963300322,1462.571662770085
1999,SEA,3.6531407684057973,0.15134201743426975,2.1216462872340776,2.5757400556399044,1499.2789004065703
1999,SF,-10.349478870152797,-0.8802927332891041,-7.270989963954488,2.628822329173585,1425.4934041174165
1999,TB,3.7696892865171607,0.5110857268515073,2.5648525710238177,2.5216295486529825,1554.0582983543088
1999,TEN,3.6549769510459416,0.9631261460627316,3.507186866531527,2.455012004151957,1601.1946990674035
1999,WSH,3.2215869623023794,0.32017524385775187,2.64253831317435,2.525808911458809,1531.9747523421977
2000,ARI,-13.349343572880544,-1.1103291452725874,-10.088759376701585,2.6996344388327946,1415.4018067335157
2000,ATL,-8.89433922917925,-0.7774670149420012,-6.784713914155722,2.7016437011506738,1434.4550036179626
2000,BAL,11.01711185031623,1.0915025200123403,8.825128902626059,2.5176748970810463,1605.053594549337
2000,BUF,-0.7854586690885847,0.007084865107560443,-1.0557530909853887,2.703300717899825,1498.2883610574006
2000,CAR,-0.5591799383338001,-0.12161384994834394,-0.02980316802384686,2.7027211660319614,1484.31174165707
2000,CHI,-6.142561779387564,-0.5821495483283072,-5.041571366013366,2.7022994465941115,1459.2683427203162
2000,CIN,-8.85200014392121,-0.7852246377962464,-6.974815560101271,2.7160357145734855,1438.2102607211505
2000,CLE,-11.654511569614412,-0.9505043831804049,-9.255136201296404,2.7169383220609946,1417.3560341490286
2000,DAL,-4.506173305976435,-0.4719277443769871,-3.3555934137494257,2.7007960914052203,1452.5837409025908
2000,DEN,3.9273425272439115,0.36380728681496705,3.3343797009055423,2.6424835215540305,1540.569464164207
2000,DET,0.793032184292893,0.22776604582918686,0.3790879639542277,2.7015721660351018,1514.3546812493119
2000,GB,2.024391021999047,0.2153632705357452,1.4508136103964135,2.7013944410743433,1527.6902947869871
2000,IND,6.884201707489672,0.46981072819288194,4.9360245682170785,2.65887070452452,1527.160606672662
2000,JAX,0.7539723842318933,-0.14195467524948782,0.5892447103799612,2.718324614281912,1483.6712615357906
2000,KC,-0.11026160951910094,-0.25352476606188995,-0.06890235174378068,2.702148373460547,1478.924745460244
2000,LAC,-8.189028158505598,-1.3237639071895624,-6.557451283703923,2.7015643788568693,1387.8304168640148
2000,LAR,2.623600480707822,0.24479070895038468,2.451693316806569,2.6575151165245083,1520.5514934887808
2000,MIA,5.69144108784506,0.6119469707382879,4.012472915478451,2.6030861611490765,1545.8501535693713
2000,MIN,0.9011183040606797,0.4754811224533415,0.6650274866411363,2.5902132481685087,1539.9041461506645
2000,NE,-3.031037798239591,-0.4798454183748644,-2.6790017309604437,2.7016970245368417,1453.8606156872677
2000,NO,0.10528210365537705,0.17265159372324393,0.5582789222935634,2.6028790803675466,1530.321136819387
2000,NYG,3.703522846255861,0.6711558877146994,3.183961980345981,2.552403765777324,1572.3250929551625
2000,NYJ,3.0070466117973713,0.3217163523951353,1.6269541989328713,2.701783168527907,1513.6851453457357
2000,OAK,9.036539273135157,0.7282883248393738,7.199114779967537,2.5905313917312762,1558.2486973411212
2000,PHI,4.289718077511813,0.5209722243956278,3.7838152182300675,2.5994861210400853,1549.364060214459
2000,PIT,4.8918222162209855,0.31055451415768415,3.600344434685645,2.716307751891958,1519.5723931750977
2000,SEA,-4.365706000497706,-0.4349603947570267,-3.4653355366878307,2.702591503775754,1469.1204852101546
2000,SF,-3.9848980481369236,-0.46455724060100756,-2.56821644111938,2.701931070075412,1469.4339300090276
2000,TB,5.046775838924296,0.39492229927132455,3.8674153556124855,2.643763593547081,1529.1763665568271
2000,TEN,8.16463045972355,0.898810935632179,6.266650418322967,2.6721911907594835,1566.9999966405778
2000,WSH,1.5629508478690801,0.1711970753147531,1.1946449514458637,2.7003080306968514,1496.4559299947766
2001,ARI,-3.617966682863338,-0.4375428580781689,-2.4169310978543685,2.5916156306404003,1481.826986282134
2001,ATL,-4.82261669112647,-0.25309041140967914,-3.4189213810183463,2.5913283983986233,1481.3449449185919
2001,BAL,3.1910772152984004,0.38326455686539224,2.087191676000809,2.511443687921716,1535.9362348411305
2001,BUF,-9.154960996865816,-0.9794996908613979,-6.438971469033347,2.5897855334656117,1424.0979134927543
2001,CAR,-8.55615985171607,-1.1657723849904367,-6.093644756485178,2.591205698221751,1384.8912116863285
2001,CHI,6.698292552923339,0.7528112205901183,4.795504102209385,2.537871291289136,1569.5041514257132
2001,CIN,-3.7861925698610164,-0.3790620707738293,-3.0293938853690667,2.602873347475824,1467.879076102531
2001,CLE,-1.0395912054738738,-0.11866933212213171,-1.0091766323260485,2.602733822116071,1485.1366463874585
2001,DAL,-5.251843613093613,-0.5765931505147813,-3.723281911588016,2.591494657536355,1451.8995640063317
2001,DEN,-0.04047047090036511,-0.0241024568559892,0.02888133058087372,2.5931624029802056,1497.220935051386
2001,DET,-7.071977745862972,-1.0229183163481086,-5.410609548553772,2.5896899792399926,1410.3308872609423
2001,GB,5.195544980866154,0.6682538073670988,3.75913262602693,2.4891548898291673,1564.9042869712123
2001,IND,-3.22424837560284,-0.19667888579523554,-2.3546522779919057,2.592018239967447,1469.1797014138535
2001,JAX,0.4469989971094495,-0.19854754563030338,0.22039871519860244,2.6024546829699493,1468.414067003964
2001,KC,-0.9742993857875369,-0.3126909641089906,-0.7952743010345773,2.5915184163525242,1473.9255380380528
2001,LAC,0.2374452319911577,-0.4121088925896461,0.28061846617023645,2.591157196974312,1439.8267989711921
2001,LAR,12.665064798139918,1.2521886010374552,9.398439728996044,2.4520585773233123,1601.2437253847654
2001,MIA,1.5609669864773772,0.3941324335844612,1.233279357618342,2.5388256155735065,1534.843054314169
2001,MIN,-4.765751140222448,-0.5317088124949942,-3.6696460522857857,2.5900397490813067,1449.133566986267
2001,NE,5.180897344495822,0.6945323548826572,3.9604209818600244,2.4481907412489736,1586.9497076637863
2001,NO,-4.207873233827314,-0.26013460833284935,-2.8888398711267325,2.590734302533012,1479.6482942102978
2001,NYG,-1.2894115443424494,-0.1911365402983515,-0.9370525445741011,2.591394399551474,1480.3008130732892
2001,NYJ,0.34734668010317127,0.2586178539320713,0.2600693564563781,2.543228922351899,1524.6197197499173
2001,OAK,4.407950069913499,0.45938591697080783,3.2912912059812918,2.495929261601799,1523.9255735761153
2001,PHI,9.22161170607857,0.7538114048615556,6.702752500080149,2.4512100570408273,1564.4937886714333
2001,PIT,6.85622008191758,0.8024366050060906,5.088012411932508,2.511059658601352,1574.2938171532235
2001,SEA,-1.4880094153714543,0.011590178057165255,-1.0193127797758224,2.5916285894758,1514.3998855368636
2001,SF,5.324693660223096,0.6487617316089423,4.01778459074921,2.5392923776149967,1555.1802529824392
2001,TB,2.9213643264230424,0.2377831134024351,1.7526267672024747,2.542116518271997,1511.5744016309734
2001,TEN,-2.400929842776515,-0.17080731889137923,-1.96021974235321,2.604452715248691,1487.0456447937074
2001,WSH,-2.563171866266492,-0.08650553806997884,-1.7104755656929505,2.591876664546751,1506.028810419176
2002,ARI,-8.598530235311985,-0.6440683857761282,-5.974667573726759,2.6283232764072606,1444.9662978768336
2002,ATL,5.489338986039274,0.4367245905693967,3.8670551927436483,2.5305137635710184,1528.685821248524
2002,BAL,-1.9546440644097045,-0.16963873086791656,-1.4436892482434653,2.6285275867938886,1482.7198062804248
2002,BUF,-0.43593370812498244,-0.038326144130136866,-0.6127420777905281,2.6286154350353774,1502.2117983860082
2002,CAR,-1.6455585677565436,-0.17424824844308884,-1.191818014116516,2.626927934691469,1485.8581442953691
2002,CHI,-4.942265435156641,-0.7941612492505387,-3.811406113353949,2.6290136953032235,1433.5779672019717
2002,CIN,-10.696804594373907,-1.0922298195973124,-7.6956358758399945,2.6285478364976367,1401.6034476955333
2002,CLE,1.394136676699609,0.12039548974630934,1.0159969556803026,2.586495066554093,1510.7667441323981
2002,DAL,-8.191116607986784,-0.6330541091597268,-5.2809319993965165,2.6277013567912832,1448.0848281013473
2002,DEN,4.276960671275035,0.31903864252574504,2.5999701545989136,2.6280052100076494,1513.5539855527363
2002,DET,-8.775566921458976,-1.0038903349357162,-6.35487479928394,2.6287119170052047,1414.442296972802
2002,GB,2.760983246033006,0.47413830922249606,1.8951904944019884,2.581330882723654,1550.3454718608236
2002,HOU,-9.358171933250889,-0.8595773593432541,-6.295532013872987,2.627931820522174,1433.9424406842638
2002,IND,-0.3703266090182019,0.18413361387843094,0.05822383349640246,2.574747145367076,1522.39489856753
2002,JAX,-0.5781742377205797,-0.2148058792412827,0.0076462912875301095,2.6282683310156347,1459.7520619135546
2002,KC,3.8959013997420873,0.105670463565061,2.291582126103076,2.6277462294428133,1502.4613875456728
2002,LAC,-0.9858174317359065,-0.06256172283654238,-1.0403567446768327,2.6278258619398716,1492.5055295112047
2002,LAR,-2.6118300507292767,-0.14853603346355618,-1.803044391604342,2.6289687692682873,1488.51693206577
2002,MIA,5.660177728219277,0.2439545232902955,3.6369757640359066,2.629000831430651,1512.4200047401644
2002,MIN,-2.710852848250485,-0.47385837980350226,-2.1097811687364603,2.6286555599550314,1477.8040974362225
2002,NE,3.001706556670114,0.2102812165073112,1.6221754825955,2.6287144165279965,1517.2290890316963
2002,NO,3.0910659312835556,0.3112112346099907,2.1175471785117153,2.6272274281658548,1504.062680028077
2002,NYG,0.684869397154727,0.27800559698552385,1.0390877581684763,2.580646208030128,1527.2305615754092
2002,NYJ,3.722305979942437,0.2465611214822354,2.206418248384186,2.530308007481006,1525.4213021056855
2002,OAK,9.792313987513134,0.7880788611492308,6.73270178142764,2.4858910993696806,1560.2738130510047
2002,PHI,7.821609960872584,0.762269166469301,6.1542668517384245,2.528950192301898,1561.6866535226982
2002,PIT,2.6614273286047854,0.40786560139750744,1.9416673435160927,2.542041011529107,1543.898602809984
2002,SEA,-1.309662922700647,-0.21824623234234927,-0.8028086176274644,2.628441683921361,1493.3141457149547
2002,SF,-0.07668784517494842,0.25452810259568404,-0.05704502403369046,2.5309009884571574,1530.4861423713648
2002,TB,12.281743268430233,1.0991135385147446,8.94813598084033,2.4799862677729356,1591.1031481483053
2002,TEN,1.1611209100822966,0.48615363262328604,1.079080870203884,2.5338309360983744,1555.1749248015756
2002,WSH,-4.453718015401663,-0.20092107594149808,-2.739388645430569,2.6276567207052794,1483.50497477009
2003,ARI,-11.484685879088271,-0.8986208506435769,-7.433765586392574,2.556723990706315,1434.357920414685
2003,ATL,-5.9342802872250395,-0.5037933708068151,-4.075550093600956,2.5558863559048004,1460.2392992916718
2003,BAL,4.272924462009025,0.22532978364323702,3.0366144693248676,2.508646909138728,1521.3919389017
2003,BUF,-0.37407347644665356,-0.10387212798460721,-0.6957809821479356,2.556252868232678,1466.6381401024062
2003,CAR,2.4220331734482654,0.6336600344820517,1.7351451061612553,2.3895303149509606,1564.9905977867925
2003,CHI,-3.225236208969718,-0.2579863607256212,-1.9219718570978426,2.556426198778288,1487.1082857528982
2003,CIN,-3.2421028074359497,-0.19458895818935187,-1.8474613359017336,2.5564318753865156,1501.9745335332684
2003,CLE,-3.882591437935403,-0.5909281944135886,-2.5310759850377,2.5565946879057826,1451.9944321883117
2003,DAL,-0.7152819046095683,0.18983655337903732,-0.21659518770368216,2.5136807569603707,1521.1323022737201
2003,DEN,3.6349825036873655,0.38029596963335355,2.3459861523600805,2.511718381380917,1525.481031240972
2003,DET,-6.031848684657029,-0.6040094278900047,-3.8692404654823123,2.5564310303678113,1455.8605309676648
2003,GB,7.067658923228253,0.4408170219414537,4.903817381382041,2.470778030655158,1538.6281708624715
2003,HOU,-5.190562331155971,-0.5600313301947462,-4.042710318826714,2.555762881809855,1448.9650039888375
2003,IND,8.387224661417834,0.9179928169528022,5.20073693736213,2.4277784077590674,1572.9399354181455
2003,JAX,-1.6689453493578768,-0.4924176180944202,-1.6108321384248951,2.5557754051173545,1458.8936567214446
2003,KC,6.829864438716605,0.6734486155704863,4.766928044874257,2.5085346045113712,1561.9892766631162
2003,LAC,-7.29605715836296,-0.7871636647022516,-4.733091819289723,2.556257026381776,1439.0402079179537
2003,LAR,4.109547401322,0.46341191842819135,3.1842776665919312,2.508613766549911,1552.3910795835684
2003,MIA,3.5690424335893667,0.528391464293557,2.0174890358366926,2.556472609293547,1536.4984246909305
2003,MIN,2.6790809023971818,0.17956513205048732,2.1324472136733137,2.5564014508394473,1506.328752813834
2003,NE,7.51934418198883,1.3361057324365886,4.680945493454218,2.4310295864705886,1629.0512081852132
2003,NO,0.45464348825053147,0.03885447299682656,0.2779833791832141,2.555575394764885,1501.8793416677834
2003,NYG,-7.562235876960159,-0.7666410585922732,-5.043095667761239,2.5566247534338515,1428.050092466646
2003,NYJ,-0.17152631136859786,-0.2644624425671723,-0.42990736284330633,2.556109337549359,1471.9868598245182
2003,OAK,-5.85122054588609,-0.7963875787767078,-3.826705170202172,2.55618633474038,1431.5767600746995
2003,PHI,4.080308882958397,0.6761127280031286,2.704986378661472,2.471287195609085,1566.2284774913257
2003,PIT,-1.9151688514284049,-0.4045576816786343,-1.1054866710106848,2.5566701264296605,1465.5321418023245
2003,SEA,3.0144924712488814,0.21692660259634,2.2888345361138085,2.5136015568540597,1517.9337204725398
2003,SF,1.7837393116997737,-0.06587623351551818,1.3695610486549044,2.5566771599422333,1485.2502038493335
2003,TB,2.458095820064348,0.06621196465697751,1.5019000741048676,2.555708060224174,1480.2851049564406
2003,TEN,7.491701711901483,0.8916374294757333,4.640323612851616,2.4678328548795654,1566.4426616246274
2003,WSH,-5.2288676570401424,-0.5672613417649626,-3.4047058888671606,2.5564300157586666,1448.9399064701556
2004,ARI,-4.635358772402031,-0.4517263566831633,-2.940354590527091,2.740631766874553,1463.277528998764
2004,ATL,-0.5096492186608383,0.28829065222023087,0.2773849317757098,2.6336527357058137,1540.9466918829169
2004,BAL,6.1230779439198955,0.45389269340209015,3.8357825559413095,2.7410127459354494,1517.5098769781962
2004,BUF,7.635528852045815,0.41561262013091,5.350015165710924,2.7389799095087524,1524.9303997754992
2004,CAR,-0.6720106300224917,-0.1303187892081839,0.04941147479988201,2.7410532335020825,1487.8512284239023
2004,CHI,-7.895508070991908,-0.6960684325152761,-5.481797775196984,2.740979282532764,1447.0584273588631
2004,CIN,2.692786210139817,0.0811994652377469,1.2935200740142214,2.7407984595806,1509.6822037827212
2004,CLE,-3.194857825914977,-0.4939083017590769,-3.4057712577948136,2.741138067650363,1436.5793345881689
2004,DAL,-7.583922277998554,-0.5036398132461246,-5.5685446807336465,2.739850520973962,1468.5385320381752
2004,DEN,4.5157620085415475,0.39145846963685443,3.1242067173191255,2.688696982146569,1522.0680792922249
2004,DET,-4.714367943594971,-0.3798028349001505,-3.0844529004591004,2.741115100435735,1461.2095479233703
2004,GB,-0.4154645850432719,0.09970610618532769,0.29571227061152794,2.6952424056628965,1525.365935181998
2004,HOU,-0.5220629673185744,-0.1262214712093836,-0.7000240303371129,2.740904678848084,1485.3594002313966
2004,IND,10.653936135468417,0.845315394775565,7.945250099985654,2.63713275261809,1568.73847582119
2004,JAX,0.376746742880123,0.0957240826914126,-0.10004479160170673,2.7405909103354706,1515.1480377981964
2004,KC,3.8980297514264333,0.022235534654231025,2.5084263899101953,2.7403733666890444,1491.1937140621992
2004,LAC,8.351184997185845,0.7086380267547909,6.149170822957975,2.685663968655201,1554.455924405256
2004,LAR,-6.212816653265595,-0.13859908040727872,-4.370981520988163,2.6475669496325165,1503.9480183659307
2004,MIA,-2.1869953951835064,-0.635667776654923,-2.391867234920028,2.738866240376596,1440.9672949981714
2004,MIN,-0.8428284556528429,-0.01582078339001968,-0.08208374729488542,2.6467514230890896,1497.567371331879
2004,NE,13.854262753125909,1.5808376690893022,10.247931650634346,2.5840260146027285,1622.9264776977143
2004,NO,-5.533287211406052,-0.2234563722864553,-3.6338076777569137,2.7406236303313904,1506.494360778906
2004,NYG,-3.5850730209946975,-0.32113634443843414,-2.468046673531707,2.7403221947721716,1465.0271110802569
2004,NYJ,7.0663671635253955,0.5786219505457623,4.787874149903213,2.637171703572874,1532.5325748744397
2004,OAK,-4.764595613899032,-0.5731679352965645,-4.250801972650097,2.7402462475788028,1448.6579211294813
2004,PHI,6.491692316295845,0.8597607135798546,5.487342861426739,2.581770889901008,1579.3165526736154
2004,PIT,8.41455526914131,1.272454464143159,5.785941376628894,2.6413276839546103,1614.096655911124
2004,SEA,-3.5910074057262547,-0.1376360994546773,-2.1046143979317904,2.6948807524225953,1500.872584339104
2004,SF,-12.50733730507579,-1.3282525129159606,-9.08746320113914,2.7406369873741294,1399.185278175765
2004,TB,-2.8981929791318937,-0.6022451691441575,-1.5319589938271605,2.7407726801826717,1448.9240540476064
2004,TEN,-4.7090473296882465,-0.530181990517011,-3.9490569821110726,2.740765525247152,1448.0401991677797
2004,WSH,-3.0995464817249596,-0.40589777902039725,-1.9862981128184245,2.739917377828407,1471.5302068851884
2005,ARI,-5.111543349498954,-0.5449593309522995,-3.7230554151922095,2.638217498833406,1452.3021740106217
2005,ATL,-0.34604596622685335,0.0013652481658581739,0.10544388896777505,2.6374063498109144,1493.7103701778854
2005,BAL,-2.6714608586911033,-0.3781210835399357,-2.0527612124007666,2.6384680297099283,1471.1137429608202
2005,BUF,-4.93184386913137,-0.5533151388214974,-3.956747822140815,2.6380311613801064,1450.5307223419195
2005,CAR,6.338526485836547,0.7025718568445023,5.425289849711471,2.486104987608015,1562.4908816076672
2005,CHI,1.3186539748088077,0.3276550388935506,1.4265333556281998,2.5887232207869824,1538.3159762333235
2005,CIN,3.6596967648642216,0.48681823124109774,2.8808157362528974,2.59305480983094,1529.8336760887455
2005,CLE,-3.3289722882545467,-0.38996426249537597,-2.498791340505252,2.6380972831654743,1467.946086648279
2005,DAL,2.5756806870949247,0.1963083102128404,1.5706570836500433,2.637912982837442,1516.2059962286332
2005,DEN,9.434196132169173,0.9548677838047069,6.700005192086054,2.536039371172392,1579.691487083728
2005,DET,-6.0445795698474445,-0.6151498366967513,-4.335367190722251,2.6387687490638423,1447.2646688644588
2005,GB,-3.5690415683537586,-0.6364183906899945,-2.4602992366458785,2.6391104572561184,1442.5790492518495
2005,HOU,-9.946223933895574,-1.1598461704604264,-7.613027975842798,2.6385762364184377,1402.779059615666
2005,IND,10.090699782310237,1.098771053213752,7.982721701717624,2.5893142808547287,1581.5823543135912
2005,JAX,3.4006973680288746,0.5897111600304894,2.8143514633539946,2.582114381044511,1553.2767741440634
2005,KC,6.214886440547371,0.45493748655810606,4.1493632609291256,2.638405666798019,1537.1269147931723
2005,LAC,9.005360332085925,0.5222594401349361,6.088095950161035,2.6387787287284805,1520.3541462602127
2005,LAR,-5.447099366246365,-0.4374810792869676,-3.8671088668213223,2.6374420330929236,1462.490662070273
2005,MIA,-0.3504651205479331,0.005142140964124271,-0.3100479585455096,2.6381055430139124,1521.5772024096623
2005,MIN,-3.145903332481683,0.03533519646883205,-2.068342981773778,2.639033498119483,1520.206894345573
2005,NE,4.414511695176352,0.44086210564814016,3.099581864558722,2.5351640432914158,1534.3420705159904
2005,NO,-9.367352174799237,-1.0014869043330787,-6.918446583837397,2.6375431943167347,1412.9419522861667
2005,NYG,5.08740897642587,0.4669973619067992,3.683707424451538,2.581183742178253,1538.8062886708717
2005,NYJ,-6.153190331444209,-0.7244352025162005,-4.98214992732104,2.6385916681891084,1436.041913770505
2005,OAK,-3.2037348108691903,-0.6636772691764085,-3.1968390835618754,2.6384636232611927,1431.9481538225543
2005,PHI,-2.7692656712700607,-0.35539002621541943,-2.5928949437300997,2.6373206298133374,1463.9064774138826
2005,PIT,9.851303096352007,1.0775077950051417,7.72834668089803,2.4512608070013173,1596.6055641116536
2005,SEA,7.793087035752454,0.8967983979040912,6.424334317908859,2.4849885894367234,1585.5260436607143
2005,SF,-10.164956036150635,-0.8576544838585519,-7.6988430415763975,2.6379203875158903,1436.6886953840158
2005,TB,-0.5205236621827147,0.29636726390663537,-0.025995225986221858,2.584635756338488,1536.245258344848
2005,TEN,-7.492737406275164,-0.7534326276886761,-5.6369012329651484,2.6385770635016255,1434.8681013769597
2005,WSH,5.380230544714121,0.5170559358279798,3.858372269293549,2.5383417406743636,1540.7006411916927
2006,ARI,-6.71792069419297,-0.6154025181651005,-4.040184232591783,2.6717713263995604,1456.7455845119973
2006,ATL,-3.49125752328181,-0.3542659889308413,-2.1148041941146944,2.6719422154223045,1475.9388116243397
2006,BAL,8.223116171044843,0.8324781074490096,5.864577531021475,2.6177453987461856,1570.8353923721388
2006,BUF,2.7617686483196553,0.09687231688557507,1.1044996458312981,2.6720417473075666,1490.3014074493785
2006,CAR,-2.8062625321005954,-0.17095846046848429,-1.6669144155903142,2.671963107831627,1499.5850486729914
2006,CHI,7.611895669447199,0.8284202659746034,6.082053950566127,2.524156249441291,1577.6733721314733
2006,CIN,3.4531413429365703,0.22794735905790478,2.2455337057646823,2.6721870488152963,1498.1949026450902
2006,CLE,-6.32318153921076,-0.7945161916983273,-4.6821327350376825,2.6715775773591233,1434.2094687482295
2006,DAL,3.194092839813447,0.11132261634515234,2.5072610070843635,2.617280728771447,1503.2071363642322
2006,DEN,1.2020215236793452,0.2694841965491274,0.8754292705979019,2.671885219154633,1513.0707930012722
2006,DET,-6.057741106264081,-0.912536857552602,-4.088653729740827,2.6712659451384244,1421.2876442483562
2006,GB,-3.7632502717188356,-0.06459143762651479,-2.4856697684271847,2.6713860892555723,1505.5692335581234
2006,HOU,-3.8556967279540326,-0.38885784969486165,-3.4530873882847533,2.6703288741116116,1471.6163651972695
2006,IND,8.093299105828022,1.0720396392055858,5.207793302977988,2.4781285142477,1595.8924586641747
2006,JAX,6.932309497224073,0.2960706558481713,4.223330235438901,2.6706894514060426,1497.707981377538
2006,KC,0.20384247343150902,0.11696125407688483,0.13784042433337018,2.6170387870712783,1509.4913725753472
2006,LAC,9.530360783506454,1.0774546887808416,7.077913205203272,2.617133108582041,1588.4474446389424
2006,LAR,-3.691854662450923,-0.1641228109308524,-1.7637694570352933,2.67138056383166,1497.8370012930486
2006,MIA,0.9457092026948528,-0.18885641265178066,-0.058120979722373844,2.6716480402215805,1470.0040004248046
2006,MIN,-3.753897296744245,-0.4049737138314558,-2.340377771061609,2.6710808505022947,1458.1970057716862
2006,NE,10.451103489228132,0.9109190259254107,7.0118372309262105,2.5342908974601763,1578.5884033745767
2006,NO,2.7235831233878165,0.2956319596068078,2.345358649591636,2.572730371204694,1527.7177797659767
2006,NYG,0.17660045480620834,-0.008962700763141845,-0.002425753532736603,2.6290784469717865,1490.204805596743
2006,NYJ,2.426287444358368,0.2558328262956737,1.1500052328846138,2.6280274660065857,1525.232611170344
2006,OAK,-9.796523580690197,-1.0894503494658097,-6.946010552612142,2.6710304476769355,1400.2857902441588
2006,PHI,3.2800872149580966,0.37751707743526713,2.5041326231652032,2.583016906121364,1534.9065181521078
2006,PIT,1.8605644598733844,0.046109981865629104,1.1870451497428425,2.6716196866755064,1508.0286581757098
2006,SEA,-2.4011861203678517,-0.02886138912680127,-1.0196948923335052,2.5717115425845054,1513.2134720006609
2006,SF,-7.590096526314417,-0.32247279174378646,-4.752885852970757,2.6714867905103885,1485.9750067354166
2006,TB,-8.380903559418693,-0.8711690210952393,-5.885260455757293,2.6724735855706183,1437.894791757613
2006,TEN,-0.4182977238177723,0.08585460226509338,-1.3173495070650032,2.6708689994971597,1513.8377230939523
2006,WSH,-4.02171358001079,-0.5209180798211385,-2.907269479252832,2.671317604406662,1448.3020146623062
2007,ARI,-3.9811687921606684,-0.18032978669074745,-2.513178393494743,2.9604733313909692,1498.7141568386987
2007,ATL,-10.207724561812805,-0.8430393310406629,-8.36326380280591,2.959606440364109,1436.168609619101
2007,BAL,-6.927810928511406,-0.6582760321276333,-5.613339067256086,2.960056676698979,1447.5847648318238
2007,BUF,-3.2556026058646332,-0.20432082073338226,-3.106676861104611,2.9594663615331287,1483.3444866089144
2007,CAR,-5.757305584378842,-0.2897347829460202,-4.545936633931111,2.9593962478566604,1487.9546734741232
2007,CHI,1.6967073351904753,-0.034019661370957674,0.8648628013402351,2.9603670712392405,1488.735760737934
2007,CIN,-2.6909407195364934,-0.28343735117776203,-1.7770737930006018,2.959786015280996,1485.223569043495
2007,CLE,-1.292558494002172,0.1818830759062825,-0.552269074825676,2.9599104457079823,1531.10045948317
2007,DAL,8.833272859274398,0.9102947056806538,7.111904387266677,2.907644627084141,1564.8549491163549
2007,DEN,-2.9119967997457707,-0.2607042474356048,-2.935631783946914,2.9601227230610943,1484.3281817696145
2007,DET,-2.3748509898139525,-0.09419885893026123,-2.6418452889545954,2.9595842413741806,1481.007386053899
2007,GB,9.133623170210173,0.9165385142490152,7.55379592540627,2.8396343907839796,1572.112577442734
2007,HOU,-0.06635781585865476,0.06295510892743789,-0.08823916824532274,2.9589193568968497,1505.5970600155108
2007,IND,11.062259704351355,0.9701104639900929,9.446024865836824,2.903311512682174,1568.3930163401874
2007,JAX,6.312573240030972,0.5999866703834952,5.344305513402663,2.836549785222104,1555.9634326229639
2007,KC,-4.851452225048682,-0.7455359585936076,-4.562590162416111,2.9598521288696964,1425.1029479639983
2007,LAC,8.458453429191133,0.703088212280804,6.9072836795339105,2.797331491643524,1567.4153361935496
2007,LAR,-12.970262298046766,-1.0166564736208081,-10.410530629805347,2.9603797970506514,1421.413939695126
2007,MIA,-8.528567773954208,-1.3564858241426685,-7.622172362889981,2.9586232605802767,1389.8606287057094
2007,MIN,4.377170023971792,0.18529062604502555,3.338406494803857,2.9592142002912074,1501.4804032181444
2007,NE,16.55755275946122,1.6413116623181077,14.156165231966357,2.7851249309165436,1632.112098107339
2007,NO,-2.4410077614301504,-0.17338614246019013,-1.6122772253443165,2.959142708973787,1480.7547592415801
2007,NYG,5.482184411701571,0.7238277952168283,4.20046365431175,2.7491848863989516,1579.454612249074
2007,NYJ,-3.845391469486623,-0.7390980831154955,-3.566722513858105,2.958370178758974,1437.6605149219524
2007,OAK,-4.978385229433897,-0.7302738923571505,-4.650906241553145,2.9598238686054947,1437.123204134211
2007,PHI,4.963549507369884,0.25417442629728687,3.6107077455867564,2.9595069278344828,1509.403301435615
2007,PIT,4.629468072294907,0.31918206188583054,4.487016212823298,2.8990324359100983,1513.1089999139983
2007,SEA,2.175384637184635,0.2789679518435915,2.6212750050551805,2.8315001318003588,1525.8437426679614
2007,SF,-11.809570164369628,-0.8159940727810232,-9.35530011806268,2.9598293641574456,1450.0895500346123
2007,TB,0.4274958178351289,0.07966068361358421,0.8339618235507058,2.892313919401846,1498.9116308241591
2007,TEN,0.635829120138669,0.23172628658071007,0.4352842331935634,2.902059642851201,1523.9215857650677
2007,WSH,4.14543012524889,0.36649307430522904,3.006495547417309,2.893097133412749,1515.2596609293778
2008,ARI,1.9514587439516151,0.34784112538249995,1.6889303971059317,2.6501775043778286,1534.6797190851876
2008,ATL,3.107011664995709,0.41081206771661033,2.563118853619314,2.8017029499885804,1541.965830962561
2008,BAL,9.887136139357187,0.8795086200091258,7.314795064910727,2.7129005380855054,1567.3246589981457
2008,BUF,-2.9966606592290774,-0.2612668262537409,-1.5653841701252573,2.8628925600067046,1475.6054086340998
2008,CAR,3.5715744908517064,0.49894084397419947,2.789086573599203,2.8056287855604567,1554.3390246364286
2008,CHI,2.0884029867523557,0.1576549491557879,1.445365941349316,2.8635310464457358,1514.1725291469768
2008,CIN,-6.554036230479175,-0.6165827743536584,-5.7299857655616835,2.8613421503848824,1451.694923226724
2008,CLE,-4.436613055215944,-0.608519043522083,-4.070762610506624,2.861325184969033,1434.2567185019757
2008,DAL,1.710598625746054,0.223985433456939,0.9758760877236456,2.862595820730373,1515.6110255182348
2008,DEN,-5.723047891484821,-0.2681508443901417,-3.949879041445058,2.8625083879133686,1493.043218328116
2008,DET,-12.62496225487307,-1.6005626152386638,-10.092777695183965,2.8632197629992,1373.0079758896175
2008,GB,2.211768665152801,-0.21114788118790848,1.535953255941639,2.8632198049791704,1461.8406974583152
2008,HOU,-0.7864108617026796,-0.05683385614596361,-0.9945207023967386,2.8631667659996873,1504.866682159632
2008,IND,5.603965857871715,0.638502684668758,3.9083982173067704,2.806353522063133,1559.2611260376102
2008,JAX,-2.7859663029506065,-0.5533457927086658,-2.545623709445971,2.862889767121177,1448.4560292346907
2008,KC,-9.357218959812155,-1.092553808370252,-6.884513908045808,2.8624234528865986,1400.8918370063539
2008,LAC,4.300308523967177,0.21912326460701229,3.5753085255412236,2.752012550089212,1506.8093507070232
2008,LAR,-12.956474841605575,-1.148335905867718,-9.770686332943086,2.862230783086965,1398.8552544231927
2008,MIA,-0.967068529867408,0.3424881767818849,-0.26041274697212025,2.806068394175587,1539.5568586456407
2008,MIN,3.201950286794051,0.2747217141609172,2.1283883191646793,2.8024027821036506,1527.3517603585276
2008,NE,3.0874688285133005,0.5473983030702196,2.994806855244013,2.8633756210528833,1549.843468013114
2008,NO,3.124510474539328,0.08544118315382979,2.579483356564885,2.8625849379365316,1500.8759851618395
2008,NYG,7.5528184274985914,0.7260867613623605,5.525248663736317,2.815189735952434,1552.7079753083844
2008,NYJ,-0.47610674564040484,0.09585073165393657,0.33341383018265275,2.8627510949256703,1510.5374736642527
2008,OAK,-7.760642078383666,-0.5751046997677266,-5.6975471813142,2.8625965130939486,1454.8432755837384
2008,PHI,8.204157670766717,0.6269433280438691,6.180935680928269,2.711280330401546,1544.119465218706
2008,PIT,9.902735888836204,1.0361036740538887,7.211451557220229,2.7050987376064053,1592.1030274621355
2008,SEA,-6.242333585377351,-0.6964396619896311,-4.4890137721024965,2.861768932581988,1438.168229719586
2008,SF,-4.4395785322767845,-0.38319217180297815,-2.944695143737532,2.86176853223826,1487.9660617298289
2008,TB,1.838188598703419,0.15168998099052367,1.5489734228427898,2.8623990124836345,1507.9243722423676
2008,TEN,7.9163776424208265,0.8246418680126013,5.840374196739166,2.808715056804832,1563.4930781948385
2008,WSH,-1.1533129878200628,-0.01569882865583245,-1.144106019940172,2.8626006706296234,1493.8269587421546
2009,ARI,0.2248431436885554,0.2764450832808092,0.6216418144305913,2.8260538570118796,1530.3174223689387
2009,ATL,4.091857372752845,0.27032041273554086,2.5052320187451844,2.938103919485254,1516.773061238604
2009,BAL,6.70776487018989,0.40751809826419616,5.306713031142813,2.8253336973273764,1522.7068584597998
2009,BUF,-2.4711071371853093,-0.251040496363773,-2.424057594857407,2.938404132455183,1469.7567460159705
2009,CAR,3.1547967797271186,0.1691038332197304,1.6583884924376178,2.939224915052903,1509.8695519152184
2009,CHI,-3.0526301283252786,-0.2517932961583558,-2.0363997896447463,2.938969301365802,1483.2445611730857
2009,CIN,0.5058591036504118,0.22578518334720848,0.46016817692004724,2.879820441381767,1515.6616717898405
2009,CLE,-8.061412527915614,-0.5999208673798432,-6.0238530927555916,2.9382596960593523,1458.8730048427626
2009,DAL,6.473777182496114,0.6314826603981714,4.87456792021652,2.8322040123613785,1553.2161729040179
2009,DEN,-0.06548749452713122,0.031175916518258493,-0.03900381723072616,2.9409182249804733,1489.6506527895476
2009,DET,-12.827495562135008,-1.3052923378103374,-9.661207034858057,2.939711470371826,1399.3030803891725
2009,GB,6.732617077599703,0.4686688851481206,5.787963999344168,2.8841553238260804,1540.701687762534
2009,HOU,2.179139490836336,0.21080831674337489,1.9109862709136953,2.9393252053504395,1522.0374178016261
2009,IND,6.540763386743713,1.0077944387266886,5.111443806776653,2.77374783755261,1593.4963524412692
2009,JAX,-5.562395253351161,-0.31953963744305697,-4.081233868432199,2.939098693012797,1476.4978645598958
2009,KC,-8.175696800331938,-0.7548089511316023,-6.178971307895726,2.94057146192137,1436.876155874564
2009,LAC,6.103888362871074,0.7294519906288053,4.911283324726191,2.877806253747114,1573.8744004656116
2009,LAR,-15.08879047361948,-1.4077240920290786,-11.206703051138257,2.9411383855016746,1386.9272167015677
2009,MIA,0.9841353736631774,-0.09160157453556177,0.05304761082905696,2.9389121308258277,1484.48490215142
2009,MIN,8.597066569269417,0.6943367071935175,7.101987416779859,2.8173993047094186,1557.5506105453478
2009,NE,7.409501727206439,0.4586395180702976,5.13515884843299,2.880977212948982,1520.244546680903
2009,NO,11.38495852848742,1.1837766357090382,8.714155314809188,2.762647537583517,1596.5899523451296
2009,NYG,-0.122814030703921,0.010394684881298416,-0.4405603480114834,2.9414020877098626,1494.9741532887556
2009,NYJ,6.833725867193729,0.5635010192153587,4.930290821029644,2.7736544628730995,1535.3421515308871
2009,OAK,-9.395343036522698,-0.779568530309784,-7.29804139985672,2.9412154603103646,1451.6575067196586
2009,PHI,4.910187392011017,0.5184721534548175,3.610028763979086,2.891333738967325,1542.0525461905715
2009,PIT,1.85336750415398,0.22766311557246552,1.6707612761690067,2.938230170294766,1515.7469465546676
2009,SEA,-8.731765123329783,-0.7113345627961315,-6.183838515134141,2.940392921335281,1446.7101684132833
2009,SF,0.7416305157458114,-0.03129054787391307,1.1729706253504777,2.940133664933035,1499.234468792787
2009,TB,-5.992853921093277,-0.8087060080637407,-5.405936417828913,2.938235371782968,1428.1011603188617
2009,TEN,-1.5515971869471137,-0.015898214719424018,-1.1679023846470638,2.9393677696640013,1511.3790025160838
2009,WSH,-4.330491572299048,-0.7568195364930956,-3.389080910741933,2.9404031055405206,1436.1480044576163
2010,ARI,-11.92268373122126,-0.8564904490629758,-8.009124687348868,2.8742138242102206,1441.7887427796586
2010,ATL,4.435562497083346,0.7539601646536628,3.8252540706589775,2.8164703598604848,1569.3264598441092
2010,BAL,7.044478464723986,0.7813867031251722,5.117162416264442,2.7667916086929227,1568.1313105591287
2010,BUF,-4.3514738580973535,-0.5964582556136452,-4.520967937141025,2.8738016499185166,1443.4928669202388
2010,CAR,-13.205896158569807,-1.1683945525693364,-9.814487378284344,2.873858928445261,1407.4264941321287
2010,CHI,4.093320822543552,0.5380781497801863,2.6737799040334504,2.769093588755691,1543.4450377794371
2010,CIN,-1.6626114988705711,-0.5805501031667886,-1.9748485078295464,2.8731340335605937,1439.4241069117845
2010,CLE,-1.503897421543753,-0.35273918784755925,-1.7137109547526634,2.8733901590543427,1451.8006133013814
2010,DAL,-1.5092821442811895,-0.3111524409165693,-1.3063757511701466,2.874428935735892,1474.6462858932346
2010,DEN,-7.732145239268855,-0.8107956745777842,-5.3999225714621994,2.8747655476825034,1429.7221981246319
2010,DET,1.4439916952282696,-0.1800572744238301,0.3650770899531105,2.872249913026682,1477.494933496756
2010,GB,11.760428947636244,1.0076489634732684,8.674473038880338,2.6727382110586246,1579.4190824824905
2010,HOU,-1.7252191161304355,-0.329224027976797,-1.375513818404556,2.874929811036738,1462.9786303130124
2010,IND,2.889389484951825,0.26508529646997414,2.1740394325611945,2.813007420536511,1523.417406841601
2010,JAX,-4.481252776466279,-0.18700264788115403,-3.353908118423727,2.8744273750779703,1493.5141378553337
2010,KC,-1.3022495646400538,0.052503179144872215,-0.2935354462828248,2.8125571220061953,1515.1903603158528
2010,LAC,4.470254782059197,0.1487904594396996,4.192230385266555,2.8739124907585256,1518.3650349354334
2010,LAR,-5.984373018333555,-0.3407947508805362,-3.3582215924728276,2.8741917610890018,1480.487985812403
2010,MIA,0.3827911027858528,-0.035994591342368765,-0.8696599654431107,2.8735545232385804,1480.550302770851
2010,MIN,-1.4535878843562071,-0.26657138773095984,-1.869824325635492,2.8724837963903838,1472.3657123527162
2010,NE,13.359240378603634,1.1302453045171688,9.308814695514487,2.8256643206366903,1589.5730508214053
2010,NO,1.3190286254545658,0.33309676007685474,1.7608524480652321,2.8195840963544954,1538.0323552492378
2010,NYG,1.8620549245915958,0.25477159491259055,1.4186675135769267,2.8749132018750276,1530.8180558588156
2010,NYJ,7.708756141680325,0.7837164081726944,5.000637424718811,2.72169061057849,1561.991653849679
2010,OAK,-0.5729460811018997,-0.052590193847278206,0.2529291984570802,2.8737383899199562,1503.219808858127
2010,PHI,4.116142261279011,0.33951903650647874,2.9178097316383917,2.8204556446306257,1519.5672242430699
2010,PIT,9.536222240047527,0.8681669343389647,6.899548095764237,2.7189484073384262,1569.5955838396087
2010,SEA,-8.01388559691061,-0.38549368102040255,-5.291990674887218,2.7659038705764405,1484.4939502137108
2010,SF,-5.726058878547446,-0.4237791592538583,-3.322235175995075,2.8744962115208437,1471.3317016973717
2010,TB,-0.7630435443361389,0.22409729849626386,0.01578931630479768,2.8736566118510023,1532.9760426204195
2010,TEN,1.0062130358934103,-0.2196324458998558,0.8017826322544163,2.874292061840742,1460.7428234651843
2010,WSH,-3.517268891886912,-0.3833454290961521,-2.9245204883787737,2.874497349461331,1464.670045861187
2011,ARI,-2.2710479300806834,-0.1138952127211925,-1.6866436902192348,2.6963381039614482,1507.4227288102156
2011,ATL,2.187079097958226,0.2508643354085454,1.5835944990021245,2.6419878574640387,1524.1204382724247
2011,BAL,6.284121221049159,0.7211641287657788,4.698341154009618,2.596561739305957,1562.993907259214
2011,BUF,-2.5654146957884176,-0.3116582786404372,-2.0955012373913995,2.6967413772820894,1460.1608909599402
2011,CAR,-2.0147450572260874,-0.3354264746152167,-1.2976942526518809,2.6964990987090305,1472.2641511525037
2011,CHI,0.7403285633933259,0.032016234215899005,0.49141913138016324,2.6971024961580405,1497.7290201054034
2011,CIN,-0.2488452185845096,0.1472840239757995,-0.012590698778283992,2.648791959958134,1506.3317975753823
2011,CLE,-5.417324718116862,-0.7581504514004037,-3.782563465696959,2.696591825286103,1434.0146946214093
2011,DAL,1.547212236821978,-0.03731302504354672,0.7744064954476281,2.6963181334688633,1494.043886700359
2011,DEN,-4.743036623973188,-0.04879173958695485,-3.53176197226906,2.5962977920909167,1503.8615989025525
2011,DET,3.5280790272890084,0.3327775901411679,2.4562308776708903,2.6485783445365887,1524.8044609292363
2011,GB,8.843293729712258,1.1623042807988755,6.5428683219323585,2.6459490035073316,1596.6882519665526
2011,HOU,4.887728343761021,0.37081883567576435,3.9604449578153633,2.603180492054104,1525.4346804558443
2011,IND,-9.61020786272494,-1.181397534221025,-6.718135581404278,2.6973583104743217,1407.8682425698798
2011,JAX,-5.4826873574521295,-0.6349610864133669,-3.706398456416042,2.6973304743455757,1448.633281051521
2011,KC,-6.522746107274963,-0.27372186663474846,-4.544555734569175,2.6973708787667423,1489.605121377313
2011,LAC,0.9646226278076478,0.10399697328419095,0.8628671530659354,2.6971205776557725,1502.7913325089503
2011,LAR,-10.583144633833987,-1.108362244882605,-8.051790989136132,2.696781698796548,1404.531811995042
2011,MIA,1.614925212384033,-0.20060623049092044,0.9585180162581729,2.696727298593565,1476.551337066529
2011,MIN,-5.79265795816845,-0.8080079939170213,-4.146169464442399,2.696943596536617,1422.4214235681866
2011,NE,9.714204310220186,1.0215338274796681,7.144006605920412,2.5534539037899475,1586.4031232658187
2011,NO,9.731562587333546,0.8806009854771866,7.336818054907476,2.597077262607647,1582.3986873696706
2011,NYG,5.028157795666173,0.5898965077016556,3.0803090337602534,2.509977218998337,1564.7404500096807
2011,NYJ,1.5222046700480854,0.05460653016813765,0.8697119294346075,2.6971193253869674,1495.0051087446861
2011,OAK,-4.720434607634185,-0.11860940778413787,-3.27343729512861,2.6968584687964547,1497.8788553150293
2011,PHI,5.117840459862132,0.1519721847243673,3.2859930949246596,2.696772123459152,1506.7091077028265
2011,PIT,4.639004494835112,0.6451016070368849,3.607766362407773,2.642288305113808,1555.4714769668049
2011,SEA,0.6586637741830056,-0.04830046253717415,0.32511333250281366,2.6965078336652906,1484.6515349500144
2011,SF,7.007318079803716,0.879477931597543,5.047023985731584,2.596302663545087,1577.3287900879634
2011,TB,-9.871979380659997,-0.8624440151402402,-7.20326999140501,2.6970548671720582,1428.3115469481424
2011,TEN,-0.5268695028753175,0.04971362287210765,0.01658034898887398,2.697462252170544,1514.0349254337723
2011,WSH,-3.645204577734881,-0.5524835752945814,-2.99150052565221,2.696399588037865,1444.7933353571314
2012,ARI,-2.056307419574889,-0.4818126606604273,-2.2351929088902303,2.8724906173855143,1446.0706022102625
2012,ATL,6.221730593124027,0.7718411458932287,5.003066145554606,2.7515890271578867,1568.8286675439865
2012,BAL,5.226817108883105,0.7323918540005473,4.39197705438843,2.651955180360722,1573.0434481797997
2012,BUF,-5.637103564102177,-0.41397715845051025,-4.332955696408498,2.8730868261053635,1465.3935695680318
2012,CAR,0.7493401922053604,-0.0831443597821619,0.37715647646599937,2.8753720701877907,1491.6579534312739
2012,CHI,5.657808193825767,0.44726707880118527,4.426508106405314,2.874179931581162,1528.1039174363095
2012,CIN,2.7185103646208013,0.2693649173719904,2.5551668071901252,2.8071418544708826,1525.4137542677263
2012,CLE,-4.623264595813928,-0.5789752326961828,-3.5743603902597374,2.872037119626568,1454.2251361929566
2012,DAL,0.38661522341421617,-0.015319928422344814,-0.07962230692083203,2.8743333105977085,1499.3418013079618
2012,DEN,9.280302001715757,0.891213110653569,7.94883619527077,2.8195874952488995,1569.910937949667
2012,DET,-2.844828157574804,-0.603697443119806,-2.602951126058362,2.8749228627762107,1433.8064198229781
2012,GB,5.540148585325916,0.6719203381013938,4.276432931653434,2.7740411608684186,1551.1088361105603
2012,HOU,3.2913977555329694,0.6656612574930693,3.0433824328006023,2.7598003865020906,1560.1311657539543
2012,IND,-4.540184162894712,0.20848799280402533,-3.2324115504775714,2.8099017422372246,1542.3454345751347
2012,JAX,-12.445500567686077,-1.220739499524703,-9.78237414698181,2.874719224165159,1401.4719447148398
2012,KC,-13.149428515911668,-1.272747956887893,-10.50268285034132,2.874802142822239,1400.5667869442684
2012,LAC,-1.896803968186531,-0.23416314880471922,-1.1256503979751873,2.8744666179946994,1480.0532049139642
2012,LAR,0.511567153325869,-0.04941236558040979,-0.15334570981852078,2.872224776314817,1497.4908749373883
2012,MIA,-2.3236464963528243,-0.2018771739439019,-1.6602596241719012,2.873500666703956,1484.8909720090141
2012,MIN,2.344999161115416,0.3538333915947859,1.6318639743127654,2.8264742269457193,1532.1809368258837
2012,NE,10.49086996155183,0.9132379897620357,8.891457075600817,2.7648050073984254,1565.0411295926042
2012,NO,0.6344153996399229,-0.10886082311859288,0.2866253411911767,2.8749591106386587,1490.1066081301417
2012,NYG,6.2716904308487855,0.3942580270877199,4.814789897145531,2.873863437189239,1515.3128337861506
2012,NYJ,-5.531873676083311,-0.41994179121201164,-4.367047361348479,2.8731264132177796,1460.8401952765892
2012,OAK,-9.848976256858451,-0.9065197174818544,-7.727604889389133,2.8744223541482326,1429.2107702011765
2012,PHI,-8.133229502714851,-0.9437416560848468,-7.000462013551048,2.8732846795560136,1427.9116928247904
2012,PIT,0.018248840800111778,-0.010249932809023088,0.3100030122767693,2.87143802304063,1496.4522462340144
2012,SEA,9.79826129934776,0.727108545831151,7.677009665949815,2.748945602205933,1556.9567457759315
2012,SF,8.847274641669726,0.8595765726095219,6.86570595550611,2.699604505984251,1568.502490152077
2012,TB,0.7715900156091264,-0.09746059910363997,0.4867790957643353,2.8742609230980865,1482.6677037254917
2012,TEN,-9.098172191861005,-0.5042983326457918,-7.042649717100426,2.874049414455616,1471.7622912280406
2012,WSH,3.367732153058765,0.24077755832459682,2.432810522216691,2.809323579135169,1529.1989283770308
2013,ARI,6.366218822702047,0.5596804104571018,4.404075708296106,2.716594119336934,1537.012642140122
2013,ATL,-3.0248576355456898,-0.6328973262553697,-3.1505355209277996,2.717290129542467,1435.6756120431426
2013,BAL,-3.3535528620225348,-0.13757112699154056,-2.171571095971194,2.717823710600215,1501.9911461279098
2013,BUF,-3.2265310529253015,-0.4075607378404516,-2.559466095694964,2.71646023326948,1470.9427714983246
2013,CAR,7.784399586345068,0.6597352919806487,5.805961468961492,2.6642295568416747,1558.9584757489338
2013,CHI,-3.1027146855732193,-0.08859589766785061,-1.9792302033836484,2.7185257094675794,1492.9631814004047
2013,CIN,3.505783117426569,0.3803490879398656,3.4683539571201165,2.662123531476059,1537.9443270209565
2013,CLE,-7.755270822923749,-0.8369804832145898,-5.7619798313480795,2.717737302717675,1429.7911504932551
2013,DAL,-0.24095954946686535,0.07224664168233365,0.07441035043747797,2.717659719544288,1495.8910276466347
2013,DEN,9.892763455710071,1.008305492013025,8.325049665190518,2.5638559889861994,1583.2256512133472
2013,DET,-1.551387391985714,-0.21192217438700503,-0.6396926850239781,2.7183194285116734,1473.4335555558873
2013,GB,-2.43443666708371,-0.17964411448038392,-1.5386382454458827,2.6616794017684957,1495.3632292773389
2013,HOU,-7.40386537187563,-1.0939930761205234,-6.451119095913305,2.7178205020004764,1397.6554148013151
2013,IND,2.9596786707459515,0.5224885394008714,2.152197447033631,2.608775816846018,1548.9556457397684
2013,JAX,-10.380500647341437,-0.8745446641263573,-8.810609806991767,2.7173358024357928,1437.1283246242817
2013,KC,5.638475434954094,0.510271727420359,4.897468984610936,2.66318611843735,1530.7089307797803
2013,LAC,3.7510985940818227,0.3085279281144596,3.1946483574315683,2.6167979034795175,1529.4776504700417
2013,LAR,2.1818712434844096,0.011110003941755152,0.9532214338032884,2.7162831743677596,1488.9051908243018
2013,MIA,-1.0346613057225134,0.01124741053687936,-0.8400708017314429,2.7169397575695227,1498.1392350190197
2013,MIN,-6.242168509478473,-0.5400706696403673,-4.668390162137506,2.7181436363396982,1467.0382552662236
2013,NE,5.95033297212287,0.7237397809676204,4.977933422318874,2.6036461231263264,1564.5901190581592
2013,NO,8.405949707790127,0.6967927369169918,6.338380200725165,2.6078477543207867,1549.902090935443
2013,NYG,-4.602588208236821,-0.21171079959298303,-3.6306105701392313,2.717157926698453,1488.4238694981796
2013,NYJ,-5.612203724482168,-0.21950868092935022,-4.513144838953114,2.7162942395210945,1500.1529329966609
2013,OAK,-7.925260740714005,-0.8113882424531844,-6.39114404478097,2.715460345503329,1430.8154676595607
2013,PHI,1.525969582863017,0.20122072999828824,1.4984631629722904,2.656559091531021,1525.4525325155728
2013,PIT,-2.196499050036165,-0.09582530609272046,-1.1152243382563252,2.7181159878950565,1506.4034721486064
2013,SEA,14.294105507070062,1.3528490318606492,11.21546813284386,2.567260498097466,1604.2379102624136
2013,SF,10.103196640056328,0.9816463024957296,7.7289513835383525,2.5716246881075167,1581.5342327583446
2013,TB,-2.8545065868523722,-0.6091035923305703,-3.0910705923859925,2.7173971647667505,1441.098294822696
2013,TEN,-0.7597255321322383,-0.12910412772315358,-0.8400452488154783,2.7169950354977974,1482.944151387654
2013,WSH,-8.658152990953738,-0.9197900958801762,-6.882040497382969,2.717194918072378,1413.243508265719
2014,ARI,0.8638366595454373,0.415593774120527,0.4092358354127436,2.790976320249925,1533.4793863324967
2014,ATL,-4.258261841382373,-0.42487268698042235,-2.542670227351088,2.8497865356798204,1469.3726826243949
2014,BAL,5.5879170731105505,0.49098138298586624,4.447463322831493,2.7501483049408337,1534.4978044141828
2014,BUF,4.851834780883656,0.2740995640359977,2.8456596888091115,2.8485970853964524,1520.3410994390815
2014,CAR,-2.5857890954164064,-0.07525859829325444,-1.683674240628353,2.7411095455033885,1495.891717529833
2014,CHI,-5.956815845338278,-0.5207434698269287,-4.413651772568222,2.8491689438709558,1446.1786582703612
2014,CIN,0.3659727487308917,0.3330001622027239,0.463093772168954,2.7994424750256326,1533.3659083368866
2014,CLE,-3.4631390779380293,-0.2642758993466141,-2.039549464729766,2.8497998153112176,1475.327844027303
2014,DAL,4.564603142306694,0.6197089798603258,3.706033539280019,2.7374662510021706,1566.176053427006
2014,DEN,8.369353315211784,0.722178291025446,5.350825423003593,2.7963836940293887,1554.2059181774807
2014,DET,1.9878710653711364,0.3951563306530765,1.432268131869294,2.7912160464837474,1539.9344206020478
2014,GB,7.052704325714507,0.7079491661312409,5.009918810586184,2.741254812158713,1569.7280675976149
2014,HOU,1.96667395093431,0.14247655272465454,1.9473223694816584,2.849309363319969,1516.4897879753198
2014,IND,5.291515832358579,0.6314201236149881,4.01950118709604,2.700239364869978,1561.6208953861073
2014,JAX,-10.032289596486361,-1.0132450963120792,-6.897058978395407,2.849568569694368,1420.9747578634415
2014,KC,5.585722223136725,0.2932821613603653,3.4373706078874364,2.8496971587369995,1516.5428210752293
2014,LAC,2.2133209859683114,0.1868077316587873,0.9096763558734862,2.8498605201796834,1513.81596275377
2014,LAR,-2.564783455153404,-0.3862203035589343,-2.05925230643699,2.8480934456796767,1469.9953581125365
2014,MIA,2.164124181615243,0.051004701314470886,0.8987110232201803,2.849111524167785,1495.0928322738246
2014,MIN,-1.4412822851650726,-0.16901410130812813,-0.946766696992599,2.8483721039276273,1481.2284494896505
2014,NE,11.987905502356949,1.0601417541957319,8.205221745080948,2.690424800160931,1594.2798320360914
2014,NO,-2.6273215086636847,-0.19053839489034655,-1.4012879305681285,2.849449499594408,1482.4810952908242
2014,NYG,-2.2344069039850654,-0.2841468265804327,-1.2926966974981098,2.84895603127321,1467.4306025025483
2014,NYJ,-4.4634745812163485,-0.669858255511039,-3.8862860353741304,2.848831324657607,1439.9826427990808
2014,OAK,-7.277604064498244,-0.889087852966648,-6.051985357115754,2.8498464461459982,1431.2598851485743
2014,PHI,3.862110096365443,0.4239804617135806,3.072031260897725,2.8494420060931978,1527.2786847755992
2014,PIT,1.8728415210805984,0.4199934822053992,1.7848612704009283,2.803510548395496,1539.5452422476003
2014,SEA,9.025927965716878,0.9548808067230934,6.347510463928661,2.694335529106312,1579.4640815669939
2014,SF,-1.3628057025800582,0.011763639450836801,-1.211531251089123,2.8480534771581247,1497.5813864113493
2014,TB,-8.77845461515715,-1.1319308399988306,-5.734606919641325,2.849099584303419,1399.6678435627884
2014,TEN,-11.613991775424868,-1.1639660868777992,-8.015918492312924,2.8492921047989115,1391.767412648514
2014,WSH,-8.95381502200235,-0.9512606535256546,-6.109768437126508,2.848574824491524,1435.0008653014672
2015,ARI,9.663811036201258,0.9444198624206188,6.800710084057205,2.589158320260946,1580.9493048730546
2015,ATL,-2.936744295894245,-0.02142215573631864,-1.1866412192906952,2.692982313450541,1494.4826014332016
2015,BAL,-2.1848455260463258,-0.5276121506592826,-2.55919516035855,2.694229401374625,1453.053100757814
2015,BUF,-0.02572021997295677,-0.020242754739382997,0.6679989180068264,2.6950877148642305,1501.6849051522772
2015,CAR,8.846640478363476,1.2442929620857819,7.710451212063713,2.5335262444943867,1611.1036158072213
2015,CHI,-1.2891930165767007,-0.2921206743933526,-1.917988380500312,2.6937635420525035,1465.8758577941785
2015,CIN,9.663197800101571,0.7572905281423937,6.617597088098705,2.649571533075483,1544.9646231861018
2015,CLE,-6.1212142322071905,-0.8804746192412741,-5.697073839153384,2.694208219658206,1420.8524070789736
2015,DAL,-6.839885012827996,-0.734796920347308,-4.636218186391382,2.6945547526263494,1433.7890265263181
2015,DEN,7.289309113416535,1.0183076072960136,4.81730709686323,2.5399528133192106,1589.6993777359132
2015,DET,-0.059233963653219354,-0.12361747229122792,-0.9484099605685692,2.6933308807305445,1489.5239705519132
2015,GB,5.932831324218869,0.5799896144008401,3.7423488039150072,2.589525250672136,1533.2596536707504
2015,HOU,-1.6058494947703474,-0.011018237623906996,-0.4972757192909001,2.640656457169029,1511.5950423416139
2015,IND,-5.62058965451166,-0.20799373988122052,-3.456659027459769,2.6945530399041657,1501.6231185643792
2015,JAX,-7.309922664458944,-0.6944784769015758,-4.589701827399458,2.694300823347742,1445.3899961474715
2015,KC,9.316928655449782,0.748128558037014,6.5614121622264285,2.5858488024385813,1556.9048295494279
2015,LAC,-2.3071871998552838,-0.6209504978142969,-2.6666770308090952,2.6918486190925286,1434.5635208365434
2015,LAR,-0.7224068983233178,-0.17696762577531602,-1.4615254875708303,2.6943169207179527,1484.540394590897
2015,MIA,-6.622972381315967,-0.5377363567891872,-4.2943196266866845,2.694272081717068,1464.4564998706678
2015,MIN,5.919086813736504,0.5342822000124634,3.6745123195685236,2.6427768657565887,1539.998058479477
2015,NE,7.090036454211476,0.7241758318169945,6.135078654313836,2.5859368523749473,1556.7225125733423
2015,NO,-6.157904171106641,-0.3297676357860912,-3.7911987082436176,2.69343821083961,1488.2548080369525
2015,NYG,-3.194238457195723,-0.27470341241258633,-1.6328436913456368,2.693987377610097,1465.8025143571126
2015,NYJ,1.5230200927185722,0.2266236292134984,2.1164924410758936,2.694479997211985,1530.18388534078
2015,OAK,-0.021333683793924862,-0.14279770485170368,-0.9188213948989102,2.6918330144065807,1484.3241807275517
2015,PHI,-4.4709538879636765,-0.22921236995523112,-2.7106092069532495,2.694241885892488,1487.3754283873
2015,PIT,7.987462478371893,0.5432949492443646,5.255197645385434,2.603228727057813,1538.8162200592728
2015,SEA,10.03098550077138,0.6077067462415603,6.967517080372896,2.5942607992453306,1544.2160306059507
2015,SF,-5.333631987365378,-0.564760974845672,-5.115642011790417,2.694055828073662,1452.361677029581
2015,TB,-7.469914003742635,-0.5190088504497342,-4.717386227725727,2.6930115395566263,1463.509216169012
2015,TEN,-10.310551849388872,-0.9968812439047771,-6.932876440389706,2.694214801631535,1417.8303616297953
2015,WSH,-2.6590171465902603,-0.021948614512096495,-1.3355603591206644,2.6360485879074336,1512.293260135154
2016,ARI,1.0792601482729778,-0.09636718624486365,1.1623536739319598,2.4044411267707053,1492.5293444351776
2016,ATL,9.590313779226587,0.7879960214870393,6.826548371103682,2.274812855552652,1557.9321936104004
2016,BAL,1.1386646172626917,-0.0013319536427458545,0.8094181457138513,2.404268638416604,1496.2051990815776
2016,BUF,-0.14656718513981512,-0.16256936828384544,0.3002029392292128,2.403819055310637,1478.2805471568338
2016,CAR,-0.4852812281968663,-0.2626053345132284,-0.6609401590919453,2.4040167170204763,1472.8991485599402
2016,CHI,-7.761420542189522,-0.9194917773736777,-5.436489329178814,2.404047009966075,1416.3303586983739
2016,CIN,1.0868270042007027,-0.13636429438524175,0.7083830067970092,2.4045474330024845,1476.2358085777364
2016,CLE,-10.233981398060271,-1.3212821025426913,-7.512183137632405,2.4043256374078186,1388.171490912335
2016,DAL,6.045283953010498,0.8475936080171552,4.38439301219329,2.3615579376564737,1567.8212042620148
2016,DEN,4.175570346645451,0.33735137285304484,2.465621764309237,2.4047651719601966,1515.955563034137
2016,DET,-2.330088039522123,0.04406003519585927,-1.5349835050485285,2.3553682504033735,1509.6784322994909
2016,GB,3.3746094974704666,0.49487844197041836,2.3885312522050772,2.2799724680923803,1550.7013761038604
2016,HOU,-2.127032072855318,0.1117511052747516,-1.7633499876515106,2.317865703708117,1516.0007760308881
2016,IND,0.042786662240675816,0.03380136473576176,0.13750484833269286,2.4044338527253704,1501.2708816713798
2016,JAX,-4.88568221623439,-0.8736296749778242,-3.497202785781236,2.404472101862534,1421.2612851310412
2016,KC,5.4881121725664235,0.7471732574287563,3.591895394582629,2.358786924458736,1557.2773623662058
2016,LAC,0.131804692147216,-0.3938236480838254,-0.23544345703669453,2.404465303621066,1447.8724756094143
2016,LAR,-10.144750260998888,-0.8510348875417106,-6.996136903207747,2.404884642536599,1425.8787381224959
2016,MIA,-2.354594968386224,0.13958365925510946,-1.4110642763364636,2.36066869245241,1527.9844502894434
2016,MIN,0.6346456642186451,0.012361968329400114,0.5776227558370284,2.40403362304032,1492.6139277671316
2016,NE,10.112378410321051,1.2544423819256303,7.854389457711081,2.2745364080107975,1621.2228947394356
2016,NO,1.6915336134897676,-0.10599111212841618,0.9778558302164015,2.4041392594872812,1487.1568015711764
2016,NYG,0.45934403882678887,0.3532639409071057,0.22110458610817604,2.361398774443286,1540.8394026728008
2016,NYJ,-7.548559516075683,-0.5774010993992088,-5.1965910113952765,2.4040629696298748,1451.5598596896548
2016,OAK,2.6524430078872774,0.5382323141729844,1.5287604816010656,2.361608964481541,1556.5419166958197
2016,PHI,3.220178502497582,0.06551922161127477,2.0419048596604905,2.405107735011318,1487.0999076037713
2016,PIT,4.823387726244353,0.6661392445413734,3.4582621748977527,2.279541751431171,1563.6490493305303
2016,SEA,2.56675537798205,0.3562032747249708,2.141123714972884,2.3151351303710386,1534.7654273309386
2016,SF,-10.846446820511693,-1.250124741067833,-7.50723510084813,2.404379114209416,1399.94494950385
2016,TB,0.31123402524068905,0.06383270207008672,-0.027160544264839086,2.403974058220523,1521.139786526045
2016,TEN,-1.0726721763075384,0.001125908742389052,-0.5670561564397582,2.404230637926583,1518.0529092909405
2016,WSH,1.3119431847264635,0.09670735694200074,0.7699600845094877,2.4049547920549204,1505.1265313251592
2017,ARI,-3.749753602502127,-0.1887933854485436,-2.652791702255086,2.632539687536102,1500.9994232597353
2017,ATL,5.449460413387721,0.5580116388408618,3.202200770511439,2.529977129535562,1543.854375522473
2017,BAL,2.875154926612223,0.1977194755603748,2.6810023617939263,2.6335252930382587,1512.4121543606707
2017,BUF,-2.7998822055360564,0.02685409258554327,-2.0574159369054845,2.5784376141099017,1509.3348210303327
2017,CAR,4.561315920281589,0.5210620295104323,2.487583462635451,2.5904366799688803,1541.8497629374929
2017,CHI,-1.5241081034790958,-0.3637618704033017,-1.611168012346467,2.6339004521828913,1452.0210194760725
2017,CIN,-5.216508138593634,-0.3681992592998767,-3.222447925096907,2.6336182829939117,1488.006941941628
2017,CLE,-11.124682266910325,-1.574167131387788,-7.6379833336820875,2.6336246625651363,1371.0135004577999
2017,DAL,1.699613656474192,0.18595730534415697,1.0556134564805373,2.6329523415328944,1520.3799261818285
2017,DEN,-6.3209328743247974,-0.58491735659758,-4.301017883624065,2.633117053599872,1446.0929330327099
2017,DET,2.4255718047881794,0.2224635117408997,1.4832982756020614,2.6334327528591506,1514.476724354249
2017,GB,-2.2034405952613563,-0.185841499240026,-2.0647337279960065,2.6333925302750374,1479.0237630207748
2017,HOU,-6.974762053655635,-0.7727741675981915,-4.543756286912252,2.6326752299155367,1429.1901095273477
2017,IND,-9.77721809516393,-0.8654418663369345,-6.358915368311301,2.6320522593418,1431.5534163686787
2017,JAX,5.507310928533482,0.42837276810928887,4.721726013180943,2.4881007496159078,1540.1688918653763
2017,KC,3.249434410218401,0.3927716614680296,2.6170284766959626,2.580191102248837,1515.4269507720767
2017,LAC,3.8666423976408044,0.24109655083646425,3.038694064032602,2.6333747880734397,1521.3720369063947
2017,LAR,6.5621761029521615,0.48024644989934023,4.702293260923745,2.57923131661941,1539.212752605518
2017,MIA,-5.0305014899437674,-0.4011336051460079,-3.801923167386529,2.6319768383472995,1465.0921758828877
2017,MIN,7.488791834983127,0.9254183696635275,4.953023560800202,2.5362000049601625,1583.3518701684447
2017,NE,9.07395925707048,0.9765079487886577,6.704207713985686,2.4830428231459165,1588.4819074339214
2017,NO,8.258038185711664,0.7325169037987169,5.290348053058941,2.5456432429608378,1549.0899862967021
2017,NYG,-7.076683132346903,-0.9066655401950892,-5.3269804974106005,2.6324515906928543,1421.2412796395738
2017,NYJ,-4.58788977359621,-0.5431714977852036,-3.416188647667697,2.6318847651805997,1449.1952161561285
2017,OAK,-4.187080429817853,-0.38855616248796476,-2.9128110643158576,2.6338025918385473,1466.4392270682702
2017,PHI,10.994754730850724,1.1584889960690148,7.92759312747803,2.483070171097118,1603.5920056172843
2017,PIT,4.463214483926531,0.7334863497417606,3.6209569922545017,2.5861596842789623,1568.0758867524046
2017,SEA,2.151726407785269,0.24911918836687802,1.6307267885031411,2.6328942609033916,1514.7412148044511
2017,SF,-2.91542981451049,-0.3435234237011653,-2.0768504280271323,2.6322337835129606,1481.5344614299295
2017,TB,-1.152894185441362,-0.3704893748970341,-1.4517260264003793,2.632169915996035,1453.5504965816313
2017,TEN,-2.71283514563876,0.004305994041822591,-1.423816730157234,2.529724890429198,1517.5568656031937
2017,WSH,-1.2725635544942369,-0.17696309384106318,-1.255769639441986,2.6327327159155347,1481.667902944018
2018,ARI,-10.600936792256512,-1.0298066169358193,-7.5555961717117315,2.551891083182288,1417.1532171053798
2018,ATL,-0.3298326985508367,-0.16239521381956765,-0.4368161935382518,2.5539624357762856,1485.0545488310872
2018,BAL,5.333582953545102,0.4114968263393508,3.5284167756805274,2.508626128745105,1528.7996311218108
2018,BUF,-5.263166675465465,-0.38587560253408326,-3.560817025351763,2.5535619790820534,1467.3673167974518
2018,CAR,0.7905790206856335,-0.0782485478752371,0.2210891390548785,2.554096939647102,1479.6991264243436
2018,CHI,5.420897279414562,0.6683495878102088,4.368403702694285,2.5023789746769864,1555.9851871669257
2018,CIN,-2.9093412866898523,-0.37427101016862424,-2.4977678526992113,2.5545487558881086,1461.6305228104225
2018,CLE,-0.7620939481054718,-0.08845015252098265,-0.941575634383675,2.554399328885284,1498.2519525814866
2018,DAL,1.0493027006879487,0.2603089056930677,0.5688306495925151,2.4563665847708656,1538.5501911773856
2018,DEN,-1.2491298481250641,-0.3496782551821891,-1.0147600709306077,2.552517471753946,1465.3204808394694
2018,DET,-2.8005265712178997,-0.3556237099423343,-1.7188304608937357,2.5542220598292733,1470.2416649933955
2018,GB,-2.355406800567415,-0.35620207445407265,-1.3006810392438801,2.553910540340488,1470.5349646884847
2018,HOU,3.3694808008687707,0.4265825174707259,2.6160480813222358,2.5119269765958623,1537.21527956441
2018,IND,3.8311527163888237,0.4171647553296675,3.013470061606538,2.4639281647697318,1543.803609198401
2018,JAX,-3.256308198304181,-0.3777205662150759,-2.3942456122041547,2.553997417090806,1450.329912766454
2018,KC,8.164648398128273,0.8355182804612358,5.86208591160602,2.456921701977123,1556.621383903013
2018,LAC,5.314245828536402,0.7365701422837063,3.7780899534984087,2.4600826501635815,1568.3870951900221
2018,LAR,7.533383893454201,0.9047574792200731,5.563056921284746,2.4101693841062755,1583.7493207858454
2018,MIA,-8.023015828743853,-0.4298947603600446,-5.330462734387768,2.5532005551364385,1475.808248457811
2018,MIN,0.7575289641818652,0.045839044950476415,0.7815258400783532,2.5544306772629133,1510.0596612581426
2018,NE,6.803249782901335,0.8303319017795006,5.1908996831900405,2.4112942965663113,1578.839105664923
2018,NO,8.132527774079106,0.8466840086131422,5.588701581549454,2.4631975614856847,1576.882248521964
2018,NYG,-2.177425339506526,-0.47312818654629724,-1.687823565800295,2.553220057689045,1452.8188073046397
2018,NYJ,-6.91089181870502,-0.7477018294160612,-4.627772912366156,2.5532167838953304,1430.5410624769459
2018,OAK,-9.120114690239797,-0.7899448411409032,-6.755095572908937,2.553114762537121,1440.5008248769345
2018,PHI,2.752353584490237,0.27898885816062813,1.7468400661915522,2.458852335065282,1528.9347621514903
2018,PIT,5.0761478631408075,0.3642833926506971,3.235124027030746,2.554715215574441,1525.3051443229801
2018,SEA,4.011593924650629,0.3455144952533214,3.0567223782003192,2.5042928008432663,1526.3170094220222
2018,SF,-5.844562232753505,-0.8004537493194928,-4.095352013920573,2.5518708412574487,1436.7905455893044
2018,TB,-2.3557949963572344,-0.47465735280034427,-2.056604582999745,2.554151778175016,1446.236502997692
2018,TEN,0.43600194880166976,0.2215147928885273,0.3355211253824834,2.553572470378582,1516.6958577750265
2018,WSH,-4.818129708366795,-0.3198525196731997,-3.480624454622666,2.5528549733664945,1475.5748132343351
2019,ARI,-3.5075373080110435,-0.4345742273544962,-3.101565735752009,2.7146698053919196,1463.9275775365456
2019,ATL,0.29410248136799133,-0.029507312198607007,-0.17518083364118603,2.717199109547932,1495.353300957855
2019,BAL,11.176011615983292,1.039816553831083,8.593961734782425,2.6596370173414914,1591.7154671388573
2019,BUF,1.5454375147918293,0.20549640005852446,1.6250269349816855,2.6596721867144026,1517.2282793386319
2019,CAR,-5.636230133712064,-0.47256044036071865,-4.712508592234803,2.7168059507058757,1444.8030352215674
2019,CHI,-0.7638115955064717,-0.0078155923137807,-0.5860029960280191,2.715933161921917,1501.708103293078
2019,CIN,-7.565823052360384,-1.0124721859567374,-5.931559460070517,2.717191788295699,1404.4875424927889
2019,CLE,-2.425940366171001,-0.2996204999733291,-2.055275047758703,2.7175404700953365,1464.163789417643
2019,DAL,4.916881740569311,0.0790802863416349,4.279406534813678,2.7175052887656177,1496.808523351957
2019,DEN,-1.602044551597385,-0.09157401199340509,-1.3212782388435753,2.7165909921050884,1492.040272348122
2019,DET,-5.094121901929734,-0.8703014421463888,-3.839324953782303,2.715280166064541,1419.5975136820766
2019,GB,3.1559910460138783,0.7878820308480148,2.4728796500219254,2.6080442790196767,1581.718655180992
2019,HOU,0.8395116636644478,0.3129720921748212,0.2865322004050949,2.61134035357902,1535.5661518751333
2019,IND,-1.2831416569443068,-0.1820131964814306,-1.0345120102562089,2.716246279570664,1477.019406960231
2019,JAX,-5.600932195376628,-0.4278951899843077,-4.379828087237527,2.7165121463821786,1464.7595101861423
2019,KC,10.666717719727961,1.0874835915951968,8.237018928638092,2.5667502459428975,1594.7608804066535
2019,LAC,-1.0152209631756333,-0.39709614069121,-0.7625328892065235,2.7166206125666443,1448.5699086838415
2019,LAR,4.238563238888942,0.34416910755623725,2.8069628259777293,2.7147908193935333,1516.955041235483
2019,MIA,-10.093691309224454,-0.7479850661090044,-7.4179988872458935,2.7175469518706037,1454.751889728434
2019,MIN,5.284649363590578,0.4523774242702974,4.154181108803255,2.604922356998167,1534.9853565035637
2019,NE,8.180937987995312,0.6361351615760873,6.77888394221825,2.659907324033889,1543.3809269249166
2019,NO,7.084070326032623,0.8009356810738272,5.195982058204476,2.658560613191329,1568.520725013918
2019,NYG,-8.085491156977811,-0.901192933573549,-5.784673269734433,2.717273303771378,1432.0206792418971
2019,NYJ,-6.666338179668264,-0.42246731463312853,-4.635735977050745,2.7175448041129218,1490.6642358692227
2019,OAK,-6.005074092731819,-0.26344890084914235,-4.636948408360933,2.7166036280989183,1478.892464267178
2019,PHI,-0.24754802516267538,0.03211927279937202,0.24050023925534064,2.663675744290098,1506.8792208265377
2019,PIT,-0.32111359079271207,-0.028145177835733493,-0.3326499223166492,2.716964070891187,1499.022949461549
2019,SEA,2.4591869577223373,0.49525671561273577,1.4801127950576787,2.608108022176236,1547.8130770860337
2019,SF,10.63548987003803,1.09522848361647,8.086776615369676,2.5562166467155967,1588.0869247170974
2019,TB,0.7874587170843177,-0.05938584882879962,0.39672638434329166,2.716572590687635,1486.1530626704582
2019,TEN,5.416799974668381,0.41283531579875565,4.034977145318356,2.5613435472987267,1538.8731396779813
2019,WSH,-10.767750138797119,-1.1337326358692892,-7.962353788671024,2.717559011364974,1418.7723887036132
2020,ARI,2.2574678230500047,-0.02276980511321431,1.7334951791099888,2.655886274438129,1495.1474923935557
2020,ATL,0.47993253347134335,-0.41293121220208,-0.1834297319644658,2.6554690011935884,1440.5428667997935
2020,BAL,6.819999669686584,0.6035290311519594,5.80822570033814,2.5532328113675944,1553.353432669374
2020,BUF,7.125711525763662,1.0062398320117452,5.561915795535821,2.5017646778406477,1592.1135348440464
2020,CAR,-0.7574930189920264,-0.3613293875292868,-1.1812431495563491,2.6560291069497093,1451.0129539401069
2020,CHI,0.280974853243717,-0.13457402004559185,-0.011797667147469746,2.6059987319286413,1488.7481170574006
2020,CIN,-7.161575069025459,-0.6268654940302496,-5.146641423849676,2.655281960432035,1446.386304512826
2020,CLE,-1.1948804535842406,0.36635367872363533,-0.49376015854506305,2.5577069768830953,1550.144795254771
2020,DAL,-5.3850658682417905,-0.546155438328359,-3.9679166842699645,2.6558591485333563,1466.3731363350325
2020,DEN,-5.810687772310035,-0.4374777187420525,-4.848752507334657,2.6550213323243224,1452.350921721743
2020,DET,-6.78062560014646,-0.6989728445492281,-5.463302771143693,2.655658875340224,1445.2102750636009
2020,GB,8.346842289067895,0.9040362736198831,6.443609329308403,2.551607517251263,1574.956113568882
2020,HOU,-5.437646635006174,-0.7176783064490716,-3.914578967916829,2.655463093851297,1434.6364667888954
2020,IND,2.987706753882283,0.38292926670736266,2.795508886595058,2.5985061562273812,1543.2738192980146
2020,JAX,-11.563823146089344,-1.3424114153053301,-8.679945308264944,2.655381196795679,1384.7157381614209
2020,KC,6.579540451845845,1.0904921289244773,4.967895820131152,2.506987373602034,1602.420618001829
2020,LAC,-1.7412061226625275,-0.1511870597096829,-1.4291566564825557,2.6551876121049034,1490.91523627186
2020,LAR,5.051975872634562,0.45349819449477763,3.748086488959396,2.5584762769593894,1534.2756372849794
2020,MIA,2.9364533111086892,0.3332250169948817,2.4160511415302173,2.6550365860222453,1534.7055385764272
2020,MIN,-2.2098667143497726,-0.23193398666902856,-1.848131684959841,2.6553648838487134,1483.6088428296066
2020,NE,-2.1131160639026856,-0.13621092786484948,-1.7403026518572733,2.6553487574153904,1484.251777131845
2020,NO,9.17911156113736,0.8204061129172114,6.740575421650568,2.564002028681967,1560.746571379925
2020,NYG,-4.616333582157623,-0.4794525750296315,-3.4810716137948066,2.655984084411436,1472.8409311932826
2020,NYJ,-11.034756438035041,-1.0701227222683134,-8.745743247781974,2.6556402687878027,1409.5475666481873
2020,OAK,-1.1568603162507045,0.07212360281682455,-1.161822559609793,2.655787113841847,1495.4219961347844
2020,PHI,-4.6486276442926755,-0.7088352896292186,-3.5659016191981885,2.6558850573030175,1442.144982973074
2020,PIT,3.46527092098029,0.5507009964358576,3.221111196335299,2.6113598690304918,1544.5624538358718
2020,SEA,4.060094020269233,0.5427042296110496,3.081417643287865,2.6118417728854793,1550.1061102792644
2020,SF,0.5126491886256896,-0.23781666223620024,0.13685404983953336,2.6578093629956157,1471.9660441687977
2020,TB,10.826272115392744,1.05681910009032,8.140615505621192,2.471759568945674,1593.3494684418054
2020,TEN,1.5586611702498088,0.37103459727271837,1.5618881387452341,2.6060556893551587,1535.9362985494774
2020,WSH,-0.8560996153630869,-0.23736719607131496,-0.49375189331047464,2.598863365055981,1474.233957889519
2021,ARI,4.562597701824454,0.3916176236028616,3.0451388179257277,2.652726360636883,1521.2059235655352
2021,ATL,-8.26453870318604,-0.5148732733557406,-5.737883983985972,2.69771723487977,1475.2282879260958
2021,BAL,0.23627245653375992,0.024292381766641807,-0.014862283983614052,2.6963552460019584,1482.6656061714036
2021,BUF,9.253685499401113,0.5702024907955359,7.150875369385536,2.608564352563735,1539.1156863553372
2021,CAR,-6.098237402419177,-0.6170925056450568,-4.225295369591676,2.69686108826651,1437.5384806002967
2021,CHI,-4.305493244969731,-0.45477456304871156,-3.3704241109463147,2.697180684147525,1460.6204035449803
2021,CIN,4.013675309363184,0.4643057968681736,3.016644687912715,2.5153530354272338,1546.09980127276
2021,CLE,-0.5544927973540584,-0.03849819347926963,-0.5291119971739303,2.696126221416157,1492.610908054246
2021,DAL,7.318895841700419,0.5831075305140325,5.476369806611027,2.642012952506294,1545.4625069753133
2021,DEN,-0.4499439203789335,-0.2233933968132418,-0.14195974874452041,2.694675843324192,1467.4722766231
2021,DET,-6.782586848835709,-0.834462133928503,-5.147014570105549,2.696919963541239,1429.2155524967297
2021,GB,5.0163686696300065,0.655036418490097,3.4498533775643248,2.6498082299904437,1558.1106785055808
2021,HOU,-8.787830115713966,-0.8303781394909828,-6.420079048737626,2.6949161174754344,1427.6046664057114
2021,IND,4.431294089066361,0.1871860521119951,3.2656018887076486,2.694879627995028,1508.5967937853143
2021,JAX,-10.397398560656361,-1.0813046232662156,-7.603569756995599,2.6948752273314063,1411.4233738767591
2021,KC,7.222477565177773,0.7983365265809155,5.209724572088258,2.5637946798852655,1566.819926348254
2021,LAC,0.9250676892543372,0.11331554637161112,0.6262995261238671,2.694619676150372,1502.9834037170567
2021,LAR,6.94031086415625,0.8280514990253914,4.924271413100068,2.5237734342586653,1592.0174433887453
2021,MIA,-2.637048162789851,-0.006345344698156591,-1.5782631874982964,2.6975771219686417,1512.395692603898
2021,MIN,0.6234851304449844,0.03275549654133048,0.22885828266704653,2.6971078496056915,1497.3851601568906
2021,NE,4.935249380453933,0.2156032144689807,3.814177316924657,2.654161093873031,1516.0618972608534
2021,NO,1.1435809420550151,0.12900102436417357,0.9997074366531612,2.6973036737389733,1510.7170313096021
2021,NYG,-8.704287928117946,-0.7888475890955792,-6.300270633518251,2.694733019222336,1427.0769093486508
2021,NYJ,-10.17433077835386,-0.9475728590644924,-7.30522119301812,2.6977781943636083,1422.6122607310251
2021,OAK,-2.6150422979453185,0.06537499774078046,-2.0600093168487583,2.647475073420958,1518.5873328999137
2021,PHI,1.1448411457684473,0.0035193656736579922,1.055628851873674,2.6489300126315447,1505.2132110076182
2021,PIT,-2.439639222988891,0.0520039495209298,-2.1563444141760293,2.650035946431937,1512.4824190435488
2021,SEA,2.419706214368405,-0.04006687438315987,1.5165520846379474,2.6944631131269285,1479.201015864114
2021,SF,5.027169061699648,0.4345158025197796,3.4396536635259234,2.5636963062901033,1548.0493992583185
2021,TB,7.81446722171926,0.7042420880869568,6.042968906557826,2.6033278804066686,1564.5439841342877
2021,TEN,3.165382027789182,0.45416863934386803,2.3043206604711273,2.6437421274931734,1541.7981806140758
2021,WSH,-3.983656826696761,-0.32902694811860356,-2.9763370474062985,2.694685455806511,1479.0837861539835
2022,ARI,-6.280247285114534,-0.7409978181855796,-4.014997653772985,2.1804588633633633,1420.9632408666735
2022,ATL,-2.2478639633667576,-0.2902776304156861,-1.2899338470079602,2.1809003276286294,1470.9086457825704
2022,BAL,3.1233447839482937,0.31923131520925546,1.665714886198995,2.148460559275734,1511.5765943266506
2022,BUF,8.599977883436512,0.9346651880819512,5.381030314921061,2.148226343502691,1580.265095152508
2022,CAR,-2.321524840571256,-0.2992418577178496,-1.3955385579152033,2.180924422352545,1480.3619042111065
2022,CHI,-6.459469209318016,-0.8425459843316354,-4.6403592543304635,2.181370185440098,1407.5725500644933
2022,CIN,8.014377293706415,0.979246287254273,5.00011350776302,2.114350916792314,1586.0209678535725
2022,CLE,-0.215393936461478,-0.11037996445419526,-0.47445463788358067,2.1801985139744806,1478.3490471340303
2022,DAL,6.198327726503943,0.6739233964159674,4.274704784247196,2.1062879566364052,1556.5698887988358
2022,DEN,-4.528500866294354,-0.7328349924575499,-2.6525793948259975,2.18025812676899,1443.2748417010723
2022,DET,1.9493405683571432,0.15647201846383907,1.0536597141082618,2.181037254816693,1516.1622855581402
2022,GB,0.25998268256755913,-0.07151001729341604,-0.00799505888096331,2.181034618826402,1497.4079048681808
2022,HOU,-8.199840675027035,-1.0223604549737715,-5.177488977858619,2.1808945481517323,1426.6998553894034
2022,IND,-7.887149738104049,-0.7246886288657217,-5.0224154051496175,2.180960466280417,1429.715049625933
2022,JAX,1.983870996921661,0.10241308714788062,1.6219501020051195,2.1120902457153767,1520.8219983481044
2022,KC,6.626305026444095,1.159489050253969,4.783607632193473,2.0746942357849676,1612.5815202264164
2022,LAC,-0.6396129798030303,0.014442231885965079,-0.012206466386496768,2.145429887885583,1514.1601261784465
2022,LAR,-4.905590007216645,-0.6625513238028007,-3.149907764512661,2.180743793843928,1437.4363224014612
2022,MIA,1.8773386678568622,0.0931135179525328,0.685440661442534,2.1487147921320444,1495.6903784007209
2022,MIN,-0.3249986756558833,0.4581099451607101,-0.3360615610962808,2.1469420843915614,1554.6937074444181
2022,NE,1.742064872071846,-0.047299170242893436,0.8257355602843841,2.180707190877132,1496.1527579386673
2022,NO,-1.1047866051420168,-0.2526224069424316,-0.6516970604080685,2.1807989685422737,1477.6760081282166
2022,NYG,-0.7048797160104489,0.16838819951312867,-0.6083194469505802,2.113316173722094,1518.541348447004
2022,NYJ,0.5165329086801191,-0.1989417480739148,-0.15865946057548025,2.1805863516438486,1470.244738450207
2022,OAK,-2.3637486811685604,-0.4178618190156276,-1.1621997687604673,2.1805073508856627,1461.727110853059
2022,PHI,8.437904840712687,1.001480589449384,5.940775135159292,2.0761940218625217,1586.75906568089
2022,PIT,-0.27346287280193715,0.11739939650120307,-0.59462864864899,2.1804067656676422,1518.9166337073789
2022,SEA,-1.2716231394569153,-0.07968104885169763,-0.620057532779197,2.1476983487822205,1495.7145815765834
2022,SF,7.071041879458828,0.725939975499375,5.289007779116776,2.076965511253053,1582.5642338635232
2022,TB,-2.82709943974433,-0.17840164638216569,-2.021172123310317,2.14438411513208,1478.6002795282395
2022,TEN,-3.0592163414674105,-0.23276937489286634,-1.9213121689016939,2.18093130002744,1467.9387047003183
2022,WSH,-0.7854011579413128,0.0006516881103688062,-0.6097552874843498,2.18034492429192,1503.9326127931743
2023,ARI,-6.191142003051155,-0.6884370483138075,-4.658912761521467,2.581497502991695,1435.1764771281082
2023,ATL,-4.507918149449511,-0.44156232579066845,-2.9090462380944286,2.581477238665942,1466.603331940707
2023,BAL,11.2252485622201,0.9901040654849518,7.927735152896798,2.4941954263001445,1570.337281289784
2023,BUF,6.3576055760377645,0.503596268191603,4.959090046520866,2.4917117993503695,1544.0033214774066
2023,CAR,-9.69170800916545,-1.2474795064598678,-7.0583650955770745,2.581852025425151,1394.4703947160688
2023,CHI,-1.060627387188737,-0.2597839950218755,-0.7398372222182075,2.5804838180871896,1482.2893490288734
2023,CIN,1.1809157029386976,0.20364759435703486,0.2588916853447058,2.5834484887193905,1514.0228115491325
2023,CLE,1.4253754042271933,0.28464400918323063,0.6945690924379807,2.538316858725123,1532.6103785659495
2023,DAL,6.196523024698976,0.42479805684066624,5.0616782037109385,2.5328083327268436,1545.8512292501362
2023,DEN,-1.8045178461330678,-0.08774126347131489,-1.376896744389627,2.5822347659762306,1493.247570942913
2023,DET,5.240142610459696,0.6518682456040638,3.643919726742108,2.4450126580880784,1561.501658836457
2023,GB,3.4824071605894127,0.24986023463676327,2.45266672801556,2.486518595641932,1517.4535598684206
2023,HOU,1.147000644833556,0.22564934796717162,0.7993068239399057,2.4976192163405404,1526.2836424252393
2023,IND,-1.5649835210989307,-0.029841218968161852,-1.1748400985936176,2.584420454873958,1502.4861489350394
2023,JAX,1.5121463117700416,0.13629063040213518,0.8260778467276588,2.5840085347078605,1499.97401689921
2023,KC,6.529992713844043,0.7969484689129569,4.675432707941368,2.408642063606537,1577.0243617201518
2023,LAC,-0.8371536990547398,-0.42375507532234125,-0.889171054801481,2.5826198524649575,1437.2956142816204
2023,LAR,2.4823671591460483,0.23447251080290418,1.6516864828317563,2.5327318180373446,1525.9642628518945
2023,MIA,2.6759746968709277,0.29905197849354154,2.2427194033036417,2.538407171482479,1524.1998382268723
2023,MIN,0.15493966300822193,-0.1312029893781412,-0.11017871788512136,2.581265935983657,1474.4935496916073
2023,NE,-7.065635335176384,-0.863759250479883,-4.940683940414005,2.58319719930905,1428.3765445381923
2023,NO,2.2263975780453715,0.013659993800068316,1.9724074834075627,2.5819368404716037,1507.7448914468682
2023,NYG,-7.570187694111905,-0.5275498340544611,-5.233341427472544,2.5829325941500687,1466.1007332336587
2023,NYJ,-5.642740251005386,-0.35210996155301716,-3.8562148841172026,2.5830832803042307,1475.370024860236
2023,OAK,-0.7526758790041671,-0.12497992385029912,-0.5942788016314535,2.5824260624932047,1492.4937768117313
2023,PHI,-1.4173402239183985,0.2486275143235024,-0.7696356578832687,2.5366272086758337,1521.5326296748315
2023,PIT,-0.10549527767581252,0.20083519931127966,-0.5434502587511812,2.5324295128114036,1518.0130614930226
2023,SEA,-1.469959748717869,0.050399339865567785,-1.1476338926937475,2.5817750590314925,1509.3912616848138
2023,SF,9.76839195850191,0.8717492203943767,7.182876258373232,2.441014435281502,1562.1948281382636
2023,TB,2.1422128357222294,0.14916082848722337,1.6401262034526525,2.4928643917691993,1510.5008138174094
2023,TEN,-3.2675166607664528,-0.4096203276624404,-2.494633723483395,2.583491210355524,1459.971769607373
2023,WSH,-10.798039917396228,-0.9475407867327621,-7.492063326118913,2.582463189860753,1423.0208650680079
2024,ARI,1.7341134723090248,-0.05191523053815479,1.1605740125166795,2.6084382156559087,1488.5727694702075
2024,ATL,-1.9390354051090242,-0.15708246158083466,-1.495454491252853,2.6103505494256103,1483.4756936720953
2024,BAL,9.879678179760788,0.8825412494975318,7.672824310691164,2.5217629680994245,1562.1919847596334
2024,BUF,8.486318602263877,0.9095196407683207,6.8473112802309934,2.4656195634101605,1577.324857172776
2024,CAR,-9.740083005990012,-0.7894992730050333,-7.623921221288009,2.610162913680038,1448.735291729845
2024,CHI,-2.575017962554808,-0.5633795692750423,-2.206034112647116,2.6099858300957712,1445.7810418951626
2024,CIN,1.5814973222545778,0.12604857904047193,1.3502621405425164,2.6099526043032086,1517.793802037318
2024,CLE,-9.077554584754695,-1.0312557376871796,-7.213460582034321,2.6100051427906195,1415.6371957395916
2024,DAL,-5.09832111962895,-0.2949328603834451,-4.125865845803819,2.6077531574025503,1476.2602549406643
2024,DEN,4.460280601047074,0.31066995804635267,3.541404584051143,2.554585962078098,1521.9419151752759
2024,DET,10.227135327434356,1.0908685551631772,7.811623735658504,2.556679019198282,1595.875737767579
2024,GB,6.985399728678706,0.5475971448181386,5.247476931017939,2.560159681415221,1530.6379748507666
2024,HOU,0.43176931287182074,0.2222341863180586,0.44118827838505553,2.508013359965493,1522.7722943327867
2024,IND,-3.742458668147029,-0.2992891476348715,-2.703943380506548,2.6077148975990445,1490.5230980250847
2024,JAX,-5.971312823174022,-0.8640726001404415,-4.425298118042327,2.607668131835021,1426.891952587406
2024,KC,4.251141260560605,1.068380051881997,3.23718756429204,2.4653711582518687,1606.8796610429133
2024,LAC,3.5673121947386526,0.33455718202984286,2.946459079574825,2.5542982389537943,1531.9347453476407
2024,LAR,1.3490455427682202,0.2847759209718092,0.7718385052200314,2.5144114609305594,1532.6313343584904
2024,MIA,-2.807248233737368,-0.2561101775334008,-1.8535997933326727,2.6092334717227947,1491.2302410217887
2024,MIN,4.68174420434806,0.7299272979285295,3.5805561693488506,2.562800143828843,1577.6688884195546
2024,NE,-7.772434421309482,-0.8862514800597379,-5.882245866061806,2.60940181729292,1428.6700363407654
2024,NO,-4.1126323170973835,-0.5766939373848937,-3.1570536138101413,2.6108309864060275,1436.465488578472
2024,NYG,-7.677375625323714,-0.8862882762488327,-6.09361328584935,2.607794310206977,1408.4309887040813
2024,NYJ,-4.327044432566178,-0.5641372289156421,-3.2311236058581976,2.6096220041929867,1445.5150142268214
2024,OAK,-6.590250791338537,-0.8495352663686836,-5.1987098739734625,2.6066361845160255,1428.0387231683635
2024,PHI,9.996657941470232,1.3571725514464494,8.072337195357916,2.430731654478709,1621.8210360691203
2024,PIT,1.8941765351665705,0.2477241149504191,1.3938641494864927,2.5684042136368648,1512.108933062654
2024,SEA,0.9793112749563706,0.1977937963364852,0.5833369243757384,2.608651660573283,1527.7075594504975
2024,SF,-1.3330069866721193,-0.2806650181474909,-1.3529399374531563,2.60853549712856,1455.8387245279387
2024,TB,5.757002458741148,0.36379922587274655,4.517754703576819,2.5641981311007824,1510.840648696471
2024,TEN,-7.856689713532851,-0.9915293298054872,-6.052287132427146,2.6081060733426864,1408.3266967892046
2024,WSH,4.357882131566064,0.6690281396388414,3.4395512960142156,2.4726038637519343,1571.4754160390296
2025,ARI,-4.412577865251988,-0.7534129356355765,-4.177514263629384,2.61238814082953,1409.5431038937443
2025,ATL,-2.5980108898120022,-0.11376886354074921,-2.1051475286866292,2.6132889176948226,1497.5748594823403
2025,BAL,1.4591791326114754,0.016264061794121994,1.312190294122913,2.6118653323182897,1491.0436936001327
2025,BUF,4.926532242610541,0.6195480301061186,4.211248107635791,2.507550864416534,1556.4338018817366
2025,CAR,-2.788837616031964,-0.17391598647670645,-2.428488859909676,2.566224821505386,1481.044736454713
2025,CHI,0.8892786791662535,0.27962280669501177,0.8973800101108559,2.521207133962733,1536.834217289961
2025,CIN,-4.574562217686455,-0.4166315034035447,-3.3435031319857567,2.611881241157449,1456.0390822407717
2025,CLE,-7.163394828776346,-0.6526421101934374,-5.245444783540678,2.610830182343839,1446.918325712241
2025,DAL,-4.180793484796185,-0.3997865371176205,-2.837998508688379,2.613231533077783,1479.7868146528842
2025,DEN,3.302248245818025,0.7966782960975596,2.841503084082071,2.5131060658133584,1585.1527904098646
2025,DET,3.5267534641512173,0.13088018718633324,2.9159837814973946,2.6140731780697695,1508.0667686018664
2025,GB,0.7957547226378927,0.12934663536561283,0.8852969859045315,2.5715396938418653,1505.5779276098558
2025,HOU,8.391750592484419,0.8189542160349279,6.119257237288809,2.5097770939116133,1567.7990983284612
2025,IND,4.570667090283477,0.06159305787308728,3.0549342763381486,2.6114478796279403,1484.552265429216
2025,JAX,7.972904395469685,0.7718461585412504,5.901998878813773,2.5587973944990887,1563.9627079299548
2025,KC,1.5365091902488492,-0.31072111110836126,1.2221604082834558,2.613356021078304,1452.2556413973944
2025,LAC,0.5057513622575267,0.222846003951087,0.5160985895837421,2.559166622443527,1531.5526059041088
2025,LAR,11.575400648963164,0.9608393818397004,8.606833149126732,2.4799451223065283,1566.4727047755837
2025,MIA,-5.938818578404402,-0.3668536304281032,-4.249473909438381,2.6090454333335904,1476.0233821562128
2025,MIN,-0.250596875666234,0.04468316725629398,-0.06337810320953287,2.6134852683938914,1512.6673760563517
2025,NE,6.1799211119926465,0.9209138770790618,5.42683405253043,2.4184715415921763,1602.3057666695242
2025,NO,-4.443008694563218,-0.46065492889631965,-3.491368667937692,2.613727230487454,1467.696168922776
2025,NYG,-3.7541536607574075,-0.7450859043882706,-2.7090447001060194,2.6138752163925676,1431.1444322661043
2025,NYJ,-11.951439671979072,-1.083252886726416,-9.072862087613045,2.6097617313884585,1414.8275057537016
2025,OAK,-9.929362308520332,-1.101453326925957,-7.774658606767633,2.612830170452671,1408.4126488545917
2025,PHI,2.2703761945178598,0.24902602605785784,1.9287625094370782,2.5598630895870187,1525.486139777426
2025,PIT,-0.6219923892543313,0.12767814245715722,-0.4156335364413719,2.558603279471937,1514.16407202592
2025,SEA,13.87124008196605,1.4034853767388278,10.506072624361018,2.4818621269571866,1622.8067119812022
2025,SF,5.216389086044054,0.6569764018907018,3.4707451856909635,2.521293535578024,1562.0800451422465
2025,TB,-0.8734756290202423,-0.0518906814551356,-0.877687283774549,2.6138973185589087,1483.5475347726708
2025,TEN,-7.767373012571893,-0.9746719387266287,-6.753738453177192,2.6120847363754343,1415.3293730123623
2025,WSH,-5.742258518131078,-0.6064394819418846,-4.271356749901724,2.613007829603253,1442.897697014079
