season,franchise,bayes_rating,bayes_rating_z,bayes_rating_se,bayes_rating_display,avg_margin,dominance_z,points_for_per_game,points_against_per_game,offense_z,defense_z,schedule_difficulty,elite_opponents_played,record_vs_elite_win_pct,playoff_games,playoff_avg_margin,wins,losses,ties,win_pct,conference,division,division_title,conference_best_record,playoff_wins,reached_super_bowl,won_super_bowl,acc,csi,csi_se
1970,ARI,3.6851194162537095,0.7926688673329321,3.0642797640150787,57.92668867332932,6.928571428571429,0.9872294152707377,23.214285714285715,16.285714285714285,1.0112698678276426,0.8240070389203188,0.011223854180918496,4.0,0.5,,,8,5,1,0.6071428571428571,NFC,East,False,False,0,False,False,6.071428571428571,-3.7129897839446806,1.4727304639126562
1970,ATL,-2.2797673651221126,-0.4903777628272966,3.0527135906976928,45.09622237172704,-3.9285714285714284,-0.5597692560813461,14.714285714285714,18.642857142857142,-1.1615558065186955,0.1705892575953343,0.1610246951008261,4.0,0.125,,,4,8,2,0.35714285714285715,NFC,West,False,False,0,False,False,3.5714285714285716,-3.7129897839446806,1.4727304639126562
1970,BUF,-7.742676574722484,-1.665449060766056,3.0634812671391622,33.34550939233944,-9.5,-1.3536238374330734,14.571428571428571,24.071428571428573,-1.198073885079138,-1.3342516933349333,-0.23672211489465914,1.0,0.0,,,3,10,1,0.25,AFC,East,False,False,0,False,False,2.5,-3.7129897839446806,1.4727304639126562
1970,CHI,0.6412032787895242,0.1379227697443122,3.051843576868801,51.37922769744312,-0.35714285714285715,-0.05088811418921329,18.285714285714285,18.642857142857142,-0.2486038425076293,0.1705892575953343,0.26056235459148913,4.0,0.0,,,6,8,0,0.42857142857142855,NFC,Central,False,False,0,False,False,4.285714285714286,-3.7129897839446806,1.4727304639126562
1970,CIN,0.4926667791738413,0.105972581539107,2.9812494670681287,51.05972581539107,4.071428571428571,0.5801245017570313,22.285714285714285,18.214285714285715,0.773902357184765,0.28939249056351285,-0.4801208481874495,1.0,0.0,1.0,-17.0,8,6,0,0.5714285714285714,AFC,Central,True,False,0,False,False,7.7142857142857135,-3.7129897839446806,1.4727304639126562
1970,CLE,0.9335036437935428,0.2007965529456939,3.0536759496295725,52.00796552945694,1.5,0.21373007959469578,20.428571428571427,18.928571428571427,0.29916733589901034,0.09138710228321525,-0.05514834836793742,2.0,0.0,,,7,7,0,0.5,AFC,Central,False,False,0,False,False,5.0,-3.7129897839446806,1.4727304639126562
1970,DAL,5.153884341382847,1.1086000755443668,2.863666694021416,61.08600075544366,5.571428571428571,0.7938545813517272,21.357142857142858,15.785714285714286,0.5365348465418881,0.9626108107165272,0.09932728632424623,1.0,0.0,3.0,3.0,10,4,0,0.7142857142857143,NFC,East,True,False,2,True,False,17.142857142857142,-3.7129897839446806,1.4727304639126562
1970,DEN,-1.4287397307126126,-0.3073217923583169,3.050973128306412,46.92678207641683,-0.7857142857142857,-0.11195385121626922,18.071428571428573,18.857142857142858,-0.30338096034829265,0.11118764111124453,-0.24040755862227375,,,,,5,8,1,0.39285714285714285,AFC,West,False,False,0,False,False,3.9285714285714284,-3.7129897839446806,1.4727304639126562
1970,DET,7.849071298750855,1.6883345566915866,2.9820344999805246,66.88334556691586,10.357142857142858,1.4757553114871853,24.785714285714285,14.428571428571429,1.4129687319925113,1.338821048449094,0.4011532006114189,3.0,0.3333333333333333,1.0,-5.0,10,4,0,0.7142857142857143,NFC,Central,False,False,0,False,False,7.142857142857143,-3.7129897839446806,1.4727304639126562
1970,GB,-2.223950380476206,-0.4783715342632874,3.053178714379423,45.216284657367126,-6.928571428571429,-0.9872294152707377,14.0,20.928571428571427,-1.3441461993209085,-0.46302798490162,0.6686763588868089,6.0,0.16666666666666666,,,6,8,0,0.42857142857142855,NFC,Central,False,False,0,False,False,4.285714285714286,-3.7129897839446806,1.4727304639126562
1970,IND,2.953100452801332,0.635211651681586,2.8652786437342423,56.35211651681586,6.214285714285714,0.8854531868923111,22.928571428571427,16.714285714285715,0.9382337107067568,0.7052038059521393,-0.7478091301409115,,,3.0,10.0,11,2,1,0.8214285714285714,AFC,East,True,True,3,True,True,26.214285714285715,-3.7129897839446806,1.4727304639126562
1970,KC,1.534175162214361,0.3300009445444388,3.0515348763144865,53.30000944544439,2.0,0.2849734394595944,19.428571428571427,17.428571428571427,0.04354078597591178,0.5071984176718417,0.009428013142259353,2.0,0.0,,,7,5,2,0.5714285714285714,AFC,West,False,False,0,False,False,5.7142857142857135,-3.7129897839446806,1.4727304639126562
1970,LAC,0.0087686756250744,0.0018861413676531,3.051202147287361,50.01886141367653,0.2857142857142857,0.040710491351370615,20.142857142857142,19.857142857142858,0.2261311787781253,-0.1660199024811731,-0.05894439726210412,1.0,0.0,,,5,6,3,0.4642857142857143,AFC,West,False,False,0,False,False,4.642857142857143,-3.7129897839446806,1.4727304639126562
1970,LAR,6.547028986452898,1.4082653680632318,3.051421630100337,64.08265368063232,8.785714285714286,1.2518476090546469,23.214285714285715,14.428571428571429,1.0112698678276426,1.338821048449094,-0.013712776642414813,2.0,0.0,,,9,4,1,0.6785714285714286,NFC,West,False,False,0,False,False,6.7857142857142865,-3.7129897839446806,1.4727304639126562
1970,MIA,0.5296888803983301,0.1139360323066629,2.9969121927256555,51.13936032306663,4.928571428571429,0.7022559758111433,21.214285714285715,16.285714285714285,0.5000167679814456,0.8240070389203188,-0.7910410407010376,,,1.0,-7.0,10,4,0,0.7142857142857143,AFC,East,False,False,0,False,False,7.142857142857143,-3.7129897839446806,1.4727304639126562
1970,MIN,9.219801773906672,1.9831785632027965,2.9830148330973025,69.83178563202796,13.714285714285714,1.95410358486579,23.928571428571427,10.214285714285714,1.1938602606298554,2.507052839302854,0.07428970184999106,4.0,1.0,1.0,-3.0,12,2,0,0.8571428571428571,NFC,Central,True,True,0,False,False,11.571428571428571,-3.7129897839446806,1.4727304639126562
1970,NE,-10.147012004289683,-2.1826214034688465,3.064555929374745,28.17378596531153,-15.142857142857142,-2.1576560416226434,10.642857142857142,25.785714285714285,-2.202321045491311,-1.8094646252076485,0.042249588961030836,1.0,0.0,,,2,12,0,0.14285714285714285,AFC,East,False,False,0,False,False,1.4285714285714284,-3.7129897839446806,1.4727304639126562
1970,NO,-7.271333325427903,-1.5640631686575226,3.051804059132506,34.359368313424774,-12.5,-1.781083996622465,12.285714285714286,24.785714285714285,-1.7823631420462203,-1.532257081615231,0.605101207606986,4.0,0.25,,,2,11,1,0.17857142857142858,NFC,West,False,False,0,False,False,1.7857142857142858,-3.7129897839446806,1.4727304639126562
1970,NYG,1.2225910237260509,0.2629792233364137,3.06508876982216,52.629792233364135,2.2142857142857144,0.3155063079731224,21.5,19.285714285714285,0.5730529251023306,-0.00761559185693403,-0.12595128056598273,3.0,0.3333333333333333,,,9,5,0,0.6428571428571429,NFC,East,False,False,0,False,False,6.428571428571429,-3.7129897839446806,1.4727304639126562
1970,NYJ,-2.446745109372928,-0.5262946611566477,3.0649678547531134,44.73705338843352,-2.2142857142857144,-0.3155063079731224,18.214285714285715,20.428571428571427,-0.2668628817878501,-0.3244242131054112,-0.22483800979857316,2.0,1.0,,,4,10,0,0.2857142857142857,AFC,East,False,False,0,False,False,2.8571428571428568,-3.7129897839446806,1.4727304639126562
1970,OAK,0.917177093264409,0.197284713340632,2.9216856597067427,51.97284713340632,0.5,0.07124335986489859,21.428571428571427,20.928571428571427,0.5547938858221089,-0.46302798490162,0.129946067749044,1.0,0.0,2.0,-1.5,8,4,2,0.6428571428571429,AFC,West,True,False,1,False,False,10.428571428571429,-3.7129897839446806,1.4727304639126562
1970,PHI,-3.940413851423218,-0.8475826782313418,3.0630171265863946,41.52417321768658,-6.5,-0.9261636782436817,17.214285714285715,23.714285714285715,-0.5224894317109486,-1.2352489991947841,0.268998299322841,2.0,0.0,,,3,10,1,0.25,NFC,East,False,False,0,False,False,2.5,-3.7129897839446806,1.4727304639126562
1970,PIT,-4.660118089754422,-1.002390997575485,3.051073578012997,39.97609002424515,-4.428571428571429,-0.6310126159462448,15.0,19.428571428571427,-1.08851964939781,-0.04721666951299355,-0.38280172290555703,,,,,5,9,0,0.35714285714285715,AFC,Central,False,False,0,False,False,3.5714285714285716,-3.7129897839446806,1.4727304639126562
1970,SF,4.318855514157018,0.92898544711522,2.917813069450663,59.2898544711522,6.071428571428571,0.8650979412166258,25.142857142857142,19.071428571428573,1.504263928393618,0.05178602462715476,-0.048946877871027764,3.0,0.3333333333333333,2.0,-2.0,10,3,1,0.75,NFC,West,True,False,1,False,False,11.5,-3.7129897839446806,1.4727304639126562
1970,TEN,-5.078222774059187,-1.0923252789647624,3.053275891321337,39.07674721035238,-9.642857142857142,-1.3739790831087586,15.5,25.142857142857142,-0.9607063744362607,-1.6312597757553802,0.1580516886680839,1.0,0.0,,,3,10,1,0.25,AFC,Central,False,False,0,False,False,2.5,-3.7129897839446806,1.4727304639126562
1970,WSH,1.2123428846702806,0.2607748495129282,3.0625754092676525,52.607748495129286,-1.2142857142857142,-0.17301958824332514,21.214285714285715,22.428571428571427,0.5000167679814456,-0.8788393002902464,0.5164117889639833,4.0,0.25,,,6,8,0,0.42857142857142855,NFC,East,False,False,0,False,False,4.285714285714286,-3.7129897839446806,1.4727304639126562
1971,ARI,-2.434471608494706,-0.6344966327673742,2.817048039522567,43.655033672326255,-3.4285714285714284,-0.4946654299165564,16.5,19.928571428571427,-0.7748104958743564,-0.12532073713290742,-0.0666185821358264,2.0,0.0,,,4,9,1,0.32142857142857145,NFC,East,False,False,0,False,False,3.2142857142857144,-1.2569684320629742,1.3291707710115157
1971,ATL,0.2736525168078795,0.0713220888906875,2.8077071414838746,50.71322088890688,-0.21428571428571427,-0.030916589369784774,19.571428571428573,19.785714285714285,0.056512089910221525,-0.09368637630324136,0.1637837063440885,1.0,0.0,,,7,6,1,0.5357142857142857,NFC,West,False,False,0,False,False,5.357142857142857,-1.2569684320629742,1.3291707710115157
1971,BUF,-8.065620164309367,-2.102143568886913,2.8183296694458027,28.978564311130874,-15.0,-2.164161255884934,13.142857142857142,28.142857142857142,-1.68346541522029,-1.9442964848387119,0.3372538751577237,6.0,0.0,,,1,13,0,0.07142857142857142,AFC,East,False,False,0,False,False,0.7142857142857142,-1.2569684320629742,1.3291707710115157
1971,CHI,-2.897015556173318,-0.7550495183647853,2.8090039102503472,42.44950481635215,-6.5,-0.9378032108834715,13.214285714285714,19.714285714285715,-1.664132331829951,-0.07786919588840874,0.4956017026502524,4.0,0.5,,,6,8,0,0.42857142857142855,NFC,Central,False,False,0,False,False,4.285714285714286,-1.2569684320629742,1.3291707710115157
1971,CIN,-0.0592953389002913,-0.0154541514223286,2.80780453464996,49.84545848577671,1.3571428571428572,0.19580506600863692,20.285714285714285,18.928571428571427,0.24984292381361095,0.09611978867475572,-0.3212503442522313,1.0,0.0,,,4,10,0,0.2857142857142857,AFC,Central,False,False,0,False,False,2.8571428571428568,-1.2569684320629742,1.3291707710115157
1971,CLE,-0.4251471724404829,-0.1108061594979348,2.754626129930967,48.89193840502065,0.8571428571428571,0.1236663574791391,20.357142857142858,19.5,0.26917600720395035,-0.03041765464390927,-0.09883861842414192,1.0,1.0,1.0,-17.0,9,5,0,0.6428571428571429,AFC,Central,True,False,0,False,False,8.428571428571429,-1.2569684320629742,1.3291707710115157
1971,DAL,7.676277106012288,2.000669040032743,2.648886415985688,70.00669040032743,13.142857142857142,1.8962174813467996,29.0,15.857142857142858,2.6084790974349703,0.7762585465125778,-0.5615762931713785,,,3.0,13.333333333333334,11,3,0,0.7857142857142857,NFC,East,True,True,3,True,True,25.857142857142858,-1.2569684320629742,1.3291707710115157
1971,DEN,-3.0761643601839137,-0.8017410930425896,2.808745482364408,41.9825890695741,-5.142857142857143,-0.7419981448748347,14.5,19.642857142857142,-1.3161368308038486,-0.06205201547357532,0.12707859317699385,1.0,0.5,,,4,9,1,0.32142857142857145,AFC,West,False,False,0,False,False,3.2142857142857144,-1.2569684320629742,1.3291707710115157
1971,DET,2.532160158488081,0.6599572114877993,2.807267911023809,56.599572114878,3.9285714285714284,0.5668041384460542,24.357142857142858,20.428571428571427,1.3518286770629349,-0.23604100003673897,-0.025166029422919598,2.0,0.0,,,7,6,1,0.5357142857142857,NFC,Central,False,False,0,False,False,5.357142857142857,-1.2569684320629742,1.3291707710115157
1971,GB,-1.014984274508269,-0.2645354754765605,2.808572494650192,47.3546452452344,-1.7142857142857142,-0.2473327149582782,19.571428571428573,21.285714285714285,0.056512089910221525,-0.4258471650147361,0.04646302984204385,3.0,0.0,,,4,8,2,0.35714285714285715,NFC,Central,False,False,0,False,False,3.5714285714285716,-1.2569684320629742,1.3291707710115157
1971,IND,6.3553428588472665,1.6563937858014783,2.7154543278023766,66.56393785801478,12.357142857142858,1.782856653657589,22.357142857142858,10.0,0.8105023421334426,2.0732673405288904,-0.3015268495757722,3.0,0.3333333333333333,2.0,-2.0,10,4,0,0.7142857142857143,AFC,East,False,False,1,False,False,9.142857142857142,-1.2569684320629742,1.3291707710115157
1971,KC,3.647944769048828,0.95076429086557,2.7483502250103924,59.5076429086557,6.714285714285714,0.9687198002532563,21.571428571428573,14.857142857142858,0.5978384248397138,0.9976990723202409,-0.23474086293387245,,,1.0,-3.0,10,3,1,0.75,AFC,West,True,False,0,False,False,9.5,-1.2569684320629742,1.3291707710115157
1971,LAC,-1.7103480135544191,-0.4457682117441735,2.8080402499610506,45.542317882558265,-2.142857142857143,-0.30916589369784775,22.214285714285715,24.357142857142858,0.7718361753527647,-1.1059859228525588,-0.28365258506719637,1.0,1.0,,,6,8,0,0.42857142857142855,AFC,West,False,False,0,False,False,4.285714285714286,-1.2569684320629742,1.3291707710115157
1971,LAR,3.521619192211663,0.9178400403399546,2.8082823718362,59.17840040339955,3.7857142857142856,0.5461930788661977,22.357142857142858,18.571428571428573,0.8105023421334426,0.17520569074892045,0.4023306106315315,3.0,0.0,,,8,5,1,0.6071428571428571,NFC,West,False,False,0,False,False,6.071428571428571,-1.2569684320629742,1.3291707710115157
1971,MIA,5.024036845065283,1.309415336769605,2.657283536638212,63.09415336769605,10.071428571428571,1.4530797003798845,22.5,12.428571428571429,0.8491685089141205,1.5354832064245656,-0.3940087872008168,2.0,0.5,3.0,1.0,10,3,1,0.75,AFC,East,True,True,2,True,False,18.5,-1.2569684320629742,1.3291707710115157
1971,MIN,4.063635406668308,1.0591057925377,2.748192980682658,60.591057925377,7.571428571428571,1.0923861577323954,17.5,9.928571428571429,-0.5041473284096102,2.0890845209437234,-0.24273524838555835,1.0,1.0,1.0,-8.0,11,3,0,0.7857142857142857,NFC,Central,True,False,0,False,False,9.857142857142858,-1.2569684320629742,1.3291707710115157
1971,NE,-3.0321398650407447,-0.7902669834944827,2.8170643244749902,42.097330165055176,-6.214285714285714,-0.8965810917237585,17.0,23.214285714285715,-0.6394789121419833,-0.8529110362152297,0.2375249803710262,5.0,0.4,,,6,8,0,0.42857142857142855,AFC,East,False,False,0,False,False,4.285714285714286,-1.2569684320629742,1.3291707710115157
1971,NO,-2.66782902752954,-0.6953166054021913,2.809014278779151,43.046833945978086,-5.785714285714286,-0.8347479129841889,19.0,24.785714285714285,-0.09815257721249097,-1.200889005341557,0.4556827010349493,2.0,0.5,,,4,8,2,0.35714285714285715,NFC,West,False,False,0,False,False,3.5714285714285716,-1.2569684320629742,1.3291707710115157
1971,NYG,-5.483301488489692,-1.4291135368985777,2.815170714995259,35.70886463101422,-9.571428571428571,-1.3809409918503865,16.285714285714285,25.857142857142858,-0.8328097460453736,-1.4381467115640536,0.3318714357333838,4.0,0.0,,,4,10,0,0.2857142857142857,NFC,East,False,False,0,False,False,2.8571428571428568,-1.2569684320629742,1.3291707710115157
1971,NYJ,-2.9062868938027537,-0.7574659082239235,2.8181716084405,42.42534091776077,-6.214285714285714,-0.8965810917237585,15.142857142857142,21.357142857142858,-1.1421390802907976,-0.4416643454295695,0.2126983296892748,5.0,0.2,,,6,8,0,0.42857142857142855,AFC,East,False,False,0,False,False,4.285714285714286,-1.2569684320629742,1.3291707710115157
1971,OAK,2.4277228014660475,0.6327376903669193,2.807954533968828,56.32737690366919,4.714285714285714,0.6801649661352651,24.571428571428573,19.857142857142858,1.4098279272339522,-0.10950355671807478,-0.15944053901042252,1.0,0.0,,,8,4,2,0.6428571428571429,AFC,West,False,False,0,False,False,6.428571428571429,-1.2569684320629742,1.3291707710115157
1971,PHI,-2.722927798288365,-0.7096770047570692,2.8153035672611626,42.90322995242931,-5.785714285714286,-0.8347479129841889,15.785714285714286,21.571428571428573,-0.9681413297777463,-0.48911588667406897,0.3036355085318717,3.0,0.0,,,6,7,1,0.4642857142857143,NFC,East,False,False,0,False,False,4.642857142857143,-1.2569684320629742,1.3291707710115157
1971,PIT,-2.341315992686418,-0.6102174732374437,2.8081687225233587,43.89782526762557,-3.2857142857142856,-0.4740543703366999,17.571428571428573,20.857142857142858,-0.4848142450192708,-0.3309440825257379,-0.0671088932112444,2.0,0.0,,,6,8,0,0.42857142857142855,AFC,Central,False,False,0,False,False,4.285714285714286,-1.2569684320629742,1.3291707710115157
1971,SF,3.7419509769094814,0.9752651403060348,2.6935971962048177,59.75265140306035,6.0,0.8656645023539737,21.428571428571427,15.428571428571429,0.5591722580590349,0.8711616290015763,-0.027816978932833136,1.0,1.0,2.0,-3.5,9,5,0,0.6428571428571429,NFC,West,True,False,1,False,False,10.428571428571429,-1.2569684320629742,1.3291707710115157
1971,TEN,-4.009024281918322,-1.0448724884216885,2.8083435259803093,39.55127511578311,-5.642857142857143,-0.8141368534043325,17.928571428571427,23.571428571428573,-0.38814882806757656,-0.9319969382893952,-0.16639552506309596,,,,,4,9,1,0.32142857142857145,AFC,Central,False,False,0,False,False,3.2142857142857144,-1.2569684320629742,1.3291707710115157
1971,WSH,3.581529204795564,0.9334543942395428,2.755895957727033,59.33454394239543,6.142857142857143,0.8862755619338303,19.714285714285715,13.571428571428571,0.09517825669089941,1.2824083197872365,-0.1630483363758308,2.0,0.5,1.0,-4.0,9,4,1,0.6785714285714286,NFC,East,False,False,0,False,False,6.7857142857142865,-1.2569684320629742,1.3291707710115157
1972,ARI,-4.695566961796998,-0.8686092334709444,3.08382939886642,41.31390766529056,-7.857142857142857,-0.9393557571834124,13.785714285714286,21.642857142857142,-1.4151521469511497,-0.29894809007098133,0.3175817262513763,4.0,0.0,,,4,9,1,0.32142857142857145,NFC,East,False,False,0,False,False,3.2142857142857144,-0.6128013283117222,1.4874871370375686
1972,ATL,-0.814426457413973,-0.1506566399006431,3.06858659742165,48.49343360099357,-0.35714285714285715,-0.04269798896288239,19.214285714285715,19.571428571428573,-0.2272419335376099,0.1465200125249073,-0.2188550278190904,1.0,0.0,,,7,7,0,0.5,NFC,West,False,False,0,False,False,5.0,-0.6128013283117222,1.4874871370375686
1972,BUF,-5.085509675194273,-0.9407427679593896,3.084773662628099,40.592572320406106,-8.571428571428571,-1.0247517351091773,18.357142857142858,26.928571428571427,-0.41480670407659,-1.4356598001432497,0.2518744360087871,5.0,0.2,,,4,9,1,0.32142857142857145,AFC,East,False,False,0,False,False,3.2142857142857144,-0.6128013283117222,1.4874871370375686
1972,CHI,-1.6733406361274177,-0.3095428388324315,3.070467146689283,46.904571611675685,-3.5714285714285716,-0.4269798896288239,16.071428571428573,19.642857142857142,-0.9149794255138697,0.13115904346987706,0.26529199822368454,1.0,0.0,,,4,9,1,0.32142857142857145,NFC,Central,False,False,0,False,False,3.2142857142857144,-0.6128013283117222,1.4874871370375686
1972,CIN,2.5951289978666927,0.4800598155526126,3.068371199131155,54.80059815552613,5.0,0.5977718454803533,21.357142857142858,16.357142857142858,0.24166999280983986,0.837763620001287,-0.10034930270013964,3.0,0.3333333333333333,,,8,6,0,0.5714285714285714,AFC,Central,False,False,0,False,False,5.7142857142857135,-0.6128013283117222,1.4874871370375686
1972,CLE,0.7110692006158883,0.1315371026154831,2.9974873385613674,51.31537102615484,1.3571428571428572,0.16225235805895308,19.142857142857142,17.785714285714285,-0.24287233108252523,0.5305442389006743,-0.1494638162672263,2.0,0.5,1.0,-6.0,10,4,0,0.7142857142857143,AFC,Central,False,False,0,False,False,7.142857142857143,-0.6128013283117222,1.4874871370375686
1972,DAL,3.8407650026685,0.7104837332855707,2.963123312963111,57.10483733285571,5.642857142857143,0.6746282256135417,22.785714285714285,17.142857142857142,0.5542779437081394,0.66879296039595,0.07317147271524914,3.0,0.6666666666666666,2.0,-10.5,10,4,0,0.7142857142857143,NFC,East,False,False,1,False,False,9.142857142857142,-0.6128013283117222,1.4874871370375686
1972,DEN,-1.493775303374181,-0.276325954202795,3.069010527992704,47.23674045797205,-1.7857142857142858,-0.21348994481441194,23.214285714285715,25.0,0.6480603289776299,-1.0209136356574222,-0.02261147705211775,2.0,0.5,,,5,9,0,0.35714285714285715,AFC,West,False,False,0,False,False,3.5714285714285716,-0.6128013283117222,1.4874871370375686
1972,DET,3.016021027243664,0.5579185078011946,3.067897966229284,55.579185078011946,3.5,0.41844029183624737,24.214285714285715,20.714285714285715,0.8668858946064398,-0.09925549235558312,0.06516301344757515,,,,,8,5,1,0.6071428571428571,NFC,Central,False,False,0,False,False,6.071428571428571,-0.6128013283117222,1.4874871370375686
1972,GB,4.572862235313007,0.8459107054163616,3.003940349359398,58.45910705416362,5.571428571428571,0.6660886278209651,21.714285714285715,16.142857142857142,0.31982198053441496,0.8838465271663792,0.18030659983277206,2.0,0.0,1.0,-13.0,10,4,0,0.7142857142857143,NFC,Central,True,False,0,False,False,9.142857142857142,-0.6128013283117222,1.4874871370375686
1972,IND,-1.7065381531971733,-0.3156838799654204,3.083217051665061,46.8431612003458,-1.2142857142857142,-0.1451731624738001,16.785714285714285,18.0,-0.7586754500647203,0.48446133173558203,-0.13894807264376113,2.0,0.0,,,5,9,0,0.35714285714285715,AFC,East,False,False,0,False,False,3.5714285714285716,-0.6128013283117222,1.4874871370375686
1972,KC,2.010857634527188,0.3719784048990354,3.070169299153065,53.71978404899036,2.357142857142857,0.28180672715502375,20.5,18.142857142857142,0.0541052222708598,0.45373939362552085,0.03907941411230947,4.0,0.25,,,8,6,0,0.5714285714285714,AFC,West,False,False,0,False,False,5.7142857142857135,-0.6128013283117222,1.4874871370375686
1972,LAC,-2.6563091211862067,-0.4913772177859486,3.0688695862401043,45.08622782214052,-5.714285714285714,-0.6831678234061181,18.857142857142858,24.571428571428573,-0.305393921262185,-0.9287478213272387,0.389797820721889,4.0,0.125,,,4,9,1,0.32142857142857145,AFC,West,False,False,0,False,False,3.2142857142857144,-0.6128013283117222,1.4874871370375686
1972,LAR,-0.5233503877942538,-0.0968119468590683,3.0709413204544327,49.031880531409314,0.35714285714285715,0.04269798896288238,20.785714285714285,20.428571428571427,0.11662681245051956,-0.03781161613545994,-0.15008103134799433,1.0,0.0,,,6,7,1,0.4642857142857143,NFC,West,False,False,0,False,False,4.642857142857143,-0.6128013283117222,1.4874871370375686
1972,MIA,8.557324722203894,1.582976311058906,2.879846585493456,65.82976311058906,15.285714285714286,1.827473927611366,27.5,12.214285714285714,1.5858841816725293,1.7286998251930654,-0.5739680260884477,,,3.0,5.666666666666667,14,0,0,1.0,AFC,East,True,True,3,True,True,30.0,-0.6128013283117222,1.4874871370375686
1972,MIN,3.941798534586341,0.7291734164331054,3.0684062674589776,57.291734164331054,3.5,0.41844029183624737,21.5,18.0,0.27293078789966974,0.48446133173558203,0.3235407207945616,3.0,0.0,,,7,7,0,0.5,NFC,Central,False,False,0,False,False,5.0,-0.6128013283117222,1.4874871370375686
1972,NE,-11.91127302648552,-2.203406280301284,3.0836229839231764,27.965937196987163,-18.142857142857142,-2.169057839314425,13.714285714285714,31.857142857142858,-1.430782544496065,-2.4955666649403656,0.15863650055022332,4.0,0.25,,,3,11,0,0.21428571428571427,AFC,East,False,False,0,False,False,2.142857142857143,-0.6128013283117222,1.4874871370375686
1972,NO,-7.554246375580579,-1.3974219103101753,3.0698392722988896,36.02578089689825,-10.428571428571429,-1.2467812777161655,15.357142857142858,25.785714285714285,-1.0712834009630199,-1.1898842952627593,0.012117172093553582,,,,,2,11,1,0.17857142857142858,NFC,West,False,False,0,False,False,1.7857142857142858,-0.6128013283117222,1.4874871370375686
1972,NYG,3.38054825294643,0.6253505594944355,3.081145903439086,56.25350559494436,6.0,0.7173262145764241,23.642857142857142,17.642857142857142,0.7418427142471196,0.5612661770107354,0.005946361178340941,3.0,0.0,,,8,6,0,0.5714285714285714,NFC,East,False,False,0,False,False,5.7142857142857135,-0.6128013283117222,1.4874871370375686
1972,NYJ,0.6615446841484183,0.1223758122671999,3.084238910239772,51.223758122672,3.0714285714285716,0.3672027050807885,26.214285714285715,23.142857142857142,1.3045370258640596,-0.6215284402266251,-0.2797294945313708,4.0,0.0,,,7,7,0,0.5,AFC,East,False,False,0,False,False,5.0,-0.6128013283117222,1.4874871370375686
1972,OAK,5.768428590923941,1.0670724914498495,3.005477310911896,60.67072491449849,8.357142857142858,0.9991329417314478,26.071428571428573,17.714285714285715,1.2732762307742298,0.5459052079557044,-0.06824987528226804,1.0,0.0,1.0,-6.0,10,3,1,0.75,AFC,West,True,False,0,False,False,9.5,-0.6128013283117222,1.4874871370375686
1972,PHI,-9.969968770901897,-1.844294203933183,3.080430636292232,31.557057960668168,-14.785714285714286,-1.7676967430633308,10.357142857142858,25.142857142857142,-2.1654112291070695,-1.0516355737674834,0.02272365940705676,2.0,0.0,,,2,11,1,0.17857142857142858,NFC,East,False,False,0,False,False,1.7857142857142858,-0.6128013283117222,1.4874871370375686
1972,PIT,7.9025701294702015,1.461856563532541,2.937961164812461,64.61856563532541,12.0,1.4346524291528482,24.5,12.5,0.9294074847860996,1.6672559489729426,-0.2754672673495813,1.0,1.0,2.0,1.0,11,3,0,0.7857142857142857,AFC,Central,True,False,1,False,False,11.857142857142858,-0.6128013283117222,1.4874871370375686
1972,SF,3.945106446572218,0.729785330376154,3.0017719657017032,57.29785330376154,7.428571428571429,0.8881181704279536,25.214285714285715,17.785714285714285,1.0857114602352498,0.5305442389006743,-0.17401494886096355,,,1.0,-2.0,8,5,1,0.6071428571428571,NFC,West,True,False,0,False,False,8.071428571428571,-0.6128013283117222,1.4874871370375686
1972,TEN,-9.336727314345069,-1.727154062890162,3.069390571544741,32.72845937109838,-15.428571428571429,-1.844553123196519,11.714285714285714,27.142857142857142,-1.8684336757536848,-1.4817427073083418,0.3573277334122157,4.0,0.0,,,1,13,0,0.07142857142857142,AFC,Central,False,False,0,False,False,0.7142857142857142,-0.6128013283117222,1.4874871370375686
1972,WSH,6.5170067243111465,1.2055481822289948,2.8987605361387163,62.05548182228995,8.428571428571429,1.0076725395240242,24.0,15.571428571428571,0.8199947019716947,1.0067342796066243,-0.3108202888066352,,,3.0,9.666666666666666,11,3,0,0.7857142857142857,NFC,East,True,True,2,True,False,18.857142857142858,-0.6128013283117222,1.4874871370375686
1973,ARI,-3.0178661886219955,-0.520645860634027,3.194922140734977,44.79354139365973,-5.642857142857143,-0.6395910409592148,20.428571428571427,26.071428571428573,0.22633195886022184,-1.1767200435991356,0.2264295300434118,2.0,0.0,,,4,9,1,0.32142857142857145,NFC,East,False,False,0,False,False,3.2142857142857144,-0.7657198723195425,1.5423226380458108
1973,ATL,2.0112140306855206,0.3469770342612926,3.181330251969519,53.469770342612925,6.714285714285714,0.7610323778502049,22.714285714285715,16.0,0.756777563850941,0.6140046055641818,-0.11413676393716554,3.0,0.6666666666666666,,,9,5,0,0.6428571428571429,NFC,West,False,False,0,False,False,6.428571428571429,-0.7657198723195425,1.5423226380458108
1973,BUF,0.8678127826732165,0.1497160923859299,3.198390462035748,51.4971609238593,2.0714285714285716,0.23478658465591432,18.5,16.428571428571427,-0.22123152035069654,0.5378035566636153,-0.16734031437048294,2.0,0.0,,,9,5,0,0.6428571428571429,AFC,East,False,False,0,False,False,6.428571428571429,-0.7657198723195425,1.5423226380458108
1973,CHI,-6.18863135485177,-1.0676700345566934,3.179047198908788,39.323299654433065,-9.928571428571429,-1.1253563885231754,13.928571428571429,23.857142857142858,-1.2821227303321334,-0.7830146242795409,0.14827403980624848,4.0,0.0,,,3,11,0,0.21428571428571427,NFC,Central,False,False,0,False,False,2.142857142857143,-0.7657198723195425,1.5423226380458108
1973,CIN,2.247240381481108,0.3876965807427053,3.1057188472845194,53.876965807427055,3.9285714285714284,0.4452849019336305,20.428571428571427,16.5,0.22633195886022184,0.5251033818468539,-0.1220328510064077,2.0,0.5,1.0,-18.0,10,4,0,0.7142857142857143,AFC,Central,False,False,0,False,False,7.142857142857143,-0.7657198723195425,1.5423226380458108
1973,CLE,-0.9161943153511783,-0.1580629318895778,3.184365074900504,48.41937068110422,-1.5,-0.17001787164738624,16.714285714285715,18.214285714285715,-0.6356421492496951,0.22029918624458703,0.07048561389582995,3.0,0.0,,,7,5,2,0.5714285714285714,AFC,Central,False,False,0,False,False,5.7142857142857135,-0.7657198723195425,1.5423226380458108
1973,DAL,8.397467901838423,1.4487411401416872,3.0557436137245086,64.48741140141686,12.785714285714286,1.4491999535658158,27.285714285714285,14.5,1.8176687738323776,0.8807082767161651,-0.00022217539261386903,2.0,0.0,2.0,-3.0,10,4,0,0.7142857142857143,NFC,East,True,False,1,False,False,11.142857142857142,-0.7657198723195425,1.5423226380458108
1973,DEN,2.5168432914942764,0.4342087951153838,3.179244924636204,54.34208795115384,4.142857142857143,0.46957316931182863,25.285714285714285,21.142857142857142,1.3535288694654988,-0.3004079812426184,-0.16361734815272175,1.0,0.0,,,7,5,2,0.5714285714285714,AFC,West,False,False,0,False,False,5.7142857142857135,-0.7657198723195425,1.5423226380458108
1973,DET,0.9971228846155508,0.1720248248169002,3.1798246666673213,51.720248248169,1.7142857142857142,0.1943061390255842,19.357142857142858,17.642857142857142,-0.02231441847917699,0.3219005847786762,0.05814179666816144,3.0,0.0,,,6,7,1,0.4642857142857143,NFC,Central,False,False,0,False,False,4.642857142857143,-0.7657198723195425,1.5423226380458108
1973,GB,-3.2474360426264632,-0.5602515246175453,3.179148393090253,44.39748475382454,-4.071428571428571,-0.46147708018576256,14.428571428571429,18.5,-1.1660877542404138,0.16949848697754274,-0.08262117347296702,3.0,0.0,,,5,7,2,0.42857142857142855,NFC,Central,False,False,0,False,False,4.285714285714286,-0.7657198723195425,1.5423226380458108
1973,IND,-5.3741789540814615,-0.9271597386584748,3.1947208828378297,40.728402613415255,-8.214285714285714,-0.9310502494975911,16.142857142857142,24.357142857142858,-0.7682535504973751,-0.8719158479968687,0.043187052291251575,2.0,0.5,,,4,10,0,0.2857142857142857,AFC,East,False,False,0,False,False,2.8571428571428568,-0.7657198723195425,1.5423226380458108
1973,KC,1.433390647557049,0.2472902576448792,3.18254237097638,52.4729025764488,2.7857142857142856,0.31574747591657437,16.5,13.714285714285714,-0.6853714247175753,1.0204101997005375,-0.19137100804575935,1.0,0.0,,,7,5,2,0.5714285714285714,AFC,West,False,False,0,False,False,5.7142857142857135,-0.7657198723195425,1.5423226380458108
1973,LAC,-8.442292335182495,-1.4564743046417723,3.179755574501596,35.435256953582275,-14.142857142857142,-1.60302564696107,13.428571428571429,27.571428571428573,-1.398157706423853,-1.443423714751119,0.3079057203922148,,,,,2,11,1,0.17857142857142858,AFC,West,False,False,0,False,False,1.7857142857142858,-0.7657198723195425,1.5423226380458108
1973,LAR,9.658533206000568,1.6663016247902824,3.1135378101980984,66.66301624790282,15.0,1.700178716473862,27.714285714285715,12.714285714285714,1.9171273247681377,1.198212647135193,-0.2593284998364284,2.0,0.5,1.0,-11.0,12,2,0,0.8571428571428571,NFC,West,True,True,0,False,False,11.571428571428571,-0.7657198723195425,1.5423226380458108
1973,MIA,11.151227895811791,1.923823086268822,2.9877088518891988,69.23823086268823,13.785714285714286,1.56254520133074,24.5,10.714285714285714,1.1711881927499395,1.5538175420045044,-0.05476396953450874,1.0,1.0,3.0,17.333333333333332,12,2,0,0.8571428571428571,AFC,East,True,True,3,True,True,26.57142857142857,-0.7657198723195425,1.5423226380458108
1973,MIN,7.233149545107982,1.2478715538169485,2.9690068143850863,62.47871553816948,9.142857142857142,1.0362994081364492,21.142857142857142,12.0,0.3920962104198216,1.3252143953028042,-0.11839587155802746,1.0,1.0,3.0,2.3333333333333335,12,2,0,0.8571428571428571,NFC,Central,True,False,2,True,False,18.57142857142857,-0.7657198723195425,1.5423226380458108
1973,NE,-4.020439761847824,-0.6936110447263805,3.196333229246753,43.06388955273619,-3.0,-0.34003574329477243,18.428571428571427,21.428571428571427,-0.23780794550665685,-0.35120868050966264,-0.3135005426603765,2.0,0.0,,,5,9,0,0.35714285714285715,AFC,East,False,False,0,False,False,3.5714285714285716,-0.7657198723195425,1.5423226380458108
1973,NO,-4.993759549273538,-0.8615293309336893,3.18365390122316,41.38470669066311,-10.642857142857142,-1.2063172797838355,11.642857142857142,22.285714285714285,-1.812568335322852,-0.5036107783107961,0.15113339047707827,3.0,0.0,,,5,9,0,0.35714285714285715,NFC,West,False,False,0,False,False,3.5714285714285716,-0.7657198723195425,1.5423226380458108
1973,NYG,-5.482976194114038,-0.9459295677797692,3.1973102576255483,40.54070432220231,-9.714285714285714,-1.1010681211449773,16.142857142857142,25.857142857142858,-0.7682535504973751,-1.1386195191488522,0.22885372997443124,4.0,0.0,,,2,11,1,0.17857142857142858,NFC,East,False,False,0,False,False,1.7857142857142858,-0.7657198723195425,1.5423226380458108
1973,NYJ,-2.679087507833823,-0.4621993600938696,3.196731497392612,45.378006399061306,-4.714285714285714,-0.5343418823203566,17.142857142857142,21.857142857142858,-0.5361835983139358,-0.4274097294102297,0.12979625694407046,2.0,0.0,,,4,10,0,0.2857142857142857,AFC,East,False,False,0,False,False,2.8571428571428568,-0.7657198723195425,1.5423226380458108
1973,OAK,5.428462993631868,0.9365248856610048,3.050197760973781,59.36524885661005,8.357142857142858,0.9472424277497232,20.857142857142858,12.5,0.325790509795982,1.2363131715854763,-0.1550339389044252,2.0,0.5,2.0,1.0,9,4,1,0.6785714285714286,AFC,West,True,False,1,False,False,10.785714285714286,-0.7657198723195425,1.5423226380458108
1973,PHI,-3.990411445090824,-0.6884305238403706,3.196032821193308,43.115694761596295,-5.928571428571429,-0.6719753974634789,22.142857142857142,28.071428571428573,0.624166162603261,-1.5323249384684468,0.14902361368866837,3.0,0.3333333333333333,,,5,8,1,0.39285714285714285,NFC,East,False,False,0,False,False,3.9285714285714284,-0.7657198723195425,1.5423226380458108
1973,PIT,5.746601072399107,0.991410445015728,3.115022729041664,59.91410445015728,9.785714285714286,1.1091642102710435,24.785714285714285,15.0,1.2374938933737791,0.7918070529988374,-0.13109132146394673,1.0,0.0,1.0,-19.0,10,4,0,0.7142857142857143,AFC,Central,True,False,0,False,False,9.142857142857142,-0.7657198723195425,1.5423226380458108
1973,SF,-1.6857398103310608,-0.2908258350432748,3.1803021453630618,47.09174164956725,-4.071428571428571,-0.46147708018576256,18.714285714285715,22.785714285714285,-0.17150224488281646,-0.5925120020281239,0.481156476900293,4.0,0.0,,,5,9,0,0.35714285714285715,NFC,West,False,False,0,False,False,3.5714285714285716,-0.7657198723195425,1.5423226380458108
1973,TEN,-12.936565360828627,-2.231831627038584,3.1826892561086613,27.68168372961416,-17.714285714285715,-2.0078301032643706,14.214285714285714,31.928571428571427,-1.215817029708294,-2.2181343785735463,0.1494316689448531,1.0,0.0,,,1,13,0,0.07142857142857142,AFC,Central,False,False,0,False,False,0.7142857142857142,-0.7657198723195425,1.5423226380458108
1973,WSH,5.286512186738703,0.9120353637924644,3.1179891900925383,59.12035363792464,9.071428571428571,1.0282033190103832,23.214285714285715,14.142857142857142,0.8728125399426606,0.9442091507999708,-0.2703631116906816,2.0,0.5,1.0,-7.0,10,4,0,0.7142857142857143,NFC,East,False,False,0,False,False,7.142857142857143,-0.7657198723195425,1.5423226380458108
1974,ARI,3.0552550982605364,0.7560042123656333,2.6150861811480115,57.56004212365633,4.785714285714286,0.7787944176677425,20.357142857142858,15.571428571428571,0.5098966513438321,0.8374156653544829,0.06911595523997197,3.0,0.6666666666666666,1.0,-16.0,10,4,0,0.7142857142857143,NFC,East,False,False,0,False,False,7.142857142857143,0.7688858217256643,1.2781788616666454
1974,ATL,-8.161005672302661,-2.019391005652295,2.6590321172747555,29.80608994347705,-11.428571428571429,-1.8598075645796837,7.928571428571429,19.357142857142858,-2.4026948267868464,-0.3772777944965456,-0.071634196381516,3.0,0.0,,,3,11,0,0.21428571428571427,NFC,West,False,False,0,False,False,2.142857142857143,0.7688858217256643,1.2781788616666454
1974,BUF,0.4456018606910397,0.1102614586625465,2.611250445773188,51.10261458662546,1.4285714285714286,0.23247594557246046,18.857142857142858,17.428571428571427,0.15837699019012957,0.24152830769171474,-0.0349346640132261,3.0,0.3333333333333333,1.0,-18.0,9,5,0,0.6428571428571429,AFC,East,False,False,0,False,False,6.428571428571429,0.7688858217256643,1.2781788616666454
1974,CHI,-6.199901549229957,-1.5341277689508246,2.6587523774134163,34.658722310491754,-9.071428571428571,-1.4762222543851238,10.857142857142858,19.928571428571427,-1.7163945359629509,-0.5606277507004737,-0.21762426938558374,3.0,0.0,,,4,10,0,0.2857142857142857,NFC,Central,False,False,0,False,False,2.8571428571428568,0.7688858217256643,1.2781788616666454
1974,CIN,1.593693757702371,0.3943497859572393,2.658196675623678,53.9434978595724,1.7142857142857142,0.2789711346869525,20.214285714285715,18.5,0.476418588376813,-0.10225286019065223,0.11788125892437294,5.0,0.4,,,7,7,0,0.5,AFC,Central,False,False,0,False,False,5.0,0.7688858217256643,1.2781788616666454
1974,CLE,-3.48950103434972,-0.863455716848186,2.660910311984118,41.36544283151814,-6.642857142857143,-1.081013146911941,17.928571428571427,24.571428571428573,-0.05923041909549629,-2.050346144857396,0.45683351249467397,3.0,0.0,,,4,10,0,0.2857142857142857,AFC,Central,False,False,0,False,False,2.8571428571428568,0.7688858217256643,1.2781788616666454
1974,DAL,3.613715273551971,0.8941917716300454,2.6707280384974994,58.94191771630045,4.428571428571429,0.7206754312746274,21.214285714285715,16.785714285714285,0.710765029145948,0.44779700842113446,0.13332755417867279,4.0,0.25,,,8,6,0,0.5714285714285714,NFC,East,False,False,0,False,False,5.7142857142857135,0.7688858217256643,1.2781788616666454
1974,DEN,0.4548543766411695,0.1125509372194306,2.656944243256595,51.12550937219431,0.5714285714285714,0.09299037822898418,21.571428571428573,21.0,0.7944601865634964,-0.9044089185828407,0.013315315703027622,4.0,0.375,,,7,6,1,0.5357142857142857,AFC,West,False,False,0,False,False,5.357142857142857,0.7688858217256643,1.2781788616666454
1974,DET,-0.8790806896596683,-0.2175231471736586,2.6585446015535514,47.82476852826341,-1.0,-0.16273316190072232,18.285714285714285,19.285714285714285,0.024464738322052055,-0.354359049971054,-0.05156208698507371,3.0,0.3333333333333333,,,7,7,0,0.5,NFC,Central,False,False,0,False,False,5.0,0.7688858217256643,1.2781788616666454
1974,GB,-0.7472681234917908,-0.1849069327952344,2.65951267840592,48.15093067204766,0.2857142857142857,0.04649518911449209,15.0,14.714285714285714,-0.7455307099193914,1.1124405996603763,-0.2188228040179578,3.0,0.3333333333333333,,,6,8,0,0.42857142857142855,NFC,Central,False,False,0,False,False,4.285714285714286,0.7688858217256643,1.2781788616666454
1974,IND,-5.827638038798817,-1.4420134371046265,2.6697086515030253,35.57986562895374,-9.928571428571429,-1.6157078217286,13.571428571428571,23.5,-1.0803113395895845,-1.706564976975029,0.2448122345487291,3.0,0.0,,,2,12,0,0.14285714285714285,AFC,East,False,False,0,False,False,1.4285714285714284,0.7688858217256643,1.2781788616666454
1974,KC,-2.133923985862677,-0.5280264561537699,2.6595453914130043,44.7197354384623,-4.285714285714286,-0.6974278367173813,16.642857142857142,20.928571428571427,-0.36053298579866966,-0.8814901740573491,0.33465190675182976,5.0,0.0,,,5,9,0,0.35714285714285715,AFC,West,False,False,0,False,False,3.5714285714285716,0.7688858217256643,1.2781788616666454
1974,LAC,-3.3261174225863006,-0.8230274400751664,2.658843967904929,41.76972559924833,-5.214285714285714,-0.8485372013394806,15.142857142857142,20.357142857142858,-0.7120526469523722,-0.698140217853421,0.05286731640000574,3.0,0.0,,,5,9,0,0.35714285714285715,AFC,West,False,False,0,False,False,3.5714285714285716,0.7688858217256643,1.2781788616666454
1974,LAR,3.707598988554664,0.9174227234595604,2.551449044469683,59.174227234595605,5.857142857142857,0.9531513768470877,18.785714285714285,12.928571428571429,0.14163795870661958,1.6854092127976534,-0.32916227911235957,2.0,0.5,2.0,2.5,10,4,0,0.7142857142857143,NFC,West,True,False,1,False,False,11.142857142857142,0.7688858217256643,1.2781788616666454
1974,MIA,4.484805497914032,1.1097377269720976,2.6092108298147805,61.09737726972098,7.928571428571429,1.2902414979271555,23.357142857142858,15.428571428571429,1.2129359736512373,0.8832531544054649,-0.34245602307339357,1.0,0.0,1.0,-2.0,11,3,0,0.7857142857142857,AFC,East,True,False,0,False,False,9.857142857142858,0.7688858217256643,1.2781788616666454
1974,MIN,4.590157491343775,1.1358064342493877,2.4982929946528887,61.35806434249388,8.214285714285714,1.3367366870416475,22.142857142857142,13.928571428571429,0.928372438431573,1.364546789440778,-0.3287941790553746,,,3.0,3.3333333333333335,10,4,0,0.7142857142857143,NFC,Central,True,False,2,True,False,17.142857142857142,0.7688858217256643,1.2781788616666454
1974,NE,2.8844921284016185,0.7137499585054868,2.670951688019637,57.13749958505487,4.214285714285714,0.6858040394387583,24.857142857142858,20.642857142857142,1.5644556348049399,-0.7898151959553851,0.13273724068552112,5.0,0.4,,,7,7,0,0.5,AFC,East,False,False,0,False,False,5.0,0.7688858217256643,1.2781788616666454
1974,NO,-4.960454377071427,-1.227434136824982,2.6593498541607508,37.72565863175018,-6.928571428571429,-1.1275083360264333,11.857142857142858,18.785714285714285,-1.4820480951938158,-0.1939278382926163,0.027209272073275413,3.0,0.0,,,5,9,0,0.35714285714285715,NFC,West,False,False,0,False,False,3.5714285714285716,0.7688858217256643,1.2781788616666454
1974,NYG,-4.775321792974314,-1.1816242096921423,2.668998261465059,38.18375790307858,-7.428571428571429,-1.2088749169767943,13.928571428571429,21.357142857142858,-0.9966161821720361,-1.0190026412102964,0.21390126184749358,2.0,0.0,,,2,12,0,0.14285714285714285,NFC,East,False,False,0,False,False,1.4285714285714284,0.7688858217256643,1.2781788616666454
1974,NYJ,-1.5957438506601604,-0.3948570689375429,2.671168768315351,46.05142931062457,-1.5,-0.24409974285108346,19.928571428571427,21.428571428571427,0.4094624624427738,-1.0419213857357867,-0.17160225811477306,2.0,0.5,,,7,7,0,0.5,AFC,East,False,False,0,False,False,5.0,0.7688858217256643,1.2781788616666454
1974,OAK,5.816542510277239,1.4392679163441782,2.5494153074897787,64.39267916344178,9.071428571428571,1.4762222543851238,25.357142857142858,16.285714285714285,1.6816288551895073,0.6082282200995721,-0.015219152092521821,1.0,1.0,2.0,-4.5,12,2,0,0.8571428571428571,AFC,West,True,True,1,False,False,13.571428571428571,0.7688858217256643,1.2781788616666454
1974,PHI,1.625974609852986,0.4023374856483425,2.668097515908378,54.02337485648343,1.7857142857142858,0.29059493196557556,17.285714285714285,15.5,-0.20988170244708299,0.8603344098799739,0.11118653803374466,3.0,0.0,,,7,7,0,0.5,NFC,East,False,False,0,False,False,5.0,0.7688858217256643,1.2781788616666454
1974,PIT,6.646544596608468,1.6446468628995483,2.4947436157903287,66.44646862899549,8.285714285714286,1.3483604843202708,21.785714285714285,13.5,0.8446772810140247,1.5020592565937247,-0.28287216802365045,1.0,0.0,3.0,13.0,10,3,1,0.75,AFC,Central,True,False,3,True,True,24.5,0.7688858217256643,1.2781788616666454
1974,SF,-1.666168365226079,-0.4122831849093161,2.6591078823026284,45.87716815090684,-0.7142857142857143,-0.11623797278623023,16.142857142857142,16.857142857142858,-0.4777062061832372,0.42487826389564287,-0.2839289083933028,1.0,0.0,,,6,8,0,0.42857142857142855,NFC,West,False,False,0,False,False,4.285714285714286,0.7688858217256643,1.2781788616666454
1974,TEN,-0.9558525547614176,-0.2365198762654889,2.6600188415975934,47.63480123734511,-3.2857142857142856,-0.534694674816659,16.857142857142858,20.142857142857142,-0.3103158913481405,-0.6293839842769473,0.2581418366412691,3.0,0.3333333333333333,,,7,7,0,0.5,AFC,Central,False,False,0,False,False,5.0,0.7688858217256643,1.2781788616666454
1974,WSH,5.798741267175179,1.434863107469736,2.6108000865025542,64.34863107469737,8.857142857142858,1.4413508625492548,22.857142857142858,14.0,1.0957627532666698,1.3416280449152869,0.18263178512614475,1.0,1.0,1.0,-9.0,10,4,0,0.7142857142857143,NFC,East,True,True,0,False,False,10.142857142857142,0.7688858217256643,1.2781788616666454
1975,ARI,2.976258049503433,0.5389979701010043,3.022257184217364,55.38997970101004,5.714285714285714,0.6568010319211212,25.428571428571427,19.714285714285715,0.9580083816082428,0.17939643237796635,-0.21994948169231554,2.0,0.5,1.0,-12.0,11,3,0,0.7857142857142857,NFC,East,True,False,0,False,False,9.857142857142858,1.8539562948929282,1.493357368672337
1975,ATL,-2.1313941846755986,-0.3859937948649683,3.081936420563789,46.14006205135032,-3.5,-0.4022906320516867,17.142857142857142,20.642857142857142,-0.6827373758764035,-0.01068505396608517,0.012491426652483952,3.0,0.0,,,4,10,0,0.2857142857142857,NFC,West,False,False,0,False,False,2.8571428571428568,1.8539562948929282,1.493357368672337
1975,BUF,4.792049480914469,0.8678363568869344,3.098618448779644,58.678363568869344,4.642857142857143,0.533650838435911,30.0,25.357142857142858,1.8632474202204619,-0.9757141384820408,0.26535239652771037,6.0,0.3333333333333333,,,8,6,0,0.5714285714285714,AFC,East,False,False,0,False,False,5.7142857142857135,1.8539562948929282,1.493357368672337
1975,CHI,-8.943893172986343,-1.6197319536335868,3.081146386473676,33.80268046366413,-13.428571428571429,-1.5434824250146348,13.642857142857142,27.071428571428573,-1.3758110148138836,-1.326633805578752,0.2638596416777826,6.0,0.0,,,4,10,0,0.2857142857142857,NFC,Central,False,False,0,False,False,2.8571428571428568,1.8539562948929282,1.493357368672337
1975,CIN,4.943697817399105,0.895299750240226,3.0167328313819985,58.95299750240226,6.714285714285714,0.7717412125073174,24.285714285714285,17.571428571428573,0.7316986219551882,0.618046016248855,0.00014689391986959826,2.0,0.0,1.0,-3.0,11,3,0,0.7857142857142857,AFC,Central,False,False,0,False,False,7.857142857142857,1.8539562948929282,1.493357368672337
1975,CLE,-5.506013163354772,-0.9971346130060146,3.080748842751561,40.02865386993985,-11.0,-1.2643419864481582,15.571428571428571,26.571428571428573,-0.9939132953993537,-1.224282236008878,0.5400145033104156,4.0,0.0,,,3,11,0,0.21428571428571427,AFC,Central,False,False,0,False,False,2.142857142857143,1.8539562948929282,1.493357368672337
1975,DAL,5.738033206302845,1.0391532585977896,2.893301885131448,60.3915325859779,5.857142857142857,0.6732210577191491,25.0,19.142857142857142,0.8731422217383475,0.296369654743537,-0.2163265294059841,1.0,1.0,3.0,9.666666666666666,10,4,0,0.7142857142857143,NFC,East,False,False,2,True,False,15.142857142857142,1.8539562948929282,1.493357368672337
1975,DEN,-2.873389195233921,-0.5203685022539113,3.0808761235064983,44.79631497746089,-3.7857142857142856,-0.43513068364774277,18.142857142857142,21.928571428571427,-0.48471633617998067,-0.27387480428861827,0.02231261752103771,2.0,0.0,,,6,8,0,0.42857142857142855,AFC,West,False,False,0,False,False,4.285714285714286,1.8539562948929282,1.493357368672337
1975,DET,-1.257800343839925,-0.2277866437808312,3.08300610523975,47.72213356219169,-1.2142857142857142,-0.1395702192832382,17.5,18.714285714285715,-0.6120155759848238,0.38409957151771446,-0.07043748036312057,4.0,0.25,,,7,7,0,0.5,NFC,Central,False,False,0,False,False,5.0,1.8539562948929282,1.493357368672337
1975,GB,-3.169641100791692,-0.5740194871746693,3.0810751321775194,44.259805128253305,-4.214285714285714,-0.4843907610418269,16.142857142857142,20.357142857142858,-0.8807584155728264,0.0478015572166998,0.03154141529056208,6.0,0.16666666666666666,,,4,10,0,0.2857142857142857,NFC,Central,False,False,0,False,False,2.8571428571428568,1.8539562948929282,1.493357368672337
1975,IND,5.592229661171883,1.0127483523188363,3.021353752522365,60.12748352318836,9.0,1.034461625275766,28.214285714285715,19.214285714285715,1.509638420762564,0.2817480019478404,-0.1291362188144707,3.0,0.6666666666666666,1.0,-18.0,10,4,0,0.7142857142857143,AFC,East,False,False,0,False,False,7.142857142857143,1.8539562948929282,1.493357368672337
1975,KC,-3.513410725159235,-0.6362758932505488,3.080594078680513,43.637241067494514,-4.214285714285714,-0.4843907610418269,20.142857142857142,24.357142857142858,-0.08867425678713498,-0.7710109993422927,0.003930171078768355,3.0,0.3333333333333333,,,5,9,0,0.35714285714285715,AFC,West,False,False,0,False,False,3.5714285714285716,1.8539562948929282,1.493357368672337
1975,LAC,-7.233896769568264,-1.3100529624331627,3.0788780151468065,36.89947037566837,-11.142857142857142,-1.2807620122461862,13.5,24.642857142857142,-1.4040997347705153,-0.8294976105250776,0.20583771737665413,3.0,0.0,,,2,12,0,0.14285714285714285,AFC,West,False,False,0,False,False,1.4285714285714284,1.8539562948929282,1.493357368672337
1975,LAR,6.203439107321567,1.1234378978158084,2.946768414551065,61.23437897815808,12.642857142857142,1.4531722831254805,22.285714285714285,9.642857142857142,0.33565654256234245,2.241049476571144,-0.4117972193121004,3.0,0.6666666666666666,2.0,-9.0,12,2,0,0.8571428571428571,NFC,West,True,False,1,False,False,12.571428571428571,1.8539562948929282,1.493357368672337
1975,MIA,6.002379485274793,1.0870261598717257,3.095949197612321,60.870261598717256,9.642857142857142,1.108351741366892,25.5,15.857142857142858,0.972152741586559,0.9689656833455663,-0.10204461338353153,2.0,0.0,,,10,4,0,0.7142857142857143,AFC,East,True,False,0,False,False,9.142857142857142,1.8539562948929282,1.493357368672337
1975,MIN,6.8736260709095705,1.2448082249023185,3.0053029848903536,62.44808224902319,14.071428571428571,1.617372541105761,26.928571428571427,12.857142857142858,1.255039941152877,1.5830751007648107,-0.7026500432395199,,,1.0,-3.0,12,2,0,0.8571428571428571,NFC,Central,True,True,0,False,False,11.571428571428571,1.8539562948929282,1.493357368672337
1975,NE,-3.989204871824446,-0.7224418355085718,3.097355881359229,42.77558164491428,-7.142857142857143,-0.8210012899014015,18.428571428571427,25.571428571428573,-0.4281388962667172,-1.0195790968691298,0.3597841606212526,5.0,0.2,,,3,11,0,0.21428571428571427,AFC,East,False,False,0,False,False,2.142857142857143,1.8539562948929282,1.493357368672337
1975,NO,-9.87858334838826,-1.7890036024071334,3.082784481537394,32.109963975928665,-13.928571428571429,-1.6009525153077329,11.785714285714286,25.714285714285715,-1.743564374250097,-1.0488224024605224,-0.01657734525830306,3.0,0.0,,,2,12,0,0.14285714285714285,NFC,West,False,False,0,False,False,1.4285714285714284,1.8539562948929282,1.493357368672337
1975,NYG,-4.44658509659698,-0.8052730311294852,3.0910175954783687,41.94726968870515,-6.428571428571429,-0.7389011609112613,15.428571428571429,21.857142857142858,-1.0222020153559854,-0.2592531514929224,0.03429886592106773,3.0,0.0,,,5,9,0,0.35714285714285715,NFC,East,False,False,0,False,False,3.5714285714285716,1.8539562948929282,1.493357368672337
1975,NYJ,-6.325865352599867,-1.145609193649215,3.099942266055069,38.54390806350785,-12.5,-1.4367522573274525,18.428571428571427,30.928571428571427,-0.4281388962667172,-2.116203056546351,0.5189279170369637,7.0,0.0,,,3,11,0,0.21428571428571427,AFC,East,False,False,0,False,False,2.142857142857143,1.8539562948929282,1.493357368672337
1975,OAK,5.264780419533544,0.9534475545994904,2.9539126350950418,59.5344755459949,8.571428571428571,0.9852015478816817,26.785714285714285,18.214285714285715,1.2267512211962452,0.4864511410875885,-0.28388146384712054,2.0,1.0,2.0,-1.5,11,3,0,0.7857142857142857,AFC,West,True,False,1,False,False,11.857142857142858,1.8539562948929282,1.493357368672337
1975,PHI,-2.721697727979808,-0.4928972979525062,3.091428453216222,45.071027020474936,-5.5,-0.6321709932240791,16.071428571428573,21.571428571428573,-0.8949027755511418,-0.2007665403101374,0.18668481081360336,4.0,0.0,,,4,10,0,0.2857142857142857,NFC,East,False,False,0,False,False,2.8571428571428568,1.8539562948929282,1.493357368672337
1975,PIT,10.480565948781605,1.8980221734622424,2.8780365046397693,68.98022173462243,15.071428571428571,1.732312721691957,26.642857142857142,11.571428571428571,1.1984625012396135,1.846264851087344,-0.17276414180888436,1.0,0.0,3.0,9.333333333333334,12,2,0,0.8571428571428571,AFC,Central,True,True,3,True,True,25.57142857142857,1.8539562948929282,1.493357368672337
1975,SF,-3.149107440601777,-0.5703008576146571,3.078728725417735,44.29699142385343,-2.2142857142857144,-0.25451039986943447,18.214285714285715,20.428571428571427,-0.47057197620166447,0.03317990442100392,-0.32591712073685886,3.0,0.3333333333333333,,,5,9,0,0.35714285714285715,NFC,West,False,False,0,False,False,3.5714285714285716,1.8539562948929282,1.493357368672337
1975,TEN,4.416793181469223,0.7998777389497738,3.0799775870586634,57.99877738949774,4.785714285714286,0.5500708642339389,20.928571428571427,16.142857142857142,0.06691370297433992,0.9104790721627813,0.17873031244210463,3.0,0.3333333333333333,,,10,4,0,0.7142857142857143,AFC,Central,False,False,0,False,False,7.142857142857143,1.8539562948929282,1.493357368672337
1975,WSH,1.8566300650190213,0.3362342309131124,3.0916540870332767,53.36234230913112,3.5,0.4022906320516867,23.214285714285715,19.714285714285715,0.5195332222804497,0.17939643237796635,0.027568807671933666,3.0,0.6666666666666666,,,8,6,0,0.5714285714285714,NFC,East,False,False,0,False,False,5.7142857142857135,1.8539562948929282,1.493357368672337
1976,ARI,1.9508789918004297,0.2919025958058412,3.110815985511485,52.91902595805841,3.0,0.3312349634156125,22.071428571428573,19.071428571428573,0.5956020137556869,0.015553065284338544,-0.09623375498924694,1.0,1.0,,,10,4,0,0.7142857142857143,NFC,East,False,False,0,False,False,7.142857142857143,1.0608473777454401,1.6655256268462342
1976,ATL,-6.970466081575367,-1.0429643005743954,3.0936936102389607,39.570356994256045,-10.0,-1.1041165447187082,12.285714285714286,22.285714285714285,-1.401539004397123,-0.5968488802864971,-0.0782372909315627,,,,,4,10,0,0.2857142857142857,NFC,West,False,False,0,False,False,2.8571428571428568,1.0608473777454401,1.6655256268462342
1976,BUF,-7.355793081095315,-1.1006193124263324,3.1103747519351503,38.99380687573668,-8.428571428571429,-0.9306125162629112,17.5,25.928571428571427,-0.33736897282664785,-1.2909044186001113,-0.08165331206910027,4.0,0.0,,,2,12,0,0.14285714285714285,AFC,East,False,False,0,False,False,1.4285714285714284,1.0608473777454401,1.6655256268462342
1976,CHI,3.632008552536061,0.54344361127999,3.0942184959078585,55.4344361127999,2.642857142857143,0.2918022296756586,18.071428571428573,15.428571428571429,-0.22074759950385575,0.7096086035979531,0.24119115204188185,3.0,0.3333333333333333,,,7,7,0,0.5,NFC,Central,False,False,0,False,False,5.0,1.0608473777454401,1.6655256268462342
1976,CIN,7.691324012890447,1.1508235282571482,3.092410441576056,61.50823528257148,8.928571428571429,0.9858183434988467,23.928571428571427,15.0,0.9746214770547597,0.7912621963407312,0.12977882142882058,4.0,0.0,,,10,4,0,0.7142857142857143,AFC,Central,False,False,0,False,False,7.142857142857143,1.0608473777454401,1.6655256268462342
1976,CLE,-1.254873739565038,-0.1877619798701939,3.0939400767354983,48.12238020129806,-1.4285714285714286,-0.15773093495981544,19.071428571428573,20.5,-0.016660196188970095,-0.25662557719158835,-0.038269931599016094,4.0,0.25,,,9,5,0,0.6428571428571429,AFC,Central,False,False,0,False,False,6.428571428571429,1.0608473777454401,1.6655256268462342
1976,DAL,3.997522091487029,0.5981340104643601,3.034596086797442,55.9813401046436,7.285714285714286,0.8044277682950588,21.142857142857142,13.857142857142858,0.4060922821061498,1.009005110321473,-0.3608925159533422,1.0,1.0,1.0,-2.0,11,3,0,0.7857142857142857,NFC,East,True,False,0,False,False,9.857142857142858,1.0608473777454401,1.6655256268462342
1976,DEN,4.934640685751381,0.738351497757733,3.090133086086884,57.38351497757733,7.785714285714286,0.8596335955309943,22.5,14.714285714285714,0.6830680437477804,0.8456979248359169,-0.032795205258911275,4.0,0.0,,,9,5,0,0.6428571428571429,AFC,West,False,False,0,False,False,6.428571428571429,1.0608473777454401,1.6655256268462342
1976,DET,2.2735078058679274,0.3401763168843326,3.0921009163954194,53.40176316884333,3.0,0.3312349634156125,18.714285714285715,15.714285714285714,-0.08954855451571508,0.6551728751027678,-0.05036977623033099,3.0,0.3333333333333333,,,6,8,0,0.42857142857142855,NFC,Central,False,False,0,False,False,4.285714285714286,1.0608473777454401,1.6655256268462342
1976,GB,-3.843057362926998,-0.5750220412358087,3.092655937048862,44.24977958764191,-5.785714285714286,-0.6388102865872526,15.571428571428571,21.357142857142858,-0.7309661077910703,-0.41993276267714474,0.1813816000761777,4.0,0.0,,,5,9,0,0.35714285714285715,NFC,Central,False,False,0,False,False,3.5714285714285716,1.0608473777454401,1.6655256268462342
1976,IND,6.772260371086724,1.0133075347583982,3.036628644491671,60.13307534758398,12.214285714285714,1.348599493906422,29.785714285714285,17.571428571428573,2.169990553613376,0.30134063988406207,-0.27544496106169586,3.0,0.6666666666666666,1.0,-26.0,11,3,0,0.7857142857142857,AFC,East,True,False,0,False,False,9.857142857142858,1.0608473777454401,1.6655256268462342
1976,KC,-2.7550042815084206,-0.4122208012944658,3.089095663697252,45.87779198705534,-6.142857142857143,-0.6782430203272065,20.714285714285715,26.857142857142858,0.31862625211405626,-1.4678205362094643,0.2010981789629809,4.0,0.0,,,5,9,0,0.35714285714285715,AFC,West,False,False,0,False,False,3.5714285714285716,1.0608473777454401,1.6655256268462342
1976,LAC,-0.9980802390875636,-0.1493389461041349,3.089862063180028,48.506610538958654,-2.642857142857143,-0.2918022296756586,17.714285714285715,20.357142857142858,-0.29363595783060076,-0.2294077129439957,0.22049348042927294,4.0,0.0,,,6,8,0,0.42857142857142855,AFC,West,False,False,0,False,False,4.285714285714286,1.0608473777454401,1.6655256268462342
1976,LAR,6.3581005175571335,0.951338372738624,2.958695232145101,59.51338372738624,11.5,1.2697340264265145,25.071428571428573,13.571428571428571,1.2078642237003439,1.0634408388166585,-0.1115703360092901,2.0,0.25,2.0,-4.5,10,3,1,0.75,NFC,West,True,False,1,False,False,11.5,1.0608473777454401,1.6655256268462342
1976,MIA,-0.1467698248605328,-0.0219606100854153,3.110163661137236,49.78039389914585,-0.07142857142857142,-0.007886546747990759,18.785714285714285,18.857142857142858,-0.07497088285036652,0.05637986165572781,-0.015038768982245255,6.0,0.16666666666666666,,,6,8,0,0.42857142857142855,AFC,East,False,False,0,False,False,4.285714285714286,1.0608473777454401,1.6655256268462342
1976,MIN,7.373017987041293,1.103196609521271,2.8929500970092272,61.03196609521271,9.214285714285714,1.0173645304908097,21.785714285714285,12.571428571428571,0.5372913270942905,1.2539658885498075,-0.029094132053442516,1.0,1.0,3.0,2.6666666666666665,11,2,1,0.8214285714285714,NFC,Central,True,True,2,True,False,19.214285714285715,1.0608473777454401,1.6655256268462342
1976,NE,7.195641474749799,1.076656437326844,3.0398449982056057,60.76656437326844,10.0,1.1041165447187082,26.857142857142858,16.857142857142858,1.572306015334068,0.43742996112202587,-0.1579980341797815,4.0,0.75,1.0,-3.0,11,3,0,0.7857142857142857,AFC,East,False,False,0,False,False,7.857142857142857,1.0608473777454401,1.6655256268462342
1976,NO,-5.13962686255802,-0.7690227989330817,3.085646569617958,42.30977201066919,-6.642857142857143,-0.7334488475631419,18.071428571428573,24.714285714285715,-0.22074759950385575,-1.0595525724955737,0.060989986142380284,2.0,0.0,,,4,10,0,0.2857142857142857,NFC,West,False,False,0,False,False,2.8571428571428568,1.0608473777454401,1.6655256268462342
1976,NYG,-3.484986068569933,-0.5214451967745726,3.1101536171234,44.78554803225428,-5.714285714285714,-0.6309237398392619,12.142857142857142,17.857142857142858,-1.4306943477278211,0.24690491138887682,0.24414565219165382,2.0,0.0,,,3,11,0,0.21428571428571427,NFC,East,False,False,0,False,False,2.142857142857143,1.0608473777454401,1.6655256268462342
1976,NYJ,-10.536061443342376,-1.5764707589798528,3.1087984845151224,34.235292410201474,-15.285714285714286,-1.6877210040700255,12.071428571428571,27.357142857142858,-1.44527201939317,-1.563083061076039,0.16246645335761875,5.0,0.0,,,3,11,0,0.21428571428571427,AFC,East,False,False,0,False,False,2.142857142857143,1.0608473777454401,1.6655256268462342
1976,OAK,8.961342556170914,1.3408515674452623,2.89277532600285,63.40851567445262,8.071428571428571,0.8911797825229573,25.0,16.928571428571427,1.1932865520349947,0.4238210289982299,0.050276177854979655,3.0,0.6666666666666666,3.0,12.666666666666666,13,1,0,0.9285714285714286,AFC,West,True,True,3,True,True,27.285714285714285,1.0608473777454401,1.6655256268462342
1976,PHI,-7.252167880314373,-1.085114268173976,3.1100271842420883,39.14885731826024,-8.642857142857142,-0.9542721565068835,11.785714285714286,20.428571428571427,-1.5035827060545657,-0.2430166450677917,0.022011175365102737,2.0,0.0,,,4,10,0,0.2857142857142857,NFC,East,False,False,0,False,False,2.8571428571428568,1.0608473777454401,1.6655256268462342
1976,PIT,11.645406771644408,1.7424578767546968,2.9601220171447102,67.42457876754696,14.571428571428571,1.6088555365901176,24.428571428571427,9.857142857142858,1.0766651787122024,1.771105309254069,0.1120884637038064,5.0,0.4,2.0,4.5,10,4,0,0.7142857142857143,AFC,Central,True,False,1,False,False,11.142857142857142,1.0608473777454401,1.6655256268462342
1976,SEA,-12.146179785997514,-1.8173866362592943,3.07359864157705,31.826133637407057,-14.285714285714286,-1.5773093495981547,16.357142857142858,30.642857142857142,-0.5706117194722313,-2.189093938770671,-0.1090734205201735,1.0,0.0,,,2,12,0,0.14285714285714285,NFC,West,False,False,0,False,False,1.4285714285714284,1.0608473777454401,1.6655256268462342
1976,SF,3.319068870437439,0.4966196381277961,3.090886289225563,54.96619638127796,5.714285714285714,0.6309237398392619,19.285714285714285,13.571428571428571,0.027072818807076314,1.0634408388166585,-0.2518530579259303,1.0,1.0,,,8,6,0,0.5714285714285714,NFC,West,False,False,0,False,False,5.7142857142857135,1.0608473777454401,1.6655256268462342
1976,TB,-14.925866961196167,-2.2333006449594794,3.0735986415770493,27.66699355040521,-20.5,-2.2634389166733517,8.928571428571429,29.428571428571427,-2.086689572668525,-1.9577420926661329,0.1090734205201735,5.0,0.0,,,0,14,0,0.0,AFC,West,False,False,0,False,False,0.0,1.0608473777454401,1.6655256268462342
1976,TEN,-1.802234657420213,-0.2696615099979641,3.094394731712888,47.30338490002036,-3.642857142857143,-0.4022138841475294,15.857142857142858,19.5,-0.6726554211296742,-0.06610052745843932,0.2291645319462337,6.0,0.0,,,5,9,0,0.35714285714285715,AFC,Central,False,False,0,False,False,3.5714285714285716,1.0608473777454401,1.6655256268462342
1976,WSH,2.5064475809967828,0.3750302085466698,3.0346768292331885,53.7503020854667,5.285714285714286,0.5836044593513172,20.785714285714285,15.5,0.33320392377940483,0.6959996714741568,-0.27563459625701353,,,1.0,-15.0,10,4,0,0.7142857142857143,NFC,East,False,False,0,False,False,7.142857142857143,1.0608473777454401,1.6655256268462342
1977,ARI,0.3689048843119681,0.0859277143180997,2.7374803851660583,50.859277143181,-1.0714285714285714,-0.17335952207749278,19.428571428571427,20.5,0.5276592285046361,-0.8154978790281466,0.14838251267730668,4.0,0.25,,,7,7,0,0.5,NFC,East,False,False,0,False,False,5.0,1.7030935731295196,1.4127964686021142
1977,ATL,1.4357805328494824,0.3344312984098329,2.7274444919958074,53.34431298409833,3.5714285714285716,0.5778650735916426,12.785714285714286,9.214285714285714,-1.0284275563493528,1.9533145667282001,-0.38388179899761987,2.0,0.5,,,7,7,0,0.5,NFC,West,False,False,0,False,False,5.0,1.7030935731295196,1.4127964686021142
1977,BUF,-6.429936161512456,-1.497702364663826,2.7401940958293736,35.02297635336174,-10.928571428571429,-1.7682671251904265,11.428571428571429,22.357142857142858,-1.3463377597066197,-1.2711252435196974,0.35624339279819395,4.0,0.0,,,3,11,0,0.21428571428571427,AFC,East,False,False,0,False,False,2.142857142857143,1.7030935731295196,1.4127964686021142
1977,CHI,-1.227985374541015,-0.286030304660143,2.6649127201638803,47.13969695339857,0.14285714285714285,0.023114602943665713,18.214285714285715,18.071428571428573,0.24321325707971386,-0.21967747930842682,-0.4735548051649769,1.0,1.0,1.0,-30.0,9,5,0,0.6428571428571429,NFC,Central,False,False,0,False,False,6.428571428571429,1.7030935731295196,1.4127964686021142
1977,CIN,0.798232583534557,0.1859295019237332,2.7252627250178185,51.85929501923733,0.21428571428571427,0.03467190441549856,17.0,16.785714285714285,-0.04123271434520918,0.09575684995495504,0.1326047551803546,2.0,0.5,,,8,6,0,0.5714285714285714,AFC,Central,False,False,0,False,False,5.7142857142857135,1.7030935731295196,1.4127964686021142
1977,CLE,0.2211065251933506,0.0515015635158002,2.72590164569155,50.515015635158,0.14285714285714285,0.023114602943665713,19.214285714285715,19.071428571428573,0.4774628806061209,-0.46501529095772337,0.18545385444717635,2.0,0.0,,,6,8,0,0.42857142857142855,AFC,Central,False,False,0,False,False,4.285714285714286,1.7030935731295196,1.4127964686021142
1977,DAL,8.219628562567353,1.9145691070002364,2.568980102422933,69.14569107000236,9.5,1.5371210957537693,24.642857142857142,15.142857142857142,1.7491036940351872,0.49881182623594206,-0.12202367233058112,1.0,1.0,3.0,21.333333333333332,12,2,0,0.8571428571428571,NFC,East,True,True,3,True,True,26.57142857142857,1.7030935731295196,1.4127964686021142
1977,DEN,6.979175317771583,1.625634705270727,2.571788601922581,66.25634705270727,9.0,1.4562199854509394,19.571428571428573,10.571428571428571,0.5611234604369807,1.6203561080612976,0.24970462911477362,3.0,0.3333333333333333,3.0,-0.3333333333333333,12,2,0,0.8571428571428571,AFC,West,True,True,2,True,False,19.57142857142857,1.7030935731295196,1.4127964686021142
1977,DET,-3.880987361067829,-0.9039847055860156,2.725009392770456,40.96015294413984,-4.928571428571429,-0.7974538015564668,13.071428571428571,18.0,-0.9614990924846654,-0.20215334990490527,-0.2127061869403483,1.0,0.0,,,6,8,0,0.42857142857142855,NFC,Central,False,False,0,False,False,4.285714285714286,1.7030935731295196,1.4127964686021142
1977,GB,-5.527916612878222,-1.28759813080706,2.7246902156279087,37.1240186919294,-6.071428571428571,-0.9823706251057924,9.571428571428571,15.642857142857142,-1.78137277482709,0.3761429204112938,-0.31064806094789094,1.0,0.0,,,4,10,0,0.2857142857142857,NFC,Central,False,False,0,False,False,2.8571428571428568,1.7030935731295196,1.4127964686021142
1977,IND,3.054948028395984,0.7115782756041414,2.676146722746793,57.11578275604141,5.285714285714286,0.8552403089156311,21.071428571428573,15.785714285714286,0.9124978957265912,0.3410946616042511,-0.18655862993556957,3.0,0.3333333333333333,1.0,-6.0,10,4,0,0.7142857142857143,AFC,East,False,False,0,False,False,7.142857142857143,1.7030935731295196,1.4127964686021142
1977,KC,-4.5933838081010805,-1.0699206988057113,2.72681321244493,39.300793011942886,-8.857142857142858,-1.4331053825072737,16.071428571428573,24.928571428571427,-0.25875022190544394,-1.9019939020464594,0.48007707865546145,4.0,0.0,,,2,12,0,0.14285714285714285,AFC,West,False,False,0,False,False,1.4285714285714284,1.7030935731295196,1.4127964686021142
1977,LAC,1.7011440226735663,0.3962414806918745,2.724751891497008,53.96241480691874,1.2142857142857142,0.19647412502115846,15.857142857142858,14.642857142857142,-0.30894656980395996,0.6214807320605903,0.247959044809247,5.0,0.4,,,7,7,0,0.5,AFC,West,False,False,0,False,False,5.0,1.7030935731295196,1.4127964686021142
1977,LAR,6.1004143065862495,1.4209480005559063,2.6704676295300707,64.20948000555906,11.142857142857142,1.802939029605925,21.571428571428573,10.428571428571429,1.0296227074897948,1.6554043668683398,-0.3139690021466732,1.0,1.0,1.0,-7.0,10,4,0,0.7142857142857143,NFC,West,True,False,0,False,False,9.142857142857142,1.7030935731295196,1.4127964686021142
1977,MIA,4.795636853394748,1.1170307877067367,2.737002495261617,61.170307877067366,8.285714285714286,1.340646970732611,22.357142857142858,14.071428571428571,1.2136759831176858,0.7616737672887597,-0.21731794198443874,,,,,10,4,0,0.7142857142857143,AFC,East,True,False,0,False,False,9.142857142857142,1.7030935731295196,1.4127964686021142
1977,MIN,0.3650828746494125,0.0850374670799326,2.618431024782082,50.850374670799326,0.2857142857142857,0.04622920588733141,16.5,16.214285714285715,-0.1583575261084127,0.235949885183124,-0.11170473433683921,3.0,0.0,2.0,-5.0,9,5,0,0.6428571428571429,NFC,Central,True,False,1,False,False,10.428571428571429,1.7030935731295196,1.4127964686021142
1977,NE,2.417257954071624,0.5630433744405829,2.739979741561331,55.63043374440583,4.357142857142857,0.7049953897818039,19.857142857142858,15.5,0.6280519243016681,0.41119117921833603,-0.21073780017850993,2.0,0.5,,,9,5,0,0.6428571428571429,AFC,East,False,False,0,False,False,6.428571428571429,1.7030935731295196,1.4127964686021142
1977,NO,-6.040861666454315,-1.4070766140122215,2.726228870918988,35.92923385987778,-7.428571428571429,-1.2019593530706167,16.571428571428573,24.0,-0.1416254101422404,-1.6741802198006843,-0.1545848994276015,2.0,0.5,,,3,11,0,0.21428571428571427,NFC,West,False,False,0,False,False,2.142857142857143,1.7030935731295196,1.4127964686021142
1977,NYG,-3.862048636708998,-0.899573375279858,2.7370069613462347,41.00426624720142,-6.0,-0.9708133236339596,12.928571428571429,18.928571428571427,-0.9949633244170092,-0.4299670321506803,0.1925056845670512,2.0,0.0,,,5,9,0,0.35714285714285715,NFC,East,False,False,0,False,False,3.5714285714285716,1.7030935731295196,1.4127964686021142
1977,NYJ,-5.25720069036836,-1.2245412252467724,2.739675572008487,37.75458774753228,-7.785714285714286,-1.2597458604297809,13.642857142857142,21.428571428571427,-0.8276421647552901,-1.0433115612739217,0.1731244238962921,3.0,0.0,,,3,11,0,0.21428571428571427,AFC,East,False,False,0,False,False,2.142857142857143,1.7030935731295196,1.4127964686021142
1977,OAK,6.546474941279325,1.5248473318373108,2.6178390614664955,65.2484733183731,8.642857142857142,1.398433478091775,25.071428571428573,16.428571428571427,1.8494963898322194,0.18337749697256106,0.08088434010945135,3.0,0.3333333333333333,2.0,1.5,11,3,0,0.7857142857142857,AFC,West,False,False,1,False,False,9.857142857142858,1.7030935731295196,1.4127964686021142
1977,PHI,0.5359834023286657,0.1248447245702319,2.736694925625965,51.24844724570232,0.9285714285714286,0.1502449191338271,15.714285714285714,14.785714285714286,-0.3424108017363041,0.5864324732535476,-0.04904900387539451,3.0,0.0,,,5,9,0,0.35714285714285715,NFC,East,False,False,0,False,False,3.5714285714285716,1.7030935731295196,1.4127964686021142
1977,PIT,3.022492657293224,0.7040185604179161,2.67068483461026,57.04018560417916,2.857142857142857,0.4622920588733141,20.214285714285715,17.357142857142858,0.711712504132528,-0.04443618527321478,0.3783751503066993,3.0,0.3333333333333333,1.0,-13.0,9,5,0,0.6428571428571429,AFC,Central,True,False,0,False,False,8.428571428571429,1.7030935731295196,1.4127964686021142
1977,SEA,-4.29388079488672,-1.000158517681727,2.7104401016811472,39.99841482318273,-6.5,-1.0517144339367896,20.142857142857142,26.642857142857142,0.6949803881663557,-2.322573007730968,0.1575891738445054,3.0,0.0,,,5,9,0,0.35714285714285715,AFC,West,False,False,0,False,False,3.5714285714285716,1.7030935731295196,1.4127964686021142
1977,SF,-2.165978730044066,-0.5045137905436838,2.726039227372252,44.95486209456316,-2.857142857142857,-0.4622920588733141,15.714285714285714,18.571428571428573,-0.3424108017363041,-0.3423463851330751,-0.010333862976558805,4.0,0.0,,,5,9,0,0.35714285714285715,NFC,West,False,False,0,False,False,3.5714285714285716,1.7030935731295196,1.4127964686021142
1977,TB,-6.743669486342284,-1.5707791621107468,2.710440101681147,34.29220837889253,-8.571428571428571,-1.3868761766199422,7.357142857142857,15.928571428571429,-2.30006836977842,0.3060464027972089,-0.15758917384450538,2.0,0.0,,,2,12,0,0.14285714285714285,NFC,Central,False,False,0,False,False,1.4285714285714284,1.7030935731295196,1.4127964686021142
1977,TEN,2.959587583167368,0.6893663032413088,2.7283356182924736,56.89366303241309,4.928571428571429,0.7974538015564668,21.357142857142858,16.428571428571427,0.9794263595912787,0.18337749697256106,0.09158308566630427,3.0,0.0,,,8,6,0,0.5714285714285714,AFC,Central,False,False,0,False,False,5.7142857142857135,1.7030935731295196,1.4127964686021142
1977,WSH,0.5019982928370355,0.1169286928133939,2.7358657029877973,51.16928692813394,0.5,0.08090111030282998,14.0,13.5,-0.7439815849244302,0.9018668025169291,0.04017244701469055,3.0,0.3333333333333333,,,9,5,0,0.6428571428571429,NFC,East,False,False,0,False,False,6.428571428571429,1.7030935731295196,1.4127964686021142
1978,ARI,-1.566598602380112,-0.6264984848899648,2.2798053128353644,43.73501515110035,-3.0,-0.6327459210777013,15.5,18.5,-0.9629469142982028,-0.05272698604818526,0.07943718249993115,3.0,0.0,,,6,10,0,0.375,NFC,East,False,False,0,False,False,3.75,0.741146650384654,1.0045575974923668
1978,ATL,-1.774216008001268,-0.7095267665830693,2.2041424614131007,42.90473233416931,-3.125,-0.6591103344559389,15.0,18.125,-1.1329233593752694,0.06538146269974901,-0.18821319707745876,1.0,0.0,2.0,-3.0,9,7,0,0.5625,NFC,West,False,False,1,False,False,7.625,0.741146650384654,1.0045575974923668
1978,BUF,-1.804160343598356,-0.7215018065544508,2.281556917032224,42.78498193445549,-3.25,-0.6854747478341765,18.875,22.125,0.1843940899719967,-1.1944419906115498,-0.06545160646669942,3.0,0.0,,,5,11,0,0.3125,AFC,East,False,False,0,False,False,3.125,0.741146650384654,1.0045575974923668
1978,CHI,-0.9246254035587432,-0.3697669674543546,2.280224218411535,46.30233032545645,-1.3125,-0.27682634047149435,15.8125,17.125,-0.8567116361250362,0.3803373260275737,-0.26130036112926847,,,,,7,9,0,0.4375,NFC,Central,False,False,0,False,False,4.375,0.741146650384654,1.0045575974923668
1978,CIN,-0.9814738040355232,-0.3925012126611426,2.2759659315629728,46.07498787338857,-2.0,-0.4218306140518009,15.75,17.75,-0.8779586917596695,0.18348991144768326,0.24792296937469444,3.0,0.0,,,4,12,0,0.25,AFC,Central,False,False,0,False,False,2.5,0.741146650384654,1.0045575974923668
1978,CLE,-0.6504266531462292,-0.2601121385587007,2.2758129036329744,47.39887861441299,-1.375,-0.29000854716061314,20.875,22.25,0.864299870280263,-1.2338114735275278,-0.015228891044499393,2.0,0.0,,,8,8,0,0.5,AFC,Central,False,False,0,False,False,5.0,0.741146650384654,1.0045575974923668
1978,DAL,6.307562561333649,2.522457496145133,2.1754336616710908,75.22457496145134,11.0,2.320068377284905,24.0,13.0,1.9266526520119291,1.6795302622548505,-0.10648795754544728,1.0,0.0,3.0,10.333333333333334,12,4,0,0.75,NFC,East,True,True,2,True,False,19.5,0.741146650384654,1.0045575974923668
1978,DEN,2.295588298956158,0.918028772042919,2.2453221592238943,59.18028772042919,5.25,1.1073053618859774,17.625,12.375,-0.24054702272066977,1.876377676834741,-0.06811736500310063,1.0,0.0,1.0,-23.0,10,6,0,0.625,AFC,West,True,False,0,False,False,8.25,0.741146650384654,1.0045575974923668
1978,DET,-0.8266211016703103,-0.3305740647206752,2.280224218411535,46.694259352793246,-0.625,-0.13182206689118778,18.125,18.75,-0.0705705776436032,-0.13146595188014143,-0.26619947397097843,,,,,7,9,0,0.4375,NFC,Central,False,False,0,False,False,4.375,0.741146650384654,1.0045575974923668
1978,GB,-0.503020589074936,-0.2011629759180901,2.280347936784138,47.9883702408191,-1.25,-0.26364413378237556,15.5625,16.8125,-0.9416998586635694,0.4787610333175189,0.1401716536451179,1.0,0.0,,,8,7,1,0.53125,NFC,Central,False,False,0,False,False,5.3125,0.741146650384654,1.0045575974923668
1978,IND,-4.851319690967713,-1.940091374708552,2.2799044856448014,30.59908625291448,-11.375,-2.3991616174196175,14.9375,26.3125,-1.1541704150099026,-2.5133196682968157,0.4798763261230468,4.0,0.0,,,5,11,0,0.3125,AFC,East,False,False,0,False,False,3.125,0.741146650384654,1.0045575974923668
1978,KC,-2.655950856409041,-1.0621413710917742,2.2815110003335923,39.37858628908226,-5.25,-1.1073053618859774,15.1875,20.4375,-1.0691821924713694,-0.6629539712458457,0.20022626396566237,1.0,0.0,,,4,12,0,0.25,AFC,West,False,False,0,False,False,2.5,0.741146650384654,1.0045575974923668
1978,LAC,1.4914625056821875,0.5964508066459804,2.2802788305238755,55.9645080664598,2.875,0.6063815076994638,22.1875,19.3125,1.3104880386075628,-0.3086286250020428,0.041792756007982504,1.0,0.0,,,9,7,0,0.5625,AFC,West,False,False,0,False,False,5.625,0.741146650384654,1.0045575974923668
1978,LAR,1.98113798472196,0.7922769392878053,2.209101542426567,57.92276939287805,4.4375,0.9359366749274333,19.75,15.3125,0.48185286885686324,0.951194828309256,-0.13531028423749214,2.0,1.0,2.0,-2.0,12,4,0,0.75,NFC,West,True,False,1,False,False,11.5,0.741146650384654,1.0045575974923668
1978,MIA,3.060189616645558,1.2238005034548514,2.245303641560332,62.23800503454852,7.375,1.5555003893160158,23.25,15.875,1.6716879843963293,0.7740321551873546,-0.06118843851856162,1.0,1.0,1.0,-8.0,11,5,0,0.6875,AFC,East,True,False,0,False,False,8.875,0.741146650384654,1.0045575974923668
1978,MIN,-0.7326055338529118,-0.2929762967256169,2.245519467615148,47.07023703274383,-0.75,-0.15818648026942533,18.375,19.125,0.0144176448949301,-0.2495744006280757,0.15164831874605875,1.0,1.0,1.0,-24.0,8,7,1,0.53125,NFC,Central,True,False,0,False,False,7.3125,0.741146650384654,1.0045575974923668
1978,NE,1.5733607617119594,0.6292027401915798,2.24530364156033,56.2920274019158,4.5,0.949118881616552,22.375,17.875,1.3742292055114629,0.14412042853170517,0.013136281889347318,3.0,0.3333333333333333,1.0,-17.0,11,5,0,0.6875,AFC,East,False,False,0,False,False,6.875,0.741146650384654,1.0045575974923668
1978,NO,-0.6027706611255885,-0.2410540296394796,2.276363365061627,47.5894597036052,-1.0625,-0.22409751371501924,17.5625,18.625,-0.2617940783553031,-0.09209646896416335,-0.006143913121581537,2.0,0.0,,,7,9,0,0.4375,NFC,West,False,False,0,False,False,4.375,0.741146650384654,1.0045575974923668
1978,NYG,-1.2356751729874709,-0.4941588882542356,2.281308600133348,45.058411117457645,-2.125,-0.4481950274300385,16.5,18.625,-0.6229940241440696,-0.09209646896416335,-0.03383689354998866,2.0,0.0,,,6,10,0,0.375,NFC,East,False,False,0,False,False,3.75,0.741146650384654,1.0045575974923668
1978,NYJ,0.2449040072305482,0.0979395674426835,2.2799044856448014,50.97939567442683,-0.3125,-0.06591103344559389,22.4375,22.75,1.395476261146096,-1.3912894051914402,0.2251224583541424,4.0,0.5,,,8,8,0,0.5,AFC,East,False,False,0,False,False,5.0,0.741146650384654,1.0045575974923668
1978,OAK,1.0667771974990032,0.4266148948000458,2.280278830523874,54.266148948000456,1.75,0.3691017872953258,19.4375,17.6875,0.3756175906836966,0.2031746529056723,0.06302224498872433,1.0,0.0,,,9,7,0,0.5625,AFC,West,False,False,0,False,False,5.625,0.741146650384654,1.0045575974923668
1978,PHI,0.9123082801918572,0.3648412263514131,2.242797811920713,53.64841226351413,1.25,0.26364413378237556,16.875,15.625,-0.4955116903362697,0.8527711210193107,0.16321407617876776,3.0,0.3333333333333333,1.0,-1.0,9,7,0,0.5625,NFC,East,False,False,0,False,False,5.625,0.741146650384654,1.0045575974923668
1978,PIT,6.4412914675523965,2.5759370262588144,2.176666384982768,75.75937026258813,10.0625,2.122335276948123,22.25,12.1875,1.3317350942421962,1.9354319012087082,-0.36973503664668883,,,3.0,18.666666666666668,14,2,0,0.875,AFC,Central,True,True,3,True,True,26.75,0.741146650384654,1.0045575974923668
1978,SEA,-0.3637309129745132,-0.1454596381868112,2.280341582614768,48.545403618131886,-0.8125,-0.17136868695854413,21.5625,22.375,1.0980174822612296,-1.273180956443506,0.06481868627561563,1.0,0.0,,,9,7,0,0.5625,AFC,West,False,False,0,False,False,5.625,0.741146650384654,1.0045575974923668
1978,SF,-4.64143975782933,-1.8561582855814236,2.275756219526537,31.438417144185767,-8.1875,-1.72686907627456,13.6875,21.875,-1.5791115277025691,-1.1157030247795936,-0.04488425720266447,1.0,0.0,,,2,14,0,0.125,NFC,West,False,False,0,False,False,1.25,0.741146650384654,1.0045575974923668
1978,TB,-1.2562517699993767,-0.502387675661913,2.281552659127539,44.97612324338087,-1.125,-0.237279720404138,15.0625,16.1875,-1.111676303740636,0.6756084478974094,-0.4484614816442711,,,,,5,11,0,0.3125,NFC,Central,False,False,0,False,False,3.125,0.741146650384654,1.0045575974923668
1978,TEN,0.3215149585461172,0.1285770548324094,2.180007547283724,51.285770548324095,-0.9375,-0.19773310033678168,17.6875,18.625,-0.21929996708603647,-0.09209646896416335,0.18278818593800047,3.0,0.6666666666666666,3.0,-1.3333333333333333,10,6,0,0.625,AFC,Central,False,False,2,False,False,10.25,0.741146650384654,1.0045575974923668
1978,WSH,-0.3252107784600217,-0.1300550502633815,2.279805312835366,48.69944949736618,-0.625,-0.13182206689118778,17.0625,17.6875,-0.4317705234323697,0.2031746529056723,0.017381753171608227,3.0,0.3333333333333333,,,8,8,0,0.5,NFC,East,False,False,0,False,False,5.0,0.741146650384654,1.0045575974923668
1979,ARI,-1.521393270714177,-0.537490899724219,2.492678240998044,44.62509100275781,-3.1875,-0.6746286375278332,19.1875,22.375,-0.2564223886736681,-0.7195869858186216,0.11774425039100637,1.0,0.0,,,5,11,0,0.3125,NFC,East,False,False,0,False,False,3.125,2.66314718154792,1.1141229422059864
1979,ATL,-3.394785227638134,-1.1993389227475462,2.4879144124484256,38.00661077252454,-5.5,-1.164065100048026,18.75,24.25,-0.3843073458747851,-1.3035996119902562,-0.14380464373383256,1.0,1.0,,,6,10,0,0.375,NFC,West,False,False,0,False,False,3.75,2.66314718154792,1.1141229422059864
1979,BUF,-0.291451227278086,-0.102966396257222,2.4934125551998725,48.97033603742778,-0.6875,-0.14550813750600325,16.75,17.4375,-0.9689242930798914,0.8183129297666832,0.07509479144385359,2.0,0.0,,,7,9,0,0.4375,AFC,East,False,False,0,False,False,4.375,2.66314718154792,1.1141229422059864
1979,CHI,0.7276966839752589,0.257086943215271,2.448936879610905,52.57086943215271,3.5625,0.7539967125311077,19.125,15.5625,-0.2746916682738277,1.402325555938318,-0.5550526247232516,,,1.0,-10.0,10,6,0,0.625,NFC,Central,True,False,0,False,False,8.25,2.66314718154792,1.1141229422059864
1979,CIN,-2.048771621386528,-0.723807659272454,2.4876047231251506,42.76192340727546,-5.25,-1.1111530500458429,21.0625,26.3125,0.291655999331119,-1.9460135007790544,0.6752687029755718,3.0,0.3333333333333333,,,4,12,0,0.25,AFC,Central,False,False,0,False,False,2.5,2.66314718154792,1.1141229422059864
1979,CLE,0.985859411859348,0.3482928921022018,2.487403717408025,53.482928921022015,0.4375,0.09259608750382024,22.4375,22.0,0.6935801505346296,-0.6027844605842946,0.4130044644359619,2.0,0.0,,,9,7,0,0.5625,AFC,Central,False,False,0,False,False,5.625,2.66314718154792,1.1141229422059864
1979,DAL,1.8801580235996125,0.6642383972514083,2.4514932710948263,56.64238397251408,3.625,0.7672247250316534,23.1875,19.5625,0.9128115057365445,0.15643195343883057,-0.032471911730947045,1.0,0.0,1.0,-2.0,11,5,0,0.6875,NFC,East,True,True,0,False,False,9.875,2.66314718154792,1.1141229422059864
1979,DEN,1.6034912012052216,0.5664951627077222,2.449142138807098,55.66495162707722,1.6875,0.35715633751473524,18.0625,16.375,-0.5852694214765404,1.1492534179306095,0.35256707762400175,3.0,0.3333333333333333,1.0,-6.0,10,6,0,0.625,AFC,West,False,False,0,False,False,6.25,2.66314718154792,1.1141229422059864
1979,DET,-5.6051490946385085,-1.9802352803568024,2.4931932499755884,30.197647196431976,-9.125,-1.9312898250796793,13.6875,22.8125,-1.8641189934877103,-0.855856598592003,-0.20190165458834802,,,,,2,14,0,0.125,NFC,Central,False,False,0,False,False,1.25,2.66314718154792,1.1141229422059864
1979,GB,-3.218526713035572,-1.137068798762238,2.4931932499755884,38.629312012377625,-4.375,-0.9259608750382025,15.375,19.75,-1.370848444283402,0.0980306908216671,-0.30729746478766856,,,,,5,11,0,0.3125,NFC,Central,False,False,0,False,False,3.125,2.66314718154792,1.1141229422059864
1979,IND,-2.605552801480079,-0.9205121032835104,2.494622514726053,40.79487896716489,-5.0,-1.05824100004366,16.9375,21.9375,-0.9141164542794127,-0.5833173730452401,0.24432202739627648,1.0,0.0,,,5,11,0,0.3125,AFC,East,False,False,0,False,False,3.125,2.66314718154792,1.1141229422059864
1979,KC,-0.2100742915279123,-0.0742168524968316,2.4947541970142404,49.257831475031686,-1.5,-0.31747230001309795,14.875,16.375,-1.5170026810846784,1.1492534179306095,0.4089912213357394,3.0,0.0,,,7,9,0,0.4375,AFC,West,False,False,0,False,False,4.375,2.66314718154792,1.1141229422059864
1979,LAC,5.920263562778229,2.091561629866044,2.449105968915901,70.91561629866044,10.3125,2.1826220625900485,25.6875,15.375,1.6435826897429273,1.4607268185554816,0.16193376922921152,1.0,1.0,1.0,-3.0,12,4,0,0.75,AFC,West,True,True,0,False,False,10.5,2.66314718154792,1.1141229422059864
1979,LAR,0.6213283241313288,0.2195082142073101,2.368668329407921,52.19508214207311,0.875,0.18519217500764049,20.1875,19.3125,0.03588608492888502,0.23430030359504855,-0.2571511160255859,1.0,0.0,3.0,-0.3333333333333333,9,7,0,0.5625,NFC,West,True,False,2,True,False,15.625,2.66314718154792,1.1141229422059864
1979,MIA,2.4452482377102136,0.8638783282635127,2.449357387081968,58.63878328263513,5.25,1.1111530500458429,21.3125,16.0625,0.3647331177317573,1.2465888556258822,-0.19463121118644094,,,1.0,-20.0,10,6,0,0.625,AFC,East,True,False,0,False,False,8.25,2.66314718154792,1.1141229422059864
1979,MIN,-3.5508042257337307,-1.2544586562672746,2.492834081143908,37.45541343732725,-4.875,-1.0317849750425685,16.1875,21.0625,-1.1333478094813274,-0.3107781474984772,-0.36610942478793335,,,,,7,9,0,0.4375,NFC,Central,False,False,0,False,False,4.375,2.66314718154792,1.1141229422059864
1979,NE,2.451383450086487,0.8660458288589206,2.493412555199872,58.6604582885892,5.3125,1.1243810625463886,25.6875,20.375,1.6435826897429273,-0.09664018456887781,-0.046031736695664245,2.0,0.5,,,9,7,0,0.5625,AFC,East,False,False,0,False,False,5.625,2.66314718154792,1.1141229422059864
1979,NO,0.0248528116735429,0.008780215059593,2.4879144124484256,50.087802150595934,0.625,0.1322801250054575,23.125,22.5,0.8945422261363849,-0.7585211608967305,-0.29481953595972493,1.0,0.0,,,8,8,0,0.5,NFC,West,False,False,0,False,False,5.0,2.66314718154792,1.1141229422059864
1979,NYG,-3.4139330240795727,-1.2061036209588205,2.4945910690506774,37.93896379041179,-5.375,-1.1376090750469343,14.8125,20.1875,-1.5352719606848382,-0.038238921951714334,-0.06650605406983853,,,,,6,10,0,0.375,NFC,East,False,False,0,False,False,3.75,2.66314718154792,1.1141229422059864
1979,NYJ,-0.8878273829445453,-0.3136592937831614,2.4932100771147137,46.86340706216839,-2.875,-0.6084885750251045,21.0625,23.9375,0.291655999331119,-1.2062641742949838,-0.047439008430606694,,,,,8,8,0,0.5,AFC,East,False,False,0,False,False,5.0,2.66314718154792,1.1141229422059864
1979,OAK,1.497355685135211,0.5289986947508308,2.4931150816273577,55.28998694750831,1.75,0.37038435001528097,22.8125,21.0625,0.803195828135587,-0.3107781474984772,0.3100278439060201,2.0,0.5,,,9,7,0,0.5625,AFC,West,False,False,0,False,False,5.625,2.66314718154792,1.1141229422059864
1979,PHI,1.5897578104148715,0.5616433122925402,2.4065763724188285,55.6164331229254,3.5625,0.7539967125311077,21.1875,17.625,0.32819455853143814,0.7599116671495199,-0.14714395985347012,1.0,1.0,2.0,1.5,11,5,0,0.6875,NFC,East,False,False,1,False,False,8.875,2.66314718154792,1.1141229422059864
1979,PIT,6.766246624224516,2.390437801859866,2.3688357120302146,73.90437801859866,9.625,2.0371139250840455,26.0,16.375,1.7349290877437251,1.1492534179306095,0.28598802033403187,1.0,0.0,3.0,15.333333333333334,12,4,0,0.75,AFC,Central,True,False,3,True,True,24.5,2.66314718154792,1.1141229422059864
1979,SEA,0.8205523231881089,0.2898917820598347,2.4931150816273577,52.89891782059835,0.375,0.07936807500327449,23.625,23.25,1.0406964629376614,-0.9921262113653844,0.33991620799239464,2.0,0.0,,,9,7,0,0.5625,AFC,West,False,False,0,False,False,5.625,2.66314718154792,1.1141229422059864
1979,SF,-4.2176745729525695,-1.4900563480841953,2.487960277368357,35.09943651915805,-6.75,-1.428625350058941,19.25,26.0,-0.23815310907350853,-1.848678063083782,-0.0434555457391477,1.0,0.0,,,2,14,0,0.125,NFC,West,False,False,0,False,False,1.25,2.66314718154792,1.1141229422059864
1979,TB,-0.4342262316478382,-0.1534071777658741,2.411950549239934,48.46592822234126,2.25,0.47620845001964696,17.0625,14.8125,-0.8775778950790936,1.6359306064069719,-0.8810871639753068,,,2.0,-1.0,10,6,0,0.625,NFC,Central,False,False,1,False,False,8.25,2.66314718154792,1.1141229422059864
1979,TEN,2.195307099265283,0.7755769732050679,2.36930573247134,57.75576973205068,1.9375,0.4100683875169182,22.625,20.6875,0.7483879893351083,-0.19397562226415027,0.35959395429810365,2.0,0.5,3.0,-1.6666666666666667,11,5,0,0.6875,AFC,Central,False,False,2,False,False,10.875,2.66314718154792,1.1141229422059864
1979,WSH,1.870668435810072,0.6608858340600265,2.492175387348628,56.60885834060026,3.3125,0.7010846625289247,21.75,18.4375,0.4926180749328743,0.5068395291418114,-0.15954927507440586,1.0,0.0,,,10,6,0,0.625,NFC,East,False,False,0,False,False,6.25,2.66314718154792,1.1141229422059864
1980,ARI,-2.0728022163300164,-0.5827161167155742,2.503975091908623,44.172838832844256,-3.1875,-0.5302666077595488,18.6875,21.875,-0.483214471332989,-0.378125352938221,0.1358714764186459,6.0,0.16666666666666666,,,5,11,0,0.3125,NFC,East,False,False,0,False,False,3.125,0.8576106887543675,1.1382587018351011
1980,ATL,5.222240115118401,1.468101228599609,2.448734002807859,64.68101228599609,8.3125,1.3828521339611761,25.3125,17.0,1.2961658647914673,0.9495688123625416,-0.10992314954791849,4.0,0.75,1.0,-3.0,12,4,0,0.75,NFC,West,True,False,0,False,False,9.5,0.8576106887543675,1.1382587018351011
1980,BUF,2.519124166836381,0.7081882875551399,2.4574972475830084,57.0818828755514,3.75,0.6238430679524103,20.0,16.25,-0.1306957254970118,1.1538294531780435,0.03228567293368116,5.0,0.6,1.0,-6.0,11,5,0,0.6875,AFC,East,True,False,0,False,False,8.875,0.8576106887543675,1.1382587018351011
1980,CHI,0.5169069491891904,0.145315364756858,2.5029101859389016,51.45315364756858,2.5,0.4158953786349402,19.0,16.5,-0.39928143661013726,1.0857425729062096,-0.15748923574366283,2.0,0.0,,,7,9,0,0.4375,NFC,Central,False,False,0,False,False,4.375,0.8576106887543675,1.1382587018351011
1980,CIN,-2.616451682882394,-0.7355494664235801,2.4970022417087208,42.6445053357642,-4.25,-0.7070221436793984,15.25,19.5,-1.4064778532843578,0.2687000096442018,0.12428658878321316,1.0,0.0,,,6,10,0,0.375,AFC,Central,False,False,0,False,False,3.75,0.8576106887543675,1.1382587018351011
1980,CLE,1.417685295587199,0.3985465008002564,2.448637040064605,53.98546500800256,2.9375,0.48867706989605475,22.3125,19.375,0.49040873145209085,0.3027434497801188,-0.2319114660194363,1.0,0.0,1.0,-2.0,11,5,0,0.6875,AFC,Central,True,False,0,False,False,8.875,0.8576106887543675,1.1382587018351011
1980,DAL,4.886841660224844,1.373812403718856,2.376061547218624,63.73812403718856,8.9375,1.4868259786199112,28.375,19.4375,2.118709605075414,0.2857217297121603,-0.1721043103802659,4.0,0.5,3.0,3.6666666666666665,12,4,0,0.75,NFC,East,False,False,2,False,False,11.5,0.8576106887543675,1.1382587018351011
1980,DEN,0.068838419740042,0.0193521872544002,2.5024366288556377,50.193521872544,-0.8125,-0.13516599805635557,19.375,20.1875,-0.29856179494271523,0.08146108889665837,0.25657842234414313,5.0,0.2,,,8,8,0,0.5,AFC,West,False,False,0,False,False,5.0,0.8576106887543675,1.1382587018351011
1980,DET,1.9350558166932568,0.5439921871213654,2.504408463870268,55.439921871213656,3.875,0.6446378368841573,20.875,17.0,0.10431677172697297,0.9495688123625416,-0.403072577451348,2.0,0.5,,,9,7,0,0.5625,NFC,Central,True,False,0,False,False,7.625,0.8576106887543675,1.1382587018351011
1980,GB,-4.896938417855269,-1.37665085272835,2.5027785160954648,36.2334914727165,-8.75,-1.4556338252222907,14.4375,23.1875,-1.6247037435637723,-0.7355814743653494,-0.035657485404417384,2.0,0.0,,,5,10,1,0.34375,NFC,Central,False,False,0,False,False,3.4375,0.8576106887543675,1.1382587018351011
1980,IND,-1.1976035841913348,-0.3366760728287059,2.504405598721225,46.63323927171294,-2.0,-0.3327163029079522,22.1875,24.1875,0.45683551756295016,-1.0079289954526853,0.07226263292221535,2.0,0.0,,,7,9,0,0.4375,AFC,East,False,False,0,False,False,4.375,0.8576106887543675,1.1382587018351011
1980,KC,-0.4028932224440465,-0.1132632781767731,2.503984262718306,48.86736721823227,-1.0625,-0.1767555359198496,19.9375,21.0,-0.14748233244158215,-0.13982127198680205,0.13385555803552576,2.0,0.5,,,8,8,0,0.5,AFC,West,False,False,0,False,False,5.0,0.8576106887543675,1.1382587018351011
1980,LAC,3.537517382615689,0.9944838806962476,2.419453935983053,59.94483880696247,5.6875,0.946161986394489,26.125,20.4375,1.5143917550708816,0.013374208624824394,0.08970233521557884,4.0,0.5,2.0,-0.5,11,5,0,0.6875,AFC,West,True,True,1,False,False,11.875,0.8576106887543675,1.1382587018351011
1980,LAR,4.10016768405607,1.1526588363872377,2.452410343658697,61.52658836387238,8.4375,1.4036469028929233,26.5,18.0625,1.6151113967383037,0.6601995712072473,-0.3358529534482991,4.0,0.75,1.0,-21.0,11,5,0,0.6875,NFC,West,False,False,0,False,False,6.875,0.8576106887543675,1.1382587018351011
1980,MIA,-1.0331560233489878,-0.2904457845250466,2.5029681222014504,47.09554215474953,-2.4375,-0.40549799416906673,16.625,19.0625,-1.0371725005038104,0.3878520501199113,0.15711493194370446,5.0,0.6,,,8,8,0,0.5,AFC,East,False,False,0,False,False,5.0,0.8576106887543675,1.1382587018351011
1980,MIN,-0.1902907887422987,-0.0534954606807508,2.4571544257970395,49.46504539319249,0.5625,0.09357646019286155,19.8125,19.25,-0.18105554633072285,0.3367868899160358,-0.13263788256396175,2.0,0.5,1.0,-15.0,9,7,0,0.5625,NFC,Central,False,False,0,False,False,5.625,0.8576106887543675,1.1382587018351011
1980,NE,4.311292577599386,1.2120112806958765,2.502708761150509,62.12011280695876,7.25,1.2060965980413265,27.5625,20.3125,1.9004837147959996,0.047417648760741386,-0.16881278156616203,2.0,0.0,,,10,6,0,0.625,AFC,East,False,False,0,False,False,6.25,0.8576106887543675,1.1382587018351011
1980,NO,-7.387991431708163,-2.076947642904049,2.496336332681655,29.23052357095951,-12.25,-2.037887355311207,18.1875,30.4375,-0.6175073268895517,-2.710101002248535,0.3332079593900388,6.0,0.0,,,1,15,0,0.0625,NFC,West,False,False,0,False,False,0.625,0.8576106887543675,1.1382587018351011
1980,NYG,-6.447141034728812,-1.8124512594966584,2.5020127023784333,31.875487405033414,-11.0,-1.829939665993737,15.5625,26.5625,-1.322544818561506,-1.654754358035108,0.22617864752167335,6.0,0.16666666666666666,,,4,12,0,0.25,NFC,East,False,False,0,False,False,2.5,0.8576106887543675,1.1382587018351011
1980,NYJ,-3.716910026066768,-1.0449156024184665,2.502708761150509,39.55084397581534,-5.8125,-0.966956755326236,18.875,24.6875,-0.43285465049927796,-1.1441027559963532,0.11330307882313084,4.0,0.25,,,4,12,0,0.25,AFC,East,False,False,0,False,False,2.5,0.8576106887543675,1.1382587018351011
1980,OAK,4.432829650744312,1.2461783665577295,2.336089659919799,62.4617836655773,3.625,0.6030482990206633,22.75,19.125,0.6079149800640833,0.3708303300519528,0.0582405244828936,2.0,0.0,4.0,11.5,11,5,0,0.6875,AFC,West,False,False,4,True,True,23.875,0.8576106887543675,1.1382587018351011
1980,PHI,6.123543624191239,1.721480000897016,2.3794059470837063,67.21480000897016,10.125,1.684376283471508,24.0,13.875,0.94364711895549,1.8006548157604665,-0.11523743361768933,4.0,0.5,3.0,3.6666666666666665,12,4,0,0.75,NFC,East,True,True,2,True,False,18.5,0.8576106887543675,1.1382587018351011
1980,PIT,1.3383279248349278,0.3762371755046687,2.4970022417087208,53.762371755046686,2.4375,0.40549799416906673,22.0,19.5625,0.4064756967292391,0.25167828957624333,-0.014686741457817933,1.0,0.0,,,9,7,0,0.5625,AFC,Central,False,False,0,False,False,5.625,0.8576106887543675,1.1382587018351011
1980,SEA,-3.4113676350511986,-0.959020057642458,2.5024366288556377,40.40979942357542,-7.3125,-1.2164939825072,18.1875,25.5,-0.6175073268895517,-1.3653851168798137,0.3788749529562504,5.0,0.0,,,4,12,0,0.25,AFC,West,False,False,0,False,False,2.5,0.8576106887543675,1.1382587018351011
1980,SF,-3.5163715168428715,-0.9885392533262796,2.4970198524246943,40.114607466737205,-5.9375,-0.987751524257983,20.0,25.9375,-0.1306957254970118,-1.4845371573555233,-0.06820319223410937,6.0,0.16666666666666666,,,6,10,0,0.375,NFC,West,False,False,0,False,False,3.75,0.8576106887543675,1.1382587018351011
1980,TB,-3.235930982613998,-0.9097004631184866,2.502778516095465,40.902995368815134,-4.375,-0.7278169126111453,16.9375,21.3125,-0.9532394657809585,-0.22492987232659453,-0.09402628410565031,2.0,0.5,,,5,10,1,0.34375,NFC,Central,False,False,0,False,False,3.4375,0.8576106887543675,1.1382587018351011
1980,TEN,0.7560415773073564,0.2125420402068493,2.448700371051931,52.12542040206849,2.75,0.45748491649843426,18.4375,15.6875,-0.5503608991112704,1.30702493378967,-0.2086609084452604,1.0,1.0,1.0,-20.0,11,5,0,0.6875,AFC,Central,False,False,0,False,False,6.875,0.8576106887543675,1.1382587018351011
1980,WSH,-1.0405642819321537,-0.2925284297669311,2.5023633854303617,47.07471570233069,-2.0,-0.3327163029079522,16.3125,18.3125,-1.121105535226662,0.5921126909354132,0.13651362021530403,6.0,0.0,,,6,10,0,0.375,NFC,East,False,False,0,False,False,3.75,0.8576106887543675,1.1382587018351011
1981,ARI,-2.3896568848354867,-0.7127815721880656,2.605196406626534,42.87218427811934,-5.8125,-0.9933404950975203,19.6875,25.5,-0.2830332000100107,-1.2428612935499255,0.17146228252803597,4.0,0.25,,,7,9,0,0.4375,NFC,East,False,False,0,False,False,4.375,-0.941594037944272,1.171831041410814
1981,ATL,2.526095831904843,0.7534782796597228,2.599802501102117,57.53478279659723,4.4375,0.7583567220636983,26.625,22.1875,1.70716405254907,-0.3897594620845743,-0.08916625618591915,4.0,0.25,,,7,9,0,0.4375,NFC,West,False,False,0,False,False,4.375,-0.941594037944272,1.171831041410814
1981,BUF,1.1259712128509451,0.335852203898993,2.523778382924723,53.35852203898993,2.1875,0.3738378207356259,19.4375,17.25,-0.35475201992204963,0.8818451546279302,-0.11176002143195087,3.0,0.0,2.0,-1.5,10,6,0,0.625,AFC,East,False,False,1,False,False,8.25,-0.941594037944272,1.171831041410814
1981,CHI,-2.2250717932175004,-0.6636894949502652,2.605918532060328,43.36310505049735,-4.4375,-0.7583567220636983,15.8125,20.25,-1.3946749086466144,0.10922462801780089,0.2296047716146697,2.0,0.0,,,6,10,0,0.375,NFC,Central,False,False,0,False,False,3.75,-0.941594037944272,1.171831041410814
1981,CIN,4.482160674921312,1.3369289762659289,2.4747344144981573,63.36928976265929,7.3125,1.249686429316235,26.3125,19.0,1.6175155276590214,0.4311498474386881,-0.2988123465895639,1.0,0.0,3.0,7.333333333333333,12,4,0,0.75,AFC,Central,True,True,2,True,False,18.5,-0.941594037944272,1.171831041410814
1981,CLE,-3.850587487888115,-1.148544722416723,2.599929788648044,38.51455277583277,-6.1875,-1.057426978652199,17.25,23.4375,-0.9822916941523904,-0.7116846815054615,0.011871865745767561,3.0,0.6666666666666666,,,5,11,0,0.3125,AFC,Central,False,False,0,False,False,3.125,-0.941594037944272,1.171831041410814
1981,DAL,4.724114574901309,1.4090984506030988,2.5152270764714832,64.09098450603099,5.625,0.9612972533201809,22.9375,17.3125,0.6493114588464955,0.8657488936568859,0.04733689481381691,3.0,0.6666666666666666,2.0,18.5,12,4,0,0.75,NFC,East,True,False,1,False,False,12.5,-0.941594037944272,1.171831041410814
1981,DEN,0.920562886051341,0.2745834623295014,2.605561747114556,52.74583462329501,2.0,0.3417945789582865,20.0625,18.0625,-0.17545497014195227,0.6725937620043535,-0.16707996000045092,1.0,0.0,,,10,6,0,0.625,AFC,West,False,False,0,False,False,6.25,-0.941594037944272,1.171831041410814
1981,DET,2.5851860809777603,0.7711035885073894,2.6059185320603286,57.7110358850739,4.6875,0.801081044433484,24.8125,20.125,1.1872026081867877,0.1414171499598896,0.05025563618246287,2.0,1.0,,,8,8,0,0.5,NFC,Central,False,False,0,False,False,5.0,-0.941594037944272,1.171831041410814
1981,GB,-1.1624690306014245,-0.3467386922826215,2.6068086030308013,46.532613077173785,-2.3125,-0.3951999819205188,20.25,22.5625,-0.12166585520792306,-0.4863370279108405,0.035579701646791057,1.0,0.0,,,8,8,0,0.5,NFC,Central,False,False,0,False,False,5.0,-0.941594037944272,1.171831041410814
1981,IND,-10.092032295294077,-3.010229080024461,2.605667497941043,19.89770919975539,-17.125,-2.9266160823303284,16.1875,33.3125,-1.2870966787785558,-3.2548939149304705,0.3065001390584809,3.0,0.0,,,2,14,0,0.125,AFC,East,False,False,0,False,False,1.25,-0.941594037944272,1.171831041410814
1981,KC,1.9798336422295808,0.5905404014837795,2.605816975637405,55.90540401483779,3.3125,0.566097271399662,21.4375,18.125,0.21899853937426192,0.6564975010333092,-0.06438174148470979,,,,,9,7,0,0.5625,AFC,West,False,False,0,False,False,5.625,-0.941594037944272,1.171831041410814
1981,LAC,2.2974128486541043,0.6852672250231738,2.516090809602105,56.85267225023174,5.5,0.939935092135288,29.875,24.375,2.6395087114055764,-0.953128596071127,-0.21841543033715996,1.0,0.0,2.0,-8.5,10,6,0,0.625,AFC,West,True,False,1,False,False,10.25,-0.941594037944272,1.171831041410814
1981,LAR,-1.6105495598652328,-0.4803911618661389,2.599850961710781,45.19608838133861,-3.0,-0.5126918684374299,18.9375,21.9375,-0.4981896597461275,-0.32537441820039686,0.143454207526989,4.0,0.0,,,6,10,0,0.375,NFC,West,False,False,0,False,False,3.75,-0.941594037944272,1.171831041410814
1981,MIA,2.070518088036288,0.6175895574798956,2.557412880166246,56.17589557479896,4.375,0.7476756414712518,21.5625,17.1875,0.2548579493302814,0.8979414155989746,-0.2383393519549082,2.0,0.5,1.0,-3.0,11,4,1,0.71875,AFC,East,True,False,0,False,False,9.1875,-0.941594037944272,1.171831041410814
1981,MIN,-1.326679046816968,-0.3957188928586556,2.605700740300277,46.042811071413446,-2.75,-0.469967546067644,20.3125,23.0625,-0.10373615022991332,-0.6151071156791954,0.01489692232468369,1.0,1.0,,,7,9,0,0.4375,NFC,Central,False,False,0,False,False,4.375,-0.941594037944272,1.171831041410814
1981,NE,-2.095932584639549,-0.6251701373364412,2.60521107401227,43.74829862663559,-3.0,-0.5126918684374299,20.125,23.125,-0.15752526516394252,-0.6312033766502397,-0.08299439010286612,2.0,0.0,,,2,14,0,0.125,AFC,East,False,False,0,False,False,1.25,-0.941594037944272,1.171831041410814
1981,NO,-6.206372308941946,-1.85122301030956,2.599802501102117,31.4877698969044,-10.6875,-1.8264647813083437,12.9375,23.625,-2.2194413376350624,-0.7599734644185946,0.23642140506024117,4.0,0.25,,,4,12,0,0.25,NFC,West,False,False,0,False,False,2.5,-0.941594037944272,1.171831041410814
1981,NYG,1.868904529978673,0.5574527111407066,2.525614419372659,55.574527111407065,2.375,0.4058810625129653,18.4375,16.0625,-0.6416272995702054,1.187674113077773,0.19533056770117954,5.0,0.4,2.0,-4.0,9,7,0,0.5625,NFC,East,False,False,1,False,False,7.625,-0.941594037944272,1.171831041410814
1981,NYJ,1.6904988415784017,0.5042382568513855,2.5669516069896474,55.04238256851386,4.25,0.7263134802863589,22.1875,17.9375,0.43415499911037875,0.7047862839464423,-0.40087798379327455,1.0,0.0,1.0,-4.0,10,5,1,0.65625,AFC,East,False,False,0,False,False,6.5625,-0.941594037944272,1.171831041410814
1981,OAK,-2.349398444546149,-0.7007733736281083,2.605816975637405,42.99226626371892,-4.375,-0.7476756414712518,17.0625,21.4375,-1.0360808090864195,-0.19660433043204198,0.09703248040427619,,,,,7,9,0,0.4375,AFC,West,False,False,0,False,False,4.375,-0.941594037944272,1.171831041410814
1981,PHI,4.305384479357066,1.2842005634970042,2.5650713450288665,62.84200563497004,9.1875,1.5701188470896288,23.0,13.8125,0.6672411638245053,1.76713950803537,-0.07816048443259778,2.0,0.0,1.0,-6.0,10,6,0,0.625,NFC,East,False,False,0,False,False,6.25,-0.941594037944272,1.171831041410814
1981,PIT,2.119797503628724,0.6322885126083027,2.599485531140286,56.32288512608302,3.6875,0.6301837549543409,22.25,18.5625,0.45208470408838847,0.5438236742359986,-0.11093774883411575,3.0,0.0,,,8,8,0,0.5,AFC,Central,False,False,0,False,False,5.0,-0.941594037944272,1.171831041410814
1981,SEA,-2.088496829683219,-0.6229522167881769,2.606709327730816,43.77047783211823,-4.125,-0.704951319101466,20.125,24.25,-0.15752526516394252,-0.9209360741290382,0.18146772181046578,1.0,0.0,,,6,10,0,0.375,AFC,West,False,False,0,False,False,3.75,-0.941594037944272,1.171831041410814
1981,SF,4.472747637730989,1.3341212763445884,2.4753912256318262,63.34121276344588,6.6875,1.1428756233917707,22.3125,15.625,0.47001440906639824,1.3003479398750837,-0.08335984724935191,2.0,1.0,3.0,6.666666666666667,13,3,0,0.8125,NFC,West,True,True,3,True,True,25.125,-0.941594037944272,1.171831041410814
1981,TB,0.6599686487506695,0.1968539893892428,2.5579404284964493,51.96853989389243,2.9375,0.5020107878449833,19.6875,16.75,-0.2830332000100107,1.010615242396285,-0.05917468795630361,1.0,0.0,1.0,-38.0,9,7,0,0.5625,NFC,Central,True,False,0,False,False,7.625,-0.941594037944272,1.171831041410814
1981,TEN,-2.801466321509503,-0.8356151804676052,2.599485531140286,41.64384819532395,-4.625,-0.7903999638410376,17.5625,22.1875,-0.8926431692623417,-0.3897594620845743,0.07255021280037274,3.0,0.3333333333333333,,,7,9,0,0.4375,AFC,Central,False,False,0,False,False,4.375,-0.941594037944272,1.171831041410814
1981,WSH,0.3695551062871425,0.11023008003411,2.6052243204753984,51.1023008003411,-0.125,-0.021362161184892908,21.6875,21.8125,0.2907173592863009,-0.29318189625830815,0.2096954411349405,5.0,0.2,,,8,8,0,0.5,NFC,East,False,False,0,False,False,5.0,-0.941594037944272,1.171831041410814
1982,ARI,-2.5411848804082293,-0.692539398325158,3.0468875037377194,43.07460601674842,-3.888888888888889,-0.6506793470742057,15.0,18.88888888888889,-1.0710102594249866,0.35469656599009064,0.36064680481040495,3.0,0.0,1.0,-25.0,5,4,0,0.5555555555555556,NFC,East,False,False,0,False,False,5.555555555555555,-0.1889591962688265,1.3997568994444105
1982,ATL,-2.078673719747392,-0.5664930002876919,3.0424792097048834,44.33506999712308,-1.7777777777777777,-0.2974534158053512,20.333333333333332,22.11111111111111,0.03624957801130712,-0.5453459702097648,-0.23111093278357625,2.0,0.0,1.0,-6.0,5,4,0,0.5555555555555556,NFC,West,True,False,0,False,False,7.555555555555555,-0.1889591962688265,1.3997568994444105
1982,BUF,0.3541005813126747,0.0965016773944729,3.135569549781634,50.96501677394473,-0.4444444444444444,-0.07436335395133781,16.666666666666668,17.11111111111111,-0.7249915602261445,0.8512717583762182,0.3394838864883497,3.0,0.0,,,4,5,0,0.4444444444444444,AFC,East,False,False,0,False,False,4.444444444444445,-0.1889591962688265,1.3997568994444105
1982,CHI,-3.0487626247867787,-0.8308676200949537,3.131545682526128,41.69132379905047,-3.6666666666666665,-0.6134976700985368,15.666666666666666,19.333333333333332,-0.93260277974545,0.23055276789355925,-0.4280220384388484,,,,,3,6,0,0.3333333333333333,NFC,Central,False,False,0,False,False,3.333333333333333,-0.1889591962688265,1.3997568994444105
1982,CIN,1.207959035679068,0.3292004569286706,3.046056725636483,53.2920045692867,6.111111111111111,1.0224961168308946,25.77777777777778,19.666666666666668,1.1665773287275243,0.13744491932115974,-0.4614869335670403,1.0,1.0,1.0,-27.0,7,2,0,0.7777777777777778,AFC,Central,True,False,0,False,False,9.777777777777779,-0.1889591962688265,1.3997568994444105
1982,CLE,-2.953493055998079,-0.8049041688103608,3.050911306970696,41.95095831189639,-4.666666666666667,-0.780815216489047,15.555555555555555,20.22222222222222,-0.9556706930253728,-0.01773482829950448,0.13064505655118436,1.0,0.0,1.0,-17.0,4,5,0,0.4444444444444444,AFC,Central,False,False,0,False,False,4.444444444444445,-0.1889591962688265,1.3997568994444105
1982,DAL,5.070593562105723,1.3818694742462008,2.88891582840832,63.81869474246201,9.0,1.5058579175145903,25.11111111111111,16.11111111111111,1.0281698490479874,1.1305953040934147,-0.15301233981732987,1.0,1.0,3.0,3.3333333333333335,6,3,0,0.6666666666666666,NFC,East,False,False,2,False,False,10.666666666666666,-0.1889591962688265,1.3997568994444105
1982,DEN,-5.514599925559262,-1.5028728306604968,3.15690636745932,34.97127169339503,-8.666666666666666,-1.450085402051087,16.444444444444443,25.11111111111111,-0.7711273867859907,-1.3833166073613545,-0.052658140140217045,1.0,0.0,,,2,7,0,0.2222222222222222,AFC,West,False,False,0,False,False,2.2222222222222223,-0.1889591962688265,1.3997568994444105
1982,DET,-0.5057461429634083,-0.137829062439913,3.053997696949122,48.62170937560087,0.5555555555555556,0.09295419243917223,20.11111111111111,19.555555555555557,-0.009886248548538305,0.1684808688452926,0.12434767875096672,3.0,0.6666666666666666,1.0,-24.0,4,5,0,0.4444444444444444,NFC,Central,False,False,0,False,False,4.444444444444445,-0.1889591962688265,1.3997568994444105
1982,GB,3.968866598033965,1.0816200375762142,2.9540029780735053,60.81620037576214,6.333333333333333,1.0596777938065636,25.11111111111111,18.77777777777778,1.0281698490479874,0.3857325155142235,-0.17423949212341056,1.0,0.0,2.0,7.0,5,3,1,0.6111111111111112,NFC,Central,True,False,1,False,False,10.11111111111111,-0.1889591962688265,1.3997568994444105
1982,IND,-5.827626317282315,-1.588180716228017,3.1403701237572967,34.11819283771983,-13.666666666666666,-2.286673134003637,12.555555555555555,26.22222222222222,-1.5785043515832882,-1.6936761026026839,0.7780140773762284,4.0,0.125,,,0,8,1,0.05555555555555555,AFC,East,False,False,0,False,False,0.5555555555555556,-0.1889591962688265,1.3997568994444105
1982,KC,-0.0691992950282006,-0.0188586192656936,3.1244442518898072,49.811413807343065,-0.8888888888888888,-0.14872670790267561,19.555555555555557,20.444444444444443,-0.12522581494815185,-0.07980672734777017,0.15170144260423488,2.0,0.5,,,3,6,0,0.3333333333333333,AFC,West,False,False,0,False,False,3.333333333333333,-0.1889591962688265,1.3997568994444105
1982,LAC,3.1386266180798463,0.8553579105598795,2.9760318521412823,58.55357910559879,7.444444444444445,1.245586178684908,32.0,24.555555555555557,2.4583804724032006,-1.2281368597406903,-0.3438182362894845,2.0,0.0,2.0,-9.0,6,3,0,0.6666666666666666,AFC,West,False,False,1,False,False,8.666666666666666,-0.1889591962688265,1.3997568994444105
1982,LAR,-3.827578247700869,-1.0431152637266563,3.1417302307249875,39.56884736273344,-5.555555555555555,-0.9295419243917225,22.22222222222222,27.77777777777778,0.42840410376999466,-2.128179395940546,-0.14365798223683918,2.0,0.0,,,2,7,0,0.2222222222222222,NFC,West,False,False,0,False,False,2.2222222222222223,-0.1889591962688265,1.3997568994444105
1982,MIA,6.234681625855619,1.6991139429514222,2.8574020023171105,66.99113942951422,7.444444444444445,1.245586178684908,22.0,14.555555555555555,0.3822682772101493,1.5650985974312759,-0.017881120666298694,2.0,1.0,4.0,10.0,7,2,0,0.7777777777777778,AFC,East,True,False,3,True,False,20.77777777777778,-0.1889591962688265,1.3997568994444105
1982,MIN,-0.2438624393438846,-0.0664588980988229,2.948612167410177,49.33541101901177,-1.2222222222222223,-0.20449922336617896,20.77777777777778,22.0,0.1285212311309987,-0.5143100206856319,0.3648263330057613,4.0,0.25,2.0,-4.0,5,4,0,0.5555555555555556,NFC,Central,False,False,1,False,False,7.555555555555555,-0.1889591962688265,1.3997568994444105
1982,NE,-1.5469416721261606,-0.4215820986178162,3.0463674515962915,45.78417901382184,-1.5555555555555556,-0.2602717388296823,15.88888888888889,17.444444444444443,-0.8864669531856043,0.7581639098038195,-0.17050481842896584,2.0,0.5,1.0,-15.0,5,4,0,0.5555555555555556,AFC,East,False,False,0,False,False,5.555555555555555,-0.1889591962688265,1.3997568994444105
1982,NO,-1.763588494898218,-0.4806240288009971,3.136122421350726,45.193759711990026,-3.4444444444444446,-0.576315993122868,14.333333333333334,17.77777777777778,-1.2094177391045233,0.66505606123142,0.025305843440602455,2.0,0.0,,,4,5,0,0.4444444444444444,NFC,West,False,False,0,False,False,4.444444444444445,-0.1889591962688265,1.3997568994444105
1982,NYG,0.5356886228046719,0.1459891719752329,3.155465888487364,51.45989171975233,0.4444444444444444,0.07436335395133778,18.22222222222222,17.77777777777778,-0.40204077430722585,0.66505606123142,0.1787054061397376,3.0,0.0,,,4,5,0,0.4444444444444444,NFC,East,False,False,0,False,False,4.444444444444445,-0.1889591962688265,1.3997568994444105
1982,NYJ,6.345297722320373,1.7292597247406134,2.901765477779073,67.29259724740614,8.777777777777779,1.4686762405389215,27.22222222222222,18.444444444444443,1.4664602013665204,0.478840364086623,0.23320978530384537,3.0,0.3333333333333333,3.0,5.333333333333333,6,3,0,0.6666666666666666,AFC,East,False,False,2,False,False,10.666666666666666,-0.1889591962688265,1.3997568994444105
1982,OAK,4.043489150231007,1.1019566363803617,2.961741046169842,61.01956636380361,6.666666666666667,1.115450309270067,28.88888888888889,22.22222222222222,1.8124789005653625,-0.5763819197338976,-0.22504246655199664,,,2.0,7.0,8,1,0,0.8888888888888888,AFC,West,True,True,1,False,False,13.88888888888889,-0.1889591962688265,1.3997568994444105
1982,PHI,0.175352416100505,0.047788123436968,3.157900228835958,50.47788123436968,-0.4444444444444444,-0.07436335395133781,21.22222222222222,21.666666666666668,0.22079288425068955,-0.4212021721132334,0.25929094887223,3.0,0.3333333333333333,,,3,6,0,0.3333333333333333,NFC,East,False,False,0,False,False,3.333333333333333,-0.1889591962688265,1.3997568994444105
1982,PIT,3.003887038714649,0.818637848220626,3.045765322600433,58.18637848220626,6.444444444444445,1.078268632294398,22.666666666666668,16.22222222222222,0.5206757568896863,1.0995593545692819,-0.32186461121882026,1.0,1.0,1.0,-3.0,6,3,0,0.6666666666666666,AFC,Central,False,False,0,False,False,6.666666666666666,-0.1889591962688265,1.3997568994444105
1982,SEA,-2.657249599507506,-0.7241700724061714,3.1394058418274,42.758299275938285,-2.2222222222222223,-0.371816769756689,14.11111111111111,16.333333333333332,-1.255553565664369,1.068523405045149,-0.5270265098825323,1.0,0.0,,,4,5,0,0.4444444444444444,AFC,West,False,False,0,False,False,4.444444444444445,-0.1889591962688265,1.3997568994444105
1982,SF,-0.7697928090441277,-0.2097886906696896,3.1466850924726195,47.9021130933031,0.3333333333333333,0.055772515463503335,23.22222222222222,22.88888888888889,0.6360153232892998,-0.7625976168786956,-0.3767004286503454,1.0,0.0,,,3,6,0,0.3333333333333333,NFC,West,False,False,0,False,False,3.333333333333333,-0.1889591962688265,1.3997568994444105
1982,TB,-0.5432522599867635,-0.1480504610941876,3.041537706895552,48.51949538905812,-2.2222222222222223,-0.371816769756689,17.555555555555557,19.77777777777778,-0.5404482539867621,0.1064089697970269,0.5855487907380345,4.0,0.25,1.0,-13.0,5,4,0,0.5555555555555556,NFC,Central,False,False,0,False,False,5.555555555555555,-0.1889591962688265,1.3997568994444105
1982,TEN,-7.08164628057348,-1.929933981628324,3.142757962787932,30.70066018371676,-12.11111111111111,-2.026401395173955,15.11111111111111,27.22222222222222,-1.0479423461450639,-1.9729996483198806,0.1224476879891134,1.0,0.0,,,1,8,0,0.1111111111111111,AFC,Central,False,False,0,False,False,1.1111111111111112,-0.1889591962688265,1.3997568994444105
1982,WSH,6.8946547937166125,1.8789739067442877,2.8462016538082864,68.78973906744287,6.888888888888889,1.152631986245736,21.11111111111111,14.222222222222221,0.19772497097076683,1.658206446003675,-0.02714769127498869,1.0,0.0,4.0,15.5,8,1,0,0.8888888888888888,NFC,East,True,True,4,True,True,28.88888888888889,-0.1889591962688265,1.3997568994444105
1983,ARI,-1.1136943592832151,-0.3493469704298524,2.597940569613052,46.506530295701474,-3.375,-0.6245681903128893,23.375,26.75,0.3467110812860809,-1.53108350667455,0.350135620322783,6.0,0.16666666666666666,,,8,7,1,0.53125,NFC,East,False,False,0,False,False,5.3125,-0.6064608473272093,1.1669678881634538
1983,ATL,-0.2101922428584636,-0.0659337300565303,2.592870393703453,49.340662699434695,-1.1875,-0.21975547436934995,23.125,24.3125,0.2906769671388355,-0.7728326271785824,0.26837331294878297,4.0,0.25,,,7,9,0,0.4375,NFC,West,False,False,0,False,False,4.375,-0.6064608473272093,1.1669678881634538
1983,BUF,-2.3496612305637377,-0.7370487473441334,2.598043723802043,42.62951252655866,-4.25,-0.7864932766903051,17.6875,21.9375,-0.928065015563752,-0.03402407792610111,0.11035973222296197,4.0,0.25,,,8,8,0,0.5,AFC,East,False,False,0,False,False,5.0,-0.6064608473272093,1.1669678881634538
1983,CHI,-0.3415504154308612,-0.1071385536662178,2.600253762112705,48.92861446333782,0.625,0.1156607759838684,19.4375,18.8125,-0.5358262165330342,0.9380924342482163,-0.365249431623633,1.0,1.0,,,8,8,0,0.5,NFC,Central,False,False,0,False,False,5.0,-0.6064608473272093,1.1669678881634538
1983,CIN,0.6509729281634663,0.2041991309286363,2.593359391079929,52.04199130928637,2.75,0.508907414329021,21.625,18.875,-0.04552771774463689,0.91865010400473,-0.2852812004977234,2.0,0.0,,,7,9,0,0.4375,AFC,Central,False,False,0,False,False,4.375,-0.6064608473272093,1.1669678881634538
1983,CLE,-0.4960412638560278,-0.1555997040766462,2.593279640439443,48.444002959233536,0.875,0.16192508637741576,22.25,21.375,0.09455756762347661,0.14095689426527602,-0.4809916266089286,,,,,9,7,0,0.5625,AFC,Central,False,False,0,False,False,5.625,-0.6064608473272093,1.1669678881634538
1983,DAL,4.4120539377511525,1.3839862469254909,2.551371101882358,63.83986246925491,7.4375,1.3763632342080339,29.9375,22.5,1.8176065776512726,-0.20900505011747825,0.13346896815336506,4.0,0.25,1.0,-7.0,12,4,0,0.75,NFC,East,False,False,0,False,False,7.5,-0.6064608473272093,1.1669678881634538
1983,DEN,-1.773439026274876,-0.5562976465732853,2.559980787932594,44.43702353426715,-1.5625,-0.289151939959671,18.875,20.4375,-0.6619029733643363,0.43259184791757127,-0.07671756504271306,2.0,0.0,1.0,-24.0,9,7,0,0.5625,AFC,West,False,False,0,False,False,5.625,-0.6064608473272093,1.1669678881634538
1983,DET,1.4082099121178784,0.4417314880218089,2.551681221428169,54.417314880218086,3.8125,0.7055307335015972,21.6875,17.875,-0.03151918920782554,1.2297273879005115,-0.310016977219977,1.0,0.0,1.0,-1.0,9,7,0,0.5625,NFC,Central,True,False,0,False,False,7.625,-0.6064608473272093,1.1669678881634538
1983,GB,-1.320110919102515,-0.4140963329621689,2.598484461057008,45.85903667037831,-0.625,-0.1156607759838684,26.8125,27.4375,1.117180150810705,-1.7449491393528997,-0.20303849959697978,1.0,1.0,,,8,8,0,0.5,NFC,Central,False,False,0,False,False,5.0,-0.6064608473272093,1.1669678881634538
1983,IND,-3.635299805210014,-1.1403316924148954,2.599962115813859,38.59668307585105,-5.625,-1.0409469838548155,16.5,22.125,-1.1942270577631677,-0.09235106865656016,-0.21283813064093637,2.0,0.0,,,7,9,0,0.4375,AFC,East,False,False,0,False,False,4.375,-0.6064608473272093,1.1669678881634538
1983,KC,1.0762754485242976,0.3376092948266231,2.598263642057346,53.37609294826623,1.1875,0.21975547436934995,24.125,22.9375,0.5148134237278171,-0.3451013618218827,0.21948336035999372,5.0,0.0,,,6,10,0,0.375,AFC,West,False,False,0,False,False,3.75,-0.6064608473272093,1.1669678881634538
1983,LAC,-3.013735492104679,-0.945357543627417,2.598259694801947,40.54642456372583,-6.5,-1.2028720702322313,22.375,28.875,0.12257462469709932,-2.192122734953086,0.428361154920392,4.0,0.25,,,6,10,0,0.375,AFC,West,False,False,0,False,False,3.75,-0.6064608473272093,1.1669678881634538
1983,LAR,0.8461166389166999,0.2654123925222016,2.505558729722687,52.65412392522202,1.0625,0.19662331917257628,22.5625,21.5,0.16460021030753336,0.10207223377830334,0.22695504762644145,4.0,0.25,2.0,-18.5,9,7,0,0.5625,NFC,West,False,False,1,False,False,7.625,-0.6064608473272093,1.1669678881634538
1983,MIA,4.377443471662028,1.3731295326280577,2.550844230958822,63.73129532628057,8.6875,1.6076847861757708,24.3125,15.625,0.5568390093382511,1.92965127666602,-0.15341255277356192,2.0,0.5,1.0,-7.0,12,4,0,0.75,AFC,East,True,True,0,False,False,10.5,-0.6064608473272093,1.1669678881634538
1983,MIN,-1.4698939295072109,-0.4610807146918396,2.598849386043008,45.3891928530816,-2.0,-0.37011448314837886,19.75,21.75,-0.4657835738489774,0.024302912804357937,-0.1596070291068318,2.0,0.0,,,8,8,0,0.5,NFC,Central,False,False,0,False,False,5.0,-0.6064608473272093,1.1669678881634538
1983,NE,-0.6610745086862915,-0.207367824855104,2.598335438177826,47.92632175144896,-0.9375,-0.17349116397580258,17.125,18.0625,-1.0541417723950541,1.1714003971700526,-0.01380072793042363,3.0,0.3333333333333333,,,8,8,0,0.5,AFC,East,False,False,0,False,False,5.0,-0.6064608473272093,1.1669678881634538
1983,NO,-0.488537131888696,-0.1532457855651253,2.592518637632186,48.46754214434875,-1.125,-0.20818939677096313,19.9375,21.0625,-0.4237579882385433,0.23816854548270777,0.11088137326823876,4.0,0.25,,,8,8,0,0.5,NFC,West,False,False,0,False,False,5.0,-0.6064608473272093,1.1669678881634538
1983,NYG,-2.2628581377614623,-0.7098200941309364,2.598167697387541,42.90179905869064,-5.0,-0.9252862078709472,16.6875,21.6875,-1.1522014721527336,0.04374524304784429,0.4474381280076743,5.0,0.0,,,3,12,1,0.21875,NFC,East,False,False,0,False,False,2.1875,-0.6064608473272093,1.1669678881634538
1983,NYJ,-0.734420954847479,-0.2303753569886946,2.598335438177826,47.69624643011306,-1.125,-0.20818939677096313,19.5625,20.6875,-0.5078091594594114,0.35482252694362587,-0.010924786413724782,3.0,0.3333333333333333,,,7,9,0,0.4375,AFC,East,False,False,0,False,False,4.375,-0.6064608473272093,1.1669678881634538
1983,OAK,6.333238176010497,1.9866290525382009,2.47530998688716,69.86629052538201,6.5,1.2028720702322313,27.625,21.125,1.2992910217892528,0.21872621523922142,0.013355890646046496,3.0,0.6666666666666666,3.0,24.333333333333332,12,4,0,0.75,AFC,West,True,False,3,True,True,24.5,-0.6064608473272093,1.1669678881634538
1983,PHI,-2.79789441963838,-0.8776518718406242,2.599948776074901,41.22348128159376,-5.5625,-1.0293809062564288,14.5625,20.125,-1.6284914424043195,0.529803499135003,0.31962765674540455,5.0,0.2,,,5,11,0,0.3125,NFC,East,False,False,0,False,False,3.125,-0.6064608473272093,1.1669678881634538
1983,PIT,0.7275415872481866,0.2282174164287435,2.5466400202122683,52.28217416428743,3.25,0.6014360351161157,22.1875,18.9375,0.08054903908666526,0.8992077737612436,-0.5289687666721024,,,1.0,-28.0,10,6,0,0.625,AFC,Central,True,False,0,False,False,8.25,-0.6064608473272093,1.1669678881634538
1983,SEA,1.569914195793782,0.4924553703301152,2.4781569545587434,54.92455370330115,0.375,0.06939646559032103,25.1875,24.8125,0.7529584088536101,-0.9283712691264732,0.24863454067570048,4.0,0.5,3.0,5.0,9,7,0,0.5625,AFC,West,False,False,2,False,False,9.625,-0.6064608473272093,1.1669678881634538
1983,SF,5.044878248557616,1.582492465397212,2.50175922996828,65.82492465397212,8.6875,1.6076847861757708,27.0,18.3125,1.1592057364211392,1.0936310761961072,-0.10608590810205337,2.0,0.5,2.0,-1.0,10,6,0,0.625,NFC,West,True,False,1,False,False,10.25,-0.6064608473272093,1.1669678881634538
1983,TB,-5.027196568324952,-1.5769460231710288,2.598849386043009,34.23053976828971,-8.6875,-1.6076847861757708,15.0625,23.75,-1.5164232141098286,-0.5978516549872053,-0.02012386554693314,2.0,0.0,,,2,14,0,0.125,NFC,Central,False,False,0,False,False,1.25,-0.6064608473272093,1.1669678881634538
1983,TEN,-6.31693945714962,-1.981516421762554,2.593359391079928,30.18483578237446,-10.75,-1.9893653469225365,18.0,28.75,-0.8580223728796952,-2.1532380744661133,-0.012066756411324597,2.0,0.0,,,2,14,0,0.125,AFC,Central,False,False,0,False,False,1.25,-0.6064608473272093,1.1669678881634538
1983,WSH,7.565895317742873,2.3732926236099634,2.471476007711044,73.73292623609963,13.0625,2.4173102180628496,33.8125,20.75,2.6861353469335763,0.3353801967001395,0.06204903829006184,3.0,0.6666666666666666,3.0,6.0,14,2,0,0.875,NFC,East,True,True,2,True,False,19.75,-0.6064608473272093,1.1669678881634538
1984,ARI,4.011481751292912,0.8059713393529818,2.865092494625883,58.05971339352982,4.875,0.6718291783395322,26.4375,21.5625,1.2084481753213765,-0.08942025581652494,0.08332415967169732,1.0,0.0,,,9,7,0,0.5625,NFC,East,False,False,0,False,False,5.625,-0.6206901669676252,1.3225951722130993
1984,ATL,-5.095029193084562,-1.0236734846093687,2.854048942866373,39.76326515390632,-6.3125,-0.8699326540037532,17.5625,23.875,-0.8431273776580391,-0.6757454774995593,0.0005481357586134689,2.0,0.0,,,4,12,0,0.25,NFC,West,False,False,0,False,False,2.5,-0.6206901669676252,1.3225951722130993
1984,BUF,-8.919004340880658,-1.791971725160605,2.864554703345396,32.08028274839395,-12.75,-1.7570916971956994,15.625,28.375,-1.2910065476746722,-1.816702665639518,0.12897185763419833,3.0,0.0,,,2,14,0,0.125,AFC,East,False,False,0,False,False,1.25,-0.6206901669676252,1.3225951722130993
1984,CHI,2.801886387816123,0.5629441350381842,2.7485608258126577,55.62944135038184,4.8125,0.6632159837454356,20.3125,15.5,-0.20742791053765686,1.4477026226498084,-0.06894828640632458,1.0,0.0,2.0,-9.5,10,6,0,0.625,NFC,Central,True,False,1,False,False,10.25,-0.6206901669676252,1.3225951722130993
1984,CIN,-0.7185069446077822,-0.1443596257899739,2.854921852700117,48.55640374210026,0.0,0.0,21.1875,21.1875,-0.005159898272080673,0.005659509861804965,-0.1481890285453292,2.0,0.0,,,8,8,0,0.5,AFC,Central,False,False,0,False,False,5.0,-0.6206901669676252,1.3225951722130993
1984,CLE,-2.1786998161238658,-0.4377359085040071,2.8549218527001163,45.62264091495993,-2.9375,-0.40482014592253857,15.625,18.5625,-1.2910065476746722,0.6712178696101142,-0.11151699320607507,2.0,0.0,,,5,11,0,0.3125,AFC,Central,False,False,0,False,False,3.125,-0.6206901669676252,1.3225951722130993
1984,DAL,0.648613319922531,0.1303168700721765,2.865092494625883,51.30316870072176,0.0,0.0,19.25,19.25,-0.45303906828871365,0.4969049658665094,0.16778096833179798,1.0,0.0,,,9,7,0,0.5625,NFC,East,False,False,0,False,False,5.625,-0.6206901669676252,1.3225951722130993
1984,DEN,4.911117644504779,0.9867226902841656,2.80462111820144,59.86722690284166,7.0,0.9646777945388154,22.0625,15.0625,0.1971081139934955,1.5586290159411933,0.02767868016895029,2.0,0.5,1.0,-7.0,13,3,0,0.8125,AFC,West,True,False,0,False,False,10.125,-0.6206901669676252,1.3225951722130993
1984,DET,-5.164574008254576,-1.037646158873577,2.8655946714214107,39.62353841126423,-7.8125,-1.0766493242620707,17.6875,25.5,-0.8142319473343854,-1.0877577954389888,0.18347464990215365,2.0,0.0,,,4,11,1,0.28125,NFC,Central,False,False,0,False,False,2.8125,-0.6206901669676252,1.3225951722130993
1984,GB,3.412119433994313,0.685549789516649,2.864578921621121,56.85549789516649,5.0625,0.6976687621218218,24.375,19.3125,0.7316735749810896,0.48105833825345445,-0.08427399321613269,1.0,0.0,,,8,8,0,0.5,NFC,Central,False,False,0,False,False,5.0,-0.6206901669676252,1.3225951722130993
1984,IND,-7.824149147819781,-1.5719976704202498,2.864124879412957,34.280023295797506,-10.9375,-1.507309053966899,14.9375,25.875,-1.4499314144547677,-1.1828375611173187,-0.002204418639587707,2.0,0.0,,,4,12,0,0.25,AFC,East,False,False,0,False,False,2.5,-0.6206901669676252,1.3225951722130993
1984,KC,0.9921480150560612,0.19933852728444,2.8667140528121924,51.9933852728444,-0.625,-0.08613194594096565,19.625,20.25,-0.3663527773177524,0.2433589240576297,0.16874449024739424,2.0,0.5,,,8,8,0,0.5,AFC,West,False,False,0,False,False,5.0,-0.6206901669676252,1.3225951722130993
1984,LAC,-0.0538764030473562,-0.0108246377313331,2.8657704029860502,49.89175362268667,-1.1875,-0.16365069728783474,24.625,25.8125,0.7894644356283972,-1.1669909335042636,0.23720859222422097,3.0,0.3333333333333333,,,7,9,0,0.4375,AFC,West,False,False,0,False,False,4.375,-0.6206901669676252,1.3225951722130993
1984,LAR,1.768405296935202,0.3553011266299288,2.801373480090895,53.553011266299286,1.875,0.258395837822897,21.625,19.75,0.09597410786070741,0.3701319449620696,0.09401979561694004,2.0,0.0,1.0,-3.0,10,6,0,0.625,NFC,West,False,False,0,False,False,6.25,-0.6206901669676252,1.3225951722130993
1984,MIA,8.492906854565998,1.7063618724847749,2.6976100829500664,67.06361872484774,13.4375,1.8518368377307617,32.0625,18.625,2.5087425398857945,0.6553712419970592,-0.41199936150271577,,,3.0,5.333333333333333,14,2,0,0.875,AFC,East,True,True,2,True,False,19.75,-0.6206901669676252,1.3225951722130993
1984,MIN,-8.129208020120549,-1.6332889146869145,2.8655946714214107,33.66711085313085,-13.0,-1.7915444755720857,17.25,30.25,-0.9153659534671735,-2.2921014940311673,0.2579299943788208,2.0,0.0,,,3,13,0,0.1875,NFC,Central,False,False,0,False,False,1.875,-0.6206901669676252,1.3225951722130993
1984,NE,-0.1135988429503281,-0.0228238384911302,2.864554703345398,49.7717616150887,0.625,0.08613194594096565,22.625,22.0,0.3271375504499373,-0.2003466491079098,-0.09217162819948604,3.0,0.3333333333333333,,,9,7,0,0.5625,AFC,East,False,False,0,False,False,5.625,-0.6206901669676252,1.3225951722130993
1984,NO,-2.122850606429949,-0.4265149021204423,2.854662160115512,45.73485097879558,-3.9375,-0.5426312594280837,18.625,22.5625,-0.5975162199069823,-0.34296629762540465,0.19174679921073645,2.0,0.0,,,7,9,0,0.4375,NFC,West,False,False,0,False,False,4.375,-0.6206901669676252,1.3225951722130993
1984,NYG,0.9239208304330404,0.1856305862341844,2.761342296031316,51.85630586234184,-0.125,-0.017226389188193133,18.6875,18.8125,-0.5830685047451555,0.6078313591578943,0.17720379016554966,1.0,0.0,2.0,-4.0,9,7,0,0.5625,NFC,East,False,False,1,False,False,7.625,-0.6206901669676252,1.3225951722130993
1984,NYJ,-2.759194298479088,-0.554366606195717,2.865748035773534,44.45633393804283,-2.0,-0.2756222270110901,20.75,22.75,-0.10629390440486876,-0.3905061804645696,-0.3119062542443643,2.0,0.0,,,7,9,0,0.4375,AFC,East,False,False,0,False,False,4.375,-0.6206901669676252,1.3225951722130993
1984,OAK,4.661230127993963,0.9365162606263712,2.8179805531588773,59.36516260626371,5.625,0.775187513468691,23.0,17.375,0.41382384142089856,0.9723037942581588,0.11879097992950795,3.0,0.6666666666666666,1.0,-6.0,11,5,0,0.6875,AFC,West,False,False,0,False,False,6.875,-0.6206901669676252,1.3225951722130993
1984,PHI,-1.8149636462477576,-0.3646554494163685,2.8644756389936887,46.35344550583631,-2.625,-0.36175417295205575,17.375,20.0,-0.8864705231435197,0.30674543450984965,0.05791651933619735,2.0,0.0,,,6,9,1,0.40625,NFC,East,False,False,0,False,False,4.0625,-0.6206901669676252,1.3225951722130993
1984,PIT,3.088824679161634,0.6205946625303909,2.744389944730946,56.20594662530391,4.8125,0.6632159837454356,24.1875,19.375,0.6883304294956091,0.46521171064039946,-0.1886793593554172,2.0,0.5,2.0,-5.0,9,7,0,0.5625,AFC,Central,True,False,1,False,False,9.625,-0.6206901669676252,1.3225951722130993
1984,SEA,5.007390281032208,1.0060654146478116,2.759588336206453,60.06065414647812,8.5,1.171394464797133,26.125,17.625,1.136209599512242,0.908917283805939,0.02526083962349454,,,2.0,-7.5,12,4,0,0.75,AFC,West,False,False,1,False,False,9.5,-0.6206901669676252,1.3225951722130993
1984,SF,10.572137813245572,2.12411288432748,2.691468298694756,71.2411288432748,15.5,2.1360722593359482,29.6875,14.1875,1.9597293637363737,1.780481802523963,-0.3929251603584926,,,3.0,18.666666666666668,15,1,0,0.9375,NFC,West,True,True,3,True,True,27.375,-0.6206901669676252,1.3225951722130993
1984,TB,-2.279449222512312,-0.4579780880875843,2.86650870843106,45.42021911912416,-2.8125,-0.3875937567343455,20.9375,23.75,-0.06295075891938816,-0.6440522222734493,-0.1124639737641642,1.0,0.0,,,6,10,0,0.375,NFC,Central,False,False,0,False,False,3.75,-0.6206901669676252,1.3225951722130993
1984,TEN,-8.931418977179144,-1.7944660256872986,2.8548276520367573,32.055339743127014,-12.3125,-1.6967993350370234,15.0,27.3125,-1.4354836992929407,-1.5473099962175834,0.11320322667179397,2.0,0.0,,,3,13,0,0.1875,AFC,Central,False,False,0,False,False,1.875,-0.6206901669676252,1.3225951722130993
1984,WSH,4.812341031783403,0.9668768767450314,2.804040935609525,59.66876876745032,7.25,0.9991305729152016,26.625,19.375,1.251791320806857,0.46521171064039946,-0.10852502143397763,2.0,0.0,1.0,-4.0,11,5,0,0.6875,NFC,East,True,False,0,False,False,8.875,-0.6206901669676252,1.3225951722130993
1985,ARI,-6.555619798164475,-1.5142407665798672,2.7500720052410763,34.85759233420133,-8.5,-1.3337225481979547,17.375,25.875,-1.0787662627291306,-1.106898584737524,-0.17980968471511466,,,,,5,11,0,0.3125,NFC,East,False,False,0,False,False,3.125,0.5608944939518267,1.264204673889697
1985,ATL,-6.283010191490005,-1.4512724138539563,2.74263828663015,35.48727586146043,-10.625,-1.6671531852474435,17.625,28.25,-1.013843199093632,-1.7117984790162735,0.29489470338163437,3.0,0.0,,,4,12,0,0.25,NFC,West,False,False,0,False,False,2.5,0.5608944939518267,1.264204673889697
1985,BUF,-6.798041946171048,-1.5702363109426123,2.752208136351793,34.29763689057388,-11.3125,-1.7750278031163955,12.5,23.8125,-2.3447660036213502,-0.5815907818112412,0.20664158682497039,4.0,0.0,,,2,14,0,0.125,AFC,East,False,False,0,False,False,1.25,0.5608944939518267,1.264204673889697
1985,CHI,12.074780354299326,2.7890764295234343,2.5969073454630465,77.89076429523433,16.125,2.530150128199061,28.5,12.375,1.8103100690505503,2.331479761689053,-0.0798898829259594,3.0,1.0,3.0,27.0,15,1,0,0.9375,NFC,Central,True,True,3,True,True,27.375,0.5608944939518267,1.264204673889697
1985,CIN,-0.2043736830563771,-0.0472069723425229,2.742601247577105,49.52793027657477,0.25,0.03922713377052808,27.5625,27.3125,1.566848580417431,-1.4730222049588722,-0.12140953840761792,2.0,0.0,,,7,9,0,0.4375,AFC,Central,False,False,0,False,False,4.375,0.5608944939518267,1.264204673889697
1985,CLE,-0.4395464785009199,-0.1015280350363024,2.6872253644621846,48.98471964963698,-0.4375,-0.06864748409842414,17.9375,18.375,-0.932689369549259,0.8033116077216854,-0.11461940557089548,2.0,0.5,1.0,-3.0,8,8,0,0.5,AFC,Central,True,False,0,False,False,7.0,0.5608944939518267,1.264204673889697
1985,DAL,0.7441948887464247,0.1718968264657017,2.694673648685115,51.718968264657015,1.5,0.23536280262316847,22.3125,20.8125,0.20346424407196373,0.18249329517244245,-0.11130881340522338,2.0,0.0,1.0,-20.0,10,6,0,0.625,NFC,East,False,False,0,False,False,6.25,0.5608944939518267,1.264204673889697
1985,DEN,2.384126920467963,0.5506942572667057,2.750643361314854,55.50694257266706,3.1875,0.500145955574233,23.75,20.5625,0.5767718599760798,0.24616696825441609,0.006409632791915421,1.0,1.0,,,11,5,0,0.6875,AFC,West,False,False,0,False,False,6.875,0.5608944939518267,1.264204673889697
1985,DET,-1.5007537549664445,-0.3466495291573029,2.7502682577556694,46.533504708426975,-3.6875,-0.5786002231152891,19.1875,22.875,-0.6080740513717668,-0.3428145077538401,0.3120758619091328,5.0,0.4,,,7,9,0,0.4375,NFC,Central,False,False,0,False,False,4.375,0.5608944939518267,1.264204673889697
1985,GB,-0.4114858203302123,-0.0950464827426436,2.751268883034674,49.04953517257356,-1.125,-0.17652210196737636,21.0625,22.1875,-0.12115107410552847,-0.16771190677841258,0.2038586343280389,4.0,0.0,,,8,8,0,0.5,NFC,Central,False,False,0,False,False,5.0,0.5608944939518267,1.264204673889697
1985,IND,-2.0379704155211504,-0.4707377760268972,2.7504592680762765,45.29262223973103,-4.125,-0.6472477072137133,20.0,24.125,-0.39707409455639686,-0.6611828731637083,0.17360258541194415,5.0,0.0,,,5,11,0,0.3125,AFC,East,False,False,0,False,False,3.125,0.5608944939518267,1.264204673889697
1985,KC,-1.4754513457796838,-0.3408050871879859,2.7506433613148533,46.59194912812014,-2.6875,-0.42169168803317686,19.8125,22.5,-0.4457663922830207,-0.24730399813087964,0.11784705084875188,1.0,0.0,,,6,10,0,0.375,AFC,West,False,False,0,False,False,3.75,0.5608944939518267,1.264204673889697
1985,LAC,0.7068501406979008,0.163270801520118,2.75280799146432,51.63270801520118,2.0,0.31381707016422467,29.1875,27.1875,1.988848494048171,-1.4411853684178855,-0.1695967718748948,,,,,8,8,0,0.5,AFC,West,False,False,0,False,False,5.0,0.5608944939518267,1.264204673889697
1985,LAR,2.201520025338363,0.5085150563098052,2.634664918404747,55.08515056309805,3.9375,0.6178273568858172,21.25,17.3125,-0.07245877637890465,1.0739247183200735,-0.22971586641063568,2.0,0.5,2.0,-2.0,11,5,0,0.6875,NFC,West,True,False,1,False,False,10.875,0.5608944939518267,1.264204673889697
1985,MIA,3.704677310226912,0.8557197614998545,2.65233002287549,58.55719761499854,6.75,1.059132611804258,26.75,20.0,1.355848623602061,0.38943273268885675,0.007795393221100191,5.0,0.6,2.0,-7.0,12,4,0,0.75,AFC,East,True,True,1,False,False,12.5,0.5608944939518267,1.264204673889697
1985,MIN,-0.7838926957863341,-0.1810663694859508,2.751974870951725,48.18933630514049,-0.8125,-0.12748818475421625,21.625,22.4375,0.02492581907434302,-0.23138557986038621,-0.056513112569142716,3.0,0.3333333333333333,,,7,9,0,0.4375,NFC,Central,False,False,0,False,False,4.375,0.5608944939518267,1.264204673889697
1985,NE,4.869240952467864,1.1247148827318283,2.574355187527978,61.24714882731829,4.5,0.7060884078695054,22.625,18.125,0.2846180736163368,0.8669852808036591,0.12288970730817989,3.0,0.3333333333333333,4.0,0.0,11,5,0,0.6875,AFC,East,False,False,3,True,False,16.875,0.5608944939518267,1.264204673889697
1985,NO,-5.026322169065315,-1.1609980701586575,2.742350133823725,38.39001929841342,-6.6875,-1.0493258283616262,18.375,25.0625,-0.8190740081871367,-0.8999591472211095,-0.021026725602077842,2.0,0.5,,,5,11,0,0.3125,NFC,West,False,False,0,False,False,3.125,0.5608944939518267,1.264204673889697
1985,NYG,3.855408880945062,0.8905362847606979,2.641023498609265,58.90536284760698,7.25,1.1375868793453143,24.9375,17.6875,0.8851564122446974,0.9784142086971129,-0.4804068161326853,,,2.0,-3.5,10,6,0,0.625,NFC,East,True,False,1,False,False,10.25,0.5608944939518267,1.264204673889697
1985,NYJ,4.956086163713461,1.1447747036639608,2.7063664443238835,61.44774703663961,8.0625,1.2650750640995305,24.5625,16.5,0.7877718167914497,1.2808641558364877,0.1203822296916633,3.0,0.3333333333333333,1.0,-12.0,11,5,0,0.6875,AFC,East,False,False,0,False,False,6.875,0.5608944939518267,1.264204673889697
1985,OAK,2.363198823752452,0.5458602098098313,2.697655129110659,55.45860209809831,2.875,0.45111203836107294,22.125,19.25,0.15477194634533992,0.5804537519347777,0.2136209758618334,3.0,0.6666666666666666,1.0,-7.0,12,4,0,0.75,AFC,West,True,False,0,False,False,9.5,0.5608944939518267,1.264204673889697
1985,PHI,-1.8593404474053143,-0.4294771800524944,2.7525262754684405,45.70522819947506,-1.5,-0.23536280262316847,17.875,19.375,-0.9489201354581336,0.5486169153937909,-0.23272033475105025,1.0,0.0,,,7,9,0,0.4375,NFC,East,False,False,0,False,False,4.375,0.5608944939518267,1.264204673889697
1985,PIT,-0.4718878844000388,-0.1089983699197659,2.743222262355717,48.91001630080234,1.5,0.23536280262316847,23.6875,22.1875,0.5605410940672052,-0.16771190677841258,-0.29136068092908424,,,,,7,9,0,0.4375,AFC,Central,False,False,0,False,False,4.375,0.5608944939518267,1.264204673889697
1985,SEA,2.694227605508139,0.6223224348440041,2.750805053883114,56.22322434844004,2.875,0.45111203836107294,21.8125,18.9375,0.07361811680096685,0.6600458432872447,0.20406319773256182,3.0,0.0,,,8,8,0,0.5,AFC,West,False,False,0,False,False,5.0,0.5608944939518267,1.264204673889697
1985,SF,6.104206322338508,1.4099716495894956,2.6872581103397013,64.09971649589495,9.25,1.451403949509539,25.6875,16.4375,1.0799256031511928,1.2967825741069812,-0.06276080454879712,1.0,0.0,1.0,-14.0,10,6,0,0.625,NFC,West,False,False,0,False,False,6.25,0.5608944939518267,1.264204673889697
1985,TB,-5.713104317923136,-1.3196334943562316,2.7512688830346743,36.80366505643768,-9.625,-1.510244650165331,18.375,28.0,-0.8190740081871367,-1.6481248059342997,0.3569320107797374,4.0,0.0,,,2,14,0,0.125,NFC,Central,False,False,0,False,False,1.25,0.5608944939518267,1.264204673889697
1985,TEN,-6.324874705742624,-1.4609424307411665,2.7432222623557183,35.390575692588335,-8.0,-1.2552682806568987,17.75,25.75,-0.9813816672758828,-1.075061748196537,-0.12236767332640919,,,,,5,11,0,0.3125,AFC,Central,False,False,0,False,False,3.125,0.5608944939518267,1.264204673889697
1985,WSH,-0.7728427341991708,-0.1785140094010799,2.7504842073510125,48.2148599059892,-0.9375,-0.1471017516394803,18.5625,19.5,-0.7703817104605128,0.5167800788528041,-0.06750745892187568,2.0,0.0,,,10,6,0,0.625,NFC,East,False,False,0,False,False,6.25,0.5608944939518267,1.264204673889697
1986,ARI,-5.555350170691262,-1.3755461487166298,2.800376464049503,36.2445385128337,-8.3125,-1.3853737179983878,13.625,21.9375,-1.8652283215826209,-0.3741101215038975,0.08184546216461662,5.0,0.0,,,4,11,1,0.28125,NFC,East,False,False,0,False,False,2.8125,-0.20276304263088468,1.2797800311023662
1986,ATL,-0.2766565559672893,-0.0685022272917596,2.790965286659067,49.3149777270824,0.0,0.0,17.5,17.5,-0.8169808737783378,0.7971196762122407,-0.0961123055533814,3.0,0.16666666666666666,,,7,8,1,0.46875,NFC,West,False,False,0,False,False,4.6875,-0.20276304263088468,1.2797800311023662
1986,BUF,-3.6763707011317095,-0.9102968136691056,2.8009632523378283,40.89703186330894,-3.8125,-0.6353969684052757,17.9375,21.75,-0.6986303554778542,-0.3246215385018072,-0.333191896655255,,,,,4,12,0,0.25,AFC,East,False,False,0,False,False,2.5,-0.20276304263088468,1.2797800311023662
1986,CHI,4.644106708627606,1.14991546905258,2.7432745044453286,61.4991546905258,10.3125,1.718696717817549,22.0,11.6875,0.400338743026636,2.3312657492770414,-0.4478138851995105,2.0,0.5,1.0,-14.0,14,2,0,0.875,NFC,Central,True,True,0,False,False,11.75,-0.20276304263088468,1.2797800311023662
1986,CIN,1.309148168580261,0.3241548536203137,2.792201679140292,53.24154853620314,0.9375,0.1562451561652317,25.5625,24.625,1.3640501063305737,-1.0834464778671924,0.08339548569501581,2.0,0.5,,,10,6,0,0.625,AFC,Central,False,False,0,False,False,6.25,-0.20276304263088468,1.2797800311023662
1986,CLE,2.3597531343350697,0.5842924813239462,2.6853631117780425,55.84292481323946,5.0625,0.8437238432922513,24.4375,19.375,1.0597202021293302,0.3022338461913372,-0.259444430219285,2.0,0.5,2.0,0.0,12,4,0,0.75,AFC,Central,True,True,1,False,False,12.5,-0.20276304263088468,1.2797800311023662
1986,DAL,1.0919303302219436,0.2703700962592569,2.7990126124802304,52.70370096259257,0.5625,0.09374709369913903,21.625,21.0625,0.2988954416262215,-0.14316340082747592,0.2864909744494308,5.0,0.4,,,7,9,0,0.4375,NFC,East,False,False,0,False,False,4.375,-0.20276304263088468,1.2797800311023662
1986,DEN,2.957153416814815,0.7322132482528451,2.6487336235849703,57.32213248252845,3.1875,0.5312335309617878,23.625,20.4375,0.8399263824284321,0.02179854251282524,0.3268311986136544,2.0,0.5,3.0,-3.6666666666666665,11,5,0,0.6875,AFC,West,True,False,2,True,False,16.875,-0.20276304263088468,1.2797800311023662
1986,DET,-2.807853124895728,-0.6952453820983304,2.799163672022792,43.04754617901669,-3.0625,-0.5104008434730903,17.3125,20.375,-0.867702524478545,0.03829473684685536,-0.2171687788056467,4.0,0.25,,,5,11,0,0.3125,NFC,Central,False,False,0,False,False,3.125,-0.20276304263088468,1.2797800311023662
1986,GB,-6.45106031350405,-1.597330662645703,2.7995551453402325,34.02669337354297,-10.25,-1.7082803740732002,15.875,26.125,-1.2565685131801339,-1.4793551418839153,0.14208106347211358,7.0,0.0,,,4,12,0,0.25,NFC,Central,False,False,0,False,False,2.5,-0.20276304263088468,1.2797800311023662
1986,IND,-7.343105940187176,-1.818207815041445,2.798315269130464,31.81792184958555,-10.6875,-1.7811947802836416,14.3125,25.0,-1.679248935681861,-1.182423643871373,0.0643105451553527,1.0,0.0,,,3,13,0,0.1875,AFC,East,False,False,0,False,False,1.875,-0.20276304263088468,1.2797800311023662
1986,KC,0.0803254144009413,0.0198891718844676,2.744336498099187,50.19889171884468,2.0,0.333322999819161,22.375,20.375,0.5017820444270504,0.03829473684685536,-0.20067470175760685,,,1.0,-20.0,10,6,0,0.625,AFC,West,False,False,0,False,False,6.25,-0.20276304263088468,1.2797800311023662
1986,LAC,-1.8261002514051023,-0.452156046119807,2.798281727498748,45.47843953880193,-3.8125,-0.6353969684052757,20.9375,24.75,0.11291605572546164,-1.1164388665352527,0.27865328379681537,2.0,0.0,,,4,12,0,0.25,AFC,West,False,False,0,False,False,2.5,-0.20276304263088468,1.2797800311023662
1986,LAR,1.177733132125406,0.2916155101541505,2.7361511038604904,52.91615510154151,2.625,0.4374864372626488,19.3125,16.6875,-0.3266715836763345,1.011570202554632,-0.14112702273412017,3.0,0.6666666666666666,1.0,-12.0,10,6,0,0.625,NFC,West,False,False,0,False,False,6.25,-0.20276304263088468,1.2797800311023662
1986,MIA,0.0192006168444618,0.0047542159795301,2.798315269130464,50.0475421597953,1.5625,0.26040859360871954,26.875,25.3125,1.7191016612320242,-1.2649046155415238,-0.1635597087222692,1.0,0.0,,,8,8,0,0.5,AFC,East,False,False,0,False,False,5.0,-0.20276304263088468,1.2797800311023662
1986,MIN,4.510596115854175,1.1168572502077512,2.799555145340233,61.16857250207751,7.8125,1.3020429680435976,24.875,17.0625,1.1780707204298138,0.9125930365504514,-0.19719242563456818,5.0,0.4,,,9,7,0,0.5625,NFC,Central,False,False,0,False,False,5.625,-0.20276304263088468,1.2797800311023662
1986,NE,3.794663938858295,0.9395871018731676,2.745700735000653,59.39587101873168,6.5625,1.093716093156622,25.75,19.1875,1.4147717570307807,0.35172242919342755,-0.1304047731218241,1.0,0.0,1.0,-5.0,11,5,0,0.6875,AFC,East,True,False,0,False,False,8.875,-0.20276304263088468,1.2797800311023662
1986,NO,-0.0034275097219296,-0.0008486769785565,2.791530422065782,49.99151323021444,0.0625,0.010416343744348782,18.0,17.9375,-0.6817231385777851,0.6816463158740298,0.02976019317887333,5.0,0.2,,,7,9,0,0.4375,NFC,West,False,False,0,False,False,4.375,-0.20276304263088468,1.2797800311023662
1986,NYG,7.982453459136082,1.976515030673232,2.658838999687316,69.76515030673232,8.4375,1.4062064054870855,23.1875,14.75,0.7215758641279485,1.5229522269095657,0.06848990991159233,4.0,1.0,3.0,27.333333333333332,14,2,0,0.875,NFC,East,True,False,3,True,True,25.75,-0.20276304263088468,1.2797800311023662
1986,NYJ,0.4008814622561032,0.0992612408858578,2.6905750384500844,50.99261240885858,-1.375,-0.2291595623756732,22.75,24.125,0.603225345827465,-0.9514769231949516,-0.02536404049841038,1.0,0.0,2.0,8.5,10,6,0,0.625,AFC,East,False,False,1,False,False,8.25,-0.20276304263088468,1.2797800311023662
1986,OAK,0.0144763878528096,0.0035844616354374,2.798281727498748,50.035844616354375,-1.4375,-0.23957590612002197,20.1875,21.625,-0.08997054707536734,-0.29162914983374694,0.22168572032740982,2.0,0.0,,,8,8,0,0.5,AFC,West,False,False,0,False,False,5.0,-0.20276304263088468,1.2797800311023662
1986,PHI,-1.2803684492660372,-0.3170287804030594,2.7990126124802304,46.82971219596941,-3.5,-0.5833152496835318,16.0,19.5,-1.2227540793799958,0.26924145752327694,0.3599158340322203,5.0,0.0,,,5,10,1,0.34375,NFC,East,False,False,0,False,False,3.4375,-0.20276304263088468,1.2797800311023662
1986,PIT,-0.5314284706776509,-0.1315856541349306,2.792201679140293,48.684143458650695,-1.8125,-0.3020739685861147,19.1875,21.0,-0.36048601747647263,-0.1266672064934458,0.14036304916442136,2.0,0.0,,,6,10,0,0.375,AFC,Central,False,False,0,False,False,3.75,-0.20276304263088468,1.2797800311023662
1986,SEA,3.764331746159258,0.9320766246633936,2.798570682730228,59.32076624663394,4.5625,0.7603930933374611,22.875,18.3125,0.6370397796276032,0.5826691498698492,0.3018482765623358,2.0,0.5,,,10,6,0,0.625,AFC,West,False,False,0,False,False,6.25,-0.20276304263088468,1.2797800311023662
1986,SF,4.37538631778961,1.0833782954556834,2.740148634433226,60.83378295455684,7.9375,1.3228756555322951,23.375,15.4375,0.7722975148281558,1.3414940892352345,-0.10576817837540665,3.0,0.0,1.0,-46.0,10,5,1,0.65625,NFC,West,True,False,0,False,False,8.5625,-0.20276304263088468,1.2797800311023662
1986,TB,-10.27411345909553,-2.543947143907585,2.800952748706049,24.560528560924148,-14.625,-2.437424436177615,14.9375,29.5625,-1.51017676668117,-2.3866458302555715,-0.14921648055286152,5.0,0.0,,,2,14,0,0.125,NFC,Central,False,False,0,False,False,1.25,-0.20276304263088468,1.2797800311023662
1986,TEN,-2.7422702211166,-0.679006565832351,2.791401637812189,43.20993434167649,-3.4375,-0.572898905939183,17.125,20.5625,-0.9184241751787523,-0.011193846155234988,-0.10153204932474788,2.0,0.5,,,5,11,0,0.3125,AFC,Central,False,False,0,False,False,3.125,-0.20276304263088468,1.2797800311023662
1986,WSH,4.285964817803165,1.061236864917649,2.650760307080992,60.61236864917649,4.5,0.7499767495931122,23.0,18.5,0.6708542134277413,0.5331805668677588,0.18289968063104023,4.0,0.5,3.0,3.0,12,4,0,0.75,NFC,East,False,False,2,False,False,11.5,-0.20276304263088468,1.2797800311023662
1987,ARI,-0.2791865630733492,-0.0992902859542926,2.571703551729754,49.00709714045707,-0.4,-0.06745923937783371,24.133333333333333,24.533333333333335,0.6880621704604908,-0.9298539409903205,-0.07617690920549366,4.0,0.25,,,7,8,0,0.4666666666666667,NFC,East,False,False,0,False,False,4.666666666666667,0.2787443658699997,1.1448593576045638
1987,ATL,-7.090666951654936,-2.521734361017592,2.5605312935822657,24.78265638982408,-15.4,-2.5971807160465974,13.666666666666666,29.066666666666666,-2.152051727515395,-2.3657354524628014,0.2842144014449737,5.0,0.2,,,3,12,0,0.2,NFC,West,False,False,0,False,False,2.0,0.2787443658699997,1.1448593576045638
1987,BUF,-0.3607639917185962,-0.1283025927373896,2.5693390993073733,48.7169740726261,-2.3333333333333335,-0.39351222970402994,18.0,20.333333333333332,-0.9762083939584997,0.4004480475797735,0.3360568426365305,2.0,0.0,,,7,8,0,0.4666666666666667,AFC,East,False,False,0,False,False,4.666666666666667,0.2787443658699997,1.1448593576045638
1987,CHI,2.791937592358668,0.9929284520723886,2.51981110473036,59.92928452072388,4.933333333333334,0.831997285659949,23.733333333333334,18.8,0.57952278582447,0.8861138529307593,-0.05981009063687829,2.0,0.0,1.0,-4.0,11,4,0,0.7333333333333333,NFC,Central,True,False,0,False,False,9.333333333333332,0.2787443658699997,1.1448593576045638
1987,CIN,-2.762051355226081,-0.9822996703777171,2.5640019302371164,40.17700329622283,-5.666666666666667,-0.9556725578526442,19.0,24.666666666666668,-0.7048599323684469,-0.9720857501512757,0.17162454662787757,4.0,0.0,,,4,11,0,0.26666666666666666,AFC,Central,False,False,0,False,False,2.6666666666666665,0.2787443658699997,1.1448593576045638
1987,CLE,5.075638374251689,1.805106879186113,2.480682212637717,68.05106879186113,10.066666666666666,1.6977241910088148,26.0,15.933333333333334,1.1945792987619228,1.794097749891299,-0.1287419890162468,2.0,0.0,2.0,6.0,10,5,0,0.6666666666666666,AFC,Central,True,False,1,False,False,10.666666666666666,0.2787443658699997,1.1448593576045638
1987,DAL,-0.4611899427563005,-0.1640182134535117,2.568849391346901,48.35981786546488,-0.5333333333333333,-0.08994565250377827,22.666666666666668,23.2,0.29008442679508045,-0.5075358493807665,-0.14365199925230002,2.0,0.0,,,7,8,0,0.4666666666666667,NFC,East,False,False,0,False,False,4.666666666666667,0.2787443658699997,1.1448593576045638
1987,DEN,2.7806405056374794,0.988910740909468,2.4437328431883114,59.88910740909468,6.066666666666666,1.0231317972304779,25.266666666666666,19.2,0.9955904269292172,0.7594184254478937,-0.22002658464642058,,,3.0,-1.0,10,4,1,0.7,AFC,West,True,True,2,True,False,18.0,0.2787443658699997,1.1448593576045638
1987,DET,-4.293941462095099,-1.5271031347250168,2.5640700860979075,34.72896865274983,-7.666666666666667,-1.2929687547418127,17.933333333333334,25.6,-0.9942982913978364,-1.267708414277963,-0.1685152641200137,1.0,0.0,,,4,11,0,0.26666666666666666,NFC,Central,False,False,0,False,False,2.6666666666666665,0.2787443658699997,1.1448593576045638
1987,GB,-1.571575898805372,-0.5589173729333939,2.5640939551193926,44.410826270666064,-3.0,-0.5059442953337527,17.0,20.0,-1.2475568555485526,0.5060275704821614,0.11701993396006098,2.0,0.0,,,5,9,1,0.36666666666666664,NFC,Central,False,False,0,False,False,3.6666666666666665,0.2787443658699997,1.1448593576045638
1987,IND,1.1622192197827226,0.4133332113246564,2.530706683765581,54.13333211324657,4.133333333333334,0.6970788069042817,20.0,15.866666666666667,-0.433511470778394,1.8152136544717767,-0.11780809475661859,1.0,1.0,1.0,-17.0,9,6,0,0.6,AFC,East,True,False,0,False,False,8.0,0.2787443658699997,1.1448593576045638
1987,KC,-3.750901328616263,-1.3339756090152457,2.5678682039025347,36.66024390984754,-7.666666666666667,-1.2929687547418127,18.2,25.866666666666667,-0.9219387016404893,-1.3521720325998736,-0.03909315004543533,,,,,4,11,0,0.26666666666666666,AFC,West,False,False,0,False,False,2.6666666666666665,0.2787443658699997,1.1448593576045638
1987,LAC,-2.1846107578887235,-0.7769379172901212,2.5663266929301534,42.23062082709879,-4.266666666666667,-0.7195652200302262,16.866666666666667,21.133333333333333,-1.283736650427226,0.14705719261404124,0.024997297349936512,1.0,1.0,,,8,7,0,0.5333333333333333,AFC,West,False,False,0,False,False,5.333333333333333,0.2787443658699997,1.1448593576045638
1987,LAR,-0.9416554871356686,-0.334891627873814,2.56455660086467,46.65108372126186,-2.933333333333333,-0.49470108877078045,21.133333333333333,24.066666666666666,-0.12598321430966766,-0.7820426089269763,0.145778347937052,6.0,0.16666666666666666,,,6,9,0,0.4,NFC,West,False,False,0,False,False,4.0,0.2787443658699997,1.1448593576045638
1987,MIA,0.5276365801288565,0.1876493852147716,2.568905645347737,51.87649385214772,1.8,0.30356657720025165,24.133333333333333,22.333333333333332,0.6880621704604908,-0.23302908983455659,-0.017329766284647583,1.0,1.0,,,8,7,0,0.5333333333333333,AFC,East,False,False,0,False,False,5.333333333333333,0.2787443658699997,1.1448593576045638
1987,MIN,1.3228144483739404,0.470447515086932,2.443939893666544,54.70447515086932,0.06666666666666667,0.011243206562972284,22.4,22.333333333333332,0.21772483703773232,-0.23302908983455659,-0.2797284133557646,1.0,0.0,3.0,13.0,8,7,0,0.5333333333333333,NFC,Central,False,False,2,False,False,10.333333333333332,0.2787443658699997,1.1448593576045638
1987,NE,1.187815152135698,0.4224361832392681,2.569474851293445,54.22436183239268,1.8,0.30356657720025165,21.333333333333332,19.533333333333335,-0.07171352199165729,0.6538389025455046,0.1518723002975359,1.0,0.0,,,8,7,0,0.5333333333333333,AFC,East,False,False,0,False,False,5.333333333333333,0.2787443658699997,1.1448593576045638
1987,NO,3.697109451574193,1.3148449932910136,2.5154234661139827,63.14844993291014,9.266666666666667,1.5628057122531476,28.133333333333333,18.866666666666667,1.773456016820702,0.8649979483502817,-0.004470832231604523,3.0,0.6666666666666666,1.0,-34.0,12,3,0,0.8,NFC,West,False,False,0,False,False,8.0,0.2787443658699997,1.1448593576045638
1987,NYG,-0.7059166348628124,-0.2510531444058287,2.56863894517278,47.48946855594171,-2.1333333333333333,-0.3597826100151131,18.666666666666668,20.8,-0.7953094195651308,0.2526367155164292,0.3552653088404424,4.0,0.0,,,6,9,0,0.4,NFC,East,False,False,0,False,False,4.0,0.2787443658699997,1.1448593576045638
1987,NYJ,-0.970991506478778,-0.3453247293715129,2.569611340812697,46.54675270628487,-1.7333333333333334,-0.29232337063727937,22.266666666666666,24.0,0.18154504215905873,-0.7609267043464987,0.04567398921018661,1.0,0.0,,,6,9,0,0.4,AFC,East,False,False,0,False,False,4.0,0.2787443658699997,1.1448593576045638
1987,OAK,0.4145536778884743,0.147432429296879,2.5680606706708304,51.47432429296879,0.8,0.13491847875566743,20.066666666666666,19.266666666666666,-0.41542157333905727,0.7383025208674161,0.01937406131062501,1.0,0.0,,,5,10,0,0.3333333333333333,AFC,West,False,False,0,False,False,3.333333333333333,0.2787443658699997,1.1448593576045638
1987,PHI,-1.1248932385101056,-0.4000585489867382,2.569262650580631,45.99941451013262,-2.8666666666666667,-0.4834578822078082,22.466666666666665,25.333333333333332,0.2358147344770691,-1.1832447959560517,0.2567423847002709,3.0,0.6666666666666666,,,7,8,0,0.4666666666666667,NFC,East,False,False,0,False,False,4.666666666666667,0.2787443658699997,1.1448593576045638
1987,PIT,-0.365990197621977,-0.1301612476557725,2.5646887577455484,48.69838752344228,-0.9333333333333333,-0.15740489188161197,19.0,19.933333333333334,-0.7048599323684469,0.527143475062639,0.05870163036479822,4.0,0.25,,,8,7,0,0.5333333333333333,AFC,Central,False,False,0,False,False,5.333333333333333,0.2787443658699997,1.1448593576045638
1987,SEA,1.48748249297886,0.5290102806311359,2.519262986676378,55.29010280631136,3.8,0.6408627740894202,24.733333333333334,20.933333333333334,0.8508712474145229,0.21040490635547401,-0.204332239839816,,,1.0,-3.0,9,6,0,0.6,AFC,West,False,False,0,False,False,6.0,0.2787443658699997,1.1448593576045638
1987,SF,5.521022966550318,1.963504056479164,2.519623490367946,69.63504056479164,13.733333333333333,2.31610055197229,30.6,16.866666666666667,2.442782222076166,1.4984750857646116,-0.23240376145874822,3.0,0.6666666666666666,1.0,-12.0,13,2,0,0.8666666666666667,NFC,West,True,True,0,False,False,11.666666666666668,0.2787443658699997,1.1448593576045638
1987,TB,-3.025131515941393,-1.0758618536675406,2.56616128678736,39.24138146332459,-4.933333333333334,-0.831997285659949,19.066666666666666,24.0,-0.68677003492911,-0.7609267043464987,-0.055122261670671024,2.0,0.0,,,4,11,0,0.26666666666666666,NFC,Central,False,False,0,False,False,2.6666666666666665,0.2787443658699997,1.1448593576045638
1987,TEN,-0.2894663041633543,-0.1029461869443934,2.479875226967561,48.97053813055607,-0.26666666666666666,-0.044972826251889135,23.0,23.266666666666666,0.3805339139917644,-0.528651753961244,0.18176364057532665,4.0,0.25,2.0,-10.5,9,6,0,0.6,AFC,Central,False,False,1,False,False,8.0,0.2787443658699997,1.1448593576045638
1987,WSH,4.210062674887927,1.4972723696780916,2.4427410237622094,64.97272369678092,6.266666666666667,1.0568614169193946,25.266666666666666,19.0,0.9955904269292172,0.8227661391893265,-0.4018733287349576,,,3.0,14.333333333333334,11,4,0,0.7333333333333333,NFC,East,True,False,3,True,True,24.333333333333332,0.2787443658699997,1.1448593576045638
1988,ARI,-1.303832041816532,-0.6063033651580287,2.2683798741742223,43.93696634841972,-3.375,-0.6964657338510952,21.5,24.875,0.330936413080094,-1.5174744231370987,0.0683066789052799,3.0,0.6666666666666666,,,7,9,0,0.4375,NFC,East,False,False,0,False,False,4.375,-0.14518938688270094,0.9805595199151304
1988,ATL,-1.9357682192750487,-0.9001640915936151,2.2655298973535656,40.99835908406385,-4.4375,-0.9157234648782919,15.25,19.6875,-1.3326577639832131,0.1870256055582209,0.07785954678446041,4.0,0.25,,,5,11,0,0.3125,NFC,West,False,False,0,False,False,3.125,-0.14518938688270094,0.9805595199151304
1988,BUF,2.6742239479571994,1.2435581630389108,2.206082589794696,62.43558163038911,5.75,1.186571250264829,20.5625,14.8125,0.08139728652059794,1.7888449096333405,-0.01895368040112233,3.0,0.3333333333333333,2.0,-2.0,12,4,0,0.75,AFC,East,True,False,1,False,False,11.5,-0.14518938688270094,0.9805595199151304
1988,CHI,2.185120085182973,1.016116814459496,2.2063837728317246,60.16116814459496,6.0625,1.2510588182140043,19.5,13.4375,-0.2014137235801643,2.2406400979622205,-0.11601607671261113,5.0,0.4,2.0,-8.5,12,4,0,0.75,NFC,Central,True,True,1,False,False,12.5,-0.14518938688270094,0.9805595199151304
1988,CIN,3.579512713379248,1.6645323432334946,2.1738460155893784,66.64532343233495,7.4375,1.5348041171903766,28.0,20.5625,2.0610743572259334,-0.10048042337833905,-0.2125722989508689,1.0,1.0,3.0,5.0,12,4,0,0.75,AFC,Central,True,True,2,True,False,18.5,-0.14518938688270094,0.9805595199151304
1988,CLE,0.4114017833165618,0.1913086023789745,2.237103926757669,51.91308602378975,1.0,0.20636021743736155,19.0,18.0,-0.3345012577452289,0.7415015185073007,-0.010517893750395448,2.0,0.5,1.0,-1.0,10,6,0,0.625,AFC,Central,False,False,0,False,False,6.25,-0.14518938688270094,0.9805595199151304
1988,DAL,-2.9011274557929263,-1.349072029821394,2.268468857234492,36.509279701786056,-7.25,-1.4961115764208712,16.5625,23.8125,-0.9833029867999187,-1.1683599594284189,0.2645073599818812,3.0,0.0,,,3,13,0,0.1875,NFC,East,False,False,0,False,False,1.875,-0.14518938688270094,0.9805595199151304
1988,DEN,-0.5317026367767911,-0.2472504798179581,2.2684106298995204,47.527495201820415,-1.5625,-0.3224378397458774,20.4375,22.0,0.048125402979331794,-0.5728117566312589,-0.2148540003592442,2.0,1.0,,,8,8,0,0.5,AFC,West,False,False,0,False,False,5.0,-0.14518938688270094,0.9805595199151304
1988,DET,-2.625934881538007,-1.2211029521441816,2.269722451084649,37.78897047855818,-5.8125,-1.199468763854664,13.75,19.5625,-1.7319203664784069,0.22809789540630088,0.20643391113470205,6.0,0.0,,,4,12,0,0.25,NFC,Central,False,False,0,False,False,2.5,-0.14518938688270094,0.9805595199151304
1988,GB,-2.665534662277816,-1.2395175021414462,2.268212464008042,37.60482497858554,-4.6875,-0.9673135192376323,15.0,19.6875,-1.3992015310657455,0.1870256055582209,0.052532313986100254,6.0,0.3333333333333333,,,4,12,0,0.25,NFC,Central,False,False,0,False,False,2.5,-0.14518938688270094,0.9805595199151304
1988,IND,1.1090684558974773,0.5157350912042395,2.2684097326722323,55.1573509120424,2.4375,0.5030030300035688,22.125,19.6875,0.4972958307864247,0.1870256055582209,0.03716701866005566,4.0,0.25,,,9,7,0,0.5625,AFC,East,False,False,0,False,False,5.625,-0.14518938688270094,0.9805595199151304
1988,KC,-2.2077627376025144,-1.026646020613185,2.2698820724163955,39.73353979386815,-4.125,-0.8512358969291164,15.875,20.0,-1.1662983462768823,0.08434488093802091,-0.18072543373987948,1.0,1.0,,,4,11,1,0.28125,AFC,West,False,False,0,False,False,2.8125,-0.14518938688270094,0.9805595199151304
1988,LAC,-2.732437649193895,-1.270628492518572,2.2685323672704003,37.29371507481428,-6.3125,-1.3026488725733447,14.4375,20.75,-1.548925007001443,-0.16208885815045904,-0.040135833473016705,3.0,0.3333333333333333,,,6,10,0,0.375,AFC,West,False,False,0,False,False,3.75,-0.14518938688270094,0.9805595199151304
1988,LAR,3.0697737626918675,1.427495339047514,2.233321037788077,64.27495339047513,7.125,1.4703165492412011,25.4375,18.3125,1.3790007446299775,0.6388207938871008,-0.02702777753807123,3.0,0.6666666666666666,1.0,-11.0,10,6,0,0.625,NFC,West,True,False,0,False,False,8.25,-0.14518938688270094,0.9805595199151304
1988,MIA,-1.7989375200315996,-0.8365355637253736,2.2682906311189623,41.634644362746265,-3.8125,-0.786748328979941,19.9375,23.75,-0.08496213118573279,-1.1478238145043789,0.0626267430313124,4.0,0.25,,,6,10,0,0.375,AFC,East,False,False,0,False,False,3.75,-0.14518938688270094,0.9805595199151304
1988,MIN,3.748195242277028,1.742972496285418,2.206058845452499,67.42972496285418,10.8125,2.2312698510414717,25.375,14.5625,1.3623648028593445,1.8709894893295005,-0.1897679979250406,4.0,0.5,2.0,-7.0,11,5,0,0.6875,NFC,Central,False,False,1,False,False,8.875,-0.14518938688270094,0.9805595199151304
1988,NE,-0.2409516144700836,-0.1120464676492654,2.268437311418292,48.87953532350735,-2.125,-0.4385154620543933,15.625,17.75,-1.2328421133594147,0.8236460982034608,0.2940710059298446,5.0,0.4,,,9,7,0,0.5625,AFC,East,False,False,0,False,False,5.625,-0.14518938688270094,0.9805595199151304
1988,NO,0.9066107993727048,0.4215889477470206,2.265708534249085,54.215889477470206,1.8125,0.3740278941052178,19.5,17.6875,-0.2014137235801643,0.8441822431275008,0.019071853296468363,5.0,0.2,,,10,6,0,0.625,NFC,West,False,False,0,False,False,6.25,-0.14518938688270094,0.9805595199151304
1988,NYG,1.1259592262340083,0.5235895774928894,2.269751816858106,55.23589577492889,3.4375,0.7093632474409304,22.4375,19.0,0.5804755396395901,0.41292319972266084,-0.2664737575963641,2.0,0.0,,,10,6,0,0.625,NFC,East,False,False,0,False,False,6.25,-0.14518938688270094,0.9805595199151304
1988,NYJ,0.1585300049731499,0.0737190622803122,2.269861677755164,50.73719062280312,1.125,0.23215524461703174,23.25,22.125,0.7967427826578201,-0.6138840464793389,0.034460238578520846,3.0,0.0,,,8,7,1,0.53125,AFC,East,False,False,0,False,False,5.3125,-0.14518938688270094,0.9805595199151304
1988,OAK,-1.2995426158667682,-0.6043087114721793,2.268536135779468,43.95691288527821,-2.75,-0.5674905979527443,20.3125,23.0625,0.014853519438065647,-0.9219262203399389,0.04332110390240723,4.0,0.25,,,7,9,0,0.4375,AFC,West,False,False,0,False,False,4.375,-0.14518938688270094,0.9805595199151304
1988,PHI,1.6104044945732574,0.7488646029630041,2.235749220754889,57.48864602963004,3.75,0.7738508153901058,23.6875,19.9375,0.9131943750522515,0.10488102586206091,-0.07451263262603691,3.0,0.3333333333333333,1.0,-8.0,10,6,0,0.625,NFC,East,True,False,0,False,False,8.25,-0.14518938688270094,0.9805595199151304
1988,PIT,-2.27435135339075,-1.0576108232401966,2.2656952142509907,39.42389176759804,-5.3125,-1.0962886551359832,21.0,26.3125,0.19784887891502945,-1.9898057563900187,0.10473116783197456,3.0,0.0,,,5,11,0,0.3125,AFC,Central,False,False,0,False,False,3.125,-0.14518938688270094,0.9805595199151304
1988,SEA,0.2388054056990871,0.111048445236521,2.2360254803577653,51.11048445236521,0.625,0.12897513589835097,21.1875,20.5625,0.24775670422692864,-0.10048042337833905,-0.09289445598483106,3.0,0.0,1.0,-8.0,9,7,0,0.5625,AFC,West,True,False,0,False,False,7.625,-0.14518938688270094,0.9805595199151304
1988,SF,3.5635274983948566,1.6570989550922524,2.1748412840744504,66.57098955092252,4.6875,0.9673135192376323,23.0625,18.375,0.7468349573459208,0.6182846489630608,0.05070320688592386,4.0,0.5,3.0,18.0,10,6,0,0.625,NFC,West,False,False,3,True,True,21.25,-0.14518938688270094,0.9805595199151304
1988,TB,-2.6197700263770485,-1.2182361929988903,2.2682107770991,37.81763807001109,-5.5625,-1.1478787094953236,16.3125,21.875,-1.049846753882451,-0.531739466783179,0.06697718935909154,5.0,0.2,,,5,11,0,0.3125,NFC,Central,False,False,0,False,False,3.125,-0.14518938688270094,0.9805595199151304
1988,TEN,1.8978181079307752,0.8825166650247006,2.2064220009205955,58.825166650247006,3.6875,0.7609533018002708,26.5,22.8125,1.6618117547307398,-0.8397816406437789,-0.07395447255474329,2.0,0.5,2.0,-3.0,10,6,0,0.625,AFC,Central,False,False,1,False,False,8.25,-0.14518938688270094,0.9805595199151304
1988,WSH,-1.1412981134704072,-0.5307224125904617,2.2685291647113,44.69277587409538,-2.625,-0.5416955707730741,21.5625,24.1875,0.34757235485072707,-1.2915768289726588,0.13563697334420233,3.0,0.0,,,7,9,0,0.4375,NFC,East,False,False,0,False,False,4.375,-0.14518938688270094,0.9805595199151304
1989,ARI,-4.957014071774456,-1.289935093587748,2.622138984708144,37.10064906412252,-7.4375,-1.230194196245093,16.125,23.5625,-1.2412346239893504,-0.8206303300181514,-0.03996336112524456,4.0,0.0,,,5,11,0,0.3125,NFC,East,False,False,0,False,False,3.125,-0.6315376433887863,1.1971566493940262
1989,ATL,-5.582080083635681,-1.4525924055973751,2.613931197320285,35.47407594402625,-9.875,-1.6333670840901235,17.4375,27.3125,-0.8777655209486442,-1.8619135282284949,0.28238055235020654,4.0,0.0,,,3,13,0,0.1875,NFC,West,False,False,0,False,False,1.875,-0.6315376433887863,1.1971566493940262
1989,BUF,2.9895862746455446,0.7779627402980311,2.570404659959076,57.77962740298031,5.75,0.9510745046600719,25.5625,19.8125,1.3722813073985844,0.22065286819219196,-0.16637518310496233,3.0,0.3333333333333333,1.0,-4.0,9,7,0,0.5625,AFC,East,True,False,0,False,False,7.625,-0.6315376433887863,1.1971566493940262
1989,CHI,-0.3118330441096691,-0.0811465089897075,2.621810564364249,49.18853491010292,-1.1875,-0.19641756074501487,22.375,23.5625,0.4895706285854408,-0.8206303300181514,0.2427502908813874,2.0,0.5,,,6,10,0,0.375,NFC,Central,False,False,0,False,False,3.75,-0.6315376433887863,1.1971566493940262
1989,CIN,3.2267660200333537,0.8396826532605582,2.614657481651925,58.39682653260558,7.4375,1.230194196245093,25.25,17.8125,1.2857410447698447,0.7760039072377084,-0.0780031927991403,,,,,8,8,0,0.5,AFC,Central,False,False,0,False,False,5.0,-0.6315376433887863,1.1971566493940262
1989,CLE,1.8473322882428231,0.4807205938128728,2.5187985060196194,54.80720593812873,5.0,0.8270213084000626,20.875,15.875,0.07417736796749091,1.3140002263130526,-0.11724557344745482,1.0,1.0,2.0,-6.0,9,6,1,0.59375,AFC,Central,True,False,1,False,False,9.9375,-0.6315376433887863,1.1971566493940262
1989,DAL,-7.554017931999499,-1.965738383427503,2.624217342884281,30.34261616572497,-11.8125,-1.9538378410951478,12.75,24.5625,-2.175869460379738,-1.0983058495409097,0.2866691398899849,4.0,0.0,,,1,15,0,0.0625,NFC,East,False,False,0,False,False,0.625,-0.6315376433887863,1.1971566493940262
1989,DEN,4.823427489288221,1.255172630079196,2.480750661504936,62.55172630079196,8.5,1.4059362242801063,22.625,14.125,0.5588028386884325,1.7999323854778795,0.059094584694875406,1.0,0.0,3.0,-9.333333333333334,11,5,0,0.6875,AFC,West,True,True,2,True,False,17.875,-0.6315376433887863,1.1971566493940262
1989,DET,-2.1447009321513173,-0.558103115620571,2.621637198993674,44.41896884379429,-3.25,-0.5375638504600406,19.5,22.75,-0.30659978759896317,-0.5950189704059103,-0.05945634262191912,1.0,0.0,,,7,9,0,0.4375,NFC,Central,False,False,0,False,False,4.375,-0.6315376433887863,1.1971566493940262
1989,GB,-0.2840714665292513,-0.0739222742677914,2.624075723900224,49.26077725732208,0.375,0.0620265981300047,22.625,22.25,0.5588028386884325,-0.45618121064453127,-0.20239880939648058,2.0,0.5,,,10,6,0,0.625,NFC,Central,False,False,0,False,False,6.25,-0.6315376433887863,1.1971566493940262
1989,IND,0.1428120270458461,0.0371631475734143,2.6219600137331414,50.37163147573414,-0.1875,-0.03101329906500235,18.625,18.8125,-0.5489125229594339,0.4983283877149502,0.003901755744351587,3.0,0.0,,,8,8,0,0.5,AFC,East,False,False,0,False,False,5.0,-0.6315376433887863,1.1971566493940262
1989,KC,0.8544635070600495,0.2223520950289078,2.6235982478769246,52.22352095028908,2.0,0.33080852336002503,19.875,17.875,-0.2027514724444757,0.758649187267536,-0.10759030180934263,2.0,0.0,,,8,7,1,0.53125,AFC,West,False,False,0,False,False,5.3125,-0.6315376433887863,1.1971566493940262
1989,LAC,-0.9205601810628906,-0.2395520501089549,2.62124425076451,47.60447949891045,-1.5,-0.2481063925200188,16.625,18.125,-1.102770203783367,0.6892303073868464,0.050674380441957295,3.0,0.3333333333333333,,,6,10,0,0.375,AFC,West,False,False,0,False,False,3.75,-0.6315376433887863,1.1971566493940262
1989,LAR,3.9778785949370574,1.035140333140921,2.482573540743048,60.35140333140921,5.125,0.8476968411100642,26.625,21.5,1.6665182003362988,-0.24792457100246257,0.02096502126757159,3.0,0.6666666666666666,3.0,-2.3333333333333335,11,5,0,0.6875,NFC,West,False,False,2,False,False,10.875,-0.6315376433887863,1.1971566493940262
1989,MIA,-2.6845278900837126,-0.6985791617683371,2.624339848891259,43.01420838231663,-3.0,-0.4962127850400376,20.6875,23.6875,0.022253210390247177,-0.8553397699584963,-0.29116599423850226,,,,,8,8,0,0.5,AFC,East,False,False,0,False,False,5.0,-0.6315376433887863,1.1971566493940262
1989,MIN,2.379802633503588,0.6192822712060487,2.5703703783486707,56.19282271206049,4.75,0.7856702429800595,21.9375,17.1875,0.3684142609052054,0.9495511069394323,-0.07656930096682243,2.0,0.5,1.0,-28.0,10,6,0,0.625,NFC,Central,True,False,0,False,False,8.25,-0.6315376433887863,1.1971566493940262
1989,NE,-4.318238460164211,-1.123710211750954,2.621474258204149,38.76289788249046,-5.875,-0.9717500373700735,18.5625,24.4375,-0.5662205754851819,-1.0635964096005648,-0.06449655969078097,2.0,0.0,,,5,11,0,0.3125,AFC,East,False,False,0,False,False,3.125,-0.6315376433887863,1.1971566493940262
1989,NO,3.4739201543527254,0.9039981437489144,2.61390791938303,59.039981437489146,5.3125,0.8787101401750665,24.125,18.8125,0.9741960993063824,0.4983283877149502,0.013190033704863068,4.0,0.25,,,9,7,0,0.5625,NFC,West,False,False,0,False,False,5.625,-0.6315376433887863,1.1971566493940262
1989,NYG,3.885616996912325,1.0111316312572107,2.5743503406039023,60.11131631257211,6.0,0.9924255700800751,21.75,15.75,0.3164901033279617,1.3487096662533973,0.020391094086580033,3.0,0.3333333333333333,1.0,-6.0,12,4,0,0.75,NFC,East,True,False,0,False,False,9.5,-0.6315376433887863,1.1971566493940262
1989,NYJ,-6.231188788632256,-1.6215062085450134,2.6217006900093924,33.784937914549865,-9.875,-1.6333670840901235,15.8125,25.6875,-1.32777488661809,-1.4106908090040127,0.07540492966721327,2.0,0.0,,,4,12,0,0.25,AFC,East,False,False,0,False,False,2.5,-0.6315376433887863,1.1971566493940262
1989,OAK,0.774354880134569,0.2015058905045549,2.620986555672333,52.01505890504555,1.125,0.18607979439001407,19.6875,18.5625,-0.25467563002171945,0.5677472675956398,-0.007036122723977731,3.0,0.3333333333333333,,,8,8,0,0.5,AFC,West,False,False,0,False,False,5.0,-0.6315376433887863,1.1971566493940262
1989,PHI,2.5358368673331544,0.6598861571550318,2.570845872548639,56.59886157155032,4.25,0.7029681121400532,21.375,17.125,0.2126417881734742,0.9669058269096047,0.08591017942678095,4.0,0.75,1.0,-14.0,11,5,0,0.6875,NFC,East,False,False,0,False,False,6.875,-0.6315376433887863,1.1971566493940262
1989,PIT,-1.0757589837147583,-0.2799385366358692,2.527894008704536,47.20061463364131,-3.8125,-0.6306037476550477,16.5625,20.375,-1.120078256309115,0.06446038846064045,-0.062334757314145006,1.0,0.0,2.0,1.0,9,7,0,0.5625,AFC,Central,False,False,1,False,False,7.625,-0.6315376433887863,1.1971566493940262
1989,SEA,-2.911643744737544,-0.7576802066687965,2.621223224550344,42.42319793331203,-5.375,-0.8890479065300673,15.0625,20.4375,-1.535471516927065,0.04710566849046806,0.30812292869912816,3.0,0.0,,,7,9,0,0.4375,AFC,West,False,False,0,False,False,4.375,-0.6315376433887863,1.1971566493940262
1989,SF,9.88195461002977,2.57152387710604,2.4766268239192764,75.7152387710604,11.8125,1.9538378410951478,27.625,15.8125,1.9434470407482656,1.3313549462832248,-0.14569962170512551,3.0,0.6666666666666666,3.0,33.333333333333336,14,2,0,0.875,NFC,West,True,True,3,True,True,26.75,-0.6315376433887863,1.1971566493940262
1989,TB,-3.552344967555138,-0.9244061791696474,2.621834323738098,40.755938208303526,-6.1875,-1.0234388691450775,20.0,26.1875,-0.16813536739297985,-1.5495285687653917,0.21809753464545573,1.0,0.0,,,5,11,0,0.3125,NFC,Central,False,False,0,False,False,3.125,-0.6315376433887863,1.1971566493940262
1989,TEN,-0.937587941776604,-0.2439830857670746,2.572495912460306,47.56016914232925,-2.9375,-0.48587501868503674,22.8125,25.75,0.6107269962656762,-1.4280455289741851,0.01728344940653089,,,1.0,-3.0,9,7,0,0.5625,AFC,Central,False,False,0,False,False,5.625,-0.6315376433887863,1.1971566493940262
1989,WSH,2.671816144407831,0.6952712577336405,2.621608103807739,56.952712577336406,4.875,0.806345775690061,24.125,19.25,0.9741960993063824,0.37684534792374347,-0.26650075396298956,3.0,0.0,,,10,6,0,0.625,NFC,East,False,False,0,False,False,6.25,-0.6315376433887863,1.1971566493940262
1990,ARI,-4.486066713451691,-1.1452349942210882,2.7020399144164444,38.54765005778912,-8.0,-1.2481293859039815,16.75,24.75,-0.9664976516246518,-1.141721503764999,0.26446666469604596,3.0,0.0,,,5,11,0,0.3125,NFC,East,False,False,0,False,False,3.125,-0.10656044100823298,1.2328903356490675
1990,ATL,-1.1300123100757622,-0.2884775737995294,2.694900126308717,47.11522426200471,-1.0625,-0.16576718406537255,21.75,22.8125,0.4662983375475651,-0.6636634886815358,-0.14041012479242465,2.0,0.0,,,5,11,0,0.3125,NFC,West,False,False,0,False,False,3.125,-0.10656044100823298,1.2328903356490675
1990,BUF,6.688718900978456,1.707543699459306,2.5680621821137826,67.07543699459306,10.3125,1.6089167865168512,26.75,16.4375,1.8990943267197822,0.9093015932059884,-0.2865682012992008,1.0,1.0,3.0,19.0,13,3,0,0.8125,AFC,East,True,True,2,True,False,20.125,-0.10656044100823298,1.2328903356490675
1990,CHI,1.6790166003047649,0.428631290921583,2.5990117657187013,54.28631290921583,4.25,0.6630687362614902,21.75,17.5,0.4662983375475651,0.6471407462247344,-0.2108755322056387,1.0,0.0,2.0,-9.0,11,5,0,0.6875,NFC,Central,True,False,1,False,False,10.875,-0.10656044100823298,1.2328903356490675
1990,CIN,0.3841438019277232,0.0980669599633012,2.6055385414345285,50.98066959963301,0.5,0.07800808661899884,22.5,22.0,0.6812177359233976,-0.4631875468723416,-0.28407106872638505,1.0,0.0,2.0,8.5,9,7,0,0.5625,AFC,Central,False,False,1,False,False,7.625,-0.10656044100823298,1.2328903356490675
1990,CLE,-7.523386210439066,-1.920623502410155,2.695140590155793,30.79376497589845,-14.625,-2.281736533605716,14.25,28.875,-1.6828956462107605,-2.1595224391039856,0.30679220585527595,3.0,0.0,,,3,13,0,0.1875,AFC,Central,False,False,0,False,False,1.875,-0.10656044100823298,1.2328903356490675
1990,DAL,-2.6059366667530486,-0.66526203333993,2.704215206840435,43.3473796666007,-4.0,-0.6240646929519907,15.25,19.25,-1.396336448376317,0.21534641002031593,0.1196969591179431,3.0,0.0,,,7,9,0,0.4375,NFC,East,False,False,0,False,False,4.375,-0.10656044100823298,1.2328903356490675
1990,DEN,-1.2299753736644208,-0.3139968551352264,2.7018891544425885,46.86003144864773,-2.6875,-0.4192934655771188,20.6875,23.375,0.161829189848469,-0.8024545253186703,0.23801583655243394,3.0,0.3333333333333333,,,5,11,0,0.3125,AFC,West,False,False,0,False,False,3.125,-0.10656044100823298,1.2328903356490675
1990,DET,-1.4842937663170357,-0.378921061916747,2.7025399700870203,46.21078938083253,-2.5,-0.3900404330949942,23.3125,25.8125,0.9140470841638829,-1.4038823507462532,0.09750374599698251,2.0,0.0,,,6,10,0,0.375,NFC,Central,False,False,0,False,False,3.75,-0.10656044100823298,1.2328903356490675
1990,GB,-3.1166274073670093,-0.795634795212164,2.701930248070567,42.04365204787836,-4.75,-0.741076822880489,16.9375,21.6875,-0.9127678020306937,-0.38608141540726687,0.029389872173441346,2.0,0.0,,,6,10,0,0.375,NFC,Central,False,False,0,False,False,3.75,-0.10656044100823298,1.2328903356490675
1990,IND,-2.725655276116749,-0.6958246508087419,2.70218968662045,43.04175349191258,-4.5,-0.7020727795709896,17.5625,22.0625,-0.7336683033841667,-0.4786087731653565,0.1558618358246957,4.0,0.25,,,7,9,0,0.4375,AFC,East,False,False,0,False,False,4.375,-0.10656044100823298,1.2328903356490675
1990,KC,4.146486454536431,1.0585445322423852,2.6485701863547115,60.58544532242385,7.0,1.0921132126659838,23.0625,16.0625,0.842407284705272,1.001828950964078,-0.18069252501777827,,,1.0,-1.0,11,5,0,0.6875,AFC,West,False,False,0,False,False,6.875,-0.10656044100823298,1.2328903356490675
1990,LAC,0.9152823687613212,0.2336597882407586,2.7044005042293544,52.33659788240759,2.125,0.3315343681307451,19.6875,17.5625,-0.12473000798597439,0.6317195199317194,-0.0335466042050417,2.0,0.0,,,6,10,0,0.375,AFC,West,False,False,0,False,False,3.75,-0.10656044100823298,1.2328903356490675
1990,LAR,-2.60542299815262,-0.6651309003688398,2.6950587494134544,43.3486909963116,-4.1875,-0.6533177254341153,21.5625,25.75,0.412568487953607,-1.388461124453238,0.05606230686269904,3.0,0.3333333333333333,,,5,11,0,0.3125,NFC,West,False,False,0,False,False,3.125,-0.10656044100823298,1.2328903356490675
1990,MIA,3.454781640130791,0.8819612110997909,2.608029018759265,58.81961211099791,5.875,0.9165950177732364,21.0,15.125,0.2513789391717326,1.2331473453593023,-0.16030421307989687,3.0,0.3333333333333333,2.0,-4.5,12,4,0,0.75,AFC,East,False,False,1,False,False,9.5,-0.10656044100823298,1.2328903356490675
1990,MIN,1.313224834733562,0.3352493692319404,2.702577445524659,53.352493692319406,1.5625,0.24377527068437138,21.9375,20.375,0.5200281871415232,-0.06223566325395304,0.09546458571575828,3.0,0.0,,,6,10,0,0.375,NFC,Central,False,False,0,False,False,3.75,-0.10656044100823298,1.2328903356490675
1990,NE,-9.835684251245077,-2.5109233803543183,2.7021606510681044,24.890766196456816,-16.5625,-2.5840178692543367,11.3125,27.875,-2.524663289849438,-1.9127828184157463,0.4058153541922572,4.0,0.0,,,1,15,0,0.0625,AFC,East,False,False,0,False,False,0.625,-0.10656044100823298,1.2328903356490675
1990,NO,-0.5998467493721512,-0.1531331414423357,2.642695973688426,48.46866858557664,-0.0625,-0.009751010827374855,17.125,17.1875,-0.8590379524367356,0.7242468776898091,-0.15416785321917276,2.0,0.5,1.0,-10.0,8,8,0,0.5,NFC,West,False,False,0,False,False,5.0,-0.10656044100823298,1.2328903356490675
1990,NYG,6.509263277329529,1.661730992417687,2.559184205378138,66.61730992417688,7.75,1.2091253425944821,20.9375,13.1875,0.23346898930707985,1.7112053604427655,-0.0019668660054810716,2.0,0.0,3.0,10.333333333333334,13,3,0,0.8125,NFC,East,True,False,3,True,True,25.125,-0.10656044100823298,1.2328903356490675
1990,NYJ,-2.768607333454422,-0.7067897572770417,2.703910325482225,42.93210242722958,-3.125,-0.48755054136874276,18.4375,21.5625,-0.48292900527902866,-0.35523896282123696,-0.22676040451291338,2.0,0.0,,,6,10,0,0.375,AFC,East,False,False,0,False,False,3.75,-0.10656044100823298,1.2328903356490675
1990,OAK,3.15366925432584,0.8050911011695935,2.605135802300428,58.05091101169593,4.3125,0.672819747088865,21.0625,16.75,0.26928888903638526,0.8321954617409136,0.32290961228195575,3.0,0.0,2.0,-19.0,12,4,0,0.75,AFC,West,True,False,1,False,False,11.5,-0.10656044100823298,1.2328903356490675
1990,PHI,3.3065631773358293,0.8441229484913776,2.6583599152382846,58.44122948491378,6.0625,0.945848050255361,24.75,18.6875,1.3259759310508954,0.35413744665745045,-0.02203930818152141,3.0,0.3333333333333333,1.0,-14.0,10,6,0,0.625,NFC,East,False,False,0,False,False,6.25,-0.10656044100823298,1.2328903356490675
1990,PIT,1.154332066508458,0.294686094068331,2.695391239187323,52.94686094068331,3.25,0.5070525630234924,18.25,15.0,-0.5366588548729868,1.263989797945332,-0.24961652563493578,1.0,0.0,,,9,7,0,0.5625,AFC,Central,False,False,0,False,False,5.625,-0.10656044100823298,1.2328903356490675
1990,SEA,1.250662646208884,0.319278049100058,2.702321110638663,53.19278049100058,1.25,0.1950202165474971,19.125,17.875,-0.2859195567678488,0.5546133884666447,0.13649555564263693,2.0,1.0,,,9,7,0,0.5625,AFC,West,False,False,0,False,False,5.625,-0.10656044100823298,1.2328903356490675
1990,SF,4.901085170487305,1.2511838555743178,2.599809099445794,62.51183855574318,7.125,1.1116152343207335,22.0625,14.9375,0.5558480868708287,1.279411024238347,-0.18031671201229454,1.0,1.0,2.0,8.0,14,2,0,0.875,NFC,West,True,True,1,False,False,13.75,-0.10656044100823298,1.2328903356490675
1990,TB,-4.805450233958426,-1.2267694892755343,2.704678435779424,37.732305107244656,-6.4375,-1.00435411521961,16.5,22.9375,-1.0381374510832628,-0.6945059412675657,-0.1550351368564566,1.0,0.0,,,6,10,0,0.375,NFC,Central,False,False,0,False,False,3.75,-0.10656044100823298,1.2328903356490675
1990,TEN,2.1893082244841726,0.5589021635137829,2.65179606890864,55.58902163513783,6.125,0.9555990610827358,25.3125,19.1875,1.4871654798327698,0.2307676363133309,-0.06218043723979428,3.0,0.6666666666666666,1.0,-27.0,9,7,0,0.5625,AFC,Central,True,False,0,False,False,7.625,-0.10656044100823298,1.2328903356490675
1990,WSH,3.870426872314356,0.9880700800674378,2.612978305686528,59.880700800674376,5.0,0.7800808661899884,23.8125,18.8125,1.0573266830811046,0.32329499407142054,0.12007697807680923,4.0,0.25,2.0,-2.0,10,6,0,0.625,NFC,East,False,False,1,False,False,8.25,-0.10656044100823298,1.2328903356490675
1991,ARI,-5.237263654084192,-0.9884136786851768,2.739306985520321,40.11586321314823,-9.25,-1.3409304025940838,12.25,21.5,-1.4822360321602657,-0.7575344626895681,0.48731039346851945,4.0,0.0,,,4,12,0,0.25,NFC,East,False,False,0,False,False,2.5,-2.332453620513073,1.266097411757476
1991,ATL,2.71316172443727,0.5120471944977506,2.6345334340128392,55.12047194497751,1.4375,0.20838783283556708,22.5625,21.125,0.786793281484674,-0.6445097826435225,0.19025394523485692,5.0,0.6,2.0,-5.0,10,6,0,0.625,NFC,West,False,False,1,False,False,8.25,-2.332453620513073,1.266097411757476
1991,BUF,4.623523091035638,0.8725841906646381,2.5754666515247315,58.72584190664638,8.75,1.2684476781295388,28.625,19.875,2.120707484051699,-0.2677608491567036,-0.6467809492699299,,,3.0,4.333333333333333,13,3,0,0.8125,AFC,East,True,True,2,True,False,19.125,-2.332453620513073,1.266097411757476
1991,CHI,1.650019541062602,0.3114034335873604,2.6800447387009863,53.114034335873605,1.875,0.27181021674204403,18.6875,16.8125,-0.06581167273342454,0.6552740378860028,-0.018722619858565714,3.0,0.3333333333333333,1.0,-4.0,11,5,0,0.6875,NFC,Central,False,False,0,False,False,6.875,-2.332453620513073,1.266097411757476
1991,CIN,-7.319565829524389,-1.3814005682712978,2.729163306870271,36.18599431728703,-10.75,-1.5583785759877191,16.4375,27.1875,-0.5608726138923205,-2.471742110054594,0.2864065324012527,3.0,0.0,,,3,13,0,0.1875,AFC,Central,False,False,0,False,False,1.875,-2.332453620513073,1.266097411757476
1991,CLE,-0.7003897267620026,-0.1321825350156441,2.729376653276116,48.67817464984356,-0.3125,-0.04530170279034067,18.3125,18.625,-0.14832182959324053,0.10898808433011532,-0.06446228181165936,3.0,0.0,,,6,10,0,0.375,AFC,Central,False,False,0,False,False,3.75,-2.332453620513073,1.266097411757476
1991,DAL,2.1255079917097564,0.4011409987966206,2.6283627796462032,54.0114099879662,2.0,0.28993089785818027,21.375,19.375,0.5255111180952566,-0.11706127576197603,0.3072247325828734,4.0,0.5,2.0,-14.0,11,5,0,0.6875,NFC,East,False,False,1,False,False,8.875,-2.332453620513073,1.266097411757476
1991,DEN,2.679823474279046,0.5057553626068509,2.6329563427034084,55.05755362606851,4.3125,0.6251634985067013,19.0,14.6875,0.002946791316422111,1.2957472248135948,-0.2231158406040132,1.0,0.0,2.0,-0.5,12,4,0,0.75,AFC,West,True,False,1,False,False,11.5,-2.332453620513073,1.266097411757476
1991,DET,3.0848374849368208,0.5821924898232942,2.6333317203398563,55.82192489823294,2.75,0.39865498455499787,21.1875,18.4375,0.4842560396653487,0.16550042435313816,-0.17130566362960975,2.0,0.0,2.0,0.5,12,4,0,0.75,NFC,Central,True,False,1,False,False,11.5,-2.332453620513073,1.266097411757476
1991,GB,-2.979261971404114,-0.5622675273615426,2.7390724150054355,44.37732472638457,-2.5,-0.36241362232272534,17.0625,19.5625,-0.4233556857926271,-0.17357361578499886,-0.20378290183228023,,,,,4,12,0,0.25,NFC,Central,False,False,0,False,False,2.5,-2.332453620513073,1.266097411757476
1991,IND,-12.662047157303832,-2.3896716753367917,2.7371026174913524,26.10328324663209,-14.875,-2.1563610528202157,8.9375,23.8125,-2.2110757510886403,-1.4545199896401833,-0.19377864796513705,,,,,1,15,0,0.0625,AFC,East,False,False,0,False,False,0.625,-2.332453620513073,1.266097411757476
1991,KC,3.3710044408817463,0.6361999548519233,2.642538234768912,56.36199954851924,4.375,0.6342238390647694,20.125,15.75,0.25047726189587005,0.9755106313497989,0.2614027637037025,3.0,0.0,2.0,-9.5,10,6,0,0.625,AFC,West,False,False,1,False,False,8.25,-2.332453620513073,1.266097411757476
1991,LAC,-2.503141038354322,-0.4724105955708793,2.7388955682563845,45.275894044291206,-4.25,-0.6161031579486331,17.125,21.375,-0.4096039929826578,-0.7198595693408864,0.23445845466850068,2.0,0.5,,,4,12,0,0.25,AFC,West,False,False,0,False,False,2.5,-2.332453620513073,1.266097411757476
1991,LAR,-5.907527194088342,-1.1149105852801715,2.730917648700068,38.85089414719828,-9.75,-1.413413127058629,14.625,24.375,-0.959671705381431,-1.6240570097092517,0.5004524303740495,5.0,0.0,,,3,13,0,0.1875,NFC,West,False,False,0,False,False,1.875,-2.332453620513073,1.266097411757476
1991,MIA,-1.838546976146199,-0.3469836731841885,2.738027973867726,46.53016326815811,-0.375,-0.05436204334840881,21.4375,21.8125,0.539262810905226,-0.8517216960612729,-0.4287187073960563,1.0,0.0,,,8,8,0,0.5,AFC,East,False,False,0,False,False,5.0,-2.332453620513073,1.266097411757476
1991,MIN,-1.083101547654282,-0.2044106342195951,2.740632657089311,47.95589365780405,-0.3125,-0.04530170279034067,18.8125,19.125,-0.038308287113485884,-0.04171148906461225,-0.18663533618242673,2.0,0.5,,,8,8,0,0.5,NFC,Central,False,False,0,False,False,5.0,-2.332453620513073,1.266097411757476
1991,NE,-6.261610257009027,-1.181735661483586,2.741356887479034,38.18264338516414,-5.875,-0.8516720124584046,13.1875,19.0625,-1.2759606400107257,-0.022874042390271302,-0.3111597931547678,1.0,1.0,,,6,10,0,0.375,AFC,East,False,False,0,False,False,3.75,-2.332453620513073,1.266097411757476
1991,NO,6.251131389554565,1.1797580150229086,2.684755646859176,61.79758015022909,8.125,1.1778442725488574,21.3125,13.1875,0.5117594252852874,1.7478459449977777,0.04579823219425414,2.0,0.5,1.0,-7.0,11,5,0,0.6875,NFC,West,True,False,0,False,False,8.875,-2.332453620513073,1.266097411757476
1991,NYG,0.0329734613931637,0.0062229863583775,2.7365204683758444,50.062229863583774,-1.0,-0.14496544892909013,17.5625,18.5625,-0.31334214331287247,0.12782553100445626,0.1962044380501859,4.0,0.5,,,8,8,0,0.5,NFC,East,False,False,0,False,False,5.0,-2.332453620513073,1.266097411757476
1991,NYJ,-0.5782549058417135,-0.1091323821849312,2.683127732874818,48.908676178150685,1.3125,0.19026715171943082,19.625,18.3125,0.1404637194161154,0.20317531770182004,-0.4132298007163492,1.0,0.0,1.0,-7.0,8,8,0,0.5,AFC,East,False,False,0,False,False,5.0,-2.332453620513073,1.266097411757476
1991,OAK,0.7648224366970577,0.14434273470406,2.694634367963255,51.4434273470406,0.0625,0.009060340558068133,18.625,18.5625,-0.07956336554339387,0.12782553100445626,0.11714078900916937,3.0,0.3333333333333333,1.0,-4.0,9,7,0,0.5625,AFC,West,False,False,0,False,False,5.625,-2.332453620513073,1.266097411757476
1991,PHI,3.0732222229705903,0.5800003749008421,2.7359678965918395,55.80000374900842,2.5625,0.3714739628807935,17.8125,15.25,-0.2583353720729952,1.1262102047445264,0.2132946169420139,5.0,0.4,,,10,6,0,0.625,NFC,East,False,False,0,False,False,6.25,-2.332453620513073,1.266097411757476
1991,PIT,-2.659571129793037,-0.5019331959874962,2.729348637965272,44.98066804012504,-3.25,-0.471137709019543,18.25,21.5,-0.16207352240320985,-0.7575344626895681,0.010258027589056098,3.0,0.3333333333333333,,,7,9,0,0.4375,AFC,Central,False,False,0,False,False,4.375,-2.332453620513073,1.266097411757476
1991,SEA,0.5855385876755862,0.1105070104700969,2.738976525835513,51.10507010470097,0.9375,0.13590510837102202,17.25,16.3125,-0.38210060736271917,0.8059736112807303,-0.0441503732996374,2.0,0.0,,,7,9,0,0.4375,AFC,West,False,False,0,False,False,4.375,-2.332453620513073,1.266097411757476
1991,SF,7.794652525939274,1.4710623115619208,2.7305591659260675,64.71062311561921,9.625,1.3952924459424927,24.5625,14.9375,1.2268474514036924,1.2203974381162312,0.1162139577938299,2.0,0.5,,,10,6,0,0.625,NFC,West,False,False,0,False,False,6.25,-2.332453620513073,1.266097411757476
1991,TB,-8.064478156230773,-1.5219857252861857,2.738154158529273,34.78014274713814,-10.375,-1.5040165326393102,12.4375,22.8125,-1.4409809537303575,-1.153120842850728,0.03491628464985245,1.0,0.0,,,3,13,0,0.1875,NFC,Central,False,False,0,False,False,1.875,-2.332453620513073,1.266097411757476
1991,TEN,6.171239646574051,1.1646802765717692,2.626709668725099,61.646802765717695,8.4375,1.223145975339198,24.125,15.6875,1.1305856017339073,0.9943480780241398,-0.0603550499833646,1.0,0.0,2.0,2.5,11,5,0,0.6875,AFC,Central,True,False,1,False,False,10.875,-2.332453620513073,1.266097411757476
1991,WSH,12.873301525049287,2.4295411034490737,2.5788431552826068,74.29541103449074,16.3125,2.364748885655783,30.3125,14.0,2.492003189920871,1.5029591382313454,-0.03513763295831927,1.0,1.0,3.0,20.333333333333332,14,2,0,0.875,NFC,East,True,True,3,True,True,26.75,-2.332453620513073,1.266097411757476
1992,ARI,-2.2031305810052766,-0.5465585310132062,2.870606431578337,44.53441468986794,-5.5625,-0.8921885461995415,15.1875,20.75,-0.8925320264434171,-0.6006004128734531,0.446277822650948,6.0,0.16666666666666666,,,4,12,0,0.25,NFC,East,False,False,0,False,False,2.5,-2.1031424304051107,1.3091335129720953
1992,ATL,-2.517918114473582,-0.6246518648160543,2.8610736365360205,43.753481351839454,-5.4375,-0.8721393653860686,20.4375,25.875,0.4302375552799077,-2.12433361503638,0.22648944419041986,5.0,0.0,,,6,10,0,0.375,NFC,West,False,False,0,False,False,3.75,-2.1031424304051107,1.3091335129720953
1992,BUF,3.517891340548585,0.8727278990775852,2.6756028962701923,58.72727899077585,6.125,0.9824098598601693,23.8125,17.6875,1.2805894292449023,0.30992308598000334,-0.26476228744951896,2.0,1.0,4.0,2.0,11,5,0,0.6875,AFC,East,True,True,3,True,False,19.875,-2.1031424304051107,1.3091335129720953
1992,CHI,-2.722704882724313,-0.6754559143767431,2.86895653143078,43.24544085623257,-4.125,-0.6616229668446038,18.4375,22.5625,-0.07367466632897796,-1.1394816672969272,0.061082702558742014,2.0,0.0,,,5,11,0,0.3125,NFC,Central,False,False,0,False,False,3.125,-2.1031424304051107,1.3091335129720953
1992,CIN,-4.178342766831281,-1.0365744565476085,2.861355555099806,39.63425543452392,-5.625,-0.9022131366062779,17.125,22.75,-0.4043670617598092,-1.1952280039614247,-0.18978098298251259,,,,,5,11,0,0.3125,AFC,Central,False,False,0,False,False,3.125,-2.1031424304051107,1.3091335129720953
1992,CLE,-0.5010187897048549,-0.1242940822809284,2.861436604870585,48.75705917719072,-0.1875,-0.030073771220209263,17.0,17.1875,-0.43586157561036454,0.4585799837519962,-0.13055455477776517,,,,,7,9,0,0.4375,AFC,Central,False,False,0,False,False,4.375,-2.1031424304051107,1.3091335129720953
1992,DAL,8.927910754957047,2.214859994825992,2.7163421847903697,72.14859994825991,10.375,1.6640820075182459,25.5625,15.1875,1.7215126231526772,1.0532075748399679,-0.12111939195866823,2.0,0.5,3.0,23.0,13,3,0,0.8125,NFC,East,True,False,3,True,True,25.125,-2.1031424304051107,1.3091335129720953
1992,DEN,-2.246681023507177,-0.5573626413478522,2.8690804421229967,44.42637358652148,-4.1875,-0.6716475572513402,16.375,20.5625,-0.5933341448631413,-0.5448540762089558,0.16729838193020277,2.0,0.0,,,8,8,0,0.5,AFC,West,False,False,0,False,False,5.0,-2.1031424304051107,1.3091335129720953
1992,DET,-1.748495209076605,-0.4337713711551667,2.8693531923449607,45.662286288448335,-3.6875,-0.5914508339974489,17.0625,20.75,-0.42011431868508686,-0.6006004128734531,0.2503362047828581,3.0,0.0,,,5,11,0,0.3125,NFC,Central,False,False,0,False,False,3.125,-2.1031424304051107,1.3091335129720953
1992,GB,-1.2748135382171877,-0.3162591544827114,2.8690960434383084,46.83740845517288,-1.25,-0.20049180813472842,17.25,18.5,-0.37287254790925384,0.06835562710051489,-0.14044124485312276,1.0,1.0,,,9,7,0,0.5625,NFC,Central,False,False,0,False,False,5.625,-2.1031424304051107,1.3091335129720953
1992,IND,-3.879099550486331,-0.9623373985396648,2.870853619182449,40.37662601460335,-5.375,-0.8621147749793322,13.5,18.875,-1.3177079634259143,-0.043137046228479775,-0.19255861881141445,,,,,9,7,0,0.5625,AFC,East,False,False,0,False,False,5.625,-2.1031424304051107,1.3091335129720953
1992,KC,2.030156906423842,0.5036467588748311,2.822398429810187,55.03646758874831,4.125,0.6616229668446038,21.75,17.625,0.7609299507107389,0.3285051982015024,-0.08924810183515842,2.0,0.5,1.0,-17.0,10,6,0,0.625,AFC,West,False,False,0,False,False,6.25,-2.1031424304051107,1.3091335129720953
1992,LAC,2.297003041527294,0.5698466622605601,2.77109588886003,55.6984666226056,5.875,0.9423114982332236,20.9375,15.0625,0.5562156106821291,1.090371799282966,-0.4649456403982839,,,2.0,-7.0,11,5,0,0.6875,AFC,West,True,False,1,False,False,10.875,-2.1031424304051107,1.3091335129720953
1992,LAR,-2.1537475703360154,-0.5343074615572663,2.860799912088676,44.65692538442734,-4.375,-0.7017213284715494,19.5625,23.9375,0.20977595832602022,-1.5482881361699077,0.2466584240247406,5.0,0.2,,,6,10,0,0.375,NFC,West,False,False,0,False,False,3.75,-2.1031424304051107,1.3091335129720953
1992,MIA,1.907523002545422,0.4732234117822497,2.767927440418399,54.7322341178225,3.6875,0.5914508339974489,21.25,17.5625,0.6349518953085175,0.34708731042300156,-0.3254916965842407,2.0,0.0,2.0,6.0,11,5,0,0.6875,AFC,East,False,False,1,False,False,8.875,-2.1031424304051107,1.3091335129720953
1992,MIN,4.026064043559093,0.9987967433181748,2.816134790237445,59.98796743318175,7.8125,1.2530738008420526,23.375,15.5625,1.1703586307679585,0.9417149015109731,-0.08535916195142036,2.0,0.0,1.0,-17.0,11,5,0,0.6875,NFC,Central,True,False,0,False,False,8.875,-2.1031424304051107,1.3091335129720953
1992,NE,-6.781769231299235,-1.6824394616855411,2.867063662645108,33.175605383144585,-9.875,-1.5838852842643545,12.8125,22.6875,-1.4909277896039688,-1.1766458917399256,-0.1330584046351428,2.0,0.0,,,2,14,0,0.125,AFC,East,False,False,0,False,False,1.25,-2.1031424304051107,1.3091335129720953
1992,NO,4.680502720174406,1.1611516417581396,2.80876968070252,61.6115164175814,8.0,1.2831475720622618,20.625,12.625,0.4774793260557407,1.8150741759214313,-0.054738666141280756,3.0,0.0,1.0,-16.0,12,4,0,0.75,NFC,West,False,False,0,False,False,7.5,-2.1031424304051107,1.3091335129720953
1992,NYG,-1.6555594858158522,-0.4107156281946793,2.8679206014867,45.89284371805321,-3.8125,-0.6115000148109216,19.125,22.9375,0.09954515984907648,-1.250974340625922,0.3607073837234942,5.0,0.0,,,6,10,0,0.375,NFC,East,False,False,0,False,False,3.75,-2.1031424304051107,1.3091335129720953
1992,NYJ,-4.436920401612705,-1.100723088243564,2.867332375619029,38.992769117564364,-5.9375,-0.95233608863996,13.75,19.6875,-1.2547189357248036,-0.28470450510796824,-0.09510548126875128,2.0,0.0,,,4,12,0,0.25,AFC,East,False,False,0,False,False,2.5,-2.1031424304051107,1.3091335129720953
1992,OAK,-1.1077263891942006,-0.2748077273596226,2.869410527232772,47.25192272640378,-2.0,-0.32078689301556546,15.5625,17.5625,-0.7980484848917511,0.34708731042300156,0.1046727013092581,2.0,0.0,,,7,9,0,0.4375,AFC,West,False,False,0,False,False,4.375,-2.1031424304051107,1.3091335129720953
1992,PHI,5.660731654745639,1.4043294593396252,2.772911442487421,64.04329459339625,6.8125,1.09268035433427,22.125,15.3125,0.8554134922624049,1.0160433503969695,0.34443373284485135,4.0,0.5,2.0,-4.0,11,5,0,0.6875,NFC,East,False,False,1,False,False,8.875,-2.1031424304051107,1.3091335129720953
1992,PIT,1.8064475326114589,0.4481483386817851,2.8093684959504457,54.48148338681785,4.625,0.7418196900984951,18.6875,14.0625,-0.01068563862786725,1.3876855948269518,-0.16701996694883803,,,1.0,-21.0,11,5,0,0.6875,AFC,Central,True,False,0,False,False,8.875,-2.1031424304051107,1.3091335129720953
1992,SEA,-7.076672045574535,-1.755599741131357,2.8692094341857066,32.44400258868643,-10.75,-1.7242295499586644,8.75,19.5,-2.514499489747018,-0.2289581684434709,0.16585139429319912,2.0,0.0,,,2,14,0,0.125,AFC,West,False,False,0,False,False,1.25,-2.1031424304051107,1.3091335129720953
1992,SF,6.916698530611074,1.715913083384747,2.75425313927285,67.15913083384747,12.1875,1.954795129313602,26.9375,14.75,2.067952275508786,1.1832823603904616,-0.0926218161029374,3.0,1.0,2.0,-1.5,14,2,0,0.875,NFC,West,True,True,1,False,False,13.75,-2.1031424304051107,1.3091335129720953
1992,TB,-4.277618804364637,-1.061203121642114,2.8712288183504926,39.387968783578856,-6.125,-0.9824098598601693,16.6875,22.8125,-0.5145978602367529,-1.2138101161829238,-0.038805112058052746,2.0,0.0,,,5,11,0,0.3125,NFC,Central,False,False,0,False,False,3.125,-2.1031424304051107,1.3091335129720953
1992,TEN,3.927211361717929,0.9742731054368606,2.809781571436553,59.742731054368605,5.875,0.9423114982332236,22.0,16.125,0.8239189784118496,0.7744758915174811,-0.059524087805140055,,,1.0,-3.0,10,6,0,0.625,AFC,Central,False,False,0,False,False,6.25,-2.1031424304051107,1.3091335129720953
1992,WSH,3.0640774948019702,0.7601445456335301,2.7633213126638165,57.6014454563353,2.8125,0.45110656830313894,18.75,15.9375,0.005061618297410426,0.8302222281819784,0.2713270242535348,5.0,0.4,2.0,5.0,9,7,0,0.5625,NFC,East,False,False,1,False,False,7.625,-2.1031424304051107,1.3091335129720953
1993,ARI,2.4153945251273874,0.7371089148614414,2.532892098788881,57.371089148614416,3.5625,0.6432543545249753,20.375,16.8125,0.44112873309225004,0.6362802081908415,0.08923326209229496,3.0,0.0,,,7,9,0,0.4375,NFC,East,False,False,0,False,False,4.375,-0.23833818610735596,1.1412058941872836
1993,ATL,-2.7994254760482096,-0.8543041119862337,2.5259474928559804,41.45695888013766,-4.3125,-0.7786763238986543,19.75,24.0625,0.2766599644293604,-1.8094453731154925,-0.003183768425720074,4.0,0.5,,,6,10,0,0.375,NFC,West,False,False,0,False,False,3.75,-0.23833818610735596,1.1412058941872836
1993,BUF,3.2482872102450666,0.9912837988964812,2.407489430064748,59.91283798896481,5.4375,0.9818092779591728,20.5625,15.125,0.49046936369111693,1.205543921081109,-0.11256155117023993,2.0,1.0,3.0,2.0,12,4,0,0.75,AFC,East,True,False,2,True,False,17.5,-0.23833818610735596,1.1412058941872836
1993,CHI,-0.1788811360966859,-0.0545893760815131,2.5315770263031805,49.45410623918487,0.25,0.045140656457893,14.625,14.375,-1.0719839386063341,1.4585500156990054,-0.12244448634037264,,,,,7,9,0,0.4375,NFC,Central,False,False,0,False,False,4.375,-0.23833818610735596,1.1412058941872836
1993,CIN,-5.132421190573978,-1.5662672805786542,2.526261539603063,34.33732719421346,-8.25,-1.4896416631104692,11.6875,19.9375,-1.8449871513219154,-0.417911852717061,-0.034513229219242686,3.0,0.0,,,3,13,0,0.1875,AFC,Central,False,False,0,False,False,1.875,-0.23833818610735596,1.1412058941872836
1993,CLE,-0.5487107038919672,-0.1674507196696286,2.525920837281511,48.32549280330371,-0.1875,-0.03385549234341975,19.0,19.1875,0.07929744203389293,-0.1649057580991644,-0.2013613794025706,3.0,0.3333333333333333,,,7,9,0,0.4375,AFC,Central,False,False,0,False,False,4.375,-0.23833818610735596,1.1412058941872836
1993,DAL,6.965492287523484,2.125667839402503,2.4077183339783392,71.25667839402503,9.1875,1.6589191248275679,23.5,14.3125,1.263472576406698,1.4796338569171636,0.06118139014607886,1.0,1.0,3.0,14.666666666666666,12,4,0,0.75,NFC,East,True,True,3,True,True,25.5,-0.23833818610735596,1.1412058941872836
1993,DEN,2.671891957659657,0.8153845514879818,2.4924977947934863,58.15384551487982,5.5625,1.0043796061881194,23.3125,17.75,1.2141319458078312,0.32002258991847077,-0.10154134297065467,,,1.0,-18.0,9,7,0,0.5625,AFC,West,False,False,0,False,False,5.625,-0.23833818610735596,1.1412058941872836
1993,DET,0.1327580471374253,0.0405139363555663,2.494036325261922,50.40513936355566,0.375,0.0677109846868395,18.625,18.25,-0.019383819163840826,0.15135186017320634,-0.14947564147681516,1.0,0.0,1.0,-4.0,10,6,0,0.625,NFC,Central,True,False,0,False,False,8.25,-0.23833818610735596,1.1412058941872836
1993,GB,2.19438160980174,0.6696621319482197,2.450705506884864,56.6966213194822,3.625,0.6545395186394486,21.25,17.625,0.6713850092202954,0.36219027235478685,-0.08355619839150513,1.0,0.0,2.0,-3.0,9,7,0,0.5625,NFC,Central,False,False,1,False,False,7.625,-0.23833818610735596,1.1412058941872836
1993,IND,-6.890722251011128,-2.1028501754952487,2.531268172062,28.971498245047517,-11.8125,-2.1328960176354443,11.8125,23.625,-1.8120933975893374,-1.661858484588386,0.10961727280031283,1.0,0.0,,,4,12,0,0.25,AFC,East,False,False,0,False,False,2.5,-0.23833818610735596,1.1412058941872836
1993,KC,1.7602316206923796,0.5371720463616303,2.4047264915155595,55.3717204636163,2.3125,0.4175510722355103,20.5,18.1875,0.47402248682482795,0.1724357013913644,0.08673085378315061,1.0,0.0,3.0,-2.0,11,5,0,0.6875,AFC,West,True,False,2,False,False,12.875,-0.23833818610735596,1.1412058941872836
1993,LAC,1.2387780247562097,0.3780394118157957,2.5312752494162383,53.78039411815796,2.0,0.361125251663144,20.125,18.125,0.3753412256270942,0.19351954260952245,0.030653697902113336,1.0,1.0,,,8,8,0,0.5,AFC,West,False,False,0,False,False,5.0,-0.23833818610735596,1.1412058941872836
1993,LAR,-5.402275371664086,-1.648619012573104,2.5260998192993465,33.51380987426896,-9.125,-1.6476339607130945,13.8125,22.9375,-1.2857933378680908,-1.4299362311886474,0.14348869253303673,3.0,0.3333333333333333,,,5,11,0,0.3125,NFC,West,False,False,0,False,False,3.125,-0.23833818610735596,1.1412058941872836
1993,MIA,-0.1793469627253516,-0.054731532966112,2.531445305911492,49.45268467033888,-0.125,-0.0225703282289465,21.8125,21.9375,0.8194069010168961,-1.0925947716981186,-0.046371200886009704,1.0,1.0,,,9,7,0,0.5625,AFC,East,False,False,0,False,False,5.625,-0.23833818610735596,1.1412058941872836
1993,MIN,-0.2507225188964818,-0.0765132991370686,2.484833775843848,49.23486700862932,-0.8125,-0.14670713348815226,17.3125,18.125,-0.36476823335590897,0.19351954260952245,0.16099733339728758,2.0,0.0,1.0,-7.0,9,7,0,0.5625,NFC,Central,False,False,0,False,False,5.625,-0.23833818610735596,1.1412058941872836
1993,NE,-2.23213457276882,-0.6811832500413374,2.5331020915660254,43.18816749958663,-3.0,-0.541687877494716,14.875,17.875,-1.0061964311411784,0.27785490748215463,-0.1363840661899816,1.0,0.0,,,5,11,0,0.3125,AFC,East,False,False,0,False,False,3.125,-0.23833818610735596,1.1412058941872836
1993,NO,-0.810531346628803,-0.247350846894557,2.5261319845178427,47.52649153105443,-1.625,-0.2934142669763045,19.8125,21.4375,0.2931068412956494,-0.9239240419528543,0.03764596826760586,3.0,0.6666666666666666,,,8,8,0,0.5,NFC,West,False,False,0,False,False,5.0,-0.23833818610735596,1.1412058941872836
1993,NYG,2.1689642376261755,0.6619054812528341,2.4402712417926145,56.61905481252834,5.1875,0.9366686215012798,18.0,12.8125,-0.18385258782673042,1.9856460461529568,-0.07737938113425419,2.0,0.0,2.0,-17.0,11,5,0,0.6875,NFC,East,False,False,1,False,False,8.875,-0.23833818610735596,1.1412058941872836
1993,NYJ,0.312671196768832,0.0954182532754351,2.531462802860012,50.95418253275435,1.4375,0.2595587746328848,16.875,15.4375,-0.4798963714199317,1.1001247149903186,-0.1006047145974287,2.0,0.0,,,8,8,0,0.5,AFC,East,False,False,0,False,False,5.0,-0.23833818610735596,1.1412058941872836
1993,OAK,0.0669929148417932,0.0204443101318355,2.4504362059477103,50.204443101318354,-1.25,-0.225703282289465,19.125,20.375,0.11219119576647085,-0.5654987412441673,0.07379492239813021,,,2.0,6.0,10,6,0,0.625,AFC,West,False,False,1,False,False,8.25,-0.23833818610735596,1.1412058941872836
1993,PHI,-0.1048604603981491,-0.0320003955345023,2.531389854858171,49.67999604465498,-1.375,-0.2482736105184115,18.3125,19.6875,-0.10161820349528562,-0.33357648784442884,0.3701947437724066,3.0,0.3333333333333333,,,8,8,0,0.5,NFC,East,False,False,0,False,False,5.0,-0.23833818610735596,1.1412058941872836
1993,PIT,1.0235792280491374,0.3123669306248102,2.4800084335903514,53.1236693062481,1.6875,0.3046994310907778,19.25,17.5625,0.14508494949904877,0.3832741135729449,-0.04560551843464481,3.0,0.0,1.0,-3.0,9,7,0,0.5625,AFC,Central,False,False,0,False,False,5.625,-0.23833818610735596,1.1412058941872836
1993,SEA,-1.015474119278526,-0.3098934846230933,2.533462711668263,46.90106515376907,-2.125,-0.3836955798920905,17.5,19.625,-0.31542760275704207,-0.31249264662627074,0.16994471014357382,1.0,0.0,,,6,10,0,0.375,AFC,West,False,False,0,False,False,3.75,-0.23833818610735596,1.1412058941872836
1993,SF,6.235395481349029,1.9028633000427584,2.438565705672868,69.02863300042759,11.125,2.008759212376239,29.5625,18.4375,2.858819632436727,0.0881003365187322,-0.27851389848495656,2.0,0.0,2.0,12.0,10,6,0,0.625,NFC,West,True,False,1,False,False,11.25,-0.23833818610735596,1.1412058941872836
1993,TB,-5.086422489209454,-1.5522298003678172,2.5315844021436407,34.47770199632183,-8.6875,-1.5686378119117819,14.8125,23.5,-1.0226433080074673,-1.61969080215207,0.21604216959854705,1.0,0.0,,,5,11,0,0.3125,NFC,Central,False,False,0,False,False,3.125,-0.23833818610735596,1.1412058941872836
1993,TEN,4.008010344485149,1.2231294411918343,2.483013026444058,62.23129441191834,8.125,1.4670713348815225,23.0,14.875,1.1318975614763864,1.2898792859537411,-0.16745475218582312,1.0,1.0,1.0,-8.0,12,4,0,0.75,AFC,Central,True,True,0,False,False,10.5,-0.23833818610735596,1.1412058941872836
1993,WSH,-3.810900086871938,-1.162977061700258,2.530997128234284,38.37022938299742,-7.1875,-1.2977938731644239,14.375,21.5625,-1.13777144607149,-0.9660917243891703,0.11142611247568028,2.0,0.5,,,4,12,0,0.25,NFC,East,False,False,0,False,False,2.5,-0.23833818610735596,1.1412058941872836
1994,ARI,-0.9670701861179825,-0.2905903331631296,2.456724194381365,47.09409666836871,-2.0,-0.3831403218278978,14.6875,16.6875,-1.5403362332163277,1.1366138625429656,-0.04039117845238827,4.0,0.25,,,8,8,0,0.5,NFC,East,False,False,0,False,False,5.0,-0.38708041374961805,1.1129874389963221
1994,ATL,-1.9335071668611683,-0.5809903974466436,2.450870601581573,44.19009602553356,-4.25,-0.8141731838842828,19.8125,24.0625,-0.12285647711825581,-1.211961623286903,0.050964621136291896,2.0,0.0,,,7,9,0,0.4375,NFC,West,False,False,0,False,False,4.375,-0.38708041374961805,1.1129874389963221
1994,BUF,-0.7399103246419639,-0.2223321438660465,2.4566375781227547,47.77667856133954,-1.0,-0.1915701609139489,21.25,22.25,0.27472930812876434,-0.6347693428710879,0.08051630629448422,1.0,0.0,,,7,9,0,0.4375,AFC,East,False,False,0,False,False,4.375,-0.38708041374961805,1.1129874389963221
1994,CHI,-1.0762213544115509,-0.3233886499915044,2.375232561979888,46.76611350008496,-2.25,-0.431032862056385,16.9375,19.1875,-0.9180280476122962,0.3404865792108067,-0.06182180204165295,,,2.0,-6.0,9,7,0,0.5625,NFC,Central,False,False,1,False,False,7.625,-0.38708041374961805,1.1129874389963221
1994,CIN,-4.874692293946348,-1.464773165484386,2.451481865657089,35.35226834515614,-8.125,-1.556507557425835,17.25,25.375,-0.8315963551672918,-1.6299284470362865,0.24986512289959695,5.0,0.0,,,3,13,0,0.1875,AFC,Central,False,False,0,False,False,1.875,-0.38708041374961805,1.1129874389963221
1994,CLE,4.349861789537944,1.3070693366212296,2.3714995624193054,63.070693366212296,8.5,1.6283463677685657,21.25,12.75,0.27472930812876434,2.3905143337911157,-0.21637118100627842,3.0,0.3333333333333333,2.0,-6.5,11,5,0,0.6875,AFC,Central,False,False,1,False,False,8.875,-0.38708041374961805,1.1129874389963221
1994,DAL,7.107534308415631,2.135709271466362,2.37151704896253,71.35709271466362,10.375,1.98754041948222,25.875,15.5,1.5539183563148293,1.514774322125741,-0.045627497699819206,3.0,0.3333333333333333,2.0,8.0,12,4,0,0.75,NFC,East,True,False,1,False,False,11.5,-0.38708041374961805,1.1129874389963221
1994,DEN,-1.918131689573453,-0.5763702932063147,2.456001721614394,44.23629706793685,-3.0625,-0.5866836177989685,21.6875,24.75,0.39573367755177047,-1.4308966262032468,-0.017244143620710306,2.0,0.5,,,7,9,0,0.4375,AFC,West,False,False,0,False,False,4.375,-0.38708041374961805,1.1129874389963221
1994,DET,1.084760245697255,0.3259544609317813,2.4191045448930453,53.25954460931781,0.9375,0.1795970258568271,22.3125,21.375,0.5685970624417792,-0.35612479370483224,0.22060698438324863,2.0,0.5,1.0,-4.0,9,7,0,0.5625,NFC,Central,False,False,0,False,False,5.625,-0.38708041374961805,1.1129874389963221
1994,GB,2.687801533218158,0.8076447337804173,2.377012823003723,58.076447337804176,5.9375,1.1374478304265716,23.875,17.9375,1.0007555246668012,0.7385502208768862,-0.04645020206556333,1.0,0.0,2.0,-11.0,9,7,0,0.5625,NFC,Central,False,False,1,False,False,7.625,-0.38708041374961805,1.1129874389963221
1994,IND,-0.9784812808618976,-0.2940191988969615,2.458693084592829,47.059808011030384,-0.8125,-0.1556507557425835,19.1875,20.0,-0.29571986200826456,0.08174521212785511,-0.19576403822849053,2.0,0.0,,,8,8,0,0.5,AFC,East,False,False,0,False,False,5.0,-0.38708041374961805,1.1129874389963221
1994,KC,0.7898853467666161,0.237348901219857,2.4129132482463724,52.37348901219857,1.3125,0.25143583619955795,19.9375,18.625,-0.08828380014025405,0.5196152179605424,-0.032245999188822885,2.0,1.0,1.0,-10.0,9,7,0,0.5625,AFC,West,False,False,0,False,False,5.625,-0.38708041374961805,1.1129874389963221
1994,LAC,2.405118308384455,0.7227025923896249,2.330308612312422,57.22702592389625,4.6875,0.8979851292841355,23.8125,19.125,0.9834691861778003,0.3603897612941107,-0.14690573341262828,2.0,0.5,3.0,-6.0,11,5,0,0.6875,AFC,West,True,False,2,True,False,16.875,-0.38708041374961805,1.1129874389963221
1994,LAR,-3.224045504691163,-0.9687781412247958,2.4510257805004723,40.31221858775204,-4.9375,-0.9458776695126228,17.875,22.8125,-0.658732970277283,-0.8138979816208236,0.03417069700955096,2.0,0.0,,,4,12,0,0.25,NFC,West,False,False,0,False,False,2.5,-0.38708041374961805,1.1129874389963221
1994,MIA,2.7976236567443924,0.8406446627641421,2.368803068398783,58.40644662764142,3.875,0.742334373541552,24.3125,20.4375,1.1217598940898073,-0.057577062455272686,-0.03056261305923884,1.0,0.0,2.0,4.5,10,6,0,0.625,AFC,East,True,False,1,False,False,10.25,-0.38708041374961805,1.1129874389963221
1994,MIN,1.034748208240568,0.3109265810164216,2.4186170878623416,53.10926581016422,2.625,0.5028716723991159,22.25,19.625,0.5513107239527784,0.20116430462767895,0.06573469642508876,1.0,1.0,1.0,-17.0,10,6,0,0.625,NFC,Central,True,False,0,False,False,8.25,-0.38708041374961805,1.1129874389963221
1994,NE,1.6403412228183067,0.4928983534829341,2.413254844844981,54.92898353482934,2.4375,0.46695226722775046,21.9375,19.5,0.464879031507774,0.24097066879428689,0.05521966647575946,1.0,0.0,1.0,-7.0,10,6,0,0.625,AFC,East,False,False,0,False,False,6.25,-0.38708041374961805,1.1129874389963221
1994,NO,-2.205443179355665,-0.6627031599784295,2.45130435694448,43.3729684002157,-3.6875,-0.7064149683701866,21.75,25.4375,0.4130200160407714,-1.6498316291195905,0.11651016509534867,3.0,0.0,,,7,9,0,0.4375,NFC,West,False,False,0,False,False,4.375,-0.38708041374961805,1.1129874389963221
1994,NYG,-1.08700354575056,-0.3266285395242472,2.4566148314699943,46.73371460475753,-1.625,-0.311301511485167,17.4375,19.0625,-0.7797373397002891,0.3802929433774147,-0.00040950588277984586,4.0,0.5,,,9,7,0,0.5625,NFC,East,False,False,0,False,False,5.625,-0.38708041374961805,1.1129874389963221
1994,NYJ,-1.9638151659988523,-0.5900975043488648,2.4568190627859767,44.09902495651135,-3.5,-0.6704955631988212,16.5,20.0,-1.0390324170353022,0.08174521212785511,0.1688009672296838,1.0,0.0,,,6,10,0,0.375,AFC,East,False,False,0,False,False,3.75,-0.38708041374961805,1.1129874389963221
1994,OAK,-0.9019173183219692,-0.2710128569559714,2.456804587435016,47.289871430440286,-1.5,-0.28735524137092333,18.9375,20.4375,-0.3648652159642681,-0.057577062455272686,0.06402174149073014,2.0,0.0,,,9,7,0,0.5625,AFC,West,False,False,0,False,False,5.625,-0.38708041374961805,1.1129874389963221
1994,PHI,0.2273210468868039,0.0683066231366264,2.457019009909944,50.68306623136626,0.0,0.0,19.25,19.25,-0.2784335235192637,0.3205833971275028,0.17732093656692904,5.0,0.2,,,7,9,0,0.4375,NFC,East,False,False,0,False,False,4.375,-0.38708041374961805,1.1129874389963221
1994,PIT,3.711993013858202,1.1153991737934406,2.3719334802566645,61.153991737934405,5.125,0.9817970746839881,19.75,14.625,-0.1401428156072567,1.7934188712919967,-0.09827348582879618,3.0,0.6666666666666666,2.0,8.0,12,4,0,0.75,AFC,Central,True,True,1,False,False,12.5,-0.38708041374961805,1.1129874389963221
1994,SEA,-2.0085342414435385,-0.6035349272151231,2.4583222957101,43.96465072784877,-2.25,-0.431032862056385,17.9375,20.1875,-0.6414466317882821,0.022035665877943197,-0.20813020026184148,2.0,0.5,,,6,10,0,0.375,AFC,West,False,False,0,False,False,3.75,-0.38708041374961805,1.1129874389963221
1994,SF,9.10424520850722,2.7356914589197974,2.3264520916638385,77.35691458919797,13.0625,2.5023852269384577,31.5625,18.5,3.126975158813909,0.5594215821271504,-0.24302177016791973,1.0,1.0,3.0,20.666666666666668,13,3,0,0.8125,NFC,West,True,True,3,True,True,26.125,-0.38708041374961805,1.1129874389963221
1994,TB,-4.235729846659892,-1.272774370463062,2.458946940345464,37.27225629536938,-6.25,-1.1973135057121806,15.6875,21.9375,-1.2637548173923137,-0.535253432454568,-0.026278236513283135,1.0,0.0,,,6,10,0,0.375,NFC,Central,False,False,0,False,False,3.75,-0.38708041374961805,1.1129874389963221
1994,TEN,-5.018903919569237,-1.5081066328348511,2.4510756310098656,34.91893367165149,-7.875,-1.5086150171973476,14.125,22.0,-1.6959132796173355,-0.555156614537872,0.10990874885706686,5.0,0.0,,,2,14,0,0.125,AFC,Central,False,False,0,False,False,1.25,-0.38708041374961805,1.1129874389963221
1994,WSH,-3.807826870870344,-1.144195834922303,2.4589509220497443,38.55804165077697,-5.75,-1.1015284252552062,20.0,25.75,-0.07099746165125317,-1.7493475395361102,0.01585693356643396,3.0,0.0,,,3,13,0,0.1875,NFC,East,False,False,0,False,False,1.875,-0.38708041374961805,1.1129874389963221
1995,ARI,-5.288891180907473,-1.6607441100352025,2.432710044107344,33.39255889964797,-9.1875,-1.7636416644169874,17.1875,26.375,-1.2041867637803811,-1.9941281273756062,0.29131051305133954,3.0,0.0,,,4,12,0,0.25,NFC,East,False,False,0,False,False,2.5,-0.6703862208875785,1.0424287773465795
1995,ATL,-0.0641846295103016,-0.0201543653987107,2.3874137583086075,49.79845634601289,0.8125,0.15596831045864515,22.625,21.8125,0.31854940553492617,-0.132601870362572,-0.1417509547430438,3.0,0.3333333333333333,1.0,-17.0,9,7,0,0.5625,NFC,West,False,False,0,False,False,5.625,-0.6703862208875785,1.0424287773465795
1995,BUF,0.0773370696434144,0.0242843118726527,2.3508393558017784,50.242843118726526,0.9375,0.17996343514459057,21.875,20.9375,0.10851683045695273,0.22440316522896878,-0.26906693469319,1.0,0.0,2.0,-2.0,10,6,0,0.625,AFC,East,True,False,1,False,False,10.25,-0.6703862208875785,1.0424287773465795
1995,CAR,-2.0369816347519363,-0.6396246654452279,2.432689341145986,43.60375334554772,-2.25,-0.43191224434701736,18.0625,20.3125,-0.9591487595227455,0.4794067620800693,-0.2621678131225702,2.0,0.5,,,7,9,0,0.4375,NFC,West,False,False,0,False,False,4.375,-0.6703862208875785,1.0424287773465795
1995,CHI,1.3914537294002458,0.436924963370389,2.4323121955569964,54.36924963370389,2.0,0.3839219949751265,24.5,22.5,0.8436308432298597,-0.4131058268987826,0.03369015057388515,3.0,0.0,,,9,7,0,0.5625,NFC,Central,False,False,0,False,False,5.625,-0.6703862208875785,1.0424287773465795
1995,CIN,-1.0257502525930582,-0.322091839686661,2.43245021553943,46.77908160313339,-1.5625,-0.2999390585743176,21.8125,23.375,0.09101411586712162,-0.7701108624903235,0.0028415572493057997,3.0,0.3333333333333333,,,7,9,0,0.4375,AFC,Central,False,False,0,False,False,4.375,-0.6703862208875785,1.0424287773465795
1995,CLE,-2.618939129208962,-0.8223628705153724,2.4323542477159763,41.77637129484628,-4.1875,-0.8038366769791712,18.0625,22.25,-0.9591487595227455,-0.3111043881583424,0.06947057414373392,4.0,0.25,,,5,11,0,0.3125,AFC,Central,False,False,0,False,False,3.125,-0.6703862208875785,1.0424287773465795
1995,DAL,6.726555668670351,2.112179533565566,2.31173483175366,71.12179533565566,9.0,1.7276489773880694,27.1875,18.1875,1.5962475705925978,1.3464189913738114,0.0610072743204097,3.0,0.6666666666666666,3.0,13.333333333333334,12,4,0,0.75,NFC,East,True,True,3,True,True,25.5,-0.6703862208875785,1.0424287773465795
1995,DEN,1.4259595785102053,0.4477600105874686,2.432905705384986,54.477600105874686,2.6875,0.5158951807478263,24.25,21.5625,0.7736199848705352,-0.030600431622131778,0.03047393976518644,3.0,0.0,,,8,8,0,0.5,AFC,West,False,False,0,False,False,5.0,-0.6703862208875785,1.0424287773465795
1995,DET,2.7690157728178777,0.8694878525583172,2.386704437216664,58.69487852558317,6.25,1.1997562342972703,27.25,21.0,1.6137502851824288,0.19890280554385872,0.10334109029142177,4.0,0.5,1.0,-21.0,10,6,0,0.625,NFC,Central,False,False,0,False,False,6.25,-0.6703862208875785,1.0424287773465795
1995,GB,4.484605480593479,1.408193491409537,2.30509590059282,64.08193491409537,5.625,1.0797806108675434,25.25,19.625,1.053663418307833,0.75991071861628,0.006103919967362759,2.0,0.5,3.0,5.333333333333333,11,5,0,0.6875,NFC,Central,True,False,2,False,False,12.875,-0.6703862208875785,1.0424287773465795
1995,IND,0.8387910810867981,0.2633855187820184,2.306592064154369,52.63385518782018,0.9375,0.17996343514459057,20.6875,19.75,-0.2240347467498385,0.7089099992460599,-0.39471483880360336,1.0,1.0,3.0,4.666666666666667,9,7,0,0.5625,AFC,East,False,False,2,False,False,9.625,-0.6703862208875785,1.0424287773465795
1995,JAX,-4.6045176355066895,-1.4458466399017282,2.432398216759005,35.54153360098272,-8.0625,-1.5476855422434788,17.1875,25.25,-1.2041867637803811,-1.5351216530436251,0.028001205297990953,3.0,0.3333333333333333,,,4,12,0,0.25,AFC,Central,False,False,0,False,False,2.5,-0.6703862208875785,1.0424287773465795
1995,KC,4.399621133339807,1.3815078876942977,2.3872876388276656,63.81507887694298,7.3125,1.4037147941278063,22.375,15.0625,0.24853854717560167,2.621436975629314,-0.03360020584159279,1.0,0.0,1.0,-3.0,13,3,0,0.8125,AFC,West,True,True,0,False,False,11.125,-0.6703862208875785,1.0424287773465795
1995,LAC,-0.13774772050157,-0.0432536249411939,2.390429332041764,49.56746375058806,-0.125,-0.023995124685945408,20.0625,20.1875,-0.3990618926481497,0.5304074814502895,0.2905427069859185,4.0,0.0,1.0,-15.0,9,7,0,0.5625,AFC,West,False,False,0,False,False,5.625,-0.6703862208875785,1.0424287773465795
1995,LAR,-3.930584337553089,-1.2342274711857248,2.433129743013964,37.65772528814275,-6.8125,-1.3077342953840247,19.3125,26.125,-0.6090944677261231,-1.892126688635166,0.15223469287851663,3.0,0.3333333333333333,,,7,9,0,0.4375,NFC,West,False,False,0,False,False,4.375,-0.6703862208875785,1.0424287773465795
1995,MIA,1.4031987761566638,0.4406129797344282,2.395317311979514,54.406129797344285,4.125,0.7918391146361985,24.875,20.75,0.9486471307688464,0.30090424428429896,-0.15291416736336738,3.0,0.6666666666666666,1.0,-15.0,9,7,0,0.5625,AFC,East,False,False,0,False,False,5.625,-0.6703862208875785,1.0424287773465795
1995,MIN,1.844537898705498,0.5791961578015027,2.432642170719102,55.79196157801503,1.6875,0.323934183260263,25.75,24.0625,1.193685135026482,-1.050614819026534,0.3472801065906685,5.0,0.4,,,8,8,0,0.5,NFC,Central,False,False,0,False,False,5.0,-0.6703862208875785,1.0424287773465795
1995,NE,-3.054415505416946,-0.9591051104498296,2.432924650918657,40.40894889550171,-5.1875,-0.9957976744667344,18.375,23.5625,-0.8716351865735898,-0.8466119415456536,0.05863468206219284,3.0,0.0,,,6,10,0,0.375,AFC,East,False,False,0,False,False,3.75,-0.6703862208875785,1.0424287773465795
1995,NO,-1.2015316724861842,-0.3772882783645777,2.433248567183607,46.22711721635422,-1.8125,-0.3479293079462084,19.9375,21.75,-0.43406732182781194,-0.10710151067746194,-0.0022493335707417933,3.0,0.3333333333333333,,,7,9,0,0.4375,NFC,West,False,False,0,False,False,4.375,-0.6703862208875785,1.0424287773465795
1995,NYG,-1.1477110044239411,-0.3603882601140238,2.4327214742815406,46.396117398859765,-3.125,-0.5998781171486351,18.125,21.25,-0.9416460449329144,0.0969013668034185,0.2981002914515281,5.0,0.0,,,5,11,0,0.3125,NFC,East,False,False,0,False,False,3.125,-0.6703862208875785,1.0424287773465795
1995,NYJ,-5.959871787969053,-1.8714361157902095,2.4323532329834725,31.285638842097903,-9.4375,-1.8116319137888783,14.5625,24.0,-1.9393007765532881,-1.025114459341424,-0.2436518401934662,,,,,3,13,0,0.1875,AFC,East,False,False,0,False,False,1.875,-0.6703862208875785,1.0424287773465795
1995,OAK,0.8629062897127231,0.2709578414708175,2.43357974461549,52.709578414708176,1.0,0.19196099748756326,21.75,20.75,0.0735114012772905,0.30090424428429896,0.21409912336439982,4.0,0.0,,,8,8,0,0.5,AFC,West,False,False,0,False,False,5.0,-0.6703862208875785,1.0424287773465795
1995,PHI,-0.5187327434222182,-0.162885247371083,2.3503777741156595,48.37114752628917,-1.25,-0.23995124685945407,19.875,21.125,-0.45157003641764304,0.14790208617363862,-0.15901621054403517,2.0,0.5,2.0,1.0,10,6,0,0.625,NFC,East,False,False,1,False,False,8.25,-0.6703862208875785,1.0424287773465795
1995,PIT,3.335599748091058,1.0473986787768697,2.3019021680674023,60.473986787768695,5.0,0.9598049874378163,25.4375,20.4375,1.1061715620773265,0.4284060427098492,-0.1093641429373485,1.0,0.0,3.0,4.333333333333333,11,5,0,0.6875,AFC,Central,True,False,2,True,False,16.875,-0.6703862208875785,1.0424287773465795
1995,SEA,-0.6512045249579914,-0.2044821952768362,2.43314816991181,47.95517804723164,-0.1875,-0.03599268702891811,22.6875,22.875,0.33605212012475727,-0.5661079850094429,-0.13305025761643924,2.0,0.0,,,8,8,0,0.5,AFC,West,False,False,0,False,False,5.0,-0.6703862208875785,1.0424287773465795
1995,SF,7.029242756355624,2.207225126462559,2.387072362677877,72.07225126462559,12.4375,2.387514906251568,28.5625,16.125,1.9813072915688823,2.1879308609824433,-0.09830853606486564,1.0,1.0,1.0,-10.0,11,5,0,0.6875,NFC,West,True,False,0,False,False,8.875,-0.6703862208875785,1.0424287773465795
1995,TB,-3.616057231561778,-1.1354640402784808,2.43298456947104,38.64535959721519,-6.0625,-1.1637635472683523,14.875,20.9375,-1.8517872036041325,0.22440316522896878,0.18405498641432164,2.0,0.5,,,7,9,0,0.4375,NFC,Central,False,False,0,False,False,4.375,-0.6703862208875785,1.0424287773465795
1995,TEN,0.6811362229567851,0.2138809311279895,2.432825361234453,52.13880931127989,1.5,0.2879414962313449,21.75,20.25,0.0735114012772905,0.5049071217651794,-0.1470965196773654,3.0,0.0,,,7,9,0,0.4375,AFC,Central,False,False,0,False,False,4.375,-0.6703862208875785,1.0424287773465795
1995,WSH,-1.4128402152692905,-0.4436404504595521,2.4329371386718184,45.56359549540448,-2.0625,-0.39591955731809925,20.375,22.4375,-0.3115483196989941,-0.38760546721367256,-0.024235059236553433,3.0,0.6666666666666666,,,6,10,0,0.375,NFC,East,False,False,0,False,False,3.75,-0.6703862208875785,1.0424287773465795
1996,ARI,-4.718796229400545,-1.2484480502245878,2.589460032210705,37.51551949775412,-6.0625,-1.0460224988826021,18.75,24.8125,-0.514039203713886,-1.1085728319121488,-0.22519407089724278,1.0,0.0,,,7,9,0,0.4375,NFC,East,False,False,0,False,False,4.375,0.39409570239781844,1.117791477627547
1996,ATL,-5.773664003707131,-1.5275335525551488,2.588891594341383,34.72466447444852,-9.5,-1.6391280394861394,19.3125,28.8125,-0.3416285391141974,-2.119717647718004,0.08802709157280662,4.0,0.25,,,3,13,0,0.1875,NFC,West,False,False,0,False,False,1.875,0.39409570239781844,1.117791477627547
1996,BAL,-2.2900647319177927,-0.6058805488649082,2.589075175913413,43.94119451135092,-4.375,-0.7548615971317748,23.1875,27.5625,0.8460893725725461,-1.8037348927786743,0.29386795448223874,4.0,0.0,,,4,12,0,0.25,AFC,Central,False,False,0,False,False,2.5,0.39409570239781844,1.117791477627547
1996,BUF,1.7262742193737597,0.4567189551229947,2.537696058431584,54.56718955122994,3.3125,0.5715380663997723,19.9375,16.625,-0.1500611340034323,0.9611142129404611,-0.07979043468131533,2.0,0.5,1.0,-3.0,10,6,0,0.625,AFC,East,False,False,0,False,False,6.25,0.39409570239781844,1.117791477627547
1996,CAR,5.103113867865926,1.3501266527926792,2.4891590160949137,63.50126652792679,9.3125,1.606776828180492,22.9375,13.625,0.7694624105282402,1.7194728247948523,-0.39279766402159355,2.0,1.0,2.0,-4.0,12,4,0,0.75,NFC,West,True,False,1,False,False,11.5,0.39409570239781844,1.117791477627547
1996,CHI,-0.3801282230691477,-0.100570212370942,2.589318554457705,48.99429787629058,-1.375,-0.23724221624141492,17.6875,19.0625,-0.8397037924021866,0.344947840808768,0.17082310842842616,3.0,0.0,,,7,9,0,0.4375,NFC,Central,False,False,0,False,False,4.375,0.39409570239781844,1.117791477627547
1996,CIN,-0.0004687860807343,-0.0001240263490967,2.5893416687331934,49.99875973650903,0.1875,0.03235121130564749,23.25,23.0625,0.8652461130836226,-0.6661969749970872,-0.04978350847198745,2.0,0.0,,,8,8,0,0.5,AFC,Central,False,False,0,False,False,5.0,0.39409570239781844,1.117791477627547
1996,DAL,2.4257813991716937,0.641786996267838,2.48966773510198,56.41786996267838,2.25,0.38821453566776987,17.875,15.625,-0.7822335708689571,1.2139004168919247,0.06950048055070125,3.0,1.0,2.0,8.0,10,6,0,0.625,NFC,East,True,False,1,False,False,10.25,0.39409570239781844,1.117791477627547
1996,DEN,4.87125544240408,1.2887840592319573,2.5392082323330296,62.88784059231958,7.25,1.2509135038183696,24.4375,17.1875,1.2292241827940764,0.8189219732177626,0.0007491728126607644,2.0,0.5,1.0,-3.0,13,3,0,0.8125,AFC,West,True,True,0,False,False,11.125,0.39409570239781844,1.117791477627547
1996,DET,-2.4262991977263866,-0.6419239898069922,2.589522497178551,43.58076010193008,-4.125,-0.7117266487242447,18.875,23.0,-0.47572572269173297,-0.6503978372501207,0.1763493342486084,3.0,0.0,,,5,11,0,0.3125,NFC,Central,False,False,0,False,False,3.125,0.39409570239781844,1.117791477627547
1996,GB,10.918816758931875,2.8887823993153763,2.446932321835938,78.88782399315376,15.375,2.6527993270630943,28.5,13.125,2.474412316014049,1.8458659267705844,-0.10109683068507049,2.0,1.0,3.0,17.333333333333332,13,3,0,0.8125,NFC,Central,True,True,3,True,True,26.125,0.39409570239781844,1.117791477627547
1996,IND,-1.79958022746851,-0.4761134655927257,2.537264107143088,45.23886534407274,-1.0625,-0.18332353073200244,19.8125,20.875,-0.1883746150255853,-0.11322715385326013,-0.08371285024311227,2.0,0.0,1.0,-28.0,9,7,0,0.5625,AFC,East,False,False,0,False,False,5.625,0.39409570239781844,1.117791477627547
1996,JAX,-0.2014070292890087,-0.0532860926375137,2.4484564153102526,49.467139073624864,-0.625,-0.10783737101882497,20.3125,20.9375,-0.03512069093697324,-0.1290262916002266,-0.15842560147841683,2.0,0.5,3.0,-2.6666666666666665,9,7,0,0.5625,AFC,Central,False,False,2,False,False,9.625,0.39409570239781844,1.117791477627547
1996,KC,0.6536853472278311,0.1729449964637787,2.5902491195976123,51.72944996463779,-0.1875,-0.03235121130564749,18.5625,18.75,-0.5715094252471155,0.42394352954360043,0.29612254060977605,3.0,0.6666666666666666,,,9,7,0,0.5625,AFC,West,False,False,0,False,False,5.625,0.39409570239781844,1.117791477627547
1996,LAC,-1.3089263432351643,-0.3463015696499214,2.5906283300331583,46.53698430350079,-4.125,-0.7117266487242447,19.375,23.5,-0.32247179860312086,-0.7767909392258526,0.36623153571062134,4.0,0.25,,,8,8,0,0.5,AFC,West,False,False,0,False,False,5.0,0.39409570239781844,1.117791477627547
1996,LAR,-4.200823316623342,-1.1114083812944466,2.5888521304723326,38.885916187055535,-6.625,-1.1430761327995447,18.9375,25.5625,-0.45656898218065645,-1.2981624848757467,0.11896245401059798,5.0,0.0,,,6,10,0,0.375,NFC,West,False,False,0,False,False,3.75,0.39409570239781844,1.117791477627547
1996,MIA,0.3224775262482514,0.0853176147716434,2.5887299845262484,50.85317614771643,0.875,0.15097231942635495,21.1875,20.3125,0.23307367621809788,0.02896508586943826,-0.10988629409841226,2.0,0.5,,,8,8,0,0.5,AFC,East,False,False,0,False,False,5.0,0.39409570239781844,1.117791477627547
1996,MIN,-1.1312939127672954,-0.2993055031335171,2.538052148056639,47.006944968664826,-1.0625,-0.18332353073200244,18.625,19.6875,-0.5523526847360389,0.18695646333910312,0.14494003272388745,4.0,0.5,1.0,-25.0,9,7,0,0.5625,NFC,Central,False,False,0,False,False,5.625,0.39409570239781844,1.117791477627547
1996,NE,4.155271360495608,1.0993567376025113,2.44648351185846,60.99356737602511,6.5625,1.132292395697662,26.125,19.5625,1.7464561765931421,0.2185547388330361,-0.26581536811886713,1.0,0.0,3.0,8.333333333333334,11,5,0,0.6875,AFC,East,True,False,2,True,False,16.875,0.39409570239781844,1.117791477627547
1996,NO,-5.295013464417335,-1.4008973717444326,2.5886148623703096,35.99102628255567,-6.875,-1.1862110812070745,14.3125,21.1875,-1.874167780000318,-0.19222284258809255,-0.17792617235328406,4.0,0.0,,,3,13,0,0.1875,NFC,West,False,False,0,False,False,1.875,0.39409570239781844,1.117791477627547
1996,NYG,-2.630271283379616,-0.6958887173041077,2.589705923835807,43.04111282695892,-3.4375,-0.5931055406035373,15.125,18.5625,-1.6251301533563234,0.4713409427844999,-0.08246330641668803,2.0,0.0,,,6,10,0,0.375,NFC,East,False,False,0,False,False,3.75,0.39409570239781844,1.117791477627547
1996,NYJ,-7.202723735100898,-1.905618714232,2.588977433025764,30.94381285768,-10.9375,-1.887153992829437,17.4375,28.375,-0.9163307544464926,-2.0091236834892388,0.17745625855712238,3.0,0.0,,,1,15,0,0.0625,AFC,East,False,False,0,False,False,0.625,0.39409570239781844,1.117791477627547
1996,OAK,1.588661250514196,0.4203108047587303,2.5910436911305643,54.20310804758731,2.9375,0.5068356437884773,21.25,18.3125,0.2522304167291744,0.5345374937723658,-0.17806089401828917,2.0,0.0,,,7,9,0,0.4375,AFC,West,False,False,0,False,False,4.375,0.39409570239781844,1.117791477627547
1996,PHI,0.4894302453150511,0.1294881587972577,2.5386048382327893,51.294881587972576,1.375,0.23724221624141492,22.6875,21.3125,0.6928354484839341,-0.22382111808202554,-0.09276157102667494,2.0,0.5,1.0,-14.0,10,6,0,0.625,NFC,East,False,False,0,False,False,6.25,0.39409570239781844,1.117791477627547
1996,PIT,3.344226401974512,0.8847792377729045,2.489505526850768,58.84779237772904,5.4375,0.9381851278637772,21.5,16.0625,0.3288573787734804,1.1033064526631593,-0.023107913853906203,2.0,0.0,2.0,1.5,10,6,0,0.625,AFC,Central,True,False,1,False,False,10.25,0.39409570239781844,1.117791477627547
1996,SEA,-1.742822797181394,-0.4610971987880222,2.5906500391127563,45.38902801211978,-3.6875,-0.6362404890110673,19.8125,23.5,-0.1883746150255853,-0.7767909392258526,0.3183508481281831,3.0,0.0,,,7,9,0,0.4375,AFC,West,False,False,0,False,False,4.375,0.39409570239781844,1.117791477627547
1996,SF,5.3845573483029,1.4245879237012975,2.493124413798648,64.24587923701297,8.8125,1.520506931365432,24.875,16.0625,1.363321366371612,1.1033064526631593,-0.09651405917401254,3.0,0.0,2.0,-3.5,12,4,0,0.75,NFC,West,False,False,1,False,False,9.5,0.39409570239781844,1.117791477627547
1996,TB,-2.405296912926781,-0.636367432533982,2.5893412081205107,43.63632567466018,-4.5,-0.7764290713355397,13.8125,18.3125,-2.02742170408893,0.5345374937723658,0.23387637297023733,4.0,0.0,,,6,10,0,0.375,NFC,Central,False,False,0,False,False,3.75,0.39409570239781844,1.117791477627547
1996,TEN,0.8398598700188877,0.2222010373438306,2.58790923036301,52.22201037343831,1.625,0.2803771646489449,21.5625,19.9375,0.34801411928455694,0.12375991235123718,-0.11319953185921455,2.0,0.0,,,8,8,0,0.5,AFC,Central,False,False,0,False,False,5.0,0.39409570239781844,1.117791477627547
1996,WSH,1.6841691564464765,0.4455792531395446,2.589157681722165,54.455792531395446,3.25,0.5607543292978898,22.75,19.5,0.7119921889950106,0.2343538765800026,-0.22472111340778078,2.0,0.5,,,9,7,0,0.5625,NFC,East,False,False,0,False,False,5.625,0.39409570239781844,1.117791477627547
1997,ARI,-4.020201024863061,-1.2329558631854876,2.5171789051389823,37.67044136814512,-6.0,-1.1022160282592934,17.6875,23.6875,-0.9575928139511962,-0.9161234025293482,-0.08375860784412235,,,,,4,12,0,0.25,NFC,East,False,False,0,False,False,2.5,0.9040552913155349,1.0741346590046625
1997,ATL,-2.062204511349918,-0.6324577123461269,2.516529742463141,43.67542287653873,-2.5625,-0.4707380954024065,20.0,22.5625,-0.23303383406992267,-0.5660125480595338,-0.20099100732208025,3.0,0.0,,,7,9,0,0.4375,NFC,West,False,False,0,False,False,4.375,0.9040552913155349,1.0741346590046625
1997,BAL,-0.3288888543281029,-0.1008669563467929,2.516399215068008,48.99133043653207,-1.1875,-0.2181469222596518,20.375,21.5625,-0.1155377832783648,-0.25480289964192093,0.034288933061721955,,,,,6,9,1,0.40625,AFC,Central,False,False,0,False,False,4.0625,0.9040552913155349,1.0741346590046625
1997,BUF,-3.619352959642769,-1.110019729095837,2.516831088484036,38.89980270904164,-7.0,-1.2859186996358423,15.9375,22.9375,-1.505907717645133,-0.6827161662161386,0.414760528693717,5.0,0.0,,,6,10,0,0.375,AFC,East,False,False,0,False,False,3.75,0.9040552913155349,1.0741346590046625
1997,CAR,-1.669123358911697,-0.5119036135313988,2.5170625658183643,44.88096386468601,-3.0625,-0.5625894310906809,16.5625,19.625,-1.31008096632587,0.3481657941672039,0.025457371814770396,5.0,0.0,,,7,9,0,0.4375,NFC,West,False,False,0,False,False,4.375,0.9040552913155349,1.0741346590046625
1997,CHI,-5.466645170227834,-1.6765659659560488,2.515945340059867,33.23434034043952,-9.875,-1.8140638798434203,16.4375,26.3125,-1.3492463165897224,-1.7330487296255819,0.2782812518880907,3.0,0.0,,,4,12,0,0.25,NFC,Central,False,False,0,False,False,2.5,0.9040552913155349,1.0741346590046625
1997,CIN,-1.7684764306251792,-0.5423742172492312,2.516754874196559,44.57625782750769,-3.125,-0.5740708480517153,22.1875,25.3125,0.4523597955474983,-1.421839081207969,0.11208808771951989,1.0,0.0,,,7,9,0,0.4375,AFC,Central,False,False,0,False,False,4.375,0.9040552913155349,1.0741346590046625
1997,DAL,-0.529268062328211,-0.1623212761273847,2.516844520707519,48.37678723872615,-0.625,-0.11481416961034306,19.0,19.625,-0.5463566361807437,0.3481657941672039,-0.023267870157155257,2.0,0.0,,,6,10,0,0.375,NFC,East,False,False,0,False,False,3.75,0.9040552913155349,1.0741346590046625
1997,DEN,7.681535287134567,2.3558508422750783,2.354534445360656,73.55850842275078,11.5625,2.1240621377913467,29.5,17.9375,2.7435327859828766,0.8733320758719255,-0.13719228512431692,4.0,0.5,4.0,9.75,12,4,0,0.75,AFC,West,False,False,4,True,True,23.5,0.9040552913155349,1.0741346590046625
1997,DET,2.100014912635895,0.6440537881807984,2.478258288266591,56.440537881807984,4.5625,0.8381434381555043,23.6875,19.125,0.9223439987137297,0.5037706183760103,-0.11369048441343996,2.0,0.5,1.0,-10.0,9,7,0,0.5625,NFC,Central,False,False,0,False,False,5.625,0.9040552913155349,1.0741346590046625
1997,GB,5.720313560444928,1.7543635504769968,2.3909997909315925,67.54363550476997,8.75,1.6073983745448028,26.375,17.625,1.7643990293865612,0.9705850910024295,-0.2582251479190469,1.0,1.0,3.0,6.666666666666667,13,3,0,0.8125,NFC,Central,True,True,2,True,False,19.125,0.9040552913155349,1.0741346590046625
1997,IND,-3.6846641192501424,-1.1300500153107151,2.5170696932614214,38.69949984689285,-5.5,-1.0103646925710188,19.5625,25.0625,-0.37011255999340686,-1.344036669103566,0.17265590780157025,3.0,0.3333333333333333,,,3,13,0,0.1875,AFC,East,False,False,0,False,False,1.875,0.9040552913155349,1.0741346590046625
1997,JAX,2.5085830438461456,0.7693575900979114,2.470511310707018,57.69357590097911,4.75,0.8725876890386072,24.625,19.875,1.2160841256926245,0.2703633820628007,0.07208992364524376,2.0,0.5,1.0,-25.0,11,5,0,0.6875,AFC,Central,True,False,0,False,False,8.875,0.9040552913155349,1.0741346590046625
1997,KC,5.105927140456131,1.5659373165394708,2.477765459175568,65.65937316539471,8.9375,1.6418426254279057,23.4375,14.5,0.8440132981860246,1.9431152423074696,-0.04606263070893119,3.0,0.6666666666666666,1.0,-4.0,13,3,0,0.8125,AFC,West,True,True,0,False,False,11.125,0.9040552913155349,1.0741346590046625
1997,LAC,-5.293087141305099,-1.623337436327859,2.5161221274645174,33.766625636721415,-9.9375,-1.8255452968044545,16.625,26.5625,-1.2904982911939435,-1.810851141729985,0.26549817206801174,6.0,0.0,,,4,12,0,0.25,AFC,West,False,False,0,False,False,2.5,0.9040552913155349,1.0741346590046625
1997,LAR,-2.217876017429243,-0.6802006224554433,2.516859734563805,43.19799377544557,-3.75,-0.6888850176620583,18.6875,22.4375,-0.6442700118403752,-0.5271113420073321,0.08870564989578633,5.0,0.0,,,5,11,0,0.3125,NFC,West,False,False,0,False,False,3.125,0.9040552913155349,1.0741346590046625
1997,MIA,0.703262327429066,0.2156835950736248,2.478569048354889,52.15683595073625,0.75,0.13777700353241168,21.1875,20.4375,0.13903699343667728,0.09530795482789349,0.02410998669219444,4.0,0.25,1.0,-14.0,9,7,0,0.5625,AFC,East,False,False,0,False,False,5.625,0.9040552913155349,1.0741346590046625
1997,MIN,-0.2840998539229295,-0.0871306132350311,2.4293949218817152,49.12869386764969,-0.3125,-0.05740708480517153,22.125,22.4375,0.4327771204155719,-0.5271113420073321,0.0374508588215174,4.0,0.25,2.0,-7.5,9,7,0,0.5625,NFC,Central,False,False,1,False,False,7.625,0.9040552913155349,1.0741346590046625
1997,NE,3.307084871255296,1.0142501971540407,2.4370132704816383,60.14250197154041,5.0,0.9185133568827445,23.0625,18.0625,0.7265172473944667,0.8344308698197239,-0.022148145165980994,2.0,0.0,2.0,6.5,10,6,0,0.625,AFC,East,True,False,1,False,False,10.25,0.9040552913155349,1.0741346590046625
1997,NO,-4.1324303893105805,-1.267375498437897,2.516834882128493,37.32624501562103,-5.625,-1.0333275264930875,14.8125,20.4375,-1.8583958700198067,0.09530795482789349,-0.2524756524246197,3.0,0.0,,,6,10,0,0.375,NFC,West,False,False,0,False,False,3.75,0.9040552913155349,1.0741346590046625
1997,NYG,0.9909930300836942,0.3039277536772578,2.470663625100213,53.03927753677258,2.625,0.48221951236344085,19.1875,16.5625,-0.48760861078496476,1.3012453424461432,-0.23552268758821965,,,1.0,-1.0,10,5,1,0.65625,NFC,East,True,False,0,False,False,8.5625,0.9040552913155349,1.0741346590046625
1997,NYJ,1.391307308533562,0.4267001806477337,2.5170434234370886,54.26700180647734,3.8125,0.7003664346230927,21.75,17.9375,0.3152810696240141,0.8733320758719255,-0.2542491124455051,2.0,0.5,,,9,7,0,0.5625,AFC,East,False,False,0,False,False,5.625,0.9040552913155349,1.0741346590046625
1997,OAK,-3.264741068631776,-1.0012637719998383,2.516666523327145,39.98736228000162,-5.9375,-1.090734611298259,20.25,26.1875,-0.15470313354221743,-1.6941475235733803,0.22026837723037973,4.0,0.25,,,4,12,0,0.25,AFC,West,False,False,0,False,False,2.5,0.9040552913155349,1.0741346590046625
1997,PHI,-1.989527420707751,-0.6101683679893791,2.5171313730156464,43.89831632010621,-3.4375,-0.6314779328568868,19.8125,23.25,-0.2917818594657016,-0.7799691813466426,0.10214303269862962,2.0,0.5,,,6,9,1,0.40625,NFC,East,False,False,0,False,False,4.0625,0.9040552913155349,1.0741346590046625
1997,PIT,2.6321590354237583,0.8072571235844908,2.432550671601128,58.0725712358449,4.0625,0.7462921024672299,23.25,19.1875,0.7852652727902456,0.48432001534990954,0.17986502640925217,3.0,0.6666666666666666,2.0,-1.0,11,5,0,0.6875,AFC,Central,False,False,1,False,False,8.875,0.9040552913155349,1.0741346590046625
1997,SEA,0.571349765704549,0.1752273180366822,2.5162228138146943,51.75227318036682,0.1875,0.03444425088310292,22.8125,22.625,0.6481865468667614,-0.5854631510856346,0.04340640448555702,5.0,0.2,,,8,8,0,0.5,AFC,West,False,False,0,False,False,5.0,0.9040552913155349,1.0741346590046625
1997,SF,4.00158058784546,1.2272451594535234,2.430011834411712,62.272451594535234,6.875,1.2629558657137736,23.4375,16.5625,0.8440132981860246,1.3012453424461432,-0.2517881616606876,2.0,0.5,2.0,1.5,13,3,0,0.8125,NFC,West,True,False,1,False,False,12.125,0.9040552913155349,1.0741346590046625
1997,TB,1.7646690255550597,0.5412065237991527,2.441441036642684,55.41206523799153,2.25,0.413331010597235,18.6875,16.4375,-0.6442700118403752,1.3401465484983448,0.0913615508810801,4.0,0.5,2.0,-2.0,10,6,0,0.625,NFC,Central,False,False,1,False,False,8.25,0.9040552913155349,1.0741346590046625
1997,TEN,0.8384164788665345,0.2571340355909276,2.5163725747335315,52.57134035590928,1.4375,0.26407259010378903,20.8125,19.375,0.02154094264511939,0.42596820627160714,-0.03963613802759032,,,,,8,8,0,0.5,AFC,Central,False,False,0,False,False,5.0,0.9040552913155349,1.0741346590046625
1997,WSH,1.01339000761971,0.3107966850067813,2.5168888346786247,53.10796685006781,2.375,0.4362938445193036,20.4375,18.0625,-0.09595510814643848,0.8344308698197239,-0.2434231330053464,,,,,8,7,1,0.53125,NFC,East,False,False,0,False,False,5.3125,0.9040552913155349,1.0741346590046625
1998,ARI,-3.9265279210757167,-0.7738335169658249,2.535574038453889,42.26166483034175,-3.3125,-0.4841862143767173,20.3125,23.625,-0.19097926524880593,-0.7831358983998432,-0.5544738102949,,,2.0,-3.5,9,7,0,0.5625,NFC,East,False,False,1,False,False,7.625,-0.06909680805475338,1.1446054003338504
1998,ATL,7.154636185296493,1.4100236629317418,2.4784678631856183,64.10023662931742,9.5625,1.3977451094271274,27.625,18.0625,1.250606156306697,1.0755066338024513,-0.0912914270436709,3.0,0.3333333333333333,3.0,-3.3333333333333335,14,2,0,0.875,NFC,West,True,False,2,True,False,18.75,-0.06909680805475338,1.1446054003338504
1998,BAL,-4.140443384062631,-0.8159916165346641,2.6313982176451813,41.84008383465336,-4.125,-0.6029488707332706,16.8125,20.9375,-0.8809688687283629,0.11485993176531034,-0.18131899988414724,2.0,0.5,,,6,10,0,0.375,AFC,Central,False,False,0,False,False,3.75,-0.06909680805475338,1.1446054003338504
1998,BUF,3.3259221061787096,0.6554671333837245,2.5865591471185145,56.55467133383725,4.1875,0.6120844596837747,25.0,20.8125,0.7331139536970293,0.15662717967996864,0.01600281351939639,3.0,0.3333333333333333,1.0,-7.0,10,6,0,0.625,AFC,East,False,False,0,False,False,6.25,-0.06909680805475338,1.1446054003338504
1998,CAR,-2.300405543036335,-0.4533600543779651,2.63002109240355,45.46639945622035,-4.8125,-0.7034403491888157,21.0,25.8125,-0.05544559313675011,-1.5140627369063635,0.39603058073063996,5.0,0.0,,,4,12,0,0.25,NFC,West,False,False,0,False,False,2.5,-0.06909680805475338,1.1446054003338504
1998,CHI,-3.497346181403256,-0.6892511017369362,2.631057248219906,43.10748898263064,-5.75,-0.8404741834463773,17.25,23.0,-0.7947201682934183,-0.5742996588265517,0.2933636753069044,3.0,0.0,,,4,12,0,0.25,NFC,Central,False,False,0,False,False,2.5,-0.06909680805475338,1.1446054003338504
1998,CIN,-8.478966596963435,-1.671020472500912,2.630502180220664,33.28979527499088,-11.5,-1.6809483668927545,16.75,28.25,-0.8932901116476407,-2.3285240712422004,0.11944399850333229,2.0,0.0,,,3,13,0,0.1875,AFC,Central,False,False,0,False,False,1.875,-0.06909680805475338,1.1446054003338504
1998,DAL,2.5464339656302384,0.5018469220015213,2.5885323226015093,55.01846922001521,6.625,0.9683724287534347,23.8125,17.1875,0.499010338230751,1.3678773692050594,-0.3365725359549573,2.0,0.0,1.0,-13.0,10,6,0,0.625,NFC,East,True,False,0,False,False,8.25,-0.06909680805475338,1.1446054003338504
1998,DEN,10.111972708862176,1.9928505697770555,2.473390741788749,69.92850569777056,12.0,1.7540330784967872,31.3125,19.3125,1.9775594885440873,0.6578341546558683,-0.3869956451998007,,,3.0,21.0,14,2,0,0.875,AFC,West,True,True,3,True,True,26.75,-0.06909680805475338,1.1446054003338504
1998,DET,-3.010885539797345,-0.5933802568770775,2.631553025222101,44.06619743122923,-4.5,-0.6577624044362952,19.125,23.625,-0.4250828807150842,-0.7831358983998432,0.16383220274364513,4.0,0.0,,,5,11,0,0.3125,NFC,Central,False,False,0,False,False,3.125,-0.06909680805475338,1.1446054003338504
1998,GB,3.9102790077277154,0.7706312084592523,2.577763178337657,57.706312084592525,5.5625,0.8130674165948649,25.5,19.9375,0.8316838970512517,0.44899791508257675,-0.13193559010053785,3.0,0.3333333333333333,1.0,-3.0,11,5,0,0.6875,NFC,Central,False,False,0,False,False,6.875,-0.06909680805475338,1.1446054003338504
1998,IND,-5.009575072798566,-0.9872786275835296,2.629165699465,40.127213724164704,-8.375,-1.2241689193675493,19.375,27.75,-0.375797909037973,-2.1614550795835674,0.324380609208901,4.0,0.25,,,3,13,0,0.1875,AFC,East,False,False,0,False,False,1.875,-0.06909680805475338,1.1446054003338504
1998,JAX,3.236072225718328,0.6377596700998348,2.520927818073816,56.377596700998346,3.375,0.4933218033272214,24.5,21.125,0.6345440103428068,0.052209059893322876,-0.13181025059807663,2.0,0.0,2.0,2.5,11,5,0,0.6875,AFC,Central,True,False,1,False,False,10.875,-0.06909680805475338,1.1446054003338504
1998,KC,-1.6031645938929815,-0.3159489811108799,2.6310730644731684,46.8405101888912,-2.25,-0.3288812022181476,20.4375,22.6875,-0.16633677941025032,-0.4698815390399059,0.033814841612939656,3.0,0.0,,,7,9,0,0.4375,AFC,West,False,False,0,False,False,4.375,-0.06909680805475338,1.1446054003338504
1998,LAC,-5.779730821412088,-1.1390596268633657,2.6305468370887426,38.60940373136634,-6.3125,-0.9226944840009141,15.0625,21.375,-1.2259636704681414,-0.031325435935993726,-0.14386113715915294,2.0,0.0,,,5,11,0,0.3125,AFC,West,False,False,0,False,False,3.125,-0.06909680805475338,1.1446054003338504
1998,LAR,-3.0838374804680813,-0.6077575026151524,2.629631488485182,43.92242497384848,-5.8125,-0.8496097723968813,17.8125,23.625,-0.683828982019918,-0.7831358983998432,0.4049791506655587,6.0,0.16666666666666666,,,4,12,0,0.25,NFC,West,False,False,0,False,False,2.5,-0.06909680805475338,1.1446054003338504
1998,MIA,3.3099549313757985,0.6523203494356405,2.537446815746581,56.52320349435641,3.5,0.5115929812282296,20.0625,16.5625,-0.24026423692591714,1.5767136087783509,0.2797487443878854,4.0,0.25,2.0,-14.0,10,6,0,0.625,AFC,East,False,False,1,False,False,8.25,-0.06909680805475338,1.1446054003338504
1998,MIN,10.950435294683476,2.1580933656190884,2.51981211614741,71.58093365619088,16.25,2.375253127131066,34.75,18.5,2.6552278491043664,0.9293212661011473,-0.24297457562010008,,,2.0,8.5,15,1,0,0.9375,NFC,Central,True,True,1,False,False,14.375,-0.06909680805475338,1.1446054003338504
1998,NE,1.717866953931029,0.3385543292598385,2.573762472911848,53.38554329259839,0.5,0.0730847116040328,21.0625,20.5625,-0.04312435021747231,0.24016167550928524,0.4239028864464166,5.0,0.2,1.0,-15.0,9,7,0,0.5625,AFC,East,False,False,0,False,False,5.625,-0.06909680805475338,1.1446054003338504
1998,NO,-0.994057709606558,-0.195907221075126,2.6303899957842893,48.04092778924874,-3.375,-0.4933218033272214,19.0625,22.4375,-0.437404123634362,-0.3863470432105893,0.3894786841533987,5.0,0.0,,,6,10,0,0.375,NFC,West,False,False,0,False,False,3.75,-0.06909680805475338,1.1446054003338504
1998,NYG,-1.4429849468979443,-0.2843810457562891,2.632335116856494,47.15618954243711,-1.375,-0.2009829569110902,17.9375,19.3125,-0.6591864961813625,0.6578341546558683,-0.1494334609213648,3.0,0.3333333333333333,,,8,8,0,0.5,NFC,East,False,False,0,False,False,5.0,-0.06909680805475338,1.1446054003338504
1998,NYJ,7.544700290409479,1.48689684055046,2.519391965517283,64.8689684055046,9.375,1.370338342575615,26.0,16.625,0.9302538404054741,1.5558299848210217,0.14571555057209665,2.0,0.5,2.0,-1.5,12,4,0,0.75,AFC,East,True,False,1,False,False,11.5,-0.06909680805475338,1.1446054003338504
1998,OAK,-3.723010336932607,-0.7337246138668486,2.6310163679696115,42.66275386133152,-4.25,-0.6212200486342788,18.0,22.25,-0.6468652532620847,-0.32369617133860185,-0.056443755197560605,2.0,0.0,,,8,8,0,0.5,AFC,West,False,False,0,False,False,5.0,-0.06909680805475338,1.1446054003338504
1998,PHI,-8.861207528459985,-1.7463518722244706,2.6321815358161014,32.53648127775529,-11.4375,-1.6718127779422502,10.0625,21.5,-2.2116631040103654,-0.07309268385065203,-0.0708847422721342,2.0,0.0,,,3,13,0,0.1875,NFC,East,False,False,0,False,False,1.875,-0.06909680805475338,1.1446054003338504
1998,PIT,-2.8475174667919863,-0.5611839518883606,2.631946510706966,44.3881604811164,-2.5,-0.365423558020164,16.4375,18.9375,-0.9548963262440298,0.7831358983998432,-0.19109397377095574,,,,,7,9,0,0.4375,AFC,Central,False,False,0,False,False,4.375,-0.06909680805475338,1.1446054003338504
1998,SEA,1.7799965032559315,0.3507987163183214,2.6310594682334245,53.507987163183216,3.875,0.5664065149312542,23.25,19.375,0.3881191519572508,0.6369505306985391,-0.21306434633368576,3.0,0.0,,,8,8,0,0.5,AFC,West,False,False,0,False,False,5.0,-0.06909680805475338,1.1446054003338504
1998,SF,7.297246451031182,1.4381290541850584,2.534188583724942,64.38129054185059,9.4375,1.379473931526119,29.9375,20.5,1.7064921443199756,0.2610452994666144,0.04673238491855919,3.0,0.6666666666666666,2.0,0.5,12,4,0,0.75,NFC,West,False,False,1,False,False,9.5,-0.06909680805475338,1.1446054003338504
1998,TB,0.5704263786409296,0.1124186710565551,2.6302191565890354,51.12418671056555,1.1875,0.1735761900595779,19.625,18.4375,-0.3265129373608618,0.9502048900584764,-0.010829167229428394,2.0,0.5,,,8,8,0,0.5,NFC,Central,False,False,0,False,False,5.0,-0.06909680805475338,1.1446054003338504
1998,TEN,0.0376964927121868,0.0074291613657382,2.631881573875216,50.07429161365738,0.625,0.091355889505041,20.625,20.0,-0.12937305065241692,0.4281142911252476,-0.08948689618656186,2.0,0.0,,,8,8,0,0.5,AFC,Central,False,False,0,False,False,5.0,-0.06909680805475338,1.1446054003338504
1998,WSH,-4.793978371854167,-0.9447891924664285,2.6325298561961743,40.55210807533572,-6.375,-0.9318300729514182,19.9375,26.3125,-0.26490672276447275,-1.6811317285649967,-0.0549558090026392,3.0,0.0,,,6,10,0,0.375,NFC,East,False,False,0,False,False,3.75,-0.06909680805475338,1.1446054003338504
1999,ARI,-6.911320228771703,-1.5419782100562642,2.6475057020501027,34.58021789943736,-8.5625,-1.300618626050404,15.3125,23.875,-1.3255969005696422,-0.8022910669362393,-0.08666840047352839,1.0,0.0,,,6,10,0,0.375,NFC,East,False,False,0,False,False,3.75,1.5802039989124532,1.1471536300280298
1999,ATL,-4.558155683001046,-1.0169658630447918,2.647258721983847,39.83034136955208,-5.9375,-0.9018888282831269,17.8125,23.75,-0.7232736478373756,-0.769522920592335,0.0076218950923052295,3.0,0.0,,,5,11,0,0.3125,NFC,West,False,False,0,False,False,3.125,1.5802039989124532,1.1471536300280298
1999,BAL,1.5036441667962095,0.3354766476057244,2.6622565788655224,53.35476647605724,2.9375,0.4461976308348101,20.25,17.3125,-0.1360084764234155,0.9180366161187412,-0.1651246320252489,4.0,0.0,,,8,8,0,0.5,AFC,Central,False,False,0,False,False,5.0,1.5802039989124532,1.1471536300280298
1999,BUF,4.5729911459411845,1.0202757893443362,2.589687107344405,60.20275789344336,5.6875,0.8639145618291004,20.0,14.3125,-0.19624080169664215,1.7044721283724467,0.10906954593581804,,,1.0,-6.0,11,5,0,0.6875,AFC,East,False,False,0,False,False,6.875,1.5802039989124532,1.1471536300280298
1999,CAR,0.2029254128883391,0.0452744996010838,2.645893447005686,50.45274499601084,2.5,0.37974266454026395,26.3125,23.8125,1.3246254114523313,-0.7859069937642871,-0.4433596979178655,3.0,0.0,,,8,8,0,0.5,NFC,West,False,False,0,False,False,5.0,1.5802039989124532,1.1471536300280298
1999,CHI,-2.138133320975934,-0.4770369310070402,2.6478342582576824,45.2296306899296,-4.3125,-0.6550560963319553,17.0,21.3125,-0.9190287049753623,-0.1305440668861993,0.34433995755029195,1.0,0.0,,,6,10,0,0.375,NFC,Central,False,False,0,False,False,3.75,1.5802039989124532,1.1471536300280298
1999,CIN,-8.020254695672405,-1.789391544663846,2.6620432530209124,32.10608455336154,-11.0625,-1.680361290590668,17.6875,28.75,-0.7533898104739889,-2.0802487743485107,0.10884248774668084,3.0,0.0,,,4,12,0,0.25,AFC,Central,False,False,0,False,False,2.5,1.5802039989124532,1.1471536300280298
1999,CLE,-9.159465488591769,-2.043559802130737,2.6623043263195254,29.56440197869263,-13.75,-2.0885846549714517,13.5625,27.3125,-1.7472231774822289,-1.7034150913936101,0.11432885388867779,3.0,0.0,,,2,14,0,0.125,AFC,Central,False,False,0,False,False,1.25,1.5802039989124532,1.1471536300280298
1999,DAL,1.981962771024944,0.4421938652676695,2.5950887842013137,54.42193865267669,4.75,0.7215110626265014,22.0,17.25,0.28561780048917124,0.9344206892906934,-0.3132407055186371,,,1.0,-17.0,8,8,0,0.5,NFC,East,False,False,0,False,False,5.0,1.5802039989124532,1.1471536300280298
1999,DEN,1.3415646106335344,0.2993152290017925,2.6499985741558407,52.993152290017925,-0.25,-0.03797426645402639,19.625,19.875,-0.28658928960648217,0.2462896160687012,0.44342504157444895,1.0,0.0,,,6,10,0,0.375,AFC,West,False,False,0,False,False,3.75,1.5802039989124532,1.1471536300280298
1999,DET,0.5891489037221538,0.1314444624105555,2.59587098616319,51.31444462410556,-0.0625,-0.009493566613506598,20.125,20.1875,-0.1661246390600288,0.16436925020894022,0.3088623597865088,1.0,1.0,1.0,-14.0,8,8,0,0.5,NFC,Central,False,False,0,False,False,5.0,1.5802039989124532,1.1471536300280298
1999,GB,0.8947008872365199,0.1996158804642604,2.646897498005833,51.99615880464261,1.0,0.15189706581610557,22.3125,21.3125,0.3609082070807046,-0.1305440668861993,0.035416541719339584,,,,,8,8,0,0.5,NFC,Central,False,False,0,False,False,5.0,1.5802039989124532,1.1471536300280298
1999,IND,3.9313438457372873,0.8771184586599673,2.588279411283068,58.77118458659968,5.625,0.8544209952155939,26.4375,20.8125,1.3547415740889446,0.0005285184894182634,-0.029866192281914797,2.0,0.5,1.0,-3.0,13,3,0,0.8125,AFC,East,True,False,0,False,False,10.125,1.5802039989124532,1.1471536300280298
1999,JAX,5.632836355013063,1.2567368654232558,2.563885124678529,62.56736865423256,11.1875,1.6993484238176813,24.75,13.5625,0.9481733784946647,1.901081006435873,-0.6222231498965907,,,2.0,18.0,14,2,0,0.875,AFC,Central,True,True,1,False,False,14.75,1.5802039989124532,1.1471536300280298
1999,KC,3.978149918700336,0.8875613179427517,2.647121023501406,58.87561317942752,4.25,0.6455625297184487,24.375,20.125,0.8578248905848246,0.18075332338089242,0.2849467317425157,,,,,9,7,0,0.5625,AFC,West,True,False,0,False,False,7.625,1.5802039989124532,1.1471536300280298
1999,LAC,-1.4268305753799886,-0.3183388388688511,2.6488326414213264,46.81661161131149,-2.9375,-0.4461976308348101,16.8125,19.75,-0.9642029489302822,0.2790577624126056,0.15943143932943946,,,,,8,8,0,0.5,AFC,West,False,False,0,False,False,5.0,1.5802039989124532,1.1471536300280298
1999,LAR,10.384148398212194,2.316797663834999,2.4937520271820395,73.16797663834998,17.75,2.696172918235874,32.875,15.125,2.9057239498745315,1.4914791771370681,-0.8275211372309823,,,3.0,8.0,13,3,0,0.8125,NFC,West,True,True,3,True,True,25.125,1.5802039989124532,1.1471536300280298
1999,MIA,0.0596444489756256,0.0133072173806031,2.5389288718773195,50.13307217380604,-0.625,-0.09493566613506599,20.375,21.0,-0.10589231378680214,-0.04862370102643832,0.3150175365994877,2.0,0.0,2.0,-26.0,9,7,0,0.5625,AFC,East,False,False,1,False,False,7.625,1.5802039989124532,1.1471536300280298
1999,MIN,3.528497760355336,0.7872398442847465,2.541924389789068,57.87239844284746,4.0,0.6075882632644223,24.9375,20.9375,0.9933476224495846,-0.03223962785448613,-0.016623364813903585,,,2.0,2.5,10,6,0,0.625,NFC,Central,False,False,1,False,False,8.25,1.5802039989124532,1.1471536300280298
1999,NE,1.0316596504194826,0.23017262237664,2.646723927445977,52.3017262237664,0.9375,0.14240349920259898,18.6875,17.75,-0.5124605093810822,0.8033481039150758,0.08893536669713661,2.0,0.0,,,8,8,0,0.5,AFC,East,False,False,0,False,False,5.0,1.5802039989124532,1.1471536300280298
1999,NO,-8.11439372615804,-1.8103948159520684,2.646667890318578,31.89605184047932,-10.875,-1.6518805907501481,16.25,27.125,-1.0997256807950422,-1.6542628718777534,-0.015969390150148626,3.0,0.0,,,3,13,0,0.1875,NFC,West,False,False,0,False,False,1.875,1.5802039989124532,1.1471536300280298
1999,NYG,-2.435639443274605,-0.5434132444692823,2.648052770330413,44.56586755530718,-3.6875,-0.5601204301968893,18.6875,22.375,-0.5124605093810822,-0.40907331080938664,0.10498748531231515,2.0,0.5,,,7,9,0,0.4375,NFC,East,False,False,0,False,False,4.375,1.5802039989124532,1.1471536300280298
1999,NYJ,1.2554660044388268,0.2801058492778192,2.648048603502049,52.80105849277819,-0.0625,-0.009493566613506598,19.25,19.3125,-0.3769377775163222,0.39374627461627093,0.3767137271667352,3.0,0.3333333333333333,,,8,8,0,0.5,AFC,East,False,False,0,False,False,5.0,1.5802039989124532,1.1471536300280298
1999,OAK,3.397126286203948,0.7579296772169399,2.65000428436371,57.5792967721694,3.8125,0.5791075634239026,24.375,20.5625,0.8578248905848246,0.06606481117722704,0.3680564929342415,1.0,1.0,,,8,8,0,0.5,AFC,West,False,False,0,False,False,5.0,1.5802039989124532,1.1471536300280298
1999,PHI,-3.5598937100266177,-0.7942445653329201,2.646881950273711,42.0575543466708,-5.3125,-0.8069531621480609,17.0,22.3125,-0.9190287049753623,-0.3926892376374344,0.15662851969302918,2.0,0.5,,,5,11,0,0.3125,NFC,East,False,False,0,False,False,3.125,1.5802039989124532,1.1471536300280298
1999,PIT,-1.5461188839857112,-0.3449531421417269,2.662137454018209,46.55046857858273,-0.1875,-0.028480699840519794,19.8125,20.0,-0.24141504565156216,0.2135214697247968,-0.19575644003007275,3.0,0.0,,,6,10,0,0.375,AFC,Central,False,False,0,False,False,3.75,1.5802039989124532,1.1471536300280298
1999,SEA,2.157135537331522,0.4812764977747769,2.5929660815839166,54.81276497774777,2.5,0.37974266454026395,21.125,18.625,0.07480466203287787,0.5739710795077451,0.1782697343569808,1.0,1.0,1.0,-3.0,9,7,0,0.5625,AFC,West,False,False,0,False,False,5.625,1.5802039989124532,1.1471536300280298
1999,SF,-7.354896215303976,-1.6409440346883744,2.646686040170837,33.59055965311626,-9.875,-1.4999835249340425,18.4375,28.3125,-0.5726928346543089,-1.9655602621448451,-0.06145308429782608,3.0,0.0,,,4,12,0,0.25,NFC,West,False,False,0,False,False,2.5,1.5802039989124532,1.1471536300280298
1999,TB,2.5965803293051395,0.5793206154420685,2.538149936131897,55.79320615442069,2.1875,0.33227483147273096,16.875,14.6875,-0.9491448676119756,1.6061676893407335,-0.02852557840985982,,,2.0,-2.0,11,5,0,0.6875,NFC,Central,True,False,1,False,False,10.875,1.5802039989124532,1.1471536300280298
1999,TEN,3.524945084373999,0.7864472100601296,2.4712689239428824,57.8644721006013,4.25,0.6455625297184487,24.5,20.25,0.8879410532214379,0.14798517703698802,-0.40947825669170945,3.0,1.0,4.0,5.25,13,3,0,0.8125,AFC,Central,False,False,3,True,False,18.125,1.5802039989124532,1.1471536300280298
1999,WSH,2.6606304538322023,0.5936107789857817,2.542415971416615,55.936107789857815,4.125,0.6265753964914355,27.6875,23.5625,1.655903200455078,-0.7203707010764784,-0.2890836873876652,1.0,0.0,2.0,6.5,10,6,0,0.625,NFC,East,True,False,1,False,False,10.25,1.5802039989124532,1.1471536300280298
2000,ARI,-10.108500235573882,-2.162349448115882,2.7032258132561955,28.376505518841174,-14.5625,-2.029408703123666,13.125,27.6875,-1.4673913213785281,-1.5259268016738778,0.038717254489556985,1.0,0.0,,,3,13,0,0.1875,NFC,East,False,False,0,False,False,1.875,1.3387911677398359,1.1705753336996267
2000,ATL,-6.7972249075239,-1.4540213864544065,2.705247995843381,35.459786135455936,-10.0625,-1.402295284132662,15.75,25.8125,-0.9570965830145206,-1.1180188035259313,0.254664401683085,1.0,0.0,,,4,12,0,0.25,NFC,West,False,False,0,False,False,2.5,1.3387911677398359,1.1705753336996267
2000,BAL,8.839359748564606,1.8908625640370575,2.520924859902707,68.90862564037057,10.5,1.463264644312343,20.8125,10.3125,0.02704326954463661,2.254020647830427,-0.33085750087487176,2.0,0.5,4.0,18.0,12,4,0,0.75,AFC,Central,False,False,4,True,True,24.5,1.3387911677398359,1.1705753336996267
2000,BUF,-1.0555809513607095,-0.225803515301286,2.706917556331538,47.74196484698714,-2.1875,-0.30484680089840477,19.6875,21.875,-0.19165447546850944,-0.2614120074152435,0.1732093343348027,3.0,0.3333333333333333,,,8,8,0,0.5,AFC,East,False,False,0,False,False,5.0,1.3387911677398359,1.1705753336996267
2000,CAR,-0.0318719534694698,-0.0068178561991359,2.7063335828407014,49.93182143800864,0.0,0.0,19.375,19.375,-0.25240384908327224,0.2824653234486853,-0.20944327945780072,1.0,0.0,,,7,9,0,0.4375,NFC,West,False,False,0,False,False,4.375,1.3387911677398359,1.1705753336996267
2000,CHI,-5.049318542489381,-1.0801197911920843,2.7059087368978734,39.19880208807916,-8.6875,-1.2106772949965219,13.5,22.1875,-1.3944920730408128,-0.32939667377323456,0.2747584095564075,1.0,1.0,,,5,11,0,0.3125,NFC,Central,False,False,0,False,False,3.125,1.3387911677398359,1.1705753336996267
2000,CIN,-6.9869063874031365,-1.494596905450908,2.719740920519228,35.05403094549092,-10.875,-1.5155240958949265,11.5625,22.4375,-1.7711381894523421,-0.38378440685962745,0.2017036648800324,4.0,0.0,,,4,12,0,0.25,AFC,Central,False,False,0,False,False,2.5,1.3387911677398359,1.1705753336996267
2000,CLE,-9.27063130888701,-1.983117577018048,2.720649475257411,30.16882422981952,-16.125,-2.247156418051098,10.0625,26.1875,-2.0627351828032032,-1.1996004031555207,0.39298423500884866,5.0,0.0,,,3,13,0,0.1875,AFC,Central,False,False,0,False,False,1.875,1.3387911677398359,1.1705753336996267
2000,DAL,-3.3622001325822217,-0.7192215889315413,2.7043954148670606,42.80778411068459,-4.1875,-0.5835638760055177,18.375,22.5625,-0.44680184465051315,-0.4109782734028239,0.09070515941124443,2.0,0.0,,,5,11,0,0.3125,NFC,East,False,False,0,False,False,3.125,1.3387911677398359,1.1705753336996267
2000,DEN,3.3387519573861093,0.7142056966119086,2.6459243592284216,57.142056966119085,7.25,1.0103493972632844,30.3125,23.0625,1.8738242274334256,-0.5197537395756097,-0.3938988279766063,2.0,1.0,1.0,-18.0,11,5,0,0.6875,AFC,West,False,False,0,False,False,6.875,1.3387911677398359,1.1705753336996267
2000,DET,0.380937580198267,0.0814878713075052,2.705176020014872,50.81487871307505,0.0,0.0,19.1875,19.1875,-0.2888534732521299,0.32325612326347997,0.10636112147646101,1.0,0.0,,,9,7,0,0.5625,NFC,Central,False,False,0,False,False,5.625,1.3387911677398359,1.1705753336996267
2000,GB,1.453925592726628,0.3110150002242647,2.7049971852811363,53.11015000224265,1.875,0.26129725791291836,22.0625,20.1875,0.27004076400368776,0.10570519091790843,0.004860108270751968,1.0,1.0,,,9,7,0,0.5625,NFC,Central,False,False,0,False,False,5.625,1.3387911677398359,1.1705753336996267
2000,IND,4.946893568088096,1.0582096579667366,2.662404221043823,60.582096579667365,6.4375,0.8971205855010198,26.8125,20.375,1.1934312429480822,0.06491439110311378,0.07417076996597995,1.0,0.0,1.0,-6.0,10,6,0,0.625,AFC,East,False,False,0,False,False,6.25,1.3387911677398359,1.1705753336996267
2000,JAX,0.5902925630971516,0.1262718275009843,2.722048986609826,51.262718275009846,2.5,0.3483963438838912,22.9375,20.4375,0.4401390101250236,0.05131745783151556,-0.03572947655485476,5.0,0.2,,,7,9,0,0.4375,AFC,Central,False,False,0,False,False,4.375,1.3387911677398359,1.1705753336996267
2000,KC,-0.0690299770255218,-0.0147664766529142,2.70575663852502,49.85233523347086,0.0625,0.008709908597097278,22.1875,22.125,0.2943405134495929,-0.3157997405016364,0.020835093492477183,4.0,0.0,,,7,9,0,0.4375,AFC,West,False,False,0,False,False,4.375,1.3387911677398359,1.1705753336996267
2000,LAC,-6.567932220115553,-1.4049724766735483,2.705166647605461,35.95027523326452,-10.6875,-1.4893943701036347,16.8125,27.5,-0.7505487127243271,-1.4851360018590833,0.3989026758140337,3.0,0.0,,,1,15,0,0.0625,AFC,West,False,False,0,False,False,0.625,1.3387911677398359,1.1705753336996267
2000,LAR,2.4541045063782643,0.5249672455178491,2.661039190185855,55.24967245517849,4.3125,0.6009836931997122,33.75,29.4375,2.542067337195816,-1.906640933278628,-0.20775193792659494,,,1.0,-3.0,10,6,0,0.625,NFC,West,True,False,0,False,False,8.25,1.3387911677398359,1.1705753336996267
2000,MIA,4.02170786516499,0.8602995083403804,2.6064739058788544,58.602995083403805,6.0625,0.8448611339184361,20.1875,14.125,-0.09445547768488897,1.4246077182629358,0.05179438814172481,3.0,0.6666666666666666,2.0,-10.5,11,5,0,0.6875,AFC,East,True,False,1,False,False,10.875,1.3387911677398359,1.1705753336996267
2000,MIN,0.6662736143722263,0.1425252360643759,2.5935365516620257,51.42525236064376,1.625,0.22645762352452925,24.8125,23.1875,0.8046352518136003,-0.5469476061188061,-0.060135810393040764,1.0,0.0,2.0,-11.5,11,5,0,0.6875,NFC,Central,True,False,1,False,False,10.875,1.3387911677398359,1.1705753336996267
2000,NE,-2.682553319973945,-0.5738356388985895,2.705300352118971,44.26164361101411,-3.875,-0.5400143330200313,17.25,21.125,-0.6654995896636592,-0.09824880815606485,0.07992417489475005,2.0,0.5,,,5,11,0,0.3125,AFC,East,False,False,0,False,False,3.125,1.3387911677398359,1.1705753336996267
2000,NO,0.5567736674182437,0.1191016673502559,2.6062663707982057,51.19101667350256,3.0625,0.4267855212577667,22.125,19.0625,0.28219063872664035,0.3504499898066764,-0.32594166172792344,1.0,0.0,2.0,-7.5,10,6,0,0.625,NFC,West,False,False,1,False,False,8.25,1.3387911677398359,1.1705753336996267
2000,NYG,3.1880545399912164,0.6819694133114872,2.5556727365405494,56.81969413311487,5.125,0.7142125049619769,20.5,15.375,-0.03370610407012618,1.1526690528309713,-0.33124258959917874,1.0,0.0,3.0,8.0,12,4,0,0.75,NFC,East,True,True,2,True,False,18.5,1.3387911677398359,1.1705753336996267
2000,NYJ,1.633720270749965,0.3494755941538907,2.705387952675814,53.494755941538905,0.0,0.0,20.0625,20.0625,-0.11875522713079409,0.1328990574611049,0.456149062755515,4.0,0.25,,,9,7,0,0.5625,AFC,East,False,False,0,False,False,5.625,1.3387911677398359,1.1705753336996267
2000,OAK,7.211105764675998,1.5425562850241326,2.5938515267076983,65.42556285024132,11.25,1.5677835474775104,29.9375,18.6875,1.80092497909571,0.43203158943626574,-0.2870246390197907,1.0,1.0,2.0,7.0,12,4,0,0.75,AFC,West,True,False,1,False,False,11.5,1.3387911677398359,1.1705753336996267
2000,PHI,3.788057834152033,0.8103185018766216,2.602851327809161,58.10318501876621,6.625,0.9232503112923116,21.9375,15.3125,0.24574101455778266,1.1662659861025695,-0.4596116745574909,1.0,0.0,2.0,4.0,11,5,0,0.6875,NFC,East,False,False,1,False,False,8.875,1.3387911677398359,1.1705753336996267
2000,PIT,3.60813783279264,0.7718310995342497,2.720014083448393,57.7183109953425,4.125,0.5748539674084204,20.0625,15.9375,-0.11875522713079409,1.0302966533865874,0.12502866524543452,5.0,0.4,,,9,7,0,0.5625,AFC,Central,False,False,0,False,False,5.625,1.3387911677398359,1.1705753336996267
2000,SEA,-3.471066047853845,-0.7425095294093762,2.7062022096638643,42.57490470590624,-5.3125,-0.7403422307532688,20.0,25.3125,-0.13090510185374665,-1.0092433373531455,0.16726582533378342,3.0,0.3333333333333333,,,6,10,0,0.375,AFC,West,False,False,0,False,False,3.75,1.3387911677398359,1.1705753336996267
2000,SF,-2.575660875510868,-0.5509698514023328,2.7055372234999706,44.49030148597667,-2.125,-0.2961368923013075,24.25,26.375,0.6952863793070273,-1.2403912029703152,-0.2779495912047837,1.0,0.0,,,6,10,0,0.375,NFC,West,False,False,0,False,False,3.75,1.3387911677398359,1.1705753336996267
2000,TB,3.87448394356738,0.8288062543267226,2.6472156043011204,58.28806254326723,7.4375,1.0364791230545762,24.25,16.8125,0.6952863793070273,0.8399395875842123,-0.12951233873490728,,,1.0,-18.0,10,6,0,0.625,NFC,Central,False,False,0,False,False,6.25,1.3387911677398359,1.1705753336996267
2000,TEN,6.2785654891181855,1.3430728895445667,2.675820079545807,63.43072889544567,9.6875,1.3500358325500783,21.625,11.9375,0.18499164094301987,1.9005003827688733,-0.036804744967743636,2.0,0.5,1.0,-14.0,13,3,0,0.8125,AFC,Central,True,True,0,False,False,11.125,1.3387911677398359,1.1705753336996267
2000,WSH,1.1973305213273178,0.2561257290070637,2.7039038631383416,52.56125729007064,0.75,0.10451890316516735,17.5625,16.8125,-0.6047502160488964,0.8399395875842123,0.1738697282406981,2.0,0.5,,,8,8,0,0.5,NFC,East,False,False,0,False,False,5.0,1.3387911677398359,1.1705753336996267
2001,ARI,-2.3226365878187067,-0.6411771808200568,2.536529952378629,43.58822819179943,-3.0,-0.49752804390624955,18.4375,21.4375,-0.49664013144892444,-0.2997421126193654,-0.11086385786048503,3.0,0.3333333333333333,,,7,9,0,0.4375,NFC,East,False,False,0,False,False,4.375,-0.021182684743709268,1.0839177431366642
2001,ATL,-3.3048199682855044,-0.9123145486884608,2.5362951354883494,40.87685451311539,-5.375,-0.891404411998697,18.1875,23.5625,-0.5667008553393301,-0.8185076080229966,0.1304229156689371,7.0,0.14285714285714285,,,7,9,0,0.4375,NFC,West,False,False,0,False,False,4.375,-0.021182684743709268,1.0839177431366642
2001,BAL,2.005131901941263,0.5535281872341761,2.4591064400840668,55.53528187234176,2.375,0.3938763680924475,18.9375,16.5625,-0.35651868366811307,0.890366965071318,0.0471623688399402,4.0,0.5,2.0,0.0,10,6,0,0.625,AFC,Central,False,False,1,False,False,8.25,-0.021182684743709268,1.0839177431366642
2001,BUF,-6.214471163888016,-1.7155404862072523,2.534949158972903,32.84459513792747,-9.6875,-1.6066009751139307,16.5625,26.25,-1.022095560626967,-1.4745933816217067,0.04103406304379964,4.0,0.0,,,3,13,0,0.1875,AFC,East,False,False,0,False,False,1.875,-0.021182684743709268,1.0839177431366642
2001,CAR,-5.88877708575421,-1.6256307638155372,2.5361914991875727,33.74369236184463,-9.8125,-1.627331310276691,15.8125,25.625,-1.2322777322981842,-1.3220152947382857,0.15545717027976008,6.0,0.0,,,1,15,0,0.0625,NFC,West,False,False,0,False,False,0.625,-0.021182684743709268,1.0839177431366642
2001,CHI,4.637503000128489,1.2802093600271136,2.485549700015325,62.802093600271135,8.4375,1.3992976234863268,21.125,12.6875,0.2565126503729366,1.8363511037485278,-0.20897545472285017,3.0,0.3333333333333333,1.0,-14.0,13,3,0,0.8125,NFC,Central,True,False,0,False,False,10.125,-0.021182684743709268,1.0839177431366642
2001,CIN,-2.9474203768738523,-0.8136523371098622,2.546487254130133,41.86347662890138,-5.1875,-0.8603089092545565,14.125,19.3125,-1.7051876185584225,0.21902338278426584,0.2404109292801694,4.0,0.5,,,6,10,0,0.375,AFC,Central,False,False,0,False,False,3.75,-0.021182684743709268,1.0839177431366642
2001,CLE,-0.991692606307409,-0.2737624443217069,2.546371328550813,47.26237555678293,-2.125,-0.35241569776692677,17.8125,19.9375,-0.6717919411749387,0.06644529590084489,0.18568178525749074,5.0,0.0,,,7,9,0,0.4375,AFC,Central,False,False,0,False,False,4.375,-0.021182684743709268,1.0839177431366642
2001,DAL,-3.596136009341794,-0.992734016336454,2.5364246783471738,40.07265983663546,-5.75,-0.9535954174869783,15.375,21.125,-1.354883999106394,-0.2234530691776549,0.047152172185448954,3.0,0.3333333333333333,,,5,11,0,0.3125,NFC,East,False,False,0,False,False,3.125,-0.021182684743709268,1.0839177431366642
2001,DEN,0.0300039865649299,0.0082827729572336,2.537879043956808,50.08282772957234,0.0625,0.010365167581380199,21.25,21.1875,0.29154301231813945,-0.238710877865997,-0.005123012911350505,1.0,1.0,,,8,8,0,0.5,AFC,West,False,False,0,False,False,5.0,-0.021182684743709268,1.0839177431366642
2001,DET,-5.25166413342197,-1.449752071133798,2.5348430111159748,35.502479288662016,-9.625,-1.5962358075325507,16.875,26.5,-0.9345196557639599,-1.535624616375075,0.3267715338414958,7.0,0.0,,,2,14,0,0.125,NFC,Central,False,False,0,False,False,1.25,-0.021182684743709268,1.0839177431366642
2001,GB,3.639193410555894,1.0046202594399547,2.439076333693569,60.046202594399546,7.75,1.2852807800911445,24.375,16.625,1.1673020609482103,0.8751091563829759,-0.30100887236156665,2.0,1.0,2.0,-9.0,12,4,0,0.75,NFC,Central,False,False,1,False,False,9.5,-0.021182684743709268,1.0839177431366642
2001,IND,-2.282702999172063,-0.6301532841317982,2.536906256065298,43.69846715868202,-4.5625,-0.7566572334407545,25.8125,30.375,1.570151223318043,-2.4816087550522847,0.1640833689800682,4.0,0.0,,,6,10,0,0.375,AFC,East,False,False,0,False,False,3.75,-0.021182684743709268,1.0839177431366642
2001,JAX,0.2104276811339014,0.0580897709368513,2.5461317736437694,50.580897709368514,0.5,0.08292134065104159,18.375,17.875,-0.5141553124215259,0.569952982616134,-0.01844597888904198,4.0,0.25,,,6,10,0,0.375,AFC,Central,False,False,0,False,False,3.75,-0.021182684743709268,1.0839177431366642
2001,KC,-0.778923950891456,-0.2150264339781363,2.5364563331454817,47.84973566021864,-1.5,-0.24876402195312478,20.0,21.5,-0.058760607133888955,-0.3149999213077075,0.16818225131456624,2.0,0.0,,,6,10,0,0.375,AFC,West,False,False,0,False,False,3.75,-0.021182684743709268,1.0839177431366642
2001,LAC,0.2784055019033922,0.0768554391037368,2.536144242848432,50.76855439103737,0.6875,0.11401684339518219,20.75,20.0625,0.15142156453732808,0.035929678524160694,-0.0772302853803072,2.0,0.0,,,5,11,0,0.3125,AFC,West,False,False,0,False,False,3.125,-0.021182684743709268,1.0839177431366642
2001,LAR,9.105138800435586,2.51352590312949,2.403326002873239,75.13525903129491,14.375,2.3839885437174457,31.4375,17.0625,3.146517510852171,0.7683044955645812,-0.19265091898871214,4.0,1.0,3.0,10.0,14,2,0,0.875,NFC,West,True,True,2,True,False,20.75,-0.021182684743709268,1.0839177431366642
2001,MIA,1.197964218832139,0.3307049086294897,2.48640865121311,53.307049086294896,3.375,0.5597190493945308,21.5,18.125,0.36160373620854513,0.5089217478627657,-0.08061092876790579,4.0,0.25,1.0,-17.0,11,5,0,0.6875,AFC,East,False,False,0,False,False,6.875,-0.021182684743709268,1.0839177431366642
2001,MIN,-3.5619941894001905,-0.9833089706909008,2.5351581394626663,40.16691029309099,-6.25,-1.03651675813802,18.125,24.375,-0.5842160363119315,-1.0168591209714437,0.19898342425014667,6.0,0.16666666666666666,,,5,11,0,0.3125,NFC,Central,False,False,0,False,False,3.125,-0.021182684743709268,1.0839177431366642
2001,NE,3.844732610269274,1.0613605369811792,2.399732546542156,60.61360536981179,6.1875,1.0261515905566396,23.1875,17.0,0.8345136224687835,0.7835623042529233,-0.35550223832734124,1.0,0.0,3.0,4.333333333333333,11,5,0,0.6875,AFC,East,True,False,3,True,True,22.875,-0.021182684743709268,1.0839177431366642
2001,NO,-2.784030755796329,-0.7685476930311559,2.5357700857750065,42.31452306968844,-4.75,-0.787752736184895,20.8125,25.5625,0.1689367455099295,-1.3067574860499436,-0.0213476124776109,5.0,0.2,,,7,9,0,0.4375,NFC,West,False,False,0,False,False,4.375,-0.021182684743709268,1.0839177431366642
2001,NYG,-0.909302477294293,-0.2510181756207464,2.536335160971838,47.48981824379253,-1.6875,-0.2798595246972654,18.375,20.0625,-0.5141553124215259,0.035929678524160694,0.09821733902457316,4.0,0.0,,,7,9,0,0.4375,NFC,East,False,False,0,False,False,4.375,-0.021182684743709268,1.0839177431366642
2001,NYJ,0.2484744166730541,0.0685927909789623,2.4904502998228826,50.685927909789626,0.8125,0.13474717855794258,19.25,18.4375,-0.268942778805106,0.43263270442105517,0.031378702051755344,5.0,0.2,1.0,-14.0,10,6,0,0.625,AFC,East,False,False,0,False,False,6.25,-0.021182684743709268,1.0839177431366642
2001,OAK,3.188701525205634,0.8802593850155748,2.4451897595283887,58.80259385015575,4.5,0.7462920658593742,24.9375,20.4375,1.324938689701623,-0.05561717360589187,-0.10345175011216634,1.0,1.0,2.0,5.5,10,6,0,0.625,AFC,West,True,False,1,False,False,10.25,-0.021182684743709268,1.0839177431366642
2001,PHI,6.482190241793256,1.789445876539642,2.4025457220907227,67.89445876539642,8.4375,1.3992976234863268,21.4375,13.0,0.34408855523594367,1.7600620603068173,-0.07130941784122068,2.0,0.0,3.0,10.333333333333334,11,5,0,0.6875,NFC,East,True,False,2,False,False,13.875,-0.021182684743709268,1.0839177431366642
2001,PIT,4.937397613223348,1.3629969917968636,2.4587773562504496,63.62996991796864,8.75,1.4511234613932278,22.0,13.25,0.5017251839893565,1.699030825553449,-0.3649390635199412,,,2.0,5.0,13,3,0,0.8125,AFC,Central,True,True,1,False,False,13.125,-0.021182684743709268,1.0839177431366642
2001,SEA,-0.9827903409359428,-0.2713049227947816,2.5365581504960386,47.28695077205219,-1.4375,-0.23839885437174457,18.8125,20.25,-0.39154904561331594,-0.009843747540865588,-0.0005073973370964963,1.0,0.0,,,9,7,0,0.5625,AFC,West,False,False,0,False,False,5.625,-0.021182684743709268,1.0839177431366642
2001,SF,3.895556740514278,1.075390830277612,2.48680133156967,60.753908302776125,7.9375,1.3163762828352852,25.5625,17.625,1.5000904994276374,0.6309842173695024,-0.18157257040283892,4.0,0.25,1.0,-10.0,12,4,0,0.75,NFC,West,False,False,0,False,False,7.5,-0.021182684743709268,1.0839177431366642
2001,TB,1.6685364011405162,0.4606090644527588,2.489454372053154,54.60609064452759,2.75,0.45606737358072874,20.25,17.5,0.011300116756516723,0.6614998347461866,0.1763498397436021,7.0,0.2857142857142857,1.0,-22.0,9,7,0,0.5625,NFC,Central,False,False,0,False,False,5.625,-0.021182684743709268,1.0839177431366642
2001,TEN,-1.9072329963392152,-0.5265026316098051,2.5478451487044382,44.73497368390195,-3.25,-0.5389887142317703,21.0,24.25,0.22148228842773376,-0.9863435035947596,0.1260958070491077,3.0,0.3333333333333333,,,7,9,0,0.4375,AFC,Central,False,False,0,False,False,4.375,-0.021182684743709268,1.0839177431366642
2001,WSH,-1.6447624087940849,-0.454046117210185,2.5367519034950328,45.45953882789815,-2.9375,-0.4871628763248693,16.0,18.9375,-1.1797321893803798,0.3105702349143184,-0.04384431091042516,4.0,0.25,,,8,8,0,0.5,NFC,East,False,False,0,False,False,5.0,-0.021182684743709268,1.0839177431366642
2002,ARI,-6.003615882028138,-1.5688216737525271,2.635819458812,34.31178326247473,-9.6875,-1.7748948120874253,16.375,26.0625,-1.397106189358587,-1.2795797664499118,-0.0512186280038604,2.0,0.0,,,5,11,0,0.3125,NFC,West,False,False,0,False,False,3.125,0.7686671160509174,1.1061965906203703
2002,ATL,3.8855519603629225,1.0153444606868671,2.537399712560436,60.15344460686868,5.5,1.0076822158947962,25.125,19.625,0.9099471568730642,0.5973650089034078,0.05610330406888325,2.0,0.0,2.0,3.0,9,6,1,0.59375,NFC,South,False,False,1,False,False,7.9375,0.7686671160509174,1.1061965906203703
2002,BAL,-1.449497841645274,-0.3787723389895512,2.636027310172063,46.21227661010449,-2.375,-0.4351355023182075,19.75,22.125,-0.507242755812093,-0.13154558346681336,0.08775351356703232,2.0,0.0,,,7,9,0,0.4375,AFC,North,False,False,0,False,False,4.375,0.7686671160509174,1.1061965906203703
2002,BUF,-0.6136938706182886,-0.1603660634180691,2.636117292727444,48.39633936581931,-1.125,-0.20611681688757197,23.6875,24.8125,0.5309312499921501,-0.9151244702648011,0.01937461359323355,1.0,0.0,,,8,8,0,0.5,AFC,East,False,False,0,False,False,5.0,0.7686671160509174,1.1061965906203703
2002,CAR,-1.1970543912220093,-0.3128056342231064,2.634397080685668,46.87194365776894,-2.75,-0.5038411079473981,16.125,18.875,-1.46302199925092,0.8160381866144742,0.03356832311252652,4.0,0.0,,,7,9,0,0.4375,NFC,South,False,False,0,False,False,4.375,0.7686671160509174,1.1061965906203703
2002,CHI,-3.826408734840982,-0.9998895788493728,2.636522461742521,40.001104211506274,-6.125,-1.122191558610114,17.5625,23.6875,-1.0840060923700057,-0.5871147036982016,0.1938765476536669,3.0,0.3333333333333333,,,4,12,0,0.25,NFC,North,False,False,0,False,False,2.5,0.7686671160509174,1.1061965906203703
2002,CIN,-7.72996911638452,-2.019939870491013,2.6360480036480647,29.80060129508987,-11.0625,-2.0268153660611246,17.4375,28.5,-1.1169639973161722,-1.9902675940108774,0.1634060078504474,2.0,0.0,,,2,14,0,0.125,AFC,North,False,False,0,False,False,1.25,0.7686671160509174,1.1061965906203703
2002,CLE,1.0206717977487163,0.266714604924925,2.5937810002050554,52.66714604924925,1.5,0.27482242251676264,21.5,20.0,-0.045832086565762716,0.48802842004787467,-0.021441284862060643,2.0,0.5,1.0,-3.0,9,7,0,0.5625,AFC,North,False,False,0,False,False,5.625,0.7686671160509174,1.1061965906203703
2002,DAL,-5.310041992127229,-1.3875819388649888,2.6351853831919945,36.12418061135011,-7.0,-1.282504638411559,13.5625,20.5625,-2.138659050647332,0.3240235367645749,-0.2045482492595675,2.0,0.0,,,5,11,0,0.3125,NFC,East,False,False,0,False,False,3.125,0.7686671160509174,1.1061965906203703
2002,DEN,2.616005858562465,0.6835958146259608,2.635494488645718,56.83595814625961,3.0,0.5496448450335253,24.5,21.5,0.745157632142232,0.05068206462574194,0.2104217548849148,2.0,0.0,,,9,7,0,0.5625,AFC,West,False,False,0,False,False,5.625,0.7686671160509174,1.1061965906203703
2002,DET,-6.383796575301199,-1.66816775505904,2.6362151045629783,33.3183224494096,-9.0625,-1.6603854693721076,19.125,28.1875,-0.6720322805429252,-1.8991537699645997,0.021335998108399992,2.0,0.0,,,3,13,0,0.1875,NFC,North,False,False,0,False,False,1.875,0.7686671160509174,1.1061965906203703
2002,GB,1.9039627553922305,0.4975298379129231,2.588555512670804,54.97529837912923,4.375,0.8015653990072243,24.875,20.5,0.8440313469807313,0.34224630157383046,-0.11052822856509037,2.0,0.5,1.0,-20.0,12,4,0,0.75,NFC,North,True,False,0,False,False,9.5,0.7686671160509174,1.1061965906203703
2002,HOU,-6.327647953087709,-1.653495401395716,2.635420748103408,33.46504598604284,-8.9375,-1.637483600829044,13.3125,22.25,-2.204574860539665,-0.1679911130853244,-0.1050110955889148,1.0,0.0,,,4,12,0,0.25,AFC,South,False,False,0,False,False,2.5,0.7686671160509174,1.1061965906203703
2002,IND,0.0557335448784266,0.0145638886428549,2.581881629846908,50.14563888642855,2.25,0.41223363377514394,21.8125,19.5625,0.0365626757996534,0.6155877737126634,-0.18402505968946853,1.0,1.0,1.0,-41.0,10,6,0,0.625,AFC,South,False,False,0,False,False,6.25,0.7686671160509174,1.1061965906203703
2002,JAX,0.0040050195424206,0.0010465628690135,2.635763536917517,50.010465628690135,0.8125,0.1488621455299131,20.5,19.6875,-0.3094953261350943,0.5791422440941524,-0.21084432440752177,1.0,1.0,,,6,10,0,0.375,AFC,South,False,False,0,False,False,3.75,0.7686671160509174,1.1061965906203703
2002,KC,2.3066695621889868,0.6027622810080329,2.635230934919309,56.02762281008033,4.25,0.7786635304641608,29.1875,24.9375,1.9810790676234737,-0.9515699998833123,0.26002404772094545,2.0,0.5,,,8,8,0,0.5,AFC,West,False,False,0,False,False,5.0,0.7686671160509174,1.1061965906203703
2002,LAC,-1.042382152736114,-0.2723877985666187,2.635311761237184,47.276122014333815,-2.125,-0.3893317652320804,20.8125,22.9375,-0.22710056376967816,-0.36844152598713525,0.12309303018773518,2.0,0.5,,,8,8,0,0.5,AFC,West,False,False,0,False,False,5.0,0.7686671160509174,1.1061965906203703
2002,LAR,-1.8116437233439893,-0.4734056931936236,2.636476381097153,45.26594306806376,-3.3125,-0.6068995163911841,19.75,23.0625,-0.507242755812093,-0.4048870556056463,0.019949647206784354,3.0,0.3333333333333333,,,7,9,0,0.4375,NFC,West,False,False,0,False,False,4.375,0.7686671160509174,1.1061965906203703
2002,MIA,3.656711341286068,0.9555454778576336,2.6365094790948347,59.55545477857633,4.8125,0.8817219389079468,23.625,18.8125,0.5144522975190668,0.8342609514237298,0.08671234728002275,1.0,1.0,,,9,7,0,0.5625,AFC,East,True,False,0,False,False,7.625,0.7686671160509174,1.1061965906203703
2002,MIN,-2.1182401285354544,-0.5535232581762275,2.6361580998632568,44.46476741823773,-3.25,-0.5954485821196523,24.375,27.625,0.7121997271960655,-1.7351488866813,0.07055917881815188,2.0,0.0,,,6,10,0,0.375,NFC,North,False,False,0,False,False,3.75,0.7686671160509174,1.1061965906203703
2002,NE,1.6340488315611643,0.4269978748302489,2.6362184459552207,54.26997874830249,2.1875,0.40078269950361217,23.8125,21.625,0.5638891549383165,0.014236535007230884,0.22507186954100766,1.0,0.0,,,9,7,0,0.5625,AFC,East,False,False,0,False,False,5.625,0.7686671160509174,1.1061965906203703
2002,NO,2.128302889247104,0.55615278634932,2.6347020447652625,55.5615278634932,2.75,0.5038411079473981,27.0,24.25,1.404315731065561,-0.7511195869815014,0.06379649298897824,4.0,0.5,,,9,7,0,0.5625,NFC,South,False,False,0,False,False,5.625,0.7686671160509174,1.1061965906203703
2002,NYG,1.039020764595804,0.2715094248211895,2.5878574625197914,52.7150942482119,2.5625,0.4694883051328028,20.0,17.4375,-0.44132694591976007,1.2351617772273515,-0.25926000773329066,3.0,0.3333333333333333,1.0,-1.0,10,6,0,0.625,NFC,East,False,False,0,False,False,6.25,0.7686671160509174,1.1061965906203703
2002,NYJ,2.220465761208053,0.5802361244390266,2.537200614054333,55.80236124439027,1.4375,0.2633714882452309,22.4375,21.0,0.20135220053048564,0.1964641830997862,0.1731241175911383,1.0,0.0,2.0,10.5,9,7,0,0.5625,AFC,East,False,False,1,False,False,8.625,0.7686671160509174,1.1061965906203703
2002,OAK,6.765648659582028,1.7679505922289898,2.4925122633031576,67.6795059222899,9.125,1.6718364036436393,28.125,19.0,1.700936875581059,0.7795926569959631,0.147168479567098,,,3.0,3.3333333333333335,11,5,0,0.6875,AFC,West,True,True,2,True,False,17.875,0.7686671160509174,1.1061965906203703
2002,PHI,6.177298732771179,1.6142072257197122,2.535812041383831,66.14207225719713,10.875,1.9924625632465292,25.9375,15.0625,1.1241735390231462,1.9276268399790617,-0.37167662205214747,1.0,1.0,2.0,-1.5,12,4,0,0.75,NFC,East,True,True,1,False,False,12.5,0.7686671160509174,1.1061965906203703
2002,PIT,1.950419343315522,0.5096695389622229,2.5490826990070863,55.09669538962223,2.8125,0.51529204221893,24.375,21.5625,0.7121997271960655,0.03245929981648642,0.01143622723403831,3.0,0.5,2.0,0.0,10,5,1,0.65625,AFC,North,True,False,1,False,False,10.5625,0.7686671160509174,1.1061965906203703
2002,SEA,-0.8076648088191966,-0.2110531523170505,2.635940540260629,47.88946847682949,-0.875,-0.16031307980144488,22.1875,23.0625,0.13543639063815274,-0.4048870556056463,-0.06826503119624587,3.0,0.3333333333333333,,,7,9,0,0.4375,NFC,West,False,False,0,False,False,4.375,0.7686671160509174,1.1061965906203703
2002,SF,-0.0567385727173897,-0.0148265152811135,2.537803210015337,49.85173484718887,1.0,0.1832149483445084,22.9375,21.9375,0.3331838203151514,-0.07687728903904677,-0.055802021966262765,2.0,0.5,2.0,-12.0,10,6,0,0.625,NFC,West,True,False,1,False,False,10.25,0.7686671160509174,1.1061965906203703
2002,TB,8.98708581364852,2.3484405540553497,2.4865370268701232,73.4844055405535,9.375,1.7176401407297666,21.625,12.25,-0.012874181619596269,2.7476512563955606,-0.04301212885080521,3.0,0.6666666666666666,3.0,23.0,12,4,0,0.75,NFC,South,True,False,3,True,True,24.5,0.7686671160509174,1.1061965906203703
2002,TEN,1.0821481430054087,0.28277916081207,2.540758922804224,52.8277916081207,2.6875,0.4923901736758664,22.9375,20.25,0.3331838203151514,0.41513736081085256,-0.18281402029964267,2.0,0.5,2.0,-7.0,11,5,0,0.6875,AFC,South,True,False,1,False,False,10.875,0.7686671160509174,1.1061965906203703
2002,WSH,-2.755355035489496,-0.7200095381683225,2.635140355971399,42.79990461831677,-3.625,-0.664154187748843,19.1875,22.8125,-0.655553328069842,-0.3319959963686242,-0.09832879850012646,2.0,0.0,,,7,9,0,0.4375,NFC,East,False,False,0,False,False,4.375,0.7686671160509174,1.1061965906203703
2003,ARI,-7.530800020908054,-2.199258858946586,2.5763312015018065,28.007411410534143,-14.1875,-2.3386532329323426,14.0625,28.25,-1.5412252252231184,-2.3179108382529123,0.25768191473100877,1.0,1.0,,,4,12,0,0.25,NFC,West,False,False,0,False,False,2.5,0.7477794508766115,1.06887096863984
2003,ATL,-4.125909421401562,-1.204910875476208,2.575446942302857,37.95089124523792,-7.6875,-1.2671997693862473,18.6875,26.375,-0.4882473448629498,-1.732025002359601,0.19545137761163295,2.0,0.0,,,5,11,0,0.3125,NFC,South,False,False,0,False,False,3.125,0.7477794508766115,1.06887096863984
2003,BAL,3.072029913714028,0.8971409390671662,2.527285095091179,58.97140939067166,6.875,1.1332680864429854,24.4375,17.5625,0.820860290179422,1.0216384263389613,-0.23327214784098663,1.0,0.0,1.0,-3.0,10,6,0,0.625,AFC,North,True,False,0,False,False,8.25,0.7477794508766115,1.06887096863984
2003,BUF,-0.6965413342317079,-0.203414603452297,2.575836173769541,47.96585396547703,-2.25,-0.3708877373813407,15.1875,17.4375,-1.2850954705409152,1.060697482065182,0.25370226379146876,5.0,0.2,,,6,10,0,0.375,AFC,East,False,False,0,False,False,3.75,0.7477794508766115,1.06887096863984
2003,CAR,1.7526695440212083,0.5118412400797931,2.4061864312835053,55.11841240079793,1.3125,0.2163511801391154,20.3125,19.0,-0.118282143655323,0.5724592854874228,-0.3261513384673944,2.0,0.5,4.0,8.25,11,5,0,0.6875,NFC,South,True,False,3,True,False,18.875,0.7477794508766115,1.06887096863984
2003,CHI,-1.949321331345945,-0.5692704885262903,2.5760154798724613,44.3072951147371,-3.9375,-0.6490535404173462,17.6875,21.625,-0.715918237913797,-0.24778088476321283,0.02087871237170842,3.0,0.0,,,7,9,0,0.4375,NFC,North,False,False,0,False,False,4.375,0.7477794508766115,1.06887096863984
2003,CIN,-1.877305673293541,-0.5482393798107623,2.5760219487615106,44.51760620189238,-2.375,-0.3914926116803041,21.625,24.0,0.18053590347391404,-0.989902943561407,-0.14762572009374952,1.0,1.0,,,8,8,0,0.5,AFC,North,False,False,0,False,False,5.0,0.7477794508766115,1.06887096863984
2003,CLE,-2.5628211226032667,-0.7484340365077244,2.576195946994573,42.51565963492276,-4.25,-0.7005657261647547,15.875,20.125,-1.1285717315684578,0.22092778395143609,0.14752157916977648,3.0,0.0,,,5,11,0,0.3125,AFC,North,False,False,0,False,False,3.125,0.7477794508766115,1.06887096863984
2003,DAL,-0.2272632543821456,-0.0663688750365598,2.532523826931822,49.3363112496344,1.8125,0.29877067733496887,18.0625,16.25,-0.6305416530197294,1.431758511464279,-0.3284146164145034,1.0,0.0,1.0,-19.0,10,6,0,0.625,NFC,East,False,False,0,False,False,6.25,0.7477794508766115,1.06887096863984
2003,DEN,2.379282959311474,0.694834428172142,2.5304496688897573,56.94834428172142,5.0,0.8241949719585349,23.8125,18.8125,0.6785659820226425,0.6310478690767539,0.0197718409637921,5.0,0.4,1.0,-31.0,10,6,0,0.625,AFC,West,False,False,0,False,False,6.25,0.7477794508766115,1.06887096863984
2003,DET,-3.919327908243971,-1.1445817973377554,2.576022152135977,38.55418202662244,-6.8125,-1.1229656492935038,16.875,23.6875,-0.9009008385176105,-0.8922553042458551,0.17850610190890392,3.0,0.3333333333333333,,,5,11,0,0.3125,NFC,North,False,False,0,False,False,3.125,0.7477794508766115,1.06887096863984
2003,GB,4.964299330887809,1.4497502591499123,2.48881752582277,64.49750259149913,8.4375,1.3908290151800276,27.625,19.1875,1.5465612617789977,0.5138707018980917,-0.09583428142954929,1.0,0.0,2.0,1.5,10,6,0,0.625,NFC,North,True,False,1,False,False,10.25,0.7477794508766115,1.06887096863984
2003,HOU,-4.083196022019745,-1.1924370583883317,2.5753161962061526,38.07562941611668,-7.8125,-1.2878046436852106,15.9375,23.75,-1.1143423007527797,-0.9117848321089654,0.4518696129951262,6.0,0.0,,,5,11,0,0.3125,AFC,South,False,False,0,False,False,3.125,0.7477794508766115,1.06887096863984
2003,IND,5.273864409353664,1.5401541656865825,2.4450121813140964,65.40154165686582,6.9375,1.1435705235924671,27.9375,21.0,1.6177084158573876,-0.05248560613210912,0.05317499782307866,3.0,0.6666666666666666,3.0,9.333333333333334,12,4,0,0.75,AFC,South,True,False,2,False,False,13.5,0.7477794508766115,1.06887096863984
2003,JAX,-1.6225424119847562,-0.4738395341354141,2.5753294693175715,45.26160465864586,-3.4375,-0.5666340432214927,17.25,20.6875,-0.8155242536235427,0.04516203318344273,0.27681958775753407,5.0,0.2,,,5,11,0,0.3125,AFC,South,False,False,0,False,False,3.125,0.7477794508766115,1.06887096863984
2003,KC,4.823292048500584,1.4085711660781122,2.5271660530674467,64.08571166078113,9.5,1.5659704467212163,30.25,20.75,2.1441973560374716,0.02563250532033236,-0.33956821845085994,1.0,1.0,1.0,-7.0,13,3,0,0.8125,AFC,West,True,False,0,False,False,10.125,0.7477794508766115,1.06887096863984
2003,LAC,-4.7953616573797495,-1.400414508095455,2.575831127950763,35.99585491904545,-8.0,-1.3187119551336557,19.5625,27.5625,-0.28903531344345845,-2.103086031758698,0.10658110293333997,3.0,0.0,,,4,12,0,0.25,AFC,West,False,False,0,False,False,2.5,0.7477794508766115,1.06887096863984
2003,LAR,3.216513819054536,0.9393353284963252,2.527251311977601,59.39335328496325,7.4375,1.2259900207883205,27.9375,20.5,1.6177084158573876,0.10375061677277385,-0.33102990117452513,1.0,1.0,1.0,-6.0,12,4,0,0.75,NFC,West,True,True,0,False,False,10.5,0.7477794508766115,1.06887096863984
2003,MIA,2.049087302482042,0.5984056660948492,2.5760608572271213,55.98405666094849,3.125,0.5151218574740842,19.4375,16.3125,-0.31749417507481437,1.4122289836011688,0.06824939539209804,4.0,0.0,,,10,6,0,0.625,AFC,East,False,False,0,False,False,6.25,0.7477794508766115,1.06887096863984
2003,MIN,2.153723911127808,0.6289632413717691,2.575989151925086,56.28963241371769,3.9375,0.6490535404173462,26.0,22.0625,1.1765960605713708,-0.38448757980498544,-0.23957457040495664,3.0,0.6666666666666666,,,9,7,0,0.5625,NFC,North,False,False,0,False,False,5.625,0.7477794508766115,1.06887096863984
2003,NE,4.745871528478662,1.3859616472952812,2.4484363930246555,63.85961647295281,6.875,1.1332680864429854,21.75,14.875,0.20899476510526996,1.8614081244527072,-0.0020904797146617943,2.0,1.0,3.0,5.333333333333333,14,2,0,0.875,AFC,East,True,True,3,True,True,25.75,0.7477794508766115,1.06887096863984
2003,NO,0.2806487569659716,0.0819593221564968,2.575120413499794,50.819593221564965,0.875,0.1442341200927436,21.25,20.375,0.09515931857984632,0.1428096724989946,-0.056764995139326216,2.0,0.0,,,8,8,0,0.5,NFC,South,False,False,0,False,False,5.0,0.7477794508766115,1.06887096863984
2003,NYG,-5.108347639813788,-1.491817439083279,2.5762293339062063,35.08182560916721,-9.0,-1.4835509495253627,15.1875,24.1875,-1.2850954705409152,-1.048491527150738,0.1567751557258637,1.0,0.0,,,4,12,0,0.25,NFC,East,False,False,0,False,False,2.5,0.7477794508766115,1.06887096863984
2003,NYJ,-0.4307717576573146,-0.1258005260505657,2.5756841651106552,48.741994739494345,-1.0,-0.16483899439170696,17.6875,18.6875,-0.715918237913797,0.6701069248029746,0.09900899047216274,4.0,0.25,,,6,10,0,0.375,AFC,East,False,False,0,False,False,3.75,0.7477794508766115,1.06887096863984
2003,OAK,-3.875820079501076,-1.131875978894736,2.575763807737069,38.68124021105264,-6.8125,-1.1229656492935038,16.875,23.6875,-0.9009008385176105,-0.8922553042458551,0.14324509390889895,4.0,0.0,,,4,12,0,0.25,AFC,West,False,False,0,False,False,2.5,0.7477794508766115,1.06887096863984
2003,PHI,2.73910316080577,0.7999146007391009,2.4893350177521483,57.99914600739101,5.4375,0.8963120320049066,23.375,17.9375,0.5789599663128968,0.9044612591602991,-0.11180685773093282,2.0,0.5,2.0,-4.0,12,4,0,0.75,NFC,East,True,False,1,False,False,11.5,0.7477794508766115,1.06887096863984
2003,PIT,-1.1219758029595852,-0.3276564531433474,2.5762733284886274,46.72343546856653,-1.6875,-0.2781658030360055,18.75,20.4375,-0.4740179140472719,0.12328014463588421,-0.009941166689023534,2.0,0.0,,,6,10,0,0.375,AFC,North,False,False,0,False,False,3.75,0.7477794508766115,1.06887096863984
2003,SEA,2.3142670397530867,0.6758474896444475,2.5324399903963544,56.75847489644448,4.8125,0.7932876605100898,25.25,20.4375,1.0058428907832355,0.12328014463588421,-0.18741985477863274,1.0,0.0,1.0,-6.0,10,6,0,0.625,NFC,West,False,False,0,False,False,6.25,0.7477794508766115,1.06887096863984
2003,SF,1.3857923428893038,0.4047001750541972,2.576282525170464,54.04700175054197,2.9375,0.48421454602563924,24.0,21.0625,0.7212542744696764,-0.0720151339952195,-0.017861840796583837,1.0,0.0,,,7,9,0,0.4375,NFC,West,False,False,0,False,False,4.375,0.7477794508766115,1.06887096863984
2003,TB,1.5230208884080212,0.4447757438642162,2.575260614957862,54.44775743864216,2.3125,0.3811901745308224,18.8125,16.5,-0.45978848323159394,1.3536404000118376,0.007125041715080882,3.0,0.0,,,7,9,0,0.4375,NFC,South,False,False,0,False,False,4.375,0.7477794508766115,1.06887096863984
2003,TEN,4.705143306803207,1.3740675720203832,2.485761010086597,63.74067572020383,6.9375,1.1435705235924671,27.1875,20.25,1.446955246069252,0.18186872822521533,-0.013934979450052759,3.0,0.0,2.0,0.0,12,4,0,0.75,AFC,South,False,False,1,False,False,9.5,0.7477794508766115,1.06887096863984
2003,WSH,-3.4513048248309106,-1.0079025720854615,2.576024150037051,39.92097427914538,-5.3125,-0.8757071577059433,17.9375,23.25,-0.6590005146510853,-0.7555486092040825,0.004928199304265454,1.0,1.0,,,5,11,0,0.3125,NFC,East,False,False,0,False,False,3.125,0.7477794508766115,1.06887096863984
2004,ARI,-3.0379296644268163,-0.6763665643039777,2.780952543299026,43.23633435696022,-2.375,-0.42244067009871195,17.75,20.125,-0.8701789534327992,0.370252994815066,-0.33748397693001825,3.0,0.0,,,6,10,0,0.375,NFC,West,False,False,0,False,False,3.75,4.6838854836885835,1.1764945664377522
2004,ATL,0.2443065918863982,0.0543925727201426,2.671206940630442,50.54392572720143,0.1875,0.03335057921831936,21.25,21.0625,-0.05461374184724681,0.11490610183915842,-0.3839401035569043,1.0,1.0,2.0,6.5,11,5,0,0.6875,NFC,South,True,False,1,False,False,10.875,4.6838854836885835,1.1764945664377522
2004,BAL,3.965641034703825,0.8829128051625124,2.781367279788847,58.82912805162512,3.0625,0.5447261272325495,19.8125,16.75,-0.3895780251770273,1.2895018095283335,0.4489523350456107,7.0,0.42857142857142855,,,9,7,0,0.5625,AFC,North,False,False,0,False,False,5.625,4.6838854836885835,1.1764945664377522
2004,BUF,5.488536421663744,1.221971188486472,2.7791553220330365,62.21971188486472,6.9375,1.2339714310778165,24.6875,17.75,0.7463878052457064,1.017131790354032,0.14570377632800086,5.0,0.2,,,9,7,0,0.5625,AFC,East,False,False,0,False,False,5.625,4.6838854836885835,1.1764945664377522
2004,CAR,0.0198192127456061,0.0044125619460256,2.7814202429779,50.04412561946025,1.0,0.1778697558310366,22.1875,21.1875,0.16384122554174044,0.08085984944237073,-0.21698924457144195,2.0,0.0,,,7,9,0,0.4375,NFC,South,False,False,0,False,False,4.375,4.6838854836885835,1.1764945664377522
2004,CHI,-5.629009371911662,-1.253246174161547,2.7813268633745567,37.46753825838453,-6.25,-1.1116859739439788,14.4375,20.6875,-1.6420531715405542,0.21704485902952145,-0.2553343632780387,2.0,0.0,,,5,11,0,0.3125,NFC,North,False,False,0,False,False,3.125,4.6838854836885835,1.1764945664377522
2004,CIN,1.3639961679882695,0.3036809616328223,2.7811363263050097,53.03680961632822,0.125,0.022233719478879574,23.375,23.25,0.4405508509011243,-0.480903315104626,0.3611088589297281,6.0,0.16666666666666666,,,8,8,0,0.5,AFC,North,False,False,0,False,False,5.0,4.6838854836885835,1.1764945664377522
2004,CLE,-3.420128864725857,-0.7614596337759346,2.781502606891746,42.385403662240655,-7.125,-1.2673220102961358,17.25,24.375,-0.9866882693735923,-0.7873195866757151,0.5832461000585721,7.0,0.0,,,4,12,0,0.25,AFC,North,False,False,0,False,False,2.5,4.6838854836885835,1.1764945664377522
2004,DAL,-5.698529793461132,-1.2687242443825213,2.7801082487477684,37.31275755617479,-7.0,-1.2450882908172562,18.3125,25.3125,-0.7391059729994068,-1.0426664796516227,-0.06643229104191495,3.0,0.0,,,6,10,0,0.375,NFC,East,False,False,0,False,False,3.75,4.6838854836885835,1.1764945664377522
2004,DEN,3.2093549596647497,0.7145327994649047,2.727725742655765,57.14532799464904,4.8125,0.8559981999368637,23.8125,19.0,0.5424965023493183,0.6766692663861551,0.08874119860164491,3.0,0.6666666666666666,1.0,-25.0,10,6,0,0.625,AFC,West,False,False,0,False,False,6.25,4.6838854836885835,1.1764945664377522
2004,DET,-3.1785627417177387,-0.7076772007642539,2.781476081213564,42.92322799235746,-3.375,-0.6003104259297485,18.5,21.875,-0.6954149795216094,-0.1063945387399615,-0.21060455772018832,2.0,0.0,,,6,10,0,0.375,NFC,North,False,False,0,False,False,3.75,4.6838854836885835,1.1764945664377522
2004,GB,0.2659520265935398,0.059211725868146,2.734636584231508,50.59211725868146,2.75,0.48914182853535065,26.5,23.75,1.1687340755310818,-0.6170883246917767,-0.32968333659085336,2.0,0.0,1.0,-14.0,10,6,0,0.625,NFC,North,True,False,0,False,False,8.25,4.6838854836885835,1.1764945664377522
2004,HOU,-0.6977818489097661,-0.1553545881286309,2.7812538565903946,48.44645411871369,-1.875,-0.33350579218319365,19.3125,21.1875,-0.5060873411178205,0.08085984944237073,0.12107574454038782,4.0,0.0,,,7,9,0,0.4375,AFC,South,False,False,0,False,False,4.375,4.6838854836885835,1.1764945664377522
2004,IND,8.122573698463086,1.8084148984969584,2.674821170555832,68.08414898496959,10.6875,1.9009830154442036,32.625,21.9375,2.5959731958057986,-0.12341766493835533,0.05569652030109173,2.0,0.5,2.0,4.0,12,4,0,0.75,AFC,South,True,False,1,False,False,11.5,4.6838854836885835,1.1764945664377522
2004,JAX,-0.0785656572930194,-0.0174919071754059,2.780913992201023,49.82508092824594,-1.1875,-0.21122033504935597,16.3125,17.5,-1.2051432367625796,1.0852242951476072,0.24198301024019817,5.0,0.4,,,9,7,0,0.5625,AFC,South,False,False,0,False,False,5.625,4.6838854836885835,1.1764945664377522
2004,KC,2.591067200249068,0.5768768252387566,2.780671792842357,55.76876825238757,3.0,0.5336092674931098,30.1875,27.1875,2.0279902805944316,-1.553360265603438,0.3213829558128692,4.0,0.25,,,7,9,0,0.4375,AFC,West,False,False,0,False,False,4.375,4.6838854836885835,1.1764945664377522
2004,LAC,6.290862970822546,1.4006016741948344,2.724451846242676,64.00601674194834,8.3125,1.4785423453454918,27.875,19.5625,1.489134694368263,0.5234611306006106,0.0383253881044569,2.0,0.0,1.0,-3.0,12,4,0,0.75,AFC,West,True,False,0,False,False,9.5,4.6838854836885835,1.1764945664377522
2004,LAR,-4.481972482141561,-0.997869162195702,2.685880069181391,40.02130837804298,-4.5625,-0.8115307609791045,19.9375,24.5,-0.36045069619182896,-0.8213658390725028,-0.136592794554855,4.0,0.5,2.0,-11.5,8,8,0,0.5,NFC,West,False,False,1,False,False,7.0,4.6838854836885835,1.1764945664377522
2004,MIA,-2.3997428105231404,-0.5342802432106173,2.779033465059858,44.657197567893824,-4.9375,-0.8782319194157432,17.1875,22.125,-1.0012519338661916,-0.17448704353353686,0.41500947210341865,7.0,0.14285714285714285,,,4,12,0,0.25,AFC,East,False,False,0,False,False,2.5,4.6838854836885835,1.1764945664377522
2004,MIN,-0.1161266739580708,-0.0258545154645279,2.6850024067715776,49.74145484535472,0.625,0.11116859739439787,25.3125,24.6875,0.892024450171698,-0.8724352176676843,-0.33949095544177676,2.0,0.0,2.0,0.5,8,8,0,0.5,NFC,North,False,False,1,False,False,7.0,4.6838854836885835,1.1764945664377522
2004,NE,10.480764966222196,2.333444080186985,2.62027267273943,73.33444080186985,11.0625,1.9676841738808424,27.3125,16.25,1.3580617139348707,1.4256868191154841,0.21679138823581218,6.0,0.8333333333333334,3.0,11.333333333333334,14,2,0,0.875,AFC,East,True,False,3,True,True,25.75,4.6838854836885835,1.1764945664377522
2004,NO,-3.7437120990073134,-0.8335024078401628,2.7809526792739443,41.66497592159837,-3.5625,-0.6336610051480679,21.75,25.3125,0.06189557409354639,-1.0426664796516227,-0.2743497292583736,1.0,0.0,,,8,8,0,0.5,NFC,South,False,False,0,False,False,5.0,4.6838854836885835,1.1764945664377522
2004,NYG,-2.5357348079374167,-0.5645575867386755,2.780618273964564,44.35442413261325,-2.75,-0.48914182853535065,18.9375,21.6875,-0.5934693280734153,-0.05532516014477998,-0.11079456118827297,3.0,0.0,,,6,10,0,0.375,NFC,East,False,False,0,False,False,3.75,4.6838854836885835,1.1764945664377522
2004,NYJ,4.924281565505414,1.0963451337029912,2.674806164963057,60.96345133702991,4.5,0.8004139012396647,20.8125,16.3125,-0.15655939329544086,1.4086636929170904,0.30017596669196694,6.0,0.3333333333333333,2.0,0.0,10,6,0,0.625,AFC,East,False,False,1,False,False,8.25,4.6838854836885835,1.1764945664377522
2004,OAK,-4.300939847705195,-0.957563943014887,2.7805370053178584,40.42436056985113,-7.625,-1.3562568882116541,20.0,27.625,-0.3458870316992298,-1.6725221489921949,0.47123619107463555,5.0,0.2,,,5,11,0,0.3125,AFC,West,False,False,0,False,False,3.125,4.6838854836885835,1.1764945664377522
2004,PHI,5.568647678209419,1.2398072088480876,2.617948967635661,62.39807208848087,7.875,1.4007243271694132,24.125,16.25,0.615314824812314,1.4256868191154841,-0.3595578236782334,1.0,0.0,3.0,9.0,13,3,0,0.8125,NFC,East,True,True,2,True,False,19.125,4.6838854836885835,1.1764945664377522
2004,PIT,5.943012038111001,1.3231559245440003,2.679302012918665,63.23155924544,7.5625,1.3451400284722144,23.25,15.6875,0.41142352191592596,1.5788949549010287,0.18390022175254922,4.0,1.0,2.0,-5.5,15,1,0,0.9375,AFC,North,True,True,1,False,False,14.375,4.6838854836885835,1.1764945664377522
2004,SEA,-2.187420076683148,-0.4870085766896353,2.734251460951528,45.12991423310365,-0.125,-0.022233719478879574,23.1875,23.3125,0.3968598574233268,-0.49792644130301983,-0.36255022365331857,3.0,0.0,1.0,-7.0,9,7,0,0.5625,NFC,West,True,False,0,False,False,7.625,4.6838854836885835,1.1764945664377522
2004,SF,-9.305343122543078,-2.071747424294497,2.7809584521268795,29.28252575705503,-12.0625,-2.145553929711879,16.1875,28.25,-1.234270565747778,-1.8427534109761332,-0.19042548139114454,3.0,0.0,,,2,14,0,0.125,NFC,West,False,False,0,False,False,1.25,4.6838854836885835,1.1764945664377522
2004,TB,-1.6036668973242478,-0.3570414030095304,2.781110412371109,46.42958596990469,-0.1875,-0.03335057921831936,18.8125,19.0,-0.6225966570586137,0.6766692663861551,-0.35987496855063633,1.0,0.0,,,5,11,0,0.3125,NFC,South,False,False,0,False,False,3.125,4.6838854836885835,1.1764945664377522
2004,TEN,-4.011848124728182,-0.8932003806426911,2.781100018334609,41.06799619357309,-5.9375,-1.0561016752467798,21.5,27.4375,0.0036409161231497874,-1.6214527703970132,0.17796366976059214,3.0,0.0,,,5,11,0,0.3125,AFC,South,False,False,0,False,False,3.125,4.6838854836885835,1.1764945664377522
2004,WSH,-2.0518016478313745,-0.4568144047004414,2.780178757224121,45.43185595299558,-1.5625,-0.2779214934859947,15.0,16.5625,-1.5109801911071619,1.340571188123515,-0.23718838617556426,3.0,0.0,,,6,10,0,0.375,NFC,East,False,False,0,False,False,3.75,4.6838854836885835,1.1764945664377522
2005,ARI,-3.8591889522354905,-0.8140298526375791,2.6975136723328745,41.85970147362421,-4.75,-0.7293985970893029,19.4375,24.1875,-0.28739703606863876,-0.9806889533102524,-0.07206088898955931,4.0,0.0,,,5,11,0,0.3125,NFC,West,False,False,0,False,False,3.125,1.4729109008216885,1.1419921162499402
2005,ATL,0.0752486732366534,0.0158724196052964,2.6966201920399286,50.158724196052965,0.625,0.09597349961701353,21.9375,21.3125,0.3216562854013242,-0.19098756421140584,-0.17763766244449503,3.0,0.0,,,8,8,0,0.5,NFC,South,False,False,0,False,False,5.0,1.4729109008216885,1.1419921162499402
2005,BAL,-2.112034215110603,-0.445497466480905,2.697831203782916,45.54502533519095,-2.125,-0.326309898697846,16.5625,18.6875,-0.9878083557590961,0.5300441388788454,0.10785949162909575,4.0,0.25,,,6,10,0,0.375,AFC,North,False,False,0,False,False,3.75,1.4729109008216885,1.1419921162499402
2005,BUF,-4.069763052567739,-0.8584468547549428,2.6973321482328827,41.41553145245057,-6.0,-0.9213455963233299,16.9375,22.9375,-0.8964503575386017,-0.6373405232672756,0.04602771394932666,3.0,0.0,,,5,11,0,0.3125,AFC,East,False,False,0,False,False,3.125,1.4729109008216885,1.1419921162499402
2005,CAR,5.540973233638577,1.1687734600905713,2.5394333913516114,61.68773460090571,8.25,1.2668501949445787,24.4375,16.1875,0.930709606871287,1.2167409989647988,-0.402851741027141,,,3.0,3.6666666666666665,11,5,0,0.6875,NFC,South,True,False,2,False,False,12.875,1.4729109008216885,1.1419921162499402
2005,CHI,1.4371510956910478,0.303142424256176,2.646260479427857,53.03142424256176,3.625,0.5566462977786785,16.25,12.625,-1.0639400209428413,2.195284024587283,-0.23388647664100684,2.0,0.5,1.0,-8.0,11,5,0,0.6875,NFC,North,True,False,0,False,False,8.875,1.4729109008216885,1.1419921162499402
2005,CIN,2.969568997669661,0.6263797506390276,2.6508817388599804,56.26379750639028,4.4375,0.6814118472807961,26.3125,21.875,1.3874995979737592,-0.3454943577307454,-0.0469142586443716,3.0,0.3333333333333333,1.0,-14.0,11,5,0,0.6875,AFC,North,False,False,0,False,False,6.875,1.4729109008216885,1.1419921162499402
2005,CLE,-2.578725619584609,-0.5439380300068596,2.69741191918672,44.56061969993141,-4.3125,-0.6622171473573933,14.5,18.8125,-1.4902773459718155,0.4957092958745477,0.04904214887928613,3.0,0.0,,,6,10,0,0.375,AFC,North,False,False,0,False,False,3.75,1.4729109008216885,1.1419921162499402
2005,DAL,1.6568531643840188,0.3494848150579305,2.697180513714076,53.4948481505793,1.0625,0.163154949348923,20.3125,19.25,-0.07422837355415172,0.37553734535950584,0.21871541973219746,4.0,0.5,,,9,7,0,0.5625,NFC,East,False,False,0,False,False,5.625,1.4729109008216885,1.1419921162499402
2005,DEN,6.957642804979139,1.467595657362484,2.591395165209984,64.67595657362484,8.5625,1.3148369447530854,24.6875,16.125,0.9916149390182833,1.2339084204669477,0.2141305841299816,2.0,1.0,2.0,-1.5,13,3,0,0.8125,AFC,West,True,False,1,False,False,12.125,1.4729109008216885,1.1419921162499402
2005,DET,-4.49516809632948,-0.9481787671776446,2.6981659104626323,40.51821232822356,-5.6875,-0.8733588465148231,15.875,21.5625,-1.155298019163336,-0.2596572502200012,-0.05448813277174441,2.0,0.0,,,5,11,0,0.3125,NFC,North,False,False,0,False,False,3.125,1.4729109008216885,1.1419921162499402
2005,GB,-2.557812527048609,-0.5395267711009138,2.698555175118238,44.60473228899086,-2.875,-0.44147809823826223,18.625,21.5,-0.4853393655463767,-0.24248982871785235,-0.024468183759349192,3.0,0.3333333333333333,,,4,12,0,0.25,NFC,North,False,False,0,False,False,2.5,1.4729109008216885,1.1419921162499402
2005,HOU,-7.852772925365071,-1.6564080345245635,2.697948929138104,33.435919654754365,-10.6875,-1.6411468434509313,16.25,26.9375,-1.0639400209428413,-1.7360554994048012,0.10278019664780604,4.0,0.0,,,2,14,0,0.125,AFC,South,False,False,0,False,False,1.25,1.4729109008216885,1.1419921162499402
2005,IND,8.212695238265816,1.7323274857247577,2.6469107528913045,67.32327485724758,12.0,1.8426911926466598,27.4375,15.4375,1.6615735926352426,1.4227500569905849,-0.1979945917763084,3.0,0.3333333333333333,1.0,-3.0,14,2,0,0.875,AFC,South,True,True,0,False,False,11.75,1.4729109008216885,1.1419921162499402
2005,JAX,2.883859802034096,0.608300862884001,2.639043261918129,56.08300862884001,5.75,0.8829561964765245,22.5625,16.8125,0.47391961576881486,1.0450667839433105,-0.15951931739478875,5.0,0.4,1.0,-25.0,12,4,0,0.75,AFC,South,False,False,0,False,False,7.5,1.4729109008216885,1.1419921162499402
2005,KC,4.332614940928045,0.9138909614301304,2.697766691272756,59.138909614301305,4.875,0.7485932970127056,25.1875,20.3125,1.113425603312276,0.08369117982297558,0.20879169110348628,4.0,0.5,,,10,6,0,0.625,AFC,West,False,False,0,False,False,6.25,1.4729109008216885,1.1419921162499402
2005,LAC,6.355387729351126,1.3405602578183078,2.6981885854320087,63.40560257818308,6.625,1.0173190959403435,26.125,19.5,1.3418205988635121,0.3068676593509105,0.4330242979841917,4.0,0.25,,,9,7,0,0.5625,AFC,West,False,False,0,False,False,5.625,1.4729109008216885,1.1419921162499402
2005,LAR,-4.020492030813768,-0.8480539760765214,2.696653237716387,41.51946023923479,-4.125,-0.6334250974722894,22.6875,26.8125,0.504372281842313,-1.7017206564005036,-0.20446959139115173,3.0,0.0,,,6,10,0,0.375,NFC,West,False,False,0,False,False,3.75,1.4729109008216885,1.1419921162499402
2005,MIA,-0.3218142265012353,-0.0678812026614373,2.697412965747892,49.321187973385626,0.0625,0.009597349961701354,19.875,19.8125,-0.18081270481139525,0.2210305518401663,-0.09919546036236618,3.0,1.0,,,9,7,0,0.5625,AFC,East,False,False,0,False,False,5.625,1.4729109008216885,1.1419921162499402
2005,MIN,-2.160581948728433,-0.4557377799073617,2.6984677145578866,45.44262220092638,-2.375,-0.36469929854465144,19.125,21.5,-0.3635287012523841,-0.24248982871785235,-0.08968226473304189,2.0,0.0,,,9,7,0,0.5625,NFC,North,False,False,0,False,False,5.625,1.4729109008216885,1.1419921162499402
2005,NE,3.223576448330515,0.6799582745696913,2.590456997309484,56.79958274569691,2.5625,0.39349134842975547,23.6875,21.125,0.7479936104302982,-0.13948529970495932,0.131293341712975,5.0,0.2,2.0,5.5,10,6,0,0.625,AFC,East,True,False,1,False,False,10.25,1.4729109008216885,1.1419921162499402
2005,NO,-7.159884174208349,-1.5102550124830751,2.69676576406946,34.89744987516925,-10.1875,-1.5643680437573206,14.6875,24.875,-1.4445983468615682,-1.1695305898338897,-0.04161219050794728,2.0,0.5,,,3,13,0,0.1875,NFC,South,False,False,0,False,False,1.875,1.4729109008216885,1.1419921162499402
2005,NYG,3.81773002536337,0.8052848016566792,2.6379938348005414,58.05284801656679,6.75,1.0365137958637463,26.375,19.625,1.4027259310105082,0.2725328163466128,0.02507870357589366,3.0,0.3333333333333333,1.0,-23.0,11,5,0,0.6875,NFC,East,True,False,0,False,False,8.875,1.4729109008216885,1.1419921162499402
2005,NYJ,-5.117864810851188,-1.079525980551684,2.697958905357232,39.204740194483165,-7.1875,-1.1036952455956557,15.0,22.1875,-1.3684666816778228,-0.4313314652414896,0.1482145846919588,3.0,0.0,,,4,12,0,0.25,AFC,East,False,False,0,False,False,2.5,1.4729109008216885,1.1419921162499402
2005,OAK,-3.2332926053161786,-0.6820077315766261,2.6978285643587765,43.17992268423374,-5.8125,-0.8925535464382258,18.125,23.9375,-0.6071500298403693,-0.912019267301657,0.3618765599293262,4.0,0.0,,,4,12,0,0.25,AFC,West,False,False,0,False,False,2.5,1.4729109008216885,1.1419921162499402
2005,PHI,-2.6320128921503048,-0.5551780680487867,2.696513198341246,44.44821931951213,-4.875,-0.7485932970127056,19.375,24.25,-0.30262336910538784,-0.9978563748124012,0.2852827148450031,3.0,0.3333333333333333,,,6,10,0,0.375,NFC,East,False,False,0,False,False,3.75,1.4729109008216885,1.1419921162499402
2005,PIT,7.958477158820748,1.6787045332573478,2.503900251744682,66.78704533257348,8.1875,1.2572528449828773,24.3125,16.125,0.900256940797789,1.2339084204669477,-0.05563770486461091,2.0,0.5,4.0,11.25,11,5,0,0.6875,AFC,North,True,False,4,True,True,25.875,1.4729109008216885,1.1419921162499402
2005,SEA,6.581506807000274,1.3882562068209234,2.538273551998845,63.88256206820923,11.3125,1.737120343067945,28.25,16.9375,1.8595159221129804,1.0107319409390128,-0.39386221169740615,1.0,1.0,3.0,6.333333333333333,13,3,0,0.8125,NFC,West,True,True,2,True,False,19.125,1.4729109008216885,1.1419921162499402
2005,SF,-7.950298312805081,-1.676979345685741,2.6971760696805287,33.230206543142586,-11.8125,-1.8138991427615558,14.9375,26.75,-1.383693014714572,-1.6845532348983547,0.04015075035757236,3.0,0.0,,,4,12,0,0.25,NFC,West,False,False,0,False,False,2.5,1.4729109008216885,1.1419921162499402
2005,TB,-0.0619177421996062,-0.0130604878854663,2.641648057569145,49.86939512114534,1.625,0.24953109900423517,18.75,17.125,-0.4548866994728785,0.9592296764325663,-0.27810569247017114,2.0,0.5,1.0,-7.0,11,5,0,0.6875,NFC,South,False,False,0,False,False,6.875,1.4729109008216885,1.1419921162499402
2005,TEN,-5.824268458509009,-1.2285297386787506,2.697949903418671,37.714702613212495,-7.625,-1.170876695327565,18.6875,26.3125,-0.4701130325096276,-1.564381284383313,-0.001037905389998775,4.0,0.0,,,4,12,0,0.25,AFC,South,False,False,0,False,False,2.5,1.4729109008216885,1.1419921162499402
2005,WSH,4.004606470631676,0.8447031890655348,2.593756229144077,58.44703189065535,4.125,0.6334250974722894,22.4375,18.3125,0.44346694969531675,0.6330486678917384,0.16115607569735835,3.0,0.3333333333333333,2.0,-1.5,10,6,0,0.625,NFC,East,False,False,1,False,False,8.25,1.4729109008216885,1.1419921162499402
2006,ARI,-3.935712607909664,-1.0721065065571542,2.639669253168261,39.278934934428456,-4.6875,-0.8235234593675187,19.625,24.3125,-0.24571941354126825,-1.2409303815615458,-0.26914008325029093,2.0,0.0,,,5,11,0,0.3125,NFC,West,False,False,0,False,False,3.125,2.379316977950273,1.1043834809846438
2006,ATL,-2.0593425475981566,-0.5609745335756592,2.639818310476152,44.39025466424341,-2.25,-0.39529126049640895,18.25,20.5,-0.5727259676680222,0.05372280112586061,-0.19604584682658902,1.0,0.0,,,7,9,0,0.4375,NFC,South,False,False,0,False,False,4.375,2.379316977950273,1.1043834809846438
2006,BAL,5.752181344785984,1.5669210791072348,2.5871574236997064,65.66921079107235,9.5,1.669007544318171,22.0625,12.5625,0.3339740233197956,2.7491482798357065,-0.1495760827069477,1.0,1.0,1.0,-9.0,13,3,0,0.8125,AFC,North,True,False,0,False,False,10.125,2.379316977950273,1.1043834809846438
2006,BUF,1.049661446399892,0.2859326832213051,2.639916256099874,52.85932683221305,-0.6875,-0.12078344070723608,18.75,19.4375,-0.45381449344011165,0.41452778646497385,0.5144825253648119,7.0,0.14285714285714285,,,7,9,0,0.4375,AFC,East,False,False,0,False,False,4.375,2.379316977950273,1.1043834809846438
2006,CAR,-1.622308770552557,-0.441924490385465,2.639837349276452,45.58075509614535,-2.1875,-0.38431094770484203,16.875,19.0625,-0.8997325217947761,0.5418707224670138,-0.14354613240199654,1.0,1.0,,,8,8,0,0.5,NFC,South,False,False,0,False,False,5.0,2.379316977950273,1.1043834809846438
2006,CHI,5.992561438498367,1.6324017399659403,2.49592141645704,66.3240173996594,10.75,1.8886138001495096,26.6875,15.9375,1.433905159927968,1.6030618558173468,-0.43455283646794823,1.0,0.0,3.0,5.333333333333333,13,3,0,0.8125,NFC,North,True,True,2,True,False,19.125,2.379316977950273,1.1043834809846438
2006,CIN,2.191560132264152,0.5969912215108569,2.640048804159056,55.96991221510857,2.625,0.4611731372458105,23.3125,20.6875,0.6312527088895719,-0.009948666875159372,0.17988273825228998,5.0,0.2,,,8,8,0,0.5,AFC,North,False,False,0,False,False,5.0,2.379316977950273,1.1043834809846438
2006,CLE,-4.598636442943457,-1.2526900571607211,2.639484499495724,37.47309942839279,-7.375,-1.295676909404896,14.875,22.25,-1.3753784187064182,-0.5405442335503259,0.1684854054572501,3.0,0.0,,,4,12,0,0.25,AFC,North,False,False,0,False,False,2.5,2.379316977950273,1.1043834809846438
2006,DAL,2.4697555492137275,0.6727729531359286,2.586731397729216,56.72772953135929,4.6875,0.8235234593675187,26.5625,21.875,1.4041772913709902,-0.41320129754828594,-0.19409703274727802,2.0,0.5,1.0,-1.0,9,7,0,0.5625,NFC,East,False,False,0,False,False,5.625,2.379316977950273,1.1043834809846438
2006,DEN,0.8560711046190076,0.2331977694441166,2.639773378326544,52.33197769444117,0.875,0.1537243790819368,19.9375,19.0625,-0.17139974214882417,0.5418707224670138,0.09793001618627256,5.0,0.4,,,9,7,0,0.5625,AFC,West,False,False,0,False,False,5.625,2.379316977950273,1.1043834809846438
2006,DET,-4.00233115969583,-1.090253711381974,2.6391957074462136,39.09746288618026,-5.8125,-1.0211690896157233,19.0625,24.875,-0.3794948220476676,-1.4319447855646057,0.011145899133112064,3.0,0.0,,,3,13,0,0.1875,NFC,North,False,False,0,False,False,1.875,2.379316977950273,1.1043834809846438
2006,GB,-2.4321325325569205,-0.6625242675807312,2.639307296925588,43.374757324192686,-4.0625,-0.7137203314518495,18.8125,22.875,-0.43895055916162284,-0.7527824602203925,0.03207023537319059,3.0,0.3333333333333333,,,8,8,0,0.5,NFC,North,False,False,0,False,False,5.0,2.379316977950273,1.1043834809846438
2006,HOU,-3.408825269218136,-0.92857993327573,2.6383348107857856,40.7142006672427,-6.1875,-1.0870509663651247,16.6875,22.875,-0.9443243246302426,-0.7527824602203925,0.2613137376909381,5.0,0.6,,,6,10,0,0.375,AFC,South,False,False,0,False,False,3.75,2.379316977950273,1.1043834809846438
2006,IND,5.087162034399579,1.3857667112251522,2.4510452479554714,63.85766711225152,4.1875,0.7356809570349834,26.6875,22.5,1.433905159927968,-0.6254395242183526,0.21816927074947298,3.0,0.6666666666666666,4.0,10.0,12,4,0,0.75,AFC,South,True,False,4,True,True,26.5,2.379316977950273,1.1043834809846438
2006,JAX,4.117275951473385,1.1215652098160651,2.638669927409685,61.21565209816065,6.0625,1.065090340781991,23.1875,17.125,0.6015248403325942,1.1998092251442203,0.2212852293892251,3.0,0.3333333333333333,,,8,8,0,0.5,AFC,South,False,False,0,False,False,5.0,2.379316977950273,1.1043834809846438
2006,KC,0.1329274494185938,0.0362100584111051,2.5865057843363592,50.362100584111055,1.0,0.17568500466507064,20.6875,19.6875,0.006967469193041633,0.3296324957969472,-0.012211311289654775,4.0,0.5,1.0,-15.0,9,7,0,0.5625,AFC,West,False,False,0,False,False,5.625,2.379316977950273,1.1043834809846438
2006,LAC,6.952292907480152,1.8938370770825692,2.586590501139793,68.9383707708257,11.8125,2.075279117606147,30.75,18.9375,2.400060888029741,0.5843183678010271,-0.31786748602822446,1.0,0.0,1.0,-3.0,14,2,0,0.875,AFC,West,True,True,0,False,False,11.75,2.379316977950273,1.1043834809846438
2006,LAR,-1.6976192648761153,-0.4624394209761937,2.639306572994598,45.37560579023806,-0.875,-0.1537243790819368,22.9375,23.8125,0.542069103218639,-1.0711398002254924,-0.4285091801355321,2.0,0.0,,,8,8,0,0.5,NFC,West,False,False,0,False,False,5.0,2.379316977950273,1.1043834809846438
2006,MIA,-0.0835784662226077,-0.0227671647734731,2.639550950730982,49.77232835226527,-1.4375,-0.25254719420603905,16.25,17.6875,-1.0483718645796642,1.0087948211411604,0.35875020450059847,5.0,0.4,,,6,10,0,0.375,AFC,East,False,False,0,False,False,3.75,2.379316977950273,1.1043834809846438
2006,MIN,-2.2827261830933763,-0.6218252797890661,2.6390248535996856,43.78174720210934,-2.8125,-0.49411407562051124,17.625,20.4375,-0.7213653104529103,0.07494662379286728,-0.1305683660036225,3.0,0.0,,,6,10,0,0.375,NFC,North,False,False,0,False,False,3.75,2.379316977950273,1.1043834809846438
2006,NE,6.862099588472609,1.8692679954983,2.50552909718326,68.69267995498299,9.25,1.6250862931519034,24.0625,14.8125,0.8096199202314377,1.9850906638234667,0.1521550385030106,3.0,0.6666666666666666,3.0,6.666666666666667,12,4,0,0.75,AFC,East,True,False,2,False,False,13.5,2.379316977950273,1.1043834809846438
2006,NO,2.3156061784644004,0.6307819441811817,2.5431873947893666,56.307819441811816,5.6875,0.9992084640325893,25.8125,20.125,1.2258100800291245,0.18106573712790058,-0.33025404951968773,1.0,0.0,2.0,-11.0,10,6,0,0.625,NFC,South,True,False,1,False,False,10.25,2.379316977950273,1.1043834809846438
2006,NYG,-0.0081126270589447,-0.0022099175223506,2.5979029004241503,49.97790082477649,-0.4375,-0.0768621895409684,22.1875,22.625,0.3637018918767732,-0.6678871695523658,0.11084241563928367,3.0,0.0,1.0,-3.0,8,8,0,0.5,NFC,East,False,False,0,False,False,5.0,2.379316977950273,1.1043834809846438
2006,NYJ,1.1082583659376264,0.3018947579353878,2.596924942091788,53.01894757935388,1.3125,0.23058656862290525,19.75,18.4375,-0.2159915449842906,0.7541089491370804,0.10192782957722943,5.0,0.2,1.0,-21.0,10,6,0,0.625,AFC,East,False,False,0,False,False,6.25,2.379316977950273,1.1043834809846438
2006,OAK,-6.811567321471997,-1.8555027698226283,2.6389813697765168,31.44497230177372,-10.25,-1.8007712978169743,10.5,20.75,-2.4158538182006355,-0.031172489542166032,0.11641009096562852,3.0,0.0,,,2,14,0,0.125,AFC,West,False,False,0,False,False,1.25,2.379316977950273,1.1043834809846438
2006,PHI,2.4642188956178965,0.6712647428228294,2.5529641304205706,56.71264742822829,4.375,0.7686218954096841,24.875,20.5,1.0028510658517924,0.05372280112586061,-0.1791471494316342,2.0,0.0,2.0,0.0,10,6,0,0.625,NFC,East,True,False,1,False,False,10.25,2.379316977950273,1.1043834809846438
2006,PIT,1.1579510157368027,0.3154312679617281,2.6395250990896733,53.15431267961728,2.375,0.4172518860795428,22.0625,19.6875,0.3339740233197956,0.3296324957969472,0.08031294109087732,4.0,0.0,,,8,8,0,0.5,AFC,North,False,False,0,False,False,5.0,2.379316977950273,1.1043834809846438
2006,SEA,-0.9753743280810414,-0.2656965250366399,2.542249339644458,47.3430347496336,-0.375,-0.06588187674940149,20.9375,21.3125,0.0664232063069969,-0.22218689354522597,-0.47530813512292625,2.0,0.0,2.0,-1.0,9,7,0,0.5625,NFC,West,True,False,1,False,False,9.625,2.379316977950273,1.1043834809846438
2006,SF,-4.638886048968632,-1.2636542379342943,2.6394033442660705,37.36345762065706,-7.125,-1.2517556582386284,18.625,25.75,-0.4835423619970893,-1.7290783029026988,-0.17080610011291456,2.0,0.0,,,7,9,0,0.4375,NFC,West,False,False,0,False,False,4.375,2.379316977950273,1.1043834809846438
2006,TB,-5.770314112752948,-1.5718605298385162,2.640308559217025,34.28139470161484,-8.875,-1.559204416402502,13.1875,22.0625,-1.7767046442256162,-0.4768727655493059,0.1508814922605449,2.0,0.0,,,4,12,0,0.25,NFC,South,False,False,0,False,False,2.5,2.379316977950273,1.1043834809846438
2006,TEN,-1.330298017529558,-0.3623793966529,2.63883571846821,46.376206033471,-4.75,-0.8345037721590856,20.25,25.0,-0.09708007075638007,-1.474392430898619,0.6010981070614064,7.0,0.2857142857142857,,,8,8,0,0.5,AFC,South,False,False,0,False,False,5.0,2.379316977950273,1.1043834809846438
2006,WSH,-2.8518177022525406,-0.7768484690562032,2.639245884095107,42.23151530943797,-4.3125,-0.7576415826181172,19.1875,23.5,-0.34976695349069,-0.9650206868904591,0.05448661485010524,2.0,0.5,,,5,11,0,0.3125,NFC,East,False,False,0,False,False,3.125,2.379316977950273,1.1043834809846438
2007,ARI,-2.364581186867946,-0.4286309101965506,2.898042419899354,45.71369089803449,0.3125,0.04367405653582261,25.25,24.9375,0.7242841410862959,-0.9719520051238176,-0.5582081252859764,,,,,8,8,0,0.5,NFC,West,False,False,0,False,False,5.0,0.7598976753697985,1.2245356267981287
2007,ATL,-8.147988495859547,-1.4769971716967507,2.897253789012309,35.230028283032496,-9.6875,-1.3538957526105009,16.1875,25.875,-1.1181930599227026,-1.2523227758326112,-0.07925240208992237,1.0,0.0,,,4,12,0,0.25,NFC,South,False,False,0,False,False,2.5,0.7598976753697985,1.2245356267981287
2007,BAL,-5.464642735419715,-0.990583365286976,2.897656574471992,40.09416634713024,-6.8125,-0.952094432480933,17.1875,24.0,-0.9148852308458475,-0.6915812344150241,0.015612762582496609,3.0,0.0,,,5,11,0,0.3125,AFC,North,False,False,0,False,False,3.125,0.7598976753697985,1.2245356267981287
2007,BUF,-3.0754066680076653,-0.5574832307106081,2.897132129674693,44.42516769289392,-6.375,-0.8909507533307812,15.75,22.125,-1.2071402351438265,-0.13083969299743697,0.2506142750345011,3.0,0.0,,,7,9,0,0.4375,AFC,East,False,False,0,False,False,4.375,0.7598976753697985,1.2245356267981287
2007,CAR,-4.412039013820221,-0.7997764292548553,2.8970602215694705,42.00223570745145,-5.0,-0.6987849045731618,16.6875,21.6875,-1.016539145384275,0.0,-0.08462626069677766,3.0,0.0,,,7,9,0,0.4375,NFC,South,False,False,0,False,False,4.375,0.7598976753697985,1.2245356267981287
2007,CHI,0.7864767304954218,0.1425657273739812,2.897948954959451,51.425657273739816,-0.875,-0.12228735830030331,20.875,21.75,-0.1651876111249447,-0.018691384713919568,0.32920346326550837,4.0,0.5,,,7,9,0,0.4375,NFC,North,False,False,0,False,False,4.375,0.7598976753697985,1.2245356267981287
2007,CIN,-1.6840450144974013,-0.3052691746787108,2.897408764941116,46.947308253212896,-0.3125,-0.04367405653582261,23.75,24.0625,0.41932239747101346,-0.7102726191289437,-0.29730158107938526,1.0,0.0,,,7,9,0,0.4375,AFC,North,False,False,0,False,False,4.375,0.7598976753697985,1.2245356267981287
2007,CLE,-0.4822096278539809,-0.0874108078168238,2.897525435497004,49.12589192183176,1.25,0.17469622614329045,25.125,23.875,0.698870662451689,-0.6541984649871849,-0.3311830748294119,1.0,0.0,,,10,6,0,0.625,AFC,North,False,False,0,False,False,6.25,0.7598976753697985,1.2245356267981287
2007,DAL,6.914271771726778,1.253359630585219,2.846239952095688,62.53359630585219,8.125,1.135525469931388,28.4375,20.3125,1.3723278462687714,0.41121046370623054,0.1674932065073945,2.0,0.5,1.0,-4.0,13,3,0,0.8125,NFC,East,True,False,0,False,False,10.125,0.7598976753697985,1.2245356267981287
2007,DEN,-2.916816273194531,-0.5287353299598523,2.8977142687584427,44.71264670040148,-5.5625,-0.7773982063376425,20.0,25.5625,-0.34308196156719284,-1.1588658522630133,0.22836606975430968,4.0,0.0,,,7,9,0,0.4375,AFC,West,False,False,0,False,False,4.375,0.7598976753697985,1.2245356267981287
2007,DET,-2.647752157630606,-0.4799617046786004,2.8972268584897014,45.200382953214,-6.125,-0.8560115081021231,21.625,27.75,-0.012706739317303439,-1.8130643172501981,0.3773632055960741,4.0,0.0,,,7,9,0,0.4375,NFC,North,False,False,0,False,False,4.375,0.7598976753697985,1.2245356267981287
2007,GB,7.370115812291432,1.335991111838653,2.779934724002148,63.35991111838653,9.0,1.2578128282316912,27.1875,18.1875,1.1181930599227026,1.0467175439794958,0.002735805865467865,2.0,0.5,2.0,9.5,13,3,0,0.8125,NFC,North,True,True,1,False,False,13.125,0.7598976753697985,1.2245356267981287
2007,HOU,-0.0907664933792126,-0.0164533681011026,2.89662074009598,49.83546631898897,-0.3125,-0.04367405653582261,23.6875,24.0,0.40661565815371004,-0.6915812344150241,0.036959571461985405,3.0,0.0,,,8,8,0,0.5,AFC,South,False,False,0,False,False,5.0,0.7598976753697985,1.2245356267981287
2007,IND,9.239984556964952,1.6749448117279406,2.8420385952391185,66.7494481172794,11.75,1.6421445257469303,28.125,16.375,1.3087941496822542,1.5887677006831633,0.010958977030677462,2.0,0.0,1.0,-4.0,13,3,0,0.8125,AFC,South,True,False,0,False,False,10.125,0.7598976753697985,1.2245356267981287
2007,JAX,5.220573085583436,0.9463405214625912,2.777095794512132,59.46340521462591,6.6875,0.9346248098666039,25.6875,19.0,0.8132313163074201,0.8037295426985415,0.022502960354204116,3.0,0.3333333333333333,2.0,-4.5,11,5,0,0.6875,AFC,South,False,False,1,False,False,8.875,0.7598976753697985,1.2245356267981287
2007,KC,-4.504610526505645,-0.8165569957082248,2.897465483118853,41.83443004291775,-6.8125,-0.952094432480933,14.125,20.9375,-1.537515457393716,0.22429661656703484,0.189860487204418,4.0,0.25,,,4,12,0,0.25,AFC,West,False,False,0,False,False,2.5,0.7598976753697985,1.2245356267981287
2007,LAC,6.726043583348935,1.2192392459026744,2.738037488383976,62.19239245902674,8.0,1.1180558473170588,25.75,17.75,0.8259380556247234,1.177557236976933,0.08940080073113588,3.0,0.3333333333333333,3.0,2.0,11,5,0,0.6875,AFC,West,True,False,2,False,False,12.875,0.7598976753697985,1.2245356267981287
2007,LAR,-10.118131796729958,-1.8341277794168749,2.897947786082171,31.65872220583125,-10.9375,-1.5285919787537914,16.4375,27.375,-1.0673661026534889,-1.7009160089666808,-0.22335045687602045,2.0,0.0,,,3,13,0,0.1875,NFC,West,False,False,0,False,False,1.875,0.7598976753697985,1.2245356267981287
2007,MIA,-7.493958913179056,-1.3584403224429786,2.8963652233994006,36.415596775570215,-10.625,-1.4849179222179687,16.6875,27.3125,-1.016539145384275,-1.6822246242527612,0.2716208229059002,3.0,0.0,,,1,15,0,0.0625,AFC,East,False,False,0,False,False,0.625,0.7598976753697985,1.2245356267981287
2007,MIN,3.229392327940785,0.5853964247852749,2.896887007237394,55.85396424785275,3.375,0.4716798105868842,22.8125,19.4375,0.22872130771146187,0.6728898497011045,0.06602257777212804,4.0,0.25,,,8,8,0,0.5,NFC,North,False,False,0,False,False,5.0,0.7598976753697985,1.2245356267981287
2007,NE,13.855022199059412,2.511519083784333,2.7265916883667005,75.11519083784333,19.6875,2.7514655617568247,36.8125,17.125,3.075030914787432,1.3644710841161285,0.021775164855625743,3.0,1.0,3.0,5.666666666666667,16,0,0,1.0,AFC,East,True,True,2,True,False,24.0,0.7598976753697985,1.2245356267981287
2007,NO,-1.5288027282210088,-0.2771281902045077,2.896833748430888,47.228718097954925,-0.5625,-0.0786133017644807,23.6875,24.25,0.40661565815371004,-0.7663467732707023,-0.2636287006931715,1.0,0.0,,,7,9,0,0.4375,NFC,South,False,False,0,False,False,4.375,0.7598976753697985,1.2245356267981287
2007,NYG,4.057422325343652,0.735494570464491,2.6907647256152383,57.35494570464491,1.375,0.1921658487576195,23.3125,21.9375,0.3303752222498894,-0.07476553885567827,0.20168877504747346,4.0,0.0,4.0,5.0,10,6,0,0.625,NFC,East,False,False,4,True,True,22.25,0.7598976753697985,1.2245356267981287
2007,NYJ,-3.519764585300381,-0.6380326064732164,2.896116052377203,43.61967393526783,-5.4375,-0.7599285837233134,16.75,22.1875,-1.0038324060669717,-0.14953107771135654,0.1882190563019707,3.0,0.0,,,4,12,0,0.25,AFC,East,False,False,0,False,False,2.5,0.7598976753697985,1.2245356267981287
2007,OAK,-4.588428841712633,-0.8317508579185137,2.8974396362214763,41.68249142081486,-7.1875,-1.00450330032392,17.6875,24.875,-0.8132313163074201,-0.953260620409898,0.16035038566146192,4.0,0.0,,,4,12,0,0.25,AFC,West,False,False,0,False,False,2.5,0.7598976753697985,1.2245356267981287
2007,PHI,3.464653001179314,0.6280424532082844,2.897170180211146,56.28042453208285,2.25,0.3144532070579228,21.0,18.75,-0.13977413249033782,0.8784950815542197,0.4229473380214679,4.0,0.25,,,8,8,0,0.5,NFC,East,False,False,0,False,False,5.0,0.7598976753697985,1.2245356267981287
2007,PIT,4.445898039879984,0.8059141018536927,2.838062412192683,58.05914101853693,7.75,1.0831166020884007,24.5625,16.8125,0.5845100085959581,1.4579280076857264,-0.36373559994307925,1.0,0.0,1.0,-2.0,10,6,0,0.625,AFC,North,True,False,0,False,False,8.25,0.7598976753697985,1.2245356267981287
2007,SEA,2.6471675442695326,0.4798557310040823,2.772180274138289,54.79855731004082,6.375,0.8909507533307812,24.5625,18.1875,0.5845100085959581,1.0467175439794958,-0.6262698057937405,,,2.0,-0.5,10,6,0,0.625,NFC,West,True,False,1,False,False,10.25,0.7598976753697985,1.2245356267981287
2007,SF,-9.07759405660083,-1.6455080605751726,2.897436667045632,33.544919394248275,-9.0625,-1.2665476395388557,13.6875,22.75,-1.6264626326148401,-0.31775354013663265,-0.3262066559296149,,,,,5,11,0,0.3125,NFC,West,False,False,0,False,False,3.125,0.7598976753697985,1.2245356267981287
2007,TB,0.8653294224911731,0.1568594641800141,2.8316777330698546,51.56859464180014,4.0,0.5590279236585294,20.875,16.875,-0.1651876111249447,1.4392366229718068,-0.36337630713355173,1.0,0.0,1.0,-10.0,9,7,0,0.5625,NFC,South,True,False,0,False,False,7.625,0.7598976753697985,1.2245356267981287
2007,TEN,0.4123096171718691,0.0747399359652606,2.8408754069432454,50.74739935965261,0.25,0.034939245228658086,18.8125,18.5625,-0.5845100085959581,0.9345692356959785,0.05696974277293221,3.0,0.3333333333333333,1.0,-11.0,10,6,0,0.625,AFC,South,False,False,0,False,False,6.25,0.7598976753697985,1.2245356267981287
2007,WSH,2.8828790970336176,0.5225834909838264,2.8324009765199496,55.22583490983826,1.5,0.20963547137194855,20.875,19.375,-0.1651876111249447,0.6915812344150241,0.4064735216235182,4.0,0.25,1.0,-21.0,9,7,0,0.5625,NFC,East,False,False,0,False,False,5.625,0.7598976753697985,1.2245356267981287
2008,ARI,1.6579443289912164,0.3732369784603971,2.608369715994089,53.73236978460397,0.0625,0.009476358509122514,26.6875,26.625,1.1316997660304253,-1.1439099661910332,-0.2231094896141012,2.0,0.0,4.0,7.25,9,7,0,0.5625,NFC,West,True,False,3,True,False,17.625,-0.060826883645684116,1.1871281487540903
2008,ATL,2.511168161414758,0.565315011236038,2.755486203659347,55.65315011236038,4.125,0.625439661602086,24.4375,20.3125,0.5850674262119557,0.42732548248275315,-0.10488542315802316,1.0,0.0,1.0,-6.0,11,5,0,0.6875,NFC,South,False,False,0,False,False,6.875,-0.060826883645684116,1.1871281487540903
2008,BAL,7.121387105546596,1.6031690324236003,2.668952471529684,66.03169032423601,8.8125,1.3361665497862745,24.0625,15.25,0.49396203624221074,1.6874251987458888,0.08619012436634998,5.0,0.2,3.0,4.0,11,5,0,0.6875,AFC,North,False,False,2,False,False,10.875,-0.060826883645684116,1.1871281487540903
2008,BUF,-1.479827100586994,-0.3331391687940239,2.8145876967997308,46.66860831205976,-0.375,-0.05685815105473509,21.0,21.375,-0.2500653151773728,0.1628601099337,-0.3933291578088893,,,,,7,9,0,0.4375,AFC,East,False,False,0,False,False,4.375,-0.060826883645684116,1.1871281487540903
2008,CAR,2.7210288644213687,0.612558922456761,2.759223912446324,56.12558922456761,5.3125,0.8054904732754137,25.875,20.5625,0.9343047544293113,0.365098336000623,0.03735008491132694,1.0,0.0,1.0,-20.0,12,4,0,0.75,NFC,South,True,False,0,False,False,9.5,-0.060826883645684116,1.1871281487540903
2008,CHI,1.403201088281727,0.315889095432581,2.8151547182949663,53.15889095432581,1.5625,0.23690896272806286,23.4375,21.875,0.3421197196259692,0.038405816969439704,-0.012481385230418434,2.0,0.5,,,9,7,0,0.5625,NFC,North,False,False,0,False,False,5.625,-0.060826883645684116,1.1871281487540903
2008,CIN,-5.634666583545229,-1.2684780143093282,2.8131823840078205,37.31521985690672,-10.0,-1.5162173614596022,12.75,22.75,-2.2543838945117614,-0.17938919571801584,0.43728493605343566,7.0,0.07142857142857142,,,4,11,1,0.28125,AFC,North,False,False,0,False,False,2.8125,-0.060826883645684116,1.1871281487540903
2008,CLE,-4.01382098221033,-0.9035927137509232,2.813167213034214,40.96407286249077,-7.375,-1.1182103040764566,14.5,21.875,-1.8292254079862849,0.038405816969439704,0.406100053094995,7.0,0.14285714285714285,,,4,12,0,0.25,AFC,North,False,False,0,False,False,2.5,-0.060826883645684116,1.1871281487540903
2008,DAL,0.9299595629670492,0.2093528059433483,2.814316283733984,52.09352805943348,-0.1875,-0.028429075527367544,22.625,22.8125,0.1447247080248552,-0.19494598233854837,0.18230630010601756,6.0,0.3333333333333333,,,9,7,0,0.5625,NFC,East,False,False,0,False,False,5.625,-0.060826883645684116,1.1871281487540903
2008,DEN,-3.826096413005669,-0.8613320963299755,2.814233583296765,41.38667903670024,-4.875,-0.7391559637115561,23.125,28.0,0.26619856131784847,-1.486159271842749,-0.1844384468399988,,,,,8,8,0,0.5,AFC,West,False,False,0,False,False,5.0,-0.060826883645684116,1.1871281487540903
2008,DET,-9.870128761443224,-2.221966667709291,2.814873136026808,27.78033332290709,-15.5625,-2.359613268771506,16.75,32.3125,-1.2825930681678153,-2.5595775486594943,0.2980808783492298,1.0,0.0,,,0,16,0,0.0,NFC,North,False,False,0,False,False,0.0,-0.060826883645684116,1.1871281487540903
2008,GB,1.4913322876329624,0.335729220326256,2.814873175018884,53.35729220326256,2.4375,0.36957798185577806,26.1875,23.75,1.010225912737432,-0.4282977816465365,-0.014010670245527473,1.0,0.0,,,6,10,0,0.375,NFC,North,False,False,0,False,False,3.75,-0.060826883645684116,1.1871281487540903
2008,HOU,-0.9910515434688036,-0.2231058529015111,2.814829673840349,47.768941470984885,-1.75,-0.2653380382554304,22.875,24.625,0.20546163467135184,-0.646092794333992,0.10878775169639847,4.0,0.25,,,8,8,0,0.5,AFC,South,False,False,0,False,False,5.0,-0.060826883645684116,1.1871281487540903
2008,IND,3.78911303638811,0.8530063862921727,2.7598842175786973,58.53006386292173,4.9375,0.7486323222206787,23.5625,18.625,0.37248818294921754,0.8473587212371317,0.14638923450842875,4.0,0.75,1.0,-6.0,12,4,0,0.75,AFC,South,False,False,0,False,False,7.5,-0.060826883645684116,1.1871281487540903
2008,JAX,-2.505680477373033,-0.5640796219804016,2.814579439966169,44.35920378019598,-4.0625,-0.6159633030929634,18.875,22.9375,-0.7663291916725941,-0.22605955557961346,0.15797418328808935,4.0,0.0,,,5,11,0,0.3125,AFC,South,False,False,0,False,False,3.125,-0.060826883645684116,1.1871281487540903
2008,KC,-6.700236562669604,-1.5083594822163229,2.8141547785115417,34.91640517783677,-9.3125,-1.4119774178592546,18.1875,27.5,-0.9333557399504597,-1.3617049788784887,-0.011088555176983997,1.0,0.0,,,2,14,0,0.125,AFC,West,False,False,0,False,False,1.25,-0.060826883645684116,1.1871281487540903
2008,LAC,3.5019120401586057,0.7883516025523962,2.707296340083283,57.88351602552396,5.75,0.8718249828392713,27.4375,21.6875,1.3139105459699152,0.08507617683103733,-0.1469749434361475,1.0,0.0,2.0,-2.5,8,8,0,0.5,AFC,West,True,False,1,False,False,9.0,-0.060826883645684116,1.1871281487540903
2008,LAR,-9.52266692092674,-2.1437459426723,2.8139830706475686,28.562540573277,-14.5625,-2.2079915326255457,14.5,29.0625,-1.8292254079862849,-1.7506246443918023,0.07938469319639867,2.0,0.0,,,2,14,0,0.125,NFC,West,False,False,0,False,False,1.25,-0.060826883645684116,1.1871281487540903
2008,MIA,-0.2264568058922294,-0.0509800314190501,2.7596444344092834,49.4901996858095,1.75,0.2653380382554304,21.5625,19.8125,-0.1134072302227554,0.5517797754470135,-0.25061558027742264,1.0,0.0,1.0,-18.0,11,5,0,0.6875,AFC,East,False,False,0,False,False,6.875,-0.060826883645684116,1.1871281487540903
2008,MIN,2.055363442986509,0.4627041015092537,2.756107493044723,54.62704101509254,2.875,0.4359124914196357,23.6875,20.8125,0.4028566462724658,0.30287118951849284,0.11730773598193797,2.0,0.5,1.0,-12.0,10,6,0,0.625,NFC,North,True,False,0,False,False,8.25,-0.060826883645684116,1.1871281487540903
2008,NE,2.958373245381248,0.6659899683941835,2.8150135920839285,56.65989968394183,6.3125,0.9571122094213739,25.625,19.3125,0.8735678277828146,0.6762340684112738,-0.2745463341932674,1.0,0.0,,,11,5,0,0.6875,AFC,East,True,False,0,False,False,8.875,-0.060826883645684116,1.1871281487540903
2008,NO,2.5273311889616874,0.5689536373701608,2.814319960828062,55.68953637370161,4.375,0.663345095638576,28.9375,24.5625,1.6783321058488947,-0.6305360077134594,-0.11200995823787424,,,,,8,8,0,0.5,NFC,South,False,False,0,False,False,5.0,-0.060826883645684116,1.1871281487540903
2008,NYG,5.3723880345337145,1.2094337801717454,2.768111111986733,62.09433780171746,8.3125,1.2603556817132944,26.6875,18.375,1.1316997660304253,0.9095858677192619,0.08214503698663983,4.0,0.75,1.0,-12.0,12,4,0,0.75,NFC,East,True,True,0,False,False,10.5,-0.060826883645684116,1.1871281487540903
2008,NYJ,0.3690281656084489,0.0830757433105646,2.814446491695582,50.830757433105646,3.0625,0.4643415669470032,25.3125,22.25,0.7976466694746939,-0.05493490275375553,-0.35288455339474145,1.0,1.0,,,9,7,0,0.5625,AFC,East,False,False,0,False,False,5.625,-0.060826883645684116,1.1871281487540903
2008,OAK,-5.546041033460591,-1.2485266010142222,2.8143082231650416,37.514733989857774,-7.8125,-1.1845448136403143,16.4375,24.25,-1.358514226475936,-0.5527520746107968,0.04194433594887041,1.0,0.0,,,5,11,0,0.3125,AFC,West,False,False,0,False,False,3.125,-0.060826883645684116,1.1871281487540903
2008,PHI,6.024159325072588,1.356160749753395,2.667332397977741,63.56160749753395,7.9375,1.2034975306585594,26.0,18.0625,0.9646732177525595,0.9873698008219246,0.051675483457846394,4.0,0.5,3.0,5.666666666666667,9,6,1,0.59375,NFC,East,False,False,2,False,False,9.9375,-0.060826883645684116,1.1871281487540903
2008,PIT,7.010049751197616,1.5781047302028666,2.6616193707247304,65.78104730202867,7.75,1.1750684551311918,21.6875,13.9375,-0.0830387668995071,2.014117717777072,0.26143867485518246,5.0,0.4,3.0,8.0,12,4,0,0.75,AFC,North,True,False,3,True,True,23.5,-0.060826883645684116,1.1871281487540903
2008,SEA,-4.360895787622815,-0.9817263093166476,2.813560926743468,40.182736906833526,-6.125,-0.9286831338940064,18.375,24.5,-0.8878030449655873,-0.6149792210929269,-0.07858793730114252,2.0,0.0,,,4,12,0,0.25,NFC,West,False,False,0,False,False,2.5,-0.060826883645684116,1.1871281487540903
2008,SF,-2.8414301471427112,-0.6396636992456248,2.8135605549986256,43.60336300754375,-2.625,-0.39800705738314557,21.1875,23.8125,-0.20451262019250033,-0.443854568267069,-0.26701415829492003,2.0,0.0,,,7,9,0,0.4375,NFC,West,False,False,0,False,False,4.375,-0.060826883645684116,1.1871281487540903
2008,TB,1.5189745920846465,0.3419520650930079,2.8141384158568807,53.41952065093008,2.375,0.3601016233466555,22.5625,20.1875,0.12954047636323107,0.45843905572381827,-0.07601432429354404,,,,,9,7,0,0.5625,NFC,South,False,False,0,False,False,5.625,-0.060826883645684116,1.1871281487540903
2008,TEN,5.687399088766379,1.2803491734135453,2.762032240173795,62.80349173413545,8.8125,1.3361665497862745,23.4375,14.625,0.3421197196259692,1.8429930649512143,-0.08700519574751395,2.0,1.0,1.0,-3.0,13,3,0,0.8125,AFC,South,True,True,0,False,False,11.125,-0.060826883645684116,1.1871281487540903
2008,WSH,-1.1311141910472686,-0.2546368026826522,2.8143207278516367,47.45363197317348,-1.9375,-0.29376711378279796,16.5625,18.5,-1.3281457631526878,0.8784722944781967,0.09463660644936794,6.0,0.3333333333333333,,,8,8,0,0.5,NFC,East,False,False,0,False,False,5.0,-0.060826883645684116,1.1871281487540903
2009,ARI,0.6160517437376569,0.1222438795425029,2.844837525195876,51.22243879542503,3.125,0.42578835178350904,23.4375,20.3125,0.3974181215989934,0.32145406055442916,-0.3550631925162644,3.0,0.3333333333333333,2.0,-12.5,10,6,0,0.625,NFC,West,True,False,1,False,False,10.25,0.2895624167046234,1.251970394052026
2009,ATL,2.546498063636783,0.5053046366816158,2.958176650624673,55.05304636681616,2.375,0.32359914735546685,22.6875,20.3125,0.24617078889927738,0.32145406055442916,0.2698403911866861,3.0,0.0,,,9,7,0,0.5625,NFC,South,False,False,0,False,False,5.625,0.2895624167046234,1.251970394052026
2009,BAL,5.355185199225184,1.062635762460653,2.8439894864710724,60.62635762460653,8.125,1.1070497146371234,24.4375,16.3125,0.5990812318652814,1.4353930047430434,-0.06270213205719731,4.0,0.0,2.0,1.0,9,7,0,0.5625,AFC,North,False,False,1,False,False,7.625,0.2895624167046234,1.251970394052026
2009,BUF,-2.434230388019621,-0.4830272284051692,2.9584895607481694,45.16972771594831,-4.25,-0.5790721584255724,16.125,20.375,-1.0772433722232377,0.3040487645514821,0.21787794722598275,4.0,0.25,,,6,10,0,0.375,AFC,East,False,False,0,False,False,3.75,0.2895624167046234,1.251970394052026
2009,CAR,1.6955552850356068,0.3364510499783813,2.959339600279878,53.36451049978381,0.4375,0.059610369249691264,19.6875,19.25,-0.35881854189958673,0.6173440926045298,0.3984525281353986,4.0,0.5,,,8,8,0,0.5,NFC,South,False,False,0,False,False,5.0,0.2895624167046234,1.251970394052026
2009,CHI,-2.0626605379509093,-0.4092961815326382,2.9590788696229144,45.90703818467362,-3.0,-0.4087568177121687,20.4375,23.4375,-0.20757120919987068,-0.5488107395929256,-0.02150299953130974,5.0,0.2,,,7,9,0,0.4375,NFC,North,False,False,0,False,False,4.375,0.2895624167046234,1.251970394052026
2009,CIN,0.4643174197240929,0.0921350573279258,2.8991468279366632,50.921350573279256,0.875,0.11922073849938253,19.0625,18.1875,-0.48485798581601675,0.9132341246546305,0.01581380829719442,4.0,0.75,1.0,-10.0,10,6,0,0.625,AFC,North,True,False,0,False,False,8.25,0.2895624167046234,1.251970394052026
2009,CLE,-6.086230607817462,-1.2076979715631906,2.9583376427969537,37.92302028436809,-8.125,-1.1070497146371234,15.3125,23.4375,-1.241094649314597,-0.5488107395929256,0.011242846047919128,4.0,0.0,,,5,11,0,0.3125,AFC,North,False,False,0,False,False,3.125,0.2895624167046234,1.251970394052026
2009,DAL,4.923980445563954,0.977071290806198,2.851133980214526,59.77071290806198,6.9375,0.9452501409593901,22.5625,15.625,0.22096290011599137,1.6268512607754615,-0.024115348415025613,2.0,0.5,2.0,-5.5,11,5,0,0.6875,NFC,East,True,False,1,False,False,10.875,0.2895624167046234,1.251970394052026
2009,DEN,-0.039998652078854,-0.0079369800610001,2.9611146051776083,49.92063019939,0.125,0.01703153407134036,20.375,20.25,-0.22017515359151368,0.33885935655737626,-0.010277310305396144,3.0,0.3333333333333333,,,8,8,0,0.5,AFC,West,False,False,0,False,False,5.0,0.2895624167046234,1.251970394052026
2009,DET,-9.757966462079356,-1.9362848801190755,2.959849408735704,30.63715119880925,-14.5,-1.975657952275482,16.375,30.875,-1.0268275946566658,-2.62004096394363,0.1591933717339948,6.0,0.0,,,2,14,0,0.125,NFC,North,False,False,0,False,False,1.25,0.2895624167046234,1.251970394052026
2009,GB,5.827950968396495,1.1564472358082676,2.9036424702114183,61.56447235808268,10.25,1.3965857938499098,28.8125,18.5625,1.4813573392802917,0.8088023486369479,-0.300411377632902,3.0,0.3333333333333333,1.0,-6.0,11,5,0,0.6875,NFC,North,False,False,0,False,False,6.875,0.2895624167046234,1.251970394052026
2009,HOU,1.922478526029152,0.381479698333644,2.9594525442830752,53.81479698333644,3.4375,0.46836718696185997,24.25,20.8125,0.5612693986903524,0.18221169253085243,-0.18814285484893647,3.0,0.3333333333333333,,,9,7,0,0.5625,AFC,South,False,False,0,False,False,5.625,0.2895624167046234,1.251970394052026
2009,IND,5.158914893326886,1.0236896124401458,2.791886257374544,60.236896124401454,6.8125,0.9282186068880497,26.0,19.1875,0.9141798416563565,0.6347493886074769,-0.11689519421594594,2.0,1.0,3.0,5.333333333333333,14,2,0,0.875,AFC,South,True,True,2,True,False,19.75,0.2895624167046234,1.251970394052026
2009,JAX,-4.12681296039037,-0.818888399477093,2.959217465990827,41.81111600522907,-5.625,-0.7664190332103162,18.125,23.75,-0.6739171516906618,-0.6358372196076612,-0.1053990723084645,3.0,0.0,,,7,9,0,0.4375,AFC,South,False,False,0,False,False,4.375,0.2895624167046234,1.251970394052026
2009,KC,-6.243077664275126,-1.2388213193519308,2.9607514452958617,37.61178680648069,-8.125,-1.1070497146371234,18.375,26.5,-0.6235013741240898,-1.4016702437373334,-0.0662635065418938,1.0,0.0,,,4,12,0,0.25,AFC,West,False,False,0,False,False,2.5,0.2895624167046234,1.251970394052026
2009,LAC,4.951322599479837,0.9824968268974474,2.897145321857242,59.82496826897447,8.375,1.1411127827798042,28.375,20.0,1.3931297285387905,0.40848054056916466,-0.276276977629207,1.0,0.0,1.0,-3.0,13,3,0,0.8125,AFC,West,True,False,0,False,False,10.125,0.2895624167046234,1.251970394052026
2009,LAR,-11.325159733312246,-2.2472649031705134,2.961339830568266,27.527350968294865,-16.3125,-2.2226151963099174,10.9375,27.25,-2.123370756729607,-1.6105337957726984,-0.007846450542516224,4.0,0.0,,,1,15,0,0.0625,NFC,West,False,False,0,False,False,0.625,0.2895624167046234,1.251970394052026
2009,MIA,0.0731242563859296,0.014510133085644,2.95901596431706,50.14510133085644,-1.875,-0.25547301107010545,22.5,24.375,0.20835895572434837,-0.8098901796371321,0.39084712798031723,4.0,0.25,,,7,9,0,0.4375,AFC,East,False,False,0,False,False,4.375,0.2895624167046234,1.251970394052026
2009,MIN,7.157859178503747,1.420342502223045,2.83592589715424,64.20342502223045,9.875,1.3454911916358885,29.375,19.5,1.5947928388050785,0.5477229085927414,-0.3114131951933914,3.0,1.0,2.0,14.0,12,4,0,0.75,NFC,North,True,False,1,False,False,12.5,0.2895624167046234,1.251970394052026
2009,NE,5.2005059641431055,1.0319425780434162,2.900328948051899,60.31942578043416,8.875,1.2092389190651658,26.6875,17.8125,1.0528232299644296,1.017665900672313,0.24733285100208297,3.0,0.3333333333333333,1.0,-19.0,10,6,0,0.625,AFC,East,True,False,0,False,False,8.25,0.2895624167046234,1.251970394052026
2009,NO,8.797032693104837,1.7456056504976287,2.780508085934651,67.45605650497629,10.5625,1.4391646290282605,31.875,21.3125,2.0989506144707986,0.04296932450727564,-0.13557530724545336,1.0,1.0,3.0,16.0,13,3,0,0.8125,NFC,South,True,True,3,True,True,26.125,0.2895624167046234,1.251970394052026
2009,NYG,-0.4354495958570004,-0.0864067807353587,2.961613451373696,49.135932192646415,-1.5625,-0.21289417589175452,25.125,26.6875,0.7377246201733545,-1.4538861317461746,0.21056564515071372,2.0,0.0,,,8,8,0,0.5,NFC,East,False,False,0,False,False,5.0,0.2895624167046234,1.251970394052026
2009,NYJ,4.986142229991052,0.9894061275547312,2.791756760122561,59.89406127554732,7.0,0.9537659079950602,21.75,14.75,0.05711162302463235,1.8705254048167208,0.10112600741686534,4.0,0.5,3.0,0.0,9,7,0,0.5625,AFC,East,False,False,2,False,False,9.625,0.2895624167046234,1.251970394052026
2009,OAK,-7.366879602202051,-1.461818673269125,2.961419812539185,35.38181326730875,-11.375,-1.549869600491973,12.3125,23.6875,-1.846083980113461,-0.618431923604714,0.12866125355842029,1.0,0.0,,,5,11,0,0.3125,AFC,West,False,False,0,False,False,3.125,0.2895624167046234,1.251970394052026
2009,PHI,3.6487479713971873,0.724025395643347,2.9110162575964407,57.24025395643347,5.75,0.7834505672816566,26.8125,21.0625,1.0780311187477156,0.11259050851906403,0.0017561844925673073,1.0,0.0,1.0,-20.0,11,5,0,0.6875,NFC,East,False,False,0,False,False,6.875,0.2895624167046234,1.251970394052026
2009,PIT,1.6810134543627004,0.3335654972384101,2.9583067499332625,53.3356549723841,2.75,0.374693749569488,23.0,20.25,0.3091905108574924,0.33885935655737626,-0.11376379035842184,4.0,0.75,,,9,7,0,0.5625,AFC,North,False,False,0,False,False,5.625,0.2895624167046234,1.251970394052026
2009,SEA,-6.258091879961462,-1.2418006080114354,2.960568312105152,37.58199391988565,-6.875,-0.9367343739237199,17.5,24.375,-0.7999565956070918,-0.8098901796371321,-0.20654272231337986,3.0,0.0,,,5,11,0,0.3125,NFC,West,False,False,0,False,False,3.125,0.2895624167046234,1.251970394052026
2009,SF,1.1681406917538568,0.2317955455252549,2.960298504092946,52.31795545525255,3.0625,0.41727258474783885,20.625,17.5625,-0.16975937602494168,1.0872870846841014,-0.3075517905714871,3.0,0.0,,,8,8,0,0.5,NFC,West,False,False,0,False,False,5.0,0.2895624167046234,1.251970394052026
2009,TB,-5.436587276718597,-1.0787884734248998,2.95830838225522,39.212115265751,-9.75,-1.3284596575645482,15.25,25.0,-1.25369859370624,-0.9839431396666031,0.47361123393776405,4.0,0.5,,,3,13,0,0.1875,NFC,South,False,False,0,False,False,1.875,0.2895624167046234,1.251970394052026
2009,TEN,-1.1792753342474331,-0.2340050058661605,2.9594975801686862,47.6599499413384,-3.0,-0.4087568177121687,22.125,25.125,0.13273528937449036,-1.0187537316724973,0.05665185443085513,3.0,0.0,,,8,8,0,0.5,AFC,South,False,False,0,False,False,5.0,0.2895624167046234,1.251970394052026
2009,WSH,-3.4224008888875104,-0.679111075100668,2.9605744140841512,43.20888924899332,-4.375,-0.5961036924969126,16.625,21.0,-0.9764118170900938,0.12999580452201112,-0.07322982836956866,1.0,0.0,,,4,12,0,0.25,NFC,East,False,False,0,False,False,2.5,0.2895624167046234,1.251970394052026
2010,ARI,-7.747352966794164,-1.8176309938977049,2.8263686225776663,31.82369006102295,-9.0625,-1.5190691048992093,18.0625,27.125,-1.0044242652714763,-1.408697023345971,-0.4575316595078483,,,,,5,11,0,0.3125,NFC,West,False,False,0,False,False,3.125,1.7103224332008404,1.1918487310151384
2010,ATL,3.756158926009767,0.8812443309583707,2.770528330906825,58.812443309583706,7.875,1.3200186704641403,25.875,18.0,0.9698740448444477,1.1177645862787418,-0.22642384856665446,3.0,0.6666666666666666,1.0,-27.0,13,3,0,0.8125,NFC,South,True,True,0,False,False,11.125,1.7103224332008404,1.1918487310151384
2010,BAL,4.977901385034532,1.1678811951366554,2.7222132971191444,61.67881195136656,5.4375,0.9114414629395255,22.3125,16.875,0.06959401543158632,1.4292461545886377,0.057750929263932896,4.0,0.5,2.0,8.0,12,4,0,0.75,AFC,North,False,False,1,False,False,9.5,1.7103224332008404,1.1918487310151384
2010,BUF,-4.481847425164294,-1.0515004059857855,2.826001589633844,39.48499594014214,-8.875,-1.4876400889357773,17.6875,26.5625,-1.0991905841570406,-1.252956239191023,0.5843598067537608,7.0,0.0,,,4,12,0,0.25,AFC,East,False,False,0,False,False,2.5,1.7103224332008404,1.1918487310151384
2010,CAR,-9.561227146752875,-2.2431897547615467,2.8260460614388125,27.568102452384533,-13.25,-2.2209837947491886,12.25,25.5,-2.473302207997724,-0.9587792024538989,0.05696489891378873,2.0,0.0,,,2,14,0,0.125,NFC,South,False,False,0,False,False,1.25,1.7103224332008404,1.1918487310151384
2010,CHI,2.585083376486896,0.6064945907397629,2.7244689687111228,56.06494590739763,3.0,0.5028642554149106,20.875,17.875,-0.2936768736297437,1.1523736494242858,0.11198868398512493,4.0,0.5,2.0,2.0,11,5,0,0.6875,NFC,North,True,False,1,False,False,10.875,1.7103224332008404,1.1918487310151384
2010,CIN,-1.972570524821408,-0.46279101248282,2.8253955725104856,45.3720898751718,-4.5625,-0.7647727217768433,20.125,24.6875,-0.4832095114008724,-0.7338202920078628,0.4499122204779408,6.0,0.16666666666666666,,,4,12,0,0.25,AFC,North,False,False,0,False,False,2.5,1.7103224332008404,1.1918487310151384
2010,CLE,-1.7066473972362135,-0.4004019460797861,2.8256320185976924,45.99598053920214,-3.8125,-0.6390566579231156,16.9375,20.75,-1.2887232219281695,0.35636519707677344,0.29895033694567147,6.0,0.16666666666666666,,,5,11,0,0.3125,AFC,North,False,False,0,False,False,3.125,1.7103224332008404,1.1918487310151384
2010,DAL,-1.282315192611383,-0.300848024870722,2.8265642498912533,46.99151975129278,-2.625,-0.4400062234880468,24.625,27.25,0.6539863152258998,-1.443306086491515,0.06584919804837666,1.0,0.0,,,6,10,0,0.375,NFC,East,False,False,0,False,False,3.75,1.7103224332008404,1.1918487310151384
2010,DEN,-5.242967405676645,-1.2300691729676945,2.8268832668072696,37.69930827032306,-7.9375,-1.3304950091186178,21.5,29.4375,-0.13573300882046976,-2.048964691538535,-0.04112853975409939,2.0,0.0,,,4,12,0,0.25,AFC,West,False,False,0,False,False,2.5,1.7103224332008404,1.1918487310151384
2010,DET,0.3127712839323344,0.0733802606016849,2.824596311560448,50.73380260601685,-0.4375,-0.07333437058134114,22.625,23.0625,0.1485659478362233,-0.2839024711157907,0.34766476446490746,4.0,0.25,,,6,10,0,0.375,NFC,North,False,False,0,False,False,3.75,1.7103224332008404,1.1918487310151384
2010,GB,8.449315637755268,1.982320677298833,2.630696363956052,69.82320677298833,9.25,1.5504981208626412,24.25,15.0,0.5592199963403355,1.948382101771798,0.16367037558681474,2.0,0.5,4.0,11.25,10,6,0,0.625,NFC,North,False,False,4,True,True,23.25,1.7103224332008404,1.1918487310151384
2010,HOU,-1.3482215195578906,-0.316310516778006,2.8270118144741256,46.83689483221994,-2.3125,-0.3876245302156603,24.375,26.6875,0.5908087693021903,-1.287565302336567,0.1184336976486241,2.0,0.0,,,6,10,0,0.375,AFC,South,False,False,0,False,False,3.75,1.7103224332008404,1.1918487310151384
2010,IND,2.117890380672131,0.4968849636884956,2.767211425235891,54.96884963688496,2.9375,0.49238791676043336,27.1875,24.25,1.301556160943923,-0.6126885709984587,-0.02349934757420271,1.0,0.0,1.0,-1.0,10,6,0,0.625,AFC,South,True,False,0,False,False,8.25,1.7103224332008404,1.1918487310151384
2010,JAX,-3.266673072343283,-0.766404505986921,2.82656070073399,42.33595494013079,-4.125,-0.6914383511955021,22.0625,26.1875,0.006416469507876753,-1.149129049754391,-0.059816110519514826,,,,,8,8,0,0.5,AFC,South,False,False,0,False,False,5.0,1.7103224332008404,1.1918487310151384
2010,KC,-0.2444489569611471,-0.0573509432838455,2.766808906453361,49.42649056716154,2.5,0.4190535461790922,22.875,20.375,0.21174349375993284,0.4601923865134055,-0.4222298752838338,,,1.0,-23.0,10,6,0,0.625,AFC,West,True,False,0,False,False,8.25,1.7103224332008404,1.1918487310151384
2010,LAC,4.134344268192852,0.9699715907509796,2.8260997933958665,59.6997159075098,7.4375,1.2466842998827994,27.5625,20.125,1.3963224798294873,0.5294105128044935,-0.35641724538344777,1.0,0.0,,,9,7,0,0.5625,AFC,West,False,False,0,False,False,5.625,1.7103224332008404,1.1918487310151384
2010,LAR,-3.202200637381545,-0.7512784240153388,2.82634874472903,42.48721575984661,-2.4375,-0.4085772075246149,18.0625,20.5,-1.0044242652714763,0.4255833233678615,-0.5820779971193353,,,,,7,9,0,0.4375,NFC,West,True,False,0,False,False,6.375,1.7103224332008404,1.1918487310151384
2010,MIA,-0.9181063570607962,-0.2153998375239576,2.8257788293483554,47.846001624760426,-3.75,-0.6285803192686383,17.0625,20.8125,-1.2571344489663145,0.3390606655040015,0.5470012247621924,7.0,0.2857142857142857,,,7,9,0,0.4375,AFC,East,False,False,0,False,False,4.375,1.7103224332008404,1.1918487310151384
2010,MIN,-1.868626519651997,-0.4384043805279365,2.8248235343347803,45.61595619472064,-4.1875,-0.7019146898499794,17.5625,21.75,-1.1307793571188955,0.07949269191242139,0.3701201358075794,4.0,0.0,,,6,10,0,0.375,NFC,North,False,False,0,False,False,3.75,1.7103224332008404,1.1918487310151384
2010,NE,9.0299102094407,2.1185358068930755,2.779102242985228,71.18535806893075,12.8125,2.1476494241678474,32.375,19.5625,2.6124902388608966,0.6851512969594415,0.3312685303757932,5.0,0.8,1.0,-7.0,14,2,0,0.875,AFC,East,True,True,0,False,False,11.75,1.7103224332008404,1.1918487310151384
2010,NO,1.7664004176125716,0.4144207912622092,2.773377053062905,54.14420791262209,4.8125,0.8066780763947525,24.0,19.1875,0.4960424504166259,0.7889784863960736,-0.3797018322441914,2.0,0.5,1.0,-5.0,11,5,0,0.6875,NFC,South,False,False,0,False,False,6.875,1.7103224332008404,1.1918487310151384
2010,NYG,1.3882409856215612,0.3256996103417487,2.827020332749886,53.256996103417485,2.9375,0.49238791676043336,24.625,21.6875,0.6539863152258998,0.0967972234851934,-0.1399883367671742,1.0,0.0,,,10,6,0,0.625,NFC,East,False,False,0,False,False,6.25,1.7103224332008404,1.1918487310151384
2010,NYJ,4.826674435139279,1.132401361905826,2.6781970306647174,61.32401361905826,3.9375,0.6600093352320702,22.9375,19.0,0.22753788024086025,0.8408920811143896,0.2662080707376259,5.0,0.4,3.0,1.0,11,5,0,0.6875,AFC,East,False,False,2,False,False,10.875,1.7103224332008404,1.1918487310151384
2010,OAK,0.2854781373898146,0.0669769291297223,2.8259383332503174,50.66976929129722,2.4375,0.4085772075246149,25.625,23.1875,0.9066964989207381,-0.3185115342613347,-0.2621170577957629,1.0,0.0,,,8,8,0,0.5,AFC,West,False,False,0,False,False,5.0,1.7103224332008404,1.1918487310151384
2010,PHI,2.83241453110328,0.6645217355354222,2.7741783066894565,56.64521735535422,3.875,0.6495329965775929,27.4375,23.5625,1.3647337068676324,-0.4223387236979667,0.041318850005190214,1.0,0.0,1.0,-5.0,10,6,0,0.625,NFC,East,True,False,0,False,False,8.25,1.7103224332008404,1.1918487310151384
2010,PIT,6.708738255598008,1.5739583100946564,2.675610074727888,65.73958310094656,8.9375,1.4981164275902545,23.4375,14.5,0.35389297208827936,2.086818354353974,0.11930929399002631,4.0,0.25,3.0,2.0,12,4,0,0.75,AFC,North,True,False,2,True,False,17.5,1.7103224332008404,1.1918487310151384
2010,SEA,-5.11619089435732,-1.2003257344978215,2.72134728243194,37.99674265502178,-6.0625,-1.0162048494842986,19.375,25.4375,-0.6727421491720011,-0.9414746708811269,-0.43022940402782306,,,2.0,-3.0,7,9,0,0.4375,NFC,West,False,False,1,False,False,6.375,1.7103224332008404,1.1918487310151384
2010,SF,-3.1805571692514483,-0.7462005814725614,2.82663349261048,42.53799418527439,-2.5625,-0.4295298848335695,19.0625,21.625,-0.7517140815766381,0.11410175505796541,-0.3798295349214341,1.0,0.0,,,6,10,0,0.375,NFC,West,False,False,0,False,False,3.75,1.7103224332008404,1.1918487310151384
2010,TB,0.0526465008781678,0.0123515621563347,2.8258650303106543,50.12351562156335,1.4375,0.24095578905297801,21.3125,19.875,-0.18311616826325194,0.5986286390955815,-0.3206954449821483,2.0,0.0,,,10,6,0,0.625,NFC,South,False,False,0,False,False,6.25,1.7103224332008404,1.1918487310151384
2010,TEN,0.7831250529610623,0.1837314466580737,2.82642892630576,51.837314466580736,1.0625,0.1780977571261142,22.25,21.1875,0.05379962895065893,0.23523347606736944,-0.002929303060372257,1.0,0.0,,,6,10,0,0.375,AFC,South,False,False,0,False,False,3.75,1.7103224332008404,1.1918487310151384
2010,WSH,-2.867140598205858,-0.672668928019403,2.826629284163212,43.27331071980597,-4.6875,-0.7857253990857979,18.875,23.5625,-0.7990972410194203,-0.4223387236979667,0.1538445197404925,1.0,1.0,,,6,10,0,0.375,NFC,East,False,False,0,False,False,3.75,1.7103224332008404,1.1918487310151384
2011,ARI,-1.6754559189912563,-0.4163191045661332,2.685097946081241,45.836808954338665,-2.25,-0.33189328081627933,19.5,21.75,-0.4960590596105328,0.11420353425955145,-0.03343978275629334,3.0,0.3333333333333333,,,8,8,0,0.5,NFC,West,False,False,0,False,False,5.0,-0.6858366202586631,1.1255412780920548
2011,ATL,1.5726831507445531,0.3907820156070798,2.631274662747057,53.9078201560708,3.25,0.4794014056235146,25.125,21.875,0.5452310946739676,0.08098068792950011,0.003058132671477809,3.0,0.0,1.0,-22.0,10,6,0,0.625,NFC,South,False,False,0,False,False,6.25,-0.6858366202586631,1.1255412780920548
2011,BAL,4.669360318229783,1.1602477179778306,2.586209448495781,61.60247717977831,7.0,1.0325568736506467,23.625,16.625,0.2675537201981008,1.476340233791656,-0.14554886640323123,1.0,1.0,2.0,2.0,12,4,0,0.75,AFC,North,True,False,1,False,False,11.5,-0.6858366202586631,1.1255412780920548
2011,BUF,-2.084991858245515,-0.5180810390852072,2.6854883613933924,44.81918960914793,-3.875,-0.5715939836280366,23.25,27.125,0.1981343765791341,-1.3143788579326556,0.17892006704540125,2.0,0.5,,,6,10,0,0.375,AFC,East,False,False,0,False,False,3.75,-0.6858366202586631,1.1255412780920548
2011,CAR,-1.2873531641603964,-0.3198829109668935,2.685253389209407,46.801170890331065,-1.4375,-0.21204292941040068,25.375,26.8125,0.591510657086612,-1.2313217421075273,-0.03595849355236186,3.0,0.0,,,6,10,0,0.375,NFC,South,False,False,0,False,False,3.75,-0.6858366202586631,1.1255412780920548
2011,CHI,0.4872910269125672,0.1210826030621512,2.685844126255173,51.21082603062151,0.75,0.11063109360542644,22.0625,21.3125,-0.02169354488092709,0.2304834964147311,0.05021417937185026,3.0,0.0,,,8,8,0,0.5,NFC,North,False,False,0,False,False,5.0,-0.6858366202586631,1.1255412780920548
2011,CIN,-0.0105883163421346,-0.0026309963326731,2.6379432994609773,49.97369003667327,1.3125,0.19360441380949628,21.5,20.1875,-0.12582256030937713,0.5294891133851931,-0.11381773660466096,3.0,0.0,1.0,-21.0,9,7,0,0.5625,AFC,North,False,False,0,False,False,5.625,-0.6858366202586631,1.1255412780920548
2011,CLE,-3.75646275575738,-0.933409941190522,2.6853426408565246,40.66590058809478,-5.5625,-0.8205139442402462,13.625,19.1875,-1.5836287763076777,0.7952718840256037,0.05370917370358784,3.0,0.0,,,4,12,0,0.25,AFC,North,False,False,0,False,False,2.5,-0.6858366202586631,1.1255412780920548
2011,DAL,0.765513327071183,0.1902155820677117,2.6850766258837258,51.90215582067712,1.375,0.20282367160994846,23.0625,21.6875,0.16342470476965076,0.1308149574245771,0.06883164471203447,2.0,0.5,,,8,8,0,0.5,NFC,East,False,False,0,False,False,5.0,-0.6858366202586631,1.1255412780920548
2011,DEN,-3.510823186249251,-0.8723731544481974,2.585953516710586,41.27626845551802,-5.0625,-0.7467598818366284,19.3125,24.375,-0.5307687314200161,-0.5834762386715265,-0.025743398120515786,2.0,0.0,2.0,-14.5,8,8,0,0.5,AFC,West,False,False,1,False,False,7.0,-0.6858366202586631,1.1255412780920548
2011,DET,2.438228570540932,0.6058536806067164,2.637735204357072,56.05853680606717,5.4375,0.8020754286393417,29.625,24.1875,1.378263218101568,-0.5336419691764495,0.023774102113577847,4.0,0.0,1.0,-17.0,10,6,0,0.625,NFC,North,False,False,0,False,False,6.25,-0.6858366202586631,1.1255412780920548
2011,GB,6.50278389992668,1.6158187987628374,2.6351698709407665,66.15818798762837,12.5625,1.853070817890893,35.0,22.4375,2.3732738099734236,-0.06852212055573087,-0.2691641127392139,1.0,1.0,1.0,-17.0,15,1,0,0.9375,NFC,North,True,True,0,False,False,12.375,-0.6858366202586631,1.1255412780920548
2011,HOU,3.940324188609272,0.979096029509234,2.5926998660632057,59.79096029509234,6.4375,0.949583553446577,23.8125,17.375,0.3022633920075841,1.277003155811348,-0.2803124142967845,2.0,0.0,2.0,7.0,10,6,0,0.625,AFC,South,True,False,1,False,False,10.25,-0.6858366202586631,1.1255412780920548
2011,IND,-6.672107919276216,-1.657892614801866,2.686087585015997,33.42107385198134,-11.6875,-1.724001208684562,15.1875,26.875,-1.2943815112286499,-1.2479331652725532,0.12523088231190876,3.0,0.0,,,2,14,0,0.125,AFC,South,False,False,0,False,False,1.25,-0.6858366202586631,1.1255412780920548
2011,JAX,-3.679492535833357,-0.9142842974336152,2.686061690467128,40.85715702566385,-5.375,-0.7928561708388895,15.1875,20.5625,-1.2943815112286499,0.42982057439503907,0.018809293860296637,2.0,0.5,,,5,11,0,0.3125,AFC,South,False,False,0,False,False,3.125,-0.6858366202586631,1.1255412780920548
2011,KC,-4.512170080063351,-1.1211889170519402,2.68610198014347,38.7881108294806,-7.875,-1.1616264828569776,13.25,21.125,-1.6530481199266445,0.2803177659098081,-0.0427147299156586,2.0,0.5,,,7,9,0,0.4375,AFC,West,False,False,0,False,False,4.375,-0.6858366202586631,1.1255412780920548
2011,LAC,0.8598286302647152,0.2136511509342774,2.685857017271107,52.136511509342775,1.8125,0.2673584762131139,25.375,23.5625,0.591510657086612,-0.36752773752619283,-0.14629498875020874,3.0,0.3333333333333333,,,8,8,0,0.5,AFC,West,True,False,0,False,False,7.0,-0.6858366202586631,1.1255412780920548
2011,LAR,-8.005131958072637,-1.989123874249732,2.685530121927321,30.10876125750268,-13.375,-1.9729211692967716,12.0625,25.4375,-1.8728760413867056,-0.8658704324769628,0.46137265448998344,5.0,0.2,,,2,14,0,0.125,NFC,West,False,False,0,False,False,1.25,-0.6858366202586631,1.1255412780920548
2011,MIA,0.9496154842940124,0.2359614858392938,2.685473715744071,52.35961485839294,1.0,0.14750812480723527,20.5625,19.5625,-0.2993709193567939,0.6956033450354497,0.08734886570886105,2.0,0.0,,,6,10,0,0.375,AFC,East,False,False,0,False,False,3.75,-0.6858366202586631,1.1255412780920548
2011,MIN,-4.118564927314652,-1.0233854816481531,2.685686098770411,39.76614518351847,-6.8125,-1.0048991002492902,21.25,28.0625,-0.1721021227220216,-1.5635502054080408,0.06542294791505196,3.0,0.0,,,3,13,0,0.1875,NFC,North,False,False,0,False,False,1.875,-0.6858366202586631,1.1255412780920548
2011,NE,7.100431230339414,1.7643228558517112,2.5434479763295808,67.64322855851711,10.6875,1.5764930838773268,32.0625,21.375,1.8294889516248514,0.21387207324970545,-0.15445372194232423,,,3.0,11.333333333333334,13,3,0,0.8125,AFC,East,True,True,2,True,False,20.125,-0.6858366202586631,1.1255412780920548
2011,NO,7.2935220217367345,1.8123022651953469,2.586713954715018,68.12302265195346,13.0,1.9176056224940583,34.1875,21.1875,2.2228652321323294,0.26370634274478244,-0.30716816617553394,1.0,0.0,2.0,6.5,13,3,0,0.8125,NFC,South,True,False,1,False,False,12.125,-0.6858366202586631,1.1255412780920548
2011,NYG,3.051833948318474,0.7583230106187602,2.5003348184426666,57.5832301061876,-0.375,-0.05531554680271322,24.625,25.0,0.45267196984867863,-0.7495904703217832,0.28537705193706625,4.0,0.25,4.0,11.5,9,7,0,0.5625,NFC,East,True,False,4,True,True,24.625,-0.6858366202586631,1.1255412780920548
2011,NYJ,0.861047461235142,0.213954007376201,2.68585684190916,52.13954007376201,0.875,0.12906960920633084,23.5625,22.6875,0.2559838295949397,-0.13496781321583354,0.10261713378084161,3.0,0.0,,,8,8,0,0.5,AFC,East,False,False,0,False,False,5.0,-0.6858366202586631,1.1255412780920548
2011,OAK,-3.249917410261244,-0.8075430041564153,2.685601836179617,41.924569958435846,-4.625,-0.682225077233463,22.4375,27.0625,0.0477257987380396,-1.29776743476763,-0.031163052627966106,2.0,0.0,,,8,8,0,0.5,AFC,West,False,False,0,False,False,5.0,-0.6858366202586631,1.1255412780920548
2011,PHI,3.2594706204620163,0.8099167961920243,2.6855193696066184,58.09916796192024,4.25,0.6269095304307498,24.75,20.5,0.4758117510550009,0.44643199756006474,0.09666180090984865,2.0,0.0,,,8,8,0,0.5,NFC,East,False,False,0,False,False,5.0,-0.6858366202586631,1.1255412780920548
2011,PIT,3.587637428591884,0.8914600407264484,2.6315667364559303,58.91460040726449,6.125,0.9034872644443159,20.3125,14.1875,-0.3456504817694383,2.124185737227657,-0.09847985796622766,4.0,0.25,1.0,-6.0,12,4,0,0.75,AFC,North,False,False,0,False,False,7.5,-0.6858366202586631,1.1255412780920548
2011,SEA,0.3214032269824939,0.0798626225526584,2.685263128955249,50.79862622552658,0.375,0.05531554680271322,20.0625,19.6875,-0.39193004418208277,0.6623804987053984,0.02048331455912505,3.0,0.3333333333333333,,,7,9,0,0.4375,NFC,West,False,False,0,False,False,4.375,-0.6858366202586631,1.1255412780920548
2011,SF,5.014726798206092,1.246064755633743,2.585969148498878,62.46064755633743,9.4375,1.3921079278682826,23.75,14.3125,0.290693501404423,2.0909628908976057,-0.2305847600393638,1.0,0.0,2.0,0.5,13,3,0,0.8125,NFC,West,True,False,1,False,False,12.125,-0.6858366202586631,1.1255412780920548
2011,TB,-7.158186666739344,-1.7786739893511376,2.685798077446277,32.21326010648862,-12.9375,-1.9083863646936061,17.9375,30.875,-0.7853063246895607,-2.311064247834196,0.30839644072605327,4.0,0.25,,,4,12,0,0.25,NFC,South,False,False,0,False,False,2.5,-0.6858366202586631,1.1255412780920548
2011,TEN,0.0216163583949659,0.0053712561870263,2.6861893468087863,50.05371256187026,0.5,0.07375406240361763,20.3125,19.8125,-0.3456504817694383,0.629157652375347,-0.2097763598325262,2.0,0.5,,,9,7,0,0.5625,AFC,South,False,False,0,False,False,5.625,-0.6858366202586631,1.1255412780920548
2011,WSH,-2.976070993554092,-0.7394973494185657,2.685156205859162,42.60502650581434,-4.9375,-0.7283213662357241,18.0,22.9375,-0.7737364340863996,-0.20141350587593618,0.17439275590590503,2.0,0.0,,,5,11,0,0.3125,NFC,East,False,False,0,False,False,3.125,-0.6858366202586631,1.1255412780920548
2012,ARI,-2.232189916843616,-0.4538218946814781,2.81101118898614,45.46178105318522,-6.6875,-0.9761975302649392,15.625,22.3125,-1.561277665202001,0.12259294652328527,0.4050212500523447,5.0,0.4,,,5,11,0,0.3125,NFC,West,False,False,0,False,False,3.125,-3.1294052208700003,1.1896743973696318
2012,ATL,4.865743730636953,0.989244249429558,2.694168568354819,59.89244249429558,7.5,1.094800968521427,26.1875,18.6875,0.7513461675595496,1.1249388000352565,-0.17298596962347795,1.0,1.0,2.0,-1.0,13,3,0,0.8125,NFC,South,True,True,1,False,False,13.125,-3.1294052208700003,1.1896743973696318
2012,BAL,4.282862441791638,0.8707398655139598,2.597438875417628,58.7073986551396,3.375,0.4926604358346422,24.875,21.5,0.4639787090507179,0.3472566723104512,-0.00614680514229924,2.0,0.5,4.0,9.0,10,6,0,0.625,AFC,North,False,False,4,True,True,22.25,-3.1294052208700003,1.1896743973696318
2012,BUF,-4.189941012285861,-0.8518482027228046,2.811536468285902,41.481517972771954,-5.6875,-0.8302240677954156,21.5,27.1875,-0.2749661842577066,-1.2253894081997105,-0.16141359674481384,4.0,0.0,,,6,10,0,0.375,AFC,East,False,False,0,False,False,3.75,-3.1294052208700003,1.1896743973696318
2012,CAR,0.3440236105921797,0.0699427255700867,2.8135505364385613,50.69942725570087,-0.375,-0.05474004842607135,22.3125,22.6875,-0.09707204327604882,0.018901996159977903,0.1519054599816086,2.0,0.0,,,7,9,0,0.4375,NFC,South,False,False,0,False,False,4.375,-3.1294052208700003,1.1896743973696318
2012,CHI,4.291442816375922,0.8724843236452029,2.812513449900337,58.72484323645203,6.125,0.8940874576258321,23.4375,17.3125,0.1492429211600927,1.5051389513673834,0.022299383065412952,2.0,0.0,,,10,6,0,0.625,NFC,North,False,False,0,False,False,6.25,-3.1294052208700003,1.1896743973696318
2012,CIN,2.520197101963193,0.5123760371612847,2.748108441822839,55.123760371612846,4.4375,0.6477572397085111,24.4375,20.0,0.36818955621444066,0.7620204737636807,-0.25054185280317726,1.0,0.0,1.0,-6.0,10,6,0,0.625,AFC,North,True,False,0,False,False,8.25,-3.1294052208700003,1.1896743973696318
2012,CLE,-3.460933637216505,-0.7036352277898458,2.8106067138782933,42.96364772210154,-4.125,-0.6021405326867849,18.875,23.0,-0.8497011012753701,-0.06750712914277823,-0.050388880101632796,1.0,0.0,,,5,11,0,0.3125,AFC,North,False,False,0,False,False,3.125,-3.1294052208700003,1.1896743973696318
2012,DAL,-0.1174975561513659,-0.0238881840432534,2.812654505579523,49.76111815956747,-1.5,-0.2189601937042854,23.5,25.0,0.16292708585098944,-0.6205255310804175,0.2747794704905259,1.0,0.0,,,8,8,0,0.5,NFC,East,False,False,0,False,False,5.0,-3.1294052208700003,1.1896743973696318
2012,DEN,7.771823861249206,1.5800733634843045,2.7594833641498675,65.80073363484304,12.0,1.7516815496342832,30.0625,18.0625,1.5997643783951483,1.2977570506407687,-0.20595863919584212,1.0,0.0,1.0,-3.0,13,3,0,0.8125,AFC,West,True,True,0,False,False,11.125,-3.1294052208700003,1.1896743973696318
2012,DET,-2.559937309310658,-0.5204555361579295,2.8131708052745004,44.79544463842071,-4.0625,-0.5930171912824397,23.25,27.3125,0.10819042708740244,-1.259953058320813,0.16834955915735011,2.0,0.5,,,4,12,0,0.25,NFC,North,False,False,0,False,False,2.5,-3.1294052208700003,1.1896743973696318
2012,GB,4.1390828419784285,0.8415083337740255,2.7149824740107102,58.415083337740256,6.0625,0.8849641162214869,27.0625,21.0,0.9429244732321042,0.48551127279486106,0.08571629055061883,2.0,0.0,2.0,0.0,11,5,0,0.6875,NFC,North,True,False,1,False,False,10.875,-3.1294052208700003,1.1896743973696318
2012,HOU,2.9963762700312144,0.609187034572317,2.701691878883504,56.09187034572317,5.3125,0.7754840193693442,26.0,20.6875,0.7102936734868595,0.5719203980976172,-0.2622630622502225,2.0,0.5,2.0,-3.5,12,4,0,0.75,AFC,South,True,False,1,False,False,11.5,-3.1294052208700003,1.1896743973696318
2012,IND,-3.096699305692582,-0.6295835025343333,2.750538790634009,43.70416497465666,-1.875,-0.27370024213035676,22.3125,24.1875,-0.09707204327604882,-0.39586180529325155,-0.4341975803479238,1.0,0.0,1.0,-15.0,11,5,0,0.6875,AFC,South,False,False,0,False,False,6.875,-3.1294052208700003,1.1896743973696318
2012,JAX,-9.483012148178911,-1.92797149915427,2.8129691954483853,30.7202850084573,-11.8125,-1.7243115254212478,15.9375,27.75,-1.4928568417475174,-1.3809258337446715,-0.16145980935329074,1.0,0.0,,,2,14,0,0.125,AFC,South,False,False,0,False,False,1.25,-3.1294052208700003,1.1896743973696318
2012,KC,-10.20149574693786,-2.0740449069884104,2.813067541782199,29.259550930115896,-13.375,-1.9523950605298783,13.1875,26.5625,-2.0949600881469745,-1.0525711575941983,0.00976718299093797,2.0,0.0,,,2,14,0,0.125,AFC,West,False,False,0,False,False,1.25,-3.1294052208700003,1.1896743973696318
2012,LAC,-1.0533688023812848,-0.2141582228679713,2.8127701462740253,47.85841777132029,0.0,0.0,21.875,21.875,-0.19286119611232608,0.24356572194714385,-0.27058616020431564,2.0,0.0,,,7,9,0,0.4375,AFC,West,False,False,0,False,False,4.375,-3.1294052208700003,1.1896743973696318
2012,LAR,-0.2079347880935551,-0.0422747897886049,2.8107875038156576,49.57725210211395,-3.0625,-0.44704372881291604,18.6875,21.75,-0.8907535953480603,0.27812937206824634,0.4143363802144601,5.0,0.5,,,7,8,1,0.46875,NFC,West,False,False,0,False,False,4.6875,-3.1294052208700003,1.1896743973696318
2012,MIA,-1.5930773154237223,-0.3238852394253183,2.811902479901281,46.761147605746814,-1.8125,-0.26457690072601153,18.0,19.8125,-1.0412794069479245,0.8138659489453344,-0.11696969573985871,4.0,0.25,,,7,9,0,0.4375,AFC,East,False,False,0,False,False,4.375,-3.1294052208700003,1.1896743973696318
2012,MIN,1.560940686123686,0.317351608085276,2.7659304398145306,53.17351608085277,1.9375,0.282823583534702,23.6875,21.75,0.20397957992367968,0.27812937206824634,0.12438218440067403,2.0,0.5,1.0,-14.0,10,6,0,0.625,NFC,North,False,False,0,False,False,6.25,-3.1294052208700003,1.1896743973696318
2012,NE,8.686354295337722,1.766004646127493,2.706556762161391,67.66004646127493,14.125,2.061875157382021,34.8125,20.6875,2.639760894903301,0.5719203980976172,-0.16186436761506848,3.0,0.3333333333333333,2.0,-1.0,12,4,0,0.75,AFC,East,True,False,1,False,False,11.5,-3.1294052208700003,1.1896743973696318
2012,NO,0.2563638259072399,0.0521207968565376,2.8131725566612564,50.52120796856538,0.4375,0.06386338983041658,28.8125,28.375,1.3260810845772133,-1.5537440843501837,0.1420944274262275,2.0,0.0,,,7,9,0,0.4375,NFC,South,False,False,0,False,False,4.375,-3.1294052208700003,1.1896743973696318
2012,NYG,4.6562488707775085,0.9466522846912347,2.812225337711394,59.46652284691235,5.3125,0.7754840193693442,26.8125,21.5,0.8881878144685172,0.3472566723104512,0.14142313825414016,1.0,1.0,,,9,7,0,0.5625,NFC,East,False,False,0,False,False,5.625,-3.1294052208700003,1.1896743973696318
2012,NYJ,-4.237668117489693,-0.8615515013300721,2.811571075991583,41.38448498669928,-5.875,-0.8575940920084513,17.5625,23.4375,-1.1370685597842018,-0.18847990456663682,0.004220842475596086,4.0,0.0,,,6,10,0,0.375,AFC,East,False,False,0,False,False,3.75,-3.1294052208700003,1.1896743973696318
2012,OAK,-7.49123698834388,-1.5230278292652866,2.8127315230783148,34.76972170734713,-9.5625,-1.3958712348648195,18.125,27.6875,-1.013911077566131,-1.3636440086841202,-0.10726151630710568,2.0,0.0,,,4,12,0,0.25,AFC,West,False,False,0,False,False,2.5,-3.1294052208700003,1.1896743973696318
2012,PHI,-6.848068647428552,-1.392266610037995,2.8117164789493136,36.07733389962005,-10.25,-1.496227990312617,17.5,27.75,-1.1507527244750986,-1.3809258337446715,0.23584803461721598,,,,,4,12,0,0.25,NFC,East,False,False,0,False,False,2.5,-3.1294052208700003,1.1896743973696318
2012,PIT,0.3306438704692974,0.0672225184017386,2.8100664017892107,50.672225184017385,1.375,0.20071351089559497,21.0,19.625,-0.38443950178488057,0.8657114241269881,-0.19461360605577954,1.0,0.0,,,8,8,0,0.5,AFC,North,False,False,0,False,False,5.0,-3.1294052208700003,1.1896743973696318
2012,SEA,7.441412280769781,1.5128980714778315,2.691823703915954,65.12898071477832,10.4375,1.5235980145256527,25.75,15.3125,0.6555570147232724,2.0581573533050226,0.18724856066588536,3.0,0.6666666666666666,2.0,4.0,11,5,0,0.6875,NFC,West,False,False,1,False,False,8.875,-3.1294052208700003,1.1896743973696318
2012,SF,6.646340517544531,1.3512536830358128,2.643737552008666,63.51253683035813,7.75,1.131294334138808,24.8125,17.0625,0.4502945443598212,1.5742662516095884,0.2669990179724464,3.0,0.6666666666666666,3.0,5.0,11,4,1,0.71875,NFC,West,True,False,2,True,False,17.1875,-3.1294052208700003,1.1896743973696318
2012,TB,0.4619645122476011,0.0939210452667324,2.8125529473811586,50.939210452667325,-0.3125,-0.04561670702172613,24.3125,24.625,0.3408212268326472,-0.5168345807171102,0.017014071467880178,1.0,0.0,,,7,9,0,0.4375,NFC,South,False,False,0,False,False,4.375,-3.1294052208700003,1.1896743973696318
2012,TEN,-6.816066533852024,-1.3857603268102452,2.8123668533533763,36.14239673189755,-8.8125,-1.286391138012677,20.625,29.4375,-0.4665444899302611,-1.8475351103795545,-0.17525395041893327,1.0,0.0,,,6,10,0,0.375,AFC,South,False,False,0,False,False,3.75,-3.1294052208700003,1.1896743973696318
2012,WSH,2.337306291833869,0.4751928865044245,2.750051615375213,54.75192886504424,3.0,0.4379203874085708,27.25,24.25,0.9839769673047944,-0.41314363035380275,0.08050023812041848,,,1.0,-10.0,10,6,0,0.625,NFC,East,True,False,0,False,False,8.25,-3.1294052208700003,1.1896743973696318
2013,ARI,4.298983438810278,0.8941830023337177,2.684574522515981,58.941830023337175,3.4375,0.5346850603749788,23.6875,20.25,0.06511591937653656,0.7864132091441615,0.4135669745649313,6.0,0.3333333333333333,,,10,6,0,0.625,NFC,West,False,False,0,False,False,6.25,-1.5171588314372257,1.1370505500614139
2013,ATL,-3.1401309025370123,-0.6531431716630413,2.685247092127709,43.46856828336959,-5.625,-0.8749391897045107,22.0625,27.6875,-0.3137403388142216,-1.065572876459405,0.39427138641170334,7.0,0.0,,,4,12,0,0.25,NFC,South,False,False,0,False,False,2.5,-1.5171588314372257,1.1370505500614139
2013,BAL,-2.112191243932313,-0.4393330504490312,2.6857336660277835,45.606669495509685,-2.0,-0.31108948967271494,20.0,22.0,-0.7945963588255684,0.35065177723743995,-0.21010413782351947,2.0,0.0,,,8,8,0,0.5,AFC,North,False,False,0,False,False,5.0,-1.5171588314372257,1.1370505500614139
2013,BUF,-2.517481340013798,-0.5236328669262392,2.684463329269884,44.76367133073761,-3.0625,-0.47635578106134474,21.1875,24.25,-0.517739862455399,-0.20961292092834483,-0.05540194323812482,5.0,0.2,,,6,10,0,0.375,AFC,East,False,False,0,False,False,3.75,-1.5171588314372257,1.1370505500614139
2013,CAR,5.694105347607708,1.1843665573034647,2.6330460941636136,61.84366557303465,7.8125,1.2151933190340427,22.875,15.0625,-0.12431220971884252,2.0781345965819433,0.1660519983821817,5.0,0.6,1.0,-13.0,12,4,0,0.75,NFC,South,True,False,0,False,False,9.5,-1.5171588314372257,1.1370505500614139
2013,CHI,-1.922777302423968,-0.3999351952787243,2.686388775587617,46.00064804721276,-2.0625,-0.32081103622498724,27.8125,29.875,1.0268279593992302,-1.610274666342807,-0.26495161341702966,1.0,0.0,,,8,8,0,0.5,NFC,North,False,False,0,False,False,5.0,-1.5171588314372257,1.1370505500614139
2013,CIN,3.44838224192057,0.7172590520907313,2.6310402755231164,57.17259052090731,7.8125,1.2151933190340427,26.875,19.0625,0.8082570412122545,1.0821084665094367,-0.3102023821332163,1.0,1.0,1.0,-17.0,11,5,0,0.6875,AFC,North,True,False,0,False,False,8.875,-1.5171588314372257,1.1370505500614139
2013,CLE,-5.6500321090794845,-1.175199380618401,2.685652639957711,38.248006193816,-6.125,-0.9527115621226895,19.25,25.375,-0.9694530933751492,-0.48974527001123724,-0.19216024383393185,2.0,0.0,,,4,12,0,0.25,AFC,North,False,False,0,False,False,2.5,-1.5171588314372257,1.1370505500614139
2013,DAL,0.0863369533744339,0.0179579747816062,2.6855847397433847,50.179579747816064,0.4375,0.06805082586590638,27.4375,27.0,0.9393995921244399,-0.8943808853531929,-0.12059514627015126,3.0,0.0,,,8,8,0,0.5,NFC,East,False,False,0,False,False,5.0,-1.5171588314372257,1.1370505500614139
2013,DEN,8.218556622844465,1.7094491617531082,2.534340407901378,67.09449161753108,12.9375,2.0123601363203747,37.875,24.9375,3.372822481272771,-0.38080491203455685,-0.21282881267546544,3.0,0.6666666666666666,3.0,-6.0,13,3,0,0.8125,AFC,West,True,True,2,True,False,19.125,-1.5171588314372257,1.1370505500614139
2013,DET,-0.5978707422927224,-0.1243563421353268,2.686196068654597,48.756436578646735,1.1875,0.18470938449317448,24.6875,23.5,0.2982582321093108,-0.0228580215397499,-0.37614280486846974,,,,,7,9,0,0.4375,NFC,North,False,False,0,False,False,4.375,-1.5171588314372257,1.1370505500614139
2013,GB,-1.494177107332362,-0.310786908316751,2.6306175383622703,46.89213091683249,-0.6875,-0.10693701207499576,26.0625,26.75,0.6188289121168754,-0.8321292522236613,-0.31072415356649985,1.0,0.0,1.0,-3.0,8,7,1,0.53125,NFC,North,True,False,0,False,False,7.3125,-1.5171588314372257,1.1370505500614139
2013,HOU,-6.378032354520416,-1.326622491322034,2.685736896457784,36.73377508677966,-9.5,-1.4776750759453958,17.25,26.75,-1.4357377188406977,-0.8321292522236613,0.2819235695450891,5.0,0.0,,,2,14,0,0.125,AFC,South,False,False,0,False,False,1.25,-1.5171588314372257,1.1370505500614139
2013,IND,2.107855281096098,0.4384311757798032,2.578539981396485,54.38431175779803,3.4375,0.5346850603749788,24.4375,21.0,0.23997265392611725,0.5996583097555666,0.05894668518561197,4.0,1.0,2.0,-10.0,11,5,0,0.6875,AFC,South,True,False,1,False,False,10.875,-1.5171588314372257,1.1370505500614139
2013,JAX,-8.698429773060244,-1.8092621571523264,2.6852867452244644,31.90737842847674,-12.625,-1.963752403559013,15.4375,28.0625,-1.858308160668851,-1.1589503261537024,0.19966430697081838,4.0,0.0,,,4,12,0,0.25,AFC,South,False,False,0,False,False,2.5,-1.5171588314372257,1.1370505500614139
2013,KC,4.843580420506952,1.0074584710780634,2.63206821561829,60.07458471078064,7.8125,1.2151933190340427,26.875,19.0625,0.8082570412122545,1.0821084665094367,-0.2676691971441421,2.0,0.0,1.0,-1.0,11,5,0,0.6875,AFC,West,False,False,0,False,False,6.875,-1.5171588314372257,1.1370505500614139
2013,LAC,3.153903195335519,0.6560077907756461,2.586395837243514,56.56007790775646,3.0,0.4666342345090724,24.75,21.75,0.31282962665510916,0.4129034103669716,-0.08349381727503016,4.0,0.75,2.0,5.0,9,7,0,0.5625,AFC,West,False,False,1,False,False,7.625,-1.5171588314372257,1.1370505500614139
2013,LAR,0.8962551177818593,0.1864199068180013,2.684281724308037,51.864199068180014,-1.0,-0.15554474483635747,21.75,22.75,-0.38659731154321353,0.16389687784884505,0.46657183243084654,6.0,0.16666666666666666,,,7,9,0,0.4375,NFC,West,False,False,0,False,False,4.375,-1.5171588314372257,1.1370505500614139
2013,MIA,-0.8278252481976089,-0.1721865823344151,2.68490878398146,48.27813417665585,-1.125,-0.17498783794090214,19.8125,20.9375,-0.8383105424629637,0.6152212180379495,0.01918243697725419,4.0,0.25,,,8,8,0,0.5,AFC,East,False,False,0,False,False,5.0,-1.5171588314372257,1.1370505500614139
2013,MIN,-4.581082073821055,-0.9528591540329644,2.6860273158607813,40.47140845967036,-5.5625,-0.8652176431522384,24.4375,30.0,0.23997265392611725,-1.6414004829075726,-0.07089824051159976,2.0,0.0,,,5,10,1,0.34375,NFC,North,False,False,0,False,False,3.4375,-1.5171588314372257,1.1370505500614139
2013,NE,4.913147509613264,1.021928335753307,2.5736823080478177,60.21928335753307,6.625,1.0304839345408683,27.75,21.125,1.0122565648534319,0.5685324931908007,-0.17455769629148454,3.0,0.6666666666666666,2.0,5.5,12,4,0,0.75,AFC,East,True,False,1,False,False,11.5,-1.5171588314372257,1.1370505500614139
2013,NO,6.219265240989906,1.2935991367850237,2.577696111591171,62.93599136785024,6.875,1.0693701207499575,25.875,19.0,0.5751147284794802,1.0976713747918196,0.2345420045017145,5.0,0.4,2.0,-3.0,11,5,0,0.6875,NFC,South,False,False,1,False,False,8.875,-1.5171588314372257,1.1370505500614139
2013,NYG,-3.5741727887042942,-0.7434233233397962,2.685106702293884,42.56576676660204,-5.5625,-0.8652176431522384,18.375,23.9375,-1.1734526170163266,-0.13179837951643028,0.0995153940561739,4.0,0.0,,,7,9,0,0.4375,NFC,East,False,False,0,False,False,4.375,-1.5171588314372257,1.1370505500614139
2013,NYJ,-4.442985885038816,-0.9241353251432396,2.684299973142464,40.7586467485676,-6.0625,-0.9429900155704171,18.125,24.1875,-1.23173819519952,-0.19405001264596192,-0.04793732190505638,4.0,0.5,,,8,8,0,0.5,AFC,East,False,False,0,False,False,5.0,-1.5171588314372257,1.1370505500614139
2013,OAK,-6.294837637703216,-1.3093180976855483,2.683515768849088,36.90681902314452,-8.1875,-1.2735225983476768,20.125,28.3125,-0.7654535697339717,-1.2212019592832342,0.05651367597209398,4.0,0.0,,,4,12,0,0.25,AFC,West,False,False,0,False,False,2.5,-1.5171588314372257,1.1370505500614139
2013,PHI,1.4895649560861752,0.3098275868149977,2.6256771519471567,53.098275868149976,3.75,0.5832927931363405,27.625,23.875,0.9831137757618351,-0.11623547123404737,-0.23382268258284059,2.0,0.0,1.0,-2.0,10,6,0,0.625,NFC,East,True,False,0,False,False,8.25,-1.5171588314372257,1.1370505500614139
2013,PIT,-1.0640647332061777,-0.2213240900688466,2.6860207433876284,47.78675909931153,0.5625,0.08749391897045107,23.6875,23.125,0.06511591937653656,0.07051942815454756,-0.3539928410966827,1.0,0.0,,,8,8,0,0.5,AFC,North,False,False,0,False,False,5.0,-1.5171588314372257,1.1370505500614139
2013,SEA,11.032080698401591,2.2946585352779585,2.5375505098123057,72.94658535277958,11.625,1.8082076587226554,26.0625,14.4375,0.6188289121168754,2.2337636794057723,0.12089792531862427,4.0,0.75,3.0,16.333333333333332,13,3,0,0.8125,NFC,West,True,True,3,True,True,26.125,-1.5171588314372257,1.1370505500614139
2013,SF,7.591865159173725,1.57909814679849,2.5418076645503582,65.7909814679849,8.375,1.3026872380044938,25.375,17.0,0.4585435721130931,1.595684439828073,0.20887364578726622,4.0,0.25,3.0,3.3333333333333335,12,4,0,0.75,NFC,West,False,False,2,False,False,11.5,-1.5171588314372257,1.1370505500614139
2013,TB,-3.0868716487371994,-0.6420653156669387,2.6853421199132783,43.57934684333061,-6.3125,-0.9818762017795065,18.0,24.3125,-1.2608809842911168,-0.22517582921072773,0.5119655901317591,7.0,0.0,,,4,12,0,0.25,NFC,South,False,False,0,False,False,2.5,-1.5171588314372257,1.1370505500614139
2013,TEN,-0.8368155980626031,-0.1740565634936204,2.6849551429876826,48.2594343650638,-1.1875,-0.18470938449317448,22.625,23.8125,-0.18259778790203607,-0.10067256295166446,0.029849409784264744,4.0,0.0,,,7,9,0,0.4375,AFC,South,False,False,0,False,False,4.375,-1.5171588314372257,1.1370505500614139
2013,WSH,-6.774103694879261,-1.4090048185166757,2.6851438033461403,35.90995181483325,-9.0,-1.3999027035272171,20.875,29.875,-0.590596835184391,-1.610274666342807,0.02314619861291045,3.0,0.0,,,3,13,0,0.1875,NFC,East,False,False,0,False,False,1.875,-1.5171588314372257,1.1370505500614139
2014,ARI,0.4006120230285634,0.0997046702351029,2.7724782827472336,50.99704670235103,0.6875,0.11190604576142449,19.375,18.6875,-0.7355352303554341,1.1911528549558124,0.12354842217433021,3.0,0.0,1.0,-11.0,11,5,0,0.6875,NFC,West,False,False,0,False,False,6.875,0.9115120905839458,1.1855815941866676
2014,ATL,-2.504595470039044,-0.6233459084046792,2.830323423507114,43.76654091595321,-2.25,-0.36623796794648017,23.8125,26.0625,0.28035294190447246,-1.061122147704752,-0.19555054880380185,2.0,0.0,,,6,10,0,0.375,NFC,South,False,False,0,False,False,3.75,0.9115120905839458,1.1855815941866676
2014,BAL,4.407889759924807,1.0970394538424912,2.732071803184044,60.97039453842491,6.6875,1.0885406269520381,25.5625,18.875,0.6809848971619004,1.1338916260746115,-0.2771334172952398,,,2.0,4.5,10,6,0,0.625,AFC,North,False,False,1,False,False,8.25,0.9115120905839458,1.1855815941866676
2014,BUF,2.802066619269184,0.6973807878729207,2.8291819758484573,56.9738078787292,3.375,0.5493569519197202,21.4375,18.0625,-0.2633618545163226,1.3820236178931482,0.23030645171257014,4.0,0.5,,,9,7,0,0.5625,AFC,East,False,False,0,False,False,5.625,0.9115120905839458,1.1855815941866676
2014,CAR,-1.663771507109186,-0.4140809060317555,2.723315239352524,45.85919093968244,-2.1875,-0.3560646910590779,21.1875,23.375,-0.3205949909816695,-0.2403778670742075,-0.06315096721658292,3.0,0.0,2.0,-1.5,7,8,1,0.46875,NFC,South,True,False,1,False,False,8.6875,0.9115120905839458,1.1855815941866676
2014,CHI,-4.368838725967095,-1.087320398399126,2.82972790825939,39.12679601600874,-7.6875,-1.2513130571504738,19.9375,27.625,-0.6067606733084037,-1.5382990550480922,0.1566875988597035,3.0,0.0,,,5,11,0,0.3125,NFC,North,False,False,0,False,False,3.125,0.9115120905839458,1.1855815941866676
2014,CIN,0.4595393365452108,0.1143705514974807,2.780661191984348,51.143705514974805,1.3125,0.21363881463544676,22.8125,21.5,0.05142039604308506,0.33223442173780043,0.026539779494088117,4.0,0.75,1.0,-16.0,10,5,1,0.65625,AFC,North,False,False,0,False,False,6.5625,0.9115120905839458,1.1855815941866676
2014,CLE,-2.008816939457408,-0.4999561146396488,2.8303269845730505,45.00043885360351,-2.375,-0.3865845217212846,18.6875,21.0625,-0.892926355635138,0.4658439557939356,-0.1547254845868999,2.0,0.0,,,7,9,0,0.4375,AFC,North,False,False,0,False,False,4.375,0.9115120905839458,1.1855815941866676
2014,DAL,3.6755573242829183,0.914775917550825,2.719766106575876,59.14775917550825,7.1875,1.169926842051256,29.1875,22.0,1.5108653759094297,0.17953781138793165,-0.3059039035333446,1.0,1.0,2.0,-0.5,12,4,0,0.75,NFC,East,True,False,1,False,False,11.5,0.9115120905839458,1.1855815941866676
2014,DEN,5.279863313779395,1.3140569936146411,2.7777242242854454,63.14056993614641,8.0,1.302179441587485,30.125,22.125,1.7254896376544804,0.14136365880046445,0.19209937999154014,2.0,0.0,1.0,-11.0,12,4,0,0.75,AFC,West,True,False,0,False,False,9.5,0.9115120905839458,1.1855815941866676
2014,DET,1.4171708072159943,0.3527067084309924,2.772703024539902,53.52706708430993,2.4375,0.3967577986086868,20.0625,17.625,-0.5781441050757303,1.5156331519492834,-0.07534775728902071,3.0,0.3333333333333333,1.0,-4.0,11,5,0,0.6875,NFC,North,False,False,0,False,False,6.875,0.9115120905839458,1.1855815941866676
2014,GB,4.954335595851959,1.2330393708209624,2.7234552336077504,62.33039370820963,8.625,1.4039122104615072,30.375,21.75,1.7827227741198273,0.25588611656286603,-0.026831633203932566,2.0,0.5,2.0,-0.5,12,4,0,0.75,NFC,North,True,False,1,False,False,11.5,0.9115120905839458,1.1855815941866676
2014,HOU,1.9376677162925813,0.4822484338279145,2.829858128033792,54.822484338279146,4.0625,0.6612629976811447,23.25,19.1875,0.15157838485744204,1.0384562446059435,-0.32168494328485214,1.0,1.0,,,9,7,0,0.5625,AFC,South,False,False,0,False,False,5.625,0.9115120905839458,1.1855815941866676
2014,IND,3.979450114807771,0.9904090207139457,2.682904508062034,59.904090207139454,5.5625,0.9054216429787981,28.625,23.0625,1.3820908188623993,-0.14494248560553952,-0.12714891929747682,3.0,0.3333333333333333,3.0,-3.6666666666666665,11,5,0,0.6875,AFC,South,True,False,2,False,False,12.875,0.9115120905839458,1.1855815941866676
2014,JAX,-6.816975264875974,-1.6966147587059632,2.8301131424062738,33.03385241294037,-10.1875,-1.658244132646563,15.5625,25.75,-1.6083405614519737,-0.9656867662360842,0.027889469133810144,1.0,0.0,,,3,13,0,0.1875,AFC,South,False,False,0,False,False,1.875,0.9115120905839458,1.1855815941866676
2014,KC,3.390106552363722,0.843732680087805,2.830227896927408,58.43732680087805,4.5,0.7324759358929603,22.0625,17.5625,-0.12027901335295549,1.534720228243017,0.08618599835264436,4.0,0.5,,,9,7,0,0.5625,AFC,West,False,False,0,False,False,5.625,0.9115120905839458,1.1855815941866676
2014,LAC,0.8869701795429243,0.2207499130733578,2.8303840286596644,52.20749913073358,0.0,0.0,21.75,21.75,-0.19182043393463905,0.25588611656286603,0.2222405852420194,5.0,0.4,,,9,7,0,0.5625,AFC,West,False,False,0,False,False,5.625,0.9115120905839458,1.1855815941866676
2014,LAR,-2.0408918462864736,-0.5079389454694306,2.82869594134804,44.92061054530569,-1.875,-0.30519830662206676,20.25,22.125,-0.5352192527267201,0.14136365880046445,0.1138537191737555,3.0,0.6666666666666666,,,6,10,0,0.375,NFC,West,False,False,0,False,False,3.75,0.9115120905839458,1.1855815941866676
2014,MIA,0.875954348990897,0.2180082835429896,2.8296774634128115,52.1800828354299,0.9375,0.15259915331103338,24.25,23.3125,0.38051093071882947,-0.2212907907804739,0.2538612882505779,5.0,0.2,,,8,8,0,0.5,AFC,East,False,False,0,False,False,5.0,0.9115120905839458,1.1855815941866676
2014,MIN,-0.9333797574437438,-0.2323003693611407,2.8289633925970734,47.6769963063886,-1.125,-0.18311898397324008,20.3125,21.4375,-0.5209109686103834,0.351321498031534,-0.11431199205686758,3.0,0.0,,,7,9,0,0.4375,NFC,North,False,False,0,False,False,4.375,0.9115120905839458,1.1855815941866676
2014,NE,8.108837446505033,2.0181345469409324,2.673372600206684,70.18134546940932,9.6875,1.5768579175473452,29.25,19.5625,1.5251736600257664,0.923933786843542,0.13536768514301623,2.0,0.5,3.0,15.333333333333334,12,4,0,0.75,AFC,East,True,True,3,True,True,25.5,0.9115120905839458,1.1855815941866676
2014,NO,-1.3764391066022088,-0.3425693672021629,2.8299926408314464,46.57430632797837,-1.4375,-0.2339853684102512,25.0625,26.5,0.5665186242312067,-1.1947316817608873,-0.178615648659157,2.0,0.5,,,7,9,0,0.4375,NFC,South,False,False,0,False,False,4.375,0.9115120905839458,1.1855815941866676
2014,NYG,-1.2727603054304315,-0.3167656966007295,2.829525044697749,46.83234303399271,-1.25,-0.20346553774804452,23.75,25.0,0.26604465778813574,-0.7366418507112811,-0.0795080414126752,1.0,0.0,,,6,10,0,0.375,NFC,East,False,False,0,False,False,3.75,0.9115120905839458,1.1855815941866676
2014,NYJ,-3.857775045053431,-0.9601264230675326,2.829409254666691,40.398735769324674,-7.375,-1.2004466727134626,17.6875,25.0625,-1.1218589014965255,-0.7557289270050146,0.34294638556432405,4.0,0.0,,,4,12,0,0.25,AFC,East,False,False,0,False,False,2.5,0.9115120905839458,1.1855815941866676
2014,OAK,-6.003220672360215,-1.494086804887414,2.830376060448444,35.05913195112586,-12.4375,-2.024482100593043,15.8125,28.25,-1.5511074249866268,-1.729169817985428,0.47296190149034956,4.0,0.0,,,3,13,0,0.1875,AFC,West,False,False,0,False,False,1.875,0.9115120905839458,1.1855815941866676
2014,PHI,3.04435131074199,0.7576808135278859,2.829990451527613,57.57680813527886,4.625,0.7528224896677648,29.625,25.0,1.6110233647237868,-0.7366418507112811,-0.14571400113107125,2.0,0.0,,,10,6,0,0.625,NFC,East,False,False,0,False,False,6.25,0.9115120905839458,1.1855815941866676
2014,PIT,1.7737651093615168,0.4414562098422395,2.784626866775648,54.4145620984224,4.25,0.6917828283433514,27.25,23.0,1.0673085683029917,-0.12585540931180592,-0.22988250801996304,2.0,0.5,1.0,-13.0,11,5,0,0.6875,AFC,North,True,False,0,False,False,8.875,0.9115120905839458,1.1855815941866676
2014,SEA,6.276824121257518,1.5621814702478376,2.6771894819292545,65.62181470247837,8.75,1.4242587642363116,24.625,15.875,0.46636063541684974,2.0500712881738243,0.00883867622041923,2.0,1.0,3.0,5.333333333333333,12,4,0,0.75,NFC,West,True,True,2,True,False,18.5,0.9115120905839458,1.1855815941866676
2014,SF,-1.202685666279716,-0.2993254591971013,2.8286579569945074,47.00674540802898,-2.125,-0.3458914141716757,19.125,21.25,-0.792768366820781,0.40858272691273484,0.10097402800163059,3.0,0.0,,,8,8,0,0.5,NFC,West,False,False,0,False,False,5.0,0.9115120905839458,1.1855815941866676
2014,TB,-5.660303622734979,-1.4087413100308084,2.8296578554702108,35.91258689969192,-8.3125,-1.3530458260244962,17.3125,25.625,-1.2077086061945457,-0.927512613648617,-0.20946624309239922,2.0,0.0,,,2,14,0,0.125,NFC,South,False,False,0,False,False,1.25,0.9115120905839458,1.1855815941866676
2014,TEN,-7.923225850964432,-1.9719393709068185,2.8298415894796234,30.28060629093181,-11.5,-1.8718829472820095,15.875,27.375,-1.5367991408702901,-1.4619507498731577,0.02760804943416237,1.0,0.0,,,2,14,0,0.125,AFC,South,False,False,0,False,False,1.25,0.9115120905839458,1.1855815941866676
2014,WSH,-6.037281899157621,-1.5025639927660124,2.829159154023205,34.97436007233988,-8.5625,-1.393738933574105,18.8125,27.375,-0.8643097874024646,-1.4619507498731577,-0.016933409355656216,1.0,0.0,,,4,12,0,0.25,NFC,East,False,False,0,False,False,2.5,0.9115120905839458,1.1855815941866676
2015,ARI,6.967957374877524,1.5557674474906755,2.6267256055501726,65.55767447490676,11.0,1.8336815589685937,30.5625,19.5625,2.068552926485181,0.938929924953673,0.04192046797239638,4.0,0.5,2.0,-14.0,13,3,0,0.8125,NFC,West,True,False,1,False,False,12.125,0.07197971028528216,1.1562448923991002
2015,ATL,-1.2654294695339343,-0.2825381772417766,2.73318059708043,47.17461822758224,-0.375,-0.06251187132847479,21.1875,21.5625,-0.4337288394243121,0.36112689421295113,-0.417584004545769,2.0,0.5,,,8,8,0,0.5,NFC,South,False,False,0,False,False,5.0,0.07197971028528216,1.1562448923991002
2015,BAL,-2.572336104448753,-0.5743371493251549,2.734543409164644,44.25662850674845,-4.5625,-0.7605611011631099,20.5,25.0625,-0.6172295022576749,-0.6500284095833121,0.26934703323405007,8.0,0.25,,,5,11,0,0.3125,AFC,North,False,False,0,False,False,3.125,0.07197971028528216,1.1562448923991002
2015,BUF,0.6549636116594096,0.1462366962783757,2.7354731034763744,51.46236696278376,1.25,0.2083729044282493,23.6875,22.4375,0.23354629815155267,0.10833806826388534,-0.07334320856033348,4.0,0.0,,,8,8,0,0.5,AFC,East,False,False,0,False,False,5.0,0.07197971028528216,1.1562448923991002
2015,CAR,7.821775080117536,1.7464031991806677,2.569284378391268,67.46403199180668,12.0,2.000379882511193,31.25,19.25,2.252053589318544,1.0292116485069107,-0.49835641771739025,1.0,1.0,3.0,9.0,15,1,0,0.9375,NFC,South,True,True,2,True,False,20.375,0.07197971028528216,1.1562448923991002
2015,CHI,-1.913978243642022,-0.4273426036444398,2.7340299837378845,45.7265739635556,-3.875,-0.6459560037275728,20.9375,24.8125,-0.5004563531818986,-0.5778030307407218,0.31801407966078965,4.0,0.25,,,6,10,0,0.375,NFC,North,False,False,0,False,False,3.75,0.07197971028528216,1.1562448923991002
2015,CIN,6.79148951626892,1.5163666682979815,2.6889626558340494,65.16366668297982,8.75,1.458610330997745,26.1875,17.4375,0.9008214357274175,1.55284564511569,0.13739790589951245,6.0,0.5,1.0,-2.0,12,4,0,0.75,AFC,North,True,False,0,False,False,9.5,0.07197971028528216,1.1562448923991002
2015,CLE,-5.767806838610774,-1.2878043937635992,2.73452043132948,37.121956062364006,-9.625,-1.6044713640975194,17.375,27.0,-1.451323424227506,-1.2097750956133864,0.416368808771153,8.0,0.0,,,3,13,0,0.1875,AFC,North,False,False,0,False,False,1.875,0.07197971028528216,1.1562448923991002
2015,DAL,-4.756038256623898,-1.0619022334082269,2.734891946184798,39.38097766591773,-6.1875,-1.031445876919834,17.1875,23.375,-1.5013690595456959,-0.16250710239582802,0.02183845858420765,3.0,0.0,,,4,12,0,0.25,NFC,East,False,False,0,False,False,2.5,0.07197971028528216,1.1562448923991002
2015,DEN,4.957723224922592,1.1069333510580832,2.5761041259012067,61.06933351058083,3.6875,0.6147000680633354,22.1875,18.5,-0.1668187843939662,1.2458877850346814,0.24606475191913946,5.0,0.6,3.0,7.666666666666667,12,4,0,0.75,AFC,West,True,False,3,True,True,23.5,0.07197971028528216,1.1562448923991002
2015,DET,-0.9256603130060886,-0.2066763765807647,2.7335504364844234,47.93323623419235,-2.625,-0.4375830992993235,22.375,25.0,-0.11677314907577634,-0.6319720648726646,0.28415272737687086,4.0,0.0,,,7,9,0,0.4375,NFC,North,False,False,0,False,False,4.375,0.07197971028528216,1.1562448923991002
2015,GB,3.859829871202099,0.8618017222836273,2.6270647010852626,58.61801722283627,2.8125,0.4688390349635609,23.0,20.1875,0.05004563531818986,0.7583664778471974,0.2870462887607395,5.0,0.4,2.0,5.5,10,6,0,0.625,NFC,North,False,False,1,False,False,8.25,0.07197971028528216,1.1562448923991002
2015,HOU,-0.5394157379189386,-0.1204377984205448,2.679462682298712,48.79562201579455,1.625,0.2708847757567241,21.1875,19.5625,-0.4337288394243121,0.938929924953673,-0.20916559395095452,4.0,0.25,1.0,-30.0,9,7,0,0.5625,AFC,South,True,False,0,False,False,7.625,0.07197971028528216,1.1562448923991002
2015,IND,-3.567471640870595,-0.7965255741551054,2.7348984823438287,42.03474425844895,-4.6875,-0.7813983916059348,20.8125,25.5,-0.5338201100606919,-0.776422822557845,-0.168647012546476,4.0,0.25,,,8,8,0,0.5,AFC,South,False,False,0,False,False,5.0,0.07197971028528216,1.1562448923991002
2015,JAX,-4.736629413038618,-1.057568732868702,2.7346096650428984,39.424312671312975,-4.5,-0.7501424559416975,23.5,28.0,0.18350066283336283,-1.4986766109837473,-0.3539406838367895,2.0,0.0,,,5,11,0,0.3125,AFC,South,False,False,0,False,False,3.125,0.07197971028528216,1.1562448923991002
2015,KC,6.724936626010208,1.5015071026275266,2.622992689848846,65.01507102627527,7.375,1.2294001361266709,25.3125,17.9375,0.6672751375758648,1.4083948874305094,0.16118213300386378,4.0,0.5,2.0,11.5,11,5,0,0.6875,AFC,West,False,False,1,False,False,9.875,0.07197971028528216,1.1562448923991002
2015,LAC,-2.680343215160104,-0.5984523868190115,2.7319471909230946,44.01547613180988,-4.875,-0.8126543272701723,20.0,24.875,-0.7506845297728479,-0.5958593754513694,0.29428821931632665,6.0,0.0,,,4,12,0,0.25,AFC,West,False,False,0,False,False,2.5,0.07197971028528216,1.1562448923991002
2015,LAR,-1.450203659360919,-0.3237935486804313,2.734659387817352,46.76206451319569,-3.125,-0.5209322610706232,17.5,20.625,-1.4179596673487127,0.6319720648726646,0.2831436663947441,6.0,0.5,,,7,9,0,0.4375,NFC,West,False,False,0,False,False,4.375,0.07197971028528216,1.1562448923991002
2015,MIA,-4.419912750803722,-0.986853967167138,2.734586740723066,40.13146032832862,-4.9375,-0.8230729724915847,19.375,24.3125,-0.9175033141668141,-0.43335227305554136,-0.19362333232149892,2.0,0.5,,,6,10,0,0.375,AFC,East,False,False,0,False,False,3.75,0.07197971028528216,1.1562448923991002
2015,MIN,3.792531174110799,0.8467756369389218,2.6817805591022426,58.46775636938922,3.9375,0.6563746489489852,22.8125,18.875,0.0,1.1375497167707962,0.20469583588642143,4.0,0.25,1.0,-1.0,11,5,0,0.6875,NFC,North,True,False,0,False,False,8.875,0.07197971028528216,1.1562448923991002
2015,NE,6.231336982974078,1.39129887151846,2.6232114887799165,63.9129887151846,9.375,1.5627967832118697,29.0625,19.6875,1.668187843939662,0.9028172355323778,-0.27296837102768556,2.0,0.5,2.0,2.5,12,4,0,0.75,AFC,East,True,True,1,False,False,12.5,0.07197971028528216,1.1562448923991002
2015,NO,-3.9148957667953135,-0.8740965345538232,2.7336740127033456,41.25903465446177,-4.25,-0.7084678750560476,25.5,29.75,0.7173207728940547,-2.004254262881879,-0.24006051104658307,3.0,0.0,,,7,9,0,0.4375,NFC,South,False,False,0,False,False,4.375,0.07197971028528216,1.1562448923991002
2015,NYG,-1.7047186886347538,-0.3806202736642833,2.734274539176216,46.19379726335717,-1.375,-0.22921019487107422,26.25,27.625,0.9175033141668141,-1.3903385427198618,-0.23616704526496957,2.0,0.0,,,6,10,0,0.375,NFC,East,False,False,0,False,False,3.75,0.07197971028528216,1.1562448923991002
2015,NYJ,2.114530699339616,0.4721208600691375,2.7348092549866787,54.72120860069138,4.5625,0.7605611011631099,24.1875,19.625,0.36700132566672566,0.9208735802430255,-0.3956740009944569,2.0,0.5,,,10,6,0,0.625,AFC,East,False,False,0,False,False,6.25,0.07197971028528216,1.1562448923991002
2015,OAK,-0.8950693193456543,-0.1998461866753429,2.731930191170177,48.00153813324657,-2.5,-0.4167458088564986,22.4375,24.9375,-0.10009127063637972,-0.6139157201620169,0.3023008142806654,6.0,0.16666666666666666,,,7,9,0,0.4375,AFC,West,False,False,0,False,False,4.375,0.07197971028528216,1.1562448923991002
2015,PHI,-2.7977022890284813,-0.6246556795444186,2.734553408196746,43.753443204555815,-3.3125,-0.5521881967348606,23.5625,26.875,0.20018254127275945,-1.1736624061920913,-0.10208392069477254,3.0,0.3333333333333333,,,7,9,0,0.4375,NFC,East,False,False,0,False,False,4.375,0.07197971028528216,1.1562448923991002
2015,PIT,5.406179290494135,1.20706217086996,2.64158390934714,62.070621708699605,6.5,1.0835391030268964,26.4375,19.9375,0.967548949485004,0.8305918566897876,0.2116218680471104,7.0,0.42857142857142855,2.0,-2.5,10,6,0,0.625,AFC,North,False,False,1,False,False,8.25,0.07197971028528216,1.1562448923991002
2015,SEA,7.146154417146997,1.59555430936235,2.6320638562622523,65.9555430936235,9.125,1.5211222023262199,26.4375,17.3125,0.967548949485004,1.588958334536985,0.1734004339803547,5.0,0.4,2.0,-3.0,10,6,0,0.625,NFC,West,False,False,1,False,False,8.25,0.07197971028528216,1.1562448923991002
2015,SF,-5.172751760032087,-1.1549437473918929,2.734372674987058,38.45056252608107,-9.3125,-1.5523781379904573,14.875,24.1875,-2.118598561803371,-0.3972395836342463,0.4329839775322288,6.0,0.0,,,5,11,0,0.3125,NFC,West,False,False,0,False,False,3.125,0.07197971028528216,1.1562448923991002
2015,TB,-4.866861884214975,-1.0866463274006295,2.733209427094902,39.13353672599371,-4.6875,-0.7813983916059348,21.375,26.0625,-0.3836832041061223,-0.938929924953673,-0.3447559883929061,2.0,0.0,,,6,10,0,0.375,NFC,South,False,False,0,False,False,3.75,0.07197971028528216,1.1562448923991002
2015,TEN,-7.126337249189527,-1.5911296403882196,2.7345264338857014,34.0887035961178,-7.75,-1.2919120074551456,18.6875,26.4375,-1.101003977000177,-1.0472679932175584,-0.3069243856652733,2.0,0.0,,,3,13,0,0.1875,AFC,South,False,False,0,False,False,1.875,0.07197971028528216,1.1562448923991002
2015,WSH,-1.395845268864727,-0.3116567042822624,2.674617408448156,46.88343295717738,0.5625,0.09376780699271219,24.25,23.6875,0.3836832041061223,-0.2527888259490658,-0.2724729940547159,2.0,0.0,1.0,-17.0,9,7,0,0.5625,NFC,East,True,False,0,False,False,7.625,0.07197971028528216,1.1562448923991002
2016,ARI,1.168774677758898,0.3169238629480934,2.434035066024196,53.16923862948094,3.5,0.6589004816259492,26.125,22.625,0.8251000604690791,0.04517243320226732,-0.2557680972078712,2.0,0.0,,,7,8,1,0.46875,NFC,West,False,False,0,False,False,4.6875,0.0866589209421107,1.0232735935539905
2016,ATL,6.961070237740407,1.8875573812292727,2.301028044118601,68.87557381229273,8.375,1.576654723890664,33.75,25.375,2.7033453293153094,-0.7808377739249065,0.021720253893648275,,,3.0,11.0,11,5,0,0.6875,NFC,South,True,False,2,True,False,17.875,0.0866589209421107,1.0232735935539905
2016,BAL,0.8262446741085882,0.2240437432823992,2.433850505737804,52.240437432824,1.375,0.25885376063876575,21.4375,20.0625,-0.3295589162806526,0.8148637625707702,0.005343817194624401,2.0,0.0,,,8,8,0,0.5,AFC,North,False,False,0,False,False,5.0,0.0866589209421107,1.0232735935539905
2016,BUF,0.289617991983833,0.078532547415203,2.433362460133224,50.78532547415203,1.3125,0.24708768060973094,24.9375,23.625,0.5325864530258138,-0.2551949148439777,-0.2301471992671068,2.0,0.5,,,7,9,0,0.4375,AFC,East,False,False,0,False,False,4.375,0.0866589209421107,1.0232735935539905
2016,CAR,-0.6600874325814241,-0.178988699017949,2.4335763298823,48.21011300982051,-2.0625,-0.3882806409581486,23.0625,25.125,0.07072286232592107,-0.7057459369133452,0.22655138803620195,2.0,0.0,,,6,10,0,0.375,NFC,South,False,False,0,False,False,3.75,0.0866589209421107,1.0232735935539905
2016,CHI,-5.549275536299573,-1.5047364329450208,2.4336089008239896,34.9526356705498,-7.5,-1.4119296034841768,17.4375,24.9375,-1.314867909773757,-0.6494270591546742,-0.05101966499115043,1.0,0.0,,,3,13,0,0.1875,NFC,North,False,False,0,False,False,1.875,0.0866589209421107,1.0232735935539905
2016,CIN,0.726239139258401,0.19692633474846,2.43414157580163,51.9692633474846,0.625,0.11766080029034807,20.3125,19.6875,-0.6066770707005882,0.9275015180881121,0.0552320510565353,2.0,0.0,,,6,9,1,0.40625,AFC,North,False,False,0,False,False,4.0625,0.0866589209421107,1.0232735935539905
2016,CLE,-7.649145164146637,-2.0741351432428345,2.433910503892131,29.25864856757165,-11.75,-2.212023045458544,16.5,28.25,-1.5457997051237033,-1.6443938995578609,0.3125421827937977,2.0,0.0,,,1,15,0,0.0625,AFC,North,False,False,0,False,False,0.625,0.0866589209421107,1.0232735935539905
2016,DAL,4.466824996489398,1.211220143573764,2.390099808821128,62.11220143573764,7.1875,1.3530992033390028,26.3125,19.125,0.8712864195390684,1.096458151364125,-0.13752296873143477,,,1.0,-3.0,13,3,0,0.8125,NFC,East,True,True,0,False,False,11.125,0.0866589209421107,1.0232735935539905
2016,DEN,2.5366133551163115,0.6878257363093014,2.4343893511730315,56.87825736309301,2.25,0.42357888104525304,20.8125,18.5625,-0.4835134465139501,1.2654147846401378,0.3428291133390316,2.0,0.0,,,9,7,0,0.5625,AFC,West,False,False,0,False,False,5.625,0.0866589209421107,1.0232735935539905
2016,DET,-1.5716990663064836,-0.4261804682839868,2.383533545869414,45.73819531716013,-0.75,-0.1411929603484177,21.625,22.375,-0.28337255721066335,0.12026427021382857,-0.15966658767885267,1.0,0.0,1.0,-20.0,9,7,0,0.5625,NFC,North,False,False,0,False,False,5.625,0.0866589209421107,1.0232735935539905
2016,GB,2.4368259527995533,0.6607674763918103,2.306494931387664,56.607674763918105,2.75,0.5177075212775315,27.0,24.25,1.0406364027956956,-0.44292450737288086,-0.03678250805797605,2.0,0.0,3.0,1.6666666666666667,10,6,0,0.625,NFC,North,True,False,2,False,False,12.25,0.0866589209421107,1.0232735935539905
2016,HOU,-1.786450235264667,-0.484412197062838,2.3452141368301107,45.15587802937162,-3.0625,-0.5765379214227055,17.4375,20.5,-1.314867909773757,0.683453047800538,0.06971708763279823,1.0,0.0,2.0,-2.5,9,7,0,0.5625,AFC,South,False,False,1,False,False,7.625,0.0866589209421107,1.0232735935539905
2016,IND,0.133169985247374,0.0361102502958642,2.4340205511529605,50.36110250295864,1.1875,0.22355552055166134,25.6875,24.5,0.7173318893057709,-0.5180163443844421,-0.17300878529965213,,,,,8,8,0,0.5,AFC,South,False,False,0,False,False,5.0,0.0866589209421107,1.0232735935539905
2016,JAX,-3.567232150155939,-0.9672873776045752,2.434058389811653,40.327126223954245,-5.125,-0.9648185623808542,19.875,25.0,-0.7144452418638965,-0.6682000184075646,0.0014556944678427142,,,,,3,13,0,0.1875,AFC,South,False,False,0,False,False,1.875,0.0866589209421107,1.0232735935539905
2016,KC,3.6757188196437935,0.9967045227795532,2.387116152925624,59.96704522779554,4.875,0.9177542422647149,24.3125,19.4375,0.3786319227925162,1.0025933550996733,0.12655869801763753,1.0,1.0,1.0,-2.0,12,4,0,0.75,AFC,West,True,False,0,False,False,9.5,0.0866589209421107,1.0232735935539905
2016,LAC,-0.2276203427739669,-0.0617213220736555,2.43406542561276,49.38278677926345,-0.8125,-0.1529590403774525,25.625,26.4375,0.7019364362824411,-1.0999780812240418,0.1348059431701573,1.0,1.0,,,5,11,0,0.3125,AFC,West,False,False,0,False,False,3.125,0.0866589209421107,1.0232735935539905
2016,LAR,-7.143306728320357,-1.9369724598271745,2.4345051597917293,30.63027540172826,-10.625,-2.000233604935917,14.0,24.625,-2.1616178260568937,-0.5555622628902227,-0.02007831159153573,2.0,0.0,,,4,12,0,0.25,NFC,West,False,False,0,False,False,2.5,0.0866589209421107,1.0232735935539905
2016,MIA,-1.4486727054071808,-0.3928207538047037,2.3891328704400405,46.07179246195296,-1.0625,-0.2000233604935917,22.6875,23.75,-0.02164985581405747,-0.2927408333497583,-0.1513020318310994,2.0,0.0,1.0,-18.0,10,6,0,0.625,AFC,East,False,False,0,False,False,6.25,0.0866589209421107,1.0232735935539905
2016,MIN,0.5826365299774773,0.1579871837480275,2.433594338695382,51.57987183748028,1.25,0.23532160058069615,20.4375,19.1875,-0.5758861646539287,1.0776851921112345,-0.12006805900006357,1.0,0.0,,,8,8,0,0.5,NFC,North,False,False,0,False,False,5.0,0.0866589209421107,1.0232735935539905
2016,NE,7.979015974258378,2.1635826076719047,2.3007291448038494,71.63582607671904,11.9375,2.247321285545648,27.5625,15.625,1.1791954800056634,2.1477438695259825,-0.44427989900402604,,,3.0,14.333333333333334,14,2,0,0.875,AFC,East,True,True,3,True,True,26.75,0.0866589209421107,1.0232735935539905
2016,NO,1.006773823549121,0.2729958608326642,2.43371097597172,52.72995860832664,0.9375,0.1764912004355221,29.3125,28.375,1.6102681646588966,-1.6819398180636416,0.12400606332430225,2.0,0.0,,,7,9,0,0.4375,NFC,South,False,False,0,False,False,4.375,0.0866589209421107,1.0232735935539905
2016,NYG,0.2304666108847181,0.0624931135077264,2.3899359101012303,50.62493113507726,1.625,0.305918080754905,19.375,17.75,-0.8376088660505345,1.5094632549277118,0.032240482921746916,2.0,1.0,1.0,-25.0,11,5,0,0.6875,NFC,East,False,False,0,False,False,6.875,0.0866589209421107,1.0232735935539905
2016,NYJ,-5.304701204589303,-1.438417882878388,2.4336253353894346,35.61582117121612,-8.375,-1.576654723890664,17.1875,25.5625,-1.376449721867076,-0.8371566516835774,0.05780773942907018,2.0,0.0,,,5,11,0,0.3125,AFC,East,False,False,0,False,False,3.125,0.0866589209421107,1.0232735935539905
2016,OAK,1.5737035127376358,0.4267239921283426,2.390131046820563,54.26723992128343,1.9375,0.364748480900079,26.0,24.0625,0.7943091544224196,-0.3866056296142099,0.2468460406289788,1.0,0.0,1.0,-13.0,12,4,0,0.75,AFC,West,False,False,0,False,False,7.5,0.0866589209421107,1.0232735935539905
2016,PHI,2.0950626651699538,0.5680952587346827,2.434762127168154,55.68095258734682,2.25,0.42357888104525304,22.9375,20.6875,0.039931956279261556,0.627134170041867,0.22779278747372866,3.0,0.6666666666666666,,,7,9,0,0.4375,NFC,East,False,False,0,False,False,4.375,0.0866589209421107,1.0232735935539905
2016,PIT,3.5269250926718376,0.9563577530969511,2.306025824869604,59.56357753096951,4.5,0.8471577620905061,24.9375,20.4375,0.5325864530258138,0.7022260070534283,0.01214070087728352,2.0,0.0,3.0,0.3333333333333333,11,5,0,0.6875,AFC,North,True,False,2,False,False,12.875,0.0866589209421107,1.0232735935539905
2016,SEA,2.1703392317749017,0.5885071830618375,2.342380805840249,55.88507183061837,3.875,0.729496961800158,22.125,18.25,-0.16020893302402528,1.3592795809045892,-0.2362288863337401,2.0,1.0,2.0,2.0,10,5,1,0.65625,NFC,West,True,False,1,False,False,10.5625,0.0866589209421107,1.0232735935539905
2016,SF,-7.663881442359679,-2.078131018842835,2.4339691717861665,29.21868981157165,-10.6875,-2.011999684964952,19.3125,30.0,-0.8530043190738643,-2.1700367586387896,0.0019521998732345558,3.0,0.0,,,2,14,0,0.125,NFC,West,False,False,0,False,False,1.25,0.0866589209421107,1.0232735935539905
2016,TB,-0.0169890918642183,-0.0046067464705072,2.433532008777749,49.953932535294925,-0.9375,-0.1764912004355221,22.125,23.0625,-0.16020893302402528,-0.08623828156796488,0.16309208082501142,3.0,0.3333333333333333,,,9,7,0,0.5625,NFC,South,False,False,0,False,False,5.625,0.0866589209421107,1.0232735935539905
2016,TEN,-0.5901553751517765,-0.1600259868662716,2.4338087786230327,48.39974013133728,0.1875,0.03529824008710442,23.8125,23.625,0.25546829860587816,-0.2551949148439777,-0.27254774110851654,,,,,9,7,0,0.5625,AFC,South,True,False,0,False,False,7.625,0.0866589209421107,1.0232735935539905
2016,WSH,0.7931932040502188,0.2150815371648807,2.4345846592769367,52.1508153716488,0.8125,0.1529590403774525,24.75,23.9375,0.48640009395582445,-0.34905971110842926,0.12578641514739353,2.0,0.0,,,8,7,1,0.53125,NFC,East,False,False,0,False,False,5.3125,0.0866589209421107,1.0232735935539905
2017,ARI,-2.7307449421868166,-0.6689429794418267,2.681218307766802,43.31057020558173,-4.125,-0.6762209896105255,18.4375,22.5625,-0.818733672410479,-0.3067587689052185,0.05182063195084384,4.0,0.25,,,8,8,0,0.5,NFC,West,False,False,0,False,False,5.0,-2.1332481106843653,1.128717289714251
2017,ATL,3.3388432091737674,0.817907117478793,2.574411539995494,58.17907117478793,2.375,0.3893393576545449,22.0625,19.6875,0.08577209901443114,0.7384933325496001,0.24990412626896724,4.0,0.25,2.0,4.0,10,6,0,0.625,NFC,South,False,False,1,False,False,8.25,-2.1332481106843653,1.128717289714251
2017,BAL,2.7197378266039944,0.6662465970081252,2.6823456703354607,56.66246597008125,5.75,0.942611076426793,24.6875,18.9375,0.7407590369428143,1.0111677937986832,-0.4129869520263591,2.0,0.0,,,9,7,0,0.5625,AFC,North,False,False,0,False,False,5.625,-2.1332481106843653,1.128717289714251
2017,BUF,-2.114850698025293,-0.5180690825993965,2.624745735982771,44.81930917400604,-3.5625,-0.5840090364818175,18.875,22.4375,-0.7095691827557485,-0.26131302536370465,-0.04093107570886855,3.0,0.0,1.0,-7.0,9,7,0,0.5625,AFC,East,False,False,0,False,False,5.625,-2.1332481106843653,1.128717289714251
2017,CAR,2.607187104781259,0.638675360298579,2.637771304651753,56.38675360298579,2.25,0.36884781251483206,22.6875,20.4375,0.24172136994976048,0.465818871300517,0.32198648140768316,5.0,0.4,1.0,-5.0,11,5,0,0.6875,NFC,South,False,False,0,False,False,6.875,-2.1332481106843653,1.128717289714251
2017,CHI,-1.6260741605729807,-0.3983348561641834,2.6827884749305624,46.01665143835817,-3.5,-0.573763263911961,16.5,20.0,-1.30217641231,0.6248789736958155,0.3109056417318518,4.0,0.0,,,5,11,0,0.3125,NFC,North,False,False,0,False,False,3.125,-2.1332481106843653,1.128717289714251
2017,CIN,-3.348091042762757,-0.8201725335045917,2.682464292380052,41.79827466495408,-3.6875,-0.6045005816215303,18.125,21.8125,-0.8967083078781437,-0.03408430765613539,-0.2218863688275416,2.0,0.0,,,7,9,0,0.4375,AFC,North,False,False,0,False,False,4.375,-2.1332481106843653,1.128717289714251
2017,CLE,-7.878950456523032,-1.9300845391442232,2.682454337532049,30.69915460855777,-11.0,-1.8032559722947346,14.625,25.625,-1.770024225115988,-1.420179485672308,0.011124159177300183,2.0,0.0,,,0,16,0,0.0,AFC,North,False,False,0,False,False,0.0,-2.1332481106843653,1.128717289714251
2017,DAL,1.096463582209134,0.2685976285083087,2.681714229927916,52.685976285083086,1.375,0.22540699653684182,22.125,20.75,0.10136702610796407,0.3522045124467324,0.06228277797356499,3.0,0.3333333333333333,,,9,7,0,0.5625,NFC,East,False,False,0,False,False,5.625,-2.1332481106843653,1.128717289714251
2017,DEN,-4.441324227053196,-1.087978820436054,2.681900300513654,39.12021179563946,-5.8125,-0.9528568489966495,18.0625,23.875,-0.9123032349716766,-0.783939076091114,-0.06873718544380125,2.0,0.0,,,5,11,0,0.3125,AFC,West,False,False,0,False,False,3.125,-2.1332481106843653,1.128717289714251
2017,DET,1.5383058878040052,0.3768345069446321,2.682262255708147,53.76834506944632,2.125,0.34835626737511916,25.625,23.5,0.9746829433458084,-0.6476018454665724,-0.003572268972176204,3.0,0.3333333333333333,,,9,7,0,0.5625,NFC,North,False,False,0,False,False,5.625,-2.1332481106843653,1.128717289714251
2017,GB,-2.09557200601912,-0.5133464351374835,2.682216197216858,44.86653564862517,-4.0,-0.6557294444708125,20.0,24.0,-0.4288604950721557,-0.8293848196326279,0.27560370361232517,3.0,0.0,,,7,9,0,0.4375,NFC,North,False,False,0,False,False,4.375,-2.1332481106843653,1.128717289714251
2017,HOU,-4.698234625110538,-1.150913444783811,2.6813861341037586,38.49086555216189,-6.125,-1.0040857118459316,21.125,27.25,-0.14815180738856287,-2.010974151711988,-0.001973322704100014,4.0,0.0,,,4,12,0,0.25,AFC,South,False,False,0,False,False,2.5,-2.1332481106843653,1.128717289714251
2017,IND,-6.581905689178892,-1.6123510966200023,2.6806906146939538,33.87648903379997,-8.8125,-1.444653932349759,16.4375,25.25,-1.3177713394035329,-1.2838422550477664,-0.1910212155350677,3.0,0.0,,,4,12,0,0.25,AFC,South,False,False,0,False,False,2.5,-2.1332481106843653,1.128717289714251
2017,JAX,4.810355125186669,1.1783792912708777,2.5311295509549403,61.783792912708776,9.3125,1.5266201129086103,26.0625,16.75,1.083847433000539,1.8064683057751758,-0.44559098672153985,1.0,0.0,3.0,2.0,10,6,0,0.625,AFC,South,True,False,2,False,False,12.25,-2.1332481106843653,1.128717289714251
2017,KC,2.675012164774904,0.6552902762550417,2.62673720396629,56.55290276255042,4.75,0.7786787153090898,25.9375,21.1875,1.052657578813473,0.19314441005143387,-0.1498391089922348,2.0,1.0,1.0,-1.0,10,6,0,0.625,AFC,West,True,False,0,False,False,8.25,-2.1332481106843653,1.128717289714251
2017,LAC,3.1101230595061025,0.7618781797287358,2.6821916058292783,57.61878179728736,5.1875,0.850399123298085,22.1875,17.0,0.11696195320149701,1.715576818692148,-0.19491816157369696,3.0,0.0,,,9,7,0,0.5625,AFC,West,False,False,0,False,False,5.625,-2.1332481106843653,1.128717289714251
2017,LAR,4.840991903908535,1.1858842975869537,2.6256528162630213,61.858842975869536,9.3125,1.5266201129086103,29.875,20.5625,2.0351379857060476,0.42037312775900315,-0.018913943039843017,4.0,0.5,1.0,-13.0,11,5,0,0.6875,NFC,West,True,False,0,False,False,8.875,-2.1332481106843653,1.128717289714251
2017,MIA,-3.900599149154506,-0.9555189047989686,2.6805846653110743,40.44481095201032,-7.0,-1.147526527823922,17.5625,24.5625,-1.0370626517199402,-1.0338906655694402,0.18454631544414157,3.0,0.3333333333333333,,,6,10,0,0.375,AFC,East,False,False,0,False,False,3.75,-2.1332481106843653,1.128717289714251
2017,MIN,5.1219551092263735,1.254711071107709,2.5812282830059994,62.54711071107709,8.125,1.331950434081338,23.875,15.75,0.5380249847268862,2.1700342541072866,0.06687971248959294,2.0,1.0,2.0,-13.0,13,3,0,0.8125,NFC,North,True,False,1,False,False,12.125,-2.1332481106843653,1.128717289714251
2017,NE,6.88379226404501,1.6863034096773732,2.5256182169233194,66.86303409677373,10.125,1.6598151563167443,28.625,18.5,1.723239443835389,1.1702278961939818,-0.17967092370551133,1.0,1.0,3.0,5.666666666666667,13,3,0,0.8125,AFC,East,True,True,2,True,False,19.125,-2.1332481106843653,1.128717289714251
2017,NO,5.479862808999142,1.3423867230341888,2.5913733985277694,63.42386723034189,7.625,1.2499842535224863,28.0,20.375,1.56729017290006,0.48854174307127396,0.1966273727324596,3.0,0.0,2.0,0.0,11,5,0,0.6875,NFC,South,True,False,1,False,False,10.875,-2.1332481106843653,1.128717289714251
2017,NYG,-5.4655917160222085,-1.3388907731531146,2.6811551803682137,36.61109226846885,-8.875,-1.4548997049196153,15.375,24.25,-1.5828850999935928,-0.9202763067156555,0.24538356303086897,3.0,0.0,,,3,13,0,0.1875,NFC,East,False,False,0,False,False,1.875,-2.1332481106843653,1.128717289714251
2017,NYJ,-3.508966091664244,-0.8595816459659811,2.680496291630268,41.404183540340185,-5.25,-0.8606448958679415,18.625,23.875,-0.7719488911298802,-0.783939076091114,0.10680914360265754,4.0,0.25,,,5,11,0,0.3125,AFC,East,False,False,0,False,False,3.125,-2.1332481106843653,1.128717289714251
2017,OAK,-3.001626453164742,-0.7353000683921286,2.68265393519382,42.64699931607871,-4.5,-0.7376956250296641,18.8125,23.3125,-0.7251641098492814,-0.5794332301543016,0.05797413392877166,2.0,0.0,,,6,10,0,0.375,AFC,West,False,False,0,False,False,3.75,-2.1332481106843653,1.128717289714251
2017,PHI,8.151639746340914,1.9968844746396897,2.525727728197413,69.9688447463969,10.125,1.6598151563167443,28.5625,18.4375,1.7076445167418564,1.1929507679647386,-0.15776683893078977,1.0,1.0,3.0,14.666666666666666,13,3,0,0.8125,NFC,East,True,True,3,True,True,26.125,-2.1332481106843653,1.128717289714251
2017,PIT,3.703749649048343,0.907297231266472,2.6332172097663764,59.07297231266472,6.125,1.0040857118459316,25.375,19.25,0.9123032349716766,0.8975534349448986,-0.19109249011343293,3.0,0.3333333333333333,1.0,-3.0,13,3,0,0.8125,AFC,North,True,False,0,False,False,10.125,-2.1332481106843653,1.128717289714251
2017,SEA,1.6737843816687434,0.4100222960845411,2.6816293306130965,54.10022296084541,2.125,0.34835626737511916,22.875,20.75,0.2885061512303593,0.3522045124467324,-0.06521476233957821,4.0,0.5,,,9,7,0,0.5625,NFC,West,False,False,0,False,False,5.625,-2.1332481106843653,1.128717289714251
2017,SF,-2.136654838712956,-0.5234103821878135,2.6808911263347146,44.76589617812186,-3.25,-0.5327801736325352,20.6875,23.9375,-0.2573162970432934,-0.806661947861871,0.047450561306534,4.0,0.5,,,6,10,0,0.375,NFC,West,False,False,0,False,False,3.75,-2.1332481106843653,1.128717289714251
2017,TB,-1.459942584992867,-0.3576380670093054,2.680823527097243,46.42361932990695,-2.9375,-0.481551310783253,20.9375,23.875,-0.19493658866916166,-0.783939076091114,0.2289439195057426,4.0,0.25,,,5,11,0,0.3125,NFC,South,False,False,0,False,False,3.125,-2.1332481106843653,1.128717289714251
2017,TEN,-1.4942065420027666,-0.3660316130837014,2.574126335747963,46.33968386916298,-1.375,-0.22540699653684182,20.875,22.25,-0.2105315157626946,-0.19314441005143387,-0.3521093428618332,3.0,0.6666666666666666,2.0,-10.0,9,7,0,0.5625,AFC,South,False,False,1,False,False,7.625,-2.1332481106843653,1.128717289714251
2017,WSH,-1.26846860013002,-0.3107332184674347,2.681469895457712,46.89266781532565,-2.875,-0.4713055382133965,21.375,24.25,-0.08577209901443114,-0.9202763067156555,0.2779827033330696,5.0,0.2,,,7,9,0,0.4375,NFC,East,False,False,0,False,False,4.375,-2.1332481106843653,1.128717289714251
2018,ARI,-7.344146037010916,-2.0626493270587747,2.507591116759228,29.37350672941225,-12.5,-2.1105241014485525,14.0625,26.5625,-1.9808585581030889,-1.002590386805644,0.15740987195888154,5.0,0.0,,,3,13,0,0.1875,NFC,West,False,False,0,False,False,1.875,0.05214052792341972,1.0488312863528386
2018,ATL,-0.4305488475005198,-0.1209223354338856,2.509425318052909,48.79077664566115,-0.5625,-0.09497358456518486,25.875,26.4375,0.5402341522099333,-0.9636548378034832,-0.01802297878289657,2.0,0.0,,,7,9,0,0.4375,NFC,South,False,False,0,False,False,4.375,0.05214052792341972,1.0488312863528386
2018,BAL,3.4169391954732014,0.9596687343396136,2.4656973009332668,59.59668734339613,6.375,1.0763672917387619,24.3125,17.9375,0.2067562804754066,1.6839624943434606,0.02334283348867279,3.0,0.3333333333333333,1.0,-6.0,10,6,0,0.625,AFC,North,True,False,0,False,False,8.25,0.05214052792341972,1.0488312863528386
2018,BUF,-3.4542910299005776,-0.9701592305467654,2.509070563332068,40.29840769453234,-6.5625,-1.1080251532604901,16.8125,23.375,-1.393937503850322,-0.009733887250540234,0.06241122246520668,4.0,0.0,,,6,10,0,0.375,AFC,East,False,False,0,False,False,3.75,0.05214052792341972,1.0488312863528386
2018,CAR,0.1986892093316421,0.0558031065635719,2.5095458027904622,50.55803106563572,-0.375,-0.06331572304345658,23.5,23.875,0.03334778717345268,-0.16547608325918398,0.1338829660668594,2.0,0.5,,,7,9,0,0.4375,NFC,South,False,False,0,False,False,4.375,0.05214052792341972,1.0488312863528386
2018,CHI,4.2727449248547975,1.200027123579984,2.4599463104146047,62.00027123579984,8.625,1.4562616299995013,26.3125,17.6875,0.6336079562956008,1.7618335923477824,-0.33167824640438875,2.0,0.5,1.0,-1.0,12,4,0,0.75,NFC,North,True,False,0,False,False,9.5,0.05214052792341972,1.0488312863528386
2018,CIN,-2.44858069450136,-0.687699195564734,2.509943095530839,43.12300804435266,-5.4375,-0.9180779841301203,23.0,28.4375,-0.07336513178159589,-1.5866236218380583,0.2453411469818514,3.0,0.0,,,6,10,0,0.375,AFC,North,False,False,0,False,False,3.75,0.05214052792341972,1.0488312863528386
2018,CLE,-0.9346542104042036,-0.2625034780636693,2.5098098708588923,47.3749652193633,-2.0625,-0.34823647673901115,22.4375,24.5,-0.1934171656060255,-0.36015382826998865,0.19718751521686728,3.0,0.0,,,7,8,1,0.46875,AFC,North,False,False,0,False,False,4.6875,0.05214052792341972,1.0488312863528386
2018,DAL,0.5415654676590549,0.1521020472354154,2.4157189564586075,51.52102047235415,0.9375,0.15828930760864143,21.1875,20.25,-0.46019946299364695,0.9636548378034832,0.022774957803495657,1.0,1.0,2.0,-3.0,10,6,0,0.625,NFC,East,True,False,1,False,False,10.25,0.05214052792341972,1.0488312863528386
2018,DEN,-0.9921176165749206,-0.2786424349241697,2.508144375292584,47.2135756507583,-1.25,-0.21105241014485526,20.5625,21.8125,-0.5935906116874576,0.4769604752764715,0.0683758807324023,5.0,0.2,,,6,10,0,0.375,AFC,West,False,False,0,False,False,3.75,0.05214052792341972,1.0488312863528386
2018,DET,-1.658705423931809,-0.4658577878516931,2.509658052776304,45.34142212148307,-2.25,-0.37989433826073943,20.25,22.5,-0.660286186034363,0.26281495576458636,-0.04613776977515073,4.0,0.25,,,6,10,0,0.375,NFC,North,False,False,0,False,False,3.75,0.05214052792341972,1.0488312863528386
2018,GB,-1.24559207918872,-0.3498323223667852,2.5093800159214923,46.50167677633215,-1.5,-0.2532628921738263,23.5,25.0,0.03334778717345268,-0.5158960242786325,-0.1405633670628551,4.0,0.25,,,6,9,1,0.40625,NFC,North,False,False,0,False,False,4.0625,0.05214052792341972,1.0488312863528386
2018,HOU,2.5544819535259227,0.717442226212665,2.468827943332081,57.17442226212665,5.375,0.9075253636228776,25.125,19.75,0.3801647737773605,1.1193970338121269,-0.1911789791586149,1.0,0.0,1.0,-14.0,11,5,0,0.6875,AFC,South,True,False,0,False,False,8.875,0.05214052792341972,1.0488312863528386
2018,IND,2.9460964890840984,0.8274296167363244,2.422702004108595,58.27429616736325,5.5625,0.9391832251446058,27.0625,21.5,0.7936773347281737,0.5742993477818739,-0.32956533359125345,1.0,0.0,2.0,-2.0,10,6,0,0.625,AFC,South,False,False,1,False,False,8.25,0.05214052792341972,1.0488312863528386
2018,JAX,-2.3338656788213696,-0.6554807662601647,2.5094866025820206,43.44519233739835,-4.4375,-0.7492360560142362,15.3125,19.75,-1.7140762607154676,1.1193970338121269,0.16916968521758893,2.0,0.5,,,5,11,0,0.3125,AFC,South,False,False,0,False,False,3.125,0.05214052792341972,1.0488312863528386
2018,KC,5.700336817620926,1.6009752313775634,2.416247291736392,66.00975231377564,9.0,1.5195773530429577,35.3125,26.3125,2.554440497486475,-0.9247192888013223,-0.08484876888848014,4.0,0.25,2.0,6.0,12,4,0,0.75,AFC,West,True,True,1,False,False,12.5,0.05214052792341972,1.0488312863528386
2018,LAC,3.6726876787474265,1.0314972947009464,2.419150568702789,60.314972947009466,6.1875,1.0447094302170334,26.75,20.5625,0.7269817603812684,0.8663159652980809,-0.11646474064852133,3.0,0.3333333333333333,2.0,-3.5,12,4,0,0.75,AFC,West,False,False,1,False,False,9.5,0.05214052792341972,1.0488312863528386
2018,LAR,5.416484709176419,1.521253592194913,2.37126575823069,65.21253592194913,8.9375,1.5090247325357151,32.9375,24.0,2.0475541324499944,-0.20441163226134493,-0.0989126986908199,4.0,0.5,3.0,0.3333333333333333,13,3,0,0.8125,NFC,West,True,False,2,True,False,18.125,0.05214052792341972,1.0488312863528386
2018,MIA,-5.1593038874561605,-1.449022750626623,2.50874596242594,35.50977249373377,-7.125,-1.202998737825675,19.9375,27.0625,-0.7269817603812684,-1.1583325828142879,-0.16063826451876717,3.0,0.6666666666666666,,,7,9,0,0.4375,AFC,East,False,False,0,False,False,4.375,0.05214052792341972,1.0488312863528386
2018,MIN,0.767945420089365,0.2156822721093237,2.509846099322017,52.15682272109324,1.1875,0.2004997896376125,22.5,21.3125,-0.18007805073664446,0.6327026712851153,-0.019587397115359145,5.0,0.0,,,8,7,1,0.53125,NFC,North,False,False,0,False,False,5.3125,0.05214052792341972,1.0488312863528386
2018,NE,5.061172360494091,1.4214618978015967,2.372255813795583,64.21461897801596,6.9375,1.1713408763039466,27.25,20.3125,0.8336946793363169,0.9441870633024028,-0.2060776246380134,2.0,1.0,3.0,9.666666666666666,11,5,0,0.6875,AFC,East,True,False,3,True,True,22.875,0.05214052792341972,1.0488312863528386
2018,NO,5.422283412206669,1.5228821941920525,2.422020823931946,65.22882194192053,9.4375,1.5934456965936572,31.5,22.0625,1.7407544904542298,0.3990893772721496,0.035840049621973465,1.0,1.0,2.0,1.5,13,3,0,0.8125,NFC,South,True,True,1,False,False,13.125,0.05214052792341972,1.0488312863528386
2018,NYG,-1.6468608736542996,-0.4625311718590238,2.5087756939055006,45.37468828140976,-2.6875,-0.4537626818114388,23.0625,25.75,-0.06002601691221482,-0.7495093182915981,0.08157878932324927,2.0,0.5,,,5,11,0,0.3125,NFC,East,False,False,0,False,False,3.125,0.05214052792341972,1.0488312863528386
2018,NYJ,-4.483083521296548,-1.2591020333405798,2.508760189228646,37.408979666594206,-6.75,-1.1396830147822183,20.8125,27.5625,-0.5402341522099333,-1.3140747788229317,-0.059740423562341466,3.0,0.0,,,4,12,0,0.25,AFC,East,False,False,0,False,False,2.5,0.05214052792341972,1.0488312863528386
2018,OAK,-6.578645114221053,-1.8476536072980028,2.50869565502156,31.52346392701997,-11.0625,-1.867813829781969,18.125,29.1875,-1.1138160915933193,-1.8202369158510239,0.2595064443564825,5.0,0.0,,,4,12,0,0.25,AFC,West,False,False,0,False,False,2.5,0.05214052792341972,1.0488312863528386
2018,PHI,1.6838116987400362,0.4729090420856331,2.4179558102968945,54.72909042085633,1.1875,0.2004997896376125,22.9375,21.75,-0.08670424665097695,0.49642824977755196,0.06801605295589261,2.0,0.5,2.0,-2.5,9,7,0,0.5625,NFC,East,False,False,1,False,False,7.625,0.05214052792341972,1.0488312863528386
2018,PIT,3.1247711088883823,0.8776115007081996,2.510090652949447,58.776115007082,4.25,0.7175781944925078,26.75,22.5,0.7269817603812684,0.26281495576458636,0.13640070153721784,4.0,0.25,,,9,6,1,0.59375,AFC,North,False,False,0,False,False,5.9375,0.05214052792341972,1.0488312863528386
2018,SEA,2.9813192168138105,0.8373221400171434,2.46182565555021,58.37322140017143,5.0625,0.8547622610866638,26.75,21.6875,0.7269817603812684,0.5158960242786325,-0.12516414732351733,5.0,0.2,1.0,-2.0,10,6,0,0.625,NFC,West,False,False,0,False,False,6.25,0.05214052792341972,1.0488312863528386
2018,SF,-3.977009231511876,-1.116967905287354,2.507573453113164,38.83032094712646,-5.8125,-0.9813937071735769,21.375,27.1875,-0.42018211838550373,-1.1972681318164489,0.041817245639266455,5.0,0.0,,,4,12,0,0.25,NFC,West,False,False,0,False,False,2.5,0.05214052792341972,1.0488312863528386
2018,TB,-2.0168377037958733,-0.5664414775464435,2.5095934286372645,44.33558522453556,-4.25,-0.7175781944925078,24.75,29.0,0.3001300845610741,-1.7618335923477824,0.19363821821356003,3.0,0.3333333333333333,,,5,11,0,0.3125,NFC,South,False,False,0,False,False,3.125,0.05214052792341972,1.0488312863528386
2018,TEN,0.32518037272948,0.0913289405743048,2.509100200564258,50.91328940574305,0.4375,0.07386834355069934,19.375,18.9375,-0.847033794205698,1.372478102326173,0.04535467792295507,2.0,0.5,,,9,7,0,0.5625,AFC,South,False,False,0,False,False,5.625,0.05214052792341972,1.0488312863528386
2018,WSH,-3.382268085665158,-0.9499311364005816,2.508447771811708,40.50068863599418,-4.875,-0.8231043995649355,17.5625,22.4375,-1.233868125417749,0.2822827302656668,-0.013467519341442847,1.0,0.0,,,7,9,0,0.4375,NFC,East,False,False,0,False,False,4.375,0.05214052792341972,1.0488312863528386
2019,ARI,-3.1024417690385424,-0.6854652114596765,2.7154918208796803,43.14534788540323,-5.0625,-0.7641403171863302,22.5625,27.625,-0.06024581491449056,-1.1976369528230095,0.22251391274992113,4.0,0.0,,,5,10,1,0.34375,NFC,West,False,False,0,False,False,3.4375,-0.3692548828261404,1.14899029136628
2019,ATL,-0.1748031997850086,-0.038621679704109,2.7180255710262347,49.613783202958906,-1.125,-0.16980895937474005,23.8125,24.9375,0.24098325965796225,-0.5288267064413289,0.1980769661716805,3.0,0.6666666666666666,,,7,9,0,0.4375,NFC,South,False,False,0,False,False,4.375,-0.3692548828261404,1.14899029136628
2019,BAL,8.597692704763732,1.8996067248548525,2.660429431697425,68.99606724854853,15.5625,2.3490239380172375,33.1875,17.625,2.5002013189513583,1.2909593127832442,-0.03442583069627049,3.0,0.6666666666666666,1.0,-16.0,14,2,0,0.875,AFC,North,True,True,0,False,False,11.75,-0.3692548828261404,1.14899029136628
2019,BUF,1.6252182956623884,0.3590818734527291,2.660464871037468,53.59081873452729,3.4375,0.5188607092005946,19.625,16.1875,-0.7681341401597547,1.648695025964143,-0.23199252398514542,3.0,0.0,1.0,-3.0,10,6,0,0.625,AFC,East,False,False,0,False,False,6.25,-0.3692548828261404,1.14899029136628
2019,CAR,-4.714145383836239,-1.041561100237631,2.71763156713182,39.58438899762369,-8.125,-1.2263980399286782,21.25,29.375,-0.376536343215566,-1.633141299304104,0.18689839864883168,3.0,0.0,,,5,11,0,0.3125,NFC,South,False,False,0,False,False,3.125,-0.3692548828261404,1.14899029136628
2019,CHI,-0.586207889860747,-0.1295189870097875,2.7167572059473377,48.70481012990212,-1.125,-0.16980895937474005,17.5,18.625,-1.2802235669329245,1.0420996862226186,0.08104034653042025,2.0,0.0,,,8,8,0,0.5,NFC,North,False,False,0,False,False,5.0,-0.3692548828261404,1.14899029136628
2019,CIN,-5.933988830340294,-1.31107792222934,2.718018088556682,36.8892207777066,-8.8125,-1.330170181768797,17.4375,26.25,-1.2952850206615472,-0.8554549663021497,0.12458500247245938,4.0,0.0,,,2,14,0,0.125,AFC,North,False,False,0,False,False,1.25,-0.3692548828261404,1.14899029136628
2019,CLE,-2.055902034125972,-0.454238766582642,2.71836759199378,45.45761233417358,-3.625,-0.5471622024297179,20.9375,24.5625,-0.4518436118586792,-0.4355043464810944,0.1795396438015116,4.0,0.25,,,6,10,0,0.375,AFC,North,False,False,0,False,False,3.75,-0.3692548828261404,1.14899029136628
2019,DAL,4.280689910722923,0.9457918095772472,2.71833245292632,59.45791809577247,7.0625,1.0660229116303126,27.125,20.0625,1.0392403072749623,0.6843639730417197,-0.2826855165685602,2.0,0.0,,,8,8,0,0.5,NFC,East,False,False,0,False,False,5.0,-0.3692548828261404,1.14899029136628
2019,DEN,-1.3217291522372958,-0.292027834937101,2.717416369296017,47.07972165062899,-2.125,-0.32075025659673123,17.625,19.75,-1.2501006594756792,0.7621326063419152,0.0877778877142564,2.0,0.0,,,7,9,0,0.4375,AFC,West,False,False,0,False,False,4.375,-0.3692548828261404,1.14899029136628
2019,DET,-3.8410616163160127,-0.8486586724474292,2.716103380461832,41.51341327552571,-5.125,-0.7735741482627047,21.3125,26.4375,-0.3614748894869434,-0.9021161462822669,0.023002632809400608,1.0,0.0,,,3,12,1,0.21875,NFC,North,False,False,0,False,False,2.1875,-0.3692548828261404,1.14899029136628
2019,GB,2.473925224557615,0.5465983903744146,2.6088072395625934,55.46598390374415,3.9375,0.5943313578115902,23.5,19.5625,0.16567599101484903,0.8087937863220325,-0.06742426657643166,2.0,0.5,2.0,-6.0,13,3,0,0.8125,NFC,North,True,False,1,False,False,12.125,-0.3692548828261404,1.14899029136628
2019,HOU,0.2871397797347013,0.0634417483024449,2.612108589082682,50.63441748302445,-0.4375,-0.06603681753462114,23.625,24.0625,0.19579889847209433,-0.3110745332007817,0.2049653622468197,4.0,0.5,2.0,-8.5,10,6,0,0.625,AFC,South,True,False,1,False,False,10.25,-0.3692548828261404,1.14899029136628
2019,IND,-1.0349752027021295,-0.2286713334173529,2.7170713649529765,47.71328666582647,-0.75,-0.11320597291649337,22.5625,23.3125,-0.06024581491449056,-0.12442981328031268,-0.07796666304175287,2.0,0.5,,,7,9,0,0.4375,AFC,South,False,False,0,False,False,4.375,-0.3692548828261404,1.14899029136628
2019,JAX,-4.381711491234859,-0.9681118994299116,2.717337414087314,40.31888100570089,-6.0625,-0.9150816144083214,18.75,24.8125,-0.9789944923604716,-0.4977192531212507,-0.024451050893134908,2.0,0.0,,,6,10,0,0.375,AFC,South,False,False,0,False,False,3.75,-0.3692548828261404,1.14899029136628
2019,KC,8.240539546837445,1.8206959561291904,2.5674969433248767,68.20695956129191,8.9375,1.349037843921546,28.1875,19.25,1.2952850206615472,0.8865624196222278,0.04200230315762659,2.0,1.0,3.0,14.0,12,4,0,0.75,AFC,West,True,False,3,True,True,24.5,-0.3692548828261404,1.14899029136628
2019,LAC,-0.7628982517702634,-0.1685576234470244,2.7174457794662827,48.31442376552975,-0.5,-0.07547064861099557,21.0625,21.5625,-0.42172070440143394,0.3110745332007817,-0.02878715989889384,2.0,0.0,,,5,11,0,0.3125,AFC,West,False,False,0,False,False,3.125,-0.3692548828261404,1.14899029136628
2019,LAR,2.8087350192700726,0.6205725319752959,2.715612829246361,56.20572531975296,1.875,0.2830149322912334,24.625,22.75,0.43678215813005655,0.015553726660039085,0.24323942954694536,4.0,0.25,,,9,7,0,0.5625,NFC,West,False,False,0,False,False,5.625,-0.3692548828261404,1.14899029136628
2019,MIA,-7.421590226631264,-1.6397541977528964,2.7183743828526588,33.60245802247104,-11.75,-1.773560242358396,19.125,30.875,-0.8886257699887358,-2.006430739145042,-0.0444582194835383,3.0,0.3333333333333333,,,5,11,0,0.3125,AFC,East,False,False,0,False,False,3.125,-0.3692548828261404,1.14899029136628
2019,MIN,4.155888687494116,0.9182177555773644,2.605682530297264,59.18217755577365,6.5,0.9811184319429425,25.4375,18.9375,0.6325810566021509,0.9643310529224233,-0.14245734729139248,1.0,0.0,2.0,-5.5,10,6,0,0.625,NFC,North,False,False,1,False,False,8.25,-0.3692548828261404,1.14899029136628
2019,NE,6.781248205883303,1.4982746112417404,2.660700301067909,64.9827461124174,12.1875,1.8395970598930171,26.25,14.0625,0.8283799550742452,2.177521732405472,-0.2941264042768671,2.0,0.0,1.0,-7.0,12,4,0,0.75,AFC,East,True,False,0,False,False,9.5,-0.3692548828261404,1.14899029136628
2019,NO,5.198495106206588,1.1485751587054949,2.659351306395346,61.48575158705495,7.3125,1.1037582359358102,28.625,21.3125,1.4007151967619056,0.37328943984093804,0.03999031005988593,1.0,0.0,1.0,-6.0,13,3,0,0.8125,NFC,South,True,False,0,False,False,10.125,-0.3692548828261404,1.14899029136628
2019,NYG,-5.787681649244966,-1.2787522606074435,2.718100053405561,37.21247739392556,-6.875,-1.0377214184011891,21.3125,28.1875,-0.3614748894869434,-1.3376204927633613,-0.15254768219619877,1.0,0.0,,,4,12,0,0.25,NFC,East,False,False,0,False,False,2.5,-0.3692548828261404,1.14899029136628
2019,NYJ,-4.638332193417425,-1.0248106473780534,2.718372231409772,39.75189352621946,-5.1875,-0.7830079793390791,17.25,22.4375,-1.340469381847415,0.09332235996023451,-0.22106549466618708,3.0,0.0,,,7,9,0,0.4375,AFC,East,False,False,0,False,False,4.375,-0.3692548828261404,1.14899029136628
2019,OAK,-4.638946432157935,-1.0249463596071602,2.717428779023971,39.7505364039284,-6.625,-0.9999860940956914,19.5625,26.1875,-0.7831955938883773,-0.8399012396421106,0.03934697351817125,2.0,0.0,,,7,9,0,0.4375,AFC,West,False,False,0,False,False,4.375,-0.3692548828261404,1.14899029136628
2019,PHI,0.2400967702134346,0.0530478879596002,2.6644718745370697,50.530478879596,1.9375,0.2924487633676079,24.0625,22.125,0.3012290745724528,0.17109099326042992,-0.2636231273647731,1.0,0.0,1.0,-8.0,9,7,0,0.5625,NFC,East,True,False,0,False,False,7.625,-0.3692548828261404,1.14899029136628
2019,PIT,-0.3326775446270926,-0.0735030342072668,2.717790227585632,49.26496965792733,-0.875,-0.13207363506924227,18.0625,18.9375,-1.1446704833753207,0.9643310529224233,0.06962747285549362,4.0,0.0,,,8,8,0,0.5,AFC,North,False,False,0,False,False,5.0,-0.3692548828261404,1.14899029136628
2019,SEA,1.4812806883090186,0.3272797544102001,2.608870198543007,53.272797544102005,0.4375,0.06603681753462114,25.3125,24.875,0.6024581491449056,-0.5132729797812898,0.28958807805317643,4.0,0.25,2.0,1.5,11,5,0,0.6875,NFC,West,False,False,1,False,False,8.875,-0.3692548828261404,1.14899029136628
2019,SF,8.090337444914852,1.7875097359771954,2.556949946479335,67.87509735977196,10.5625,1.5943174519072816,29.9375,19.375,1.717005725062981,0.8554549663021497,-0.02948666473223708,2.0,0.5,3.0,7.666666666666667,13,3,0,0.8125,NFC,West,True,True,2,True,False,19.125,-0.3692548828261404,1.14899029136628
2019,TB,0.3970698417363392,0.0877301117288696,2.717397775656852,50.877301117288695,0.5625,0.08490447968737003,28.625,28.0625,1.4007151967619056,-1.3065130394432831,-0.011384293794431677,3.0,0.0,,,7,9,0,0.4375,NFC,South,False,False,0,False,False,4.375,-0.3692548828261404,1.14899029136628
2019,TEN,4.036873763753769,0.8919221484582608,2.562084413626898,58.91922148458261,4.4375,0.6698020064225858,25.125,20.6875,0.5572737879590377,0.5288267064413289,-0.11690957709931393,2.0,0.5,3.0,4.0,9,7,0,0.5625,AFC,South,False,False,2,False,False,9.625,-0.3692548828261404,1.14899029136628
2019,WSH,-7.966138122734389,-1.760068668270075,2.718386268675685,32.399313317299246,-10.5625,-1.5943174519072816,16.625,27.1875,-1.4910839191336414,-1.088760866202736,-0.008402897771471629,2.0,0.0,,,3,13,0,0.1875,NFC,East,False,False,0,False,False,1.875,-0.3692548828261404,1.14899029136628
2020,ARI,1.6948688661757505,0.4021466331420656,2.612924242816543,54.021466331420655,2.6875,0.4301721032688482,25.625,22.9375,0.19853558888846864,0.5129737949086283,-0.09889935497892607,1.0,1.0,,,8,8,0,0.5,NFC,West,False,False,0,False,False,5.0,-1.1824385413778773,1.1020720411720113
2020,ATL,-0.2133412961709064,-0.0506201309596759,2.612542234058884,49.49379869040324,-1.125,-0.18007204322882017,24.75,25.875,-0.00927736396675087,-0.30085804849071446,0.3325803956306395,6.0,0.0,,,4,12,0,0.25,NFC,South,False,False,0,False,False,2.5,-1.1824385413778773,1.1020720411720113
2020,BAL,5.70693380148299,1.3541013465008975,2.513332346720964,63.54101346500897,10.3125,1.650660396264185,29.25,18.9375,1.0594749650029496,1.6211703476226267,-0.3057829881998427,1.0,0.0,2.0,-3.5,11,5,0,0.6875,AFC,North,False,False,1,False,False,8.875,-1.1824385413778773,1.1020720411720113
2020,BUF,5.438232705766856,1.290345829410278,2.4634758255465785,62.90345829410278,7.875,1.2605043026017413,31.3125,23.4375,1.5493197824473954,0.3744492258193784,-0.07486659264367161,1.0,0.0,3.0,1.0,13,3,0,0.8125,AFC,East,True,False,2,False,False,14.125,-1.1824385413778773,1.1020720411720113
2020,CAR,-1.1913431362175155,-0.282673568857157,2.613055923251383,47.17326431142843,-3.25,-0.5202081248832583,21.875,25.125,-0.692091351919615,-0.09307119485683972,0.3924282417431763,6.0,0.0,,,5,11,0,0.3125,NFC,South,False,False,0,False,False,3.125,-1.1824385413778773,1.1020720411720113
2020,CHI,-0.0261697367124018,-0.0062093721344074,2.5644542611867247,49.93790627865592,0.125,0.020008004803202244,23.25,23.125,-0.3655281402899843,0.46102708150015953,0.054209204152767004,4.0,0.25,1.0,-12.0,8,8,0,0.5,NFC,North,False,False,0,False,False,5.0,-1.1824385413778773,1.1020720411720113
2020,CIN,-5.008189679749795,-1.1883082272864012,2.612377481261153,38.116917727135984,-7.0625,-1.1304522713809266,19.4375,26.5,-1.2709988634448695,-0.47401375985227673,-0.020090160369401477,2.0,0.0,,,4,11,1,0.28125,AFC,North,False,False,0,False,False,2.8125,-1.1824385413778773,1.1020720411720113
2020,CLE,-0.4579304283979347,-0.1086545299572673,2.5175887369217773,48.91345470042732,-0.6875,-0.11004402641761234,25.5,26.1875,0.16884802419486586,-0.3874359041714956,-0.3135184238337273,2.0,0.0,2.0,3.0,11,5,0,0.6875,AFC,North,False,False,1,False,False,8.875,-1.1824385413778773,1.1020720411720113
2020,DAL,-3.864982758328054,-0.917056082881982,2.6129007862087774,40.82943917118018,-4.875,-0.7803121873248875,24.6875,29.5625,-0.024121146313552264,-1.322476745523932,-0.07191062789971223,1.0,0.0,,,6,10,0,0.375,NFC,East,False,False,0,False,False,3.75,-1.1824385413778773,1.1020720411720113
2020,DEN,-4.759417720218347,-1.1292813562745692,2.6121398036013392,38.70718643725431,-7.6875,-1.230492295396938,20.1875,27.875,-1.0928734752832527,-0.8549563248477137,0.2962634958645901,5.0,0.0,,,5,11,0,0.3125,AFC,West,False,False,0,False,False,3.125,-1.1824385413778773,1.1020720411720113
2020,DET,-5.351936149303614,-1.269869985924078,2.612719707402816,37.30130014075922,-8.875,-1.4205683410273593,23.5625,32.4375,-0.29130922855597735,-2.118993017787118,0.22654781607341026,4.0,0.0,,,5,11,0,0.3125,NFC,North,False,False,0,False,False,3.125,-1.1824385413778773,1.1020720411720113
2020,GB,6.297880975380763,1.4943171597065696,2.511839030681929,64.9431715970657,8.75,1.400560336224157,31.8125,23.0625,1.6680700412218066,0.47834265263631576,-0.18709042515102547,2.0,0.5,2.0,4.5,13,3,0,0.8125,NFC,North,True,True,1,False,False,13.125,-1.1824385413778773,1.1020720411720113
2020,HOU,-3.8089490502185206,-0.9037607964392268,2.612540000403251,40.962392035607735,-5.0,-0.8003201921280897,24.0,29.0,-0.1874027521283676,-1.1666366052985258,-0.03926884044273468,3.0,0.0,,,4,12,0,0.25,AFC,South,False,False,0,False,False,2.5,-1.1824385413778773,1.1020720411720113
2020,IND,2.762825870002507,0.6555440032869742,2.557462263518597,56.55544003286974,5.5625,0.8903562137424998,28.1875,22.625,0.8071306651073258,0.5995516505894094,-0.42476186059966503,2.0,0.5,1.0,-3.0,11,5,0,0.6875,AFC,South,True,False,0,False,False,8.875,-1.1824385413778773,1.1020720411720113
2020,JAX,-8.466993049586577,-2.0089889050893865,2.612469476634588,29.910110949106134,-11.625,-1.8607444466978085,19.125,30.75,-1.3452177751788763,-1.6514725971109,0.06677630424556419,2.0,0.0,,,1,15,0,0.0625,AFC,South,False,False,0,False,False,0.625,-1.1824385413778773,1.1020720411720113
2020,KC,4.84845602166704,1.1504077418391785,2.468390186535548,61.50407741839178,6.9375,1.1104442665777245,29.5625,22.625,1.1336938767369564,0.5995516505894094,-0.030627155826217667,4.0,1.0,3.0,-1.0,14,2,0,0.875,AFC,West,True,True,2,True,False,19.75,-1.1824385413778773,1.1020720411720113
2020,LAC,-1.3970711862800356,-0.3314872820160992,2.612294149549917,46.68512717983901,-2.625,-0.4201681008672471,24.0,26.625,-0.1874027521283676,-0.5086449021245891,-0.07336763299664907,5.0,0.2,,,7,9,0,0.4375,AFC,West,False,False,0,False,False,4.375,-1.1824385413778773,1.1020720411720113
2020,LAR,3.651100470334526,0.8663075891655371,2.518285362152552,58.66307589165537,4.75,0.7603041825216852,23.25,18.5,-0.3655281402899843,1.7423793455757204,0.05751813973564267,2.0,0.5,2.0,-2.0,10,6,0,0.625,NFC,West,False,False,1,False,False,8.25,-1.1824385413778773,1.1020720411720113
2020,MIA,2.3736042103935566,0.5631922095397194,2.612156181266277,55.6319220953972,4.125,0.660264158505674,25.25,21.125,0.10947289480766029,1.0151253578571588,-0.2538792597387822,3.0,0.0,,,10,6,0,0.625,AFC,East,False,False,0,False,False,6.25,-1.1824385413778773,1.1020720411720113
2020,MIN,-1.813752642463876,-0.4303545442811484,2.612450531262111,45.69645455718852,-2.8125,-0.45018010807205044,26.875,29.6875,0.49541123582449653,-1.3571078877962444,0.09076721949269241,4.0,0.25,,,7,9,0,0.4375,NFC,North,False,False,0,False,False,4.375,-1.1824385413778773,1.1020720411720113
2020,NE,-1.7067635141008055,-0.4049689120280207,2.612442442208807,45.950310879719794,-1.6875,-0.2701080648432303,20.375,22.0625,-1.0483421282428484,0.7553917908148154,0.09511823560952642,4.0,0.25,,,7,9,0,0.4375,AFC,East,False,False,0,False,False,4.375,-1.1824385413778773,1.1020720411720113
2020,NO,6.566388322562891,1.558026705499833,2.523469166355471,65.58026705499833,9.0625,1.4505803482321626,30.125,21.0625,1.267287917858169,1.032440928993315,0.09422585942794774,4.0,0.5,2.0,1.0,12,4,0,0.75,NFC,South,True,False,1,False,False,11.5,-1.1824385413778773,1.1020720411720113
2020,NYG,-3.398007391568027,-0.8062554331971745,2.613009725400368,41.93744566802825,-4.8125,-0.7703081849232863,17.5,22.3125,-1.7311561161957125,0.6861295062701905,0.06170385013591382,2.0,0.0,,,6,10,0,0.375,NFC,East,False,False,0,False,False,3.75,-1.1824385413778773,1.1020720411720113
2020,NYJ,-8.559221565171821,-2.030872242356643,2.612705691579783,29.691277576433567,-13.375,-2.14085651394264,15.1875,28.5625,-2.280376063027364,-1.0454276073454323,0.3043904596048565,3.0,0.0,,,2,14,0,0.125,AFC,East,False,False,0,False,False,1.25,-1.1824385413778773,1.1020720411720113
2020,OAK,-1.1504370168488067,-0.2729676508906824,2.6128397635242515,47.27032349109317,-2.75,-0.44017610567044935,27.125,29.875,0.5547863652117021,-1.409054601204713,0.15332907596926723,5.0,0.4,,,8,8,0,0.5,AFC,West,False,False,0,False,False,5.0,-1.1824385413778773,1.1020720411720113
2020,PHI,-3.485591005809952,-0.8270366607533076,2.612917736199837,41.72963339246692,-5.25,-0.8403362017344942,20.875,26.125,-0.9295918694684373,-0.37012033303533937,0.1376693531121551,3.0,0.3333333333333333,,,4,11,1,0.28125,NFC,East,False,False,0,False,False,2.8125,-1.1824385413778773,1.1020720411720113
2020,PIT,3.17902946372411,0.754297881688452,2.569516728273685,57.54297881688452,6.5,1.0404162497665166,26.0,19.5,0.28759828296927703,1.4653302073972208,-0.2673309523905026,3.0,0.6666666666666666,1.0,-11.0,12,4,0,0.75,AFC,North,True,False,0,False,False,9.5,-1.1824385413778773,1.1020720411720113
2020,SEA,3.0081219419395904,0.7137461399956692,2.5699802200592274,57.13746139995669,5.5,0.8803522113408987,28.6875,23.1875,0.9258809238817369,0.4437115103640033,-0.07087623836435084,1.0,0.0,1.0,-10.0,12,4,0,0.75,NFC,West,True,False,0,False,False,9.5,-1.1824385413778773,1.1020720411720113
2020,SF,0.1152588397421773,0.0273478115429441,2.6147707564302776,50.27347811542944,-0.875,-0.1400560336224157,23.5,24.375,-0.30615301090277874,0.114715658777035,0.23575596147019146,3.0,0.0,,,6,10,0,0.375,NFC,West,False,False,0,False,False,3.75,-1.1824385413778773,1.1020720411720113
2020,TB,7.943034333917106,1.884667644833215,2.4338122036603744,68.84667644833215,8.5625,1.3705483290193536,30.75,22.1875,1.415725741326183,0.720760648542503,0.10712955483494536,4.0,0.25,4.0,11.25,11,5,0,0.6875,NFC,South,False,False,4,True,True,23.875,-1.1824385413778773,1.1020720411720113
2020,TEN,1.546382806512553,0.3669148991986475,2.564508404315726,53.66914899198648,3.25,0.5202081248832583,30.6875,27.4375,1.4008819589793815,-0.7337473268946201,-0.23462669968968453,3.0,0.6666666666666666,1.0,-7.0,11,5,0,0.6875,AFC,South,False,False,0,False,False,6.875,-1.1824385413778773,1.1020720411720113
2020,WSH,-0.4720213024554489,-0.1119979140227521,2.5578088918033965,48.88002085977248,0.375,0.06002401440960673,20.9375,20.5625,-0.9147480871216359,1.1709654980825648,-0.23951595397839165,1.0,0.0,1.0,-8.0,7,9,0,0.4375,NFC,East,True,False,0,False,False,6.375,-1.1824385413778773,1.1020720411720113
2021,ARI,3.0497839224590484,0.7362079271618863,2.654835073397521,57.36207927161886,4.882352941176471,0.749000701689035,26.41176470588235,21.529411764705884,0.7733035942146644,0.5020754210711467,0.10229774520329298,3.0,0.6666666666666666,1.0,-23.0,11,6,0,0.6470588235294118,NFC,West,False,False,0,False,False,6.470588235294118,-0.3032479344092879,1.0893662593024616
2021,ATL,-5.745892450081613,-1.3870397634462333,2.699903023710982,36.129602365537664,-8.588235294117647,-1.3175193065855313,18.41176470588235,27.0,-1.0302426233749498,-1.3892871777994038,-0.061775199690289134,4.0,0.0,,,7,10,0,0.4117647058823529,NFC,South,False,False,0,False,False,4.117647058823529,-0.3032479344092879,1.0893662593024616
2021,BAL,-0.0144232698838794,-0.0034817304747111,2.698536209059986,49.96518269525289,-0.29411764705882354,-0.04512052419813464,22.764705882352942,23.058823529411764,-0.048901299098247385,-0.026692617322770163,0.0863350874673376,2.0,0.5,,,8,9,0,0.47058823529411764,AFC,North,False,False,0,False,False,4.705882352941177,-0.3032479344092879,1.0893662593024616
2021,BUF,7.158751614289079,1.7280993739297743,2.610608221438488,67.28099373929774,11.411764705882353,1.7506763388876239,28.41176470588235,17.0,1.2241901486120679,2.0680423040069797,-0.3048226950116072,2.0,0.5,2.0,12.0,11,6,0,0.6470588235294118,AFC,East,True,False,1,False,False,11.470588235294118,-0.3032479344092879,1.0893662593024616
2021,CAR,-4.231159369052902,-1.021388120529665,2.6990446102414767,39.78611879470335,-5.882352941176471,-0.9024104839626927,17.88235294117647,23.764705882352942,-1.1495949465977913,-0.2707394042738094,-0.017140064955512797,4.0,0.0,,,5,12,0,0.29411764705882354,NFC,South,False,False,0,False,False,2.9411764705882355,-0.3032479344092879,1.0893662593024616
2021,CHI,-3.3741647476138428,-0.8145124041248719,2.699365891122637,41.85487595875128,-5.647058823529412,-0.866314064604185,18.294117647058822,23.941176470588236,-1.0567653618689146,-0.33175110101156885,0.11365727968143961,2.0,0.0,,,6,11,0,0.35294117647058826,NFC,North,False,False,0,False,False,3.5294117647058827,-0.3032479344092879,1.0893662593024616
2021,CIN,3.0199404359997444,0.7290038065211779,2.517242837989537,57.29003806521178,4.9411764705882355,0.7580248065286619,27.058823529411764,22.11764705882353,0.9191786559314717,0.2987030986119484,-0.2568886763878635,1.0,1.0,4.0,2.5,10,7,0,0.5882352941176471,AFC,North,True,False,3,True,False,17.88235294117647,-0.3032479344092879,1.0893662593024616
2021,CLE,-0.5295571528229627,-0.1278333756442646,2.6983063144605577,48.72166624355735,-1.2941176470588236,-0.1985303064717924,20.529411764705884,21.823529411764707,-0.5528333304835805,0.40038925984154755,0.013222779453693186,1.0,0.0,,,8,9,0,0.47058823529411764,AFC,North,False,False,0,False,False,4.705882352941177,-0.3032479344092879,1.0893662593024616
2021,DAL,5.482930468309973,1.3235615956662712,2.644086768923382,63.23561595666271,10.117647058823529,1.5521460324158314,31.176470588235293,21.058823529411764,1.8474745032202435,0.6647732790385066,-0.12287493778992467,2.0,0.0,1.0,-6.0,12,5,0,0.7058823529411765,NFC,East,True,False,0,False,False,9.058823529411764,-0.3032479344092879,1.0893662593024616
2021,DEN,-0.1428271727485174,-0.0344780153168352,2.6968460936950587,49.65521984683165,0.7647058823529411,0.11731336291515004,19.705882352941178,18.941176470588236,-0.738492499941335,1.3969136398916229,-0.2122621019794931,3.0,0.3333333333333333,,,7,10,0,0.4117647058823529,AFC,West,False,False,0,False,False,4.117647058823529,-0.3032479344092879,1.0893662593024616
2021,DET,-5.153087814132388,-1.243938650927992,2.699103656913925,37.56061349072008,-8.352941176470589,-1.2814228872270237,19.11764705882353,27.470588235294116,-0.8711061924111599,-1.5519850357667624,0.1285131669001218,1.0,0.0,,,3,13,1,0.20588235294117646,NFC,North,False,False,0,False,False,2.0588235294117645,-0.3032479344092879,1.0893662593024616
2021,GB,3.454675350395773,0.833947401979029,2.6519147300558474,58.33947401979029,4.647058823529412,0.7129042823305273,26.470588235294116,21.823529411764707,0.7865649634616468,0.40038925984154755,-0.001354109790115142,2.0,0.5,1.0,-3.0,13,4,0,0.7647058823529411,NFC,North,True,False,0,False,False,9.647058823529411,-0.3032479344092879,1.0893662593024616
2021,HOU,-6.42814067045518,-1.5517322665551498,2.697087831830297,34.4826773344485,-10.117647058823529,-1.5521460324158314,16.470588235294116,26.58823529411765,-1.4678678085253707,-1.2469265520779649,0.09684380243218159,2.0,0.0,,,4,13,0,0.23529411764705882,AFC,South,False,False,0,False,False,2.3529411764705883,-0.3032479344092879,1.0893662593024616
2021,IND,3.2696541277975166,0.7892838801580501,2.697051175474224,57.8928388015805,5.0588235294117645,0.7760730162079157,26.529411764705884,21.470588235294116,0.79982633270863,0.5224126533170678,-0.06345753856385068,3.0,0.3333333333333333,,,9,8,0,0.5294117647058824,AFC,South,False,False,0,False,False,5.294117647058823,-0.3032479344092879,1.0893662593024616
2021,JAX,-7.613073756569891,-1.8377712625410243,2.697047502222917,31.622287374589757,-12.0,-1.840917387283893,14.882352941176471,26.88235294117647,-1.8259247781938965,-1.348612713307564,0.14845416026544295,2.0,0.5,,,3,14,0,0.17647058823529413,AFC,South,False,False,0,False,False,1.7647058823529413,-0.3032479344092879,1.0893662593024616
2021,KC,5.216504173150046,1.2592471538933083,2.5657586204490146,62.59247153893308,6.823529411764706,1.0467961613967236,28.235294117647058,21.41176470588235,1.1844060408711208,0.5427498855629875,0.1041490977881182,2.0,0.5,3.0,8.0,12,5,0,0.7058823529411765,AFC,West,True,True,2,False,False,14.058823529411764,-0.3032479344092879,1.0893662593024616
2021,LAC,0.6272223330359676,0.1514094327383453,2.696789774490724,51.514094327383454,0.8823529411764706,0.1353615725944039,27.88235294117647,27.0,1.1048378253892261,-1.3892871777994038,0.017216846366539244,3.0,0.3333333333333333,,,9,8,0,0.5294117647058824,AFC,West,False,False,0,False,False,5.294117647058823,-0.3032479344092879,1.0893662593024616
2021,LAR,4.930820632364105,1.1902840756117812,2.52568196082487,61.90284075611781,5.176470588235294,0.7941212258871696,27.058823529411764,21.88235294117647,0.9191786559314717,0.3800520275956277,0.034744560676150726,1.0,1.0,4.0,8.0,12,5,0,0.7058823529411765,NFC,West,True,False,4,True,True,25.058823529411764,-0.3032479344092879,1.0893662593024616
2021,MIA,-1.5812014484323762,-0.3816968907873199,2.699762192966937,46.1830310921268,-1.8823529411764706,-0.28877135486806166,20.058823529411764,21.941176470588236,-0.6589242844594406,0.35971479534970785,-0.1767935758067294,3.0,0.0,,,9,8,0,0.5294117647058824,AFC,East,False,False,0,False,False,5.294117647058823,-0.3032479344092879,1.0893662593024616
2021,MIN,0.2296652947648592,0.0554404557499036,2.6992925876683898,50.55440455749903,-0.058823529411764705,-0.009024104839626935,25.0,25.058823529411764,0.4550307322870858,-0.7181585136840469,0.07094524115612164,2.0,0.0,,,8,9,0,0.47058823529411764,NFC,North,False,False,0,False,False,4.705882352941177,-0.3032479344092879,1.0893662593024616
2021,NE,3.8185388896371895,0.9217828778047128,2.656281584428315,59.21782877804713,9.352941176470589,1.4348326695006814,27.176470588235293,17.823529411764707,0.9457013944254365,1.783321052564101,-0.13183796913744783,4.0,0.25,1.0,-30.0,10,7,0,0.5882352941176471,AFC,East,False,False,0,False,False,5.882352941176471,-0.3032479344092879,1.0893662593024616
2021,NO,1.0006605126431047,0.2415561956309779,2.6994877245334936,52.41556195630978,1.7058823529411764,0.2616990403491809,21.41176470588235,19.705882352941178,-0.3539127917788444,1.132529620694664,-0.017621280509362097,4.0,0.5,,,9,8,0,0.5294117647058824,NFC,South,False,False,0,False,False,5.294117647058823,-0.3032479344092879,1.0893662593024616
2021,NYG,-6.308275982654239,-1.5227973204771714,2.696904118800951,34.772026795228285,-9.294117647058824,-1.4258085646610545,15.176470588235293,24.470588235294116,-1.7596179319589846,-0.5147861912248474,0.11085220057889719,5.0,0.0,,,4,13,0,0.23529411764705882,NFC,East,False,False,0,False,False,2.3529411764705883,-0.3032479344092879,1.0893662593024616
2021,NYJ,-7.314580819076077,-1.7657160375244283,2.699964637221149,32.34283962475572,-11.411764705882353,-1.7506763388876239,18.235294117647058,29.647058823529413,-1.0700267311158969,-2.3044626288658,0.16094927674681717,3.0,0.0,,,4,13,0,0.23529411764705882,AFC,East,False,False,0,False,False,2.3529411764705883,-0.3032479344092879,1.0893662593024616
2021,OAK,-2.0621161916921564,-0.4977881468496182,2.649568211342559,45.02211853150382,-3.823529411764706,-0.5865668145757503,22.0,25.823529411764707,-0.2212990993090195,-0.9825425328810059,0.10345088621491094,3.0,0.3333333333333333,1.0,-7.0,10,7,0,0.5882352941176471,AFC,West,False,False,0,False,False,5.882352941176471,-0.3032479344092879,1.0893662593024616
2021,PHI,1.0563406959837225,0.2549972109302316,2.651027877964096,52.54997210930232,3.4705882352941178,0.5324221855379887,26.11764705882353,22.647058823529413,0.7069967479797523,0.11566800839866866,-0.22607680403672004,4.0,0.0,1.0,-16.0,9,8,0,0.5294117647058824,NFC,East,False,False,0,False,False,5.294117647058823,-0.3032479344092879,1.0893662593024616
2021,PIT,-2.1579467553362983,-0.5209213334664338,2.652143359609111,44.79078666533566,-3.235294117647059,-0.496325766179481,20.176470588235293,23.41176470588235,-0.6324015459654758,-0.14871601079828914,0.20920474612699452,2.0,0.5,1.0,-21.0,9,7,1,0.5588235294117647,AFC,North,False,False,0,False,False,5.588235294117647,-0.3032479344092879,1.0893662593024616
2021,SEA,1.519111896399458,0.3667086747160277,2.696632465111985,53.66708674716028,1.7058823529411764,0.2616990403491809,23.235294117647058,21.529411764705884,0.05718965487761189,0.5020754210711467,0.07676820122016419,2.0,0.0,,,7,10,0,0.4117647058823529,NFC,West,False,False,0,False,False,4.117647058823529,-0.3032479344092879,1.0893662593024616
2021,SF,3.444642288735043,0.8315254535013225,2.5656599115286376,58.31525453501322,3.6470588235294117,0.5594945000568695,25.11764705882353,21.470588235294116,0.4815534707810506,0.5224126533170678,0.057120457075879,2.0,1.0,3.0,2.0,10,7,0,0.5882352941176471,NFC,West,False,False,2,False,False,9.882352941176471,-0.3032479344092879,1.0893662593024616
2021,TB,6.049656054722493,1.4603673103825958,2.605354757830988,64.60367310382595,9.294117647058824,1.4258085646610545,30.058823529411764,20.764705882352942,1.595508487527577,0.7664594402681058,-0.19586779592823061,3.0,0.6666666666666666,2.0,6.5,13,4,0,0.7647058823529411,NFC,South,True,True,1,False,False,12.647058823529411,-0.3032479344092879,1.0893662593024616
2021,TEN,2.307272187833543,0.5569680075674317,2.6458217511790774,55.56968007567431,3.823529411764706,0.5865668145757503,24.647058823529413,20.823529411764707,0.3754625168051913,0.7461222080221859,-0.03490363690615524,3.0,1.0,1.0,-3.0,12,5,0,0.7058823529411765,AFC,South,True,False,0,False,False,9.058823529411764,-0.3032479344092879,1.0893662593024616
2021,WSH,-2.9797232779682403,-0.7192955152771091,2.696856132047424,42.80704484722891,-5.823529411764706,-0.8933863791230657,19.705882352941178,25.529411764705884,-0.738492499941335,-0.8808563716514067,0.18895085113919818,5.0,0.2,,,7,10,0,0.4117647058823529,NFC,East,False,False,0,False,False,4.117647058823529,-0.3032479344092879,1.0893662593024616
2022,ARI,-4.17028870533904,-1.3412785984301898,2.2275806658786914,36.5872140156981,-6.411764705882353,-1.3341885245831984,20.0,26.41176470588235,-0.5170458500453693,-1.8390620464264944,0.09530357462539772,4.0,0.0,,,4,13,0,0.23529411764705882,NFC,West,False,False,0,False,False,2.3529411764705883,0.3672042493099258,0.896179250741216
2022,ATL,-1.3536808374173248,-0.4353806809606261,2.2280780762509447,45.64619319039374,-1.2352941176470589,-0.26213605434581877,21.470588235294116,22.705882352941178,-0.11722787864557929,-0.3380300279666518,-0.20157330586965472,2.0,0.5,,,7,10,0,0.4117647058823529,NFC,South,False,False,0,False,False,4.117647058823529,0.3672042493099258,0.896179250741216
2022,BAL,1.7529083518954354,0.5637831391377808,2.1941110153440886,55.63783139137781,2.0588235294117645,0.42007915398705914,20.58823529411765,18.529411764705884,-0.3571186614854527,1.3536092309325367,0.1525086817737556,3.0,0.3333333333333333,1.0,-7.0,10,7,0,0.5882352941176471,AFC,North,False,False,0,False,False,5.882352941176471,0.3672042493099258,0.896179250741216
2022,BUF,5.598213478151356,1.800538154127001,2.1939013321826173,68.00538154127001,10.5625,2.1811994406767314,28.4375,17.875,1.7769097608609283,1.6186724246685018,-0.014122040630718341,1.0,1.0,2.0,-7.0,13,3,0,0.8125,AFC,East,True,False,1,False,False,12.125,0.3672042493099258,0.896179250741216
2022,CAR,-1.4587959621737303,-0.4691885722528007,2.2281087198881635,45.308114277472,-1.588235294117647,-0.33523054095291277,20.41176470588235,22.0,-0.40509681805342834,-0.052119167307633545,-0.13763479505806153,2.0,0.0,,,7,10,0,0.4117647058823529,NFC,South,False,False,0,False,False,4.117647058823529,0.3672042493099258,0.896179250741216
2022,CHI,-4.792135535396837,-1.541281500768907,2.228616158485533,34.58718499231093,-8.058823529411764,-1.6752961287496375,19.176470588235293,27.235294117647058,-0.7409439140292521,-2.1726247171953488,0.3145729549402191,4.0,0.25,,,3,14,0,0.17647058823529413,NFC,North,False,False,0,False,False,1.7647058823529413,0.3672042493099258,0.896179250741216
2022,CIN,5.206773129328999,1.674640260831196,2.1582820868517705,66.74640260831197,6.0,1.2363009210996094,26.125,20.125,1.1481960008347578,0.7073315563178826,0.09342829448402264,2.0,0.5,3.0,7.0,12,4,0,0.75,AFC,North,True,False,2,False,False,13.5,0.3672042493099258,0.896179250741216
2022,CLE,-0.4736838769075154,-0.1523496552418768,2.2272700488732022,48.47650344758123,-1.1764705882352942,-0.24995363991130307,21.235294117647058,22.41176470588235,-0.18119875406954553,-0.21890050269206002,0.15497450935079454,3.0,0.3333333333333333,,,7,10,0,0.4117647058823529,AFC,North,False,False,0,False,False,4.117647058823529,0.3672042493099258,0.896179250741216
2022,DAL,4.423577540257287,1.422743196567534,2.149455828540097,64.22743196567534,7.352941176470588,1.5164964530934701,27.470588235294116,20.11764705882353,1.5140294446655655,0.7103097944497475,-0.10082933283146794,3.0,0.6666666666666666,2.0,5.0,12,5,0,0.7058823529411765,NFC,East,False,False,1,False,False,9.058823529411764,0.3672042493099258,0.896179250741216
2022,DEN,-2.7710608547554147,-0.8912487556731253,2.227348089703312,41.08751244326875,-4.235294117647059,-0.8834391905061183,16.88235294117647,21.11764705882353,-1.3646599494129248,0.30526940851613893,-0.11504350332135309,3.0,0.3333333333333333,,,5,12,0,0.29411764705882354,AFC,West,False,False,0,False,False,2.9411764705882355,0.3672042493099258,0.896179250741216
2022,DET,1.1065309459338668,0.3558905344806675,2.2282341732819675,53.55890534480668,1.5294117647058822,0.31043742407641806,26.647058823529413,25.11764705882353,1.2901313806816839,-1.3148921352182954,0.10740638760403008,3.0,0.0,,,9,8,0,0.5294117647058824,NFC,North,False,False,0,False,False,5.294117647058823,0.3672042493099258,0.896179250741216
2022,GB,-0.0004350244180674,-0.0001399157187863,2.2282490752194657,49.99860084281214,-0.058823529411764705,-0.018487765655505212,21.764705882352942,21.823529411764707,-0.03726428436562052,0.01935854785712066,0.018714074567261915,3.0,0.3333333333333333,,,8,9,0,0.47058823529411764,NFC,North,False,False,0,False,False,4.705882352941177,0.3672042493099258,0.896179250741216
2022,HOU,-5.387785765569106,-1.7328588620334255,2.228061441121304,32.67141137966574,-7.705882352941177,-1.6022016421425433,17.0,24.705882352941178,-1.3326745117009418,-1.148110799833869,-0.10227790322662277,3.0,0.0,,,3,13,1,0.20588235294117646,AFC,South,False,False,0,False,False,2.0588235294117645,0.3672042493099258,0.896179250741216
2022,IND,-5.222306852161289,-1.679636329799331,2.228136192588268,33.20363670200669,-8.117647058823529,-1.687478543184153,17.0,25.11764705882353,-1.3326745117009418,-1.3148921352182954,-0.024230639653078964,3.0,0.3333333333333333,,,4,12,1,0.2647058823529412,AFC,South,False,False,0,False,False,2.6470588235294117,0.3672042493099258,0.896179250741216
2022,JAX,1.6644135342410178,0.5353207919530665,2.1559081443535497,55.35320791953066,3.176470588235294,0.651545028242857,23.764705882352942,20.58823529411765,0.5064881567380944,0.5197025540104016,-0.2320679756516053,3.0,0.3333333333333333,2.0,-3.0,9,8,0,0.5294117647058824,AFC,South,True,False,1,False,False,9.294117647058822,0.3672042493099258,0.896179250741216
2022,KC,4.940176885200867,1.5888956369126797,2.116476874512238,65.8889563691268,7.470588235294118,1.5408612819625014,29.176470588235293,21.705882352941178,1.9778182914893228,0.0670103579669568,-0.2448425595633807,3.0,0.3333333333333333,3.0,4.333333333333333,14,3,0,0.8235294117647058,AFC,West,True,True,3,True,True,25.235294117647058,0.3672042493099258,0.896179250741216
2022,LAC,-0.0363379780627948,-0.0116872849170991,2.190801307664483,49.88312715082901,0.4117647058823529,0.0789715498206202,23.0,22.58823529411765,0.2985828116102032,-0.29037821785681567,-0.24198886165774033,3.0,0.0,1.0,-1.0,10,7,0,0.5882352941176471,AFC,West,False,False,0,False,False,5.882352941176471,0.3672042493099258,0.896179250741216
2022,LAR,-3.269286337002436,-1.0514916606007736,2.227887630244757,39.48508339399226,-4.529411764705882,-0.9443512626786966,18.058823529411764,22.58823529411765,-1.0448055722930927,-0.29037821785681567,0.12469273567457932,5.0,0.0,,,5,12,0,0.29411764705882354,NFC,West,False,False,0,False,False,2.9411764705882355,0.3672042493099258,0.896179250741216
2022,MIA,0.7458200092618937,0.2398760583225975,2.194416416334129,52.39876058322598,-0.11764705882352941,-0.030670180090020892,23.352941176470587,23.470588235294116,0.39453912474615255,-0.6477667936805866,0.275396920243821,4.0,0.25,1.0,-3.0,9,8,0,0.5294117647058824,AFC,East,False,False,0,False,False,5.294117647058823,0.3672042493099258,0.896179250741216
2022,MIN,-0.3448040305287695,-0.1108983812580224,2.1924789940364207,48.89101618741977,-0.17647058823529413,-0.042852594524536575,24.941176470588236,25.11764705882353,0.8263425338579267,-1.3148921352182954,-0.019785064882639973,3.0,0.3333333333333333,1.0,-7.0,13,4,0,0.7647058823529411,NFC,North,True,False,0,False,False,9.647058823529411,0.3672042493099258,0.896179250741216
2022,NE,0.8725395836262971,0.2806325299020248,2.227838877062319,52.80632529902024,1.0,0.20079569416577697,21.41176470588235,20.41176470588235,-0.13322059750157086,0.5911802691751572,0.06924180907306254,3.0,0.0,,,8,9,0,0.47058823529411764,AFC,East,False,False,0,False,False,4.705882352941177,0.3672042493099258,0.896179250741216
2022,NO,-0.6812067786162643,-0.2190946809255237,2.2279835446791814,47.80905319074476,-0.8823529411764706,-0.1890415677387247,19.41176470588235,20.294117647058822,-0.6769730386052858,0.6388320792849933,-0.03749883908073097,3.0,0.3333333333333333,,,7,10,0,0.4117647058823529,NFC,South,False,False,0,False,False,4.117647058823529,0.3672042493099258,0.896179250741216
2022,NYG,-0.618811493029508,-0.199026655157113,2.157229331041943,48.00973344842887,-0.35294117647058826,-0.0793998378280836,21.470588235294116,21.823529411764707,-0.11722787864557929,0.01935854785712066,0.08593867179051687,4.0,0.0,2.0,-12.0,9,7,1,0.5588235294117647,NFC,East,False,False,1,False,False,7.588235294117647,0.3672042493099258,0.896179250741216
2022,NYJ,-0.1352518823482477,-0.0435006945583542,2.227704299241101,49.564993054416455,-1.1764705882352942,-0.24995363991130307,17.41176470588235,18.58823529411765,-1.2207254797090008,1.3297833258776188,0.2750152938957027,3.0,0.3333333333333333,,,7,10,0,0.4117647058823529,AFC,East,False,False,0,False,False,4.117647058823529,0.3672042493099258,0.896179250741216
2022,OAK,-1.228767466445748,-0.3952051336592011,2.2276172103997234,46.04794866340799,-1.3529411764705883,-0.2865008832148501,23.235294117647058,24.58823529411765,0.36255368703416946,-1.1004589897240329,-0.1839778544091018,3.0,0.0,,,6,11,0,0.35294117647058826,AFC,West,False,False,0,False,False,3.5294117647058827,0.3672042493099258,0.896179250741216
2022,PHI,6.138215932579547,1.9742176728368264,2.118076263719173,69.74217672836826,7.823529411764706,1.6139557685695956,28.058823529411764,20.235294117647058,1.6739566332254823,0.6626579843399114,-0.26590767516464714,2.0,0.5,3.0,17.333333333333332,14,3,0,0.8235294117647058,NFC,East,True,True,2,True,False,20.235294117647058,0.3672042493099258,0.896179250741216
2022,PIT,-0.5914943010937492,-0.1902407011137552,2.227493830619294,48.097592988862445,-2.235294117647059,-0.46923709973258526,18.11764705882353,20.352941176470587,-1.028812853437101,0.6150061742300752,0.2679427117007284,4.0,0.25,,,9,8,0,0.5294117647058824,AFC,North,False,False,0,False,False,5.294117647058823,0.3672042493099258,0.896179250741216
2022,SEA,-0.6538913844831669,-0.2103093051045395,2.193295413607564,47.8969069489546,0.35294117647058826,0.06678913538610452,23.941176470588236,23.58823529411765,0.5544663133060691,-0.6954186037904243,-0.15719802674912753,3.0,0.0,1.0,-18.0,9,8,0,0.5294117647058824,NFC,West,False,False,0,False,False,5.294117647058823,0.3672042493099258,0.896179250741216
2022,SF,5.445900145596286,1.7515500318058423,2.1189465846295445,67.51550031805843,10.176470588235293,2.1012523459502224,26.470588235294116,16.294117647058822,1.242153224113708,2.258993623019428,-0.4830358086849259,1.0,0.0,3.0,0.3333333333333333,13,4,0,0.7647058823529411,NFC,West,True,False,2,False,False,13.647058823529411,0.3672042493099258,0.896179250741216
2022,TB,-2.0843372518430376,-0.6703797135744299,2.189653116242369,43.2962028642557,-2.6470588235294117,-0.554514000774195,18.41176470588235,21.058823529411764,-0.9488492591571434,0.329095313571057,0.10638085651571828,4.0,0.25,1.0,-17.0,8,9,0,0.47058823529411764,NFC,South,True,False,0,False,False,6.705882352941177,0.3672042493099258,0.896179250741216
2022,TEN,-1.9965219998825297,-0.6421359332530365,2.2281039175116395,43.57864066746964,-3.588235294117647,-0.7494326317264458,17.529411764705884,21.11764705882353,-1.1887400419970167,0.30526940851613893,0.05933078732436658,5.0,0.0,,,7,10,0,0.4117647058823529,AFC,South,False,False,0,False,False,4.117647058823529,0.3672042493099258,0.896179250741216
2022,WSH,-0.6241852185981434,-0.2007549918762999,2.2274256266864065,47.992450081237,-1.2941176470588236,-0.27431846878033445,18.88235294117647,20.176470588235293,-0.8209075083092099,0.6864838893948294,0.1614087369235329,5.0,0.4,,,8,8,1,0.5,NFC,East,False,False,0,False,False,5.0,0.3672042493099258,0.896179250741216
2023,ARI,-4.507252199933635,-1.2628207619172351,2.524566866361114,37.37179238082765,-7.352941176470588,-1.2690437079530226,19.41176470588235,26.764705882352942,-0.5663677969839574,-1.7292161722856254,0.19772085519727645,4.0,0.25,,,4,13,0,0.23529411764705882,NFC,West,False,False,0,False,False,2.3529411764705883,0.7716078325044693,1.017019270265308
2023,ATL,-2.7737895351875927,-0.7771473303125184,2.524533464644202,42.228526696874816,-3.0588235294117645,-0.5279221825084575,18.88235294117647,21.941176470588236,-0.6936017482564839,-0.059803649814145696,-0.31260537475976735,,,,,7,10,0,0.4117647058823529,NFC,South,False,False,0,False,False,4.117647058823529,0.7716078325044693,1.017019270265308
2023,BAL,7.633785629100761,2.138798220475836,2.441182678939377,71.38798220475836,11.941176470588236,2.060926981715709,28.41176470588235,16.470588235294116,1.5966093746490009,1.8335544549400937,0.10355519275585812,1.0,1.0,2.0,8.5,13,4,0,0.7647058823529411,AFC,North,True,True,1,False,False,12.647058823529411,0.7716078325044693,1.017019270265308
2023,BUF,4.811485464545079,1.348059409761889,2.438841166247099,63.48059409761889,8.235294117647058,1.4213289529073854,26.529411764705884,18.294117647058822,1.1442219923466836,1.2024350866886806,-0.26868046077362157,2.0,1.0,2.0,5.5,11,6,0,0.6470588235294118,AFC,East,True,False,1,False,False,10.470588235294118,0.7716078325044693,1.017019270265308
2023,CAR,-6.811974655871622,-1.908547080018144,2.524875432341305,30.91452919981856,-10.588235294117647,-1.8274229394523527,13.882352941176471,24.470588235294116,-1.8952557324970163,-0.9352272896467501,0.17342932475886577,1.0,0.0,,,2,15,0,0.11764705882352941,NFC,South,False,False,0,False,False,1.1764705882352942,0.7716078325044693,1.017019270265308
2023,CHI,-0.710020537296481,-0.1989302209223684,2.5236945526298475,48.01069779077631,-1.1176470588235294,-0.19289464360885947,21.176470588235293,22.294117647058822,-0.14225462607553402,-0.18195578560474132,-0.06522006286501028,1.0,0.0,,,7,10,0,0.4117647058823529,NFC,North,False,False,0,False,False,4.117647058823529,0.7716078325044693,1.017019270265308
2023,CIN,0.2029781006295271,0.0568694513462689,2.526247404335562,50.56869451346269,-1.0588235294117647,-0.18274229394523528,21.529411764705884,22.58823529411765,-0.05743199189384882,-0.28374923209690556,0.4208062312335774,5.0,0.4,,,9,8,0,0.5294117647058824,AFC,North,False,False,0,False,False,5.294117647058823,0.7716078325044693,1.017019270265308
2023,CLE,0.6463036016562211,0.181078309016162,2.48317696772576,51.81078309016162,2.0,0.3451798885632222,23.294117647058822,21.294117647058822,0.3666811790145737,0.16414193246861417,0.160024710636368,3.0,0.6666666666666666,1.0,-31.0,11,6,0,0.6470588235294118,AFC,North,False,False,0,False,False,6.470588235294118,0.7716078325044693,1.017019270265308
2023,DAL,4.928065990098929,1.380722394120029,2.4781968099966645,63.80722394120029,11.411764705882353,1.9695558347430913,29.941176470588236,18.529411764705884,1.9641741227696348,1.1210003294949489,-0.47259032408386903,2.0,0.0,1.0,-16.0,12,5,0,0.7058823529411765,NFC,East,True,True,0,False,False,10.058823529411764,0.7716078325044693,1.017019270265308
2023,DEN,-1.3344543661710515,-0.3738811596690158,2.5251860634069008,46.261188403309845,-3.2941176470588234,-0.5685315811629541,21.0,24.294117647058822,-0.1846659431663762,-0.8741512217514523,0.06362262051385562,3.0,0.6666666666666666,,,8,9,0,0.47058823529411764,AFC,West,False,False,0,False,False,4.705882352941177,0.7716078325044693,1.017019270265308
2023,DET,3.499339940567358,0.9804286367689264,2.3944704803495536,59.80428636768927,3.8823529411764706,0.670055077799196,27.11764705882353,23.235294117647058,1.2855930493161576,-0.5076948143796642,0.16706380536444143,3.0,0.3333333333333333,3.0,2.0,12,5,0,0.7058823529411765,NFC,North,True,False,2,False,False,13.058823529411764,0.7716078325044693,1.017019270265308
2023,GB,2.3582897972630943,0.6607345643195355,2.434245603573658,56.60734564319536,1.9411764705882353,0.335027538899598,22.529411764705884,20.58823529411765,0.18289880495425764,0.4084462040498054,-0.05013536704673281,1.0,1.0,2.0,6.5,9,8,0,0.5294117647058824,NFC,North,False,False,1,False,False,7.294117647058823,0.7716078325044693,1.017019270265308
2023,HOU,0.77334008219446,0.2166707937559653,2.4441279933746367,52.16670793755965,1.411764705882353,0.24365639192698038,22.176470588235293,20.764705882352942,0.09807617077257247,0.3473701361545076,-0.2179523665599139,1.0,0.0,2.0,3.5,10,7,0,0.5882352941176471,AFC,South,True,False,1,False,False,9.882352941176471,0.7716078325044693,1.017019270265308
2023,IND,-1.1320135530100552,-0.3171622430033635,2.527126920879768,46.82837756996637,-1.1176470588235294,-0.19289464360885947,23.294117647058822,24.41176470588235,0.3666811790145737,-0.9148686003483175,-0.05965783747966219,1.0,1.0,,,9,8,0,0.5294117647058824,AFC,South,False,False,0,False,False,5.294117647058823,0.7716078325044693,1.017019270265308
2023,JAX,0.775815468443277,0.2173643358543676,2.526718563443465,52.17364335854368,0.35294117647058826,0.060914097981745095,22.176470588235293,21.823529411764707,0.09807617077257247,-0.019086271217280487,0.20715704524945006,4.0,0.25,,,9,8,0,0.5294117647058824,AFC,South,False,False,0,False,False,5.294117647058823,0.7716078325044693,1.017019270265308
2023,KC,4.502965447332722,1.2616197196978265,2.3594041536286934,62.61619719697826,4.529411764705882,0.781730924099062,21.823529411764707,17.294117647058822,0.013253536590888125,1.5485328047620361,-0.02931314803695766,1.0,0.0,4.0,8.0,11,6,0,0.6470588235294118,AFC,West,True,False,4,True,True,24.470588235294116,0.7716078325044693,1.017019270265308
2023,LAC,-0.8842636098200397,-0.2477488269915473,2.52552798081722,47.52251173008453,-3.0588235294117645,-0.5279221825084575,20.352941176470587,23.41176470588235,-0.34017410583279833,-0.568770882274962,0.3113516341334921,5.0,0.0,,,5,12,0,0.29411764705882354,AFC,West,False,False,0,False,False,2.9411764705882355,0.7716078325044693,1.017019270265308
2023,LAR,1.5805541982552849,0.4428322552977195,2.4782138778118266,54.42832255297719,1.588235294117647,0.2741134409178529,23.764705882352942,22.176470588235293,0.4797780245901537,-0.1412384070078761,0.09380724875513013,4.0,0.25,1.0,-1.0,10,7,0,0.5882352941176471,NFC,West,False,False,0,False,False,5.882352941176471,0.7716078325044693,1.017019270265308
2023,MIA,2.1854172928201963,0.6122999575810141,2.483263212844236,56.12299957581014,6.176470588235294,1.0659967146805391,29.176470588235293,23.0,1.780391748709318,-0.4262600571859338,-0.2506374720628717,5.0,0.2,1.0,-19.0,11,6,0,0.6470588235294118,AFC,East,False,False,0,False,False,6.470588235294118,0.7716078325044693,1.017019270265308
2023,MIN,-0.1259541635222048,-0.0352892462392282,2.524381961738207,49.64710753760772,-1.0588235294117647,-0.18274229394523528,20.235294117647058,21.294117647058822,-0.36844831722669313,0.16414193246861417,0.20361159164860937,2.0,0.5,,,7,10,0,0.4117647058823529,NFC,North,False,False,0,False,False,4.117647058823529,0.7716078325044693,1.017019270265308
2023,NE,-4.754254013953643,-1.3320245706103182,2.5260043299003696,36.67975429389682,-7.647058823529412,-1.3198054562711437,13.882352941176471,21.529411764705884,-1.8952557324970163,0.08270717527488253,0.008303412230290859,4.0,0.25,,,4,13,0,0.23529411764705882,AFC,East,False,False,0,False,False,2.3529411764705883,0.7716078325044693,1.017019270265308
2023,NO,1.9337737322071007,0.5417956461183288,2.524954262398832,55.41795646118329,4.411764705882353,0.7614262247718137,23.647058823529413,19.235294117647058,0.45150381319625893,0.8766960579137577,-0.3489817957491466,,,,,9,8,0,0.5294117647058824,NFC,South,True,False,0,False,False,7.294117647058823,0.7716078325044693,1.017019270265308
2023,NYG,-5.031333526990598,-1.4096554078131125,2.525805020847282,35.90344592186888,-8.294117647058824,-1.4314813025710098,15.647058823529411,23.941176470588236,-1.4711425615885934,-0.7519990859608566,-0.01392458713587029,4.0,0.0,,,6,11,0,0.35294117647058826,NFC,East,False,False,0,False,False,3.5294117647058827,0.7716078325044693,1.017019270265308
2023,NYJ,-3.703634298834565,-1.0376668710009027,2.525921076322025,39.62333128999097,-5.117647058823529,-0.8832544207353037,15.764705882352942,20.88235294117647,-1.4428683501946982,0.3066527575576424,-0.05262307263048629,4.0,0.25,,,7,10,0,0.4117647058823529,AFC,East,False,False,0,False,False,4.117647058823529,0.7716078325044693,1.017019270265308
2023,OAK,-0.5776224858976454,-0.1618355564289335,2.525354074349761,48.38164443571066,0.058823529411764705,0.010152349663624181,19.529411764705884,19.470588235294116,-0.5380935855900618,0.7952613007200273,0.023163334569154256,3.0,0.3333333333333333,,,8,9,0,0.47058823529411764,AFC,West,False,False,0,False,False,4.705882352941177,0.7716078325044693,1.017019270265308
2023,PHI,-0.725395398328495,-0.2032378773084711,2.4817687170462066,47.96762122691529,0.29411764705882354,0.05076174831812091,25.470588235294116,25.176470588235293,0.8897540898016288,-1.1795315612279427,-0.11876895732459732,5.0,0.6,1.0,-23.0,11,6,0,0.6470588235294118,NFC,East,False,False,0,False,False,6.470588235294118,0.7716078325044693,1.017019270265308
2023,PIT,-0.56035198027634,-0.1569967872409759,2.477863206360184,48.43003212759024,-1.1764705882352942,-0.20304699327248363,17.88235294117647,19.058823529411764,-0.9339325451045905,0.9377721258090556,0.2455248801297119,3.0,0.6666666666666666,1.0,-14.0,10,7,0,0.5882352941176471,AFC,North,False,False,0,False,False,5.882352941176471,0.7716078325044693,1.017019270265308
2023,SEA,-1.1120411841725613,-0.3115664784634898,2.5248113499526426,46.8843352153651,-2.235294117647059,-0.38578928721771893,21.41176470588235,23.647058823529413,-0.08570620328774446,-0.6502056394686937,0.03612198732300652,4.0,0.0,,,9,8,0,0.5294117647058824,NFC,West,False,False,0,False,False,5.294117647058823,0.7716078325044693,1.017019270265308
2023,SF,6.939223853769367,1.9441991629091229,2.390808370390596,69.44199162909123,11.352941176470589,1.9594034850794673,28.88235294117647,17.529411764705884,1.709706220224581,1.4670980475683044,-0.0980269715208059,2.0,0.5,3.0,1.0,12,5,0,0.7058823529411765,NFC,West,True,False,2,True,False,17.058823529411764,0.7716078325044693,1.017019270265308
2023,TB,1.58773789008782,0.4448449483512554,2.439994875684236,54.44844948351256,1.3529411764705883,0.2335040422633562,20.470588235294116,19.11764705882353,-0.31189989443890354,0.9174134365106229,-0.020642394924299638,2.0,0.0,2.0,7.5,9,8,0,0.5294117647058824,NFC,South,False,False,1,False,False,7.294117647058823,0.7716078325044693,1.017019270265308
2023,TEN,-2.4126341187231137,-0.6759605011848018,2.5262501362867966,43.240394988151984,-3.6470588235294117,-0.6294456791446993,17.941176470588236,21.58823529411765,-0.919795439407643,0.06234848597644992,0.047495635475066376,1.0,0.0,,,6,11,0,0.35294117647058826,AFC,South,False,False,0,False,False,3.5294117647058827,0.7716078325044693,1.017019270265308
2023,WSH,-7.20208686098148,-2.0178468862498207,2.525392040476612,29.821531137501797,-11.117647058823529,-1.9187940864249702,19.352941176470587,30.470588235294116,-0.5805049026809048,-3.011813598086883,-0.08299931702054188,4.0,0.0,,,4,13,0,0.23529411764705882,NFC,East,False,False,0,False,False,2.3529411764705883,0.7716078325044693,1.017019270265308
2024,ARI,1.1687510906661724,0.2552598555537441,2.617120351659832,52.55259855553744,1.2352941176470589,0.19033580083310894,23.529411764705884,22.294117647058822,0.13814892587160835,0.20344052729306644,0.11740695979190086,3.0,0.0,,,8,9,0,0.47058823529411764,NFC,West,False,False,0,False,False,4.705882352941177,-1.1491512953264038,1.0571542194044259
2024,ATL,-1.5027296386126845,-0.3282020898649737,2.6190731228146573,46.71797910135027,-2.0,-0.30816272515836685,22.88235294117647,24.88235294117647,-0.006578520279599943,-0.6490721585064463,-0.014839969992611102,1.0,1.0,,,8,9,0,0.47058823529411764,NFC,South,False,False,0,False,False,4.705882352941177,-1.1491512953264038,1.0571542194044259
2024,BAL,7.709044068448862,1.683685680454067,2.5300182460653446,66.83685680454067,9.235294117647058,1.422986701466576,30.470588235294116,21.235294117647058,1.6906797118572934,0.5521957169383214,0.11206094366277027,2.0,0.5,2.0,6.0,12,5,0,0.7058823529411765,AFC,North,True,False,1,False,False,11.058823529411764,-1.1491512953264038,1.0571542194044259
2024,BUF,6.875350422151997,1.5016036944526554,2.473477214452465,65.01603694452655,9.235294117647058,1.422986701466576,30.88235294117647,21.647058823529413,1.7827789957716988,0.4165686987429437,-0.19101595066066526,2.0,0.5,3.0,7.666666666666667,13,4,0,0.7647058823529411,AFC,East,True,False,2,False,False,13.647058823529411,-1.1491512953264038,1.0571542194044259
2024,CAR,-7.658813885475014,-1.6727152100496,2.618884300671923,33.272847899504,-11.352941176470589,-1.749276645751906,20.058823529411764,31.41176470588235,-0.6381164671212349,-2.7997291613188513,0.07552669554023869,1.0,0.0,,,5,12,0,0.29411764705882354,NFC,South,False,False,0,False,False,2.9411764705882355,-1.1491512953264038,1.0571542194044259
2024,CHI,-2.213288702608077,-0.4833909966273925,2.6187056644959545,45.16609003372608,-3.5294117647058822,-0.5438165738088826,18.235294117647058,21.764705882352942,-1.0459847244564577,0.3778181221156933,0.150369088576989,4.0,0.25,,,5,12,0,0.29411764705882354,NFC,North,False,False,0,False,False,2.9411764705882355,-1.1491512953264038,1.0571542194044259
2024,CIN,1.354654213229341,0.2958618319638081,2.6186662568492776,52.95861831963808,2.235294117647059,0.34441716341229234,27.764705882352942,25.529411764705884,1.0854558461340604,-0.8622003299563247,-0.12944949194612934,3.0,0.0,,,9,8,0,0.5294117647058824,AFC,North,False,False,0,False,False,5.294117647058823,-1.1491512953264038,1.0571542194044259
2024,CLE,-7.244453794486906,-1.5822173291769723,2.618720023831594,34.17782670823028,-10.411764705882353,-1.6042588927362038,15.176470588235293,25.58823529411765,-1.7301508335348954,-0.8815756182699499,0.22206349210810206,3.0,0.3333333333333333,,,3,14,0,0.17647058823529413,AFC,North,False,False,0,False,False,1.7647058823529413,-1.1491512953264038,1.0571542194044259
2024,DAL,-4.142583806758684,-0.9047566693861048,2.6164229899196427,40.95243330613896,-6.9411764705882355,-1.0695059284908026,20.58823529411765,27.529411764705884,-0.5197031020884281,-1.520960132619584,0.1701142085293842,4.0,0.0,,,7,10,0,0.4117647058823529,NFC,East,False,False,0,False,False,4.117647058823529,-1.1491512953264038,1.0571542194044259
2024,DEN,3.5569109236131853,0.7768433979056444,2.562910504681456,57.76843397905645,6.705882352941177,1.033251490236877,25.0,18.294117647058822,0.4670749398516261,1.5209601326195852,-0.10245883561662641,1.0,0.0,1.0,-24.0,10,7,0,0.5882352941176471,AFC,West,False,False,0,False,False,5.882352941176471,-1.1491512953264038,1.0571542194044259
2024,DET,7.850215457239115,1.7145180694877165,2.5650485447259603,67.14518069487717,13.058823529411764,2.012121323092866,33.1764705882353,20.11764705882353,2.295903577580528,0.9203261948972015,0.11516929824767021,3.0,0.6666666666666666,1.0,-14.0,15,2,0,0.8823529411764706,NFC,North,True,True,0,False,False,11.823529411764707,-1.1491512953264038,1.0571542194044259
2024,GB,5.274928484141754,1.15206522044902,2.568570865642274,61.52065220449021,7.176470588235294,1.105760366744728,27.058823529411764,19.88235294117647,0.9275713594236515,0.9978273481517023,0.12730094613667126,3.0,0.0,1.0,-12.0,11,6,0,0.6470588235294118,NFC,North,False,False,0,False,False,6.470588235294118,-1.1491512953264038,1.0571542194044259
2024,HOU,0.4418031011454816,0.0964915427093304,2.5160775221759164,50.9649154270933,0.0,1.7106467640102643e-17,21.88235294117647,21.88235294117647,-0.2302482097860123,0.3390675454884429,-0.1197712962789234,4.0,0.25,2.0,5.5,10,7,0,0.5882352941176471,AFC,South,True,False,1,False,False,9.882352941176471,-1.1491512953264038,1.0571542194044259
2024,IND,-2.719685490113886,-0.5939900556262894,2.6163805613662445,44.06009944373711,-2.9411764705882355,-0.4531804781740689,22.176470588235293,25.11764705882353,-0.1644630069900089,-0.7265733117609471,-0.14107910740103935,3.0,0.0,,,8,9,0,0.47058823529411764,AFC,South,False,False,0,False,False,4.705882352941177,-1.1491512953264038,1.0571542194044259
2024,JAX,-4.449268287462782,-0.9717377715816818,2.616334484699056,40.282622284183184,-6.764705882352941,-1.0423150998003583,18.823529411764707,25.58823529411765,-0.91441431886445,-0.8815756182699499,-0.1377493983810942,4.0,0.0,,,4,13,0,0.23529411764705882,AFC,South,False,False,0,False,False,2.3529411764705883,-1.1491512953264038,1.0571542194044259
2024,KC,3.2537078560953847,0.7106226501038763,2.473223785054945,57.10622650103876,3.4705882352941178,0.5347529642454013,22.647058823529413,19.176470588235293,-0.05920668251640266,1.230330807915206,0.05104528680605095,2.0,0.5,3.0,-2.0,15,2,0,0.8823529411764706,AFC,West,True,True,2,True,False,19.823529411764707,-1.1491512953264038,1.0571542194044259
2024,LAC,2.957460715352214,0.6459211041902728,2.562618082470515,56.459211041902726,5.9411764705882355,0.9154245659116191,23.647058823529413,17.705882352941178,0.1644630069900097,1.7147130157558375,-0.15701314254382281,1.0,0.0,1.0,-20.0,11,6,0,0.6470588235294118,AFC,West,False,False,0,False,False,6.470588235294118,-1.1491512953264038,1.0571542194044259
2024,LAR,0.7798365782753921,0.1703193895739086,2.5225677719917745,51.70319389573908,-1.1176470588235294,-0.17220858170614617,21.58823529411765,22.705882352941178,-0.2960334125820157,0.06781350909768881,0.13969693074592843,4.0,0.25,2.0,6.0,10,7,0,0.5882352941176471,NFC,West,False,False,1,False,False,7.882352941176471,-1.1491512953264038,1.0571542194044259
2024,MIA,-1.8675304968108208,-0.4078760385039963,2.6179362043849483,45.92123961496004,-1.1176470588235294,-0.17220858170614617,20.294117647058822,21.41176470588235,-0.5854883048844323,0.49406985199744574,-0.3004539180065695,3.0,0.0,,,8,9,0,0.47058823529411764,AFC,East,False,False,0,False,False,4.705882352941177,-1.1491512953264038,1.0571542194044259
2024,MIN,3.597908939913314,0.7857975266353092,2.57126326469613,57.85797526635309,5.882352941176471,0.9063609563481378,25.41176470588235,19.529411764705884,0.5591742237660309,1.1140790780334535,-0.0086435712241235,4.0,0.5,1.0,-18.0,14,3,0,0.8235294117647058,NFC,North,False,False,0,False,False,8.235294117647058,-1.1491512953264038,1.0571542194044259
2024,NE,-5.912136510026988,-1.2912339707022855,2.6181111524137024,37.08766029297714,-7.529411764705882,-1.1601420241256162,17.0,24.529411764705884,-1.3222825761996728,-0.532820428624695,-0.07717825243767056,2.0,0.5,,,4,13,0,0.23529411764705882,AFC,East,False,False,0,False,False,2.3529411764705883,-1.1491512953264038,1.0571542194044259
2024,NO,-3.1726198213625545,-0.6929127029659958,2.6195623448080894,43.07087297034004,-3.5294117647058822,-0.5438165738088826,19.88235294117647,23.41176470588235,-0.6775875887988371,-0.16468995066581368,-0.059012623531020825,2.0,0.0,,,5,12,0,0.29411764705882354,NFC,South,False,False,0,False,False,2.9411764705882355,-1.1491512953264038,1.0571542194044259
2024,NYG,-6.120117018921859,-1.3366577355077065,2.616456448249727,36.63342264492294,-8.352941176470589,-1.2870325580143556,16.058823529411764,24.41176470588235,-1.5327952251468844,-0.4940698519974434,0.1506417831805472,3.0,0.0,,,3,14,0,0.17647058823529413,NFC,East,False,False,0,False,False,1.7647058823529413,-1.1491512953264038,1.0571542194044259
2024,NYJ,-3.2481650108682087,-0.7094120708082984,2.6183346114008232,42.90587929191702,-3.8823529411764706,-0.5981982311897709,19.88235294117647,23.764705882352942,-0.6775875887988371,-0.28094168054756613,-0.0626620643051423,2.0,0.0,,,5,12,0,0.29411764705882354,AFC,East,False,False,0,False,False,2.9411764705882355,-1.1491512953264038,1.0571542194044259
2024,OAK,-5.221638154946041,-1.1404264020200636,2.615284269761438,38.595735979799365,-7.352941176470588,-1.132951195435172,18.176470588235293,25.529411764705884,-1.0591417650156583,-0.8622003299563247,0.12107594251485988,1.0,1.0,,,4,13,0,0.23529411764705882,AFC,West,False,False,0,False,False,2.3529411764705883,-1.1491512953264038,1.0571542194044259
2024,PHI,8.104748209010198,1.770109028049946,2.438442787016061,67.70109028049946,9.411764705882353,1.4501775301570203,27.235294117647058,17.823529411764707,0.9670424811012536,1.675962439128587,-0.2130788190089849,2.0,1.0,4.0,17.0,14,3,0,0.8235294117647058,NFC,East,True,False,4,True,True,27.235294117647058,-1.1491512953264038,1.0571542194044259
2024,PIT,1.4018519907015996,0.306170013026689,2.576922072890903,53.06170013026689,1.9411764705882353,0.2990991155948855,22.352941176470587,20.41176470588235,-0.12499188531240686,0.8234497533290754,0.02583688106956026,3.0,0.3333333333333333,1.0,-14.0,10,7,0,0.5882352941176471,AFC,North,False,False,0,False,False,5.882352941176471,-1.1491512953264038,1.0571542194044259
2024,SEA,0.588616081089174,0.1285560775389674,2.6173353985195487,51.28556077538968,0.4117647058823529,0.06344526694436965,22.058823529411764,21.647058823529413,-0.19077708810841026,0.4165686987429437,0.0960934174246908,3.0,0.0,,,10,7,0,0.5882352941176471,NFC,West,True,False,0,False,False,7.882352941176471,-1.1491512953264038,1.0571542194044259
2024,SF,-1.35442925627215,-0.2958127004756273,2.617217977483433,47.04187299524373,-2.764705882352941,-0.4259896494836247,22.88235294117647,25.647058823529413,-0.006578520279599943,-0.9009509065835751,0.2451381768183246,3.0,0.0,,,6,11,0,0.35294117647058826,NFC,West,False,False,0,False,False,3.5294117647058827,-1.1491512953264038,1.0571542194044259
2024,TB,4.538109051727316,0.9911409454777784,2.5726753354123817,59.91140945477778,6.882352941176471,1.060442318927321,29.529411764705884,22.647058823529413,1.4801670629100825,0.08718879741131402,-0.05935871342910016,3.0,0.6666666666666666,1.0,-3.0,10,7,0,0.5882352941176471,NFC,South,True,False,0,False,False,7.882352941176471,-1.1491512953264038,1.0571542194044259
2024,TEN,-6.081115908633629,-1.328139738940161,2.6167784841479054,36.71860261059839,-8.764705882352942,-1.3504778249587253,18.294117647058822,27.058823529411764,-1.032827683897257,-1.3659578261105814,0.059993956247290814,3.0,0.0,,,3,14,0,0.17647058823529413,AFC,South,False,False,0,False,False,1.7647058823529413,-1.1491512953264038,1.0571542194044259
2024,WSH,3.4546786005598498,0.7545154546644159,2.4805494044674727,57.54515454664416,5.529411764705882,0.8519792989672494,28.529411764705884,23.0,1.2564973734036702,-0.029062932470437227,-0.20576885263745523,3.0,0.3333333333333333,3.0,-5.0,12,5,0,0.7058823529411765,NFC,East,False,False,2,False,False,11.058823529411764,-1.1491512953264038,1.0571542194044259
2025,ARI,-4.205589516432797,-0.9049247432770116,2.640680193606857,40.95075256722989,-7.823529411764706,-1.2722613389200184,20.88235294117647,28.705882352941178,-0.5216032694979976,-1.6003907092489944,0.5071071320189935,6.0,0.0,,,3,14,0,0.17647058823529413,NFC,West,False,False,0,False,False,1.7647058823529413,-0.7979405847375264,1.0660030947536814
2025,ATL,-2.1346348250540883,-0.4593134597431427,2.641648894586486,45.40686540256857,-2.823529411764706,-0.45916198697865324,20.764705882352942,23.58823529411765,-0.5504062110405962,-0.16174436293023484,-0.0011834651053182783,3.0,0.3333333333333333,,,8,9,0,0.47058823529411764,NFC,South,False,False,0,False,False,4.705882352941177,-0.7979405847375264,1.0660030947536814
2025,BAL,1.3257337640652092,0.2852606706890312,2.640110392723079,52.85260670689031,1.5294117647058822,0.24871274294677048,24.941176470588236,23.41176470588235,0.4720982137216568,-0.11213586822958713,-0.01582121286178181,3.0,0.0,,,8,9,0,0.47058823529411764,AFC,North,False,False,0,False,False,4.705882352941177,-0.7979405847375264,1.0660030947536814
2025,BUF,4.256039429772608,0.9157801476618178,2.5337206223276154,59.157801476618175,6.823529411764706,1.1096414685317453,28.294117647058822,21.470588235294116,1.2929820476857188,0.4335575734775287,-0.29850492284983954,3.0,0.3333333333333333,2.0,0.0,12,5,0,0.7058823529411765,AFC,East,False,False,1,False,False,9.058823529411764,-0.7979405847375264,1.0660030947536814
2025,CAR,-2.45316857603971,-0.5278529764290749,2.5937742905918206,44.72147023570925,-4.0588235294117645,-0.6600453562818139,18.294117647058822,22.352941176470587,-1.155267983435169,0.18551509997429416,0.07368019788461132,4.0,0.25,1.0,-3.0,8,9,0,0.47058823529411764,NFC,South,False,False,0,False,False,4.705882352941177,-0.7979405847375264,1.0660030947536814
2025,CHI,0.9023995677419302,0.1941710416533476,2.547977402978641,51.94171041653348,1.5294117647058822,0.24871274294677048,25.941176470588236,24.41176470588235,0.7169232168337456,-0.3932506715332528,-0.20539468921906387,,,2.0,0.5,11,6,0,0.6470588235294118,NFC,North,True,False,1,False,False,10.470588235294118,-0.7979405847375264,1.0660030947536814
2025,CIN,-3.402588958874531,-0.7321415768361593,2.640123539657428,42.67858423163841,-4.588235294117647,-0.7461382288403114,24.352941176470587,28.941176470588236,0.32808350600866304,-1.6665353688498568,-0.04239377265636525,2.0,0.5,,,6,11,0,0.35294117647058826,AFC,North,False,False,0,False,False,3.5294117647058827,-0.7979405847375264,1.0660030947536814
2025,CLE,-5.339808998991923,-1.1489769195686212,2.639024344212529,38.510230804313785,-5.882352941176471,-0.9565874728721943,16.41176470588235,22.294117647058822,-1.6161150481167479,0.20205126487450972,-0.19369681526877017,1.0,0.0,,,5,12,0,0.29411764705882354,AFC,North,False,False,0,False,False,2.9411764705882355,-0.7979405847375264,1.0660030947536814
2025,DAL,-2.900982750362082,-0.6242100091711112,2.641579724828249,43.75789990828889,-2.3529411764705883,-0.3826349891488777,27.705882352941178,30.058823529411764,1.148967339972726,-1.9807225019539536,-0.31344998942081126,,,,,7,9,1,0.4411764705882353,NFC,East,False,False,0,False,False,4.411764705882353,-0.7979405847375264,1.0660030947536814
2025,DEN,2.870578160775546,0.6176677954532654,2.539483682034435,56.17667795453266,5.294117647058823,0.8609287255849748,23.58823529411765,18.294117647058822,0.14086438598177228,1.3265104780891726,-0.29760211578598905,2.0,0.5,2.0,0.0,14,3,0,0.8235294117647058,AFC,West,True,False,1,False,False,12.235294117647058,-0.7979405847375264,1.0660030947536814
2025,DET,2.954032958008845,0.6356249238573791,2.642473380929008,56.35624923857379,4.0,0.6504794815530921,28.294117647058822,24.294117647058822,1.2929820476857188,-0.3601783417328217,-0.04222877724754925,1.0,0.0,,,9,8,0,0.5294117647058824,NFC,North,False,False,0,False,False,5.294117647058823,-0.7979405847375264,1.0660030947536814
2025,GB,0.8872731100741706,0.1909162528138276,2.599266530452435,51.90916252813828,1.8235294117647058,0.29654211659038027,23.0,21.176470588235293,-0.0031503217312214746,0.5162383979786066,-0.153184550373028,,,1.0,-4.0,9,7,1,0.5588235294117647,NFC,North,False,False,0,False,False,5.588235294117647,-0.7979405847375264,1.0660030947536814
2025,HOU,6.23062647008778,1.340655819325309,2.5360780350462067,63.40655819325309,6.411764705882353,1.0426803454306917,23.764705882352942,17.352941176470587,0.18406879829567013,1.5910891164926226,0.31420479783831146,4.0,0.25,2.0,6.0,12,5,0,0.7058823529411765,AFC,South,False,False,1,False,False,9.058823529411764,-0.7979405847375264,1.0660030947536814
2025,IND,3.123658850091364,0.6721236516210212,2.6396837295229942,56.72123651621021,3.176470588235294,0.5165572353509849,27.41176470588235,24.235294117647058,1.0769599861162287,-0.3436421768326061,0.2461775663892345,6.0,0.0,,,8,9,0,0.47058823529411764,AFC,South,False,False,0,False,False,4.705882352941177,-0.7979405847375264,1.0660030947536814
2025,JAX,6.003434188021131,1.2917704212805503,2.5859967451224417,62.9177042128055,8.117647058823529,1.3200907125636279,27.88235294117647,19.764705882352942,1.1921717522866238,0.9131063555837813,0.06966161446472104,4.0,0.25,1.0,-3.0,13,4,0,0.7647058823529411,AFC,South,True,False,0,False,False,9.647058823529411,-0.7979405847375264,1.0660030947536814
2025,KC,1.2398896453900787,0.2667894274185219,2.6416689176508097,52.667894274185215,2.0,0.32523974077654605,21.294117647058822,19.294117647058822,-0.4207929740989026,1.0453956747855069,0.00024832238147518823,2.0,0.0,,,6,11,0,0.35294117647058826,AFC,West,False,False,0,False,False,3.5294117647058827,-0.7979405847375264,1.0660030947536814
2025,LAC,0.5180263972849851,0.1114647311018241,2.5863903144624723,51.11464731101824,1.6470588235294117,0.2678444924042144,21.647058823529413,20.0,-0.334384149471106,0.846961695982919,-0.15055527025128956,2.0,0.0,1.0,-13.0,11,6,0,0.6470588235294118,AFC,West,False,False,0,False,False,6.470588235294118,-0.7979405847375264,1.0660030947536814
2025,LAR,8.753959605606815,1.8836062382712728,2.506032574359475,68.83606238271273,10.117647058823529,1.645330453340174,30.470588235294116,20.352941176470587,1.8258364662237943,0.7477447065816256,0.3264681368655241,4.0,0.75,3.0,0.6666666666666666,12,5,0,0.7058823529411765,NFC,West,False,False,2,False,False,11.058823529411764,-0.7979405847375264,1.0660030947536814
2025,MIA,-4.331576625064148,-0.9320336305064866,2.6371312112973224,40.67966369493514,-4.529411764705882,-0.7365723541115895,20.41176470588235,24.941176470588236,-0.6368150356683928,-0.542076155635194,-0.20925351232489278,2.0,0.0,,,7,10,0,0.4117647058823529,AFC,East,False,False,0,False,False,4.117647058823529,-0.7979405847375264,1.0660030947536814
2025,MIN,-0.0679997137120536,-0.0146316285109019,2.641856202283257,49.85368371489098,0.6470588235294118,0.10522462201594139,20.235294117647058,19.58823529411765,-0.6800194479822906,0.962714850284428,0.0336037300478315,1.0,0.0,,,9,8,0,0.5294117647058824,NFC,North,False,False,0,False,False,5.294117647058823,-0.7979405847375264,1.0660030947536814
2025,NE,5.475465372633272,1.1781663610515876,2.443141558342291,61.78166361051588,10.0,1.6261987038827301,28.823529411764707,18.823529411764707,1.4225952846274132,1.1776849939872314,-0.6697376948292134,,,4.0,3.0,14,3,0,0.8235294117647058,AFC,East,True,True,3,True,False,21.235294117647058,-0.7979405847375264,1.0660030947536814
2025,NO,-3.544651232892225,-0.7627093881602307,2.64210363453207,42.372906118397694,-4.529411764705882,-0.7365723541115895,18.0,22.529411764705884,-1.2272753372916654,0.13590660527364645,-0.059026081207804004,3.0,0.0,,,6,11,0,0.35294117647058826,NFC,South,False,False,0,False,False,3.5294117647058827,-0.7979405847375264,1.0660030947536814
2025,NYG,-2.7585771661731933,-0.59356832714061,2.6422624974752207,44.0643167285939,-3.411764705882353,-0.5548207342658726,22.41176470588235,25.823529411764707,-0.14716502944421522,-0.7901186291384286,-0.04670028095599238,1.0,0.0,,,4,13,0,0.23529411764705882,NFC,East,False,False,0,False,False,2.3529411764705883,-0.7979405847375264,1.0660030947536814
2025,NYJ,-9.219649605228788,-1.983809646546845,2.6378854002116348,30.161903534531547,-11.941176470588236,-1.9418725699305543,17.647058823529413,29.58823529411765,-1.313684161919461,-1.8484331827522291,-0.0010293680564005389,3.0,0.0,,,3,14,0,0.17647058823529413,AFC,East,False,False,0,False,False,1.7647058823529413,-0.7979405847375264,1.0660030947536814
2025,OAK,-7.888796268513272,-1.6974473876147955,2.641136937222757,33.025526123852046,-11.235294117647058,-1.8270820731858908,14.176470588235293,25.41176470588235,-2.1633709374261225,-0.6743654748369186,0.13643469714587053,3.0,0.3333333333333333,,,3,14,0,0.17647058823529413,AFC,West,False,False,0,False,False,1.7647058823529413,-0.7979405847375264,1.0660030947536814
2025,PHI,1.951361174836244,0.419878117747737,2.587143304639713,54.19878117747737,3.176470588235294,0.5165572353509849,22.294117647058822,19.11764705882353,-0.1759679709868138,1.0950041694861536,-0.08180543685457882,1.0,1.0,1.0,-4.0,11,6,0,0.6470588235294118,NFC,East,True,False,0,False,False,8.470588235294118,-0.7979405847375264,1.0660030947536814
2025,PIT,-0.4228222202518834,-0.0909794661647797,2.5857792804679334,49.090205338352206,0.5882352941176471,0.09565874728721944,23.352941176470587,22.764705882352942,0.08325850289657426,0.06976194567278415,0.004300021274042537,2.0,0.5,1.0,-24.0,10,7,0,0.5882352941176471,AFC,North,True,False,0,False,False,7.882352941176471,-0.7979405847375264,1.0660030947536814
2025,SEA,10.675388680926789,2.2970438088936502,2.5080383314394115,72.9704380889365,11.235294117647058,1.8270820731858908,28.41176470588235,17.176470588235293,1.3217849892283173,1.6406976111932694,0.1377699872267962,4.0,0.75,3.0,18.333333333333332,14,3,0,0.8235294117647058,NFC,West,True,True,3,True,True,26.235294117647058,-0.7979405847375264,1.0660030947536814
2025,SF,3.550575243318075,0.7639840688186355,2.548000835115255,57.639840688186354,3.8823529411764706,0.6313477320956482,25.705882352941178,21.823529411764707,0.6593173337485484,0.3343405840762343,0.28823910283936205,6.0,0.3333333333333333,2.0,-15.5,12,5,0,0.7058823529411765,NFC,West,False,False,1,False,False,9.058823529411764,-0.7979405847375264,1.0660030947536814
2025,TB,-0.8822717691724368,-0.189840104722374,2.6422814025369243,48.10159895277626,-1.8235294117647058,-0.29654211659038016,22.352941176470587,24.176470588235293,-0.16156650021551452,-0.32710601193239053,0.12436587156659702,4.0,0.5,,,8,9,0,0.47058823529411764,NFC,South,True,False,0,False,False,6.705882352941177,-0.7979405847375264,1.0660030947536814
2025,TEN,-6.821734279097673,-1.4678456176228432,2.640347804638185,35.32154382377157,-11.411764705882353,-1.8557796973720568,16.705882352941178,28.11764705882353,-1.5441076942602505,-1.4350290602468379,0.5419861045201094,7.0,0.0,,,3,14,0,0.17647058823529413,AFC,South,False,False,0,False,False,1.7647058823529413,-0.7979405847375264,1.0660030947536814
2025,WSH,-4.343590112774103,-0.9346185956437912,2.6413528143054954,40.65381404356209,-5.588235294117647,-0.9087580992285844,20.941176470588236,26.529411764705884,-0.5072017987266983,-0.9885526079410164,-0.022679327194792903,1.0,0.0,,,5,12,0,0.29411764705882354,NFC,East,False,False,0,False,False,2.9411764705882355,-0.7979405847375264,1.0660030947536814
