season,franchise,wins,losses,ties,win_pct,point_diff,point_diff_per_game,conference,division,division_title,conference_best_record,playoff_wins,reached_super_bowl,won_super_bowl,playoff_avg_margin,acc_base,acc_division_title,acc_conference_best,acc_playoff_wins,acc_super_bowl_appearance,acc_super_bowl_win,acc_undefeated,acc_postseason_dominance,acc
1970,ARI,8,5,1,0.6071428571428571,97,6.928571428571429,NFC,East,False,False,0,False,False,,6.071428571428571,0.0,0.0,0.0,0.0,0.0,0.0,0.0,6.071428571428571
1970,ATL,4,8,2,0.35714285714285715,-55,-3.9285714285714284,NFC,West,False,False,0,False,False,,3.5714285714285716,0.0,0.0,0.0,0.0,0.0,0.0,0.0,3.5714285714285716
1970,BUF,3,10,1,0.25,-133,-9.5,AFC,East,False,False,0,False,False,,2.5,0.0,0.0,0.0,0.0,0.0,0.0,0.0,2.5
1970,CHI,6,8,0,0.42857142857142855,-5,-0.35714285714285715,NFC,Central,False,False,0,False,False,,4.285714285714286,0.0,0.0,0.0,0.0,0.0,0.0,0.0,4.285714285714286
1970,CIN,8,6,0,0.5714285714285714,57,4.071428571428571,AFC,Central,True,False,0,False,False,-17.0,5.7142857142857135,2.0,0.0,0.0,0.0,0.0,0.0,0.0,7.7142857142857135
1970,CLE,7,7,0,0.5,21,1.5,AFC,Central,False,False,0,False,False,,5.0,0.0,0.0,0.0,0.0,0.0,0.0,0.0,5.0
1970,DAL,10,4,0,0.7142857142857143,78,5.571428571428571,NFC,East,True,False,2,True,False,3.0,7.142857142857143,2.0,0.0,4.0,4.0,0.0,0.0,0.0,17.142857142857142
1970,DEN,5,8,1,0.39285714285714285,-11,-0.7857142857142857,AFC,West,False,False,0,False,False,,3.9285714285714284,0.0,0.0,0.0,0.0,0.0,0.0,0.0,3.9285714285714284
1970,DET,10,4,0,0.7142857142857143,145,10.357142857142858,NFC,Central,False,False,0,False,False,-5.0,7.142857142857143,0.0,0.0,0.0,0.0,0.0,0.0,0.0,7.142857142857143
1970,GB,6,8,0,0.42857142857142855,-97,-6.928571428571429,NFC,Central,False,False,0,False,False,,4.285714285714286,0.0,0.0,0.0,0.0,0.0,0.0,0.0,4.285714285714286
1970,IND,11,2,1,0.8214285714285714,87,6.214285714285714,AFC,East,True,True,3,True,True,10.0,8.214285714285714,2.0,1.0,4.0,4.0,6.0,0.0,1.0,26.214285714285715
1970,KC,7,5,2,0.5714285714285714,28,2.0,AFC,West,False,False,0,False,False,,5.7142857142857135,0.0,0.0,0.0,0.0,0.0,0.0,0.0,5.7142857142857135
1970,LAC,5,6,3,0.4642857142857143,4,0.2857142857142857,AFC,West,False,False,0,False,False,,4.642857142857143,0.0,0.0,0.0,0.0,0.0,0.0,0.0,4.642857142857143
1970,LAR,9,4,1,0.6785714285714286,123,8.785714285714286,NFC,West,False,False,0,False,False,,6.7857142857142865,0.0,0.0,0.0,0.0,0.0,0.0,0.0,6.7857142857142865
1970,MIA,10,4,0,0.7142857142857143,69,4.928571428571429,AFC,East,False,False,0,False,False,-7.0,7.142857142857143,0.0,0.0,0.0,0.0,0.0,0.0,0.0,7.142857142857143
1970,MIN,12,2,0,0.8571428571428571,192,13.714285714285714,NFC,Central,True,True,0,False,False,-3.0,8.571428571428571,2.0,1.0,0.0,0.0,0.0,0.0,0.0,11.571428571428571
1970,NE,2,12,0,0.14285714285714285,-212,-15.142857142857142,AFC,East,False,False,0,False,False,,1.4285714285714284,0.0,0.0,0.0,0.0,0.0,0.0,0.0,1.4285714285714284
1970,NO,2,11,1,0.17857142857142858,-175,-12.5,NFC,West,False,False,0,False,False,,1.7857142857142858,0.0,0.0,0.0,0.0,0.0,0.0,0.0,1.7857142857142858
1970,NYG,9,5,0,0.6428571428571429,31,2.2142857142857144,NFC,East,False,False,0,False,False,,6.428571428571429,0.0,0.0,0.0,0.0,0.0,0.0,0.0,6.428571428571429
1970,NYJ,4,10,0,0.2857142857142857,-31,-2.2142857142857144,AFC,East,False,False,0,False,False,,2.8571428571428568,0.0,0.0,0.0,0.0,0.0,0.0,0.0,2.8571428571428568
1970,OAK,8,4,2,0.6428571428571429,7,0.5,AFC,West,True,False,1,False,False,-1.5,6.428571428571429,2.0,0.0,2.0,0.0,0.0,0.0,0.0,10.428571428571429
1970,PHI,3,10,1,0.25,-91,-6.5,NFC,East,False,False,0,False,False,,2.5,0.0,0.0,0.0,0.0,0.0,0.0,0.0,2.5
1970,PIT,5,9,0,0.35714285714285715,-62,-4.428571428571429,AFC,Central,False,False,0,False,False,,3.5714285714285716,0.0,0.0,0.0,0.0,0.0,0.0,0.0,3.5714285714285716
1970,SF,10,3,1,0.75,85,6.071428571428571,NFC,West,True,False,1,False,False,-2.0,7.5,2.0,0.0,2.0,0.0,0.0,0.0,0.0,11.5
1970,TEN,3,10,1,0.25,-135,-9.642857142857142,AFC,Central,False,False,0,False,False,,2.5,0.0,0.0,0.0,0.0,0.0,0.0,0.0,2.5
1970,WSH,6,8,0,0.42857142857142855,-17,-1.2142857142857142,NFC,East,False,False,0,False,False,,4.285714285714286,0.0,0.0,0.0,0.0,0.0,0.0,0.0,4.285714285714286
1971,ARI,4,9,1,0.32142857142857145,-48,-3.4285714285714284,NFC,East,False,False,0,False,False,,3.2142857142857144,0.0,0.0,0.0,0.0,0.0,0.0,0.0,3.2142857142857144
1971,ATL,7,6,1,0.5357142857142857,-3,-0.21428571428571427,NFC,West,False,False,0,False,False,,5.357142857142857,0.0,0.0,0.0,0.0,0.0,0.0,0.0,5.357142857142857
1971,BUF,1,13,0,0.07142857142857142,-210,-15.0,AFC,East,False,False,0,False,False,,0.7142857142857142,0.0,0.0,0.0,0.0,0.0,0.0,0.0,0.7142857142857142
1971,CHI,6,8,0,0.42857142857142855,-91,-6.5,NFC,Central,False,False,0,False,False,,4.285714285714286,0.0,0.0,0.0,0.0,0.0,0.0,0.0,4.285714285714286
1971,CIN,4,10,0,0.2857142857142857,19,1.3571428571428572,AFC,Central,False,False,0,False,False,,2.8571428571428568,0.0,0.0,0.0,0.0,0.0,0.0,0.0,2.8571428571428568
1971,CLE,9,5,0,0.6428571428571429,12,0.8571428571428571,AFC,Central,True,False,0,False,False,-17.0,6.428571428571429,2.0,0.0,0.0,0.0,0.0,0.0,0.0,8.428571428571429
1971,DAL,11,3,0,0.7857142857142857,184,13.142857142857142,NFC,East,True,True,3,True,True,13.333333333333334,7.857142857142857,2.0,1.0,4.0,4.0,6.0,0.0,1.0,25.857142857142858
1971,DEN,4,9,1,0.32142857142857145,-72,-5.142857142857143,AFC,West,False,False,0,False,False,,3.2142857142857144,0.0,0.0,0.0,0.0,0.0,0.0,0.0,3.2142857142857144
1971,DET,7,6,1,0.5357142857142857,55,3.9285714285714284,NFC,Central,False,False,0,False,False,,5.357142857142857,0.0,0.0,0.0,0.0,0.0,0.0,0.0,5.357142857142857
1971,GB,4,8,2,0.35714285714285715,-24,-1.7142857142857142,NFC,Central,False,False,0,False,False,,3.5714285714285716,0.0,0.0,0.0,0.0,0.0,0.0,0.0,3.5714285714285716
1971,IND,10,4,0,0.7142857142857143,173,12.357142857142858,AFC,East,False,False,1,False,False,-2.0,7.142857142857143,0.0,0.0,2.0,0.0,0.0,0.0,0.0,9.142857142857142
1971,KC,10,3,1,0.75,94,6.714285714285714,AFC,West,True,False,0,False,False,-3.0,7.5,2.0,0.0,0.0,0.0,0.0,0.0,0.0,9.5
1971,LAC,6,8,0,0.42857142857142855,-30,-2.142857142857143,AFC,West,False,False,0,False,False,,4.285714285714286,0.0,0.0,0.0,0.0,0.0,0.0,0.0,4.285714285714286
1971,LAR,8,5,1,0.6071428571428571,53,3.7857142857142856,NFC,West,False,False,0,False,False,,6.071428571428571,0.0,0.0,0.0,0.0,0.0,0.0,0.0,6.071428571428571
1971,MIA,10,3,1,0.75,141,10.071428571428571,AFC,East,True,True,2,True,False,1.0,7.5,2.0,1.0,4.0,4.0,0.0,0.0,0.0,18.5
1971,MIN,11,3,0,0.7857142857142857,106,7.571428571428571,NFC,Central,True,False,0,False,False,-8.0,7.857142857142857,2.0,0.0,0.0,0.0,0.0,0.0,0.0,9.857142857142858
1971,NE,6,8,0,0.42857142857142855,-87,-6.214285714285714,AFC,East,False,False,0,False,False,,4.285714285714286,0.0,0.0,0.0,0.0,0.0,0.0,0.0,4.285714285714286
1971,NO,4,8,2,0.35714285714285715,-81,-5.785714285714286,NFC,West,False,False,0,False,False,,3.5714285714285716,0.0,0.0,0.0,0.0,0.0,0.0,0.0,3.5714285714285716
1971,NYG,4,10,0,0.2857142857142857,-134,-9.571428571428571,NFC,East,False,False,0,False,False,,2.8571428571428568,0.0,0.0,0.0,0.0,0.0,0.0,0.0,2.8571428571428568
1971,NYJ,6,8,0,0.42857142857142855,-87,-6.214285714285714,AFC,East,False,False,0,False,False,,4.285714285714286,0.0,0.0,0.0,0.0,0.0,0.0,0.0,4.285714285714286
1971,OAK,8,4,2,0.6428571428571429,66,4.714285714285714,AFC,West,False,False,0,False,False,,6.428571428571429,0.0,0.0,0.0,0.0,0.0,0.0,0.0,6.428571428571429
1971,PHI,6,7,1,0.4642857142857143,-81,-5.785714285714286,NFC,East,False,False,0,False,False,,4.642857142857143,0.0,0.0,0.0,0.0,0.0,0.0,0.0,4.642857142857143
1971,PIT,6,8,0,0.42857142857142855,-46,-3.2857142857142856,AFC,Central,False,False,0,False,False,,4.285714285714286,0.0,0.0,0.0,0.0,0.0,0.0,0.0,4.285714285714286
1971,SF,9,5,0,0.6428571428571429,84,6.0,NFC,West,True,False,1,False,False,-3.5,6.428571428571429,2.0,0.0,2.0,0.0,0.0,0.0,0.0,10.428571428571429
1971,TEN,4,9,1,0.32142857142857145,-79,-5.642857142857143,AFC,Central,False,False,0,False,False,,3.2142857142857144,0.0,0.0,0.0,0.0,0.0,0.0,0.0,3.2142857142857144
1971,WSH,9,4,1,0.6785714285714286,86,6.142857142857143,NFC,East,False,False,0,False,False,-4.0,6.7857142857142865,0.0,0.0,0.0,0.0,0.0,0.0,0.0,6.7857142857142865
1972,ARI,4,9,1,0.32142857142857145,-110,-7.857142857142857,NFC,East,False,False,0,False,False,,3.2142857142857144,0.0,0.0,0.0,0.0,0.0,0.0,0.0,3.2142857142857144
1972,ATL,7,7,0,0.5,-5,-0.35714285714285715,NFC,West,False,False,0,False,False,,5.0,0.0,0.0,0.0,0.0,0.0,0.0,0.0,5.0
1972,BUF,4,9,1,0.32142857142857145,-120,-8.571428571428571,AFC,East,False,False,0,False,False,,3.2142857142857144,0.0,0.0,0.0,0.0,0.0,0.0,0.0,3.2142857142857144
1972,CHI,4,9,1,0.32142857142857145,-50,-3.5714285714285716,NFC,Central,False,False,0,False,False,,3.2142857142857144,0.0,0.0,0.0,0.0,0.0,0.0,0.0,3.2142857142857144
1972,CIN,8,6,0,0.5714285714285714,70,5.0,AFC,Central,False,False,0,False,False,,5.7142857142857135,0.0,0.0,0.0,0.0,0.0,0.0,0.0,5.7142857142857135
1972,CLE,10,4,0,0.7142857142857143,19,1.3571428571428572,AFC,Central,False,False,0,False,False,-6.0,7.142857142857143,0.0,0.0,0.0,0.0,0.0,0.0,0.0,7.142857142857143
1972,DAL,10,4,0,0.7142857142857143,79,5.642857142857143,NFC,East,False,False,1,False,False,-10.5,7.142857142857143,0.0,0.0,2.0,0.0,0.0,0.0,0.0,9.142857142857142
1972,DEN,5,9,0,0.35714285714285715,-25,-1.7857142857142858,AFC,West,False,False,0,False,False,,3.5714285714285716,0.0,0.0,0.0,0.0,0.0,0.0,0.0,3.5714285714285716
1972,DET,8,5,1,0.6071428571428571,49,3.5,NFC,Central,False,False,0,False,False,,6.071428571428571,0.0,0.0,0.0,0.0,0.0,0.0,0.0,6.071428571428571
1972,GB,10,4,0,0.7142857142857143,78,5.571428571428571,NFC,Central,True,False,0,False,False,-13.0,7.142857142857143,2.0,0.0,0.0,0.0,0.0,0.0,0.0,9.142857142857142
1972,IND,5,9,0,0.35714285714285715,-17,-1.2142857142857142,AFC,East,False,False,0,False,False,,3.5714285714285716,0.0,0.0,0.0,0.0,0.0,0.0,0.0,3.5714285714285716
1972,KC,8,6,0,0.5714285714285714,33,2.357142857142857,AFC,West,False,False,0,False,False,,5.7142857142857135,0.0,0.0,0.0,0.0,0.0,0.0,0.0,5.7142857142857135
1972,LAC,4,9,1,0.32142857142857145,-80,-5.714285714285714,AFC,West,False,False,0,False,False,,3.2142857142857144,0.0,0.0,0.0,0.0,0.0,0.0,0.0,3.2142857142857144
1972,LAR,6,7,1,0.4642857142857143,5,0.35714285714285715,NFC,West,False,False,0,False,False,,4.642857142857143,0.0,0.0,0.0,0.0,0.0,0.0,0.0,4.642857142857143
1972,MIA,14,0,0,1.0,214,15.285714285714286,AFC,East,True,True,3,True,True,5.666666666666667,10.0,2.0,1.0,4.0,4.0,6.0,3.0,0.0,30.0
1972,MIN,7,7,0,0.5,49,3.5,NFC,Central,False,False,0,False,False,,5.0,0.0,0.0,0.0,0.0,0.0,0.0,0.0,5.0
1972,NE,3,11,0,0.21428571428571427,-254,-18.142857142857142,AFC,East,False,False,0,False,False,,2.142857142857143,0.0,0.0,0.0,0.0,0.0,0.0,0.0,2.142857142857143
1972,NO,2,11,1,0.17857142857142858,-146,-10.428571428571429,NFC,West,False,False,0,False,False,,1.7857142857142858,0.0,0.0,0.0,0.0,0.0,0.0,0.0,1.7857142857142858
1972,NYG,8,6,0,0.5714285714285714,84,6.0,NFC,East,False,False,0,False,False,,5.7142857142857135,0.0,0.0,0.0,0.0,0.0,0.0,0.0,5.7142857142857135
1972,NYJ,7,7,0,0.5,43,3.0714285714285716,AFC,East,False,False,0,False,False,,5.0,0.0,0.0,0.0,0.0,0.0,0.0,0.0,5.0
1972,OAK,10,3,1,0.75,117,8.357142857142858,AFC,West,True,False,0,False,False,-6.0,7.5,2.0,0.0,0.0,0.0,0.0,0.0,0.0,9.5
1972,PHI,2,11,1,0.17857142857142858,-207,-14.785714285714286,NFC,East,False,False,0,False,False,,1.7857142857142858,0.0,0.0,0.0,0.0,0.0,0.0,0.0,1.7857142857142858
1972,PIT,11,3,0,0.7857142857142857,168,12.0,AFC,Central,True,False,1,False,False,1.0,7.857142857142857,2.0,0.0,2.0,0.0,0.0,0.0,0.0,11.857142857142858
1972,SF,8,5,1,0.6071428571428571,104,7.428571428571429,NFC,West,True,False,0,False,False,-2.0,6.071428571428571,2.0,0.0,0.0,0.0,0.0,0.0,0.0,8.071428571428571
1972,TEN,1,13,0,0.07142857142857142,-216,-15.428571428571429,AFC,Central,False,False,0,False,False,,0.7142857142857142,0.0,0.0,0.0,0.0,0.0,0.0,0.0,0.7142857142857142
1972,WSH,11,3,0,0.7857142857142857,118,8.428571428571429,NFC,East,True,True,2,True,False,9.666666666666666,7.857142857142857,2.0,1.0,4.0,4.0,0.0,0.0,0.0,18.857142857142858
1973,ARI,4,9,1,0.32142857142857145,-79,-5.642857142857143,NFC,East,False,False,0,False,False,,3.2142857142857144,0.0,0.0,0.0,0.0,0.0,0.0,0.0,3.2142857142857144
1973,ATL,9,5,0,0.6428571428571429,94,6.714285714285714,NFC,West,False,False,0,False,False,,6.428571428571429,0.0,0.0,0.0,0.0,0.0,0.0,0.0,6.428571428571429
1973,BUF,9,5,0,0.6428571428571429,29,2.0714285714285716,AFC,East,False,False,0,False,False,,6.428571428571429,0.0,0.0,0.0,0.0,0.0,0.0,0.0,6.428571428571429
1973,CHI,3,11,0,0.21428571428571427,-139,-9.928571428571429,NFC,Central,False,False,0,False,False,,2.142857142857143,0.0,0.0,0.0,0.0,0.0,0.0,0.0,2.142857142857143
1973,CIN,10,4,0,0.7142857142857143,55,3.9285714285714284,AFC,Central,False,False,0,False,False,-18.0,7.142857142857143,0.0,0.0,0.0,0.0,0.0,0.0,0.0,7.142857142857143
1973,CLE,7,5,2,0.5714285714285714,-21,-1.5,AFC,Central,False,False,0,False,False,,5.7142857142857135,0.0,0.0,0.0,0.0,0.0,0.0,0.0,5.7142857142857135
1973,DAL,10,4,0,0.7142857142857143,179,12.785714285714286,NFC,East,True,False,1,False,False,-3.0,7.142857142857143,2.0,0.0,2.0,0.0,0.0,0.0,0.0,11.142857142857142
1973,DEN,7,5,2,0.5714285714285714,58,4.142857142857143,AFC,West,False,False,0,False,False,,5.7142857142857135,0.0,0.0,0.0,0.0,0.0,0.0,0.0,5.7142857142857135
1973,DET,6,7,1,0.4642857142857143,24,1.7142857142857142,NFC,Central,False,False,0,False,False,,4.642857142857143,0.0,0.0,0.0,0.0,0.0,0.0,0.0,4.642857142857143
1973,GB,5,7,2,0.42857142857142855,-57,-4.071428571428571,NFC,Central,False,False,0,False,False,,4.285714285714286,0.0,0.0,0.0,0.0,0.0,0.0,0.0,4.285714285714286
1973,IND,4,10,0,0.2857142857142857,-115,-8.214285714285714,AFC,East,False,False,0,False,False,,2.8571428571428568,0.0,0.0,0.0,0.0,0.0,0.0,0.0,2.8571428571428568
1973,KC,7,5,2,0.5714285714285714,39,2.7857142857142856,AFC,West,False,False,0,False,False,,5.7142857142857135,0.0,0.0,0.0,0.0,0.0,0.0,0.0,5.7142857142857135
1973,LAC,2,11,1,0.17857142857142858,-198,-14.142857142857142,AFC,West,False,False,0,False,False,,1.7857142857142858,0.0,0.0,0.0,0.0,0.0,0.0,0.0,1.7857142857142858
1973,LAR,12,2,0,0.8571428571428571,210,15.0,NFC,West,True,True,0,False,False,-11.0,8.571428571428571,2.0,1.0,0.0,0.0,0.0,0.0,0.0,11.571428571428571
1973,MIA,12,2,0,0.8571428571428571,193,13.785714285714286,AFC,East,True,True,3,True,True,17.333333333333332,8.571428571428571,2.0,1.0,4.0,4.0,6.0,0.0,1.0,26.57142857142857
1973,MIN,12,2,0,0.8571428571428571,128,9.142857142857142,NFC,Central,True,False,2,True,False,2.3333333333333335,8.571428571428571,2.0,0.0,4.0,4.0,0.0,0.0,0.0,18.57142857142857
1973,NE,5,9,0,0.35714285714285715,-42,-3.0,AFC,East,False,False,0,False,False,,3.5714285714285716,0.0,0.0,0.0,0.0,0.0,0.0,0.0,3.5714285714285716
1973,NO,5,9,0,0.35714285714285715,-149,-10.642857142857142,NFC,West,False,False,0,False,False,,3.5714285714285716,0.0,0.0,0.0,0.0,0.0,0.0,0.0,3.5714285714285716
1973,NYG,2,11,1,0.17857142857142858,-136,-9.714285714285714,NFC,East,False,False,0,False,False,,1.7857142857142858,0.0,0.0,0.0,0.0,0.0,0.0,0.0,1.7857142857142858
1973,NYJ,4,10,0,0.2857142857142857,-66,-4.714285714285714,AFC,East,False,False,0,False,False,,2.8571428571428568,0.0,0.0,0.0,0.0,0.0,0.0,0.0,2.8571428571428568
1973,OAK,9,4,1,0.6785714285714286,117,8.357142857142858,AFC,West,True,False,1,False,False,1.0,6.7857142857142865,2.0,0.0,2.0,0.0,0.0,0.0,0.0,10.785714285714286
1973,PHI,5,8,1,0.39285714285714285,-83,-5.928571428571429,NFC,East,False,False,0,False,False,,3.9285714285714284,0.0,0.0,0.0,0.0,0.0,0.0,0.0,3.9285714285714284
1973,PIT,10,4,0,0.7142857142857143,137,9.785714285714286,AFC,Central,True,False,0,False,False,-19.0,7.142857142857143,2.0,0.0,0.0,0.0,0.0,0.0,0.0,9.142857142857142
1973,SF,5,9,0,0.35714285714285715,-57,-4.071428571428571,NFC,West,False,False,0,False,False,,3.5714285714285716,0.0,0.0,0.0,0.0,0.0,0.0,0.0,3.5714285714285716
1973,TEN,1,13,0,0.07142857142857142,-248,-17.714285714285715,AFC,Central,False,False,0,False,False,,0.7142857142857142,0.0,0.0,0.0,0.0,0.0,0.0,0.0,0.7142857142857142
1973,WSH,10,4,0,0.7142857142857143,127,9.071428571428571,NFC,East,False,False,0,False,False,-7.0,7.142857142857143,0.0,0.0,0.0,0.0,0.0,0.0,0.0,7.142857142857143
1974,ARI,10,4,0,0.7142857142857143,67,4.785714285714286,NFC,East,False,False,0,False,False,-16.0,7.142857142857143,0.0,0.0,0.0,0.0,0.0,0.0,0.0,7.142857142857143
1974,ATL,3,11,0,0.21428571428571427,-160,-11.428571428571429,NFC,West,False,False,0,False,False,,2.142857142857143,0.0,0.0,0.0,0.0,0.0,0.0,0.0,2.142857142857143
1974,BUF,9,5,0,0.6428571428571429,20,1.4285714285714286,AFC,East,False,False,0,False,False,-18.0,6.428571428571429,0.0,0.0,0.0,0.0,0.0,0.0,0.0,6.428571428571429
1974,CHI,4,10,0,0.2857142857142857,-127,-9.071428571428571,NFC,Central,False,False,0,False,False,,2.8571428571428568,0.0,0.0,0.0,0.0,0.0,0.0,0.0,2.8571428571428568
1974,CIN,7,7,0,0.5,24,1.7142857142857142,AFC,Central,False,False,0,False,False,,5.0,0.0,0.0,0.0,0.0,0.0,0.0,0.0,5.0
1974,CLE,4,10,0,0.2857142857142857,-93,-6.642857142857143,AFC,Central,False,False,0,False,False,,2.8571428571428568,0.0,0.0,0.0,0.0,0.0,0.0,0.0,2.8571428571428568
1974,DAL,8,6,0,0.5714285714285714,62,4.428571428571429,NFC,East,False,False,0,False,False,,5.7142857142857135,0.0,0.0,0.0,0.0,0.0,0.0,0.0,5.7142857142857135
1974,DEN,7,6,1,0.5357142857142857,8,0.5714285714285714,AFC,West,False,False,0,False,False,,5.357142857142857,0.0,0.0,0.0,0.0,0.0,0.0,0.0,5.357142857142857
1974,DET,7,7,0,0.5,-14,-1.0,NFC,Central,False,False,0,False,False,,5.0,0.0,0.0,0.0,0.0,0.0,0.0,0.0,5.0
1974,GB,6,8,0,0.42857142857142855,4,0.2857142857142857,NFC,Central,False,False,0,False,False,,4.285714285714286,0.0,0.0,0.0,0.0,0.0,0.0,0.0,4.285714285714286
1974,IND,2,12,0,0.14285714285714285,-139,-9.928571428571429,AFC,East,False,False,0,False,False,,1.4285714285714284,0.0,0.0,0.0,0.0,0.0,0.0,0.0,1.4285714285714284
1974,KC,5,9,0,0.35714285714285715,-60,-4.285714285714286,AFC,West,False,False,0,False,False,,3.5714285714285716,0.0,0.0,0.0,0.0,0.0,0.0,0.0,3.5714285714285716
1974,LAC,5,9,0,0.35714285714285715,-73,-5.214285714285714,AFC,West,False,False,0,False,False,,3.5714285714285716,0.0,0.0,0.0,0.0,0.0,0.0,0.0,3.5714285714285716
1974,LAR,10,4,0,0.7142857142857143,82,5.857142857142857,NFC,West,True,False,1,False,False,2.5,7.142857142857143,2.0,0.0,2.0,0.0,0.0,0.0,0.0,11.142857142857142
1974,MIA,11,3,0,0.7857142857142857,111,7.928571428571429,AFC,East,True,False,0,False,False,-2.0,7.857142857142857,2.0,0.0,0.0,0.0,0.0,0.0,0.0,9.857142857142858
1974,MIN,10,4,0,0.7142857142857143,115,8.214285714285714,NFC,Central,True,False,2,True,False,3.3333333333333335,7.142857142857143,2.0,0.0,4.0,4.0,0.0,0.0,0.0,17.142857142857142
1974,NE,7,7,0,0.5,59,4.214285714285714,AFC,East,False,False,0,False,False,,5.0,0.0,0.0,0.0,0.0,0.0,0.0,0.0,5.0
1974,NO,5,9,0,0.35714285714285715,-97,-6.928571428571429,NFC,West,False,False,0,False,False,,3.5714285714285716,0.0,0.0,0.0,0.0,0.0,0.0,0.0,3.5714285714285716
1974,NYG,2,12,0,0.14285714285714285,-104,-7.428571428571429,NFC,East,False,False,0,False,False,,1.4285714285714284,0.0,0.0,0.0,0.0,0.0,0.0,0.0,1.4285714285714284
1974,NYJ,7,7,0,0.5,-21,-1.5,AFC,East,False,False,0,False,False,,5.0,0.0,0.0,0.0,0.0,0.0,0.0,0.0,5.0
1974,OAK,12,2,0,0.8571428571428571,127,9.071428571428571,AFC,West,True,True,1,False,False,-4.5,8.571428571428571,2.0,1.0,2.0,0.0,0.0,0.0,0.0,13.571428571428571
1974,PHI,7,7,0,0.5,25,1.7857142857142858,NFC,East,False,False,0,False,False,,5.0,0.0,0.0,0.0,0.0,0.0,0.0,0.0,5.0
1974,PIT,10,3,1,0.75,116,8.285714285714286,AFC,Central,True,False,3,True,True,13.0,7.5,2.0,0.0,4.0,4.0,6.0,0.0,1.0,24.5
1974,SF,6,8,0,0.42857142857142855,-10,-0.7142857142857143,NFC,West,False,False,0,False,False,,4.285714285714286,0.0,0.0,0.0,0.0,0.0,0.0,0.0,4.285714285714286
1974,TEN,7,7,0,0.5,-46,-3.2857142857142856,AFC,Central,False,False,0,False,False,,5.0,0.0,0.0,0.0,0.0,0.0,0.0,0.0,5.0
1974,WSH,10,4,0,0.7142857142857143,124,8.857142857142858,NFC,East,True,True,0,False,False,-9.0,7.142857142857143,2.0,1.0,0.0,0.0,0.0,0.0,0.0,10.142857142857142
1975,ARI,11,3,0,0.7857142857142857,80,5.714285714285714,NFC,East,True,False,0,False,False,-12.0,7.857142857142857,2.0,0.0,0.0,0.0,0.0,0.0,0.0,9.857142857142858
1975,ATL,4,10,0,0.2857142857142857,-49,-3.5,NFC,West,False,False,0,False,False,,2.8571428571428568,0.0,0.0,0.0,0.0,0.0,0.0,0.0,2.8571428571428568
1975,BUF,8,6,0,0.5714285714285714,65,4.642857142857143,AFC,East,False,False,0,False,False,,5.7142857142857135,0.0,0.0,0.0,0.0,0.0,0.0,0.0,5.7142857142857135
1975,CHI,4,10,0,0.2857142857142857,-188,-13.428571428571429,NFC,Central,False,False,0,False,False,,2.8571428571428568,0.0,0.0,0.0,0.0,0.0,0.0,0.0,2.8571428571428568
1975,CIN,11,3,0,0.7857142857142857,94,6.714285714285714,AFC,Central,False,False,0,False,False,-3.0,7.857142857142857,0.0,0.0,0.0,0.0,0.0,0.0,0.0,7.857142857142857
1975,CLE,3,11,0,0.21428571428571427,-154,-11.0,AFC,Central,False,False,0,False,False,,2.142857142857143,0.0,0.0,0.0,0.0,0.0,0.0,0.0,2.142857142857143
1975,DAL,10,4,0,0.7142857142857143,82,5.857142857142857,NFC,East,False,False,2,True,False,9.666666666666666,7.142857142857143,0.0,0.0,4.0,4.0,0.0,0.0,0.0,15.142857142857142
1975,DEN,6,8,0,0.42857142857142855,-53,-3.7857142857142856,AFC,West,False,False,0,False,False,,4.285714285714286,0.0,0.0,0.0,0.0,0.0,0.0,0.0,4.285714285714286
1975,DET,7,7,0,0.5,-17,-1.2142857142857142,NFC,Central,False,False,0,False,False,,5.0,0.0,0.0,0.0,0.0,0.0,0.0,0.0,5.0
1975,GB,4,10,0,0.2857142857142857,-59,-4.214285714285714,NFC,Central,False,False,0,False,False,,2.8571428571428568,0.0,0.0,0.0,0.0,0.0,0.0,0.0,2.8571428571428568
1975,IND,10,4,0,0.7142857142857143,126,9.0,AFC,East,False,False,0,False,False,-18.0,7.142857142857143,0.0,0.0,0.0,0.0,0.0,0.0,0.0,7.142857142857143
1975,KC,5,9,0,0.35714285714285715,-59,-4.214285714285714,AFC,West,False,False,0,False,False,,3.5714285714285716,0.0,0.0,0.0,0.0,0.0,0.0,0.0,3.5714285714285716
1975,LAC,2,12,0,0.14285714285714285,-156,-11.142857142857142,AFC,West,False,False,0,False,False,,1.4285714285714284,0.0,0.0,0.0,0.0,0.0,0.0,0.0,1.4285714285714284
1975,LAR,12,2,0,0.8571428571428571,177,12.642857142857142,NFC,West,True,False,1,False,False,-9.0,8.571428571428571,2.0,0.0,2.0,0.0,0.0,0.0,0.0,12.571428571428571
1975,MIA,10,4,0,0.7142857142857143,135,9.642857142857142,AFC,East,True,False,0,False,False,,7.142857142857143,2.0,0.0,0.0,0.0,0.0,0.0,0.0,9.142857142857142
1975,MIN,12,2,0,0.8571428571428571,197,14.071428571428571,NFC,Central,True,True,0,False,False,-3.0,8.571428571428571,2.0,1.0,0.0,0.0,0.0,0.0,0.0,11.571428571428571
1975,NE,3,11,0,0.21428571428571427,-100,-7.142857142857143,AFC,East,False,False,0,False,False,,2.142857142857143,0.0,0.0,0.0,0.0,0.0,0.0,0.0,2.142857142857143
1975,NO,2,12,0,0.14285714285714285,-195,-13.928571428571429,NFC,West,False,False,0,False,False,,1.4285714285714284,0.0,0.0,0.0,0.0,0.0,0.0,0.0,1.4285714285714284
1975,NYG,5,9,0,0.35714285714285715,-90,-6.428571428571429,NFC,East,False,False,0,False,False,,3.5714285714285716,0.0,0.0,0.0,0.0,0.0,0.0,0.0,3.5714285714285716
1975,NYJ,3,11,0,0.21428571428571427,-175,-12.5,AFC,East,False,False,0,False,False,,2.142857142857143,0.0,0.0,0.0,0.0,0.0,0.0,0.0,2.142857142857143
1975,OAK,11,3,0,0.7857142857142857,120,8.571428571428571,AFC,West,True,False,1,False,False,-1.5,7.857142857142857,2.0,0.0,2.0,0.0,0.0,0.0,0.0,11.857142857142858
1975,PHI,4,10,0,0.2857142857142857,-77,-5.5,NFC,East,False,False,0,False,False,,2.8571428571428568,0.0,0.0,0.0,0.0,0.0,0.0,0.0,2.8571428571428568
1975,PIT,12,2,0,0.8571428571428571,211,15.071428571428571,AFC,Central,True,True,3,True,True,9.333333333333334,8.571428571428571,2.0,1.0,4.0,4.0,6.0,0.0,0.0,25.57142857142857
1975,SF,5,9,0,0.35714285714285715,-31,-2.2142857142857144,NFC,West,False,False,0,False,False,,3.5714285714285716,0.0,0.0,0.0,0.0,0.0,0.0,0.0,3.5714285714285716
1975,TEN,10,4,0,0.7142857142857143,67,4.785714285714286,AFC,Central,False,False,0,False,False,,7.142857142857143,0.0,0.0,0.0,0.0,0.0,0.0,0.0,7.142857142857143
1975,WSH,8,6,0,0.5714285714285714,49,3.5,NFC,East,False,False,0,False,False,,5.7142857142857135,0.0,0.0,0.0,0.0,0.0,0.0,0.0,5.7142857142857135
1976,ARI,10,4,0,0.7142857142857143,42,3.0,NFC,East,False,False,0,False,False,,7.142857142857143,0.0,0.0,0.0,0.0,0.0,0.0,0.0,7.142857142857143
1976,ATL,4,10,0,0.2857142857142857,-140,-10.0,NFC,West,False,False,0,False,False,,2.8571428571428568,0.0,0.0,0.0,0.0,0.0,0.0,0.0,2.8571428571428568
1976,BUF,2,12,0,0.14285714285714285,-118,-8.428571428571429,AFC,East,False,False,0,False,False,,1.4285714285714284,0.0,0.0,0.0,0.0,0.0,0.0,0.0,1.4285714285714284
1976,CHI,7,7,0,0.5,37,2.642857142857143,NFC,Central,False,False,0,False,False,,5.0,0.0,0.0,0.0,0.0,0.0,0.0,0.0,5.0
1976,CIN,10,4,0,0.7142857142857143,125,8.928571428571429,AFC,Central,False,False,0,False,False,,7.142857142857143,0.0,0.0,0.0,0.0,0.0,0.0,0.0,7.142857142857143
1976,CLE,9,5,0,0.6428571428571429,-20,-1.4285714285714286,AFC,Central,False,False,0,False,False,,6.428571428571429,0.0,0.0,0.0,0.0,0.0,0.0,0.0,6.428571428571429
1976,DAL,11,3,0,0.7857142857142857,102,7.285714285714286,NFC,East,True,False,0,False,False,-2.0,7.857142857142857,2.0,0.0,0.0,0.0,0.0,0.0,0.0,9.857142857142858
1976,DEN,9,5,0,0.6428571428571429,109,7.785714285714286,AFC,West,False,False,0,False,False,,6.428571428571429,0.0,0.0,0.0,0.0,0.0,0.0,0.0,6.428571428571429
1976,DET,6,8,0,0.42857142857142855,42,3.0,NFC,Central,False,False,0,False,False,,4.285714285714286,0.0,0.0,0.0,0.0,0.0,0.0,0.0,4.285714285714286
1976,GB,5,9,0,0.35714285714285715,-81,-5.785714285714286,NFC,Central,False,False,0,False,False,,3.5714285714285716,0.0,0.0,0.0,0.0,0.0,0.0,0.0,3.5714285714285716
1976,IND,11,3,0,0.7857142857142857,171,12.214285714285714,AFC,East,True,False,0,False,False,-26.0,7.857142857142857,2.0,0.0,0.0,0.0,0.0,0.0,0.0,9.857142857142858
1976,KC,5,9,0,0.35714285714285715,-86,-6.142857142857143,AFC,West,False,False,0,False,False,,3.5714285714285716,0.0,0.0,0.0,0.0,0.0,0.0,0.0,3.5714285714285716
1976,LAC,6,8,0,0.42857142857142855,-37,-2.642857142857143,AFC,West,False,False,0,False,False,,4.285714285714286,0.0,0.0,0.0,0.0,0.0,0.0,0.0,4.285714285714286
1976,LAR,10,3,1,0.75,161,11.5,NFC,West,True,False,1,False,False,-4.5,7.5,2.0,0.0,2.0,0.0,0.0,0.0,0.0,11.5
1976,MIA,6,8,0,0.42857142857142855,-1,-0.07142857142857142,AFC,East,False,False,0,False,False,,4.285714285714286,0.0,0.0,0.0,0.0,0.0,0.0,0.0,4.285714285714286
1976,MIN,11,2,1,0.8214285714285714,129,9.214285714285714,NFC,Central,True,True,2,True,False,2.6666666666666665,8.214285714285714,2.0,1.0,4.0,4.0,0.0,0.0,0.0,19.214285714285715
1976,NE,11,3,0,0.7857142857142857,140,10.0,AFC,East,False,False,0,False,False,-3.0,7.857142857142857,0.0,0.0,0.0,0.0,0.0,0.0,0.0,7.857142857142857
1976,NO,4,10,0,0.2857142857142857,-93,-6.642857142857143,NFC,West,False,False,0,False,False,,2.8571428571428568,0.0,0.0,0.0,0.0,0.0,0.0,0.0,2.8571428571428568
1976,NYG,3,11,0,0.21428571428571427,-80,-5.714285714285714,NFC,East,False,False,0,False,False,,2.142857142857143,0.0,0.0,0.0,0.0,0.0,0.0,0.0,2.142857142857143
1976,NYJ,3,11,0,0.21428571428571427,-214,-15.285714285714286,AFC,East,False,False,0,False,False,,2.142857142857143,0.0,0.0,0.0,0.0,0.0,0.0,0.0,2.142857142857143
1976,OAK,13,1,0,0.9285714285714286,113,8.071428571428571,AFC,West,True,True,3,True,True,12.666666666666666,9.285714285714286,2.0,1.0,4.0,4.0,6.0,0.0,1.0,27.285714285714285
1976,PHI,4,10,0,0.2857142857142857,-121,-8.642857142857142,NFC,East,False,False,0,False,False,,2.8571428571428568,0.0,0.0,0.0,0.0,0.0,0.0,0.0,2.8571428571428568
1976,PIT,10,4,0,0.7142857142857143,204,14.571428571428571,AFC,Central,True,False,1,False,False,4.5,7.142857142857143,2.0,0.0,2.0,0.0,0.0,0.0,0.0,11.142857142857142
1976,SEA,2,12,0,0.14285714285714285,-200,-14.285714285714286,NFC,West,False,False,0,False,False,,1.4285714285714284,0.0,0.0,0.0,0.0,0.0,0.0,0.0,1.4285714285714284
1976,SF,8,6,0,0.5714285714285714,80,5.714285714285714,NFC,West,False,False,0,False,False,,5.7142857142857135,0.0,0.0,0.0,0.0,0.0,0.0,0.0,5.7142857142857135
1976,TB,0,14,0,0.0,-287,-20.5,AFC,West,False,False,0,False,False,,0.0,0.0,0.0,0.0,0.0,0.0,0.0,0.0,0.0
1976,TEN,5,9,0,0.35714285714285715,-51,-3.642857142857143,AFC,Central,False,False,0,False,False,,3.5714285714285716,0.0,0.0,0.0,0.0,0.0,0.0,0.0,3.5714285714285716
1976,WSH,10,4,0,0.7142857142857143,74,5.285714285714286,NFC,East,False,False,0,False,False,-15.0,7.142857142857143,0.0,0.0,0.0,0.0,0.0,0.0,0.0,7.142857142857143
1977,ARI,7,7,0,0.5,-15,-1.0714285714285714,NFC,East,False,False,0,False,False,,5.0,0.0,0.0,0.0,0.0,0.0,0.0,0.0,5.0
1977,ATL,7,7,0,0.5,50,3.5714285714285716,NFC,West,False,False,0,False,False,,5.0,0.0,0.0,0.0,0.0,0.0,0.0,0.0,5.0
1977,BUF,3,11,0,0.21428571428571427,-153,-10.928571428571429,AFC,East,False,False,0,False,False,,2.142857142857143,0.0,0.0,0.0,0.0,0.0,0.0,0.0,2.142857142857143
1977,CHI,9,5,0,0.6428571428571429,2,0.14285714285714285,NFC,Central,False,False,0,False,False,-30.0,6.428571428571429,0.0,0.0,0.0,0.0,0.0,0.0,0.0,6.428571428571429
1977,CIN,8,6,0,0.5714285714285714,3,0.21428571428571427,AFC,Central,False,False,0,False,False,,5.7142857142857135,0.0,0.0,0.0,0.0,0.0,0.0,0.0,5.7142857142857135
1977,CLE,6,8,0,0.42857142857142855,2,0.14285714285714285,AFC,Central,False,False,0,False,False,,4.285714285714286,0.0,0.0,0.0,0.0,0.0,0.0,0.0,4.285714285714286
1977,DAL,12,2,0,0.8571428571428571,133,9.5,NFC,East,True,True,3,True,True,21.333333333333332,8.571428571428571,2.0,1.0,4.0,4.0,6.0,0.0,1.0,26.57142857142857
1977,DEN,12,2,0,0.8571428571428571,126,9.0,AFC,West,True,True,2,True,False,-0.3333333333333333,8.571428571428571,2.0,1.0,4.0,4.0,0.0,0.0,0.0,19.57142857142857
1977,DET,6,8,0,0.42857142857142855,-69,-4.928571428571429,NFC,Central,False,False,0,False,False,,4.285714285714286,0.0,0.0,0.0,0.0,0.0,0.0,0.0,4.285714285714286
1977,GB,4,10,0,0.2857142857142857,-85,-6.071428571428571,NFC,Central,False,False,0,False,False,,2.8571428571428568,0.0,0.0,0.0,0.0,0.0,0.0,0.0,2.8571428571428568
1977,IND,10,4,0,0.7142857142857143,74,5.285714285714286,AFC,East,False,False,0,False,False,-6.0,7.142857142857143,0.0,0.0,0.0,0.0,0.0,0.0,0.0,7.142857142857143
1977,KC,2,12,0,0.14285714285714285,-124,-8.857142857142858,AFC,West,False,False,0,False,False,,1.4285714285714284,0.0,0.0,0.0,0.0,0.0,0.0,0.0,1.4285714285714284
1977,LAC,7,7,0,0.5,17,1.2142857142857142,AFC,West,False,False,0,False,False,,5.0,0.0,0.0,0.0,0.0,0.0,0.0,0.0,5.0
1977,LAR,10,4,0,0.7142857142857143,156,11.142857142857142,NFC,West,True,False,0,False,False,-7.0,7.142857142857143,2.0,0.0,0.0,0.0,0.0,0.0,0.0,9.142857142857142
1977,MIA,10,4,0,0.7142857142857143,116,8.285714285714286,AFC,East,True,False,0,False,False,,7.142857142857143,2.0,0.0,0.0,0.0,0.0,0.0,0.0,9.142857142857142
1977,MIN,9,5,0,0.6428571428571429,4,0.2857142857142857,NFC,Central,True,False,1,False,False,-5.0,6.428571428571429,2.0,0.0,2.0,0.0,0.0,0.0,0.0,10.428571428571429
1977,NE,9,5,0,0.6428571428571429,61,4.357142857142857,AFC,East,False,False,0,False,False,,6.428571428571429,0.0,0.0,0.0,0.0,0.0,0.0,0.0,6.428571428571429
1977,NO,3,11,0,0.21428571428571427,-104,-7.428571428571429,NFC,West,False,False,0,False,False,,2.142857142857143,0.0,0.0,0.0,0.0,0.0,0.0,0.0,2.142857142857143
1977,NYG,5,9,0,0.35714285714285715,-84,-6.0,NFC,East,False,False,0,False,False,,3.5714285714285716,0.0,0.0,0.0,0.0,0.0,0.0,0.0,3.5714285714285716
1977,NYJ,3,11,0,0.21428571428571427,-109,-7.785714285714286,AFC,East,False,False,0,False,False,,2.142857142857143,0.0,0.0,0.0,0.0,0.0,0.0,0.0,2.142857142857143
1977,OAK,11,3,0,0.7857142857142857,121,8.642857142857142,AFC,West,False,False,1,False,False,1.5,7.857142857142857,0.0,0.0,2.0,0.0,0.0,0.0,0.0,9.857142857142858
1977,PHI,5,9,0,0.35714285714285715,13,0.9285714285714286,NFC,East,False,False,0,False,False,,3.5714285714285716,0.0,0.0,0.0,0.0,0.0,0.0,0.0,3.5714285714285716
1977,PIT,9,5,0,0.6428571428571429,40,2.857142857142857,AFC,Central,True,False,0,False,False,-13.0,6.428571428571429,2.0,0.0,0.0,0.0,0.0,0.0,0.0,8.428571428571429
1977,SEA,5,9,0,0.35714285714285715,-91,-6.5,AFC,West,False,False,0,False,False,,3.5714285714285716,0.0,0.0,0.0,0.0,0.0,0.0,0.0,3.5714285714285716
1977,SF,5,9,0,0.35714285714285715,-40,-2.857142857142857,NFC,West,False,False,0,False,False,,3.5714285714285716,0.0,0.0,0.0,0.0,0.0,0.0,0.0,3.5714285714285716
1977,TB,2,12,0,0.14285714285714285,-120,-8.571428571428571,NFC,Central,False,False,0,False,False,,1.4285714285714284,0.0,0.0,0.0,0.0,0.0,0.0,0.0,1.4285714285714284
1977,TEN,8,6,0,0.5714285714285714,69,4.928571428571429,AFC,Central,False,False,0,False,False,,5.7142857142857135,0.0,0.0,0.0,0.0,0.0,0.0,0.0,5.7142857142857135
1977,WSH,9,5,0,0.6428571428571429,7,0.5,NFC,East,False,False,0,False,False,,6.428571428571429,0.0,0.0,0.0,0.0,0.0,0.0,0.0,6.428571428571429
1978,ARI,6,10,0,0.375,-48,-3.0,NFC,East,False,False,0,False,False,,3.75,0.0,0.0,0.0,0.0,0.0,0.0,0.0,3.75
1978,ATL,9,7,0,0.5625,-50,-3.125,NFC,West,False,False,1,False,False,-3.0,5.625,0.0,0.0,2.0,0.0,0.0,0.0,0.0,7.625
1978,BUF,5,11,0,0.3125,-52,-3.25,AFC,East,False,False,0,False,False,,3.125,0.0,0.0,0.0,0.0,0.0,0.0,0.0,3.125
1978,CHI,7,9,0,0.4375,-21,-1.3125,NFC,Central,False,False,0,False,False,,4.375,0.0,0.0,0.0,0.0,0.0,0.0,0.0,4.375
1978,CIN,4,12,0,0.25,-32,-2.0,AFC,Central,False,False,0,False,False,,2.5,0.0,0.0,0.0,0.0,0.0,0.0,0.0,2.5
1978,CLE,8,8,0,0.5,-22,-1.375,AFC,Central,False,False,0,False,False,,5.0,0.0,0.0,0.0,0.0,0.0,0.0,0.0,5.0
1978,DAL,12,4,0,0.75,176,11.0,NFC,East,True,True,2,True,False,10.333333333333334,7.5,2.0,1.0,4.0,4.0,0.0,0.0,1.0,19.5
1978,DEN,10,6,0,0.625,84,5.25,AFC,West,True,False,0,False,False,-23.0,6.25,2.0,0.0,0.0,0.0,0.0,0.0,0.0,8.25
1978,DET,7,9,0,0.4375,-10,-0.625,NFC,Central,False,False,0,False,False,,4.375,0.0,0.0,0.0,0.0,0.0,0.0,0.0,4.375
1978,GB,8,7,1,0.53125,-20,-1.25,NFC,Central,False,False,0,False,False,,5.3125,0.0,0.0,0.0,0.0,0.0,0.0,0.0,5.3125
1978,IND,5,11,0,0.3125,-182,-11.375,AFC,East,False,False,0,False,False,,3.125,0.0,0.0,0.0,0.0,0.0,0.0,0.0,3.125
1978,KC,4,12,0,0.25,-84,-5.25,AFC,West,False,False,0,False,False,,2.5,0.0,0.0,0.0,0.0,0.0,0.0,0.0,2.5
1978,LAC,9,7,0,0.5625,46,2.875,AFC,West,False,False,0,False,False,,5.625,0.0,0.0,0.0,0.0,0.0,0.0,0.0,5.625
1978,LAR,12,4,0,0.75,71,4.4375,NFC,West,True,False,1,False,False,-2.0,7.5,2.0,0.0,2.0,0.0,0.0,0.0,0.0,11.5
1978,MIA,11,5,0,0.6875,118,7.375,AFC,East,True,False,0,False,False,-8.0,6.875,2.0,0.0,0.0,0.0,0.0,0.0,0.0,8.875
1978,MIN,8,7,1,0.53125,-12,-0.75,NFC,Central,True,False,0,False,False,-24.0,5.3125,2.0,0.0,0.0,0.0,0.0,0.0,0.0,7.3125
1978,NE,11,5,0,0.6875,72,4.5,AFC,East,False,False,0,False,False,-17.0,6.875,0.0,0.0,0.0,0.0,0.0,0.0,0.0,6.875
1978,NO,7,9,0,0.4375,-17,-1.0625,NFC,West,False,False,0,False,False,,4.375,0.0,0.0,0.0,0.0,0.0,0.0,0.0,4.375
1978,NYG,6,10,0,0.375,-34,-2.125,NFC,East,False,False,0,False,False,,3.75,0.0,0.0,0.0,0.0,0.0,0.0,0.0,3.75
1978,NYJ,8,8,0,0.5,-5,-0.3125,AFC,East,False,False,0,False,False,,5.0,0.0,0.0,0.0,0.0,0.0,0.0,0.0,5.0
1978,OAK,9,7,0,0.5625,28,1.75,AFC,West,False,False,0,False,False,,5.625,0.0,0.0,0.0,0.0,0.0,0.0,0.0,5.625
1978,PHI,9,7,0,0.5625,20,1.25,NFC,East,False,False,0,False,False,-1.0,5.625,0.0,0.0,0.0,0.0,0.0,0.0,0.0,5.625
1978,PIT,14,2,0,0.875,161,10.0625,AFC,Central,True,True,3,True,True,18.666666666666668,8.75,2.0,1.0,4.0,4.0,6.0,0.0,1.0,26.75
1978,SEA,9,7,0,0.5625,-13,-0.8125,AFC,West,False,False,0,False,False,,5.625,0.0,0.0,0.0,0.0,0.0,0.0,0.0,5.625
1978,SF,2,14,0,0.125,-131,-8.1875,NFC,West,False,False,0,False,False,,1.25,0.0,0.0,0.0,0.0,0.0,0.0,0.0,1.25
1978,TB,5,11,0,0.3125,-18,-1.125,NFC,Central,False,False,0,False,False,,3.125,0.0,0.0,0.0,0.0,0.0,0.0,0.0,3.125
1978,TEN,10,6,0,0.625,-15,-0.9375,AFC,Central,False,False,2,False,False,-1.3333333333333333,6.25,0.0,0.0,4.0,0.0,0.0,0.0,0.0,10.25
1978,WSH,8,8,0,0.5,-10,-0.625,NFC,East,False,False,0,False,False,,5.0,0.0,0.0,0.0,0.0,0.0,0.0,0.0,5.0
1979,ARI,5,11,0,0.3125,-51,-3.1875,NFC,East,False,False,0,False,False,,3.125,0.0,0.0,0.0,0.0,0.0,0.0,0.0,3.125
1979,ATL,6,10,0,0.375,-88,-5.5,NFC,West,False,False,0,False,False,,3.75,0.0,0.0,0.0,0.0,0.0,0.0,0.0,3.75
1979,BUF,7,9,0,0.4375,-11,-0.6875,AFC,East,False,False,0,False,False,,4.375,0.0,0.0,0.0,0.0,0.0,0.0,0.0,4.375
1979,CHI,10,6,0,0.625,57,3.5625,NFC,Central,True,False,0,False,False,-10.0,6.25,2.0,0.0,0.0,0.0,0.0,0.0,0.0,8.25
1979,CIN,4,12,0,0.25,-84,-5.25,AFC,Central,False,False,0,False,False,,2.5,0.0,0.0,0.0,0.0,0.0,0.0,0.0,2.5
1979,CLE,9,7,0,0.5625,7,0.4375,AFC,Central,False,False,0,False,False,,5.625,0.0,0.0,0.0,0.0,0.0,0.0,0.0,5.625
1979,DAL,11,5,0,0.6875,58,3.625,NFC,East,True,True,0,False,False,-2.0,6.875,2.0,1.0,0.0,0.0,0.0,0.0,0.0,9.875
1979,DEN,10,6,0,0.625,27,1.6875,AFC,West,False,False,0,False,False,-6.0,6.25,0.0,0.0,0.0,0.0,0.0,0.0,0.0,6.25
1979,DET,2,14,0,0.125,-146,-9.125,NFC,Central,False,False,0,False,False,,1.25,0.0,0.0,0.0,0.0,0.0,0.0,0.0,1.25
1979,GB,5,11,0,0.3125,-70,-4.375,NFC,Central,False,False,0,False,False,,3.125,0.0,0.0,0.0,0.0,0.0,0.0,0.0,3.125
1979,IND,5,11,0,0.3125,-80,-5.0,AFC,East,False,False,0,False,False,,3.125,0.0,0.0,0.0,0.0,0.0,0.0,0.0,3.125
1979,KC,7,9,0,0.4375,-24,-1.5,AFC,West,False,False,0,False,False,,4.375,0.0,0.0,0.0,0.0,0.0,0.0,0.0,4.375
1979,LAC,12,4,0,0.75,165,10.3125,AFC,West,True,True,0,False,False,-3.0,7.5,2.0,1.0,0.0,0.0,0.0,0.0,0.0,10.5
1979,LAR,9,7,0,0.5625,14,0.875,NFC,West,True,False,2,True,False,-0.3333333333333333,5.625,2.0,0.0,4.0,4.0,0.0,0.0,0.0,15.625
1979,MIA,10,6,0,0.625,84,5.25,AFC,East,True,False,0,False,False,-20.0,6.25,2.0,0.0,0.0,0.0,0.0,0.0,0.0,8.25
1979,MIN,7,9,0,0.4375,-78,-4.875,NFC,Central,False,False,0,False,False,,4.375,0.0,0.0,0.0,0.0,0.0,0.0,0.0,4.375
1979,NE,9,7,0,0.5625,85,5.3125,AFC,East,False,False,0,False,False,,5.625,0.0,0.0,0.0,0.0,0.0,0.0,0.0,5.625
1979,NO,8,8,0,0.5,10,0.625,NFC,West,False,False,0,False,False,,5.0,0.0,0.0,0.0,0.0,0.0,0.0,0.0,5.0
1979,NYG,6,10,0,0.375,-86,-5.375,NFC,East,False,False,0,False,False,,3.75,0.0,0.0,0.0,0.0,0.0,0.0,0.0,3.75
1979,NYJ,8,8,0,0.5,-46,-2.875,AFC,East,False,False,0,False,False,,5.0,0.0,0.0,0.0,0.0,0.0,0.0,0.0,5.0
1979,OAK,9,7,0,0.5625,28,1.75,AFC,West,False,False,0,False,False,,5.625,0.0,0.0,0.0,0.0,0.0,0.0,0.0,5.625
1979,PHI,11,5,0,0.6875,57,3.5625,NFC,East,False,False,1,False,False,1.5,6.875,0.0,0.0,2.0,0.0,0.0,0.0,0.0,8.875
1979,PIT,12,4,0,0.75,154,9.625,AFC,Central,True,False,3,True,True,15.333333333333334,7.5,2.0,0.0,4.0,4.0,6.0,0.0,1.0,24.5
1979,SEA,9,7,0,0.5625,6,0.375,AFC,West,False,False,0,False,False,,5.625,0.0,0.0,0.0,0.0,0.0,0.0,0.0,5.625
1979,SF,2,14,0,0.125,-108,-6.75,NFC,West,False,False,0,False,False,,1.25,0.0,0.0,0.0,0.0,0.0,0.0,0.0,1.25
1979,TB,10,6,0,0.625,36,2.25,NFC,Central,False,False,1,False,False,-1.0,6.25,0.0,0.0,2.0,0.0,0.0,0.0,0.0,8.25
1979,TEN,11,5,0,0.6875,31,1.9375,AFC,Central,False,False,2,False,False,-1.6666666666666667,6.875,0.0,0.0,4.0,0.0,0.0,0.0,0.0,10.875
1979,WSH,10,6,0,0.625,53,3.3125,NFC,East,False,False,0,False,False,,6.25,0.0,0.0,0.0,0.0,0.0,0.0,0.0,6.25
1980,ARI,5,11,0,0.3125,-51,-3.1875,NFC,East,False,False,0,False,False,,3.125,0.0,0.0,0.0,0.0,0.0,0.0,0.0,3.125
1980,ATL,12,4,0,0.75,133,8.3125,NFC,West,True,False,0,False,False,-3.0,7.5,2.0,0.0,0.0,0.0,0.0,0.0,0.0,9.5
1980,BUF,11,5,0,0.6875,60,3.75,AFC,East,True,False,0,False,False,-6.0,6.875,2.0,0.0,0.0,0.0,0.0,0.0,0.0,8.875
1980,CHI,7,9,0,0.4375,40,2.5,NFC,Central,False,False,0,False,False,,4.375,0.0,0.0,0.0,0.0,0.0,0.0,0.0,4.375
1980,CIN,6,10,0,0.375,-68,-4.25,AFC,Central,False,False,0,False,False,,3.75,0.0,0.0,0.0,0.0,0.0,0.0,0.0,3.75
1980,CLE,11,5,0,0.6875,47,2.9375,AFC,Central,True,False,0,False,False,-2.0,6.875,2.0,0.0,0.0,0.0,0.0,0.0,0.0,8.875
1980,DAL,12,4,0,0.75,143,8.9375,NFC,East,False,False,2,False,False,3.6666666666666665,7.5,0.0,0.0,4.0,0.0,0.0,0.0,0.0,11.5
1980,DEN,8,8,0,0.5,-13,-0.8125,AFC,West,False,False,0,False,False,,5.0,0.0,0.0,0.0,0.0,0.0,0.0,0.0,5.0
1980,DET,9,7,0,0.5625,62,3.875,NFC,Central,True,False,0,False,False,,5.625,2.0,0.0,0.0,0.0,0.0,0.0,0.0,7.625
1980,GB,5,10,1,0.34375,-140,-8.75,NFC,Central,False,False,0,False,False,,3.4375,0.0,0.0,0.0,0.0,0.0,0.0,0.0,3.4375
1980,IND,7,9,0,0.4375,-32,-2.0,AFC,East,False,False,0,False,False,,4.375,0.0,0.0,0.0,0.0,0.0,0.0,0.0,4.375
1980,KC,8,8,0,0.5,-17,-1.0625,AFC,West,False,False,0,False,False,,5.0,0.0,0.0,0.0,0.0,0.0,0.0,0.0,5.0
1980,LAC,11,5,0,0.6875,91,5.6875,AFC,West,True,True,1,False,False,-0.5,6.875,2.0,1.0,2.0,0.0,0.0,0.0,0.0,11.875
1980,LAR,11,5,0,0.6875,135,8.4375,NFC,West,False,False,0,False,False,-21.0,6.875,0.0,0.0,0.0,0.0,0.0,0.0,0.0,6.875
1980,MIA,8,8,0,0.5,-39,-2.4375,AFC,East,False,False,0,False,False,,5.0,0.0,0.0,0.0,0.0,0.0,0.0,0.0,5.0
1980,MIN,9,7,0,0.5625,9,0.5625,NFC,Central,False,False,0,False,False,-15.0,5.625,0.0,0.0,0.0,0.0,0.0,0.0,0.0,5.625
1980,NE,10,6,0,0.625,116,7.25,AFC,East,False,False,0,False,False,,6.25,0.0,0.0,0.0,0.0,0.0,0.0,0.0,6.25
1980,NO,1,15,0,0.0625,-196,-12.25,NFC,West,False,False,0,False,False,,0.625,0.0,0.0,0.0,0.0,0.0,0.0,0.0,0.625
1980,NYG,4,12,0,0.25,-176,-11.0,NFC,East,False,False,0,False,False,,2.5,0.0,0.0,0.0,0.0,0.0,0.0,0.0,2.5
1980,NYJ,4,12,0,0.25,-93,-5.8125,AFC,East,False,False,0,False,False,,2.5,0.0,0.0,0.0,0.0,0.0,0.0,0.0,2.5
1980,OAK,11,5,0,0.6875,58,3.625,AFC,West,False,False,4,True,True,11.5,6.875,0.0,0.0,6.0,4.0,6.0,0.0,1.0,23.875
1980,PHI,12,4,0,0.75,162,10.125,NFC,East,True,True,2,True,False,3.6666666666666665,7.5,2.0,1.0,4.0,4.0,0.0,0.0,0.0,18.5
1980,PIT,9,7,0,0.5625,39,2.4375,AFC,Central,False,False,0,False,False,,5.625,0.0,0.0,0.0,0.0,0.0,0.0,0.0,5.625
1980,SEA,4,12,0,0.25,-117,-7.3125,AFC,West,False,False,0,False,False,,2.5,0.0,0.0,0.0,0.0,0.0,0.0,0.0,2.5
1980,SF,6,10,0,0.375,-95,-5.9375,NFC,West,False,False,0,False,False,,3.75,0.0,0.0,0.0,0.0,0.0,0.0,0.0,3.75
1980,TB,5,10,1,0.34375,-70,-4.375,NFC,Central,False,False,0,False,False,,3.4375,0.0,0.0,0.0,0.0,0.0,0.0,0.0,3.4375
1980,TEN,11,5,0,0.6875,44,2.75,AFC,Central,False,False,0,False,False,-20.0,6.875,0.0,0.0,0.0,0.0,0.0,0.0,0.0,6.875
1980,WSH,6,10,0,0.375,-32,-2.0,NFC,East,False,False,0,False,False,,3.75,0.0,0.0,0.0,0.0,0.0,0.0,0.0,3.75
1981,ARI,7,9,0,0.4375,-93,-5.8125,NFC,East,False,False,0,False,False,,4.375,0.0,0.0,0.0,0.0,0.0,0.0,0.0,4.375
1981,ATL,7,9,0,0.4375,71,4.4375,NFC,West,False,False,0,False,False,,4.375,0.0,0.0,0.0,0.0,0.0,0.0,0.0,4.375
1981,BUF,10,6,0,0.625,35,2.1875,AFC,East,False,False,1,False,False,-1.5,6.25,0.0,0.0,2.0,0.0,0.0,0.0,0.0,8.25
1981,CHI,6,10,0,0.375,-71,-4.4375,NFC,Central,False,False,0,False,False,,3.75,0.0,0.0,0.0,0.0,0.0,0.0,0.0,3.75
1981,CIN,12,4,0,0.75,117,7.3125,AFC,Central,True,True,2,True,False,7.333333333333333,7.5,2.0,1.0,4.0,4.0,0.0,0.0,0.0,18.5
1981,CLE,5,11,0,0.3125,-99,-6.1875,AFC,Central,False,False,0,False,False,,3.125,0.0,0.0,0.0,0.0,0.0,0.0,0.0,3.125
1981,DAL,12,4,0,0.75,90,5.625,NFC,East,True,False,1,False,False,18.5,7.5,2.0,0.0,2.0,0.0,0.0,0.0,1.0,12.5
1981,DEN,10,6,0,0.625,32,2.0,AFC,West,False,False,0,False,False,,6.25,0.0,0.0,0.0,0.0,0.0,0.0,0.0,6.25
1981,DET,8,8,0,0.5,75,4.6875,NFC,Central,False,False,0,False,False,,5.0,0.0,0.0,0.0,0.0,0.0,0.0,0.0,5.0
1981,GB,8,8,0,0.5,-37,-2.3125,NFC,Central,False,False,0,False,False,,5.0,0.0,0.0,0.0,0.0,0.0,0.0,0.0,5.0
1981,IND,2,14,0,0.125,-274,-17.125,AFC,East,False,False,0,False,False,,1.25,0.0,0.0,0.0,0.0,0.0,0.0,0.0,1.25
1981,KC,9,7,0,0.5625,53,3.3125,AFC,West,False,False,0,False,False,,5.625,0.0,0.0,0.0,0.0,0.0,0.0,0.0,5.625
1981,LAC,10,6,0,0.625,88,5.5,AFC,West,True,False,1,False,False,-8.5,6.25,2.0,0.0,2.0,0.0,0.0,0.0,0.0,10.25
1981,LAR,6,10,0,0.375,-48,-3.0,NFC,West,False,False,0,False,False,,3.75,0.0,0.0,0.0,0.0,0.0,0.0,0.0,3.75
1981,MIA,11,4,1,0.71875,70,4.375,AFC,East,True,False,0,False,False,-3.0,7.1875,2.0,0.0,0.0,0.0,0.0,0.0,0.0,9.1875
1981,MIN,7,9,0,0.4375,-44,-2.75,NFC,Central,False,False,0,False,False,,4.375,0.0,0.0,0.0,0.0,0.0,0.0,0.0,4.375
1981,NE,2,14,0,0.125,-48,-3.0,AFC,East,False,False,0,False,False,,1.25,0.0,0.0,0.0,0.0,0.0,0.0,0.0,1.25
1981,NO,4,12,0,0.25,-171,-10.6875,NFC,West,False,False,0,False,False,,2.5,0.0,0.0,0.0,0.0,0.0,0.0,0.0,2.5
1981,NYG,9,7,0,0.5625,38,2.375,NFC,East,False,False,1,False,False,-4.0,5.625,0.0,0.0,2.0,0.0,0.0,0.0,0.0,7.625
1981,NYJ,10,5,1,0.65625,68,4.25,AFC,East,False,False,0,False,False,-4.0,6.5625,0.0,0.0,0.0,0.0,0.0,0.0,0.0,6.5625
1981,OAK,7,9,0,0.4375,-70,-4.375,AFC,West,False,False,0,False,False,,4.375,0.0,0.0,0.0,0.0,0.0,0.0,0.0,4.375
1981,PHI,10,6,0,0.625,147,9.1875,NFC,East,False,False,0,False,False,-6.0,6.25,0.0,0.0,0.0,0.0,0.0,0.0,0.0,6.25
1981,PIT,8,8,0,0.5,59,3.6875,AFC,Central,False,False,0,False,False,,5.0,0.0,0.0,0.0,0.0,0.0,0.0,0.0,5.0
1981,SEA,6,10,0,0.375,-66,-4.125,AFC,West,False,False,0,False,False,,3.75,0.0,0.0,0.0,0.0,0.0,0.0,0.0,3.75
1981,SF,13,3,0,0.8125,107,6.6875,NFC,West,True,True,3,True,True,6.666666666666667,8.125,2.0,1.0,4.0,4.0,6.0,0.0,0.0,25.125
1981,TB,9,7,0,0.5625,47,2.9375,NFC,Central,True,False,0,False,False,-38.0,5.625,2.0,0.0,0.0,0.0,0.0,0.0,0.0,7.625
1981,TEN,7,9,0,0.4375,-74,-4.625,AFC,Central,False,False,0,False,False,,4.375,0.0,0.0,0.0,0.0,0.0,0.0,0.0,4.375
1981,WSH,8,8,0,0.5,-2,-0.125,NFC,East,False,False,0,False,False,,5.0,0.0,0.0,0.0,0.0,0.0,0.0,0.0,5.0
1982,ARI,5,4,0,0.5555555555555556,-35,-3.888888888888889,NFC,East,False,False,0,False,False,-25.0,5.555555555555555,0.0,0.0,0.0,0.0,0.0,0.0,0.0,5.555555555555555
1982,ATL,5,4,0,0.5555555555555556,-16,-1.7777777777777777,NFC,West,True,False,0,False,False,-6.0,5.555555555555555,2.0,0.0,0.0,0.0,0.0,0.0,0.0,7.555555555555555
1982,BUF,4,5,0,0.4444444444444444,-4,-0.4444444444444444,AFC,East,False,False,0,False,False,,4.444444444444445,0.0,0.0,0.0,0.0,0.0,0.0,0.0,4.444444444444445
1982,CHI,3,6,0,0.3333333333333333,-33,-3.6666666666666665,NFC,Central,False,False,0,False,False,,3.333333333333333,0.0,0.0,0.0,0.0,0.0,0.0,0.0,3.333333333333333
1982,CIN,7,2,0,0.7777777777777778,55,6.111111111111111,AFC,Central,True,False,0,False,False,-27.0,7.777777777777778,2.0,0.0,0.0,0.0,0.0,0.0,0.0,9.777777777777779
1982,CLE,4,5,0,0.4444444444444444,-42,-4.666666666666667,AFC,Central,False,False,0,False,False,-17.0,4.444444444444445,0.0,0.0,0.0,0.0,0.0,0.0,0.0,4.444444444444445
1982,DAL,6,3,0,0.6666666666666666,81,9.0,NFC,East,False,False,2,False,False,3.3333333333333335,6.666666666666666,0.0,0.0,4.0,0.0,0.0,0.0,0.0,10.666666666666666
1982,DEN,2,7,0,0.2222222222222222,-78,-8.666666666666666,AFC,West,False,False,0,False,False,,2.2222222222222223,0.0,0.0,0.0,0.0,0.0,0.0,0.0,2.2222222222222223
1982,DET,4,5,0,0.4444444444444444,5,0.5555555555555556,NFC,Central,False,False,0,False,False,-24.0,4.444444444444445,0.0,0.0,0.0,0.0,0.0,0.0,0.0,4.444444444444445
1982,GB,5,3,1,0.6111111111111112,57,6.333333333333333,NFC,Central,True,False,1,False,False,7.0,6.111111111111112,2.0,0.0,2.0,0.0,0.0,0.0,0.0,10.11111111111111
1982,IND,0,8,1,0.05555555555555555,-123,-13.666666666666666,AFC,East,False,False,0,False,False,,0.5555555555555556,0.0,0.0,0.0,0.0,0.0,0.0,0.0,0.5555555555555556
1982,KC,3,6,0,0.3333333333333333,-8,-0.8888888888888888,AFC,West,False,False,0,False,False,,3.333333333333333,0.0,0.0,0.0,0.0,0.0,0.0,0.0,3.333333333333333
1982,LAC,6,3,0,0.6666666666666666,67,7.444444444444445,AFC,West,False,False,1,False,False,-9.0,6.666666666666666,0.0,0.0,2.0,0.0,0.0,0.0,0.0,8.666666666666666
1982,LAR,2,7,0,0.2222222222222222,-50,-5.555555555555555,NFC,West,False,False,0,False,False,,2.2222222222222223,0.0,0.0,0.0,0.0,0.0,0.0,0.0,2.2222222222222223
1982,MIA,7,2,0,0.7777777777777778,67,7.444444444444445,AFC,East,True,False,3,True,False,10.0,7.777777777777778,2.0,0.0,6.0,4.0,0.0,0.0,1.0,20.77777777777778
1982,MIN,5,4,0,0.5555555555555556,-11,-1.2222222222222223,NFC,Central,False,False,1,False,False,-4.0,5.555555555555555,0.0,0.0,2.0,0.0,0.0,0.0,0.0,7.555555555555555
1982,NE,5,4,0,0.5555555555555556,-14,-1.5555555555555556,AFC,East,False,False,0,False,False,-15.0,5.555555555555555,0.0,0.0,0.0,0.0,0.0,0.0,0.0,5.555555555555555
1982,NO,4,5,0,0.4444444444444444,-31,-3.4444444444444446,NFC,West,False,False,0,False,False,,4.444444444444445,0.0,0.0,0.0,0.0,0.0,0.0,0.0,4.444444444444445
1982,NYG,4,5,0,0.4444444444444444,4,0.4444444444444444,NFC,East,False,False,0,False,False,,4.444444444444445,0.0,0.0,0.0,0.0,0.0,0.0,0.0,4.444444444444445
1982,NYJ,6,3,0,0.6666666666666666,79,8.777777777777779,AFC,East,False,False,2,False,False,5.333333333333333,6.666666666666666,0.0,0.0,4.0,0.0,0.0,0.0,0.0,10.666666666666666
1982,OAK,8,1,0,0.8888888888888888,60,6.666666666666667,AFC,West,True,True,1,False,False,7.0,8.88888888888889,2.0,1.0,2.0,0.0,0.0,0.0,0.0,13.88888888888889
1982,PHI,3,6,0,0.3333333333333333,-4,-0.4444444444444444,NFC,East,False,False,0,False,False,,3.333333333333333,0.0,0.0,0.0,0.0,0.0,0.0,0.0,3.333333333333333
1982,PIT,6,3,0,0.6666666666666666,58,6.444444444444445,AFC,Central,False,False,0,False,False,-3.0,6.666666666666666,0.0,0.0,0.0,0.0,0.0,0.0,0.0,6.666666666666666
1982,SEA,4,5,0,0.4444444444444444,-20,-2.2222222222222223,AFC,West,False,False,0,False,False,,4.444444444444445,0.0,0.0,0.0,0.0,0.0,0.0,0.0,4.444444444444445
1982,SF,3,6,0,0.3333333333333333,3,0.3333333333333333,NFC,West,False,False,0,False,False,,3.333333333333333,0.0,0.0,0.0,0.0,0.0,0.0,0.0,3.333333333333333
1982,TB,5,4,0,0.5555555555555556,-20,-2.2222222222222223,NFC,Central,False,False,0,False,False,-13.0,5.555555555555555,0.0,0.0,0.0,0.0,0.0,0.0,0.0,5.555555555555555
1982,TEN,1,8,0,0.1111111111111111,-109,-12.11111111111111,AFC,Central,False,False,0,False,False,,1.1111111111111112,0.0,0.0,0.0,0.0,0.0,0.0,0.0,1.1111111111111112
1982,WSH,8,1,0,0.8888888888888888,62,6.888888888888889,NFC,East,True,True,4,True,True,15.5,8.88888888888889,2.0,1.0,6.0,4.0,6.0,0.0,1.0,28.88888888888889
1983,ARI,8,7,1,0.53125,-54,-3.375,NFC,East,False,False,0,False,False,,5.3125,0.0,0.0,0.0,0.0,0.0,0.0,0.0,5.3125
1983,ATL,7,9,0,0.4375,-19,-1.1875,NFC,West,False,False,0,False,False,,4.375,0.0,0.0,0.0,0.0,0.0,0.0,0.0,4.375
1983,BUF,8,8,0,0.5,-68,-4.25,AFC,East,False,False,0,False,False,,5.0,0.0,0.0,0.0,0.0,0.0,0.0,0.0,5.0
1983,CHI,8,8,0,0.5,10,0.625,NFC,Central,False,False,0,False,False,,5.0,0.0,0.0,0.0,0.0,0.0,0.0,0.0,5.0
1983,CIN,7,9,0,0.4375,44,2.75,AFC,Central,False,False,0,False,False,,4.375,0.0,0.0,0.0,0.0,0.0,0.0,0.0,4.375
1983,CLE,9,7,0,0.5625,14,0.875,AFC,Central,False,False,0,False,False,,5.625,0.0,0.0,0.0,0.0,0.0,0.0,0.0,5.625
1983,DAL,12,4,0,0.75,119,7.4375,NFC,East,False,False,0,False,False,-7.0,7.5,0.0,0.0,0.0,0.0,0.0,0.0,0.0,7.5
1983,DEN,9,7,0,0.5625,-25,-1.5625,AFC,West,False,False,0,False,False,-24.0,5.625,0.0,0.0,0.0,0.0,0.0,0.0,0.0,5.625
1983,DET,9,7,0,0.5625,61,3.8125,NFC,Central,True,False,0,False,False,-1.0,5.625,2.0,0.0,0.0,0.0,0.0,0.0,0.0,7.625
1983,GB,8,8,0,0.5,-10,-0.625,NFC,Central,False,False,0,False,False,,5.0,0.0,0.0,0.0,0.0,0.0,0.0,0.0,5.0
1983,IND,7,9,0,0.4375,-90,-5.625,AFC,East,False,False,0,False,False,,4.375,0.0,0.0,0.0,0.0,0.0,0.0,0.0,4.375
1983,KC,6,10,0,0.375,19,1.1875,AFC,West,False,False,0,False,False,,3.75,0.0,0.0,0.0,0.0,0.0,0.0,0.0,3.75
1983,LAC,6,10,0,0.375,-104,-6.5,AFC,West,False,False,0,False,False,,3.75,0.0,0.0,0.0,0.0,0.0,0.0,0.0,3.75
1983,LAR,9,7,0,0.5625,17,1.0625,NFC,West,False,False,1,False,False,-18.5,5.625,0.0,0.0,2.0,0.0,0.0,0.0,0.0,7.625
1983,MIA,12,4,0,0.75,139,8.6875,AFC,East,True,True,0,False,False,-7.0,7.5,2.0,1.0,0.0,0.0,0.0,0.0,0.0,10.5
1983,MIN,8,8,0,0.5,-32,-2.0,NFC,Central,False,False,0,False,False,,5.0,0.0,0.0,0.0,0.0,0.0,0.0,0.0,5.0
1983,NE,8,8,0,0.5,-15,-0.9375,AFC,East,False,False,0,False,False,,5.0,0.0,0.0,0.0,0.0,0.0,0.0,0.0,5.0
1983,NO,8,8,0,0.5,-18,-1.125,NFC,West,False,False,0,False,False,,5.0,0.0,0.0,0.0,0.0,0.0,0.0,0.0,5.0
1983,NYG,3,12,1,0.21875,-80,-5.0,NFC,East,False,False,0,False,False,,2.1875,0.0,0.0,0.0,0.0,0.0,0.0,0.0,2.1875
1983,NYJ,7,9,0,0.4375,-18,-1.125,AFC,East,False,False,0,False,False,,4.375,0.0,0.0,0.0,0.0,0.0,0.0,0.0,4.375
1983,OAK,12,4,0,0.75,104,6.5,AFC,West,True,False,3,True,True,24.333333333333332,7.5,2.0,0.0,4.0,4.0,6.0,0.0,1.0,24.5
1983,PHI,5,11,0,0.3125,-89,-5.5625,NFC,East,False,False,0,False,False,,3.125,0.0,0.0,0.0,0.0,0.0,0.0,0.0,3.125
1983,PIT,10,6,0,0.625,52,3.25,AFC,Central,True,False,0,False,False,-28.0,6.25,2.0,0.0,0.0,0.0,0.0,0.0,0.0,8.25
1983,SEA,9,7,0,0.5625,6,0.375,AFC,West,False,False,2,False,False,5.0,5.625,0.0,0.0,4.0,0.0,0.0,0.0,0.0,9.625
1983,SF,10,6,0,0.625,139,8.6875,NFC,West,True,False,1,False,False,-1.0,6.25,2.0,0.0,2.0,0.0,0.0,0.0,0.0,10.25
1983,TB,2,14,0,0.125,-139,-8.6875,NFC,Central,False,False,0,False,False,,1.25,0.0,0.0,0.0,0.0,0.0,0.0,0.0,1.25
1983,TEN,2,14,0,0.125,-172,-10.75,AFC,Central,False,False,0,False,False,,1.25,0.0,0.0,0.0,0.0,0.0,0.0,0.0,1.25
1983,WSH,14,2,0,0.875,209,13.0625,NFC,East,True,True,2,True,False,6.0,8.75,2.0,1.0,4.0,4.0,0.0,0.0,0.0,19.75
1984,ARI,9,7,0,0.5625,78,4.875,NFC,East,False,False,0,False,False,,5.625,0.0,0.0,0.0,0.0,0.0,0.0,0.0,5.625
1984,ATL,4,12,0,0.25,-101,-6.3125,NFC,West,False,False,0,False,False,,2.5,0.0,0.0,0.0,0.0,0.0,0.0,0.0,2.5
1984,BUF,2,14,0,0.125,-204,-12.75,AFC,East,False,False,0,False,False,,1.25,0.0,0.0,0.0,0.0,0.0,0.0,0.0,1.25
1984,CHI,10,6,0,0.625,77,4.8125,NFC,Central,True,False,1,False,False,-9.5,6.25,2.0,0.0,2.0,0.0,0.0,0.0,0.0,10.25
1984,CIN,8,8,0,0.5,0,0.0,AFC,Central,False,False,0,False,False,,5.0,0.0,0.0,0.0,0.0,0.0,0.0,0.0,5.0
1984,CLE,5,11,0,0.3125,-47,-2.9375,AFC,Central,False,False,0,False,False,,3.125,0.0,0.0,0.0,0.0,0.0,0.0,0.0,3.125
1984,DAL,9,7,0,0.5625,0,0.0,NFC,East,False,False,0,False,False,,5.625,0.0,0.0,0.0,0.0,0.0,0.0,0.0,5.625
1984,DEN,13,3,0,0.8125,112,7.0,AFC,West,True,False,0,False,False,-7.0,8.125,2.0,0.0,0.0,0.0,0.0,0.0,0.0,10.125
1984,DET,4,11,1,0.28125,-125,-7.8125,NFC,Central,False,False,0,False,False,,2.8125,0.0,0.0,0.0,0.0,0.0,0.0,0.0,2.8125
1984,GB,8,8,0,0.5,81,5.0625,NFC,Central,False,False,0,False,False,,5.0,0.0,0.0,0.0,0.0,0.0,0.0,0.0,5.0
1984,IND,4,12,0,0.25,-175,-10.9375,AFC,East,False,False,0,False,False,,2.5,0.0,0.0,0.0,0.0,0.0,0.0,0.0,2.5
1984,KC,8,8,0,0.5,-10,-0.625,AFC,West,False,False,0,False,False,,5.0,0.0,0.0,0.0,0.0,0.0,0.0,0.0,5.0
1984,LAC,7,9,0,0.4375,-19,-1.1875,AFC,West,False,False,0,False,False,,4.375,0.0,0.0,0.0,0.0,0.0,0.0,0.0,4.375
1984,LAR,10,6,0,0.625,30,1.875,NFC,West,False,False,0,False,False,-3.0,6.25,0.0,0.0,0.0,0.0,0.0,0.0,0.0,6.25
1984,MIA,14,2,0,0.875,215,13.4375,AFC,East,True,True,2,True,False,5.333333333333333,8.75,2.0,1.0,4.0,4.0,0.0,0.0,0.0,19.75
1984,MIN,3,13,0,0.1875,-208,-13.0,NFC,Central,False,False,0,False,False,,1.875,0.0,0.0,0.0,0.0,0.0,0.0,0.0,1.875
1984,NE,9,7,0,0.5625,10,0.625,AFC,East,False,False,0,False,False,,5.625,0.0,0.0,0.0,0.0,0.0,0.0,0.0,5.625
1984,NO,7,9,0,0.4375,-63,-3.9375,NFC,West,False,False,0,False,False,,4.375,0.0,0.0,0.0,0.0,0.0,0.0,0.0,4.375
1984,NYG,9,7,0,0.5625,-2,-0.125,NFC,East,False,False,1,False,False,-4.0,5.625,0.0,0.0,2.0,0.0,0.0,0.0,0.0,7.625
1984,NYJ,7,9,0,0.4375,-32,-2.0,AFC,East,False,False,0,False,False,,4.375,0.0,0.0,0.0,0.0,0.0,0.0,0.0,4.375
1984,OAK,11,5,0,0.6875,90,5.625,AFC,West,False,False,0,False,False,-6.0,6.875,0.0,0.0,0.0,0.0,0.0,0.0,0.0,6.875
1984,PHI,6,9,1,0.40625,-42,-2.625,NFC,East,False,False,0,False,False,,4.0625,0.0,0.0,0.0,0.0,0.0,0.0,0.0,4.0625
1984,PIT,9,7,0,0.5625,77,4.8125,AFC,Central,True,False,1,False,False,-5.0,5.625,2.0,0.0,2.0,0.0,0.0,0.0,0.0,9.625
1984,SEA,12,4,0,0.75,136,8.5,AFC,West,False,False,1,False,False,-7.5,7.5,0.0,0.0,2.0,0.0,0.0,0.0,0.0,9.5
1984,SF,15,1,0,0.9375,248,15.5,NFC,West,True,True,3,True,True,18.666666666666668,9.375,2.0,1.0,4.0,4.0,6.0,0.0,1.0,27.375
1984,TB,6,10,0,0.375,-45,-2.8125,NFC,Central,False,False,0,False,False,,3.75,0.0,0.0,0.0,0.0,0.0,0.0,0.0,3.75
1984,TEN,3,13,0,0.1875,-197,-12.3125,AFC,Central,False,False,0,False,False,,1.875,0.0,0.0,0.0,0.0,0.0,0.0,0.0,1.875
1984,WSH,11,5,0,0.6875,116,7.25,NFC,East,True,False,0,False,False,-4.0,6.875,2.0,0.0,0.0,0.0,0.0,0.0,0.0,8.875
1985,ARI,5,11,0,0.3125,-136,-8.5,NFC,East,False,False,0,False,False,,3.125,0.0,0.0,0.0,0.0,0.0,0.0,0.0,3.125
1985,ATL,4,12,0,0.25,-170,-10.625,NFC,West,False,False,0,False,False,,2.5,0.0,0.0,0.0,0.0,0.0,0.0,0.0,2.5
1985,BUF,2,14,0,0.125,-181,-11.3125,AFC,East,False,False,0,False,False,,1.25,0.0,0.0,0.0,0.0,0.0,0.0,0.0,1.25
1985,CHI,15,1,0,0.9375,258,16.125,NFC,Central,True,True,3,True,True,27.0,9.375,2.0,1.0,4.0,4.0,6.0,0.0,1.0,27.375
1985,CIN,7,9,0,0.4375,4,0.25,AFC,Central,False,False,0,False,False,,4.375,0.0,0.0,0.0,0.0,0.0,0.0,0.0,4.375
1985,CLE,8,8,0,0.5,-7,-0.4375,AFC,Central,True,False,0,False,False,-3.0,5.0,2.0,0.0,0.0,0.0,0.0,0.0,0.0,7.0
1985,DAL,10,6,0,0.625,24,1.5,NFC,East,False,False,0,False,False,-20.0,6.25,0.0,0.0,0.0,0.0,0.0,0.0,0.0,6.25
1985,DEN,11,5,0,0.6875,51,3.1875,AFC,West,False,False,0,False,False,,6.875,0.0,0.0,0.0,0.0,0.0,0.0,0.0,6.875
1985,DET,7,9,0,0.4375,-59,-3.6875,NFC,Central,False,False,0,False,False,,4.375,0.0,0.0,0.0,0.0,0.0,0.0,0.0,4.375
1985,GB,8,8,0,0.5,-18,-1.125,NFC,Central,False,False,0,False,False,,5.0,0.0,0.0,0.0,0.0,0.0,0.0,0.0,5.0
1985,IND,5,11,0,0.3125,-66,-4.125,AFC,East,False,False,0,False,False,,3.125,0.0,0.0,0.0,0.0,0.0,0.0,0.0,3.125
1985,KC,6,10,0,0.375,-43,-2.6875,AFC,West,False,False,0,False,False,,3.75,0.0,0.0,0.0,0.0,0.0,0.0,0.0,3.75
1985,LAC,8,8,0,0.5,32,2.0,AFC,West,False,False,0,False,False,,5.0,0.0,0.0,0.0,0.0,0.0,0.0,0.0,5.0
1985,LAR,11,5,0,0.6875,63,3.9375,NFC,West,True,False,1,False,False,-2.0,6.875,2.0,0.0,2.0,0.0,0.0,0.0,0.0,10.875
1985,MIA,12,4,0,0.75,108,6.75,AFC,East,True,True,1,False,False,-7.0,7.5,2.0,1.0,2.0,0.0,0.0,0.0,0.0,12.5
1985,MIN,7,9,0,0.4375,-13,-0.8125,NFC,Central,False,False,0,False,False,,4.375,0.0,0.0,0.0,0.0,0.0,0.0,0.0,4.375
1985,NE,11,5,0,0.6875,72,4.5,AFC,East,False,False,3,True,False,0.0,6.875,0.0,0.0,6.0,4.0,0.0,0.0,0.0,16.875
1985,NO,5,11,0,0.3125,-107,-6.6875,NFC,West,False,False,0,False,False,,3.125,0.0,0.0,0.0,0.0,0.0,0.0,0.0,3.125
1985,NYG,10,6,0,0.625,116,7.25,NFC,East,True,False,1,False,False,-3.5,6.25,2.0,0.0,2.0,0.0,0.0,0.0,0.0,10.25
1985,NYJ,11,5,0,0.6875,129,8.0625,AFC,East,False,False,0,False,False,-12.0,6.875,0.0,0.0,0.0,0.0,0.0,0.0,0.0,6.875
1985,OAK,12,4,0,0.75,46,2.875,AFC,West,True,False,0,False,False,-7.0,7.5,2.0,0.0,0.0,0.0,0.0,0.0,0.0,9.5
1985,PHI,7,9,0,0.4375,-24,-1.5,NFC,East,False,False,0,False,False,,4.375,0.0,0.0,0.0,0.0,0.0,0.0,0.0,4.375
1985,PIT,7,9,0,0.4375,24,1.5,AFC,Central,False,False,0,False,False,,4.375,0.0,0.0,0.0,0.0,0.0,0.0,0.0,4.375
1985,SEA,8,8,0,0.5,46,2.875,AFC,West,False,False,0,False,False,,5.0,0.0,0.0,0.0,0.0,0.0,0.0,0.0,5.0
1985,SF,10,6,0,0.625,148,9.25,NFC,West,False,False,0,False,False,-14.0,6.25,0.0,0.0,0.0,0.0,0.0,0.0,0.0,6.25
1985,TB,2,14,0,0.125,-154,-9.625,NFC,Central,False,False,0,False,False,,1.25,0.0,0.0,0.0,0.0,0.0,0.0,0.0,1.25
1985,TEN,5,11,0,0.3125,-128,-8.0,AFC,Central,False,False,0,False,False,,3.125,0.0,0.0,0.0,0.0,0.0,0.0,0.0,3.125
1985,WSH,10,6,0,0.625,-15,-0.9375,NFC,East,False,False,0,False,False,,6.25,0.0,0.0,0.0,0.0,0.0,0.0,0.0,6.25
1986,ARI,4,11,1,0.28125,-133,-8.3125,NFC,East,False,False,0,False,False,,2.8125,0.0,0.0,0.0,0.0,0.0,0.0,0.0,2.8125
1986,ATL,7,8,1,0.46875,0,0.0,NFC,West,False,False,0,False,False,,4.6875,0.0,0.0,0.0,0.0,0.0,0.0,0.0,4.6875
1986,BUF,4,12,0,0.25,-61,-3.8125,AFC,East,False,False,0,False,False,,2.5,0.0,0.0,0.0,0.0,0.0,0.0,0.0,2.5
1986,CHI,14,2,0,0.875,165,10.3125,NFC,Central,True,True,0,False,False,-14.0,8.75,2.0,1.0,0.0,0.0,0.0,0.0,0.0,11.75
1986,CIN,10,6,0,0.625,15,0.9375,AFC,Central,False,False,0,False,False,,6.25,0.0,0.0,0.0,0.0,0.0,0.0,0.0,6.25
1986,CLE,12,4,0,0.75,81,5.0625,AFC,Central,True,True,1,False,False,0.0,7.5,2.0,1.0,2.0,0.0,0.0,0.0,0.0,12.5
1986,DAL,7,9,0,0.4375,9,0.5625,NFC,East,False,False,0,False,False,,4.375,0.0,0.0,0.0,0.0,0.0,0.0,0.0,4.375
1986,DEN,11,5,0,0.6875,51,3.1875,AFC,West,True,False,2,True,False,-3.6666666666666665,6.875,2.0,0.0,4.0,4.0,0.0,0.0,0.0,16.875
1986,DET,5,11,0,0.3125,-49,-3.0625,NFC,Central,False,False,0,False,False,,3.125,0.0,0.0,0.0,0.0,0.0,0.0,0.0,3.125
1986,GB,4,12,0,0.25,-164,-10.25,NFC,Central,False,False,0,False,False,,2.5,0.0,0.0,0.0,0.0,0.0,0.0,0.0,2.5
1986,IND,3,13,0,0.1875,-171,-10.6875,AFC,East,False,False,0,False,False,,1.875,0.0,0.0,0.0,0.0,0.0,0.0,0.0,1.875
1986,KC,10,6,0,0.625,32,2.0,AFC,West,False,False,0,False,False,-20.0,6.25,0.0,0.0,0.0,0.0,0.0,0.0,0.0,6.25
1986,LAC,4,12,0,0.25,-61,-3.8125,AFC,West,False,False,0,False,False,,2.5,0.0,0.0,0.0,0.0,0.0,0.0,0.0,2.5
1986,LAR,10,6,0,0.625,42,2.625,NFC,West,False,False,0,False,False,-12.0,6.25,0.0,0.0,0.0,0.0,0.0,0.0,0.0,6.25
1986,MIA,8,8,0,0.5,25,1.5625,AFC,East,False,False,0,False,False,,5.0,0.0,0.0,0.0,0.0,0.0,0.0,0.0,5.0
1986,MIN,9,7,0,0.5625,125,7.8125,NFC,Central,False,False,0,False,False,,5.625,0.0,0.0,0.0,0.0,0.0,0.0,0.0,5.625
1986,NE,11,5,0,0.6875,105,6.5625,AFC,East,True,False,0,False,False,-5.0,6.875,2.0,0.0,0.0,0.0,0.0,0.0,0.0,8.875
1986,NO,7,9,0,0.4375,1,0.0625,NFC,West,False,False,0,False,False,,4.375,0.0,0.0,0.0,0.0,0.0,0.0,0.0,4.375
1986,NYG,14,2,0,0.875,135,8.4375,NFC,East,True,False,3,True,True,27.333333333333332,8.75,2.0,0.0,4.0,4.0,6.0,0.0,1.0,25.75
1986,NYJ,10,6,0,0.625,-22,-1.375,AFC,East,False,False,1,False,False,8.5,6.25,0.0,0.0,2.0,0.0,0.0,0.0,0.0,8.25
1986,OAK,8,8,0,0.5,-23,-1.4375,AFC,West,False,False,0,False,False,,5.0,0.0,0.0,0.0,0.0,0.0,0.0,0.0,5.0
1986,PHI,5,10,1,0.34375,-56,-3.5,NFC,East,False,False,0,False,False,,3.4375,0.0,0.0,0.0,0.0,0.0,0.0,0.0,3.4375
1986,PIT,6,10,0,0.375,-29,-1.8125,AFC,Central,False,False,0,False,False,,3.75,0.0,0.0,0.0,0.0,0.0,0.0,0.0,3.75
1986,SEA,10,6,0,0.625,73,4.5625,AFC,West,False,False,0,False,False,,6.25,0.0,0.0,0.0,0.0,0.0,0.0,0.0,6.25
1986,SF,10,5,1,0.65625,127,7.9375,NFC,West,True,False,0,False,False,-46.0,6.5625,2.0,0.0,0.0,0.0,0.0,0.0,0.0,8.5625
1986,TB,2,14,0,0.125,-234,-14.625,NFC,Central,False,False,0,False,False,,1.25,0.0,0.0,0.0,0.0,0.0,0.0,0.0,1.25
1986,TEN,5,11,0,0.3125,-55,-3.4375,AFC,Central,False,False,0,False,False,,3.125,0.0,0.0,0.0,0.0,0.0,0.0,0.0,3.125
1986,WSH,12,4,0,0.75,72,4.5,NFC,East,False,False,2,False,False,3.0,7.5,0.0,0.0,4.0,0.0,0.0,0.0,0.0,11.5
1987,ARI,7,8,0,0.4666666666666667,-6,-0.4,NFC,East,False,False,0,False,False,,4.666666666666667,0.0,0.0,0.0,0.0,0.0,0.0,0.0,4.666666666666667
1987,ATL,3,12,0,0.2,-231,-15.4,NFC,West,False,False,0,False,False,,2.0,0.0,0.0,0.0,0.0,0.0,0.0,0.0,2.0
1987,BUF,7,8,0,0.4666666666666667,-35,-2.3333333333333335,AFC,East,False,False,0,False,False,,4.666666666666667,0.0,0.0,0.0,0.0,0.0,0.0,0.0,4.666666666666667
1987,CHI,11,4,0,0.7333333333333333,74,4.933333333333334,NFC,Central,True,False,0,False,False,-4.0,7.333333333333333,2.0,0.0,0.0,0.0,0.0,0.0,0.0,9.333333333333332
1987,CIN,4,11,0,0.26666666666666666,-85,-5.666666666666667,AFC,Central,False,False,0,False,False,,2.6666666666666665,0.0,0.0,0.0,0.0,0.0,0.0,0.0,2.6666666666666665
1987,CLE,10,5,0,0.6666666666666666,151,10.066666666666666,AFC,Central,True,False,1,False,False,6.0,6.666666666666666,2.0,0.0,2.0,0.0,0.0,0.0,0.0,10.666666666666666
1987,DAL,7,8,0,0.4666666666666667,-8,-0.5333333333333333,NFC,East,False,False,0,False,False,,4.666666666666667,0.0,0.0,0.0,0.0,0.0,0.0,0.0,4.666666666666667
1987,DEN,10,4,1,0.7,91,6.066666666666666,AFC,West,True,True,2,True,False,-1.0,7.0,2.0,1.0,4.0,4.0,0.0,0.0,0.0,18.0
1987,DET,4,11,0,0.26666666666666666,-115,-7.666666666666667,NFC,Central,False,False,0,False,False,,2.6666666666666665,0.0,0.0,0.0,0.0,0.0,0.0,0.0,2.6666666666666665
1987,GB,5,9,1,0.36666666666666664,-45,-3.0,NFC,Central,False,False,0,False,False,,3.6666666666666665,0.0,0.0,0.0,0.0,0.0,0.0,0.0,3.6666666666666665
1987,IND,9,6,0,0.6,62,4.133333333333334,AFC,East,True,False,0,False,False,-17.0,6.0,2.0,0.0,0.0,0.0,0.0,0.0,0.0,8.0
1987,KC,4,11,0,0.26666666666666666,-115,-7.666666666666667,AFC,West,False,False,0,False,False,,2.6666666666666665,0.0,0.0,0.0,0.0,0.0,0.0,0.0,2.6666666666666665
1987,LAC,8,7,0,0.5333333333333333,-64,-4.266666666666667,AFC,West,False,False,0,False,False,,5.333333333333333,0.0,0.0,0.0,0.0,0.0,0.0,0.0,5.333333333333333
1987,LAR,6,9,0,0.4,-44,-2.933333333333333,NFC,West,False,False,0,False,False,,4.0,0.0,0.0,0.0,0.0,0.0,0.0,0.0,4.0
1987,MIA,8,7,0,0.5333333333333333,27,1.8,AFC,East,False,False,0,False,False,,5.333333333333333,0.0,0.0,0.0,0.0,0.0,0.0,0.0,5.333333333333333
1987,MIN,8,7,0,0.5333333333333333,1,0.06666666666666667,NFC,Central,False,False,2,False,False,13.0,5.333333333333333,0.0,0.0,4.0,0.0,0.0,0.0,1.0,10.333333333333332
1987,NE,8,7,0,0.5333333333333333,27,1.8,AFC,East,False,False,0,False,False,,5.333333333333333,0.0,0.0,0.0,0.0,0.0,0.0,0.0,5.333333333333333
1987,NO,12,3,0,0.8,139,9.266666666666667,NFC,West,False,False,0,False,False,-34.0,8.0,0.0,0.0,0.0,0.0,0.0,0.0,0.0,8.0
1987,NYG,6,9,0,0.4,-32,-2.1333333333333333,NFC,East,False,False,0,False,False,,4.0,0.0,0.0,0.0,0.0,0.0,0.0,0.0,4.0
1987,NYJ,6,9,0,0.4,-26,-1.7333333333333334,AFC,East,False,False,0,False,False,,4.0,0.0,0.0,0.0,0.0,0.0,0.0,0.0,4.0
1987,OAK,5,10,0,0.3333333333333333,12,0.8,AFC,West,False,False,0,False,False,,3.333333333333333,0.0,0.0,0.0,0.0,0.0,0.0,0.0,3.333333333333333
1987,PHI,7,8,0,0.4666666666666667,-43,-2.8666666666666667,NFC,East,False,False,0,False,False,,4.666666666666667,0.0,0.0,0.0,0.0,0.0,0.0,0.0,4.666666666666667
1987,PIT,8,7,0,0.5333333333333333,-14,-0.9333333333333333,AFC,Central,False,False,0,False,False,,5.333333333333333,0.0,0.0,0.0,0.0,0.0,0.0,0.0,5.333333333333333
1987,SEA,9,6,0,0.6,57,3.8,AFC,West,False,False,0,False,False,-3.0,6.0,0.0,0.0,0.0,0.0,0.0,0.0,0.0,6.0
1987,SF,13,2,0,0.8666666666666667,206,13.733333333333333,NFC,West,True,True,0,False,False,-12.0,8.666666666666668,2.0,1.0,0.0,0.0,0.0,0.0,0.0,11.666666666666668
1987,TB,4,11,0,0.26666666666666666,-74,-4.933333333333334,NFC,Central,False,False,0,False,False,,2.6666666666666665,0.0,0.0,0.0,0.0,0.0,0.0,0.0,2.6666666666666665
1987,TEN,9,6,0,0.6,-4,-0.26666666666666666,AFC,Central,False,False,1,False,False,-10.5,6.0,0.0,0.0,2.0,0.0,0.0,0.0,0.0,8.0
1987,WSH,11,4,0,0.7333333333333333,94,6.266666666666667,NFC,East,True,False,3,True,True,14.333333333333334,7.333333333333333,2.0,0.0,4.0,4.0,6.0,0.0,1.0,24.333333333333332
1988,ARI,7,9,0,0.4375,-54,-3.375,NFC,East,False,False,0,False,False,,4.375,0.0,0.0,0.0,0.0,0.0,0.0,0.0,4.375
1988,ATL,5,11,0,0.3125,-71,-4.4375,NFC,West,False,False,0,False,False,,3.125,0.0,0.0,0.0,0.0,0.0,0.0,0.0,3.125
1988,BUF,12,4,0,0.75,92,5.75,AFC,East,True,False,1,False,False,-2.0,7.5,2.0,0.0,2.0,0.0,0.0,0.0,0.0,11.5
1988,CHI,12,4,0,0.75,97,6.0625,NFC,Central,True,True,1,False,False,-8.5,7.5,2.0,1.0,2.0,0.0,0.0,0.0,0.0,12.5
1988,CIN,12,4,0,0.75,119,7.4375,AFC,Central,True,True,2,True,False,5.0,7.5,2.0,1.0,4.0,4.0,0.0,0.0,0.0,18.5
1988,CLE,10,6,0,0.625,16,1.0,AFC,Central,False,False,0,False,False,-1.0,6.25,0.0,0.0,0.0,0.0,0.0,0.0,0.0,6.25
1988,DAL,3,13,0,0.1875,-116,-7.25,NFC,East,False,False,0,False,False,,1.875,0.0,0.0,0.0,0.0,0.0,0.0,0.0,1.875
1988,DEN,8,8,0,0.5,-25,-1.5625,AFC,West,False,False,0,False,False,,5.0,0.0,0.0,0.0,0.0,0.0,0.0,0.0,5.0
1988,DET,4,12,0,0.25,-93,-5.8125,NFC,Central,False,False,0,False,False,,2.5,0.0,0.0,0.0,0.0,0.0,0.0,0.0,2.5
1988,GB,4,12,0,0.25,-75,-4.6875,NFC,Central,False,False,0,False,False,,2.5,0.0,0.0,0.0,0.0,0.0,0.0,0.0,2.5
1988,IND,9,7,0,0.5625,39,2.4375,AFC,East,False,False,0,False,False,,5.625,0.0,0.0,0.0,0.0,0.0,0.0,0.0,5.625
1988,KC,4,11,1,0.28125,-66,-4.125,AFC,West,False,False,0,False,False,,2.8125,0.0,0.0,0.0,0.0,0.0,0.0,0.0,2.8125
1988,LAC,6,10,0,0.375,-101,-6.3125,AFC,West,False,False,0,False,False,,3.75,0.0,0.0,0.0,0.0,0.0,0.0,0.0,3.75
1988,LAR,10,6,0,0.625,114,7.125,NFC,West,True,False,0,False,False,-11.0,6.25,2.0,0.0,0.0,0.0,0.0,0.0,0.0,8.25
1988,MIA,6,10,0,0.375,-61,-3.8125,AFC,East,False,False,0,False,False,,3.75,0.0,0.0,0.0,0.0,0.0,0.0,0.0,3.75
1988,MIN,11,5,0,0.6875,173,10.8125,NFC,Central,False,False,1,False,False,-7.0,6.875,0.0,0.0,2.0,0.0,0.0,0.0,0.0,8.875
1988,NE,9,7,0,0.5625,-34,-2.125,AFC,East,False,False,0,False,False,,5.625,0.0,0.0,0.0,0.0,0.0,0.0,0.0,5.625
1988,NO,10,6,0,0.625,29,1.8125,NFC,West,False,False,0,False,False,,6.25,0.0,0.0,0.0,0.0,0.0,0.0,0.0,6.25
1988,NYG,10,6,0,0.625,55,3.4375,NFC,East,False,False,0,False,False,,6.25,0.0,0.0,0.0,0.0,0.0,0.0,0.0,6.25
1988,NYJ,8,7,1,0.53125,18,1.125,AFC,East,False,False,0,False,False,,5.3125,0.0,0.0,0.0,0.0,0.0,0.0,0.0,5.3125
1988,OAK,7,9,0,0.4375,-44,-2.75,AFC,West,False,False,0,False,False,,4.375,0.0,0.0,0.0,0.0,0.0,0.0,0.0,4.375
1988,PHI,10,6,0,0.625,60,3.75,NFC,East,True,False,0,False,False,-8.0,6.25,2.0,0.0,0.0,0.0,0.0,0.0,0.0,8.25
1988,PIT,5,11,0,0.3125,-85,-5.3125,AFC,Central,False,False,0,False,False,,3.125,0.0,0.0,0.0,0.0,0.0,0.0,0.0,3.125
1988,SEA,9,7,0,0.5625,10,0.625,AFC,West,True,False,0,False,False,-8.0,5.625,2.0,0.0,0.0,0.0,0.0,0.0,0.0,7.625
1988,SF,10,6,0,0.625,75,4.6875,NFC,West,False,False,3,True,True,18.0,6.25,0.0,0.0,4.0,4.0,6.0,0.0,1.0,21.25
1988,TB,5,11,0,0.3125,-89,-5.5625,NFC,Central,False,False,0,False,False,,3.125,0.0,0.0,0.0,0.0,0.0,0.0,0.0,3.125
1988,TEN,10,6,0,0.625,59,3.6875,AFC,Central,False,False,1,False,False,-3.0,6.25,0.0,0.0,2.0,0.0,0.0,0.0,0.0,8.25
1988,WSH,7,9,0,0.4375,-42,-2.625,NFC,East,False,False,0,False,False,,4.375,0.0,0.0,0.0,0.0,0.0,0.0,0.0,4.375
1989,ARI,5,11,0,0.3125,-119,-7.4375,NFC,East,False,False,0,False,False,,3.125,0.0,0.0,0.0,0.0,0.0,0.0,0.0,3.125
1989,ATL,3,13,0,0.1875,-158,-9.875,NFC,West,False,False,0,False,False,,1.875,0.0,0.0,0.0,0.0,0.0,0.0,0.0,1.875
1989,BUF,9,7,0,0.5625,92,5.75,AFC,East,True,False,0,False,False,-4.0,5.625,2.0,0.0,0.0,0.0,0.0,0.0,0.0,7.625
1989,CHI,6,10,0,0.375,-19,-1.1875,NFC,Central,False,False,0,False,False,,3.75,0.0,0.0,0.0,0.0,0.0,0.0,0.0,3.75
1989,CIN,8,8,0,0.5,119,7.4375,AFC,Central,False,False,0,False,False,,5.0,0.0,0.0,0.0,0.0,0.0,0.0,0.0,5.0
1989,CLE,9,6,1,0.59375,80,5.0,AFC,Central,True,False,1,False,False,-6.0,5.9375,2.0,0.0,2.0,0.0,0.0,0.0,0.0,9.9375
1989,DAL,1,15,0,0.0625,-189,-11.8125,NFC,East,False,False,0,False,False,,0.625,0.0,0.0,0.0,0.0,0.0,0.0,0.0,0.625
1989,DEN,11,5,0,0.6875,136,8.5,AFC,West,True,True,2,True,False,-9.333333333333334,6.875,2.0,1.0,4.0,4.0,0.0,0.0,0.0,17.875
1989,DET,7,9,0,0.4375,-52,-3.25,NFC,Central,False,False,0,False,False,,4.375,0.0,0.0,0.0,0.0,0.0,0.0,0.0,4.375
1989,GB,10,6,0,0.625,6,0.375,NFC,Central,False,False,0,False,False,,6.25,0.0,0.0,0.0,0.0,0.0,0.0,0.0,6.25
1989,IND,8,8,0,0.5,-3,-0.1875,AFC,East,False,False,0,False,False,,5.0,0.0,0.0,0.0,0.0,0.0,0.0,0.0,5.0
1989,KC,8,7,1,0.53125,32,2.0,AFC,West,False,False,0,False,False,,5.3125,0.0,0.0,0.0,0.0,0.0,0.0,0.0,5.3125
1989,LAC,6,10,0,0.375,-24,-1.5,AFC,West,False,False,0,False,False,,3.75,0.0,0.0,0.0,0.0,0.0,0.0,0.0,3.75
1989,LAR,11,5,0,0.6875,82,5.125,NFC,West,False,False,2,False,False,-2.3333333333333335,6.875,0.0,0.0,4.0,0.0,0.0,0.0,0.0,10.875
1989,MIA,8,8,0,0.5,-48,-3.0,AFC,East,False,False,0,False,False,,5.0,0.0,0.0,0.0,0.0,0.0,0.0,0.0,5.0
1989,MIN,10,6,0,0.625,76,4.75,NFC,Central,True,False,0,False,False,-28.0,6.25,2.0,0.0,0.0,0.0,0.0,0.0,0.0,8.25
1989,NE,5,11,0,0.3125,-94,-5.875,AFC,East,False,False,0,False,False,,3.125,0.0,0.0,0.0,0.0,0.0,0.0,0.0,3.125
1989,NO,9,7,0,0.5625,85,5.3125,NFC,West,False,False,0,False,False,,5.625,0.0,0.0,0.0,0.0,0.0,0.0,0.0,5.625
1989,NYG,12,4,0,0.75,96,6.0,NFC,East,True,False,0,False,False,-6.0,7.5,2.0,0.0,0.0,0.0,0.0,0.0,0.0,9.5
1989,NYJ,4,12,0,0.25,-158,-9.875,AFC,East,False,False,0,False,False,,2.5,0.0,0.0,0.0,0.0,0.0,0.0,0.0,2.5
1989,OAK,8,8,0,0.5,18,1.125,AFC,West,False,False,0,False,False,,5.0,0.0,0.0,0.0,0.0,0.0,0.0,0.0,5.0
1989,PHI,11,5,0,0.6875,68,4.25,NFC,East,False,False,0,False,False,-14.0,6.875,0.0,0.0,0.0,0.0,0.0,0.0,0.0,6.875
1989,PIT,9,7,0,0.5625,-61,-3.8125,AFC,Central,False,False,1,False,False,1.0,5.625,0.0,0.0,2.0,0.0,0.0,0.0,0.0,7.625
1989,SEA,7,9,0,0.4375,-86,-5.375,AFC,West,False,False,0,False,False,,4.375,0.0,0.0,0.0,0.0,0.0,0.0,0.0,4.375
1989,SF,14,2,0,0.875,189,11.8125,NFC,West,True,True,3,True,True,33.333333333333336,8.75,2.0,1.0,4.0,4.0,6.0,0.0,1.0,26.75
1989,TB,5,11,0,0.3125,-99,-6.1875,NFC,Central,False,False,0,False,False,,3.125,0.0,0.0,0.0,0.0,0.0,0.0,0.0,3.125
1989,TEN,9,7,0,0.5625,-47,-2.9375,AFC,Central,False,False,0,False,False,-3.0,5.625,0.0,0.0,0.0,0.0,0.0,0.0,0.0,5.625
1989,WSH,10,6,0,0.625,78,4.875,NFC,East,False,False,0,False,False,,6.25,0.0,0.0,0.0,0.0,0.0,0.0,0.0,6.25
1990,ARI,5,11,0,0.3125,-128,-8.0,NFC,East,False,False,0,False,False,,3.125,0.0,0.0,0.0,0.0,0.0,0.0,0.0,3.125
1990,ATL,5,11,0,0.3125,-17,-1.0625,NFC,West,False,False,0,False,False,,3.125,0.0,0.0,0.0,0.0,0.0,0.0,0.0,3.125
1990,BUF,13,3,0,0.8125,165,10.3125,AFC,East,True,True,2,True,False,19.0,8.125,2.0,1.0,4.0,4.0,0.0,0.0,1.0,20.125
1990,CHI,11,5,0,0.6875,68,4.25,NFC,Central,True,False,1,False,False,-9.0,6.875,2.0,0.0,2.0,0.0,0.0,0.0,0.0,10.875
1990,CIN,9,7,0,0.5625,8,0.5,AFC,Central,False,False,1,False,False,8.5,5.625,0.0,0.0,2.0,0.0,0.0,0.0,0.0,7.625
1990,CLE,3,13,0,0.1875,-234,-14.625,AFC,Central,False,False,0,False,False,,1.875,0.0,0.0,0.0,0.0,0.0,0.0,0.0,1.875
1990,DAL,7,9,0,0.4375,-64,-4.0,NFC,East,False,False,0,False,False,,4.375,0.0,0.0,0.0,0.0,0.0,0.0,0.0,4.375
1990,DEN,5,11,0,0.3125,-43,-2.6875,AFC,West,False,False,0,False,False,,3.125,0.0,0.0,0.0,0.0,0.0,0.0,0.0,3.125
1990,DET,6,10,0,0.375,-40,-2.5,NFC,Central,False,False,0,False,False,,3.75,0.0,0.0,0.0,0.0,0.0,0.0,0.0,3.75
1990,GB,6,10,0,0.375,-76,-4.75,NFC,Central,False,False,0,False,False,,3.75,0.0,0.0,0.0,0.0,0.0,0.0,0.0,3.75
1990,IND,7,9,0,0.4375,-72,-4.5,AFC,East,False,False,0,False,False,,4.375,0.0,0.0,0.0,0.0,0.0,0.0,0.0,4.375
1990,KC,11,5,0,0.6875,112,7.0,AFC,West,False,False,0,False,False,-1.0,6.875,0.0,0.0,0.0,0.0,0.0,0.0,0.0,6.875
1990,LAC,6,10,0,0.375,34,2.125,AFC,West,False,False,0,False,False,,3.75,0.0,0.0,0.0,0.0,0.0,0.0,0.0,3.75
1990,LAR,5,11,0,0.3125,-67,-4.1875,NFC,West,False,False,0,False,False,,3.125,0.0,0.0,0.0,0.0,0.0,0.0,0.0,3.125
1990,MIA,12,4,0,0.75,94,5.875,AFC,East,False,False,1,False,False,-4.5,7.5,0.0,0.0,2.0,0.0,0.0,0.0,0.0,9.5
1990,MIN,6,10,0,0.375,25,1.5625,NFC,Central,False,False,0,False,False,,3.75,0.0,0.0,0.0,0.0,0.0,0.0,0.0,3.75
1990,NE,1,15,0,0.0625,-265,-16.5625,AFC,East,False,False,0,False,False,,0.625,0.0,0.0,0.0,0.0,0.0,0.0,0.0,0.625
1990,NO,8,8,0,0.5,-1,-0.0625,NFC,West,False,False,0,False,False,-10.0,5.0,0.0,0.0,0.0,0.0,0.0,0.0,0.0,5.0
1990,NYG,13,3,0,0.8125,124,7.75,NFC,East,True,False,3,True,True,10.333333333333334,8.125,2.0,0.0,4.0,4.0,6.0,0.0,1.0,25.125
1990,NYJ,6,10,0,0.375,-50,-3.125,AFC,East,False,False,0,False,False,,3.75,0.0,0.0,0.0,0.0,0.0,0.0,0.0,3.75
1990,OAK,12,4,0,0.75,69,4.3125,AFC,West,True,False,1,False,False,-19.0,7.5,2.0,0.0,2.0,0.0,0.0,0.0,0.0,11.5
1990,PHI,10,6,0,0.625,97,6.0625,NFC,East,False,False,0,False,False,-14.0,6.25,0.0,0.0,0.0,0.0,0.0,0.0,0.0,6.25
1990,PIT,9,7,0,0.5625,52,3.25,AFC,Central,False,False,0,False,False,,5.625,0.0,0.0,0.0,0.0,0.0,0.0,0.0,5.625
1990,SEA,9,7,0,0.5625,20,1.25,AFC,West,False,False,0,False,False,,5.625,0.0,0.0,0.0,0.0,0.0,0.0,0.0,5.625
1990,SF,14,2,0,0.875,114,7.125,NFC,West,True,True,1,False,False,8.0,8.75,2.0,1.0,2.0,0.0,0.0,0.0,0.0,13.75
1990,TB,6,10,0,0.375,-103,-6.4375,NFC,Central,False,False,0,False,False,,3.75,0.0,0.0,0.0,0.0,0.0,0.0,0.0,3.75
1990,TEN,9,7,0,0.5625,98,6.125,AFC,Central,True,False,0,False,False,-27.0,5.625,2.0,0.0,0.0,0.0,0.0,0.0,0.0,7.625
1990,WSH,10,6,0,0.625,80,5.0,NFC,East,False,False,1,False,False,-2.0,6.25,0.0,0.0,2.0,0.0,0.0,0.0,0.0,8.25
1991,ARI,4,12,0,0.25,-148,-9.25,NFC,East,False,False,0,False,False,,2.5,0.0,0.0,0.0,0.0,0.0,0.0,0.0,2.5
1991,ATL,10,6,0,0.625,23,1.4375,NFC,West,False,False,1,False,False,-5.0,6.25,0.0,0.0,2.0,0.0,0.0,0.0,0.0,8.25
1991,BUF,13,3,0,0.8125,140,8.75,AFC,East,True,True,2,True,False,4.333333333333333,8.125,2.0,1.0,4.0,4.0,0.0,0.0,0.0,19.125
1991,CHI,11,5,0,0.6875,30,1.875,NFC,Central,False,False,0,False,False,-4.0,6.875,0.0,0.0,0.0,0.0,0.0,0.0,0.0,6.875
1991,CIN,3,13,0,0.1875,-172,-10.75,AFC,Central,False,False,0,False,False,,1.875,0.0,0.0,0.0,0.0,0.0,0.0,0.0,1.875
1991,CLE,6,10,0,0.375,-5,-0.3125,AFC,Central,False,False,0,False,False,,3.75,0.0,0.0,0.0,0.0,0.0,0.0,0.0,3.75
1991,DAL,11,5,0,0.6875,32,2.0,NFC,East,False,False,1,False,False,-14.0,6.875,0.0,0.0,2.0,0.0,0.0,0.0,0.0,8.875
1991,DEN,12,4,0,0.75,69,4.3125,AFC,West,True,False,1,False,False,-0.5,7.5,2.0,0.0,2.0,0.0,0.0,0.0,0.0,11.5
1991,DET,12,4,0,0.75,44,2.75,NFC,Central,True,False,1,False,False,0.5,7.5,2.0,0.0,2.0,0.0,0.0,0.0,0.0,11.5
1991,GB,4,12,0,0.25,-40,-2.5,NFC,Central,False,False,0,False,False,,2.5,0.0,0.0,0.0,0.0,0.0,0.0,0.0,2.5
1991,IND,1,15,0,0.0625,-238,-14.875,AFC,East,False,False,0,False,False,,0.625,0.0,0.0,0.0,0.0,0.0,0.0,0.0,0.625
1991,KC,10,6,0,0.625,70,4.375,AFC,West,False,False,1,False,False,-9.5,6.25,0.0,0.0,2.0,0.0,0.0,0.0,0.0,8.25
1991,LAC,4,12,0,0.25,-68,-4.25,AFC,West,False,False,0,False,False,,2.5,0.0,0.0,0.0,0.0,0.0,0.0,0.0,2.5
1991,LAR,3,13,0,0.1875,-156,-9.75,NFC,West,False,False,0,False,False,,1.875,0.0,0.0,0.0,0.0,0.0,0.0,0.0,1.875
1991,MIA,8,8,0,0.5,-6,-0.375,AFC,East,False,False,0,False,False,,5.0,0.0,0.0,0.0,0.0,0.0,0.0,0.0,5.0
1991,MIN,8,8,0,0.5,-5,-0.3125,NFC,Central,False,False,0,False,False,,5.0,0.0,0.0,0.0,0.0,0.0,0.0,0.0,5.0
1991,NE,6,10,0,0.375,-94,-5.875,AFC,East,False,False,0,False,False,,3.75,0.0,0.0,0.0,0.0,0.0,0.0,0.0,3.75
1991,NO,11,5,0,0.6875,130,8.125,NFC,West,True,False,0,False,False,-7.0,6.875,2.0,0.0,0.0,0.0,0.0,0.0,0.0,8.875
1991,NYG,8,8,0,0.5,-16,-1.0,NFC,East,False,False,0,False,False,,5.0,0.0,0.0,0.0,0.0,0.0,0.0,0.0,5.0
1991,NYJ,8,8,0,0.5,21,1.3125,AFC,East,False,False,0,False,False,-7.0,5.0,0.0,0.0,0.0,0.0,0.0,0.0,0.0,5.0
1991,OAK,9,7,0,0.5625,1,0.0625,AFC,West,False,False,0,False,False,-4.0,5.625,0.0,0.0,0.0,0.0,0.0,0.0,0.0,5.625
1991,PHI,10,6,0,0.625,41,2.5625,NFC,East,False,False,0,False,False,,6.25,0.0,0.0,0.0,0.0,0.0,0.0,0.0,6.25
1991,PIT,7,9,0,0.4375,-52,-3.25,AFC,Central,False,False,0,False,False,,4.375,0.0,0.0,0.0,0.0,0.0,0.0,0.0,4.375
1991,SEA,7,9,0,0.4375,15,0.9375,AFC,West,False,False,0,False,False,,4.375,0.0,0.0,0.0,0.0,0.0,0.0,0.0,4.375
1991,SF,10,6,0,0.625,154,9.625,NFC,West,False,False,0,False,False,,6.25,0.0,0.0,0.0,0.0,0.0,0.0,0.0,6.25
1991,TB,3,13,0,0.1875,-166,-10.375,NFC,Central,False,False,0,False,False,,1.875,0.0,0.0,0.0,0.0,0.0,0.0,0.0,1.875
1991,TEN,11,5,0,0.6875,135,8.4375,AFC,Central,True,False,1,False,False,2.5,6.875,2.0,0.0,2.0,0.0,0.0,0.0,0.0,10.875
1991,WSH,14,2,0,0.875,261,16.3125,NFC,East,True,True,3,True,True,20.333333333333332,8.75,2.0,1.0,4.0,4.0,6.0,0.0,1.0,26.75
1992,ARI,4,12,0,0.25,-89,-5.5625,NFC,East,False,False,0,False,False,,2.5,0.0,0.0,0.0,0.0,0.0,0.0,0.0,2.5
1992,ATL,6,10,0,0.375,-87,-5.4375,NFC,West,False,False,0,False,False,,3.75,0.0,0.0,0.0,0.0,0.0,0.0,0.0,3.75
1992,BUF,11,5,0,0.6875,98,6.125,AFC,East,True,True,3,True,False,2.0,6.875,2.0,1.0,6.0,4.0,0.0,0.0,0.0,19.875
1992,CHI,5,11,0,0.3125,-66,-4.125,NFC,Central,False,False,0,False,False,,3.125,0.0,0.0,0.0,0.0,0.0,0.0,0.0,3.125
1992,CIN,5,11,0,0.3125,-90,-5.625,AFC,Central,False,False,0,False,False,,3.125,0.0,0.0,0.0,0.0,0.0,0.0,0.0,3.125
1992,CLE,7,9,0,0.4375,-3,-0.1875,AFC,Central,False,False,0,False,False,,4.375,0.0,0.0,0.0,0.0,0.0,0.0,0.0,4.375
1992,DAL,13,3,0,0.8125,166,10.375,NFC,East,True,False,3,True,True,23.0,8.125,2.0,0.0,4.0,4.0,6.0,0.0,1.0,25.125
1992,DEN,8,8,0,0.5,-67,-4.1875,AFC,West,False,False,0,False,False,,5.0,0.0,0.0,0.0,0.0,0.0,0.0,0.0,5.0
1992,DET,5,11,0,0.3125,-59,-3.6875,NFC,Central,False,False,0,False,False,,3.125,0.0,0.0,0.0,0.0,0.0,0.0,0.0,3.125
1992,GB,9,7,0,0.5625,-20,-1.25,NFC,Central,False,False,0,False,False,,5.625,0.0,0.0,0.0,0.0,0.0,0.0,0.0,5.625
1992,IND,9,7,0,0.5625,-86,-5.375,AFC,East,False,False,0,False,False,,5.625,0.0,0.0,0.0,0.0,0.0,0.0,0.0,5.625
1992,KC,10,6,0,0.625,66,4.125,AFC,West,False,False,0,False,False,-17.0,6.25,0.0,0.0,0.0,0.0,0.0,0.0,0.0,6.25
1992,LAC,11,5,0,0.6875,94,5.875,AFC,West,True,False,1,False,False,-7.0,6.875,2.0,0.0,2.0,0.0,0.0,0.0,0.0,10.875
1992,LAR,6,10,0,0.375,-70,-4.375,NFC,West,False,False,0,False,False,,3.75,0.0,0.0,0.0,0.0,0.0,0.0,0.0,3.75
1992,MIA,11,5,0,0.6875,59,3.6875,AFC,East,False,False,1,False,False,6.0,6.875,0.0,0.0,2.0,0.0,0.0,0.0,0.0,8.875
1992,MIN,11,5,0,0.6875,125,7.8125,NFC,Central,True,False,0,False,False,-17.0,6.875,2.0,0.0,0.0,0.0,0.0,0.0,0.0,8.875
1992,NE,2,14,0,0.125,-158,-9.875,AFC,East,False,False,0,False,False,,1.25,0.0,0.0,0.0,0.0,0.0,0.0,0.0,1.25
1992,NO,12,4,0,0.75,128,8.0,NFC,West,False,False,0,False,False,-16.0,7.5,0.0,0.0,0.0,0.0,0.0,0.0,0.0,7.5
1992,NYG,6,10,0,0.375,-61,-3.8125,NFC,East,False,False,0,False,False,,3.75,0.0,0.0,0.0,0.0,0.0,0.0,0.0,3.75
1992,NYJ,4,12,0,0.25,-95,-5.9375,AFC,East,False,False,0,False,False,,2.5,0.0,0.0,0.0,0.0,0.0,0.0,0.0,2.5
1992,OAK,7,9,0,0.4375,-32,-2.0,AFC,West,False,False,0,False,False,,4.375,0.0,0.0,0.0,0.0,0.0,0.0,0.0,4.375
1992,PHI,11,5,0,0.6875,109,6.8125,NFC,East,False,False,1,False,False,-4.0,6.875,0.0,0.0,2.0,0.0,0.0,0.0,0.0,8.875
1992,PIT,11,5,0,0.6875,74,4.625,AFC,Central,True,False,0,False,False,-21.0,6.875,2.0,0.0,0.0,0.0,0.0,0.0,0.0,8.875
1992,SEA,2,14,0,0.125,-172,-10.75,AFC,West,False,False,0,False,False,,1.25,0.0,0.0,0.0,0.0,0.0,0.0,0.0,1.25
1992,SF,14,2,0,0.875,195,12.1875,NFC,West,True,True,1,False,False,-1.5,8.75,2.0,1.0,2.0,0.0,0.0,0.0,0.0,13.75
1992,TB,5,11,0,0.3125,-98,-6.125,NFC,Central,False,False,0,False,False,,3.125,0.0,0.0,0.0,0.0,0.0,0.0,0.0,3.125
1992,TEN,10,6,0,0.625,94,5.875,AFC,Central,False,False,0,False,False,-3.0,6.25,0.0,0.0,0.0,0.0,0.0,0.0,0.0,6.25
1992,WSH,9,7,0,0.5625,45,2.8125,NFC,East,False,False,1,False,False,5.0,5.625,0.0,0.0,2.0,0.0,0.0,0.0,0.0,7.625
1993,ARI,7,9,0,0.4375,57,3.5625,NFC,East,False,False,0,False,False,,4.375,0.0,0.0,0.0,0.0,0.0,0.0,0.0,4.375
1993,ATL,6,10,0,0.375,-69,-4.3125,NFC,West,False,False,0,False,False,,3.75,0.0,0.0,0.0,0.0,0.0,0.0,0.0,3.75
1993,BUF,12,4,0,0.75,87,5.4375,AFC,East,True,False,2,True,False,2.0,7.5,2.0,0.0,4.0,4.0,0.0,0.0,0.0,17.5
1993,CHI,7,9,0,0.4375,4,0.25,NFC,Central,False,False,0,False,False,,4.375,0.0,0.0,0.0,0.0,0.0,0.0,0.0,4.375
1993,CIN,3,13,0,0.1875,-132,-8.25,AFC,Central,False,False,0,False,False,,1.875,0.0,0.0,0.0,0.0,0.0,0.0,0.0,1.875
1993,CLE,7,9,0,0.4375,-3,-0.1875,AFC,Central,False,False,0,False,False,,4.375,0.0,0.0,0.0,0.0,0.0,0.0,0.0,4.375
1993,DAL,12,4,0,0.75,147,9.1875,NFC,East,True,True,3,True,True,14.666666666666666,7.5,2.0,1.0,4.0,4.0,6.0,0.0,1.0,25.5
1993,DEN,9,7,0,0.5625,89,5.5625,AFC,West,False,False,0,False,False,-18.0,5.625,0.0,0.0,0.0,0.0,0.0,0.0,0.0,5.625
1993,DET,10,6,0,0.625,6,0.375,NFC,Central,True,False,0,False,False,-4.0,6.25,2.0,0.0,0.0,0.0,0.0,0.0,0.0,8.25
1993,GB,9,7,0,0.5625,58,3.625,NFC,Central,False,False,1,False,False,-3.0,5.625,0.0,0.0,2.0,0.0,0.0,0.0,0.0,7.625
1993,IND,4,12,0,0.25,-189,-11.8125,AFC,East,False,False,0,False,False,,2.5,0.0,0.0,0.0,0.0,0.0,0.0,0.0,2.5
1993,KC,11,5,0,0.6875,37,2.3125,AFC,West,True,False,2,False,False,-2.0,6.875,2.0,0.0,4.0,0.0,0.0,0.0,0.0,12.875
1993,LAC,8,8,0,0.5,32,2.0,AFC,West,False,False,0,False,False,,5.0,0.0,0.0,0.0,0.0,0.0,0.0,0.0,5.0
1993,LAR,5,11,0,0.3125,-146,-9.125,NFC,West,False,False,0,False,False,,3.125,0.0,0.0,0.0,0.0,0.0,0.0,0.0,3.125
1993,MIA,9,7,0,0.5625,-2,-0.125,AFC,East,False,False,0,False,False,,5.625,0.0,0.0,0.0,0.0,0.0,0.0,0.0,5.625
1993,MIN,9,7,0,0.5625,-13,-0.8125,NFC,Central,False,False,0,False,False,-7.0,5.625,0.0,0.0,0.0,0.0,0.0,0.0,0.0,5.625
1993,NE,5,11,0,0.3125,-48,-3.0,AFC,East,False,False,0,False,False,,3.125,0.0,0.0,0.0,0.0,0.0,0.0,0.0,3.125
1993,NO,8,8,0,0.5,-26,-1.625,NFC,West,False,False,0,False,False,,5.0,0.0,0.0,0.0,0.0,0.0,0.0,0.0,5.0
1993,NYG,11,5,0,0.6875,83,5.1875,NFC,East,False,False,1,False,False,-17.0,6.875,0.0,0.0,2.0,0.0,0.0,0.0,0.0,8.875
1993,NYJ,8,8,0,0.5,23,1.4375,AFC,East,False,False,0,False,False,,5.0,0.0,0.0,0.0,0.0,0.0,0.0,0.0,5.0
1993,OAK,10,6,0,0.625,-20,-1.25,AFC,West,False,False,1,False,False,6.0,6.25,0.0,0.0,2.0,0.0,0.0,0.0,0.0,8.25
1993,PHI,8,8,0,0.5,-22,-1.375,NFC,East,False,False,0,False,False,,5.0,0.0,0.0,0.0,0.0,0.0,0.0,0.0,5.0
1993,PIT,9,7,0,0.5625,27,1.6875,AFC,Central,False,False,0,False,False,-3.0,5.625,0.0,0.0,0.0,0.0,0.0,0.0,0.0,5.625
1993,SEA,6,10,0,0.375,-34,-2.125,AFC,West,False,False,0,False,False,,3.75,0.0,0.0,0.0,0.0,0.0,0.0,0.0,3.75
1993,SF,10,6,0,0.625,178,11.125,NFC,West,True,False,1,False,False,12.0,6.25,2.0,0.0,2.0,0.0,0.0,0.0,1.0,11.25
1993,TB,5,11,0,0.3125,-139,-8.6875,NFC,Central,False,False,0,False,False,,3.125,0.0,0.0,0.0,0.0,0.0,0.0,0.0,3.125
1993,TEN,12,4,0,0.75,130,8.125,AFC,Central,True,True,0,False,False,-8.0,7.5,2.0,1.0,0.0,0.0,0.0,0.0,0.0,10.5
1993,WSH,4,12,0,0.25,-115,-7.1875,NFC,East,False,False,0,False,False,,2.5,0.0,0.0,0.0,0.0,0.0,0.0,0.0,2.5
1994,ARI,8,8,0,0.5,-32,-2.0,NFC,East,False,False,0,False,False,,5.0,0.0,0.0,0.0,0.0,0.0,0.0,0.0,5.0
1994,ATL,7,9,0,0.4375,-68,-4.25,NFC,West,False,False,0,False,False,,4.375,0.0,0.0,0.0,0.0,0.0,0.0,0.0,4.375
1994,BUF,7,9,0,0.4375,-16,-1.0,AFC,East,False,False,0,False,False,,4.375,0.0,0.0,0.0,0.0,0.0,0.0,0.0,4.375
1994,CHI,9,7,0,0.5625,-36,-2.25,NFC,Central,False,False,1,False,False,-6.0,5.625,0.0,0.0,2.0,0.0,0.0,0.0,0.0,7.625
1994,CIN,3,13,0,0.1875,-130,-8.125,AFC,Central,False,False,0,False,False,,1.875,0.0,0.0,0.0,0.0,0.0,0.0,0.0,1.875
1994,CLE,11,5,0,0.6875,136,8.5,AFC,Central,False,False,1,False,False,-6.5,6.875,0.0,0.0,2.0,0.0,0.0,0.0,0.0,8.875
1994,DAL,12,4,0,0.75,166,10.375,NFC,East,True,False,1,False,False,8.0,7.5,2.0,0.0,2.0,0.0,0.0,0.0,0.0,11.5
1994,DEN,7,9,0,0.4375,-49,-3.0625,AFC,West,False,False,0,False,False,,4.375,0.0,0.0,0.0,0.0,0.0,0.0,0.0,4.375
1994,DET,9,7,0,0.5625,15,0.9375,NFC,Central,False,False,0,False,False,-4.0,5.625,0.0,0.0,0.0,0.0,0.0,0.0,0.0,5.625
1994,GB,9,7,0,0.5625,95,5.9375,NFC,Central,False,False,1,False,False,-11.0,5.625,0.0,0.0,2.0,0.0,0.0,0.0,0.0,7.625
1994,IND,8,8,0,0.5,-13,-0.8125,AFC,East,False,False,0,False,False,,5.0,0.0,0.0,0.0,0.0,0.0,0.0,0.0,5.0
1994,KC,9,7,0,0.5625,21,1.3125,AFC,West,False,False,0,False,False,-10.0,5.625,0.0,0.0,0.0,0.0,0.0,0.0,0.0,5.625
1994,LAC,11,5,0,0.6875,75,4.6875,AFC,West,True,False,2,True,False,-6.0,6.875,2.0,0.0,4.0,4.0,0.0,0.0,0.0,16.875
1994,LAR,4,12,0,0.25,-79,-4.9375,NFC,West,False,False,0,False,False,,2.5,0.0,0.0,0.0,0.0,0.0,0.0,0.0,2.5
1994,MIA,10,6,0,0.625,62,3.875,AFC,East,True,False,1,False,False,4.5,6.25,2.0,0.0,2.0,0.0,0.0,0.0,0.0,10.25
1994,MIN,10,6,0,0.625,42,2.625,NFC,Central,True,False,0,False,False,-17.0,6.25,2.0,0.0,0.0,0.0,0.0,0.0,0.0,8.25
1994,NE,10,6,0,0.625,39,2.4375,AFC,East,False,False,0,False,False,-7.0,6.25,0.0,0.0,0.0,0.0,0.0,0.0,0.0,6.25
1994,NO,7,9,0,0.4375,-59,-3.6875,NFC,West,False,False,0,False,False,,4.375,0.0,0.0,0.0,0.0,0.0,0.0,0.0,4.375
1994,NYG,9,7,0,0.5625,-26,-1.625,NFC,East,False,False,0,False,False,,5.625,0.0,0.0,0.0,0.0,0.0,0.0,0.0,5.625
1994,NYJ,6,10,0,0.375,-56,-3.5,AFC,East,False,False,0,False,False,,3.75,0.0,0.0,0.0,0.0,0.0,0.0,0.0,3.75
1994,OAK,9,7,0,0.5625,-24,-1.5,AFC,West,False,False,0,False,False,,5.625,0.0,0.0,0.0,0.0,0.0,0.0,0.0,5.625
1994,PHI,7,9,0,0.4375,0,0.0,NFC,East,False,False,0,False,False,,4.375,0.0,0.0,0.0,0.0,0.0,0.0,0.0,4.375
1994,PIT,12,4,0,0.75,82,5.125,AFC,Central,True,True,1,False,False,8.0,7.5,2.0,1.0,2.0,0.0,0.0,0.0,0.0,12.5
1994,SEA,6,10,0,0.375,-36,-2.25,AFC,West,False,False,0,False,False,,3.75,0.0,0.0,0.0,0.0,0.0,0.0,0.0,3.75
1994,SF,13,3,0,0.8125,209,13.0625,NFC,West,True,True,3,True,True,20.666666666666668,8.125,2.0,1.0,4.0,4.0,6.0,0.0,1.0,26.125
1994,TB,6,10,0,0.375,-100,-6.25,NFC,Central,False,False,0,False,False,,3.75,0.0,0.0,0.0,0.0,0.0,0.0,0.0,3.75
1994,TEN,2,14,0,0.125,-126,-7.875,AFC,Central,False,False,0,False,False,,1.25,0.0,0.0,0.0,0.0,0.0,0.0,0.0,1.25
1994,WSH,3,13,0,0.1875,-92,-5.75,NFC,East,False,False,0,False,False,,1.875,0.0,0.0,0.0,0.0,0.0,0.0,0.0,1.875
1995,ARI,4,12,0,0.25,-147,-9.1875,NFC,East,False,False,0,False,False,,2.5,0.0,0.0,0.0,0.0,0.0,0.0,0.0,2.5
1995,ATL,9,7,0,0.5625,13,0.8125,NFC,West,False,False,0,False,False,-17.0,5.625,0.0,0.0,0.0,0.0,0.0,0.0,0.0,5.625
1995,BUF,10,6,0,0.625,15,0.9375,AFC,East,True,False,1,False,False,-2.0,6.25,2.0,0.0,2.0,0.0,0.0,0.0,0.0,10.25
1995,CAR,7,9,0,0.4375,-36,-2.25,NFC,West,False,False,0,False,False,,4.375,0.0,0.0,0.0,0.0,0.0,0.0,0.0,4.375
1995,CHI,9,7,0,0.5625,32,2.0,NFC,Central,False,False,0,False,False,,5.625,0.0,0.0,0.0,0.0,0.0,0.0,0.0,5.625
1995,CIN,7,9,0,0.4375,-25,-1.5625,AFC,Central,False,False,0,False,False,,4.375,0.0,0.0,0.0,0.0,0.0,0.0,0.0,4.375
1995,CLE,5,11,0,0.3125,-67,-4.1875,AFC,Central,False,False,0,False,False,,3.125,0.0,0.0,0.0,0.0,0.0,0.0,0.0,3.125
1995,DAL,12,4,0,0.75,144,9.0,NFC,East,True,True,3,True,True,13.333333333333334,7.5,2.0,1.0,4.0,4.0,6.0,0.0,1.0,25.5
1995,DEN,8,8,0,0.5,43,2.6875,AFC,West,False,False,0,False,False,,5.0,0.0,0.0,0.0,0.0,0.0,0.0,0.0,5.0
1995,DET,10,6,0,0.625,100,6.25,NFC,Central,False,False,0,False,False,-21.0,6.25,0.0,0.0,0.0,0.0,0.0,0.0,0.0,6.25
1995,GB,11,5,0,0.6875,90,5.625,NFC,Central,True,False,2,False,False,5.333333333333333,6.875,2.0,0.0,4.0,0.0,0.0,0.0,0.0,12.875
1995,IND,9,7,0,0.5625,15,0.9375,AFC,East,False,False,2,False,False,4.666666666666667,5.625,0.0,0.0,4.0,0.0,0.0,0.0,0.0,9.625
1995,JAX,4,12,0,0.25,-129,-8.0625,AFC,Central,False,False,0,False,False,,2.5,0.0,0.0,0.0,0.0,0.0,0.0,0.0,2.5
1995,KC,13,3,0,0.8125,117,7.3125,AFC,West,True,True,0,False,False,-3.0,8.125,2.0,1.0,0.0,0.0,0.0,0.0,0.0,11.125
1995,LAC,9,7,0,0.5625,-2,-0.125,AFC,West,False,False,0,False,False,-15.0,5.625,0.0,0.0,0.0,0.0,0.0,0.0,0.0,5.625
1995,LAR,7,9,0,0.4375,-109,-6.8125,NFC,West,False,False,0,False,False,,4.375,0.0,0.0,0.0,0.0,0.0,0.0,0.0,4.375
1995,MIA,9,7,0,0.5625,66,4.125,AFC,East,False,False,0,False,False,-15.0,5.625,0.0,0.0,0.0,0.0,0.0,0.0,0.0,5.625
1995,MIN,8,8,0,0.5,27,1.6875,NFC,Central,False,False,0,False,False,,5.0,0.0,0.0,0.0,0.0,0.0,0.0,0.0,5.0
1995,NE,6,10,0,0.375,-83,-5.1875,AFC,East,False,False,0,False,False,,3.75,0.0,0.0,0.0,0.0,0.0,0.0,0.0,3.75
1995,NO,7,9,0,0.4375,-29,-1.8125,NFC,West,False,False,0,False,False,,4.375,0.0,0.0,0.0,0.0,0.0,0.0,0.0,4.375
1995,NYG,5,11,0,0.3125,-50,-3.125,NFC,East,False,False,0,False,False,,3.125,0.0,0.0,0.0,0.0,0.0,0.0,0.0,3.125
1995,NYJ,3,13,0,0.1875,-151,-9.4375,AFC,East,False,False,0,False,False,,1.875,0.0,0.0,0.0,0.0,0.0,0.0,0.0,1.875
1995,OAK,8,8,0,0.5,16,1.0,AFC,West,False,False,0,False,False,,5.0,0.0,0.0,0.0,0.0,0.0,0.0,0.0,5.0
1995,PHI,10,6,0,0.625,-20,-1.25,NFC,East,False,False,1,False,False,1.0,6.25,0.0,0.0,2.0,0.0,0.0,0.0,0.0,8.25
1995,PIT,11,5,0,0.6875,80,5.0,AFC,Central,True,False,2,True,False,4.333333333333333,6.875,2.0,0.0,4.0,4.0,0.0,0.0,0.0,16.875
1995,SEA,8,8,0,0.5,-3,-0.1875,AFC,West,False,False,0,False,False,,5.0,0.0,0.0,0.0,0.0,0.0,0.0,0.0,5.0
1995,SF,11,5,0,0.6875,199,12.4375,NFC,West,True,False,0,False,False,-10.0,6.875,2.0,0.0,0.0,0.0,0.0,0.0,0.0,8.875
1995,TB,7,9,0,0.4375,-97,-6.0625,NFC,Central,False,False,0,False,False,,4.375,0.0,0.0,0.0,0.0,0.0,0.0,0.0,4.375
1995,TEN,7,9,0,0.4375,24,1.5,AFC,Central,False,False,0,False,False,,4.375,0.0,0.0,0.0,0.0,0.0,0.0,0.0,4.375
1995,WSH,6,10,0,0.375,-33,-2.0625,NFC,East,False,False,0,False,False,,3.75,0.0,0.0,0.0,0.0,0.0,0.0,0.0,3.75
1996,ARI,7,9,0,0.4375,-97,-6.0625,NFC,East,False,False,0,False,False,,4.375,0.0,0.0,0.0,0.0,0.0,0.0,0.0,4.375
1996,ATL,3,13,0,0.1875,-152,-9.5,NFC,West,False,False,0,False,False,,1.875,0.0,0.0,0.0,0.0,0.0,0.0,0.0,1.875
1996,BAL,4,12,0,0.25,-70,-4.375,AFC,Central,False,False,0,False,False,,2.5,0.0,0.0,0.0,0.0,0.0,0.0,0.0,2.5
1996,BUF,10,6,0,0.625,53,3.3125,AFC,East,False,False,0,False,False,-3.0,6.25,0.0,0.0,0.0,0.0,0.0,0.0,0.0,6.25
1996,CAR,12,4,0,0.75,149,9.3125,NFC,West,True,False,1,False,False,-4.0,7.5,2.0,0.0,2.0,0.0,0.0,0.0,0.0,11.5
1996,CHI,7,9,0,0.4375,-22,-1.375,NFC,Central,False,False,0,False,False,,4.375,0.0,0.0,0.0,0.0,0.0,0.0,0.0,4.375
1996,CIN,8,8,0,0.5,3,0.1875,AFC,Central,False,False,0,False,False,,5.0,0.0,0.0,0.0,0.0,0.0,0.0,0.0,5.0
1996,DAL,10,6,0,0.625,36,2.25,NFC,East,True,False,1,False,False,8.0,6.25,2.0,0.0,2.0,0.0,0.0,0.0,0.0,10.25
1996,DEN,13,3,0,0.8125,116,7.25,AFC,West,True,True,0,False,False,-3.0,8.125,2.0,1.0,0.0,0.0,0.0,0.0,0.0,11.125
1996,DET,5,11,0,0.3125,-66,-4.125,NFC,Central,False,False,0,False,False,,3.125,0.0,0.0,0.0,0.0,0.0,0.0,0.0,3.125
1996,GB,13,3,0,0.8125,246,15.375,NFC,Central,True,True,3,True,True,17.333333333333332,8.125,2.0,1.0,4.0,4.0,6.0,0.0,1.0,26.125
1996,IND,9,7,0,0.5625,-17,-1.0625,AFC,East,False,False,0,False,False,-28.0,5.625,0.0,0.0,0.0,0.0,0.0,0.0,0.0,5.625
1996,JAX,9,7,0,0.5625,-10,-0.625,AFC,Central,False,False,2,False,False,-2.6666666666666665,5.625,0.0,0.0,4.0,0.0,0.0,0.0,0.0,9.625
1996,KC,9,7,0,0.5625,-3,-0.1875,AFC,West,False,False,0,False,False,,5.625,0.0,0.0,0.0,0.0,0.0,0.0,0.0,5.625
1996,LAC,8,8,0,0.5,-66,-4.125,AFC,West,False,False,0,False,False,,5.0,0.0,0.0,0.0,0.0,0.0,0.0,0.0,5.0
1996,LAR,6,10,0,0.375,-106,-6.625,NFC,West,False,False,0,False,False,,3.75,0.0,0.0,0.0,0.0,0.0,0.0,0.0,3.75
1996,MIA,8,8,0,0.5,14,0.875,AFC,East,False,False,0,False,False,,5.0,0.0,0.0,0.0,0.0,0.0,0.0,0.0,5.0
1996,MIN,9,7,0,0.5625,-17,-1.0625,NFC,Central,False,False,0,False,False,-25.0,5.625,0.0,0.0,0.0,0.0,0.0,0.0,0.0,5.625
1996,NE,11,5,0,0.6875,105,6.5625,AFC,East,True,False,2,True,False,8.333333333333334,6.875,2.0,0.0,4.0,4.0,0.0,0.0,0.0,16.875
1996,NO,3,13,0,0.1875,-110,-6.875,NFC,West,False,False,0,False,False,,1.875,0.0,0.0,0.0,0.0,0.0,0.0,0.0,1.875
1996,NYG,6,10,0,0.375,-55,-3.4375,NFC,East,False,False,0,False,False,,3.75,0.0,0.0,0.0,0.0,0.0,0.0,0.0,3.75
1996,NYJ,1,15,0,0.0625,-175,-10.9375,AFC,East,False,False,0,False,False,,0.625,0.0,0.0,0.0,0.0,0.0,0.0,0.0,0.625
1996,OAK,7,9,0,0.4375,47,2.9375,AFC,West,False,False,0,False,False,,4.375,0.0,0.0,0.0,0.0,0.0,0.0,0.0,4.375
1996,PHI,10,6,0,0.625,22,1.375,NFC,East,False,False,0,False,False,-14.0,6.25,0.0,0.0,0.0,0.0,0.0,0.0,0.0,6.25
1996,PIT,10,6,0,0.625,87,5.4375,AFC,Central,True,False,1,False,False,1.5,6.25,2.0,0.0,2.0,0.0,0.0,0.0,0.0,10.25
1996,SEA,7,9,0,0.4375,-59,-3.6875,AFC,West,False,False,0,False,False,,4.375,0.0,0.0,0.0,0.0,0.0,0.0,0.0,4.375
1996,SF,12,4,0,0.75,141,8.8125,NFC,West,False,False,1,False,False,-3.5,7.5,0.0,0.0,2.0,0.0,0.0,0.0,0.0,9.5
1996,TB,6,10,0,0.375,-72,-4.5,NFC,Central,False,False,0,False,False,,3.75,0.0,0.0,0.0,0.0,0.0,0.0,0.0,3.75
1996,TEN,8,8,0,0.5,26,1.625,AFC,Central,False,False,0,False,False,,5.0,0.0,0.0,0.0,0.0,0.0,0.0,0.0,5.0
1996,WSH,9,7,0,0.5625,52,3.25,NFC,East,False,False,0,False,False,,5.625,0.0,0.0,0.0,0.0,0.0,0.0,0.0,5.625
1997,ARI,4,12,0,0.25,-96,-6.0,NFC,East,False,False,0,False,False,,2.5,0.0,0.0,0.0,0.0,0.0,0.0,0.0,2.5
1997,ATL,7,9,0,0.4375,-41,-2.5625,NFC,West,False,False,0,False,False,,4.375,0.0,0.0,0.0,0.0,0.0,0.0,0.0,4.375
1997,BAL,6,9,1,0.40625,-19,-1.1875,AFC,Central,False,False,0,False,False,,4.0625,0.0,0.0,0.0,0.0,0.0,0.0,0.0,4.0625
1997,BUF,6,10,0,0.375,-112,-7.0,AFC,East,False,False,0,False,False,,3.75,0.0,0.0,0.0,0.0,0.0,0.0,0.0,3.75
1997,CAR,7,9,0,0.4375,-49,-3.0625,NFC,West,False,False,0,False,False,,4.375,0.0,0.0,0.0,0.0,0.0,0.0,0.0,4.375
1997,CHI,4,12,0,0.25,-158,-9.875,NFC,Central,False,False,0,False,False,,2.5,0.0,0.0,0.0,0.0,0.0,0.0,0.0,2.5
1997,CIN,7,9,0,0.4375,-50,-3.125,AFC,Central,False,False,0,False,False,,4.375,0.0,0.0,0.0,0.0,0.0,0.0,0.0,4.375
1997,DAL,6,10,0,0.375,-10,-0.625,NFC,East,False,False,0,False,False,,3.75,0.0,0.0,0.0,0.0,0.0,0.0,0.0,3.75
1997,DEN,12,4,0,0.75,185,11.5625,AFC,West,False,False,4,True,True,9.75,7.5,0.0,0.0,6.0,4.0,6.0,0.0,0.0,23.5
1997,DET,9,7,0,0.5625,73,4.5625,NFC,Central,False,False,0,False,False,-10.0,5.625,0.0,0.0,0.0,0.0,0.0,0.0,0.0,5.625
1997,GB,13,3,0,0.8125,140,8.75,NFC,Central,True,True,2,True,False,6.666666666666667,8.125,2.0,1.0,4.0,4.0,0.0,0.0,0.0,19.125
1997,IND,3,13,0,0.1875,-88,-5.5,AFC,East,False,False,0,False,False,,1.875,0.0,0.0,0.0,0.0,0.0,0.0,0.0,1.875
1997,JAX,11,5,0,0.6875,76,4.75,AFC,Central,True,False,0,False,False,-25.0,6.875,2.0,0.0,0.0,0.0,0.0,0.0,0.0,8.875
1997,KC,13,3,0,0.8125,143,8.9375,AFC,West,True,True,0,False,False,-4.0,8.125,2.0,1.0,0.0,0.0,0.0,0.0,0.0,11.125
1997,LAC,4,12,0,0.25,-159,-9.9375,AFC,West,False,False,0,False,False,,2.5,0.0,0.0,0.0,0.0,0.0,0.0,0.0,2.5
1997,LAR,5,11,0,0.3125,-60,-3.75,NFC,West,False,False,0,False,False,,3.125,0.0,0.0,0.0,0.0,0.0,0.0,0.0,3.125
1997,MIA,9,7,0,0.5625,12,0.75,AFC,East,False,False,0,False,False,-14.0,5.625,0.0,0.0,0.0,0.0,0.0,0.0,0.0,5.625
1997,MIN,9,7,0,0.5625,-5,-0.3125,NFC,Central,False,False,1,False,False,-7.5,5.625,0.0,0.0,2.0,0.0,0.0,0.0,0.0,7.625
1997,NE,10,6,0,0.625,80,5.0,AFC,East,True,False,1,False,False,6.5,6.25,2.0,0.0,2.0,0.0,0.0,0.0,0.0,10.25
1997,NO,6,10,0,0.375,-90,-5.625,NFC,West,False,False,0,False,False,,3.75,0.0,0.0,0.0,0.0,0.0,0.0,0.0,3.75
1997,NYG,10,5,1,0.65625,42,2.625,NFC,East,True,False,0,False,False,-1.0,6.5625,2.0,0.0,0.0,0.0,0.0,0.0,0.0,8.5625
1997,NYJ,9,7,0,0.5625,61,3.8125,AFC,East,False,False,0,False,False,,5.625,0.0,0.0,0.0,0.0,0.0,0.0,0.0,5.625
1997,OAK,4,12,0,0.25,-95,-5.9375,AFC,West,False,False,0,False,False,,2.5,0.0,0.0,0.0,0.0,0.0,0.0,0.0,2.5
1997,PHI,6,9,1,0.40625,-55,-3.4375,NFC,East,False,False,0,False,False,,4.0625,0.0,0.0,0.0,0.0,0.0,0.0,0.0,4.0625
1997,PIT,11,5,0,0.6875,65,4.0625,AFC,Central,False,False,1,False,False,-1.0,6.875,0.0,0.0,2.0,0.0,0.0,0.0,0.0,8.875
1997,SEA,8,8,0,0.5,3,0.1875,AFC,West,False,False,0,False,False,,5.0,0.0,0.0,0.0,0.0,0.0,0.0,0.0,5.0
1997,SF,13,3,0,0.8125,110,6.875,NFC,West,True,False,1,False,False,1.5,8.125,2.0,0.0,2.0,0.0,0.0,0.0,0.0,12.125
1997,TB,10,6,0,0.625,36,2.25,NFC,Central,False,False,1,False,False,-2.0,6.25,0.0,0.0,2.0,0.0,0.0,0.0,0.0,8.25
1997,TEN,8,8,0,0.5,23,1.4375,AFC,Central,False,False,0,False,False,,5.0,0.0,0.0,0.0,0.0,0.0,0.0,0.0,5.0
1997,WSH,8,7,1,0.53125,38,2.375,NFC,East,False,False,0,False,False,,5.3125,0.0,0.0,0.0,0.0,0.0,0.0,0.0,5.3125
1998,ARI,9,7,0,0.5625,-53,-3.3125,NFC,East,False,False,1,False,False,-3.5,5.625,0.0,0.0,2.0,0.0,0.0,0.0,0.0,7.625
1998,ATL,14,2,0,0.875,153,9.5625,NFC,West,True,False,2,True,False,-3.3333333333333335,8.75,2.0,0.0,4.0,4.0,0.0,0.0,0.0,18.75
1998,BAL,6,10,0,0.375,-66,-4.125,AFC,Central,False,False,0,False,False,,3.75,0.0,0.0,0.0,0.0,0.0,0.0,0.0,3.75
1998,BUF,10,6,0,0.625,67,4.1875,AFC,East,False,False,0,False,False,-7.0,6.25,0.0,0.0,0.0,0.0,0.0,0.0,0.0,6.25
1998,CAR,4,12,0,0.25,-77,-4.8125,NFC,West,False,False,0,False,False,,2.5,0.0,0.0,0.0,0.0,0.0,0.0,0.0,2.5
1998,CHI,4,12,0,0.25,-92,-5.75,NFC,Central,False,False,0,False,False,,2.5,0.0,0.0,0.0,0.0,0.0,0.0,0.0,2.5
1998,CIN,3,13,0,0.1875,-184,-11.5,AFC,Central,False,False,0,False,False,,1.875,0.0,0.0,0.0,0.0,0.0,0.0,0.0,1.875
1998,DAL,10,6,0,0.625,106,6.625,NFC,East,True,False,0,False,False,-13.0,6.25,2.0,0.0,0.0,0.0,0.0,0.0,0.0,8.25
1998,DEN,14,2,0,0.875,192,12.0,AFC,West,True,True,3,True,True,21.0,8.75,2.0,1.0,4.0,4.0,6.0,0.0,1.0,26.75
1998,DET,5,11,0,0.3125,-72,-4.5,NFC,Central,False,False,0,False,False,,3.125,0.0,0.0,0.0,0.0,0.0,0.0,0.0,3.125
1998,GB,11,5,0,0.6875,89,5.5625,NFC,Central,False,False,0,False,False,-3.0,6.875,0.0,0.0,0.0,0.0,0.0,0.0,0.0,6.875
1998,IND,3,13,0,0.1875,-134,-8.375,AFC,East,False,False,0,False,False,,1.875,0.0,0.0,0.0,0.0,0.0,0.0,0.0,1.875
1998,JAX,11,5,0,0.6875,54,3.375,AFC,Central,True,False,1,False,False,2.5,6.875,2.0,0.0,2.0,0.0,0.0,0.0,0.0,10.875
1998,KC,7,9,0,0.4375,-36,-2.25,AFC,West,False,False,0,False,False,,4.375,0.0,0.0,0.0,0.0,0.0,0.0,0.0,4.375
1998,LAC,5,11,0,0.3125,-101,-6.3125,AFC,West,False,False,0,False,False,,3.125,0.0,0.0,0.0,0.0,0.0,0.0,0.0,3.125
1998,LAR,4,12,0,0.25,-93,-5.8125,NFC,West,False,False,0,False,False,,2.5,0.0,0.0,0.0,0.0,0.0,0.0,0.0,2.5
1998,MIA,10,6,0,0.625,56,3.5,AFC,East,False,False,1,False,False,-14.0,6.25,0.0,0.0,2.0,0.0,0.0,0.0,0.0,8.25
1998,MIN,15,1,0,0.9375,260,16.25,NFC,Central,True,True,1,False,False,8.5,9.375,2.0,1.0,2.0,0.0,0.0,0.0,0.0,14.375
1998,NE,9,7,0,0.5625,8,0.5,AFC,East,False,False,0,False,False,-15.0,5.625,0.0,0.0,0.0,0.0,0.0,0.0,0.0,5.625
1998,NO,6,10,0,0.375,-54,-3.375,NFC,West,False,False,0,False,False,,3.75,0.0,0.0,0.0,0.0,0.0,0.0,0.0,3.75
1998,NYG,8,8,0,0.5,-22,-1.375,NFC,East,False,False,0,False,False,,5.0,0.0,0.0,0.0,0.0,0.0,0.0,0.0,5.0
1998,NYJ,12,4,0,0.75,150,9.375,AFC,East,True,False,1,False,False,-1.5,7.5,2.0,0.0,2.0,0.0,0.0,0.0,0.0,11.5
1998,OAK,8,8,0,0.5,-68,-4.25,AFC,West,False,False,0,False,False,,5.0,0.0,0.0,0.0,0.0,0.0,0.0,0.0,5.0
1998,PHI,3,13,0,0.1875,-183,-11.4375,NFC,East,False,False,0,False,False,,1.875,0.0,0.0,0.0,0.0,0.0,0.0,0.0,1.875
1998,PIT,7,9,0,0.4375,-40,-2.5,AFC,Central,False,False,0,False,False,,4.375,0.0,0.0,0.0,0.0,0.0,0.0,0.0,4.375
1998,SEA,8,8,0,0.5,62,3.875,AFC,West,False,False,0,False,False,,5.0,0.0,0.0,0.0,0.0,0.0,0.0,0.0,5.0
1998,SF,12,4,0,0.75,151,9.4375,NFC,West,False,False,1,False,False,0.5,7.5,0.0,0.0,2.0,0.0,0.0,0.0,0.0,9.5
1998,TB,8,8,0,0.5,19,1.1875,NFC,Central,False,False,0,False,False,,5.0,0.0,0.0,0.0,0.0,0.0,0.0,0.0,5.0
1998,TEN,8,8,0,0.5,10,0.625,AFC,Central,False,False,0,False,False,,5.0,0.0,0.0,0.0,0.0,0.0,0.0,0.0,5.0
1998,WSH,6,10,0,0.375,-102,-6.375,NFC,East,False,False,0,False,False,,3.75,0.0,0.0,0.0,0.0,0.0,0.0,0.0,3.75
1999,ARI,6,10,0,0.375,-137,-8.5625,NFC,East,False,False,0,False,False,,3.75,0.0,0.0,0.0,0.0,0.0,0.0,0.0,3.75
1999,ATL,5,11,0,0.3125,-95,-5.9375,NFC,West,False,False,0,False,False,,3.125,0.0,0.0,0.0,0.0,0.0,0.0,0.0,3.125
1999,BAL,8,8,0,0.5,47,2.9375,AFC,Central,False,False,0,False,False,,5.0,0.0,0.0,0.0,0.0,0.0,0.0,0.0,5.0
1999,BUF,11,5,0,0.6875,91,5.6875,AFC,East,False,False,0,False,False,-6.0,6.875,0.0,0.0,0.0,0.0,0.0,0.0,0.0,6.875
1999,CAR,8,8,0,0.5,40,2.5,NFC,West,False,False,0,False,False,,5.0,0.0,0.0,0.0,0.0,0.0,0.0,0.0,5.0
1999,CHI,6,10,0,0.375,-69,-4.3125,NFC,Central,False,False,0,False,False,,3.75,0.0,0.0,0.0,0.0,0.0,0.0,0.0,3.75
1999,CIN,4,12,0,0.25,-177,-11.0625,AFC,Central,False,False,0,False,False,,2.5,0.0,0.0,0.0,0.0,0.0,0.0,0.0,2.5
1999,CLE,2,14,0,0.125,-220,-13.75,AFC,Central,False,False,0,False,False,,1.25,0.0,0.0,0.0,0.0,0.0,0.0,0.0,1.25
1999,DAL,8,8,0,0.5,76,4.75,NFC,East,False,False,0,False,False,-17.0,5.0,0.0,0.0,0.0,0.0,0.0,0.0,0.0,5.0
1999,DEN,6,10,0,0.375,-4,-0.25,AFC,West,False,False,0,False,False,,3.75,0.0,0.0,0.0,0.0,0.0,0.0,0.0,3.75
1999,DET,8,8,0,0.5,-1,-0.0625,NFC,Central,False,False,0,False,False,-14.0,5.0,0.0,0.0,0.0,0.0,0.0,0.0,0.0,5.0
1999,GB,8,8,0,0.5,16,1.0,NFC,Central,False,False,0,False,False,,5.0,0.0,0.0,0.0,0.0,0.0,0.0,0.0,5.0
1999,IND,13,3,0,0.8125,90,5.625,AFC,East,True,False,0,False,False,-3.0,8.125,2.0,0.0,0.0,0.0,0.0,0.0,0.0,10.125
1999,JAX,14,2,0,0.875,179,11.1875,AFC,Central,True,True,1,False,False,18.0,8.75,2.0,1.0,2.0,0.0,0.0,0.0,1.0,14.75
1999,KC,9,7,0,0.5625,68,4.25,AFC,West,True,False,0,False,False,,5.625,2.0,0.0,0.0,0.0,0.0,0.0,0.0,7.625
1999,LAC,8,8,0,0.5,-47,-2.9375,AFC,West,False,False,0,False,False,,5.0,0.0,0.0,0.0,0.0,0.0,0.0,0.0,5.0
1999,LAR,13,3,0,0.8125,284,17.75,NFC,West,True,True,3,True,True,8.0,8.125,2.0,1.0,4.0,4.0,6.0,0.0,0.0,25.125
1999,MIA,9,7,0,0.5625,-10,-0.625,AFC,East,False,False,1,False,False,-26.0,5.625,0.0,0.0,2.0,0.0,0.0,0.0,0.0,7.625
1999,MIN,10,6,0,0.625,64,4.0,NFC,Central,False,False,1,False,False,2.5,6.25,0.0,0.0,2.0,0.0,0.0,0.0,0.0,8.25
1999,NE,8,8,0,0.5,15,0.9375,AFC,East,False,False,0,False,False,,5.0,0.0,0.0,0.0,0.0,0.0,0.0,0.0,5.0
1999,NO,3,13,0,0.1875,-174,-10.875,NFC,West,False,False,0,False,False,,1.875,0.0,0.0,0.0,0.0,0.0,0.0,0.0,1.875
1999,NYG,7,9,0,0.4375,-59,-3.6875,NFC,East,False,False,0,False,False,,4.375,0.0,0.0,0.0,0.0,0.0,0.0,0.0,4.375
1999,NYJ,8,8,0,0.5,-1,-0.0625,AFC,East,False,False,0,False,False,,5.0,0.0,0.0,0.0,0.0,0.0,0.0,0.0,5.0
1999,OAK,8,8,0,0.5,61,3.8125,AFC,West,False,False,0,False,False,,5.0,0.0,0.0,0.0,0.0,0.0,0.0,0.0,5.0
1999,PHI,5,11,0,0.3125,-85,-5.3125,NFC,East,False,False,0,False,False,,3.125,0.0,0.0,0.0,0.0,0.0,0.0,0.0,3.125
1999,PIT,6,10,0,0.375,-3,-0.1875,AFC,Central,False,False,0,False,False,,3.75,0.0,0.0,0.0,0.0,0.0,0.0,0.0,3.75
1999,SEA,9,7,0,0.5625,40,2.5,AFC,West,False,False,0,False,False,-3.0,5.625,0.0,0.0,0.0,0.0,0.0,0.0,0.0,5.625
1999,SF,4,12,0,0.25,-158,-9.875,NFC,West,False,False,0,False,False,,2.5,0.0,0.0,0.0,0.0,0.0,0.0,0.0,2.5
1999,TB,11,5,0,0.6875,35,2.1875,NFC,Central,True,False,1,False,False,-2.0,6.875,2.0,0.0,2.0,0.0,0.0,0.0,0.0,10.875
1999,TEN,13,3,0,0.8125,68,4.25,AFC,Central,False,False,3,True,False,5.25,8.125,0.0,0.0,6.0,4.0,0.0,0.0,0.0,18.125
1999,WSH,10,6,0,0.625,66,4.125,NFC,East,True,False,1,False,False,6.5,6.25,2.0,0.0,2.0,0.0,0.0,0.0,0.0,10.25
2000,ARI,3,13,0,0.1875,-233,-14.5625,NFC,East,False,False,0,False,False,,1.875,0.0,0.0,0.0,0.0,0.0,0.0,0.0,1.875
2000,ATL,4,12,0,0.25,-161,-10.0625,NFC,West,False,False,0,False,False,,2.5,0.0,0.0,0.0,0.0,0.0,0.0,0.0,2.5
2000,BAL,12,4,0,0.75,168,10.5,AFC,Central,False,False,4,True,True,18.0,7.5,0.0,0.0,6.0,4.0,6.0,0.0,1.0,24.5
2000,BUF,8,8,0,0.5,-35,-2.1875,AFC,East,False,False,0,False,False,,5.0,0.0,0.0,0.0,0.0,0.0,0.0,0.0,5.0
2000,CAR,7,9,0,0.4375,0,0.0,NFC,West,False,False,0,False,False,,4.375,0.0,0.0,0.0,0.0,0.0,0.0,0.0,4.375
2000,CHI,5,11,0,0.3125,-139,-8.6875,NFC,Central,False,False,0,False,False,,3.125,0.0,0.0,0.0,0.0,0.0,0.0,0.0,3.125
2000,CIN,4,12,0,0.25,-174,-10.875,AFC,Central,False,False,0,False,False,,2.5,0.0,0.0,0.0,0.0,0.0,0.0,0.0,2.5
2000,CLE,3,13,0,0.1875,-258,-16.125,AFC,Central,False,False,0,False,False,,1.875,0.0,0.0,0.0,0.0,0.0,0.0,0.0,1.875
2000,DAL,5,11,0,0.3125,-67,-4.1875,NFC,East,False,False,0,False,False,,3.125,0.0,0.0,0.0,0.0,0.0,0.0,0.0,3.125
2000,DEN,11,5,0,0.6875,116,7.25,AFC,West,False,False,0,False,False,-18.0,6.875,0.0,0.0,0.0,0.0,0.0,0.0,0.0,6.875
2000,DET,9,7,0,0.5625,0,0.0,NFC,Central,False,False,0,False,False,,5.625,0.0,0.0,0.0,0.0,0.0,0.0,0.0,5.625
2000,GB,9,7,0,0.5625,30,1.875,NFC,Central,False,False,0,False,False,,5.625,0.0,0.0,0.0,0.0,0.0,0.0,0.0,5.625
2000,IND,10,6,0,0.625,103,6.4375,AFC,East,False,False,0,False,False,-6.0,6.25,0.0,0.0,0.0,0.0,0.0,0.0,0.0,6.25
2000,JAX,7,9,0,0.4375,40,2.5,AFC,Central,False,False,0,False,False,,4.375,0.0,0.0,0.0,0.0,0.0,0.0,0.0,4.375
2000,KC,7,9,0,0.4375,1,0.0625,AFC,West,False,False,0,False,False,,4.375,0.0,0.0,0.0,0.0,0.0,0.0,0.0,4.375
2000,LAC,1,15,0,0.0625,-171,-10.6875,AFC,West,False,False,0,False,False,,0.625,0.0,0.0,0.0,0.0,0.0,0.0,0.0,0.625
2000,LAR,10,6,0,0.625,69,4.3125,NFC,West,True,False,0,False,False,-3.0,6.25,2.0,0.0,0.0,0.0,0.0,0.0,0.0,8.25
2000,MIA,11,5,0,0.6875,97,6.0625,AFC,East,True,False,1,False,False,-10.5,6.875,2.0,0.0,2.0,0.0,0.0,0.0,0.0,10.875
2000,MIN,11,5,0,0.6875,26,1.625,NFC,Central,True,False,1,False,False,-11.5,6.875,2.0,0.0,2.0,0.0,0.0,0.0,0.0,10.875
2000,NE,5,11,0,0.3125,-62,-3.875,AFC,East,False,False,0,False,False,,3.125,0.0,0.0,0.0,0.0,0.0,0.0,0.0,3.125
2000,NO,10,6,0,0.625,49,3.0625,NFC,West,False,False,1,False,False,-7.5,6.25,0.0,0.0,2.0,0.0,0.0,0.0,0.0,8.25
2000,NYG,12,4,0,0.75,82,5.125,NFC,East,True,True,2,True,False,8.0,7.5,2.0,1.0,4.0,4.0,0.0,0.0,0.0,18.5
2000,NYJ,9,7,0,0.5625,0,0.0,AFC,East,False,False,0,False,False,,5.625,0.0,0.0,0.0,0.0,0.0,0.0,0.0,5.625
2000,OAK,12,4,0,0.75,180,11.25,AFC,West,True,False,1,False,False,7.0,7.5,2.0,0.0,2.0,0.0,0.0,0.0,0.0,11.5
2000,PHI,11,5,0,0.6875,106,6.625,NFC,East,False,False,1,False,False,4.0,6.875,0.0,0.0,2.0,0.0,0.0,0.0,0.0,8.875
2000,PIT,9,7,0,0.5625,66,4.125,AFC,Central,False,False,0,False,False,,5.625,0.0,0.0,0.0,0.0,0.0,0.0,0.0,5.625
2000,SEA,6,10,0,0.375,-85,-5.3125,AFC,West,False,False,0,False,False,,3.75,0.0,0.0,0.0,0.0,0.0,0.0,0.0,3.75
2000,SF,6,10,0,0.375,-34,-2.125,NFC,West,False,False,0,False,False,,3.75,0.0,0.0,0.0,0.0,0.0,0.0,0.0,3.75
2000,TB,10,6,0,0.625,119,7.4375,NFC,Central,False,False,0,False,False,-18.0,6.25,0.0,0.0,0.0,0.0,0.0,0.0,0.0,6.25
2000,TEN,13,3,0,0.8125,155,9.6875,AFC,Central,True,True,0,False,False,-14.0,8.125,2.0,1.0,0.0,0.0,0.0,0.0,0.0,11.125
2000,WSH,8,8,0,0.5,12,0.75,NFC,East,False,False,0,False,False,,5.0,0.0,0.0,0.0,0.0,0.0,0.0,0.0,5.0
2001,ARI,7,9,0,0.4375,-48,-3.0,NFC,East,False,False,0,False,False,,4.375,0.0,0.0,0.0,0.0,0.0,0.0,0.0,4.375
2001,ATL,7,9,0,0.4375,-86,-5.375,NFC,West,False,False,0,False,False,,4.375,0.0,0.0,0.0,0.0,0.0,0.0,0.0,4.375
2001,BAL,10,6,0,0.625,38,2.375,AFC,Central,False,False,1,False,False,0.0,6.25,0.0,0.0,2.0,0.0,0.0,0.0,0.0,8.25
2001,BUF,3,13,0,0.1875,-155,-9.6875,AFC,East,False,False,0,False,False,,1.875,0.0,0.0,0.0,0.0,0.0,0.0,0.0,1.875
2001,CAR,1,15,0,0.0625,-157,-9.8125,NFC,West,False,False,0,False,False,,0.625,0.0,0.0,0.0,0.0,0.0,0.0,0.0,0.625
2001,CHI,13,3,0,0.8125,135,8.4375,NFC,Central,True,False,0,False,False,-14.0,8.125,2.0,0.0,0.0,0.0,0.0,0.0,0.0,10.125
2001,CIN,6,10,0,0.375,-83,-5.1875,AFC,Central,False,False,0,False,False,,3.75,0.0,0.0,0.0,0.0,0.0,0.0,0.0,3.75
2001,CLE,7,9,0,0.4375,-34,-2.125,AFC,Central,False,False,0,False,False,,4.375,0.0,0.0,0.0,0.0,0.0,0.0,0.0,4.375
2001,DAL,5,11,0,0.3125,-92,-5.75,NFC,East,False,False,0,False,False,,3.125,0.0,0.0,0.0,0.0,0.0,0.0,0.0,3.125
2001,DEN,8,8,0,0.5,1,0.0625,AFC,West,False,False,0,False,False,,5.0,0.0,0.0,0.0,0.0,0.0,0.0,0.0,5.0
2001,DET,2,14,0,0.125,-154,-9.625,NFC,Central,False,False,0,False,False,,1.25,0.0,0.0,0.0,0.0,0.0,0.0,0.0,1.25
2001,GB,12,4,0,0.75,124,7.75,NFC,Central,False,False,1,False,False,-9.0,7.5,0.0,0.0,2.0,0.0,0.0,0.0,0.0,9.5
2001,IND,6,10,0,0.375,-73,-4.5625,AFC,East,False,False,0,False,False,,3.75,0.0,0.0,0.0,0.0,0.0,0.0,0.0,3.75
2001,JAX,6,10,0,0.375,8,0.5,AFC,Central,False,False,0,False,False,,3.75,0.0,0.0,0.0,0.0,0.0,0.0,0.0,3.75
2001,KC,6,10,0,0.375,-24,-1.5,AFC,West,False,False,0,False,False,,3.75,0.0,0.0,0.0,0.0,0.0,0.0,0.0,3.75
2001,LAC,5,11,0,0.3125,11,0.6875,AFC,West,False,False,0,False,False,,3.125,0.0,0.0,0.0,0.0,0.0,0.0,0.0,3.125
2001,LAR,14,2,0,0.875,230,14.375,NFC,West,True,True,2,True,False,10.0,8.75,2.0,1.0,4.0,4.0,0.0,0.0,1.0,20.75
2001,MIA,11,5,0,0.6875,54,3.375,AFC,East,False,False,0,False,False,-17.0,6.875,0.0,0.0,0.0,0.0,0.0,0.0,0.0,6.875
2001,MIN,5,11,0,0.3125,-100,-6.25,NFC,Central,False,False,0,False,False,,3.125,0.0,0.0,0.0,0.0,0.0,0.0,0.0,3.125
2001,NE,11,5,0,0.6875,99,6.1875,AFC,East,True,False,3,True,True,4.333333333333333,6.875,2.0,0.0,4.0,4.0,6.0,0.0,0.0,22.875
2001,NO,7,9,0,0.4375,-76,-4.75,NFC,West,False,False,0,False,False,,4.375,0.0,0.0,0.0,0.0,0.0,0.0,0.0,4.375
2001,NYG,7,9,0,0.4375,-27,-1.6875,NFC,East,False,False,0,False,False,,4.375,0.0,0.0,0.0,0.0,0.0,0.0,0.0,4.375
2001,NYJ,10,6,0,0.625,13,0.8125,AFC,East,False,False,0,False,False,-14.0,6.25,0.0,0.0,0.0,0.0,0.0,0.0,0.0,6.25
2001,OAK,10,6,0,0.625,72,4.5,AFC,West,True,False,1,False,False,5.5,6.25,2.0,0.0,2.0,0.0,0.0,0.0,0.0,10.25
2001,PHI,11,5,0,0.6875,135,8.4375,NFC,East,True,False,2,False,False,10.333333333333334,6.875,2.0,0.0,4.0,0.0,0.0,0.0,1.0,13.875
2001,PIT,13,3,0,0.8125,140,8.75,AFC,Central,True,True,1,False,False,5.0,8.125,2.0,1.0,2.0,0.0,0.0,0.0,0.0,13.125
2001,SEA,9,7,0,0.5625,-23,-1.4375,AFC,West,False,False,0,False,False,,5.625,0.0,0.0,0.0,0.0,0.0,0.0,0.0,5.625
2001,SF,12,4,0,0.75,127,7.9375,NFC,West,False,False,0,False,False,-10.0,7.5,0.0,0.0,0.0,0.0,0.0,0.0,0.0,7.5
2001,TB,9,7,0,0.5625,44,2.75,NFC,Central,False,False,0,False,False,-22.0,5.625,0.0,0.0,0.0,0.0,0.0,0.0,0.0,5.625
2001,TEN,7,9,0,0.4375,-52,-3.25,AFC,Central,False,False,0,False,False,,4.375,0.0,0.0,0.0,0.0,0.0,0.0,0.0,4.375
2001,WSH,8,8,0,0.5,-47,-2.9375,NFC,East,False,False,0,False,False,,5.0,0.0,0.0,0.0,0.0,0.0,0.0,0.0,5.0
2002,ARI,5,11,0,0.3125,-155,-9.6875,NFC,West,False,False,0,False,False,,3.125,0.0,0.0,0.0,0.0,0.0,0.0,0.0,3.125
2002,ATL,9,6,1,0.59375,88,5.5,NFC,South,False,False,1,False,False,3.0,5.9375,0.0,0.0,2.0,0.0,0.0,0.0,0.0,7.9375
2002,BAL,7,9,0,0.4375,-38,-2.375,AFC,North,False,False,0,False,False,,4.375,0.0,0.0,0.0,0.0,0.0,0.0,0.0,4.375
2002,BUF,8,8,0,0.5,-18,-1.125,AFC,East,False,False,0,False,False,,5.0,0.0,0.0,0.0,0.0,0.0,0.0,0.0,5.0
2002,CAR,7,9,0,0.4375,-44,-2.75,NFC,South,False,False,0,False,False,,4.375,0.0,0.0,0.0,0.0,0.0,0.0,0.0,4.375
2002,CHI,4,12,0,0.25,-98,-6.125,NFC,North,False,False,0,False,False,,2.5,0.0,0.0,0.0,0.0,0.0,0.0,0.0,2.5
2002,CIN,2,14,0,0.125,-177,-11.0625,AFC,North,False,False,0,False,False,,1.25,0.0,0.0,0.0,0.0,0.0,0.0,0.0,1.25
2002,CLE,9,7,0,0.5625,24,1.5,AFC,North,False,False,0,False,False,-3.0,5.625,0.0,0.0,0.0,0.0,0.0,0.0,0.0,5.625
2002,DAL,5,11,0,0.3125,-112,-7.0,NFC,East,False,False,0,False,False,,3.125,0.0,0.0,0.0,0.0,0.0,0.0,0.0,3.125
2002,DEN,9,7,0,0.5625,48,3.0,AFC,West,False,False,0,False,False,,5.625,0.0,0.0,0.0,0.0,0.0,0.0,0.0,5.625
2002,DET,3,13,0,0.1875,-145,-9.0625,NFC,North,False,False,0,False,False,,1.875,0.0,0.0,0.0,0.0,0.0,0.0,0.0,1.875
2002,GB,12,4,0,0.75,70,4.375,NFC,North,True,False,0,False,False,-20.0,7.5,2.0,0.0,0.0,0.0,0.0,0.0,0.0,9.5
2002,HOU,4,12,0,0.25,-143,-8.9375,AFC,South,False,False,0,False,False,,2.5,0.0,0.0,0.0,0.0,0.0,0.0,0.0,2.5
2002,IND,10,6,0,0.625,36,2.25,AFC,South,False,False,0,False,False,-41.0,6.25,0.0,0.0,0.0,0.0,0.0,0.0,0.0,6.25
2002,JAX,6,10,0,0.375,13,0.8125,AFC,South,False,False,0,False,False,,3.75,0.0,0.0,0.0,0.0,0.0,0.0,0.0,3.75
2002,KC,8,8,0,0.5,68,4.25,AFC,West,False,False,0,False,False,,5.0,0.0,0.0,0.0,0.0,0.0,0.0,0.0,5.0
2002,LAC,8,8,0,0.5,-34,-2.125,AFC,West,False,False,0,False,False,,5.0,0.0,0.0,0.0,0.0,0.0,0.0,0.0,5.0
2002,LAR,7,9,0,0.4375,-53,-3.3125,NFC,West,False,False,0,False,False,,4.375,0.0,0.0,0.0,0.0,0.0,0.0,0.0,4.375
2002,MIA,9,7,0,0.5625,77,4.8125,AFC,East,True,False,0,False,False,,5.625,2.0,0.0,0.0,0.0,0.0,0.0,0.0,7.625
2002,MIN,6,10,0,0.375,-52,-3.25,NFC,North,False,False,0,False,False,,3.75,0.0,0.0,0.0,0.0,0.0,0.0,0.0,3.75
2002,NE,9,7,0,0.5625,35,2.1875,AFC,East,False,False,0,False,False,,5.625,0.0,0.0,0.0,0.0,0.0,0.0,0.0,5.625
2002,NO,9,7,0,0.5625,44,2.75,NFC,South,False,False,0,False,False,,5.625,0.0,0.0,0.0,0.0,0.0,0.0,0.0,5.625
2002,NYG,10,6,0,0.625,41,2.5625,NFC,East,False,False,0,False,False,-1.0,6.25,0.0,0.0,0.0,0.0,0.0,0.0,0.0,6.25
2002,NYJ,9,7,0,0.5625,23,1.4375,AFC,East,False,False,1,False,False,10.5,5.625,0.0,0.0,2.0,0.0,0.0,0.0,1.0,8.625
2002,OAK,11,5,0,0.6875,146,9.125,AFC,West,True,True,2,True,False,3.3333333333333335,6.875,2.0,1.0,4.0,4.0,0.0,0.0,0.0,17.875
2002,PHI,12,4,0,0.75,174,10.875,NFC,East,True,True,1,False,False,-1.5,7.5,2.0,1.0,2.0,0.0,0.0,0.0,0.0,12.5
2002,PIT,10,5,1,0.65625,45,2.8125,AFC,North,True,False,1,False,False,0.0,6.5625,2.0,0.0,2.0,0.0,0.0,0.0,0.0,10.5625
2002,SEA,7,9,0,0.4375,-14,-0.875,NFC,West,False,False,0,False,False,,4.375,0.0,0.0,0.0,0.0,0.0,0.0,0.0,4.375
2002,SF,10,6,0,0.625,16,1.0,NFC,West,True,False,1,False,False,-12.0,6.25,2.0,0.0,2.0,0.0,0.0,0.0,0.0,10.25
2002,TB,12,4,0,0.75,150,9.375,NFC,South,True,False,3,True,True,23.0,7.5,2.0,0.0,4.0,4.0,6.0,0.0,1.0,24.5
2002,TEN,11,5,0,0.6875,43,2.6875,AFC,South,True,False,1,False,False,-7.0,6.875,2.0,0.0,2.0,0.0,0.0,0.0,0.0,10.875
2002,WSH,7,9,0,0.4375,-58,-3.625,NFC,East,False,False,0,False,False,,4.375,0.0,0.0,0.0,0.0,0.0,0.0,0.0,4.375
2003,ARI,4,12,0,0.25,-227,-14.1875,NFC,West,False,False,0,False,False,,2.5,0.0,0.0,0.0,0.0,0.0,0.0,0.0,2.5
2003,ATL,5,11,0,0.3125,-123,-7.6875,NFC,South,False,False,0,False,False,,3.125,0.0,0.0,0.0,0.0,0.0,0.0,0.0,3.125
2003,BAL,10,6,0,0.625,110,6.875,AFC,North,True,False,0,False,False,-3.0,6.25,2.0,0.0,0.0,0.0,0.0,0.0,0.0,8.25
2003,BUF,6,10,0,0.375,-36,-2.25,AFC,East,False,False,0,False,False,,3.75,0.0,0.0,0.0,0.0,0.0,0.0,0.0,3.75
2003,CAR,11,5,0,0.6875,21,1.3125,NFC,South,True,False,3,True,False,8.25,6.875,2.0,0.0,6.0,4.0,0.0,0.0,0.0,18.875
2003,CHI,7,9,0,0.4375,-63,-3.9375,NFC,North,False,False,0,False,False,,4.375,0.0,0.0,0.0,0.0,0.0,0.0,0.0,4.375
2003,CIN,8,8,0,0.5,-38,-2.375,AFC,North,False,False,0,False,False,,5.0,0.0,0.0,0.0,0.0,0.0,0.0,0.0,5.0
2003,CLE,5,11,0,0.3125,-68,-4.25,AFC,North,False,False,0,False,False,,3.125,0.0,0.0,0.0,0.0,0.0,0.0,0.0,3.125
2003,DAL,10,6,0,0.625,29,1.8125,NFC,East,False,False,0,False,False,-19.0,6.25,0.0,0.0,0.0,0.0,0.0,0.0,0.0,6.25
2003,DEN,10,6,0,0.625,80,5.0,AFC,West,False,False,0,False,False,-31.0,6.25,0.0,0.0,0.0,0.0,0.0,0.0,0.0,6.25
2003,DET,5,11,0,0.3125,-109,-6.8125,NFC,North,False,False,0,False,False,,3.125,0.0,0.0,0.0,0.0,0.0,0.0,0.0,3.125
2003,GB,10,6,0,0.625,135,8.4375,NFC,North,True,False,1,False,False,1.5,6.25,2.0,0.0,2.0,0.0,0.0,0.0,0.0,10.25
2003,HOU,5,11,0,0.3125,-125,-7.8125,AFC,South,False,False,0,False,False,,3.125,0.0,0.0,0.0,0.0,0.0,0.0,0.0,3.125
2003,IND,12,4,0,0.75,111,6.9375,AFC,South,True,False,2,False,False,9.333333333333334,7.5,2.0,0.0,4.0,0.0,0.0,0.0,0.0,13.5
2003,JAX,5,11,0,0.3125,-55,-3.4375,AFC,South,False,False,0,False,False,,3.125,0.0,0.0,0.0,0.0,0.0,0.0,0.0,3.125
2003,KC,13,3,0,0.8125,152,9.5,AFC,West,True,False,0,False,False,-7.0,8.125,2.0,0.0,0.0,0.0,0.0,0.0,0.0,10.125
2003,LAC,4,12,0,0.25,-128,-8.0,AFC,West,False,False,0,False,False,,2.5,0.0,0.0,0.0,0.0,0.0,0.0,0.0,2.5
2003,LAR,12,4,0,0.75,119,7.4375,NFC,West,True,True,0,False,False,-6.0,7.5,2.0,1.0,0.0,0.0,0.0,0.0,0.0,10.5
2003,MIA,10,6,0,0.625,50,3.125,AFC,East,False,False,0,False,False,,6.25,0.0,0.0,0.0,0.0,0.0,0.0,0.0,6.25
2003,MIN,9,7,0,0.5625,63,3.9375,NFC,North,False,False,0,False,False,,5.625,0.0,0.0,0.0,0.0,0.0,0.0,0.0,5.625
2003,NE,14,2,0,0.875,110,6.875,AFC,East,True,True,3,True,True,5.333333333333333,8.75,2.0,1.0,4.0,4.0,6.0,0.0,0.0,25.75
2003,NO,8,8,0,0.5,14,0.875,NFC,South,False,False,0,False,False,,5.0,0.0,0.0,0.0,0.0,0.0,0.0,0.0,5.0
2003,NYG,4,12,0,0.25,-144,-9.0,NFC,East,False,False,0,False,False,,2.5,0.0,0.0,0.0,0.0,0.0,0.0,0.0,2.5
2003,NYJ,6,10,0,0.375,-16,-1.0,AFC,East,False,False,0,False,False,,3.75,0.0,0.0,0.0,0.0,0.0,0.0,0.0,3.75
2003,OAK,4,12,0,0.25,-109,-6.8125,AFC,West,False,False,0,False,False,,2.5,0.0,0.0,0.0,0.0,0.0,0.0,0.0,2.5
2003,PHI,12,4,0,0.75,87,5.4375,NFC,East,True,False,1,False,False,-4.0,7.5,2.0,0.0,2.0,0.0,0.0,0.0,0.0,11.5
2003,PIT,6,10,0,0.375,-27,-1.6875,AFC,North,False,False,0,False,False,,3.75,0.0,0.0,0.0,0.0,0.0,0.0,0.0,3.75
2003,SEA,10,6,0,0.625,77,4.8125,NFC,West,False,False,0,False,False,-6.0,6.25,0.0,0.0,0.0,0.0,0.0,0.0,0.0,6.25
2003,SF,7,9,0,0.4375,47,2.9375,NFC,West,False,False,0,False,False,,4.375,0.0,0.0,0.0,0.0,0.0,0.0,0.0,4.375
2003,TB,7,9,0,0.4375,37,2.3125,NFC,South,False,False,0,False,False,,4.375,0.0,0.0,0.0,0.0,0.0,0.0,0.0,4.375
2003,TEN,12,4,0,0.75,111,6.9375,AFC,South,False,False,1,False,False,0.0,7.5,0.0,0.0,2.0,0.0,0.0,0.0,0.0,9.5
2003,WSH,5,11,0,0.3125,-85,-5.3125,NFC,East,False,False,0,False,False,,3.125,0.0,0.0,0.0,0.0,0.0,0.0,0.0,3.125
2004,ARI,6,10,0,0.375,-38,-2.375,NFC,West,False,False,0,False,False,,3.75,0.0,0.0,0.0,0.0,0.0,0.0,0.0,3.75
2004,ATL,11,5,0,0.6875,3,0.1875,NFC,South,True,False,1,False,False,6.5,6.875,2.0,0.0,2.0,0.0,0.0,0.0,0.0,10.875
2004,BAL,9,7,0,0.5625,49,3.0625,AFC,North,False,False,0,False,False,,5.625,0.0,0.0,0.0,0.0,0.0,0.0,0.0,5.625
2004,BUF,9,7,0,0.5625,111,6.9375,AFC,East,False,False,0,False,False,,5.625,0.0,0.0,0.0,0.0,0.0,0.0,0.0,5.625
2004,CAR,7,9,0,0.4375,16,1.0,NFC,South,False,False,0,False,False,,4.375,0.0,0.0,0.0,0.0,0.0,0.0,0.0,4.375
2004,CHI,5,11,0,0.3125,-100,-6.25,NFC,North,False,False,0,False,False,,3.125,0.0,0.0,0.0,0.0,0.0,0.0,0.0,3.125
2004,CIN,8,8,0,0.5,2,0.125,AFC,North,False,False,0,False,False,,5.0,0.0,0.0,0.0,0.0,0.0,0.0,0.0,5.0
2004,CLE,4,12,0,0.25,-114,-7.125,AFC,North,False,False,0,False,False,,2.5,0.0,0.0,0.0,0.0,0.0,0.0,0.0,2.5
2004,DAL,6,10,0,0.375,-112,-7.0,NFC,East,False,False,0,False,False,,3.75,0.0,0.0,0.0,0.0,0.0,0.0,0.0,3.75
2004,DEN,10,6,0,0.625,77,4.8125,AFC,West,False,False,0,False,False,-25.0,6.25,0.0,0.0,0.0,0.0,0.0,0.0,0.0,6.25
2004,DET,6,10,0,0.375,-54,-3.375,NFC,North,False,False,0,False,False,,3.75,0.0,0.0,0.0,0.0,0.0,0.0,0.0,3.75
2004,GB,10,6,0,0.625,44,2.75,NFC,North,True,False,0,False,False,-14.0,6.25,2.0,0.0,0.0,0.0,0.0,0.0,0.0,8.25
2004,HOU,7,9,0,0.4375,-30,-1.875,AFC,South,False,False,0,False,False,,4.375,0.0,0.0,0.0,0.0,0.0,0.0,0.0,4.375
2004,IND,12,4,0,0.75,171,10.6875,AFC,South,True,False,1,False,False,4.0,7.5,2.0,0.0,2.0,0.0,0.0,0.0,0.0,11.5
2004,JAX,9,7,0,0.5625,-19,-1.1875,AFC,South,False,False,0,False,False,,5.625,0.0,0.0,0.0,0.0,0.0,0.0,0.0,5.625
2004,KC,7,9,0,0.4375,48,3.0,AFC,West,False,False,0,False,False,,4.375,0.0,0.0,0.0,0.0,0.0,0.0,0.0,4.375
2004,LAC,12,4,0,0.75,133,8.3125,AFC,West,True,False,0,False,False,-3.0,7.5,2.0,0.0,0.0,0.0,0.0,0.0,0.0,9.5
2004,LAR,8,8,0,0.5,-73,-4.5625,NFC,West,False,False,1,False,False,-11.5,5.0,0.0,0.0,2.0,0.0,0.0,0.0,0.0,7.0
2004,MIA,4,12,0,0.25,-79,-4.9375,AFC,East,False,False,0,False,False,,2.5,0.0,0.0,0.0,0.0,0.0,0.0,0.0,2.5
2004,MIN,8,8,0,0.5,10,0.625,NFC,North,False,False,1,False,False,0.5,5.0,0.0,0.0,2.0,0.0,0.0,0.0,0.0,7.0
2004,NE,14,2,0,0.875,177,11.0625,AFC,East,True,False,3,True,True,11.333333333333334,8.75,2.0,0.0,4.0,4.0,6.0,0.0,1.0,25.75
2004,NO,8,8,0,0.5,-57,-3.5625,NFC,South,False,False,0,False,False,,5.0,0.0,0.0,0.0,0.0,0.0,0.0,0.0,5.0
2004,NYG,6,10,0,0.375,-44,-2.75,NFC,East,False,False,0,False,False,,3.75,0.0,0.0,0.0,0.0,0.0,0.0,0.0,3.75
2004,NYJ,10,6,0,0.625,72,4.5,AFC,East,False,False,1,False,False,0.0,6.25,0.0,0.0,2.0,0.0,0.0,0.0,0.0,8.25
2004,OAK,5,11,0,0.3125,-122,-7.625,AFC,West,False,False,0,False,False,,3.125,0.0,0.0,0.0,0.0,0.0,0.0,0.0,3.125
2004,PHI,13,3,0,0.8125,126,7.875,NFC,East,True,True,2,True,False,9.0,8.125,2.0,1.0,4.0,4.0,0.0,0.0,0.0,19.125
2004,PIT,15,1,0,0.9375,121,7.5625,AFC,North,True,True,1,False,False,-5.5,9.375,2.0,1.0,2.0,0.0,0.0,0.0,0.0,14.375
2004,SEA,9,7,0,0.5625,-2,-0.125,NFC,West,True,False,0,False,False,-7.0,5.625,2.0,0.0,0.0,0.0,0.0,0.0,0.0,7.625
2004,SF,2,14,0,0.125,-193,-12.0625,NFC,West,False,False,0,False,False,,1.25,0.0,0.0,0.0,0.0,0.0,0.0,0.0,1.25
2004,TB,5,11,0,0.3125,-3,-0.1875,NFC,South,False,False,0,False,False,,3.125,0.0,0.0,0.0,0.0,0.0,0.0,0.0,3.125
2004,TEN,5,11,0,0.3125,-95,-5.9375,AFC,South,False,False,0,False,False,,3.125,0.0,0.0,0.0,0.0,0.0,0.0,0.0,3.125
2004,WSH,6,10,0,0.375,-25,-1.5625,NFC,East,False,False,0,False,False,,3.75,0.0,0.0,0.0,0.0,0.0,0.0,0.0,3.75
2005,ARI,5,11,0,0.3125,-76,-4.75,NFC,West,False,False,0,False,False,,3.125,0.0,0.0,0.0,0.0,0.0,0.0,0.0,3.125
2005,ATL,8,8,0,0.5,10,0.625,NFC,South,False,False,0,False,False,,5.0,0.0,0.0,0.0,0.0,0.0,0.0,0.0,5.0
2005,BAL,6,10,0,0.375,-34,-2.125,AFC,North,False,False,0,False,False,,3.75,0.0,0.0,0.0,0.0,0.0,0.0,0.0,3.75
2005,BUF,5,11,0,0.3125,-96,-6.0,AFC,East,False,False,0,False,False,,3.125,0.0,0.0,0.0,0.0,0.0,0.0,0.0,3.125
2005,CAR,11,5,0,0.6875,132,8.25,NFC,South,True,False,2,False,False,3.6666666666666665,6.875,2.0,0.0,4.0,0.0,0.0,0.0,0.0,12.875
2005,CHI,11,5,0,0.6875,58,3.625,NFC,North,True,False,0,False,False,-8.0,6.875,2.0,0.0,0.0,0.0,0.0,0.0,0.0,8.875
2005,CIN,11,5,0,0.6875,71,4.4375,AFC,North,False,False,0,False,False,-14.0,6.875,0.0,0.0,0.0,0.0,0.0,0.0,0.0,6.875
2005,CLE,6,10,0,0.375,-69,-4.3125,AFC,North,False,False,0,False,False,,3.75,0.0,0.0,0.0,0.0,0.0,0.0,0.0,3.75
2005,DAL,9,7,0,0.5625,17,1.0625,NFC,East,False,False,0,False,False,,5.625,0.0,0.0,0.0,0.0,0.0,0.0,0.0,5.625
2005,DEN,13,3,0,0.8125,137,8.5625,AFC,West,True,False,1,False,False,-1.5,8.125,2.0,0.0,2.0,0.0,0.0,0.0,0.0,12.125
2005,DET,5,11,0,0.3125,-91,-5.6875,NFC,North,False,False,0,False,False,,3.125,0.0,0.0,0.0,0.0,0.0,0.0,0.0,3.125
2005,GB,4,12,0,0.25,-46,-2.875,NFC,North,False,False,0,False,False,,2.5,0.0,0.0,0.0,0.0,0.0,0.0,0.0,2.5
2005,HOU,2,14,0,0.125,-171,-10.6875,AFC,South,False,False,0,False,False,,1.25,0.0,0.0,0.0,0.0,0.0,0.0,0.0,1.25
2005,IND,14,2,0,0.875,192,12.0,AFC,South,True,True,0,False,False,-3.0,8.75,2.0,1.0,0.0,0.0,0.0,0.0,0.0,11.75
2005,JAX,12,4,0,0.75,92,5.75,AFC,South,False,False,0,False,False,-25.0,7.5,0.0,0.0,0.0,0.0,0.0,0.0,0.0,7.5
2005,KC,10,6,0,0.625,78,4.875,AFC,West,False,False,0,False,False,,6.25,0.0,0.0,0.0,0.0,0.0,0.0,0.0,6.25
2005,LAC,9,7,0,0.5625,106,6.625,AFC,West,False,False,0,False,False,,5.625,0.0,0.0,0.0,0.0,0.0,0.0,0.0,5.625
2005,LAR,6,10,0,0.375,-66,-4.125,NFC,West,False,False,0,False,False,,3.75,0.0,0.0,0.0,0.0,0.0,0.0,0.0,3.75
2005,MIA,9,7,0,0.5625,1,0.0625,AFC,East,False,False,0,False,False,,5.625,0.0,0.0,0.0,0.0,0.0,0.0,0.0,5.625
2005,MIN,9,7,0,0.5625,-38,-2.375,NFC,North,False,False,0,False,False,,5.625,0.0,0.0,0.0,0.0,0.0,0.0,0.0,5.625
2005,NE,10,6,0,0.625,41,2.5625,AFC,East,True,False,1,False,False,5.5,6.25,2.0,0.0,2.0,0.0,0.0,0.0,0.0,10.25
2005,NO,3,13,0,0.1875,-163,-10.1875,NFC,South,False,False,0,False,False,,1.875,0.0,0.0,0.0,0.0,0.0,0.0,0.0,1.875
2005,NYG,11,5,0,0.6875,108,6.75,NFC,East,True,False,0,False,False,-23.0,6.875,2.0,0.0,0.0,0.0,0.0,0.0,0.0,8.875
2005,NYJ,4,12,0,0.25,-115,-7.1875,AFC,East,False,False,0,False,False,,2.5,0.0,0.0,0.0,0.0,0.0,0.0,0.0,2.5
2005,OAK,4,12,0,0.25,-93,-5.8125,AFC,West,False,False,0,False,False,,2.5,0.0,0.0,0.0,0.0,0.0,0.0,0.0,2.5
2005,PHI,6,10,0,0.375,-78,-4.875,NFC,East,False,False,0,False,False,,3.75,0.0,0.0,0.0,0.0,0.0,0.0,0.0,3.75
2005,PIT,11,5,0,0.6875,131,8.1875,AFC,North,True,False,4,True,True,11.25,6.875,2.0,0.0,6.0,4.0,6.0,0.0,1.0,25.875
2005,SEA,13,3,0,0.8125,181,11.3125,NFC,West,True,True,2,True,False,6.333333333333333,8.125,2.0,1.0,4.0,4.0,0.0,0.0,0.0,19.125
2005,SF,4,12,0,0.25,-189,-11.8125,NFC,West,False,False,0,False,False,,2.5,0.0,0.0,0.0,0.0,0.0,0.0,0.0,2.5
2005,TB,11,5,0,0.6875,26,1.625,NFC,South,False,False,0,False,False,-7.0,6.875,0.0,0.0,0.0,0.0,0.0,0.0,0.0,6.875
2005,TEN,4,12,0,0.25,-122,-7.625,AFC,South,False,False,0,False,False,,2.5,0.0,0.0,0.0,0.0,0.0,0.0,0.0,2.5
2005,WSH,10,6,0,0.625,66,4.125,NFC,East,False,False,1,False,False,-1.5,6.25,0.0,0.0,2.0,0.0,0.0,0.0,0.0,8.25
2006,ARI,5,11,0,0.3125,-75,-4.6875,NFC,West,False,False,0,False,False,,3.125,0.0,0.0,0.0,0.0,0.0,0.0,0.0,3.125
2006,ATL,7,9,0,0.4375,-36,-2.25,NFC,South,False,False,0,False,False,,4.375,0.0,0.0,0.0,0.0,0.0,0.0,0.0,4.375
2006,BAL,13,3,0,0.8125,152,9.5,AFC,North,True,False,0,False,False,-9.0,8.125,2.0,0.0,0.0,0.0,0.0,0.0,0.0,10.125
2006,BUF,7,9,0,0.4375,-11,-0.6875,AFC,East,False,False,0,False,False,,4.375,0.0,0.0,0.0,0.0,0.0,0.0,0.0,4.375
2006,CAR,8,8,0,0.5,-35,-2.1875,NFC,South,False,False,0,False,False,,5.0,0.0,0.0,0.0,0.0,0.0,0.0,0.0,5.0
2006,CHI,13,3,0,0.8125,172,10.75,NFC,North,True,True,2,True,False,5.333333333333333,8.125,2.0,1.0,4.0,4.0,0.0,0.0,0.0,19.125
2006,CIN,8,8,0,0.5,42,2.625,AFC,North,False,False,0,False,False,,5.0,0.0,0.0,0.0,0.0,0.0,0.0,0.0,5.0
2006,CLE,4,12,0,0.25,-118,-7.375,AFC,North,False,False,0,False,False,,2.5,0.0,0.0,0.0,0.0,0.0,0.0,0.0,2.5
2006,DAL,9,7,0,0.5625,75,4.6875,NFC,East,False,False,0,False,False,-1.0,5.625,0.0,0.0,0.0,0.0,0.0,0.0,0.0,5.625
2006,DEN,9,7,0,0.5625,14,0.875,AFC,West,False,False,0,False,False,,5.625,0.0,0.0,0.0,0.0,0.0,0.0,0.0,5.625
2006,DET,3,13,0,0.1875,-93,-5.8125,NFC,North,False,False,0,False,False,,1.875,0.0,0.0,0.0,0.0,0.0,0.0,0.0,1.875
2006,GB,8,8,0,0.5,-65,-4.0625,NFC,North,False,False,0,False,False,,5.0,0.0,0.0,0.0,0.0,0.0,0.0,0.0,5.0
2006,HOU,6,10,0,0.375,-99,-6.1875,AFC,South,False,False,0,False,False,,3.75,0.0,0.0,0.0,0.0,0.0,0.0,0.0,3.75
2006,IND,12,4,0,0.75,67,4.1875,AFC,South,True,False,4,True,True,10.0,7.5,2.0,0.0,6.0,4.0,6.0,0.0,1.0,26.5
2006,JAX,8,8,0,0.5,97,6.0625,AFC,South,False,False,0,False,False,,5.0,0.0,0.0,0.0,0.0,0.0,0.0,0.0,5.0
2006,KC,9,7,0,0.5625,16,1.0,AFC,West,False,False,0,False,False,-15.0,5.625,0.0,0.0,0.0,0.0,0.0,0.0,0.0,5.625
2006,LAC,14,2,0,0.875,189,11.8125,AFC,West,True,True,0,False,False,-3.0,8.75,2.0,1.0,0.0,0.0,0.0,0.0,0.0,11.75
2006,LAR,8,8,0,0.5,-14,-0.875,NFC,West,False,False,0,False,False,,5.0,0.0,0.0,0.0,0.0,0.0,0.0,0.0,5.0
2006,MIA,6,10,0,0.375,-23,-1.4375,AFC,East,False,False,0,False,False,,3.75,0.0,0.0,0.0,0.0,0.0,0.0,0.0,3.75
2006,MIN,6,10,0,0.375,-45,-2.8125,NFC,North,False,False,0,False,False,,3.75,0.0,0.0,0.0,0.0,0.0,0.0,0.0,3.75
2006,NE,12,4,0,0.75,148,9.25,AFC,East,True,False,2,False,False,6.666666666666667,7.5,2.0,0.0,4.0,0.0,0.0,0.0,0.0,13.5
2006,NO,10,6,0,0.625,91,5.6875,NFC,South,True,False,1,False,False,-11.0,6.25,2.0,0.0,2.0,0.0,0.0,0.0,0.0,10.25
2006,NYG,8,8,0,0.5,-7,-0.4375,NFC,East,False,False,0,False,False,-3.0,5.0,0.0,0.0,0.0,0.0,0.0,0.0,0.0,5.0
2006,NYJ,10,6,0,0.625,21,1.3125,AFC,East,False,False,0,False,False,-21.0,6.25,0.0,0.0,0.0,0.0,0.0,0.0,0.0,6.25
2006,OAK,2,14,0,0.125,-164,-10.25,AFC,West,False,False,0,False,False,,1.25,0.0,0.0,0.0,0.0,0.0,0.0,0.0,1.25
2006,PHI,10,6,0,0.625,70,4.375,NFC,East,True,False,1,False,False,0.0,6.25,2.0,0.0,2.0,0.0,0.0,0.0,0.0,10.25
2006,PIT,8,8,0,0.5,38,2.375,AFC,North,False,False,0,False,False,,5.0,0.0,0.0,0.0,0.0,0.0,0.0,0.0,5.0
2006,SEA,9,7,0,0.5625,-6,-0.375,NFC,West,True,False,1,False,False,-1.0,5.625,2.0,0.0,2.0,0.0,0.0,0.0,0.0,9.625
2006,SF,7,9,0,0.4375,-114,-7.125,NFC,West,False,False,0,False,False,,4.375,0.0,0.0,0.0,0.0,0.0,0.0,0.0,4.375
2006,TB,4,12,0,0.25,-142,-8.875,NFC,South,False,False,0,False,False,,2.5,0.0,0.0,0.0,0.0,0.0,0.0,0.0,2.5
2006,TEN,8,8,0,0.5,-76,-4.75,AFC,South,False,False,0,False,False,,5.0,0.0,0.0,0.0,0.0,0.0,0.0,0.0,5.0
2006,WSH,5,11,0,0.3125,-69,-4.3125,NFC,East,False,False,0,False,False,,3.125,0.0,0.0,0.0,0.0,0.0,0.0,0.0,3.125
2007,ARI,8,8,0,0.5,5,0.3125,NFC,West,False,False,0,False,False,,5.0,0.0,0.0,0.0,0.0,0.0,0.0,0.0,5.0
2007,ATL,4,12,0,0.25,-155,-9.6875,NFC,South,False,False,0,False,False,,2.5,0.0,0.0,0.0,0.0,0.0,0.0,0.0,2.5
2007,BAL,5,11,0,0.3125,-109,-6.8125,AFC,North,False,False,0,False,False,,3.125,0.0,0.0,0.0,0.0,0.0,0.0,0.0,3.125
2007,BUF,7,9,0,0.4375,-102,-6.375,AFC,East,False,False,0,False,False,,4.375,0.0,0.0,0.0,0.0,0.0,0.0,0.0,4.375
2007,CAR,7,9,0,0.4375,-80,-5.0,NFC,South,False,False,0,False,False,,4.375,0.0,0.0,0.0,0.0,0.0,0.0,0.0,4.375
2007,CHI,7,9,0,0.4375,-14,-0.875,NFC,North,False,False,0,False,False,,4.375,0.0,0.0,0.0,0.0,0.0,0.0,0.0,4.375
2007,CIN,7,9,0,0.4375,-5,-0.3125,AFC,North,False,False,0,False,False,,4.375,0.0,0.0,0.0,0.0,0.0,0.0,0.0,4.375
2007,CLE,10,6,0,0.625,20,1.25,AFC,North,False,False,0,False,False,,6.25,0.0,0.0,0.0,0.0,0.0,0.0,0.0,6.25
2007,DAL,13,3,0,0.8125,130,8.125,NFC,East,True,False,0,False,False,-4.0,8.125,2.0,0.0,0.0,0.0,0.0,0.0,0.0,10.125
2007,DEN,7,9,0,0.4375,-89,-5.5625,AFC,West,False,False,0,False,False,,4.375,0.0,0.0,0.0,0.0,0.0,0.0,0.0,4.375
2007,DET,7,9,0,0.4375,-98,-6.125,NFC,North,False,False,0,False,False,,4.375,0.0,0.0,0.0,0.0,0.0,0.0,0.0,4.375
2007,GB,13,3,0,0.8125,144,9.0,NFC,North,True,True,1,False,False,9.5,8.125,2.0,1.0,2.0,0.0,0.0,0.0,0.0,13.125
2007,HOU,8,8,0,0.5,-5,-0.3125,AFC,South,False,False,0,False,False,,5.0,0.0,0.0,0.0,0.0,0.0,0.0,0.0,5.0
2007,IND,13,3,0,0.8125,188,11.75,AFC,South,True,False,0,False,False,-4.0,8.125,2.0,0.0,0.0,0.0,0.0,0.0,0.0,10.125
2007,JAX,11,5,0,0.6875,107,6.6875,AFC,South,False,False,1,False,False,-4.5,6.875,0.0,0.0,2.0,0.0,0.0,0.0,0.0,8.875
2007,KC,4,12,0,0.25,-109,-6.8125,AFC,West,False,False,0,False,False,,2.5,0.0,0.0,0.0,0.0,0.0,0.0,0.0,2.5
2007,LAC,11,5,0,0.6875,128,8.0,AFC,West,True,False,2,False,False,2.0,6.875,2.0,0.0,4.0,0.0,0.0,0.0,0.0,12.875
2007,LAR,3,13,0,0.1875,-175,-10.9375,NFC,West,False,False,0,False,False,,1.875,0.0,0.0,0.0,0.0,0.0,0.0,0.0,1.875
2007,MIA,1,15,0,0.0625,-170,-10.625,AFC,East,False,False,0,False,False,,0.625,0.0,0.0,0.0,0.0,0.0,0.0,0.0,0.625
2007,MIN,8,8,0,0.5,54,3.375,NFC,North,False,False,0,False,False,,5.0,0.0,0.0,0.0,0.0,0.0,0.0,0.0,5.0
2007,NE,16,0,0,1.0,315,19.6875,AFC,East,True,True,2,True,False,5.666666666666667,10.0,2.0,1.0,4.0,4.0,0.0,3.0,0.0,24.0
2007,NO,7,9,0,0.4375,-9,-0.5625,NFC,South,False,False,0,False,False,,4.375,0.0,0.0,0.0,0.0,0.0,0.0,0.0,4.375
2007,NYG,10,6,0,0.625,22,1.375,NFC,East,False,False,4,True,True,5.0,6.25,0.0,0.0,6.0,4.0,6.0,0.0,0.0,22.25
2007,NYJ,4,12,0,0.25,-87,-5.4375,AFC,East,False,False,0,False,False,,2.5,0.0,0.0,0.0,0.0,0.0,0.0,0.0,2.5
2007,OAK,4,12,0,0.25,-115,-7.1875,AFC,West,False,False,0,False,False,,2.5,0.0,0.0,0.0,0.0,0.0,0.0,0.0,2.5
2007,PHI,8,8,0,0.5,36,2.25,NFC,East,False,False,0,False,False,,5.0,0.0,0.0,0.0,0.0,0.0,0.0,0.0,5.0
2007,PIT,10,6,0,0.625,124,7.75,AFC,North,True,False,0,False,False,-2.0,6.25,2.0,0.0,0.0,0.0,0.0,0.0,0.0,8.25
2007,SEA,10,6,0,0.625,102,6.375,NFC,West,True,False,1,False,False,-0.5,6.25,2.0,0.0,2.0,0.0,0.0,0.0,0.0,10.25
2007,SF,5,11,0,0.3125,-145,-9.0625,NFC,West,False,False,0,False,False,,3.125,0.0,0.0,0.0,0.0,0.0,0.0,0.0,3.125
2007,TB,9,7,0,0.5625,64,4.0,NFC,South,True,False,0,False,False,-10.0,5.625,2.0,0.0,0.0,0.0,0.0,0.0,0.0,7.625
2007,TEN,10,6,0,0.625,4,0.25,AFC,South,False,False,0,False,False,-11.0,6.25,0.0,0.0,0.0,0.0,0.0,0.0,0.0,6.25
2007,WSH,9,7,0,0.5625,24,1.5,NFC,East,False,False,0,False,False,-21.0,5.625,0.0,0.0,0.0,0.0,0.0,0.0,0.0,5.625
2008,ARI,9,7,0,0.5625,1,0.0625,NFC,West,True,False,3,True,False,7.25,5.625,2.0,0.0,6.0,4.0,0.0,0.0,0.0,17.625
2008,ATL,11,5,0,0.6875,66,4.125,NFC,South,False,False,0,False,False,-6.0,6.875,0.0,0.0,0.0,0.0,0.0,0.0,0.0,6.875
2008,BAL,11,5,0,0.6875,141,8.8125,AFC,North,False,False,2,False,False,4.0,6.875,0.0,0.0,4.0,0.0,0.0,0.0,0.0,10.875
2008,BUF,7,9,0,0.4375,-6,-0.375,AFC,East,False,False,0,False,False,,4.375,0.0,0.0,0.0,0.0,0.0,0.0,0.0,4.375
2008,CAR,12,4,0,0.75,85,5.3125,NFC,South,True,False,0,False,False,-20.0,7.5,2.0,0.0,0.0,0.0,0.0,0.0,0.0,9.5
2008,CHI,9,7,0,0.5625,25,1.5625,NFC,North,False,False,0,False,False,,5.625,0.0,0.0,0.0,0.0,0.0,0.0,0.0,5.625
2008,CIN,4,11,1,0.28125,-160,-10.0,AFC,North,False,False,0,False,False,,2.8125,0.0,0.0,0.0,0.0,0.0,0.0,0.0,2.8125
2008,CLE,4,12,0,0.25,-118,-7.375,AFC,North,False,False,0,False,False,,2.5,0.0,0.0,0.0,0.0,0.0,0.0,0.0,2.5
2008,DAL,9,7,0,0.5625,-3,-0.1875,NFC,East,False,False,0,False,False,,5.625,0.0,0.0,0.0,0.0,0.0,0.0,0.0,5.625
2008,DEN,8,8,0,0.5,-78,-4.875,AFC,West,False,False,0,False,False,,5.0,0.0,0.0,0.0,0.0,0.0,0.0,0.0,5.0
2008,DET,0,16,0,0.0,-249,-15.5625,NFC,North,False,False,0,False,False,,0.0,0.0,0.0,0.0,0.0,0.0,0.0,0.0,0.0
2008,GB,6,10,0,0.375,39,2.4375,NFC,North,False,False,0,False,False,,3.75,0.0,0.0,0.0,0.0,0.0,0.0,0.0,3.75
2008,HOU,8,8,0,0.5,-28,-1.75,AFC,South,False,False,0,False,False,,5.0,0.0,0.0,0.0,0.0,0.0,0.0,0.0,5.0
2008,IND,12,4,0,0.75,79,4.9375,AFC,South,False,False,0,False,False,-6.0,7.5,0.0,0.0,0.0,0.0,0.0,0.0,0.0,7.5
2008,JAX,5,11,0,0.3125,-65,-4.0625,AFC,South,False,False,0,False,False,,3.125,0.0,0.0,0.0,0.0,0.0,0.0,0.0,3.125
2008,KC,2,14,0,0.125,-149,-9.3125,AFC,West,False,False,0,False,False,,1.25,0.0,0.0,0.0,0.0,0.0,0.0,0.0,1.25
2008,LAC,8,8,0,0.5,92,5.75,AFC,West,True,False,1,False,False,-2.5,5.0,2.0,0.0,2.0,0.0,0.0,0.0,0.0,9.0
2008,LAR,2,14,0,0.125,-233,-14.5625,NFC,West,False,False,0,False,False,,1.25,0.0,0.0,0.0,0.0,0.0,0.0,0.0,1.25
2008,MIA,11,5,0,0.6875,28,1.75,AFC,East,False,False,0,False,False,-18.0,6.875,0.0,0.0,0.0,0.0,0.0,0.0,0.0,6.875
2008,MIN,10,6,0,0.625,46,2.875,NFC,North,True,False,0,False,False,-12.0,6.25,2.0,0.0,0.0,0.0,0.0,0.0,0.0,8.25
2008,NE,11,5,0,0.6875,101,6.3125,AFC,East,True,False,0,False,False,,6.875,2.0,0.0,0.0,0.0,0.0,0.0,0.0,8.875
2008,NO,8,8,0,0.5,70,4.375,NFC,South,False,False,0,False,False,,5.0,0.0,0.0,0.0,0.0,0.0,0.0,0.0,5.0
2008,NYG,12,4,0,0.75,133,8.3125,NFC,East,True,True,0,False,False,-12.0,7.5,2.0,1.0,0.0,0.0,0.0,0.0,0.0,10.5
2008,NYJ,9,7,0,0.5625,49,3.0625,AFC,East,False,False,0,False,False,,5.625,0.0,0.0,0.0,0.0,0.0,0.0,0.0,5.625
2008,OAK,5,11,0,0.3125,-125,-7.8125,AFC,West,False,False,0,False,False,,3.125,0.0,0.0,0.0,0.0,0.0,0.0,0.0,3.125
2008,PHI,9,6,1,0.59375,127,7.9375,NFC,East,False,False,2,False,False,5.666666666666667,5.9375,0.0,0.0,4.0,0.0,0.0,0.0,0.0,9.9375
2008,PIT,12,4,0,0.75,124,7.75,AFC,North,True,False,3,True,True,8.0,7.5,2.0,0.0,4.0,4.0,6.0,0.0,0.0,23.5
2008,SEA,4,12,0,0.25,-98,-6.125,NFC,West,False,False,0,False,False,,2.5,0.0,0.0,0.0,0.0,0.0,0.0,0.0,2.5
2008,SF,7,9,0,0.4375,-42,-2.625,NFC,West,False,False,0,False,False,,4.375,0.0,0.0,0.0,0.0,0.0,0.0,0.0,4.375
2008,TB,9,7,0,0.5625,38,2.375,NFC,South,False,False,0,False,False,,5.625,0.0,0.0,0.0,0.0,0.0,0.0,0.0,5.625
2008,TEN,13,3,0,0.8125,141,8.8125,AFC,South,True,True,0,False,False,-3.0,8.125,2.0,1.0,0.0,0.0,0.0,0.0,0.0,11.125
2008,WSH,8,8,0,0.5,-31,-1.9375,NFC,East,False,False,0,False,False,,5.0,0.0,0.0,0.0,0.0,0.0,0.0,0.0,5.0
2009,ARI,10,6,0,0.625,50,3.125,NFC,West,True,False,1,False,False,-12.5,6.25,2.0,0.0,2.0,0.0,0.0,0.0,0.0,10.25
2009,ATL,9,7,0,0.5625,38,2.375,NFC,South,False,False,0,False,False,,5.625,0.0,0.0,0.0,0.0,0.0,0.0,0.0,5.625
2009,BAL,9,7,0,0.5625,130,8.125,AFC,North,False,False,1,False,False,1.0,5.625,0.0,0.0,2.0,0.0,0.0,0.0,0.0,7.625
2009,BUF,6,10,0,0.375,-68,-4.25,AFC,East,False,False,0,False,False,,3.75,0.0,0.0,0.0,0.0,0.0,0.0,0.0,3.75
2009,CAR,8,8,0,0.5,7,0.4375,NFC,South,False,False,0,False,False,,5.0,0.0,0.0,0.0,0.0,0.0,0.0,0.0,5.0
2009,CHI,7,9,0,0.4375,-48,-3.0,NFC,North,False,False,0,False,False,,4.375,0.0,0.0,0.0,0.0,0.0,0.0,0.0,4.375
2009,CIN,10,6,0,0.625,14,0.875,AFC,North,True,False,0,False,False,-10.0,6.25,2.0,0.0,0.0,0.0,0.0,0.0,0.0,8.25
2009,CLE,5,11,0,0.3125,-130,-8.125,AFC,North,False,False,0,False,False,,3.125,0.0,0.0,0.0,0.0,0.0,0.0,0.0,3.125
2009,DAL,11,5,0,0.6875,111,6.9375,NFC,East,True,False,1,False,False,-5.5,6.875,2.0,0.0,2.0,0.0,0.0,0.0,0.0,10.875
2009,DEN,8,8,0,0.5,2,0.125,AFC,West,False,False,0,False,False,,5.0,0.0,0.0,0.0,0.0,0.0,0.0,0.0,5.0
2009,DET,2,14,0,0.125,-232,-14.5,NFC,North,False,False,0,False,False,,1.25,0.0,0.0,0.0,0.0,0.0,0.0,0.0,1.25
2009,GB,11,5,0,0.6875,164,10.25,NFC,North,False,False,0,False,False,-6.0,6.875,0.0,0.0,0.0,0.0,0.0,0.0,0.0,6.875
2009,HOU,9,7,0,0.5625,55,3.4375,AFC,South,False,False,0,False,False,,5.625,0.0,0.0,0.0,0.0,0.0,0.0,0.0,5.625
2009,IND,14,2,0,0.875,109,6.8125,AFC,South,True,True,2,True,False,5.333333333333333,8.75,2.0,1.0,4.0,4.0,0.0,0.0,0.0,19.75
2009,JAX,7,9,0,0.4375,-90,-5.625,AFC,South,False,False,0,False,False,,4.375,0.0,0.0,0.0,0.0,0.0,0.0,0.0,4.375
2009,KC,4,12,0,0.25,-130,-8.125,AFC,West,False,False,0,False,False,,2.5,0.0,0.0,0.0,0.0,0.0,0.0,0.0,2.5
2009,LAC,13,3,0,0.8125,134,8.375,AFC,West,True,False,0,False,False,-3.0,8.125,2.0,0.0,0.0,0.0,0.0,0.0,0.0,10.125
2009,LAR,1,15,0,0.0625,-261,-16.3125,NFC,West,False,False,0,False,False,,0.625,0.0,0.0,0.0,0.0,0.0,0.0,0.0,0.625
2009,MIA,7,9,0,0.4375,-30,-1.875,AFC,East,False,False,0,False,False,,4.375,0.0,0.0,0.0,0.0,0.0,0.0,0.0,4.375
2009,MIN,12,4,0,0.75,158,9.875,NFC,North,True,False,1,False,False,14.0,7.5,2.0,0.0,2.0,0.0,0.0,0.0,1.0,12.5
2009,NE,10,6,0,0.625,142,8.875,AFC,East,True,False,0,False,False,-19.0,6.25,2.0,0.0,0.0,0.0,0.0,0.0,0.0,8.25
2009,NO,13,3,0,0.8125,169,10.5625,NFC,South,True,True,3,True,True,16.0,8.125,2.0,1.0,4.0,4.0,6.0,0.0,1.0,26.125
2009,NYG,8,8,0,0.5,-25,-1.5625,NFC,East,False,False,0,False,False,,5.0,0.0,0.0,0.0,0.0,0.0,0.0,0.0,5.0
2009,NYJ,9,7,0,0.5625,112,7.0,AFC,East,False,False,2,False,False,0.0,5.625,0.0,0.0,4.0,0.0,0.0,0.0,0.0,9.625
2009,OAK,5,11,0,0.3125,-182,-11.375,AFC,West,False,False,0,False,False,,3.125,0.0,0.0,0.0,0.0,0.0,0.0,0.0,3.125
2009,PHI,11,5,0,0.6875,92,5.75,NFC,East,False,False,0,False,False,-20.0,6.875,0.0,0.0,0.0,0.0,0.0,0.0,0.0,6.875
2009,PIT,9,7,0,0.5625,44,2.75,AFC,North,False,False,0,False,False,,5.625,0.0,0.0,0.0,0.0,0.0,0.0,0.0,5.625
2009,SEA,5,11,0,0.3125,-110,-6.875,NFC,West,False,False,0,False,False,,3.125,0.0,0.0,0.0,0.0,0.0,0.0,0.0,3.125
2009,SF,8,8,0,0.5,49,3.0625,NFC,West,False,False,0,False,False,,5.0,0.0,0.0,0.0,0.0,0.0,0.0,0.0,5.0
2009,TB,3,13,0,0.1875,-156,-9.75,NFC,South,False,False,0,False,False,,1.875,0.0,0.0,0.0,0.0,0.0,0.0,0.0,1.875
2009,TEN,8,8,0,0.5,-48,-3.0,AFC,South,False,False,0,False,False,,5.0,0.0,0.0,0.0,0.0,0.0,0.0,0.0,5.0
2009,WSH,4,12,0,0.25,-70,-4.375,NFC,East,False,False,0,False,False,,2.5,0.0,0.0,0.0,0.0,0.0,0.0,0.0,2.5
2010,ARI,5,11,0,0.3125,-145,-9.0625,NFC,West,False,False,0,False,False,,3.125,0.0,0.0,0.0,0.0,0.0,0.0,0.0,3.125
2010,ATL,13,3,0,0.8125,126,7.875,NFC,South,True,True,0,False,False,-27.0,8.125,2.0,1.0,0.0,0.0,0.0,0.0,0.0,11.125
2010,BAL,12,4,0,0.75,87,5.4375,AFC,North,False,False,1,False,False,8.0,7.5,0.0,0.0,2.0,0.0,0.0,0.0,0.0,9.5
2010,BUF,4,12,0,0.25,-142,-8.875,AFC,East,False,False,0,False,False,,2.5,0.0,0.0,0.0,0.0,0.0,0.0,0.0,2.5
2010,CAR,2,14,0,0.125,-212,-13.25,NFC,South,False,False,0,False,False,,1.25,0.0,0.0,0.0,0.0,0.0,0.0,0.0,1.25
2010,CHI,11,5,0,0.6875,48,3.0,NFC,North,True,False,1,False,False,2.0,6.875,2.0,0.0,2.0,0.0,0.0,0.0,0.0,10.875
2010,CIN,4,12,0,0.25,-73,-4.5625,AFC,North,False,False,0,False,False,,2.5,0.0,0.0,0.0,0.0,0.0,0.0,0.0,2.5
2010,CLE,5,11,0,0.3125,-61,-3.8125,AFC,North,False,False,0,False,False,,3.125,0.0,0.0,0.0,0.0,0.0,0.0,0.0,3.125
2010,DAL,6,10,0,0.375,-42,-2.625,NFC,East,False,False,0,False,False,,3.75,0.0,0.0,0.0,0.0,0.0,0.0,0.0,3.75
2010,DEN,4,12,0,0.25,-127,-7.9375,AFC,West,False,False,0,False,False,,2.5,0.0,0.0,0.0,0.0,0.0,0.0,0.0,2.5
2010,DET,6,10,0,0.375,-7,-0.4375,NFC,North,False,False,0,False,False,,3.75,0.0,0.0,0.0,0.0,0.0,0.0,0.0,3.75
2010,GB,10,6,0,0.625,148,9.25,NFC,North,False,False,4,True,True,11.25,6.25,0.0,0.0,6.0,4.0,6.0,0.0,1.0,23.25
2010,HOU,6,10,0,0.375,-37,-2.3125,AFC,South,False,False,0,False,False,,3.75,0.0,0.0,0.0,0.0,0.0,0.0,0.0,3.75
2010,IND,10,6,0,0.625,47,2.9375,AFC,South,True,False,0,False,False,-1.0,6.25,2.0,0.0,0.0,0.0,0.0,0.0,0.0,8.25
2010,JAX,8,8,0,0.5,-66,-4.125,AFC,South,False,False,0,False,False,,5.0,0.0,0.0,0.0,0.0,0.0,0.0,0.0,5.0
2010,KC,10,6,0,0.625,40,2.5,AFC,West,True,False,0,False,False,-23.0,6.25,2.0,0.0,0.0,0.0,0.0,0.0,0.0,8.25
2010,LAC,9,7,0,0.5625,119,7.4375,AFC,West,False,False,0,False,False,,5.625,0.0,0.0,0.0,0.0,0.0,0.0,0.0,5.625
2010,LAR,7,9,0,0.4375,-39,-2.4375,NFC,West,True,False,0,False,False,,4.375,2.0,0.0,0.0,0.0,0.0,0.0,0.0,6.375
2010,MIA,7,9,0,0.4375,-60,-3.75,AFC,East,False,False,0,False,False,,4.375,0.0,0.0,0.0,0.0,0.0,0.0,0.0,4.375
2010,MIN,6,10,0,0.375,-67,-4.1875,NFC,North,False,False,0,False,False,,3.75,0.0,0.0,0.0,0.0,0.0,0.0,0.0,3.75
2010,NE,14,2,0,0.875,205,12.8125,AFC,East,True,True,0,False,False,-7.0,8.75,2.0,1.0,0.0,0.0,0.0,0.0,0.0,11.75
2010,NO,11,5,0,0.6875,77,4.8125,NFC,South,False,False,0,False,False,-5.0,6.875,0.0,0.0,0.0,0.0,0.0,0.0,0.0,6.875
2010,NYG,10,6,0,0.625,47,2.9375,NFC,East,False,False,0,False,False,,6.25,0.0,0.0,0.0,0.0,0.0,0.0,0.0,6.25
2010,NYJ,11,5,0,0.6875,63,3.9375,AFC,East,False,False,2,False,False,1.0,6.875,0.0,0.0,4.0,0.0,0.0,0.0,0.0,10.875
2010,OAK,8,8,0,0.5,39,2.4375,AFC,West,False,False,0,False,False,,5.0,0.0,0.0,0.0,0.0,0.0,0.0,0.0,5.0
2010,PHI,10,6,0,0.625,62,3.875,NFC,East,True,False,0,False,False,-5.0,6.25,2.0,0.0,0.0,0.0,0.0,0.0,0.0,8.25
2010,PIT,12,4,0,0.75,143,8.9375,AFC,North,True,False,2,True,False,2.0,7.5,2.0,0.0,4.0,4.0,0.0,0.0,0.0,17.5
2010,SEA,7,9,0,0.4375,-97,-6.0625,NFC,West,False,False,1,False,False,-3.0,4.375,0.0,0.0,2.0,0.0,0.0,0.0,0.0,6.375
2010,SF,6,10,0,0.375,-41,-2.5625,NFC,West,False,False,0,False,False,,3.75,0.0,0.0,0.0,0.0,0.0,0.0,0.0,3.75
2010,TB,10,6,0,0.625,23,1.4375,NFC,South,False,False,0,False,False,,6.25,0.0,0.0,0.0,0.0,0.0,0.0,0.0,6.25
2010,TEN,6,10,0,0.375,17,1.0625,AFC,South,False,False,0,False,False,,3.75,0.0,0.0,0.0,0.0,0.0,0.0,0.0,3.75
2010,WSH,6,10,0,0.375,-75,-4.6875,NFC,East,False,False,0,False,False,,3.75,0.0,0.0,0.0,0.0,0.0,0.0,0.0,3.75
2011,ARI,8,8,0,0.5,-36,-2.25,NFC,West,False,False,0,False,False,,5.0,0.0,0.0,0.0,0.0,0.0,0.0,0.0,5.0
2011,ATL,10,6,0,0.625,52,3.25,NFC,South,False,False,0,False,False,-22.0,6.25,0.0,0.0,0.0,0.0,0.0,0.0,0.0,6.25
2011,BAL,12,4,0,0.75,112,7.0,AFC,North,True,False,1,False,False,2.0,7.5,2.0,0.0,2.0,0.0,0.0,0.0,0.0,11.5
2011,BUF,6,10,0,0.375,-62,-3.875,AFC,East,False,False,0,False,False,,3.75,0.0,0.0,0.0,0.0,0.0,0.0,0.0,3.75
2011,CAR,6,10,0,0.375,-23,-1.4375,NFC,South,False,False,0,False,False,,3.75,0.0,0.0,0.0,0.0,0.0,0.0,0.0,3.75
2011,CHI,8,8,0,0.5,12,0.75,NFC,North,False,False,0,False,False,,5.0,0.0,0.0,0.0,0.0,0.0,0.0,0.0,5.0
2011,CIN,9,7,0,0.5625,21,1.3125,AFC,North,False,False,0,False,False,-21.0,5.625,0.0,0.0,0.0,0.0,0.0,0.0,0.0,5.625
2011,CLE,4,12,0,0.25,-89,-5.5625,AFC,North,False,False,0,False,False,,2.5,0.0,0.0,0.0,0.0,0.0,0.0,0.0,2.5
2011,DAL,8,8,0,0.5,22,1.375,NFC,East,False,False,0,False,False,,5.0,0.0,0.0,0.0,0.0,0.0,0.0,0.0,5.0
2011,DEN,8,8,0,0.5,-81,-5.0625,AFC,West,False,False,1,False,False,-14.5,5.0,0.0,0.0,2.0,0.0,0.0,0.0,0.0,7.0
2011,DET,10,6,0,0.625,87,5.4375,NFC,North,False,False,0,False,False,-17.0,6.25,0.0,0.0,0.0,0.0,0.0,0.0,0.0,6.25
2011,GB,15,1,0,0.9375,201,12.5625,NFC,North,True,True,0,False,False,-17.0,9.375,2.0,1.0,0.0,0.0,0.0,0.0,0.0,12.375
2011,HOU,10,6,0,0.625,103,6.4375,AFC,South,True,False,1,False,False,7.0,6.25,2.0,0.0,2.0,0.0,0.0,0.0,0.0,10.25
2011,IND,2,14,0,0.125,-187,-11.6875,AFC,South,False,False,0,False,False,,1.25,0.0,0.0,0.0,0.0,0.0,0.0,0.0,1.25
2011,JAX,5,11,0,0.3125,-86,-5.375,AFC,South,False,False,0,False,False,,3.125,0.0,0.0,0.0,0.0,0.0,0.0,0.0,3.125
2011,KC,7,9,0,0.4375,-126,-7.875,AFC,West,False,False,0,False,False,,4.375,0.0,0.0,0.0,0.0,0.0,0.0,0.0,4.375
2011,LAC,8,8,0,0.5,29,1.8125,AFC,West,True,False,0,False,False,,5.0,2.0,0.0,0.0,0.0,0.0,0.0,0.0,7.0
2011,LAR,2,14,0,0.125,-214,-13.375,NFC,West,False,False,0,False,False,,1.25,0.0,0.0,0.0,0.0,0.0,0.0,0.0,1.25
2011,MIA,6,10,0,0.375,16,1.0,AFC,East,False,False,0,False,False,,3.75,0.0,0.0,0.0,0.0,0.0,0.0,0.0,3.75
2011,MIN,3,13,0,0.1875,-109,-6.8125,NFC,North,False,False,0,False,False,,1.875,0.0,0.0,0.0,0.0,0.0,0.0,0.0,1.875
2011,NE,13,3,0,0.8125,171,10.6875,AFC,East,True,True,2,True,False,11.333333333333334,8.125,2.0,1.0,4.0,4.0,0.0,0.0,1.0,20.125
2011,NO,13,3,0,0.8125,208,13.0,NFC,South,True,False,1,False,False,6.5,8.125,2.0,0.0,2.0,0.0,0.0,0.0,0.0,12.125
2011,NYG,9,7,0,0.5625,-6,-0.375,NFC,East,True,False,4,True,True,11.5,5.625,2.0,0.0,6.0,4.0,6.0,0.0,1.0,24.625
2011,NYJ,8,8,0,0.5,14,0.875,AFC,East,False,False,0,False,False,,5.0,0.0,0.0,0.0,0.0,0.0,0.0,0.0,5.0
2011,OAK,8,8,0,0.5,-74,-4.625,AFC,West,False,False,0,False,False,,5.0,0.0,0.0,0.0,0.0,0.0,0.0,0.0,5.0
2011,PHI,8,8,0,0.5,68,4.25,NFC,East,False,False,0,False,False,,5.0,0.0,0.0,0.0,0.0,0.0,0.0,0.0,5.0
2011,PIT,12,4,0,0.75,98,6.125,AFC,North,False,False,0,False,False,-6.0,7.5,0.0,0.0,0.0,0.0,0.0,0.0,0.0,7.5
2011,SEA,7,9,0,0.4375,6,0.375,NFC,West,False,False,0,False,False,,4.375,0.0,0.0,0.0,0.0,0.0,0.0,0.0,4.375
2011,SF,13,3,0,0.8125,151,9.4375,NFC,West,True,False,1,False,False,0.5,8.125,2.0,0.0,2.0,0.0,0.0,0.0,0.0,12.125
2011,TB,4,12,0,0.25,-207,-12.9375,NFC,South,False,False,0,False,False,,2.5,0.0,0.0,0.0,0.0,0.0,0.0,0.0,2.5
2011,TEN,9,7,0,0.5625,8,0.5,AFC,South,False,False,0,False,False,,5.625,0.0,0.0,0.0,0.0,0.0,0.0,0.0,5.625
2011,WSH,5,11,0,0.3125,-79,-4.9375,NFC,East,False,False,0,False,False,,3.125,0.0,0.0,0.0,0.0,0.0,0.0,0.0,3.125
2012,ARI,5,11,0,0.3125,-107,-6.6875,NFC,West,False,False,0,False,False,,3.125,0.0,0.0,0.0,0.0,0.0,0.0,0.0,3.125
2012,ATL,13,3,0,0.8125,120,7.5,NFC,South,True,True,1,False,False,-1.0,8.125,2.0,1.0,2.0,0.0,0.0,0.0,0.0,13.125
2012,BAL,10,6,0,0.625,54,3.375,AFC,North,False,False,4,True,True,9.0,6.25,0.0,0.0,6.0,4.0,6.0,0.0,0.0,22.25
2012,BUF,6,10,0,0.375,-91,-5.6875,AFC,East,False,False,0,False,False,,3.75,0.0,0.0,0.0,0.0,0.0,0.0,0.0,3.75
2012,CAR,7,9,0,0.4375,-6,-0.375,NFC,South,False,False,0,False,False,,4.375,0.0,0.0,0.0,0.0,0.0,0.0,0.0,4.375
2012,CHI,10,6,0,0.625,98,6.125,NFC,North,False,False,0,False,False,,6.25,0.0,0.0,0.0,0.0,0.0,0.0,0.0,6.25
2012,CIN,10,6,0,0.625,71,4.4375,AFC,North,True,False,0,False,False,-6.0,6.25,2.0,0.0,0.0,0.0,0.0,0.0,0.0,8.25
2012,CLE,5,11,0,0.3125,-66,-4.125,AFC,North,False,False,0,False,False,,3.125,0.0,0.0,0.0,0.0,0.0,0.0,0.0,3.125
2012,DAL,8,8,0,0.5,-24,-1.5,NFC,East,False,False,0,False,False,,5.0,0.0,0.0,0.0,0.0,0.0,0.0,0.0,5.0
2012,DEN,13,3,0,0.8125,192,12.0,AFC,West,True,True,0,False,False,-3.0,8.125,2.0,1.0,0.0,0.0,0.0,0.0,0.0,11.125
2012,DET,4,12,0,0.25,-65,-4.0625,NFC,North,False,False,0,False,False,,2.5,0.0,0.0,0.0,0.0,0.0,0.0,0.0,2.5
2012,GB,11,5,0,0.6875,97,6.0625,NFC,North,True,False,1,False,False,0.0,6.875,2.0,0.0,2.0,0.0,0.0,0.0,0.0,10.875
2012,HOU,12,4,0,0.75,85,5.3125,AFC,South,True,False,1,False,False,-3.5,7.5,2.0,0.0,2.0,0.0,0.0,0.0,0.0,11.5
2012,IND,11,5,0,0.6875,-30,-1.875,AFC,South,False,False,0,False,False,-15.0,6.875,0.0,0.0,0.0,0.0,0.0,0.0,0.0,6.875
2012,JAX,2,14,0,0.125,-189,-11.8125,AFC,South,False,False,0,False,False,,1.25,0.0,0.0,0.0,0.0,0.0,0.0,0.0,1.25
2012,KC,2,14,0,0.125,-214,-13.375,AFC,West,False,False,0,False,False,,1.25,0.0,0.0,0.0,0.0,0.0,0.0,0.0,1.25
2012,LAC,7,9,0,0.4375,0,0.0,AFC,West,False,False,0,False,False,,4.375,0.0,0.0,0.0,0.0,0.0,0.0,0.0,4.375
2012,LAR,7,8,1,0.46875,-49,-3.0625,NFC,West,False,False,0,False,False,,4.6875,0.0,0.0,0.0,0.0,0.0,0.0,0.0,4.6875
2012,MIA,7,9,0,0.4375,-29,-1.8125,AFC,East,False,False,0,False,False,,4.375,0.0,0.0,0.0,0.0,0.0,0.0,0.0,4.375
2012,MIN,10,6,0,0.625,31,1.9375,NFC,North,False,False,0,False,False,-14.0,6.25,0.0,0.0,0.0,0.0,0.0,0.0,0.0,6.25
2012,NE,12,4,0,0.75,226,14.125,AFC,East,True,False,1,False,False,-1.0,7.5,2.0,0.0,2.0,0.0,0.0,0.0,0.0,11.5
2012,NO,7,9,0,0.4375,7,0.4375,NFC,South,False,False,0,False,False,,4.375,0.0,0.0,0.0,0.0,0.0,0.0,0.0,4.375
2012,NYG,9,7,0,0.5625,85,5.3125,NFC,East,False,False,0,False,False,,5.625,0.0,0.0,0.0,0.0,0.0,0.0,0.0,5.625
2012,NYJ,6,10,0,0.375,-94,-5.875,AFC,East,False,False,0,False,False,,3.75,0.0,0.0,0.0,0.0,0.0,0.0,0.0,3.75
2012,OAK,4,12,0,0.25,-153,-9.5625,AFC,West,False,False,0,False,False,,2.5,0.0,0.0,0.0,0.0,0.0,0.0,0.0,2.5
2012,PHI,4,12,0,0.25,-164,-10.25,NFC,East,False,False,0,False,False,,2.5,0.0,0.0,0.0,0.0,0.0,0.0,0.0,2.5
2012,PIT,8,8,0,0.5,22,1.375,AFC,North,False,False,0,False,False,,5.0,0.0,0.0,0.0,0.0,0.0,0.0,0.0,5.0
2012,SEA,11,5,0,0.6875,167,10.4375,NFC,West,False,False,1,False,False,4.0,6.875,0.0,0.0,2.0,0.0,0.0,0.0,0.0,8.875
2012,SF,11,4,1,0.71875,124,7.75,NFC,West,True,False,2,True,False,5.0,7.1875,2.0,0.0,4.0,4.0,0.0,0.0,0.0,17.1875
2012,TB,7,9,0,0.4375,-5,-0.3125,NFC,South,False,False,0,False,False,,4.375,0.0,0.0,0.0,0.0,0.0,0.0,0.0,4.375
2012,TEN,6,10,0,0.375,-141,-8.8125,AFC,South,False,False,0,False,False,,3.75,0.0,0.0,0.0,0.0,0.0,0.0,0.0,3.75
2012,WSH,10,6,0,0.625,48,3.0,NFC,East,True,False,0,False,False,-10.0,6.25,2.0,0.0,0.0,0.0,0.0,0.0,0.0,8.25
2013,ARI,10,6,0,0.625,55,3.4375,NFC,West,False,False,0,False,False,,6.25,0.0,0.0,0.0,0.0,0.0,0.0,0.0,6.25
2013,ATL,4,12,0,0.25,-90,-5.625,NFC,South,False,False,0,False,False,,2.5,0.0,0.0,0.0,0.0,0.0,0.0,0.0,2.5
2013,BAL,8,8,0,0.5,-32,-2.0,AFC,North,False,False,0,False,False,,5.0,0.0,0.0,0.0,0.0,0.0,0.0,0.0,5.0
2013,BUF,6,10,0,0.375,-49,-3.0625,AFC,East,False,False,0,False,False,,3.75,0.0,0.0,0.0,0.0,0.0,0.0,0.0,3.75
2013,CAR,12,4,0,0.75,125,7.8125,NFC,South,True,False,0,False,False,-13.0,7.5,2.0,0.0,0.0,0.0,0.0,0.0,0.0,9.5
2013,CHI,8,8,0,0.5,-33,-2.0625,NFC,North,False,False,0,False,False,,5.0,0.0,0.0,0.0,0.0,0.0,0.0,0.0,5.0
2013,CIN,11,5,0,0.6875,125,7.8125,AFC,North,True,False,0,False,False,-17.0,6.875,2.0,0.0,0.0,0.0,0.0,0.0,0.0,8.875
2013,CLE,4,12,0,0.25,-98,-6.125,AFC,North,False,False,0,False,False,,2.5,0.0,0.0,0.0,0.0,0.0,0.0,0.0,2.5
2013,DAL,8,8,0,0.5,7,0.4375,NFC,East,False,False,0,False,False,,5.0,0.0,0.0,0.0,0.0,0.0,0.0,0.0,5.0
2013,DEN,13,3,0,0.8125,207,12.9375,AFC,West,True,True,2,True,False,-6.0,8.125,2.0,1.0,4.0,4.0,0.0,0.0,0.0,19.125
2013,DET,7,9,0,0.4375,19,1.1875,NFC,North,False,False,0,False,False,,4.375,0.0,0.0,0.0,0.0,0.0,0.0,0.0,4.375
2013,GB,8,7,1,0.53125,-11,-0.6875,NFC,North,True,False,0,False,False,-3.0,5.3125,2.0,0.0,0.0,0.0,0.0,0.0,0.0,7.3125
2013,HOU,2,14,0,0.125,-152,-9.5,AFC,South,False,False,0,False,False,,1.25,0.0,0.0,0.0,0.0,0.0,0.0,0.0,1.25
2013,IND,11,5,0,0.6875,55,3.4375,AFC,South,True,False,1,False,False,-10.0,6.875,2.0,0.0,2.0,0.0,0.0,0.0,0.0,10.875
2013,JAX,4,12,0,0.25,-202,-12.625,AFC,South,False,False,0,False,False,,2.5,0.0,0.0,0.0,0.0,0.0,0.0,0.0,2.5
2013,KC,11,5,0,0.6875,125,7.8125,AFC,West,False,False,0,False,False,-1.0,6.875,0.0,0.0,0.0,0.0,0.0,0.0,0.0,6.875
2013,LAC,9,7,0,0.5625,48,3.0,AFC,West,False,False,1,False,False,5.0,5.625,0.0,0.0,2.0,0.0,0.0,0.0,0.0,7.625
2013,LAR,7,9,0,0.4375,-16,-1.0,NFC,West,False,False,0,False,False,,4.375,0.0,0.0,0.0,0.0,0.0,0.0,0.0,4.375
2013,MIA,8,8,0,0.5,-18,-1.125,AFC,East,False,False,0,False,False,,5.0,0.0,0.0,0.0,0.0,0.0,0.0,0.0,5.0
2013,MIN,5,10,1,0.34375,-89,-5.5625,NFC,North,False,False,0,False,False,,3.4375,0.0,0.0,0.0,0.0,0.0,0.0,0.0,3.4375
2013,NE,12,4,0,0.75,106,6.625,AFC,East,True,False,1,False,False,5.5,7.5,2.0,0.0,2.0,0.0,0.0,0.0,0.0,11.5
2013,NO,11,5,0,0.6875,110,6.875,NFC,South,False,False,1,False,False,-3.0,6.875,0.0,0.0,2.0,0.0,0.0,0.0,0.0,8.875
2013,NYG,7,9,0,0.4375,-89,-5.5625,NFC,East,False,False,0,False,False,,4.375,0.0,0.0,0.0,0.0,0.0,0.0,0.0,4.375
2013,NYJ,8,8,0,0.5,-97,-6.0625,AFC,East,False,False,0,False,False,,5.0,0.0,0.0,0.0,0.0,0.0,0.0,0.0,5.0
2013,OAK,4,12,0,0.25,-131,-8.1875,AFC,West,False,False,0,False,False,,2.5,0.0,0.0,0.0,0.0,0.0,0.0,0.0,2.5
2013,PHI,10,6,0,0.625,60,3.75,NFC,East,True,False,0,False,False,-2.0,6.25,2.0,0.0,0.0,0.0,0.0,0.0,0.0,8.25
2013,PIT,8,8,0,0.5,9,0.5625,AFC,North,False,False,0,False,False,,5.0,0.0,0.0,0.0,0.0,0.0,0.0,0.0,5.0
2013,SEA,13,3,0,0.8125,186,11.625,NFC,West,True,True,3,True,True,16.333333333333332,8.125,2.0,1.0,4.0,4.0,6.0,0.0,1.0,26.125
2013,SF,12,4,0,0.75,134,8.375,NFC,West,False,False,2,False,False,3.3333333333333335,7.5,0.0,0.0,4.0,0.0,0.0,0.0,0.0,11.5
2013,TB,4,12,0,0.25,-101,-6.3125,NFC,South,False,False,0,False,False,,2.5,0.0,0.0,0.0,0.0,0.0,0.0,0.0,2.5
2013,TEN,7,9,0,0.4375,-19,-1.1875,AFC,South,False,False,0,False,False,,4.375,0.0,0.0,0.0,0.0,0.0,0.0,0.0,4.375
2013,WSH,3,13,0,0.1875,-144,-9.0,NFC,East,False,False,0,False,False,,1.875,0.0,0.0,0.0,0.0,0.0,0.0,0.0,1.875
2014,ARI,11,5,0,0.6875,11,0.6875,NFC,West,False,False,0,False,False,-11.0,6.875,0.0,0.0,0.0,0.0,0.0,0.0,0.0,6.875
2014,ATL,6,10,0,0.375,-36,-2.25,NFC,South,False,False,0,False,False,,3.75,0.0,0.0,0.0,0.0,0.0,0.0,0.0,3.75
2014,BAL,10,6,0,0.625,107,6.6875,AFC,North,False,False,1,False,False,4.5,6.25,0.0,0.0,2.0,0.0,0.0,0.0,0.0,8.25
2014,BUF,9,7,0,0.5625,54,3.375,AFC,East,False,False,0,False,False,,5.625,0.0,0.0,0.0,0.0,0.0,0.0,0.0,5.625
2014,CAR,7,8,1,0.46875,-35,-2.1875,NFC,South,True,False,1,False,False,-1.5,4.6875,2.0,0.0,2.0,0.0,0.0,0.0,0.0,8.6875
2014,CHI,5,11,0,0.3125,-123,-7.6875,NFC,North,False,False,0,False,False,,3.125,0.0,0.0,0.0,0.0,0.0,0.0,0.0,3.125
2014,CIN,10,5,1,0.65625,21,1.3125,AFC,North,False,False,0,False,False,-16.0,6.5625,0.0,0.0,0.0,0.0,0.0,0.0,0.0,6.5625
2014,CLE,7,9,0,0.4375,-38,-2.375,AFC,North,False,False,0,False,False,,4.375,0.0,0.0,0.0,0.0,0.0,0.0,0.0,4.375
2014,DAL,12,4,0,0.75,115,7.1875,NFC,East,True,False,1,False,False,-0.5,7.5,2.0,0.0,2.0,0.0,0.0,0.0,0.0,11.5
2014,DEN,12,4,0,0.75,128,8.0,AFC,West,True,False,0,False,False,-11.0,7.5,2.0,0.0,0.0,0.0,0.0,0.0,0.0,9.5
2014,DET,11,5,0,0.6875,39,2.4375,NFC,North,False,False,0,False,False,-4.0,6.875,0.0,0.0,0.0,0.0,0.0,0.0,0.0,6.875
2014,GB,12,4,0,0.75,138,8.625,NFC,North,True,False,1,False,False,-0.5,7.5,2.0,0.0,2.0,0.0,0.0,0.0,0.0,11.5
2014,HOU,9,7,0,0.5625,65,4.0625,AFC,South,False,False,0,False,False,,5.625,0.0,0.0,0.0,0.0,0.0,0.0,0.0,5.625
2014,IND,11,5,0,0.6875,89,5.5625,AFC,South,True,False,2,False,False,-3.6666666666666665,6.875,2.0,0.0,4.0,0.0,0.0,0.0,0.0,12.875
2014,JAX,3,13,0,0.1875,-163,-10.1875,AFC,South,False,False,0,False,False,,1.875,0.0,0.0,0.0,0.0,0.0,0.0,0.0,1.875
2014,KC,9,7,0,0.5625,72,4.5,AFC,West,False,False,0,False,False,,5.625,0.0,0.0,0.0,0.0,0.0,0.0,0.0,5.625
2014,LAC,9,7,0,0.5625,0,0.0,AFC,West,False,False,0,False,False,,5.625,0.0,0.0,0.0,0.0,0.0,0.0,0.0,5.625
2014,LAR,6,10,0,0.375,-30,-1.875,NFC,West,False,False,0,False,False,,3.75,0.0,0.0,0.0,0.0,0.0,0.0,0.0,3.75
2014,MIA,8,8,0,0.5,15,0.9375,AFC,East,False,False,0,False,False,,5.0,0.0,0.0,0.0,0.0,0.0,0.0,0.0,5.0
2014,MIN,7,9,0,0.4375,-18,-1.125,NFC,North,False,False,0,False,False,,4.375,0.0,0.0,0.0,0.0,0.0,0.0,0.0,4.375
2014,NE,12,4,0,0.75,155,9.6875,AFC,East,True,True,3,True,True,15.333333333333334,7.5,2.0,1.0,4.0,4.0,6.0,0.0,1.0,25.5
2014,NO,7,9,0,0.4375,-23,-1.4375,NFC,South,False,False,0,False,False,,4.375,0.0,0.0,0.0,0.0,0.0,0.0,0.0,4.375
2014,NYG,6,10,0,0.375,-20,-1.25,NFC,East,False,False,0,False,False,,3.75,0.0,0.0,0.0,0.0,0.0,0.0,0.0,3.75
2014,NYJ,4,12,0,0.25,-118,-7.375,AFC,East,False,False,0,False,False,,2.5,0.0,0.0,0.0,0.0,0.0,0.0,0.0,2.5
2014,OAK,3,13,0,0.1875,-199,-12.4375,AFC,West,False,False,0,False,False,,1.875,0.0,0.0,0.0,0.0,0.0,0.0,0.0,1.875
2014,PHI,10,6,0,0.625,74,4.625,NFC,East,False,False,0,False,False,,6.25,0.0,0.0,0.0,0.0,0.0,0.0,0.0,6.25
2014,PIT,11,5,0,0.6875,68,4.25,AFC,North,True,False,0,False,False,-13.0,6.875,2.0,0.0,0.0,0.0,0.0,0.0,0.0,8.875
2014,SEA,12,4,0,0.75,140,8.75,NFC,West,True,True,2,True,False,5.333333333333333,7.5,2.0,1.0,4.0,4.0,0.0,0.0,0.0,18.5
2014,SF,8,8,0,0.5,-34,-2.125,NFC,West,False,False,0,False,False,,5.0,0.0,0.0,0.0,0.0,0.0,0.0,0.0,5.0
2014,TB,2,14,0,0.125,-133,-8.3125,NFC,South,False,False,0,False,False,,1.25,0.0,0.0,0.0,0.0,0.0,0.0,0.0,1.25
2014,TEN,2,14,0,0.125,-184,-11.5,AFC,South,False,False,0,False,False,,1.25,0.0,0.0,0.0,0.0,0.0,0.0,0.0,1.25
2014,WSH,4,12,0,0.25,-137,-8.5625,NFC,East,False,False,0,False,False,,2.5,0.0,0.0,0.0,0.0,0.0,0.0,0.0,2.5
2015,ARI,13,3,0,0.8125,176,11.0,NFC,West,True,False,1,False,False,-14.0,8.125,2.0,0.0,2.0,0.0,0.0,0.0,0.0,12.125
2015,ATL,8,8,0,0.5,-6,-0.375,NFC,South,False,False,0,False,False,,5.0,0.0,0.0,0.0,0.0,0.0,0.0,0.0,5.0
2015,BAL,5,11,0,0.3125,-73,-4.5625,AFC,North,False,False,0,False,False,,3.125,0.0,0.0,0.0,0.0,0.0,0.0,0.0,3.125
2015,BUF,8,8,0,0.5,20,1.25,AFC,East,False,False,0,False,False,,5.0,0.0,0.0,0.0,0.0,0.0,0.0,0.0,5.0
2015,CAR,15,1,0,0.9375,192,12.0,NFC,South,True,True,2,True,False,9.0,9.375,2.0,1.0,4.0,4.0,0.0,0.0,0.0,20.375
2015,CHI,6,10,0,0.375,-62,-3.875,NFC,North,False,False,0,False,False,,3.75,0.0,0.0,0.0,0.0,0.0,0.0,0.0,3.75
2015,CIN,12,4,0,0.75,140,8.75,AFC,North,True,False,0,False,False,-2.0,7.5,2.0,0.0,0.0,0.0,0.0,0.0,0.0,9.5
2015,CLE,3,13,0,0.1875,-154,-9.625,AFC,North,False,False,0,False,False,,1.875,0.0,0.0,0.0,0.0,0.0,0.0,0.0,1.875
2015,DAL,4,12,0,0.25,-99,-6.1875,NFC,East,False,False,0,False,False,,2.5,0.0,0.0,0.0,0.0,0.0,0.0,0.0,2.5
2015,DEN,12,4,0,0.75,59,3.6875,AFC,West,True,False,3,True,True,7.666666666666667,7.5,2.0,0.0,4.0,4.0,6.0,0.0,0.0,23.5
2015,DET,7,9,0,0.4375,-42,-2.625,NFC,North,False,False,0,False,False,,4.375,0.0,0.0,0.0,0.0,0.0,0.0,0.0,4.375
2015,GB,10,6,0,0.625,45,2.8125,NFC,North,False,False,1,False,False,5.5,6.25,0.0,0.0,2.0,0.0,0.0,0.0,0.0,8.25
2015,HOU,9,7,0,0.5625,26,1.625,AFC,South,True,False,0,False,False,-30.0,5.625,2.0,0.0,0.0,0.0,0.0,0.0,0.0,7.625
2015,IND,8,8,0,0.5,-75,-4.6875,AFC,South,False,False,0,False,False,,5.0,0.0,0.0,0.0,0.0,0.0,0.0,0.0,5.0
2015,JAX,5,11,0,0.3125,-72,-4.5,AFC,South,False,False,0,False,False,,3.125,0.0,0.0,0.0,0.0,0.0,0.0,0.0,3.125
2015,KC,11,5,0,0.6875,118,7.375,AFC,West,False,False,1,False,False,11.5,6.875,0.0,0.0,2.0,0.0,0.0,0.0,1.0,9.875
2015,LAC,4,12,0,0.25,-78,-4.875,AFC,West,False,False,0,False,False,,2.5,0.0,0.0,0.0,0.0,0.0,0.0,0.0,2.5
2015,LAR,7,9,0,0.4375,-50,-3.125,NFC,West,False,False,0,False,False,,4.375,0.0,0.0,0.0,0.0,0.0,0.0,0.0,4.375
2015,MIA,6,10,0,0.375,-79,-4.9375,AFC,East,False,False,0,False,False,,3.75,0.0,0.0,0.0,0.0,0.0,0.0,0.0,3.75
2015,MIN,11,5,0,0.6875,63,3.9375,NFC,North,True,False,0,False,False,-1.0,6.875,2.0,0.0,0.0,0.0,0.0,0.0,0.0,8.875
2015,NE,12,4,0,0.75,150,9.375,AFC,East,True,True,1,False,False,2.5,7.5,2.0,1.0,2.0,0.0,0.0,0.0,0.0,12.5
2015,NO,7,9,0,0.4375,-68,-4.25,NFC,South,False,False,0,False,False,,4.375,0.0,0.0,0.0,0.0,0.0,0.0,0.0,4.375
2015,NYG,6,10,0,0.375,-22,-1.375,NFC,East,False,False,0,False,False,,3.75,0.0,0.0,0.0,0.0,0.0,0.0,0.0,3.75
2015,NYJ,10,6,0,0.625,73,4.5625,AFC,East,False,False,0,False,False,,6.25,0.0,0.0,0.0,0.0,0.0,0.0,0.0,6.25
2015,OAK,7,9,0,0.4375,-40,-2.5,AFC,West,False,False,0,False,False,,4.375,0.0,0.0,0.0,0.0,0.0,0.0,0.0,4.375
2015,PHI,7,9,0,0.4375,-53,-3.3125,NFC,East,False,False,0,False,False,,4.375,0.0,0.0,0.0,0.0,0.0,0.0,0.0,4.375
2015,PIT,10,6,0,0.625,104,6.5,AFC,North,False,False,1,False,False,-2.5,6.25,0.0,0.0,2.0,0.0,0.0,0.0,0.0,8.25
2015,SEA,10,6,0,0.625,146,9.125,NFC,West,False,False,1,False,False,-3.0,6.25,0.0,0.0,2.0,0.0,0.0,0.0,0.0,8.25
2015,SF,5,11,0,0.3125,-149,-9.3125,NFC,West,False,False,0,False,False,,3.125,0.0,0.0,0.0,0.0,0.0,0.0,0.0,3.125
2015,TB,6,10,0,0.375,-75,-4.6875,NFC,South,False,False,0,False,False,,3.75,0.0,0.0,0.0,0.0,0.0,0.0,0.0,3.75
2015,TEN,3,13,0,0.1875,-124,-7.75,AFC,South,False,False,0,False,False,,1.875,0.0,0.0,0.0,0.0,0.0,0.0,0.0,1.875
2015,WSH,9,7,0,0.5625,9,0.5625,NFC,East,True,False,0,False,False,-17.0,5.625,2.0,0.0,0.0,0.0,0.0,0.0,0.0,7.625
2016,ARI,7,8,1,0.46875,56,3.5,NFC,West,False,False,0,False,False,,4.6875,0.0,0.0,0.0,0.0,0.0,0.0,0.0,4.6875
2016,ATL,11,5,0,0.6875,134,8.375,NFC,South,True,False,2,True,False,11.0,6.875,2.0,0.0,4.0,4.0,0.0,0.0,1.0,17.875
2016,BAL,8,8,0,0.5,22,1.375,AFC,North,False,False,0,False,False,,5.0,0.0,0.0,0.0,0.0,0.0,0.0,0.0,5.0
2016,BUF,7,9,0,0.4375,21,1.3125,AFC,East,False,False,0,False,False,,4.375,0.0,0.0,0.0,0.0,0.0,0.0,0.0,4.375
2016,CAR,6,10,0,0.375,-33,-2.0625,NFC,South,False,False,0,False,False,,3.75,0.0,0.0,0.0,0.0,0.0,0.0,0.0,3.75
2016,CHI,3,13,0,0.1875,-120,-7.5,NFC,North,False,False,0,False,False,,1.875,0.0,0.0,0.0,0.0,0.0,0.0,0.0,1.875
2016,CIN,6,9,1,0.40625,10,0.625,AFC,North,False,False,0,False,False,,4.0625,0.0,0.0,0.0,0.0,0.0,0.0,0.0,4.0625
2016,CLE,1,15,0,0.0625,-188,-11.75,AFC,North,False,False,0,False,False,,0.625,0.0,0.0,0.0,0.0,0.0,0.0,0.0,0.625
2016,DAL,13,3,0,0.8125,115,7.1875,NFC,East,True,True,0,False,False,-3.0,8.125,2.0,1.0,0.0,0.0,0.0,0.0,0.0,11.125
2016,DEN,9,7,0,0.5625,36,2.25,AFC,West,False,False,0,False,False,,5.625,0.0,0.0,0.0,0.0,0.0,0.0,0.0,5.625
2016,DET,9,7,0,0.5625,-12,-0.75,NFC,North,False,False,0,False,False,-20.0,5.625,0.0,0.0,0.0,0.0,0.0,0.0,0.0,5.625
2016,GB,10,6,0,0.625,44,2.75,NFC,North,True,False,2,False,False,1.6666666666666667,6.25,2.0,0.0,4.0,0.0,0.0,0.0,0.0,12.25
2016,HOU,9,7,0,0.5625,-49,-3.0625,AFC,South,False,False,1,False,False,-2.5,5.625,0.0,0.0,2.0,0.0,0.0,0.0,0.0,7.625
2016,IND,8,8,0,0.5,19,1.1875,AFC,South,False,False,0,False,False,,5.0,0.0,0.0,0.0,0.0,0.0,0.0,0.0,5.0
2016,JAX,3,13,0,0.1875,-82,-5.125,AFC,South,False,False,0,False,False,,1.875,0.0,0.0,0.0,0.0,0.0,0.0,0.0,1.875
2016,KC,12,4,0,0.75,78,4.875,AFC,West,True,False,0,False,False,-2.0,7.5,2.0,0.0,0.0,0.0,0.0,0.0,0.0,9.5
2016,LAC,5,11,0,0.3125,-13,-0.8125,AFC,West,False,False,0,False,False,,3.125,0.0,0.0,0.0,0.0,0.0,0.0,0.0,3.125
2016,LAR,4,12,0,0.25,-170,-10.625,NFC,West,False,False,0,False,False,,2.5,0.0,0.0,0.0,0.0,0.0,0.0,0.0,2.5
2016,MIA,10,6,0,0.625,-17,-1.0625,AFC,East,False,False,0,False,False,-18.0,6.25,0.0,0.0,0.0,0.0,0.0,0.0,0.0,6.25
2016,MIN,8,8,0,0.5,20,1.25,NFC,North,False,False,0,False,False,,5.0,0.0,0.0,0.0,0.0,0.0,0.0,0.0,5.0
2016,NE,14,2,0,0.875,191,11.9375,AFC,East,True,True,3,True,True,14.333333333333334,8.75,2.0,1.0,4.0,4.0,6.0,0.0,1.0,26.75
2016,NO,7,9,0,0.4375,15,0.9375,NFC,South,False,False,0,False,False,,4.375,0.0,0.0,0.0,0.0,0.0,0.0,0.0,4.375
2016,NYG,11,5,0,0.6875,26,1.625,NFC,East,False,False,0,False,False,-25.0,6.875,0.0,0.0,0.0,0.0,0.0,0.0,0.0,6.875
2016,NYJ,5,11,0,0.3125,-134,-8.375,AFC,East,False,False,0,False,False,,3.125,0.0,0.0,0.0,0.0,0.0,0.0,0.0,3.125
2016,OAK,12,4,0,0.75,31,1.9375,AFC,West,False,False,0,False,False,-13.0,7.5,0.0,0.0,0.0,0.0,0.0,0.0,0.0,7.5
2016,PHI,7,9,0,0.4375,36,2.25,NFC,East,False,False,0,False,False,,4.375,0.0,0.0,0.0,0.0,0.0,0.0,0.0,4.375
2016,PIT,11,5,0,0.6875,72,4.5,AFC,North,True,False,2,False,False,0.3333333333333333,6.875,2.0,0.0,4.0,0.0,0.0,0.0,0.0,12.875
2016,SEA,10,5,1,0.65625,62,3.875,NFC,West,True,False,1,False,False,2.0,6.5625,2.0,0.0,2.0,0.0,0.0,0.0,0.0,10.5625
2016,SF,2,14,0,0.125,-171,-10.6875,NFC,West,False,False,0,False,False,,1.25,0.0,0.0,0.0,0.0,0.0,0.0,0.0,1.25
2016,TB,9,7,0,0.5625,-15,-0.9375,NFC,South,False,False,0,False,False,,5.625,0.0,0.0,0.0,0.0,0.0,0.0,0.0,5.625
2016,TEN,9,7,0,0.5625,3,0.1875,AFC,South,True,False,0,False,False,,5.625,2.0,0.0,0.0,0.0,0.0,0.0,0.0,7.625
2016,WSH,8,7,1,0.53125,13,0.8125,NFC,East,False,False,0,False,False,,5.3125,0.0,0.0,0.0,0.0,0.0,0.0,0.0,5.3125
2017,ARI,8,8,0,0.5,-66,-4.125,NFC,West,False,False,0,False,False,,5.0,0.0,0.0,0.0,0.0,0.0,0.0,0.0,5.0
2017,ATL,10,6,0,0.625,38,2.375,NFC,South,False,False,1,False,False,4.0,6.25,0.0,0.0,2.0,0.0,0.0,0.0,0.0,8.25
2017,BAL,9,7,0,0.5625,92,5.75,AFC,North,False,False,0,False,False,,5.625,0.0,0.0,0.0,0.0,0.0,0.0,0.0,5.625
2017,BUF,9,7,0,0.5625,-57,-3.5625,AFC,East,False,False,0,False,False,-7.0,5.625,0.0,0.0,0.0,0.0,0.0,0.0,0.0,5.625
2017,CAR,11,5,0,0.6875,36,2.25,NFC,South,False,False,0,False,False,-5.0,6.875,0.0,0.0,0.0,0.0,0.0,0.0,0.0,6.875
2017,CHI,5,11,0,0.3125,-56,-3.5,NFC,North,False,False,0,False,False,,3.125,0.0,0.0,0.0,0.0,0.0,0.0,0.0,3.125
2017,CIN,7,9,0,0.4375,-59,-3.6875,AFC,North,False,False,0,False,False,,4.375,0.0,0.0,0.0,0.0,0.0,0.0,0.0,4.375
2017,CLE,0,16,0,0.0,-176,-11.0,AFC,North,False,False,0,False,False,,0.0,0.0,0.0,0.0,0.0,0.0,0.0,0.0,0.0
2017,DAL,9,7,0,0.5625,22,1.375,NFC,East,False,False,0,False,False,,5.625,0.0,0.0,0.0,0.0,0.0,0.0,0.0,5.625
2017,DEN,5,11,0,0.3125,-93,-5.8125,AFC,West,False,False,0,False,False,,3.125,0.0,0.0,0.0,0.0,0.0,0.0,0.0,3.125
2017,DET,9,7,0,0.5625,34,2.125,NFC,North,False,False,0,False,False,,5.625,0.0,0.0,0.0,0.0,0.0,0.0,0.0,5.625
2017,GB,7,9,0,0.4375,-64,-4.0,NFC,North,False,False,0,False,False,,4.375,0.0,0.0,0.0,0.0,0.0,0.0,0.0,4.375
2017,HOU,4,12,0,0.25,-98,-6.125,AFC,South,False,False,0,False,False,,2.5,0.0,0.0,0.0,0.0,0.0,0.0,0.0,2.5
2017,IND,4,12,0,0.25,-141,-8.8125,AFC,South,False,False,0,False,False,,2.5,0.0,0.0,0.0,0.0,0.0,0.0,0.0,2.5
2017,JAX,10,6,0,0.625,149,9.3125,AFC,South,True,False,2,False,False,2.0,6.25,2.0,0.0,4.0,0.0,0.0,0.0,0.0,12.25
2017,KC,10,6,0,0.625,76,4.75,AFC,West,True,False,0,False,False,-1.0,6.25,2.0,0.0,0.0,0.0,0.0,0.0,0.0,8.25
2017,LAC,9,7,0,0.5625,83,5.1875,AFC,West,False,False,0,False,False,,5.625,0.0,0.0,0.0,0.0,0.0,0.0,0.0,5.625
2017,LAR,11,5,0,0.6875,149,9.3125,NFC,West,True,False,0,False,False,-13.0,6.875,2.0,0.0,0.0,0.0,0.0,0.0,0.0,8.875
2017,MIA,6,10,0,0.375,-112,-7.0,AFC,East,False,False,0,False,False,,3.75,0.0,0.0,0.0,0.0,0.0,0.0,0.0,3.75
2017,MIN,13,3,0,0.8125,130,8.125,NFC,North,True,False,1,False,False,-13.0,8.125,2.0,0.0,2.0,0.0,0.0,0.0,0.0,12.125
2017,NE,13,3,0,0.8125,162,10.125,AFC,East,True,True,2,True,False,5.666666666666667,8.125,2.0,1.0,4.0,4.0,0.0,0.0,0.0,19.125
2017,NO,11,5,0,0.6875,122,7.625,NFC,South,True,False,1,False,False,0.0,6.875,2.0,0.0,2.0,0.0,0.0,0.0,0.0,10.875
2017,NYG,3,13,0,0.1875,-142,-8.875,NFC,East,False,False,0,False,False,,1.875,0.0,0.0,0.0,0.0,0.0,0.0,0.0,1.875
2017,NYJ,5,11,0,0.3125,-84,-5.25,AFC,East,False,False,0,False,False,,3.125,0.0,0.0,0.0,0.0,0.0,0.0,0.0,3.125
2017,OAK,6,10,0,0.375,-72,-4.5,AFC,West,False,False,0,False,False,,3.75,0.0,0.0,0.0,0.0,0.0,0.0,0.0,3.75
2017,PHI,13,3,0,0.8125,162,10.125,NFC,East,True,True,3,True,True,14.666666666666666,8.125,2.0,1.0,4.0,4.0,6.0,0.0,1.0,26.125
2017,PIT,13,3,0,0.8125,98,6.125,AFC,North,True,False,0,False,False,-3.0,8.125,2.0,0.0,0.0,0.0,0.0,0.0,0.0,10.125
2017,SEA,9,7,0,0.5625,34,2.125,NFC,West,False,False,0,False,False,,5.625,0.0,0.0,0.0,0.0,0.0,0.0,0.0,5.625
2017,SF,6,10,0,0.375,-52,-3.25,NFC,West,False,False,0,False,False,,3.75,0.0,0.0,0.0,0.0,0.0,0.0,0.0,3.75
2017,TB,5,11,0,0.3125,-47,-2.9375,NFC,South,False,False,0,False,False,,3.125,0.0,0.0,0.0,0.0,0.0,0.0,0.0,3.125
2017,TEN,9,7,0,0.5625,-22,-1.375,AFC,South,False,False,1,False,False,-10.0,5.625,0.0,0.0,2.0,0.0,0.0,0.0,0.0,7.625
2017,WSH,7,9,0,0.4375,-46,-2.875,NFC,East,False,False,0,False,False,,4.375,0.0,0.0,0.0,0.0,0.0,0.0,0.0,4.375
2018,ARI,3,13,0,0.1875,-200,-12.5,NFC,West,False,False,0,False,False,,1.875,0.0,0.0,0.0,0.0,0.0,0.0,0.0,1.875
2018,ATL,7,9,0,0.4375,-9,-0.5625,NFC,South,False,False,0,False,False,,4.375,0.0,0.0,0.0,0.0,0.0,0.0,0.0,4.375
2018,BAL,10,6,0,0.625,102,6.375,AFC,North,True,False,0,False,False,-6.0,6.25,2.0,0.0,0.0,0.0,0.0,0.0,0.0,8.25
2018,BUF,6,10,0,0.375,-105,-6.5625,AFC,East,False,False,0,False,False,,3.75,0.0,0.0,0.0,0.0,0.0,0.0,0.0,3.75
2018,CAR,7,9,0,0.4375,-6,-0.375,NFC,South,False,False,0,False,False,,4.375,0.0,0.0,0.0,0.0,0.0,0.0,0.0,4.375
2018,CHI,12,4,0,0.75,138,8.625,NFC,North,True,False,0,False,False,-1.0,7.5,2.0,0.0,0.0,0.0,0.0,0.0,0.0,9.5
2018,CIN,6,10,0,0.375,-87,-5.4375,AFC,North,False,False,0,False,False,,3.75,0.0,0.0,0.0,0.0,0.0,0.0,0.0,3.75
2018,CLE,7,8,1,0.46875,-33,-2.0625,AFC,North,False,False,0,False,False,,4.6875,0.0,0.0,0.0,0.0,0.0,0.0,0.0,4.6875
2018,DAL,10,6,0,0.625,15,0.9375,NFC,East,True,False,1,False,False,-3.0,6.25,2.0,0.0,2.0,0.0,0.0,0.0,0.0,10.25
2018,DEN,6,10,0,0.375,-20,-1.25,AFC,West,False,False,0,False,False,,3.75,0.0,0.0,0.0,0.0,0.0,0.0,0.0,3.75
2018,DET,6,10,0,0.375,-36,-2.25,NFC,North,False,False,0,False,False,,3.75,0.0,0.0,0.0,0.0,0.0,0.0,0.0,3.75
2018,GB,6,9,1,0.40625,-24,-1.5,NFC,North,False,False,0,False,False,,4.0625,0.0,0.0,0.0,0.0,0.0,0.0,0.0,4.0625
2018,HOU,11,5,0,0.6875,86,5.375,AFC,South,True,False,0,False,False,-14.0,6.875,2.0,0.0,0.0,0.0,0.0,0.0,0.0,8.875
2018,IND,10,6,0,0.625,89,5.5625,AFC,South,False,False,1,False,False,-2.0,6.25,0.0,0.0,2.0,0.0,0.0,0.0,0.0,8.25
2018,JAX,5,11,0,0.3125,-71,-4.4375,AFC,South,False,False,0,False,False,,3.125,0.0,0.0,0.0,0.0,0.0,0.0,0.0,3.125
2018,KC,12,4,0,0.75,144,9.0,AFC,West,True,True,1,False,False,6.0,7.5,2.0,1.0,2.0,0.0,0.0,0.0,0.0,12.5
2018,LAC,12,4,0,0.75,99,6.1875,AFC,West,False,False,1,False,False,-3.5,7.5,0.0,0.0,2.0,0.0,0.0,0.0,0.0,9.5
2018,LAR,13,3,0,0.8125,143,8.9375,NFC,West,True,False,2,True,False,0.3333333333333333,8.125,2.0,0.0,4.0,4.0,0.0,0.0,0.0,18.125
2018,MIA,7,9,0,0.4375,-114,-7.125,AFC,East,False,False,0,False,False,,4.375,0.0,0.0,0.0,0.0,0.0,0.0,0.0,4.375
2018,MIN,8,7,1,0.53125,19,1.1875,NFC,North,False,False,0,False,False,,5.3125,0.0,0.0,0.0,0.0,0.0,0.0,0.0,5.3125
2018,NE,11,5,0,0.6875,111,6.9375,AFC,East,True,False,3,True,True,9.666666666666666,6.875,2.0,0.0,4.0,4.0,6.0,0.0,0.0,22.875
2018,NO,13,3,0,0.8125,151,9.4375,NFC,South,True,True,1,False,False,1.5,8.125,2.0,1.0,2.0,0.0,0.0,0.0,0.0,13.125
2018,NYG,5,11,0,0.3125,-43,-2.6875,NFC,East,False,False,0,False,False,,3.125,0.0,0.0,0.0,0.0,0.0,0.0,0.0,3.125
2018,NYJ,4,12,0,0.25,-108,-6.75,AFC,East,False,False,0,False,False,,2.5,0.0,0.0,0.0,0.0,0.0,0.0,0.0,2.5
2018,OAK,4,12,0,0.25,-177,-11.0625,AFC,West,False,False,0,False,False,,2.5,0.0,0.0,0.0,0.0,0.0,0.0,0.0,2.5
2018,PHI,9,7,0,0.5625,19,1.1875,NFC,East,False,False,1,False,False,-2.5,5.625,0.0,0.0,2.0,0.0,0.0,0.0,0.0,7.625
2018,PIT,9,6,1,0.59375,68,4.25,AFC,North,False,False,0,False,False,,5.9375,0.0,0.0,0.0,0.0,0.0,0.0,0.0,5.9375
2018,SEA,10,6,0,0.625,81,5.0625,NFC,West,False,False,0,False,False,-2.0,6.25,0.0,0.0,0.0,0.0,0.0,0.0,0.0,6.25
2018,SF,4,12,0,0.25,-93,-5.8125,NFC,West,False,False,0,False,False,,2.5,0.0,0.0,0.0,0.0,0.0,0.0,0.0,2.5
2018,TB,5,11,0,0.3125,-68,-4.25,NFC,South,False,False,0,False,False,,3.125,0.0,0.0,0.0,0.0,0.0,0.0,0.0,3.125
2018,TEN,9,7,0,0.5625,7,0.4375,AFC,South,False,False,0,False,False,,5.625,0.0,0.0,0.0,0.0,0.0,0.0,0.0,5.625
2018,WSH,7,9,0,0.4375,-78,-4.875,NFC,East,False,False,0,False,False,,4.375,0.0,0.0,0.0,0.0,0.0,0.0,0.0,4.375
2019,ARI,5,10,1,0.34375,-81,-5.0625,NFC,West,False,False,0,False,False,,3.4375,0.0,0.0,0.0,0.0,0.0,0.0,0.0,3.4375
2019,ATL,7,9,0,0.4375,-18,-1.125,NFC,South,False,False,0,False,False,,4.375,0.0,0.0,0.0,0.0,0.0,0.0,0.0,4.375
2019,BAL,14,2,0,0.875,249,15.5625,AFC,North,True,True,0,False,False,-16.0,8.75,2.0,1.0,0.0,0.0,0.0,0.0,0.0,11.75
2019,BUF,10,6,0,0.625,55,3.4375,AFC,East,False,False,0,False,False,-3.0,6.25,0.0,0.0,0.0,0.0,0.0,0.0,0.0,6.25
2019,CAR,5,11,0,0.3125,-130,-8.125,NFC,South,False,False,0,False,False,,3.125,0.0,0.0,0.0,0.0,0.0,0.0,0.0,3.125
2019,CHI,8,8,0,0.5,-18,-1.125,NFC,North,False,False,0,False,False,,5.0,0.0,0.0,0.0,0.0,0.0,0.0,0.0,5.0
2019,CIN,2,14,0,0.125,-141,-8.8125,AFC,North,False,False,0,False,False,,1.25,0.0,0.0,0.0,0.0,0.0,0.0,0.0,1.25
2019,CLE,6,10,0,0.375,-58,-3.625,AFC,North,False,False,0,False,False,,3.75,0.0,0.0,0.0,0.0,0.0,0.0,0.0,3.75
2019,DAL,8,8,0,0.5,113,7.0625,NFC,East,False,False,0,False,False,,5.0,0.0,0.0,0.0,0.0,0.0,0.0,0.0,5.0
2019,DEN,7,9,0,0.4375,-34,-2.125,AFC,West,False,False,0,False,False,,4.375,0.0,0.0,0.0,0.0,0.0,0.0,0.0,4.375
2019,DET,3,12,1,0.21875,-82,-5.125,NFC,North,False,False,0,False,False,,2.1875,0.0,0.0,0.0,0.0,0.0,0.0,0.0,2.1875
2019,GB,13,3,0,0.8125,63,3.9375,NFC,North,True,False,1,False,False,-6.0,8.125,2.0,0.0,2.0,0.0,0.0,0.0,0.0,12.125
2019,HOU,10,6,0,0.625,-7,-0.4375,AFC,South,True,False,1,False,False,-8.5,6.25,2.0,0.0,2.0,0.0,0.0,0.0,0.0,10.25
2019,IND,7,9,0,0.4375,-12,-0.75,AFC,South,False,False,0,False,False,,4.375,0.0,0.0,0.0,0.0,0.0,0.0,0.0,4.375
2019,JAX,6,10,0,0.375,-97,-6.0625,AFC,South,False,False,0,False,False,,3.75,0.0,0.0,0.0,0.0,0.0,0.0,0.0,3.75
2019,KC,12,4,0,0.75,143,8.9375,AFC,West,True,False,3,True,True,14.0,7.5,2.0,0.0,4.0,4.0,6.0,0.0,1.0,24.5
2019,LAC,5,11,0,0.3125,-8,-0.5,AFC,West,False,False,0,False,False,,3.125,0.0,0.0,0.0,0.0,0.0,0.0,0.0,3.125
2019,LAR,9,7,0,0.5625,30,1.875,NFC,West,False,False,0,False,False,,5.625,0.0,0.0,0.0,0.0,0.0,0.0,0.0,5.625
2019,MIA,5,11,0,0.3125,-188,-11.75,AFC,East,False,False,0,False,False,,3.125,0.0,0.0,0.0,0.0,0.0,0.0,0.0,3.125
2019,MIN,10,6,0,0.625,104,6.5,NFC,North,False,False,1,False,False,-5.5,6.25,0.0,0.0,2.0,0.0,0.0,0.0,0.0,8.25
2019,NE,12,4,0,0.75,195,12.1875,AFC,East,True,False,0,False,False,-7.0,7.5,2.0,0.0,0.0,0.0,0.0,0.0,0.0,9.5
2019,NO,13,3,0,0.8125,117,7.3125,NFC,South,True,False,0,False,False,-6.0,8.125,2.0,0.0,0.0,0.0,0.0,0.0,0.0,10.125
2019,NYG,4,12,0,0.25,-110,-6.875,NFC,East,False,False,0,False,False,,2.5,0.0,0.0,0.0,0.0,0.0,0.0,0.0,2.5
2019,NYJ,7,9,0,0.4375,-83,-5.1875,AFC,East,False,False,0,False,False,,4.375,0.0,0.0,0.0,0.0,0.0,0.0,0.0,4.375
2019,OAK,7,9,0,0.4375,-106,-6.625,AFC,West,False,False,0,False,False,,4.375,0.0,0.0,0.0,0.0,0.0,0.0,0.0,4.375
2019,PHI,9,7,0,0.5625,31,1.9375,NFC,East,True,False,0,False,False,-8.0,5.625,2.0,0.0,0.0,0.0,0.0,0.0,0.0,7.625
2019,PIT,8,8,0,0.5,-14,-0.875,AFC,North,False,False,0,False,False,,5.0,0.0,0.0,0.0,0.0,0.0,0.0,0.0,5.0
2019,SEA,11,5,0,0.6875,7,0.4375,NFC,West,False,False,1,False,False,1.5,6.875,0.0,0.0,2.0,0.0,0.0,0.0,0.0,8.875
2019,SF,13,3,0,0.8125,169,10.5625,NFC,West,True,True,2,True,False,7.666666666666667,8.125,2.0,1.0,4.0,4.0,0.0,0.0,0.0,19.125
2019,TB,7,9,0,0.4375,9,0.5625,NFC,South,False,False,0,False,False,,4.375,0.0,0.0,0.0,0.0,0.0,0.0,0.0,4.375
2019,TEN,9,7,0,0.5625,71,4.4375,AFC,South,False,False,2,False,False,4.0,5.625,0.0,0.0,4.0,0.0,0.0,0.0,0.0,9.625
2019,WSH,3,13,0,0.1875,-169,-10.5625,NFC,East,False,False,0,False,False,,1.875,0.0,0.0,0.0,0.0,0.0,0.0,0.0,1.875
2020,ARI,8,8,0,0.5,43,2.6875,NFC,West,False,False,0,False,False,,5.0,0.0,0.0,0.0,0.0,0.0,0.0,0.0,5.0
2020,ATL,4,12,0,0.25,-18,-1.125,NFC,South,False,False,0,False,False,,2.5,0.0,0.0,0.0,0.0,0.0,0.0,0.0,2.5
2020,BAL,11,5,0,0.6875,165,10.3125,AFC,North,False,False,1,False,False,-3.5,6.875,0.0,0.0,2.0,0.0,0.0,0.0,0.0,8.875
2020,BUF,13,3,0,0.8125,126,7.875,AFC,East,True,False,2,False,False,1.0,8.125,2.0,0.0,4.0,0.0,0.0,0.0,0.0,14.125
2020,CAR,5,11,0,0.3125,-52,-3.25,NFC,South,False,False,0,False,False,,3.125,0.0,0.0,0.0,0.0,0.0,0.0,0.0,3.125
2020,CHI,8,8,0,0.5,2,0.125,NFC,North,False,False,0,False,False,-12.0,5.0,0.0,0.0,0.0,0.0,0.0,0.0,0.0,5.0
2020,CIN,4,11,1,0.28125,-113,-7.0625,AFC,North,False,False,0,False,False,,2.8125,0.0,0.0,0.0,0.0,0.0,0.0,0.0,2.8125
2020,CLE,11,5,0,0.6875,-11,-0.6875,AFC,North,False,False,1,False,False,3.0,6.875,0.0,0.0,2.0,0.0,0.0,0.0,0.0,8.875
2020,DAL,6,10,0,0.375,-78,-4.875,NFC,East,False,False,0,False,False,,3.75,0.0,0.0,0.0,0.0,0.0,0.0,0.0,3.75
2020,DEN,5,11,0,0.3125,-123,-7.6875,AFC,West,False,False,0,False,False,,3.125,0.0,0.0,0.0,0.0,0.0,0.0,0.0,3.125
2020,DET,5,11,0,0.3125,-142,-8.875,NFC,North,False,False,0,False,False,,3.125,0.0,0.0,0.0,0.0,0.0,0.0,0.0,3.125
2020,GB,13,3,0,0.8125,140,8.75,NFC,North,True,True,1,False,False,4.5,8.125,2.0,1.0,2.0,0.0,0.0,0.0,0.0,13.125
2020,HOU,4,12,0,0.25,-80,-5.0,AFC,South,False,False,0,False,False,,2.5,0.0,0.0,0.0,0.0,0.0,0.0,0.0,2.5
2020,IND,11,5,0,0.6875,89,5.5625,AFC,South,True,False,0,False,False,-3.0,6.875,2.0,0.0,0.0,0.0,0.0,0.0,0.0,8.875
2020,JAX,1,15,0,0.0625,-186,-11.625,AFC,South,False,False,0,False,False,,0.625,0.0,0.0,0.0,0.0,0.0,0.0,0.0,0.625
2020,KC,14,2,0,0.875,111,6.9375,AFC,West,True,True,2,True,False,-1.0,8.75,2.0,1.0,4.0,4.0,0.0,0.0,0.0,19.75
2020,LAC,7,9,0,0.4375,-42,-2.625,AFC,West,False,False,0,False,False,,4.375,0.0,0.0,0.0,0.0,0.0,0.0,0.0,4.375
2020,LAR,10,6,0,0.625,76,4.75,NFC,West,False,False,1,False,False,-2.0,6.25,0.0,0.0,2.0,0.0,0.0,0.0,0.0,8.25
2020,MIA,10,6,0,0.625,66,4.125,AFC,East,False,False,0,False,False,,6.25,0.0,0.0,0.0,0.0,0.0,0.0,0.0,6.25
2020,MIN,7,9,0,0.4375,-45,-2.8125,NFC,North,False,False,0,False,False,,4.375,0.0,0.0,0.0,0.0,0.0,0.0,0.0,4.375
2020,NE,7,9,0,0.4375,-27,-1.6875,AFC,East,False,False,0,False,False,,4.375,0.0,0.0,0.0,0.0,0.0,0.0,0.0,4.375
2020,NO,12,4,0,0.75,145,9.0625,NFC,South,True,False,1,False,False,1.0,7.5,2.0,0.0,2.0,0.0,0.0,0.0,0.0,11.5
2020,NYG,6,10,0,0.375,-77,-4.8125,NFC,East,False,False,0,False,False,,3.75,0.0,0.0,0.0,0.0,0.0,0.0,0.0,3.75
2020,NYJ,2,14,0,0.125,-214,-13.375,AFC,East,False,False,0,False,False,,1.25,0.0,0.0,0.0,0.0,0.0,0.0,0.0,1.25
2020,OAK,8,8,0,0.5,-44,-2.75,AFC,West,False,False,0,False,False,,5.0,0.0,0.0,0.0,0.0,0.0,0.0,0.0,5.0
2020,PHI,4,11,1,0.28125,-84,-5.25,NFC,East,False,False,0,False,False,,2.8125,0.0,0.0,0.0,0.0,0.0,0.0,0.0,2.8125
2020,PIT,12,4,0,0.75,104,6.5,AFC,North,True,False,0,False,False,-11.0,7.5,2.0,0.0,0.0,0.0,0.0,0.0,0.0,9.5
2020,SEA,12,4,0,0.75,88,5.5,NFC,West,True,False,0,False,False,-10.0,7.5,2.0,0.0,0.0,0.0,0.0,0.0,0.0,9.5
2020,SF,6,10,0,0.375,-14,-0.875,NFC,West,False,False,0,False,False,,3.75,0.0,0.0,0.0,0.0,0.0,0.0,0.0,3.75
2020,TB,11,5,0,0.6875,137,8.5625,NFC,South,False,False,4,True,True,11.25,6.875,0.0,0.0,6.0,4.0,6.0,0.0,1.0,23.875
2020,TEN,11,5,0,0.6875,52,3.25,AFC,South,False,False,0,False,False,-7.0,6.875,0.0,0.0,0.0,0.0,0.0,0.0,0.0,6.875
2020,WSH,7,9,0,0.4375,6,0.375,NFC,East,True,False,0,False,False,-8.0,4.375,2.0,0.0,0.0,0.0,0.0,0.0,0.0,6.375
2021,ARI,11,6,0,0.6470588235294118,83,4.882352941176471,NFC,West,False,False,0,False,False,-23.0,6.470588235294118,0.0,0.0,0.0,0.0,0.0,0.0,0.0,6.470588235294118
2021,ATL,7,10,0,0.4117647058823529,-146,-8.588235294117647,NFC,South,False,False,0,False,False,,4.117647058823529,0.0,0.0,0.0,0.0,0.0,0.0,0.0,4.117647058823529
2021,BAL,8,9,0,0.47058823529411764,-5,-0.29411764705882354,AFC,North,False,False,0,False,False,,4.705882352941177,0.0,0.0,0.0,0.0,0.0,0.0,0.0,4.705882352941177
2021,BUF,11,6,0,0.6470588235294118,194,11.411764705882353,AFC,East,True,False,1,False,False,12.0,6.470588235294118,2.0,0.0,2.0,0.0,0.0,0.0,1.0,11.470588235294118
2021,CAR,5,12,0,0.29411764705882354,-100,-5.882352941176471,NFC,South,False,False,0,False,False,,2.9411764705882355,0.0,0.0,0.0,0.0,0.0,0.0,0.0,2.9411764705882355
2021,CHI,6,11,0,0.35294117647058826,-96,-5.647058823529412,NFC,North,False,False,0,False,False,,3.5294117647058827,0.0,0.0,0.0,0.0,0.0,0.0,0.0,3.5294117647058827
2021,CIN,10,7,0,0.5882352941176471,84,4.9411764705882355,AFC,North,True,False,3,True,False,2.5,5.882352941176471,2.0,0.0,6.0,4.0,0.0,0.0,0.0,17.88235294117647
2021,CLE,8,9,0,0.47058823529411764,-22,-1.2941176470588236,AFC,North,False,False,0,False,False,,4.705882352941177,0.0,0.0,0.0,0.0,0.0,0.0,0.0,4.705882352941177
2021,DAL,12,5,0,0.7058823529411765,172,10.117647058823529,NFC,East,True,False,0,False,False,-6.0,7.058823529411765,2.0,0.0,0.0,0.0,0.0,0.0,0.0,9.058823529411764
2021,DEN,7,10,0,0.4117647058823529,13,0.7647058823529411,AFC,West,False,False,0,False,False,,4.117647058823529,0.0,0.0,0.0,0.0,0.0,0.0,0.0,4.117647058823529
2021,DET,3,13,1,0.20588235294117646,-142,-8.352941176470589,NFC,North,False,False,0,False,False,,2.0588235294117645,0.0,0.0,0.0,0.0,0.0,0.0,0.0,2.0588235294117645
2021,GB,13,4,0,0.7647058823529411,79,4.647058823529412,NFC,North,True,False,0,False,False,-3.0,7.647058823529411,2.0,0.0,0.0,0.0,0.0,0.0,0.0,9.647058823529411
2021,HOU,4,13,0,0.23529411764705882,-172,-10.117647058823529,AFC,South,False,False,0,False,False,,2.3529411764705883,0.0,0.0,0.0,0.0,0.0,0.0,0.0,2.3529411764705883
2021,IND,9,8,0,0.5294117647058824,86,5.0588235294117645,AFC,South,False,False,0,False,False,,5.294117647058823,0.0,0.0,0.0,0.0,0.0,0.0,0.0,5.294117647058823
2021,JAX,3,14,0,0.17647058823529413,-204,-12.0,AFC,South,False,False,0,False,False,,1.7647058823529413,0.0,0.0,0.0,0.0,0.0,0.0,0.0,1.7647058823529413
2021,KC,12,5,0,0.7058823529411765,116,6.823529411764706,AFC,West,True,True,2,False,False,8.0,7.058823529411765,2.0,1.0,4.0,0.0,0.0,0.0,0.0,14.058823529411764
2021,LAC,9,8,0,0.5294117647058824,15,0.8823529411764706,AFC,West,False,False,0,False,False,,5.294117647058823,0.0,0.0,0.0,0.0,0.0,0.0,0.0,5.294117647058823
2021,LAR,12,5,0,0.7058823529411765,88,5.176470588235294,NFC,West,True,False,4,True,True,8.0,7.058823529411765,2.0,0.0,6.0,4.0,6.0,0.0,0.0,25.058823529411764
2021,MIA,9,8,0,0.5294117647058824,-32,-1.8823529411764706,AFC,East,False,False,0,False,False,,5.294117647058823,0.0,0.0,0.0,0.0,0.0,0.0,0.0,5.294117647058823
2021,MIN,8,9,0,0.47058823529411764,-1,-0.058823529411764705,NFC,North,False,False,0,False,False,,4.705882352941177,0.0,0.0,0.0,0.0,0.0,0.0,0.0,4.705882352941177
2021,NE,10,7,0,0.5882352941176471,159,9.352941176470589,AFC,East,False,False,0,False,False,-30.0,5.882352941176471,0.0,0.0,0.0,0.0,0.0,0.0,0.0,5.882352941176471
2021,NO,9,8,0,0.5294117647058824,29,1.7058823529411764,NFC,South,False,False,0,False,False,,5.294117647058823,0.0,0.0,0.0,0.0,0.0,0.0,0.0,5.294117647058823
2021,NYG,4,13,0,0.23529411764705882,-158,-9.294117647058824,NFC,East,False,False,0,False,False,,2.3529411764705883,0.0,0.0,0.0,0.0,0.0,0.0,0.0,2.3529411764705883
2021,NYJ,4,13,0,0.23529411764705882,-194,-11.411764705882353,AFC,East,False,False,0,False,False,,2.3529411764705883,0.0,0.0,0.0,0.0,0.0,0.0,0.0,2.3529411764705883
2021,OAK,10,7,0,0.5882352941176471,-65,-3.823529411764706,AFC,West,False,False,0,False,False,-7.0,5.882352941176471,0.0,0.0,0.0,0.0,0.0,0.0,0.0,5.882352941176471
2021,PHI,9,8,0,0.5294117647058824,59,3.4705882352941178,NFC,East,False,False,0,False,False,-16.0,5.294117647058823,0.0,0.0,0.0,0.0,0.0,0.0,0.0,5.294117647058823
2021,PIT,9,7,1,0.5588235294117647,-55,-3.235294117647059,AFC,North,False,False,0,False,False,-21.0,5.588235294117647,0.0,0.0,0.0,0.0,0.0,0.0,0.0,5.588235294117647
2021,SEA,7,10,0,0.4117647058823529,29,1.7058823529411764,NFC,West,False,False,0,False,False,,4.117647058823529,0.0,0.0,0.0,0.0,0.0,0.0,0.0,4.117647058823529
2021,SF,10,7,0,0.5882352941176471,62,3.6470588235294117,NFC,West,False,False,2,False,False,2.0,5.882352941176471,0.0,0.0,4.0,0.0,0.0,0.0,0.0,9.882352941176471
2021,TB,13,4,0,0.7647058823529411,158,9.294117647058824,NFC,South,True,True,1,False,False,6.5,7.647058823529411,2.0,1.0,2.0,0.0,0.0,0.0,0.0,12.647058823529411
2021,TEN,12,5,0,0.7058823529411765,65,3.823529411764706,AFC,South,True,False,0,False,False,-3.0,7.058823529411765,2.0,0.0,0.0,0.0,0.0,0.0,0.0,9.058823529411764
2021,WSH,7,10,0,0.4117647058823529,-99,-5.823529411764706,NFC,East,False,False,0,False,False,,4.117647058823529,0.0,0.0,0.0,0.0,0.0,0.0,0.0,4.117647058823529
2022,ARI,4,13,0,0.23529411764705882,-109,-6.411764705882353,NFC,West,False,False,0,False,False,,2.3529411764705883,0.0,0.0,0.0,0.0,0.0,0.0,0.0,2.3529411764705883
2022,ATL,7,10,0,0.4117647058823529,-21,-1.2352941176470589,NFC,South,False,False,0,False,False,,4.117647058823529,0.0,0.0,0.0,0.0,0.0,0.0,0.0,4.117647058823529
2022,BAL,10,7,0,0.5882352941176471,35,2.0588235294117645,AFC,North,False,False,0,False,False,-7.0,5.882352941176471,0.0,0.0,0.0,0.0,0.0,0.0,0.0,5.882352941176471
2022,BUF,13,3,0,0.8125,169,10.5625,AFC,East,True,False,1,False,False,-7.0,8.125,2.0,0.0,2.0,0.0,0.0,0.0,0.0,12.125
2022,CAR,7,10,0,0.4117647058823529,-27,-1.588235294117647,NFC,South,False,False,0,False,False,,4.117647058823529,0.0,0.0,0.0,0.0,0.0,0.0,0.0,4.117647058823529
2022,CHI,3,14,0,0.17647058823529413,-137,-8.058823529411764,NFC,North,False,False,0,False,False,,1.7647058823529413,0.0,0.0,0.0,0.0,0.0,0.0,0.0,1.7647058823529413
2022,CIN,12,4,0,0.75,96,6.0,AFC,North,True,False,2,False,False,7.0,7.5,2.0,0.0,4.0,0.0,0.0,0.0,0.0,13.5
2022,CLE,7,10,0,0.4117647058823529,-20,-1.1764705882352942,AFC,North,False,False,0,False,False,,4.117647058823529,0.0,0.0,0.0,0.0,0.0,0.0,0.0,4.117647058823529
2022,DAL,12,5,0,0.7058823529411765,125,7.352941176470588,NFC,East,False,False,1,False,False,5.0,7.058823529411765,0.0,0.0,2.0,0.0,0.0,0.0,0.0,9.058823529411764
2022,DEN,5,12,0,0.29411764705882354,-72,-4.235294117647059,AFC,West,False,False,0,False,False,,2.9411764705882355,0.0,0.0,0.0,0.0,0.0,0.0,0.0,2.9411764705882355
2022,DET,9,8,0,0.5294117647058824,26,1.5294117647058822,NFC,North,False,False,0,False,False,,5.294117647058823,0.0,0.0,0.0,0.0,0.0,0.0,0.0,5.294117647058823
2022,GB,8,9,0,0.47058823529411764,-1,-0.058823529411764705,NFC,North,False,False,0,False,False,,4.705882352941177,0.0,0.0,0.0,0.0,0.0,0.0,0.0,4.705882352941177
2022,HOU,3,13,1,0.20588235294117646,-131,-7.705882352941177,AFC,South,False,False,0,False,False,,2.0588235294117645,0.0,0.0,0.0,0.0,0.0,0.0,0.0,2.0588235294117645
2022,IND,4,12,1,0.2647058823529412,-138,-8.117647058823529,AFC,South,False,False,0,False,False,,2.6470588235294117,0.0,0.0,0.0,0.0,0.0,0.0,0.0,2.6470588235294117
2022,JAX,9,8,0,0.5294117647058824,54,3.176470588235294,AFC,South,True,False,1,False,False,-3.0,5.294117647058823,2.0,0.0,2.0,0.0,0.0,0.0,0.0,9.294117647058822
2022,KC,14,3,0,0.8235294117647058,127,7.470588235294118,AFC,West,True,True,3,True,True,4.333333333333333,8.235294117647058,2.0,1.0,4.0,4.0,6.0,0.0,0.0,25.235294117647058
2022,LAC,10,7,0,0.5882352941176471,7,0.4117647058823529,AFC,West,False,False,0,False,False,-1.0,5.882352941176471,0.0,0.0,0.0,0.0,0.0,0.0,0.0,5.882352941176471
2022,LAR,5,12,0,0.29411764705882354,-77,-4.529411764705882,NFC,West,False,False,0,False,False,,2.9411764705882355,0.0,0.0,0.0,0.0,0.0,0.0,0.0,2.9411764705882355
2022,MIA,9,8,0,0.5294117647058824,-2,-0.11764705882352941,AFC,East,False,False,0,False,False,-3.0,5.294117647058823,0.0,0.0,0.0,0.0,0.0,0.0,0.0,5.294117647058823
2022,MIN,13,4,0,0.7647058823529411,-3,-0.17647058823529413,NFC,North,True,False,0,False,False,-7.0,7.647058823529411,2.0,0.0,0.0,0.0,0.0,0.0,0.0,9.647058823529411
2022,NE,8,9,0,0.47058823529411764,17,1.0,AFC,East,False,False,0,False,False,,4.705882352941177,0.0,0.0,0.0,0.0,0.0,0.0,0.0,4.705882352941177
2022,NO,7,10,0,0.4117647058823529,-15,-0.8823529411764706,NFC,South,False,False,0,False,False,,4.117647058823529,0.0,0.0,0.0,0.0,0.0,0.0,0.0,4.117647058823529
2022,NYG,9,7,1,0.5588235294117647,-6,-0.35294117647058826,NFC,East,False,False,1,False,False,-12.0,5.588235294117647,0.0,0.0,2.0,0.0,0.0,0.0,0.0,7.588235294117647
2022,NYJ,7,10,0,0.4117647058823529,-20,-1.1764705882352942,AFC,East,False,False,0,False,False,,4.117647058823529,0.0,0.0,0.0,0.0,0.0,0.0,0.0,4.117647058823529
2022,OAK,6,11,0,0.35294117647058826,-23,-1.3529411764705883,AFC,West,False,False,0,False,False,,3.5294117647058827,0.0,0.0,0.0,0.0,0.0,0.0,0.0,3.5294117647058827
2022,PHI,14,3,0,0.8235294117647058,133,7.823529411764706,NFC,East,True,True,2,True,False,17.333333333333332,8.235294117647058,2.0,1.0,4.0,4.0,0.0,0.0,1.0,20.235294117647058
2022,PIT,9,8,0,0.5294117647058824,-38,-2.235294117647059,AFC,North,False,False,0,False,False,,5.294117647058823,0.0,0.0,0.0,0.0,0.0,0.0,0.0,5.294117647058823
2022,SEA,9,8,0,0.5294117647058824,6,0.35294117647058826,NFC,West,False,False,0,False,False,-18.0,5.294117647058823,0.0,0.0,0.0,0.0,0.0,0.0,0.0,5.294117647058823
2022,SF,13,4,0,0.7647058823529411,173,10.176470588235293,NFC,West,True,False,2,False,False,0.3333333333333333,7.647058823529411,2.0,0.0,4.0,0.0,0.0,0.0,0.0,13.647058823529411
2022,TB,8,9,0,0.47058823529411764,-45,-2.6470588235294117,NFC,South,True,False,0,False,False,-17.0,4.705882352941177,2.0,0.0,0.0,0.0,0.0,0.0,0.0,6.705882352941177
2022,TEN,7,10,0,0.4117647058823529,-61,-3.588235294117647,AFC,South,False,False,0,False,False,,4.117647058823529,0.0,0.0,0.0,0.0,0.0,0.0,0.0,4.117647058823529
2022,WSH,8,8,1,0.5,-22,-1.2941176470588236,NFC,East,False,False,0,False,False,,5.0,0.0,0.0,0.0,0.0,0.0,0.0,0.0,5.0
2023,ARI,4,13,0,0.23529411764705882,-125,-7.352941176470588,NFC,West,False,False,0,False,False,,2.3529411764705883,0.0,0.0,0.0,0.0,0.0,0.0,0.0,2.3529411764705883
2023,ATL,7,10,0,0.4117647058823529,-52,-3.0588235294117645,NFC,South,False,False,0,False,False,,4.117647058823529,0.0,0.0,0.0,0.0,0.0,0.0,0.0,4.117647058823529
2023,BAL,13,4,0,0.7647058823529411,203,11.941176470588236,AFC,North,True,True,1,False,False,8.5,7.647058823529411,2.0,1.0,2.0,0.0,0.0,0.0,0.0,12.647058823529411
2023,BUF,11,6,0,0.6470588235294118,140,8.235294117647058,AFC,East,True,False,1,False,False,5.5,6.470588235294118,2.0,0.0,2.0,0.0,0.0,0.0,0.0,10.470588235294118
2023,CAR,2,15,0,0.11764705882352941,-180,-10.588235294117647,NFC,South,False,False,0,False,False,,1.1764705882352942,0.0,0.0,0.0,0.0,0.0,0.0,0.0,1.1764705882352942
2023,CHI,7,10,0,0.4117647058823529,-19,-1.1176470588235294,NFC,North,False,False,0,False,False,,4.117647058823529,0.0,0.0,0.0,0.0,0.0,0.0,0.0,4.117647058823529
2023,CIN,9,8,0,0.5294117647058824,-18,-1.0588235294117647,AFC,North,False,False,0,False,False,,5.294117647058823,0.0,0.0,0.0,0.0,0.0,0.0,0.0,5.294117647058823
2023,CLE,11,6,0,0.6470588235294118,34,2.0,AFC,North,False,False,0,False,False,-31.0,6.470588235294118,0.0,0.0,0.0,0.0,0.0,0.0,0.0,6.470588235294118
2023,DAL,12,5,0,0.7058823529411765,194,11.411764705882353,NFC,East,True,True,0,False,False,-16.0,7.058823529411765,2.0,1.0,0.0,0.0,0.0,0.0,0.0,10.058823529411764
2023,DEN,8,9,0,0.47058823529411764,-56,-3.2941176470588234,AFC,West,False,False,0,False,False,,4.705882352941177,0.0,0.0,0.0,0.0,0.0,0.0,0.0,4.705882352941177
2023,DET,12,5,0,0.7058823529411765,66,3.8823529411764706,NFC,North,True,False,2,False,False,2.0,7.058823529411765,2.0,0.0,4.0,0.0,0.0,0.0,0.0,13.058823529411764
2023,GB,9,8,0,0.5294117647058824,33,1.9411764705882353,NFC,North,False,False,1,False,False,6.5,5.294117647058823,0.0,0.0,2.0,0.0,0.0,0.0,0.0,7.294117647058823
2023,HOU,10,7,0,0.5882352941176471,24,1.411764705882353,AFC,South,True,False,1,False,False,3.5,5.882352941176471,2.0,0.0,2.0,0.0,0.0,0.0,0.0,9.882352941176471
2023,IND,9,8,0,0.5294117647058824,-19,-1.1176470588235294,AFC,South,False,False,0,False,False,,5.294117647058823,0.0,0.0,0.0,0.0,0.0,0.0,0.0,5.294117647058823
2023,JAX,9,8,0,0.5294117647058824,6,0.35294117647058826,AFC,South,False,False,0,False,False,,5.294117647058823,0.0,0.0,0.0,0.0,0.0,0.0,0.0,5.294117647058823
2023,KC,11,6,0,0.6470588235294118,77,4.529411764705882,AFC,West,True,False,4,True,True,8.0,6.470588235294118,2.0,0.0,6.0,4.0,6.0,0.0,0.0,24.470588235294116
2023,LAC,5,12,0,0.29411764705882354,-52,-3.0588235294117645,AFC,West,False,False,0,False,False,,2.9411764705882355,0.0,0.0,0.0,0.0,0.0,0.0,0.0,2.9411764705882355
2023,LAR,10,7,0,0.5882352941176471,27,1.588235294117647,NFC,West,False,False,0,False,False,-1.0,5.882352941176471,0.0,0.0,0.0,0.0,0.0,0.0,0.0,5.882352941176471
2023,MIA,11,6,0,0.6470588235294118,105,6.176470588235294,AFC,East,False,False,0,False,False,-19.0,6.470588235294118,0.0,0.0,0.0,0.0,0.0,0.0,0.0,6.470588235294118
2023,MIN,7,10,0,0.4117647058823529,-18,-1.0588235294117647,NFC,North,False,False,0,False,False,,4.117647058823529,0.0,0.0,0.0,0.0,0.0,0.0,0.0,4.117647058823529
2023,NE,4,13,0,0.23529411764705882,-130,-7.647058823529412,AFC,East,False,False,0,False,False,,2.3529411764705883,0.0,0.0,0.0,0.0,0.0,0.0,0.0,2.3529411764705883
2023,NO,9,8,0,0.5294117647058824,75,4.411764705882353,NFC,South,True,False,0,False,False,,5.294117647058823,2.0,0.0,0.0,0.0,0.0,0.0,0.0,7.294117647058823
2023,NYG,6,11,0,0.35294117647058826,-141,-8.294117647058824,NFC,East,False,False,0,False,False,,3.5294117647058827,0.0,0.0,0.0,0.0,0.0,0.0,0.0,3.5294117647058827
2023,NYJ,7,10,0,0.4117647058823529,-87,-5.117647058823529,AFC,East,False,False,0,False,False,,4.117647058823529,0.0,0.0,0.0,0.0,0.0,0.0,0.0,4.117647058823529
2023,OAK,8,9,0,0.47058823529411764,1,0.058823529411764705,AFC,West,False,False,0,False,False,,4.705882352941177,0.0,0.0,0.0,0.0,0.0,0.0,0.0,4.705882352941177
2023,PHI,11,6,0,0.6470588235294118,5,0.29411764705882354,NFC,East,False,False,0,False,False,-23.0,6.470588235294118,0.0,0.0,0.0,0.0,0.0,0.0,0.0,6.470588235294118
2023,PIT,10,7,0,0.5882352941176471,-20,-1.1764705882352942,AFC,North,False,False,0,False,False,-14.0,5.882352941176471,0.0,0.0,0.0,0.0,0.0,0.0,0.0,5.882352941176471
2023,SEA,9,8,0,0.5294117647058824,-38,-2.235294117647059,NFC,West,False,False,0,False,False,,5.294117647058823,0.0,0.0,0.0,0.0,0.0,0.0,0.0,5.294117647058823
2023,SF,12,5,0,0.7058823529411765,193,11.352941176470589,NFC,West,True,False,2,True,False,1.0,7.058823529411765,2.0,0.0,4.0,4.0,0.0,0.0,0.0,17.058823529411764
2023,TB,9,8,0,0.5294117647058824,23,1.3529411764705883,NFC,South,False,False,1,False,False,7.5,5.294117647058823,0.0,0.0,2.0,0.0,0.0,0.0,0.0,7.294117647058823
2023,TEN,6,11,0,0.35294117647058826,-62,-3.6470588235294117,AFC,South,False,False,0,False,False,,3.5294117647058827,0.0,0.0,0.0,0.0,0.0,0.0,0.0,3.5294117647058827
2023,WSH,4,13,0,0.23529411764705882,-189,-11.117647058823529,NFC,East,False,False,0,False,False,,2.3529411764705883,0.0,0.0,0.0,0.0,0.0,0.0,0.0,2.3529411764705883
2024,ARI,8,9,0,0.47058823529411764,21,1.2352941176470589,NFC,West,False,False,0,False,False,,4.705882352941177,0.0,0.0,0.0,0.0,0.0,0.0,0.0,4.705882352941177
2024,ATL,8,9,0,0.47058823529411764,-34,-2.0,NFC,South,False,False,0,False,False,,4.705882352941177,0.0,0.0,0.0,0.0,0.0,0.0,0.0,4.705882352941177
2024,BAL,12,5,0,0.7058823529411765,157,9.235294117647058,AFC,North,True,False,1,False,False,6.0,7.058823529411765,2.0,0.0,2.0,0.0,0.0,0.0,0.0,11.058823529411764
2024,BUF,13,4,0,0.7647058823529411,157,9.235294117647058,AFC,East,True,False,2,False,False,7.666666666666667,7.647058823529411,2.0,0.0,4.0,0.0,0.0,0.0,0.0,13.647058823529411
2024,CAR,5,12,0,0.29411764705882354,-193,-11.352941176470589,NFC,South,False,False,0,False,False,,2.9411764705882355,0.0,0.0,0.0,0.0,0.0,0.0,0.0,2.9411764705882355
2024,CHI,5,12,0,0.29411764705882354,-60,-3.5294117647058822,NFC,North,False,False,0,False,False,,2.9411764705882355,0.0,0.0,0.0,0.0,0.0,0.0,0.0,2.9411764705882355
2024,CIN,9,8,0,0.5294117647058824,38,2.235294117647059,AFC,North,False,False,0,False,False,,5.294117647058823,0.0,0.0,0.0,0.0,0.0,0.0,0.0,5.294117647058823
2024,CLE,3,14,0,0.17647058823529413,-177,-10.411764705882353,AFC,North,False,False,0,False,False,,1.7647058823529413,0.0,0.0,0.0,0.0,0.0,0.0,0.0,1.7647058823529413
2024,DAL,7,10,0,0.4117647058823529,-118,-6.9411764705882355,NFC,East,False,False,0,False,False,,4.117647058823529,0.0,0.0,0.0,0.0,0.0,0.0,0.0,4.117647058823529
2024,DEN,10,7,0,0.5882352941176471,114,6.705882352941177,AFC,West,False,False,0,False,False,-24.0,5.882352941176471,0.0,0.0,0.0,0.0,0.0,0.0,0.0,5.882352941176471
2024,DET,15,2,0,0.8823529411764706,222,13.058823529411764,NFC,North,True,True,0,False,False,-14.0,8.823529411764707,2.0,1.0,0.0,0.0,0.0,0.0,0.0,11.823529411764707
2024,GB,11,6,0,0.6470588235294118,122,7.176470588235294,NFC,North,False,False,0,False,False,-12.0,6.470588235294118,0.0,0.0,0.0,0.0,0.0,0.0,0.0,6.470588235294118
2024,HOU,10,7,0,0.5882352941176471,0,0.0,AFC,South,True,False,1,False,False,5.5,5.882352941176471,2.0,0.0,2.0,0.0,0.0,0.0,0.0,9.882352941176471
2024,IND,8,9,0,0.47058823529411764,-50,-2.9411764705882355,AFC,South,False,False,0,False,False,,4.705882352941177,0.0,0.0,0.0,0.0,0.0,0.0,0.0,4.705882352941177
2024,JAX,4,13,0,0.23529411764705882,-115,-6.764705882352941,AFC,South,False,False,0,False,False,,2.3529411764705883,0.0,0.0,0.0,0.0,0.0,0.0,0.0,2.3529411764705883
2024,KC,15,2,0,0.8823529411764706,59,3.4705882352941178,AFC,West,True,True,2,True,False,-2.0,8.823529411764707,2.0,1.0,4.0,4.0,0.0,0.0,0.0,19.823529411764707
2024,LAC,11,6,0,0.6470588235294118,101,5.9411764705882355,AFC,West,False,False,0,False,False,-20.0,6.470588235294118,0.0,0.0,0.0,0.0,0.0,0.0,0.0,6.470588235294118
2024,LAR,10,7,0,0.5882352941176471,-19,-1.1176470588235294,NFC,West,False,False,1,False,False,6.0,5.882352941176471,0.0,0.0,2.0,0.0,0.0,0.0,0.0,7.882352941176471
2024,MIA,8,9,0,0.47058823529411764,-19,-1.1176470588235294,AFC,East,False,False,0,False,False,,4.705882352941177,0.0,0.0,0.0,0.0,0.0,0.0,0.0,4.705882352941177
2024,MIN,14,3,0,0.8235294117647058,100,5.882352941176471,NFC,North,False,False,0,False,False,-18.0,8.235294117647058,0.0,0.0,0.0,0.0,0.0,0.0,0.0,8.235294117647058
2024,NE,4,13,0,0.23529411764705882,-128,-7.529411764705882,AFC,East,False,False,0,False,False,,2.3529411764705883,0.0,0.0,0.0,0.0,0.0,0.0,0.0,2.3529411764705883
2024,NO,5,12,0,0.29411764705882354,-60,-3.5294117647058822,NFC,South,False,False,0,False,False,,2.9411764705882355,0.0,0.0,0.0,0.0,0.0,0.0,0.0,2.9411764705882355
2024,NYG,3,14,0,0.17647058823529413,-142,-8.352941176470589,NFC,East,False,False,0,False,False,,1.7647058823529413,0.0,0.0,0.0,0.0,0.0,0.0,0.0,1.7647058823529413
2024,NYJ,5,12,0,0.29411764705882354,-66,-3.8823529411764706,AFC,East,False,False,0,False,False,,2.9411764705882355,0.0,0.0,0.0,0.0,0.0,0.0,0.0,2.9411764705882355
2024,OAK,4,13,0,0.23529411764705882,-125,-7.352941176470588,AFC,West,False,False,0,False,False,,2.3529411764705883,0.0,0.0,0.0,0.0,0.0,0.0,0.0,2.3529411764705883
2024,PHI,14,3,0,0.8235294117647058,160,9.411764705882353,NFC,East,True,False,4,True,True,17.0,8.235294117647058,2.0,0.0,6.0,4.0,6.0,0.0,1.0,27.235294117647058
2024,PIT,10,7,0,0.5882352941176471,33,1.9411764705882353,AFC,North,False,False,0,False,False,-14.0,5.882352941176471,0.0,0.0,0.0,0.0,0.0,0.0,0.0,5.882352941176471
2024,SEA,10,7,0,0.5882352941176471,7,0.4117647058823529,NFC,West,True,False,0,False,False,,5.882352941176471,2.0,0.0,0.0,0.0,0.0,0.0,0.0,7.882352941176471
2024,SF,6,11,0,0.35294117647058826,-47,-2.764705882352941,NFC,West,False,False,0,False,False,,3.5294117647058827,0.0,0.0,0.0,0.0,0.0,0.0,0.0,3.5294117647058827
2024,TB,10,7,0,0.5882352941176471,117,6.882352941176471,NFC,South,True,False,0,False,False,-3.0,5.882352941176471,2.0,0.0,0.0,0.0,0.0,0.0,0.0,7.882352941176471
2024,TEN,3,14,0,0.17647058823529413,-149,-8.764705882352942,AFC,South,False,False,0,False,False,,1.7647058823529413,0.0,0.0,0.0,0.0,0.0,0.0,0.0,1.7647058823529413
2024,WSH,12,5,0,0.7058823529411765,94,5.529411764705882,NFC,East,False,False,2,False,False,-5.0,7.058823529411765,0.0,0.0,4.0,0.0,0.0,0.0,0.0,11.058823529411764
2025,ARI,3,14,0,0.17647058823529413,-133,-7.823529411764706,NFC,West,False,False,0,False,False,,1.7647058823529413,0.0,0.0,0.0,0.0,0.0,0.0,0.0,1.7647058823529413
2025,ATL,8,9,0,0.47058823529411764,-48,-2.823529411764706,NFC,South,False,False,0,False,False,,4.705882352941177,0.0,0.0,0.0,0.0,0.0,0.0,0.0,4.705882352941177
2025,BAL,8,9,0,0.47058823529411764,26,1.5294117647058822,AFC,North,False,False,0,False,False,,4.705882352941177,0.0,0.0,0.0,0.0,0.0,0.0,0.0,4.705882352941177
2025,BUF,12,5,0,0.7058823529411765,116,6.823529411764706,AFC,East,False,False,1,False,False,0.0,7.058823529411765,0.0,0.0,2.0,0.0,0.0,0.0,0.0,9.058823529411764
2025,CAR,8,9,0,0.47058823529411764,-69,-4.0588235294117645,NFC,South,False,False,0,False,False,-3.0,4.705882352941177,0.0,0.0,0.0,0.0,0.0,0.0,0.0,4.705882352941177
2025,CHI,11,6,0,0.6470588235294118,26,1.5294117647058822,NFC,North,True,False,1,False,False,0.5,6.470588235294118,2.0,0.0,2.0,0.0,0.0,0.0,0.0,10.470588235294118
2025,CIN,6,11,0,0.35294117647058826,-78,-4.588235294117647,AFC,North,False,False,0,False,False,,3.5294117647058827,0.0,0.0,0.0,0.0,0.0,0.0,0.0,3.5294117647058827
2025,CLE,5,12,0,0.29411764705882354,-100,-5.882352941176471,AFC,North,False,False,0,False,False,,2.9411764705882355,0.0,0.0,0.0,0.0,0.0,0.0,0.0,2.9411764705882355
2025,DAL,7,9,1,0.4411764705882353,-40,-2.3529411764705883,NFC,East,False,False,0,False,False,,4.411764705882353,0.0,0.0,0.0,0.0,0.0,0.0,0.0,4.411764705882353
2025,DEN,14,3,0,0.8235294117647058,90,5.294117647058823,AFC,West,True,False,1,False,False,0.0,8.235294117647058,2.0,0.0,2.0,0.0,0.0,0.0,0.0,12.235294117647058
2025,DET,9,8,0,0.5294117647058824,68,4.0,NFC,North,False,False,0,False,False,,5.294117647058823,0.0,0.0,0.0,0.0,0.0,0.0,0.0,5.294117647058823
2025,GB,9,7,1,0.5588235294117647,31,1.8235294117647058,NFC,North,False,False,0,False,False,-4.0,5.588235294117647,0.0,0.0,0.0,0.0,0.0,0.0,0.0,5.588235294117647
2025,HOU,12,5,0,0.7058823529411765,109,6.411764705882353,AFC,South,False,False,1,False,False,6.0,7.058823529411765,0.0,0.0,2.0,0.0,0.0,0.0,0.0,9.058823529411764
2025,IND,8,9,0,0.47058823529411764,54,3.176470588235294,AFC,South,False,False,0,False,False,,4.705882352941177,0.0,0.0,0.0,0.0,0.0,0.0,0.0,4.705882352941177
2025,JAX,13,4,0,0.7647058823529411,138,8.117647058823529,AFC,South,True,False,0,False,False,-3.0,7.647058823529411,2.0,0.0,0.0,0.0,0.0,0.0,0.0,9.647058823529411
2025,KC,6,11,0,0.35294117647058826,34,2.0,AFC,West,False,False,0,False,False,,3.5294117647058827,0.0,0.0,0.0,0.0,0.0,0.0,0.0,3.5294117647058827
2025,LAC,11,6,0,0.6470588235294118,28,1.6470588235294117,AFC,West,False,False,0,False,False,-13.0,6.470588235294118,0.0,0.0,0.0,0.0,0.0,0.0,0.0,6.470588235294118
2025,LAR,12,5,0,0.7058823529411765,172,10.117647058823529,NFC,West,False,False,2,False,False,0.6666666666666666,7.058823529411765,0.0,0.0,4.0,0.0,0.0,0.0,0.0,11.058823529411764
2025,MIA,7,10,0,0.4117647058823529,-77,-4.529411764705882,AFC,East,False,False,0,False,False,,4.117647058823529,0.0,0.0,0.0,0.0,0.0,0.0,0.0,4.117647058823529
2025,MIN,9,8,0,0.5294117647058824,11,0.6470588235294118,NFC,North,False,False,0,False,False,,5.294117647058823,0.0,0.0,0.0,0.0,0.0,0.0,0.0,5.294117647058823
2025,NE,14,3,0,0.8235294117647058,170,10.0,AFC,East,True,True,3,True,False,3.0,8.235294117647058,2.0,1.0,6.0,4.0,0.0,0.0,0.0,21.235294117647058
2025,NO,6,11,0,0.35294117647058826,-77,-4.529411764705882,NFC,South,False,False,0,False,False,,3.5294117647058827,0.0,0.0,0.0,0.0,0.0,0.0,0.0,3.5294117647058827
2025,NYG,4,13,0,0.23529411764705882,-58,-3.411764705882353,NFC,East,False,False,0,False,False,,2.3529411764705883,0.0,0.0,0.0,0.0,0.0,0.0,0.0,2.3529411764705883
2025,NYJ,3,14,0,0.17647058823529413,-203,-11.941176470588236,AFC,East,False,False,0,False,False,,1.7647058823529413,0.0,0.0,0.0,0.0,0.0,0.0,0.0,1.7647058823529413
2025,OAK,3,14,0,0.17647058823529413,-191,-11.235294117647058,AFC,West,False,False,0,False,False,,1.7647058823529413,0.0,0.0,0.0,0.0,0.0,0.0,0.0,1.7647058823529413
2025,PHI,11,6,0,0.6470588235294118,54,3.176470588235294,NFC,East,True,False,0,False,False,-4.0,6.470588235294118,2.0,0.0,0.0,0.0,0.0,0.0,0.0,8.470588235294118
2025,PIT,10,7,0,0.5882352941176471,10,0.5882352941176471,AFC,North,True,False,0,False,False,-24.0,5.882352941176471,2.0,0.0,0.0,0.0,0.0,0.0,0.0,7.882352941176471
2025,SEA,14,3,0,0.8235294117647058,191,11.235294117647058,NFC,West,True,True,3,True,True,18.333333333333332,8.235294117647058,2.0,1.0,4.0,4.0,6.0,0.0,1.0,26.235294117647058
2025,SF,12,5,0,0.7058823529411765,66,3.8823529411764706,NFC,West,False,False,1,False,False,-15.5,7.058823529411765,0.0,0.0,2.0,0.0,0.0,0.0,0.0,9.058823529411764
2025,TB,8,9,0,0.47058823529411764,-31,-1.8235294117647058,NFC,South,True,False,0,False,False,,4.705882352941177,2.0,0.0,0.0,0.0,0.0,0.0,0.0,6.705882352941177
2025,TEN,3,14,0,0.17647058823529413,-194,-11.411764705882353,AFC,South,False,False,0,False,False,,1.7647058823529413,0.0,0.0,0.0,0.0,0.0,0.0,0.0,1.7647058823529413
2025,WSH,5,12,0,0.29411764705882354,-95,-5.588235294117647,NFC,East,False,False,0,False,False,,2.9411764705882355,0.0,0.0,0.0,0.0,0.0,0.0,0.0,2.9411764705882355
