franchise,season,era,games,wins,losses,ties,record,explosive_per_game,explosive_allowed_per_game,explosive_diff_per_game,explosive_rate_per_play,turnover_diff_per_game,points_per_game,margin_per_game,bayes_rating_z,won_super_bowl,reached_super_bowl
SEA,2014,2008-2016,16,12,4,0,12-4-0,8.5625,3.875,4.6875,0.13672654690618763,-0.5,24.625,8.75,1.5621814702478376,False,True
SF,2012,2008-2016,16,11,4,1,11-4-1,8.4375,4.25,4.1875,0.14150943396226415,-0.5625,24.8125,7.75,1.3512536830358128,False,True
SF,2023,2017-2025,17,12,5,0,12-5-0,8.764705882352942,4.9411764705882355,3.823529411764706,0.1495983935742972,-0.5882352941176471,28.88235294117647,11.352941176470589,1.9441991629091229,False,True
BAL,2019,2017-2025,16,14,2,0,14-2-0,8.875,5.125,3.75,0.1362763915547025,-0.625,33.1875,15.5625,1.8996067248548525,False,False
PIT,2001,1999-2007,16,13,3,0,13-3-0,8.375,4.6875,3.6875,0.12582159624413145,-0.4375,22.0,8.75,1.3629969917968636,False,False
BAL,2024,2017-2025,17,12,5,0,12-5-0,8.470588235294118,4.882352941176471,3.588235294117647,0.13859480269489893,-0.35294117647058826,30.470588235294116,9.235294117647058,1.683685680454067,False,False
PIT,2010,2008-2016,16,12,4,0,12-4-0,7.0,3.5625,3.4375,0.11534500514933059,-1.0,23.4375,8.9375,1.5739583100946564,False,True
PHI,2013,2008-2016,16,10,6,0,10-6-0,9.625,6.25,3.375,0.14807692307692308,-0.75,27.625,3.75,0.3098275868149977,False,False
BUF,2000,1999-2007,15,8,7,0,8-7-0,7.333333333333333,4.266666666666667,3.066666666666667,0.10869565217391304,-0.4666666666666667,20.133333333333333,-1.7333333333333334,-0.225803515301286,False,False
SEA,2015,2008-2016,16,10,6,0,10-6-0,7.5625,4.5,3.0625,0.11921182266009853,-0.4375,26.4375,9.125,1.59555430936235,False,False
DEN,2014,2008-2016,16,12,4,0,12-4-0,7.375,4.375,3.0,0.11281070745697896,-0.3125,30.125,8.0,1.3140569936146411,False,False
LAR,2001,1999-2007,16,14,2,0,14-2-0,8.0625,5.125,2.9375,0.1278493557978196,0.625,31.4375,14.375,2.51352590312949,False,True
MIN,2017,2017-2025,16,13,3,0,13-3-0,6.3125,3.4375,2.875,0.097678916827853,-0.3125,23.875,8.125,1.254711071107709,False,False
SEA,2013,2008-2016,16,13,3,0,13-3-0,7.6875,4.875,2.8125,0.1289308176100629,-1.1875,26.0625,11.625,2.2946585352779585,True,True
SF,2019,2017-2025,16,13,3,0,13-3-0,7.875,5.0625,2.8125,0.12650602409638553,-0.25,29.9375,10.5625,1.7875097359771954,False,True
SEA,2003,1999-2007,16,10,6,0,10-6-0,7.1875,4.375,2.8125,0.1143141153081511,0.0,25.25,4.8125,0.6758474896444475,False,False
WSH,2012,2008-2016,16,10,6,0,10-6-0,8.8125,6.0625,2.75,0.14343845371312308,-1.0625,27.25,3.0,0.4751928865044245,False,False
JAX,2006,1999-2007,16,8,8,0,8-8-0,7.25,4.5,2.75,0.11921891058581706,-0.125,23.1875,6.0625,1.1215652098160651,False,False
SF,2022,2017-2025,17,13,4,0,13-4-0,6.882352941176471,4.176470588235294,2.7058823529411766,0.11359223300970873,-0.7647058823529411,26.470588235294116,10.176470588235293,1.7515500318058423,False,False
HOU,2011,2008-2016,16,10,6,0,10-6-0,8.0625,5.375,2.6875,0.1254863813229572,-0.375,23.8125,6.4375,0.979096029509234,False,False
PHI,2024,2017-2025,17,14,3,0,14-3-0,7.352941176470588,4.705882352941177,2.6470588235294117,0.11436413540713632,-0.6470588235294118,27.235294117647058,9.411764705882353,1.770109028049946,True,True
PHI,2021,2017-2025,17,9,8,0,9-8-0,7.529411764705882,4.882352941176471,2.6470588235294117,0.11996251171508904,0.0,26.11764705882353,3.4705882352941178,0.2549972109302316,False,False
DEN,2012,2008-2016,16,13,3,0,13-3-0,6.9375,4.3125,2.625,0.10422535211267606,0.0625,30.0625,12.0,1.5800733634843045,False,False
IND,2007,1999-2007,16,13,3,0,13-3-0,6.25,3.625,2.625,0.099601593625498,-1.125,28.125,11.75,1.6749448117279406,False,False
LAC,2010,2008-2016,16,9,7,0,9-7-0,6.9375,4.3125,2.625,0.10755813953488372,0.375,27.5625,7.4375,0.9699715907509796,False,False
LAR,1999,1999-2007,15,12,3,0,12-3-0,7.533333333333333,4.933333333333334,2.6,0.12625698324022347,-0.5333333333333333,33.266666666666666,17.8,2.316797663834999,True,True
PIT,2011,2008-2016,16,12,4,0,12-4-0,6.8125,4.25,2.5625,0.10932798395185557,0.8125,20.3125,6.125,0.8914600407264484,False,False
CIN,2015,2008-2016,16,12,4,0,12-4-0,6.8125,4.3125,2.5,0.11032388663967611,-0.6875,26.1875,8.75,1.5163666682979815,False,False
SEA,2012,2008-2016,16,11,5,0,11-5-0,7.5,5.0625,2.4375,0.125,-0.8125,25.75,10.4375,1.5128980714778315,False,False
MIA,2002,1999-2007,16,9,7,0,9-7-0,7.4375,5.0,2.4375,0.11911911911911911,0.0,23.625,4.8125,0.9555454778576336,False,False
PHI,2022,2017-2025,17,14,3,0,14-3-0,8.058823529411764,5.647058823529412,2.411764705882353,0.12398190045248869,-0.47058823529411764,28.058823529411764,7.823529411764706,1.9742176728368264,False,True
TB,2024,2017-2025,17,10,7,0,10-7-0,7.764705882352941,5.352941176470588,2.411764705882353,0.12177121771217712,0.29411764705882354,29.529411764705884,6.882352941176471,0.9911409454777784,False,False
PHI,2011,2008-2016,16,8,8,0,8-8-0,9.0625,6.6875,2.375,0.14257620452310718,0.875,24.75,4.25,0.8099167961920243,False,False
DAL,2009,2008-2016,16,11,5,0,11-5-0,7.625,5.25,2.375,0.1217564870259481,-0.125,22.5625,6.9375,0.977071290806198,False,False
SEA,2025,2017-2025,17,14,3,0,14-3-0,6.588235294117647,4.235294117647059,2.3529411764705883,0.1123370110330993,0.058823529411764705,28.41176470588235,11.235294117647058,2.2970438088936502,True,True
SF,2013,2008-2016,16,12,4,0,12-4-0,7.125,4.8125,2.3125,0.12063492063492064,-0.6875,25.375,8.375,1.57909814679849,False,False
BAL,2003,1999-2007,16,10,6,0,10-6-0,6.5,4.1875,2.3125,0.10431293881644935,-0.1875,24.4375,6.875,0.8971409390671662,False,False
NE,2025,2017-2025,17,14,3,0,14-3-0,7.235294117647059,4.9411764705882355,2.2941176470588234,0.12094395280235988,-0.17647058823529413,28.823529411764707,10.0,1.1781663610515876,False,True
SF,2024,2017-2025,17,6,11,0,6-11-0,7.235294117647059,4.9411764705882355,2.2941176470588234,0.12130177514792899,0.5882352941176471,22.88235294117647,-2.764705882352941,-0.2958127004756273,False,False
SEA,2005,1999-2007,16,13,3,0,13-3-0,7.4375,5.1875,2.25,0.11888111888111888,-0.625,28.25,11.3125,1.3882562068209234,False,True
OAK,2000,1999-2007,16,12,4,0,12-4-0,6.875,4.625,2.25,0.10945273631840796,-1.0625,29.9375,11.25,1.5425562850241326,False,False
CLE,2021,2017-2025,17,8,9,0,8-9-0,7.529411764705882,5.294117647058823,2.235294117647059,0.12272291466922339,0.17647058823529413,20.529411764705884,-1.2941176470588236,-0.1278333756442646,False,False
PIT,2002,1999-2007,16,10,5,1,10-5-1,7.1875,5.0,2.1875,0.10511882998171847,0.0,24.375,2.8125,0.5096695389622229,False,False
PIT,2005,1999-2007,16,11,5,0,11-5-0,6.25,4.0625,2.1875,0.10638297872340426,-0.4375,24.3125,8.1875,1.6787045332573478,True,True
NE,2021,2017-2025,17,10,7,0,10-7-0,7.352941176470588,5.176470588235294,2.176470588235294,0.12054001928640308,-0.4117647058823529,27.176470588235293,9.352941176470589,0.9217828778047128,False,False
KC,2005,1999-2007,16,10,6,0,10-6-0,7.375,5.25,2.125,0.11324376199616124,-0.5,25.1875,4.875,0.9138909614301304,False,False
KC,2020,2017-2025,16,14,2,0,14-2-0,7.875,5.75,2.125,0.12092130518234165,-0.375,29.5625,6.9375,1.1504077418391785,False,True
PIT,2004,1999-2007,16,15,1,0,15-1-0,6.8125,4.6875,2.125,0.11122448979591837,-0.6875,23.25,7.5625,1.3231559245440003,False,False
CAR,2012,2008-2016,16,7,9,0,7-9-0,7.5,5.375,2.125,0.12295081967213115,-0.0625,22.3125,-0.375,0.0699427255700867,False,False
TEN,2000,1999-2007,16,13,3,0,13-3-0,6.125,4.0,2.125,0.09598432908912831,0.0,21.625,9.6875,1.3430728895445667,False,False
LAR,2020,2017-2025,16,10,6,0,10-6-0,6.5625,4.4375,2.125,0.09813084112149532,0.1875,23.25,4.75,0.8663075891655371,False,False
BAL,2022,2017-2025,17,10,7,0,10-7-0,7.117647058823529,5.0,2.1176470588235294,0.11747572815533981,-0.23529411764705882,20.58823529411765,2.0588235294117645,0.5637831391377808,False,False
BAL,2000,1999-2007,16,12,4,0,12-4-0,5.875,3.8125,2.0625,0.08943862987630828,-1.4375,20.8125,10.5,1.890862564037057,True,True
NE,2004,1999-2007,16,14,2,0,14-2-0,6.8125,4.75,2.0625,0.10824230387288977,-0.5625,27.3125,11.0625,2.333444080186985,True,True
IND,2020,2017-2025,16,11,5,0,11-5-0,7.5,5.4375,2.0625,0.11857707509881422,-0.625,28.1875,5.5625,0.6555440032869742,False,False
MIA,2023,2017-2025,17,11,6,0,11-6-0,7.294117647058823,5.235294117647059,2.0588235294117645,0.11969111969111969,-0.11764705882352941,29.176470588235293,6.176470588235294,0.6122999575810141,False,False
GB,2024,2017-2025,17,11,6,0,11-6-0,7.588235294117647,5.529411764705882,2.0588235294117645,0.12622309197651663,-0.7058823529411765,27.058823529411764,7.176470588235294,1.15206522044902,False,False
GB,2025,2017-2025,17,9,7,1,9-7-1,6.764705882352941,4.764705882352941,2.0,0.11581067472306143,-0.058823529411764705,23.0,1.8235294117647058,0.1909162528138276,False,False
SEA,2017,2017-2025,16,9,7,0,9-7-0,7.375,5.375,2.0,0.11871227364185111,-0.5,22.875,2.125,0.4100222960845411,False,False
DAL,2003,1999-2007,16,10,6,0,10-6-0,6.5625,4.5625,2.0,0.09971509971509972,0.3125,18.0625,1.8125,-0.0663688750365598,False,False
DEN,2004,1999-2007,16,10,6,0,10-6-0,7.125,5.125,2.0,0.10815939278937381,0.5625,23.8125,4.8125,0.7145327994649047,False,False
ATL,2006,1999-2007,16,7,9,0,7-9-0,7.4375,5.4375,2.0,0.11959798994974874,-0.3125,18.25,-2.25,-0.5609745335756592,False,False
PIT,2012,2008-2016,16,8,8,0,8-8-0,5.875,3.875,2.0,0.09297725024727992,0.625,21.0,1.375,0.0672225184017386,False,False
LAR,2025,2017-2025,17,12,5,0,12-5-0,7.352941176470588,5.411764705882353,1.9411764705882353,0.11837121212121213,-0.6470588235294118,30.470588235294116,10.117647058823529,1.8836062382712728,False,False
PIT,2016,2008-2016,16,11,5,0,11-5-0,7.1875,5.25,1.9375,0.11318897637795275,-0.25,24.9375,4.5,0.9563577530969511,False,False
DAL,2016,2008-2016,16,13,3,0,13-3-0,6.9375,5.0,1.9375,0.11167002012072434,-0.3125,26.3125,7.1875,1.211220143573764,False,False
PIT,2008,2008-2016,16,12,4,0,12-4-0,5.0625,3.125,1.9375,0.08124373119358075,-0.25,21.6875,7.75,1.5781047302028666,True,True
BUF,1999,1999-2007,16,11,5,0,11-5-0,6.3125,4.375,1.9375,0.09853658536585366,0.375,20.0,5.6875,1.0202757893443362,False,False
NYJ,2009,2008-2016,16,9,7,0,9-7-0,6.75,4.8125,1.9375,0.10619469026548672,-0.0625,21.75,7.0,0.9894061275547312,False,False
DAL,2008,2008-2016,16,9,7,0,9-7-0,6.4375,4.5,1.9375,0.10662525879917184,0.6875,22.625,-0.1875,0.2093528059433483,False,False
CAR,2011,2008-2016,16,6,10,0,6-10-0,8.75,6.8125,1.9375,0.1417004048582996,-0.0625,25.375,-1.4375,-0.3198829109668935,False,False
DAL,2006,1999-2007,16,9,7,0,9-7-0,6.75,4.875,1.875,0.10724925521350546,-0.0625,26.5625,4.6875,0.6727729531359286,False,False
PHI,2017,2017-2025,16,13,3,0,13-3-0,6.6875,4.8125,1.875,0.10084825636192271,-0.6875,28.5625,10.125,1.9968844746396897,True,True
NYG,2008,2008-2016,16,12,4,0,12-4-0,6.6875,4.8125,1.875,0.10657370517928287,-0.5625,26.6875,8.3125,1.2094337801717454,False,False
NYG,2010,2008-2016,16,10,6,0,10-6-0,7.25,5.375,1.875,0.11428571428571428,0.25,24.625,2.9375,0.3256996103417487,False,False
PIT,2009,2008-2016,16,9,7,0,9-7-0,6.9375,5.0625,1.875,0.11122244488977956,0.25,23.0,2.75,0.3335654972384101,False,False
TB,2007,1999-2007,16,9,7,0,9-7-0,5.75,3.875,1.875,0.09633507853403141,-1.0625,20.875,4.0,0.1568594641800141,False,False
BAL,2020,2017-2025,16,11,5,0,11-5-0,7.375,5.5,1.875,0.1205311542390194,-0.25,29.25,10.3125,1.3541013465008975,False,False
LAC,2018,2017-2025,16,12,4,0,12-4-0,7.625,5.8125,1.8125,0.1299254526091587,-0.125,26.75,6.1875,1.0314972947009464,False,False
DEN,2002,1999-2007,16,9,7,0,9-7-0,6.125,4.3125,1.8125,0.09351145038167939,0.3125,24.5,3.0,0.6835958146259608,False,False
JAX,2003,1999-2007,16,5,11,0,5-11-0,6.25,4.4375,1.8125,0.0975609756097561,0.1875,17.25,-3.4375,-0.4738395341354141,False,False
MIN,2007,1999-2007,16,8,8,0,8-8-0,7.0,5.1875,1.8125,0.11839323467230443,-0.125,22.8125,3.375,0.5853964247852749,False,False
BAL,2014,2008-2016,16,10,6,0,10-6-0,7.0625,5.25,1.8125,0.11288711288711288,-0.125,25.5625,6.6875,1.0970394538424912,False,False
PHI,2002,1999-2007,16,12,4,0,12-4-0,6.625,4.875,1.75,0.09934395501405811,-0.875,25.9375,10.875,1.6142072257197122,False,False
PIT,2006,1999-2007,16,8,8,0,8-8-0,6.1875,4.4375,1.75,0.09724950884086445,0.5,22.0625,2.375,0.3154312679617281,False,False
NE,2019,2017-2025,16,12,4,0,12-4-0,6.625,4.875,1.75,0.09796672828096119,-1.3125,26.25,12.1875,1.4982746112417404,False,False
PIT,2007,1999-2007,16,10,6,0,10-6-0,6.125,4.375,1.75,0.09979633401221996,-0.1875,24.5625,7.75,0.8059141018536927,False,False
DAL,2001,1999-2007,16,5,11,0,5-11-0,6.5,4.75,1.75,0.1092436974789916,0.5625,15.375,-5.75,-0.992734016336454,False,False
CAR,2015,2008-2016,16,15,1,0,15-1-0,7.3125,5.5625,1.75,0.11239193083573487,-1.25,31.25,12.0,1.7464031991806677,False,True
BUF,2019,2017-2025,16,10,6,0,10-6-0,7.1875,5.4375,1.75,0.1145418326693227,-0.25,19.625,3.4375,0.3590818734527291,False,False
DEN,2005,1999-2007,16,13,3,0,13-3-0,6.5,4.75,1.75,0.10256410256410256,-1.25,24.6875,8.5625,1.467595657362484,False,False
BUF,2021,2017-2025,17,11,6,0,11-6-0,6.529411764705882,4.823529411764706,1.7058823529411764,0.09866666666666667,-0.47058823529411764,28.41176470588235,11.411764705882353,1.7280993739297743,False,False
PIT,2024,2017-2025,17,10,7,0,10-7-0,7.0,5.294117647058823,1.7058823529411764,0.11163227016885553,-0.9411764705882353,22.352941176470587,1.9411764705882353,0.306170013026689,False,False
KC,2022,2017-2025,17,14,3,0,14-3-0,7.0588235294117645,5.352941176470588,1.7058823529411764,0.11059907834101383,0.17647058823529413,29.176470588235293,7.470588235294118,1.5888956369126797,True,True
CHI,2023,2017-2025,17,7,10,0,7-10-0,7.176470588235294,5.470588235294118,1.7058823529411764,0.11202938475665748,-0.17647058823529413,21.176470588235293,-1.1176470588235294,-0.1989302209223684,False,False
DAL,2019,2017-2025,16,8,8,0,8-8-0,8.0,6.3125,1.6875,0.12064090480678605,0.0625,27.125,7.0625,0.9457918095772472,False,False
LAC,2007,1999-2007,16,11,5,0,11-5-0,6.3125,4.625,1.6875,0.10369609856262833,-1.5,25.75,8.0,1.2192392459026744,False,False
DAL,2014,2008-2016,16,12,4,0,12-4-0,7.1875,5.5,1.6875,0.11511511511511512,-0.375,29.1875,7.1875,0.914775917550825,False,False
CLE,2020,2017-2025,16,11,5,0,11-5-0,7.4375,5.75,1.6875,0.11840796019900497,-0.3125,25.5,-0.6875,-0.1086545299572673,False,False
DEN,2025,2017-2025,17,14,3,0,14-3-0,5.764705882352941,4.117647058823529,1.6470588235294117,0.09082483781278962,0.17647058823529413,23.58823529411765,5.294117647058823,0.6176677954532654,False,False
DAL,2007,1999-2007,16,13,3,0,13-3-0,6.3125,4.6875,1.625,0.10488058151609553,-0.25,28.4375,8.125,1.253359630585219,False,False
MIN,2008,2008-2016,16,10,6,0,10-6-0,6.1875,4.5625,1.625,0.099,0.375,23.6875,2.875,0.4627041015092537,False,False
CHI,2018,2017-2025,16,12,4,0,12-4-0,5.8125,4.1875,1.625,0.093,-0.75,26.3125,8.625,1.200027123579984,False,False
TB,2019,2017-2025,16,7,9,0,7-9-0,7.125,5.5,1.625,0.10634328358208955,0.8125,28.625,0.5625,0.0877301117288696,False,False
BAL,1999,1999-2007,15,8,7,0,8-7-0,5.266666666666667,3.6666666666666665,1.6,0.08263598326359832,0.13333333333333333,20.933333333333334,4.266666666666667,0.3354766476057244,False,False
LAR,2000,1999-2007,16,10,6,0,10-6-0,8.375,6.8125,1.5625,0.13254203758654798,0.625,33.75,4.3125,0.5249672455178491,False,False
GB,2014,2008-2016,16,12,4,0,12-4-0,7.875,6.3125,1.5625,0.12830957230142567,-0.875,30.375,8.625,1.2330393708209624,False,False
NE,2007,1999-2007,16,16,0,0,16-0-0,6.1875,4.625,1.5625,0.09519230769230769,-0.9375,36.8125,19.6875,2.511519083784333,False,True
PHI,2010,2008-2016,16,10,6,0,10-6-0,8.375,6.8125,1.5625,0.13124387855044076,-0.625,27.4375,3.875,0.6645217355354222,False,False
TEN,2019,2017-2025,16,9,7,0,9-7-0,7.5625,6.0,1.5625,0.13038793103448276,-0.375,25.125,4.4375,0.8919221484582608,False,False
MIN,2019,2017-2025,16,10,6,0,10-6-0,6.8125,5.25,1.5625,0.11366006256517205,-0.6875,25.4375,6.5,0.9182177555773644,False,False
BUF,2025,2017-2025,17,12,5,0,12-5-0,7.588235294117647,6.0588235294117645,1.5294117647058822,0.12112676056338029,-0.058823529411764705,28.294117647058822,6.823529411764706,0.9157801476618178,False,False
NO,2017,2017-2025,16,11,5,0,11-5-0,7.875,6.375,1.5,0.12883435582822086,-0.4375,28.0,7.625,1.3423867230341888,False,False
LAR,2019,2017-2025,16,9,7,0,9-7-0,7.0625,5.5625,1.5,0.10803059273422562,0.0,24.625,1.875,0.6205725319752959,False,False
CIN,2013,2008-2016,16,11,5,0,11-5-0,5.8125,4.3125,1.5,0.08635097493036212,-0.0625,26.875,7.8125,0.7172590520907313,False,False
GB,2020,2017-2025,16,13,3,0,13-3-0,6.625,5.125,1.5,0.10950413223140495,-0.4375,31.8125,8.75,1.4943171597065696,False,False
SF,2018,2017-2025,16,4,12,0,4-12-0,7.5625,6.0625,1.5,0.12185297079556898,1.5625,21.375,-5.8125,-1.116967905287354,False,False
SF,2014,2008-2016,16,8,8,0,8-8-0,6.9375,5.4375,1.5,0.11167002012072434,-0.5625,19.125,-2.125,-0.2993254591971013,False,False
LAC,2009,2008-2016,16,13,3,0,13-3-0,6.1875,4.6875,1.5,0.10334029227557412,-0.5625,28.375,8.375,0.9824968268974474,False,False
CAR,2009,2008-2016,16,8,8,0,8-8-0,7.1875,5.6875,1.5,0.11420059582919563,-0.375,19.6875,0.4375,0.3364510499783813,False,False
JAX,2025,2017-2025,17,13,4,0,13-4-0,6.176470588235294,4.705882352941177,1.4705882352941178,0.09776536312849161,-0.7647058823529411,27.88235294117647,8.117647058823529,1.2917704212805503,False,False
DET,2023,2017-2025,17,12,5,0,12-5-0,7.647058823529412,6.176470588235294,1.4705882352941178,0.11638316920322292,0.0,27.11764705882353,3.8823529411764706,0.9804286367689264,False,False
ATL,2016,2008-2016,16,11,5,0,11-5-0,7.5,6.0625,1.4375,0.1214574898785425,-0.6875,33.75,8.375,1.8875573812292727,False,True
KC,2010,2008-2016,16,10,6,0,10-6-0,7.0,5.5625,1.4375,0.10646387832699619,-0.5625,22.875,2.5,-0.0573509432838455,False,False
NYJ,2004,1999-2007,16,10,6,0,10-6-0,6.875,5.4375,1.4375,0.11133603238866396,-1.0625,20.8125,4.5,1.0963451337029912,False,False
NO,2011,2008-2016,16,13,3,0,13-3-0,7.8125,6.375,1.4375,0.11220825852782765,0.1875,34.1875,13.0,1.8123022651953469,False,False
NYG,2000,1999-2007,16,12,4,0,12-4-0,6.125,4.6875,1.4375,0.09271523178807947,-0.4375,20.5,5.125,0.6819694133114872,False,True
IND,2021,2017-2025,17,9,8,0,9-8-0,6.705882352941177,5.294117647058823,1.411764705882353,0.10919540229885058,-0.8823529411764706,26.529411764705884,5.0588235294117645,0.7892838801580501,False,False
MIN,2023,2017-2025,17,7,10,0,7-10-0,6.588235294117647,5.176470588235294,1.411764705882353,0.10536218250235184,0.7058823529411765,20.235294117647058,-1.0588235294117647,-0.0352892462392282,False,False
BAL,2023,2017-2025,17,13,4,0,13-4-0,7.176470588235294,5.764705882352941,1.411764705882353,0.11466165413533834,-0.7058823529411765,28.41176470588235,11.941176470588236,2.138798220475836,False,False
TEN,2016,2008-2016,16,9,7,0,9-7-0,7.0,5.625,1.375,0.11244979919678715,0.0,23.8125,0.1875,-0.1600259868662716,False,False
NO,2016,2008-2016,16,7,9,0,7-9-0,6.75,5.375,1.375,0.09899175068744272,0.1875,29.3125,0.9375,0.2729958608326642,False,False
TB,2020,2017-2025,16,11,5,0,11-5-0,6.3125,4.9375,1.375,0.10191725529767912,-0.5,30.75,8.5625,1.884667644833215,True,True
BAL,2001,1999-2007,16,10,6,0,10-6-0,6.0,4.625,1.375,0.0886426592797784,0.5,18.9375,2.375,0.5535281872341761,False,False
IND,2009,2008-2016,16,14,2,0,14-2-0,6.1875,4.8125,1.375,0.10237849017580145,-0.125,26.0,6.8125,1.0236896124401458,False,True
SF,2011,2008-2016,16,13,3,0,13-3-0,6.0625,4.6875,1.375,0.09989701338825953,-1.75,23.75,9.4375,1.246064755633743,False,False
MIN,2024,2017-2025,17,14,3,0,14-3-0,6.647058823529412,5.294117647058823,1.3529411764705883,0.1098153547133139,-0.7058823529411765,25.41176470588235,5.882352941176471,0.7857975266353092,False,False
SF,2021,2017-2025,17,10,7,0,10-7-0,7.117647058823529,5.764705882352941,1.3529411764705883,0.11724806201550388,0.23529411764705882,25.11764705882353,3.6470588235294117,0.8315254535013225,False,False
JAX,2007,1999-2007,16,11,5,0,11-5-0,7.0,5.6875,1.3125,0.11188811188811189,-0.5625,25.6875,6.6875,0.9463405214625912,False,False
WSH,2005,1999-2007,16,10,6,0,10-6-0,5.875,4.5625,1.3125,0.09197651663405088,-0.0625,22.4375,4.125,0.8447031890655348,False,False
BAL,2018,2017-2025,16,10,6,0,10-6-0,6.6875,5.375,1.3125,0.09587813620071685,0.1875,24.3125,6.375,0.9596687343396136,False,False
NYJ,2014,2008-2016,16,4,12,0,4-12-0,6.3125,5.0,1.3125,0.0964660936007641,0.6875,17.6875,-7.375,-0.9601264230675326,False,False
BUF,2015,2008-2016,16,8,8,0,8-8-0,7.5625,6.25,1.3125,0.12063808574277168,-0.375,23.6875,1.25,0.1462366962783757,False,False
DEN,2017,2017-2025,16,5,11,0,5-11-0,6.0625,4.75,1.3125,0.09082397003745318,1.0625,18.0625,-5.8125,-1.087978820436054,False,False
DET,2024,2017-2025,17,15,2,0,15-2-0,7.647058823529412,6.352941176470588,1.2941176470588236,0.11828935395814377,-0.5294117647058824,33.1764705882353,13.058823529411764,1.7145180694877165,False,False
JAX,2005,1999-2007,16,12,4,0,12-4-0,6.0625,4.8125,1.25,0.097,-0.75,22.5625,5.75,0.608300862884001,False,False
DAL,2004,1999-2007,16,6,10,0,6-10-0,5.9375,4.6875,1.25,0.095,1.0,18.3125,-7.0,-1.2687242443825213,False,False
NE,2006,1999-2007,16,12,4,0,12-4-0,6.1875,4.9375,1.25,0.0966796875,-0.4375,24.0625,9.25,1.8692679954983,False,False
JAX,1999,1999-2007,16,14,2,0,14-2-0,6.125,4.875,1.25,0.09201877934272301,-0.75,24.75,11.1875,1.2567368654232558,False,False
CAR,2008,2008-2016,16,12,4,0,12-4-0,6.75,5.5,1.25,0.11726384364820847,-0.375,25.875,5.3125,0.612558922456761,False,False
NO,2020,2017-2025,16,12,4,0,12-4-0,6.5,5.25,1.25,0.10146341463414635,-0.5625,30.125,9.0625,1.558026705499833,False,False
MIN,2020,2017-2025,16,7,9,0,7-9-0,8.0625,6.8125,1.25,0.12585365853658537,0.0625,26.875,-2.8125,-0.4303545442811484,False,False
MIN,2009,2008-2016,16,12,4,0,12-4-0,6.9375,5.6875,1.25,0.1074540174249758,-0.375,29.375,9.875,1.420342502223045,False,False
WSH,2008,2008-2016,16,8,8,0,8-8-0,5.4375,4.1875,1.25,0.08613861386138613,0.0,16.5625,-1.9375,-0.2546368026826522,False,False
NO,2013,2008-2016,16,11,5,0,11-5-0,6.6875,5.4375,1.25,0.10122989593188268,-0.0625,25.875,6.875,1.2935991367850237,False,False
LAC,2005,1999-2007,16,9,7,0,9-7-0,6.0,4.8125,1.1875,0.0943952802359882,0.4375,26.125,6.625,1.3405602578183078,False,False
SF,2008,2008-2016,16,7,9,0,7-9-0,5.75,4.5625,1.1875,0.09714889123548047,1.0625,21.1875,-2.625,-0.6396636992456248,False,False
ATL,2004,1999-2007,16,11,5,0,11-5-0,7.0,5.8125,1.1875,0.11764705882352941,-0.125,21.25,0.1875,0.0543925727201426,False,False
MIN,2012,2008-2016,16,10,6,0,10-6-0,6.375,5.1875,1.1875,0.10323886639676114,0.0625,23.6875,1.9375,0.317351608085276,False,False
WSH,2007,1999-2007,16,9,7,0,9-7-0,5.875,4.6875,1.1875,0.09003831417624521,0.3125,20.875,1.5,0.5225834909838264,False,False
HOU,2018,2017-2025,16,11,5,0,11-5-0,6.5625,5.375,1.1875,0.1024390243902439,-0.8125,25.125,5.375,0.717442226212665,False,False
SEA,2021,2017-2025,17,7,10,0,7-10-0,6.411764705882353,5.235294117647059,1.1764705882352942,0.11510031678986272,-0.29411764705882354,23.235294117647058,1.7058823529411764,0.3667086747160277,False,False
TB,2015,2008-2016,16,6,10,0,6-10-0,6.6875,5.5625,1.125,0.10625620655412116,0.25,21.375,-4.6875,-1.0866463274006295,False,False
TEN,2008,2008-2016,16,13,3,0,13-3-0,5.6875,4.5625,1.125,0.09508881922675026,-0.875,23.4375,8.8125,1.2803491734135453,False,False
DAL,2018,2017-2025,16,10,6,0,10-6-0,6.25,5.125,1.125,0.0992063492063492,-0.1875,21.1875,0.9375,0.1521020472354154,False,False
NO,2018,2017-2025,16,13,3,0,13-3-0,6.5625,5.4375,1.125,0.10595358224016145,-0.5,31.5,9.4375,1.5228821941920525,False,False
IND,2012,2008-2016,16,11,5,0,11-5-0,6.875,5.75,1.125,0.1014760147601476,0.6875,22.3125,-1.875,-0.6295835025343333,False,False
MIN,2004,1999-2007,16,8,8,0,8-8-0,7.8125,6.6875,1.125,0.12833675564681724,-0.0625,25.3125,0.625,-0.0258545154645279,False,False
DEN,2000,1999-2007,16,11,5,0,11-5-0,7.4375,6.3125,1.125,0.10778985507246377,-1.1875,30.3125,7.25,0.7142056966119086,False,False
DET,2014,2008-2016,16,11,5,0,11-5-0,5.6875,4.5625,1.125,0.08869395711500974,-0.5,20.0625,2.4375,0.3527067084309924,False,False
BUF,2020,2017-2025,16,13,3,0,13-3-0,7.4375,6.3125,1.125,0.11817279046673287,-0.25,31.3125,7.875,1.290345829410278,False,False
MIN,1999,1999-2007,16,10,6,0,10-6-0,7.1875,6.0625,1.125,0.11917098445595854,0.625,24.9375,4.0,0.7872398442847465,False,False
BAL,2012,2008-2016,16,10,6,0,10-6-0,6.875,5.75,1.125,0.10689990281827016,-0.5625,24.875,3.375,0.8707398655139598,True,True
BUF,2003,1999-2007,16,6,10,0,6-10-0,4.75,3.625,1.125,0.07818930041152264,1.0,15.1875,-2.25,-0.203414603452297,False,False
ATL,2017,2017-2025,16,10,6,0,10-6-0,6.5625,5.4375,1.125,0.10802469135802469,0.125,22.0625,2.375,0.817907117478793,False,False
DAL,1999,1999-2007,16,8,8,0,8-8-0,6.125,5.0,1.125,0.09829488465396188,-0.625,22.0,4.75,0.4421938652676695,False,False
NYJ,2008,2008-2016,16,9,7,0,9-7-0,5.6875,4.625,1.0625,0.09352517985611511,0.0625,25.3125,3.0625,0.0830757433105646,False,False
LAC,2017,2017-2025,16,9,7,0,9-7-0,6.75,5.6875,1.0625,0.10767696909272183,-0.75,22.1875,5.1875,0.7618781797287358,False,False
CAR,2003,1999-2007,16,11,5,0,11-5-0,6.625,5.5625,1.0625,0.106,0.375,20.3125,1.3125,0.5118412400797931,False,True
BAL,2008,2008-2016,16,11,5,0,11-5-0,5.5,4.4375,1.0625,0.08486017357762778,-0.8125,24.0625,8.8125,1.6031690324236003,False,False
MIN,2015,2008-2016,16,11,5,0,11-5-0,6.5625,5.5,1.0625,0.10926118626430802,-0.3125,22.8125,3.9375,0.8467756369389218,False,False
CHI,2006,1999-2007,16,13,3,0,13-3-0,6.25,5.1875,1.0625,0.09803921568627451,-0.5,26.6875,10.75,1.6324017399659403,False,True
MIN,2000,1999-2007,16,11,5,0,11-5-0,7.25,6.1875,1.0625,0.12236286919831224,0.625,24.8125,1.625,0.1425252360643759,False,False
LAC,2011,2008-2016,16,8,8,0,8-8-0,7.75,6.6875,1.0625,0.11946050096339114,0.4375,25.375,1.8125,0.2136511509342774,False,False
JAX,2015,2008-2016,16,5,11,0,5-11-0,7.25,6.25,1.0,0.11507936507936507,0.625,23.5,-4.5,-1.057568732868702,False,False
NYJ,2001,1999-2007,16,10,6,0,10-6-0,6.6875,5.6875,1.0,0.11542610571736785,-1.1875,19.25,0.8125,0.0685927909789623,False,False
NYG,2002,1999-2007,16,10,6,0,10-6-0,6.75,5.75,1.0,0.10227272727272728,0.125,20.0,2.5625,0.2715094248211895,False,False
DEN,2024,2017-2025,17,10,7,0,10-7-0,6.235294117647059,5.235294117647059,1.0,0.10211946050096339,-0.35294117647058826,25.0,6.705882352941177,0.7768433979056444,False,False
DET,2013,2008-2016,16,7,9,0,7-9-0,6.8125,5.8125,1.0,0.09981684981684982,0.75,24.6875,1.1875,-0.1243563421353268,False,False
HOU,2014,2008-2016,16,9,7,0,9-7-0,6.4375,5.4375,1.0,0.0989433237271854,-0.6875,23.25,4.0625,0.4822484338279145,False,False
GB,2003,1999-2007,16,10,6,0,10-6-0,6.6875,5.6875,1.0,0.10710710710710711,-0.0625,27.625,8.4375,1.4497502591499123,False,False
TEN,2017,2017-2025,16,9,7,0,9-7-0,5.125,4.125,1.0,0.08541666666666667,0.25,20.875,-1.375,-0.3660316130837014,False,False
NE,2022,2017-2025,17,8,9,0,8-9-0,6.352941176470588,5.352941176470588,1.0,0.10953346855983773,-0.4117647058823529,21.41176470588235,1.0,0.2806325299020248,False,False
PHI,2009,2008-2016,16,11,5,0,11-5-0,6.75,5.75,1.0,0.11285266457680251,-0.9375,26.8125,5.75,0.724025395643347,False,False
KC,2023,2017-2025,17,11,6,0,11-6-0,5.764705882352941,4.823529411764706,0.9411764705882353,0.09289099526066351,0.6470588235294118,21.823529411764707,4.529411764705882,1.2616197196978265,True,True
KC,2002,1999-2007,16,8,8,0,8-8-0,7.5,6.5625,0.9375,0.12396694214876033,-1.0,29.1875,4.25,0.6027622810080329,False,False
LAC,2019,2017-2025,16,5,11,0,5-11-0,5.9375,5.0,0.9375,0.09625126646403243,1.0625,21.0625,-0.5,-0.1685576234470244,False,False
LAC,2006,1999-2007,16,14,2,0,14-2-0,6.4375,5.5,0.9375,0.10187932739861523,-0.875,30.75,11.8125,1.8938370770825688,False,False
ARI,2015,2008-2016,16,13,3,0,13-3-0,7.25,6.3125,0.9375,0.1154228855721393,-0.5625,30.5625,11.0,1.5557674474906755,False,False
LAR,2018,2017-2025,16,13,3,0,13-3-0,8.3125,7.375,0.9375,0.12751677852348994,-0.6875,32.9375,8.9375,1.521253592194913,False,True
PHI,2006,1999-2007,16,10,6,0,10-6-0,7.6875,6.75,0.9375,0.1260245901639344,-0.3125,24.875,4.375,0.6712647428228294,False,False
PHI,2001,1999-2007,16,11,5,0,11-5-0,6.5,5.5625,0.9375,0.10688591983556012,-0.5625,21.4375,8.4375,1.789445876539642,False,False
MIA,2011,2008-2016,16,6,10,0,6-10-0,7.125,6.1875,0.9375,0.11632653061224489,0.375,20.5625,1.0,0.2359614858392938,False,False
PHI,2003,1999-2007,16,12,4,0,12-4-0,6.5,5.5625,0.9375,0.11170784103114931,-0.25,23.375,5.4375,0.7999146007391009,False,False
DEN,2013,2008-2016,16,13,3,0,13-3-0,7.25,6.3125,0.9375,0.10247349823321555,-0.0625,37.875,12.9375,1.7094491617531082,False,True
NE,2008,2008-2016,16,11,5,0,11-5-0,5.8125,4.875,0.9375,0.08667287977632805,-0.0625,25.625,6.3125,0.6659899683941835,False,False
ATL,2005,1999-2007,16,8,8,0,8-8-0,6.5,5.5625,0.9375,0.10327706057596822,-0.0625,21.9375,0.625,0.0158724196052964,False,False
DAL,2023,2017-2025,17,12,5,0,12-5-0,6.470588235294118,5.588235294117647,0.8823529411764706,0.09963768115942029,-0.5882352941176471,29.941176470588236,11.411764705882353,1.380722394120029,False,False
SF,2025,2017-2025,17,12,5,0,12-5-0,5.705882352941177,4.823529411764706,0.8823529411764706,0.09107981220657277,0.35294117647058826,25.705882352941178,3.8823529411764706,0.7639840688186355,False,False
NE,2016,2008-2016,16,14,2,0,14-2-0,6.1875,5.3125,0.875,0.09546769527483125,-0.75,27.5625,11.9375,2.1635826076719047,True,True
MIN,2010,2008-2016,16,6,10,0,6-10-0,6.25,5.375,0.875,0.10245901639344263,0.75,17.5625,-4.1875,-0.4384043805279365,False,False
SEA,2018,2017-2025,16,10,6,0,10-6-0,7.75,6.875,0.875,0.12537917087967643,-0.9375,26.75,5.0625,0.8373221400171434,False,False
TB,2000,1999-2007,16,10,6,0,10-6-0,5.4375,4.5625,0.875,0.0924548352816153,-1.0625,24.25,7.4375,0.8288062543267226,False,False
PIT,2015,2008-2016,16,10,6,0,10-6-0,6.75,5.875,0.875,0.10810810810810811,-0.125,26.4375,6.5,1.20706217086996,False,False
NYJ,2010,2008-2016,16,11,5,0,11-5-0,6.0625,5.1875,0.875,0.09031657355679702,-0.5625,22.9375,3.9375,1.132401361905826,False,False
CIN,2009,2008-2016,16,10,6,0,10-6-0,5.6875,4.8125,0.875,0.091,0.0,19.0625,0.875,0.0921350573279258,False,False
WSH,2014,2008-2016,16,4,12,0,4-12-0,6.625,5.75,0.875,0.10589410589410589,0.75,18.8125,-8.5625,-1.5025639927660124,False,False
NO,2009,2008-2016,16,13,3,0,13-3-0,6.8125,5.9375,0.875,0.1071779744346116,-0.6875,31.875,10.5625,1.7456056504976287,True,True
ARI,2016,2008-2016,16,7,8,1,7-8-1,6.1875,5.3125,0.875,0.09166666666666666,0.0,26.125,3.5,0.3169238629480934,False,False
SF,2020,2017-2025,16,6,10,0,6-10-0,6.375,5.5,0.875,0.09807692307692308,0.6875,23.5,-0.875,0.0273478115429441,False,False
CAR,1999,1999-2007,16,8,8,0,8-8-0,6.375,5.5,0.875,0.10559006211180125,0.3125,26.3125,2.5,0.0452744996010838,False,False
CLE,2023,2017-2025,17,11,6,0,11-6-0,6.294117647058823,5.470588235294118,0.8235294117647058,0.09060118543607112,0.5294117647058824,23.294117647058822,2.0,0.181078309016162,False,False
KC,2021,2017-2025,17,12,5,0,12-5-0,6.529411764705882,5.705882352941177,0.8235294117647058,0.09946236559139784,-0.23529411764705882,28.235294117647058,6.823529411764706,1.2592471538933083,False,False
DEN,2022,2017-2025,17,5,12,0,5-12-0,6.294117647058823,5.470588235294118,0.8235294117647058,0.1,0.058823529411764705,16.88235294117647,-4.235294117647059,-0.8912487556731253,False,False
PHI,2007,1999-2007,16,8,8,0,8-8-0,6.3125,5.5,0.8125,0.09777347531461762,0.4375,21.0,2.25,0.6280424532082844,False,False
NE,2003,1999-2007,16,14,2,0,14-2-0,5.0625,4.25,0.8125,0.07917888563049853,-1.0625,21.75,6.875,1.3859616472952812,True,True
NYJ,2015,2008-2016,16,10,6,0,10-6-0,7.0,6.1875,0.8125,0.1055607917059378,-0.3125,24.1875,4.5625,0.4721208600691375,False,False
TEN,2003,1999-2007,16,12,4,0,12-4-0,6.125,5.3125,0.8125,0.09819639278557114,-0.75,27.1875,6.9375,1.3740675720203832,False,False
NYG,2009,2008-2016,16,8,8,0,8-8-0,7.125,6.3125,0.8125,0.11343283582089553,0.4375,25.125,-1.5625,-0.0864067807353587,False,False
BAL,2011,2008-2016,16,12,4,0,12-4-0,5.5625,4.75,0.8125,0.08751229105211406,-0.125,23.625,7.0,1.1602477179778306,False,False
NE,2005,1999-2007,16,10,6,0,10-6-0,6.375,5.5625,0.8125,0.099609375,0.375,23.6875,2.5625,0.6799582745696913,False,False
DEN,2015,2008-2016,16,12,4,0,12-4-0,5.4375,4.625,0.8125,0.0830945558739255,0.25,22.1875,3.6875,1.1069333510580832,True,True
NYJ,2013,2008-2016,16,8,8,0,8-8-0,6.0625,5.25,0.8125,0.09594460929772503,0.875,18.125,-6.0625,-0.9241353251432396,False,False
LAC,2002,1999-2007,16,8,8,0,8-8-0,6.9375,6.125,0.8125,0.10818713450292397,-0.1875,20.8125,-2.125,-0.2723877985666187,False,False
LAR,2021,2017-2025,17,12,5,0,12-5-0,6.529411764705882,5.764705882352941,0.7647058823529411,0.10632183908045977,-0.11764705882352941,27.058823529411764,5.176470588235294,1.1902840756117812,True,True
LAR,2017,2017-2025,16,11,5,0,11-5-0,7.25,6.5,0.75,0.118488253319714,-0.4375,29.875,9.3125,1.1858842975869537,False,False
JAX,2004,1999-2007,16,9,7,0,9-7-0,5.3125,4.5625,0.75,0.08568548387096774,-0.375,16.3125,-1.1875,-0.0174919071754059,False,False
ATL,2002,1999-2007,16,9,6,1,9-6-1,6.875,6.125,0.75,0.10710808179162609,-0.75,25.125,5.5,1.0153444606868671,False,False
NE,2017,2017-2025,16,13,3,0,13-3-0,6.625,5.875,0.75,0.10028382213812677,-0.375,28.625,10.125,1.6863034096773732,False,True
SEA,2007,1999-2007,16,10,6,0,10-6-0,6.0,5.25,0.75,0.09239653512993262,-0.625,24.5625,6.375,0.4798557310040823,False,False
CAR,2005,1999-2007,16,11,5,0,11-5-0,4.6875,3.9375,0.75,0.07928118393234672,-0.9375,24.4375,8.25,1.1687734600905713,False,False
GB,2016,2008-2016,16,10,6,0,10-6-0,6.6875,5.9375,0.75,0.10562685093780849,-0.4375,27.0,2.75,0.6607674763918103,False,False
OAK,2002,1999-2007,16,11,5,0,11-5-0,5.875,5.125,0.75,0.08867924528301886,-0.75,28.125,9.125,1.7679505922289898,False,True
DEN,2003,1999-2007,16,10,6,0,10-6-0,5.9375,5.1875,0.75,0.09223300970873786,0.25,23.8125,5.0,0.694834428172142,False,False
MIA,2003,1999-2007,16,10,6,0,10-6-0,5.4375,4.6875,0.75,0.090625,-0.125,19.4375,3.125,0.5984056660948492,False,False
PIT,2000,1999-2007,16,9,7,0,9-7-0,6.125,5.375,0.75,0.09829488465396188,-0.875,20.0625,4.125,0.7718310995342497,False,False
MIN,2021,2017-2025,17,8,9,0,8-9-0,7.0,6.294117647058823,0.7058823529411765,0.11059479553903345,-0.6470588235294118,25.0,-0.058823529411764705,0.0554404557499036,False,False
MIA,2022,2017-2025,17,9,8,0,9-8-0,6.411764705882353,5.705882352941177,0.7058823529411765,0.10954773869346733,0.4117647058823529,23.352941176470587,-0.11764705882352941,0.2398760583225975,False,False
BAL,2009,2008-2016,16,9,7,0,9-7-0,5.9375,5.25,0.6875,0.0945273631840796,-0.625,24.4375,8.125,1.062635762460653,False,False
SF,2010,2008-2016,16,6,10,0,6-10-0,5.8125,5.125,0.6875,0.09957173447537473,0.0,19.0625,-2.5625,-0.7462005814725614,False,False
MIN,2011,2008-2016,16,3,13,0,3-13-0,7.25,6.5625,0.6875,0.11588411588411589,0.1875,21.25,-6.8125,-1.0233854816481531,False,False
DEN,2011,2008-2016,16,8,8,0,8-8-0,7.25,6.5625,0.6875,0.11451135241855874,0.75,19.3125,-5.0625,-0.8723731544481974,False,False
SF,2003,1999-2007,16,7,9,0,7-9-0,6.8125,6.125,0.6875,0.10634146341463414,-0.75,24.0,2.9375,0.4047001750541972,False,False
BUF,2022,2017-2025,16,13,3,0,13-3-0,7.0625,6.375,0.6875,0.11100196463654224,0.0,28.4375,10.5625,1.800538154127001,False,False
TB,1999,1999-2007,16,11,5,0,11-5-0,4.875,4.1875,0.6875,0.08041237113402062,0.25,16.875,2.1875,0.5793206154420685,False,False
DEN,2016,2008-2016,16,9,7,0,9-7-0,5.125,4.4375,0.6875,0.0814299900695134,-0.125,20.8125,2.25,0.6878257363093014,False,False
CAR,2017,2017-2025,16,11,5,0,11-5-0,6.1875,5.5,0.6875,0.0981169474727453,0.0625,22.6875,2.25,0.638675360298579,False,False
CAR,2018,2017-2025,16,7,9,0,7-9-0,7.5625,6.875,0.6875,0.12124248496993988,-0.0625,23.5,-0.375,0.0558031065635719,False,False
NYJ,2002,1999-2007,16,9,7,0,9-7-0,5.8125,5.125,0.6875,0.10208562019758508,-0.25,22.4375,1.4375,0.5802361244390266,False,False
OAK,1999,1999-2007,16,8,8,0,8-8-0,6.6875,6.0,0.6875,0.10278578290105668,-0.25,24.375,3.8125,0.7579296772169399,False,False
OAK,2021,2017-2025,17,10,7,0,10-7-0,6.117647058823529,5.470588235294118,0.6470588235294118,0.09701492537313433,0.5294117647058824,22.0,-3.823529411764706,-0.4977881468496182,False,False
WSH,2022,2017-2025,17,8,8,1,8-8-1,5.705882352941177,5.0588235294117645,0.6470588235294118,0.08546255506607929,0.29411764705882354,18.88235294117647,-1.2941176470588236,-0.2007549918762999,False,False
HOU,2023,2017-2025,17,10,7,0,10-7-0,6.882352941176471,6.235294117647059,0.6470588235294118,0.10853432282003711,-0.5294117647058824,22.176470588235293,1.411764705882353,0.2166707937559653,False,False
CLE,2017,2017-2025,16,0,16,0,0-16-0,6.4375,5.8125,0.625,0.10248756218905472,1.75,14.625,-11.0,-1.9300845391442232,False,False
LAC,2001,1999-2007,16,5,11,0,5-11-0,5.875,5.25,0.625,0.09288537549407115,-0.125,20.75,0.6875,0.0768554391037368,False,False
LAC,2004,1999-2007,16,12,4,0,12-4-0,6.0625,5.4375,0.625,0.09908069458631256,-0.9375,27.875,8.3125,1.4006016741948344,False,False
PHI,2008,2008-2016,16,9,6,1,9-6-1,5.875,5.25,0.625,0.09073359073359073,-0.1875,26.0,7.9375,1.356160749753395,False,False
SEA,2020,2017-2025,16,12,4,0,12-4-0,6.5625,5.9375,0.625,0.10437375745526839,-0.25,28.6875,5.5,0.7137461399956692,False,False
HOU,2009,2008-2016,16,9,7,0,9-7-0,6.3125,5.6875,0.625,0.098922624877571,0.0625,24.25,3.4375,0.381479698333644,False,False
ARI,2005,1999-2007,16,5,11,0,5-11-0,5.8125,5.1875,0.625,0.08683473389355742,0.625,19.4375,-4.75,-0.8140298526375791,False,False
PHI,2019,2017-2025,16,9,7,0,9-7-0,6.25,5.625,0.625,0.09107468123861566,0.1875,24.0625,1.9375,0.0530478879596002,False,False
PIT,2017,2017-2025,16,13,3,0,13-3-0,6.4375,5.8125,0.625,0.09990300678952474,-0.125,25.375,6.125,0.907297231266472,False,False
ARI,2021,2017-2025,17,11,6,0,11-6-0,6.823529411764706,6.235294117647059,0.5882352941176471,0.10431654676258993,-0.7058823529411765,26.41176470588235,4.882352941176471,0.7362079271618863,False,False
KC,2025,2017-2025,17,6,11,0,6-11-0,5.647058823529412,5.0588235294117645,0.5882352941176471,0.0916030534351145,0.058823529411764705,21.294117647058822,2.0,0.2667894274185219,False,False
BUF,2023,2017-2025,17,11,6,0,11-6-0,6.411764705882353,5.823529411764706,0.5882352941176471,0.09963436928702012,-0.11764705882352941,26.529411764705884,8.235294117647058,1.348059409761889,False,False
ARI,2024,2017-2025,17,8,9,0,8-9-0,6.823529411764706,6.235294117647059,0.5882352941176471,0.11251212415130941,0.23529411764705882,23.529411764705884,1.2352941176470589,0.2552598555537441,False,False
JAX,2001,1999-2007,16,6,10,0,6-10-0,5.5625,5.0,0.5625,0.09165808444902163,-0.5625,18.375,0.5,0.0580897709368513,False,False
PIT,2013,2008-2016,16,8,8,0,8-8-0,5.6875,5.125,0.5625,0.09018830525272548,0.25,23.6875,0.5625,-0.2213240900688466,False,False
IND,2014,2008-2016,16,11,5,0,11-5-0,7.4375,6.875,0.5625,0.10947562097516099,0.3125,28.625,5.5625,0.9904090207139457,False,False
DAL,2002,1999-2007,16,5,11,0,5-11-0,6.0625,5.5,0.5625,0.10253699788583509,0.25,13.5625,-7.0,-1.3875819388649888,False,False
NYG,2001,1999-2007,16,7,9,0,7-9-0,6.5,5.9375,0.5625,0.10097087378640776,0.0625,18.375,-1.6875,-0.2510181756207464,False,False
DAL,2005,1999-2007,16,9,7,0,9-7-0,5.375,4.8125,0.5625,0.08105560791705937,0.3125,20.3125,1.0625,0.3494848150579305,False,False
LAC,2008,2008-2016,16,8,8,0,8-8-0,5.3125,4.75,0.5625,0.09199134199134198,-0.3125,27.4375,5.75,0.7883516025523962,False,False
IND,2001,1999-2007,16,6,10,0,6-10-0,7.125,6.5625,0.5625,0.1111111111111111,0.875,25.8125,-4.5625,-0.6301532841317982,False,False
SEA,2019,2017-2025,16,11,5,0,11-5-0,7.3125,6.75,0.5625,0.11348205625606207,-0.75,25.3125,0.4375,0.3272797544102001,False,False
CHI,2005,1999-2007,16,11,5,0,11-5-0,4.9375,4.375,0.5625,0.08540540540540541,-0.3125,16.25,3.625,0.303142424256176,False,False
GB,2018,2017-2025,16,6,9,1,6-9-1,6.8125,6.25,0.5625,0.10675808031341821,0.0,23.5,-1.5,-0.3498323223667852,False,False
ATL,2008,2008-2016,16,11,5,0,11-5-0,7.125,6.5625,0.5625,0.11503531786074672,0.25,24.4375,4.125,0.565315011236038,False,False
TEN,1999,1999-2007,16,13,3,0,13-3-0,6.25,5.6875,0.5625,0.10152284263959391,-1.125,24.5,4.25,0.7864472100601296,False,True
CAR,2004,1999-2007,16,7,9,0,7-9-0,6.0,5.4375,0.5625,0.0973630831643002,-0.8125,22.1875,1.0,0.0044125619460256,False,False
HOU,2025,2017-2025,17,12,5,0,12-5-0,5.352941176470588,4.823529411764706,0.5294117647058824,0.08441558441558442,-1.0,23.764705882352942,6.411764705882353,1.340655819325309,False,False
TB,2025,2017-2025,17,8,9,0,8-9-0,6.0588235294117645,5.529411764705882,0.5294117647058824,0.09671361502347418,-0.4117647058823529,22.352941176470587,-1.8235294117647058,-0.189840104722374,False,False
ATL,2024,2017-2025,17,8,9,0,8-9-0,6.470588235294118,5.9411764705882355,0.5294117647058824,0.10251630941286113,0.35294117647058826,22.88235294117647,-2.0,-0.3282020898649737,False,False
GB,2009,2008-2016,16,11,5,0,11-5-0,6.0625,5.5625,0.5,0.09463414634146342,-1.5,28.8125,10.25,1.1564472358082676,False,False
CHI,2011,2008-2016,16,8,8,0,8-8-0,6.3125,5.8125,0.5,0.10412371134020619,-0.125,22.0625,0.75,0.1210826030621512,False,False
KC,2001,1999-2007,16,6,10,0,6-10-0,7.3125,6.8125,0.5,0.11493123772102161,0.75,20.0,-1.5,-0.2150264339781363,False,False
WSH,2004,1999-2007,16,6,10,0,6-10-0,4.4375,3.9375,0.5,0.06988188976377953,0.0625,15.0,-1.5625,-0.4568144047004414,False,False
IND,1999,1999-2007,16,13,3,0,13-3-0,6.0,5.5,0.5,0.10084033613445378,0.375,26.4375,5.625,0.8771184586599673,False,False
DEN,2006,1999-2007,16,9,7,0,9-7-0,5.5625,5.0625,0.5,0.09299895506792058,0.0,19.9375,0.875,0.2331977694441166,False,False
NE,2010,2008-2016,16,14,2,0,14-2-0,6.4375,5.9375,0.5,0.10673575129533679,-1.75,32.375,12.8125,2.1185358068930755,False,False
PHI,2004,1999-2007,16,13,3,0,13-3-0,6.625,6.125,0.5,0.1126461211477152,-0.375,24.125,7.875,1.2398072088480876,False,True
GB,2007,1999-2007,16,13,3,0,13-3-0,5.4375,4.9375,0.5,0.09053069719042664,-0.25,27.1875,9.0,1.335991111838653,False,False
CHI,2017,2017-2025,16,5,11,0,5-11-0,5.1875,4.6875,0.5,0.08924731182795699,0.0625,16.5,-3.5,-0.3983348561641834,False,False
SEA,2016,2008-2016,16,10,5,1,10-5-1,5.875,5.375,0.5,0.09437751004016064,-0.0625,22.125,3.875,0.5885071830618375,False,False
LAC,2003,1999-2007,16,4,12,0,4-12-0,7.25,6.75,0.5,0.12058212058212059,0.6875,19.5625,-8.0,-1.400414508095455,False,False
TB,2021,2017-2025,17,13,4,0,13-4-0,6.764705882352941,6.294117647058823,0.47058823529411764,0.10258697591436218,-0.5882352941176471,30.058823529411764,9.294117647058824,1.4603673103825958,False,False
NO,2019,2017-2025,16,13,3,0,13-3-0,6.1875,5.75,0.4375,0.10010111223458039,-0.9375,28.625,7.3125,1.1485751587054949,False,False
TEN,2007,1999-2007,16,10,6,0,10-6-0,5.0,4.5625,0.4375,0.07835455435847209,0.0,18.8125,0.25,0.0747399359652606,False,False
CHI,2001,1999-2007,16,13,3,0,13-3-0,5.0,4.5625,0.4375,0.07874015748031496,-0.8125,21.125,8.4375,1.2802093600271136,False,False
DEN,2018,2017-2025,16,6,10,0,6-10-0,6.75,6.3125,0.4375,0.10724925521350546,-0.375,20.5625,-1.25,-0.2786424349241697,False,False
CAR,2014,2008-2016,16,7,8,1,7-8-1,6.1875,5.75,0.4375,0.09419600380589914,-0.25,21.1875,-2.1875,-0.4140809060317555,False,False
LAR,2006,1999-2007,16,8,8,0,8-8-0,6.75,6.3125,0.4375,0.10295519542421354,-0.875,22.9375,-0.875,-0.4624394209761937,False,False
MIN,2003,1999-2007,16,9,7,0,9-7-0,7.4375,7.0,0.4375,0.11354961832061068,-0.625,26.0,3.9375,0.6289632413717691,False,False
MIN,2006,1999-2007,16,6,10,0,6-10-0,5.375,4.9375,0.4375,0.08447937131630648,-0.25,17.625,-2.8125,-0.6218252797890661,False,False
CIN,2011,2008-2016,16,9,7,0,9-7-0,5.8125,5.375,0.4375,0.09253731343283582,-0.0625,21.5,1.3125,-0.0026309963326731,False,False
BAL,2015,2008-2016,16,5,11,0,5-11-0,5.75,5.3125,0.4375,0.08526413345690455,0.875,20.5,-4.5625,-0.5743371493251549,False,False
WSH,2020,2017-2025,16,7,9,0,7-9-0,5.375,4.9375,0.4375,0.08261287223823247,0.25,20.9375,0.375,-0.1119979140227521,False,False
BUF,2013,2008-2016,16,6,10,0,6-10-0,6.375,5.9375,0.4375,0.09281164695177434,-0.1875,21.1875,-3.0625,-0.5236328669262392,False,False
SF,2000,1999-2007,16,6,10,0,6-10-0,7.1875,6.75,0.4375,0.1145418326693227,-0.125,24.25,-2.125,-0.5509698514023328,False,False
TEN,2002,1999-2007,16,11,5,0,11-5-0,5.5,5.0625,0.4375,0.08619000979431929,-0.1875,22.9375,2.6875,0.28277916081207,False,False
SF,2001,1999-2007,16,12,4,0,12-4-0,6.375,5.9375,0.4375,0.0977948226270374,-0.9375,25.5625,7.9375,1.075390830277612,False,False
CHI,2025,2017-2025,17,11,6,0,11-6-0,7.470588235294118,7.0588235294117645,0.4117647058823529,0.11587591240875912,-1.2941176470588236,25.941176470588236,1.5294117647058822,0.1941710416533476,False,False
BUF,2024,2017-2025,17,13,4,0,13-4-0,6.588235294117647,6.176470588235294,0.4117647058823529,0.11144278606965174,-1.411764705882353,30.88235294117647,9.235294117647058,1.5016036944526554,False,False
LAC,2025,2017-2025,17,11,6,0,11-6-0,5.647058823529412,5.235294117647059,0.4117647058823529,0.08888888888888889,-0.11764705882352941,21.647058823529413,1.6470588235294117,0.1114647311018241,False,False
DEN,2021,2017-2025,17,7,10,0,7-10-0,5.9411764705882355,5.529411764705882,0.4117647058823529,0.09786821705426356,-0.058823529411764705,19.705882352941178,0.7647058823529411,-0.0344780153168352,False,False
ARI,2013,2008-2016,16,10,6,0,10-6-0,5.6875,5.3125,0.375,0.0892156862745098,0.0625,23.6875,3.4375,0.8941830023337177,False,False
CAR,2002,1999-2007,16,7,9,0,7-9-0,5.875,5.5,0.375,0.09915611814345991,0.4375,16.125,-2.75,-0.3128056342231064,False,False
TEN,2018,2017-2025,16,9,7,0,9-7-0,6.125,5.75,0.375,0.1053763440860215,0.0625,19.375,0.4375,0.0913289405743048,False,False
WSH,2016,2008-2016,16,8,7,1,8-7-1,7.125,6.75,0.375,0.11434302908726178,0.0625,24.75,0.8125,0.2150815371648807,False,False
DAL,2010,2008-2016,16,6,10,0,6-10-0,6.625,6.25,0.375,0.10341463414634146,0.0,24.625,-2.625,-0.300848024870722,False,False
SEA,2004,1999-2007,16,9,7,0,9-7-0,6.4375,6.0625,0.375,0.10137795275590551,-0.5,23.1875,-0.125,-0.4870085766896353,False,False
CHI,2003,1999-2007,16,7,9,0,7-9-0,5.1875,4.8125,0.375,0.08383838383838384,0.5625,17.6875,-3.9375,-0.5692704885262903,False,False
OAK,2020,2017-2025,16,8,8,0,8-8-0,7.125,6.75,0.375,0.111328125,0.6875,27.125,-2.75,-0.2729676508906824,False,False
MIN,2013,2008-2016,16,5,10,1,5-10-1,7.0625,6.6875,0.375,0.11232604373757456,0.75,24.4375,-5.5625,-0.9528591540329644,False,False
PIT,2018,2017-2025,16,9,6,1,9-6-1,6.4375,6.0625,0.375,0.09847036328871893,0.6875,26.75,4.25,0.8776115007081996,False,False
LAR,2003,1999-2007,16,12,4,0,12-4-0,6.75,6.375,0.375,0.10354745925215723,-0.3125,27.9375,7.4375,0.9393353284963252,False,False
BAL,2005,1999-2007,16,6,10,0,6-10-0,5.125,4.75,0.375,0.07839388145315487,0.625,16.5625,-2.125,-0.445497466480905,False,False
TB,2003,1999-2007,16,7,9,0,7-9-0,5.0625,4.6875,0.375,0.07871720116618076,-0.0625,18.8125,2.3125,0.4447757438642162,False,False
GB,2000,1999-2007,16,9,7,0,9-7-0,5.5625,5.1875,0.375,0.086073500967118,0.3125,22.0625,1.875,0.3110150002242647,False,False
MIA,2005,1999-2007,16,9,7,0,9-7-0,5.3125,4.9375,0.375,0.08390918065153011,0.0,19.875,0.0625,-0.0678812026614373,False,False
LAR,2004,1999-2007,16,8,8,0,8-8-0,7.125,6.75,0.375,0.11275964391691394,1.5625,19.9375,-4.5625,-0.997869162195702,False,False
TB,2010,2008-2016,16,10,6,0,10-6-0,7.0,6.6875,0.3125,0.11826821541710665,-0.5625,21.3125,1.4375,0.0123515621563347,False,False
TEN,2020,2017-2025,16,11,5,0,11-5-0,7.125,6.8125,0.3125,0.111328125,-0.6875,30.6875,3.25,0.3669148991986475,False,False
HOU,2004,1999-2007,16,7,9,0,7-9-0,5.8125,5.5,0.3125,0.09365558912386707,-0.3125,19.3125,-1.875,-0.1553545881286309,False,False
IND,2018,2017-2025,16,10,6,0,10-6-0,5.8125,5.5,0.3125,0.0886558627264061,-0.125,27.0625,5.5625,0.8274296167363244,False,False
NO,2006,1999-2007,16,10,6,0,10-6-0,6.5,6.1875,0.3125,0.09904761904761905,0.25,25.8125,5.6875,0.6307819441811817,False,False
ATL,2011,2008-2016,16,10,6,0,10-6-0,6.8125,6.5,0.3125,0.1041069723018147,-0.5,25.125,3.25,0.3907820156070798,False,False
BAL,2002,1999-2007,16,7,9,0,7-9-0,5.1875,4.875,0.3125,0.08867521367521368,0.0,19.75,-2.375,-0.3787723389895512,False,False
NE,2015,2008-2016,16,12,4,0,12-4-0,6.1875,5.875,0.3125,0.09620991253644315,-0.4375,29.0625,9.375,1.39129887151846,False,False
SEA,2006,1999-2007,16,9,7,0,9-7-0,5.75,5.4375,0.3125,0.08863198458574181,0.5625,20.9375,-0.375,-0.2656965250366399,False,False
NYJ,2007,1999-2007,16,4,12,0,4-12-0,5.125,4.8125,0.3125,0.08183632734530938,0.25,16.75,-5.4375,-0.6380326064732164,False,False
NYJ,1999,1999-2007,16,8,8,0,8-8-0,5.6875,5.375,0.3125,0.0931422722620266,-0.8125,19.25,-0.0625,0.2801058492778192,False,False
LAR,2002,1999-2007,16,7,9,0,7-9-0,6.0,5.6875,0.3125,0.09393346379647749,1.1875,19.75,-3.3125,-0.4734056931936236,False,False
BUF,2004,1999-2007,16,9,7,0,9-7-0,5.25,4.9375,0.3125,0.08704663212435233,-0.625,24.6875,6.9375,1.221971188486472,False,False
HOU,2013,2008-2016,16,2,14,0,2-14-0,6.125,5.8125,0.3125,0.09023941068139964,1.25,17.25,-9.5,-1.326622491322034,False,False
TEN,2021,2017-2025,17,12,5,0,12-5-0,5.647058823529412,5.352941176470588,0.29411764705882354,0.08579088471849866,0.23529411764705882,24.647058823529413,3.823529411764706,0.5569680075674317,False,False
CLE,2022,2017-2025,17,7,10,0,7-10-0,7.117647058823529,6.823529411764706,0.29411764705882354,0.11010009099181074,0.058823529411764705,21.235294117647058,-1.1764705882352942,-0.1523496552418768,False,False
MIN,2025,2017-2025,17,9,8,0,9-8-0,5.411764705882353,5.117647058823529,0.29411764705882354,0.0975609756097561,0.5882352941176471,20.235294117647058,0.6470588235294118,-0.0146316285109019,False,False
LAR,2023,2017-2025,17,10,7,0,10-7-0,6.294117647058823,6.0,0.29411764705882354,0.09807516040329972,0.17647058823529413,23.764705882352942,1.588235294117647,0.4428322552977195,False,False
BAL,2021,2017-2025,17,8,9,0,8-9-0,7.117647058823529,6.823529411764706,0.29411764705882354,0.102803738317757,0.6470588235294118,22.764705882352942,-0.29411764705882354,-0.0034817304747111,False,False
WSH,2021,2017-2025,17,7,10,0,7-10-0,5.882352941176471,5.588235294117647,0.29411764705882354,0.09380863039399624,0.29411764705882354,19.705882352941178,-5.823529411764706,-0.7192955152771091,False,False
LAC,2000,1999-2007,15,1,14,0,1-14-0,4.4,4.133333333333334,0.26666666666666666,0.07197382769901854,1.8,17.266666666666666,-9.266666666666667,-1.4049724766735483,False,False
OAK,2010,2008-2016,16,8,8,0,8-8-0,6.625,6.375,0.25,0.103515625,0.125,25.625,2.4375,0.0669769291297223,False,False
JAX,2018,2017-2025,16,5,11,0,5-11-0,5.5625,5.3125,0.25,0.08891108891108891,0.75,15.3125,-4.4375,-0.6554807662601647,False,False
CLE,2013,2008-2016,16,4,12,0,4-12-0,5.25,5.0,0.25,0.07835820895522388,0.5,19.25,-6.125,-1.175199380618401,False,False
TB,2002,1999-2007,16,12,4,0,12-4-0,4.625,4.375,0.25,0.07247796278158668,-1.0625,21.625,9.375,2.3484405540553497,True,True
ARI,2020,2017-2025,16,8,8,0,8-8-0,7.125,6.875,0.25,0.10674157303370786,0.0,25.625,2.6875,0.4021466331420656,False,False
WSH,2006,1999-2007,16,5,11,0,5-11-0,7.125,6.875,0.25,0.11728395061728394,0.3125,19.1875,-4.3125,-0.7768484690562032,False,False
SEA,2011,2008-2016,16,7,9,0,7-9-0,5.875,5.625,0.25,0.09475806451612903,-0.5,20.0625,0.375,0.0798626225526584,False,False
CAR,2020,2017-2025,16,5,11,0,5-11-0,6.375,6.125,0.25,0.10386965376782077,-0.0625,21.875,-3.25,-0.282673568857157,False,False
GB,1999,1999-2007,16,8,8,0,8-8-0,6.1875,5.9375,0.25,0.09801980198019802,-0.25,22.3125,1.0,0.1996158804642604,False,False
HOU,2010,2008-2016,16,6,10,0,6-10-0,7.0625,6.8125,0.25,0.11122047244094488,0.0,24.375,-2.3125,-0.316310516778006,False,False
DET,2011,2008-2016,16,10,6,0,10-6-0,6.625,6.375,0.25,0.09897292250233426,-0.625,29.625,5.4375,0.6058536806067164,False,False
NE,2009,2008-2016,16,10,6,0,10-6-0,5.8125,5.5625,0.25,0.08748824082784572,-0.3125,26.6875,8.875,1.0319425780434162,False,False
DEN,1999,1999-2007,16,6,10,0,6-10-0,5.625,5.375,0.25,0.08704061895551257,0.125,19.625,-0.25,0.2993152290017925,False,False
ATL,2023,2017-2025,17,7,10,0,7-10-0,6.294117647058823,6.0588235294117645,0.23529411764705882,0.09879963065558633,0.7058823529411765,18.88235294117647,-3.0588235294117645,-0.7771473303125184,False,False
NO,2022,2017-2025,17,7,10,0,7-10-0,5.352941176470588,5.117647058823529,0.23529411764705882,0.09054726368159204,0.6470588235294118,19.41176470588235,-0.8823529411764706,-0.2190946809255237,False,False
TB,2004,1999-2007,16,5,11,0,5-11-0,5.25,5.0625,0.1875,0.08974358974358974,0.5,18.8125,-0.1875,-0.3570414030095304,False,False
CHI,2016,2008-2016,16,3,13,0,3-13-0,6.3125,6.125,0.1875,0.10542797494780794,1.25,17.4375,-7.5,-1.5047364329450208,False,False
IND,2002,1999-2007,16,10,6,0,10-6-0,5.4375,5.25,0.1875,0.08333333333333333,0.4375,21.8125,2.25,0.0145638886428549,False,False
GB,2015,2008-2016,16,10,6,0,10-6-0,6.75,6.5625,0.1875,0.10325047801147227,-0.3125,23.0,2.8125,0.8618017222836273,False,False
CIN,2000,1999-2007,16,4,12,0,4-12-0,5.8125,5.625,0.1875,0.09548254620123203,0.875,11.5625,-10.875,-1.494596905450908,False,False
HOU,2016,2008-2016,16,9,7,0,9-7-0,5.1875,5.0,0.1875,0.07867298578199051,0.4375,17.4375,-3.0625,-0.484412197062838,False,False
JAX,2016,2008-2016,16,3,13,0,3-13-0,5.3125,5.125,0.1875,0.08110687022900763,1.0,19.875,-5.125,-0.9672873776045752,False,False
NYG,2005,1999-2007,16,11,5,0,11-5-0,6.5,6.3125,0.1875,0.09971236816874401,-0.75,26.375,6.75,0.8052848016566792,False,False
KC,2015,2008-2016,16,11,5,0,11-5-0,5.9375,5.75,0.1875,0.10052910052910052,-0.875,25.3125,7.375,1.5015071026275266,False,False
MIN,2002,1999-2007,16,6,10,0,6-10-0,7.625,7.4375,0.1875,0.11285846438482887,1.125,24.375,-3.25,-0.5535232581762275,False,False
MIA,1999,1999-2007,16,9,7,0,9-7-0,5.5625,5.375,0.1875,0.08460076045627377,0.375,20.375,-0.625,0.0133072173806031,False,False
WSH,2001,1999-2007,16,8,8,0,8-8-0,5.6875,5.5,0.1875,0.09449636552440291,-0.375,16.0,-2.9375,-0.454046117210185,False,False
WSH,2002,1999-2007,16,7,9,0,7-9-0,5.875,5.6875,0.1875,0.0912621359223301,0.875,19.1875,-3.625,-0.7200095381683225,False,False
DAL,2021,2017-2025,17,12,5,0,12-5-0,6.882352941176471,6.705882352941177,0.17647058823529413,0.10236220472440945,-0.8235294117647058,31.176470588235293,10.117647058823529,1.3235615956662712,False,False
TEN,2023,2017-2025,17,6,11,0,6-11-0,5.764705882352941,5.588235294117647,0.17647058823529413,0.09959349593495935,0.4117647058823529,17.941176470588236,-3.6470588235294117,-0.6759605011848018,False,False
BAL,2025,2017-2025,17,8,9,0,8-9-0,6.705882352941177,6.529411764705882,0.17647058823529413,0.1192468619246862,0.17647058823529413,24.941176470588236,1.5294117647058822,0.2852606706890312,False,False
JAX,2010,2008-2016,16,8,8,0,8-8-0,7.125,7.0,0.125,0.1130952380952381,0.9375,22.0625,-4.125,-0.766404505986921,False,False
BAL,2006,1999-2007,16,13,3,0,13-3-0,4.9375,4.8125,0.125,0.08044806517311609,-1.0625,22.0625,9.5,1.5669210791072348,False,False
ATL,2018,2017-2025,16,7,9,0,7-9-0,6.5,6.375,0.125,0.10317460317460317,-0.0625,25.875,-0.5625,-0.1209223354338856,False,False
NE,2020,2017-2025,16,7,9,0,7-9-0,6.25,6.125,0.125,0.10330578512396695,-0.1875,20.375,-1.6875,-0.4049689120280207,False,False
NO,2000,1999-2007,16,10,6,0,10-6-0,6.1875,6.0625,0.125,0.09686888454011741,-0.625,22.125,3.0625,0.1191016673502559,False,False
OAK,2005,1999-2007,16,4,12,0,4-12-0,5.1875,5.0625,0.125,0.08350100603621731,0.25,18.125,-5.8125,-0.6820077315766261,False,False
GB,2008,2008-2016,16,6,10,0,6-10-0,5.5625,5.4375,0.125,0.0890890890890891,-0.4375,26.1875,2.4375,0.335729220326256,False,False
CHI,2015,2008-2016,16,6,10,0,6-10-0,6.25,6.125,0.125,0.09784735812133072,0.25,20.9375,-3.875,-0.4273426036444398,False,False
SF,2006,1999-2007,16,7,9,0,7-9-0,5.6875,5.5625,0.125,0.10077519379844961,0.3125,18.625,-7.125,-1.2636542379342943,False,False
DAL,2017,2017-2025,16,9,7,0,9-7-0,5.8125,5.6875,0.125,0.09309309309309309,0.0,22.125,1.375,0.2685976285083087,False,False
SF,2017,2017-2025,16,6,10,0,6-10-0,6.375,6.25,0.125,0.09751434034416825,0.1875,20.6875,-3.25,-0.5234103821878135,False,False
ATL,2022,2017-2025,17,7,10,0,7-10-0,6.294117647058823,6.176470588235294,0.11764705882352941,0.107,0.17647058823529413,21.470588235294116,-1.2352941176470589,-0.4353806809606261,False,False
DAL,2022,2017-2025,17,12,5,0,12-5-0,6.588235294117647,6.470588235294118,0.11764705882352941,0.10172570390554042,-0.5882352941176471,27.470588235294116,7.352941176470588,1.422743196567534,False,False
JAX,2022,2017-2025,17,9,8,0,9-8-0,6.470588235294118,6.352941176470588,0.11764705882352941,0.10318949343339587,-0.29411764705882354,23.764705882352942,3.176470588235294,0.5353207919530665,False,False
OAK,2022,2017-2025,17,6,11,0,6-11-0,6.588235294117647,6.470588235294118,0.11764705882352941,0.10687022900763359,0.47058823529411764,23.235294117647058,-1.3529411764705883,-0.3952051336592011,False,False
SEA,2024,2017-2025,17,10,7,0,10-7-0,5.764705882352941,5.647058823529412,0.11764705882352941,0.0962671905697446,0.35294117647058826,22.058823529411764,0.4117647058823529,0.1285560775389674,False,False
CHI,2010,2008-2016,16,11,5,0,11-5-0,5.625,5.5625,0.0625,0.0982532751091703,-0.25,20.875,3.0,0.6064945907397629,False,False
DEN,2009,2008-2016,16,8,8,0,8-8-0,6.0,5.9375,0.0625,0.0935672514619883,-0.4375,20.375,0.125,-0.0079369800610001,False,False
PHI,2005,1999-2007,16,6,10,0,6-10-0,5.5,5.4375,0.0625,0.08678500986193294,0.4375,19.375,-4.875,-0.5551780680487867,False,False
ARI,2008,2008-2016,16,9,7,0,9-7-0,5.5,5.4375,0.0625,0.08943089430894309,-0.0625,26.6875,0.0625,0.3732369784603971,False,True
TB,2008,2008-2016,16,9,7,0,9-7-0,5.1875,5.125,0.0625,0.08042635658914729,-0.1875,22.5625,2.375,0.3419520650930079,False,False
HOU,2008,2008-2016,16,8,8,0,8-8-0,6.3125,6.25,0.0625,0.10049751243781095,0.5625,22.875,-1.75,-0.2231058529015111,False,False
CIN,2005,1999-2007,16,11,5,0,11-5-0,6.0625,6.0,0.0625,0.0967098703888335,-1.5,26.3125,4.4375,0.6263797506390276,False,False
JAX,2017,2017-2025,16,10,6,0,10-6-0,5.625,5.5625,0.0625,0.08434864104967198,-0.625,26.0625,9.3125,1.1783792912708777,False,False
JAX,2009,2008-2016,16,7,9,0,7-9-0,5.9375,5.875,0.0625,0.09566968781470292,-0.125,18.125,-5.625,-0.818888399477093,False,False
OAK,2011,2008-2016,16,8,8,0,8-8-0,7.625,7.5625,0.0625,0.12436289500509684,0.25,22.4375,-4.625,-0.8075430041564153,False,False
JAX,2002,1999-2007,16,6,10,0,6-10-0,5.6875,5.625,0.0625,0.09518828451882845,-0.875,20.5,0.8125,0.0010465628690135,False,False
PHI,2000,1999-2007,16,11,5,0,11-5-0,5.8125,5.75,0.0625,0.09235352532274081,-0.1875,21.9375,6.625,0.8103185018766216,False,False
KC,2018,2017-2025,16,12,4,0,12-4-0,8.125,8.0625,0.0625,0.1319796954314721,-0.5625,35.3125,9.0,1.6009752313775634,False,False
ATL,2025,2017-2025,17,8,9,0,8-9-0,5.9411764705882355,5.882352941176471,0.058823529411764705,0.09749034749034749,-0.29411764705882354,20.764705882352942,-2.823529411764706,-0.4593134597431427,False,False
WSH,2024,2017-2025,17,12,5,0,12-5-0,6.588235294117647,6.529411764705882,0.058823529411764705,0.10265811182401467,-0.058823529411764705,28.529411764705884,5.529411764705882,0.7545154546644159,False,False
IND,2019,2017-2025,16,7,9,0,7-9-0,5.6875,5.6875,0.0,0.09090909090909091,-0.125,22.5625,-0.75,-0.2286713334173529,False,False
TEN,2024,2017-2025,17,3,14,0,3-14-0,5.647058823529412,5.647058823529412,0.0,0.09320388349514563,1.0,18.294117647058822,-8.764705882352942,-1.328139738940161,False,False
MIA,2001,1999-2007,16,11,5,0,11-5-0,5.0,5.0,0.0,0.08385744234800839,0.5625,21.5,3.375,0.3307049086294897,False,False
ARI,2017,2017-2025,16,8,8,0,8-8-0,5.125,5.125,0.0,0.07839388145315487,0.25,18.4375,-4.125,-0.6689429794418267,False,False
TEN,2009,2008-2016,16,8,8,0,8-8-0,6.0625,6.0625,0.0,0.09897959183673469,0.25,22.125,-3.0,-0.2340050058661605,False,False
NO,2008,2008-2016,16,8,8,0,8-8-0,6.125,6.125,0.0,0.09477756286266925,0.25,28.9375,4.375,0.5689536373701608,False,False
NE,2018,2017-2025,16,11,5,0,11-5-0,7.375,7.375,0.0,0.11216730038022814,-0.625,27.25,6.9375,1.4214618978015967,True,True
IND,2024,2017-2025,17,8,9,0,8-9-0,6.764705882352941,6.764705882352941,0.0,0.11121856866537717,0.23529411764705882,22.176470588235293,-2.9411764705882355,-0.5939900556262894,False,False
PHI,2014,2008-2016,16,10,6,0,10-6-0,7.3125,7.3125,0.0,0.1055004508566276,0.4375,29.625,4.625,0.7576808135278859,False,False
BAL,2007,1999-2007,16,5,11,0,5-11-0,4.75,4.75,0.0,0.07364341085271318,1.0,17.1875,-6.8125,-0.990583365286976,False,False
BUF,2008,2008-2016,16,7,9,0,7-9-0,5.5625,5.5625,0.0,0.09478168264110756,0.4375,21.0,-0.375,-0.3331391687940239,False,False
SEA,2001,1999-2007,16,9,7,0,9-7-0,5.75,5.75,0.0,0.09378185524974515,-0.375,18.8125,-1.4375,-0.2713049227947816,False,False
LAC,2013,2008-2016,16,9,7,0,9-7-0,6.25,6.25,0.0,0.0949667616334283,0.25,24.75,3.0,0.6560077907756461,False,False
MIA,2014,2008-2016,16,8,8,0,8-8-0,5.9375,5.9375,0.0,0.09250243427458617,-0.125,24.25,0.9375,0.2180082835429896,False,False
NYJ,2022,2017-2025,17,7,10,0,7-10-0,5.529411764705882,5.588235294117647,-0.058823529411764705,0.08842897460018814,0.4117647058823529,17.41176470588235,-1.1764705882352942,-0.0435006945583542,False,False
GB,2021,2017-2025,17,13,4,0,13-4-0,5.705882352941177,5.764705882352941,-0.058823529411764705,0.09220532319391635,-0.7647058823529411,26.470588235294116,4.647058823529412,0.833947401979029,False,False
CAR,2025,2017-2025,17,8,9,0,8-9-0,5.176470588235294,5.235294117647059,-0.058823529411764705,0.08835341365461848,0.11764705882352941,18.294117647058822,-4.0588235294117645,-0.5278529764290749,False,False
NE,2012,2008-2016,16,12,4,0,12-4-0,7.3125,7.375,-0.0625,0.09906858594411516,-1.5625,34.8125,14.125,1.766004646127493,False,False
NYG,2007,1999-2007,16,10,6,0,10-6-0,5.4375,5.5,-0.0625,0.08487804878048781,0.5625,23.3125,1.375,0.735494570464491,True,True
JAX,2011,2008-2016,16,5,11,0,5-11-0,5.0625,5.125,-0.0625,0.08206686930091185,-0.3125,15.1875,-5.375,-0.9142842974336152,False,False
CIN,2014,2008-2016,16,10,5,1,10-5-1,5.75,5.8125,-0.0625,0.09145129224652088,0.0,22.8125,1.3125,0.1143705514974807,False,False
DET,2000,1999-2007,16,9,7,0,9-7-0,5.0625,5.125,-0.0625,0.08181818181818182,-0.6875,19.1875,0.0,0.0814878713075052,False,False
HOU,2012,2008-2016,16,12,4,0,12-4-0,6.5,6.5625,-0.0625,0.09692451071761417,-0.75,26.0,5.3125,0.609187034572317,False,False
IND,2004,1999-2007,16,12,4,0,12-4-0,7.125,7.1875,-0.0625,0.12012644889357219,-1.1875,32.625,10.6875,1.8084148984969584,False,False
CIN,1999,1999-2007,16,4,12,0,4-12-0,5.6875,5.75,-0.0625,0.0893909626719057,0.3125,17.6875,-11.0625,-1.789391544663846,False,False
MIN,2018,2017-2025,16,8,7,1,8-7-1,5.375,5.4375,-0.0625,0.08634538152610442,0.0,22.5,1.1875,0.2156822721093237,False,False
CAR,2016,2008-2016,16,6,10,0,6-10-0,6.0,6.0625,-0.0625,0.09151572926596759,0.125,23.0625,-2.0625,-0.178988699017949,False,False
GB,2010,2008-2016,16,10,6,0,10-6-0,6.125,6.1875,-0.0625,0.09959349593495935,-0.625,24.25,9.25,1.982320677298833,True,True
GB,2001,1999-2007,16,12,4,0,12-4-0,5.875,5.9375,-0.0625,0.09978768577494693,-0.5625,24.375,7.75,1.0046202594399547,False,False
CAR,2007,1999-2007,16,7,9,0,7-9-0,5.125,5.1875,-0.0625,0.0835030549898167,-0.0625,16.6875,-5.0,-0.7997764292548553,False,False
BUF,2016,2008-2016,16,7,9,0,7-9-0,7.0,7.0625,-0.0625,0.1111111111111111,-0.375,24.9375,1.3125,0.078532547415203,False,False
TEN,2010,2008-2016,16,6,10,0,6-10-0,5.75,5.8125,-0.0625,0.10267857142857142,0.25,22.25,1.0625,0.1837314466580737,False,False
GB,2022,2017-2025,17,8,9,0,8-9-0,6.352941176470588,6.470588235294118,-0.11764705882352941,0.10424710424710425,-0.11764705882352941,21.764705882352942,-0.058823529411764705,-0.0001399157187863,False,False
DET,2025,2017-2025,17,9,8,0,9-8-0,6.470588235294118,6.588235294117647,-0.11764705882352941,0.10466222645099905,-0.23529411764705882,28.294117647058822,4.0,0.6356249238573791,False,False
WSH,1999,1999-2007,16,10,6,0,10-6-0,7.0625,7.1875,-0.125,0.11277445109780439,-0.75,27.6875,4.125,0.5936107789857817,False,False
WSH,2000,1999-2007,16,8,8,0,8-8-0,5.5625,5.6875,-0.125,0.08725490196078431,0.0625,17.5625,0.75,0.2561257290070637,False,False
WSH,2009,2008-2016,16,4,12,0,4-12-0,4.9375,5.0625,-0.125,0.08229166666666667,0.625,16.625,-4.375,-0.679111075100668,False,False
GB,2019,2017-2025,16,13,3,0,13-3-0,6.125,6.25,-0.125,0.0980980980980981,-0.75,23.5,3.9375,0.5465983903744146,False,False
GB,2006,1999-2007,16,8,8,0,8-8-0,5.6875,5.8125,-0.125,0.08496732026143791,0.0,18.8125,-4.0625,-0.6625242675807312,False,False
GB,2002,1999-2007,16,12,4,0,12-4-0,6.0625,6.1875,-0.125,0.09220532319391635,-1.0625,24.875,4.375,0.4975298379129231,False,False
ARI,2009,2008-2016,16,10,6,0,10-6-0,6.25,6.375,-0.125,0.10427528675703858,0.4375,23.4375,3.125,0.1222438795425029,False,False
SF,2009,2008-2016,16,8,8,0,8-8-0,5.1875,5.3125,-0.125,0.08963282937365011,-0.625,20.625,3.0625,0.2317955455252549,False,False
DET,2004,1999-2007,16,6,10,0,6-10-0,5.6875,5.8125,-0.125,0.09722222222222222,-0.25,18.5,-3.375,-0.7076772007642539,False,False
ATL,2015,2008-2016,16,8,8,0,8-8-0,6.0625,6.1875,-0.125,0.09133709981167608,0.4375,21.1875,-0.375,-0.2825381772417766,False,False
CLE,2007,1999-2007,16,10,6,0,10-6-0,6.75,6.875,-0.125,0.10964467005076142,0.125,25.125,1.25,-0.0874108078168238,False,False
IND,2000,1999-2007,16,10,6,0,10-6-0,6.25,6.375,-0.125,0.09861932938856016,0.5,26.8125,6.4375,1.0582096579667366,False,False
PHI,2018,2017-2025,16,9,7,0,9-7-0,6.0625,6.1875,-0.125,0.0943579766536965,0.375,22.9375,1.1875,0.4729090420856331,False,False
DAL,2011,2008-2016,16,8,8,0,8-8-0,6.0,6.125,-0.125,0.0959040959040959,-0.25,23.0625,1.375,0.1902155820677117,False,False
MIA,2024,2017-2025,17,8,9,0,8-9-0,5.176470588235294,5.352941176470588,-0.17647058823529413,0.08178438661710037,0.29411764705882354,20.294117647058822,-1.1176470588235294,-0.4078760385039963,False,False
LAC,2024,2017-2025,17,11,6,0,11-6-0,5.882352941176471,6.0588235294117645,-0.17647058823529413,0.10020040080160321,-0.7647058823529411,23.647058823529413,5.9411764705882355,0.6459211041902728,False,False
NE,2024,2017-2025,17,4,13,0,4-13-0,5.411764705882353,5.588235294117647,-0.17647058823529413,0.0901077375122429,0.6470588235294118,17.0,-7.529411764705882,-1.2912339707022855,False,False
PHI,2023,2017-2025,17,11,6,0,11-6-0,6.117647058823529,6.294117647058823,-0.17647058823529413,0.09420289855072464,0.5882352941176471,25.470588235294116,0.29411764705882354,-0.2032378773084711,False,False
PIT,2022,2017-2025,17,9,8,0,9-8-0,5.705882352941177,5.882352941176471,-0.17647058823529413,0.08810172570390554,-0.23529411764705882,18.11764705882353,-2.235294117647059,-0.1902407011137552,False,False
CAR,2013,2008-2016,16,12,4,0,12-4-0,5.4375,5.625,-0.1875,0.08868501529051988,-0.6875,22.875,7.8125,1.1843665573034647,False,False
HOU,2019,2017-2025,16,10,6,0,10-6-0,6.5625,6.75,-0.1875,0.1044776119402985,0.0,23.625,-0.4375,0.0634417483024449,False,False
HOU,2015,2008-2016,16,9,7,0,9-7-0,5.5625,5.75,-0.1875,0.08032490974729242,-0.3125,21.1875,1.625,-0.1204377984205448,False,False
IND,2005,1999-2007,16,14,2,0,14-2-0,5.1875,5.375,-0.1875,0.08521560574948665,-0.625,27.4375,12.0,1.7323274857247577,False,False
BAL,2004,1999-2007,16,9,7,0,9-7-0,5.0,5.1875,-0.1875,0.08264462809917356,-0.6875,19.8125,3.0625,0.8829128051625124,False,False
GB,2012,2008-2016,16,11,5,0,11-5-0,5.75,5.9375,-0.1875,0.08966861598440545,-0.4375,27.0625,6.0625,0.8415083337740255,False,False
NYG,2012,2008-2016,16,9,7,0,9-7-0,6.875,7.0625,-0.1875,0.11506276150627615,-0.875,26.8125,5.3125,0.9466522846912347,False,False
DET,2017,2017-2025,16,9,7,0,9-7-0,5.9375,6.125,-0.1875,0.09733606557377049,-0.625,25.625,2.125,0.3768345069446321,False,False
DEN,2019,2017-2025,16,7,9,0,7-9-0,5.4375,5.625,-0.1875,0.09216101694915255,-0.0625,17.625,-2.125,-0.292027834937101,False,False
NYG,2013,2008-2016,16,7,9,0,7-9-0,5.75,5.9375,-0.1875,0.09387755102040816,0.9375,18.375,-5.5625,-0.7434233233397962,False,False
KC,2013,2008-2016,16,11,5,0,11-5-0,6.5,6.6875,-0.1875,0.10337972166998012,-1.125,26.875,7.8125,1.0074584710780634,False,False
CIN,2007,1999-2007,16,7,9,0,7-9-0,5.0625,5.25,-0.1875,0.08157099697885196,-0.3125,23.75,-0.3125,-0.3052691746787108,False,False
CHI,2022,2017-2025,17,3,14,0,3-14-0,7.0,7.235294117647059,-0.23529411764705882,0.12081218274111676,0.11764705882352941,19.176470588235293,-8.058823529411764,-1.541281500768907,False,False
PHI,2025,2017-2025,17,11,6,0,11-6-0,5.705882352941177,5.9411764705882355,-0.23529411764705882,0.09748743718592964,-0.35294117647058826,22.294117647058822,3.176470588235294,0.419878117747737,False,False
TEN,2022,2017-2025,17,7,10,0,7-10-0,5.588235294117647,5.823529411764706,-0.23529411764705882,0.09703779366700716,0.17647058823529413,17.529411764705884,-3.588235294117647,-0.6421359332530365,False,False
JAX,2023,2017-2025,17,9,8,0,9-8-0,5.411764705882353,5.647058823529412,-0.23529411764705882,0.08348457350272233,0.17647058823529413,22.176470588235293,0.35294117647058826,0.2173643358543676,False,False
CLE,2003,1999-2007,16,5,11,0,5-11-0,4.3125,4.5625,-0.25,0.07210031347962383,0.6875,15.875,-4.25,-0.7484340365077244,False,False
LAC,2020,2017-2025,16,7,9,0,7-9-0,5.9375,6.1875,-0.25,0.08504923903312445,-0.1875,24.0,-2.625,-0.3314872820160992,False,False
DET,2006,1999-2007,16,3,13,0,3-13-0,5.25,5.5,-0.25,0.08786610878661087,0.5625,19.0625,-5.8125,-1.090253711381974,False,False
CHI,2008,2008-2016,16,9,7,0,9-7-0,4.6875,4.9375,-0.25,0.07637474541751528,-0.375,23.4375,1.5625,0.315889095432581,False,False
DET,2018,2017-2025,16,6,10,0,6-10-0,5.25,5.5,-0.25,0.08284023668639054,0.375,20.25,-2.25,-0.4658577878516931,False,False
NO,2010,2008-2016,16,11,5,0,11-5-0,5.4375,5.6875,-0.25,0.08285714285714285,0.375,24.0,4.8125,0.4144207912622092,False,False
NYJ,2012,2008-2016,16,6,10,0,6-10-0,5.25,5.5,-0.25,0.08171206225680934,0.875,17.5625,-5.875,-0.8615515013300721,False,False
BUF,2014,2008-2016,16,9,7,0,9-7-0,4.9375,5.1875,-0.25,0.07837301587301587,-0.4375,21.4375,3.375,0.6973807878729207,False,False
GB,2013,2008-2016,16,8,7,1,8-7-1,7.4375,7.6875,-0.25,0.11215834118755891,0.1875,26.0625,-0.6875,-0.310786908316751,False,False
NYG,2006,1999-2007,16,8,8,0,8-8-0,6.1875,6.4375,-0.25,0.10010111223458039,-0.0625,22.1875,-0.4375,-0.0022099175223506,False,False
NYG,1999,1999-2007,16,7,9,0,7-9-0,4.75,5.0,-0.25,0.07190160832544938,0.5,18.6875,-3.6875,-0.5434132444692823,False,False
PHI,2012,2008-2016,16,4,12,0,4-12-0,6.875,7.125,-0.25,0.10261194029850747,1.5,17.5,-10.25,-1.392266610037995,False,False
DAL,2000,1999-2007,16,5,11,0,5-11-0,5.625,5.875,-0.25,0.09615384615384616,0.875,18.375,-4.1875,-0.7192215889315413,False,False
NYJ,2000,1999-2007,16,9,7,0,9-7-0,5.125,5.375,-0.25,0.0779467680608365,0.25,20.0625,0.0,0.3494755941538907,False,False
LAR,2022,2017-2025,17,5,12,0,5-12-0,4.588235294117647,4.882352941176471,-0.29411764705882354,0.0790273556231003,0.058823529411764705,18.058823529411764,-4.529411764705882,-1.0514916606007736,False,False
BUF,2002,1999-2007,16,8,8,0,8-8-0,5.75,6.0625,-0.3125,0.08745247148288973,0.75,23.6875,-1.125,-0.1603660634180691,False,False
IND,2008,2008-2016,16,12,4,0,12-4-0,4.125,4.4375,-0.3125,0.06910994764397906,-0.5625,23.5625,4.9375,0.8530063862921727,False,False
WSH,2011,2008-2016,16,5,11,0,5-11-0,6.0,6.3125,-0.3125,0.09411764705882353,0.875,18.0,-4.9375,-0.7394973494185657,False,False
MIN,2005,1999-2007,16,9,7,0,9-7-0,4.8125,5.125,-0.3125,0.08252947481243302,-0.375,19.125,-2.375,-0.4557377799073617,False,False
LAC,2016,2008-2016,16,5,11,0,5-11-0,5.8125,6.125,-0.3125,0.09207920792079208,0.4375,25.625,-0.8125,-0.0617213220736555,False,False
BAL,2016,2008-2016,16,8,8,0,8-8-0,5.0625,5.375,-0.3125,0.07612781954887218,-0.4375,21.4375,1.375,0.2240437432823992,False,False
DET,2012,2008-2016,16,4,12,0,4-12-0,6.5,6.8125,-0.3125,0.09027777777777778,1.0,23.25,-4.0625,-0.5204555361579295,False,False
OAK,2013,2008-2016,16,4,12,0,4-12-0,5.5625,5.875,-0.3125,0.08980827447023208,0.5625,20.125,-8.1875,-1.3093180976855483,False,False
JAX,2000,1999-2007,16,7,9,0,7-9-0,5.8125,6.125,-0.3125,0.08699719363891488,-0.0625,22.9375,2.5,0.1262718275009843,False,False
TEN,2001,1999-2007,16,7,9,0,7-9-0,6.0,6.3125,-0.3125,0.09320388349514563,0.5,21.0,-3.25,-0.5265026316098051,False,False
TB,2012,2008-2016,16,7,9,0,7-9-0,6.75,7.125,-0.375,0.10789210789210789,-0.25,24.3125,-0.3125,0.0939210452667324,False,False
ATL,2014,2008-2016,16,6,10,0,6-10-0,5.9375,6.3125,-0.375,0.09241245136186771,-0.1875,23.8125,-2.25,-0.6233459084046792,False,False
CLE,2004,1999-2007,16,4,12,0,4-12-0,4.9375,5.3125,-0.375,0.08633879781420765,0.8125,17.25,-7.125,-0.7614596337759346,False,False
CIN,2016,2008-2016,16,6,9,1,6-9-1,5.75,6.125,-0.375,0.08854667949951876,-0.25,20.3125,0.625,0.19692633474846,False,False
KC,2004,1999-2007,16,7,9,0,7-9-0,7.625,8.0,-0.375,0.11306765523632993,0.375,30.1875,3.0,0.5768768252387566,False,False
IND,2003,1999-2007,16,12,4,0,12-4-0,5.5625,5.9375,-0.375,0.0863239573229874,-0.625,27.9375,6.9375,1.5401541656865825,False,False
DET,1999,1999-2007,16,8,8,0,8-8-0,5.25,5.625,-0.375,0.0877742946708464,-0.625,20.125,-0.0625,0.1314444624105555,False,False
NO,2005,1999-2007,16,3,13,0,3-13-0,5.75,6.125,-0.375,0.0913604766633565,1.375,14.6875,-10.1875,-1.5102550124830751,False,False
TEN,2013,2008-2016,16,7,9,0,7-9-0,5.875,6.25,-0.375,0.09233791748526522,0.0,22.625,-1.1875,-0.1740565634936204,False,False
LAR,2014,2008-2016,16,6,10,0,6-10-0,5.625,6.0,-0.375,0.09503695881731784,0.125,20.25,-1.875,-0.5079389454694306,False,False
TEN,2006,1999-2007,16,8,8,0,8-8-0,6.125,6.5,-0.375,0.1044776119402985,-0.125,20.25,-4.75,-0.3623793966529,False,False
TB,2023,2017-2025,17,9,8,0,9-8-0,5.647058823529412,6.0588235294117645,-0.4117647058823529,0.0933852140077821,-0.47058823529411764,20.470588235294116,1.3529411764705883,0.4448449483512554,False,False
SEA,2022,2017-2025,17,9,8,0,9-8-0,6.352941176470588,6.764705882352941,-0.4117647058823529,0.10454985479186835,-0.11764705882352941,23.941176470588236,0.35294117647058826,-0.2103093051045395,False,False
NO,2021,2017-2025,17,9,8,0,9-8-0,5.0588235294117645,5.470588235294118,-0.4117647058823529,0.08269230769230769,-0.4117647058823529,21.41176470588235,1.7058823529411764,0.2415561956309779,False,False
NYJ,2024,2017-2025,17,5,12,0,5-12-0,5.705882352941177,6.117647058823529,-0.4117647058823529,0.09566074950690336,0.11764705882352941,19.88235294117647,-3.8823529411764706,-0.7094120708082984,False,False
IND,2016,2008-2016,16,8,8,0,8-8-0,6.3125,6.75,-0.4375,0.09921414538310412,0.3125,25.6875,1.1875,0.0361102502958642,False,False
NE,2013,2008-2016,16,12,4,0,12-4-0,6.125,6.5625,-0.4375,0.0875,-0.5625,27.75,6.625,1.021928335753307,False,False
CLE,2012,2008-2016,16,5,11,0,5-11-0,5.25,5.6875,-0.4375,0.08476286579212916,-0.1875,18.875,-4.125,-0.7036352277898458,False,False
CAR,2006,1999-2007,16,8,8,0,8-8-0,5.3125,5.75,-0.4375,0.08682328907048008,0.375,16.875,-2.1875,-0.441924490385465,False,False
OAK,2017,2017-2025,16,6,10,0,6-10-0,5.375,5.8125,-0.4375,0.09110169491525423,0.875,18.8125,-4.5,-0.7353000683921286,False,False
NYJ,2016,2008-2016,16,5,11,0,5-11-0,6.0625,6.5,-0.4375,0.09719438877755511,1.3125,17.1875,-8.375,-1.438417882878388,False,False
DET,2016,2008-2016,16,9,7,0,9-7-0,5.4375,5.875,-0.4375,0.08950617283950617,0.0625,21.625,-0.75,-0.4261804682839868,False,False
OAK,2016,2008-2016,16,12,4,0,12-4-0,5.9375,6.375,-0.4375,0.09196515004840271,-1.0,26.0,1.9375,0.4267239921283426,False,False
PIT,2003,1999-2007,16,6,10,0,6-10-0,5.0,5.4375,-0.4375,0.0791295746785361,0.1875,18.75,-1.6875,-0.3276564531433474,False,False
LAC,2014,2008-2016,16,9,7,0,9-7-0,5.75,6.1875,-0.4375,0.09154228855721393,0.3125,21.75,0.0,0.2207499130733578,False,False
GB,2011,2008-2016,16,15,1,0,15-1-0,6.5625,7.0,-0.4375,0.11217948717948718,-1.5,35.0,12.5625,1.6158187987628374,False,False
CHI,2012,2008-2016,16,10,6,0,10-6-0,5.8125,6.25,-0.4375,0.09470468431771895,-1.25,23.4375,6.125,0.8724843236452029,False,False
IND,2025,2017-2025,17,8,9,0,8-9-0,5.411764705882353,5.882352941176471,-0.47058823529411764,0.09099901088031652,0.11764705882352941,27.41176470588235,3.176470588235294,0.6721236516210212,False,False
LAC,2012,2008-2016,16,7,9,0,7-9-0,4.625,5.125,-0.5,0.07566462167689161,-0.125,21.875,0.0,-0.2141582228679713,False,False
PHI,2020,2017-2025,16,4,11,1,4-11-1,5.875,6.375,-0.5,0.08744186046511628,0.625,20.875,-5.25,-0.8270366607533076,False,False
PHI,2015,2008-2016,16,7,9,0,7-9-0,6.25,6.75,-0.5,0.09182736455463728,0.375,23.5625,-3.3125,-0.6246556795444186,False,False
NYG,2011,2008-2016,16,9,7,0,9-7-0,6.25,6.75,-0.5,0.09900990099009901,-0.4375,24.625,-0.375,0.7583230106187602,True,True
CIN,2006,1999-2007,16,8,8,0,8-8-0,5.8125,6.3125,-0.5,0.09518935516888434,-0.4375,23.3125,2.625,0.5969912215108569,False,False
KC,2003,1999-2007,16,13,3,0,13-3-0,6.9375,7.4375,-0.5,0.11178247734138973,-1.1875,30.25,9.5,1.4085711660781122,False,False
SEA,1999,1999-2007,16,9,7,0,9-7-0,5.625,6.125,-0.5,0.09473684210526316,-0.1875,21.125,2.5,0.4812764977747769,False,False
DET,2010,2008-2016,16,6,10,0,6-10-0,5.5625,6.0625,-0.5,0.08396226415094339,-0.25,22.625,-0.4375,0.0733802606016849,False,False
SF,2002,1999-2007,16,10,6,0,10-6-0,5.875,6.375,-0.5,0.08801498127340825,-0.625,22.9375,1.0,-0.0148265152811135,False,False
BUF,2018,2017-2025,16,6,10,0,6-10-0,5.75,6.25,-0.5,0.0919080919080919,0.3125,16.8125,-6.5625,-0.9701592305467654,False,False
DEN,2008,2008-2016,16,8,8,0,8-8-0,6.25,6.75,-0.5,0.0998003992015968,1.0,23.125,-4.875,-0.8613320963299755,False,False
MIN,2016,2008-2016,16,8,8,0,8-8-0,4.75,5.25,-0.5,0.07645875251509054,-0.75,20.4375,1.25,0.1579871837480275,False,False
MIN,2014,2008-2016,16,7,9,0,7-9-0,5.25,5.75,-0.5,0.08686659772492245,0.0625,20.3125,-1.125,-0.2323003693611407,False,False
CHI,2019,2017-2025,16,8,8,0,8-8-0,4.1875,4.6875,-0.5,0.06620553359683795,0.0,17.5,-1.125,-0.1295189870097875,False,False
DET,2001,1999-2007,16,2,14,0,2-14-0,5.625,6.125,-0.5,0.0872093023255814,1.0,16.875,-9.625,-1.449752071133798,False,False
PIT,2014,2008-2016,16,11,5,0,11-5-0,6.125,6.625,-0.5,0.09386973180076628,0.0,27.25,4.25,0.4414562098422395,False,False
MIA,2006,1999-2007,16,6,10,0,6-10-0,4.6875,5.1875,-0.5,0.07352941176470588,-0.125,16.25,-1.4375,-0.0227671647734731,False,False
CAR,2022,2017-2025,17,7,10,0,7-10-0,5.823529411764706,6.352941176470588,-0.5294117647058824,0.101956745623069,0.23529411764705882,20.41176470588235,-1.588235294117647,-0.4691885722528007,False,False
CIN,2021,2017-2025,17,10,7,0,10-7-0,6.0588235294117645,6.588235294117647,-0.5294117647058824,0.09932497589199614,0.0,27.058823529411764,4.9411764705882355,0.7290038065211779,False,True
HOU,2024,2017-2025,17,10,7,0,10-7-0,5.647058823529412,6.176470588235294,-0.5294117647058824,0.09186602870813397,-0.5882352941176471,21.88235294117647,0.0,0.0964915427093304,False,False
IND,2023,2017-2025,17,9,8,0,9-8-0,5.823529411764706,6.352941176470588,-0.5294117647058824,0.09107635694572216,-0.17647058823529413,23.294117647058822,-1.1176470588235294,-0.3171622430033635,False,False
KC,2000,1999-2007,15,6,9,0,6-9-0,6.133333333333334,6.666666666666667,-0.5333333333333333,0.09924487594390508,-0.13333333333333333,20.866666666666667,-2.066666666666667,-0.0147664766529142,False,False
GB,2004,1999-2007,16,10,6,0,10-6-0,6.375,6.9375,-0.5625,0.09817131857555342,0.875,26.5,2.75,0.059211725868146,False,False
IND,2013,2008-2016,16,11,5,0,11-5-0,5.5625,6.125,-0.5625,0.08794466403162056,-0.875,24.4375,3.4375,0.4384311757798032,False,False
KC,2006,1999-2007,16,9,7,0,9-7-0,5.75,6.3125,-0.5625,0.09283551967709384,-0.3125,20.6875,1.0,0.0362100584111051,False,False
CIN,2010,2008-2016,16,4,12,0,4-12-0,5.125,5.6875,-0.5625,0.07945736434108527,0.5,20.125,-4.5625,-0.46279101248282,False,False
NO,2001,1999-2007,16,7,9,0,7-9-0,6.5625,7.125,-0.5625,0.10144927536231885,0.3125,20.8125,-4.75,-0.7685476930311559,False,False
ATL,2010,2008-2016,16,13,3,0,13-3-0,4.5625,5.125,-0.5625,0.06753006475485661,-0.8125,25.875,7.875,0.8812443309583707,False,False
CLE,2019,2017-2025,16,6,10,0,6-10-0,6.8125,7.375,-0.5625,0.11271975180972078,0.5,20.9375,-3.625,-0.454238766582642,False,False
KC,2017,2017-2025,16,10,6,0,10-6-0,6.625,7.1875,-0.5625,0.10849539406345957,-0.9375,25.9375,4.75,0.6552902762550417,False,False
BAL,2017,2017-2025,16,9,7,0,9-7-0,4.875,5.4375,-0.5625,0.07514450867052024,-1.0625,24.6875,5.75,0.6662465970081252,False,False
MIA,2016,2008-2016,16,10,6,0,10-6-0,6.375,6.9375,-0.5625,0.11258278145695365,-0.125,22.6875,-1.0625,-0.3928207538047037,False,False
TB,2005,1999-2007,16,11,5,0,11-5-0,4.25,4.8125,-0.5625,0.07039337474120083,-0.4375,18.75,1.625,-0.0130604878854663,False,False
CIN,2022,2017-2025,16,12,4,0,12-4-0,5.375,5.9375,-0.5625,0.08317214700193423,-0.375,26.125,6.0,1.674640260831196,False,False
NYJ,2017,2017-2025,16,5,11,0,5-11-0,5.75,6.3125,-0.5625,0.09513960703205791,0.25,18.625,-5.25,-0.8595816459659811,False,False
ARI,2023,2017-2025,17,4,13,0,4-13-0,6.411764705882353,7.0,-0.5882352941176471,0.10177404295051354,0.058823529411764705,19.41176470588235,-7.352941176470588,-1.2628207619172351,False,False
NYJ,2011,2008-2016,16,8,8,0,8-8-0,4.6875,5.3125,-0.625,0.07352941176470588,0.1875,23.5625,0.875,0.213954007376201,False,False
CLE,2010,2008-2016,16,5,11,0,5-11-0,4.75,5.375,-0.625,0.0832420591456736,0.0625,16.9375,-3.8125,-0.4004019460797861,False,False
CIN,2004,1999-2007,16,8,8,0,8-8-0,5.875,6.5,-0.625,0.09504550050556117,-0.25,23.375,0.125,0.3036809616328223,False,False
DEN,2007,1999-2007,16,7,9,0,7-9-0,6.0,6.625,-0.625,0.09968847352024922,-0.0625,20.0,-5.5625,-0.5287353299598523,False,False
KC,2019,2017-2025,16,12,4,0,12-4-0,5.75,6.375,-0.625,0.09573361082206035,-0.5,28.1875,8.9375,1.8206959561291904,True,True
MIA,2008,2008-2016,16,11,5,0,11-5-0,5.3125,5.9375,-0.625,0.08966244725738397,-1.0,21.5625,1.75,-0.0509800314190501,False,False
GB,2005,1999-2007,16,4,12,0,4-12-0,4.6875,5.3125,-0.625,0.07163323782234957,1.5,18.625,-2.875,-0.5395267711009138,False,False
BUF,2017,2017-2025,16,9,7,0,9-7-0,6.1875,6.8125,-0.625,0.09969788519637462,-0.5625,18.875,-3.5625,-0.5180690825993965,False,False
PIT,2019,2017-2025,16,8,8,0,8-8-0,4.5625,5.1875,-0.625,0.0790899241603467,-0.5,18.0625,-0.875,-0.0735030342072668,False,False
GB,2023,2017-2025,17,9,8,0,9-8-0,6.0,6.647058823529412,-0.6470588235294118,0.09798270893371758,0.0,22.529411764705884,1.9411764705882353,0.6607345643195355,False,False
DET,2019,2017-2025,16,3,12,1,3-12-1,6.1875,6.875,-0.6875,0.09792284866468842,0.3125,21.3125,-5.125,-0.8486586724474292,False,False
KC,2012,2008-2016,16,2,14,0,2-14-0,6.25,6.9375,-0.6875,0.099601593625498,1.5,13.1875,-13.375,-2.0740449069884104,False,False
BAL,2013,2008-2016,16,8,8,0,8-8-0,4.8125,5.5,-0.6875,0.07103321033210332,0.375,20.0,-2.0,-0.4393330504490312,False,False
ARI,2007,1999-2007,16,8,8,0,8-8-0,4.6875,5.375,-0.6875,0.07447864945382324,0.4375,25.25,0.3125,-0.4286309101965506,False,False
LAR,2012,2008-2016,16,7,8,1,7-8-1,5.5625,6.25,-0.6875,0.09008097165991903,0.125,18.6875,-3.0625,-0.0422747897886049,False,False
WSH,2013,2008-2016,16,3,13,0,3-13-0,6.25,6.9375,-0.6875,0.09041591320072333,0.5,20.875,-9.0,-1.4090048185166757,False,False
IND,2022,2017-2025,17,4,12,1,4-12-1,5.117647058823529,5.823529411764706,-0.7058823529411765,0.07909090909090909,0.7647058823529411,17.0,-8.117647058823529,-1.679636329799331,False,False
MIA,2025,2017-2025,17,7,10,0,7-10-0,5.764705882352941,6.470588235294118,-0.7058823529411765,0.1040339702760085,0.23529411764705882,20.41176470588235,-4.529411764705882,-0.9320336305064866,False,False
PIT,2023,2017-2025,17,10,7,0,10-7-0,5.647058823529412,6.352941176470588,-0.7058823529411765,0.09523809523809523,-0.6470588235294118,17.88235294117647,-1.1764705882352942,-0.1569967872409759,False,False
DET,2022,2017-2025,17,9,8,0,9-8-0,6.470588235294118,7.176470588235294,-0.7058823529411765,0.10175763182238667,-0.4117647058823529,26.647058823529413,1.5294117647058822,0.3558905344806675,False,False
NO,2003,1999-2007,16,8,8,0,8-8-0,5.125,5.875,-0.75,0.0814299900695134,0.125,21.25,0.875,0.0819593221564968,False,False
KC,2009,2008-2016,16,4,12,0,4-12-0,5.5625,6.3125,-0.75,0.08777120315581854,-0.0625,18.375,-8.125,-1.2388213193519308,False,False
NYG,2020,2017-2025,16,6,10,0,6-10-0,5.125,5.875,-0.75,0.0863157894736842,0.0,17.5,-4.8125,-0.8062554331971745,False,False
ATL,2019,2017-2025,16,7,9,0,7-9-0,5.4375,6.1875,-0.75,0.0798165137614679,0.3125,23.8125,-1.125,-0.038621679704109,False,False
PIT,1999,1999-2007,16,6,10,0,6-10-0,4.9375,5.6875,-0.75,0.07567049808429119,-0.1875,19.8125,-0.1875,-0.3449531421417269,False,False
HOU,2017,2017-2025,16,4,12,0,4-12-0,5.8125,6.5625,-0.75,0.0908203125,0.75,21.125,-6.125,-1.150913444783811,False,False
NE,1999,1999-2007,16,8,8,0,8-8-0,5.125,5.875,-0.75,0.0823293172690763,0.0,18.6875,0.9375,0.23017262237664,False,False
LAR,2013,2008-2016,16,7,9,0,7-9-0,5.375,6.125,-0.75,0.08986415882967608,-0.5,21.75,-1.0,0.1864199068180013,False,False
LAR,2015,2008-2016,16,7,9,0,7-9-0,5.6875,6.4375,-0.75,0.10044150110375276,-0.3125,17.5,-3.125,-0.3237935486804313,False,False
TEN,2004,1999-2007,16,5,11,0,5-11-0,6.375,7.125,-0.75,0.09760765550239234,0.0625,21.5,-5.9375,-0.8932003806426911,False,False
MIA,2010,2008-2016,16,7,9,0,7-9-0,4.9375,5.6875,-0.75,0.07684824902723736,0.6875,17.0625,-3.75,-0.2153998375239576,False,False
CHI,2009,2008-2016,16,7,9,0,7-9-0,5.5,6.25,-0.75,0.09176225234619395,0.375,20.4375,-3.0,-0.4092961815326382,False,False
KC,2016,2008-2016,16,12,4,0,12-4-0,5.5,6.25,-0.75,0.09062821833161688,-1.0,24.3125,4.875,0.9967045227795532,False,False
CIN,2024,2017-2025,17,9,8,0,9-8-0,5.235294117647059,6.0,-0.7647058823529411,0.0832553788587465,-0.23529411764705882,27.764705882352942,2.235294117647059,0.2958618319638081,False,False
DET,2021,2017-2025,17,3,13,1,3-13-1,6.0,6.764705882352941,-0.7647058823529411,0.09659090909090909,0.23529411764705882,19.11764705882353,-8.352941176470589,-1.243938650927992,False,False
SEA,2023,2017-2025,17,9,8,0,9-8-0,6.117647058823529,6.882352941176471,-0.7647058823529411,0.10569105691056911,-0.11764705882352941,21.41176470588235,-2.235294117647059,-0.3115664784634898,False,False
CLE,2025,2017-2025,17,5,12,0,5-12-0,4.470588235294118,5.235294117647059,-0.7647058823529411,0.07392996108949416,0.4117647058823529,16.41176470588235,-5.882352941176471,-1.1489769195686212,False,False
NYG,2025,2017-2025,17,4,13,0,4-13-0,6.529411764705882,7.294117647058823,-0.7647058823529411,0.10287303058387395,0.11764705882352941,22.41176470588235,-3.411764705882353,-0.59356832714061,False,False
CHI,2021,2017-2025,17,6,11,0,6-11-0,5.529411764705882,6.294117647058823,-0.7647058823529411,0.08809746954076851,0.7647058823529411,18.294117647058822,-5.647058823529412,-0.8145124041248719,False,False
LAC,1999,1999-2007,16,8,8,0,8-8-0,4.1875,5.0,-0.8125,0.06549364613880743,0.5,16.8125,-2.9375,-0.3183388388688511,False,False
WSH,2018,2017-2025,16,7,9,0,7-9-0,5.6875,6.5,-0.8125,0.0948905109489051,-0.4375,17.5625,-4.875,-0.9499311364005816,False,False
MIA,2007,1999-2007,16,1,15,0,1-15-0,5.375,6.1875,-0.8125,0.08757637474541752,0.4375,16.6875,-10.625,-1.3584403224429786,False,False
BUF,2012,2008-2016,16,6,10,0,6-10-0,6.5625,7.375,-0.8125,0.10802469135802469,0.875,21.5,-5.6875,-0.8518482027228046,False,False
TEN,2015,2008-2016,16,3,13,0,3-13-0,5.125,5.9375,-0.8125,0.08444902162718847,0.875,18.6875,-7.75,-1.5911296403882196,False,False
BAL,2010,2008-2016,16,12,4,0,12-4-0,4.9375,5.75,-0.8125,0.07907907907907907,-0.4375,22.3125,5.4375,1.1678811951366554,False,False
DET,2007,1999-2007,16,7,9,0,7-9-0,5.3125,6.125,-0.8125,0.08881922675026123,0.0625,21.625,-6.125,-0.4799617046786004,False,False
CHI,2000,1999-2007,16,5,11,0,5-11-0,4.5625,5.375,-0.8125,0.0744138634046891,0.5625,13.5,-8.6875,-1.0801197911920843,False,False
NO,1999,1999-2007,16,3,13,0,3-13-0,5.75,6.5625,-0.8125,0.08871745419479267,0.3125,16.25,-10.875,-1.8103948159520684,False,False
TB,2013,2008-2016,16,4,12,0,4-12-0,5.375,6.1875,-0.8125,0.08847736625514403,-0.625,18.0,-6.3125,-0.6420653156669387,False,False
PHI,2016,2008-2016,16,7,9,0,7-9-0,6.0625,6.875,-0.8125,0.09040074557315937,-0.375,22.9375,2.25,0.5680952587346827,False,False
CLE,2018,2017-2025,16,7,8,1,7-8-1,7.25,8.0625,-0.8125,0.1141732283464567,-0.4375,22.4375,-2.0625,-0.2625034780636693,False,False
CLE,2014,2008-2016,16,7,9,0,7-9-0,6.125,6.9375,-0.8125,0.09751243781094528,-0.3125,18.6875,-2.375,-0.4999561146396488,False,False
OAK,2024,2017-2025,17,4,13,0,4-13-0,4.9411764705882355,5.764705882352941,-0.8235294117647058,0.07969639468690702,0.9411764705882353,18.176470588235293,-7.352941176470588,-1.1404264020200636,False,False
LAC,2021,2017-2025,17,9,8,0,9-8-0,5.764705882352941,6.588235294117647,-0.8235294117647058,0.08726625111308994,0.058823529411764705,27.88235294117647,0.8823529411764706,0.1514094327383453,False,False
DEN,2023,2017-2025,17,8,9,0,8-9-0,5.764705882352941,6.588235294117647,-0.8235294117647058,0.09780439121756487,-0.23529411764705882,21.0,-3.2941176470588234,-0.3738811596690158,False,False
NO,2002,1999-2007,16,9,7,0,9-7-0,5.8125,6.6875,-0.875,0.09290709290709291,-0.5,27.0,2.75,0.55615278634932,False,False
TB,2018,2017-2025,16,5,11,0,5-11-0,7.0625,7.9375,-0.875,0.10772163965681601,1.125,24.75,-4.25,-0.5664414775464435,False,False
KC,1999,1999-2007,16,9,7,0,9-7-0,5.4375,6.3125,-0.875,0.08438409311348205,-1.1875,24.375,4.25,0.8875613179427517,False,False
ATL,2001,1999-2007,16,7,9,0,7-9-0,6.0625,6.9375,-0.875,0.09817813765182186,-0.0625,18.1875,-5.375,-0.9123145486884608,False,False
PIT,2020,2017-2025,16,12,4,0,12-4-0,5.0,5.875,-0.875,0.07789678675754626,-0.5625,26.0,6.5,0.754297881688452,False,False
BUF,2011,2008-2016,16,6,10,0,6-10-0,6.125,7.0,-0.875,0.1,-0.0625,23.25,-3.875,-0.5180810390852072,False,False
CIN,2018,2017-2025,16,6,10,0,6-10-0,6.5625,7.4375,-0.875,0.11254019292604502,-0.0625,23.0,-5.4375,-0.687699195564734,False,False
CLE,2016,2008-2016,16,1,15,0,1-15-0,6.125,7.0,-0.875,0.09969481180061038,0.75,16.5,-11.75,-2.0741351432428345,False,False
JAX,2008,2008-2016,16,5,11,0,5-11-0,5.5,6.375,-0.875,0.08844221105527639,0.5,18.875,-4.0625,-0.5640796219804016,False,False
NO,2023,2017-2025,17,9,8,0,9-8-0,5.529411764705882,6.411764705882353,-0.8823529411764706,0.0852994555353902,-0.7058823529411765,23.647058823529413,4.411764705882353,0.5417956461183288,False,False
CAR,2021,2017-2025,17,5,12,0,5-12-0,5.294117647058823,6.176470588235294,-0.8823529411764706,0.0818926296633303,0.7647058823529411,17.88235294117647,-5.882352941176471,-1.021388120529665,False,False
MIN,2022,2017-2025,17,13,4,0,13-4-0,5.764705882352941,6.647058823529412,-0.8823529411764706,0.08797127468581688,-0.11764705882352941,24.941176470588236,-0.17647058823529413,-0.1108983812580224,False,False
PIT,2025,2017-2025,17,10,7,0,10-7-0,5.0,5.882352941176471,-0.8823529411764706,0.08717948717948718,-0.7058823529411765,23.352941176470587,0.5882352941176471,-0.0909794661647797,False,False
OAK,2006,1999-2007,16,2,14,0,2-14-0,4.375,5.3125,-0.9375,0.07415254237288135,1.4375,10.5,-10.25,-1.8555027698226283,False,False
NE,2001,1999-2007,16,11,5,0,11-5-0,5.0,5.9375,-0.9375,0.08,-0.4375,23.1875,6.1875,1.0613605369811792,True,True
CLE,2002,1999-2007,16,9,7,0,9-7-0,5.375,6.3125,-0.9375,0.08686868686868687,0.125,21.5,1.5,0.266714604924925,False,False
CHI,1999,1999-2007,16,6,10,0,6-10-0,5.625,6.5625,-0.9375,0.08226691042047532,0.3125,17.0,-4.3125,-0.4770369310070402,False,False
HOU,2007,1999-2007,16,8,8,0,8-8-0,4.6875,5.625,-0.9375,0.07861635220125786,0.8125,23.6875,-0.3125,-0.0164533681011026,False,False
MIA,2015,2008-2016,16,6,10,0,6-10-0,6.125,7.0625,-0.9375,0.1012396694214876,0.125,19.375,-4.9375,-0.986853967167138,False,False
SEA,2009,2008-2016,16,5,11,0,5-11-0,4.875,5.8125,-0.9375,0.07492795389048991,0.5,17.5,-6.875,-1.2418006080114354,False,False
IND,2010,2008-2016,16,10,6,0,10-6-0,4.625,5.5625,-0.9375,0.06902985074626866,0.25,27.1875,2.9375,0.4968849636884956,False,False
WSH,2017,2017-2025,16,7,9,0,7-9-0,5.9375,6.875,-0.9375,0.09763617677286741,0.25,21.375,-2.875,-0.3107332184674347,False,False
JAX,2021,2017-2025,17,3,14,0,3-14-0,5.0588235294117645,6.0,-0.9411764705882353,0.083984375,1.1764705882352942,14.882352941176471,-12.0,-1.8377712625410243,False,False
CLE,2005,1999-2007,16,6,10,0,6-10-0,4.625,5.625,-1.0,0.07982740021574973,0.4375,14.5,-4.3125,-0.5439380300068596,False,False
DAL,2015,2008-2016,16,4,12,0,4-12-0,5.6875,6.6875,-1.0,0.09479166666666666,1.375,17.1875,-6.1875,-1.0619022334082269,False,False
OAK,2018,2017-2025,16,4,12,0,4-12-0,6.0,7.0,-1.0,0.09815950920245399,0.4375,18.125,-11.0625,-1.8476536072980028,False,False
NYG,2016,2008-2016,16,11,5,0,11-5-0,4.75,5.75,-1.0,0.07592407592407592,0.125,19.375,1.625,0.0624931135077264,False,False
ARI,2003,1999-2007,16,4,12,0,4-12-0,5.1875,6.1875,-1.0,0.08460754332313965,0.75,14.0625,-14.1875,-2.199258858946586,False,False
SF,2015,2008-2016,16,5,11,0,5-11-0,5.5,6.5,-1.0,0.09166666666666666,0.3125,14.875,-9.3125,-1.1549437473918929,False,False
MIA,2013,2008-2016,16,8,8,0,8-8-0,5.0625,6.0625,-1.0,0.08190091001011122,0.125,19.8125,-1.125,-0.1721865823344151,False,False
TB,2001,1999-2007,16,9,7,0,9-7-0,4.6875,5.6875,-1.0,0.07183908045977011,-1.0625,20.25,2.75,0.4606090644527588,False,False
CIN,2008,2008-2016,16,4,11,1,4-11-1,3.875,4.875,-1.0,0.06378600823045268,0.1875,12.75,-10.0,-1.2684780143093282,False,False
ATL,2009,2008-2016,16,9,7,0,9-7-0,5.3125,6.3125,-1.0,0.0827653359298929,-0.125,22.6875,2.375,0.5053046366816158,False,False
IND,2006,1999-2007,16,12,4,0,12-4-0,5.75,6.75,-1.0,0.09236947791164658,-0.4375,26.6875,4.1875,1.3857667112251522,True,True
HOU,2020,2017-2025,16,4,12,0,4-12-0,6.75,7.75,-1.0,0.11587982832618025,0.5625,24.0,-5.0,-0.9037607964392268,False,False
CAR,2023,2017-2025,17,2,15,0,2-15-0,4.647058823529412,5.647058823529412,-1.0,0.07221206581352833,0.5294117647058824,13.882352941176471,-10.588235294117647,-1.908547080018144,False,False
LAR,2024,2017-2025,17,10,7,0,10-7-0,5.176470588235294,6.235294117647059,-1.0588235294117647,0.08560311284046693,-0.35294117647058826,21.58823529411765,-1.1176470588235294,0.1703193895739086,False,False
WSH,2025,2017-2025,17,5,12,0,5-12-0,5.882352941176471,6.9411764705882355,-1.0588235294117647,0.10214504596527069,0.7647058823529411,20.941176470588236,-5.588235294117647,-0.9346185956437912,False,False
LAC,2023,2017-2025,17,5,12,0,5-12-0,5.176470588235294,6.235294117647059,-1.0588235294117647,0.08029197080291971,0.0,20.352941176470587,-3.0588235294117645,-0.2477488269915473,False,False
NE,2023,2017-2025,17,4,13,0,4-13-0,3.6470588235294117,4.705882352941177,-1.0588235294117647,0.0610236220472441,0.7058823529411765,13.882352941176471,-7.647058823529412,-1.3320245706103182,False,False
WSH,2023,2017-2025,17,4,13,0,4-13-0,5.647058823529412,6.705882352941177,-1.0588235294117647,0.09056603773584905,0.8235294117647058,19.352941176470587,-11.117647058823529,-2.0178468862498207,False,False
DEN,2020,2017-2025,16,5,11,0,5-11-0,6.25,7.3125,-1.0625,0.0979431929480901,1.0,20.1875,-7.6875,-1.1292813562745692,False,False
TB,2014,2008-2016,16,2,14,0,2-14-0,5.3125,6.375,-1.0625,0.0913978494623656,0.5,17.3125,-8.3125,-1.4087413100308084,False,False
BUF,2010,2008-2016,16,4,12,0,4-12-0,5.4375,6.5,-1.0625,0.0912906610703043,1.0625,17.6875,-8.875,-1.0515004059857855,False,False
MIA,2012,2008-2016,16,7,9,0,7-9-0,5.25,6.3125,-1.0625,0.08740894901144641,0.625,18.0,-1.8125,-0.3238852394253183,False,False
NYG,2015,2008-2016,16,6,10,0,6-10-0,5.75,6.8125,-1.0625,0.08803827751196172,-0.4375,26.25,-1.375,-0.3806202736642833,False,False
ARI,2001,1999-2007,16,7,9,0,7-9-0,5.5,6.5625,-1.0625,0.09233997901364113,0.1875,18.4375,-3.0,-0.6411771808200568,False,False
NYG,2018,2017-2025,16,5,11,0,5-11-0,6.0625,7.125,-1.0625,0.09847715736040609,-0.125,23.0625,-2.6875,-0.4625311718590238,False,False
OAK,2008,2008-2016,16,5,11,0,5-11-0,5.6875,6.75,-1.0625,0.09934497816593886,-0.0625,16.4375,-7.8125,-1.2485266010142222,False,False
OAK,2015,2008-2016,16,7,9,0,7-9-0,5.375,6.4375,-1.0625,0.08617234468937876,-0.0625,22.4375,-2.5,-0.1998461866753429,False,False
NO,2015,2008-2016,16,7,9,0,7-9-0,7.1875,8.25,-1.0625,0.10628465804066543,-0.125,25.5,-4.25,-0.8740965345538232,False,False
NO,2007,1999-2007,16,7,9,0,7-9-0,5.125,6.1875,-1.0625,0.0780209324452902,0.5,23.6875,-0.5625,-0.2771281902045077,False,False
OAK,2025,2017-2025,17,3,14,0,3-14-0,4.0,5.117647058823529,-1.1176470588235294,0.07218683651804671,0.4117647058823529,14.176470588235293,-11.235294117647058,-1.6974473876147955,False,False
NYG,2023,2017-2025,17,6,11,0,6-11-0,5.470588235294118,6.588235294117647,-1.1176470588235294,0.0886558627264061,-0.7058823529411765,15.647058823529411,-8.294117647058824,-1.4096554078131125,False,False
KC,2024,2017-2025,17,15,2,0,15-2-0,4.411764705882353,5.529411764705882,-1.1176470588235294,0.07015902712815715,-0.35294117647058826,22.647058823529413,3.4705882352941178,0.7106226501038763,False,True
NYJ,2005,1999-2007,16,4,12,0,4-12-0,3.6875,4.8125,-1.125,0.06512141280353201,0.375,15.0,-7.1875,-1.079525980551684,False,False
CLE,2015,2008-2016,16,3,13,0,3-13-0,5.5,6.625,-1.125,0.0846968238691049,0.5,17.375,-9.625,-1.2878043937635992,False,False
WSH,2010,2008-2016,16,6,10,0,6-10-0,6.25,7.375,-1.125,0.1006036217303823,0.25,18.875,-4.6875,-0.672668928019403,False,False
SF,2007,1999-2007,16,5,11,0,5-11-0,4.4375,5.5625,-1.125,0.0782800441014333,0.75,13.6875,-9.0625,-1.6455080605751726,False,False
KC,2014,2008-2016,16,9,7,0,9-7-0,5.5,6.625,-1.125,0.09205020920502092,0.1875,22.0625,4.5,0.843732680087805,False,False
BUF,2001,1999-2007,16,3,13,0,3-13-0,5.5625,6.6875,-1.125,0.08768472906403942,0.875,16.5625,-9.6875,-1.7155404862072523,False,False
ARI,2019,2017-2025,16,5,10,1,5-10-1,6.8125,7.9375,-1.125,0.11032388663967611,0.0625,22.5625,-5.0625,-0.6854652114596765,False,False
DEN,2010,2008-2016,16,4,12,0,4-12-0,6.6875,7.8125,-1.125,0.10625620655412116,0.5625,21.5,-7.9375,-1.2300691729676945,False,False
CLE,2001,1999-2007,16,7,9,0,7-9-0,4.75,5.875,-1.125,0.08128342245989305,-0.5625,17.8125,-2.125,-0.2737624443217069,False,False
NO,2014,2008-2016,16,7,9,0,7-9-0,6.1875,7.3125,-1.125,0.09158186864014801,0.8125,25.0625,-1.4375,-0.3425693672021629,False,False
MIA,2000,1999-2007,15,10,5,0,10-5-0,4.666666666666667,5.8,-1.1333333333333333,0.08064516129032258,-0.9333333333333333,20.066666666666666,5.866666666666666,0.8602995083403804,False,False
DAL,2025,2017-2025,17,7,9,1,7-9-1,6.0,7.176470588235294,-1.1764705882352942,0.09239130434782608,0.5294117647058824,27.705882352941178,-2.3529411764705883,-0.6242100091711112,False,False
NE,2014,2008-2016,16,12,4,0,12-4-0,5.4375,6.625,-1.1875,0.08246445497630332,-0.75,29.25,9.6875,2.0181345469409324,True,True
CIN,2001,1999-2007,16,6,10,0,6-10-0,4.875,6.0625,-1.1875,0.07276119402985075,0.5625,14.125,-5.1875,-0.8136523371098622,False,False
TEN,2011,2008-2016,16,9,7,0,9-7-0,5.6875,6.875,-1.1875,0.09439834024896265,-0.0625,20.3125,0.5,0.0053712561870263,False,False
ARI,2002,1999-2007,16,5,11,0,5-11-0,5.1875,6.375,-1.1875,0.08275174476570289,0.625,16.375,-9.6875,-1.5688216737525271,False,False
JAX,2012,2008-2016,16,2,14,0,2-14-0,4.9375,6.125,-1.1875,0.07955689828801611,0.125,15.9375,-11.8125,-1.92797149915427,False,False
ARI,2004,1999-2007,16,6,10,0,6-10-0,5.0,6.1875,-1.1875,0.07684918347742556,-0.0625,17.75,-2.375,-0.6763665643039777,False,False
ARI,2014,2008-2016,16,11,5,0,11-5-0,5.625,6.8125,-1.1875,0.09155645981688708,-0.5,19.375,0.6875,0.0997046702351029,False,False
CIN,2003,1999-2007,16,8,8,0,8-8-0,5.5,6.6875,-1.1875,0.08627450980392157,-0.125,21.625,-2.375,-0.5482393798107623,False,False
NYJ,2023,2017-2025,17,7,10,0,7-10-0,4.411764705882353,5.647058823529412,-1.2352941176470589,0.07149666348903717,0.29411764705882354,15.764705882352942,-5.117647058823529,-1.0376668710009027,False,False
ARI,2022,2017-2025,17,4,13,0,4-13-0,4.823529411764706,6.0588235294117645,-1.2352941176470589,0.07180385288966724,0.29411764705882354,20.0,-6.411764705882353,-1.3412785984301898,False,False
NO,2024,2017-2025,17,5,12,0,5-12-0,5.588235294117647,6.823529411764706,-1.2352941176470589,0.09259259259259259,0.11764705882352941,19.88235294117647,-3.5294117647058822,-0.6929127029659958,False,False
DAL,2024,2017-2025,17,7,10,0,7-10-0,5.235294117647059,6.470588235294118,-1.2352941176470589,0.08127853881278539,0.35294117647058826,20.58823529411765,-6.9411764705882355,-0.9047566693861048,False,False
ATL,2021,2017-2025,17,7,10,0,7-10-0,5.0588235294117645,6.294117647058823,-1.2352941176470589,0.08617234468937876,0.35294117647058826,18.41176470588235,-8.588235294117647,-1.3870397634462333,False,False
DEN,2001,1999-2007,16,8,8,0,8-8-0,4.4375,5.6875,-1.25,0.06840077071290944,-0.625,21.25,0.0625,0.0082827729572336,False,False
NE,2011,2008-2016,16,13,3,0,13-3-0,6.875,8.125,-1.25,0.10299625468164794,-1.0625,32.0625,10.6875,1.7643228558517112,False,True
JAX,2019,2017-2025,16,6,10,0,6-10-0,6.25,7.5,-1.25,0.0984251968503937,0.0625,18.75,-6.0625,-0.9681118994299116,False,False
NYG,2003,1999-2007,16,4,12,0,4-12-0,5.5625,6.8125,-1.25,0.08557692307692308,0.9375,15.1875,-9.0,-1.491817439083279,False,False
OAK,2001,1999-2007,16,10,6,0,10-6-0,5.0,6.25,-1.25,0.07759456838021339,0.0,24.9375,4.5,0.8802593850155748,False,False
NYJ,2019,2017-2025,16,7,9,0,7-9-0,4.375,5.625,-1.25,0.07407407407407407,0.1875,17.25,-5.1875,-1.0248106473780534,False,False
ARI,1999,1999-2007,16,6,10,0,6-10-0,4.125,5.375,-1.25,0.0671414038657172,0.8125,15.3125,-8.5625,-1.5419782100562642,False,False
NYJ,2006,1999-2007,16,10,6,0,10-6-0,4.375,5.625,-1.25,0.07021063189568706,0.0,19.75,1.3125,0.3018947579353878,False,False
OAK,2004,1999-2007,16,5,11,0,5-11-0,4.9375,6.1875,-1.25,0.08449197860962566,1.0625,20.0,-7.625,-0.957563943014887,False,False
NYG,2004,1999-2007,16,6,10,0,6-10-0,5.25,6.5,-1.25,0.08888888888888889,-0.25,18.9375,-2.75,-0.5645575867386755,False,False
LAR,2016,2008-2016,16,4,12,0,4-12-0,4.3125,5.5625,-1.25,0.07263157894736842,0.6875,14.0,-10.625,-1.9369724598271745,False,False
NO,2004,1999-2007,16,8,8,0,8-8-0,6.25,7.5625,-1.3125,0.10204081632653061,-0.375,21.75,-3.5625,-0.8335024078401628,False,False
ATL,2007,1999-2007,16,4,12,0,4-12-0,4.8125,6.125,-1.3125,0.07857142857142857,-0.1875,16.1875,-9.6875,-1.4769971716967507,False,False
TEN,2005,1999-2007,16,4,12,0,4-12-0,4.375,5.6875,-1.3125,0.06937561942517344,0.375,18.6875,-7.625,-1.2285297386787506,False,False
LAR,2010,2008-2016,16,7,9,0,7-9-0,4.9375,6.25,-1.3125,0.07603464870067372,-0.375,18.0625,-2.4375,-0.7512784240153388,False,False
NYG,2019,2017-2025,16,4,12,0,4-12-0,6.3125,7.625,-1.3125,0.09990108803165183,1.0625,21.3125,-6.875,-1.2787522606074435,False,False
ATL,2012,2008-2016,16,13,3,0,13-3-0,5.0625,6.375,-1.3125,0.0801980198019802,-0.8125,26.1875,7.5,0.989244249429558,False,False
DET,2015,2008-2016,16,7,9,0,7-9-0,5.5,6.8125,-1.3125,0.08619000979431929,0.375,22.375,-2.625,-0.2066763765807647,False,False
LAR,2005,1999-2007,16,6,10,0,6-10-0,5.75,7.0625,-1.3125,0.0901077375122429,0.75,22.6875,-4.125,-0.8480539760765214,False,False
CAR,2010,2008-2016,16,2,14,0,2-14-0,5.0625,6.375,-1.3125,0.08455114822546973,0.5,12.25,-13.25,-2.2431897547615467,False,False
TB,2022,2017-2025,17,8,9,0,8-9-0,4.529411764705882,5.882352941176471,-1.3529411764705883,0.06719022687609075,0.11764705882352941,18.41176470588235,-2.6470588235294117,-0.6703797135744299,False,False
OAK,2019,2017-2025,16,7,9,0,7-9-0,5.875,7.25,-1.375,0.09582059123343527,0.1875,19.5625,-6.625,-1.0249463596071602,False,False
DAL,2020,2017-2025,16,6,10,0,6-10-0,6.0,7.375,-1.375,0.08640864086408641,0.1875,24.6875,-4.875,-0.917056082881982,False,False
CIN,2017,2017-2025,16,7,9,0,7-9-0,4.75,6.125,-1.375,0.08370044052863436,0.5625,18.125,-3.6875,-0.8201725335045917,False,False
OAK,2012,2008-2016,16,4,12,0,4-12-0,5.0625,6.4375,-1.375,0.07879377431906615,0.4375,18.125,-9.5625,-1.5230278292652866,False,False
DET,2009,2008-2016,16,2,14,0,2-14-0,5.25,6.625,-1.375,0.08171206225680934,1.125,16.375,-14.5,-1.9362848801190755,False,False
MIA,2009,2008-2016,16,7,9,0,7-9-0,5.125,6.5,-1.375,0.07592592592592592,0.5,22.5,-1.875,0.014510133085644,False,False
CAR,2000,1999-2007,16,7,9,0,7-9-0,4.5,5.875,-1.375,0.07407407407407407,-0.125,19.375,0.0,-0.0068178561991359,False,False
SF,1999,1999-2007,16,4,12,0,4-12-0,5.9375,7.3125,-1.375,0.09566968781470292,0.75,18.4375,-9.875,-1.6409440346883744,False,False
TEN,2014,2008-2016,16,2,14,0,2-14-0,5.4375,6.8125,-1.375,0.09613259668508287,0.625,15.875,-11.5,-1.9719393709068185,False,False
ATL,2020,2017-2025,16,4,12,0,4-12-0,5.8125,7.25,-1.4375,0.08699719363891488,-0.1875,24.75,-1.125,-0.0506201309596759,False,False
NYG,2022,2017-2025,17,9,7,1,9-7-1,6.0,7.470588235294118,-1.4705882352941178,0.0947075208913649,-0.17647058823529413,21.470588235294116,-0.35294117647058826,-0.199026655157113,False,False
LAC,2022,2017-2025,17,10,7,0,10-7-0,5.0588235294117645,6.529411764705882,-1.4705882352941178,0.07563764291996482,-0.23529411764705882,23.0,0.4117647058823529,-0.0116872849170991,False,False
KC,2011,2008-2016,16,7,9,0,7-9-0,5.25,6.75,-1.5,0.08333333333333333,0.0625,13.25,-7.875,-1.1211889170519402,False,False
ATL,1999,1999-2007,16,5,11,0,5-11-0,4.625,6.125,-1.5,0.08096280087527352,1.0625,17.8125,-5.9375,-1.0169658630447918,False,False
CIN,2012,2008-2016,16,10,6,0,10-6-0,4.625,6.125,-1.5,0.0743718592964824,-0.1875,24.4375,4.4375,0.5123760371612847,False,False
DAL,2012,2008-2016,16,8,8,0,8-8-0,5.0625,6.5625,-1.5,0.07818532818532818,0.8125,23.5,-1.5,-0.0238881840432534,False,False
NYJ,2020,2017-2025,16,2,14,0,2-14-0,4.75,6.25,-1.5,0.08085106382978724,0.0,15.1875,-13.375,-2.030872242356643,False,False
PHI,1999,1999-2007,16,5,11,0,5-11-0,4.4375,5.9375,-1.5,0.07675675675675675,-0.4375,17.0,-5.3125,-0.7942445653329201,False,False
TB,2009,2008-2016,16,3,13,0,3-13-0,5.1875,6.6875,-1.5,0.08672936259143156,0.3125,15.25,-9.75,-1.0787884734248998,False,False
NYJ,2003,1999-2007,16,6,10,0,6-10-0,4.875,6.375,-1.5,0.08378088077336197,0.0,17.6875,-1.0,-0.1258005260505657,False,False
TEN,2025,2017-2025,17,3,14,0,3-14-0,4.764705882352941,6.294117647058823,-1.5294117647058822,0.0814070351758794,0.35294117647058826,16.705882352941178,-11.411764705882353,-1.4678456176228432,False,False
SEA,2010,2008-2016,16,7,9,0,7-9-0,4.875,6.4375,-1.5625,0.0826271186440678,0.5625,19.375,-6.0625,-1.2003257344978215,False,False
TB,2006,1999-2007,16,4,12,0,4-12-0,4.0,5.5625,-1.5625,0.06645898234683281,0.6875,13.1875,-8.875,-1.5718605298385162,False,False
MIA,2004,1999-2007,16,4,12,0,4-12-0,4.625,6.1875,-1.5625,0.07262021589793916,1.0,17.1875,-4.9375,-0.5342802432106173,False,False
BUF,2006,1999-2007,16,7,9,0,7-9-0,4.5625,6.125,-1.5625,0.08165548098434004,0.375,18.75,-0.6875,0.2859326832213051,False,False
JAX,2014,2008-2016,16,3,13,0,3-13-0,5.4375,7.0625,-1.625,0.08805668016194332,0.375,15.5625,-10.1875,-1.6966147587059632,False,False
LAC,2015,2008-2016,16,4,12,0,4-12-0,5.0625,6.6875,-1.625,0.0739051094890511,0.3125,20.0,-4.875,-0.5984523868190115,False,False
GB,2017,2017-2025,16,7,9,0,7-9-0,4.6875,6.3125,-1.625,0.0755287009063444,0.1875,20.0,-4.0,-0.5133464351374835,False,False
SEA,2008,2008-2016,16,4,12,0,4-12-0,4.875,6.5,-1.625,0.08441558441558442,0.5,18.375,-6.125,-0.9817263093166476,False,False
CHI,2007,1999-2007,16,7,9,0,7-9-0,4.375,6.0,-1.625,0.06862745098039216,0.0,20.875,-0.875,0.1425657273739812,False,False
LAR,2011,2008-2016,16,2,14,0,2-14-0,5.25,6.9375,-1.6875,0.08366533864541832,0.3125,12.0625,-13.375,-1.989123874249732,False,False
JAX,2020,2017-2025,16,1,15,0,1-15-0,5.8125,7.5,-1.6875,0.09290709290709291,0.5,19.125,-11.625,-2.0089889050893865,False,False
DET,2020,2017-2025,16,5,11,0,5-11-0,5.875,7.5625,-1.6875,0.09572301425661914,0.5625,23.5625,-8.875,-1.269869985924078,False,False
NE,2000,1999-2007,16,5,11,0,5-11-0,3.75,5.4375,-1.6875,0.057971014492753624,0.125,17.25,-3.875,-0.5738356388985895,False,False
NO,2025,2017-2025,17,6,11,0,6-11-0,3.9411764705882355,5.647058823529412,-1.7058823529411764,0.06296992481203008,0.23529411764705882,18.0,-4.529411764705882,-0.7627093881602307,False,False
NE,2002,1999-2007,16,9,7,0,9-7-0,4.3125,6.0625,-1.75,0.06718597857838364,-0.375,23.8125,2.1875,0.4269978748302489,False,False
ARI,2011,2008-2016,16,8,8,0,8-8-0,5.375,7.125,-1.75,0.08757637474541752,0.8125,19.5,-2.25,-0.4163191045661332,False,False
SEA,2002,1999-2007,16,7,9,0,7-9-0,5.375,7.125,-1.75,0.08198284080076262,-0.125,22.1875,-0.875,-0.2110531523170505,False,False
ARI,2025,2017-2025,17,3,14,0,3-14-0,4.9411764705882355,6.705882352941177,-1.7647058823529411,0.0782122905027933,0.11764705882352941,20.88235294117647,-7.823529411764706,-0.9049247432770116,False,False
TEN,2012,2008-2016,16,6,10,0,6-10-0,5.4375,7.25,-1.8125,0.0914826498422713,0.25,20.625,-8.8125,-1.3857603268102452,False,False
KC,2008,2008-2016,16,2,14,0,2-14-0,5.125,6.9375,-1.8125,0.08640674394099052,-0.25,18.1875,-9.3125,-1.5083594822163229,False,False
CLE,1999,1999-2007,16,2,14,0,2-14-0,4.1875,6.0,-1.8125,0.07817969661610269,0.5625,13.5625,-13.75,-2.043559802130737,False,False
CLE,2006,1999-2007,16,4,12,0,4-12-0,4.1875,6.0,-1.8125,0.07235421166306695,0.9375,14.875,-7.375,-1.2526900571607211,False,False
HOU,2006,1999-2007,16,6,10,0,6-10-0,4.375,6.1875,-1.8125,0.07399577167019028,0.1875,16.6875,-6.1875,-0.92857993327573,False,False
WSH,2015,2008-2016,16,9,7,0,9-7-0,5.25,7.0625,-1.8125,0.084,-0.3125,24.25,0.5625,-0.3116567042822624,False,False
CHI,2020,2017-2025,16,8,8,0,8-8-0,5.125,7.0,-1.875,0.07930367504835589,0.25,23.25,0.125,-0.0062093721344074,False,False
OAK,2007,1999-2007,16,4,12,0,4-12-0,5.25,7.125,-1.875,0.08408408408408409,0.8125,17.6875,-7.1875,-0.8317508579185137,False,False
TB,2017,2017-2025,16,5,11,0,5-11-0,4.8125,6.6875,-1.875,0.07461240310077519,0.0625,20.9375,-2.9375,-0.3576380670093054,False,False
DET,2003,1999-2007,16,5,11,0,5-11-0,3.75,5.625,-1.875,0.06224066390041494,0.0,16.875,-6.8125,-1.1445817973377554,False,False
CAR,2001,1999-2007,16,1,15,0,1-15-0,4.6875,6.5625,-1.875,0.07755946225439504,-0.0625,15.8125,-9.8125,-1.6256307638155372,False,False
DET,2002,1999-2007,16,3,13,0,3-13-0,5.125,7.0,-1.875,0.08586387434554973,0.4375,19.125,-9.0625,-1.66816775505904,False,False
CHI,2014,2008-2016,16,5,11,0,5-11-0,5.0625,6.9375,-1.875,0.08124373119358075,0.3125,19.9375,-7.6875,-1.087320398399126,False,False
PIT,2021,2017-2025,17,9,7,1,9-7-1,4.9411764705882355,6.823529411764706,-1.8823529411764706,0.07629427792915532,-0.11764705882352941,20.176470588235293,-3.235294117647059,-0.5209213334664338,False,False
JAX,2024,2017-2025,17,4,13,0,4-13-0,6.0588235294117645,7.9411764705882355,-1.8823529411764706,0.10393541876892028,0.8823529411764706,18.823529411764707,-6.764705882352941,-0.9717377715816818,False,False
SF,2016,2008-2016,16,2,14,0,2-14-0,5.9375,7.875,-1.9375,0.09605662285136501,0.3125,19.3125,-10.6875,-2.078131018842835,False,False
NYJ,2018,2017-2025,16,4,12,0,4-12-0,5.4375,7.375,-1.9375,0.09081419624217119,0.5625,20.8125,-6.75,-1.2591020333405798,False,False
CIN,2002,1999-2007,16,2,14,0,2-14-0,4.3125,6.25,-1.9375,0.06583969465648855,1.0,17.4375,-11.0625,-2.019939870491013,False,False
NYG,2021,2017-2025,17,4,13,0,4-13-0,4.0,5.9411764705882355,-1.9411764705882353,0.06525911708253358,0.47058823529411764,15.176470588235293,-9.294117647058824,-1.5227973204771714,False,False
NO,2012,2008-2016,16,7,9,0,7-9-0,6.125,8.125,-2.0,0.09315589353612168,-0.125,28.8125,0.4375,0.0521207968565376,False,False
WSH,2003,1999-2007,16,5,11,0,5-11-0,4.9375,6.9375,-2.0,0.08012170385395538,-0.0625,17.9375,-5.3125,-1.0079025720854615,False,False
CIN,2023,2017-2025,17,9,8,0,9-8-0,5.235294117647059,7.235294117647059,-2.0,0.08624031007751938,-0.5882352941176471,21.529411764705884,-1.0588235294117647,0.0568694513462689,False,False
CHI,2013,2008-2016,16,8,8,0,8-8-0,6.9375,8.9375,-2.0,0.11055776892430279,-0.3125,27.8125,-2.0625,-0.3999351952787243,False,False
MIA,2021,2017-2025,17,9,8,0,9-8-0,4.647058823529412,6.647058823529412,-2.0,0.0728110599078341,0.0,20.058823529411764,-1.8823529411764706,-0.3816968907873199,False,False
MIA,2020,2017-2025,16,10,6,0,10-6-0,5.125,7.125,-2.0,0.08126858275520317,-0.5625,25.25,4.125,0.5631922095397194,False,False
ATL,2013,2008-2016,16,4,12,0,4-12-0,4.4375,6.4375,-2.0,0.06988188976377953,0.4375,22.0625,-5.625,-0.6531431716630413,False,False
NYG,2024,2017-2025,17,3,14,0,3-14-0,4.705882352941177,6.764705882352941,-2.0588235294117645,0.07611798287345385,0.47058823529411764,16.058823529411764,-8.352941176470589,-1.3366577355077065,False,False
BUF,2005,1999-2007,16,5,11,0,5-11-0,4.375,6.4375,-2.0625,0.07625272331154684,-0.25,16.9375,-6.0,-0.8584468547549428,False,False
HOU,2003,1999-2007,16,5,11,0,5-11-0,5.5625,7.625,-2.0625,0.1,0.25,15.9375,-7.8125,-1.1924370583883317,False,False
LAR,2009,2008-2016,16,1,15,0,1-15-0,5.3125,7.375,-2.0625,0.08542713567839195,0.8125,10.9375,-16.3125,-2.2472649031705134,False,False
CHI,2002,1999-2007,16,4,12,0,4-12-0,4.9375,7.0,-2.0625,0.08161157024793389,0.4375,17.5625,-6.125,-0.9998895788493728,False,False
IND,2015,2008-2016,16,8,8,0,8-8-0,5.1875,7.3125,-2.125,0.0803484995159729,0.3125,20.8125,-4.6875,-0.7965255741551054,False,False
LAR,2007,1999-2007,16,3,13,0,3-13-0,4.25,6.375,-2.125,0.06692913385826772,0.625,16.4375,-10.9375,-1.8341277794168749,False,False
BUF,2009,2008-2016,16,6,10,0,6-10-0,4.5625,6.6875,-2.125,0.08075221238938053,-0.1875,16.125,-4.25,-0.4830272284051692,False,False
BUF,2007,1999-2007,16,7,9,0,7-9-0,4.875,7.0,-2.125,0.08552631578947369,-0.5625,15.75,-6.375,-0.5574832307106081,False,False
TB,2016,2008-2016,16,9,7,0,9-7-0,4.875,7.0,-2.125,0.07379375591296121,-0.125,22.125,-0.9375,-0.0046067464705072,False,False
ARI,2006,1999-2007,16,5,11,0,5-11-0,4.625,6.75,-2.125,0.07520325203252033,-0.1875,19.625,-4.6875,-1.0721065065571542,False,False
OAK,2023,2017-2025,17,8,9,0,8-9-0,3.5294117647058822,5.705882352941177,-2.176470588235294,0.06018054162487462,0.11764705882352941,19.529411764705884,0.058823529411764705,-0.1618355564289335,False,False
WSH,2019,2017-2025,16,3,13,0,3-13-0,5.0,7.1875,-2.1875,0.09060022650056625,-0.0625,16.625,-10.5625,-1.760068668270075,False,False
IND,2011,2008-2016,16,2,14,0,2-14-0,4.4375,6.625,-2.1875,0.07553191489361702,0.75,15.1875,-11.6875,-1.657892614801866,False,False
CIN,2025,2017-2025,17,6,11,0,6-11-0,4.9411764705882355,7.176470588235294,-2.235294117647059,0.08007626310772165,0.17647058823529413,24.352941176470587,-4.588235294117647,-0.7321415768361593,False,False
ARI,2000,1999-2007,16,3,13,0,3-13-0,4.6875,6.9375,-2.25,0.08108108108108109,1.5,13.125,-14.5625,-2.162349448115882,False,False
CHI,2024,2017-2025,17,5,12,0,5-12-0,4.823529411764706,7.117647058823529,-2.2941176470588234,0.07743153918791312,-0.47058823529411764,18.235294117647058,-3.5294117647058822,-0.4833909966273925,False,False
NYJ,2021,2017-2025,17,4,13,0,4-13-0,5.764705882352941,8.058823529411764,-2.2941176470588234,0.0945945945945946,0.7647058823529411,18.235294117647058,-11.411764705882353,-1.7657160375244283,False,False
CLE,2011,2008-2016,16,4,12,0,4-12-0,3.75,6.0625,-2.3125,0.05928853754940711,-0.0625,13.625,-5.5625,-0.933409941190522,False,False
CAR,2019,2017-2025,16,5,11,0,5-11-0,5.3125,7.625,-2.3125,0.07921714818266543,0.875,21.25,-8.125,-1.041561100237631,False,False
IND,2017,2017-2025,16,4,12,0,4-12-0,4.75,7.125,-2.375,0.07739307535641547,-0.3125,16.4375,-8.8125,-1.6123510966200023,False,False
SEA,2000,1999-2007,16,6,10,0,6-10-0,4.3125,6.75,-2.4375,0.07278481012658228,0.5625,20.0,-5.3125,-0.7425095294093762,False,False
MIN,2001,1999-2007,16,5,11,0,5-11-0,5.75,8.1875,-2.4375,0.09368635437881874,1.375,18.125,-6.25,-0.9833089706909008,False,False
NYG,2017,2017-2025,16,3,13,0,3-13-0,4.25,6.6875,-2.4375,0.06576402321083172,0.1875,15.375,-8.875,-1.3388907731531146,False,False
CLE,2009,2008-2016,16,5,11,0,5-11-0,5.125,7.625,-2.5,0.08479834539813857,0.75,15.3125,-8.125,-1.2076979715631906,False,False
NYJ,2025,2017-2025,17,3,14,0,3-14-0,4.647058823529412,7.176470588235294,-2.5294117647058822,0.07829534192269574,1.1176470588235294,17.647058823529413,-11.941176470588236,-1.983809646546845,False,False
ARI,2012,2008-2016,16,5,11,0,5-11-0,4.1875,6.75,-2.5625,0.06614017769002961,0.0625,15.625,-6.6875,-0.4538218946814781,False,False
ATL,2003,1999-2007,16,5,11,0,5-11-0,4.9375,7.5,-2.5625,0.08624454148471616,-0.125,18.6875,-7.6875,-1.204910875476208,False,False
MIA,2019,2017-2025,16,5,11,0,5-11-0,4.8125,7.4375,-2.625,0.07593688362919132,0.625,19.125,-11.75,-1.6397541977528964,False,False
ARI,2010,2008-2016,16,5,11,0,5-11-0,5.0,7.625,-2.625,0.08592910848549946,0.3125,18.0625,-9.0625,-1.8176309938977049,False,False
DET,2005,1999-2007,16,5,11,0,5-11-0,3.6875,6.3125,-2.625,0.06217070600632244,-0.0625,15.875,-5.6875,-0.9481787671776446,False,False
ATL,2000,1999-2007,16,4,12,0,4-12-0,3.875,6.5625,-2.6875,0.06783369803063458,0.5625,15.75,-10.0625,-1.4540213864544065,False,False
HOU,2002,1999-2007,16,4,12,0,4-12-0,4.0625,6.75,-2.6875,0.06856540084388185,0.5,13.3125,-8.9375,-1.653495401395716,False,False
MIA,2017,2017-2025,16,6,10,0,6-10-0,4.5,7.1875,-2.6875,0.0728744939271255,0.875,17.5625,-7.0,-0.9555189047989686,False,False
KC,2007,1999-2007,16,4,12,0,4-12-0,3.8125,6.5,-2.6875,0.06118355065195587,0.6875,14.125,-6.8125,-0.8165569957082248,False,False
CHI,2004,1999-2007,16,5,11,0,5-11-0,4.4375,7.1875,-2.75,0.07372793354101766,0.4375,14.4375,-6.25,-1.253246174161547,False,False
NYG,2014,2008-2016,16,6,10,0,6-10-0,5.5,8.25,-2.75,0.08170844939647168,0.0625,23.75,-1.25,-0.3167656966007295,False,False
OAK,2009,2008-2016,16,5,11,0,5-11-0,4.5,7.3125,-2.8125,0.07717041800643087,0.8125,12.3125,-11.375,-1.461818673269125,False,False
JAX,2013,2008-2016,16,4,12,0,4-12-0,4.4375,7.25,-2.8125,0.06967615309126594,0.375,15.4375,-12.625,-1.8092621571523264,False,False
CIN,2019,2017-2025,16,2,14,0,2-14-0,5.6875,8.5625,-2.875,0.08775313404050145,0.875,17.4375,-8.8125,-1.31107792222934,False,False
HOU,2005,1999-2007,16,2,14,0,2-14-0,4.3125,7.1875,-2.875,0.07270811380400422,0.4375,16.25,-10.6875,-1.6564080345245635,False,False
CLE,2008,2008-2016,16,4,12,0,4-12-0,4.125,7.0,-2.875,0.07197382769901854,-0.375,14.5,-7.375,-0.9035927137509232,False,False
OAK,2014,2008-2016,16,3,13,0,3-13-0,3.6875,6.625,-2.9375,0.06002034587995931,0.9375,15.8125,-12.4375,-1.494086804887414,False,False
CAR,2024,2017-2025,17,5,12,0,5-12-0,4.882352941176471,7.882352941176471,-3.0,0.08409321175278622,0.29411764705882354,20.058823529411764,-11.352941176470589,-1.6727152100496,False,False
DAL,2013,2008-2016,16,8,8,0,8-8-0,5.4375,8.5,-3.0625,0.09157894736842105,-0.5,27.4375,0.4375,0.0179579747816062,False,False
CLE,2024,2017-2025,17,3,14,0,3-14-0,4.294117647058823,7.411764705882353,-3.1176470588235294,0.06512042818911686,1.2941176470588236,15.176470588235293,-10.411764705882353,-1.5822173291769723,False,False
LAR,2008,2008-2016,16,2,14,0,2-14-0,5.0625,8.1875,-3.125,0.08299180327868852,0.3125,14.5,-14.5625,-2.1437459426723,False,False
SF,2005,1999-2007,16,4,12,0,4-12-0,4.0,7.125,-3.125,0.07450523864959255,0.625,14.9375,-11.8125,-1.676979345685741,False,False
ARI,2018,2017-2025,16,3,13,0,3-13-0,3.8125,7.0,-3.1875,0.06808035714285714,0.75,14.0625,-12.5,-2.0626493270587747,False,False
OAK,2003,1999-2007,16,4,12,0,4-12-0,4.8125,8.0,-3.1875,0.0787321063394683,0.0,16.875,-6.8125,-1.131875978894736,False,False
MIA,2018,2017-2025,16,7,9,0,7-9-0,4.625,7.8125,-3.1875,0.08545034642032333,-0.3125,19.9375,-7.125,-1.449022750626623,False,False
DET,2008,2008-2016,16,0,16,0,0-16-0,5.0,8.25,-3.25,0.08781558726673985,0.5625,16.75,-15.5625,-2.221966667709291,False,False
SF,2004,1999-2007,16,2,14,0,2-14-0,3.8125,7.125,-3.3125,0.059223300970873784,1.1875,16.1875,-12.0625,-2.071747424294497,False,False
HOU,2022,2017-2025,17,3,13,1,3-13-1,4.9411764705882355,8.294117647058824,-3.3529411764705883,0.0830860534124629,0.058823529411764705,17.0,-7.705882352941177,-1.7328588620334255,False,False
TB,2011,2008-2016,16,4,12,0,4-12-0,4.5,8.0625,-3.5625,0.07539267015706806,1.0,17.9375,-12.9375,-1.7786739893511376,False,False
CLE,2000,1999-2007,16,3,13,0,3-13-0,3.25,6.875,-3.625,0.061248527679623084,0.1875,10.0625,-16.125,-1.983117577018048,False,False
CIN,2020,2017-2025,16,4,11,1,4-11-1,4.5,8.125,-3.625,0.06990291262135923,0.4375,19.4375,-7.0625,-1.1883082272864012,False,False
HOU,2021,2017-2025,17,4,13,0,4-13-0,3.9411764705882355,7.588235294117647,-3.6470588235294117,0.06660039761431412,-0.17647058823529413,16.470588235294116,-10.117647058823529,-1.5517322665551498,False,False
