season,franchise,unit,head_coach,coordinator,default_playcaller,proposed_playcaller,basis,confidence,evidence_ids,midseason_change,note
2011,ARI,offense,Ken Whisenhunt,,Ken Whisenhunt,Ken Whisenhunt,default_no_coordinator_headcoach,low,,False,No titled OC found for this team-season; defaulting to the head coach as offense play-caller. Not evidence-verified.
2011,ARI,defense,Ken Whisenhunt,,Ken Whisenhunt,Ken Whisenhunt,default_no_coordinator_headcoach,low,,False,No titled DC found for this team-season; defaulting to the head coach as defense play-caller. Not evidence-verified.
2011,ATL,offense,Mike Smith,Mike Mularkey,Mike Mularkey,Mike Mularkey,default_coordinator,medium,,False,Default assumption: the titled OC calls offense plays. Not evidence-verified.
2011,ATL,defense,Mike Smith,Brian VanGorder,Brian VanGorder,Brian VanGorder,default_coordinator,medium,,False,Default assumption: the titled DC calls defense plays. Not evidence-verified.
2011,BAL,offense,John Harbaugh,Cam Cameron,Cam Cameron,Cam Cameron,default_coordinator,medium,,False,Default assumption: the titled OC calls offense plays. Not evidence-verified.
2011,BAL,defense,John Harbaugh,Chuck Pagano,Chuck Pagano,Chuck Pagano,default_coordinator,medium,,False,Default assumption: the titled DC calls defense plays. Not evidence-verified.
2011,BUF,offense,Chan Gailey,,Chan Gailey,Chan Gailey,default_no_coordinator_headcoach,low,,False,No titled OC found for this team-season; defaulting to the head coach as offense play-caller. Not evidence-verified.
2011,BUF,defense,Chan Gailey,,Chan Gailey,Chan Gailey,default_no_coordinator_headcoach,low,,False,No titled DC found for this team-season; defaulting to the head coach as defense play-caller. Not evidence-verified.
2011,CAR,offense,Ron Rivera,,Ron Rivera,Ron Rivera,default_no_coordinator_headcoach,low,,False,No titled OC found for this team-season; defaulting to the head coach as offense play-caller. Not evidence-verified.
2011,CAR,defense,Ron Rivera,,Ron Rivera,Ron Rivera,default_no_coordinator_headcoach,low,,False,No titled DC found for this team-season; defaulting to the head coach as defense play-caller. Not evidence-verified.
2011,CHI,offense,Lovie Smith,,Lovie Smith,Lovie Smith,default_no_coordinator_headcoach,low,,False,No titled OC found for this team-season; defaulting to the head coach as offense play-caller. Not evidence-verified.
2011,CHI,defense,Lovie Smith,,Lovie Smith,Lovie Smith,default_no_coordinator_headcoach,low,,False,No titled DC found for this team-season; defaulting to the head coach as defense play-caller. Not evidence-verified.
2011,CIN,offense,Marvin Lewis,Jay Gruden,Jay Gruden,Jay Gruden,default_coordinator,medium,,False,Default assumption: the titled OC calls offense plays. Not evidence-verified.
2011,CIN,defense,Marvin Lewis,Mike Zimmer,Mike Zimmer,Mike Zimmer,default_coordinator,medium,,False,Default assumption: the titled DC calls defense plays. Not evidence-verified.
2011,CLE,offense,Pat Shurmur,,Pat Shurmur,Pat Shurmur,default_no_coordinator_headcoach,low,,False,No titled OC found for this team-season; defaulting to the head coach as offense play-caller. Not evidence-verified.
2011,CLE,defense,Pat Shurmur,Dick Jauron,Dick Jauron,Dick Jauron,default_coordinator,medium,,False,Default assumption: the titled DC calls defense plays. Not evidence-verified.
2011,DAL,offense,Jason Garrett,,Jason Garrett,Jason Garrett,default_no_coordinator_headcoach,low,,False,No titled OC found for this team-season; defaulting to the head coach as offense play-caller. Not evidence-verified.
2011,DAL,defense,Jason Garrett,Rob Ryan,Rob Ryan,Rob Ryan,default_coordinator,medium,,False,Default assumption: the titled DC calls defense plays. Not evidence-verified.
2011,DEN,offense,John Fox,Mike McCoy,Mike McCoy,Mike McCoy,default_coordinator,medium,,False,Default assumption: the titled OC calls offense plays. Not evidence-verified.
2011,DEN,defense,John Fox,Dennis Allen,Dennis Allen,Dennis Allen,default_coordinator,medium,,False,Default assumption: the titled DC calls defense plays. Not evidence-verified.
2011,DET,offense,Jim Schwartz,Scott Linehan,Scott Linehan,Scott Linehan,default_coordinator,medium,,False,Default assumption: the titled OC calls offense plays. Not evidence-verified.
2011,DET,defense,Jim Schwartz,Gunther Cunningham,Gunther Cunningham,Gunther Cunningham,default_coordinator,medium,,False,Default assumption: the titled DC calls defense plays. Not evidence-verified.
2011,GB,offense,Mike McCarthy,Joe Philbin,Joe Philbin,Joe Philbin,default_coordinator,medium,,False,Default assumption: the titled OC calls offense plays. Not evidence-verified.
2011,GB,defense,Mike McCarthy,Dom Capers,Dom Capers,Dom Capers,default_coordinator,medium,,False,Default assumption: the titled DC calls defense plays. Not evidence-verified.
2011,HOU,offense,Gary Kubiak,Rick Dennison,Rick Dennison,Rick Dennison,default_coordinator,medium,,False,Default assumption: the titled OC calls offense plays. Not evidence-verified.
2011,HOU,defense,Gary Kubiak,Wade Phillips,Wade Phillips,Wade Phillips,default_coordinator,medium,,False,Default assumption: the titled DC calls defense plays. Not evidence-verified.
2011,IND,offense,Jim Caldwell,,Jim Caldwell,Jim Caldwell,default_no_coordinator_headcoach,low,,False,No titled OC found for this team-season; defaulting to the head coach as offense play-caller. Not evidence-verified.
2011,IND,defense,Jim Caldwell,,Jim Caldwell,Jim Caldwell,default_no_coordinator_headcoach,low,,False,No titled DC found for this team-season; defaulting to the head coach as defense play-caller. Not evidence-verified.
2011,JAX,offense,Jack Del Rio | Mel Tucker,Dirk Koetter,Dirk Koetter,Dirk Koetter,default_coordinator,medium,,True,Default assumption: the titled OC calls offense plays. Not evidence-verified.
2011,JAX,defense,Jack Del Rio | Mel Tucker,Mel Tucker,Mel Tucker,Mel Tucker,default_coordinator,medium,,True,Default assumption: the titled DC calls defense plays. Not evidence-verified.
2011,KC,offense,Todd Haley | Romeo Crennel,Bill Muir,Bill Muir,Bill Muir,default_coordinator,medium,,True,Default assumption: the titled OC calls offense plays. Not evidence-verified.
2011,KC,defense,Todd Haley | Romeo Crennel,Romeo Crennel,Romeo Crennel,Romeo Crennel,default_coordinator,medium,,True,Default assumption: the titled DC calls defense plays. Not evidence-verified.
2011,LAC,offense,Norv Turner,,Norv Turner,Norv Turner,default_no_coordinator_headcoach,low,,False,No titled OC found for this team-season; defaulting to the head coach as offense play-caller. Not evidence-verified.
2011,LAC,defense,Norv Turner,,Norv Turner,Norv Turner,default_no_coordinator_headcoach,low,,False,No titled DC found for this team-season; defaulting to the head coach as defense play-caller. Not evidence-verified.
2011,LAR,offense,Steve Spagnuolo,,Steve Spagnuolo,Steve Spagnuolo,default_no_coordinator_headcoach,low,,False,No titled OC found for this team-season; defaulting to the head coach as offense play-caller. Not evidence-verified.
2011,LAR,defense,Steve Spagnuolo,,Steve Spagnuolo,Steve Spagnuolo,default_no_coordinator_headcoach,low,,False,No titled DC found for this team-season; defaulting to the head coach as defense play-caller. Not evidence-verified.
2011,MIA,offense,Tony Sparano | Todd Bowles,,Tony Sparano | Todd Bowles,Tony Sparano | Todd Bowles,default_no_coordinator_headcoach,low,,True,No titled OC found for this team-season; defaulting to the head coach as offense play-caller. Not evidence-verified.
2011,MIA,defense,Tony Sparano | Todd Bowles,,Tony Sparano | Todd Bowles,Tony Sparano | Todd Bowles,default_no_coordinator_headcoach,low,,True,No titled DC found for this team-season; defaulting to the head coach as defense play-caller. Not evidence-verified.
2011,MIN,offense,Leslie Frazier,,Leslie Frazier,Leslie Frazier,default_no_coordinator_headcoach,low,,False,No titled OC found for this team-season; defaulting to the head coach as offense play-caller. Not evidence-verified.
2011,MIN,defense,Leslie Frazier,,Leslie Frazier,Leslie Frazier,default_no_coordinator_headcoach,low,,False,No titled DC found for this team-season; defaulting to the head coach as defense play-caller. Not evidence-verified.
2011,NE,offense,Bill Belichick,Bill O'Brien,Bill O'Brien,Bill O'Brien,default_coordinator,medium,,False,Default assumption: the titled OC calls offense plays. Not evidence-verified.
2011,NE,defense,Bill Belichick,,Bill Belichick,Bill Belichick,default_no_coordinator_headcoach,low,,False,No titled DC found for this team-season; defaulting to the head coach as defense play-caller. Not evidence-verified.
2011,NO,offense,Sean Payton,Pete Carmichael Jr.,Pete Carmichael Jr.,Sean Payton,model_knowledge_unverified,medium,,False,Believed: Sean Payton calls New Orleans' offensive plays in every season he is head coach on the sideline. 2012 (Bountygate suspension) is deliberately excluded here since Payton was not actively coaching that season. Widely reported; needs a source.
2011,NO,defense,Sean Payton,Gregg Williams,Gregg Williams,Gregg Williams,default_coordinator,medium,,False,Default assumption: the titled DC calls defense plays. Not evidence-verified.
2011,NYG,offense,Tom Coughlin,,Tom Coughlin,Tom Coughlin,default_no_coordinator_headcoach,low,,False,No titled OC found for this team-season; defaulting to the head coach as offense play-caller. Not evidence-verified.
2011,NYG,defense,Tom Coughlin,,Tom Coughlin,Tom Coughlin,default_no_coordinator_headcoach,low,,False,No titled DC found for this team-season; defaulting to the head coach as defense play-caller. Not evidence-verified.
2011,NYJ,offense,Rex Ryan,,Rex Ryan,Rex Ryan,default_no_coordinator_headcoach,low,,False,No titled OC found for this team-season; defaulting to the head coach as offense play-caller. Not evidence-verified.
2011,NYJ,defense,Rex Ryan,,Rex Ryan,Rex Ryan,default_no_coordinator_headcoach,low,,False,No titled DC found for this team-season; defaulting to the head coach as defense play-caller. Not evidence-verified.
2011,OAK,offense,Hue Jackson,,Hue Jackson,Hue Jackson,default_no_coordinator_headcoach,low,,False,No titled OC found for this team-season; defaulting to the head coach as offense play-caller. Not evidence-verified.
2011,OAK,defense,Hue Jackson,,Hue Jackson,Hue Jackson,default_no_coordinator_headcoach,low,,False,No titled DC found for this team-season; defaulting to the head coach as defense play-caller. Not evidence-verified.
2011,PHI,offense,Andy Reid,,Andy Reid,Andy Reid,default_no_coordinator_headcoach,low,,False,No titled OC found for this team-season; defaulting to the head coach as offense play-caller. Not evidence-verified.
2011,PHI,defense,Andy Reid,,Andy Reid,Andy Reid,default_no_coordinator_headcoach,low,,False,No titled DC found for this team-season; defaulting to the head coach as defense play-caller. Not evidence-verified.
2011,PIT,offense,Mike Tomlin,Bruce Arians,Bruce Arians,Bruce Arians,default_coordinator,medium,,False,Default assumption: the titled OC calls offense plays. Not evidence-verified.
2011,PIT,defense,Mike Tomlin,Dick LeBeau,Dick LeBeau,Dick LeBeau,default_coordinator,medium,,False,Default assumption: the titled DC calls defense plays. Not evidence-verified.
2011,SEA,offense,Pete Carroll,,Pete Carroll,Pete Carroll,default_no_coordinator_headcoach,low,,False,No titled OC found for this team-season; defaulting to the head coach as offense play-caller. Not evidence-verified.
2011,SEA,defense,Pete Carroll,,Pete Carroll,Pete Carroll,default_no_coordinator_headcoach,low,,False,No titled DC found for this team-season; defaulting to the head coach as defense play-caller. Not evidence-verified.
2011,SF,offense,Jim Harbaugh,Greg Roman,Greg Roman,Greg Roman,default_coordinator,medium,,False,Default assumption: the titled OC calls offense plays. Not evidence-verified.
2011,SF,defense,Jim Harbaugh,Vic Fangio,Vic Fangio,Vic Fangio,default_coordinator,medium,,False,Default assumption: the titled DC calls defense plays. Not evidence-verified.
2011,TB,offense,Raheem Morris,,Raheem Morris,Raheem Morris,default_no_coordinator_headcoach,low,,False,No titled OC found for this team-season; defaulting to the head coach as offense play-caller. Not evidence-verified.
2011,TB,defense,Raheem Morris,,Raheem Morris,Raheem Morris,default_no_coordinator_headcoach,low,,False,No titled DC found for this team-season; defaulting to the head coach as defense play-caller. Not evidence-verified.
2011,TEN,offense,Mike Munchak,,Mike Munchak,Mike Munchak,default_no_coordinator_headcoach,low,,False,No titled OC found for this team-season; defaulting to the head coach as offense play-caller. Not evidence-verified.
2011,TEN,defense,Mike Munchak,,Mike Munchak,Mike Munchak,default_no_coordinator_headcoach,low,,False,No titled DC found for this team-season; defaulting to the head coach as defense play-caller. Not evidence-verified.
2011,WSH,offense,Mike Shanahan,Kyle Shanahan,Kyle Shanahan,Kyle Shanahan,default_coordinator,medium,,False,Default assumption: the titled OC calls offense plays. Not evidence-verified.
2011,WSH,defense,Mike Shanahan,Jim Haslett,Jim Haslett,Jim Haslett,default_coordinator,medium,,False,Default assumption: the titled DC calls defense plays. Not evidence-verified.
2012,ARI,offense,Ken Whisenhunt,Mike Miller,Mike Miller,Mike Miller,default_coordinator,medium,,False,Default assumption: the titled OC calls offense plays. Not evidence-verified.
2012,ARI,defense,Ken Whisenhunt,Ray Horton,Ray Horton,Ray Horton,default_coordinator,medium,,False,Default assumption: the titled DC calls defense plays. Not evidence-verified.
2012,ATL,offense,Mike Smith,Dirk Koetter,Dirk Koetter,Dirk Koetter,default_coordinator,medium,,False,Default assumption: the titled OC calls offense plays. Not evidence-verified.
2012,ATL,defense,Mike Smith,Mike Nolan,Mike Nolan,Mike Nolan,default_coordinator,medium,,False,Default assumption: the titled DC calls defense plays. Not evidence-verified.
2012,BAL,offense,John Harbaugh,Cam Cameron | Jim Caldwell,Cam Cameron | Jim Caldwell,Cam Cameron | Jim Caldwell,default_coordinator,medium,,True,Default assumption: the titled OC calls offense plays. Not evidence-verified.
2012,BAL,defense,John Harbaugh,Dean Pees,Dean Pees,Dean Pees,default_coordinator,medium,,False,Default assumption: the titled DC calls defense plays. Not evidence-verified.
2012,BUF,offense,Chan Gailey,Curtis Modkins,Curtis Modkins,Curtis Modkins,default_coordinator,medium,,False,Default assumption: the titled OC calls offense plays. Not evidence-verified.
2012,BUF,defense,Chan Gailey,Dave Wannstedt,Dave Wannstedt,Dave Wannstedt,default_coordinator,medium,,False,Default assumption: the titled DC calls defense plays. Not evidence-verified.
2012,CAR,offense,Ron Rivera,Rob Chudzinski,Rob Chudzinski,Rob Chudzinski,default_coordinator,medium,,False,Default assumption: the titled OC calls offense plays. Not evidence-verified.
2012,CAR,defense,Ron Rivera,Sean McDermott,Sean McDermott,Sean McDermott,default_coordinator,medium,,False,Default assumption: the titled DC calls defense plays. Not evidence-verified.
2012,CHI,offense,Lovie Smith,Mike Tice,Mike Tice,Mike Tice,default_coordinator,medium,,False,Default assumption: the titled OC calls offense plays. Not evidence-verified.
2012,CHI,defense,Lovie Smith,Rod Marinelli,Rod Marinelli,Rod Marinelli,default_coordinator,medium,,False,Default assumption: the titled DC calls defense plays. Not evidence-verified.
2012,CIN,offense,Marvin Lewis,Jay Gruden,Jay Gruden,Jay Gruden,default_coordinator,medium,,False,Default assumption: the titled OC calls offense plays. Not evidence-verified.
2012,CIN,defense,Marvin Lewis,Mike Zimmer,Mike Zimmer,Mike Zimmer,default_coordinator,medium,,False,Default assumption: the titled DC calls defense plays. Not evidence-verified.
2012,CLE,offense,Pat Shurmur,Brad Childress,Brad Childress,Brad Childress,default_coordinator,medium,,False,Default assumption: the titled OC calls offense plays. Not evidence-verified.
2012,CLE,defense,Pat Shurmur,Dick Jauron,Dick Jauron,Dick Jauron,default_coordinator,medium,,False,Default assumption: the titled DC calls defense plays. Not evidence-verified.
2012,DAL,offense,Jason Garrett,Bill Callahan,Bill Callahan,Bill Callahan,default_coordinator,medium,,False,Default assumption: the titled OC calls offense plays. Not evidence-verified.
2012,DAL,defense,Jason Garrett,Rob Ryan,Rob Ryan,Rob Ryan,default_coordinator,medium,,False,Default assumption: the titled DC calls defense plays. Not evidence-verified.
2012,DEN,offense,John Fox,Mike McCoy,Mike McCoy,Mike McCoy,default_coordinator,medium,,False,Default assumption: the titled OC calls offense plays. Not evidence-verified.
2012,DEN,defense,John Fox,Jack Del Rio,Jack Del Rio,Jack Del Rio,default_coordinator,medium,,False,Default assumption: the titled DC calls defense plays. Not evidence-verified.
2012,DET,offense,Jim Schwartz,Scott Linehan,Scott Linehan,Scott Linehan,default_coordinator,medium,,False,Default assumption: the titled OC calls offense plays. Not evidence-verified.
2012,DET,defense,Jim Schwartz,Gunther Cunningham,Gunther Cunningham,Gunther Cunningham,default_coordinator,medium,,False,Default assumption: the titled DC calls defense plays. Not evidence-verified.
2012,GB,offense,Mike McCarthy,Tom Clements,Tom Clements,Tom Clements,default_coordinator,medium,,False,Default assumption: the titled OC calls offense plays. Not evidence-verified.
2012,GB,defense,Mike McCarthy,Dom Capers,Dom Capers,Dom Capers,default_coordinator,medium,,False,Default assumption: the titled DC calls defense plays. Not evidence-verified.
2012,HOU,offense,Gary Kubiak,Rick Dennison,Rick Dennison,Rick Dennison,default_coordinator,medium,,False,Default assumption: the titled OC calls offense plays. Not evidence-verified.
2012,HOU,defense,Gary Kubiak,Wade Phillips,Wade Phillips,Wade Phillips,default_coordinator,medium,,False,Default assumption: the titled DC calls defense plays. Not evidence-verified.
2012,IND,offense,Chuck Pagano | Bruce Arians,Bruce Arians,Bruce Arians,Bruce Arians,default_coordinator,medium,,True,Default assumption: the titled OC calls offense plays. Not evidence-verified.
2012,IND,defense,Chuck Pagano | Bruce Arians,Greg Manusky,Greg Manusky,Greg Manusky,default_coordinator,medium,,True,Default assumption: the titled DC calls defense plays. Not evidence-verified.
2012,JAX,offense,Mike Mularkey,Bob Bratkowski,Bob Bratkowski,Bob Bratkowski,default_coordinator,medium,,False,Default assumption: the titled OC calls offense plays. Not evidence-verified.
2012,JAX,defense,Mike Mularkey,Mel Tucker,Mel Tucker,Mel Tucker,default_coordinator,medium,,False,Default assumption: the titled DC calls defense plays. Not evidence-verified.
2012,KC,offense,Romeo Crennel,Brian Daboll,Brian Daboll,Brian Daboll,default_coordinator,medium,,False,Default assumption: the titled OC calls offense plays. Not evidence-verified.
2012,KC,defense,Romeo Crennel,,Romeo Crennel,Romeo Crennel,default_no_coordinator_headcoach,low,,False,No titled DC found for this team-season; defaulting to the head coach as defense play-caller. Not evidence-verified.
2012,LAC,offense,Norv Turner,Hal Hunter,Hal Hunter,Hal Hunter,default_coordinator,medium,,False,Default assumption: the titled OC calls offense plays. Not evidence-verified.
2012,LAC,defense,Norv Turner,John Pagano,John Pagano,John Pagano,default_coordinator,medium,,False,Default assumption: the titled DC calls defense plays. Not evidence-verified.
2012,LAR,offense,Jeff Fisher,Brian Schottenheimer,Brian Schottenheimer,Brian Schottenheimer,default_coordinator,medium,,False,Default assumption: the titled OC calls offense plays. Not evidence-verified.
2012,LAR,defense,Jeff Fisher,Gregg Williams,Gregg Williams,Gregg Williams,default_coordinator,medium,,False,Default assumption: the titled DC calls defense plays. Not evidence-verified.
2012,MIA,offense,Joe Philbin,Mike Sherman,Mike Sherman,Mike Sherman,default_coordinator,medium,,False,Default assumption: the titled OC calls offense plays. Not evidence-verified.
2012,MIA,defense,Joe Philbin,Kevin Coyle,Kevin Coyle,Kevin Coyle,default_coordinator,medium,,False,Default assumption: the titled DC calls defense plays. Not evidence-verified.
2012,MIN,offense,Leslie Frazier,Bill Musgrave,Bill Musgrave,Bill Musgrave,default_coordinator,medium,,False,Default assumption: the titled OC calls offense plays. Not evidence-verified.
2012,MIN,defense,Leslie Frazier,Alan Williams,Alan Williams,Alan Williams,default_coordinator,medium,,False,Default assumption: the titled DC calls defense plays. Not evidence-verified.
2012,NE,offense,Bill Belichick,Josh McDaniels,Josh McDaniels,Josh McDaniels,default_coordinator,medium,,False,Default assumption: the titled OC calls offense plays. Not evidence-verified.
2012,NE,defense,Bill Belichick,Matt Patricia,Matt Patricia,Matt Patricia,default_coordinator,medium,,False,Default assumption: the titled DC calls defense plays. Not evidence-verified.
2012,NO,offense,Sean Payton | Joe Vitt | Aaron Kromer | Sean Payton,Pete Carmichael Jr.,Pete Carmichael Jr.,Pete Carmichael Jr.,default_coordinator,medium,,True,Default assumption: the titled OC calls offense plays. Not evidence-verified.
2012,NO,defense,Sean Payton | Joe Vitt | Aaron Kromer | Sean Payton,Steve Spagnuolo,Steve Spagnuolo,Steve Spagnuolo,default_coordinator,medium,,True,Default assumption: the titled DC calls defense plays. Not evidence-verified.
2012,NYG,offense,Tom Coughlin,Kevin Gilbride,Kevin Gilbride,Kevin Gilbride,default_coordinator,medium,,False,Default assumption: the titled OC calls offense plays. Not evidence-verified.
2012,NYG,defense,Tom Coughlin,Perry Fewell,Perry Fewell,Perry Fewell,default_coordinator,medium,,False,Default assumption: the titled DC calls defense plays. Not evidence-verified.
2012,NYJ,offense,Rex Ryan,Tony Sparano,Tony Sparano,Tony Sparano,default_coordinator,medium,,False,Default assumption: the titled OC calls offense plays. Not evidence-verified.
2012,NYJ,defense,Rex Ryan,Mike Pettine,Mike Pettine,Mike Pettine,default_coordinator,medium,,False,Default assumption: the titled DC calls defense plays. Not evidence-verified.
2012,OAK,offense,Dennis Allen,Greg Knapp,Greg Knapp,Greg Knapp,default_coordinator,medium,,False,Default assumption: the titled OC calls offense plays. Not evidence-verified.
2012,OAK,defense,Dennis Allen,Jason Tarver,Jason Tarver,Jason Tarver,default_coordinator,medium,,False,Default assumption: the titled DC calls defense plays. Not evidence-verified.
2012,PHI,offense,Andy Reid,Marty Mornhinweg,Marty Mornhinweg,Marty Mornhinweg,default_coordinator,medium,,False,Default assumption: the titled OC calls offense plays. Not evidence-verified.
2012,PHI,defense,Andy Reid,Juan Castillo | Todd Bowles,Juan Castillo | Todd Bowles,Juan Castillo | Todd Bowles,default_coordinator,medium,,True,Default assumption: the titled DC calls defense plays. Not evidence-verified.
2012,PIT,offense,Mike Tomlin,Todd Haley,Todd Haley,Todd Haley,default_coordinator,medium,,False,Default assumption: the titled OC calls offense plays. Not evidence-verified.
2012,PIT,defense,Mike Tomlin,Dick LeBeau,Dick LeBeau,Dick LeBeau,default_coordinator,medium,,False,Default assumption: the titled DC calls defense plays. Not evidence-verified.
2012,SEA,offense,Pete Carroll,Darrell Bevell,Darrell Bevell,Darrell Bevell,default_coordinator,medium,,False,Default assumption: the titled OC calls offense plays. Not evidence-verified.
2012,SEA,defense,Pete Carroll,Gus Bradley,Gus Bradley,Gus Bradley,default_coordinator,medium,,False,Default assumption: the titled DC calls defense plays. Not evidence-verified.
2012,SF,offense,Jim Harbaugh,Greg Roman,Greg Roman,Greg Roman,default_coordinator,medium,,False,Default assumption: the titled OC calls offense plays. Not evidence-verified.
2012,SF,defense,Jim Harbaugh,Vic Fangio,Vic Fangio,Vic Fangio,default_coordinator,medium,,False,Default assumption: the titled DC calls defense plays. Not evidence-verified.
2012,TB,offense,Greg Schiano,Mike Sullivan,Mike Sullivan,Mike Sullivan,default_coordinator,medium,,False,Default assumption: the titled OC calls offense plays. Not evidence-verified.
2012,TB,defense,Greg Schiano,Bill Sheridan,Bill Sheridan,Bill Sheridan,default_coordinator,medium,,False,Default assumption: the titled DC calls defense plays. Not evidence-verified.
2012,TEN,offense,Mike Munchak,Chris Palmer | Dowell Loggains,Chris Palmer | Dowell Loggains,Chris Palmer | Dowell Loggains,default_coordinator,medium,,True,Default assumption: the titled OC calls offense plays. Not evidence-verified.
2012,TEN,defense,Mike Munchak,Jerry Gray,Jerry Gray,Jerry Gray,default_coordinator,medium,,False,Default assumption: the titled DC calls defense plays. Not evidence-verified.
2012,WSH,offense,Mike Shanahan,Kyle Shanahan,Kyle Shanahan,Kyle Shanahan,default_coordinator,medium,,False,Default assumption: the titled OC calls offense plays. Not evidence-verified.
2012,WSH,defense,Mike Shanahan,Jim Haslett,Jim Haslett,Jim Haslett,default_coordinator,medium,,False,Default assumption: the titled DC calls defense plays. Not evidence-verified.
2013,ARI,offense,Bruce Arians,Harold Goodwin,Harold Goodwin,Bruce Arians,model_knowledge_unverified,medium,,False,Added in review. Believed: Bruce Arians called Arizona's offensive plays as head coach. Not sourced; needs a source.
2013,ARI,defense,Bruce Arians,Todd Bowles,Todd Bowles,Todd Bowles,default_coordinator,medium,,False,Default assumption: the titled DC calls defense plays. Not evidence-verified.
2013,ATL,offense,Mike Smith,Dirk Koetter,Dirk Koetter,Dirk Koetter,default_coordinator,medium,,False,Default assumption: the titled OC calls offense plays. Not evidence-verified.
2013,ATL,defense,Mike Smith,Mike Nolan,Mike Nolan,Mike Nolan,default_coordinator,medium,,False,Default assumption: the titled DC calls defense plays. Not evidence-verified.
2013,BAL,offense,John Harbaugh,Jim Caldwell,Jim Caldwell,Jim Caldwell,default_coordinator,medium,,False,Default assumption: the titled OC calls offense plays. Not evidence-verified.
2013,BAL,defense,John Harbaugh,Dean Pees,Dean Pees,Dean Pees,default_coordinator,medium,,False,Default assumption: the titled DC calls defense plays. Not evidence-verified.
2013,BUF,offense,Doug Marrone,Nathaniel Hackett,Nathaniel Hackett,Nathaniel Hackett,default_coordinator,medium,,False,Default assumption: the titled OC calls offense plays. Not evidence-verified.
2013,BUF,defense,Doug Marrone,Mike Pettine,Mike Pettine,Mike Pettine,default_coordinator,medium,,False,Default assumption: the titled DC calls defense plays. Not evidence-verified.
2013,CAR,offense,Ron Rivera,Mike Shula,Mike Shula,Mike Shula,default_coordinator,medium,,False,Default assumption: the titled OC calls offense plays. Not evidence-verified.
2013,CAR,defense,Ron Rivera,Sean McDermott,Sean McDermott,Sean McDermott,default_coordinator,medium,,False,Default assumption: the titled DC calls defense plays. Not evidence-verified.
2013,CHI,offense,Marc Trestman,Aaron Kromer,Aaron Kromer,Aaron Kromer,default_coordinator,medium,,False,Default assumption: the titled OC calls offense plays. Not evidence-verified.
2013,CHI,defense,Marc Trestman,Mel Tucker,Mel Tucker,Mel Tucker,default_coordinator,medium,,False,Default assumption: the titled DC calls defense plays. Not evidence-verified.
2013,CIN,offense,Marvin Lewis,Jay Gruden,Jay Gruden,Jay Gruden,default_coordinator,medium,,False,Default assumption: the titled OC calls offense plays. Not evidence-verified.
2013,CIN,defense,Marvin Lewis,Mike Zimmer,Mike Zimmer,Mike Zimmer,default_coordinator,medium,,False,Default assumption: the titled DC calls defense plays. Not evidence-verified.
2013,CLE,offense,Rob Chudzinski,Norv Turner,Norv Turner,Norv Turner,default_coordinator,medium,,False,Default assumption: the titled OC calls offense plays. Not evidence-verified.
2013,CLE,defense,Rob Chudzinski,Ray Horton,Ray Horton,Ray Horton,default_coordinator,medium,,False,Default assumption: the titled DC calls defense plays. Not evidence-verified.
2013,DAL,offense,Jason Garrett,Bill Callahan,Bill Callahan,Bill Callahan,default_coordinator,medium,,False,Default assumption: the titled OC calls offense plays. Not evidence-verified.
2013,DAL,defense,Jason Garrett,Monte Kiffin,Monte Kiffin,Monte Kiffin,default_coordinator,medium,,False,Default assumption: the titled DC calls defense plays. Not evidence-verified.
2013,DEN,offense,John Fox | Jack Del Rio,Adam Gase,Adam Gase,Adam Gase,default_coordinator,medium,,True,Default assumption: the titled OC calls offense plays. Not evidence-verified.
2013,DEN,defense,John Fox | Jack Del Rio,Jack Del Rio,Jack Del Rio,Jack Del Rio,default_coordinator,medium,,True,Default assumption: the titled DC calls defense plays. Not evidence-verified.
2013,DET,offense,Jim Schwartz,Scott Linehan,Scott Linehan,Scott Linehan,default_coordinator,medium,,False,Default assumption: the titled OC calls offense plays. Not evidence-verified.
2013,DET,defense,Jim Schwartz,Gunther Cunningham,Gunther Cunningham,Gunther Cunningham,default_coordinator,medium,,False,Default assumption: the titled DC calls defense plays. Not evidence-verified.
2013,GB,offense,Mike McCarthy,Tom Clements,Tom Clements,Tom Clements,default_coordinator,medium,,False,Default assumption: the titled OC calls offense plays. Not evidence-verified.
2013,GB,defense,Mike McCarthy,Dom Capers,Dom Capers,Dom Capers,default_coordinator,medium,,False,Default assumption: the titled DC calls defense plays. Not evidence-verified.
2013,HOU,offense,Gary Kubiak | Wade Phillips,Rick Dennison,Rick Dennison,Rick Dennison,default_coordinator,medium,,True,Default assumption: the titled OC calls offense plays. Not evidence-verified.
2013,HOU,defense,Gary Kubiak | Wade Phillips,Wade Phillips,Wade Phillips,Wade Phillips,default_coordinator,medium,,True,Default assumption: the titled DC calls defense plays. Not evidence-verified.
2013,IND,offense,Chuck Pagano,Pep Hamilton,Pep Hamilton,Pep Hamilton,default_coordinator,medium,,False,Default assumption: the titled OC calls offense plays. Not evidence-verified.
2013,IND,defense,Chuck Pagano,Greg Manusky,Greg Manusky,Greg Manusky,default_coordinator,medium,,False,Default assumption: the titled DC calls defense plays. Not evidence-verified.
2013,JAX,offense,Gus Bradley,Jedd Fisch,Jedd Fisch,Jedd Fisch,default_coordinator,medium,,False,Default assumption: the titled OC calls offense plays. Not evidence-verified.
2013,JAX,defense,Gus Bradley,Bob Babich,Bob Babich,Bob Babich,default_coordinator,medium,,False,Default assumption: the titled DC calls defense plays. Not evidence-verified.
2013,KC,offense,Andy Reid,Doug Pederson,Doug Pederson,Andy Reid,model_knowledge_unverified,medium,,False,"Believed: Andy Reid calls Kansas City's offensive plays as head coach for his entire KC tenure (2013-2025), as he did earlier at Philadelphia. Widely reported in NFL media but not sourced to a specific Wikipedia citation here - needs a source."
2013,KC,defense,Andy Reid,Bob Sutton,Bob Sutton,Bob Sutton,default_coordinator,medium,,False,Default assumption: the titled DC calls defense plays. Not evidence-verified.
2013,LAC,offense,Mike McCoy,Ken Whisenhunt,Ken Whisenhunt,Ken Whisenhunt,default_coordinator,medium,,False,Default assumption: the titled OC calls offense plays. Not evidence-verified.
2013,LAC,defense,Mike McCoy,John Pagano,John Pagano,John Pagano,default_coordinator,medium,,False,Default assumption: the titled DC calls defense plays. Not evidence-verified.
2013,LAR,offense,Jeff Fisher,Brian Schottenheimer,Brian Schottenheimer,Brian Schottenheimer,default_coordinator,medium,,False,Default assumption: the titled OC calls offense plays. Not evidence-verified.
2013,LAR,defense,Jeff Fisher,Tim Walton,Tim Walton,Tim Walton,default_coordinator,medium,,False,Default assumption: the titled DC calls defense plays. Not evidence-verified.
2013,MIA,offense,Joe Philbin,Mike Sherman,Mike Sherman,Mike Sherman,default_coordinator,medium,,False,Default assumption: the titled OC calls offense plays. Not evidence-verified.
2013,MIA,defense,Joe Philbin,Kevin Coyle,Kevin Coyle,Kevin Coyle,default_coordinator,medium,,False,Default assumption: the titled DC calls defense plays. Not evidence-verified.
2013,MIN,offense,Leslie Frazier,Bill Musgrave,Bill Musgrave,Bill Musgrave,default_coordinator,medium,,False,Default assumption: the titled OC calls offense plays. Not evidence-verified.
2013,MIN,defense,Leslie Frazier,Alan Williams,Alan Williams,Alan Williams,default_coordinator,medium,,False,Default assumption: the titled DC calls defense plays. Not evidence-verified.
2013,NE,offense,Bill Belichick,Josh McDaniels,Josh McDaniels,Josh McDaniels,default_coordinator,medium,,False,Default assumption: the titled OC calls offense plays. Not evidence-verified.
2013,NE,defense,Bill Belichick,Matt Patricia,Matt Patricia,Matt Patricia,default_coordinator,medium,,False,Default assumption: the titled DC calls defense plays. Not evidence-verified.
2013,NO,offense,Sean Payton,Pete Carmichael Jr.,Pete Carmichael Jr.,Sean Payton,model_knowledge_unverified,medium,,False,Believed: Sean Payton calls New Orleans' offensive plays in every season he is head coach on the sideline. 2012 (Bountygate suspension) is deliberately excluded here since Payton was not actively coaching that season. Widely reported; needs a source.
2013,NO,defense,Sean Payton,Rob Ryan,Rob Ryan,Rob Ryan,default_coordinator,medium,,False,Default assumption: the titled DC calls defense plays. Not evidence-verified.
2013,NYG,offense,Tom Coughlin,Kevin Gilbride,Kevin Gilbride,Kevin Gilbride,default_coordinator,medium,,False,Default assumption: the titled OC calls offense plays. Not evidence-verified.
2013,NYG,defense,Tom Coughlin,Perry Fewell,Perry Fewell,Perry Fewell,default_coordinator,medium,,False,Default assumption: the titled DC calls defense plays. Not evidence-verified.
2013,NYJ,offense,Rex Ryan,Marty Mornhinweg,Marty Mornhinweg,Marty Mornhinweg,default_coordinator,medium,,False,Default assumption: the titled OC calls offense plays. Not evidence-verified.
2013,NYJ,defense,Rex Ryan,Dennis Thurman,Dennis Thurman,Dennis Thurman,default_coordinator,medium,,False,Default assumption: the titled DC calls defense plays. Not evidence-verified.
2013,OAK,offense,Dennis Allen,Greg Olson,Greg Olson,Greg Olson,default_coordinator,medium,,False,Default assumption: the titled OC calls offense plays. Not evidence-verified.
2013,OAK,defense,Dennis Allen,Jason Tarver,Jason Tarver,Jason Tarver,default_coordinator,medium,,False,Default assumption: the titled DC calls defense plays. Not evidence-verified.
2013,PHI,offense,Chip Kelly,Pat Shurmur,Pat Shurmur,Chip Kelly,model_knowledge_unverified,medium,,False,Added in review. Believed: Chip Kelly called Philadelphia's offensive plays as head coach. Not sourced; needs a source.
2013,PHI,defense,Chip Kelly,Billy Davis,Billy Davis,Billy Davis,default_coordinator,medium,,False,Default assumption: the titled DC calls defense plays. Not evidence-verified.
2013,PIT,offense,Mike Tomlin,Todd Haley,Todd Haley,Todd Haley,default_coordinator,medium,,False,Default assumption: the titled OC calls offense plays. Not evidence-verified.
2013,PIT,defense,Mike Tomlin,Dick LeBeau,Dick LeBeau,Dick LeBeau,default_coordinator,medium,,False,Default assumption: the titled DC calls defense plays. Not evidence-verified.
2013,SEA,offense,Pete Carroll,Darrell Bevell,Darrell Bevell,Darrell Bevell,default_coordinator,medium,,False,Default assumption: the titled OC calls offense plays. Not evidence-verified.
2013,SEA,defense,Pete Carroll,Dan Quinn,Dan Quinn,Dan Quinn,default_coordinator,medium,,False,Default assumption: the titled DC calls defense plays. Not evidence-verified.
2013,SF,offense,Jim Harbaugh,Greg Roman,Greg Roman,Greg Roman,default_coordinator,medium,,False,Default assumption: the titled OC calls offense plays. Not evidence-verified.
2013,SF,defense,Jim Harbaugh,Vic Fangio,Vic Fangio,Vic Fangio,default_coordinator,medium,,False,Default assumption: the titled DC calls defense plays. Not evidence-verified.
2013,TB,offense,Greg Schiano,Mike Sullivan,Mike Sullivan,Mike Sullivan,default_coordinator,medium,,False,Default assumption: the titled OC calls offense plays. Not evidence-verified.
2013,TB,defense,Greg Schiano,Bill Sheridan,Bill Sheridan,Bill Sheridan,default_coordinator,medium,,False,Default assumption: the titled DC calls defense plays. Not evidence-verified.
2013,TEN,offense,Mike Munchak,Dowell Loggains,Dowell Loggains,Dowell Loggains,default_coordinator,medium,,False,Default assumption: the titled OC calls offense plays. Not evidence-verified.
2013,TEN,defense,Mike Munchak,Jerry Gray,Jerry Gray,Jerry Gray,default_coordinator,medium,,False,Default assumption: the titled DC calls defense plays. Not evidence-verified.
2013,WSH,offense,Mike Shanahan,Kyle Shanahan,Kyle Shanahan,Kyle Shanahan,default_coordinator,medium,,False,Default assumption: the titled OC calls offense plays. Not evidence-verified.
2013,WSH,defense,Mike Shanahan,Jim Haslett,Jim Haslett,Jim Haslett,default_coordinator,medium,,False,Default assumption: the titled DC calls defense plays. Not evidence-verified.
2014,ARI,offense,Bruce Arians,Harold Goodwin,Harold Goodwin,Bruce Arians,model_knowledge_unverified,medium,,False,Added in review. Believed: Bruce Arians called Arizona's offensive plays as head coach. Not sourced; needs a source.
2014,ARI,defense,Bruce Arians,Todd Bowles,Todd Bowles,Todd Bowles,default_coordinator,medium,,False,Default assumption: the titled DC calls defense plays. Not evidence-verified.
2014,ATL,offense,Mike Smith,Dirk Koetter,Dirk Koetter,Dirk Koetter,default_coordinator,medium,,False,Default assumption: the titled OC calls offense plays. Not evidence-verified.
2014,ATL,defense,Mike Smith,Mike Nolan,Mike Nolan,Mike Nolan,default_coordinator,medium,,False,Default assumption: the titled DC calls defense plays. Not evidence-verified.
2014,BAL,offense,John Harbaugh,Gary Kubiak,Gary Kubiak,Gary Kubiak,default_coordinator,medium,,False,Default assumption: the titled OC calls offense plays. Not evidence-verified.
2014,BAL,defense,John Harbaugh,Dean Pees,Dean Pees,Dean Pees,default_coordinator,medium,,False,Default assumption: the titled DC calls defense plays. Not evidence-verified.
2014,BUF,offense,Doug Marrone,Nathaniel Hackett,Nathaniel Hackett,Nathaniel Hackett,default_coordinator,medium,,False,Default assumption: the titled OC calls offense plays. Not evidence-verified.
2014,BUF,defense,Doug Marrone,Jim Schwartz,Jim Schwartz,Jim Schwartz,default_coordinator,medium,,False,Default assumption: the titled DC calls defense plays. Not evidence-verified.
2014,CAR,offense,Ron Rivera,Mike Shula,Mike Shula,Mike Shula,default_coordinator,medium,,False,Default assumption: the titled OC calls offense plays. Not evidence-verified.
2014,CAR,defense,Ron Rivera,Sean McDermott,Sean McDermott,Sean McDermott,default_coordinator,medium,,False,Default assumption: the titled DC calls defense plays. Not evidence-verified.
2014,CHI,offense,Marc Trestman,Aaron Kromer,Aaron Kromer,Aaron Kromer,default_coordinator,medium,,False,Default assumption: the titled OC calls offense plays. Not evidence-verified.
2014,CHI,defense,Marc Trestman,Mel Tucker,Mel Tucker,Mel Tucker,default_coordinator,medium,,False,Default assumption: the titled DC calls defense plays. Not evidence-verified.
2014,CIN,offense,Marvin Lewis,Hue Jackson,Hue Jackson,Hue Jackson,default_coordinator,medium,,False,Default assumption: the titled OC calls offense plays. Not evidence-verified.
2014,CIN,defense,Marvin Lewis,Paul Guenther,Paul Guenther,Paul Guenther,default_coordinator,medium,,False,Default assumption: the titled DC calls defense plays. Not evidence-verified.
2014,CLE,offense,Mike Pettine,Kyle Shanahan,Kyle Shanahan,Kyle Shanahan,default_coordinator,medium,,False,Default assumption: the titled OC calls offense plays. Not evidence-verified.
2014,CLE,defense,Mike Pettine,Jim O'Neil,Jim O'Neil,Jim O'Neil,default_coordinator,medium,,False,Default assumption: the titled DC calls defense plays. Not evidence-verified.
2014,DAL,offense,Jason Garrett,Bill Callahan,Bill Callahan,Bill Callahan,default_coordinator,medium,,False,Default assumption: the titled OC calls offense plays. Not evidence-verified.
2014,DAL,defense,Jason Garrett,Rod Marinelli,Rod Marinelli,Rod Marinelli,default_coordinator,medium,,False,Default assumption: the titled DC calls defense plays. Not evidence-verified.
2014,DEN,offense,John Fox,Adam Gase,Adam Gase,Adam Gase,default_coordinator,medium,,False,Default assumption: the titled OC calls offense plays. Not evidence-verified.
2014,DEN,defense,John Fox,Jack Del Rio,Jack Del Rio,Jack Del Rio,default_coordinator,medium,,False,Default assumption: the titled DC calls defense plays. Not evidence-verified.
2014,DET,offense,Jim Caldwell,Joe Lombardi,Joe Lombardi,Joe Lombardi,default_coordinator,medium,,False,Default assumption: the titled OC calls offense plays. Not evidence-verified.
2014,DET,defense,Jim Caldwell,Teryl Austin,Teryl Austin,Teryl Austin,default_coordinator,medium,,False,Default assumption: the titled DC calls defense plays. Not evidence-verified.
2014,GB,offense,Mike McCarthy,Tom Clements,Tom Clements,Tom Clements,default_coordinator,medium,,False,Default assumption: the titled OC calls offense plays. Not evidence-verified.
2014,GB,defense,Mike McCarthy,Dom Capers,Dom Capers,Dom Capers,default_coordinator,medium,,False,Default assumption: the titled DC calls defense plays. Not evidence-verified.
2014,HOU,offense,Bill O'Brien,,Bill O'Brien,Bill O'Brien,default_no_coordinator_headcoach,low,,False,No titled OC found for this team-season; defaulting to the head coach as offense play-caller. Not evidence-verified.
2014,HOU,defense,Bill O'Brien,Romeo Crennel,Romeo Crennel,Romeo Crennel,default_coordinator,medium,,False,Default assumption: the titled DC calls defense plays. Not evidence-verified.
2014,IND,offense,Chuck Pagano,Pep Hamilton,Pep Hamilton,Pep Hamilton,default_coordinator,medium,,False,Default assumption: the titled OC calls offense plays. Not evidence-verified.
2014,IND,defense,Chuck Pagano,Greg Manusky,Greg Manusky,Greg Manusky,default_coordinator,medium,,False,Default assumption: the titled DC calls defense plays. Not evidence-verified.
2014,JAX,offense,Gus Bradley,Jedd Fisch,Jedd Fisch,Jedd Fisch,default_coordinator,medium,,False,Default assumption: the titled OC calls offense plays. Not evidence-verified.
2014,JAX,defense,Gus Bradley,Bob Babich,Bob Babich,Bob Babich,default_coordinator,medium,,False,Default assumption: the titled DC calls defense plays. Not evidence-verified.
2014,KC,offense,Andy Reid,Doug Pederson,Doug Pederson,Andy Reid,model_knowledge_unverified,medium,,False,"Believed: Andy Reid calls Kansas City's offensive plays as head coach for his entire KC tenure (2013-2025), as he did earlier at Philadelphia. Widely reported in NFL media but not sourced to a specific Wikipedia citation here - needs a source."
2014,KC,defense,Andy Reid,Bob Sutton,Bob Sutton,Bob Sutton,default_coordinator,medium,,False,Default assumption: the titled DC calls defense plays. Not evidence-verified.
2014,LAC,offense,Mike McCoy,Frank Reich,Frank Reich,Frank Reich,default_coordinator,medium,,False,Default assumption: the titled OC calls offense plays. Not evidence-verified.
2014,LAC,defense,Mike McCoy,John Pagano,John Pagano,John Pagano,default_coordinator,medium,,False,Default assumption: the titled DC calls defense plays. Not evidence-verified.
2014,LAR,offense,Jeff Fisher,Brian Schottenheimer,Brian Schottenheimer,Brian Schottenheimer,default_coordinator,medium,,False,Default assumption: the titled OC calls offense plays. Not evidence-verified.
2014,LAR,defense,Jeff Fisher,Gregg Williams,Gregg Williams,Gregg Williams,default_coordinator,medium,,False,Default assumption: the titled DC calls defense plays. Not evidence-verified.
2014,MIA,offense,Joe Philbin,Bill Lazor,Bill Lazor,Bill Lazor,default_coordinator,medium,,False,Default assumption: the titled OC calls offense plays. Not evidence-verified.
2014,MIA,defense,Joe Philbin,Kevin Coyle,Kevin Coyle,Kevin Coyle,default_coordinator,medium,,False,Default assumption: the titled DC calls defense plays. Not evidence-verified.
2014,MIN,offense,Mike Zimmer,Norv Turner,Norv Turner,Norv Turner,default_coordinator,medium,,False,Default assumption: the titled OC calls offense plays. Not evidence-verified.
2014,MIN,defense,Mike Zimmer,George Edwards,George Edwards,Mike Zimmer,model_knowledge_unverified,medium,,False,Added in review. Believed: Mike Zimmer called Minnesota's defensive plays as head coach. Not sourced; needs a source.
2014,NE,offense,Bill Belichick,Josh McDaniels,Josh McDaniels,Josh McDaniels,default_coordinator,medium,,False,Default assumption: the titled OC calls offense plays. Not evidence-verified.
2014,NE,defense,Bill Belichick,Matt Patricia,Matt Patricia,Matt Patricia,default_coordinator,medium,,False,Default assumption: the titled DC calls defense plays. Not evidence-verified.
2014,NO,offense,Sean Payton,Pete Carmichael Jr.,Pete Carmichael Jr.,Sean Payton,model_knowledge_unverified,medium,,False,Believed: Sean Payton calls New Orleans' offensive plays in every season he is head coach on the sideline. 2012 (Bountygate suspension) is deliberately excluded here since Payton was not actively coaching that season. Widely reported; needs a source.
2014,NO,defense,Sean Payton,Rob Ryan,Rob Ryan,Rob Ryan,default_coordinator,medium,,False,Default assumption: the titled DC calls defense plays. Not evidence-verified.
2014,NYG,offense,Tom Coughlin,Ben McAdoo,Ben McAdoo,Ben McAdoo,default_coordinator,medium,,False,Default assumption: the titled OC calls offense plays. Not evidence-verified.
2014,NYG,defense,Tom Coughlin,Perry Fewell,Perry Fewell,Perry Fewell,default_coordinator,medium,,False,Default assumption: the titled DC calls defense plays. Not evidence-verified.
2014,NYJ,offense,Rex Ryan,Marty Mornhinweg,Marty Mornhinweg,Marty Mornhinweg,default_coordinator,medium,,False,Default assumption: the titled OC calls offense plays. Not evidence-verified.
2014,NYJ,defense,Rex Ryan,Dennis Thurman,Dennis Thurman,Dennis Thurman,default_coordinator,medium,,False,Default assumption: the titled DC calls defense plays. Not evidence-verified.
2014,OAK,offense,Dennis Allen | Tony Sparano,Greg Olson,Greg Olson,Greg Olson,default_coordinator,medium,,True,Default assumption: the titled OC calls offense plays. Not evidence-verified.
2014,OAK,defense,Dennis Allen | Tony Sparano,Jason Tarver,Jason Tarver,Jason Tarver,default_coordinator,medium,,True,Default assumption: the titled DC calls defense plays. Not evidence-verified.
2014,PHI,offense,Chip Kelly,Pat Shurmur,Pat Shurmur,Chip Kelly,model_knowledge_unverified,medium,,False,Added in review. Believed: Chip Kelly called Philadelphia's offensive plays as head coach. Not sourced; needs a source.
2014,PHI,defense,Chip Kelly,Bill Davis,Bill Davis,Bill Davis,default_coordinator,medium,,False,Default assumption: the titled DC calls defense plays. Not evidence-verified.
2014,PIT,offense,Mike Tomlin,Todd Haley,Todd Haley,Todd Haley,default_coordinator,medium,,False,Default assumption: the titled OC calls offense plays. Not evidence-verified.
2014,PIT,defense,Mike Tomlin,Dick LeBeau,Dick LeBeau,Dick LeBeau,default_coordinator,medium,,False,Default assumption: the titled DC calls defense plays. Not evidence-verified.
2014,SEA,offense,Pete Carroll,Darrell Bevell,Darrell Bevell,Darrell Bevell,default_coordinator,medium,,False,Default assumption: the titled OC calls offense plays. Not evidence-verified.
2014,SEA,defense,Pete Carroll,Dan Quinn,Dan Quinn,Dan Quinn,default_coordinator,medium,,False,Default assumption: the titled DC calls defense plays. Not evidence-verified.
2014,SF,offense,Jim Harbaugh,Greg Roman,Greg Roman,Greg Roman,default_coordinator,medium,,False,Default assumption: the titled OC calls offense plays. Not evidence-verified.
2014,SF,defense,Jim Harbaugh,Vic Fangio,Vic Fangio,Vic Fangio,default_coordinator,medium,,False,Default assumption: the titled DC calls defense plays. Not evidence-verified.
2014,TB,offense,Lovie Smith,Jeff Tedford,Jeff Tedford,Jeff Tedford,default_coordinator,medium,,False,Default assumption: the titled OC calls offense plays. Not evidence-verified.
2014,TB,defense,Lovie Smith,Leslie Frazier,Leslie Frazier,Leslie Frazier,default_coordinator,medium,,False,Default assumption: the titled DC calls defense plays. Not evidence-verified.
2014,TEN,offense,Ken Whisenhunt,Jason Michael,Jason Michael,Jason Michael,default_coordinator,medium,,False,Default assumption: the titled OC calls offense plays. Not evidence-verified.
2014,TEN,defense,Ken Whisenhunt,Ray Horton,Ray Horton,Ray Horton,default_coordinator,medium,,False,Default assumption: the titled DC calls defense plays. Not evidence-verified.
2014,WSH,offense,Jay Gruden,Sean McVay,Sean McVay,Sean McVay,default_coordinator,medium,,False,Default assumption: the titled OC calls offense plays. Not evidence-verified.
2014,WSH,defense,Jay Gruden,Jim Haslett,Jim Haslett,Jim Haslett,default_coordinator,medium,,False,Default assumption: the titled DC calls defense plays. Not evidence-verified.
2015,ARI,offense,Bruce Arians,Harold Goodwin,Harold Goodwin,Bruce Arians,model_knowledge_unverified,medium,,False,Added in review. Believed: Bruce Arians called Arizona's offensive plays as head coach. Not sourced; needs a source.
2015,ARI,defense,Bruce Arians,James Bettcher,James Bettcher,James Bettcher,default_coordinator,medium,,False,Default assumption: the titled DC calls defense plays. Not evidence-verified.
2015,ATL,offense,Dan Quinn,Kyle Shanahan,Kyle Shanahan,Kyle Shanahan,default_coordinator,medium,,False,Default assumption: the titled OC calls offense plays. Not evidence-verified.
2015,ATL,defense,Dan Quinn,Richard Smith,Richard Smith,Dan Quinn,model_knowledge_unverified,low,,False,"Believed: Dan Quinn, a defensive-background head coach, was closely involved in calling Atlanta's defense for at least part of his 2015-2020 tenure, but this study is not confident which seasons he held the play-caller role personally versus deferring to a titled DC - marked low confidence. Needs a source."
2015,BAL,offense,John Harbaugh,Marc Trestman,Marc Trestman,Marc Trestman,default_coordinator,medium,,False,Default assumption: the titled OC calls offense plays. Not evidence-verified.
2015,BAL,defense,John Harbaugh,Dean Pees,Dean Pees,Dean Pees,default_coordinator,medium,,False,Default assumption: the titled DC calls defense plays. Not evidence-verified.
2015,BUF,offense,Rex Ryan,Greg Roman,Greg Roman,Greg Roman,default_coordinator,medium,,False,Default assumption: the titled OC calls offense plays. Not evidence-verified.
2015,BUF,defense,Rex Ryan,Dennis Thurman,Dennis Thurman,Dennis Thurman,default_coordinator,medium,,False,Default assumption: the titled DC calls defense plays. Not evidence-verified.
2015,CAR,offense,Ron Rivera,Mike Shula,Mike Shula,Mike Shula,default_coordinator,medium,,False,Default assumption: the titled OC calls offense plays. Not evidence-verified.
2015,CAR,defense,Ron Rivera,Sean McDermott,Sean McDermott,Sean McDermott,default_coordinator,medium,,False,Default assumption: the titled DC calls defense plays. Not evidence-verified.
2015,CHI,offense,John Fox,Adam Gase,Adam Gase,Adam Gase,default_coordinator,medium,,False,Default assumption: the titled OC calls offense plays. Not evidence-verified.
2015,CHI,defense,John Fox,Vic Fangio,Vic Fangio,Vic Fangio,default_coordinator,medium,,False,Default assumption: the titled DC calls defense plays. Not evidence-verified.
2015,CIN,offense,Marvin Lewis,Hue Jackson,Hue Jackson,Hue Jackson,default_coordinator,medium,,False,Default assumption: the titled OC calls offense plays. Not evidence-verified.
2015,CIN,defense,Marvin Lewis,Paul Guenther,Paul Guenther,Paul Guenther,default_coordinator,medium,,False,Default assumption: the titled DC calls defense plays. Not evidence-verified.
2015,CLE,offense,Mike Pettine,John DeFilippo,John DeFilippo,John DeFilippo,default_coordinator,medium,,False,Default assumption: the titled OC calls offense plays. Not evidence-verified.
2015,CLE,defense,Mike Pettine,Jim O'Neil,Jim O'Neil,Jim O'Neil,default_coordinator,medium,,False,Default assumption: the titled DC calls defense plays. Not evidence-verified.
2015,DAL,offense,Jason Garrett,Scott Linehan,Scott Linehan,Scott Linehan,default_coordinator,medium,,False,Default assumption: the titled OC calls offense plays. Not evidence-verified.
2015,DAL,defense,Jason Garrett,Rod Marinelli,Rod Marinelli,Rod Marinelli,default_coordinator,medium,,False,Default assumption: the titled DC calls defense plays. Not evidence-verified.
2015,DEN,offense,Gary Kubiak,Rick Dennison,Rick Dennison,Rick Dennison,default_coordinator,medium,,False,Default assumption: the titled OC calls offense plays. Not evidence-verified.
2015,DEN,defense,Gary Kubiak,Wade Phillips,Wade Phillips,Wade Phillips,default_coordinator,medium,,False,Default assumption: the titled DC calls defense plays. Not evidence-verified.
2015,DET,offense,Jim Caldwell,Joe Lombardi | Jim Bob Cooter,Joe Lombardi | Jim Bob Cooter,Joe Lombardi | Jim Bob Cooter,default_coordinator,medium,,True,Default assumption: the titled OC calls offense plays. Not evidence-verified.
2015,DET,defense,Jim Caldwell,Teryl Austin,Teryl Austin,Teryl Austin,default_coordinator,medium,,False,Default assumption: the titled DC calls defense plays. Not evidence-verified.
2015,GB,offense,Mike McCarthy,Edgar Bennett,Edgar Bennett,Edgar Bennett,default_coordinator,medium,,False,Default assumption: the titled OC calls offense plays. Not evidence-verified.
2015,GB,defense,Mike McCarthy,Dom Capers,Dom Capers,Dom Capers,default_coordinator,medium,,False,Default assumption: the titled DC calls defense plays. Not evidence-verified.
2015,HOU,offense,Bill O'Brien,George Godsey,George Godsey,George Godsey,default_coordinator,medium,,False,Default assumption: the titled OC calls offense plays. Not evidence-verified.
2015,HOU,defense,Bill O'Brien,Romeo Crennel,Romeo Crennel,Romeo Crennel,default_coordinator,medium,,False,Default assumption: the titled DC calls defense plays. Not evidence-verified.
2015,IND,offense,Chuck Pagano,Rob Chudzinski,Rob Chudzinski,Rob Chudzinski,default_coordinator,medium,,False,Default assumption: the titled OC calls offense plays. Not evidence-verified.
2015,IND,defense,Chuck Pagano,Greg Manusky,Greg Manusky,Greg Manusky,default_coordinator,medium,,False,Default assumption: the titled DC calls defense plays. Not evidence-verified.
2015,JAX,offense,Gus Bradley,Greg Olson,Greg Olson,Greg Olson,default_coordinator,medium,,False,Default assumption: the titled OC calls offense plays. Not evidence-verified.
2015,JAX,defense,Gus Bradley,Bob Babich,Bob Babich,Bob Babich,default_coordinator,medium,,False,Default assumption: the titled DC calls defense plays. Not evidence-verified.
2015,KC,offense,Andy Reid,Doug Pederson,Doug Pederson,Andy Reid,model_knowledge_unverified,medium,,False,"Believed: Andy Reid calls Kansas City's offensive plays as head coach for his entire KC tenure (2013-2025), as he did earlier at Philadelphia. Widely reported in NFL media but not sourced to a specific Wikipedia citation here - needs a source."
2015,KC,defense,Andy Reid,Bob Sutton,Bob Sutton,Bob Sutton,default_coordinator,medium,,False,Default assumption: the titled DC calls defense plays. Not evidence-verified.
2015,LAC,offense,Mike McCoy,Frank Reich,Frank Reich,Frank Reich,default_coordinator,medium,,False,Default assumption: the titled OC calls offense plays. Not evidence-verified.
2015,LAC,defense,Mike McCoy,John Pagano,John Pagano,John Pagano,default_coordinator,medium,,False,Default assumption: the titled DC calls defense plays. Not evidence-verified.
2015,LAR,offense,Jeff Fisher,Rob Boras,Rob Boras,Rob Boras,default_coordinator,medium,,False,Default assumption: the titled OC calls offense plays. Not evidence-verified.
2015,LAR,defense,Jeff Fisher,Gregg Williams,Gregg Williams,Gregg Williams,default_coordinator,medium,,False,Default assumption: the titled DC calls defense plays. Not evidence-verified.
2015,MIA,offense,Joe Philbin | Dan Campbell,Zac Taylor,Zac Taylor,Zac Taylor,default_coordinator,medium,,True,Default assumption: the titled OC calls offense plays. Not evidence-verified.
2015,MIA,defense,Joe Philbin | Dan Campbell,Lou Anarumo,Lou Anarumo,Lou Anarumo,default_coordinator,medium,,True,Default assumption: the titled DC calls defense plays. Not evidence-verified.
2015,MIN,offense,Mike Zimmer,Norv Turner,Norv Turner,Norv Turner,default_coordinator,medium,,False,Default assumption: the titled OC calls offense plays. Not evidence-verified.
2015,MIN,defense,Mike Zimmer,George Edwards,George Edwards,Mike Zimmer,model_knowledge_unverified,medium,,False,Added in review. Believed: Mike Zimmer called Minnesota's defensive plays as head coach. Not sourced; needs a source.
2015,NE,offense,Bill Belichick,Josh McDaniels,Josh McDaniels,Josh McDaniels,default_coordinator,medium,,False,Default assumption: the titled OC calls offense plays. Not evidence-verified.
2015,NE,defense,Bill Belichick,Matt Patricia,Matt Patricia,Matt Patricia,default_coordinator,medium,,False,Default assumption: the titled DC calls defense plays. Not evidence-verified.
2015,NO,offense,Sean Payton,Pete Carmichael Jr.,Pete Carmichael Jr.,Sean Payton,model_knowledge_unverified,medium,,False,Believed: Sean Payton calls New Orleans' offensive plays in every season he is head coach on the sideline. 2012 (Bountygate suspension) is deliberately excluded here since Payton was not actively coaching that season. Widely reported; needs a source.
2015,NO,defense,Sean Payton,Rob Ryan | Dennis Allen,Rob Ryan | Dennis Allen,Rob Ryan | Dennis Allen,default_coordinator,medium,,True,Default assumption: the titled DC calls defense plays. Not evidence-verified.
2015,NYG,offense,Tom Coughlin,Ben McAdoo,Ben McAdoo,Ben McAdoo,default_coordinator,medium,,False,Default assumption: the titled OC calls offense plays. Not evidence-verified.
2015,NYG,defense,Tom Coughlin,Steve Spagnuolo,Steve Spagnuolo,Steve Spagnuolo,default_coordinator,medium,,False,Default assumption: the titled DC calls defense plays. Not evidence-verified.
2015,NYJ,offense,Todd Bowles,,Todd Bowles,Todd Bowles,default_no_coordinator_headcoach,low,,False,No titled OC found for this team-season; defaulting to the head coach as offense play-caller. Not evidence-verified.
2015,NYJ,defense,Todd Bowles,,Todd Bowles,Todd Bowles,model_knowledge_unverified,medium,,False,Added in review. Believed: Todd Bowles called the Jets's defensive plays as head coach. Not sourced; needs a source.
2015,OAK,offense,Jack Del Rio,Bill Musgrave,Bill Musgrave,Bill Musgrave,default_coordinator,medium,,False,Default assumption: the titled OC calls offense plays. Not evidence-verified.
2015,OAK,defense,Jack Del Rio,Ken Norton Jr.,Ken Norton Jr.,Ken Norton Jr.,default_coordinator,medium,,False,Default assumption: the titled DC calls defense plays. Not evidence-verified.
2015,PHI,offense,Chip Kelly | Pat Shurmur,,Chip Kelly | Pat Shurmur,Chip Kelly | Pat Shurmur,default_no_coordinator_headcoach,low,,True,No titled OC found for this team-season; defaulting to the head coach as offense play-caller. Not evidence-verified.
2015,PHI,defense,Chip Kelly | Pat Shurmur,Billy Davis,Billy Davis,Billy Davis,default_coordinator,medium,,True,Default assumption: the titled DC calls defense plays. Not evidence-verified.
2015,PIT,offense,Mike Tomlin,Todd Haley,Todd Haley,Todd Haley,default_coordinator,medium,,False,Default assumption: the titled OC calls offense plays. Not evidence-verified.
2015,PIT,defense,Mike Tomlin,Keith Butler,Keith Butler,Keith Butler,default_coordinator,medium,,False,Default assumption: the titled DC calls defense plays. Not evidence-verified.
2015,SEA,offense,Pete Carroll,Darrell Bevell,Darrell Bevell,Darrell Bevell,default_coordinator,medium,,False,Default assumption: the titled OC calls offense plays. Not evidence-verified.
2015,SEA,defense,Pete Carroll,Kris Richard,Kris Richard,Kris Richard,default_coordinator,medium,,False,Default assumption: the titled DC calls defense plays. Not evidence-verified.
2015,SF,offense,Jim Tomsula,Geep Chryst,Geep Chryst,Geep Chryst,default_coordinator,medium,,False,Default assumption: the titled OC calls offense plays. Not evidence-verified.
2015,SF,defense,Jim Tomsula,Eric Mangini,Eric Mangini,Eric Mangini,default_coordinator,medium,,False,Default assumption: the titled DC calls defense plays. Not evidence-verified.
2015,TB,offense,Lovie Smith,Dirk Koetter,Dirk Koetter,Dirk Koetter,default_coordinator,medium,,False,Default assumption: the titled OC calls offense plays. Not evidence-verified.
2015,TB,defense,Lovie Smith,Leslie Frazier,Leslie Frazier,Leslie Frazier,default_coordinator,medium,,False,Default assumption: the titled DC calls defense plays. Not evidence-verified.
2015,TEN,offense,Ken Whisenhunt | Mike Mularkey,Jason Michael,Jason Michael,Jason Michael,default_coordinator,medium,,True,Default assumption: the titled OC calls offense plays. Not evidence-verified.
2015,TEN,defense,Ken Whisenhunt | Mike Mularkey,Ray Horton,Ray Horton,Ray Horton,default_coordinator,medium,,True,Default assumption: the titled DC calls defense plays. Not evidence-verified.
2015,WSH,offense,Jay Gruden,Sean McVay,Sean McVay,Sean McVay,default_coordinator,medium,,False,Default assumption: the titled OC calls offense plays. Not evidence-verified.
2015,WSH,defense,Jay Gruden,Joe Barry,Joe Barry,Joe Barry,default_coordinator,medium,,False,Default assumption: the titled DC calls defense plays. Not evidence-verified.
2016,ARI,offense,Bruce Arians,Harold Goodwin,Harold Goodwin,Bruce Arians,model_knowledge_unverified,medium,,False,Added in review. Believed: Bruce Arians called Arizona's offensive plays as head coach. Not sourced; needs a source.
2016,ARI,defense,Bruce Arians,James Bettcher,James Bettcher,James Bettcher,default_coordinator,medium,,False,Default assumption: the titled DC calls defense plays. Not evidence-verified.
2016,ATL,offense,Dan Quinn,Kyle Shanahan,Kyle Shanahan,Kyle Shanahan,default_coordinator,medium,,False,Default assumption: the titled OC calls offense plays. Not evidence-verified.
2016,ATL,defense,Dan Quinn,Richard Smith,Richard Smith,Dan Quinn,model_knowledge_unverified,low,,False,"Believed: Dan Quinn, a defensive-background head coach, was closely involved in calling Atlanta's defense for at least part of his 2015-2020 tenure, but this study is not confident which seasons he held the play-caller role personally versus deferring to a titled DC - marked low confidence. Needs a source."
2016,BAL,offense,John Harbaugh,Marc Trestman | Marty Mornhinweg,Marc Trestman | Marty Mornhinweg,Marc Trestman | Marty Mornhinweg,default_coordinator,medium,,True,Default assumption: the titled OC calls offense plays. Not evidence-verified.
2016,BAL,defense,John Harbaugh,Dean Pees,Dean Pees,Dean Pees,default_coordinator,medium,,False,Default assumption: the titled DC calls defense plays. Not evidence-verified.
2016,BUF,offense,Rex Ryan | Anthony Lynn,,Rex Ryan | Anthony Lynn,Rex Ryan | Anthony Lynn,default_no_coordinator_headcoach,low,,True,No titled OC found for this team-season; defaulting to the head coach as offense play-caller. Not evidence-verified.
2016,BUF,defense,Rex Ryan | Anthony Lynn,Dennis Thurman,Dennis Thurman,Dennis Thurman,default_coordinator,medium,,True,Default assumption: the titled DC calls defense plays. Not evidence-verified.
2016,CAR,offense,Ron Rivera,Mike Shula,Mike Shula,Mike Shula,default_coordinator,medium,,False,Default assumption: the titled OC calls offense plays. Not evidence-verified.
2016,CAR,defense,Ron Rivera,Sean McDermott,Sean McDermott,Sean McDermott,default_coordinator,medium,,False,Default assumption: the titled DC calls defense plays. Not evidence-verified.
2016,CHI,offense,John Fox,Dowell Loggains,Dowell Loggains,Dowell Loggains,default_coordinator,medium,,False,Default assumption: the titled OC calls offense plays. Not evidence-verified.
2016,CHI,defense,John Fox,Vic Fangio,Vic Fangio,Vic Fangio,default_coordinator,medium,,False,Default assumption: the titled DC calls defense plays. Not evidence-verified.
2016,CIN,offense,Marvin Lewis,Ken Zampese,Ken Zampese,Ken Zampese,default_coordinator,medium,,False,Default assumption: the titled OC calls offense plays. Not evidence-verified.
2016,CIN,defense,Marvin Lewis,Paul Guenther,Paul Guenther,Paul Guenther,default_coordinator,medium,,False,Default assumption: the titled DC calls defense plays. Not evidence-verified.
2016,CLE,offense,Hue Jackson,,Hue Jackson,Hue Jackson,default_no_coordinator_headcoach,low,,False,No titled OC found for this team-season; defaulting to the head coach as offense play-caller. Not evidence-verified.
2016,CLE,defense,Hue Jackson,Ray Horton,Ray Horton,Ray Horton,default_coordinator,medium,,False,Default assumption: the titled DC calls defense plays. Not evidence-verified.
2016,DAL,offense,Jason Garrett,Scott Linehan,Scott Linehan,Scott Linehan,default_coordinator,medium,,False,Default assumption: the titled OC calls offense plays. Not evidence-verified.
2016,DAL,defense,Jason Garrett,Rod Marinelli,Rod Marinelli,Rod Marinelli,default_coordinator,medium,,False,Default assumption: the titled DC calls defense plays. Not evidence-verified.
2016,DEN,offense,Gary Kubiak | Joe DeCamillis,Rick Dennison,Rick Dennison,Rick Dennison,default_coordinator,medium,,True,Default assumption: the titled OC calls offense plays. Not evidence-verified.
2016,DEN,defense,Gary Kubiak | Joe DeCamillis,Wade Phillips,Wade Phillips,Wade Phillips,default_coordinator,medium,,True,Default assumption: the titled DC calls defense plays. Not evidence-verified.
2016,DET,offense,Jim Caldwell,Jim Bob Cooter,Jim Bob Cooter,Jim Bob Cooter,default_coordinator,medium,,False,Default assumption: the titled OC calls offense plays. Not evidence-verified.
2016,DET,defense,Jim Caldwell,Teryl Austin,Teryl Austin,Teryl Austin,default_coordinator,medium,,False,Default assumption: the titled DC calls defense plays. Not evidence-verified.
2016,GB,offense,Mike McCarthy,Edgar Bennett,Edgar Bennett,Edgar Bennett,default_coordinator,medium,,False,Default assumption: the titled OC calls offense plays. Not evidence-verified.
2016,GB,defense,Mike McCarthy,Dom Capers,Dom Capers,Dom Capers,default_coordinator,medium,,False,Default assumption: the titled DC calls defense plays. Not evidence-verified.
2016,HOU,offense,Bill O'Brien,George Godsey,George Godsey,George Godsey,default_coordinator,medium,,False,Default assumption: the titled OC calls offense plays. Not evidence-verified.
2016,HOU,defense,Bill O'Brien,Romeo Crennel,Romeo Crennel,Romeo Crennel,default_coordinator,medium,,False,Default assumption: the titled DC calls defense plays. Not evidence-verified.
2016,IND,offense,Chuck Pagano,Rob Chudzinski,Rob Chudzinski,Rob Chudzinski,default_coordinator,medium,,False,Default assumption: the titled OC calls offense plays. Not evidence-verified.
2016,IND,defense,Chuck Pagano,Ted Monachino,Ted Monachino,Ted Monachino,default_coordinator,medium,,False,Default assumption: the titled DC calls defense plays. Not evidence-verified.
2016,JAX,offense,Gus Bradley | Doug Marrone,Greg Olson | Nathaniel Hackett,Greg Olson | Nathaniel Hackett,Greg Olson | Nathaniel Hackett,default_coordinator,medium,,True,Default assumption: the titled OC calls offense plays. Not evidence-verified.
2016,JAX,defense,Gus Bradley | Doug Marrone,Todd Wash,Todd Wash,Todd Wash,default_coordinator,medium,,True,Default assumption: the titled DC calls defense plays. Not evidence-verified.
2016,KC,offense,Andy Reid,Brad Childress | Matt Nagy,Brad Childress | Matt Nagy,Brad Childress | Matt Nagy,default_coordinator,medium,,True,Default assumption: the titled OC calls offense plays. Not evidence-verified.
2016,KC,defense,Andy Reid,Bob Sutton,Bob Sutton,Bob Sutton,default_coordinator,medium,,False,Default assumption: the titled DC calls defense plays. Not evidence-verified.
2016,LAC,offense,Mike McCoy,Ken Whisenhunt,Ken Whisenhunt,Ken Whisenhunt,default_coordinator,medium,,False,Default assumption: the titled OC calls offense plays. Not evidence-verified.
2016,LAC,defense,Mike McCoy,John Pagano,John Pagano,John Pagano,default_coordinator,medium,,False,Default assumption: the titled DC calls defense plays. Not evidence-verified.
2016,LAR,offense,Jeff Fisher | John Fassel,Rob Boras,Rob Boras,Rob Boras,default_coordinator,medium,,True,Default assumption: the titled OC calls offense plays. Not evidence-verified.
2016,LAR,defense,Jeff Fisher | John Fassel,Gregg Williams,Gregg Williams,Gregg Williams,default_coordinator,medium,,True,Default assumption: the titled DC calls defense plays. Not evidence-verified.
2016,MIA,offense,Adam Gase,Clyde Christensen,Clyde Christensen,Clyde Christensen,default_coordinator,medium,,False,Default assumption: the titled OC calls offense plays. Not evidence-verified.
2016,MIA,defense,Adam Gase,Vance Joseph,Vance Joseph,Vance Joseph,default_coordinator,medium,,False,Default assumption: the titled DC calls defense plays. Not evidence-verified.
2016,MIN,offense,Mike Zimmer | Mike Priefer,,Mike Zimmer | Mike Priefer,Mike Zimmer | Mike Priefer,default_no_coordinator_headcoach,low,,True,No titled OC found for this team-season; defaulting to the head coach as offense play-caller. Not evidence-verified.
2016,MIN,defense,Mike Zimmer | Mike Priefer,George Edwards,George Edwards,George Edwards,default_coordinator,medium,,True,Default assumption: the titled DC calls defense plays. Not evidence-verified.
2016,NE,offense,Bill Belichick,Josh McDaniels,Josh McDaniels,Josh McDaniels,default_coordinator,medium,,False,Default assumption: the titled OC calls offense plays. Not evidence-verified.
2016,NE,defense,Bill Belichick,Matt Patricia,Matt Patricia,Matt Patricia,default_coordinator,medium,,False,Default assumption: the titled DC calls defense plays. Not evidence-verified.
2016,NO,offense,Sean Payton,Pete Carmichael Jr.,Pete Carmichael Jr.,Sean Payton,model_knowledge_unverified,medium,,False,Believed: Sean Payton calls New Orleans' offensive plays in every season he is head coach on the sideline. 2012 (Bountygate suspension) is deliberately excluded here since Payton was not actively coaching that season. Widely reported; needs a source.
2016,NO,defense,Sean Payton,Dennis Allen,Dennis Allen,Dennis Allen,default_coordinator,medium,,False,Default assumption: the titled DC calls defense plays. Not evidence-verified.
2016,NYG,offense,Ben McAdoo,Mike Sullivan,Mike Sullivan,Mike Sullivan,default_coordinator,medium,,False,Default assumption: the titled OC calls offense plays. Not evidence-verified.
2016,NYG,defense,Ben McAdoo,Steve Spagnuolo,Steve Spagnuolo,Steve Spagnuolo,default_coordinator,medium,,False,Default assumption: the titled DC calls defense plays. Not evidence-verified.
2016,NYJ,offense,Todd Bowles,Chan Gailey,Chan Gailey,Chan Gailey,default_coordinator,medium,,False,Default assumption: the titled OC calls offense plays. Not evidence-verified.
2016,NYJ,defense,Todd Bowles,Kacy Rodgers,Kacy Rodgers,Todd Bowles,model_knowledge_unverified,medium,,False,Added in review. Believed: Todd Bowles called the Jets's defensive plays as head coach. Not sourced; needs a source.
2016,OAK,offense,Jack Del Rio,Bill Musgrave,Bill Musgrave,Bill Musgrave,default_coordinator,medium,,False,Default assumption: the titled OC calls offense plays. Not evidence-verified.
2016,OAK,defense,Jack Del Rio,Ken Norton Jr.,Ken Norton Jr.,Ken Norton Jr.,default_coordinator,medium,,False,Default assumption: the titled DC calls defense plays. Not evidence-verified.
2016,PHI,offense,Doug Pederson,Frank Reich,Frank Reich,Doug Pederson,model_knowledge_unverified,low,,False,"Believed: Doug Pederson called Philadelphia's offensive plays for at least part of his 2016-2018 tenure, with public reporting suggesting the arrangement changed across those seasons (and that he later handed the duty off, per general reporting after this window). This study is not confident about which exact seasons - marked low confidence. Needs a source."
2016,PHI,defense,Doug Pederson,Jim Schwartz,Jim Schwartz,Jim Schwartz,default_coordinator,medium,,False,Default assumption: the titled DC calls defense plays. Not evidence-verified.
2016,PIT,offense,Mike Tomlin,Todd Haley,Todd Haley,Todd Haley,default_coordinator,medium,,False,Default assumption: the titled OC calls offense plays. Not evidence-verified.
2016,PIT,defense,Mike Tomlin,Keith Butler,Keith Butler,Keith Butler,default_coordinator,medium,,False,Default assumption: the titled DC calls defense plays. Not evidence-verified.
2016,SEA,offense,Pete Carroll,Darrell Bevell,Darrell Bevell,Darrell Bevell,default_coordinator,medium,,False,Default assumption: the titled OC calls offense plays. Not evidence-verified.
2016,SEA,defense,Pete Carroll,Kris Richard,Kris Richard,Kris Richard,default_coordinator,medium,,False,Default assumption: the titled DC calls defense plays. Not evidence-verified.
2016,SF,offense,Chip Kelly,Curtis Modkins,Curtis Modkins,Curtis Modkins,default_coordinator,medium,,False,Default assumption: the titled OC calls offense plays. Not evidence-verified.
2016,SF,defense,Chip Kelly,Jim O'Neil,Jim O'Neil,Jim O'Neil,default_coordinator,medium,,False,Default assumption: the titled DC calls defense plays. Not evidence-verified.
2016,TB,offense,Dirk Koetter,Todd Monken,Todd Monken,Todd Monken,default_coordinator,medium,,False,Default assumption: the titled OC calls offense plays. Not evidence-verified.
2016,TB,defense,Dirk Koetter,Mike Smith,Mike Smith,Mike Smith,default_coordinator,medium,,False,Default assumption: the titled DC calls defense plays. Not evidence-verified.
2016,TEN,offense,Mike Mularkey,Terry Robiskie,Terry Robiskie,Terry Robiskie,default_coordinator,medium,,False,Default assumption: the titled OC calls offense plays. Not evidence-verified.
2016,TEN,defense,Mike Mularkey,Dick LeBeau,Dick LeBeau,Dick LeBeau,default_coordinator,medium,,False,Default assumption: the titled DC calls defense plays. Not evidence-verified.
2016,WSH,offense,Jay Gruden,Sean McVay,Sean McVay,Sean McVay,default_coordinator,medium,,False,Default assumption: the titled OC calls offense plays. Not evidence-verified.
2016,WSH,defense,Jay Gruden,Joe Barry,Joe Barry,Joe Barry,default_coordinator,medium,,False,Default assumption: the titled DC calls defense plays. Not evidence-verified.
2017,ARI,offense,Bruce Arians,Harold Goodwin,Harold Goodwin,Bruce Arians,model_knowledge_unverified,medium,,False,Added in review. Believed: Bruce Arians called Arizona's offensive plays as head coach. Not sourced; needs a source.
2017,ARI,defense,Bruce Arians,James Bettcher,James Bettcher,James Bettcher,default_coordinator,medium,,False,Default assumption: the titled DC calls defense plays. Not evidence-verified.
2017,ATL,offense,Dan Quinn,Steve Sarkisian,Steve Sarkisian,Steve Sarkisian,default_coordinator,medium,,False,Default assumption: the titled OC calls offense plays. Not evidence-verified.
2017,ATL,defense,Dan Quinn,Marquand Manuel,Marquand Manuel,Dan Quinn,model_knowledge_unverified,low,,False,"Believed: Dan Quinn, a defensive-background head coach, was closely involved in calling Atlanta's defense for at least part of his 2015-2020 tenure, but this study is not confident which seasons he held the play-caller role personally versus deferring to a titled DC - marked low confidence. Needs a source."
2017,BAL,offense,John Harbaugh,Marty Mornhinweg,Marty Mornhinweg,Marty Mornhinweg,default_coordinator,medium,,False,Default assumption: the titled OC calls offense plays. Not evidence-verified.
2017,BAL,defense,John Harbaugh,Dean Pees,Dean Pees,Dean Pees,default_coordinator,medium,,False,Default assumption: the titled DC calls defense plays. Not evidence-verified.
2017,BUF,offense,Sean McDermott,Rick Dennison,Rick Dennison,Rick Dennison,default_coordinator,medium,,False,Default assumption: the titled OC calls offense plays. Not evidence-verified.
2017,BUF,defense,Sean McDermott,Leslie Frazier,Leslie Frazier,Leslie Frazier,default_coordinator,medium,,False,Default assumption: the titled DC calls defense plays. Not evidence-verified.
2017,CAR,offense,Ron Rivera,Mike Shula,Mike Shula,Mike Shula,default_coordinator,medium,,False,Default assumption: the titled OC calls offense plays. Not evidence-verified.
2017,CAR,defense,Ron Rivera,Steve Wilks,Steve Wilks,Steve Wilks,default_coordinator,medium,,False,Default assumption: the titled DC calls defense plays. Not evidence-verified.
2017,CHI,offense,John Fox,Dowell Loggains,Dowell Loggains,Dowell Loggains,default_coordinator,medium,,False,Default assumption: the titled OC calls offense plays. Not evidence-verified.
2017,CHI,defense,John Fox,Vic Fangio,Vic Fangio,Vic Fangio,default_coordinator,medium,,False,Default assumption: the titled DC calls defense plays. Not evidence-verified.
2017,CIN,offense,Marvin Lewis,Ken Zampese | Bill Lazor,Ken Zampese | Bill Lazor,Ken Zampese | Bill Lazor,default_coordinator,medium,,True,Default assumption: the titled OC calls offense plays. Not evidence-verified.
2017,CIN,defense,Marvin Lewis,Paul Guenther,Paul Guenther,Paul Guenther,default_coordinator,medium,,False,Default assumption: the titled DC calls defense plays. Not evidence-verified.
2017,CLE,offense,Hue Jackson,,Hue Jackson,Hue Jackson,default_no_coordinator_headcoach,low,,False,No titled OC found for this team-season; defaulting to the head coach as offense play-caller. Not evidence-verified.
2017,CLE,defense,Hue Jackson,Gregg Williams,Gregg Williams,Gregg Williams,default_coordinator,medium,,False,Default assumption: the titled DC calls defense plays. Not evidence-verified.
2017,DAL,offense,Jason Garrett,Scott Linehan,Scott Linehan,Scott Linehan,default_coordinator,medium,,False,Default assumption: the titled OC calls offense plays. Not evidence-verified.
2017,DAL,defense,Jason Garrett,Rod Marinelli,Rod Marinelli,Rod Marinelli,default_coordinator,medium,,False,Default assumption: the titled DC calls defense plays. Not evidence-verified.
2017,DEN,offense,Vance Joseph,Mike McCoy,Mike McCoy,Mike McCoy,default_coordinator,medium,,False,Default assumption: the titled OC calls offense plays. Not evidence-verified.
2017,DEN,defense,Vance Joseph,Joe Woods,Joe Woods,Joe Woods,default_coordinator,medium,,False,Default assumption: the titled DC calls defense plays. Not evidence-verified.
2017,DET,offense,Jim Caldwell,Jim Bob Cooter,Jim Bob Cooter,Jim Bob Cooter,default_coordinator,medium,,False,Default assumption: the titled OC calls offense plays. Not evidence-verified.
2017,DET,defense,Jim Caldwell,Teryl Austin,Teryl Austin,Teryl Austin,default_coordinator,medium,,False,Default assumption: the titled DC calls defense plays. Not evidence-verified.
2017,GB,offense,Mike McCarthy,Edgar Bennett,Edgar Bennett,Edgar Bennett,default_coordinator,medium,,False,Default assumption: the titled OC calls offense plays. Not evidence-verified.
2017,GB,defense,Mike McCarthy,Dom Capers,Dom Capers,Dom Capers,default_coordinator,medium,,False,Default assumption: the titled DC calls defense plays. Not evidence-verified.
2017,HOU,offense,Bill O'Brien,,Bill O'Brien,Bill O'Brien,default_no_coordinator_headcoach,low,,False,No titled OC found for this team-season; defaulting to the head coach as offense play-caller. Not evidence-verified.
2017,HOU,defense,Bill O'Brien,Mike Vrabel,Mike Vrabel,Mike Vrabel,default_coordinator,medium,,False,Default assumption: the titled DC calls defense plays. Not evidence-verified.
2017,IND,offense,Chuck Pagano,Rob Chudzinski,Rob Chudzinski,Rob Chudzinski,default_coordinator,medium,,False,Default assumption: the titled OC calls offense plays. Not evidence-verified.
2017,IND,defense,Chuck Pagano,Ted Monachino,Ted Monachino,Ted Monachino,default_coordinator,medium,,False,Default assumption: the titled DC calls defense plays. Not evidence-verified.
2017,JAX,offense,Doug Marrone,Nathaniel Hackett,Nathaniel Hackett,Nathaniel Hackett,default_coordinator,medium,,False,Default assumption: the titled OC calls offense plays. Not evidence-verified.
2017,JAX,defense,Doug Marrone,Todd Wash,Todd Wash,Todd Wash,default_coordinator,medium,,False,Default assumption: the titled DC calls defense plays. Not evidence-verified.
2017,KC,offense,Andy Reid,Matt Nagy,Matt Nagy,Andy Reid | Matt Nagy,evidence_wikipedia,medium,4,False,"Wikipedia team-season page states: ""During this stretch, the Chiefs offense struggled, leading to head coach Andy Reid giving play calling duties during games to offensive coordinator Matt Nagy."" (evidence id 4)."
2017,KC,defense,Andy Reid,Bob Sutton,Bob Sutton,Bob Sutton,default_coordinator,medium,,False,Default assumption: the titled DC calls defense plays. Not evidence-verified.
2017,LAC,offense,Anthony Lynn,Ken Whisenhunt,Ken Whisenhunt,Ken Whisenhunt,default_coordinator,medium,,False,Default assumption: the titled OC calls offense plays. Not evidence-verified.
2017,LAC,defense,Anthony Lynn,Gus Bradley,Gus Bradley,Gus Bradley,default_coordinator,medium,,False,Default assumption: the titled DC calls defense plays. Not evidence-verified.
2017,LAR,offense,Sean McVay,Matt LaFleur,Matt LaFleur,Sean McVay,model_knowledge_unverified,medium,,False,Believed: Sean McVay calls the Rams' offensive plays as head coach for his entire tenure (2017-2025). Widely reported; not sourced to a specific citation here - needs a source.
2017,LAR,defense,Sean McVay,Wade Phillips,Wade Phillips,Wade Phillips,default_coordinator,medium,,False,Default assumption: the titled DC calls defense plays. Not evidence-verified.
2017,MIA,offense,Adam Gase,Clyde Christensen,Clyde Christensen,Clyde Christensen,default_coordinator,medium,,False,Default assumption: the titled OC calls offense plays. Not evidence-verified.
2017,MIA,defense,Adam Gase,Matt Burke,Matt Burke,Matt Burke,default_coordinator,medium,,False,Default assumption: the titled DC calls defense plays. Not evidence-verified.
2017,MIN,offense,Mike Zimmer,Pat Shurmur,Pat Shurmur,Pat Shurmur,default_coordinator,medium,,False,Default assumption: the titled OC calls offense plays. Not evidence-verified.
2017,MIN,defense,Mike Zimmer,George Edwards,George Edwards,Mike Zimmer,model_knowledge_unverified,medium,,False,Added in review. Believed: Mike Zimmer called Minnesota's defensive plays as head coach. Not sourced; needs a source.
2017,NE,offense,Bill Belichick,Josh McDaniels,Josh McDaniels,Josh McDaniels,default_coordinator,medium,,False,Default assumption: the titled OC calls offense plays. Not evidence-verified.
2017,NE,defense,Bill Belichick,Matt Patricia,Matt Patricia,Matt Patricia,default_coordinator,medium,,False,Default assumption: the titled DC calls defense plays. Not evidence-verified.
2017,NO,offense,Sean Payton,Pete Carmichael Jr.,Pete Carmichael Jr.,Sean Payton,model_knowledge_unverified,medium,,False,Believed: Sean Payton calls New Orleans' offensive plays in every season he is head coach on the sideline. 2012 (Bountygate suspension) is deliberately excluded here since Payton was not actively coaching that season. Widely reported; needs a source.
2017,NO,defense,Sean Payton,Dennis Allen,Dennis Allen,Dennis Allen,default_coordinator,medium,,False,Default assumption: the titled DC calls defense plays. Not evidence-verified.
2017,NYG,offense,Ben McAdoo | Steve Spagnuolo,Mike Sullivan,Mike Sullivan,Mike Sullivan,default_coordinator,medium,,True,Default assumption: the titled OC calls offense plays. Not evidence-verified.
2017,NYG,defense,Ben McAdoo | Steve Spagnuolo,,Ben McAdoo | Steve Spagnuolo,Ben McAdoo | Steve Spagnuolo,default_no_coordinator_headcoach,low,,True,No titled DC found for this team-season; defaulting to the head coach as defense play-caller. Not evidence-verified.
2017,NYJ,offense,Todd Bowles,John Morton,John Morton,John Morton,default_coordinator,medium,,False,Default assumption: the titled OC calls offense plays. Not evidence-verified.
2017,NYJ,defense,Todd Bowles,Kacy Rodgers,Kacy Rodgers,Todd Bowles,model_knowledge_unverified,medium,,False,Added in review. Believed: Todd Bowles called the Jets's defensive plays as head coach. Not sourced; needs a source.
2017,OAK,offense,Jack Del Rio,Todd Downing,Todd Downing,Todd Downing,default_coordinator,medium,,False,Default assumption: the titled OC calls offense plays. Not evidence-verified.
2017,OAK,defense,Jack Del Rio,Ken Norton Jr.,Ken Norton Jr.,Ken Norton Jr.,default_coordinator,medium,,False,Default assumption: the titled DC calls defense plays. Not evidence-verified.
2017,PHI,offense,Doug Pederson,Frank Reich,Frank Reich,Doug Pederson,model_knowledge_unverified,low,,False,"Believed: Doug Pederson called Philadelphia's offensive plays for at least part of his 2016-2018 tenure, with public reporting suggesting the arrangement changed across those seasons (and that he later handed the duty off, per general reporting after this window). This study is not confident about which exact seasons - marked low confidence. Needs a source."
2017,PHI,defense,Doug Pederson,Jim Schwartz,Jim Schwartz,Jim Schwartz,default_coordinator,medium,,False,Default assumption: the titled DC calls defense plays. Not evidence-verified.
2017,PIT,offense,Mike Tomlin,Todd Haley,Todd Haley,Todd Haley,default_coordinator,medium,,False,Default assumption: the titled OC calls offense plays. Not evidence-verified.
2017,PIT,defense,Mike Tomlin,Keith Butler,Keith Butler,Keith Butler,default_coordinator,medium,,False,Default assumption: the titled DC calls defense plays. Not evidence-verified.
2017,SEA,offense,Pete Carroll,Darrell Bevell,Darrell Bevell,Darrell Bevell,default_coordinator,medium,,False,Default assumption: the titled OC calls offense plays. Not evidence-verified.
2017,SEA,defense,Pete Carroll,Kris Richard,Kris Richard,Kris Richard,default_coordinator,medium,,False,Default assumption: the titled DC calls defense plays. Not evidence-verified.
2017,SF,offense,Kyle Shanahan,Kyle Shanahan,Kyle Shanahan,Kyle Shanahan,model_knowledge_unverified,medium,,False,"Believed: Kyle Shanahan calls San Francisco's offensive plays as head coach for his entire tenure (2017-2025), consistent with his offensive-coordinator background. Widely reported; needs a source."
2017,SF,defense,Kyle Shanahan,Robert Saleh,Robert Saleh,Robert Saleh,default_coordinator,medium,,False,Default assumption: the titled DC calls defense plays. Not evidence-verified.
2017,TB,offense,Dirk Koetter,Todd Monken,Todd Monken,Todd Monken,default_coordinator,medium,,False,Default assumption: the titled OC calls offense plays. Not evidence-verified.
2017,TB,defense,Dirk Koetter,Mike Smith,Mike Smith,Mike Smith,default_coordinator,medium,,False,Default assumption: the titled DC calls defense plays. Not evidence-verified.
2017,TEN,offense,Mike Mularkey,Terry Robiskie,Terry Robiskie,Terry Robiskie,default_coordinator,medium,,False,Default assumption: the titled OC calls offense plays. Not evidence-verified.
2017,TEN,defense,Mike Mularkey,Dick LeBeau,Dick LeBeau,Dick LeBeau,default_coordinator,medium,,False,Default assumption: the titled DC calls defense plays. Not evidence-verified.
2017,WSH,offense,Jay Gruden,Matt Cavanaugh,Matt Cavanaugh,Matt Cavanaugh,default_coordinator,medium,,False,Default assumption: the titled OC calls offense plays. Not evidence-verified.
2017,WSH,defense,Jay Gruden,Greg Manusky,Greg Manusky,Greg Manusky,default_coordinator,medium,,False,Default assumption: the titled DC calls defense plays. Not evidence-verified.
2018,ARI,offense,Steve Wilks,Mike McCoy,Mike McCoy,Mike McCoy,default_coordinator,medium,,False,Default assumption: the titled OC calls offense plays. Not evidence-verified.
2018,ARI,defense,Steve Wilks,Al Holcomb,Al Holcomb,Al Holcomb,default_coordinator,medium,,False,Default assumption: the titled DC calls defense plays. Not evidence-verified.
2018,ATL,offense,Dan Quinn,Steve Sarkisian,Steve Sarkisian,Steve Sarkisian,default_coordinator,medium,,False,Default assumption: the titled OC calls offense plays. Not evidence-verified.
2018,ATL,defense,Dan Quinn,Marquand Manuel,Marquand Manuel,Dan Quinn,model_knowledge_unverified,low,,False,"Believed: Dan Quinn, a defensive-background head coach, was closely involved in calling Atlanta's defense for at least part of his 2015-2020 tenure, but this study is not confident which seasons he held the play-caller role personally versus deferring to a titled DC - marked low confidence. Needs a source."
2018,BAL,offense,John Harbaugh,Marty Mornhinweg | Greg Roman,Marty Mornhinweg | Greg Roman,Marty Mornhinweg | Greg Roman,default_coordinator,medium,,True,Default assumption: the titled OC calls offense plays. Not evidence-verified.
2018,BAL,defense,John Harbaugh,Don Martindale,Don Martindale,Don Martindale,default_coordinator,medium,,False,Default assumption: the titled DC calls defense plays. Not evidence-verified.
2018,BUF,offense,Sean McDermott,Brian Daboll,Brian Daboll,Brian Daboll,default_coordinator,medium,,False,Default assumption: the titled OC calls offense plays. Not evidence-verified.
2018,BUF,defense,Sean McDermott,Leslie Frazier,Leslie Frazier,Leslie Frazier,default_coordinator,medium,,False,Default assumption: the titled DC calls defense plays. Not evidence-verified.
2018,CAR,offense,Ron Rivera,Norv Turner,Norv Turner,Norv Turner,default_coordinator,medium,,False,Default assumption: the titled OC calls offense plays. Not evidence-verified.
2018,CAR,defense,Ron Rivera,Eric Washington,Eric Washington,Ron Rivera | Eric Washington,evidence_wikipedia,medium,5,False,"Wikipedia team-season page states: ""Ron Rivera would also take over defensive play calling duties, although Washington would retain the title of defensive coordinator. ====Week 14: at Cleveland Browns==== With the loss, Carolina fell to 6-7. ====Week 15: vs."" (evidence id 5)."
2018,CHI,offense,Matt Nagy,Mark Helfrich,Mark Helfrich,Matt Nagy,model_knowledge_unverified,medium,,False,"Added in review. Believed: Matt Nagy called Chicago's offensive plays as head coach (he handed off for parts of 2020 and 2021, which are left at the default). Not sourced; needs a source."
2018,CHI,defense,Matt Nagy,Vic Fangio,Vic Fangio,Vic Fangio,default_coordinator,medium,,False,Default assumption: the titled DC calls defense plays. Not evidence-verified.
2018,CIN,offense,Marvin Lewis,Bill Lazor,Bill Lazor,Bill Lazor,default_coordinator,medium,,False,Default assumption: the titled OC calls offense plays. Not evidence-verified.
2018,CIN,defense,Marvin Lewis,,Marvin Lewis,Marvin Lewis,default_no_coordinator_headcoach,low,,False,No titled DC found for this team-season; defaulting to the head coach as defense play-caller. Not evidence-verified.
2018,CLE,offense,Hue Jackson | Gregg Williams,Freddie Kitchens | Todd Haley,Freddie Kitchens | Todd Haley,Freddie Kitchens | Todd Haley,default_coordinator,medium,,True,Default assumption: the titled OC calls offense plays. Not evidence-verified.
2018,CLE,defense,Hue Jackson | Gregg Williams,Blake Williams,Blake Williams,Gregg Williams | Blake Williams,evidence_wikipedia,medium,6,True,"Wikipedia team-season page states: ""Assistant defensive coordinator Blake Williams, son of interim head coach Gregg Williams, got his first play-calling duties in this game."" (evidence id 6)."
2018,DAL,offense,Jason Garrett,Scott Linehan,Scott Linehan,Scott Linehan,default_coordinator,medium,,False,Default assumption: the titled OC calls offense plays. Not evidence-verified.
2018,DAL,defense,Jason Garrett,Rod Marinelli,Rod Marinelli,Rod Marinelli,default_coordinator,medium,,False,Default assumption: the titled DC calls defense plays. Not evidence-verified.
2018,DEN,offense,Vance Joseph,Bill Musgrave,Bill Musgrave,Bill Musgrave,default_coordinator,medium,,False,Default assumption: the titled OC calls offense plays. Not evidence-verified.
2018,DEN,defense,Vance Joseph,Joe Woods,Joe Woods,Joe Woods,default_coordinator,medium,,False,Default assumption: the titled DC calls defense plays. Not evidence-verified.
2018,DET,offense,Matt Patricia,Jim Bob Cooter,Jim Bob Cooter,Jim Bob Cooter,default_coordinator,medium,,False,Default assumption: the titled OC calls offense plays. Not evidence-verified.
2018,DET,defense,Matt Patricia,Paul Pasqualoni,Paul Pasqualoni,Paul Pasqualoni,default_coordinator,medium,,False,Default assumption: the titled DC calls defense plays. Not evidence-verified.
2018,GB,offense,Mike McCarthy | Joe Philbin,,Mike McCarthy | Joe Philbin,Mike McCarthy | Joe Philbin,default_no_coordinator_headcoach,low,,True,No titled OC found for this team-season; defaulting to the head coach as offense play-caller. Not evidence-verified.
2018,GB,defense,Mike McCarthy | Joe Philbin,Mike Pettine,Mike Pettine,Mike Pettine,default_coordinator,medium,,True,Default assumption: the titled DC calls defense plays. Not evidence-verified.
2018,HOU,offense,Bill O'Brien,,Bill O'Brien,Bill O'Brien,default_no_coordinator_headcoach,low,,False,No titled OC found for this team-season; defaulting to the head coach as offense play-caller. Not evidence-verified.
2018,HOU,defense,Bill O'Brien,Romeo Crennel,Romeo Crennel,Romeo Crennel,default_coordinator,medium,,False,Default assumption: the titled DC calls defense plays. Not evidence-verified.
2018,IND,offense,Frank Reich,Nick Sirianni,Nick Sirianni,Frank Reich,model_knowledge_unverified,medium,,False,Added in review. Believed: Frank Reich called Indianapolis's offensive plays as head coach until his dismissal during 2022. Not sourced; needs a source.
2018,IND,defense,Frank Reich,Matt Eberflus,Matt Eberflus,Matt Eberflus,default_coordinator,medium,,False,Default assumption: the titled DC calls defense plays. Not evidence-verified.
2018,JAX,offense,Doug Marrone,Nathaniel Hackett | Scott Milanovich,Nathaniel Hackett | Scott Milanovich,Nathaniel Hackett | Scott Milanovich,default_coordinator,medium,,True,Default assumption: the titled OC calls offense plays. Not evidence-verified.
2018,JAX,defense,Doug Marrone,Todd Wash,Todd Wash,Todd Wash,default_coordinator,medium,,False,Default assumption: the titled DC calls defense plays. Not evidence-verified.
2018,KC,offense,Andy Reid,Eric Bieniemy,Eric Bieniemy,Andy Reid,model_knowledge_unverified,medium,,False,"Believed: Andy Reid calls Kansas City's offensive plays as head coach for his entire KC tenure (2013-2025), as he did earlier at Philadelphia. Widely reported in NFL media but not sourced to a specific Wikipedia citation here - needs a source."
2018,KC,defense,Andy Reid,Bob Sutton,Bob Sutton,Bob Sutton,default_coordinator,medium,,False,Default assumption: the titled DC calls defense plays. Not evidence-verified.
2018,LAC,offense,Anthony Lynn,Ken Whisenhunt,Ken Whisenhunt,Ken Whisenhunt,default_coordinator,medium,,False,Default assumption: the titled OC calls offense plays. Not evidence-verified.
2018,LAC,defense,Anthony Lynn,Gus Bradley,Gus Bradley,Gus Bradley,default_coordinator,medium,,False,Default assumption: the titled DC calls defense plays. Not evidence-verified.
2018,LAR,offense,Sean McVay,Sean McVay,Sean McVay,Sean McVay,model_knowledge_unverified,medium,,False,Believed: Sean McVay calls the Rams' offensive plays as head coach for his entire tenure (2017-2025). Widely reported; not sourced to a specific citation here - needs a source.
2018,LAR,defense,Sean McVay,Wade Phillips,Wade Phillips,Wade Phillips,default_coordinator,medium,,False,Default assumption: the titled DC calls defense plays. Not evidence-verified.
2018,MIA,offense,Adam Gase,Dowell Loggains,Dowell Loggains,Dowell Loggains,default_coordinator,medium,,False,Default assumption: the titled OC calls offense plays. Not evidence-verified.
2018,MIA,defense,Adam Gase,Matt Burke,Matt Burke,Matt Burke,default_coordinator,medium,,False,Default assumption: the titled DC calls defense plays. Not evidence-verified.
2018,MIN,offense,Mike Zimmer,Kevin Stefanski,Kevin Stefanski,Kevin Stefanski,default_coordinator,medium,,False,Default assumption: the titled OC calls offense plays. Not evidence-verified.
2018,MIN,defense,Mike Zimmer,George Edwards,George Edwards,Mike Zimmer,model_knowledge_unverified,medium,,False,Added in review. Believed: Mike Zimmer called Minnesota's defensive plays as head coach. Not sourced; needs a source.
2018,NE,offense,Bill Belichick,Josh McDaniels,Josh McDaniels,Josh McDaniels,default_coordinator,medium,,False,Default assumption: the titled OC calls offense plays. Not evidence-verified.
2018,NE,defense,Bill Belichick,,Bill Belichick,Bill Belichick,default_no_coordinator_headcoach,low,,False,No titled DC found for this team-season; defaulting to the head coach as defense play-caller. Not evidence-verified.
2018,NO,offense,Sean Payton,Pete Carmichael Jr.,Pete Carmichael Jr.,Sean Payton,model_knowledge_unverified,medium,,False,Believed: Sean Payton calls New Orleans' offensive plays in every season he is head coach on the sideline. 2012 (Bountygate suspension) is deliberately excluded here since Payton was not actively coaching that season. Widely reported; needs a source.
2018,NO,defense,Sean Payton,Dennis Allen,Dennis Allen,Dennis Allen,default_coordinator,medium,,False,Default assumption: the titled DC calls defense plays. Not evidence-verified.
2018,NYG,offense,Pat Shurmur,Mike Shula,Mike Shula,Mike Shula,default_coordinator,medium,,False,Default assumption: the titled OC calls offense plays. Not evidence-verified.
2018,NYG,defense,Pat Shurmur,James Bettcher,James Bettcher,James Bettcher,default_coordinator,medium,,False,Default assumption: the titled DC calls defense plays. Not evidence-verified.
2018,NYJ,offense,Todd Bowles,Jeremy Bates,Jeremy Bates,Jeremy Bates,default_coordinator,medium,,False,Default assumption: the titled OC calls offense plays. Not evidence-verified.
2018,NYJ,defense,Todd Bowles,Kacy Rodgers,Kacy Rodgers,Todd Bowles,model_knowledge_unverified,medium,,False,Added in review. Believed: Todd Bowles called the Jets's defensive plays as head coach. Not sourced; needs a source.
2018,OAK,offense,Jon Gruden,Greg Olson,Greg Olson,Jon Gruden,model_knowledge_unverified,medium,,False,Added in review. Believed: Jon Gruden called the Raiders's offensive plays as head coach until his resignation during 2021. Not sourced; needs a source.
2018,OAK,defense,Jon Gruden,Paul Guenther,Paul Guenther,Paul Guenther,default_coordinator,medium,,False,Default assumption: the titled DC calls defense plays. Not evidence-verified.
2018,PHI,offense,Doug Pederson,Mike Groh,Mike Groh,Doug Pederson,model_knowledge_unverified,low,,False,"Believed: Doug Pederson called Philadelphia's offensive plays for at least part of his 2016-2018 tenure, with public reporting suggesting the arrangement changed across those seasons (and that he later handed the duty off, per general reporting after this window). This study is not confident about which exact seasons - marked low confidence. Needs a source."
2018,PHI,defense,Doug Pederson,Jim Schwartz,Jim Schwartz,Jim Schwartz,default_coordinator,medium,,False,Default assumption: the titled DC calls defense plays. Not evidence-verified.
2018,PIT,offense,Mike Tomlin,Randy Fichtner,Randy Fichtner,Randy Fichtner,default_coordinator,medium,,False,Default assumption: the titled OC calls offense plays. Not evidence-verified.
2018,PIT,defense,Mike Tomlin,Keith Butler,Keith Butler,Keith Butler,default_coordinator,medium,,False,Default assumption: the titled DC calls defense plays. Not evidence-verified.
2018,SEA,offense,Pete Carroll,Brian Schottenheimer,Brian Schottenheimer,Brian Schottenheimer,default_coordinator,medium,,False,Default assumption: the titled OC calls offense plays. Not evidence-verified.
2018,SEA,defense,Pete Carroll,Ken Norton Jr.,Ken Norton Jr.,Ken Norton Jr.,default_coordinator,medium,,False,Default assumption: the titled DC calls defense plays. Not evidence-verified.
2018,SF,offense,Kyle Shanahan,Kyle Shanahan,Kyle Shanahan,Kyle Shanahan,model_knowledge_unverified,medium,,False,"Believed: Kyle Shanahan calls San Francisco's offensive plays as head coach for his entire tenure (2017-2025), consistent with his offensive-coordinator background. Widely reported; needs a source."
2018,SF,defense,Kyle Shanahan,Robert Saleh,Robert Saleh,Robert Saleh,default_coordinator,medium,,False,Default assumption: the titled DC calls defense plays. Not evidence-verified.
2018,TB,offense,Dirk Koetter,Todd Monken,Todd Monken,Todd Monken,default_coordinator,medium,,False,Default assumption: the titled OC calls offense plays. Not evidence-verified.
2018,TB,defense,Dirk Koetter,Mark Duffner,Mark Duffner,Mark Duffner,default_coordinator,medium,,False,Default assumption: the titled DC calls defense plays. Not evidence-verified.
2018,TEN,offense,Mike Vrabel,Matt LaFleur,Matt LaFleur,Matt LaFleur,default_coordinator,medium,,False,Default assumption: the titled OC calls offense plays. Not evidence-verified.
2018,TEN,defense,Mike Vrabel,Dean Pees,Dean Pees,Dean Pees,default_coordinator,medium,,False,Default assumption: the titled DC calls defense plays. Not evidence-verified.
2018,WSH,offense,Jay Gruden,Matt Cavanaugh,Matt Cavanaugh,Matt Cavanaugh,default_coordinator,medium,,False,Default assumption: the titled OC calls offense plays. Not evidence-verified.
2018,WSH,defense,Jay Gruden,Greg Manusky,Greg Manusky,Greg Manusky,default_coordinator,medium,,False,Default assumption: the titled DC calls defense plays. Not evidence-verified.
2019,ARI,offense,Kliff Kingsbury,,Kliff Kingsbury,Kliff Kingsbury,model_knowledge_unverified,medium,,False,Added in review. Believed: Kliff Kingsbury called Arizona's offensive plays as head coach. Not sourced; needs a source.
2019,ARI,defense,Kliff Kingsbury,Vance Joseph,Vance Joseph,Vance Joseph,default_coordinator,medium,,False,Default assumption: the titled DC calls defense plays. Not evidence-verified.
2019,ATL,offense,Dan Quinn,Dirk Koetter,Dirk Koetter,Dirk Koetter,default_coordinator,medium,,False,Default assumption: the titled OC calls offense plays. Not evidence-verified.
2019,ATL,defense,Dan Quinn,,Dan Quinn,Dan Quinn,model_knowledge_unverified,low,,False,"Believed: Dan Quinn, a defensive-background head coach, was closely involved in calling Atlanta's defense for at least part of his 2015-2020 tenure, but this study is not confident which seasons he held the play-caller role personally versus deferring to a titled DC - marked low confidence. Needs a source."
2019,BAL,offense,John Harbaugh,Greg Roman,Greg Roman,Greg Roman,default_coordinator,medium,,False,Default assumption: the titled OC calls offense plays. Not evidence-verified.
2019,BAL,defense,John Harbaugh,Don Martindale,Don Martindale,Don Martindale,default_coordinator,medium,,False,Default assumption: the titled DC calls defense plays. Not evidence-verified.
2019,BUF,offense,Sean McDermott,Brian Daboll,Brian Daboll,Brian Daboll,default_coordinator,medium,,False,Default assumption: the titled OC calls offense plays. Not evidence-verified.
2019,BUF,defense,Sean McDermott,Leslie Frazier,Leslie Frazier,Leslie Frazier,default_coordinator,medium,,False,Default assumption: the titled DC calls defense plays. Not evidence-verified.
2019,CAR,offense,Ron Rivera | Perry Fewell,Norv Turner,Norv Turner,Norv Turner,default_coordinator,medium,,True,Default assumption: the titled OC calls offense plays. Not evidence-verified.
2019,CAR,defense,Ron Rivera | Perry Fewell,Eric Washington,Eric Washington,Eric Washington,default_coordinator,medium,,True,Default assumption: the titled DC calls defense plays. Not evidence-verified.
2019,CHI,offense,Matt Nagy,Mark Helfrich,Mark Helfrich,Matt Nagy,model_knowledge_unverified,medium,,False,"Added in review. Believed: Matt Nagy called Chicago's offensive plays as head coach (he handed off for parts of 2020 and 2021, which are left at the default). Not sourced; needs a source."
2019,CHI,defense,Matt Nagy,Chuck Pagano,Chuck Pagano,Chuck Pagano,default_coordinator,medium,,False,Default assumption: the titled DC calls defense plays. Not evidence-verified.
2019,CIN,offense,Zac Taylor,Brian Callahan,Brian Callahan,Zac Taylor,model_knowledge_unverified,medium,,False,Added in review. Believed: Zac Taylor called Cincinnati's offensive plays as head coach. Not sourced; needs a source.
2019,CIN,defense,Zac Taylor,Lou Anarumo,Lou Anarumo,Lou Anarumo,default_coordinator,medium,,False,Default assumption: the titled DC calls defense plays. Not evidence-verified.
2019,CLE,offense,Freddie Kitchens,Todd Monken,Todd Monken,Todd Monken,default_coordinator,medium,,False,Default assumption: the titled OC calls offense plays. Not evidence-verified.
2019,CLE,defense,Freddie Kitchens,Steve Wilks,Steve Wilks,Steve Wilks,default_coordinator,medium,,False,Default assumption: the titled DC calls defense plays. Not evidence-verified.
2019,DAL,offense,Jason Garrett,Kellen Moore,Kellen Moore,Kellen Moore,default_coordinator,medium,,False,Default assumption: the titled OC calls offense plays. Not evidence-verified.
2019,DAL,defense,Jason Garrett,Rod Marinelli,Rod Marinelli,Rod Marinelli,default_coordinator,medium,,False,Default assumption: the titled DC calls defense plays. Not evidence-verified.
2019,DEN,offense,Vic Fangio,Rich Scangarello,Rich Scangarello,Rich Scangarello,default_coordinator,medium,,False,Default assumption: the titled OC calls offense plays. Not evidence-verified.
2019,DEN,defense,Vic Fangio,Ed Donatell,Ed Donatell,Vic Fangio,model_knowledge_unverified,medium,,False,Added in review. Believed: Vic Fangio called Denver's defensive plays as head coach. Not sourced; needs a source.
2019,DET,offense,Matt Patricia,Darrell Bevell,Darrell Bevell,Darrell Bevell,default_coordinator,medium,,False,Default assumption: the titled OC calls offense plays. Not evidence-verified.
2019,DET,defense,Matt Patricia,Paul Pasqualoni,Paul Pasqualoni,Paul Pasqualoni,default_coordinator,medium,,False,Default assumption: the titled DC calls defense plays. Not evidence-verified.
2019,GB,offense,Matt LaFleur,Nathaniel Hackett,Nathaniel Hackett,Matt LaFleur,model_knowledge_unverified,medium,,False,Added in review. Believed: Matt LaFleur called Green Bay's offensive plays as head coach. Not sourced; needs a source.
2019,GB,defense,Matt LaFleur,Mike Pettine,Mike Pettine,Mike Pettine,default_coordinator,medium,,False,Default assumption: the titled DC calls defense plays. Not evidence-verified.
2019,HOU,offense,Bill O'Brien,Tim Kelly,Tim Kelly,Tim Kelly,default_coordinator,medium,,False,Default assumption: the titled OC calls offense plays. Not evidence-verified.
2019,HOU,defense,Bill O'Brien,Romeo Crennel,Romeo Crennel,Romeo Crennel,default_coordinator,medium,,False,Default assumption: the titled DC calls defense plays. Not evidence-verified.
2019,IND,offense,Frank Reich,Nick Sirianni,Nick Sirianni,Frank Reich,model_knowledge_unverified,medium,,False,Added in review. Believed: Frank Reich called Indianapolis's offensive plays as head coach until his dismissal during 2022. Not sourced; needs a source.
2019,IND,defense,Frank Reich,Matt Eberflus,Matt Eberflus,Matt Eberflus,default_coordinator,medium,,False,Default assumption: the titled DC calls defense plays. Not evidence-verified.
2019,JAX,offense,Doug Marrone,John DeFilippo,John DeFilippo,John DeFilippo,default_coordinator,medium,,False,Default assumption: the titled OC calls offense plays. Not evidence-verified.
2019,JAX,defense,Doug Marrone,Todd Wash,Todd Wash,Todd Wash,default_coordinator,medium,,False,Default assumption: the titled DC calls defense plays. Not evidence-verified.
2019,KC,offense,Andy Reid,Eric Bieniemy,Eric Bieniemy,Andy Reid,model_knowledge_unverified,medium,,False,"Believed: Andy Reid calls Kansas City's offensive plays as head coach for his entire KC tenure (2013-2025), as he did earlier at Philadelphia. Widely reported in NFL media but not sourced to a specific Wikipedia citation here - needs a source."
2019,KC,defense,Andy Reid,Steve Spagnuolo,Steve Spagnuolo,Steve Spagnuolo,default_coordinator,medium,,False,Default assumption: the titled DC calls defense plays. Not evidence-verified.
2019,LAC,offense,Anthony Lynn,Shane Steichen,Shane Steichen,Shane Steichen,default_coordinator,medium,,False,Default assumption: the titled OC calls offense plays. Not evidence-verified.
2019,LAC,defense,Anthony Lynn,Gus Bradley,Gus Bradley,Gus Bradley,default_coordinator,medium,,False,Default assumption: the titled DC calls defense plays. Not evidence-verified.
2019,LAR,offense,Sean McVay,Sean McVay,Sean McVay,Sean McVay,model_knowledge_unverified,medium,,False,Believed: Sean McVay calls the Rams' offensive plays as head coach for his entire tenure (2017-2025). Widely reported; not sourced to a specific citation here - needs a source.
2019,LAR,defense,Sean McVay,Wade Phillips,Wade Phillips,Wade Phillips,default_coordinator,medium,,False,Default assumption: the titled DC calls defense plays. Not evidence-verified.
2019,MIA,offense,Brian Flores,Chad O'Shea,Chad O'Shea,Chad O'Shea,default_coordinator,medium,,False,Default assumption: the titled OC calls offense plays. Not evidence-verified.
2019,MIA,defense,Brian Flores,Patrick Graham,Patrick Graham,Brian Flores,model_knowledge_unverified,medium,,False,"Believed: Brian Flores, a defensive-background head coach, was closely involved in calling Miami's defense in his 2019-2021 tenure. Widely reported; needs a source."
2019,MIN,offense,Mike Zimmer,Kevin Stefanski,Kevin Stefanski,Kevin Stefanski,default_coordinator,medium,,False,Default assumption: the titled OC calls offense plays. Not evidence-verified.
2019,MIN,defense,Mike Zimmer,George Edwards,George Edwards,Mike Zimmer,model_knowledge_unverified,medium,,False,Added in review. Believed: Mike Zimmer called Minnesota's defensive plays as head coach. Not sourced; needs a source.
2019,NE,offense,Bill Belichick,Josh McDaniels,Josh McDaniels,Josh McDaniels,default_coordinator,medium,,False,Default assumption: the titled OC calls offense plays. Not evidence-verified.
2019,NE,defense,Bill Belichick,Greg Schiano,Greg Schiano,Greg Schiano,default_coordinator,medium,,False,Default assumption: the titled DC calls defense plays. Not evidence-verified.
2019,NO,offense,Sean Payton,Pete Carmichael Jr.,Pete Carmichael Jr.,Sean Payton,model_knowledge_unverified,medium,,False,Believed: Sean Payton calls New Orleans' offensive plays in every season he is head coach on the sideline. 2012 (Bountygate suspension) is deliberately excluded here since Payton was not actively coaching that season. Widely reported; needs a source.
2019,NO,defense,Sean Payton,Dennis Allen,Dennis Allen,Dennis Allen,default_coordinator,medium,,False,Default assumption: the titled DC calls defense plays. Not evidence-verified.
2019,NYG,offense,Pat Shurmur,Mike Shula,Mike Shula,Mike Shula,default_coordinator,medium,,False,Default assumption: the titled OC calls offense plays. Not evidence-verified.
2019,NYG,defense,Pat Shurmur,James Bettcher,James Bettcher,James Bettcher,default_coordinator,medium,,False,Default assumption: the titled DC calls defense plays. Not evidence-verified.
2019,NYJ,offense,Adam Gase,Dowell Loggains,Dowell Loggains,Adam Gase,model_knowledge_unverified,medium,,False,Added in review. Believed: Adam Gase called the Jets's offensive plays as head coach. Not sourced; needs a source.
2019,NYJ,defense,Adam Gase,Gregg Williams,Gregg Williams,Gregg Williams,default_coordinator,medium,,False,Default assumption: the titled DC calls defense plays. Not evidence-verified.
2019,OAK,offense,Jon Gruden,Greg Olson,Greg Olson,Jon Gruden,model_knowledge_unverified,medium,,False,Added in review. Believed: Jon Gruden called the Raiders's offensive plays as head coach until his resignation during 2021. Not sourced; needs a source.
2019,OAK,defense,Jon Gruden,Paul Guenther,Paul Guenther,Paul Guenther,default_coordinator,medium,,False,Default assumption: the titled DC calls defense plays. Not evidence-verified.
2019,PHI,offense,Doug Pederson,Mike Groh,Mike Groh,Mike Groh,default_coordinator,medium,,False,Default assumption: the titled OC calls offense plays. Not evidence-verified.
2019,PHI,defense,Doug Pederson,Jim Schwartz,Jim Schwartz,Jim Schwartz,default_coordinator,medium,,False,Default assumption: the titled DC calls defense plays. Not evidence-verified.
2019,PIT,offense,Mike Tomlin,Randy Fichtner,Randy Fichtner,Randy Fichtner,default_coordinator,medium,,False,Default assumption: the titled OC calls offense plays. Not evidence-verified.
2019,PIT,defense,Mike Tomlin,Keith Butler,Keith Butler,Keith Butler,default_coordinator,medium,,False,Default assumption: the titled DC calls defense plays. Not evidence-verified.
2019,SEA,offense,Pete Carroll,Brian Schottenheimer,Brian Schottenheimer,Brian Schottenheimer,default_coordinator,medium,,False,Default assumption: the titled OC calls offense plays. Not evidence-verified.
2019,SEA,defense,Pete Carroll,Ken Norton Jr.,Ken Norton Jr.,Ken Norton Jr.,default_coordinator,medium,,False,Default assumption: the titled DC calls defense plays. Not evidence-verified.
2019,SF,offense,Kyle Shanahan,Kyle Shanahan,Kyle Shanahan,Kyle Shanahan,model_knowledge_unverified,medium,,False,"Believed: Kyle Shanahan calls San Francisco's offensive plays as head coach for his entire tenure (2017-2025), consistent with his offensive-coordinator background. Widely reported; needs a source."
2019,SF,defense,Kyle Shanahan,Robert Saleh,Robert Saleh,Robert Saleh,default_coordinator,medium,,False,Default assumption: the titled DC calls defense plays. Not evidence-verified.
2019,TB,offense,Bruce Arians,Byron Leftwich,Byron Leftwich,Byron Leftwich,default_coordinator,medium,,False,Default assumption: the titled OC calls offense plays. Not evidence-verified.
2019,TB,defense,Bruce Arians,Todd Bowles,Todd Bowles,Todd Bowles,default_coordinator,medium,,False,Default assumption: the titled DC calls defense plays. Not evidence-verified.
2019,TEN,offense,Mike Vrabel,Arthur Smith,Arthur Smith,Arthur Smith,default_coordinator,medium,,False,Default assumption: the titled OC calls offense plays. Not evidence-verified.
2019,TEN,defense,Mike Vrabel,Dean Pees,Dean Pees,Dean Pees,default_coordinator,medium,,False,Default assumption: the titled DC calls defense plays. Not evidence-verified.
2019,WSH,offense,Jay Gruden | Bill Callahan,Kevin O'Connell,Kevin O'Connell,Kevin O'Connell,default_coordinator,medium,,True,Default assumption: the titled OC calls offense plays. Not evidence-verified.
2019,WSH,defense,Jay Gruden | Bill Callahan,Greg Manusky,Greg Manusky,Greg Manusky,default_coordinator,medium,,True,Default assumption: the titled DC calls defense plays. Not evidence-verified.
2020,ARI,offense,Kliff Kingsbury,,Kliff Kingsbury,Kliff Kingsbury,model_knowledge_unverified,medium,,False,Added in review. Believed: Kliff Kingsbury called Arizona's offensive plays as head coach. Not sourced; needs a source.
2020,ARI,defense,Kliff Kingsbury,Vance Joseph,Vance Joseph,Vance Joseph,default_coordinator,medium,,False,Default assumption: the titled DC calls defense plays. Not evidence-verified.
2020,ATL,offense,Dan Quinn | Raheem Morris,Dirk Koetter,Dirk Koetter,Dirk Koetter,default_coordinator,medium,,True,Default assumption: the titled OC calls offense plays. Not evidence-verified.
2020,ATL,defense,Dan Quinn | Raheem Morris,Jeff Ulbrich,Jeff Ulbrich,Jeff Ulbrich,default_coordinator,medium,,True,Default assumption: the titled DC calls defense plays. Not evidence-verified.
2020,BAL,offense,John Harbaugh,Greg Roman,Greg Roman,Greg Roman,default_coordinator,medium,,False,Default assumption: the titled OC calls offense plays. Not evidence-verified.
2020,BAL,defense,John Harbaugh,Don Martindale,Don Martindale,Don Martindale,default_coordinator,medium,,False,Default assumption: the titled DC calls defense plays. Not evidence-verified.
2020,BUF,offense,Sean McDermott,Brian Daboll,Brian Daboll,Brian Daboll,default_coordinator,medium,,False,Default assumption: the titled OC calls offense plays. Not evidence-verified.
2020,BUF,defense,Sean McDermott,Leslie Frazier,Leslie Frazier,Leslie Frazier,default_coordinator,medium,,False,Default assumption: the titled DC calls defense plays. Not evidence-verified.
2020,CAR,offense,Matt Rhule,Joe Brady,Joe Brady,Joe Brady,default_coordinator,medium,,False,Default assumption: the titled OC calls offense plays. Not evidence-verified.
2020,CAR,defense,Matt Rhule,Phil Snow,Phil Snow,Phil Snow,default_coordinator,medium,,False,Default assumption: the titled DC calls defense plays. Not evidence-verified.
2020,CHI,offense,Matt Nagy,Bill Lazor,Bill Lazor,Matt Nagy | Bill Lazor,evidence_wikipedia,medium,11,False,"Wikipedia team-season page states: ""With Chicago's offense struggling through the first nine games, being ranked 31st in yards per play and 29th in points per game, Nagy relinquished play calling duties to Bill Lazor beginning with Week 10."" (evidence id 11)."
2020,CHI,defense,Matt Nagy,Chuck Pagano,Chuck Pagano,Chuck Pagano,default_coordinator,medium,,False,Default assumption: the titled DC calls defense plays. Not evidence-verified.
2020,CIN,offense,Zac Taylor,Brian Callahan,Brian Callahan,Zac Taylor,model_knowledge_unverified,medium,,False,Added in review. Believed: Zac Taylor called Cincinnati's offensive plays as head coach. Not sourced; needs a source.
2020,CIN,defense,Zac Taylor,Lou Anarumo,Lou Anarumo,Lou Anarumo,default_coordinator,medium,,False,Default assumption: the titled DC calls defense plays. Not evidence-verified.
2020,CLE,offense,Kevin Stefanski | Mike Priefer,Alex Van Pelt,Alex Van Pelt,Alex Van Pelt,default_coordinator,medium,,True,Default assumption: the titled OC calls offense plays. Not evidence-verified.
2020,CLE,defense,Kevin Stefanski | Mike Priefer,Joe Woods,Joe Woods,Joe Woods,default_coordinator,medium,,True,Default assumption: the titled DC calls defense plays. Not evidence-verified.
2020,DAL,offense,Mike McCarthy,Kellen Moore,Kellen Moore,Kellen Moore,default_coordinator,medium,,False,Default assumption: the titled OC calls offense plays. Not evidence-verified.
2020,DAL,defense,Mike McCarthy,Mike Nolan,Mike Nolan,Mike Nolan,default_coordinator,medium,,False,Default assumption: the titled DC calls defense plays. Not evidence-verified.
2020,DEN,offense,Vic Fangio,Pat Shurmur,Pat Shurmur,Pat Shurmur,default_coordinator,medium,,False,Default assumption: the titled OC calls offense plays. Not evidence-verified.
2020,DEN,defense,Vic Fangio,Ed Donatell,Ed Donatell,Vic Fangio,model_knowledge_unverified,medium,,False,Added in review. Believed: Vic Fangio called Denver's defensive plays as head coach. Not sourced; needs a source.
2020,DET,offense,Matt Patricia | Darrell Bevell | Robert Prince,,Matt Patricia | Darrell Bevell | Robert Prince,Matt Patricia | Darrell Bevell | Robert Prince,default_no_coordinator_headcoach,low,,True,No titled OC found for this team-season; defaulting to the head coach as offense play-caller. Not evidence-verified.
2020,DET,defense,Matt Patricia | Darrell Bevell | Robert Prince,Cory Undlin,Cory Undlin,Cory Undlin,default_coordinator,medium,,True,Default assumption: the titled DC calls defense plays. Not evidence-verified.
2020,GB,offense,Matt LaFleur,Nathaniel Hackett,Nathaniel Hackett,Matt LaFleur,model_knowledge_unverified,medium,,False,Added in review. Believed: Matt LaFleur called Green Bay's offensive plays as head coach. Not sourced; needs a source.
2020,GB,defense,Matt LaFleur,Mike Pettine,Mike Pettine,Mike Pettine,default_coordinator,medium,,False,Default assumption: the titled DC calls defense plays. Not evidence-verified.
2020,HOU,offense,Bill O'Brien | Romeo Crennel,Tim Kelly,Tim Kelly,Tim Kelly,default_coordinator,medium,,True,Default assumption: the titled OC calls offense plays. Not evidence-verified.
2020,HOU,defense,Bill O'Brien | Romeo Crennel,Anthony Weaver,Anthony Weaver,Anthony Weaver,default_coordinator,medium,,True,Default assumption: the titled DC calls defense plays. Not evidence-verified.
2020,IND,offense,Frank Reich,Nick Sirianni,Nick Sirianni,Frank Reich,model_knowledge_unverified,medium,,False,Added in review. Believed: Frank Reich called Indianapolis's offensive plays as head coach until his dismissal during 2022. Not sourced; needs a source.
2020,IND,defense,Frank Reich,Matt Eberflus,Matt Eberflus,Matt Eberflus,default_coordinator,medium,,False,Default assumption: the titled DC calls defense plays. Not evidence-verified.
2020,JAX,offense,Doug Marrone,Jay Gruden,Jay Gruden,Jay Gruden,default_coordinator,medium,,False,Default assumption: the titled OC calls offense plays. Not evidence-verified.
2020,JAX,defense,Doug Marrone,Todd Wash,Todd Wash,Todd Wash,default_coordinator,medium,,False,Default assumption: the titled DC calls defense plays. Not evidence-verified.
2020,KC,offense,Andy Reid,Eric Bieniemy,Eric Bieniemy,Andy Reid,model_knowledge_unverified,medium,,False,"Believed: Andy Reid calls Kansas City's offensive plays as head coach for his entire KC tenure (2013-2025), as he did earlier at Philadelphia. Widely reported in NFL media but not sourced to a specific Wikipedia citation here - needs a source."
2020,KC,defense,Andy Reid,Steve Spagnuolo,Steve Spagnuolo,Steve Spagnuolo,default_coordinator,medium,,False,Default assumption: the titled DC calls defense plays. Not evidence-verified.
2020,LAC,offense,Anthony Lynn,Shane Steichen,Shane Steichen,Shane Steichen,default_coordinator,medium,,False,Default assumption: the titled OC calls offense plays. Not evidence-verified.
2020,LAC,defense,Anthony Lynn,Gus Bradley,Gus Bradley,Gus Bradley,default_coordinator,medium,,False,Default assumption: the titled DC calls defense plays. Not evidence-verified.
2020,LAR,offense,Sean McVay,Kevin O'Connell,Kevin O'Connell,Sean McVay,model_knowledge_unverified,medium,,False,Believed: Sean McVay calls the Rams' offensive plays as head coach for his entire tenure (2017-2025). Widely reported; not sourced to a specific citation here - needs a source.
2020,LAR,defense,Sean McVay,Brandon Staley,Brandon Staley,Brandon Staley,default_coordinator,medium,,False,Default assumption: the titled DC calls defense plays. Not evidence-verified.
2020,MIA,offense,Brian Flores,Chan Gailey,Chan Gailey,Chan Gailey,default_coordinator,medium,,False,Default assumption: the titled OC calls offense plays. Not evidence-verified.
2020,MIA,defense,Brian Flores,Josh Boyer,Josh Boyer,Brian Flores,model_knowledge_unverified,medium,,False,"Believed: Brian Flores, a defensive-background head coach, was closely involved in calling Miami's defense in his 2019-2021 tenure. Widely reported; needs a source."
2020,MIN,offense,Mike Zimmer,Gary Kubiak,Gary Kubiak,Gary Kubiak,default_coordinator,medium,,False,Default assumption: the titled OC calls offense plays. Not evidence-verified.
2020,MIN,defense,Mike Zimmer,,Mike Zimmer,Mike Zimmer,model_knowledge_unverified,medium,,False,Added in review. Believed: Mike Zimmer called Minnesota's defensive plays as head coach. Not sourced; needs a source.
2020,NE,offense,Bill Belichick,Josh McDaniels,Josh McDaniels,Josh McDaniels,default_coordinator,medium,,False,Default assumption: the titled OC calls offense plays. Not evidence-verified.
2020,NE,defense,Bill Belichick,,Bill Belichick,Bill Belichick,default_no_coordinator_headcoach,low,,False,No titled DC found for this team-season; defaulting to the head coach as defense play-caller. Not evidence-verified.
2020,NO,offense,Sean Payton,Pete Carmichael Jr.,Pete Carmichael Jr.,Sean Payton,model_knowledge_unverified,medium,,False,Believed: Sean Payton calls New Orleans' offensive plays in every season he is head coach on the sideline. 2012 (Bountygate suspension) is deliberately excluded here since Payton was not actively coaching that season. Widely reported; needs a source.
2020,NO,defense,Sean Payton,Dennis Allen,Dennis Allen,Dennis Allen,default_coordinator,medium,,False,Default assumption: the titled DC calls defense plays. Not evidence-verified.
2020,NYG,offense,Joe Judge,Jason Garrett,Jason Garrett,Jason Garrett,default_coordinator,medium,,False,Default assumption: the titled OC calls offense plays. Not evidence-verified.
2020,NYG,defense,Joe Judge,Patrick Graham,Patrick Graham,Patrick Graham,default_coordinator,medium,,False,Default assumption: the titled DC calls defense plays. Not evidence-verified.
2020,NYJ,offense,Adam Gase,Dowell Loggains,Dowell Loggains,Adam Gase | Dowell Loggains,evidence_wikipedia,medium,12,False,"Wikipedia team-season page states: ""Buffalo Bills==== Amidst heavy criticism, Head Coach Adam Gase gave up offensive play calling duties, instead leaving it to Offensive Coordinator Dowell Loggains."" (evidence id 12)."
2020,NYJ,defense,Adam Gase,Frank Bush,Frank Bush,Frank Bush,default_coordinator,medium,,False,Default assumption: the titled DC calls defense plays. Not evidence-verified.
2020,OAK,offense,Jon Gruden,Greg Olson,Greg Olson,Jon Gruden,model_knowledge_unverified,medium,,False,Added in review. Believed: Jon Gruden called the Raiders's offensive plays as head coach until his resignation during 2021. Not sourced; needs a source.
2020,OAK,defense,Jon Gruden,Rod Marinelli,Rod Marinelli,Rod Marinelli,default_coordinator,medium,,False,Default assumption: the titled DC calls defense plays. Not evidence-verified.
2020,PHI,offense,Doug Pederson,,Doug Pederson,Doug Pederson,default_no_coordinator_headcoach,low,,False,No titled OC found for this team-season; defaulting to the head coach as offense play-caller. Not evidence-verified.
2020,PHI,defense,Doug Pederson,Jim Schwartz,Jim Schwartz,Jim Schwartz,default_coordinator,medium,,False,Default assumption: the titled DC calls defense plays. Not evidence-verified.
2020,PIT,offense,Mike Tomlin,Randy Fichtner,Randy Fichtner,Randy Fichtner,default_coordinator,medium,,False,Default assumption: the titled OC calls offense plays. Not evidence-verified.
2020,PIT,defense,Mike Tomlin,Keith Butler,Keith Butler,Keith Butler,default_coordinator,medium,,False,Default assumption: the titled DC calls defense plays. Not evidence-verified.
2020,SEA,offense,Pete Carroll,Brian Schottenheimer,Brian Schottenheimer,Brian Schottenheimer,default_coordinator,medium,,False,Default assumption: the titled OC calls offense plays. Not evidence-verified.
2020,SEA,defense,Pete Carroll,Ken Norton Jr.,Ken Norton Jr.,Ken Norton Jr.,default_coordinator,medium,,False,Default assumption: the titled DC calls defense plays. Not evidence-verified.
2020,SF,offense,Kyle Shanahan,Kyle Shanahan,Kyle Shanahan,Kyle Shanahan,model_knowledge_unverified,medium,,False,"Believed: Kyle Shanahan calls San Francisco's offensive plays as head coach for his entire tenure (2017-2025), consistent with his offensive-coordinator background. Widely reported; needs a source."
2020,SF,defense,Kyle Shanahan,Robert Saleh,Robert Saleh,Robert Saleh,default_coordinator,medium,,False,Default assumption: the titled DC calls defense plays. Not evidence-verified.
2020,TB,offense,Bruce Arians,Byron Leftwich,Byron Leftwich,Byron Leftwich,default_coordinator,medium,,False,Default assumption: the titled OC calls offense plays. Not evidence-verified.
2020,TB,defense,Bruce Arians,Todd Bowles,Todd Bowles,Todd Bowles,default_coordinator,medium,,False,Default assumption: the titled DC calls defense plays. Not evidence-verified.
2020,TEN,offense,Mike Vrabel,Arthur Smith,Arthur Smith,Arthur Smith,default_coordinator,medium,,False,Default assumption: the titled OC calls offense plays. Not evidence-verified.
2020,TEN,defense,Mike Vrabel,,Mike Vrabel,Mike Vrabel,default_no_coordinator_headcoach,low,,False,No titled DC found for this team-season; defaulting to the head coach as defense play-caller. Not evidence-verified.
2020,WSH,offense,Ron Rivera,Scott Turner,Scott Turner,Scott Turner,default_coordinator,medium,,False,Default assumption: the titled OC calls offense plays. Not evidence-verified.
2020,WSH,defense,Ron Rivera,Jack Del Rio,Jack Del Rio,Jack Del Rio,default_coordinator,medium,,False,Default assumption: the titled DC calls defense plays. Not evidence-verified.
2021,ARI,offense,Kliff Kingsbury,,Kliff Kingsbury,Kliff Kingsbury,model_knowledge_unverified,medium,,False,Added in review. Believed: Kliff Kingsbury called Arizona's offensive plays as head coach. Not sourced; needs a source.
2021,ARI,defense,Kliff Kingsbury,Vance Joseph,Vance Joseph,Vance Joseph,default_coordinator,medium,,False,Default assumption: the titled DC calls defense plays. Not evidence-verified.
2021,ATL,offense,Arthur Smith,Dave Ragone,Dave Ragone,Arthur Smith,model_knowledge_unverified,medium,,False,Added in review. Believed: Arthur Smith called Atlanta's offensive plays as head coach. Not sourced; needs a source.
2021,ATL,defense,Arthur Smith,Dean Pees,Dean Pees,Dean Pees,default_coordinator,medium,,False,Default assumption: the titled DC calls defense plays. Not evidence-verified.
2021,BAL,offense,John Harbaugh,Greg Roman,Greg Roman,Greg Roman,default_coordinator,medium,,False,Default assumption: the titled OC calls offense plays. Not evidence-verified.
2021,BAL,defense,John Harbaugh,Don Martindale,Don Martindale,Don Martindale,default_coordinator,medium,,False,Default assumption: the titled DC calls defense plays. Not evidence-verified.
2021,BUF,offense,Sean McDermott,Brian Daboll,Brian Daboll,Brian Daboll,default_coordinator,medium,,False,Default assumption: the titled OC calls offense plays. Not evidence-verified.
2021,BUF,defense,Sean McDermott,Leslie Frazier,Leslie Frazier,Leslie Frazier,default_coordinator,medium,,False,Default assumption: the titled DC calls defense plays. Not evidence-verified.
2021,CAR,offense,Matt Rhule,Joe Brady | Jeff Nixon,Joe Brady | Jeff Nixon,Joe Brady | Jeff Nixon,default_coordinator,medium,,True,Default assumption: the titled OC calls offense plays. Not evidence-verified.
2021,CAR,defense,Matt Rhule,Phil Snow,Phil Snow,Phil Snow,default_coordinator,medium,,False,Default assumption: the titled DC calls defense plays. Not evidence-verified.
2021,CHI,offense,Matt Nagy | Chris Tabor,Bill Lazor,Bill Lazor,Bill Lazor,default_coordinator,medium,,True,Default assumption: the titled OC calls offense plays. Not evidence-verified.
2021,CHI,defense,Matt Nagy | Chris Tabor,Sean Desai,Sean Desai,Sean Desai,default_coordinator,medium,,True,Default assumption: the titled DC calls defense plays. Not evidence-verified.
2021,CIN,offense,Zac Taylor,Brian Callahan,Brian Callahan,Zac Taylor,model_knowledge_unverified,medium,,False,Added in review. Believed: Zac Taylor called Cincinnati's offensive plays as head coach. Not sourced; needs a source.
2021,CIN,defense,Zac Taylor,Lou Anarumo,Lou Anarumo,Lou Anarumo,default_coordinator,medium,,False,Default assumption: the titled DC calls defense plays. Not evidence-verified.
2021,CLE,offense,Kevin Stefanski,Alex Van Pelt,Alex Van Pelt,Kevin Stefanski,model_knowledge_unverified,medium,,False,Added in review. Believed: Kevin Stefanski called Cleveland's offensive plays as head coach (2024 and 2025 involved hand-offs and are left to the evidence or default). Not sourced; needs a source.
2021,CLE,defense,Kevin Stefanski,Joe Woods,Joe Woods,Joe Woods,default_coordinator,medium,,False,Default assumption: the titled DC calls defense plays. Not evidence-verified.
2021,DAL,offense,Mike McCarthy,Kellen Moore,Kellen Moore,Kellen Moore,default_coordinator,medium,,False,Default assumption: the titled OC calls offense plays. Not evidence-verified.
2021,DAL,defense,Mike McCarthy,Dan Quinn,Dan Quinn,Dan Quinn,default_coordinator,medium,,False,Default assumption: the titled DC calls defense plays. Not evidence-verified.
2021,DEN,offense,Vic Fangio,Pat Shurmur,Pat Shurmur,Pat Shurmur,default_coordinator,medium,,False,Default assumption: the titled OC calls offense plays. Not evidence-verified.
2021,DEN,defense,Vic Fangio,Ed Donatell,Ed Donatell,Vic Fangio,model_knowledge_unverified,medium,,False,Added in review. Believed: Vic Fangio called Denver's defensive plays as head coach. Not sourced; needs a source.
2021,DET,offense,Dan Campbell,Anthony Lynn,Anthony Lynn,Anthony Lynn,default_coordinator,medium,,False,Default assumption: the titled OC calls offense plays. Not evidence-verified.
2021,DET,defense,Dan Campbell,Aaron Glenn,Aaron Glenn,Aaron Glenn,default_coordinator,medium,,False,Default assumption: the titled DC calls defense plays. Not evidence-verified.
2021,GB,offense,Matt LaFleur,Nathaniel Hackett,Nathaniel Hackett,Matt LaFleur,model_knowledge_unverified,medium,,False,Added in review. Believed: Matt LaFleur called Green Bay's offensive plays as head coach. Not sourced; needs a source.
2021,GB,defense,Matt LaFleur,Joe Barry,Joe Barry,Joe Barry,default_coordinator,medium,,False,Default assumption: the titled DC calls defense plays. Not evidence-verified.
2021,HOU,offense,David Culley,Tim Kelly,Tim Kelly,Tim Kelly,default_coordinator,medium,,False,Default assumption: the titled OC calls offense plays. Not evidence-verified.
2021,HOU,defense,David Culley,Lovie Smith,Lovie Smith,Lovie Smith,default_coordinator,medium,,False,Default assumption: the titled DC calls defense plays. Not evidence-verified.
2021,IND,offense,Frank Reich,Marcus Brady,Marcus Brady,Frank Reich,model_knowledge_unverified,medium,,False,Added in review. Believed: Frank Reich called Indianapolis's offensive plays as head coach until his dismissal during 2022. Not sourced; needs a source.
2021,IND,defense,Frank Reich,Matt Eberflus,Matt Eberflus,Matt Eberflus,default_coordinator,medium,,False,Default assumption: the titled DC calls defense plays. Not evidence-verified.
2021,JAX,offense,Urban Meyer | Darrell Bevell,Brian Schottenheimer,Brian Schottenheimer,Brian Schottenheimer,default_coordinator,medium,,True,Default assumption: the titled OC calls offense plays. Not evidence-verified.
2021,JAX,defense,Urban Meyer | Darrell Bevell,Joe Cullen,Joe Cullen,Joe Cullen,default_coordinator,medium,,True,Default assumption: the titled DC calls defense plays. Not evidence-verified.
2021,KC,offense,Andy Reid,Eric Bieniemy,Eric Bieniemy,Andy Reid,model_knowledge_unverified,medium,,False,"Believed: Andy Reid calls Kansas City's offensive plays as head coach for his entire KC tenure (2013-2025), as he did earlier at Philadelphia. Widely reported in NFL media but not sourced to a specific Wikipedia citation here - needs a source."
2021,KC,defense,Andy Reid,Steve Spagnuolo,Steve Spagnuolo,Steve Spagnuolo,default_coordinator,medium,,False,Default assumption: the titled DC calls defense plays. Not evidence-verified.
2021,LAC,offense,Brandon Staley,Joe Lombardi,Joe Lombardi,Joe Lombardi,default_coordinator,medium,,False,Default assumption: the titled OC calls offense plays. Not evidence-verified.
2021,LAC,defense,Brandon Staley,Renaldo Hill,Renaldo Hill,Brandon Staley,model_knowledge_unverified,medium,,False,Added in review. Believed: Brandon Staley called the Chargers's defensive plays as head coach until his dismissal during 2023. Not sourced; needs a source.
2021,LAR,offense,Sean McVay,Kevin O'Connell,Kevin O'Connell,Sean McVay,model_knowledge_unverified,medium,,False,Believed: Sean McVay calls the Rams' offensive plays as head coach for his entire tenure (2017-2025). Widely reported; not sourced to a specific citation here - needs a source.
2021,LAR,defense,Sean McVay,Raheem Morris,Raheem Morris,Raheem Morris,default_coordinator,medium,,False,Default assumption: the titled DC calls defense plays. Not evidence-verified.
2021,MIA,offense,Brian Flores,,Brian Flores,Brian Flores,default_no_coordinator_headcoach,low,,False,No titled OC found for this team-season; defaulting to the head coach as offense play-caller. Not evidence-verified.
2021,MIA,defense,Brian Flores,Josh Boyer,Josh Boyer,Brian Flores,model_knowledge_unverified,medium,,False,"Believed: Brian Flores, a defensive-background head coach, was closely involved in calling Miami's defense in his 2019-2021 tenure. Widely reported; needs a source."
2021,MIN,offense,Mike Zimmer,Klint Kubiak,Klint Kubiak,Klint Kubiak,default_coordinator,medium,,False,Default assumption: the titled OC calls offense plays. Not evidence-verified.
2021,MIN,defense,Mike Zimmer,,Mike Zimmer,Mike Zimmer,model_knowledge_unverified,medium,,False,Added in review. Believed: Mike Zimmer called Minnesota's defensive plays as head coach. Not sourced; needs a source.
2021,NE,offense,Bill Belichick,Josh McDaniels,Josh McDaniels,Josh McDaniels,default_coordinator,medium,,False,Default assumption: the titled OC calls offense plays. Not evidence-verified.
2021,NE,defense,Bill Belichick,,Bill Belichick,Bill Belichick,default_no_coordinator_headcoach,low,,False,No titled DC found for this team-season; defaulting to the head coach as defense play-caller. Not evidence-verified.
2021,NO,offense,Sean Payton,Pete Carmichael Jr.,Pete Carmichael Jr.,Sean Payton,model_knowledge_unverified,medium,,False,Believed: Sean Payton calls New Orleans' offensive plays in every season he is head coach on the sideline. 2012 (Bountygate suspension) is deliberately excluded here since Payton was not actively coaching that season. Widely reported; needs a source.
2021,NO,defense,Sean Payton,Dennis Allen,Dennis Allen,Dennis Allen,default_coordinator,medium,,False,Default assumption: the titled DC calls defense plays. Not evidence-verified.
2021,NYG,offense,Joe Judge,Jason Garrett | Freddie Kitchens,Jason Garrett | Freddie Kitchens,Jason Garrett | Freddie Kitchens,default_coordinator,medium,,True,Default assumption: the titled OC calls offense plays. Not evidence-verified.
2021,NYG,defense,Joe Judge,Patrick Graham,Patrick Graham,Patrick Graham,default_coordinator,medium,,False,Default assumption: the titled DC calls defense plays. Not evidence-verified.
2021,NYJ,offense,Robert Saleh,Mike LaFleur,Mike LaFleur,Mike LaFleur,default_coordinator,medium,,False,Default assumption: the titled OC calls offense plays. Not evidence-verified.
2021,NYJ,defense,Robert Saleh,Jeff Ulbrich,Jeff Ulbrich,Jeff Ulbrich,default_coordinator,medium,,False,Default assumption: the titled DC calls defense plays. Not evidence-verified.
2021,OAK,offense,Jon Gruden | Rich Bisaccia,Greg Olson,Greg Olson,Greg Olson,default_coordinator,medium,,True,Default assumption: the titled OC calls offense plays. Not evidence-verified.
2021,OAK,defense,Jon Gruden | Rich Bisaccia,Gus Bradley,Gus Bradley,Gus Bradley,default_coordinator,medium,,True,Default assumption: the titled DC calls defense plays. Not evidence-verified.
2021,PHI,offense,Nick Sirianni,Shane Steichen,Shane Steichen,Shane Steichen,default_coordinator,medium,,False,Default assumption: the titled OC calls offense plays. Not evidence-verified.
2021,PHI,defense,Nick Sirianni,Jonathan Gannon,Jonathan Gannon,Jonathan Gannon,default_coordinator,medium,,False,Default assumption: the titled DC calls defense plays. Not evidence-verified.
2021,PIT,offense,Mike Tomlin,Matt Canada,Matt Canada,Matt Canada,default_coordinator,medium,,False,Default assumption: the titled OC calls offense plays. Not evidence-verified.
2021,PIT,defense,Mike Tomlin,Keith Butler,Keith Butler,Keith Butler,default_coordinator,medium,,False,Default assumption: the titled DC calls defense plays. Not evidence-verified.
2021,SEA,offense,Pete Carroll,Shane Waldron,Shane Waldron,Shane Waldron,default_coordinator,medium,,False,Default assumption: the titled OC calls offense plays. Not evidence-verified.
2021,SEA,defense,Pete Carroll,Ken Norton Jr.,Ken Norton Jr.,Ken Norton Jr.,default_coordinator,medium,,False,Default assumption: the titled DC calls defense plays. Not evidence-verified.
2021,SF,offense,Kyle Shanahan,Mike McDaniel,Mike McDaniel,Kyle Shanahan,model_knowledge_unverified,medium,,False,"Believed: Kyle Shanahan calls San Francisco's offensive plays as head coach for his entire tenure (2017-2025), consistent with his offensive-coordinator background. Widely reported; needs a source."
2021,SF,defense,Kyle Shanahan,DeMeco Ryans,DeMeco Ryans,DeMeco Ryans,default_coordinator,medium,,False,Default assumption: the titled DC calls defense plays. Not evidence-verified.
2021,TB,offense,Bruce Arians,Byron Leftwich,Byron Leftwich,Byron Leftwich,default_coordinator,medium,,False,Default assumption: the titled OC calls offense plays. Not evidence-verified.
2021,TB,defense,Bruce Arians,Todd Bowles,Todd Bowles,Todd Bowles,default_coordinator,medium,,False,Default assumption: the titled DC calls defense plays. Not evidence-verified.
2021,TEN,offense,Mike Vrabel,Todd Downing,Todd Downing,Todd Downing,default_coordinator,medium,,False,Default assumption: the titled OC calls offense plays. Not evidence-verified.
2021,TEN,defense,Mike Vrabel,Shane Bowen,Shane Bowen,Shane Bowen,default_coordinator,medium,,False,Default assumption: the titled DC calls defense plays. Not evidence-verified.
2021,WSH,offense,Ron Rivera,Scott Turner,Scott Turner,Scott Turner,default_coordinator,medium,,False,Default assumption: the titled OC calls offense plays. Not evidence-verified.
2021,WSH,defense,Ron Rivera,Jack Del Rio,Jack Del Rio,Jack Del Rio,default_coordinator,medium,,False,Default assumption: the titled DC calls defense plays. Not evidence-verified.
2022,ARI,offense,Kliff Kingsbury,,Kliff Kingsbury,Kliff Kingsbury,model_knowledge_unverified,medium,,False,Added in review. Believed: Kliff Kingsbury called Arizona's offensive plays as head coach. Not sourced; needs a source.
2022,ARI,defense,Kliff Kingsbury,Vance Joseph,Vance Joseph,Vance Joseph,default_coordinator,medium,,False,Default assumption: the titled DC calls defense plays. Not evidence-verified.
2022,ATL,offense,Arthur Smith,Dave Ragone,Dave Ragone,Arthur Smith,model_knowledge_unverified,medium,,False,Added in review. Believed: Arthur Smith called Atlanta's offensive plays as head coach. Not sourced; needs a source.
2022,ATL,defense,Arthur Smith,Dean Pees,Dean Pees,Dean Pees,default_coordinator,medium,,False,Default assumption: the titled DC calls defense plays. Not evidence-verified.
2022,BAL,offense,John Harbaugh,Greg Roman,Greg Roman,Greg Roman,default_coordinator,medium,,False,Default assumption: the titled OC calls offense plays. Not evidence-verified.
2022,BAL,defense,John Harbaugh,Mike Macdonald,Mike Macdonald,Mike Macdonald,default_coordinator,medium,,False,Default assumption: the titled DC calls defense plays. Not evidence-verified.
2022,BUF,offense,Sean McDermott,Ken Dorsey,Ken Dorsey,Ken Dorsey,default_coordinator,medium,,False,Default assumption: the titled OC calls offense plays. Not evidence-verified.
2022,BUF,defense,Sean McDermott,Leslie Frazier,Leslie Frazier,Leslie Frazier,default_coordinator,medium,,False,Default assumption: the titled DC calls defense plays. Not evidence-verified.
2022,CAR,offense,Matt Rhule | Steve Wilks,Ben McAdoo,Ben McAdoo,Ben McAdoo,default_coordinator,medium,,True,Default assumption: the titled OC calls offense plays. Not evidence-verified.
2022,CAR,defense,Matt Rhule | Steve Wilks,Al Holcomb,Al Holcomb,Al Holcomb,default_coordinator,medium,,True,Default assumption: the titled DC calls defense plays. Not evidence-verified.
2022,CHI,offense,Matt Eberflus,Luke Getsy,Luke Getsy,Luke Getsy,default_coordinator,medium,,False,Default assumption: the titled OC calls offense plays. Not evidence-verified.
2022,CHI,defense,Matt Eberflus,Alan Williams,Alan Williams,Matt Eberflus,model_knowledge_unverified,low,,False,"Believed: Matt Eberflus, a defensive-background head coach, called or closely directed Chicago's defensive plays in at least part of his 2022-2024 tenure, but this study is less sure which seasons exactly (he also had a titled DC in some of these years) - marked low confidence rather than medium. Needs a source."
2022,CIN,offense,Zac Taylor,Brian Callahan,Brian Callahan,Zac Taylor,model_knowledge_unverified,medium,,False,Added in review. Believed: Zac Taylor called Cincinnati's offensive plays as head coach. Not sourced; needs a source.
2022,CIN,defense,Zac Taylor,Lou Anarumo,Lou Anarumo,Lou Anarumo,default_coordinator,medium,,False,Default assumption: the titled DC calls defense plays. Not evidence-verified.
2022,CLE,offense,Kevin Stefanski,Alex Van Pelt,Alex Van Pelt,Kevin Stefanski,model_knowledge_unverified,medium,,False,Added in review. Believed: Kevin Stefanski called Cleveland's offensive plays as head coach (2024 and 2025 involved hand-offs and are left to the evidence or default). Not sourced; needs a source.
2022,CLE,defense,Kevin Stefanski,Joe Woods,Joe Woods,Joe Woods,default_coordinator,medium,,False,Default assumption: the titled DC calls defense plays. Not evidence-verified.
2022,DAL,offense,Mike McCarthy,Kellen Moore,Kellen Moore,Kellen Moore,default_coordinator,medium,,False,Default assumption: the titled OC calls offense plays. Not evidence-verified.
2022,DAL,defense,Mike McCarthy,Dan Quinn,Dan Quinn,Dan Quinn,default_coordinator,medium,,False,Default assumption: the titled DC calls defense plays. Not evidence-verified.
2022,DEN,offense,Nathaniel Hackett | Jerry Rosburg,Justin Outten,Justin Outten,Justin Outten,default_coordinator,medium,,True,Default assumption: the titled OC calls offense plays. Not evidence-verified.
2022,DEN,defense,Nathaniel Hackett | Jerry Rosburg,Ejiro Evero,Ejiro Evero,Ejiro Evero,default_coordinator,medium,,True,Default assumption: the titled DC calls defense plays. Not evidence-verified.
2022,DET,offense,Dan Campbell,Ben Johnson,Ben Johnson,Ben Johnson,default_coordinator,medium,,False,Default assumption: the titled OC calls offense plays. Not evidence-verified.
2022,DET,defense,Dan Campbell,Aaron Glenn,Aaron Glenn,Aaron Glenn,default_coordinator,medium,,False,Default assumption: the titled DC calls defense plays. Not evidence-verified.
2022,GB,offense,Matt LaFleur,Adam Stenavich,Adam Stenavich,Matt LaFleur,model_knowledge_unverified,medium,,False,Added in review. Believed: Matt LaFleur called Green Bay's offensive plays as head coach. Not sourced; needs a source.
2022,GB,defense,Matt LaFleur,Joe Barry,Joe Barry,Joe Barry,default_coordinator,medium,,False,Default assumption: the titled DC calls defense plays. Not evidence-verified.
2022,HOU,offense,Lovie Smith,Pep Hamilton,Pep Hamilton,Pep Hamilton,default_coordinator,medium,,False,Default assumption: the titled OC calls offense plays. Not evidence-verified.
2022,HOU,defense,Lovie Smith,,Lovie Smith,Lovie Smith,default_no_coordinator_headcoach,low,,False,No titled DC found for this team-season; defaulting to the head coach as defense play-caller. Not evidence-verified.
2022,IND,offense,Frank Reich | Jeff Saturday,Parks Frazier,Parks Frazier,Parks Frazier,default_coordinator,medium,,True,Default assumption: the titled OC calls offense plays. Not evidence-verified.
2022,IND,defense,Frank Reich | Jeff Saturday,Gus Bradley,Gus Bradley,Gus Bradley,default_coordinator,medium,,True,Default assumption: the titled DC calls defense plays. Not evidence-verified.
2022,JAX,offense,Doug Pederson,Press Taylor,Press Taylor,Press Taylor,default_coordinator,medium,,False,Default assumption: the titled OC calls offense plays. Not evidence-verified.
2022,JAX,defense,Doug Pederson,Mike Caldwell,Mike Caldwell,Mike Caldwell,default_coordinator,medium,,False,Default assumption: the titled DC calls defense plays. Not evidence-verified.
2022,KC,offense,Andy Reid,Eric Bieniemy,Eric Bieniemy,Andy Reid,model_knowledge_unverified,medium,,False,"Believed: Andy Reid calls Kansas City's offensive plays as head coach for his entire KC tenure (2013-2025), as he did earlier at Philadelphia. Widely reported in NFL media but not sourced to a specific Wikipedia citation here - needs a source."
2022,KC,defense,Andy Reid,Steve Spagnuolo,Steve Spagnuolo,Steve Spagnuolo,default_coordinator,medium,,False,Default assumption: the titled DC calls defense plays. Not evidence-verified.
2022,LAC,offense,Brandon Staley,Joe Lombardi,Joe Lombardi,Joe Lombardi,default_coordinator,medium,,False,Default assumption: the titled OC calls offense plays. Not evidence-verified.
2022,LAC,defense,Brandon Staley,Renaldo Hill,Renaldo Hill,Brandon Staley,model_knowledge_unverified,medium,,False,Added in review. Believed: Brandon Staley called the Chargers's defensive plays as head coach until his dismissal during 2023. Not sourced; needs a source.
2022,LAR,offense,Sean McVay,Liam Coen,Liam Coen,Sean McVay,model_knowledge_unverified,medium,,False,Believed: Sean McVay calls the Rams' offensive plays as head coach for his entire tenure (2017-2025). Widely reported; not sourced to a specific citation here - needs a source.
2022,LAR,defense,Sean McVay,Raheem Morris,Raheem Morris,Raheem Morris,default_coordinator,medium,,False,Default assumption: the titled DC calls defense plays. Not evidence-verified.
2022,MIA,offense,Mike McDaniel,Frank Smith,Frank Smith,Mike McDaniel,model_knowledge_unverified,medium,,False,"Believed: Mike McDaniel calls Miami's offensive plays as head coach (2022-2025), consistent with his Shanahan-tree offensive background. Widely reported; needs a source."
2022,MIA,defense,Mike McDaniel,Vic Fangio | Josh Boyer,Vic Fangio | Josh Boyer,Vic Fangio | Josh Boyer,default_coordinator,medium,,True,Default assumption: the titled DC calls defense plays. Not evidence-verified.
2022,MIN,offense,Kevin O'Connell,Wes Phillips,Wes Phillips,Kevin O'Connell,model_knowledge_unverified,medium,,False,Added in review. Believed: Kevin O'Connell called Minnesota's offensive plays as head coach. Not sourced; needs a source.
2022,MIN,defense,Kevin O'Connell,Ed Donatell,Ed Donatell,Ed Donatell,default_coordinator,medium,,False,Default assumption: the titled DC calls defense plays. Not evidence-verified.
2022,NE,offense,Bill Belichick,,Bill Belichick,Bill Belichick,default_no_coordinator_headcoach,low,,False,No titled OC found for this team-season; defaulting to the head coach as offense play-caller. Not evidence-verified.
2022,NE,defense,Bill Belichick,,Bill Belichick,Bill Belichick,default_no_coordinator_headcoach,low,,False,No titled DC found for this team-season; defaulting to the head coach as defense play-caller. Not evidence-verified.
2022,NO,offense,Dennis Allen,Pete Carmichael Jr.,Pete Carmichael Jr.,Pete Carmichael Jr.,default_coordinator,medium,,False,Default assumption: the titled OC calls offense plays. Not evidence-verified.
2022,NO,defense,Dennis Allen,Ryan Nielsen | Kris Richard,Ryan Nielsen | Kris Richard,Ryan Nielsen | Kris Richard,default_coordinator,medium,,True,Default assumption: the titled DC calls defense plays. Not evidence-verified.
2022,NYG,offense,Brian Daboll,Mike Kafka,Mike Kafka,Mike Kafka,default_coordinator,medium,,False,Default assumption: the titled OC calls offense plays. Not evidence-verified.
2022,NYG,defense,Brian Daboll,Don Martindale,Don Martindale,Don Martindale,default_coordinator,medium,,False,Default assumption: the titled DC calls defense plays. Not evidence-verified.
2022,NYJ,offense,Robert Saleh,Mike LaFleur,Mike LaFleur,Mike LaFleur,default_coordinator,medium,,False,Default assumption: the titled OC calls offense plays. Not evidence-verified.
2022,NYJ,defense,Robert Saleh,Jeff Ulbrich,Jeff Ulbrich,Jeff Ulbrich,default_coordinator,medium,,False,Default assumption: the titled DC calls defense plays. Not evidence-verified.
2022,OAK,offense,Josh McDaniels,Mick Lombardi,Mick Lombardi,Josh McDaniels,model_knowledge_unverified,medium,,False,Added in review. Believed: Josh McDaniels called the Raiders's offensive plays as head coach until his dismissal during 2023. Not sourced; needs a source.
2022,OAK,defense,Josh McDaniels,Patrick Graham,Patrick Graham,Patrick Graham,default_coordinator,medium,,False,Default assumption: the titled DC calls defense plays. Not evidence-verified.
2022,PHI,offense,Nick Sirianni,Shane Steichen,Shane Steichen,Shane Steichen,default_coordinator,medium,,False,Default assumption: the titled OC calls offense plays. Not evidence-verified.
2022,PHI,defense,Nick Sirianni,Jonathan Gannon,Jonathan Gannon,Jonathan Gannon,default_coordinator,medium,,False,Default assumption: the titled DC calls defense plays. Not evidence-verified.
2022,PIT,offense,Mike Tomlin,Matt Canada,Matt Canada,Matt Canada,default_coordinator,medium,,False,Default assumption: the titled OC calls offense plays. Not evidence-verified.
2022,PIT,defense,Mike Tomlin,Teryl Austin,Teryl Austin,Teryl Austin,default_coordinator,medium,,False,Default assumption: the titled DC calls defense plays. Not evidence-verified.
2022,SEA,offense,Pete Carroll,Shane Waldron,Shane Waldron,Shane Waldron,default_coordinator,medium,,False,Default assumption: the titled OC calls offense plays. Not evidence-verified.
2022,SEA,defense,Pete Carroll,Clint Hurtt,Clint Hurtt,Clint Hurtt,default_coordinator,medium,,False,Default assumption: the titled DC calls defense plays. Not evidence-verified.
2022,SF,offense,Kyle Shanahan,Kyle Shanahan,Kyle Shanahan,Kyle Shanahan,model_knowledge_unverified,medium,,False,"Believed: Kyle Shanahan calls San Francisco's offensive plays as head coach for his entire tenure (2017-2025), consistent with his offensive-coordinator background. Widely reported; needs a source."
2022,SF,defense,Kyle Shanahan,DeMeco Ryans,DeMeco Ryans,DeMeco Ryans,default_coordinator,medium,,False,Default assumption: the titled DC calls defense plays. Not evidence-verified.
2022,TB,offense,Todd Bowles,Byron Leftwich,Byron Leftwich,Byron Leftwich,default_coordinator,medium,,False,Default assumption: the titled OC calls offense plays. Not evidence-verified.
2022,TB,defense,Todd Bowles,,Todd Bowles,Todd Bowles,model_knowledge_unverified,medium,,False,"Believed: Todd Bowles calls Tampa Bay's defensive plays as head coach (2022-2025), continuing the role he held as Tampa Bay's own defensive coordinator/DC-as-HC in 2019-2021. Widely reported; needs a source."
2022,TEN,offense,Mike Vrabel,Todd Downing,Todd Downing,Todd Downing,default_coordinator,medium,,False,Default assumption: the titled OC calls offense plays. Not evidence-verified.
2022,TEN,defense,Mike Vrabel,Shane Bowen,Shane Bowen,Shane Bowen,default_coordinator,medium,,False,Default assumption: the titled DC calls defense plays. Not evidence-verified.
2022,WSH,offense,Ron Rivera,Scott Turner,Scott Turner,Scott Turner,default_coordinator,medium,,False,Default assumption: the titled OC calls offense plays. Not evidence-verified.
2022,WSH,defense,Ron Rivera,Jack Del Rio,Jack Del Rio,Jack Del Rio,default_coordinator,medium,,False,Default assumption: the titled DC calls defense plays. Not evidence-verified.
2023,ARI,offense,Jonathan Gannon,Drew Petzing,Drew Petzing,Drew Petzing,default_coordinator,medium,,False,Default assumption: the titled OC calls offense plays. Not evidence-verified.
2023,ARI,defense,Jonathan Gannon,Nick Rallis,Nick Rallis,Nick Rallis,default_coordinator,medium,,False,Default assumption: the titled DC calls defense plays. Not evidence-verified.
2023,ATL,offense,Arthur Smith,Dave Ragone,Dave Ragone,Arthur Smith,model_knowledge_unverified,medium,,False,Added in review. Believed: Arthur Smith called Atlanta's offensive plays as head coach. Not sourced; needs a source.
2023,ATL,defense,Arthur Smith,Ryan Nielsen,Ryan Nielsen,Ryan Nielsen,default_coordinator,medium,,False,Default assumption: the titled DC calls defense plays. Not evidence-verified.
2023,BAL,offense,John Harbaugh,Todd Monken,Todd Monken,Todd Monken,default_coordinator,medium,,False,Default assumption: the titled OC calls offense plays. Not evidence-verified.
2023,BAL,defense,John Harbaugh,Mike Macdonald,Mike Macdonald,Mike Macdonald,default_coordinator,medium,,False,Default assumption: the titled DC calls defense plays. Not evidence-verified.
2023,BUF,offense,Sean McDermott,Ken Dorsey | Joe Brady,Ken Dorsey | Joe Brady,Ken Dorsey | Joe Brady,default_coordinator,medium,,True,Default assumption: the titled OC calls offense plays. Not evidence-verified.
2023,BUF,defense,Sean McDermott,,Sean McDermott,Sean McDermott,model_knowledge_unverified,medium,,False,"Added in review. Believed: Sean McDermott called Buffalo's defensive plays as head coach in 2023, when the team had no titled coordinator. Not sourced; needs a source."
2023,CAR,offense,Frank Reich | Chris Tabor,Thomas Brown,Thomas Brown,Thomas Brown,default_coordinator,medium,,True,Default assumption: the titled OC calls offense plays. Not evidence-verified.
2023,CAR,defense,Frank Reich | Chris Tabor,Ejiro Evero,Ejiro Evero,Ejiro Evero,default_coordinator,medium,,True,Default assumption: the titled DC calls defense plays. Not evidence-verified.
2023,CHI,offense,Matt Eberflus,Luke Getsy,Luke Getsy,Luke Getsy,default_coordinator,medium,,False,Default assumption: the titled OC calls offense plays. Not evidence-verified.
2023,CHI,defense,Matt Eberflus,Alan Williams,Alan Williams,Matt Eberflus,model_knowledge_unverified,low,,False,"Believed: Matt Eberflus, a defensive-background head coach, called or closely directed Chicago's defensive plays in at least part of his 2022-2024 tenure, but this study is less sure which seasons exactly (he also had a titled DC in some of these years) - marked low confidence rather than medium. Needs a source."
2023,CIN,offense,Zac Taylor,Brian Callahan,Brian Callahan,Zac Taylor,model_knowledge_unverified,medium,,False,Added in review. Believed: Zac Taylor called Cincinnati's offensive plays as head coach. Not sourced; needs a source.
2023,CIN,defense,Zac Taylor,Lou Anarumo,Lou Anarumo,Lou Anarumo,default_coordinator,medium,,False,Default assumption: the titled DC calls defense plays. Not evidence-verified.
2023,CLE,offense,Kevin Stefanski,Alex Van Pelt,Alex Van Pelt,Kevin Stefanski,model_knowledge_unverified,medium,,False,Added in review. Believed: Kevin Stefanski called Cleveland's offensive plays as head coach (2024 and 2025 involved hand-offs and are left to the evidence or default). Not sourced; needs a source.
2023,CLE,defense,Kevin Stefanski,Jim Schwartz,Jim Schwartz,Jim Schwartz,default_coordinator,medium,,False,Default assumption: the titled DC calls defense plays. Not evidence-verified.
2023,DAL,offense,Mike McCarthy,Brian Schottenheimer,Brian Schottenheimer,Mike McCarthy,model_knowledge_unverified,medium,,False,Added in review. Believed: Mike McCarthy called Dallas's offensive plays as head coach. Not sourced; needs a source.
2023,DAL,defense,Mike McCarthy,Dan Quinn,Dan Quinn,Dan Quinn,default_coordinator,medium,,False,Default assumption: the titled DC calls defense plays. Not evidence-verified.
2023,DEN,offense,Sean Payton,Joe Lombardi,Joe Lombardi,Sean Payton,model_knowledge_unverified,medium,,False,"Believed: Sean Payton calls Denver's offensive plays as head coach (2023-2025), continuing the pattern from his New Orleans tenure. Widely reported; needs a source."
2023,DEN,defense,Sean Payton,Vance Joseph,Vance Joseph,Vance Joseph,default_coordinator,medium,,False,Default assumption: the titled DC calls defense plays. Not evidence-verified.
2023,DET,offense,Dan Campbell,Ben Johnson,Ben Johnson,Ben Johnson,default_coordinator,medium,,False,Default assumption: the titled OC calls offense plays. Not evidence-verified.
2023,DET,defense,Dan Campbell,Aaron Glenn,Aaron Glenn,Aaron Glenn,default_coordinator,medium,,False,Default assumption: the titled DC calls defense plays. Not evidence-verified.
2023,GB,offense,Matt LaFleur,Adam Stenavich,Adam Stenavich,Matt LaFleur,model_knowledge_unverified,medium,,False,Added in review. Believed: Matt LaFleur called Green Bay's offensive plays as head coach. Not sourced; needs a source.
2023,GB,defense,Matt LaFleur,Joe Barry,Joe Barry,Joe Barry,default_coordinator,medium,,False,Default assumption: the titled DC calls defense plays. Not evidence-verified.
2023,HOU,offense,DeMeco Ryans,Bobby Slowik,Bobby Slowik,Bobby Slowik,default_coordinator,medium,,False,Default assumption: the titled OC calls offense plays. Not evidence-verified.
2023,HOU,defense,DeMeco Ryans,Matt Burke,Matt Burke,DeMeco Ryans,model_knowledge_unverified,low,,False,Added in review. Believed: DeMeco Ryans called Houston's defensive plays as head coach. Not sourced; needs a source.
2023,IND,offense,Shane Steichen,Jim Bob Cooter,Jim Bob Cooter,Shane Steichen,model_knowledge_unverified,medium,,False,Added in review. Believed: Shane Steichen called Indianapolis's offensive plays as head coach. Not sourced; needs a source.
2023,IND,defense,Shane Steichen,Gus Bradley,Gus Bradley,Gus Bradley,default_coordinator,medium,,False,Default assumption: the titled DC calls defense plays. Not evidence-verified.
2023,JAX,offense,Doug Pederson,Press Taylor,Press Taylor,Press Taylor,default_coordinator,medium,,False,Default assumption: the titled OC calls offense plays. Not evidence-verified.
2023,JAX,defense,Doug Pederson,Mike Caldwell,Mike Caldwell,Mike Caldwell,default_coordinator,medium,,False,Default assumption: the titled DC calls defense plays. Not evidence-verified.
2023,KC,offense,Andy Reid,Matt Nagy,Matt Nagy,Andy Reid,model_knowledge_unverified,medium,,False,"Believed: Andy Reid calls Kansas City's offensive plays as head coach for his entire KC tenure (2013-2025), as he did earlier at Philadelphia. Widely reported in NFL media but not sourced to a specific Wikipedia citation here - needs a source."
2023,KC,defense,Andy Reid,Steve Spagnuolo,Steve Spagnuolo,Steve Spagnuolo,default_coordinator,medium,,False,Default assumption: the titled DC calls defense plays. Not evidence-verified.
2023,LAC,offense,Brandon Staley | Giff Smith,Kellen Moore,Kellen Moore,Kellen Moore,default_coordinator,medium,,True,Default assumption: the titled OC calls offense plays. Not evidence-verified.
2023,LAC,defense,Brandon Staley | Giff Smith,Derrick Ansley,Derrick Ansley,Derrick Ansley,default_coordinator,medium,,True,Default assumption: the titled DC calls defense plays. Not evidence-verified.
2023,LAR,offense,Sean McVay,Mike LaFleur,Mike LaFleur,Sean McVay,model_knowledge_unverified,medium,,False,Believed: Sean McVay calls the Rams' offensive plays as head coach for his entire tenure (2017-2025). Widely reported; not sourced to a specific citation here - needs a source.
2023,LAR,defense,Sean McVay,Raheem Morris,Raheem Morris,Raheem Morris,default_coordinator,medium,,False,Default assumption: the titled DC calls defense plays. Not evidence-verified.
2023,MIA,offense,Mike McDaniel,Frank Smith,Frank Smith,Mike McDaniel,model_knowledge_unverified,medium,,False,"Believed: Mike McDaniel calls Miami's offensive plays as head coach (2022-2025), consistent with his Shanahan-tree offensive background. Widely reported; needs a source."
2023,MIA,defense,Mike McDaniel,Vic Fangio,Vic Fangio,Vic Fangio,default_coordinator,medium,,False,Default assumption: the titled DC calls defense plays. Not evidence-verified.
2023,MIN,offense,Kevin O'Connell,Wes Phillips,Wes Phillips,Kevin O'Connell,model_knowledge_unverified,medium,,False,Added in review. Believed: Kevin O'Connell called Minnesota's offensive plays as head coach. Not sourced; needs a source.
2023,MIN,defense,Kevin O'Connell,Brian Flores,Brian Flores,Brian Flores,default_coordinator,medium,,False,Default assumption: the titled DC calls defense plays. Not evidence-verified.
2023,NE,offense,Bill Belichick,Bill O'Brien,Bill O'Brien,Bill O'Brien,default_coordinator,medium,,False,Default assumption: the titled OC calls offense plays. Not evidence-verified.
2023,NE,defense,Bill Belichick,,Bill Belichick,Bill Belichick,default_no_coordinator_headcoach,low,,False,No titled DC found for this team-season; defaulting to the head coach as defense play-caller. Not evidence-verified.
2023,NO,offense,Dennis Allen,Pete Carmichael Jr.,Pete Carmichael Jr.,Pete Carmichael Jr.,default_coordinator,medium,,False,Default assumption: the titled OC calls offense plays. Not evidence-verified.
2023,NO,defense,Dennis Allen,Joe Woods,Joe Woods,Dennis Allen,model_knowledge_unverified,low,,False,Added in review. Believed: Dennis Allen called New Orleans's defensive plays as head coach until his dismissal during 2024. Not sourced; needs a source.
2023,NYG,offense,Brian Daboll,Mike Kafka,Mike Kafka,Mike Kafka,default_coordinator,medium,,False,Default assumption: the titled OC calls offense plays. Not evidence-verified.
2023,NYG,defense,Brian Daboll,Don Martindale,Don Martindale,Don Martindale,default_coordinator,medium,,False,Default assumption: the titled DC calls defense plays. Not evidence-verified.
2023,NYJ,offense,Robert Saleh,Nathaniel Hackett,Nathaniel Hackett,Nathaniel Hackett,default_coordinator,medium,,False,Default assumption: the titled OC calls offense plays. Not evidence-verified.
2023,NYJ,defense,Robert Saleh,Jeff Ulbrich,Jeff Ulbrich,Jeff Ulbrich,default_coordinator,medium,,False,Default assumption: the titled DC calls defense plays. Not evidence-verified.
2023,OAK,offense,Josh McDaniels | Antonio Pierce,Mick Lombardi | Bo Hardegree,Mick Lombardi | Bo Hardegree,Mick Lombardi | Bo Hardegree,default_coordinator,medium,,True,Default assumption: the titled OC calls offense plays. Not evidence-verified.
2023,OAK,defense,Josh McDaniels | Antonio Pierce,Patrick Graham,Patrick Graham,Patrick Graham,default_coordinator,medium,,True,Default assumption: the titled DC calls defense plays. Not evidence-verified.
2023,PHI,offense,Nick Sirianni,Brian Johnson,Brian Johnson,Brian Johnson,default_coordinator,medium,,False,Default assumption: the titled OC calls offense plays. Not evidence-verified.
2023,PHI,defense,Nick Sirianni,Sean Desai,Sean Desai,Sean Desai,default_coordinator,medium,,False,Default assumption: the titled DC calls defense plays. Not evidence-verified.
2023,PIT,offense,Mike Tomlin,Matt Canada | Eddie Faulkner,Matt Canada | Eddie Faulkner,Matt Canada | Eddie Faulkner,default_coordinator,medium,,True,Default assumption: the titled OC calls offense plays. Not evidence-verified.
2023,PIT,defense,Mike Tomlin,Teryl Austin,Teryl Austin,Teryl Austin,default_coordinator,medium,,False,Default assumption: the titled DC calls defense plays. Not evidence-verified.
2023,SEA,offense,Pete Carroll,Shane Waldron,Shane Waldron,Shane Waldron,default_coordinator,medium,,False,Default assumption: the titled OC calls offense plays. Not evidence-verified.
2023,SEA,defense,Pete Carroll,Clint Hurtt,Clint Hurtt,Clint Hurtt,default_coordinator,medium,,False,Default assumption: the titled DC calls defense plays. Not evidence-verified.
2023,SF,offense,Kyle Shanahan,Kyle Shanahan,Kyle Shanahan,Kyle Shanahan,model_knowledge_unverified,medium,,False,"Believed: Kyle Shanahan calls San Francisco's offensive plays as head coach for his entire tenure (2017-2025), consistent with his offensive-coordinator background. Widely reported; needs a source."
2023,SF,defense,Kyle Shanahan,Steve Wilks,Steve Wilks,Steve Wilks,default_coordinator,medium,,False,Default assumption: the titled DC calls defense plays. Not evidence-verified.
2023,TB,offense,Todd Bowles,Dave Canales,Dave Canales,Dave Canales,default_coordinator,medium,,False,Default assumption: the titled OC calls offense plays. Not evidence-verified.
2023,TB,defense,Todd Bowles,,Todd Bowles,Todd Bowles,model_knowledge_unverified,medium,,False,"Believed: Todd Bowles calls Tampa Bay's defensive plays as head coach (2022-2025), continuing the role he held as Tampa Bay's own defensive coordinator/DC-as-HC in 2019-2021. Widely reported; needs a source."
2023,TEN,offense,Mike Vrabel,Tim Kelly,Tim Kelly,Tim Kelly,default_coordinator,medium,,False,Default assumption: the titled OC calls offense plays. Not evidence-verified.
2023,TEN,defense,Mike Vrabel,Shane Bowen,Shane Bowen,Shane Bowen,default_coordinator,medium,,False,Default assumption: the titled DC calls defense plays. Not evidence-verified.
2023,WSH,offense,Ron Rivera,Eric Bieniemy,Eric Bieniemy,Eric Bieniemy,default_coordinator,medium,,False,Default assumption: the titled OC calls offense plays. Not evidence-verified.
2023,WSH,defense,Ron Rivera,Jack Del Rio | Ron Rivera,Jack Del Rio | Ron Rivera,Jack Del Rio | Ron Rivera,default_coordinator,medium,,True,Default assumption: the titled DC calls defense plays. Not evidence-verified.
2024,ARI,offense,Jonathan Gannon,Drew Petzing,Drew Petzing,Drew Petzing,default_coordinator,medium,,False,Default assumption: the titled OC calls offense plays. Not evidence-verified.
2024,ARI,defense,Jonathan Gannon,Nick Rallis,Nick Rallis,Nick Rallis,default_coordinator,medium,,False,Default assumption: the titled DC calls defense plays. Not evidence-verified.
2024,ATL,offense,Raheem Morris,Zac Robinson,Zac Robinson,Zac Robinson,default_coordinator,medium,,False,Default assumption: the titled OC calls offense plays. Not evidence-verified.
2024,ATL,defense,Raheem Morris,Jimmy Lake,Jimmy Lake,Jimmy Lake,default_coordinator,medium,,False,Default assumption: the titled DC calls defense plays. Not evidence-verified.
2024,BAL,offense,John Harbaugh,Todd Monken,Todd Monken,Todd Monken,default_coordinator,medium,,False,Default assumption: the titled OC calls offense plays. Not evidence-verified.
2024,BAL,defense,John Harbaugh,Zach Orr,Zach Orr,Zach Orr,default_coordinator,medium,,False,Default assumption: the titled DC calls defense plays. Not evidence-verified.
2024,BUF,offense,Sean McDermott,Joe Brady,Joe Brady,Joe Brady,default_coordinator,medium,,False,Default assumption: the titled OC calls offense plays. Not evidence-verified.
2024,BUF,defense,Sean McDermott,Bobby Babich,Bobby Babich,Bobby Babich,default_coordinator,medium,,False,Default assumption: the titled DC calls defense plays. Not evidence-verified.
2024,CAR,offense,Dave Canales,Brad Idzik,Brad Idzik,Dave Canales,model_knowledge_unverified,medium,,False,Added in review. Believed: Dave Canales called Carolina's offensive plays as head coach. Not sourced; needs a source.
2024,CAR,defense,Dave Canales,Ejiro Evero,Ejiro Evero,Ejiro Evero,default_coordinator,medium,,False,Default assumption: the titled DC calls defense plays. Not evidence-verified.
2024,CHI,offense,Matt Eberflus | Thomas Brown,Shane Waldron | Chris Beatty,Shane Waldron | Chris Beatty,Shane Waldron | Chris Beatty,default_coordinator,medium,,True,Default assumption: the titled OC calls offense plays. Not evidence-verified.
2024,CHI,defense,Matt Eberflus | Thomas Brown,Eric Washington,Eric Washington,Eric Washington,default_coordinator,medium,,True,Default assumption: the titled DC calls defense plays. Not evidence-verified.
2024,CIN,offense,Zac Taylor,Dan Pitcher,Dan Pitcher,Zac Taylor,model_knowledge_unverified,medium,,False,Added in review. Believed: Zac Taylor called Cincinnati's offensive plays as head coach. Not sourced; needs a source.
2024,CIN,defense,Zac Taylor,Lou Anarumo,Lou Anarumo,Lou Anarumo,default_coordinator,medium,,False,Default assumption: the titled DC calls defense plays. Not evidence-verified.
2024,CLE,offense,Kevin Stefanski,Ken Dorsey,Ken Dorsey,Kevin Stefanski | Ken Dorsey,evidence_wikipedia,medium,16,False,"Wikipedia team-season page states: ""It was later announced that head coach Kevin Stefanski would relinquish playcalling duties to offensive coordinator Ken Dorsey moving forward. ====Week 8: vs."" (evidence id 16)."
2024,CLE,defense,Kevin Stefanski,Jim Schwartz,Jim Schwartz,Jim Schwartz,default_coordinator,medium,,False,Default assumption: the titled DC calls defense plays. Not evidence-verified.
2024,DAL,offense,Mike McCarthy,Brian Schottenheimer,Brian Schottenheimer,Mike McCarthy,model_knowledge_unverified,medium,,False,Added in review. Believed: Mike McCarthy called Dallas's offensive plays as head coach. Not sourced; needs a source.
2024,DAL,defense,Mike McCarthy,Mike Zimmer,Mike Zimmer,Mike Zimmer,default_coordinator,medium,,False,Default assumption: the titled DC calls defense plays. Not evidence-verified.
2024,DEN,offense,Sean Payton,Joe Lombardi,Joe Lombardi,Sean Payton,model_knowledge_unverified,medium,,False,"Believed: Sean Payton calls Denver's offensive plays as head coach (2023-2025), continuing the pattern from his New Orleans tenure. Widely reported; needs a source."
2024,DEN,defense,Sean Payton,Vance Joseph,Vance Joseph,Vance Joseph,default_coordinator,medium,,False,Default assumption: the titled DC calls defense plays. Not evidence-verified.
2024,DET,offense,Dan Campbell,Ben Johnson,Ben Johnson,Ben Johnson,default_coordinator,medium,,False,Default assumption: the titled OC calls offense plays. Not evidence-verified.
2024,DET,defense,Dan Campbell,Aaron Glenn,Aaron Glenn,Aaron Glenn,default_coordinator,medium,,False,Default assumption: the titled DC calls defense plays. Not evidence-verified.
2024,GB,offense,Matt LaFleur,Adam Stenavich,Adam Stenavich,Matt LaFleur,model_knowledge_unverified,medium,,False,Added in review. Believed: Matt LaFleur called Green Bay's offensive plays as head coach. Not sourced; needs a source.
2024,GB,defense,Matt LaFleur,Jeff Hafley,Jeff Hafley,Jeff Hafley,default_coordinator,medium,,False,Default assumption: the titled DC calls defense plays. Not evidence-verified.
2024,HOU,offense,DeMeco Ryans,Bobby Slowik,Bobby Slowik,Bobby Slowik,default_coordinator,medium,,False,Default assumption: the titled OC calls offense plays. Not evidence-verified.
2024,HOU,defense,DeMeco Ryans,Matt Burke,Matt Burke,DeMeco Ryans,model_knowledge_unverified,low,,False,Added in review. Believed: DeMeco Ryans called Houston's defensive plays as head coach. Not sourced; needs a source.
2024,IND,offense,Shane Steichen,Jim Bob Cooter,Jim Bob Cooter,Shane Steichen,model_knowledge_unverified,medium,,False,Added in review. Believed: Shane Steichen called Indianapolis's offensive plays as head coach. Not sourced; needs a source.
2024,IND,defense,Shane Steichen,Gus Bradley,Gus Bradley,Gus Bradley,default_coordinator,medium,,False,Default assumption: the titled DC calls defense plays. Not evidence-verified.
2024,JAX,offense,Doug Pederson,Press Taylor,Press Taylor,Press Taylor,default_coordinator,medium,,False,Default assumption: the titled OC calls offense plays. Not evidence-verified.
2024,JAX,defense,Doug Pederson,Ryan Nielsen,Ryan Nielsen,Ryan Nielsen,default_coordinator,medium,,False,Default assumption: the titled DC calls defense plays. Not evidence-verified.
2024,KC,offense,Andy Reid,Matt Nagy,Matt Nagy,Andy Reid,model_knowledge_unverified,medium,,False,"Believed: Andy Reid calls Kansas City's offensive plays as head coach for his entire KC tenure (2013-2025), as he did earlier at Philadelphia. Widely reported in NFL media but not sourced to a specific Wikipedia citation here - needs a source."
2024,KC,defense,Andy Reid,Steve Spagnuolo,Steve Spagnuolo,Steve Spagnuolo,default_coordinator,medium,,False,Default assumption: the titled DC calls defense plays. Not evidence-verified.
2024,LAC,offense,Jim Harbaugh,Greg Roman,Greg Roman,Greg Roman,default_coordinator,medium,,False,Default assumption: the titled OC calls offense plays. Not evidence-verified.
2024,LAC,defense,Jim Harbaugh,Jesse Minter,Jesse Minter,Jesse Minter,default_coordinator,medium,,False,Default assumption: the titled DC calls defense plays. Not evidence-verified.
2024,LAR,offense,Sean McVay,Mike LaFleur,Mike LaFleur,Sean McVay,model_knowledge_unverified,medium,,False,Believed: Sean McVay calls the Rams' offensive plays as head coach for his entire tenure (2017-2025). Widely reported; not sourced to a specific citation here - needs a source.
2024,LAR,defense,Sean McVay,Chris Shula,Chris Shula,Chris Shula,default_coordinator,medium,,False,Default assumption: the titled DC calls defense plays. Not evidence-verified.
2024,MIA,offense,Mike McDaniel,Frank Smith,Frank Smith,Mike McDaniel,model_knowledge_unverified,medium,,False,"Believed: Mike McDaniel calls Miami's offensive plays as head coach (2022-2025), consistent with his Shanahan-tree offensive background. Widely reported; needs a source."
2024,MIA,defense,Mike McDaniel,Anthony Weaver,Anthony Weaver,Anthony Weaver,default_coordinator,medium,,False,Default assumption: the titled DC calls defense plays. Not evidence-verified.
2024,MIN,offense,Kevin O'Connell,Wes Phillips,Wes Phillips,Kevin O'Connell,model_knowledge_unverified,medium,,False,Added in review. Believed: Kevin O'Connell called Minnesota's offensive plays as head coach. Not sourced; needs a source.
2024,MIN,defense,Kevin O'Connell,Brian Flores,Brian Flores,Brian Flores,default_coordinator,medium,,False,Default assumption: the titled DC calls defense plays. Not evidence-verified.
2024,NE,offense,Jerod Mayo,Alex Van Pelt,Alex Van Pelt,Alex Van Pelt,default_coordinator,medium,,False,Default assumption: the titled OC calls offense plays. Not evidence-verified.
2024,NE,defense,Jerod Mayo,DeMarcus Covington,DeMarcus Covington,DeMarcus Covington,default_coordinator,medium,,False,Default assumption: the titled DC calls defense plays. Not evidence-verified.
2024,NO,offense,Dennis Allen | Darren Rizzi,Klint Kubiak,Klint Kubiak,Klint Kubiak,default_coordinator,medium,,True,Default assumption: the titled OC calls offense plays. Not evidence-verified.
2024,NO,defense,Dennis Allen | Darren Rizzi,Joe Woods,Joe Woods,Joe Woods,default_coordinator,medium,,True,Default assumption: the titled DC calls defense plays. Not evidence-verified.
2024,NYG,offense,Brian Daboll,Mike Kafka,Mike Kafka,Brian Daboll,model_knowledge_unverified,low,,False,Added in review. Believed: Brian Daboll called the Giants's offensive plays as head coach in 2024 after the coordinator called plays in 2022 and 2023. Not sourced; needs a source.
2024,NYG,defense,Brian Daboll,Shane Bowen,Shane Bowen,Shane Bowen,default_coordinator,medium,,False,Default assumption: the titled DC calls defense plays. Not evidence-verified.
2024,NYJ,offense,Robert Saleh | Jeff Ulbrich,Nathaniel Hackett,Nathaniel Hackett,Nathaniel Hackett,default_coordinator,medium,,True,Default assumption: the titled OC calls offense plays. Not evidence-verified.
2024,NYJ,defense,Robert Saleh | Jeff Ulbrich,Marquand Manuel,Marquand Manuel,Marquand Manuel,default_coordinator,medium,,True,Default assumption: the titled DC calls defense plays. Not evidence-verified.
2024,OAK,offense,Antonio Pierce,Luke Getsy | Scott Turner,Luke Getsy | Scott Turner,Luke Getsy | Scott Turner,default_coordinator,medium,,True,Default assumption: the titled OC calls offense plays. Not evidence-verified.
2024,OAK,defense,Antonio Pierce,Patrick Graham,Patrick Graham,Patrick Graham,default_coordinator,medium,,False,Default assumption: the titled DC calls defense plays. Not evidence-verified.
2024,PHI,offense,Nick Sirianni,Kellen Moore,Kellen Moore,Kellen Moore,default_coordinator,medium,,False,Default assumption: the titled OC calls offense plays. Not evidence-verified.
2024,PHI,defense,Nick Sirianni,Vic Fangio,Vic Fangio,Vic Fangio,default_coordinator,medium,,False,Default assumption: the titled DC calls defense plays. Not evidence-verified.
2024,PIT,offense,Mike Tomlin,Arthur Smith,Arthur Smith,Arthur Smith,default_coordinator,medium,,False,Default assumption: the titled OC calls offense plays. Not evidence-verified.
2024,PIT,defense,Mike Tomlin,Teryl Austin,Teryl Austin,Teryl Austin,default_coordinator,medium,,False,Default assumption: the titled DC calls defense plays. Not evidence-verified.
2024,SEA,offense,Mike Macdonald,Ryan Grubb,Ryan Grubb,Ryan Grubb,default_coordinator,medium,,False,Default assumption: the titled OC calls offense plays. Not evidence-verified.
2024,SEA,defense,Mike Macdonald,Aden Durde,Aden Durde,Mike Macdonald,model_knowledge_unverified,medium,,False,Added in review. Believed: Mike Macdonald called Seattle's defensive plays as head coach. Not sourced; needs a source.
2024,SF,offense,Kyle Shanahan,Kyle Shanahan,Kyle Shanahan,Kyle Shanahan,model_knowledge_unverified,medium,,False,"Believed: Kyle Shanahan calls San Francisco's offensive plays as head coach for his entire tenure (2017-2025), consistent with his offensive-coordinator background. Widely reported; needs a source."
2024,SF,defense,Kyle Shanahan,Nick Sorensen,Nick Sorensen,Nick Sorensen,default_coordinator,medium,,False,Default assumption: the titled DC calls defense plays. Not evidence-verified.
2024,TB,offense,Todd Bowles,Liam Coen,Liam Coen,Liam Coen,default_coordinator,medium,,False,Default assumption: the titled OC calls offense plays. Not evidence-verified.
2024,TB,defense,Todd Bowles,,Todd Bowles,Todd Bowles,model_knowledge_unverified,medium,,False,"Believed: Todd Bowles calls Tampa Bay's defensive plays as head coach (2022-2025), continuing the role he held as Tampa Bay's own defensive coordinator/DC-as-HC in 2019-2021. Widely reported; needs a source."
2024,TEN,offense,Brian Callahan,Nick Holz,Nick Holz,Brian Callahan,model_knowledge_unverified,low,,False,Added in review. Believed: Brian Callahan called Tennessee's offensive plays as head coach until his dismissal during 2025. Not sourced; needs a source.
2024,TEN,defense,Brian Callahan,Dennard Wilson,Dennard Wilson,Dennard Wilson,default_coordinator,medium,,False,Default assumption: the titled DC calls defense plays. Not evidence-verified.
2024,WSH,offense,Dan Quinn,Kliff Kingsbury,Kliff Kingsbury,Kliff Kingsbury,default_coordinator,medium,,False,Default assumption: the titled OC calls offense plays. Not evidence-verified.
2024,WSH,defense,Dan Quinn,Joe Whitt Jr.,Joe Whitt Jr.,Joe Whitt Jr.,default_coordinator,medium,,False,Default assumption: the titled DC calls defense plays. Not evidence-verified.
2025,ARI,offense,Jonathan Gannon,Drew Petzing,Drew Petzing,Drew Petzing,default_coordinator,medium,,False,Default assumption: the titled OC calls offense plays. Not evidence-verified.
2025,ARI,defense,Jonathan Gannon,Nick Rallis,Nick Rallis,Nick Rallis,default_coordinator,medium,,False,Default assumption: the titled DC calls defense plays. Not evidence-verified.
2025,ATL,offense,Raheem Morris,Zac Robinson,Zac Robinson,Zac Robinson,default_coordinator,medium,,False,Default assumption: the titled OC calls offense plays. Not evidence-verified.
2025,ATL,defense,Raheem Morris,Jeff Ulbrich,Jeff Ulbrich,Jeff Ulbrich,default_coordinator,medium,,False,Default assumption: the titled DC calls defense plays. Not evidence-verified.
2025,BAL,offense,John Harbaugh,Todd Monken,Todd Monken,Todd Monken,default_coordinator,medium,,False,Default assumption: the titled OC calls offense plays. Not evidence-verified.
2025,BAL,defense,John Harbaugh,Zach Orr,Zach Orr,Zach Orr,default_coordinator,medium,,False,Default assumption: the titled DC calls defense plays. Not evidence-verified.
2025,BUF,offense,Sean McDermott,Joe Brady,Joe Brady,Joe Brady,default_coordinator,medium,,False,Default assumption: the titled OC calls offense plays. Not evidence-verified.
2025,BUF,defense,Sean McDermott,Bobby Babich,Bobby Babich,Bobby Babich,default_coordinator,medium,,False,Default assumption: the titled DC calls defense plays. Not evidence-verified.
2025,CAR,offense,Dave Canales,Brad Idzik,Brad Idzik,Dave Canales,model_knowledge_unverified,medium,,False,Added in review. Believed: Dave Canales called Carolina's offensive plays as head coach. Not sourced; needs a source.
2025,CAR,defense,Dave Canales,Ejiro Evero,Ejiro Evero,Ejiro Evero,default_coordinator,medium,,False,Default assumption: the titled DC calls defense plays. Not evidence-verified.
2025,CHI,offense,Ben Johnson,Declan Doyle,Declan Doyle,Ben Johnson,model_knowledge_unverified,medium,,False,Added in review. Believed: Ben Johnson called Chicago's offensive plays as head coach. Not sourced; needs a source.
2025,CHI,defense,Ben Johnson,Dennis Allen,Dennis Allen,Dennis Allen,default_coordinator,medium,,False,Default assumption: the titled DC calls defense plays. Not evidence-verified.
2025,CIN,offense,Zac Taylor,Dan Pitcher,Dan Pitcher,Zac Taylor,model_knowledge_unverified,medium,,False,Added in review. Believed: Zac Taylor called Cincinnati's offensive plays as head coach. Not sourced; needs a source.
2025,CIN,defense,Zac Taylor,Al Golden,Al Golden,Al Golden,default_coordinator,medium,,False,Default assumption: the titled DC calls defense plays. Not evidence-verified.
2025,CLE,offense,Kevin Stefanski,Tommy Rees,Tommy Rees,Tommy Rees,default_coordinator,medium,,False,Default assumption: the titled OC calls offense plays. Not evidence-verified.
2025,CLE,defense,Kevin Stefanski,Jim Schwartz,Jim Schwartz,Jim Schwartz,default_coordinator,medium,,False,Default assumption: the titled DC calls defense plays. Not evidence-verified.
2025,DAL,offense,Brian Schottenheimer,Klayton Adams,Klayton Adams,Brian Schottenheimer,model_knowledge_unverified,low,,False,Added in review. Believed: Brian Schottenheimer called Dallas's offensive plays as head coach. Not sourced; needs a source.
2025,DAL,defense,Brian Schottenheimer,Matt Eberflus,Matt Eberflus,Matt Eberflus,default_coordinator,medium,,False,Default assumption: the titled DC calls defense plays. Not evidence-verified.
2025,DEN,offense,Sean Payton,Joe Lombardi,Joe Lombardi,Sean Payton,model_knowledge_unverified,medium,,False,"Believed: Sean Payton calls Denver's offensive plays as head coach (2023-2025), continuing the pattern from his New Orleans tenure. Widely reported; needs a source."
2025,DEN,defense,Sean Payton,Vance Joseph,Vance Joseph,Vance Joseph,default_coordinator,medium,,False,Default assumption: the titled DC calls defense plays. Not evidence-verified.
2025,DET,offense,Dan Campbell,John Morton,John Morton,Dan Campbell,model_knowledge_unverified,low,,False,Added in review. Believed: Dan Campbell called Detroit's offensive plays as head coach for the later part of 2025 after taking over from the coordinator; a mid-season change that needs a date. Not sourced; needs a source.
2025,DET,defense,Dan Campbell,Kelvin Sheppard,Kelvin Sheppard,Kelvin Sheppard,default_coordinator,medium,,False,Default assumption: the titled DC calls defense plays. Not evidence-verified.
2025,GB,offense,Matt LaFleur,Adam Stenavich,Adam Stenavich,Matt LaFleur,model_knowledge_unverified,medium,,False,Added in review. Believed: Matt LaFleur called Green Bay's offensive plays as head coach. Not sourced; needs a source.
2025,GB,defense,Matt LaFleur,Jeff Hafley,Jeff Hafley,Jeff Hafley,default_coordinator,medium,,False,Default assumption: the titled DC calls defense plays. Not evidence-verified.
2025,HOU,offense,DeMeco Ryans,Nick Caley,Nick Caley,Nick Caley,default_coordinator,medium,,False,Default assumption: the titled OC calls offense plays. Not evidence-verified.
2025,HOU,defense,DeMeco Ryans,Matt Burke,Matt Burke,DeMeco Ryans,model_knowledge_unverified,low,,False,Added in review. Believed: DeMeco Ryans called Houston's defensive plays as head coach. Not sourced; needs a source.
2025,IND,offense,Shane Steichen,Jim Bob Cooter,Jim Bob Cooter,Shane Steichen,model_knowledge_unverified,medium,,False,Added in review. Believed: Shane Steichen called Indianapolis's offensive plays as head coach. Not sourced; needs a source.
2025,IND,defense,Shane Steichen,Lou Anarumo,Lou Anarumo,Lou Anarumo,default_coordinator,medium,,False,Default assumption: the titled DC calls defense plays. Not evidence-verified.
2025,JAX,offense,Liam Coen,Grant Udinski,Grant Udinski,Liam Coen,model_knowledge_unverified,low,,False,Added in review. Believed: Liam Coen called Jacksonville's offensive plays as head coach. Not sourced; needs a source.
2025,JAX,defense,Liam Coen,Anthony Campanile,Anthony Campanile,Anthony Campanile,default_coordinator,medium,,False,Default assumption: the titled DC calls defense plays. Not evidence-verified.
2025,KC,offense,Andy Reid,Matt Nagy,Matt Nagy,Andy Reid,model_knowledge_unverified,medium,,False,"Believed: Andy Reid calls Kansas City's offensive plays as head coach for his entire KC tenure (2013-2025), as he did earlier at Philadelphia. Widely reported in NFL media but not sourced to a specific Wikipedia citation here - needs a source."
2025,KC,defense,Andy Reid,Steve Spagnuolo,Steve Spagnuolo,Steve Spagnuolo,default_coordinator,medium,,False,Default assumption: the titled DC calls defense plays. Not evidence-verified.
2025,LAC,offense,Jim Harbaugh,Greg Roman,Greg Roman,Greg Roman,default_coordinator,medium,,False,Default assumption: the titled OC calls offense plays. Not evidence-verified.
2025,LAC,defense,Jim Harbaugh,Jesse Minter,Jesse Minter,Jesse Minter,default_coordinator,medium,,False,Default assumption: the titled DC calls defense plays. Not evidence-verified.
2025,LAR,offense,Sean McVay,Mike LaFleur,Mike LaFleur,Sean McVay,model_knowledge_unverified,medium,,False,Believed: Sean McVay calls the Rams' offensive plays as head coach for his entire tenure (2017-2025). Widely reported; not sourced to a specific citation here - needs a source.
2025,LAR,defense,Sean McVay,Chris Shula,Chris Shula,Chris Shula,default_coordinator,medium,,False,Default assumption: the titled DC calls defense plays. Not evidence-verified.
2025,MIA,offense,Mike McDaniel,Frank Smith,Frank Smith,Mike McDaniel,model_knowledge_unverified,medium,,False,"Believed: Mike McDaniel calls Miami's offensive plays as head coach (2022-2025), consistent with his Shanahan-tree offensive background. Widely reported; needs a source."
2025,MIA,defense,Mike McDaniel,Anthony Weaver,Anthony Weaver,Anthony Weaver,default_coordinator,medium,,False,Default assumption: the titled DC calls defense plays. Not evidence-verified.
2025,MIN,offense,Kevin O'Connell,Wes Phillips,Wes Phillips,Kevin O'Connell,model_knowledge_unverified,medium,,False,Added in review. Believed: Kevin O'Connell called Minnesota's offensive plays as head coach. Not sourced; needs a source.
2025,MIN,defense,Kevin O'Connell,Brian Flores,Brian Flores,Brian Flores,default_coordinator,medium,,False,Default assumption: the titled DC calls defense plays. Not evidence-verified.
2025,NE,offense,Mike Vrabel,Josh McDaniels,Josh McDaniels,Josh McDaniels,default_coordinator,medium,,False,Default assumption: the titled OC calls offense plays. Not evidence-verified.
2025,NE,defense,Mike Vrabel,Terrell Williams,Terrell Williams,Terrell Williams,default_coordinator,medium,,False,Default assumption: the titled DC calls defense plays. Not evidence-verified.
2025,NO,offense,Kellen Moore,Doug Nussmeier,Doug Nussmeier,Doug Nussmeier,default_coordinator,medium,,False,Default assumption: the titled OC calls offense plays. Not evidence-verified.
2025,NO,defense,Kellen Moore,Brandon Staley,Brandon Staley,Brandon Staley,default_coordinator,medium,,False,Default assumption: the titled DC calls defense plays. Not evidence-verified.
2025,NYG,offense,Brian Daboll | Mike Kafka,Tim Kelly,Tim Kelly,Tim Kelly,default_coordinator,medium,,True,Default assumption: the titled OC calls offense plays. Not evidence-verified.
2025,NYG,defense,Brian Daboll | Mike Kafka,Charlie Bullen,Charlie Bullen,Charlie Bullen,default_coordinator,medium,,True,Default assumption: the titled DC calls defense plays. Not evidence-verified.
2025,NYJ,offense,Aaron Glenn,Tanner Engstrand,Tanner Engstrand,Tanner Engstrand,default_coordinator,medium,,False,Default assumption: the titled OC calls offense plays. Not evidence-verified.
2025,NYJ,defense,Aaron Glenn,Chris Harris,Chris Harris,Chris Harris,evidence_wikipedia,high,17,False,"Wikipedia team-season page states: ""Defensive backs/pass game coordinator Chris Harris took over as the team’s defensive play-caller. ====Week 16: at New Orleans Saints==== With the loss, the Jets fell to 3–12 and finished 1–3 against the NFC South (1–4 against the NFC)."" (evidence id 17)."
2025,OAK,offense,Pete Carroll,Greg Olson,Greg Olson,Greg Olson,default_coordinator,medium,,False,Default assumption: the titled OC calls offense plays. Not evidence-verified.
2025,OAK,defense,Pete Carroll,Patrick Graham,Patrick Graham,Patrick Graham,default_coordinator,medium,,False,Default assumption: the titled DC calls defense plays. Not evidence-verified.
2025,PHI,offense,Nick Sirianni,Kevin Patullo,Kevin Patullo,Kevin Patullo,default_coordinator,medium,,False,Default assumption: the titled OC calls offense plays. Not evidence-verified.
2025,PHI,defense,Nick Sirianni,Vic Fangio,Vic Fangio,Vic Fangio,default_coordinator,medium,,False,Default assumption: the titled DC calls defense plays. Not evidence-verified.
2025,PIT,offense,Mike Tomlin,Arthur Smith,Arthur Smith,Arthur Smith,default_coordinator,medium,,False,Default assumption: the titled OC calls offense plays. Not evidence-verified.
2025,PIT,defense,Mike Tomlin,Teryl Austin,Teryl Austin,Teryl Austin,default_coordinator,medium,,False,Default assumption: the titled DC calls defense plays. Not evidence-verified.
2025,SEA,offense,Mike Macdonald,Klint Kubiak,Klint Kubiak,Klint Kubiak,default_coordinator,medium,,False,Default assumption: the titled OC calls offense plays. Not evidence-verified.
2025,SEA,defense,Mike Macdonald,Aden Durde,Aden Durde,Mike Macdonald,model_knowledge_unverified,medium,,False,Added in review. Believed: Mike Macdonald called Seattle's defensive plays as head coach. Not sourced; needs a source.
2025,SF,offense,Kyle Shanahan,Klay Kubiak,Klay Kubiak,Kyle Shanahan,model_knowledge_unverified,medium,,False,"Believed: Kyle Shanahan calls San Francisco's offensive plays as head coach for his entire tenure (2017-2025), consistent with his offensive-coordinator background. Widely reported; needs a source."
2025,SF,defense,Kyle Shanahan,Robert Saleh,Robert Saleh,Robert Saleh,default_coordinator,medium,,False,Default assumption: the titled DC calls defense plays. Not evidence-verified.
2025,TB,offense,Todd Bowles,Josh Grizzard,Josh Grizzard,Josh Grizzard,default_coordinator,medium,,False,Default assumption: the titled OC calls offense plays. Not evidence-verified.
2025,TB,defense,Todd Bowles,,Todd Bowles,Todd Bowles,model_knowledge_unverified,medium,,False,"Believed: Todd Bowles calls Tampa Bay's defensive plays as head coach (2022-2025), continuing the role he held as Tampa Bay's own defensive coordinator/DC-as-HC in 2019-2021. Widely reported; needs a source."
2025,TEN,offense,Brian Callahan | Mike McCoy,Nick Holz,Nick Holz,Nick Holz,default_coordinator,medium,,True,Default assumption: the titled OC calls offense plays. Not evidence-verified.
2025,TEN,defense,Brian Callahan | Mike McCoy,Dennard Wilson,Dennard Wilson,Dennard Wilson,default_coordinator,medium,,True,Default assumption: the titled DC calls defense plays. Not evidence-verified.
2025,WSH,offense,Dan Quinn,Kliff Kingsbury,Kliff Kingsbury,Kliff Kingsbury,default_coordinator,medium,,False,Default assumption: the titled OC calls offense plays. Not evidence-verified.
2025,WSH,defense,Dan Quinn,Joe Whitt Jr.,Joe Whitt Jr.,Joe Whitt Jr.,default_coordinator,medium,,False,Default assumption: the titled DC calls defense plays. Not evidence-verified.
