season,franchise,wiki_title,wiki_url,head_coach,offensive_coordinator,defensive_coordinator,n_hc,n_oc,n_dc,source_field,raw_note
2011,ARI,2011 Arizona Cardinals season,https://en.wikipedia.org/wiki/2011_Arizona_Cardinals_season,Ken Whisenhunt,,,1,0,0,infobox,head_coach infobox raw: [[Ken Whisenhunt]]
2011,ATL,2011 Atlanta Falcons season,https://en.wikipedia.org/wiki/2011_Atlanta_Falcons_season,Mike Smith,Mike Mularkey,Brian VanGorder,1,1,1,infobox,head_coach infobox raw: [[Mike Smith (American football coach)|Mike Smith]] || offensive_coordinator infobox raw: [[Mike Mularkey]] || defensive_coordinator infobox raw: [[Brian VanGorder]]
2011,BAL,2011 Baltimore Ravens season,https://en.wikipedia.org/wiki/2011_Baltimore_Ravens_season,John Harbaugh,Cam Cameron,Chuck Pagano,1,1,1,infobox,head_coach infobox raw: [[John Harbaugh]] || offensive_coordinator infobox raw: [[Cam Cameron]] || defensive_coordinator infobox raw: [[Chuck Pagano]]
2011,BUF,2011 Buffalo Bills season,https://en.wikipedia.org/wiki/2011_Buffalo_Bills_season,Chan Gailey,,,1,0,0,infobox,head_coach infobox raw: [[Chan Gailey]]
2011,CAR,2011 Carolina Panthers season,https://en.wikipedia.org/wiki/2011_Carolina_Panthers_season,Ron Rivera,,,1,0,0,infobox,head_coach infobox raw: [[Ron Rivera]]
2011,CHI,2011 Chicago Bears season,https://en.wikipedia.org/wiki/2011_Chicago_Bears_season,Lovie Smith,,,1,0,0,infobox,head_coach infobox raw: [[Lovie Smith]]
2011,CIN,2011 Cincinnati Bengals season,https://en.wikipedia.org/wiki/2011_Cincinnati_Bengals_season,Marvin Lewis,Jay Gruden,Mike Zimmer,1,1,1,infobox,head_coach infobox raw: [[Marvin Lewis]] || offensive_coordinator infobox raw: [[Jay Gruden]] || defensive_coordinator infobox raw: [[Mike Zimmer]]
2011,CLE,2011 Cleveland Browns season,https://en.wikipedia.org/wiki/2011_Cleveland_Browns_season,Pat Shurmur,,Dick Jauron,1,0,1,infobox,head_coach infobox raw: [[Pat Shurmur]] || defensive_coordinator infobox raw: [[Dick Jauron]]
2011,DAL,2011 Dallas Cowboys season,https://en.wikipedia.org/wiki/2011_Dallas_Cowboys_season,Jason Garrett,,Rob Ryan,1,0,1,both,head_coach infobox raw: [[Jason Garrett]] || head_coach staff raw: [[Jason Garrett]] || defensive_coordinator staff raw: [[Rob Ryan]]
2011,DEN,2011 Denver Broncos season,https://en.wikipedia.org/wiki/2011_Denver_Broncos_season,John Fox,Mike McCoy,Dennis Allen,1,1,1,both,head_coach infobox raw: [[John Fox (American football)|John Fox]] || head_coach staff raw: [[John Fox (American football)|John Fox]] || offensive_coordinator infobox raw: [[Mike McCoy (American football coach)|Mike McCoy]] || offensive_coordinator staff raw: [[Mike McCoy (American football coach)|Mike McCoy]] || defensive_coordinator infobox raw: [[Dennis Allen (American football)|Dennis Allen]] || defensive_coordinator staff raw: [[Dennis Allen (American football)|Dennis Allen]]
2011,DET,2011 Detroit Lions season,https://en.wikipedia.org/wiki/2011_Detroit_Lions_season,Jim Schwartz,Scott Linehan,Gunther Cunningham,1,1,1,infobox,head_coach infobox raw: [[Jim Schwartz]] || offensive_coordinator infobox raw: [[Scott Linehan]] || defensive_coordinator infobox raw: [[Gunther Cunningham]]
2011,GB,2011 Green Bay Packers season,https://en.wikipedia.org/wiki/2011_Green_Bay_Packers_season,Mike McCarthy,Joe Philbin,Dom Capers,1,1,1,infobox,head_coach infobox raw: [[Mike McCarthy]] || offensive_coordinator infobox raw: [[Joe Philbin]] || defensive_coordinator infobox raw: [[Dom Capers]]
2011,HOU,2011 Houston Texans season,https://en.wikipedia.org/wiki/2011_Houston_Texans_season,Gary Kubiak,Rick Dennison,Wade Phillips,1,1,1,infobox,head_coach infobox raw: [[Gary Kubiak]] || offensive_coordinator infobox raw: [[Rick Dennison]] || defensive_coordinator infobox raw: [[Wade Phillips]]
2011,IND,2011 Indianapolis Colts season,https://en.wikipedia.org/wiki/2011_Indianapolis_Colts_season,Jim Caldwell,,,1,0,0,infobox,head_coach infobox raw: [[Jim Caldwell (American football)|Jim Caldwell]]
2011,JAX,2011 Jacksonville Jaguars season,https://en.wikipedia.org/wiki/2011_Jacksonville_Jaguars_season,Jack Del Rio | Mel Tucker,Dirk Koetter,Mel Tucker,2,1,1,infobox,head_coach infobox raw: [[Jack Del Rio]] (fired November 29; 3–8 record)<br>[[Mel Tucker]] (interim; 2–3 record) || offensive_coordinator infobox raw: [[Dirk Koetter]] || defensive_coordinator infobox raw: [[Mel Tucker]]
2011,KC,2011 Kansas City Chiefs season,https://en.wikipedia.org/wiki/2011_Kansas_City_Chiefs_season,Todd Haley | Romeo Crennel,Bill Muir,Romeo Crennel,2,1,1,both,"head_coach infobox raw: [[Todd Haley]] (fired Dec. 12, 5–8 record)<br>[[Romeo Crennel]] (interim, 2–1 record) || head_coach staff raw: [[Todd Haley]] (fired Dec 12, 2011) ; [[Romeo Crennel]] || offensive_coordinator infobox raw: [[Bill Muir]] || offensive_coordinator staff raw: [[Bill Muir]] || defensive_coordinator infobox raw: [[Romeo Crennel]] || defensive_coordinator staff raw: [[Romeo Crennel]]"
2011,LAC,2011 San Diego Chargers season,https://en.wikipedia.org/wiki/2011_San_Diego_Chargers_season,Norv Turner,,,1,0,0,infobox,head_coach infobox raw: [[Norv Turner]]
2011,LAR,2011 St. Louis Rams season,https://en.wikipedia.org/wiki/2011_St._Louis_Rams_season,Steve Spagnuolo,,,1,0,0,infobox,head_coach infobox raw: [[Steve Spagnuolo]]
2011,MIA,2011 Miami Dolphins season,https://en.wikipedia.org/wiki/2011_Miami_Dolphins_season,Tony Sparano | Todd Bowles,,,2,0,0,infobox,head_coach infobox raw: [[Tony Sparano]] (fired on December 12; 4–9 record)<br />[[Todd Bowles]] (interim; 2–1 record)
2011,MIN,2011 Minnesota Vikings season,https://en.wikipedia.org/wiki/2011_Minnesota_Vikings_season,Leslie Frazier,,,1,0,0,infobox,head_coach infobox raw: [[Leslie Frazier]]
2011,NE,2011 New England Patriots season,https://en.wikipedia.org/wiki/2011_New_England_Patriots_season,Bill Belichick,Bill O'Brien,,1,1,0,infobox,head_coach infobox raw: [[Bill Belichick]] || offensive_coordinator infobox raw: [[Bill O'Brien (American football)|Bill O'Brien]]
2011,NO,2011 New Orleans Saints season,https://en.wikipedia.org/wiki/2011_New_Orleans_Saints_season,Sean Payton,Pete Carmichael Jr.,Gregg Williams,1,1,1,infobox,head_coach infobox raw: [[Sean Payton]] || offensive_coordinator infobox raw: [[Pete Carmichael Jr.]] || defensive_coordinator infobox raw: [[Gregg Williams]]
2011,NYG,2011 New York Giants season,https://en.wikipedia.org/wiki/2011_New_York_Giants_season,Tom Coughlin,,,1,0,0,infobox,head_coach infobox raw: [[Tom Coughlin]]
2011,NYJ,2011 New York Jets season,https://en.wikipedia.org/wiki/2011_New_York_Jets_season,Rex Ryan,,,1,0,0,infobox,head_coach infobox raw: [[Rex Ryan]]
2011,OAK,2011 Oakland Raiders season,https://en.wikipedia.org/wiki/2011_Oakland_Raiders_season,Hue Jackson,,,1,0,0,infobox,head_coach infobox raw: [[Hue Jackson]]
2011,PHI,2011 Philadelphia Eagles season,https://en.wikipedia.org/wiki/2011_Philadelphia_Eagles_season,Andy Reid,,,1,0,0,infobox,head_coach infobox raw: [[Andy Reid]]
2011,PIT,2011 Pittsburgh Steelers season,https://en.wikipedia.org/wiki/2011_Pittsburgh_Steelers_season,Mike Tomlin,Bruce Arians,Dick LeBeau,1,1,1,both,head_coach infobox raw: [[Mike Tomlin]] || head_coach staff raw: [[Mike Tomlin]] || offensive_coordinator infobox raw: [[Bruce Arians]] || offensive_coordinator staff raw: [[Bruce Arians]] || defensive_coordinator infobox raw: [[Dick LeBeau]] || defensive_coordinator staff raw: [[Dick LeBeau]]
2011,SEA,2011 Seattle Seahawks season,https://en.wikipedia.org/wiki/2011_Seattle_Seahawks_season,Pete Carroll,,,1,0,0,infobox,head_coach infobox raw: [[Pete Carroll]]
2011,SF,2011 San Francisco 49ers season,https://en.wikipedia.org/wiki/2011_San_Francisco_49ers_season,Jim Harbaugh,Greg Roman,Vic Fangio,1,1,1,both,head_coach infobox raw: [[Jim Harbaugh]] || head_coach staff raw: [[Jim Harbaugh]] || offensive_coordinator infobox raw: [[Greg Roman]] || offensive_coordinator staff raw: [[Greg Roman]] || defensive_coordinator infobox raw: [[Vic Fangio]] || defensive_coordinator staff raw: [[Vic Fangio]]
2011,TB,2011 Tampa Bay Buccaneers season,https://en.wikipedia.org/wiki/2011_Tampa_Bay_Buccaneers_season,Raheem Morris,,,1,0,0,infobox,head_coach infobox raw: [[Raheem Morris]]
2011,TEN,2011 Tennessee Titans season,https://en.wikipedia.org/wiki/2011_Tennessee_Titans_season,Mike Munchak,,,1,0,0,infobox,head_coach infobox raw: [[Mike Munchak]]
2011,WSH,2011 Washington Redskins season,https://en.wikipedia.org/wiki/2011_Washington_Redskins_season,Mike Shanahan,Kyle Shanahan,Jim Haslett,1,1,1,infobox,head_coach infobox raw: [[Mike Shanahan]] || offensive_coordinator infobox raw: [[Kyle Shanahan]] || defensive_coordinator infobox raw: [[Jim Haslett]]
2012,ARI,2012 Arizona Cardinals season,https://en.wikipedia.org/wiki/2012_Arizona_Cardinals_season,Ken Whisenhunt,Mike Miller,Ray Horton,1,1,1,both,head_coach infobox raw: [[Ken Whisenhunt]] || head_coach staff raw: [[Ken Whisenhunt]] || offensive_coordinator staff raw: [[Mike Miller (American football coach)|Mike Miller]] || defensive_coordinator staff raw: [[Ray Horton]]
2012,ATL,2012 Atlanta Falcons season,https://en.wikipedia.org/wiki/2012_Atlanta_Falcons_season,Mike Smith,Dirk Koetter,Mike Nolan,1,1,1,both,head_coach infobox raw: [[Mike Smith (American football coach)|Mike Smith]] || head_coach staff raw: [[Mike Smith (American football coach)|Mike Smith]] || offensive_coordinator infobox raw: [[Dirk Koetter]] || offensive_coordinator staff raw: [[Dirk Koetter]] || defensive_coordinator infobox raw: [[Mike Nolan]] || defensive_coordinator staff raw: [[Mike Nolan]]
2012,BAL,2012 Baltimore Ravens season,https://en.wikipedia.org/wiki/2012_Baltimore_Ravens_season,John Harbaugh,Cam Cameron | Jim Caldwell,Dean Pees,1,2,1,both,head_coach infobox raw: [[John Harbaugh]] || head_coach staff raw: [[John Harbaugh]] || offensive_coordinator infobox raw: [[Cam Cameron]] (fired Dec 10)<br> [[Jim Caldwell (American football)|Jim Caldwell]] (interim) || offensive_coordinator staff raw: [[Cam Cameron]] ; [[Jim Caldwell (American football)|Jim Caldwell]] || defensive_coordinator infobox raw: [[Dean Pees]] || defensive_coordinator staff raw: [[Dean Pees]]
2012,BUF,2012 Buffalo Bills season,https://en.wikipedia.org/wiki/2012_Buffalo_Bills_season,Chan Gailey,Curtis Modkins,Dave Wannstedt,1,1,1,both,head_coach infobox raw: [[Chan Gailey]] || head_coach staff raw: [[Chan Gailey]] || offensive_coordinator staff raw: [[Curtis Modkins]] || defensive_coordinator staff raw: [[Dave Wannstedt]]
2012,CAR,2012 Carolina Panthers season,https://en.wikipedia.org/wiki/2012_Carolina_Panthers_season,Ron Rivera,Rob Chudzinski,Sean McDermott,1,1,1,both,head_coach infobox raw: [[Ron Rivera]] || head_coach staff raw: [[Ron Rivera]] || offensive_coordinator staff raw: [[Rob Chudzinski]] || defensive_coordinator staff raw: [[Sean McDermott]]
2012,CHI,2012 Chicago Bears season,https://en.wikipedia.org/wiki/2012_Chicago_Bears_season,Lovie Smith,Mike Tice,Rod Marinelli,1,1,1,both,head_coach infobox raw: [[Lovie Smith]] || head_coach staff raw: [[Lovie Smith]] || offensive_coordinator staff raw: [[Mike Tice]] || defensive_coordinator staff raw: [[Rod Marinelli]]
2012,CIN,2012 Cincinnati Bengals season,https://en.wikipedia.org/wiki/2012_Cincinnati_Bengals_season,Marvin Lewis,Jay Gruden,Mike Zimmer,1,1,1,both,head_coach infobox raw: [[Marvin Lewis]] || head_coach staff raw: [[Marvin Lewis]] || offensive_coordinator infobox raw: [[Jay Gruden]] || offensive_coordinator staff raw: [[Jay Gruden]] || defensive_coordinator infobox raw: [[Mike Zimmer]] || defensive_coordinator staff raw: [[Mike Zimmer]]
2012,CLE,2012 Cleveland Browns season,https://en.wikipedia.org/wiki/2012_Cleveland_Browns_season,Pat Shurmur,Brad Childress,Dick Jauron,1,1,1,both,head_coach infobox raw: [[Pat Shurmur]] || head_coach staff raw: [[Pat Shurmur]] || offensive_coordinator staff raw: [[Brad Childress]] || defensive_coordinator staff raw: [[Dick Jauron]]
2012,DAL,2012 Dallas Cowboys season,https://en.wikipedia.org/wiki/2012_Dallas_Cowboys_season,Jason Garrett,Bill Callahan,Rob Ryan,1,1,1,both,head_coach infobox raw: [[Jason Garrett]] || head_coach staff raw: [[Jason Garrett]] || offensive_coordinator staff raw: [[Bill Callahan (American football coach)|Bill Callahan]] || defensive_coordinator staff raw: [[Rob Ryan]]
2012,DEN,2012 Denver Broncos season,https://en.wikipedia.org/wiki/2012_Denver_Broncos_season,John Fox,Mike McCoy,Jack Del Rio,1,1,1,both,head_coach infobox raw: [[John Fox (American football)|John Fox]] || head_coach staff raw: [[John Fox (American football)|John Fox]] || offensive_coordinator infobox raw: [[Mike McCoy (American football coach)|Mike McCoy]] || offensive_coordinator staff raw: [[Mike McCoy (American football coach)|Mike McCoy]] || defensive_coordinator infobox raw: [[Jack Del Rio]] || defensive_coordinator staff raw: [[Jack Del Rio]]
2012,DET,2012 Detroit Lions season,https://en.wikipedia.org/wiki/2012_Detroit_Lions_season,Jim Schwartz,Scott Linehan,Gunther Cunningham,1,1,1,both,head_coach infobox raw: [[Jim Schwartz]] || head_coach staff raw: [[Jim Schwartz]] || offensive_coordinator infobox raw: [[Scott Linehan]] || offensive_coordinator staff raw: [[Scott Linehan]] || defensive_coordinator infobox raw: [[Gunther Cunningham]] || defensive_coordinator staff raw: [[Gunther Cunningham]]
2012,GB,2012 Green Bay Packers season,https://en.wikipedia.org/wiki/2012_Green_Bay_Packers_season,Mike McCarthy,Tom Clements,Dom Capers,1,1,1,both,head_coach infobox raw: [[Mike McCarthy]] || head_coach staff raw: [[Mike McCarthy]] || offensive_coordinator infobox raw: [[Tom Clements]] || offensive_coordinator staff raw: [[Tom Clements]] || defensive_coordinator infobox raw: [[Dom Capers]] || defensive_coordinator staff raw: [[Dom Capers]]
2012,HOU,2012 Houston Texans season,https://en.wikipedia.org/wiki/2012_Houston_Texans_season,Gary Kubiak,Rick Dennison,Wade Phillips,1,1,1,both,head_coach infobox raw: [[Gary Kubiak]] || head_coach staff raw: [[Gary Kubiak]] || offensive_coordinator infobox raw: [[Rick Dennison]] || offensive_coordinator staff raw: [[Rick Dennison]] || defensive_coordinator infobox raw: [[Wade Phillips]] || defensive_coordinator staff raw: [[Wade Phillips]]
2012,IND,2012 Indianapolis Colts season,https://en.wikipedia.org/wiki/2012_Indianapolis_Colts_season,Chuck Pagano | Bruce Arians,Bruce Arians,Greg Manusky,2,1,1,both,head_coach infobox raw: [[Chuck Pagano]] <br /> [[Bruce Arians]] (interim; weeks 5–16) || head_coach staff raw: [[Chuck Pagano]] ; [[Bruce Arians]] || offensive_coordinator infobox raw: [[Bruce Arians]] || defensive_coordinator infobox raw: [[Greg Manusky]] || defensive_coordinator staff raw: [[Greg Manusky]]
2012,JAX,2012 Jacksonville Jaguars season,https://en.wikipedia.org/wiki/2012_Jacksonville_Jaguars_season,Mike Mularkey,Bob Bratkowski,Mel Tucker,1,1,1,both,head_coach infobox raw: [[Mike Mularkey]] || head_coach staff raw: [[Mike Mularkey]] || offensive_coordinator infobox raw: [[Bob Bratkowski]] || offensive_coordinator staff raw: [[Bob Bratkowski]] || defensive_coordinator infobox raw: [[Mel Tucker]] || defensive_coordinator staff raw: [[Mel Tucker]]
2012,KC,2012 Kansas City Chiefs season,https://en.wikipedia.org/wiki/2012_Kansas_City_Chiefs_season,Romeo Crennel,Brian Daboll,,1,1,0,both,head_coach infobox raw: [[Romeo Crennel]] || head_coach staff raw: [[Romeo Crennel]] || offensive_coordinator infobox raw: [[Brian Daboll]] || offensive_coordinator staff raw: [[Brian Daboll]]
2012,LAC,2012 San Diego Chargers season,https://en.wikipedia.org/wiki/2012_San_Diego_Chargers_season,Norv Turner,Hal Hunter,John Pagano,1,1,1,both,"head_coach infobox raw: [[Norv Turner]] || head_coach staff raw: [[Norv Turner]] || offensive_coordinator staff raw: [[Hal Hunter (American football, born 1959)|Hal Hunter]] || defensive_coordinator staff raw: [[John Pagano]]"
2012,LAR,2012 St. Louis Rams season,https://en.wikipedia.org/wiki/2012_St._Louis_Rams_season,Jeff Fisher,Brian Schottenheimer,Gregg Williams†,1,1,1,both,head_coach infobox raw: [[Jeff Fisher]] || head_coach staff raw: [[Jeff Fisher]] || offensive_coordinator staff raw: [[Brian Schottenheimer]] || defensive_coordinator staff raw: [[Gregg Williams]]†
2012,MIA,2012 Miami Dolphins season,https://en.wikipedia.org/wiki/2012_Miami_Dolphins_season,Joe Philbin,Mike Sherman,Kevin Coyle,1,1,1,both,head_coach infobox raw: [[Joe Philbin]] || head_coach staff raw: [[Joe Philbin]] || offensive_coordinator staff raw: [[Mike Sherman]] || defensive_coordinator staff raw: [[Kevin Coyle]]
2012,MIN,2012 Minnesota Vikings season,https://en.wikipedia.org/wiki/2012_Minnesota_Vikings_season,Leslie Frazier,Bill Musgrave,Alan Williams,1,1,1,both,head_coach infobox raw: [[Leslie Frazier]] || head_coach staff raw: [[Leslie Frazier]] || offensive_coordinator infobox raw: [[Bill Musgrave]] || offensive_coordinator staff raw: [[Bill Musgrave]] || defensive_coordinator infobox raw: [[Alan Williams (American football)|Alan Williams]] || defensive_coordinator staff raw: [[Alan Williams (American football)|Alan Williams]]
2012,NE,2012 New England Patriots season,https://en.wikipedia.org/wiki/2012_New_England_Patriots_season,Bill Belichick,Josh McDaniels,Matt Patricia,1,1,1,both,head_coach infobox raw: [[Bill Belichick]] || head_coach staff raw: [[Bill Belichick]] || offensive_coordinator infobox raw: [[Josh McDaniels]] || offensive_coordinator staff raw: [[Josh McDaniels]] || defensive_coordinator infobox raw: [[Matt Patricia]] || defensive_coordinator staff raw: [[Matt Patricia]]
2012,NO,2012 New Orleans Saints season,https://en.wikipedia.org/wiki/2012_New_Orleans_Saints_season,Sean Payton | Joe Vitt | Aaron Kromer | Sean Payton†,"Pete Carmichael, Jr.",Steve Spagnuolo,4,1,1,both,"head_coach infobox raw: [[Sean Payton]] (suspended entire season)<br>[[Joe Vitt]] (Interim, games 7–16)<br />[[Aaron Kromer]] (Interim, games 1–6) || head_coach staff raw: [[Sean Payton]]† || offensive_coordinator staff raw: [[Pete Carmichael, Jr.]] || defensive_coordinator staff raw: [[Steve Spagnuolo]]"
2012,NYG,2012 New York Giants season,https://en.wikipedia.org/wiki/2012_New_York_Giants_season,Tom Coughlin,Kevin Gilbride,Perry Fewell,1,1,1,both,head_coach infobox raw: [[Tom Coughlin]] || head_coach staff raw: [[Tom Coughlin]] || offensive_coordinator staff raw: [[Kevin Gilbride]] || defensive_coordinator staff raw: [[Perry Fewell]]
2012,NYJ,2012 New York Jets season,https://en.wikipedia.org/wiki/2012_New_York_Jets_season,Rex Ryan,Tony Sparano,Mike Pettine,1,1,1,both,head_coach infobox raw: [[Rex Ryan]] || head_coach staff raw: [[Rex Ryan]] || offensive_coordinator staff raw: [[Tony Sparano]] || defensive_coordinator staff raw: [[Mike Pettine]]
2012,OAK,2012 Oakland Raiders season,https://en.wikipedia.org/wiki/2012_Oakland_Raiders_season,Dennis Allen,Greg Knapp,Jason Tarver,1,1,1,both,head_coach infobox raw: [[Dennis Allen (American football)|Dennis Allen]] || head_coach staff raw: [[Dennis Allen (American football)|Dennis Allen]] || offensive_coordinator staff raw: [[Greg Knapp]] || defensive_coordinator staff raw: [[Jason Tarver]]
2012,PHI,2012 Philadelphia Eagles season,https://en.wikipedia.org/wiki/2012_Philadelphia_Eagles_season,Andy Reid,Marty Mornhinweg,Juan Castillo | Todd Bowles,1,1,2,both,head_coach infobox raw: [[Andy Reid]] || head_coach staff raw: [[Andy Reid]] || offensive_coordinator staff raw: [[Marty Mornhinweg]] || defensive_coordinator staff raw: [[Juan Castillo (American football)|Juan Castillo]] ; [[Todd Bowles]]
2012,PIT,2012 Pittsburgh Steelers season,https://en.wikipedia.org/wiki/2012_Pittsburgh_Steelers_season,Mike Tomlin,Todd Haley,Dick LeBeau,1,1,1,both,head_coach infobox raw: [[Mike Tomlin]] || head_coach staff raw: [[Mike Tomlin]] || offensive_coordinator infobox raw: [[Todd Haley]] || offensive_coordinator staff raw: [[Todd Haley]] || defensive_coordinator infobox raw: [[Dick LeBeau]] || defensive_coordinator staff raw: [[Dick LeBeau]]
2012,SEA,2012 Seattle Seahawks season,https://en.wikipedia.org/wiki/2012_Seattle_Seahawks_season,Pete Carroll,Darrell Bevell,Gus Bradley,1,1,1,both,head_coach infobox raw: [[Pete Carroll]] || head_coach staff raw: [[Pete Carroll]] || offensive_coordinator infobox raw: [[Darrell Bevell]] || offensive_coordinator staff raw: [[Darrell Bevell]] || defensive_coordinator infobox raw: [[Gus Bradley]] || defensive_coordinator staff raw: [[Gus Bradley]]
2012,SF,2012 San Francisco 49ers season,https://en.wikipedia.org/wiki/2012_San_Francisco_49ers_season,Jim Harbaugh,Greg Roman,Vic Fangio,1,1,1,both,head_coach infobox raw: [[Jim Harbaugh]] || head_coach staff raw: [[Jim Harbaugh]] || offensive_coordinator infobox raw: [[Greg Roman]] || offensive_coordinator staff raw: [[Greg Roman]] || defensive_coordinator infobox raw: [[Vic Fangio]] || defensive_coordinator staff raw: [[Vic Fangio]]
2012,TB,2012 Tampa Bay Buccaneers season,https://en.wikipedia.org/wiki/2012_Tampa_Bay_Buccaneers_season,Greg Schiano,Mike Sullivan,Bill Sheridan,1,1,1,both,head_coach infobox raw: [[Greg Schiano]] || head_coach staff raw: [[Greg Schiano]] || offensive_coordinator staff raw: [[Mike Sullivan (American football coach)|Mike Sullivan]] || defensive_coordinator staff raw: [[Bill Sheridan]]
2012,TEN,2012 Tennessee Titans season,https://en.wikipedia.org/wiki/2012_Tennessee_Titans_season,Mike Munchak,Chris Palmer | Dowell Loggains,Jerry Gray,1,2,1,both,"head_coach infobox raw: [[Mike Munchak]] || head_coach staff raw: [[Mike Munchak]] || offensive_coordinator staff raw: [[Chris Palmer (American football)|Chris Palmer]] (fired Nov. 26, 2012) ; [[Dowell Loggains]] || defensive_coordinator staff raw: [[Jerry Gray]]"
2012,WSH,2012 Washington Redskins season,https://en.wikipedia.org/wiki/2012_Washington_Redskins_season,Mike Shanahan,Kyle Shanahan,Jim Haslett,1,1,1,both,head_coach infobox raw: [[Mike Shanahan]] || head_coach staff raw: [[Mike Shanahan]] || offensive_coordinator infobox raw: [[Kyle Shanahan]] || offensive_coordinator staff raw: [[Kyle Shanahan]] || defensive_coordinator infobox raw: [[Jim Haslett]] || defensive_coordinator staff raw: [[Jim Haslett]]
2013,ARI,2013 Arizona Cardinals season,https://en.wikipedia.org/wiki/2013_Arizona_Cardinals_season,Bruce Arians,Harold Goodwin,Todd Bowles,1,1,1,both,head_coach infobox raw: [[Bruce Arians]] || head_coach staff raw: [[Bruce Arians]] || offensive_coordinator staff raw: [[Harold Goodwin (American football)|Harold Goodwin]] || defensive_coordinator staff raw: [[Todd Bowles]]
2013,ATL,2013 Atlanta Falcons season,https://en.wikipedia.org/wiki/2013_Atlanta_Falcons_season,Mike Smith,Dirk Koetter,Mike Nolan,1,1,1,both,head_coach infobox raw: [[Mike Smith (American football coach)|Mike Smith]] || head_coach staff raw: [[Mike Smith (American football coach)|Mike Smith]] || offensive_coordinator staff raw: [[Dirk Koetter]] || defensive_coordinator staff raw: [[Mike Nolan]]
2013,BAL,2013 Baltimore Ravens season,https://en.wikipedia.org/wiki/2013_Baltimore_Ravens_season,John Harbaugh,Jim Caldwell,Dean Pees,1,1,1,both,head_coach infobox raw: [[John Harbaugh]] || head_coach staff raw: [[John Harbaugh]] || offensive_coordinator infobox raw: [[Jim Caldwell (American football)|Jim Caldwell]] || offensive_coordinator staff raw: [[Jim Caldwell (American football)|Jim Caldwell]] || defensive_coordinator infobox raw: [[Dean Pees]] || defensive_coordinator staff raw: [[Dean Pees]]
2013,BUF,2013 Buffalo Bills season,https://en.wikipedia.org/wiki/2013_Buffalo_Bills_season,Doug Marrone,Nathaniel Hackett,Mike Pettine,1,1,1,both,head_coach infobox raw: [[Doug Marrone]] || head_coach staff raw: [[Doug Marrone]] || offensive_coordinator staff raw: [[Nathaniel Hackett]] || defensive_coordinator staff raw: [[Mike Pettine]]
2013,CAR,2013 Carolina Panthers season,https://en.wikipedia.org/wiki/2013_Carolina_Panthers_season,Ron Rivera,Mike Shula,Sean McDermott,1,1,1,both,head_coach infobox raw: [[Ron Rivera]] || head_coach staff raw: [[Ron Rivera]] || offensive_coordinator infobox raw: [[Mike Shula]] || offensive_coordinator staff raw: [[Mike Shula]] || defensive_coordinator infobox raw: [[Sean McDermott]] || defensive_coordinator staff raw: [[Sean McDermott]]
2013,CHI,2013 Chicago Bears season,https://en.wikipedia.org/wiki/2013_Chicago_Bears_season,Marc Trestman,Aaron Kromer,Mel Tucker,1,1,1,both,head_coach infobox raw: [[Marc Trestman]] || head_coach staff raw: [[Marc Trestman]] || offensive_coordinator staff raw: [[Aaron Kromer]] || defensive_coordinator staff raw: [[Mel Tucker]]
2013,CIN,2013 Cincinnati Bengals season,https://en.wikipedia.org/wiki/2013_Cincinnati_Bengals_season,Marvin Lewis,Jay Gruden,Mike Zimmer,1,1,1,both,head_coach infobox raw: [[Marvin Lewis]] || head_coach staff raw: [[Marvin Lewis]] || offensive_coordinator infobox raw: [[Jay Gruden]] || offensive_coordinator staff raw: [[Jay Gruden]] || defensive_coordinator infobox raw: [[Mike Zimmer]] || defensive_coordinator staff raw: [[Mike Zimmer]]
2013,CLE,2013 Cleveland Browns season,https://en.wikipedia.org/wiki/2013_Cleveland_Browns_season,Rob Chudzinski,Norv Turner,Ray Horton,1,1,1,both,head_coach infobox raw: [[Rob Chudzinski]] || head_coach staff raw: [[Rob Chudzinski]] || offensive_coordinator staff raw: [[Norv Turner]] || defensive_coordinator staff raw: [[Ray Horton]]
2013,DAL,2013 Dallas Cowboys season,https://en.wikipedia.org/wiki/2013_Dallas_Cowboys_season,Jason Garrett,Bill Callahan,Monte Kiffin,1,1,1,both,head_coach infobox raw: [[Jason Garrett]] || head_coach staff raw: [[Jason Garrett]] || offensive_coordinator staff raw: [[Bill Callahan (American football coach)|Bill Callahan]] || defensive_coordinator staff raw: [[Monte Kiffin]]
2013,DEN,2013 Denver Broncos season,https://en.wikipedia.org/wiki/2013_Denver_Broncos_season,John Fox | Jack Del Rio,Adam Gase,Jack Del Rio,2,1,1,both,"head_coach infobox raw: [[John Fox (American football)|John Fox]]<br>[[Jack Del Rio]] (interim, weeks 10–13) || head_coach staff raw: [[John Fox (American football)|John Fox]] || offensive_coordinator infobox raw: [[Adam Gase]] || offensive_coordinator staff raw: [[Adam Gase]] || defensive_coordinator infobox raw: Jack Del Rio || defensive_coordinator staff raw: [[Jack Del Rio]]"
2013,DET,2013 Detroit Lions season,https://en.wikipedia.org/wiki/2013_Detroit_Lions_season,Jim Schwartz,Scott Linehan,Gunther Cunningham,1,1,1,both,head_coach infobox raw: [[Jim Schwartz]] || head_coach staff raw: [[Jim Schwartz]] || offensive_coordinator infobox raw: [[Scott Linehan]] || offensive_coordinator staff raw: [[Scott Linehan]] || defensive_coordinator infobox raw: [[Gunther Cunningham]] || defensive_coordinator staff raw: [[Gunther Cunningham]]
2013,GB,2013 Green Bay Packers season,https://en.wikipedia.org/wiki/2013_Green_Bay_Packers_season,Mike McCarthy,Tom Clements,Dom Capers,1,1,1,both,head_coach infobox raw: [[Mike McCarthy]] || head_coach staff raw: [[Mike McCarthy]] || offensive_coordinator infobox raw: [[Tom Clements]] || offensive_coordinator staff raw: [[Tom Clements]] || defensive_coordinator infobox raw: [[Dom Capers]] || defensive_coordinator staff raw: [[Dom Capers]]
2013,HOU,2013 Houston Texans season,https://en.wikipedia.org/wiki/2013_Houston_Texans_season,Gary Kubiak | Wade Phillips,Rick Dennison,Wade Phillips,2,1,1,both,"head_coach infobox raw: [[Gary Kubiak]] (fired on December 6, 2–11 record)<br>[[Wade Phillips]] (Interim during Week 10 while Kubiak recovered from a mini-stroke; Interim from Weeks 15–17, 0–3 record) || head_coach staff raw: [[Gary Kubiak]] ; [[Wade Phillips]] || offensive_coordinator infobox raw: [[Rick Dennison]] || offensive_coordinator staff raw: [[Rick Dennison]] || defensive_coordinator infobox raw: Wade Phillips"
2013,IND,2013 Indianapolis Colts season,https://en.wikipedia.org/wiki/2013_Indianapolis_Colts_season,Chuck Pagano,Pep Hamilton,Greg Manusky,1,1,1,both,head_coach infobox raw: [[Chuck Pagano]] || head_coach staff raw: [[Chuck Pagano]] || offensive_coordinator infobox raw: [[Pep Hamilton]] || offensive_coordinator staff raw: [[Pep Hamilton]] || defensive_coordinator infobox raw: [[Greg Manusky]] || defensive_coordinator staff raw: [[Greg Manusky]]
2013,JAX,2013 Jacksonville Jaguars season,https://en.wikipedia.org/wiki/2013_Jacksonville_Jaguars_season,Gus Bradley,Jedd Fisch,Bob Babich,1,1,1,both,head_coach infobox raw: [[Gus Bradley]] || head_coach staff raw: [[Gus Bradley]] || offensive_coordinator infobox raw: [[Jedd Fisch]] || offensive_coordinator staff raw: [[Jedd Fisch]] || defensive_coordinator infobox raw: [[Bob Babich (American football coach)|Bob Babich]] || defensive_coordinator staff raw: [[Bob Babich (American football coach)|Bob Babich]]
2013,KC,2013 Kansas City Chiefs season,https://en.wikipedia.org/wiki/2013_Kansas_City_Chiefs_season,Andy Reid,Doug Pederson,Bob Sutton,1,1,1,both,head_coach infobox raw: [[Andy Reid]] || head_coach staff raw: [[Andy Reid]] || offensive_coordinator infobox raw: [[Doug Pederson]] || offensive_coordinator staff raw: [[Doug Pederson]] || defensive_coordinator infobox raw: [[Bob Sutton (American football)|Bob Sutton]] || defensive_coordinator staff raw: [[Bob Sutton (football coach)|Bob Sutton]]
2013,LAC,2013 San Diego Chargers season,https://en.wikipedia.org/wiki/2013_San_Diego_Chargers_season,Mike McCoy,Ken Whisenhunt,John Pagano,1,1,1,both,head_coach infobox raw: [[Mike McCoy (American football coach)|Mike McCoy]] || head_coach staff raw: [[Mike McCoy (American football coach)|Mike McCoy]] || offensive_coordinator infobox raw: [[Ken Whisenhunt]] || offensive_coordinator staff raw: [[Ken Whisenhunt]] || defensive_coordinator infobox raw: [[John Pagano]] || defensive_coordinator staff raw: [[John Pagano]]
2013,LAR,2013 St. Louis Rams season,https://en.wikipedia.org/wiki/2013_St._Louis_Rams_season,Jeff Fisher,Brian Schottenheimer,Tim Walton,1,1,1,both,head_coach infobox raw: [[Jeff Fisher]] || head_coach staff raw: [[Jeff Fisher]] || offensive_coordinator staff raw: [[Brian Schottenheimer]] || defensive_coordinator staff raw: [[Tim Walton (American football)|Tim Walton]]
2013,MIA,2013 Miami Dolphins season,https://en.wikipedia.org/wiki/2013_Miami_Dolphins_season,Joe Philbin,Mike Sherman,Kevin Coyle,1,1,1,both,head_coach infobox raw: [[Joe Philbin]] || head_coach staff raw: [[Joe Philbin]] || offensive_coordinator staff raw: [[Mike Sherman]] || defensive_coordinator staff raw: [[Kevin Coyle]]
2013,MIN,2013 Minnesota Vikings season,https://en.wikipedia.org/wiki/2013_Minnesota_Vikings_season,Leslie Frazier,Bill Musgrave,Alan Williams,1,1,1,both,head_coach infobox raw: [[Leslie Frazier]] || head_coach staff raw: [[Leslie Frazier]] || offensive_coordinator staff raw: [[Bill Musgrave]] || defensive_coordinator staff raw: [[Alan Williams (American football)|Alan Williams]]
2013,NE,2013 New England Patriots season,https://en.wikipedia.org/wiki/2013_New_England_Patriots_season,Bill Belichick,Josh McDaniels,Matt Patricia,1,1,1,both,head_coach infobox raw: [[Bill Belichick]] || head_coach staff raw: [[Bill Belichick]] || offensive_coordinator infobox raw: [[Josh McDaniels]] || offensive_coordinator staff raw: [[Josh McDaniels]] || defensive_coordinator infobox raw: [[Matt Patricia]] || defensive_coordinator staff raw: [[Matt Patricia]]
2013,NO,2013 New Orleans Saints season,https://en.wikipedia.org/wiki/2013_New_Orleans_Saints_season,Sean Payton,Pete Carmichael Jr.,Rob Ryan,1,1,1,both,"head_coach infobox raw: [[Sean Payton]] || head_coach staff raw: [[Sean Payton]] || offensive_coordinator infobox raw: [[Pete Carmichael Jr.]] || offensive_coordinator staff raw: [[Pete Carmichael, Jr.]] || defensive_coordinator infobox raw: [[Rob Ryan]] || defensive_coordinator staff raw: [[Rob Ryan]]"
2013,NYG,2013 New York Giants season,https://en.wikipedia.org/wiki/2013_New_York_Giants_season,Tom Coughlin,Kevin Gilbride,Perry Fewell,1,1,1,both,head_coach infobox raw: [[Tom Coughlin]] || head_coach staff raw: [[Tom Coughlin]] || offensive_coordinator staff raw: [[Kevin Gilbride]] || defensive_coordinator staff raw: [[Perry Fewell]]
2013,NYJ,2013 New York Jets season,https://en.wikipedia.org/wiki/2013_New_York_Jets_season,Rex Ryan,Marty Mornhinweg,Dennis Thurman,1,1,1,both,head_coach infobox raw: [[Rex Ryan]] || head_coach staff raw: [[Rex Ryan]] || offensive_coordinator staff raw: [[Marty Mornhinweg]] || defensive_coordinator staff raw: [[Dennis Thurman]]
2013,OAK,2013 Oakland Raiders season,https://en.wikipedia.org/wiki/2013_Oakland_Raiders_season,Dennis Allen,Greg Olson,Jason Tarver,1,1,1,both,head_coach infobox raw: [[Dennis Allen (American football)|Dennis Allen]] || head_coach staff raw: [[Dennis Allen (American football)|Dennis Allen]] || offensive_coordinator staff raw: [[Greg Olson (American football)|Greg Olson]] || defensive_coordinator staff raw: [[Jason Tarver]]
2013,PHI,2013 Philadelphia Eagles season,https://en.wikipedia.org/wiki/2013_Philadelphia_Eagles_season,Chip Kelly,Pat Shurmur,Billy Davis,1,1,1,both,head_coach infobox raw: [[Chip Kelly]] || head_coach staff raw: [[Chip Kelly]] || offensive_coordinator infobox raw: [[Pat Shurmur]] || offensive_coordinator staff raw: [[Pat Shurmur]] || defensive_coordinator infobox raw: [[Billy Davis (American football coach)|Billy Davis]] || defensive_coordinator staff raw: [[Billy Davis (American football coach)|Billy Davis]]
2013,PIT,2013 Pittsburgh Steelers season,https://en.wikipedia.org/wiki/2013_Pittsburgh_Steelers_season,Mike Tomlin,Todd Haley,Dick LeBeau,1,1,1,both,head_coach infobox raw: [[Mike Tomlin]] || head_coach staff raw: [[Mike Tomlin]] || offensive_coordinator infobox raw: [[Todd Haley]] || offensive_coordinator staff raw: [[Todd Haley]] || defensive_coordinator infobox raw: [[Dick LeBeau]] || defensive_coordinator staff raw: [[Dick LeBeau]]
2013,SEA,2013 Seattle Seahawks season,https://en.wikipedia.org/wiki/2013_Seattle_Seahawks_season,Pete Carroll,Darrell Bevell,Dan Quinn,1,1,1,both,head_coach infobox raw: [[Pete Carroll]] || head_coach staff raw: [[Pete Carroll]] || offensive_coordinator infobox raw: [[Darrell Bevell]] || offensive_coordinator staff raw: [[Darrell Bevell]] || defensive_coordinator infobox raw: [[Dan Quinn (American football)|Dan Quinn]] || defensive_coordinator staff raw: [[Dan Quinn (American football)|Dan Quinn]]
2013,SF,2013 San Francisco 49ers season,https://en.wikipedia.org/wiki/2013_San_Francisco_49ers_season,Jim Harbaugh,Greg Roman,Vic Fangio,1,1,1,both,head_coach infobox raw: [[Jim Harbaugh]] || head_coach staff raw: [[Jim Harbaugh]] || offensive_coordinator infobox raw: [[Greg Roman]] || offensive_coordinator staff raw: [[Greg Roman]] || defensive_coordinator infobox raw: [[Vic Fangio]] || defensive_coordinator staff raw: [[Vic Fangio]]
2013,TB,2013 Tampa Bay Buccaneers season,https://en.wikipedia.org/wiki/2013_Tampa_Bay_Buccaneers_season,Greg Schiano,Mike Sullivan,Bill Sheridan,1,1,1,both,head_coach infobox raw: [[Greg Schiano]] || head_coach staff raw: [[Greg Schiano]] || offensive_coordinator staff raw: [[Mike Sullivan (American football coach)|Mike Sullivan]] || defensive_coordinator staff raw: [[Bill Sheridan]]
2013,TEN,2013 Tennessee Titans season,https://en.wikipedia.org/wiki/2013_Tennessee_Titans_season,Mike Munchak,Dowell Loggains,Jerry Gray,1,1,1,both,head_coach infobox raw: [[Mike Munchak]] || head_coach staff raw: [[Mike Munchak]] || offensive_coordinator staff raw: [[Dowell Loggains]] || defensive_coordinator staff raw: [[Jerry Gray]]
2013,WSH,2013 Washington Redskins season,https://en.wikipedia.org/wiki/2013_Washington_Redskins_season,Mike Shanahan,Kyle Shanahan,Jim Haslett,1,1,1,both,head_coach infobox raw: [[Mike Shanahan]] || head_coach staff raw: [[Mike Shanahan]] || offensive_coordinator infobox raw: [[Kyle Shanahan]] || offensive_coordinator staff raw: [[Kyle Shanahan]] || defensive_coordinator infobox raw: [[Jim Haslett]] || defensive_coordinator staff raw: [[Jim Haslett]]
2014,ARI,2014 Arizona Cardinals season,https://en.wikipedia.org/wiki/2014_Arizona_Cardinals_season,Bruce Arians,Harold Goodwin,Todd Bowles,1,1,1,both,head_coach infobox raw: [[Bruce Arians]] || head_coach staff raw: [[Bruce Arians]] || offensive_coordinator infobox raw: [[Harold Goodwin (American football)|Harold Goodwin]] || offensive_coordinator staff raw: [[Harold Goodwin (American football)|Harold Goodwin]] || defensive_coordinator infobox raw: [[Todd Bowles]] || defensive_coordinator staff raw: [[Todd Bowles]]
2014,ATL,2014 Atlanta Falcons season,https://en.wikipedia.org/wiki/2014_Atlanta_Falcons_season,Mike Smith,Dirk Koetter,Mike Nolan,1,1,1,both,head_coach infobox raw: [[Mike Smith (American football coach)|Mike Smith]] || head_coach staff raw: [[Mike Smith (American football coach)|Mike Smith]] || offensive_coordinator staff raw: [[Dirk Koetter]] || defensive_coordinator staff raw: [[Mike Nolan]]
2014,BAL,2014 Baltimore Ravens season,https://en.wikipedia.org/wiki/2014_Baltimore_Ravens_season,John Harbaugh,Gary Kubiak,Dean Pees,1,1,1,both,head_coach infobox raw: [[John Harbaugh]] || head_coach staff raw: [[John Harbaugh]] || offensive_coordinator infobox raw: [[Gary Kubiak]] || offensive_coordinator staff raw: [[Gary Kubiak]] || defensive_coordinator infobox raw: [[Dean Pees]] || defensive_coordinator staff raw: [[Dean Pees]]
2014,BUF,2014 Buffalo Bills season,https://en.wikipedia.org/wiki/2014_Buffalo_Bills_season,Doug Marrone,Nathaniel Hackett,Jim Schwartz,1,1,1,both,head_coach infobox raw: [[Doug Marrone]] || head_coach staff raw: [[Doug Marrone]] || offensive_coordinator staff raw: [[Nathaniel Hackett]] || defensive_coordinator staff raw: [[Jim Schwartz]]
2014,CAR,2014 Carolina Panthers season,https://en.wikipedia.org/wiki/2014_Carolina_Panthers_season,Ron Rivera,Mike Shula,Sean McDermott,1,1,1,both,head_coach infobox raw: [[Ron Rivera]] || head_coach staff raw: [[Ron Rivera]] || offensive_coordinator infobox raw: [[Mike Shula]] || offensive_coordinator staff raw: [[Mike Shula]] || defensive_coordinator infobox raw: [[Sean McDermott]] || defensive_coordinator staff raw: [[Sean McDermott]]
2014,CHI,2014 Chicago Bears season,https://en.wikipedia.org/wiki/2014_Chicago_Bears_season,Marc Trestman,Aaron Kromer,Mel Tucker,1,1,1,both,head_coach infobox raw: [[Marc Trestman]] || head_coach staff raw: [[Marc Trestman]] || offensive_coordinator staff raw: [[Aaron Kromer]] || defensive_coordinator staff raw: [[Mel Tucker]]
2014,CIN,2014 Cincinnati Bengals season,https://en.wikipedia.org/wiki/2014_Cincinnati_Bengals_season,Marvin Lewis,Hue Jackson,Paul Guenther,1,1,1,both,head_coach infobox raw: [[Marvin Lewis]] || head_coach staff raw: [[Marvin Lewis]] || offensive_coordinator infobox raw: [[Hue Jackson]] || offensive_coordinator staff raw: [[Hue Jackson]] || defensive_coordinator infobox raw: [[Paul Guenther (American football)|Paul Guenther]] || defensive_coordinator staff raw: [[Paul Guenther (American football)|Paul Guenther]]
2014,CLE,2014 Cleveland Browns season,https://en.wikipedia.org/wiki/2014_Cleveland_Browns_season,Mike Pettine,Kyle Shanahan,Jim O'Neil,1,1,1,both,head_coach infobox raw: [[Mike Pettine]] || head_coach staff raw: [[Mike Pettine]] || offensive_coordinator staff raw: [[Kyle Shanahan]] || defensive_coordinator staff raw: [[Jim O'Neil (American football)|Jim O'Neil]]
2014,DAL,2014 Dallas Cowboys season,https://en.wikipedia.org/wiki/2014_Dallas_Cowboys_season,Jason Garrett,Bill Callahan,Rod Marinelli,1,1,1,both,head_coach infobox raw: [[Jason Garrett]] || head_coach staff raw: [[Jason Garrett]] || offensive_coordinator infobox raw: [[Bill Callahan (American football coach)|Bill Callahan]] || defensive_coordinator infobox raw: [[Rod Marinelli]] || defensive_coordinator staff raw: [[Rod Marinelli]]
2014,DEN,2014 Denver Broncos season,https://en.wikipedia.org/wiki/2014_Denver_Broncos_season,John Fox,Adam Gase,Jack Del Rio,1,1,1,both,head_coach infobox raw: [[John Fox (American football)|John Fox]] || head_coach staff raw: [[John Fox (American football)|John Fox]] || offensive_coordinator infobox raw: [[Adam Gase]] || offensive_coordinator staff raw: [[Adam Gase]] || defensive_coordinator infobox raw: [[Jack Del Rio]] || defensive_coordinator staff raw: [[Jack Del Rio]]
2014,DET,2014 Detroit Lions season,https://en.wikipedia.org/wiki/2014_Detroit_Lions_season,Jim Caldwell,Joe Lombardi,Teryl Austin,1,1,1,both,head_coach infobox raw: [[Jim Caldwell (American football)|Jim Caldwell]] || head_coach staff raw: [[Jim Caldwell (American football)|Jim Caldwell]] || offensive_coordinator infobox raw: [[Joe Lombardi]] || offensive_coordinator staff raw: [[Joe Lombardi (American football)|Joe Lombardi]] || defensive_coordinator infobox raw: [[Teryl Austin]] || defensive_coordinator staff raw: [[Teryl Austin]]
2014,GB,2014 Green Bay Packers season,https://en.wikipedia.org/wiki/2014_Green_Bay_Packers_season,Mike McCarthy,Tom Clements,Dom Capers,1,1,1,both,head_coach infobox raw: [[Mike McCarthy]] || head_coach staff raw: [[Mike McCarthy]] || offensive_coordinator infobox raw: [[Tom Clements]] || offensive_coordinator staff raw: [[Tom Clements]] || defensive_coordinator infobox raw: [[Dom Capers]] || defensive_coordinator staff raw: [[Dom Capers]]
2014,HOU,2014 Houston Texans season,https://en.wikipedia.org/wiki/2014_Houston_Texans_season,Bill O'Brien,,Romeo Crennel,1,0,1,both,head_coach infobox raw: [[Bill O'Brien (American football)|Bill O'Brien]] || head_coach staff raw: [[Bill O'Brien (American football)|Bill O'Brien]] || defensive_coordinator infobox raw: [[Romeo Crennel]] || defensive_coordinator staff raw: [[Romeo Crennel]]
2014,IND,2014 Indianapolis Colts season,https://en.wikipedia.org/wiki/2014_Indianapolis_Colts_season,Chuck Pagano,Pep Hamilton,Greg Manusky,1,1,1,both,head_coach infobox raw: [[Chuck Pagano]] || head_coach staff raw: [[Chuck Pagano]] || offensive_coordinator infobox raw: [[Pep Hamilton]] || offensive_coordinator staff raw: [[Pep Hamilton]] || defensive_coordinator infobox raw: [[Greg Manusky]] || defensive_coordinator staff raw: [[Greg Manusky]]
2014,JAX,2014 Jacksonville Jaguars season,https://en.wikipedia.org/wiki/2014_Jacksonville_Jaguars_season,Gus Bradley,Jedd Fisch,Bob Babich,1,1,1,both,head_coach infobox raw: [[Gus Bradley]] || head_coach staff raw: [[Gus Bradley]] || offensive_coordinator infobox raw: [[Jedd Fisch]] || offensive_coordinator staff raw: [[Jedd Fisch]] || defensive_coordinator infobox raw: [[Bob Babich (American football coach)|Bob Babich]] || defensive_coordinator staff raw: [[Bob Babich (American football coach)|Bob Babich]]
2014,KC,2014 Kansas City Chiefs season,https://en.wikipedia.org/wiki/2014_Kansas_City_Chiefs_season,Andy Reid,Doug Pederson,Bob Sutton,1,1,1,both,head_coach infobox raw: [[Andy Reid]] || head_coach staff raw: [[Andy Reid]] || offensive_coordinator infobox raw: [[Doug Pederson]] || offensive_coordinator staff raw: [[Doug Pederson]] || defensive_coordinator infobox raw: [[Bob Sutton (American football)|Bob Sutton]] || defensive_coordinator staff raw: [[Bob Sutton (football coach)|Bob Sutton]]
2014,LAC,2014 San Diego Chargers season,https://en.wikipedia.org/wiki/2014_San_Diego_Chargers_season,Mike McCoy,Frank Reich,John Pagano,1,1,1,both,head_coach infobox raw: [[Mike McCoy (American football coach)|Mike McCoy]] || head_coach staff raw: [[Mike McCoy (American football coach)|Mike McCoy]] || offensive_coordinator staff raw: [[Frank Reich]] || defensive_coordinator staff raw: [[John Pagano]]
2014,LAR,2014 St. Louis Rams season,https://en.wikipedia.org/wiki/2014_St._Louis_Rams_season,Jeff Fisher,Brian Schottenheimer,Gregg Williams,1,1,1,both,head_coach infobox raw: [[Jeff Fisher]] || head_coach staff raw: [[Jeff Fisher]] || offensive_coordinator staff raw: [[Brian Schottenheimer]] || defensive_coordinator staff raw: [[Gregg Williams]]
2014,MIA,2014 Miami Dolphins season,https://en.wikipedia.org/wiki/2014_Miami_Dolphins_season,Joe Philbin,Bill Lazor,Kevin Coyle,1,1,1,both,head_coach infobox raw: [[Joe Philbin]] || head_coach staff raw: [[Joe Philbin]] || offensive_coordinator staff raw: [[Bill Lazor]] || defensive_coordinator staff raw: [[Kevin Coyle]]
2014,MIN,2014 Minnesota Vikings season,https://en.wikipedia.org/wiki/2014_Minnesota_Vikings_season,Mike Zimmer,Norv Turner,George Edwards,1,1,1,both,head_coach infobox raw: [[Mike Zimmer]] || head_coach staff raw: [[Mike Zimmer]] || offensive_coordinator staff raw: [[Norv Turner]] || defensive_coordinator staff raw: [[George Edwards (American football)|George Edwards]]
2014,NE,2014 New England Patriots season,https://en.wikipedia.org/wiki/2014_New_England_Patriots_season,Bill Belichick,Josh McDaniels,Matt Patricia,1,1,1,both,head_coach infobox raw: [[Bill Belichick]] || head_coach staff raw: [[Bill Belichick]] || offensive_coordinator infobox raw: [[Josh McDaniels]] || offensive_coordinator staff raw: [[Josh McDaniels]] || defensive_coordinator infobox raw: [[Matt Patricia]] || defensive_coordinator staff raw: [[Matt Patricia]]
2014,NO,2014 New Orleans Saints season,https://en.wikipedia.org/wiki/2014_New_Orleans_Saints_season,Sean Payton,Pete Carmichael Jr.,Rob Ryan,1,1,1,both,"head_coach infobox raw: [[Sean Payton]] || head_coach staff raw: [[Sean Payton]] || offensive_coordinator infobox raw: [[Pete Carmichael Jr.]] || offensive_coordinator staff raw: [[Pete Carmichael, Jr.]] || defensive_coordinator infobox raw: [[Rob Ryan]] || defensive_coordinator staff raw: [[Rob Ryan]]"
2014,NYG,2014 New York Giants season,https://en.wikipedia.org/wiki/2014_New_York_Giants_season,Tom Coughlin,Ben McAdoo,Perry Fewell,1,1,1,both,head_coach infobox raw: [[Tom Coughlin]] || head_coach staff raw: [[Tom Coughlin]] || offensive_coordinator staff raw: [[Ben McAdoo]] || defensive_coordinator staff raw: [[Perry Fewell]]
2014,NYJ,2014 New York Jets season,https://en.wikipedia.org/wiki/2014_New_York_Jets_season,Rex Ryan,Marty Mornhinweg,Dennis Thurman,1,1,1,both,head_coach infobox raw: [[Rex Ryan]] || head_coach staff raw: [[Rex Ryan]] || offensive_coordinator staff raw: [[Marty Mornhinweg]] || defensive_coordinator staff raw: [[Dennis Thurman]]
2014,OAK,2014 Oakland Raiders season,https://en.wikipedia.org/wiki/2014_Oakland_Raiders_season,Dennis Allen | Tony Sparano,Greg Olson,Jason Tarver,2,1,1,both,head_coach infobox raw: [[Dennis Allen (American football)|Dennis Allen]]<br>{{small|(fired on September 29; 0–4 record)}}<br>[[Tony Sparano]]<br>{{small|(interim; 3–9 record)}} || head_coach staff raw: [[Dennis Allen (American football)|Dennis Allen]] ; [[Tony Sparano]] || offensive_coordinator staff raw: [[Greg Olson (American football)|Greg Olson]] || defensive_coordinator staff raw: [[Jason Tarver]]
2014,PHI,2014 Philadelphia Eagles season,https://en.wikipedia.org/wiki/2014_Philadelphia_Eagles_season,Chip Kelly,Pat Shurmur,Bill Davis,1,1,1,both,head_coach infobox raw: [[Chip Kelly]] || head_coach staff raw: [[Chip Kelly]] || offensive_coordinator staff raw: [[Pat Shurmur]] || defensive_coordinator staff raw: [[Billy Davis (American football coach)|Bill Davis]]
2014,PIT,2014 Pittsburgh Steelers season,https://en.wikipedia.org/wiki/2014_Pittsburgh_Steelers_season,Mike Tomlin,Todd Haley,Dick LeBeau,1,1,1,both,head_coach infobox raw: [[Mike Tomlin]] || head_coach staff raw: [[Mike Tomlin]] || offensive_coordinator infobox raw: [[Todd Haley]] || offensive_coordinator staff raw: [[Todd Haley]] || defensive_coordinator infobox raw: [[Dick LeBeau]] || defensive_coordinator staff raw: [[Dick LeBeau]]
2014,SEA,2014 Seattle Seahawks season,https://en.wikipedia.org/wiki/2014_Seattle_Seahawks_season,Pete Carroll,Darrell Bevell,Dan Quinn,1,1,1,both,head_coach infobox raw: [[Pete Carroll]] || head_coach staff raw: [[Pete Carroll]] || offensive_coordinator infobox raw: [[Darrell Bevell]] || offensive_coordinator staff raw: [[Darrell Bevell]] || defensive_coordinator infobox raw: [[Dan Quinn (American football)|Dan Quinn]] || defensive_coordinator staff raw: [[Dan Quinn (American football)|Dan Quinn]]
2014,SF,2014 San Francisco 49ers season,https://en.wikipedia.org/wiki/2014_San_Francisco_49ers_season,Jim Harbaugh,Greg Roman,Vic Fangio,1,1,1,both,head_coach infobox raw: [[Jim Harbaugh]] || head_coach staff raw: [[Jim Harbaugh]] || offensive_coordinator infobox raw: [[Greg Roman]] || offensive_coordinator staff raw: [[Greg Roman]] || defensive_coordinator infobox raw: [[Vic Fangio]] || defensive_coordinator staff raw: [[Vic Fangio]]
2014,TB,2014 Tampa Bay Buccaneers season,https://en.wikipedia.org/wiki/2014_Tampa_Bay_Buccaneers_season,Lovie Smith,Jeff Tedford,Leslie Frazier,1,1,1,both,head_coach infobox raw: [[Lovie Smith]] || head_coach staff raw: [[Lovie Smith]] || offensive_coordinator staff raw: [[Jeff Tedford]] || defensive_coordinator staff raw: [[Leslie Frazier]]
2014,TEN,2014 Tennessee Titans season,https://en.wikipedia.org/wiki/2014_Tennessee_Titans_season,Ken Whisenhunt,Jason Michael,Ray Horton,1,1,1,both,head_coach infobox raw: [[Ken Whisenhunt]] || head_coach staff raw: [[Ken Whisenhunt]] || offensive_coordinator staff raw: [[Jason Michael]] || defensive_coordinator staff raw: [[Ray Horton]]
2014,WSH,2014 Washington Redskins season,https://en.wikipedia.org/wiki/2014_Washington_Redskins_season,Jay Gruden,Sean McVay,Jim Haslett,1,1,1,both,head_coach infobox raw: [[Jay Gruden]] || head_coach staff raw: [[Jay Gruden]] || offensive_coordinator infobox raw: [[Sean McVay]] || offensive_coordinator staff raw: [[Sean McVay]] || defensive_coordinator infobox raw: [[Jim Haslett]] || defensive_coordinator staff raw: [[Jim Haslett]]
2015,ARI,2015 Arizona Cardinals season,https://en.wikipedia.org/wiki/2015_Arizona_Cardinals_season,Bruce Arians,Harold Goodwin,James Bettcher,1,1,1,both,head_coach infobox raw: [[Bruce Arians]] || head_coach staff raw: [[Bruce Arians]] || offensive_coordinator infobox raw: [[Harold Goodwin (American football)|Harold Goodwin]] || offensive_coordinator staff raw: [[Harold Goodwin (American football)|Harold Goodwin]] || defensive_coordinator infobox raw: [[James Bettcher]] || defensive_coordinator staff raw: [[James Bettcher]]
2015,ATL,2015 Atlanta Falcons season,https://en.wikipedia.org/wiki/2015_Atlanta_Falcons_season,Dan Quinn,Kyle Shanahan,Richard Smith,1,1,1,both,head_coach infobox raw: [[Dan Quinn (American football)|Dan Quinn]] || head_coach staff raw: [[Dan Quinn (American football)|Dan Quinn]] || offensive_coordinator staff raw: [[Kyle Shanahan]] || defensive_coordinator staff raw: [[Richard Smith (American football coach)|Richard Smith]]
2015,BAL,2015 Baltimore Ravens season,https://en.wikipedia.org/wiki/2015_Baltimore_Ravens_season,John Harbaugh,Marc Trestman,Dean Pees,1,1,1,both,head_coach infobox raw: [[John Harbaugh]] || head_coach staff raw: [[John Harbaugh]] || offensive_coordinator infobox raw: [[Marc Trestman]] || offensive_coordinator staff raw: [[Marc Trestman]] || defensive_coordinator infobox raw: [[Dean Pees]] || defensive_coordinator staff raw: [[Dean Pees]]
2015,BUF,2015 Buffalo Bills season,https://en.wikipedia.org/wiki/2015_Buffalo_Bills_season,Rex Ryan,Greg Roman,Dennis Thurman,1,1,1,both,head_coach infobox raw: [[Rex Ryan]] || head_coach staff raw: [[Rex Ryan]] || offensive_coordinator staff raw: [[Greg Roman]] || defensive_coordinator staff raw: [[Dennis Thurman]]
2015,CAR,2015 Carolina Panthers season,https://en.wikipedia.org/wiki/2015_Carolina_Panthers_season,Ron Rivera,Mike Shula,Sean McDermott,1,1,1,both,head_coach infobox raw: [[Ron Rivera]] || head_coach staff raw: [[Ron Rivera]] || offensive_coordinator infobox raw: [[Mike Shula]] || offensive_coordinator staff raw: [[Mike Shula]] || defensive_coordinator infobox raw: [[Sean McDermott]] || defensive_coordinator staff raw: [[Sean McDermott]]
2015,CHI,2015 Chicago Bears season,https://en.wikipedia.org/wiki/2015_Chicago_Bears_season,John Fox,Adam Gase,Vic Fangio,1,1,1,both,head_coach infobox raw: [[John Fox (American football)|John Fox]] || head_coach staff raw: [[John Fox (American football)|John Fox]] || offensive_coordinator staff raw: [[Adam Gase]] || defensive_coordinator staff raw: [[Vic Fangio]]
2015,CIN,2015 Cincinnati Bengals season,https://en.wikipedia.org/wiki/2015_Cincinnati_Bengals_season,Marvin Lewis,Hue Jackson,Paul Guenther,1,1,1,both,head_coach infobox raw: [[Marvin Lewis]] || head_coach staff raw: [[Marvin Lewis]] || offensive_coordinator infobox raw: [[Hue Jackson]] || offensive_coordinator staff raw: [[Hue Jackson]] || defensive_coordinator infobox raw: [[Paul Guenther (American football)|Paul Guenther]] || defensive_coordinator staff raw: [[Paul Guenther (American football)|Paul Guenther]]
2015,CLE,2015 Cleveland Browns season,https://en.wikipedia.org/wiki/2015_Cleveland_Browns_season,Mike Pettine,John DeFilippo,Jim O'Neil,1,1,1,both,head_coach infobox raw: [[Mike Pettine]] || head_coach staff raw: [[Mike Pettine]] || offensive_coordinator staff raw: [[John DeFilippo]] || defensive_coordinator staff raw: [[Jim O'Neil (American football)|Jim O'Neil]]
2015,DAL,2015 Dallas Cowboys season,https://en.wikipedia.org/wiki/2015_Dallas_Cowboys_season,Jason Garrett,Scott Linehan,Rod Marinelli,1,1,1,both,head_coach infobox raw: [[Jason Garrett]] || head_coach staff raw: [[Jason Garrett]] || offensive_coordinator staff raw: [[Scott Linehan]] || defensive_coordinator staff raw: [[Rod Marinelli]]
2015,DEN,2015 Denver Broncos season,https://en.wikipedia.org/wiki/2015_Denver_Broncos_season,Gary Kubiak,Rick Dennison,Wade Phillips,1,1,1,both,head_coach infobox raw: [[Gary Kubiak]] || head_coach staff raw: [[Gary Kubiak]] || offensive_coordinator infobox raw: [[Rick Dennison]] || offensive_coordinator staff raw: [[Rick Dennison]] || defensive_coordinator infobox raw: [[Wade Phillips]] || defensive_coordinator staff raw: [[Wade Phillips]]
2015,DET,2015 Detroit Lions season,https://en.wikipedia.org/wiki/2015_Detroit_Lions_season,Jim Caldwell,Joe Lombardi | Jim Bob Cooter,Teryl Austin,1,2,1,both,"head_coach infobox raw: [[Jim Caldwell (American football)|Jim Caldwell]] || head_coach staff raw: [[Jim Caldwell (American football)|Jim Caldwell]] || offensive_coordinator infobox raw: [[Joe Lombardi]] || offensive_coordinator staff raw: [[Joe Lombardi]] (fired Oct 26, 2015) ; [[Jim Bob Cooter]] || defensive_coordinator infobox raw: [[Teryl Austin]] || defensive_coordinator staff raw: [[Teryl Austin]]"
2015,GB,2015 Green Bay Packers season,https://en.wikipedia.org/wiki/2015_Green_Bay_Packers_season,Mike McCarthy,Edgar Bennett,Dom Capers,1,1,1,both,head_coach infobox raw: [[Mike McCarthy]] || head_coach staff raw: [[Mike McCarthy]] || offensive_coordinator infobox raw: [[Edgar Bennett]] || offensive_coordinator staff raw: [[Edgar Bennett]] || defensive_coordinator infobox raw: [[Dom Capers]] || defensive_coordinator staff raw: [[Dom Capers]]
2015,HOU,2015 Houston Texans season,https://en.wikipedia.org/wiki/2015_Houston_Texans_season,Bill O'Brien,George Godsey,Romeo Crennel,1,1,1,both,head_coach infobox raw: [[Bill O'Brien (American football)|Bill O'Brien]] || head_coach staff raw: [[Bill O'Brien (American football)|Bill O'Brien]] || offensive_coordinator infobox raw: [[George Godsey]] || offensive_coordinator staff raw: [[George Godsey]] || defensive_coordinator infobox raw: [[Romeo Crennel]] || defensive_coordinator staff raw: [[Romeo Crennel]]
2015,IND,2015 Indianapolis Colts season,https://en.wikipedia.org/wiki/2015_Indianapolis_Colts_season,Chuck Pagano,Rob Chudzinski,Greg Manusky,1,1,1,both,head_coach infobox raw: [[Chuck Pagano]] || head_coach staff raw: [[Chuck Pagano]] || offensive_coordinator staff raw: [[Rob Chudzinski]] || defensive_coordinator staff raw: [[Greg Manusky]]
2015,JAX,2015 Jacksonville Jaguars season,https://en.wikipedia.org/wiki/2015_Jacksonville_Jaguars_season,Gus Bradley,Greg Olson,Bob Babich,1,1,1,both,head_coach infobox raw: [[Gus Bradley]] || head_coach staff raw: [[Gus Bradley]] || offensive_coordinator infobox raw: [[Greg Olson (American football)|Greg Olson]] || offensive_coordinator staff raw: [[Greg Olson (American football)|Greg Olson]] || defensive_coordinator infobox raw: [[Bob Babich (American football coach)|Bob Babich]] || defensive_coordinator staff raw: [[Bob Babich (American football coach)|Bob Babich]]
2015,KC,2015 Kansas City Chiefs season,https://en.wikipedia.org/wiki/2015_Kansas_City_Chiefs_season,Andy Reid,Doug Pederson,Bob Sutton,1,1,1,both,head_coach infobox raw: [[Andy Reid]] || head_coach staff raw: [[Andy Reid]] || offensive_coordinator infobox raw: [[Doug Pederson]] || offensive_coordinator staff raw: [[Doug Pederson]] || defensive_coordinator infobox raw: [[Bob Sutton (American football)|Bob Sutton]] || defensive_coordinator staff raw: [[Bob Sutton (football coach)|Bob Sutton]]
2015,LAC,2015 San Diego Chargers season,https://en.wikipedia.org/wiki/2015_San_Diego_Chargers_season,Mike McCoy,Frank Reich,John Pagano,1,1,1,both,head_coach infobox raw: [[Mike McCoy (American football coach)|Mike McCoy]] || head_coach staff raw: [[Mike McCoy (American football coach)|Mike McCoy]] || offensive_coordinator staff raw: [[Frank Reich]] || defensive_coordinator staff raw: [[John Pagano]]
2015,LAR,2015 St. Louis Rams season,https://en.wikipedia.org/wiki/2015_St._Louis_Rams_season,Jeff Fisher,Rob Boras,Gregg Williams,1,1,1,both,head_coach infobox raw: [[Jeff Fisher]] || head_coach staff raw: [[Jeff Fisher]] || offensive_coordinator staff raw: [[Rob Boras]] || defensive_coordinator staff raw: [[Gregg Williams]]
2015,MIA,2015 Miami Dolphins season,https://en.wikipedia.org/wiki/2015_Miami_Dolphins_season,Joe Philbin | Dan Campbell,Zac Taylor,Lou Anarumo,2,1,1,both,head_coach infobox raw: [[Joe Philbin]] {{small|(fired on October 5; 1–3 record)}}<br>[[Dan Campbell]] {{small|(interim; 5–7 record)}} || head_coach staff raw: [[Joe Philbin]] {{small|(fired on October 5)}} ; [[Dan Campbell]] || offensive_coordinator staff raw: [[Zac Taylor]] || defensive_coordinator staff raw: [[Lou Anarumo]]
2015,MIN,2015 Minnesota Vikings season,https://en.wikipedia.org/wiki/2015_Minnesota_Vikings_season,Mike Zimmer,Norv Turner,George Edwards,1,1,1,both,head_coach infobox raw: [[Mike Zimmer]] || head_coach staff raw: [[Mike Zimmer]] || offensive_coordinator infobox raw: [[Norv Turner]] || offensive_coordinator staff raw: [[Norv Turner]] || defensive_coordinator infobox raw: [[George Edwards (American football)|George Edwards]] || defensive_coordinator staff raw: [[George Edwards (American football)|George Edwards]]
2015,NE,2015 New England Patriots season,https://en.wikipedia.org/wiki/2015_New_England_Patriots_season,Bill Belichick,Josh McDaniels,Matt Patricia,1,1,1,both,head_coach infobox raw: [[Bill Belichick]] || head_coach staff raw: [[Bill Belichick]] || offensive_coordinator infobox raw: [[Josh McDaniels]] || offensive_coordinator staff raw: [[Josh McDaniels]] || defensive_coordinator infobox raw: [[Matt Patricia]] || defensive_coordinator staff raw: [[Matt Patricia]]
2015,NO,2015 New Orleans Saints season,https://en.wikipedia.org/wiki/2015_New_Orleans_Saints_season,Sean Payton,Pete Carmichael Jr.,Rob Ryan | Dennis Allen,1,1,2,both,"head_coach infobox raw: [[Sean Payton]] || head_coach staff raw: [[Sean Payton]] || offensive_coordinator infobox raw: [[Pete Carmichael Jr.]] || offensive_coordinator staff raw: [[Pete Carmichael, Jr.|Pete Carmichael]] || defensive_coordinator infobox raw: [[Rob Ryan]] {{small|(Weeks 1–10, fired)}}<br/>[[Dennis Allen (American football)|Dennis Allen]] {{small|(Weeks 11–17)}} || defensive_coordinator staff raw: [[Dennis Allen (American football)|Dennis Allen]]"
2015,NYG,2015 New York Giants season,https://en.wikipedia.org/wiki/2015_New_York_Giants_season,Tom Coughlin,Ben McAdoo,Steve Spagnuolo,1,1,1,both,head_coach infobox raw: [[Tom Coughlin]] || head_coach staff raw: [[Tom Coughlin]] || offensive_coordinator staff raw: [[Ben McAdoo]] || defensive_coordinator staff raw: [[Steve Spagnuolo]]
2015,NYJ,2015 New York Jets season,https://en.wikipedia.org/wiki/2015_New_York_Jets_season,Todd Bowles,,,1,0,0,infobox,head_coach infobox raw: [[Todd Bowles]]
2015,OAK,2015 Oakland Raiders season,https://en.wikipedia.org/wiki/2015_Oakland_Raiders_season,Jack Del Rio,Bill Musgrave,Ken Norton Jr.,1,1,1,both,head_coach infobox raw: [[Jack Del Rio]] || head_coach staff raw: [[Jack Del Rio]] || offensive_coordinator staff raw: [[Bill Musgrave]] || defensive_coordinator staff raw: [[Ken Norton Jr.]]
2015,PHI,2015 Philadelphia Eagles season,https://en.wikipedia.org/wiki/2015_Philadelphia_Eagles_season,Chip Kelly | Pat Shurmur,,Billy Davis,2,0,1,both,head_coach infobox raw: [[Chip Kelly]] (fired December 29; 6–9 record)<br>[[Pat Shurmur]] (interim week 17; 1–0 record) || head_coach staff raw: [[Chip Kelly]] {{small|(fired on December 29)}} ; [[Pat Shurmur]] || defensive_coordinator staff raw: [[Billy Davis (American football coach)|Billy Davis]]
2015,PIT,2015 Pittsburgh Steelers season,https://en.wikipedia.org/wiki/2015_Pittsburgh_Steelers_season,Mike Tomlin,Todd Haley,Keith Butler,1,1,1,both,head_coach infobox raw: [[Mike Tomlin]] || head_coach staff raw: [[Mike Tomlin]] || offensive_coordinator infobox raw: [[Todd Haley]] || offensive_coordinator staff raw: [[Todd Haley]] || defensive_coordinator infobox raw: [[Keith Butler (American football)|Keith Butler]] || defensive_coordinator staff raw: [[Keith Butler (American football)|Keith Butler]]
2015,SEA,2015 Seattle Seahawks season,https://en.wikipedia.org/wiki/2015_Seattle_Seahawks_season,Pete Carroll,Darrell Bevell,Kris Richard,1,1,1,both,head_coach infobox raw: [[Pete Carroll]] || head_coach staff raw: [[Pete Carroll]] || offensive_coordinator infobox raw: [[Darrell Bevell]] || offensive_coordinator staff raw: [[Darrell Bevell]] || defensive_coordinator infobox raw: [[Kris Richard]] || defensive_coordinator staff raw: [[Kris Richard]]
2015,SF,2015 San Francisco 49ers season,https://en.wikipedia.org/wiki/2015_San_Francisco_49ers_season,Jim Tomsula,Geep Chryst,Eric Mangini,1,1,1,both,head_coach infobox raw: [[Jim Tomsula]] || head_coach staff raw: [[Jim Tomsula]] || offensive_coordinator infobox raw: [[Geep Chryst]] || offensive_coordinator staff raw: [[Geep Chryst]] || defensive_coordinator infobox raw: [[Eric Mangini]] || defensive_coordinator staff raw: [[Eric Mangini]]
2015,TB,2015 Tampa Bay Buccaneers season,https://en.wikipedia.org/wiki/2015_Tampa_Bay_Buccaneers_season,Lovie Smith,Dirk Koetter,Leslie Frazier,1,1,1,both,head_coach infobox raw: [[Lovie Smith]] || head_coach staff raw: [[Lovie Smith]] || offensive_coordinator staff raw: [[Dirk Koetter]] || defensive_coordinator staff raw: [[Leslie Frazier]]
2015,TEN,2015 Tennessee Titans season,https://en.wikipedia.org/wiki/2015_Tennessee_Titans_season,Ken Whisenhunt | Mike Mularkey,Jason Michael,Ray Horton,2,1,1,both,"head_coach infobox raw: [[Ken Whisenhunt]]  {{small|(fired on November 3; 1–6 record)}}<br>[[Mike Mularkey]] {{small|(interim; 2–7 record)}} || head_coach staff raw: [[Ken Whisenhunt]] (fired November 3, 2015) ; [[Mike Mularkey]] || offensive_coordinator staff raw: [[Jason Michael]] || defensive_coordinator staff raw: [[Ray Horton]]"
2015,WSH,2015 Washington Redskins season,https://en.wikipedia.org/wiki/2015_Washington_Redskins_season,Jay Gruden,Sean McVay,Joe Barry,1,1,1,both,head_coach infobox raw: [[Jay Gruden]] || head_coach staff raw: [[Jay Gruden]] || offensive_coordinator infobox raw: [[Sean McVay]] || offensive_coordinator staff raw: [[Sean McVay]] || defensive_coordinator infobox raw: [[Joe Barry]] || defensive_coordinator staff raw: [[Joe Barry]]
2016,ARI,2016 Arizona Cardinals season,https://en.wikipedia.org/wiki/2016_Arizona_Cardinals_season,Bruce Arians,Harold Goodwin,James Bettcher,1,1,1,both,head_coach infobox raw: [[Bruce Arians]] || head_coach staff raw: [[Bruce Arians]] || offensive_coordinator staff raw: [[Harold Goodwin (American football)|Harold Goodwin]] || defensive_coordinator staff raw: [[James Bettcher]]
2016,ATL,2016 Atlanta Falcons season,https://en.wikipedia.org/wiki/2016_Atlanta_Falcons_season,Dan Quinn,Kyle Shanahan,Richard Smith,1,1,1,both,head_coach infobox raw: [[Dan Quinn (American football)|Dan Quinn]] || head_coach staff raw: [[Dan Quinn (American football)|Dan Quinn]] || offensive_coordinator infobox raw: [[Kyle Shanahan]] || offensive_coordinator staff raw: [[Kyle Shanahan]] || defensive_coordinator infobox raw: [[Richard Smith (American football coach)|Richard Smith]] || defensive_coordinator staff raw: [[Richard Smith (American football coach)|Richard Smith]]
2016,BAL,2016 Baltimore Ravens season,https://en.wikipedia.org/wiki/2016_Baltimore_Ravens_season,John Harbaugh,Marc Trestman | Marty Mornhinweg,Dean Pees,1,2,1,both,head_coach infobox raw: [[John Harbaugh]] || head_coach staff raw: [[John Harbaugh]] || offensive_coordinator infobox raw: [[Marc Trestman]] (fired Oct 10)<br>[[Marty Mornhinweg]] (interim) || offensive_coordinator staff raw: [[Marc Trestman]] || defensive_coordinator infobox raw: [[Dean Pees]] || defensive_coordinator staff raw: [[Dean Pees]]
2016,BUF,2016 Buffalo Bills season,https://en.wikipedia.org/wiki/2016_Buffalo_Bills_season,Rex Ryan | Anthony Lynn,,Dennis Thurman,2,0,1,both,"head_coach infobox raw: [[Rex Ryan]] (fired December 27, 7–8 record)<br>[[Anthony Lynn]] (interim, 0–1 record) || head_coach staff raw: [[Anthony Lynn]] || defensive_coordinator staff raw: [[Dennis Thurman]]"
2016,CAR,2016 Carolina Panthers season,https://en.wikipedia.org/wiki/2016_Carolina_Panthers_season,Ron Rivera,Mike Shula,Sean McDermott,1,1,1,both,head_coach infobox raw: [[Ron Rivera]] || head_coach staff raw: [[Ron Rivera]] || offensive_coordinator staff raw: [[Mike Shula]] || defensive_coordinator staff raw: [[Sean McDermott]]
2016,CHI,2016 Chicago Bears season,https://en.wikipedia.org/wiki/2016_Chicago_Bears_season,John Fox,Dowell Loggains,Vic Fangio,1,1,1,both,head_coach infobox raw: [[John Fox (American football)|John Fox]] || head_coach staff raw: [[John Fox (American football)|John Fox]] || offensive_coordinator staff raw: [[Dowell Loggains]] || defensive_coordinator staff raw: [[Vic Fangio]]
2016,CIN,2016 Cincinnati Bengals season,https://en.wikipedia.org/wiki/2016_Cincinnati_Bengals_season,Marvin Lewis,Ken Zampese,Paul Guenther,1,1,1,both,head_coach infobox raw: [[Marvin Lewis]] || head_coach staff raw: [[Marvin Lewis]] || offensive_coordinator staff raw: [[Ken Zampese]] || defensive_coordinator staff raw: [[Paul Guenther (American football)|Paul Guenther]]
2016,CLE,2016 Cleveland Browns season,https://en.wikipedia.org/wiki/2016_Cleveland_Browns_season,Hue Jackson,,Ray Horton,1,0,1,both,head_coach infobox raw: [[Hue Jackson]] || head_coach staff raw: [[Hue Jackson]] || defensive_coordinator staff raw: [[Ray Horton]]
2016,DAL,2016 Dallas Cowboys season,https://en.wikipedia.org/wiki/2016_Dallas_Cowboys_season,Jason Garrett,Scott Linehan,Rod Marinelli,1,1,1,both,head_coach infobox raw: [[Jason Garrett]] || head_coach staff raw: [[Jason Garrett]] || offensive_coordinator staff raw: [[Scott Linehan]] || defensive_coordinator staff raw: [[Rod Marinelli]]
2016,DEN,2016 Denver Broncos season,https://en.wikipedia.org/wiki/2016_Denver_Broncos_season,Gary Kubiak | Joe DeCamillis,Rick Dennison,Wade Phillips,2,1,1,both,"head_coach infobox raw: [[Gary Kubiak]]<br>[[Joe DeCamillis]] (interim, Week 6) || head_coach staff raw: [[Gary Kubiak]] || offensive_coordinator staff raw: [[Rick Dennison]] || defensive_coordinator staff raw: [[Wade Phillips]]"
2016,DET,2016 Detroit Lions season,https://en.wikipedia.org/wiki/2016_Detroit_Lions_season,Jim Caldwell,Jim Bob Cooter,Teryl Austin,1,1,1,both,head_coach infobox raw: [[Jim Caldwell (American football)|Jim Caldwell]] || head_coach staff raw: [[Jim Caldwell (American football)|Jim Caldwell]] || offensive_coordinator staff raw: [[Jim Bob Cooter]] || defensive_coordinator staff raw: [[Teryl Austin]]
2016,GB,2016 Green Bay Packers season,https://en.wikipedia.org/wiki/2016_Green_Bay_Packers_season,Mike McCarthy,Edgar Bennett,Dom Capers,1,1,1,both,head_coach infobox raw: [[Mike McCarthy]] || head_coach staff raw: [[Mike McCarthy]] || offensive_coordinator infobox raw: [[Edgar Bennett]] || offensive_coordinator staff raw: [[Edgar Bennett]] || defensive_coordinator infobox raw: [[Dom Capers]] || defensive_coordinator staff raw: [[Dom Capers]]
2016,HOU,2016 Houston Texans season,https://en.wikipedia.org/wiki/2016_Houston_Texans_season,Bill O'Brien,George Godsey,Romeo Crennel,1,1,1,both,head_coach infobox raw: [[Bill O'Brien (American football)|Bill O'Brien]] || head_coach staff raw: [[Bill O'Brien (American football)|Bill O'Brien]] || offensive_coordinator infobox raw: [[George Godsey]] || offensive_coordinator staff raw: [[George Godsey]] || defensive_coordinator infobox raw: [[Romeo Crennel]] || defensive_coordinator staff raw: [[Romeo Crennel]]
2016,IND,2016 Indianapolis Colts season,https://en.wikipedia.org/wiki/2016_Indianapolis_Colts_season,Chuck Pagano,Rob Chudzinski,Ted Monachino,1,1,1,both,head_coach infobox raw: [[Chuck Pagano]] || head_coach staff raw: [[Chuck Pagano]] || offensive_coordinator staff raw: [[Rob Chudzinski]] || defensive_coordinator staff raw: [[Ted Monachino]]
2016,JAX,2016 Jacksonville Jaguars season,https://en.wikipedia.org/wiki/2016_Jacksonville_Jaguars_season,Gus Bradley | Doug Marrone,Greg Olson | Nathaniel Hackett,Todd Wash,2,2,1,both,"head_coach infobox raw: [[Gus Bradley]] (fired on December 18, 2-12 record)<br>[[Doug Marrone]] (interim, 1-1 record) || head_coach staff raw: [[Gus Bradley]] ; [[Doug Marrone]] || offensive_coordinator infobox raw: [[Greg Olson (American football)|Greg Olson]] || offensive_coordinator staff raw: [[Greg Olson (American football)|Greg Olson]] ; [[Nathaniel Hackett]] || defensive_coordinator infobox raw: [[Todd Wash]] || defensive_coordinator staff raw: [[Todd Wash]]"
2016,KC,2016 Kansas City Chiefs season,https://en.wikipedia.org/wiki/2016_Kansas_City_Chiefs_season,Andy Reid,Brad Childress | Matt Nagy,Bob Sutton,1,2,1,both,"head_coach infobox raw: [[Andy Reid]] || head_coach staff raw: [[Andy Reid]] || offensive_coordinator infobox raw: [[Brad Childress]]
<br />[[Matt Nagy]] || defensive_coordinator infobox raw: [[Bob Sutton (American football)|Bob Sutton]] || defensive_coordinator staff raw: [[Bob Sutton (football coach)|Bob Sutton]]"
2016,LAC,2016 San Diego Chargers season,https://en.wikipedia.org/wiki/2016_San_Diego_Chargers_season,Mike McCoy,Ken Whisenhunt,John Pagano,1,1,1,both,head_coach infobox raw: [[Mike McCoy (American football coach)|Mike McCoy]] || head_coach staff raw: [[Mike McCoy (American football coach)|Mike McCoy]] || offensive_coordinator staff raw: [[Ken Whisenhunt]] || defensive_coordinator staff raw: [[John Pagano]]
2016,LAR,2016 Los Angeles Rams season,https://en.wikipedia.org/wiki/2016_Los_Angeles_Rams_season,Jeff Fisher | John Fassel,Rob Boras,Gregg Williams,2,1,1,both,"head_coach infobox raw: [[Jeff Fisher]] (fired on December 12, 4–9 record) <br />[[John Fassel]] (interim, 0–3 record) || head_coach staff raw: [[Jeff Fisher]] (Fired Week 14) ; [[John Fassel]] || offensive_coordinator staff raw: [[Rob Boras]] || defensive_coordinator staff raw: [[Gregg Williams]]"
2016,MIA,2016 Miami Dolphins season,https://en.wikipedia.org/wiki/2016_Miami_Dolphins_season,Adam Gase,Clyde Christensen,Vance Joseph,1,1,1,both,head_coach infobox raw: [[Adam Gase]] || head_coach staff raw: [[Adam Gase]] || offensive_coordinator staff raw: [[Clyde Christensen]] || defensive_coordinator staff raw: [[Vance Joseph]]
2016,MIN,2016 Minnesota Vikings season,https://en.wikipedia.org/wiki/2016_Minnesota_Vikings_season,Mike Zimmer | Mike Priefer,,George Edwards,2,0,1,both,"head_coach infobox raw: [[Mike Zimmer]] {{small|(games 1–12, 14–16)}}<br>[[Mike Priefer]] {{small|(interim, game 13)}} || head_coach staff raw: [[Mike Zimmer]] || defensive_coordinator staff raw: [[George Edwards (American football)|George Edwards]]"
2016,NE,2016 New England Patriots season,https://en.wikipedia.org/wiki/2016_New_England_Patriots_season,Bill Belichick,Josh McDaniels,Matt Patricia,1,1,1,both,head_coach infobox raw: [[Bill Belichick]] || head_coach staff raw: [[Bill Belichick]] || offensive_coordinator infobox raw: [[Josh McDaniels]] || offensive_coordinator staff raw: [[Josh McDaniels]] || defensive_coordinator infobox raw: [[Matt Patricia]] || defensive_coordinator staff raw: [[Matt Patricia]]
2016,NO,2016 New Orleans Saints season,https://en.wikipedia.org/wiki/2016_New_Orleans_Saints_season,Sean Payton,Pete Carmichael Jr.,Dennis Allen,1,1,1,both,head_coach infobox raw: [[Sean Payton]] || head_coach staff raw: [[Sean Payton]] || offensive_coordinator infobox raw: [[Pete Carmichael Jr.]] || offensive_coordinator staff raw: [[Pete Carmichael Jr.|Pete Carmichael]] || defensive_coordinator infobox raw: [[Dennis Allen (American football)|Dennis Allen]] || defensive_coordinator staff raw: [[Dennis Allen (American football)|Dennis Allen]]
2016,NYG,2016 New York Giants season,https://en.wikipedia.org/wiki/2016_New_York_Giants_season,Ben McAdoo,Mike Sullivan,Steve Spagnuolo,1,1,1,both,head_coach infobox raw: [[Ben McAdoo]] || head_coach staff raw: [[Ben McAdoo]] || offensive_coordinator staff raw: [[Mike Sullivan (American football coach)|Mike Sullivan]] || defensive_coordinator staff raw: [[Steve Spagnuolo]]
2016,NYJ,2016 New York Jets season,https://en.wikipedia.org/wiki/2016_New_York_Jets_season,Todd Bowles,Chan Gailey,Kacy Rodgers,1,1,1,both,head_coach infobox raw: [[Todd Bowles]] || head_coach staff raw: [[Todd Bowles]] || offensive_coordinator staff raw: [[Chan Gailey]] || defensive_coordinator staff raw: [[Kacy Rodgers]]
2016,OAK,2016 Oakland Raiders season,https://en.wikipedia.org/wiki/2016_Oakland_Raiders_season,Jack Del Rio,Bill Musgrave,Ken Norton Jr.,1,1,1,both,head_coach infobox raw: [[Jack Del Rio]] || head_coach staff raw: [[Jack Del Rio]] || offensive_coordinator staff raw: [[Bill Musgrave]] || defensive_coordinator staff raw: [[Ken Norton Jr.]]
2016,PHI,2016 Philadelphia Eagles season,https://en.wikipedia.org/wiki/2016_Philadelphia_Eagles_season,Doug Pederson,Frank Reich,Jim Schwartz,1,1,1,both,head_coach infobox raw: [[Doug Pederson]] || head_coach staff raw: [[Doug Pederson]] || offensive_coordinator staff raw: [[Frank Reich]] || defensive_coordinator staff raw: [[Jim Schwartz]]
2016,PIT,2016 Pittsburgh Steelers season,https://en.wikipedia.org/wiki/2016_Pittsburgh_Steelers_season,Mike Tomlin,Todd Haley,Keith Butler,1,1,1,both,head_coach infobox raw: [[Mike Tomlin]] || head_coach staff raw: [[Mike Tomlin]] || offensive_coordinator infobox raw: [[Todd Haley]] || offensive_coordinator staff raw: [[Todd Haley]] || defensive_coordinator infobox raw: [[Keith Butler (American football)|Keith Butler]] || defensive_coordinator staff raw: [[Keith Butler (American football)|Keith Butler]]
2016,SEA,2016 Seattle Seahawks season,https://en.wikipedia.org/wiki/2016_Seattle_Seahawks_season,Pete Carroll,Darrell Bevell,Kris Richard,1,1,1,both,head_coach infobox raw: [[Pete Carroll]] || head_coach staff raw: [[Pete Carroll]] || offensive_coordinator staff raw: [[Darrell Bevell]] || defensive_coordinator staff raw: [[Kris Richard]]
2016,SF,2016 San Francisco 49ers season,https://en.wikipedia.org/wiki/2016_San_Francisco_49ers_season,Chip Kelly,Curtis Modkins,Jim O'Neil,1,1,1,both,head_coach infobox raw: [[Chip Kelly]] || head_coach staff raw: [[Chip Kelly]] || offensive_coordinator infobox raw: [[Curtis Modkins]] || offensive_coordinator staff raw: [[Curtis Modkins]] || defensive_coordinator infobox raw: [[Jim O'Neil (American football)|Jim O'Neil]] || defensive_coordinator staff raw: [[Jim O'Neil (American football)|Jim O'Neil]]
2016,TB,2016 Tampa Bay Buccaneers season,https://en.wikipedia.org/wiki/2016_Tampa_Bay_Buccaneers_season,Dirk Koetter,Todd Monken,Mike Smith,1,1,1,both,head_coach infobox raw: [[Dirk Koetter]] || head_coach staff raw: [[Dirk Koetter]] || offensive_coordinator staff raw: [[Todd Monken]] || defensive_coordinator staff raw: [[Mike Smith (American football coach)|Mike Smith]]
2016,TEN,2016 Tennessee Titans season,https://en.wikipedia.org/wiki/2016_Tennessee_Titans_season,Mike Mularkey,Terry Robiskie,Dick LeBeau,1,1,1,both,head_coach infobox raw: [[Mike Mularkey]] || head_coach staff raw: [[Mike Mularkey]] || offensive_coordinator staff raw: [[Terry Robiskie]] || defensive_coordinator staff raw: [[Dick LeBeau]]
2016,WSH,2016 Washington Redskins season,https://en.wikipedia.org/wiki/2016_Washington_Redskins_season,Jay Gruden,Sean McVay,Joe Barry,1,1,1,both,head_coach infobox raw: [[Jay Gruden]] || head_coach staff raw: [[Jay Gruden]] || offensive_coordinator infobox raw: [[Sean McVay]] || offensive_coordinator staff raw: [[Sean McVay]] || defensive_coordinator infobox raw: [[Joe Barry]] || defensive_coordinator staff raw: [[Joe Barry]]
2017,ARI,2017 Arizona Cardinals season,https://en.wikipedia.org/wiki/2017_Arizona_Cardinals_season,Bruce Arians,Harold Goodwin,James Bettcher,1,1,1,both,head_coach infobox raw: [[Bruce Arians]] || head_coach staff raw: [[Bruce Arians]] || offensive_coordinator staff raw: [[Harold Goodwin (American football)|Harold Goodwin]] || defensive_coordinator staff raw: [[James Bettcher]]
2017,ATL,2017 Atlanta Falcons season,https://en.wikipedia.org/wiki/2017_Atlanta_Falcons_season,Dan Quinn,Steve Sarkisian,Marquand Manuel,1,1,1,both,head_coach infobox raw: [[Dan Quinn (American football)|Dan Quinn]] || head_coach staff raw: [[Dan Quinn (American football)|Dan Quinn]] || offensive_coordinator infobox raw: [[Steve Sarkisian]] || offensive_coordinator staff raw: [[Steve Sarkisian]] || defensive_coordinator infobox raw: [[Marquand Manuel]] || defensive_coordinator staff raw: [[Marquand Manuel]]
2017,BAL,2017 Baltimore Ravens season,https://en.wikipedia.org/wiki/2017_Baltimore_Ravens_season,John Harbaugh,Marty Mornhinweg,Dean Pees,1,1,1,both,head_coach infobox raw: [[John Harbaugh]] || head_coach staff raw: [[John Harbaugh]] || offensive_coordinator infobox raw: [[Marty Mornhinweg]] || offensive_coordinator staff raw: [[Marty Mornhinweg]] || defensive_coordinator infobox raw: [[Dean Pees]] || defensive_coordinator staff raw: [[Dean Pees]]
2017,BUF,2017 Buffalo Bills season,https://en.wikipedia.org/wiki/2017_Buffalo_Bills_season,Sean McDermott,Rick Dennison,Leslie Frazier,1,1,1,both,head_coach infobox raw: [[Sean McDermott]] || head_coach staff raw: [[Sean McDermott]] || offensive_coordinator infobox raw: [[Rick Dennison]] || offensive_coordinator staff raw: [[Rick Dennison]] || defensive_coordinator infobox raw: [[Leslie Frazier]] || defensive_coordinator staff raw: [[Leslie Frazier]]
2017,CAR,2017 Carolina Panthers season,https://en.wikipedia.org/wiki/2017_Carolina_Panthers_season,Ron Rivera,Mike Shula,Steve Wilks,1,1,1,both,head_coach infobox raw: [[Ron Rivera]] || head_coach staff raw: [[Ron Rivera]] || offensive_coordinator infobox raw: [[Mike Shula]] || offensive_coordinator staff raw: [[Mike Shula]] || defensive_coordinator infobox raw: [[Steve Wilks]] || defensive_coordinator staff raw: [[Steve Wilks]]
2017,CHI,2017 Chicago Bears season,https://en.wikipedia.org/wiki/2017_Chicago_Bears_season,John Fox,Dowell Loggains,Vic Fangio,1,1,1,both,head_coach infobox raw: [[John Fox (American football)|John Fox]] || head_coach staff raw: [[John Fox (American football)|John Fox]] || offensive_coordinator staff raw: [[Dowell Loggains]] || defensive_coordinator staff raw: [[Vic Fangio]]
2017,CIN,2017 Cincinnati Bengals season,https://en.wikipedia.org/wiki/2017_Cincinnati_Bengals_season,Marvin Lewis,Ken Zampese | Bill Lazor,Paul Guenther,1,2,1,both,"head_coach infobox raw: [[Marvin Lewis]] || head_coach staff raw: [[Marvin Lewis]] || offensive_coordinator staff raw: [[Ken Zampese]] (fired Sept 15, 2017) ; [[Bill Lazor]] || defensive_coordinator staff raw: [[Paul Guenther (American football)|Paul Guenther]]"
2017,CLE,2017 Cleveland Browns season,https://en.wikipedia.org/wiki/2017_Cleveland_Browns_season,Hue Jackson,,Gregg Williams,1,0,1,both,head_coach infobox raw: [[Hue Jackson]] || head_coach staff raw: [[Hue Jackson]] || defensive_coordinator staff raw: [[Gregg Williams]]
2017,DAL,2017 Dallas Cowboys season,https://en.wikipedia.org/wiki/2017_Dallas_Cowboys_season,Jason Garrett,Scott Linehan,Rod Marinelli,1,1,1,both,head_coach infobox raw: [[Jason Garrett]] || head_coach staff raw: [[Jason Garrett]] || offensive_coordinator staff raw: [[Scott Linehan]] || defensive_coordinator staff raw: [[Rod Marinelli]]
2017,DEN,2017 Denver Broncos season,https://en.wikipedia.org/wiki/2017_Denver_Broncos_season,Vance Joseph,Mike McCoy,Joe Woods,1,1,1,both,"head_coach infobox raw: [[Vance Joseph]] || head_coach staff raw: [[Vance Joseph]] || offensive_coordinator staff raw: [[Mike McCoy (American football coach)|Mike McCoy]] (fired November 20, 2017) || defensive_coordinator staff raw: [[Joe Woods (American football)|Joe Woods]]"
2017,DET,2017 Detroit Lions season,https://en.wikipedia.org/wiki/2017_Detroit_Lions_season,Jim Caldwell,Jim Bob Cooter,Teryl Austin,1,1,1,both,head_coach infobox raw: [[Jim Caldwell (American football)|Jim Caldwell]] || head_coach staff raw: [[Jim Caldwell (American football)|Jim Caldwell]] || offensive_coordinator staff raw: [[Jim Bob Cooter]] || defensive_coordinator staff raw: [[Teryl Austin]]
2017,GB,2017 Green Bay Packers season,https://en.wikipedia.org/wiki/2017_Green_Bay_Packers_season,Mike McCarthy,Edgar Bennett,Dom Capers,1,1,1,both,head_coach infobox raw: [[Mike McCarthy]] || head_coach staff raw: [[Mike McCarthy]] || offensive_coordinator staff raw: [[Edgar Bennett]] || defensive_coordinator staff raw: [[Dom Capers]]
2017,HOU,2017 Houston Texans season,https://en.wikipedia.org/wiki/2017_Houston_Texans_season,Bill O'Brien,,Mike Vrabel,1,0,1,both,head_coach infobox raw: [[Bill O'Brien (American football)|Bill O'Brien]] || head_coach staff raw: [[Bill O'Brien (American football)|Bill O'Brien]] || defensive_coordinator infobox raw: [[Mike Vrabel]] || defensive_coordinator staff raw: [[Mike Vrabel]]
2017,IND,2017 Indianapolis Colts season,https://en.wikipedia.org/wiki/2017_Indianapolis_Colts_season,Chuck Pagano,Rob Chudzinski,Ted Monachino,1,1,1,both,head_coach infobox raw: [[Chuck Pagano]] || head_coach staff raw: [[Chuck Pagano]] || offensive_coordinator staff raw: [[Rob Chudzinski]] || defensive_coordinator staff raw: [[Ted Monachino]]
2017,JAX,2017 Jacksonville Jaguars season,https://en.wikipedia.org/wiki/2017_Jacksonville_Jaguars_season,Doug Marrone,Nathaniel Hackett,Todd Wash,1,1,1,both,head_coach infobox raw: [[Doug Marrone]] || head_coach staff raw: [[Doug Marrone]] || offensive_coordinator infobox raw: [[Nathaniel Hackett]] || offensive_coordinator staff raw: [[Nathaniel Hackett]] || defensive_coordinator infobox raw: [[Todd Wash]] || defensive_coordinator staff raw: [[Todd Wash]]
2017,KC,2017 Kansas City Chiefs season,https://en.wikipedia.org/wiki/2017_Kansas_City_Chiefs_season,Andy Reid,Matt Nagy,Bob Sutton,1,1,1,both,head_coach infobox raw: [[Andy Reid]] || head_coach staff raw: [[Andy Reid]] || offensive_coordinator infobox raw: [[Matt Nagy]] || offensive_coordinator staff raw: [[Matt Nagy]] || defensive_coordinator infobox raw: [[Bob Sutton (American football)|Bob Sutton]] || defensive_coordinator staff raw: [[Bob Sutton (football coach)|Bob Sutton]]
2017,LAC,2017 Los Angeles Chargers season,https://en.wikipedia.org/wiki/2017_Los_Angeles_Chargers_season,Anthony Lynn,Ken Whisenhunt,Gus Bradley,1,1,1,both,head_coach infobox raw: [[Anthony Lynn]] || head_coach staff raw: [[Anthony Lynn]] || offensive_coordinator staff raw: [[Ken Whisenhunt]] || defensive_coordinator staff raw: [[Gus Bradley]]
2017,LAR,2017 Los Angeles Rams season,https://en.wikipedia.org/wiki/2017_Los_Angeles_Rams_season,Sean McVay,Matt LaFleur,Wade Phillips,1,1,1,both,head_coach infobox raw: [[Sean McVay]] || head_coach staff raw: [[Sean McVay]] || offensive_coordinator infobox raw: [[Matt LaFleur]] || offensive_coordinator staff raw: [[Matt LaFleur]] || defensive_coordinator infobox raw: [[Wade Phillips]] || defensive_coordinator staff raw: [[Wade Phillips]]
2017,MIA,2017 Miami Dolphins season,https://en.wikipedia.org/wiki/2017_Miami_Dolphins_season,Adam Gase,Clyde Christensen,Matt Burke,1,1,1,both,head_coach infobox raw: [[Adam Gase]] || head_coach staff raw: [[Adam Gase]] || offensive_coordinator staff raw: [[Clyde Christensen]] || defensive_coordinator staff raw: [[Matt Burke (American football)|Matt Burke]]
2017,MIN,2017 Minnesota Vikings season,https://en.wikipedia.org/wiki/2017_Minnesota_Vikings_season,Mike Zimmer,Pat Shurmur,George Edwards,1,1,1,both,head_coach infobox raw: [[Mike Zimmer]] || head_coach staff raw: [[Mike Zimmer]] || offensive_coordinator infobox raw: [[Pat Shurmur]] || offensive_coordinator staff raw: [[Pat Shurmur]] || defensive_coordinator infobox raw: [[George Edwards (American football)|George Edwards]] || defensive_coordinator staff raw: [[George Edwards (American football)|George Edwards]]
2017,NE,2017 New England Patriots season,https://en.wikipedia.org/wiki/2017_New_England_Patriots_season,Bill Belichick,Josh McDaniels,Matt Patricia,1,1,1,both,head_coach infobox raw: [[Bill Belichick]] || head_coach staff raw: [[Bill Belichick]] || offensive_coordinator infobox raw: [[Josh McDaniels]] || offensive_coordinator staff raw: [[Josh McDaniels]] || defensive_coordinator infobox raw: [[Matt Patricia]] || defensive_coordinator staff raw: [[Matt Patricia]]
2017,NO,2017 New Orleans Saints season,https://en.wikipedia.org/wiki/2017_New_Orleans_Saints_season,Sean Payton,Pete Carmichael Jr.,Dennis Allen,1,1,1,both,head_coach infobox raw: [[Sean Payton]] || head_coach staff raw: [[Sean Payton]] || offensive_coordinator infobox raw: [[Pete Carmichael Jr.]] || offensive_coordinator staff raw: [[Pete Carmichael Jr.|Pete Carmichael]] || defensive_coordinator infobox raw: [[Dennis Allen (American football)|Dennis Allen]] || defensive_coordinator staff raw: [[Dennis Allen (American football)|Dennis Allen]]
2017,NYG,2017 New York Giants season,https://en.wikipedia.org/wiki/2017_New_York_Giants_season,Ben McAdoo | Steve Spagnuolo,Mike Sullivan,,2,1,0,both,"head_coach infobox raw: [[Ben McAdoo]] (fired December 4, 2–10 record)<br>[[Steve Spagnuolo]] (interim, 1–3 record) || head_coach staff raw: [[Ben McAdoo]] ; [[Steve Spagnuolo]] || offensive_coordinator staff raw: [[Mike Sullivan (American football coach)|Mike Sullivan]]"
2017,NYJ,2017 New York Jets season,https://en.wikipedia.org/wiki/2017_New_York_Jets_season,Todd Bowles,John Morton,Kacy Rodgers,1,1,1,both,head_coach infobox raw: [[Todd Bowles]] || head_coach staff raw: [[Todd Bowles]] || offensive_coordinator staff raw: [[John Morton (American football)|John Morton]] || defensive_coordinator staff raw: [[Kacy Rodgers]]
2017,OAK,2017 Oakland Raiders season,https://en.wikipedia.org/wiki/2017_Oakland_Raiders_season,Jack Del Rio,Todd Downing,Ken Norton Jr,1,1,1,both,"head_coach infobox raw: [[Jack Del Rio]] || head_coach staff raw: [[Jack Del Rio]] || offensive_coordinator staff raw: [[Todd Downing]] || defensive_coordinator staff raw: [[Ken Norton Jr]] (fired November 21, 2017)"
2017,PHI,2017 Philadelphia Eagles season,https://en.wikipedia.org/wiki/2017_Philadelphia_Eagles_season,Doug Pederson,Frank Reich,Jim Schwartz,1,1,1,both,head_coach infobox raw: [[Doug Pederson]] || head_coach staff raw: [[Doug Pederson]] || offensive_coordinator infobox raw: [[Frank Reich]] || offensive_coordinator staff raw: [[Frank Reich]] || defensive_coordinator infobox raw: [[Jim Schwartz]] || defensive_coordinator staff raw: [[Jim Schwartz]]
2017,PIT,2017 Pittsburgh Steelers season,https://en.wikipedia.org/wiki/2017_Pittsburgh_Steelers_season,Mike Tomlin,Todd Haley,Keith Butler,1,1,1,both,head_coach infobox raw: [[Mike Tomlin]] || head_coach staff raw: [[Mike Tomlin]] || offensive_coordinator infobox raw: [[Todd Haley]] || offensive_coordinator staff raw: [[Todd Haley]] || defensive_coordinator infobox raw: [[Keith Butler (American football)|Keith Butler]] || defensive_coordinator staff raw: [[Keith Butler (American football)|Keith Butler]]
2017,SEA,2017 Seattle Seahawks season,https://en.wikipedia.org/wiki/2017_Seattle_Seahawks_season,Pete Carroll,Darrell Bevell,Kris Richard,1,1,1,both,head_coach infobox raw: [[Pete Carroll]] || head_coach staff raw: [[Pete Carroll]] || offensive_coordinator staff raw: [[Darrell Bevell]] || defensive_coordinator staff raw: [[Kris Richard]]
2017,SF,2017 San Francisco 49ers season,https://en.wikipedia.org/wiki/2017_San_Francisco_49ers_season,Kyle Shanahan,Kyle Shanahan,Robert Saleh,1,1,1,both,head_coach infobox raw: [[Kyle Shanahan]] || head_coach staff raw: [[Kyle Shanahan]] || offensive_coordinator infobox raw: Kyle Shanahan (de facto) || defensive_coordinator infobox raw: [[Robert Saleh]] || defensive_coordinator staff raw: [[Robert Saleh]]
2017,TB,2017 Tampa Bay Buccaneers season,https://en.wikipedia.org/wiki/2017_Tampa_Bay_Buccaneers_season,Dirk Koetter,Todd Monken,Mike Smith,1,1,1,both,head_coach infobox raw: [[Dirk Koetter]] || head_coach staff raw: [[Dirk Koetter]] || offensive_coordinator staff raw: [[Todd Monken]] || defensive_coordinator staff raw: [[Mike Smith (American football coach)|Mike Smith]]
2017,TEN,2017 Tennessee Titans season,https://en.wikipedia.org/wiki/2017_Tennessee_Titans_season,Mike Mularkey,Terry Robiskie,Dick LeBeau,1,1,1,both,head_coach infobox raw: [[Mike Mularkey]] || head_coach staff raw: [[Mike Mularkey]] || offensive_coordinator infobox raw: [[Terry Robiskie]] || offensive_coordinator staff raw: [[Terry Robiskie]] || defensive_coordinator infobox raw: [[Dick LeBeau]] || defensive_coordinator staff raw: [[Dick LeBeau]]
2017,WSH,2017 Washington Redskins season,https://en.wikipedia.org/wiki/2017_Washington_Redskins_season,Jay Gruden,Matt Cavanaugh,Greg Manusky,1,1,1,both,head_coach infobox raw: [[Jay Gruden]] || head_coach staff raw: [[Jay Gruden]] || offensive_coordinator infobox raw: [[Matt Cavanaugh]] || offensive_coordinator staff raw: [[Matt Cavanaugh]] || defensive_coordinator infobox raw: [[Greg Manusky]] || defensive_coordinator staff raw: [[Greg Manusky]]
2018,ARI,2018 Arizona Cardinals season,https://en.wikipedia.org/wiki/2018_Arizona_Cardinals_season,Steve Wilks,Mike McCoy,Al Holcomb,1,1,1,both,"head_coach infobox raw: [[Steve Wilks]] || head_coach staff raw: [[Steve Wilks]] || offensive_coordinator staff raw: [[Mike McCoy (American football coach)|Mike McCoy]] (fired Oct 19, 2018) || defensive_coordinator staff raw: [[Al Holcomb]]"
2018,ATL,2018 Atlanta Falcons season,https://en.wikipedia.org/wiki/2018_Atlanta_Falcons_season,Dan Quinn,Steve Sarkisian,Marquand Manuel,1,1,1,both,head_coach infobox raw: [[Dan Quinn (American football)|Dan Quinn]] || head_coach staff raw: [[Dan Quinn (American football)|Dan Quinn]] || offensive_coordinator staff raw: [[Steve Sarkisian]] || defensive_coordinator staff raw: [[Marquand Manuel]]
2018,BAL,2018 Baltimore Ravens season,https://en.wikipedia.org/wiki/2018_Baltimore_Ravens_season,John Harbaugh,Marty Mornhinweg | Greg Roman,Don Martindale,1,2,1,both,head_coach infobox raw: [[John Harbaugh]] || head_coach staff raw: [[John Harbaugh]] || offensive_coordinator infobox raw: [[Marty Mornhinweg]] || offensive_coordinator staff raw: [[Greg Roman]] ; [[Marty Mornhinweg]] || defensive_coordinator infobox raw: [[Don Martindale]] || defensive_coordinator staff raw: [[Don Martindale]]
2018,BUF,2018 Buffalo Bills season,https://en.wikipedia.org/wiki/2018_Buffalo_Bills_season,Sean McDermott,Brian Daboll,Leslie Frazier,1,1,1,both,head_coach infobox raw: [[Sean McDermott]] || head_coach staff raw: [[Sean McDermott]] || offensive_coordinator staff raw: [[Brian Daboll]] || defensive_coordinator staff raw: [[Leslie Frazier]]
2018,CAR,2018 Carolina Panthers season,https://en.wikipedia.org/wiki/2018_Carolina_Panthers_season,Ron Rivera,Norv Turner,Eric Washington,1,1,1,both,head_coach infobox raw: [[Ron Rivera]] || head_coach staff raw: [[Ron Rivera]] || offensive_coordinator staff raw: [[Norv Turner]] || defensive_coordinator staff raw: [[Eric Washington (American football)|Eric Washington]]
2018,CHI,2018 Chicago Bears season,https://en.wikipedia.org/wiki/2018_Chicago_Bears_season,Matt Nagy,Mark Helfrich,Vic Fangio,1,1,1,both,head_coach infobox raw: [[Matt Nagy]] || head_coach staff raw: [[Matt Nagy]] || offensive_coordinator infobox raw: [[Mark Helfrich (American football)|Mark Helfrich]] || offensive_coordinator staff raw: [[Mark Helfrich (American football)|Mark Helfrich]] || defensive_coordinator infobox raw: [[Vic Fangio]] || defensive_coordinator staff raw: [[Vic Fangio]]
2018,CIN,2018 Cincinnati Bengals season,https://en.wikipedia.org/wiki/2018_Cincinnati_Bengals_season,Marvin Lewis,Bill Lazor,,1,1,0,both,head_coach infobox raw: [[Marvin Lewis]] || head_coach staff raw: [[Marvin Lewis]] || offensive_coordinator staff raw: [[Bill Lazor]]
2018,CLE,2018 Cleveland Browns season,https://en.wikipedia.org/wiki/2018_Cleveland_Browns_season,Hue Jackson | Gregg Williams,Freddie Kitchens | Todd Haley,Blake Williams,2,2,1,both,"head_coach infobox raw: [[Hue Jackson]] (fired October 29, 2–5–1 record)<br />[[Gregg Williams]] (interim, 5–3 record) || head_coach staff raw: [[Hue Jackson]] ; [[Gregg Williams]] || offensive_coordinator staff raw: [[Freddie Kitchens]] ; [[Todd Haley]] || defensive_coordinator staff raw: [[Blake Williams (American football)|Blake Williams]]"
2018,DAL,2018 Dallas Cowboys season,https://en.wikipedia.org/wiki/2018_Dallas_Cowboys_season,Jason Garrett,Scott Linehan,Rod Marinelli,1,1,1,both,head_coach infobox raw: [[Jason Garrett]] || head_coach staff raw: [[Jason Garrett]] || offensive_coordinator infobox raw: [[Scott Linehan]] || offensive_coordinator staff raw: [[Scott Linehan]] || defensive_coordinator infobox raw: [[Rod Marinelli]] || defensive_coordinator staff raw: [[Rod Marinelli]]
2018,DEN,2018 Denver Broncos season,https://en.wikipedia.org/wiki/2018_Denver_Broncos_season,Vance Joseph,Bill Musgrave,Joe Woods,1,1,1,both,head_coach infobox raw: [[Vance Joseph]] || head_coach staff raw: [[Vance Joseph]] || offensive_coordinator staff raw: [[Bill Musgrave]] || defensive_coordinator staff raw: [[Joe Woods (American football)|Joe Woods]]
2018,DET,2018 Detroit Lions season,https://en.wikipedia.org/wiki/2018_Detroit_Lions_season,Matt Patricia,Jim Bob Cooter,Paul Pasqualoni,1,1,1,both,head_coach infobox raw: [[Matt Patricia]] || head_coach staff raw: [[Matt Patricia]] || offensive_coordinator staff raw: [[Jim Bob Cooter]] || defensive_coordinator staff raw: [[Paul Pasqualoni]]
2018,GB,2018 Green Bay Packers season,https://en.wikipedia.org/wiki/2018_Green_Bay_Packers_season,Mike McCarthy | Joe Philbin,,Mike Pettine,2,0,1,both,"head_coach infobox raw: [[Mike McCarthy]] (fired December 2, 4–7–1 record)<br>[[Joe Philbin]] (interim, 2–2 record) || head_coach staff raw: [[Joe Philbin]] || defensive_coordinator staff raw: [[Mike Pettine]]"
2018,HOU,2018 Houston Texans season,https://en.wikipedia.org/wiki/2018_Houston_Texans_season,Bill O'Brien,,Romeo Crennel,1,0,1,both,head_coach infobox raw: [[Bill O'Brien (American football)|Bill O'Brien]] || head_coach staff raw: [[Bill O'Brien (American football)|Bill O'Brien]] || defensive_coordinator infobox raw: [[Romeo Crennel]] || defensive_coordinator staff raw: [[Romeo Crennel]]
2018,IND,2018 Indianapolis Colts season,https://en.wikipedia.org/wiki/2018_Indianapolis_Colts_season,Frank Reich,Nick Sirianni,Matt Eberflus,1,1,1,both,head_coach infobox raw: [[Frank Reich]] || head_coach staff raw: [[Frank Reich]] || offensive_coordinator infobox raw: [[Nick Sirianni]] || offensive_coordinator staff raw: [[Nick Sirianni]] || defensive_coordinator infobox raw: [[Matt Eberflus]] || defensive_coordinator staff raw: [[Matt Eberflus]]
2018,JAX,2018 Jacksonville Jaguars season,https://en.wikipedia.org/wiki/2018_Jacksonville_Jaguars_season,Doug Marrone,Nathaniel Hackett | Scott Milanovich,Todd Wash,1,2,1,both,head_coach infobox raw: [[Doug Marrone]] || head_coach staff raw: [[Doug Marrone]] || offensive_coordinator infobox raw: [[Nathaniel Hackett]] || offensive_coordinator staff raw: [[Nathaniel Hackett]] ; [[Scott Milanovich]] || defensive_coordinator infobox raw: [[Todd Wash]] || defensive_coordinator staff raw: [[Todd Wash]]
2018,KC,2018 Kansas City Chiefs season,https://en.wikipedia.org/wiki/2018_Kansas_City_Chiefs_season,Andy Reid,Eric Bieniemy,Bob Sutton,1,1,1,both,head_coach infobox raw: [[Andy Reid]] || head_coach staff raw: [[Andy Reid]] || offensive_coordinator infobox raw: [[Eric Bieniemy]] || offensive_coordinator staff raw: [[Eric Bieniemy]] || defensive_coordinator infobox raw: [[Bob Sutton (American football)|Bob Sutton]] || defensive_coordinator staff raw: [[Bob Sutton (football coach)|Bob Sutton]]
2018,LAC,2018 Los Angeles Chargers season,https://en.wikipedia.org/wiki/2018_Los_Angeles_Chargers_season,Anthony Lynn,Ken Whisenhunt,Gus Bradley,1,1,1,both,head_coach infobox raw: [[Anthony Lynn]] || head_coach staff raw: [[Anthony Lynn]] || offensive_coordinator infobox raw: [[Ken Whisenhunt]] || offensive_coordinator staff raw: [[Ken Whisenhunt]] || defensive_coordinator infobox raw: [[Gus Bradley]] || defensive_coordinator staff raw: [[Gus Bradley]]
2018,LAR,2018 Los Angeles Rams season,https://en.wikipedia.org/wiki/2018_Los_Angeles_Rams_season,Sean McVay,Sean McVay,Wade Phillips,1,1,1,both,head_coach infobox raw: [[Sean McVay]] || head_coach staff raw: [[Sean McVay]] || offensive_coordinator infobox raw: [[Sean McVay]] (de facto) || defensive_coordinator infobox raw: [[Wade Phillips]] || defensive_coordinator staff raw: [[Wade Phillips]]
2018,MIA,2018 Miami Dolphins season,https://en.wikipedia.org/wiki/2018_Miami_Dolphins_season,Adam Gase,Dowell Loggains,Matt Burke,1,1,1,both,head_coach infobox raw: [[Adam Gase]] || head_coach staff raw: [[Adam Gase]] || offensive_coordinator staff raw: [[Dowell Loggains]] || defensive_coordinator staff raw: [[Matt Burke (American football)|Matt Burke]]
2018,MIN,2018 Minnesota Vikings season,https://en.wikipedia.org/wiki/2018_Minnesota_Vikings_season,Mike Zimmer,Kevin Stefanski,George Edwards,1,1,1,both,head_coach infobox raw: [[Mike Zimmer]] || head_coach staff raw: [[Mike Zimmer]] || offensive_coordinator staff raw: [[Kevin Stefanski]] || defensive_coordinator staff raw: [[George Edwards (American football)|George Edwards]]
2018,NE,2018 New England Patriots season,https://en.wikipedia.org/wiki/2018_New_England_Patriots_season,Bill Belichick,Josh McDaniels,,1,1,0,both,head_coach infobox raw: [[Bill Belichick]] || head_coach staff raw: [[Bill Belichick]] || offensive_coordinator infobox raw: [[Josh McDaniels]] || offensive_coordinator staff raw: [[Josh McDaniels]]
2018,NO,2018 New Orleans Saints season,https://en.wikipedia.org/wiki/2018_New_Orleans_Saints_season,Sean Payton,Pete Carmichael Jr.,Dennis Allen,1,1,1,both,head_coach infobox raw: [[Sean Payton]] || head_coach staff raw: [[Sean Payton]] || offensive_coordinator infobox raw: [[Pete Carmichael Jr.]] || offensive_coordinator staff raw: [[Pete Carmichael Jr.|Pete Carmichael]] || defensive_coordinator infobox raw: [[Dennis Allen (American football)|Dennis Allen]] || defensive_coordinator staff raw: [[Dennis Allen (American football)|Dennis Allen]]
2018,NYG,2018 New York Giants season,https://en.wikipedia.org/wiki/2018_New_York_Giants_season,Pat Shurmur,Mike Shula,James Bettcher,1,1,1,both,head_coach infobox raw: [[Pat Shurmur]] || head_coach staff raw: [[Pat Shurmur]] || offensive_coordinator staff raw: [[Mike Shula]] || defensive_coordinator staff raw: [[James Bettcher]]
2018,NYJ,2018 New York Jets season,https://en.wikipedia.org/wiki/2018_New_York_Jets_season,Todd Bowles,Jeremy Bates,Kacy Rodgers,1,1,1,both,head_coach infobox raw: [[Todd Bowles]] || head_coach staff raw: [[Todd Bowles]] || offensive_coordinator staff raw: [[Jeremy Bates (American football)|Jeremy Bates]] || defensive_coordinator staff raw: [[Kacy Rodgers]]
2018,OAK,2018 Oakland Raiders season,https://en.wikipedia.org/wiki/2018_Oakland_Raiders_season,Jon Gruden,Greg Olson,Paul Guenther,1,1,1,both,head_coach infobox raw: [[Jon Gruden]] || head_coach staff raw: [[Jon Gruden]] || offensive_coordinator staff raw: [[Greg Olson (American football)|Greg Olson]] || defensive_coordinator staff raw: [[Paul Guenther (American football)|Paul Guenther]]
2018,PHI,2018 Philadelphia Eagles season,https://en.wikipedia.org/wiki/2018_Philadelphia_Eagles_season,Doug Pederson,Mike Groh,Jim Schwartz,1,1,1,both,head_coach infobox raw: [[Doug Pederson]] || head_coach staff raw: [[Doug Pederson]] || offensive_coordinator infobox raw: [[Mike Groh]] || offensive_coordinator staff raw: [[Mike Groh]] || defensive_coordinator infobox raw: [[Jim Schwartz]] || defensive_coordinator staff raw: [[Jim Schwartz]]
2018,PIT,2018 Pittsburgh Steelers season,https://en.wikipedia.org/wiki/2018_Pittsburgh_Steelers_season,Mike Tomlin,Randy Fichtner,Keith Butler,1,1,1,both,head_coach infobox raw: [[Mike Tomlin]] || head_coach staff raw: [[Mike Tomlin]] || offensive_coordinator infobox raw: [[Randy Fichtner]] || offensive_coordinator staff raw: [[Randy Fichtner]] || defensive_coordinator infobox raw: [[Keith Butler (American football)|Keith Butler]] || defensive_coordinator staff raw: [[Keith Butler (American football)|Keith Butler]]
2018,SEA,2018 Seattle Seahawks season,https://en.wikipedia.org/wiki/2018_Seattle_Seahawks_season,Pete Carroll,Brian Schottenheimer,Ken Norton Jr.,1,1,1,both,head_coach infobox raw: [[Pete Carroll]] || head_coach staff raw: [[Pete Carroll]] || offensive_coordinator infobox raw: [[Brian Schottenheimer]] || offensive_coordinator staff raw: [[Brian Schottenheimer]] || defensive_coordinator infobox raw: [[Ken Norton Jr.]] || defensive_coordinator staff raw: [[Ken Norton Jr.]]
2018,SF,2018 San Francisco 49ers season,https://en.wikipedia.org/wiki/2018_San_Francisco_49ers_season,Kyle Shanahan,Kyle Shanahan,Robert Saleh,1,1,1,both,head_coach infobox raw: [[Kyle Shanahan]] || head_coach staff raw: [[Kyle Shanahan]] || offensive_coordinator infobox raw: Kyle Shanahan (de facto) || defensive_coordinator infobox raw: [[Robert Saleh]] || defensive_coordinator staff raw: [[Robert Saleh]]
2018,TB,2018 Tampa Bay Buccaneers season,https://en.wikipedia.org/wiki/2018_Tampa_Bay_Buccaneers_season,Dirk Koetter,Todd Monken,Mark Duffner,1,1,1,both,head_coach infobox raw: [[Dirk Koetter]] || head_coach staff raw: [[Dirk Koetter]] || offensive_coordinator staff raw: [[Todd Monken]] || defensive_coordinator staff raw: [[Mark Duffner]]
2018,TEN,2018 Tennessee Titans season,https://en.wikipedia.org/wiki/2018_Tennessee_Titans_season,Mike Vrabel,Matt LaFleur,Dean Pees,1,1,1,both,head_coach infobox raw: [[Mike Vrabel]] || head_coach staff raw: [[Mike Vrabel]] || offensive_coordinator staff raw: [[Matt LaFleur]] || defensive_coordinator staff raw: [[Dean Pees]]
2018,WSH,2018 Washington Redskins season,https://en.wikipedia.org/wiki/2018_Washington_Redskins_season,Jay Gruden,Matt Cavanaugh,Greg Manusky,1,1,1,both,head_coach infobox raw: [[Jay Gruden]] || head_coach staff raw: [[Jay Gruden]] || offensive_coordinator infobox raw: [[Matt Cavanaugh]] || offensive_coordinator staff raw: [[Matt Cavanaugh]] || defensive_coordinator infobox raw: [[Greg Manusky]] || defensive_coordinator staff raw: [[Greg Manusky]]
2019,ARI,2019 Arizona Cardinals season,https://en.wikipedia.org/wiki/2019_Arizona_Cardinals_season,Kliff Kingsbury,,Vance Joseph,1,0,1,both,head_coach infobox raw: [[Kliff Kingsbury]] || head_coach staff raw: [[Kliff Kingsbury]] || defensive_coordinator staff raw: [[Vance Joseph]]
2019,ATL,2019 Atlanta Falcons season,https://en.wikipedia.org/wiki/2019_Atlanta_Falcons_season,Dan Quinn,Dirk Koetter,,1,1,0,both,head_coach infobox raw: [[Dan Quinn (American football)|Dan Quinn]] || head_coach staff raw: [[Dan Quinn (American football)|Dan Quinn]] || offensive_coordinator staff raw: [[Dirk Koetter]]
2019,BAL,2019 Baltimore Ravens season,https://en.wikipedia.org/wiki/2019_Baltimore_Ravens_season,John Harbaugh,Greg Roman,Don Martindale,1,1,1,both,head_coach infobox raw: [[John Harbaugh]] || head_coach staff raw: [[John Harbaugh]] || offensive_coordinator infobox raw: [[Greg Roman]] || offensive_coordinator staff raw: [[Greg Roman]] || defensive_coordinator infobox raw: [[Don Martindale]] || defensive_coordinator staff raw: [[Don Martindale]]
2019,BUF,2019 Buffalo Bills season,https://en.wikipedia.org/wiki/2019_Buffalo_Bills_season,Sean McDermott,Brian Daboll,Leslie Frazier,1,1,1,both,head_coach infobox raw: [[Sean McDermott]] || head_coach staff raw: [[Sean McDermott]] || offensive_coordinator infobox raw: [[Brian Daboll]] || offensive_coordinator staff raw: [[Brian Daboll]] || defensive_coordinator infobox raw: [[Leslie Frazier]] || defensive_coordinator staff raw: [[Leslie Frazier]]
2019,CAR,2019 Carolina Panthers season,https://en.wikipedia.org/wiki/2019_Carolina_Panthers_season,Ron Rivera | Perry Fewell,Norv Turner,Eric Washington,2,1,1,both,"head_coach infobox raw: [[Ron Rivera]] (fired on December 3; 5–7 record)<br>[[Perry Fewell]] (interim, 0–4 record) || head_coach staff raw: [[Ron Rivera]] ; [[Perry Fewell]] || offensive_coordinator staff raw: [[Norv Turner]] ; [[Scott Turner (American football coach)|Scott Turner]] || defensive_coordinator staff raw: [[Eric Washington (American football)|Eric Washington]]"
2019,CHI,2019 Chicago Bears season,https://en.wikipedia.org/wiki/2019_Chicago_Bears_season,Matt Nagy,Mark Helfrich,Chuck Pagano,1,1,1,both,head_coach infobox raw: [[Matt Nagy]] || head_coach staff raw: [[Matt Nagy]] || offensive_coordinator staff raw: [[Mark Helfrich (American football)|Mark Helfrich]] || defensive_coordinator staff raw: [[Chuck Pagano]]
2019,CIN,2019 Cincinnati Bengals season,https://en.wikipedia.org/wiki/2019_Cincinnati_Bengals_season,Zac Taylor,Brian Callahan,Lou Anarumo,1,1,1,both,head_coach infobox raw: [[Zac Taylor]] || head_coach staff raw: [[Zac Taylor]] || offensive_coordinator staff raw: [[Brian Callahan]] || defensive_coordinator staff raw: [[Lou Anarumo]]
2019,CLE,2019 Cleveland Browns season,https://en.wikipedia.org/wiki/2019_Cleveland_Browns_season,Freddie Kitchens,Todd Monken,Steve Wilks,1,1,1,both,head_coach infobox raw: [[Freddie Kitchens]] || head_coach staff raw: [[Freddie Kitchens]] || offensive_coordinator staff raw: [[Todd Monken]] || defensive_coordinator staff raw: [[Steve Wilks]]
2019,DAL,2019 Dallas Cowboys season,https://en.wikipedia.org/wiki/2019_Dallas_Cowboys_season,Jason Garrett,Kellen Moore,Rod Marinelli,1,1,1,both,head_coach infobox raw: [[Jason Garrett]] || head_coach staff raw: [[Jason Garrett]] || offensive_coordinator staff raw: [[Kellen Moore]] || defensive_coordinator staff raw: [[Rod Marinelli]]
2019,DEN,2019 Denver Broncos season,https://en.wikipedia.org/wiki/2019_Denver_Broncos_season,Vic Fangio,Rich Scangarello,Ed Donatell,1,1,1,both,head_coach infobox raw: [[Vic Fangio]] || head_coach staff raw: [[Vic Fangio]] || offensive_coordinator staff raw: [[Rich Scangarello]] || defensive_coordinator staff raw: [[Ed Donatell]]
2019,DET,2019 Detroit Lions season,https://en.wikipedia.org/wiki/2019_Detroit_Lions_season,Matt Patricia,Darrell Bevell,Paul Pasqualoni,1,1,1,both,head_coach infobox raw: [[Matt Patricia]] || head_coach staff raw: [[Matt Patricia]] || offensive_coordinator staff raw: [[Darrell Bevell]] || defensive_coordinator staff raw: [[Paul Pasqualoni]]
2019,GB,2019 Green Bay Packers season,https://en.wikipedia.org/wiki/2019_Green_Bay_Packers_season,Matt LaFleur,Nathaniel Hackett,Mike Pettine,1,1,1,both,head_coach infobox raw: [[Matt LaFleur]] || head_coach staff raw: [[Matt LaFleur]] || offensive_coordinator infobox raw: [[Nathaniel Hackett]] || offensive_coordinator staff raw: [[Nathaniel Hackett]] || defensive_coordinator infobox raw: [[Mike Pettine]] || defensive_coordinator staff raw: [[Mike Pettine]]
2019,HOU,2019 Houston Texans season,https://en.wikipedia.org/wiki/2019_Houston_Texans_season,Bill O'Brien,Tim Kelly,Romeo Crennel,1,1,1,both,head_coach infobox raw: [[Bill O'Brien (American football)|Bill O'Brien]] || head_coach staff raw: [[Bill O'Brien (American football)|Bill O'Brien]] || offensive_coordinator infobox raw: [[Tim Kelly (American football)|Tim Kelly]] || offensive_coordinator staff raw: [[Tim Kelly (American football)|Tim Kelly]] || defensive_coordinator infobox raw: [[Romeo Crennel]] || defensive_coordinator staff raw: [[Romeo Crennel]]
2019,IND,2019 Indianapolis Colts season,https://en.wikipedia.org/wiki/2019_Indianapolis_Colts_season,Frank Reich,Nick Sirianni,Matt Eberflus,1,1,1,both,head_coach infobox raw: [[Frank Reich]] || head_coach staff raw: [[Frank Reich]] || offensive_coordinator staff raw: [[Nick Sirianni]] || defensive_coordinator staff raw: [[Matt Eberflus]]
2019,JAX,2019 Jacksonville Jaguars season,https://en.wikipedia.org/wiki/2019_Jacksonville_Jaguars_season,Doug Marrone,John DeFilippo,Todd Wash,1,1,1,both,head_coach infobox raw: [[Doug Marrone]] || head_coach staff raw: [[Doug Marrone]] || offensive_coordinator infobox raw: [[John DeFilippo]] || offensive_coordinator staff raw: [[John DeFilippo]] || defensive_coordinator infobox raw: [[Todd Wash]] || defensive_coordinator staff raw: [[Todd Wash]]
2019,KC,2019 Kansas City Chiefs season,https://en.wikipedia.org/wiki/2019_Kansas_City_Chiefs_season,Andy Reid,Eric Bieniemy,Steve Spagnuolo,1,1,1,both,head_coach infobox raw: [[Andy Reid]] || head_coach staff raw: [[Andy Reid]] || offensive_coordinator infobox raw: [[Eric Bieniemy]] || offensive_coordinator staff raw: [[Eric Bieniemy]] || defensive_coordinator infobox raw: [[Steve Spagnuolo]] || defensive_coordinator staff raw: [[Steve Spagnuolo]]
2019,LAC,2019 Los Angeles Chargers season,https://en.wikipedia.org/wiki/2019_Los_Angeles_Chargers_season,Anthony Lynn,Shane Steichen,Gus Bradley,1,1,1,both,head_coach infobox raw: [[Anthony Lynn]] || head_coach staff raw: [[Anthony Lynn]] || offensive_coordinator staff raw: [[Shane Steichen]] || defensive_coordinator staff raw: [[Gus Bradley]]
2019,LAR,2019 Los Angeles Rams season,https://en.wikipedia.org/wiki/2019_Los_Angeles_Rams_season,Sean McVay,Sean McVay,Wade Phillips,1,1,1,both,head_coach infobox raw: [[Sean McVay]] || head_coach staff raw: [[Sean McVay]] || offensive_coordinator infobox raw: [[Sean McVay]] (de facto) || defensive_coordinator infobox raw: [[Wade Phillips]] || defensive_coordinator staff raw: [[Wade Phillips]]
2019,MIA,2019 Miami Dolphins season,https://en.wikipedia.org/wiki/2019_Miami_Dolphins_season,Brian Flores,Chad O'Shea,Patrick Graham,1,1,1,both,head_coach infobox raw: [[Brian Flores]] || head_coach staff raw: [[Brian Flores]] || offensive_coordinator staff raw: [[Chad O'Shea]] || defensive_coordinator staff raw: [[Patrick Graham (American football)|Patrick Graham]]
2019,MIN,2019 Minnesota Vikings season,https://en.wikipedia.org/wiki/2019_Minnesota_Vikings_season,Mike Zimmer,Kevin Stefanski,George Edwards,1,1,1,both,head_coach infobox raw: [[Mike Zimmer]] || head_coach staff raw: [[Mike Zimmer]] || offensive_coordinator infobox raw: [[Kevin Stefanski]] || offensive_coordinator staff raw: [[Kevin Stefanski]] || defensive_coordinator infobox raw: [[George Edwards (American football)|George Edwards]] || defensive_coordinator staff raw: [[George Edwards (American football)|George Edwards]]
2019,NE,2019 New England Patriots season,https://en.wikipedia.org/wiki/2019_New_England_Patriots_season,Bill Belichick,Josh McDaniels,Greg Schiano,1,1,1,both,head_coach infobox raw: [[Bill Belichick]] || head_coach staff raw: [[Bill Belichick]] || offensive_coordinator infobox raw: [[Josh McDaniels]] || offensive_coordinator staff raw: [[Josh McDaniels]] || defensive_coordinator staff raw: [[Greg Schiano]] (resigned March 28)
2019,NO,2019 New Orleans Saints season,https://en.wikipedia.org/wiki/2019_New_Orleans_Saints_season,Sean Payton,Pete Carmichael Jr.,Dennis Allen,1,1,1,both,head_coach infobox raw: [[Sean Payton]] || head_coach staff raw: [[Sean Payton]] || offensive_coordinator infobox raw: [[Pete Carmichael Jr.]] || offensive_coordinator staff raw: [[Pete Carmichael Jr.|Pete Carmichael]] || defensive_coordinator infobox raw: [[Dennis Allen (American football)|Dennis Allen]] || defensive_coordinator staff raw: [[Dennis Allen (American football)|Dennis Allen]]
2019,NYG,2019 New York Giants season,https://en.wikipedia.org/wiki/2019_New_York_Giants_season,Pat Shurmur,Mike Shula,James Bettcher,1,1,1,both,head_coach infobox raw: [[Pat Shurmur]] || head_coach staff raw: [[Pat Shurmur]] || offensive_coordinator staff raw: [[Mike Shula]] || defensive_coordinator staff raw: [[James Bettcher]]
2019,NYJ,2019 New York Jets season,https://en.wikipedia.org/wiki/2019_New_York_Jets_season,Adam Gase,Dowell Loggains,Gregg Williams,1,1,1,both,head_coach infobox raw: [[Adam Gase]] || head_coach staff raw: [[Adam Gase]] || offensive_coordinator staff raw: [[Dowell Loggains]] || defensive_coordinator staff raw: [[Gregg Williams]]
2019,OAK,2019 Oakland Raiders season,https://en.wikipedia.org/wiki/2019_Oakland_Raiders_season,Jon Gruden,Greg Olson,Paul Guenther,1,1,1,both,head_coach infobox raw: [[Jon Gruden]] || head_coach staff raw: [[Jon Gruden]] || offensive_coordinator staff raw: [[Greg Olson (American football)|Greg Olson]] || defensive_coordinator staff raw: [[Paul Guenther (American football)|Paul Guenther]]
2019,PHI,2019 Philadelphia Eagles season,https://en.wikipedia.org/wiki/2019_Philadelphia_Eagles_season,Doug Pederson,Mike Groh,Jim Schwartz,1,1,1,both,head_coach infobox raw: [[Doug Pederson]] || head_coach staff raw: [[Doug Pederson]] || offensive_coordinator infobox raw: [[Mike Groh]] || offensive_coordinator staff raw: [[Mike Groh]] || defensive_coordinator infobox raw: [[Jim Schwartz]] || defensive_coordinator staff raw: [[Jim Schwartz]]
2019,PIT,2019 Pittsburgh Steelers season,https://en.wikipedia.org/wiki/2019_Pittsburgh_Steelers_season,Mike Tomlin,Randy Fichtner,Keith Butler,1,1,1,both,head_coach infobox raw: [[Mike Tomlin]] || head_coach staff raw: [[Mike Tomlin]] || offensive_coordinator infobox raw: [[Randy Fichtner]] || offensive_coordinator staff raw: [[Randy Fichtner]] || defensive_coordinator infobox raw: [[Keith Butler (American football)|Keith Butler]] || defensive_coordinator staff raw: [[Keith Butler (American football)|Keith Butler]]
2019,SEA,2019 Seattle Seahawks season,https://en.wikipedia.org/wiki/2019_Seattle_Seahawks_season,Pete Carroll,Brian Schottenheimer,Ken Norton Jr.,1,1,1,both,head_coach infobox raw: [[Pete Carroll]] || head_coach staff raw: [[Pete Carroll]] || offensive_coordinator infobox raw: [[Brian Schottenheimer]] || offensive_coordinator staff raw: [[Brian Schottenheimer]] || defensive_coordinator infobox raw: [[Ken Norton Jr.]] || defensive_coordinator staff raw: [[Ken Norton Jr.]]
2019,SF,2019 San Francisco 49ers season,https://en.wikipedia.org/wiki/2019_San_Francisco_49ers_season,Kyle Shanahan,Kyle Shanahan,Robert Saleh,1,1,1,both,head_coach infobox raw: [[Kyle Shanahan]] || head_coach staff raw: [[Kyle Shanahan]] || offensive_coordinator infobox raw: Kyle Shanahan (de facto) || defensive_coordinator infobox raw: [[Robert Saleh]] || defensive_coordinator staff raw: [[Robert Saleh]]
2019,TB,2019 Tampa Bay Buccaneers season,https://en.wikipedia.org/wiki/2019_Tampa_Bay_Buccaneers_season,Bruce Arians,Byron Leftwich,Todd Bowles,1,1,1,both,head_coach infobox raw: [[Bruce Arians]] || head_coach staff raw: [[Bruce Arians]] || offensive_coordinator staff raw: [[Byron Leftwich]] || defensive_coordinator staff raw: [[Todd Bowles]]
2019,TEN,2019 Tennessee Titans season,https://en.wikipedia.org/wiki/2019_Tennessee_Titans_season,Mike Vrabel,Arthur Smith,Dean Pees,1,1,1,both,"head_coach infobox raw: [[Mike Vrabel]] || head_coach staff raw: [[Mike Vrabel]] || offensive_coordinator infobox raw: [[Arthur Smith (American football, born 1982)|Arthur Smith]] || offensive_coordinator staff raw: [[Arthur Smith (American football coach)|Arthur Smith]] || defensive_coordinator infobox raw: [[Dean Pees]] || defensive_coordinator staff raw: [[Dean Pees]]"
2019,WSH,2019 Washington Redskins season,https://en.wikipedia.org/wiki/2019_Washington_Redskins_season,Jay Gruden | Bill Callahan,Kevin O'Connell,Greg Manusky,2,1,1,both,"head_coach infobox raw: [[Jay Gruden]] (fired on October 7, 0-5 record)<br>[[Bill Callahan (American football coach)|Bill Callahan]] (interim, 3-8 record) || head_coach staff raw: [[Jay Gruden]] ; [[Bill Callahan (American football coach)|Bill Callahan]] || offensive_coordinator infobox raw: [[Kevin O'Connell (American football)|Kevin O'Connell]] || offensive_coordinator staff raw: [[Kevin O'Connell (American football)|Kevin O'Connell]] || defensive_coordinator infobox raw: [[Greg Manusky]] || defensive_coordinator staff raw: [[Greg Manusky]]"
2020,ARI,2020 Arizona Cardinals season,https://en.wikipedia.org/wiki/2020_Arizona_Cardinals_season,Kliff Kingsbury,,Vance Joseph,1,0,1,both,head_coach infobox raw: [[Kliff Kingsbury]] || head_coach staff raw: [[Kliff Kingsbury]] || defensive_coordinator staff raw: [[Vance Joseph]]
2020,ATL,2020 Atlanta Falcons season,https://en.wikipedia.org/wiki/2020_Atlanta_Falcons_season,Dan Quinn | Raheem Morris,Dirk Koetter,Jeff Ulbrich,2,1,1,both,head_coach infobox raw: [[Dan Quinn (American football)|Dan Quinn]] (fired Oct. 11; 0–5 record)<br>[[Raheem Morris]] (interim; 4–7 record) || head_coach staff raw: [[Dan Quinn (American football)|Dan Quinn]] ; [[Raheem Morris]] || offensive_coordinator staff raw: [[Dirk Koetter]] || defensive_coordinator staff raw: [[Jeff Ulbrich]]
2020,BAL,2020 Baltimore Ravens season,https://en.wikipedia.org/wiki/2020_Baltimore_Ravens_season,John Harbaugh,Greg Roman,Don Martindale,1,1,1,both,head_coach infobox raw: [[John Harbaugh]] || head_coach staff raw: [[John Harbaugh]] || offensive_coordinator infobox raw: [[Greg Roman]] || offensive_coordinator staff raw: [[Greg Roman]] || defensive_coordinator infobox raw: [[Don Martindale]] || defensive_coordinator staff raw: [[Don Martindale]]
2020,BUF,2020 Buffalo Bills season,https://en.wikipedia.org/wiki/2020_Buffalo_Bills_season,Sean McDermott,Brian Daboll,Leslie Frazier,1,1,1,both,head_coach infobox raw: [[Sean McDermott]] || head_coach staff raw: [[Sean McDermott]] || offensive_coordinator infobox raw: [[Brian Daboll]] || offensive_coordinator staff raw: [[Brian Daboll]] || defensive_coordinator infobox raw: [[Leslie Frazier]] || defensive_coordinator staff raw: [[Leslie Frazier]]
2020,CAR,2020 Carolina Panthers season,https://en.wikipedia.org/wiki/2020_Carolina_Panthers_season,Matt Rhule,Joe Brady,Phil Snow,1,1,1,both,head_coach infobox raw: [[Matt Rhule]] || head_coach staff raw: [[Matt Rhule]] || offensive_coordinator staff raw: [[Joe Brady (American football coach)|Joe Brady]] || defensive_coordinator staff raw: [[Phil Snow]]
2020,CHI,2020 Chicago Bears season,https://en.wikipedia.org/wiki/2020_Chicago_Bears_season,Matt Nagy,Bill Lazor,Chuck Pagano,1,1,1,both,head_coach infobox raw: [[Matt Nagy]] || head_coach staff raw: [[Matt Nagy]] || offensive_coordinator infobox raw: [[Bill Lazor]] || offensive_coordinator staff raw: [[Bill Lazor]] || defensive_coordinator infobox raw: [[Chuck Pagano]] || defensive_coordinator staff raw: [[Chuck Pagano]]
2020,CIN,2020 Cincinnati Bengals season,https://en.wikipedia.org/wiki/2020_Cincinnati_Bengals_season,Zac Taylor,Brian Callahan,Lou Anarumo,1,1,1,both,head_coach infobox raw: [[Zac Taylor]] || head_coach staff raw: [[Zac Taylor]] || offensive_coordinator staff raw: [[Brian Callahan]] || defensive_coordinator staff raw: [[Lou Anarumo]]
2020,CLE,2020 Cleveland Browns season,https://en.wikipedia.org/wiki/2020_Cleveland_Browns_season,Kevin Stefanski | Mike Priefer,Alex Van Pelt,Joe Woods,2,1,1,both,"head_coach infobox raw: [[Kevin Stefanski]]<br><small>(regular season)</small><br>
[[Mike Priefer]]<br><small>(acting head coach during postseason due to [[COVID-19]] exposure)</small> || head_coach staff raw: [[Kevin Stefanski]] || offensive_coordinator infobox raw: [[Alex Van Pelt]] || offensive_coordinator staff raw: [[Alex Van Pelt]] || defensive_coordinator infobox raw: [[Joe Woods (American football)|Joe Woods]] || defensive_coordinator staff raw: [[Joe Woods (American football)|Joe Woods]]"
2020,DAL,2020 Dallas Cowboys season,https://en.wikipedia.org/wiki/2020_Dallas_Cowboys_season,Mike McCarthy,Kellen Moore,Mike Nolan,1,1,1,both,head_coach infobox raw: [[Mike McCarthy]] || head_coach staff raw: [[Mike McCarthy]] || offensive_coordinator infobox raw: [[Kellen Moore]] || offensive_coordinator staff raw: [[Kellen Moore]] || defensive_coordinator infobox raw: [[Mike Nolan]] || defensive_coordinator staff raw: [[Mike Nolan]]
2020,DEN,2020 Denver Broncos season,https://en.wikipedia.org/wiki/2020_Denver_Broncos_season,Vic Fangio,Pat Shurmur,Ed Donatell,1,1,1,both,head_coach infobox raw: [[Vic Fangio]] || head_coach staff raw: [[Vic Fangio]] || offensive_coordinator staff raw: [[Pat Shurmur]] || defensive_coordinator staff raw: [[Ed Donatell]]
2020,DET,2020 Detroit Lions season,https://en.wikipedia.org/wiki/2020_Detroit_Lions_season,Matt Patricia | Darrell Bevell | Robert Prince,,Cory Undlin,3,0,1,both,head_coach infobox raw: [[Matt Patricia]] (fired Nov. 28; 4–7 record)<br>[[Darrell Bevell]] (interim; 1–4 record; COVID-19 Week 16)<br>[[Robert Prince (American football)|Robert Prince]] (interim Week 16; 0–1 record) || head_coach staff raw: [[Darrell Bevell]] || defensive_coordinator staff raw: [[Cory Undlin]]
2020,GB,2020 Green Bay Packers season,https://en.wikipedia.org/wiki/2020_Green_Bay_Packers_season,Matt LaFleur,Nathaniel Hackett,Mike Pettine,1,1,1,both,head_coach infobox raw: [[Matt LaFleur]] || head_coach staff raw: [[Matt LaFleur]] || offensive_coordinator infobox raw: [[Nathaniel Hackett]] || offensive_coordinator staff raw: [[Nathaniel Hackett]] || defensive_coordinator infobox raw: [[Mike Pettine]] || defensive_coordinator staff raw: [[Mike Pettine]]
2020,HOU,2020 Houston Texans season,https://en.wikipedia.org/wiki/2020_Houston_Texans_season,Bill O'Brien | Romeo Crennel,Tim Kelly,Anthony Weaver,2,1,1,both,"head_coach infobox raw: [[Bill O'Brien (American football)|Bill O'Brien]] (fired Oct. 5, 0–4 record)<br>[[Romeo Crennel]] (interim, 4–8 record) || head_coach staff raw: [[Bill O'Brien (American football)|Bill O'Brien]] ; [[Romeo Crennel]] || offensive_coordinator infobox raw: [[Tim Kelly (American football)|Tim Kelly]] || offensive_coordinator staff raw: [[Tim Kelly (American football)|Tim Kelly]] || defensive_coordinator infobox raw: [[Anthony Weaver]] || defensive_coordinator staff raw: [[Anthony Weaver]]"
2020,IND,2020 Indianapolis Colts season,https://en.wikipedia.org/wiki/2020_Indianapolis_Colts_season,Frank Reich,Nick Sirianni,Matt Eberflus,1,1,1,both,head_coach infobox raw: [[Frank Reich]] || head_coach staff raw: [[Frank Reich]] || offensive_coordinator infobox raw: [[Nick Sirianni]] || offensive_coordinator staff raw: [[Nick Sirianni]] || defensive_coordinator infobox raw: [[Matt Eberflus]] || defensive_coordinator staff raw: [[Matt Eberflus]]
2020,JAX,2020 Jacksonville Jaguars season,https://en.wikipedia.org/wiki/2020_Jacksonville_Jaguars_season,Doug Marrone,Jay Gruden,Todd Wash,1,1,1,both,head_coach infobox raw: [[Doug Marrone]] || head_coach staff raw: [[Doug Marrone]] || offensive_coordinator infobox raw: [[Jay Gruden]] || offensive_coordinator staff raw: [[Jay Gruden]] || defensive_coordinator infobox raw: [[Todd Wash]] || defensive_coordinator staff raw: [[Todd Wash]]
2020,KC,2020 Kansas City Chiefs season,https://en.wikipedia.org/wiki/2020_Kansas_City_Chiefs_season,Andy Reid,Eric Bieniemy,Steve Spagnuolo,1,1,1,both,head_coach infobox raw: [[Andy Reid]] || head_coach staff raw: [[Andy Reid]] || offensive_coordinator infobox raw: [[Eric Bieniemy]] || offensive_coordinator staff raw: [[Eric Bieniemy]] || defensive_coordinator infobox raw: [[Steve Spagnuolo]] || defensive_coordinator staff raw: [[Steve Spagnuolo]]
2020,LAC,2020 Los Angeles Chargers season,https://en.wikipedia.org/wiki/2020_Los_Angeles_Chargers_season,Anthony Lynn,Shane Steichen,Gus Bradley,1,1,1,both,head_coach infobox raw: [[Anthony Lynn]] || head_coach staff raw: [[Anthony Lynn]] || offensive_coordinator staff raw: [[Shane Steichen]] || defensive_coordinator staff raw: [[Gus Bradley]]
2020,LAR,2020 Los Angeles Rams season,https://en.wikipedia.org/wiki/2020_Los_Angeles_Rams_season,Sean McVay,Kevin O'Connell,Brandon Staley,1,1,1,both,head_coach infobox raw: [[Sean McVay]] || head_coach staff raw: [[Sean McVay]] || offensive_coordinator infobox raw: [[Kevin O'Connell (American football)|Kevin O'Connell]] || offensive_coordinator staff raw: [[Kevin O'Connell (American football)|Kevin O'Connell]] || defensive_coordinator infobox raw: [[Brandon Staley]] || defensive_coordinator staff raw: [[Brandon Staley]]
2020,MIA,2020 Miami Dolphins season,https://en.wikipedia.org/wiki/2020_Miami_Dolphins_season,Brian Flores,Chan Gailey,Josh Boyer,1,1,1,both,head_coach infobox raw: [[Brian Flores]] || head_coach staff raw: [[Brian Flores]] || offensive_coordinator staff raw: [[Chan Gailey]] || defensive_coordinator staff raw: [[Josh Boyer]]
2020,MIN,2020 Minnesota Vikings season,https://en.wikipedia.org/wiki/2020_Minnesota_Vikings_season,Mike Zimmer,Gary Kubiak,,1,1,0,both,head_coach infobox raw: [[Mike Zimmer]] || head_coach staff raw: [[Mike Zimmer]] || offensive_coordinator staff raw: [[Gary Kubiak]]
2020,NE,2020 New England Patriots season,https://en.wikipedia.org/wiki/2020_New_England_Patriots_season,Bill Belichick,Josh McDaniels,,1,1,0,both,head_coach infobox raw: [[Bill Belichick]] || head_coach staff raw: [[Bill Belichick]] || offensive_coordinator staff raw: [[Josh McDaniels]]
2020,NO,2020 New Orleans Saints season,https://en.wikipedia.org/wiki/2020_New_Orleans_Saints_season,Sean Payton,Pete Carmichael Jr.,Dennis Allen,1,1,1,both,head_coach infobox raw: [[Sean Payton]] || head_coach staff raw: [[Sean Payton]] || offensive_coordinator infobox raw: [[Pete Carmichael Jr.]] || offensive_coordinator staff raw: [[Pete Carmichael Jr.|Pete Carmichael]] || defensive_coordinator infobox raw: [[Dennis Allen (American football)|Dennis Allen]] || defensive_coordinator staff raw: [[Dennis Allen (American football)|Dennis Allen]]
2020,NYG,2020 New York Giants season,https://en.wikipedia.org/wiki/2020_New_York_Giants_season,Joe Judge,Jason Garrett,Patrick Graham,1,1,1,both,head_coach infobox raw: [[Joe Judge (American football)|Joe Judge]] || head_coach staff raw: [[Joe Judge (American football)|Joe Judge]] || offensive_coordinator staff raw: [[Jason Garrett]] || defensive_coordinator staff raw: [[Patrick Graham (American football)|Patrick Graham]]
2020,NYJ,2020 New York Jets season,https://en.wikipedia.org/wiki/2020_New_York_Jets_season,Adam Gase,Dowell Loggains,Frank Bush,1,1,1,both,head_coach infobox raw: [[Adam Gase]] || head_coach staff raw: [[Adam Gase]] || offensive_coordinator staff raw: [[Dowell Loggains]] || defensive_coordinator staff raw: [[Frank Bush]]
2020,OAK,2020 Las Vegas Raiders season,https://en.wikipedia.org/wiki/2020_Las_Vegas_Raiders_season,Jon Gruden,Greg Olson,Rod Marinelli,1,1,1,both,head_coach infobox raw: [[Jon Gruden]] || head_coach staff raw: [[Jon Gruden]] || offensive_coordinator staff raw: [[Greg Olson (American football)|Greg Olson]] || defensive_coordinator staff raw: [[Rod Marinelli]]
2020,PHI,2020 Philadelphia Eagles season,https://en.wikipedia.org/wiki/2020_Philadelphia_Eagles_season,Doug Pederson,,Jim Schwartz,1,0,1,both,head_coach infobox raw: [[Doug Pederson]] || head_coach staff raw: [[Doug Pederson]] || defensive_coordinator staff raw: [[Jim Schwartz]]
2020,PIT,2020 Pittsburgh Steelers season,https://en.wikipedia.org/wiki/2020_Pittsburgh_Steelers_season,Mike Tomlin,Randy Fichtner,Keith Butler,1,1,1,both,head_coach infobox raw: [[Mike Tomlin]] || head_coach staff raw: [[Mike Tomlin]] || offensive_coordinator infobox raw: [[Randy Fichtner]] || offensive_coordinator staff raw: [[Randy Fichtner]] || defensive_coordinator infobox raw: [[Keith Butler (American football)|Keith Butler]] || defensive_coordinator staff raw: [[Keith Butler (American football)|Keith Butler]]
2020,SEA,2020 Seattle Seahawks season,https://en.wikipedia.org/wiki/2020_Seattle_Seahawks_season,Pete Carroll,Brian Schottenheimer,Ken Norton Jr.,1,1,1,both,head_coach infobox raw: [[Pete Carroll]] || head_coach staff raw: [[Pete Carroll]] || offensive_coordinator infobox raw: [[Brian Schottenheimer]] || offensive_coordinator staff raw: [[Brian Schottenheimer]] || defensive_coordinator infobox raw: [[Ken Norton Jr.]] || defensive_coordinator staff raw: [[Ken Norton Jr.]]
2020,SF,2020 San Francisco 49ers season,https://en.wikipedia.org/wiki/2020_San_Francisco_49ers_season,Kyle Shanahan,Kyle Shanahan,Robert Saleh,1,1,1,both,head_coach infobox raw: [[Kyle Shanahan]] || head_coach staff raw: [[Kyle Shanahan]] || offensive_coordinator infobox raw: Kyle Shanahan (de facto) || defensive_coordinator infobox raw: [[Robert Saleh]] || defensive_coordinator staff raw: [[Robert Saleh]]
2020,TB,2020 Tampa Bay Buccaneers season,https://en.wikipedia.org/wiki/2020_Tampa_Bay_Buccaneers_season,Bruce Arians,Byron Leftwich,Todd Bowles,1,1,1,both,head_coach infobox raw: [[Bruce Arians]] || head_coach staff raw: [[Bruce Arians]] || offensive_coordinator infobox raw: [[Byron Leftwich]] || offensive_coordinator staff raw: [[Byron Leftwich]] || defensive_coordinator infobox raw: [[Todd Bowles]] || defensive_coordinator staff raw: [[Todd Bowles]]
2020,TEN,2020 Tennessee Titans season,https://en.wikipedia.org/wiki/2020_Tennessee_Titans_season,Mike Vrabel,Arthur Smith,,1,1,0,both,"head_coach infobox raw: [[Mike Vrabel]] || head_coach staff raw: [[Mike Vrabel]] || offensive_coordinator infobox raw: [[Arthur Smith (American football, born 1982)|Arthur Smith]] || offensive_coordinator staff raw: [[Arthur Smith (American football coach)|Arthur Smith]]"
2020,WSH,2020 Washington Football Team season,https://en.wikipedia.org/wiki/2020_Washington_Football_Team_season,Ron Rivera,Scott Turner,Jack Del Rio,1,1,1,both,head_coach infobox raw: Ron Rivera || head_coach staff raw: [[Ron Rivera]] || offensive_coordinator infobox raw: [[Scott Turner (American football coach)|Scott Turner]] || offensive_coordinator staff raw: [[Scott Turner (American football coach)|Scott Turner]] || defensive_coordinator infobox raw: [[Jack Del Rio]] || defensive_coordinator staff raw: [[Jack Del Rio]]
2021,ARI,2021 Arizona Cardinals season,https://en.wikipedia.org/wiki/2021_Arizona_Cardinals_season,Kliff Kingsbury,,Vance Joseph,1,0,1,both,head_coach infobox raw: [[Kliff Kingsbury]]{{efn|[[Vance Joseph]] and [[Jeff Rodgers]] (Interim HCs for Week 6 after Kingsbury tested positive for [[COVID-19]])}} || head_coach staff raw: [[Kliff Kingsbury]] || defensive_coordinator infobox raw: [[Vance Joseph]] || defensive_coordinator staff raw: [[Vance Joseph]]
2021,ATL,2021 Atlanta Falcons season,https://en.wikipedia.org/wiki/2021_Atlanta_Falcons_season,Arthur Smith,Dave Ragone,Dean Pees,1,1,1,both,"head_coach infobox raw: [[Arthur Smith (American football, born 1982)|Arthur Smith]] || head_coach staff raw: [[Arthur Smith (American football, born 1982)|Arthur Smith]] || offensive_coordinator staff raw: [[Dave Ragone]] || defensive_coordinator staff raw: [[Dean Pees]]"
2021,BAL,2021 Baltimore Ravens season,https://en.wikipedia.org/wiki/2021_Baltimore_Ravens_season,John Harbaugh,Greg Roman,Don Martindale,1,1,1,both,head_coach infobox raw: [[John Harbaugh]] || head_coach staff raw: [[John Harbaugh]] || offensive_coordinator infobox raw: [[Greg Roman]] || offensive_coordinator staff raw: [[Greg Roman]] || defensive_coordinator infobox raw: [[Don Martindale]] || defensive_coordinator staff raw: [[Don Martindale]]
2021,BUF,2021 Buffalo Bills season,https://en.wikipedia.org/wiki/2021_Buffalo_Bills_season,Sean McDermott,Brian Daboll,Leslie Frazier,1,1,1,both,head_coach infobox raw: [[Sean McDermott]] || head_coach staff raw: [[Sean McDermott]] || offensive_coordinator infobox raw: [[Brian Daboll]] || offensive_coordinator staff raw: [[Brian Daboll]] || defensive_coordinator infobox raw: [[Leslie Frazier]] || defensive_coordinator staff raw: [[Leslie Frazier]]
2021,CAR,2021 Carolina Panthers season,https://en.wikipedia.org/wiki/2021_Carolina_Panthers_season,Matt Rhule,Joe Brady | Jeff Nixon,Phil Snow,1,2,1,both,head_coach infobox raw: [[Matt Rhule]] || head_coach staff raw: [[Matt Rhule]] || offensive_coordinator staff raw: [[Joe Brady (American football coach)|Joe Brady]] (fired mid season) ; [[Jeff Nixon (American football coach)|Jeff Nixon]] || defensive_coordinator staff raw: [[Phil Snow]]
2021,CHI,2021 Chicago Bears season,https://en.wikipedia.org/wiki/2021_Chicago_Bears_season,Matt Nagy | Chris Tabor,Bill Lazor,Sean Desai,2,1,1,both,head_coach infobox raw: [[Matt Nagy]]<br>[[Chris Tabor]] (Acting HC for Week 8 after Nagy tested positive for [[COVID-19]]) || head_coach staff raw: [[Matt Nagy]] || offensive_coordinator staff raw: [[Bill Lazor]] || defensive_coordinator staff raw: [[Sean Desai]]
2021,CIN,2021 Cincinnati Bengals season,https://en.wikipedia.org/wiki/2021_Cincinnati_Bengals_season,Zac Taylor,Brian Callahan,Lou Anarumo,1,1,1,both,head_coach infobox raw: [[Zac Taylor]] || head_coach staff raw: [[Zac Taylor]] || offensive_coordinator infobox raw: [[Brian Callahan]] || offensive_coordinator staff raw: [[Brian Callahan]] || defensive_coordinator infobox raw: [[Lou Anarumo]] || defensive_coordinator staff raw: [[Lou Anarumo]]
2021,CLE,2021 Cleveland Browns season,https://en.wikipedia.org/wiki/2021_Cleveland_Browns_season,Kevin Stefanski,Alex Van Pelt,Joe Woods,1,1,1,both,head_coach infobox raw: [[Kevin Stefanski]] || head_coach staff raw: [[Kevin Stefanski]] || offensive_coordinator staff raw: [[Alex Van Pelt]] || defensive_coordinator staff raw: [[Joe Woods (American football)|Joe Woods]]
2021,DAL,2021 Dallas Cowboys season,https://en.wikipedia.org/wiki/2021_Dallas_Cowboys_season,Mike McCarthy,Kellen Moore,Dan Quinn,1,1,1,both,head_coach infobox raw: [[Mike McCarthy]] || head_coach staff raw: [[Mike McCarthy]] || offensive_coordinator infobox raw: [[Kellen Moore]] || offensive_coordinator staff raw: [[Kellen Moore]] || defensive_coordinator infobox raw: [[Dan Quinn (American football)|Dan Quinn]] || defensive_coordinator staff raw: [[Dan Quinn (American football)|Dan Quinn]]
2021,DEN,2021 Denver Broncos season,https://en.wikipedia.org/wiki/2021_Denver_Broncos_season,Vic Fangio,Pat Shurmur,Ed Donatell,1,1,1,both,head_coach infobox raw: [[Vic Fangio]] || head_coach staff raw: [[Vic Fangio]] || offensive_coordinator staff raw: [[Pat Shurmur]] || defensive_coordinator staff raw: [[Ed Donatell]]
2021,DET,2021 Detroit Lions season,https://en.wikipedia.org/wiki/2021_Detroit_Lions_season,Dan Campbell,Anthony Lynn,Aaron Glenn,1,1,1,both,head_coach infobox raw: [[Dan Campbell]] || head_coach staff raw: [[Dan Campbell]] || offensive_coordinator staff raw: [[Anthony Lynn]] || defensive_coordinator staff raw: [[Aaron Glenn]]
2021,GB,2021 Green Bay Packers season,https://en.wikipedia.org/wiki/2021_Green_Bay_Packers_season,Matt LaFleur,Nathaniel Hackett,Joe Barry,1,1,1,both,head_coach infobox raw: [[Matt LaFleur]] || head_coach staff raw: [[Matt LaFleur]] || offensive_coordinator infobox raw: [[Nathaniel Hackett]] || offensive_coordinator staff raw: [[Nathaniel Hackett]] || defensive_coordinator infobox raw: [[Joe Barry]] || defensive_coordinator staff raw: [[Joe Barry]]
2021,HOU,2021 Houston Texans season,https://en.wikipedia.org/wiki/2021_Houston_Texans_season,David Culley,Tim Kelly,Lovie Smith,1,1,1,both,head_coach infobox raw: [[David Culley]] || head_coach staff raw: [[David Culley]] || offensive_coordinator infobox raw: [[Tim Kelly (American football)|Tim Kelly]] || offensive_coordinator staff raw: [[Tim Kelly (American football)|Tim Kelly]] || defensive_coordinator infobox raw: [[Lovie Smith]] || defensive_coordinator staff raw: [[Lovie Smith]]
2021,IND,2021 Indianapolis Colts season,https://en.wikipedia.org/wiki/2021_Indianapolis_Colts_season,Frank Reich,Marcus Brady,Matt Eberflus,1,1,1,both,head_coach infobox raw: [[Frank Reich]] || head_coach staff raw: [[Frank Reich]] || offensive_coordinator staff raw: [[Marcus Brady]] || defensive_coordinator staff raw: [[Matt Eberflus]]
2021,JAX,2021 Jacksonville Jaguars season,https://en.wikipedia.org/wiki/2021_Jacksonville_Jaguars_season,Urban Meyer | Darrell Bevell,Brian Schottenheimer,Joe Cullen,2,1,1,both,"head_coach infobox raw: [[Urban Meyer]] (fired December 16; 2–11 record)<br>[[Darrell Bevell]] (interim, Weeks 15–18; 1–3 record) || head_coach staff raw: [[Urban Meyer]] (fired mid season) ; [[Darrell Bevell]] || offensive_coordinator infobox raw: [[Brian Schottenheimer]] || defensive_coordinator infobox raw: [[Joe Cullen (American football)|Joe Cullen]] || defensive_coordinator staff raw: [[Joe Cullen (American football)|Joe Cullen]]"
2021,KC,2021 Kansas City Chiefs season,https://en.wikipedia.org/wiki/2021_Kansas_City_Chiefs_season,Andy Reid,Eric Bieniemy,Steve Spagnuolo,1,1,1,both,head_coach infobox raw: [[Andy Reid]] || head_coach staff raw: [[Andy Reid]] || offensive_coordinator infobox raw: [[Eric Bieniemy]] || offensive_coordinator staff raw: [[Eric Bieniemy]] || defensive_coordinator infobox raw: [[Steve Spagnuolo]] || defensive_coordinator staff raw: [[Steve Spagnuolo]]
2021,LAC,2021 Los Angeles Chargers season,https://en.wikipedia.org/wiki/2021_Los_Angeles_Chargers_season,Brandon Staley,Joe Lombardi,Renaldo Hill,1,1,1,both,head_coach infobox raw: [[Brandon Staley]] || head_coach staff raw: [[Brandon Staley]] || offensive_coordinator staff raw: [[Joe Lombardi]] || defensive_coordinator staff raw: [[Renaldo Hill]]
2021,LAR,2021 Los Angeles Rams season,https://en.wikipedia.org/wiki/2021_Los_Angeles_Rams_season,Sean McVay,Kevin O'Connell,Raheem Morris,1,1,1,both,head_coach infobox raw: [[Sean McVay]] || head_coach staff raw: [[Sean McVay]] || offensive_coordinator infobox raw: [[Kevin O'Connell (American football)|Kevin O'Connell]] || offensive_coordinator staff raw: [[Kevin O'Connell (American football)|Kevin O'Connell]] || defensive_coordinator infobox raw: [[Raheem Morris]] || defensive_coordinator staff raw: [[Raheem Morris]]
2021,MIA,2021 Miami Dolphins season,https://en.wikipedia.org/wiki/2021_Miami_Dolphins_season,Brian Flores,,Josh Boyer,1,0,1,both,head_coach infobox raw: [[Brian Flores]] || head_coach staff raw: [[Brian Flores]] || defensive_coordinator staff raw: [[Josh Boyer]]
2021,MIN,2021 Minnesota Vikings season,https://en.wikipedia.org/wiki/2021_Minnesota_Vikings_season,Mike Zimmer,Klint Kubiak,,1,1,0,both,head_coach infobox raw: [[Mike Zimmer]] || head_coach staff raw: [[Mike Zimmer]] || offensive_coordinator staff raw: [[Klint Kubiak]]
2021,NE,2021 New England Patriots season,https://en.wikipedia.org/wiki/2021_New_England_Patriots_season,Bill Belichick,Josh McDaniels,,1,1,0,both,head_coach infobox raw: [[Bill Belichick]] || head_coach staff raw: [[Bill Belichick]] || offensive_coordinator infobox raw: [[Josh McDaniels]] || offensive_coordinator staff raw: [[Josh McDaniels]]
2021,NO,2021 New Orleans Saints season,https://en.wikipedia.org/wiki/2021_New_Orleans_Saints_season,Sean Payton,Pete Carmichael Jr.,Dennis Allen,1,1,1,both,head_coach infobox raw: [[Sean Payton]] || head_coach staff raw: [[Sean Payton]] || offensive_coordinator infobox raw: [[Pete Carmichael Jr.]] || offensive_coordinator staff raw: [[Pete Carmichael Jr.|Pete Carmichael]] || defensive_coordinator infobox raw: [[Dennis Allen (American football)|Dennis Allen]] || defensive_coordinator staff raw: [[Dennis Allen (American football)|Dennis Allen]]
2021,NYG,2021 New York Giants season,https://en.wikipedia.org/wiki/2021_New_York_Giants_season,Joe Judge,Jason Garrett | Freddie Kitchens,Patrick Graham,1,2,1,both,head_coach infobox raw: [[Joe Judge (American football)|Joe Judge]] || head_coach staff raw: [[Joe Judge (American football)|Joe Judge]] || offensive_coordinator staff raw: [[Jason Garrett]] (fired after week 11) ; [[Freddie Kitchens]] || defensive_coordinator staff raw: [[Patrick Graham (American football)|Patrick Graham]]
2021,NYJ,2021 New York Jets season,https://en.wikipedia.org/wiki/2021_New_York_Jets_season,Robert Saleh,Mike LaFleur,Jeff Ulbrich,1,1,1,both,head_coach infobox raw: [[Robert Saleh]] || head_coach staff raw: [[Robert Saleh]] || offensive_coordinator staff raw: [[Mike LaFleur]] || defensive_coordinator staff raw: [[Jeff Ulbrich]]
2021,OAK,2021 Las Vegas Raiders season,https://en.wikipedia.org/wiki/2021_Las_Vegas_Raiders_season,Jon Gruden | Rich Bisaccia,Greg Olson,Gus Bradley,2,1,1,both,"head_coach infobox raw: [[Jon Gruden]] (resigned October 11, 3–2 record)<br> [[Rich Bisaccia]] (interim; 7–5 record) || head_coach staff raw: [[Rich Bisaccia]] || offensive_coordinator infobox raw: [[Greg Olson (American football)|Greg Olson]] || offensive_coordinator staff raw: [[Greg Olson (American football)|Greg Olson]] || defensive_coordinator infobox raw: [[Gus Bradley]] || defensive_coordinator staff raw: [[Gus Bradley]]"
2021,PHI,2021 Philadelphia Eagles season,https://en.wikipedia.org/wiki/2021_Philadelphia_Eagles_season,Nick Sirianni,Shane Steichen,Jonathan Gannon,1,1,1,both,head_coach infobox raw: [[Nick Sirianni]] || head_coach staff raw: [[Nick Sirianni]] || offensive_coordinator infobox raw: [[Shane Steichen]] || offensive_coordinator staff raw: [[Shane Steichen]] || defensive_coordinator infobox raw: [[Jonathan Gannon]] || defensive_coordinator staff raw: [[Jonathan Gannon]]
2021,PIT,2021 Pittsburgh Steelers season,https://en.wikipedia.org/wiki/2021_Pittsburgh_Steelers_season,Mike Tomlin,Matt Canada,Keith Butler,1,1,1,both,head_coach infobox raw: [[Mike Tomlin]] || head_coach staff raw: [[Mike Tomlin]] || offensive_coordinator infobox raw: [[Matt Canada]] || offensive_coordinator staff raw: [[Matt Canada]] || defensive_coordinator infobox raw: [[Keith Butler (American football)|Keith Butler]] || defensive_coordinator staff raw: [[Keith Butler (American football)|Keith Butler]]
2021,SEA,2021 Seattle Seahawks season,https://en.wikipedia.org/wiki/2021_Seattle_Seahawks_season,Pete Carroll,Shane Waldron,Ken Norton Jr.,1,1,1,both,head_coach infobox raw: [[Pete Carroll]] || head_coach staff raw: [[Pete Carroll]] || offensive_coordinator staff raw: [[Shane Waldron]] || defensive_coordinator staff raw: [[Ken Norton Jr.]]
2021,SF,2021 San Francisco 49ers season,https://en.wikipedia.org/wiki/2021_San_Francisco_49ers_season,Kyle Shanahan,Mike McDaniel,DeMeco Ryans,1,1,1,both,head_coach infobox raw: [[Kyle Shanahan]] || head_coach staff raw: [[Kyle Shanahan]] || offensive_coordinator infobox raw: [[Mike McDaniel]] || offensive_coordinator staff raw: [[Mike McDaniel]] || defensive_coordinator infobox raw: [[DeMeco Ryans]] || defensive_coordinator staff raw: [[DeMeco Ryans]]
2021,TB,2021 Tampa Bay Buccaneers season,https://en.wikipedia.org/wiki/2021_Tampa_Bay_Buccaneers_season,Bruce Arians,Byron Leftwich,Todd Bowles,1,1,1,both,head_coach infobox raw: [[Bruce Arians]] || head_coach staff raw: [[Bruce Arians]] || offensive_coordinator staff raw: [[Byron Leftwich]] || defensive_coordinator staff raw: [[Todd Bowles]]
2021,TEN,2021 Tennessee Titans season,https://en.wikipedia.org/wiki/2021_Tennessee_Titans_season,Mike Vrabel,Todd Downing,Shane Bowen,1,1,1,both,head_coach infobox raw: [[Mike Vrabel]] || head_coach staff raw: [[Mike Vrabel]] || offensive_coordinator infobox raw: [[Todd Downing]] || offensive_coordinator staff raw: [[Todd Downing]] || defensive_coordinator infobox raw: [[Shane Bowen]] || defensive_coordinator staff raw: [[Shane Bowen]]
2021,WSH,2021 Washington Football Team season,https://en.wikipedia.org/wiki/2021_Washington_Football_Team_season,Ron Rivera,Scott Turner,Jack Del Rio,1,1,1,both,head_coach infobox raw: [[Ron Rivera]] || head_coach staff raw: [[Ron Rivera]] || offensive_coordinator infobox raw: [[Scott Turner (American football coach)|Scott Turner]] || offensive_coordinator staff raw: [[Scott Turner (American football coach)|Scott Turner]] || defensive_coordinator infobox raw: [[Jack Del Rio]] || defensive_coordinator staff raw: [[Jack Del Rio]]
2022,ARI,2022 Arizona Cardinals season,https://en.wikipedia.org/wiki/2022_Arizona_Cardinals_season,Kliff Kingsbury,,Vance Joseph,1,0,1,both,head_coach infobox raw: [[Kliff Kingsbury]] || head_coach staff raw: [[Kliff Kingsbury]] || defensive_coordinator staff raw: [[Vance Joseph]]
2022,ATL,2022 Atlanta Falcons season,https://en.wikipedia.org/wiki/2022_Atlanta_Falcons_season,Arthur Smith,Dave Ragone,Dean Pees,1,1,1,both,"head_coach infobox raw: [[Arthur Smith (American football, born 1982)|Arthur Smith]] || head_coach staff raw: [[Arthur Smith (American football, born 1982)|Arthur Smith]] || offensive_coordinator staff raw: [[Dave Ragone]] || defensive_coordinator staff raw: [[Dean Pees]]"
2022,BAL,2022 Baltimore Ravens season,https://en.wikipedia.org/wiki/2022_Baltimore_Ravens_season,John Harbaugh,Greg Roman,Mike Macdonald,1,1,1,both,head_coach infobox raw: [[John Harbaugh]] || head_coach staff raw: [[John Harbaugh]] || offensive_coordinator infobox raw: [[Greg Roman]] || offensive_coordinator staff raw: [[Greg Roman]] || defensive_coordinator infobox raw: [[Mike Macdonald]] || defensive_coordinator staff raw: [[Mike Macdonald]]
2022,BUF,2022 Buffalo Bills season,https://en.wikipedia.org/wiki/2022_Buffalo_Bills_season,Sean McDermott,Ken Dorsey,Leslie Frazier,1,1,1,both,head_coach infobox raw: [[Sean McDermott]] || head_coach staff raw: [[Sean McDermott]] || offensive_coordinator infobox raw: [[Ken Dorsey]] || offensive_coordinator staff raw: [[Ken Dorsey]] || defensive_coordinator infobox raw: [[Leslie Frazier]] || defensive_coordinator staff raw: [[Leslie Frazier]]
2022,CAR,2022 Carolina Panthers season,https://en.wikipedia.org/wiki/2022_Carolina_Panthers_season,Matt Rhule | Steve Wilks,Ben McAdoo,Al Holcomb,2,1,1,both,head_coach infobox raw: [[Matt Rhule]] (fired October 10; 1–4 record)<br>[[Steve Wilks]] (interim; 6–6 record) || head_coach staff raw: [[Steve Wilks]] || offensive_coordinator staff raw: [[Ben McAdoo]] || defensive_coordinator staff raw: [[Al Holcomb]]
2022,CHI,2022 Chicago Bears season,https://en.wikipedia.org/wiki/2022_Chicago_Bears_season,Matt Eberflus,Luke Getsy,Alan Williams,1,1,1,both,head_coach infobox raw: [[Matt Eberflus]] || head_coach staff raw: [[Matt Eberflus]] || offensive_coordinator staff raw: [[Luke Getsy]] || defensive_coordinator staff raw: [[Alan Williams (American football)|Alan Williams]]
2022,CIN,2022 Cincinnati Bengals season,https://en.wikipedia.org/wiki/2022_Cincinnati_Bengals_season,Zac Taylor,Brian Callahan,Lou Anarumo,1,1,1,both,head_coach infobox raw: [[Zac Taylor]] || head_coach staff raw: [[Zac Taylor]] || offensive_coordinator infobox raw: [[Brian Callahan]] || offensive_coordinator staff raw: [[Brian Callahan]] || defensive_coordinator infobox raw: [[Lou Anarumo]] || defensive_coordinator staff raw: [[Lou Anarumo]]
2022,CLE,2022 Cleveland Browns season,https://en.wikipedia.org/wiki/2022_Cleveland_Browns_season,Kevin Stefanski,Alex Van Pelt,Joe Woods,1,1,1,both,head_coach infobox raw: [[Kevin Stefanski]] || head_coach staff raw: [[Kevin Stefanski]] || offensive_coordinator staff raw: [[Alex Van Pelt]] || defensive_coordinator staff raw: [[Joe Woods (American football)|Joe Woods]]
2022,DAL,2022 Dallas Cowboys season,https://en.wikipedia.org/wiki/2022_Dallas_Cowboys_season,Mike McCarthy,Kellen Moore,Dan Quinn,1,1,1,both,head_coach infobox raw: [[Mike McCarthy]] || head_coach staff raw: [[Mike McCarthy]] || offensive_coordinator infobox raw: [[Kellen Moore]] || offensive_coordinator staff raw: [[Kellen Moore]] || defensive_coordinator infobox raw: [[Dan Quinn (American football)|Dan Quinn]] || defensive_coordinator staff raw: [[Dan Quinn (American football)|Dan Quinn]]
2022,DEN,2022 Denver Broncos season,https://en.wikipedia.org/wiki/2022_Denver_Broncos_season,Nathaniel Hackett | Jerry Rosburg,Justin Outten,Ejiro Evero,2,1,1,both,"head_coach infobox raw: [[Nathaniel Hackett]] (fired on December 26, 4–11 record)<br>[[Jerry Rosburg]] (interim; 1–1 record) || head_coach staff raw: [[Jerry Rosburg]] || offensive_coordinator staff raw: [[Justin Outten]] || defensive_coordinator staff raw: [[Ejiro Evero]]"
2022,DET,2022 Detroit Lions season,https://en.wikipedia.org/wiki/2022_Detroit_Lions_season,Dan Campbell,Ben Johnson,Aaron Glenn,1,1,1,both,head_coach infobox raw: [[Dan Campbell]] || head_coach staff raw: [[Dan Campbell]] || offensive_coordinator staff raw: [[Ben Johnson (American football coach)|Ben Johnson]] || defensive_coordinator staff raw: [[Aaron Glenn]]
2022,GB,2022 Green Bay Packers season,https://en.wikipedia.org/wiki/2022_Green_Bay_Packers_season,Matt LaFleur,Adam Stenavich,Joe Barry,1,1,1,both,head_coach infobox raw: [[Matt LaFleur]] || head_coach staff raw: [[Matt LaFleur]] || offensive_coordinator staff raw: [[Adam Stenavich]] || defensive_coordinator staff raw: [[Joe Barry]]
2022,HOU,2022 Houston Texans season,https://en.wikipedia.org/wiki/2022_Houston_Texans_season,Lovie Smith,Pep Hamilton,,1,1,0,both,head_coach infobox raw: [[Lovie Smith]] || head_coach staff raw: [[Lovie Smith]] || offensive_coordinator staff raw: [[Pep Hamilton]]
2022,IND,2022 Indianapolis Colts season,https://en.wikipedia.org/wiki/2022_Indianapolis_Colts_season,Frank Reich | Jeff Saturday,Parks Frazier,Gus Bradley,2,1,1,both,head_coach infobox raw: [[Frank Reich]] (fired November 7; {{winpct|3|5|1|record=y}} record)<br/>[[Jeff Saturday]] (interim; {{winpct|1|7|record=y}} record) || head_coach staff raw: [[Jeff Saturday]] || offensive_coordinator staff raw: [[Parks Frazier]] || defensive_coordinator staff raw: [[Gus Bradley]]
2022,JAX,2022 Jacksonville Jaguars season,https://en.wikipedia.org/wiki/2022_Jacksonville_Jaguars_season,Doug Pederson,Press Taylor,Mike Caldwell,1,1,1,both,head_coach infobox raw: [[Doug Pederson]] || head_coach staff raw: [[Doug Pederson]] || offensive_coordinator infobox raw: [[Press Taylor]] || offensive_coordinator staff raw: [[Press Taylor]] || defensive_coordinator infobox raw: [[Mike Caldwell (linebacker)|Mike Caldwell]] || defensive_coordinator staff raw: [[Mike Caldwell (linebacker)|Mike Caldwell]]
2022,KC,2022 Kansas City Chiefs season,https://en.wikipedia.org/wiki/2022_Kansas_City_Chiefs_season,Andy Reid,Eric Bieniemy,Steve Spagnuolo,1,1,1,both,head_coach infobox raw: [[Andy Reid]] || head_coach staff raw: [[Andy Reid]] || offensive_coordinator infobox raw: [[Eric Bieniemy]] || offensive_coordinator staff raw: [[Eric Bieniemy]] || defensive_coordinator infobox raw: [[Steve Spagnuolo]] || defensive_coordinator staff raw: [[Steve Spagnuolo]]
2022,LAC,2022 Los Angeles Chargers season,https://en.wikipedia.org/wiki/2022_Los_Angeles_Chargers_season,Brandon Staley,Joe Lombardi,Renaldo Hill,1,1,1,both,head_coach infobox raw: [[Brandon Staley]] || head_coach staff raw: [[Brandon Staley]] || offensive_coordinator infobox raw: [[Joe Lombardi]] || offensive_coordinator staff raw: [[Joe Lombardi]] || defensive_coordinator infobox raw: [[Renaldo Hill]] || defensive_coordinator staff raw: [[Renaldo Hill]]
2022,LAR,2022 Los Angeles Rams season,https://en.wikipedia.org/wiki/2022_Los_Angeles_Rams_season,Sean McVay,Liam Coen,Raheem Morris,1,1,1,both,head_coach infobox raw: [[Sean McVay]] || head_coach staff raw: [[Sean McVay]] || offensive_coordinator infobox raw: [[Liam Coen]] || offensive_coordinator staff raw: [[Liam Coen]] || defensive_coordinator infobox raw: [[Raheem Morris]] || defensive_coordinator staff raw: [[Raheem Morris]]
2022,MIA,2022 Miami Dolphins season,https://en.wikipedia.org/wiki/2022_Miami_Dolphins_season,Mike McDaniel,Frank Smith,Vic Fangio | Josh Boyer,1,1,2,both,head_coach infobox raw: [[Mike McDaniel]] || head_coach staff raw: [[Mike McDaniel]] || offensive_coordinator infobox raw: [[Frank Smith (American football)|Frank Smith]] || offensive_coordinator staff raw: [[Frank Smith (American football)|Frank Smith]] || defensive_coordinator infobox raw: [[Vic Fangio]] || defensive_coordinator staff raw: [[Josh Boyer]]
2022,MIN,2022 Minnesota Vikings season,https://en.wikipedia.org/wiki/2022_Minnesota_Vikings_season,Kevin O'Connell,Wes Phillips,Ed Donatell,1,1,1,both,head_coach infobox raw: [[Kevin O'Connell (American football)|Kevin O'Connell]] || head_coach staff raw: [[Kevin O'Connell (American football)|Kevin O'Connell]] || offensive_coordinator infobox raw: [[Wes Phillips]] || offensive_coordinator staff raw: [[Wes Phillips]] || defensive_coordinator infobox raw: [[Ed Donatell]] || defensive_coordinator staff raw: [[Ed Donatell]]
2022,NE,2022 New England Patriots season,https://en.wikipedia.org/wiki/2022_New_England_Patriots_season,Bill Belichick,,,1,0,0,both,head_coach infobox raw: [[Bill Belichick]] || head_coach staff raw: [[Bill Belichick]]
2022,NO,2022 New Orleans Saints season,https://en.wikipedia.org/wiki/2022_New_Orleans_Saints_season,Dennis Allen,Pete Carmichael Jr.,Ryan Nielsen | Kris Richard,1,1,2,both,head_coach infobox raw: [[Dennis Allen (American football)|Dennis Allen]] || head_coach staff raw: [[Dennis Allen (American football)|Dennis Allen]] || offensive_coordinator infobox raw: [[Pete Carmichael Jr.]] || offensive_coordinator staff raw: [[Pete Carmichael Jr.|Pete Carmichael]] || defensive_coordinator infobox raw: [[Ryan Nielsen]] and [[Kris Richard]]
2022,NYG,2022 New York Giants season,https://en.wikipedia.org/wiki/2022_New_York_Giants_season,Brian Daboll,Mike Kafka,Don Martindale,1,1,1,both,head_coach infobox raw: [[Brian Daboll]] || head_coach staff raw: [[Brian Daboll]] || offensive_coordinator infobox raw: [[Mike Kafka]] || offensive_coordinator staff raw: [[Mike Kafka]] || defensive_coordinator infobox raw: [[Don Martindale]] || defensive_coordinator staff raw: [[Don Martindale]]
2022,NYJ,2022 New York Jets season,https://en.wikipedia.org/wiki/2022_New_York_Jets_season,Robert Saleh,Mike LaFleur,Jeff Ulbrich,1,1,1,both,head_coach infobox raw: [[Robert Saleh]] || head_coach staff raw: [[Robert Saleh]] || offensive_coordinator staff raw: [[Mike LaFleur]] || defensive_coordinator staff raw: [[Jeff Ulbrich]]
2022,OAK,2022 Las Vegas Raiders season,https://en.wikipedia.org/wiki/2022_Las_Vegas_Raiders_season,Josh McDaniels,Mick Lombardi,Patrick Graham,1,1,1,both,head_coach infobox raw: [[Josh McDaniels]] || head_coach staff raw: [[Josh McDaniels]] || offensive_coordinator staff raw: [[Mick Lombardi]] || defensive_coordinator staff raw: [[Patrick Graham (American football)|Patrick Graham]]
2022,PHI,2022 Philadelphia Eagles season,https://en.wikipedia.org/wiki/2022_Philadelphia_Eagles_season,Nick Sirianni,Shane Steichen,Jonathan Gannon,1,1,1,both,head_coach infobox raw: [[Nick Sirianni]] || head_coach staff raw: [[Nick Sirianni]] || offensive_coordinator infobox raw: [[Shane Steichen]] || offensive_coordinator staff raw: [[Shane Steichen]] || defensive_coordinator infobox raw: [[Jonathan Gannon]] || defensive_coordinator staff raw: [[Jonathan Gannon]]
2022,PIT,2022 Pittsburgh Steelers season,https://en.wikipedia.org/wiki/2022_Pittsburgh_Steelers_season,Mike Tomlin,Matt Canada,Teryl Austin,1,1,1,both,head_coach infobox raw: [[Mike Tomlin]] || head_coach staff raw: [[Mike Tomlin]] || offensive_coordinator infobox raw: [[Matt Canada]] || offensive_coordinator staff raw: [[Matt Canada]] || defensive_coordinator infobox raw: [[Teryl Austin]] || defensive_coordinator staff raw: [[Teryl Austin]]
2022,SEA,2022 Seattle Seahawks season,https://en.wikipedia.org/wiki/2022_Seattle_Seahawks_season,Pete Carroll,Shane Waldron,Clint Hurtt,1,1,1,both,head_coach infobox raw: [[Pete Carroll]] || head_coach staff raw: [[Pete Carroll]] || offensive_coordinator infobox raw: [[Shane Waldron]] || offensive_coordinator staff raw: [[Shane Waldron]] || defensive_coordinator infobox raw: [[Clint Hurtt]] || defensive_coordinator staff raw: [[Clint Hurtt]]
2022,SF,2022 San Francisco 49ers season,https://en.wikipedia.org/wiki/2022_San_Francisco_49ers_season,Kyle Shanahan,Kyle Shanahan,DeMeco Ryans,1,1,1,both,head_coach infobox raw: [[Kyle Shanahan]] || head_coach staff raw: [[Kyle Shanahan]] || offensive_coordinator infobox raw: Kyle Shanahan (de facto) || defensive_coordinator infobox raw: [[DeMeco Ryans]] || defensive_coordinator staff raw: [[DeMeco Ryans]]
2022,TB,2022 Tampa Bay Buccaneers season,https://en.wikipedia.org/wiki/2022_Tampa_Bay_Buccaneers_season,Todd Bowles,Byron Leftwich,,1,1,0,both,head_coach infobox raw: [[Todd Bowles]] || head_coach staff raw: [[Todd Bowles]] || offensive_coordinator infobox raw: [[Byron Leftwich]] || offensive_coordinator staff raw: [[Byron Leftwich]]
2022,TEN,2022 Tennessee Titans season,https://en.wikipedia.org/wiki/2022_Tennessee_Titans_season,Mike Vrabel,Todd Downing,Shane Bowen,1,1,1,both,head_coach infobox raw: [[Mike Vrabel]] || head_coach staff raw: [[Mike Vrabel]] || offensive_coordinator staff raw: [[Todd Downing]] || defensive_coordinator staff raw: [[Shane Bowen]]
2022,WSH,2022 Washington Commanders season,https://en.wikipedia.org/wiki/2022_Washington_Commanders_season,Ron Rivera,Scott Turner,Jack Del Rio,1,1,1,both,head_coach infobox raw: [[Ron Rivera]] || head_coach staff raw: [[Ron Rivera]] || offensive_coordinator infobox raw: [[Scott Turner (American football coach)|Scott Turner]] || offensive_coordinator staff raw: [[Scott Turner (American football coach)|Scott Turner]] || defensive_coordinator infobox raw: [[Jack Del Rio]] || defensive_coordinator staff raw: [[Jack Del Rio]]
2023,ARI,2023 Arizona Cardinals season,https://en.wikipedia.org/wiki/2023_Arizona_Cardinals_season,Jonathan Gannon,Drew Petzing,Nick Rallis,1,1,1,both,head_coach infobox raw: [[Jonathan Gannon]] || head_coach staff raw: [[Jonathan Gannon]] || offensive_coordinator staff raw: [[Drew Petzing]] || defensive_coordinator staff raw: [[Nick Rallis]]
2023,ATL,2023 Atlanta Falcons season,https://en.wikipedia.org/wiki/2023_Atlanta_Falcons_season,Arthur Smith,Dave Ragone,Ryan Nielsen,1,1,1,both,"head_coach infobox raw: [[Arthur Smith (American football, born 1982)|Arthur Smith]] || head_coach staff raw: [[Arthur Smith (American football, born 1982)|Arthur Smith]] || offensive_coordinator staff raw: [[Dave Ragone]] || defensive_coordinator staff raw: [[Ryan Nielsen]]"
2023,BAL,2023 Baltimore Ravens season,https://en.wikipedia.org/wiki/2023_Baltimore_Ravens_season,John Harbaugh,Todd Monken,Mike Macdonald,1,1,1,both,head_coach infobox raw: [[John Harbaugh]] || head_coach staff raw: [[John Harbaugh]] || offensive_coordinator infobox raw: [[Todd Monken]] || offensive_coordinator staff raw: [[Todd Monken]] || defensive_coordinator infobox raw: [[Mike Macdonald]] || defensive_coordinator staff raw: [[Mike Macdonald]]
2023,BUF,2023 Buffalo Bills season,https://en.wikipedia.org/wiki/2023_Buffalo_Bills_season,Sean McDermott,Ken Dorsey | Joe Brady,,1,2,0,both,head_coach infobox raw: [[Sean McDermott]] || head_coach staff raw: [[Sean McDermott]] || offensive_coordinator infobox raw: [[Ken Dorsey]] (<small>fired after Week 10</small>) <br/> [[Joe Brady (American football coach)|Joe Brady]] (<small>interim</small>) || offensive_coordinator staff raw: [[Ken Dorsey]]; ''fired after Week 10'' ; [[Joe Brady (American football coach)|Joe Brady]]
2023,CAR,2023 Carolina Panthers season,https://en.wikipedia.org/wiki/2023_Carolina_Panthers_season,Frank Reich | Chris Tabor,Thomas Brown,Ejiro Evero,2,1,1,both,head_coach infobox raw: [[Frank Reich]] (fired November 27; 1–10 record)<br>[[Chris Tabor]] (interim; 1–5 record) || head_coach staff raw: [[Frank Reich]]; ''fired on November 27'' ; [[Chris Tabor]] || offensive_coordinator staff raw: [[Thomas Brown (American football coach)|Thomas Brown]] || defensive_coordinator staff raw: [[Ejiro Evero]]
2023,CHI,2023 Chicago Bears season,https://en.wikipedia.org/wiki/2023_Chicago_Bears_season,Matt Eberflus,Luke Getsy,Alan Williams,1,1,1,both,head_coach infobox raw: [[Matt Eberflus]] || head_coach staff raw: [[Matt Eberflus]] || offensive_coordinator staff raw: [[Luke Getsy]] || defensive_coordinator staff raw: [[Alan Williams (American football)|Alan Williams]]; <br>''resigned on September 20''
2023,CIN,2023 Cincinnati Bengals season,https://en.wikipedia.org/wiki/2023_Cincinnati_Bengals_season,Zac Taylor,Brian Callahan,Lou Anarumo,1,1,1,both,head_coach infobox raw: [[Zac Taylor]] || head_coach staff raw: [[Zac Taylor]] || offensive_coordinator staff raw: [[Brian Callahan]] || defensive_coordinator staff raw: [[Lou Anarumo]]
2023,CLE,2023 Cleveland Browns season,https://en.wikipedia.org/wiki/2023_Cleveland_Browns_season,Kevin Stefanski,Alex Van Pelt,Jim Schwartz,1,1,1,both,head_coach infobox raw: [[Kevin Stefanski]] || head_coach staff raw: [[Kevin Stefanski]] || offensive_coordinator infobox raw: [[Alex Van Pelt]] || offensive_coordinator staff raw: [[Alex Van Pelt]] || defensive_coordinator infobox raw: [[Jim Schwartz]] || defensive_coordinator staff raw: [[Jim Schwartz]]
2023,DAL,2023 Dallas Cowboys season,https://en.wikipedia.org/wiki/2023_Dallas_Cowboys_season,Mike McCarthy,Brian Schottenheimer,Dan Quinn,1,1,1,both,head_coach infobox raw: [[Mike McCarthy]] || head_coach staff raw: [[Mike McCarthy]] || offensive_coordinator infobox raw: [[Brian Schottenheimer]] || offensive_coordinator staff raw: [[Brian Schottenheimer]] || defensive_coordinator infobox raw: [[Dan Quinn (American football)|Dan Quinn]] || defensive_coordinator staff raw: [[Dan Quinn (American football)|Dan Quinn]]
2023,DEN,2023 Denver Broncos season,https://en.wikipedia.org/wiki/2023_Denver_Broncos_season,Sean Payton,Joe Lombardi,Vance Joseph,1,1,1,both,head_coach infobox raw: [[Sean Payton]] || head_coach staff raw: [[Sean Payton]] || offensive_coordinator infobox raw: [[Joe Lombardi]] || offensive_coordinator staff raw: [[Joe Lombardi]] || defensive_coordinator infobox raw: [[Vance Joseph]] || defensive_coordinator staff raw: [[Vance Joseph]]
2023,DET,2023 Detroit Lions season,https://en.wikipedia.org/wiki/2023_Detroit_Lions_season,Dan Campbell,Ben Johnson,Aaron Glenn,1,1,1,both,head_coach infobox raw: [[Dan Campbell]] || head_coach staff raw: [[Dan Campbell]] || offensive_coordinator infobox raw: [[Ben Johnson (American football coach)|Ben Johnson]] || offensive_coordinator staff raw: [[Ben Johnson (American football coach)|Ben Johnson]] || defensive_coordinator infobox raw: [[Aaron Glenn]] || defensive_coordinator staff raw: [[Aaron Glenn]]
2023,GB,2023 Green Bay Packers season,https://en.wikipedia.org/wiki/2023_Green_Bay_Packers_season,Matt LaFleur,Adam Stenavich,Joe Barry,1,1,1,both,head_coach infobox raw: [[Matt LaFleur]] || head_coach staff raw: [[Matt LaFleur]] || offensive_coordinator infobox raw: [[Adam Stenavich]] || offensive_coordinator staff raw: [[Adam Stenavich]] || defensive_coordinator infobox raw: [[Joe Barry]] || defensive_coordinator staff raw: [[Joe Barry]]
2023,HOU,2023 Houston Texans season,https://en.wikipedia.org/wiki/2023_Houston_Texans_season,DeMeco Ryans,Bobby Slowik,Matt Burke,1,1,1,both,head_coach infobox raw: [[DeMeco Ryans]] || head_coach staff raw: [[DeMeco Ryans]] || offensive_coordinator infobox raw: [[Bobby Slowik]] || offensive_coordinator staff raw: [[Bobby Slowik]] || defensive_coordinator infobox raw: [[Matt Burke (American football)|Matt Burke]] || defensive_coordinator staff raw: [[Matt Burke (American football)|Matt Burke]]
2023,IND,2023 Indianapolis Colts season,https://en.wikipedia.org/wiki/2023_Indianapolis_Colts_season,Shane Steichen,Jim Bob Cooter,Gus Bradley,1,1,1,both,head_coach infobox raw: [[Shane Steichen]] || head_coach staff raw: [[Shane Steichen]] || offensive_coordinator staff raw: [[Jim Bob Cooter]] || defensive_coordinator staff raw: [[Gus Bradley]]
2023,JAX,2023 Jacksonville Jaguars season,https://en.wikipedia.org/wiki/2023_Jacksonville_Jaguars_season,Doug Pederson,Press Taylor,Mike Caldwell,1,1,1,both,head_coach infobox raw: [[Doug Pederson]] || head_coach staff raw: [[Doug Pederson]] || offensive_coordinator infobox raw: [[Press Taylor]] || offensive_coordinator staff raw: [[Press Taylor]] || defensive_coordinator infobox raw: [[Mike Caldwell (linebacker)|Mike Caldwell]] || defensive_coordinator staff raw: [[Mike Caldwell (linebacker)|Mike Caldwell]]
2023,KC,2023 Kansas City Chiefs season,https://en.wikipedia.org/wiki/2023_Kansas_City_Chiefs_season,Andy Reid,Matt Nagy,Steve Spagnuolo,1,1,1,both,head_coach infobox raw: [[Andy Reid]] || head_coach staff raw: [[Andy Reid]] || offensive_coordinator infobox raw: [[Matt Nagy]] || offensive_coordinator staff raw: [[Matt Nagy]] || defensive_coordinator infobox raw: [[Steve Spagnuolo]] || defensive_coordinator staff raw: [[Steve Spagnuolo]]
2023,LAC,2023 Los Angeles Chargers season,https://en.wikipedia.org/wiki/2023_Los_Angeles_Chargers_season,Brandon Staley | Giff Smith,Kellen Moore,Derrick Ansley,2,1,1,both,"head_coach infobox raw: [[Brandon Staley]] (fired December 15, 5–9 record)<br>[[Giff Smith]] (interim; 0–3 record) || head_coach staff raw: [[Brandon Staley]]; ''fired on December 15'' ; [[Giff Smith]] || offensive_coordinator staff raw: [[Kellen Moore]] || defensive_coordinator staff raw: [[Derrick Ansley]]"
2023,LAR,2023 Los Angeles Rams season,https://en.wikipedia.org/wiki/2023_Los_Angeles_Rams_season,Sean McVay,Mike LaFleur,Raheem Morris,1,1,1,both,head_coach infobox raw: [[Sean McVay]] || head_coach staff raw: [[Sean McVay]] || offensive_coordinator infobox raw: [[Mike LaFleur]] || offensive_coordinator staff raw: [[Mike LaFleur]] || defensive_coordinator infobox raw: [[Raheem Morris]] || defensive_coordinator staff raw: [[Raheem Morris]]
2023,MIA,2023 Miami Dolphins season,https://en.wikipedia.org/wiki/2023_Miami_Dolphins_season,Mike McDaniel,Frank Smith,Vic Fangio,1,1,1,both,head_coach infobox raw: [[Mike McDaniel]] || head_coach staff raw: [[Mike McDaniel]] || offensive_coordinator staff raw: [[Frank Smith (American football)|Frank Smith]] || defensive_coordinator staff raw: [[Vic Fangio]]
2023,MIN,2023 Minnesota Vikings season,https://en.wikipedia.org/wiki/2023_Minnesota_Vikings_season,Kevin O'Connell,Wes Phillips,Brian Flores,1,1,1,both,head_coach infobox raw: [[Kevin O'Connell (American football)|Kevin O'Connell]] || head_coach staff raw: [[Kevin O'Connell (American football)|Kevin O'Connell]] || offensive_coordinator staff raw: [[Wes Phillips]] || defensive_coordinator staff raw: [[Brian Flores]]
2023,NE,2023 New England Patriots season,https://en.wikipedia.org/wiki/2023_New_England_Patriots_season,Bill Belichick,Bill O'Brien,,1,1,0,both,head_coach infobox raw: [[Bill Belichick]] || head_coach staff raw: [[Bill Belichick]] || offensive_coordinator staff raw: [[Bill O'Brien (American football)|Bill O'Brien]]
2023,NO,2023 New Orleans Saints season,https://en.wikipedia.org/wiki/2023_New_Orleans_Saints_season,Dennis Allen,Pete Carmichael,Joe Woods,1,1,1,both,head_coach infobox raw: [[Dennis Allen (American football)|Dennis Allen]] || head_coach staff raw: [[Dennis Allen (American football)|Dennis Allen]] || offensive_coordinator staff raw: [[Pete Carmichael Jr.|Pete Carmichael]] || defensive_coordinator staff raw: [[Joe Woods (American football)|Joe Woods]]
2023,NYG,2023 New York Giants season,https://en.wikipedia.org/wiki/2023_New_York_Giants_season,Brian Daboll,Mike Kafka,Don Martindale,1,1,1,both,head_coach infobox raw: [[Brian Daboll]] || head_coach staff raw: [[Brian Daboll]] || offensive_coordinator staff raw: [[Mike Kafka]] || defensive_coordinator staff raw: [[Don Martindale]]
2023,NYJ,2023 New York Jets season,https://en.wikipedia.org/wiki/2023_New_York_Jets_season,Robert Saleh,Nathaniel Hackett,Jeff Ulbrich,1,1,1,both,head_coach infobox raw: [[Robert Saleh]] || head_coach staff raw: [[Robert Saleh]] || offensive_coordinator staff raw: [[Nathaniel Hackett]] || defensive_coordinator staff raw: [[Jeff Ulbrich]]
2023,OAK,2023 Las Vegas Raiders season,https://en.wikipedia.org/wiki/2023_Las_Vegas_Raiders_season,Josh McDaniels | Antonio Pierce,Mick Lombardi | Bo Hardegree,Patrick Graham,2,2,1,both,"head_coach infobox raw: [[Josh McDaniels]] (fired October 31, 3–5 record)<br>[[Antonio Pierce]] (interim, 5–4 record) || head_coach staff raw: [[Josh McDaniels]]; ''fired on October 31'' ; [[Antonio Pierce]] || offensive_coordinator staff raw: [[Mick Lombardi]]; ''fired on October 31'' ; [[Bo Hardegree]] || defensive_coordinator staff raw: [[Patrick Graham (American football)|Patrick Graham]]"
2023,PHI,2023 Philadelphia Eagles season,https://en.wikipedia.org/wiki/2023_Philadelphia_Eagles_season,Nick Sirianni,Brian Johnson,Sean Desai,1,1,1,both,head_coach infobox raw: [[Nick Sirianni]] || head_coach staff raw: [[Nick Sirianni]] || offensive_coordinator infobox raw: [[Brian Johnson (American football coach)|Brian Johnson]] || offensive_coordinator staff raw: [[Brian Johnson (American football coach)|Brian Johnson]] || defensive_coordinator infobox raw: [[Sean Desai]] || defensive_coordinator staff raw: [[Sean Desai]]
2023,PIT,2023 Pittsburgh Steelers season,https://en.wikipedia.org/wiki/2023_Pittsburgh_Steelers_season,Mike Tomlin,Matt Canada | Eddie Faulkner,Teryl Austin,1,2,1,both,head_coach infobox raw: [[Mike Tomlin]] || head_coach staff raw: [[Mike Tomlin]] || offensive_coordinator infobox raw: [[Matt Canada]] || offensive_coordinator staff raw: [[Matt Canada]]; ''fired after Week 11'' ; [[Eddie Faulkner]] || defensive_coordinator infobox raw: [[Teryl Austin]] || defensive_coordinator staff raw: [[Teryl Austin]]
2023,SEA,2023 Seattle Seahawks season,https://en.wikipedia.org/wiki/2023_Seattle_Seahawks_season,Pete Carroll,Shane Waldron,Clint Hurtt,1,1,1,both,head_coach infobox raw: [[Pete Carroll]] || head_coach staff raw: [[Pete Carroll]] || offensive_coordinator staff raw: [[Shane Waldron]] || defensive_coordinator staff raw: [[Clint Hurtt]]
2023,SF,2023 San Francisco 49ers season,https://en.wikipedia.org/wiki/2023_San_Francisco_49ers_season,Kyle Shanahan,Kyle Shanahan,Steve Wilks,1,1,1,both,head_coach infobox raw: [[Kyle Shanahan]] || head_coach staff raw: [[Kyle Shanahan]] || offensive_coordinator infobox raw: Kyle Shanahan (de facto) || defensive_coordinator infobox raw: [[Steve Wilks]] || defensive_coordinator staff raw: [[Steve Wilks]]
2023,TB,2023 Tampa Bay Buccaneers season,https://en.wikipedia.org/wiki/2023_Tampa_Bay_Buccaneers_season,Todd Bowles,Dave Canales,,1,1,0,both,head_coach infobox raw: [[Todd Bowles]] || head_coach staff raw: [[Todd Bowles]] || offensive_coordinator infobox raw: [[Dave Canales]] || offensive_coordinator staff raw: [[Dave Canales]]
2023,TEN,2023 Tennessee Titans season,https://en.wikipedia.org/wiki/2023_Tennessee_Titans_season,Mike Vrabel,Tim Kelly,Shane Bowen,1,1,1,both,head_coach infobox raw: [[Mike Vrabel]] || head_coach staff raw: [[Mike Vrabel]] || offensive_coordinator staff raw: [[Tim Kelly (American football)|Tim Kelly]] || defensive_coordinator staff raw: [[Shane Bowen]]
2023,WSH,2023 Washington Commanders season,https://en.wikipedia.org/wiki/2023_Washington_Commanders_season,Ron Rivera,Eric Bieniemy,Jack Del Rio | Ron Rivera,1,1,2,both,head_coach infobox raw: [[Ron Rivera]] || head_coach staff raw: [[Ron Rivera]] || offensive_coordinator infobox raw: [[Eric Bieniemy]] || offensive_coordinator staff raw: [[Eric Bieniemy]] || defensive_coordinator infobox raw: {{ubl|[[Jack Del Rio]] (fired)|Ron Rivera (interim)}} || defensive_coordinator staff raw: Ron Rivera (interim)
2024,ARI,2024 Arizona Cardinals season,https://en.wikipedia.org/wiki/2024_Arizona_Cardinals_season,Jonathan Gannon,Drew Petzing,Nick Rallis,1,1,1,both,head_coach infobox raw: [[Jonathan Gannon]] || head_coach staff raw: [[Jonathan Gannon]] || offensive_coordinator staff raw: [[Drew Petzing]] || defensive_coordinator staff raw: [[Nick Rallis]]
2024,ATL,2024 Atlanta Falcons season,https://en.wikipedia.org/wiki/2024_Atlanta_Falcons_season,Raheem Morris,Zac Robinson,Jimmy Lake,1,1,1,both,head_coach infobox raw: [[Raheem Morris]] || head_coach staff raw: [[Raheem Morris]] || offensive_coordinator staff raw: [[Zac Robinson]] || defensive_coordinator staff raw: [[Jimmy Lake]]
2024,BAL,2024 Baltimore Ravens season,https://en.wikipedia.org/wiki/2024_Baltimore_Ravens_season,John Harbaugh,Todd Monken,Zach Orr,1,1,1,both,head_coach infobox raw: [[John Harbaugh]] || head_coach staff raw: [[John Harbaugh]] || offensive_coordinator infobox raw: [[Todd Monken]] || offensive_coordinator staff raw: [[Todd Monken]] || defensive_coordinator infobox raw: [[Zach Orr]] || defensive_coordinator staff raw: [[Zach Orr|Zachary Orr]]
2024,BUF,2024 Buffalo Bills season,https://en.wikipedia.org/wiki/2024_Buffalo_Bills_season,Sean McDermott,Joe Brady,Bobby Babich,1,1,1,both,head_coach infobox raw: [[Sean McDermott]] || head_coach staff raw: [[Sean McDermott]] || offensive_coordinator infobox raw: [[Joe Brady (American football coach)|Joe Brady]] || offensive_coordinator staff raw: [[Joe Brady (American football coach)|Joe Brady]] || defensive_coordinator infobox raw: [[Bobby Babich]] || defensive_coordinator staff raw: [[Bobby Babich]]
2024,CAR,2024 Carolina Panthers season,https://en.wikipedia.org/wiki/2024_Carolina_Panthers_season,Dave Canales,Brad Idzik,Ejiro Evero,1,1,1,both,head_coach infobox raw: [[Dave Canales]] || head_coach staff raw: [[Dave Canales]] || offensive_coordinator staff raw: [[Brad Idzik]] || defensive_coordinator staff raw: [[Ejiro Evero]]
2024,CHI,2024 Chicago Bears season,https://en.wikipedia.org/wiki/2024_Chicago_Bears_season,Matt Eberflus | Thomas Brown,Shane Waldron | Chris Beatty,Eric Washington,2,2,1,both,"head_coach infobox raw: [[Matt Eberflus]] (fired November 29, 4–8 record)<br>[[Thomas Brown (American football coach)|Thomas Brown]] (interim, 1–4 record) || head_coach staff raw: [[Matt Eberflus]] ''(fired on November 29)'' ; [[Thomas Brown (American football coach)|Thomas Brown]] || offensive_coordinator staff raw: [[Shane Waldron]] ''(fired on November 10)'' ; [[Chris Beatty]] || defensive_coordinator staff raw: [[Eric Washington (American football)|Eric Washington]]"
2024,CIN,2024 Cincinnati Bengals season,https://en.wikipedia.org/wiki/2024_Cincinnati_Bengals_season,Zac Taylor,Dan Pitcher,Lou Anarumo,1,1,1,both,head_coach infobox raw: [[Zac Taylor]] || head_coach staff raw: [[Zac Taylor]] || offensive_coordinator staff raw: [[Dan Pitcher]] || defensive_coordinator staff raw: [[Lou Anarumo]]
2024,CLE,2024 Cleveland Browns season,https://en.wikipedia.org/wiki/2024_Cleveland_Browns_season,Kevin Stefanski,Ken Dorsey,Jim Schwartz,1,1,1,both,head_coach infobox raw: [[Kevin Stefanski]] || head_coach staff raw: [[Kevin Stefanski]] || offensive_coordinator staff raw: [[Ken Dorsey]] || defensive_coordinator staff raw: [[Jim Schwartz]]
2024,DAL,2024 Dallas Cowboys season,https://en.wikipedia.org/wiki/2024_Dallas_Cowboys_season,Mike McCarthy,Brian Schottenheimer,Mike Zimmer,1,1,1,both,head_coach infobox raw: [[Mike McCarthy]] || head_coach staff raw: [[Mike McCarthy]] || offensive_coordinator staff raw: [[Brian Schottenheimer]] || defensive_coordinator staff raw: [[Mike Zimmer]]
2024,DEN,2024 Denver Broncos season,https://en.wikipedia.org/wiki/2024_Denver_Broncos_season,Sean Payton,Joe Lombardi,Vance Joseph,1,1,1,both,head_coach infobox raw: [[Sean Payton]] || head_coach staff raw: [[Sean Payton]] || offensive_coordinator infobox raw: [[Joe Lombardi]] || offensive_coordinator staff raw: [[Joe Lombardi]] || defensive_coordinator infobox raw: [[Vance Joseph]] || defensive_coordinator staff raw: [[Vance Joseph]]
2024,DET,2024 Detroit Lions season,https://en.wikipedia.org/wiki/2024_Detroit_Lions_season,Dan Campbell,Ben Johnson,Aaron Glenn,1,1,1,both,head_coach infobox raw: [[Dan Campbell]] || head_coach staff raw: [[Dan Campbell]] || offensive_coordinator staff raw: [[Ben Johnson (American football coach)|Ben Johnson]] || defensive_coordinator staff raw: [[Aaron Glenn]]
2024,GB,2024 Green Bay Packers season,https://en.wikipedia.org/wiki/2024_Green_Bay_Packers_season,Matt LaFleur,Adam Stenavich,Jeff Hafley,1,1,1,both,head_coach infobox raw: [[Matt LaFleur]] || head_coach staff raw: [[Matt LaFleur]] || offensive_coordinator infobox raw: [[Adam Stenavich]] || offensive_coordinator staff raw: [[Adam Stenavich]] || defensive_coordinator infobox raw: [[Jeff Hafley]] || defensive_coordinator staff raw: [[Jeff Hafley]]
2024,HOU,2024 Houston Texans season,https://en.wikipedia.org/wiki/2024_Houston_Texans_season,DeMeco Ryans,Bobby Slowik,Matt Burke,1,1,1,both,head_coach infobox raw: [[DeMeco Ryans]] || head_coach staff raw: [[DeMeco Ryans]] || offensive_coordinator infobox raw: [[Bobby Slowik]] || offensive_coordinator staff raw: [[Bobby Slowik]] || defensive_coordinator infobox raw: [[Matt Burke (American football)|Matt Burke]] || defensive_coordinator staff raw: [[Matt Burke (American football)|Matt Burke]]
2024,IND,2024 Indianapolis Colts season,https://en.wikipedia.org/wiki/2024_Indianapolis_Colts_season,Shane Steichen,Jim Bob Cooter,Gus Bradley,1,1,1,both,head_coach infobox raw: [[Shane Steichen]] || head_coach staff raw: [[Shane Steichen]] || offensive_coordinator staff raw: [[Jim Bob Cooter]] || defensive_coordinator staff raw: [[Gus Bradley]]
2024,JAX,2024 Jacksonville Jaguars season,https://en.wikipedia.org/wiki/2024_Jacksonville_Jaguars_season,Doug Pederson,Press Taylor,Ryan Nielsen,1,1,1,both,head_coach infobox raw: [[Doug Pederson]] || head_coach staff raw: [[Doug Pederson]] || offensive_coordinator infobox raw: [[Press Taylor]] || offensive_coordinator staff raw: [[Press Taylor]] || defensive_coordinator infobox raw: [[Ryan Nielsen]] || defensive_coordinator staff raw: [[Ryan Nielsen]]
2024,KC,2024 Kansas City Chiefs season,https://en.wikipedia.org/wiki/2024_Kansas_City_Chiefs_season,Andy Reid,Matt Nagy,Steve Spagnuolo,1,1,1,both,head_coach infobox raw: [[Andy Reid]] || head_coach staff raw: [[Andy Reid]] || offensive_coordinator infobox raw: [[Matt Nagy]] || offensive_coordinator staff raw: [[Matt Nagy]] || defensive_coordinator infobox raw: [[Steve Spagnuolo]] || defensive_coordinator staff raw: [[Steve Spagnuolo]]
2024,LAC,2024 Los Angeles Chargers season,https://en.wikipedia.org/wiki/2024_Los_Angeles_Chargers_season,Jim Harbaugh,Greg Roman,Jesse Minter,1,1,1,both,head_coach infobox raw: [[Jim Harbaugh]] || head_coach staff raw: [[Jim Harbaugh]] || offensive_coordinator infobox raw: [[Greg Roman]] || offensive_coordinator staff raw: [[Greg Roman]] || defensive_coordinator infobox raw: [[Jesse Minter]] || defensive_coordinator staff raw: [[Jesse Minter]]
2024,LAR,2024 Los Angeles Rams season,https://en.wikipedia.org/wiki/2024_Los_Angeles_Rams_season,Sean McVay,Mike LaFleur,Chris Shula,1,1,1,both,head_coach infobox raw: [[Sean McVay]] || head_coach staff raw: [[Sean McVay]] || offensive_coordinator infobox raw: [[Mike LaFleur]] || offensive_coordinator staff raw: [[Mike LaFleur]] || defensive_coordinator infobox raw: [[Chris Shula]] || defensive_coordinator staff raw: [[Chris Shula]]
2024,MIA,2024 Miami Dolphins season,https://en.wikipedia.org/wiki/2024_Miami_Dolphins_season,Mike McDaniel,Frank Smith,Anthony Weaver,1,1,1,both,head_coach infobox raw: [[Mike McDaniel]] || head_coach staff raw: [[Mike McDaniel]] || offensive_coordinator staff raw: [[Frank Smith (American football)|Frank Smith]] || defensive_coordinator staff raw: [[Anthony Weaver]]
2024,MIN,2024 Minnesota Vikings season,https://en.wikipedia.org/wiki/2024_Minnesota_Vikings_season,Kevin O'Connell,Wes Phillips,Brian Flores,1,1,1,both,head_coach infobox raw: [[Kevin O'Connell (American football)|Kevin O'Connell]] || head_coach staff raw: [[Kevin O'Connell (American football)|Kevin O'Connell]] || offensive_coordinator infobox raw: [[Wes Phillips]] || offensive_coordinator staff raw: [[Wes Phillips]] || defensive_coordinator infobox raw: [[Brian Flores]] || defensive_coordinator staff raw: [[Brian Flores]]
2024,NE,2024 New England Patriots season,https://en.wikipedia.org/wiki/2024_New_England_Patriots_season,Jerod Mayo,Alex Van Pelt,DeMarcus Covington,1,1,1,both,head_coach infobox raw: [[Jerod Mayo]] || head_coach staff raw: [[Jerod Mayo]] || offensive_coordinator staff raw: [[Alex Van Pelt]] || defensive_coordinator staff raw: [[DeMarcus Covington]]
2024,NO,2024 New Orleans Saints season,https://en.wikipedia.org/wiki/2024_New_Orleans_Saints_season,Dennis Allen | Darren Rizzi,Klint Kubiak,Joe Woods,2,1,1,both,"head_coach infobox raw: [[Dennis Allen (American football)|Dennis Allen]] (fired November 4, 2–7 record)<br>[[Darren Rizzi]] (interim, 3–5 record) || head_coach staff raw: [[Dennis Allen (American football)|Dennis Allen]] ''(fired on November 4)'' ; [[Darren Rizzi]] || offensive_coordinator infobox raw: [[Klint Kubiak]] || offensive_coordinator staff raw: [[Klint Kubiak]] || defensive_coordinator infobox raw: [[Joe Woods (American football)|Joe Woods]] || defensive_coordinator staff raw: [[Joe Woods (American football)|Joe Woods]]"
2024,NYG,2024 New York Giants season,https://en.wikipedia.org/wiki/2024_New_York_Giants_season,Brian Daboll,Mike Kafka,Shane Bowen,1,1,1,both,head_coach infobox raw: [[Brian Daboll]] || head_coach staff raw: [[Brian Daboll]] || offensive_coordinator staff raw: [[Mike Kafka]] || defensive_coordinator staff raw: [[Shane Bowen]]
2024,NYJ,2024 New York Jets season,https://en.wikipedia.org/wiki/2024_New_York_Jets_season,Robert Saleh | Jeff Ulbrich,Nathaniel Hackett,Marquand Manuel,2,1,1,both,"head_coach infobox raw: [[Robert Saleh]] (fired October 8, 2–3 record)<br>[[Jeff Ulbrich]] (interim, 3–9 record) || head_coach staff raw: [[Robert Saleh]] (''fired on October 8'') ; [[Jeff Ulbrich]] || offensive_coordinator staff raw: [[Nathaniel Hackett]] || defensive_coordinator staff raw: [[Marquand Manuel]]"
2024,OAK,2024 Las Vegas Raiders season,https://en.wikipedia.org/wiki/2024_Las_Vegas_Raiders_season,Antonio Pierce,Luke Getsy | Scott Turner,Patrick Graham,1,2,1,both,head_coach infobox raw: [[Antonio Pierce]] || head_coach staff raw: [[Antonio Pierce]] || offensive_coordinator staff raw: [[Luke Getsy]] ''(fired on November 5)'' ; [[Scott Turner (American football coach)|Scott Turner]] || defensive_coordinator staff raw: [[Patrick Graham (American football)|Patrick Graham]]
2024,PHI,2024 Philadelphia Eagles season,https://en.wikipedia.org/wiki/2024_Philadelphia_Eagles_season,Nick Sirianni,Kellen Moore,Vic Fangio,1,1,1,both,head_coach infobox raw: [[Nick Sirianni]] || head_coach staff raw: [[Nick Sirianni]] || offensive_coordinator infobox raw: [[Kellen Moore]] || offensive_coordinator staff raw: [[Kellen Moore]] || defensive_coordinator infobox raw: [[Vic Fangio]] || defensive_coordinator staff raw: [[Vic Fangio]]
2024,PIT,2024 Pittsburgh Steelers season,https://en.wikipedia.org/wiki/2024_Pittsburgh_Steelers_season,Mike Tomlin,Arthur Smith,Teryl Austin,1,1,1,both,"head_coach infobox raw: [[Mike Tomlin]] || head_coach staff raw: [[Mike Tomlin]] || offensive_coordinator infobox raw: [[Arthur Smith (American football, born 1982)|Arthur Smith]] || offensive_coordinator staff raw: [[Arthur Smith (American football, born 1982)|Arthur Smith]] || defensive_coordinator infobox raw: [[Teryl Austin]] || defensive_coordinator staff raw: [[Teryl Austin]]"
2024,SEA,2024 Seattle Seahawks season,https://en.wikipedia.org/wiki/2024_Seattle_Seahawks_season,Mike Macdonald,Ryan Grubb,Aden Durde,1,1,1,both,head_coach infobox raw: [[Mike Macdonald]] || head_coach staff raw: [[Mike Macdonald]] || offensive_coordinator staff raw: [[Ryan Grubb]] || defensive_coordinator staff raw: [[Aden Durde]]
2024,SF,2024 San Francisco 49ers season,https://en.wikipedia.org/wiki/2024_San_Francisco_49ers_season,Kyle Shanahan,Kyle Shanahan,Nick Sorensen,1,1,1,both,head_coach infobox raw: [[Kyle Shanahan]] || head_coach staff raw: [[Kyle Shanahan]] || offensive_coordinator infobox raw: Kyle Shanahan (de facto) || defensive_coordinator infobox raw: [[Nick Sorensen]] || defensive_coordinator staff raw: [[Nick Sorensen]]
2024,TB,2024 Tampa Bay Buccaneers season,https://en.wikipedia.org/wiki/2024_Tampa_Bay_Buccaneers_season,Todd Bowles,Liam Coen,,1,1,0,both,head_coach infobox raw: [[Todd Bowles]] || head_coach staff raw: [[Todd Bowles]] || offensive_coordinator infobox raw: [[Liam Coen]] || offensive_coordinator staff raw: [[Liam Coen]]
2024,TEN,2024 Tennessee Titans season,https://en.wikipedia.org/wiki/2024_Tennessee_Titans_season,Brian Callahan,Nick Holz,Dennard Wilson,1,1,1,both,head_coach infobox raw: [[Brian Callahan]] || head_coach staff raw: [[Brian Callahan]] || offensive_coordinator staff raw: [[Nick Holz]] || defensive_coordinator staff raw: [[Dennard Wilson]]
2024,WSH,2024 Washington Commanders season,https://en.wikipedia.org/wiki/2024_Washington_Commanders_season,Dan Quinn,Kliff Kingsbury,Joe Whitt Jr.,1,1,1,infobox,head_coach infobox raw: [[Dan Quinn (American football)|Dan Quinn]] || offensive_coordinator infobox raw: [[Kliff Kingsbury]] || defensive_coordinator infobox raw: [[Joe Whitt Jr.]]
2025,ARI,2025 Arizona Cardinals season,https://en.wikipedia.org/wiki/2025_Arizona_Cardinals_season,Jonathan Gannon,Drew Petzing,Nick Rallis,1,1,1,both,head_coach infobox raw: [[Jonathan Gannon]] || head_coach staff raw: [[Jonathan Gannon]] || offensive_coordinator staff raw: [[Drew Petzing]] || defensive_coordinator staff raw: [[Nick Rallis]]
2025,ATL,2025 Atlanta Falcons season,https://en.wikipedia.org/wiki/2025_Atlanta_Falcons_season,Raheem Morris,Zac Robinson,Jeff Ulbrich,1,1,1,both,head_coach infobox raw: [[Raheem Morris]] || head_coach staff raw: [[Raheem Morris]] || offensive_coordinator staff raw: [[Zac Robinson]] || defensive_coordinator staff raw: [[Jeff Ulbrich]]
2025,BAL,2025 Baltimore Ravens season,https://en.wikipedia.org/wiki/2025_Baltimore_Ravens_season,John Harbaugh,Todd Monken,Zach Orr,1,1,1,both,head_coach infobox raw: [[John Harbaugh]] || head_coach staff raw: [[John Harbaugh]] || offensive_coordinator infobox raw: [[Todd Monken]] || offensive_coordinator staff raw: [[Todd Monken]] || defensive_coordinator infobox raw: [[Zach Orr]] || defensive_coordinator staff raw: [[Zach Orr|Zachary Orr]]
2025,BUF,2025 Buffalo Bills season,https://en.wikipedia.org/wiki/2025_Buffalo_Bills_season,Sean McDermott,Joe Brady,Bobby Babich,1,1,1,both,head_coach infobox raw: [[Sean McDermott]] || head_coach staff raw: [[Sean McDermott]] || offensive_coordinator staff raw: [[Joe Brady (American football coach)|Joe Brady]] || defensive_coordinator staff raw: [[Bobby Babich]]
2025,CAR,2025 Carolina Panthers season,https://en.wikipedia.org/wiki/2025_Carolina_Panthers_season,Dave Canales,Brad Idzik,Ejiro Evero,1,1,1,both,head_coach infobox raw: [[Dave Canales]] || head_coach staff raw: [[Dave Canales]] || offensive_coordinator infobox raw: [[Brad Idzik]] || offensive_coordinator staff raw: [[Brad Idzik]] || defensive_coordinator infobox raw: [[Ejiro Evero]] || defensive_coordinator staff raw: [[Ejiro Evero]]
2025,CHI,2025 Chicago Bears season,https://en.wikipedia.org/wiki/2025_Chicago_Bears_season,Ben Johnson,Declan Doyle,Dennis Allen,1,1,1,both,head_coach infobox raw: [[Ben Johnson (American football coach)|Ben Johnson]] || head_coach staff raw: [[Ben Johnson (American football coach)|Ben Johnson]] || offensive_coordinator staff raw: [[Declan Doyle]] || defensive_coordinator staff raw: [[Dennis Allen (American football)|Dennis Allen]]
2025,CIN,2025 Cincinnati Bengals season,https://en.wikipedia.org/wiki/2025_Cincinnati_Bengals_season,Zac Taylor,Dan Pitcher,Al Golden,1,1,1,both,head_coach infobox raw: [[Zac Taylor]] || head_coach staff raw: [[Zac Taylor]] || offensive_coordinator staff raw: [[Dan Pitcher]] || defensive_coordinator staff raw: [[Al Golden]]
2025,CLE,2025 Cleveland Browns season,https://en.wikipedia.org/wiki/2025_Cleveland_Browns_season,Kevin Stefanski,Tommy Rees,Jim Schwartz,1,1,1,both,head_coach infobox raw: [[Kevin Stefanski]] || head_coach staff raw: [[Kevin Stefanski]] || offensive_coordinator staff raw: [[Tommy Rees (American football)|Tommy Rees]] || defensive_coordinator staff raw: [[Jim Schwartz]]
2025,DAL,2025 Dallas Cowboys season,https://en.wikipedia.org/wiki/2025_Dallas_Cowboys_season,Brian Schottenheimer,Klayton Adams,Matt Eberflus,1,1,1,both,head_coach infobox raw: [[Brian Schottenheimer]] || head_coach staff raw: [[Brian Schottenheimer]] || offensive_coordinator staff raw: [[Klayton Adams]] || defensive_coordinator staff raw: [[Matt Eberflus]]
2025,DEN,2025 Denver Broncos season,https://en.wikipedia.org/wiki/2025_Denver_Broncos_season,Sean Payton,Joe Lombardi,Vance Joseph,1,1,1,both,head_coach infobox raw: [[Sean Payton]] || head_coach staff raw: [[Sean Payton]] || offensive_coordinator infobox raw: [[Joe Lombardi]] || offensive_coordinator staff raw: [[Joe Lombardi]] || defensive_coordinator infobox raw: [[Vance Joseph]] || defensive_coordinator staff raw: [[Vance Joseph]]
2025,DET,2025 Detroit Lions season,https://en.wikipedia.org/wiki/2025_Detroit_Lions_season,Dan Campbell,John Morton,Kelvin Sheppard,1,1,1,both,head_coach infobox raw: [[Dan Campbell]] || head_coach staff raw: [[Dan Campbell]] || offensive_coordinator staff raw: [[John Morton (American football)|John Morton]] || defensive_coordinator staff raw: [[Kelvin Sheppard]]
2025,GB,2025 Green Bay Packers season,https://en.wikipedia.org/wiki/2025_Green_Bay_Packers_season,Matt LaFleur,Adam Stenavich,Jeff Hafley,1,1,1,both,head_coach infobox raw: [[Matt LaFleur]] || head_coach staff raw: [[Matt LaFleur]] || offensive_coordinator staff raw: [[Adam Stenavich]] || defensive_coordinator staff raw: [[Jeff Hafley]]
2025,HOU,2025 Houston Texans season,https://en.wikipedia.org/wiki/2025_Houston_Texans_season,DeMeco Ryans,Nick Caley,Matt Burke,1,1,1,both,head_coach infobox raw: [[DeMeco Ryans]] || head_coach staff raw: [[DeMeco Ryans]] || offensive_coordinator infobox raw: [[Nick Caley]] || offensive_coordinator staff raw: [[Nick Caley]] || defensive_coordinator infobox raw: [[Matt Burke (American football)|Matt Burke]] || defensive_coordinator staff raw: [[Matt Burke (American football)|Matt Burke]]
2025,IND,2025 Indianapolis Colts season,https://en.wikipedia.org/wiki/2025_Indianapolis_Colts_season,Shane Steichen,Jim Bob Cooter,Lou Anarumo,1,1,1,both,head_coach infobox raw: [[Shane Steichen]] || head_coach staff raw: [[Shane Steichen]] || offensive_coordinator staff raw: [[Jim Bob Cooter]] || defensive_coordinator staff raw: [[Lou Anarumo]]
2025,JAX,2025 Jacksonville Jaguars season,https://en.wikipedia.org/wiki/2025_Jacksonville_Jaguars_season,Liam Coen,Grant Udinski,Anthony Campanile,1,1,1,both,head_coach infobox raw: [[Liam Coen]] || head_coach staff raw: [[Liam Coen]] || offensive_coordinator infobox raw: [[Grant Udinski]] || offensive_coordinator staff raw: [[Grant Udinski]] || defensive_coordinator infobox raw: [[Anthony Campanile]] || defensive_coordinator staff raw: [[Anthony Campanile]]
2025,KC,2025 Kansas City Chiefs season,https://en.wikipedia.org/wiki/2025_Kansas_City_Chiefs_season,Andy Reid,Matt Nagy,Steve Spagnuolo,1,1,1,both,head_coach infobox raw: [[Andy Reid]] || head_coach staff raw: [[Andy Reid]] || offensive_coordinator staff raw: [[Matt Nagy]] || defensive_coordinator staff raw: [[Steve Spagnuolo]]
2025,LAC,2025 Los Angeles Chargers season,https://en.wikipedia.org/wiki/2025_Los_Angeles_Chargers_season,Jim Harbaugh,Greg Roman,Jesse Minter,1,1,1,both,head_coach infobox raw: [[Jim Harbaugh]] || head_coach staff raw: [[Jim Harbaugh]] || offensive_coordinator staff raw: [[Greg Roman]] || defensive_coordinator staff raw: [[Jesse Minter]]
2025,LAR,2025 Los Angeles Rams season,https://en.wikipedia.org/wiki/2025_Los_Angeles_Rams_season,Sean McVay,Mike LaFleur,Chris Shula,1,1,1,both,head_coach infobox raw: [[Sean McVay]] || head_coach staff raw: [[Sean McVay]] || offensive_coordinator infobox raw: [[Mike LaFleur]] || offensive_coordinator staff raw: [[Mike LaFleur]] || defensive_coordinator infobox raw: [[Chris Shula]] || defensive_coordinator staff raw: [[Chris Shula]]
2025,MIA,2025 Miami Dolphins season,https://en.wikipedia.org/wiki/2025_Miami_Dolphins_season,Mike McDaniel,Frank Smith,Anthony Weaver,1,1,1,both,head_coach infobox raw: [[Mike McDaniel]] || head_coach staff raw: [[Mike McDaniel]] || offensive_coordinator staff raw: [[Frank Smith (American football)|Frank Smith]] || defensive_coordinator staff raw: [[Anthony Weaver]]
2025,MIN,2025 Minnesota Vikings season,https://en.wikipedia.org/wiki/2025_Minnesota_Vikings_season,Kevin O'Connell,Wes Phillips,Brian Flores,1,1,1,both,head_coach infobox raw: [[Kevin O'Connell (American football)|Kevin O'Connell]] || head_coach staff raw: [[Kevin O'Connell (American football)|Kevin O'Connell]] || offensive_coordinator staff raw: [[Wes Phillips]] || defensive_coordinator staff raw: [[Brian Flores]]
2025,NE,2025 New England Patriots season,https://en.wikipedia.org/wiki/2025_New_England_Patriots_season,Mike Vrabel,Josh McDaniels,Terrell Williams,1,1,1,both,"head_coach infobox raw: [[Mike Vrabel]] || head_coach staff raw: [[Mike Vrabel]] || offensive_coordinator infobox raw: [[Josh McDaniels]] || offensive_coordinator staff raw: [[Josh McDaniels]] || defensive_coordinator infobox raw: [[Terrell Williams]]{{efn-lr|During the season, inside linebackers coach [[Zak Kuhr]] took over the role after Williams was diagnosed with prostate cancer and stepped away from the team to undergo tre || defensive_coordinator staff raw: [[Terrell Williams]]"
2025,NO,2025 New Orleans Saints season,https://en.wikipedia.org/wiki/2025_New_Orleans_Saints_season,Kellen Moore,Doug Nussmeier,Brandon Staley,1,1,1,both,head_coach infobox raw: [[Kellen Moore]] || head_coach staff raw: [[Kellen Moore]] || offensive_coordinator infobox raw: [[Doug Nussmeier]] || offensive_coordinator staff raw: [[Doug Nussmeier]] || defensive_coordinator infobox raw: [[Brandon Staley]] || defensive_coordinator staff raw: [[Brandon Staley]]
2025,NYG,2025 New York Giants season,https://en.wikipedia.org/wiki/2025_New_York_Giants_season,Brian Daboll | Mike Kafka,Tim Kelly,Charlie Bullen,2,1,1,both,"head_coach infobox raw: [[Brian Daboll]] (fired November 10, 2–8 record)<br>[[Mike Kafka]] (interim, 2–5 record) || head_coach staff raw: [[Brian Daboll]] (fired November 10, 2–8 record) ; [[Mike Kafka]] || offensive_coordinator staff raw: [[Tim Kelly (American football)|Tim Kelly]] || defensive_coordinator staff raw: [[Charlie Bullen]]"
2025,NYJ,2025 New York Jets season,https://en.wikipedia.org/wiki/2025_New_York_Jets_season,Aaron Glenn,Tanner Engstrand,Chris Harris,1,1,1,both,head_coach infobox raw: [[Aaron Glenn]] || head_coach staff raw: [[Aaron Glenn]] || offensive_coordinator staff raw: [[Tanner Engstrand]] || defensive_coordinator staff raw: [[Chris Harris (safety)|Chris Harris]]
2025,OAK,2025 Las Vegas Raiders season,https://en.wikipedia.org/wiki/2025_Las_Vegas_Raiders_season,Pete Carroll,Greg Olson,Patrick Graham,1,1,1,both,head_coach infobox raw: [[Pete Carroll]] || head_coach staff raw: [[Pete Carroll]] || offensive_coordinator staff raw: [[Greg Olson (American football)|Greg Olson]] || defensive_coordinator staff raw: [[Patrick Graham (American football)|Patrick Graham]]
2025,PHI,2025 Philadelphia Eagles season,https://en.wikipedia.org/wiki/2025_Philadelphia_Eagles_season,Nick Sirianni,Kevin Patullo,Vic Fangio,1,1,1,both,head_coach infobox raw: [[Nick Sirianni]] || head_coach staff raw: [[Nick Sirianni]] || offensive_coordinator infobox raw: [[Kevin Patullo]] || offensive_coordinator staff raw: [[Kevin Patullo]] || defensive_coordinator infobox raw: [[Vic Fangio]] || defensive_coordinator staff raw: [[Vic Fangio]]
2025,PIT,2025 Pittsburgh Steelers season,https://en.wikipedia.org/wiki/2025_Pittsburgh_Steelers_season,Mike Tomlin,Arthur Smith,Teryl Austin,1,1,1,both,"head_coach infobox raw: [[Mike Tomlin]] || head_coach staff raw: [[Mike Tomlin]] || offensive_coordinator infobox raw: [[Arthur Smith (American football, born 1982)|Arthur Smith]] || offensive_coordinator staff raw: [[Arthur Smith (American football, born 1982)|Arthur Smith]] || defensive_coordinator infobox raw: [[Teryl Austin]] || defensive_coordinator staff raw: [[Teryl Austin]]"
2025,SEA,2025 Seattle Seahawks season,https://en.wikipedia.org/wiki/2025_Seattle_Seahawks_season,Mike Macdonald,Klint Kubiak,Aden Durde,1,1,1,both,head_coach infobox raw: [[Mike Macdonald]] || head_coach staff raw: [[Mike Macdonald]] || offensive_coordinator infobox raw: [[Klint Kubiak]] || offensive_coordinator staff raw: [[Klint Kubiak]] || defensive_coordinator infobox raw: [[Aden Durde]] || defensive_coordinator staff raw: [[Aden Durde]]
2025,SF,2025 San Francisco 49ers season,https://en.wikipedia.org/wiki/2025_San_Francisco_49ers_season,Kyle Shanahan,Klay Kubiak,Robert Saleh,1,1,1,both,head_coach infobox raw: [[Kyle Shanahan]] || head_coach staff raw: [[Kyle Shanahan]] || offensive_coordinator infobox raw: [[Klay Kubiak]] || offensive_coordinator staff raw: [[Klay Kubiak]] || defensive_coordinator infobox raw: [[Robert Saleh]] || defensive_coordinator staff raw: [[Robert Saleh]]
2025,TB,2025 Tampa Bay Buccaneers season,https://en.wikipedia.org/wiki/2025_Tampa_Bay_Buccaneers_season,Todd Bowles,Josh Grizzard,,1,1,0,both,head_coach infobox raw: [[Todd Bowles]] || head_coach staff raw: [[Todd Bowles]] || offensive_coordinator staff raw: [[Josh Grizzard]]
2025,TEN,2025 Tennessee Titans season,https://en.wikipedia.org/wiki/2025_Tennessee_Titans_season,Brian Callahan | Mike McCoy,Nick Holz,Dennard Wilson,2,1,1,both,"head_coach infobox raw: [[Brian Callahan]] (fired October 13, 1–5 record)<br>[[Mike McCoy (American football coach)|Mike McCoy]] (interim, 2–9 record) || head_coach staff raw: [[Brian Callahan]] (fired October 13, 1–5 record) ; [[Mike McCoy (American football coach)|Mike McCoy]] || offensive_coordinator staff raw: [[Nick Holz]] || defensive_coordinator staff raw: [[Dennard Wilson]]"
2025,WSH,2025 Washington Commanders season,https://en.wikipedia.org/wiki/2025_Washington_Commanders_season,Dan Quinn,Kliff Kingsbury,Joe Whitt Jr.,1,1,1,both,head_coach infobox raw: [[Dan Quinn (American football)|Dan Quinn]] || head_coach staff raw: [[Dan Quinn (American football)|Dan Quinn]] || offensive_coordinator infobox raw: [[Kliff Kingsbury]] || offensive_coordinator staff raw: [[Kliff Kingsbury]] || defensive_coordinator infobox raw: [[Joe Whitt Jr.]] || defensive_coordinator staff raw: [[Joe Whitt Jr.]]
