season,franchise,role,person,order_in_season,n_holders_that_season,is_co_holder,is_interim,note,source,wiki_url,source_detail,disagreement
1999,ARI,DC,Dave McGinnis,1,1,False,False,,infobox,https://en.wikipedia.org/wiki/1999_Arizona_Cardinals_season,team_season_page,False
1999,ARI,HC,Vince Tobin,1,1,False,False,,infobox,https://en.wikipedia.org/wiki/1999_Arizona_Cardinals_season,team_season_page,False
1999,ARI,OC,Marc Trestman,1,1,False,False,,infobox,https://en.wikipedia.org/wiki/1999_Arizona_Cardinals_season,team_season_page,False
1999,ATL,DC,Rich Brooks,1,1,False,False,,infobox,https://en.wikipedia.org/wiki/1999_Atlanta_Falcons_season,team_season_page,False
1999,ATL,HC,Dan Reeves,1,1,False,False,,infobox,https://en.wikipedia.org/wiki/1999_Atlanta_Falcons_season,team_season_page,False
1999,ATL,OC,George Sefcik,1,1,False,False,,infobox,https://en.wikipedia.org/wiki/1999_Atlanta_Falcons_season,team_season_page,False
1999,BAL,DC,Marvin Lewis,1,1,False,False,,staff_section,https://en.wikipedia.org/wiki/1999_Baltimore_Ravens_season,team_season_page,False
1999,BAL,HC,Brian Billick,1,1,False,False,,both,https://en.wikipedia.org/wiki/1999_Baltimore_Ravens_season,team_season_page,False
1999,BAL,OC,Matt Cavanaugh,1,1,False,False,,staff_section,https://en.wikipedia.org/wiki/1999_Baltimore_Ravens_season,team_season_page,False
1999,BUF,DC,Ted Cottrell,1,1,False,False,,staff_section,https://en.wikipedia.org/wiki/1999_Buffalo_Bills_season,team_season_page,False
1999,BUF,HC,Wade Phillips,1,1,False,False,,both,https://en.wikipedia.org/wiki/1999_Buffalo_Bills_season,team_season_page,False
1999,BUF,OC,Joe Pendry,1,1,False,False,,staff_section,https://en.wikipedia.org/wiki/1999_Buffalo_Bills_season,team_season_page,False
1999,CAR,DC,John Marshall,1,1,False,False,,both,https://en.wikipedia.org/wiki/1999_Carolina_Panthers_season,team_season_page,False
1999,CAR,HC,George Seifert,1,1,False,False,,both,https://en.wikipedia.org/wiki/1999_Carolina_Panthers_season,team_season_page,False
1999,CAR,OC,Gil Haskell,1,1,False,False,,both,https://en.wikipedia.org/wiki/1999_Carolina_Panthers_season,team_season_page,False
1999,CHI,DC,Greg Blache,1,1,False,False,,both,https://en.wikipedia.org/wiki/1999_Chicago_Bears_season,team_season_page,False
1999,CHI,HC,Dick Jauron,1,1,False,False,,both,https://en.wikipedia.org/wiki/1999_Chicago_Bears_season,team_season_page,False
1999,CHI,OC,Gary Crowton,1,1,False,False,,both,https://en.wikipedia.org/wiki/1999_Chicago_Bears_season,team_season_page,False
1999,CIN,DC,Dick LeBeau,1,1,False,False,,staff_section,https://en.wikipedia.org/wiki/1999_Cincinnati_Bengals_season,team_season_page,False
1999,CIN,HC,Bruce Coslet,1,1,False,False,,both,https://en.wikipedia.org/wiki/1999_Cincinnati_Bengals_season,team_season_page,False
1999,CIN,OC,Ken Anderson,1,1,False,False,,staff_section,https://en.wikipedia.org/wiki/1999_Cincinnati_Bengals_season,team_season_page,False
1999,CLE,DC,Bob Slowik,1,1,False,False,,staff_section,https://en.wikipedia.org/wiki/1999_Cleveland_Browns_season,team_season_page,False
1999,CLE,HC,Chris Palmer,1,1,False,False,,both,https://en.wikipedia.org/wiki/1999_Cleveland_Browns_season,team_season_page,False
1999,DAL,DC,Dave Campo,1,1,False,False,,infobox,https://en.wikipedia.org/wiki/1999_Dallas_Cowboys_season,team_season_page,False
1999,DAL,HC,Chan Gailey,1,1,False,False,,infobox,https://en.wikipedia.org/wiki/1999_Dallas_Cowboys_season,team_season_page,False
1999,DEN,DC,Greg Robinson,1,1,False,False,,both,https://en.wikipedia.org/wiki/1999_Denver_Broncos_season,team_season_page,False
1999,DEN,HC,Mike Shanahan,1,1,False,False,,both,https://en.wikipedia.org/wiki/1999_Denver_Broncos_season,team_season_page,False
1999,DEN,OC,Gary Kubiak,1,1,False,False,,both,https://en.wikipedia.org/wiki/1999_Denver_Broncos_season,team_season_page,False
1999,DET,DC,Larry Peccatiello,1,1,False,False,,both,https://en.wikipedia.org/wiki/1999_Detroit_Lions_season,team_season_page,False
1999,DET,HC,Bobby Ross,1,1,False,False,,both,https://en.wikipedia.org/wiki/1999_Detroit_Lions_season,team_season_page,False
1999,DET,OC,Sylvester Croom,1,1,False,False,,both,https://en.wikipedia.org/wiki/1999_Detroit_Lions_season,team_season_page,False
1999,GB,DC,Emmitt Thomas,1,1,False,False,,both,https://en.wikipedia.org/wiki/1999_Green_Bay_Packers_season,team_season_page,False
1999,GB,HC,Ray Rhodes,1,1,False,False,,both,https://en.wikipedia.org/wiki/1999_Green_Bay_Packers_season,team_season_page,False
1999,GB,OC,Sherman Lewis,1,1,False,False,,both,https://en.wikipedia.org/wiki/1999_Green_Bay_Packers_season,team_season_page,False
1999,IND,DC,Vic Fangio,1,1,False,False,,staff_section,https://en.wikipedia.org/wiki/1999_Indianapolis_Colts_season,team_season_page,False
1999,IND,HC,Jim Mora,1,1,False,False,,both,https://en.wikipedia.org/wiki/1999_Indianapolis_Colts_season,team_season_page,False
1999,IND,OC,Tom Moore,1,1,False,False,,staff_section,https://en.wikipedia.org/wiki/1999_Indianapolis_Colts_season,team_season_page,False
1999,JAX,DC,Dom Capers,1,1,False,False,,both,https://en.wikipedia.org/wiki/1999_Jacksonville_Jaguars_season,team_season_page,False
1999,JAX,HC,Tom Coughlin,1,1,False,False,,both,https://en.wikipedia.org/wiki/1999_Jacksonville_Jaguars_season,team_season_page,False
1999,KC,DC,Kurt Schottenheimer,1,1,False,False,,both,https://en.wikipedia.org/wiki/1999_Kansas_City_Chiefs_season,team_season_page,False
1999,KC,HC,Gunther Cunningham,1,1,False,False,,both,https://en.wikipedia.org/wiki/1999_Kansas_City_Chiefs_season,team_season_page,False
1999,KC,OC,Jimmy Raye II,1,1,False,False,,both,https://en.wikipedia.org/wiki/1999_Kansas_City_Chiefs_season,team_season_page,False
1999,LAC,DC,Joe Pascale,1,1,False,False,,staff_section,https://en.wikipedia.org/wiki/1999_San_Diego_Chargers_season,team_season_page,False
1999,LAC,HC,Mike Riley,1,1,False,False,,both,https://en.wikipedia.org/wiki/1999_San_Diego_Chargers_season,team_season_page,False
1999,LAC,OC,Geep Chryst,1,1,False,False,,staff_section,https://en.wikipedia.org/wiki/1999_San_Diego_Chargers_season,team_season_page,False
1999,LAR,DC,Peter Giunta,1,2,False,False,,both,https://en.wikipedia.org/wiki/1999_St._Louis_Rams_season,team_season_page,False
1999,LAR,DC,John Bunting,2,2,False,False,,staff_section,https://en.wikipedia.org/wiki/1999_St._Louis_Rams_season,team_season_page,False
1999,LAR,HC,Dick Vermeil,1,1,False,False,,both,https://en.wikipedia.org/wiki/1999_St._Louis_Rams_season,team_season_page,False
1999,LAR,OC,Mike Martz,1,1,False,False,,both,https://en.wikipedia.org/wiki/1999_St._Louis_Rams_season,team_season_page,False
1999,MIA,HC,Jimmy Johnson,1,1,False,False,,infobox,https://en.wikipedia.org/wiki/1999_Miami_Dolphins_season,team_season_page,False
1999,MIN,DC,Foge Fazio,1,1,False,False,,both,https://en.wikipedia.org/wiki/1999_Minnesota_Vikings_season,team_season_page,False
1999,MIN,HC,Dennis Green,1,1,False,False,,both,https://en.wikipedia.org/wiki/1999_Minnesota_Vikings_season,team_season_page,False
1999,MIN,OC,Ray Sherman,1,1,False,False,,both,https://en.wikipedia.org/wiki/1999_Minnesota_Vikings_season,team_season_page,False
1999,NE,HC,Pete Carroll,1,1,False,False,,infobox,https://en.wikipedia.org/wiki/1999_New_England_Patriots_season,team_season_page,False
1999,NO,DC,Zaven Yaralian,1,1,False,False,,both,https://en.wikipedia.org/wiki/1999_New_Orleans_Saints_season,team_season_page,False
1999,NO,HC,Mike Ditka,1,1,False,False,,both,https://en.wikipedia.org/wiki/1999_New_Orleans_Saints_season,team_season_page,False
1999,NO,OC,Danny Abramowicz,1,1,False,False,,both,https://en.wikipedia.org/wiki/1999_New_Orleans_Saints_season,team_season_page,False
1999,NYG,DC,John Fox,1,1,False,False,gap-fill (biography_only),biography,https://en.wikipedia.org/wiki/John_Fox_(American_football),biography,False
1999,NYG,HC,Jim Fassel,1,1,False,False,,infobox,https://en.wikipedia.org/wiki/1999_New_York_Giants_season,team_season_page,False
1999,NYJ,DC,Bill Belichick,1,1,False,False,,infobox,https://en.wikipedia.org/wiki/1999_New_York_Jets_season,team_season_page,False
1999,NYJ,HC,Bill Parcells,1,1,False,False,,infobox,https://en.wikipedia.org/wiki/1999_New_York_Jets_season,team_season_page,False
1999,NYJ,OC,Charlie Weis,1,1,False,False,,infobox,https://en.wikipedia.org/wiki/1999_New_York_Jets_season,team_season_page,False
1999,OAK,DC,Willie Shaw,1,1,False,False,,both,https://en.wikipedia.org/wiki/1999_Oakland_Raiders_season,team_season_page,False
1999,OAK,HC,Jon Gruden,1,1,False,False,,both,https://en.wikipedia.org/wiki/1999_Oakland_Raiders_season,team_season_page,False
1999,OAK,OC,Bill Callahan,1,1,False,False,,both,https://en.wikipedia.org/wiki/1999_Oakland_Raiders_season,team_season_page,False
1999,PHI,DC,Jim Johnson,1,1,False,False,,both,https://en.wikipedia.org/wiki/1999_Philadelphia_Eagles_season,team_season_page,False
1999,PHI,HC,Andy Reid,1,1,False,False,,both,https://en.wikipedia.org/wiki/1999_Philadelphia_Eagles_season,team_season_page,False
1999,PHI,OC,Rod Dowhower,1,1,False,False,,both,https://en.wikipedia.org/wiki/1999_Philadelphia_Eagles_season,team_season_page,False
1999,PIT,DC,Jim Haslett,1,1,False,False,,staff_section,https://en.wikipedia.org/wiki/1999_Pittsburgh_Steelers_season,team_season_page,False
1999,PIT,HC,Bill Cowher,1,1,False,False,,both,https://en.wikipedia.org/wiki/1999_Pittsburgh_Steelers_season,team_season_page,False
1999,PIT,OC,Kevin Gilbride,1,1,False,False,,staff_section,https://en.wikipedia.org/wiki/1999_Pittsburgh_Steelers_season,team_season_page,False
1999,SEA,DC,Fritz Shurmur,1,1,False,False,died Aug 30,staff_section,https://en.wikipedia.org/wiki/1999_Seattle_Seahawks_season,team_season_page,False
1999,SEA,HC,Mike Holmgren,1,1,False,False,,both,https://en.wikipedia.org/wiki/1999_Seattle_Seahawks_season,team_season_page,False
1999,SEA,OC,Mike Sherman,1,1,False,False,,both,https://en.wikipedia.org/wiki/1999_Seattle_Seahawks_season,team_season_page,False
1999,SF,DC,Jim L. Mora,1,1,False,False,,both,https://en.wikipedia.org/wiki/1999_San_Francisco_49ers_season,team_season_page,False
1999,SF,HC,Steve Mariucci,1,1,False,False,,both,https://en.wikipedia.org/wiki/1999_San_Francisco_49ers_season,team_season_page,False
1999,SF,OC,Marty Mornhinweg,1,1,False,False,,both,https://en.wikipedia.org/wiki/1999_San_Francisco_49ers_season,team_season_page,False
1999,TB,DC,Monte Kiffin,1,1,False,False,,infobox,https://en.wikipedia.org/wiki/1999_Tampa_Bay_Buccaneers_season,team_season_page,False
1999,TB,HC,Tony Dungy,1,1,False,False,,infobox,https://en.wikipedia.org/wiki/1999_Tampa_Bay_Buccaneers_season,team_season_page,False
1999,TB,OC,Mike Shula,1,1,False,False,,infobox,https://en.wikipedia.org/wiki/1999_Tampa_Bay_Buccaneers_season,team_season_page,False
1999,TEN,DC,Gregg Williams,1,1,False,False,,both,https://en.wikipedia.org/wiki/1999_Tennessee_Titans_season,team_season_page,False
1999,TEN,HC,Jeff Fisher,1,1,False,False,,both,https://en.wikipedia.org/wiki/1999_Tennessee_Titans_season,team_season_page,False
1999,TEN,OC,Les Steckel,1,1,False,False,,both,https://en.wikipedia.org/wiki/1999_Tennessee_Titans_season,team_season_page,False
1999,WSH,DC,Mike Nolan,1,1,False,False,,both,https://en.wikipedia.org/wiki/1999_Washington_Redskins_season,team_season_page,False
1999,WSH,HC,Norv Turner,1,1,False,False,,both,https://en.wikipedia.org/wiki/1999_Washington_Redskins_season,team_season_page,False
1999,WSH,OC,Norv Turner,1,1,False,False,,infobox,https://en.wikipedia.org/wiki/1999_Washington_Redskins_season,team_season_page,False
2000,ARI,DC,Dave McGinnis,1,1,False,False,,infobox,https://en.wikipedia.org/wiki/2000_Arizona_Cardinals_season,team_season_page,False
2000,ARI,HC,Vince Tobin,1,2,False,False,"fired October 23, 2-5 record",infobox,https://en.wikipedia.org/wiki/2000_Arizona_Cardinals_season,team_season_page,False
2000,ARI,HC,Dave McGinnis,2,2,False,True,interim; 1-8 record,infobox,https://en.wikipedia.org/wiki/2000_Arizona_Cardinals_season,team_season_page,False
2000,ARI,OC,Marc Trestman,1,1,False,False,,infobox,https://en.wikipedia.org/wiki/2000_Arizona_Cardinals_season,team_season_page,False
2000,ATL,DC,Rich Brooks,1,1,False,False,,infobox,https://en.wikipedia.org/wiki/2000_Atlanta_Falcons_season,team_season_page,False
2000,ATL,HC,Dan Reeves,1,1,False,False,,infobox,https://en.wikipedia.org/wiki/2000_Atlanta_Falcons_season,team_season_page,False
2000,ATL,OC,George Sefcik,1,1,False,False,,infobox,https://en.wikipedia.org/wiki/2000_Atlanta_Falcons_season,team_season_page,False
2000,BAL,DC,Marvin Lewis,1,1,False,False,,both,https://en.wikipedia.org/wiki/2000_Baltimore_Ravens_season,team_season_page,False
2000,BAL,HC,Brian Billick,1,1,False,False,,both,https://en.wikipedia.org/wiki/2000_Baltimore_Ravens_season,team_season_page,False
2000,BAL,OC,Matt Cavanaugh,1,1,False,False,,both,https://en.wikipedia.org/wiki/2000_Baltimore_Ravens_season,team_season_page,False
2000,BUF,DC,Ted Cottrell,1,1,False,False,,staff_section,https://en.wikipedia.org/wiki/2000_Buffalo_Bills_season,team_season_page,False
2000,BUF,HC,Wade Phillips,1,1,False,False,,both,https://en.wikipedia.org/wiki/2000_Buffalo_Bills_season,team_season_page,False
2000,BUF,OC,Joe Pendry,1,1,False,False,,staff_section,https://en.wikipedia.org/wiki/2000_Buffalo_Bills_season,team_season_page,False
2000,CAR,DC,John Marshall,1,1,False,False,,both,https://en.wikipedia.org/wiki/2000_Carolina_Panthers_season,team_season_page,False
2000,CAR,HC,George Seifert,1,1,False,False,,both,https://en.wikipedia.org/wiki/2000_Carolina_Panthers_season,team_season_page,False
2000,CAR,OC,Bill Musgrave,1,1,False,False,,both,https://en.wikipedia.org/wiki/2000_Carolina_Panthers_season,team_season_page,False
2000,CHI,DC,Greg Blache,1,1,False,False,,both,https://en.wikipedia.org/wiki/2000_Chicago_Bears_season,team_season_page,False
2000,CHI,HC,Dick Jauron,1,1,False,False,,both,https://en.wikipedia.org/wiki/2000_Chicago_Bears_season,team_season_page,False
2000,CHI,OC,Gary Crowton,1,2,False,False,,both,https://en.wikipedia.org/wiki/2000_Chicago_Bears_season,team_season_page,False
2000,CHI,OC,John Shoop,2,2,False,False,,staff_section,https://en.wikipedia.org/wiki/2000_Chicago_Bears_season,team_season_page,False
2000,CIN,DC,Dick LeBeau,1,1,False,False,gap-fill (biography_only),biography,https://en.wikipedia.org/wiki/Dick_LeBeau,biography,False
2000,CIN,HC,Bruce Coslet,1,2,False,False,"resigned week 4, 0-3 record",infobox,https://en.wikipedia.org/wiki/2000_Cincinnati_Bengals_season,team_season_page,False
2000,CIN,HC,Dick LeBeau,2,2,False,True,interim; 4-9 record,infobox,https://en.wikipedia.org/wiki/2000_Cincinnati_Bengals_season,team_season_page,False
2000,CLE,DC,Romeo Crennel,1,1,False,False,,both,https://en.wikipedia.org/wiki/2000_Cleveland_Browns_season,team_season_page,False
2000,CLE,HC,Chris Palmer,1,1,False,False,,both,https://en.wikipedia.org/wiki/2000_Cleveland_Browns_season,team_season_page,False
2000,CLE,OC,Pete Carmichael Jr.,1,1,False,False,,both,https://en.wikipedia.org/wiki/2000_Cleveland_Browns_season,team_season_page,False
2000,DAL,DC,Mike Zimmer,1,1,False,False,gap-fill (biography_only),biography,https://en.wikipedia.org/wiki/Mike_Zimmer,biography,False
2000,DAL,HC,Dave Campo,1,1,False,False,,infobox,https://en.wikipedia.org/wiki/2000_Dallas_Cowboys_season,team_season_page,False
2000,DEN,DC,Greg Robinson,1,1,False,False,,both,https://en.wikipedia.org/wiki/2000_Denver_Broncos_season,team_season_page,False
2000,DEN,HC,Mike Shanahan,1,1,False,False,,both,https://en.wikipedia.org/wiki/2000_Denver_Broncos_season,team_season_page,False
2000,DEN,OC,Gary Kubiak,1,1,False,False,,both,https://en.wikipedia.org/wiki/2000_Denver_Broncos_season,team_season_page,False
2000,DET,DC,Larry Peccatiello,1,1,False,False,gap-fill (biography_only),biography,https://en.wikipedia.org/wiki/Larry_Peccatiello,biography,False
2000,DET,HC,Bobby Ross,1,2,False,False,"resigned November 6, 5-4 record",infobox,https://en.wikipedia.org/wiki/2000_Detroit_Lions_season,team_season_page,False
2000,DET,HC,Gary Moeller,2,2,False,True,interim; 4-3 record,infobox,https://en.wikipedia.org/wiki/2000_Detroit_Lions_season,team_season_page,False
2000,DET,OC,Sylvester Croom,1,1,False,False,gap-fill (biography_only),biography,https://en.wikipedia.org/wiki/Sylvester_Croom,biography,False
2000,GB,DC,Ed Donatell,1,1,False,False,,staff_section,https://en.wikipedia.org/wiki/2000_Green_Bay_Packers_season,team_season_page,False
2000,GB,HC,Mike Sherman,1,1,False,False,,both,https://en.wikipedia.org/wiki/2000_Green_Bay_Packers_season,team_season_page,False
2000,GB,OC,Tom Rossley,1,1,False,False,,staff_section,https://en.wikipedia.org/wiki/2000_Green_Bay_Packers_season,team_season_page,False
2000,IND,DC,Vic Fangio,1,1,False,False,,both,https://en.wikipedia.org/wiki/2000_Indianapolis_Colts_season,team_season_page,False
2000,IND,HC,Jim Mora,1,1,False,False,,both,https://en.wikipedia.org/wiki/2000_Indianapolis_Colts_season,team_season_page,False
2000,IND,OC,Tom Moore,1,1,False,False,,both,https://en.wikipedia.org/wiki/2000_Indianapolis_Colts_season,team_season_page,False
2000,JAX,DC,Dom Capers,1,1,False,False,,both,https://en.wikipedia.org/wiki/2000_Jacksonville_Jaguars_season,team_season_page,False
2000,JAX,HC,Tom Coughlin,1,1,False,False,,both,https://en.wikipedia.org/wiki/2000_Jacksonville_Jaguars_season,team_season_page,False
2000,KC,DC,Kurt Schottenheimer,1,1,False,False,,both,https://en.wikipedia.org/wiki/2000_Kansas_City_Chiefs_season,team_season_page,False
2000,KC,HC,Gunther Cunningham,1,1,False,False,,both,https://en.wikipedia.org/wiki/2000_Kansas_City_Chiefs_season,team_season_page,False
2000,KC,OC,Jimmy Raye II,1,1,False,False,,both,https://en.wikipedia.org/wiki/2000_Kansas_City_Chiefs_season,team_season_page,False
2000,LAC,DC,Joe Pascale,1,1,False,False,,staff_section,https://en.wikipedia.org/wiki/2000_San_Diego_Chargers_season,team_season_page,False
2000,LAC,HC,Mike Riley,1,1,False,False,,both,https://en.wikipedia.org/wiki/2000_San_Diego_Chargers_season,team_season_page,False
2000,LAC,OC,Geep Chryst,1,1,False,False,,staff_section,https://en.wikipedia.org/wiki/2000_San_Diego_Chargers_season,team_season_page,False
2000,LAR,DC,Peter Giunta,1,1,False,False,,both,https://en.wikipedia.org/wiki/2000_St._Louis_Rams_season,team_season_page,False
2000,LAR,HC,Mike Martz,1,1,False,False,,both,https://en.wikipedia.org/wiki/2000_St._Louis_Rams_season,team_season_page,False
2000,LAR,OC,Bobby Jackson,1,1,False,False,,both,https://en.wikipedia.org/wiki/2000_St._Louis_Rams_season,team_season_page,False
2000,MIA,DC,Jim Bates,1,1,False,False,,both,https://en.wikipedia.org/wiki/2000_Miami_Dolphins_season,team_season_page,False
2000,MIA,HC,Dave Wannstedt,1,1,False,False,,both,https://en.wikipedia.org/wiki/2000_Miami_Dolphins_season,team_season_page,False
2000,MIA,OC,Chan Gailey,1,1,False,False,,both,https://en.wikipedia.org/wiki/2000_Miami_Dolphins_season,team_season_page,False
2000,MIN,DC,Emmitt Thomas,1,1,False,False,,both,https://en.wikipedia.org/wiki/2000_Minnesota_Vikings_season,team_season_page,False
2000,MIN,HC,Dennis Green,1,1,False,False,,both,https://en.wikipedia.org/wiki/2000_Minnesota_Vikings_season,team_season_page,False
2000,MIN,OC,Sherman Lewis,1,1,False,False,,both,https://en.wikipedia.org/wiki/2000_Minnesota_Vikings_season,team_season_page,False
2000,NE,HC,Bill Belichick,1,1,False,False,,infobox,https://en.wikipedia.org/wiki/2000_New_England_Patriots_season,team_season_page,False
2000,NO,DC,Ron Zook,1,1,False,False,,both,https://en.wikipedia.org/wiki/2000_New_Orleans_Saints_season,team_season_page,False
2000,NO,HC,Jim Haslett,1,1,False,False,,both,https://en.wikipedia.org/wiki/2000_New_Orleans_Saints_season,team_season_page,False
2000,NO,OC,Mike McCarthy,1,1,False,False,,both,https://en.wikipedia.org/wiki/2000_New_Orleans_Saints_season,team_season_page,False
2000,NYG,DC,John Fox,1,1,False,False,,staff_section,https://en.wikipedia.org/wiki/2000_New_York_Giants_season,team_season_page,False
2000,NYG,HC,Jim Fassel,1,1,False,False,,both,https://en.wikipedia.org/wiki/2000_New_York_Giants_season,team_season_page,False
2000,NYG,OC,Sean Payton,1,1,False,False,,staff_section,https://en.wikipedia.org/wiki/2000_New_York_Giants_season,team_season_page,False
2000,NYJ,DC,Mike Nolan,1,1,False,False,,staff_section,https://en.wikipedia.org/wiki/2000_New_York_Jets_season,team_season_page,False
2000,NYJ,HC,Al Groh,1,1,False,False,,both,https://en.wikipedia.org/wiki/2000_New_York_Jets_season,team_season_page,False
2000,NYJ,OC,Dan Henning,1,1,False,False,,staff_section,https://en.wikipedia.org/wiki/2000_New_York_Jets_season,team_season_page,False
2000,OAK,DC,Chuck Bresnahan,1,1,False,False,,infobox,https://en.wikipedia.org/wiki/2000_Oakland_Raiders_season,team_season_page,False
2000,OAK,HC,Jon Gruden,1,1,False,False,,infobox,https://en.wikipedia.org/wiki/2000_Oakland_Raiders_season,team_season_page,False
2000,OAK,OC,Bill Callahan,1,1,False,False,,infobox,https://en.wikipedia.org/wiki/2000_Oakland_Raiders_season,team_season_page,False
2000,PHI,DC,Jim Johnson,1,1,False,False,,both,https://en.wikipedia.org/wiki/2000_Philadelphia_Eagles_season,team_season_page,False
2000,PHI,HC,Andy Reid,1,1,False,False,,both,https://en.wikipedia.org/wiki/2000_Philadelphia_Eagles_season,team_season_page,False
2000,PHI,OC,Rod Dowhower,1,1,False,False,,both,https://en.wikipedia.org/wiki/2000_Philadelphia_Eagles_season,team_season_page,False
2000,PIT,DC,Tim Lewis,1,1,False,False,,infobox,https://en.wikipedia.org/wiki/2000_Pittsburgh_Steelers_season,team_season_page,False
2000,PIT,HC,Bill Cowher,1,1,False,False,,infobox,https://en.wikipedia.org/wiki/2000_Pittsburgh_Steelers_season,team_season_page,False
2000,PIT,OC,Kevin Gilbride,1,1,False,False,,infobox,https://en.wikipedia.org/wiki/2000_Pittsburgh_Steelers_season,team_season_page,False
2000,SEA,HC,Mike Holmgren,1,1,False,False,,infobox,https://en.wikipedia.org/wiki/2000_Seattle_Seahawks_season,team_season_page,False
2000,SEA,OC,Gil Haskell,1,1,False,False,gap-fill (biography_only),biography,https://en.wikipedia.org/wiki/Gil_Haskell,biography,False
2000,SF,DC,Jim L. Mora,1,1,False,False,,both,https://en.wikipedia.org/wiki/2000_San_Francisco_49ers_season,team_season_page,False
2000,SF,HC,Steve Mariucci,1,1,False,False,,both,https://en.wikipedia.org/wiki/2000_San_Francisco_49ers_season,team_season_page,False
2000,SF,OC,Marty Mornhinweg,1,1,False,False,,both,https://en.wikipedia.org/wiki/2000_San_Francisco_49ers_season,team_season_page,False
2000,TB,DC,Monte Kiffin,1,1,False,False,,infobox,https://en.wikipedia.org/wiki/2000_Tampa_Bay_Buccaneers_season,team_season_page,False
2000,TB,HC,Tony Dungy,1,1,False,False,,infobox,https://en.wikipedia.org/wiki/2000_Tampa_Bay_Buccaneers_season,team_season_page,False
2000,TB,OC,Les Steckel,1,1,False,False,,infobox,https://en.wikipedia.org/wiki/2000_Tampa_Bay_Buccaneers_season,team_season_page,False
2000,TEN,DC,Gregg Williams,1,1,False,False,,both,https://en.wikipedia.org/wiki/2000_Tennessee_Titans_season,team_season_page,False
2000,TEN,HC,Jeff Fisher,1,1,False,False,,both,https://en.wikipedia.org/wiki/2000_Tennessee_Titans_season,team_season_page,False
2000,TEN,OC,Mike Heimerdinger,1,1,False,False,,both,https://en.wikipedia.org/wiki/2000_Tennessee_Titans_season,team_season_page,False
2000,WSH,DC,Ray Rhodes,1,1,False,False,,infobox,https://en.wikipedia.org/wiki/2000_Washington_Redskins_season,team_season_page,False
2000,WSH,HC,Norv Turner,1,2,False,False,"fired December 4, 7–6 record",infobox,https://en.wikipedia.org/wiki/2000_Washington_Redskins_season,team_season_page,False
2000,WSH,HC,Terry Robiskie,2,2,False,True,interim; 1–2 record,infobox,https://en.wikipedia.org/wiki/2000_Washington_Redskins_season,team_season_page,False
2001,ARI,DC,Larry Marmie,1,1,False,False,,staff_section,https://en.wikipedia.org/wiki/2001_Arizona_Cardinals_season,team_season_page,False
2001,ARI,HC,Dave McGinnis,1,1,False,False,,both,https://en.wikipedia.org/wiki/2001_Arizona_Cardinals_season,team_season_page,False
2001,ARI,OC,Rich Olson,1,1,False,False,,staff_section,https://en.wikipedia.org/wiki/2001_Arizona_Cardinals_season,team_season_page,False
2001,ATL,DC,Don Blackmon,1,1,False,False,,infobox,https://en.wikipedia.org/wiki/2001_Atlanta_Falcons_season,team_season_page,False
2001,ATL,HC,Dan Reeves,1,1,False,False,,infobox,https://en.wikipedia.org/wiki/2001_Atlanta_Falcons_season,team_season_page,False
2001,ATL,OC,George Sefcik,1,1,False,False,,infobox,https://en.wikipedia.org/wiki/2001_Atlanta_Falcons_season,team_season_page,False
2001,BAL,DC,Marvin Lewis,1,1,False,False,,both,https://en.wikipedia.org/wiki/2001_Baltimore_Ravens_season,team_season_page,False
2001,BAL,HC,Brian Billick,1,1,False,False,,both,https://en.wikipedia.org/wiki/2001_Baltimore_Ravens_season,team_season_page,False
2001,BAL,OC,Matt Cavanaugh,1,1,False,False,,both,https://en.wikipedia.org/wiki/2001_Baltimore_Ravens_season,team_season_page,False
2001,BUF,DC,Jerry Gray,1,1,False,False,,staff_section,https://en.wikipedia.org/wiki/2001_Buffalo_Bills_season,team_season_page,False
2001,BUF,HC,Gregg Williams,1,1,False,False,,both,https://en.wikipedia.org/wiki/2001_Buffalo_Bills_season,team_season_page,False
2001,BUF,OC,Mike Sheppard,1,1,False,False,,staff_section,https://en.wikipedia.org/wiki/2001_Buffalo_Bills_season,team_season_page,False
2001,CAR,DC,John Marshall,1,1,False,False,,both,https://en.wikipedia.org/wiki/2001_Carolina_Panthers_season,team_season_page,False
2001,CAR,HC,George Seifert,1,1,False,False,,both,https://en.wikipedia.org/wiki/2001_Carolina_Panthers_season,team_season_page,False
2001,CAR,OC,Richard Williamson,1,1,False,False,,both,https://en.wikipedia.org/wiki/2001_Carolina_Panthers_season,team_season_page,False
2001,CHI,DC,Greg Blache,1,1,False,False,,both,https://en.wikipedia.org/wiki/2001_Chicago_Bears_season,team_season_page,False
2001,CHI,HC,Dick Jauron,1,1,False,False,,both,https://en.wikipedia.org/wiki/2001_Chicago_Bears_season,team_season_page,False
2001,CHI,OC,John Shoop,1,1,False,False,,both,https://en.wikipedia.org/wiki/2001_Chicago_Bears_season,team_season_page,False
2001,CIN,DC,Mark Duffner,1,1,False,False,gap-fill (biography_only),biography,https://en.wikipedia.org/wiki/Mark_Duffner,biography,False
2001,CIN,HC,Dick LeBeau,1,1,False,False,,infobox,https://en.wikipedia.org/wiki/2001_Cincinnati_Bengals_season,team_season_page,False
2001,CIN,OC,Bob Bratkowski,1,1,False,False,gap-fill (biography_only),biography,https://en.wikipedia.org/wiki/Bob_Bratkowski,biography,False
2001,CLE,DC,Foge Fazio,1,1,False,False,,infobox,https://en.wikipedia.org/wiki/2001_Cleveland_Browns_season,team_season_page,False
2001,CLE,HC,Butch Davis,1,1,False,False,,infobox,https://en.wikipedia.org/wiki/2001_Cleveland_Browns_season,team_season_page,False
2001,CLE,OC,Bruce Arians,1,1,False,False,,infobox,https://en.wikipedia.org/wiki/2001_Cleveland_Browns_season,team_season_page,False
2001,DAL,DC,Mike Zimmer,1,1,False,False,gap-fill (biography_only),biography,https://en.wikipedia.org/wiki/Mike_Zimmer,biography,False
2001,DAL,HC,Dave Campo,1,1,False,False,,infobox,https://en.wikipedia.org/wiki/2001_Dallas_Cowboys_season,team_season_page,False
2001,DEN,DC,Ray Rhodes,1,1,False,False,,both,https://en.wikipedia.org/wiki/2001_Denver_Broncos_season,team_season_page,False
2001,DEN,HC,Mike Shanahan,1,1,False,False,,both,https://en.wikipedia.org/wiki/2001_Denver_Broncos_season,team_season_page,False
2001,DEN,OC,Gary Kubiak,1,1,False,False,,both,https://en.wikipedia.org/wiki/2001_Denver_Broncos_season,team_season_page,False
2001,DET,DC,Vince Tobin,1,1,False,False,,both,https://en.wikipedia.org/wiki/2001_Detroit_Lions_season,team_season_page,False
2001,DET,HC,Marty Mornhinweg,1,1,False,False,,both,https://en.wikipedia.org/wiki/2001_Detroit_Lions_season,team_season_page,False
2001,DET,OC,Maurice Carthon,1,1,False,False,,both,https://en.wikipedia.org/wiki/2001_Detroit_Lions_season,team_season_page,False
2001,GB,DC,Ed Donatell,1,1,False,False,,both,https://en.wikipedia.org/wiki/2001_Green_Bay_Packers_season,team_season_page,False
2001,GB,HC,Mike Sherman,1,1,False,False,,both,https://en.wikipedia.org/wiki/2001_Green_Bay_Packers_season,team_season_page,False
2001,GB,OC,Tom Rossley,1,1,False,False,,both,https://en.wikipedia.org/wiki/2001_Green_Bay_Packers_season,team_season_page,False
2001,IND,DC,Vic Fangio,1,1,False,False,,staff_section,https://en.wikipedia.org/wiki/2001_Indianapolis_Colts_season,team_season_page,False
2001,IND,HC,Jim Mora,1,1,False,False,,both,https://en.wikipedia.org/wiki/2001_Indianapolis_Colts_season,team_season_page,False
2001,IND,OC,Tom Moore,1,1,False,False,,staff_section,https://en.wikipedia.org/wiki/2001_Indianapolis_Colts_season,team_season_page,False
2001,JAX,DC,Gary Moeller,1,1,False,False,,both,https://en.wikipedia.org/wiki/2001_Jacksonville_Jaguars_season,team_season_page,False
2001,JAX,HC,Tom Coughlin,1,1,False,False,,both,https://en.wikipedia.org/wiki/2001_Jacksonville_Jaguars_season,team_season_page,False
2001,JAX,OC,Bobby Petrino,1,1,False,False,,both,https://en.wikipedia.org/wiki/2001_Jacksonville_Jaguars_season,team_season_page,False
2001,KC,DC,Greg Robinson,1,1,False,False,,both,https://en.wikipedia.org/wiki/2001_Kansas_City_Chiefs_season,team_season_page,False
2001,KC,HC,Dick Vermeil,1,1,False,False,,both,https://en.wikipedia.org/wiki/2001_Kansas_City_Chiefs_season,team_season_page,False
2001,KC,OC,Al Saunders,1,1,False,False,,both,https://en.wikipedia.org/wiki/2001_Kansas_City_Chiefs_season,team_season_page,False
2001,LAC,DC,Joe Pascale,1,1,False,False,,staff_section,https://en.wikipedia.org/wiki/2001_San_Diego_Chargers_season,team_season_page,False
2001,LAC,HC,Mike Riley,1,1,False,False,,both,https://en.wikipedia.org/wiki/2001_San_Diego_Chargers_season,team_season_page,False
2001,LAC,OC,Norv Turner,1,1,False,False,,staff_section,https://en.wikipedia.org/wiki/2001_San_Diego_Chargers_season,team_season_page,False
2001,LAR,DC,Lovie Smith,1,1,False,False,,infobox,https://en.wikipedia.org/wiki/2001_St._Louis_Rams_season,team_season_page,False
2001,LAR,HC,Mike Martz,1,1,False,False,,infobox,https://en.wikipedia.org/wiki/2001_St._Louis_Rams_season,team_season_page,False
2001,LAR,OC,Bobby Jackson,1,1,False,False,,infobox,https://en.wikipedia.org/wiki/2001_St._Louis_Rams_season,team_season_page,False
2001,MIA,DC,Jim Bates,1,1,False,False,,both,https://en.wikipedia.org/wiki/2001_Miami_Dolphins_season,team_season_page,False
2001,MIA,HC,Dave Wannstedt,1,1,False,False,,both,https://en.wikipedia.org/wiki/2001_Miami_Dolphins_season,team_season_page,False
2001,MIA,OC,Chan Gailey,1,1,False,False,,both,https://en.wikipedia.org/wiki/2001_Miami_Dolphins_season,team_season_page,False
2001,MIN,DC,Emmitt Thomas,1,1,False,False,,staff_section,https://en.wikipedia.org/wiki/2001_Minnesota_Vikings_season,team_season_page,False
2001,MIN,HC,Dennis Green,1,2,False,False,"fired on January 4, 2002, 5–10 record",both,https://en.wikipedia.org/wiki/2001_Minnesota_Vikings_season,team_season_page,False
2001,MIN,HC,Mike Tice,2,2,False,True,interim; 0–1 record,infobox,https://en.wikipedia.org/wiki/2001_Minnesota_Vikings_season,team_season_page,False
2001,MIN,OC,Sherman Lewis,1,1,False,False,,staff_section,https://en.wikipedia.org/wiki/2001_Minnesota_Vikings_season,team_season_page,False
2001,NE,DC,Romeo Crennel,1,1,False,False,,both,https://en.wikipedia.org/wiki/2001_New_England_Patriots_season,team_season_page,False
2001,NE,HC,Bill Belichick,1,1,False,False,,both,https://en.wikipedia.org/wiki/2001_New_England_Patriots_season,team_season_page,False
2001,NE,OC,Charlie Weis,1,1,False,False,,both,https://en.wikipedia.org/wiki/2001_New_England_Patriots_season,team_season_page,False
2001,NO,DC,Ron Zook,1,1,False,False,,both,https://en.wikipedia.org/wiki/2001_New_Orleans_Saints_season,team_season_page,False
2001,NO,HC,Jim Haslett,1,1,False,False,,both,https://en.wikipedia.org/wiki/2001_New_Orleans_Saints_season,team_season_page,False
2001,NO,OC,Mike McCarthy,1,1,False,False,,both,https://en.wikipedia.org/wiki/2001_New_Orleans_Saints_season,team_season_page,False
2001,NYG,DC,John Fox,1,1,False,False,gap-fill (biography_only),biography,https://en.wikipedia.org/wiki/John_Fox_(American_football),biography,False
2001,NYG,HC,Jim Fassel,1,1,False,False,,infobox,https://en.wikipedia.org/wiki/2001_New_York_Giants_season,team_season_page,False
2001,NYG,OC,Sean Payton,1,1,False,False,gap-fill (biography_only),biography,https://en.wikipedia.org/wiki/Sean_Payton,biography,False
2001,NYJ,DC,Ted Cottrell,1,1,False,False,,both,https://en.wikipedia.org/wiki/2001_New_York_Jets_season,team_season_page,False
2001,NYJ,HC,Herman Edwards,1,1,False,False,,both,https://en.wikipedia.org/wiki/2001_New_York_Jets_season,team_season_page,False
2001,NYJ,OC,Paul Hackett,1,1,False,False,,both,https://en.wikipedia.org/wiki/2001_New_York_Jets_season,team_season_page,False
2001,OAK,DC,Chuck Bresnahan,1,1,False,False,,infobox,https://en.wikipedia.org/wiki/2001_Oakland_Raiders_season,team_season_page,False
2001,OAK,HC,Jon Gruden,1,1,False,False,,infobox,https://en.wikipedia.org/wiki/2001_Oakland_Raiders_season,team_season_page,False
2001,OAK,OC,Bill Callahan,1,1,False,False,,infobox,https://en.wikipedia.org/wiki/2001_Oakland_Raiders_season,team_season_page,False
2001,PHI,DC,Jim Johnson,1,1,False,False,,both,https://en.wikipedia.org/wiki/2001_Philadelphia_Eagles_season,team_season_page,False
2001,PHI,HC,Andy Reid,1,1,False,False,,both,https://en.wikipedia.org/wiki/2001_Philadelphia_Eagles_season,team_season_page,False
2001,PHI,OC,Rod Dowhower,1,1,False,False,,both,https://en.wikipedia.org/wiki/2001_Philadelphia_Eagles_season,team_season_page,False
2001,PIT,DC,Tim Lewis,1,1,False,False,,infobox,https://en.wikipedia.org/wiki/2001_Pittsburgh_Steelers_season,team_season_page,False
2001,PIT,HC,Bill Cowher,1,1,False,False,,infobox,https://en.wikipedia.org/wiki/2001_Pittsburgh_Steelers_season,team_season_page,False
2001,PIT,OC,Mike Mularkey,1,1,False,False,,infobox,https://en.wikipedia.org/wiki/2001_Pittsburgh_Steelers_season,team_season_page,False
2001,SEA,DC,Steve Sidwell,1,1,False,False,,infobox,https://en.wikipedia.org/wiki/2001_Seattle_Seahawks_season,team_season_page,False
2001,SEA,HC,Mike Holmgren,1,1,False,False,,infobox,https://en.wikipedia.org/wiki/2001_Seattle_Seahawks_season,team_season_page,False
2001,SEA,OC,Gil Haskell,1,1,False,False,,infobox,https://en.wikipedia.org/wiki/2001_Seattle_Seahawks_season,team_season_page,False
2001,SF,DC,Jim L. Mora,1,1,False,False,,both,https://en.wikipedia.org/wiki/2001_San_Francisco_49ers_season,team_season_page,False
2001,SF,HC,Steve Mariucci,1,1,False,False,,both,https://en.wikipedia.org/wiki/2001_San_Francisco_49ers_season,team_season_page,False
2001,SF,OC,Greg Knapp,1,1,False,False,,both,https://en.wikipedia.org/wiki/2001_San_Francisco_49ers_season,team_season_page,False
2001,TB,DC,Monte Kiffin,1,1,False,False,,infobox,https://en.wikipedia.org/wiki/2001_Tampa_Bay_Buccaneers_season,team_season_page,False
2001,TB,HC,Tony Dungy,1,1,False,False,,infobox,https://en.wikipedia.org/wiki/2001_Tampa_Bay_Buccaneers_season,team_season_page,False
2001,TB,OC,Clyde Christensen,1,1,False,False,,infobox,https://en.wikipedia.org/wiki/2001_Tampa_Bay_Buccaneers_season,team_season_page,False
2001,TEN,DC,Jim Schwartz,1,1,False,False,,staff_section,https://en.wikipedia.org/wiki/2001_Tennessee_Titans_season,team_season_page,False
2001,TEN,HC,Jeff Fisher,1,1,False,False,,both,https://en.wikipedia.org/wiki/2001_Tennessee_Titans_season,team_season_page,False
2001,TEN,OC,Mike Heimerdinger,1,1,False,False,,staff_section,https://en.wikipedia.org/wiki/2001_Tennessee_Titans_season,team_season_page,False
2001,WSH,DC,Kurt Schottenheimer,1,1,False,False,,infobox,https://en.wikipedia.org/wiki/2001_Washington_Redskins_season,team_season_page,False
2001,WSH,HC,Marty Schottenheimer,1,1,False,False,,infobox,https://en.wikipedia.org/wiki/2001_Washington_Redskins_season,team_season_page,False
2001,WSH,OC,Jimmy Raye II,1,1,False,False,,infobox,https://en.wikipedia.org/wiki/2001_Washington_Redskins_season,team_season_page,False
2002,ARI,DC,Larry Marmie,1,1,False,False,,staff_section,https://en.wikipedia.org/wiki/2002_Arizona_Cardinals_season,team_season_page,False
2002,ARI,HC,Dave McGinnis,1,1,False,False,,both,https://en.wikipedia.org/wiki/2002_Arizona_Cardinals_season,team_season_page,False
2002,ARI,OC,Rich Olson,1,1,False,False,,staff_section,https://en.wikipedia.org/wiki/2002_Arizona_Cardinals_season,team_season_page,False
2002,ATL,DC,Wade Phillips,1,1,False,False,gap-fill (biography_only),biography,https://en.wikipedia.org/wiki/Wade_Phillips,biography,False
2002,ATL,HC,Dan Reeves,1,1,False,False,,infobox,https://en.wikipedia.org/wiki/2002_Atlanta_Falcons_season,team_season_page,False
2002,BAL,DC,Mike Nolan,1,1,False,False,,staff_section,https://en.wikipedia.org/wiki/2002_Baltimore_Ravens_season,team_season_page,False
2002,BAL,HC,Brian Billick,1,1,False,False,,both,https://en.wikipedia.org/wiki/2002_Baltimore_Ravens_season,team_season_page,False
2002,BAL,OC,Matt Cavanaugh,1,1,False,False,,staff_section,https://en.wikipedia.org/wiki/2002_Baltimore_Ravens_season,team_season_page,False
2002,BUF,DC,Jerry Gray,1,1,False,False,gap-fill (biography_only),biography,https://en.wikipedia.org/wiki/Jerry_Gray,biography,False
2002,BUF,HC,Gregg Williams,1,1,False,False,,infobox,https://en.wikipedia.org/wiki/2002_Buffalo_Bills_season,team_season_page,False
2002,BUF,OC,Kevin Gilbride,1,1,False,False,gap-fill (biography_only),biography,https://en.wikipedia.org/wiki/Kevin_Gilbride,biography,False
2002,CAR,DC,Jack Del Rio,1,1,False,False,,staff_section,https://en.wikipedia.org/wiki/2002_Carolina_Panthers_season,team_season_page,False
2002,CAR,HC,John Fox,1,1,False,False,,both,https://en.wikipedia.org/wiki/2002_Carolina_Panthers_season,team_season_page,False
2002,CAR,OC,Dan Henning,1,1,False,False,,staff_section,https://en.wikipedia.org/wiki/2002_Carolina_Panthers_season,team_season_page,False
2002,CHI,DC,Greg Blache,1,1,False,False,,staff_section,https://en.wikipedia.org/wiki/2002_Chicago_Bears_season,team_season_page,False
2002,CHI,HC,Dick Jauron,1,1,False,False,,both,https://en.wikipedia.org/wiki/2002_Chicago_Bears_season,team_season_page,False
2002,CHI,OC,John Shoop,1,1,False,False,,staff_section,https://en.wikipedia.org/wiki/2002_Chicago_Bears_season,team_season_page,False
2002,CIN,DC,Mark Duffner,1,1,False,False,gap-fill (biography_only),biography,https://en.wikipedia.org/wiki/Mark_Duffner,biography,False
2002,CIN,HC,Dick LeBeau,1,1,False,False,,infobox,https://en.wikipedia.org/wiki/2002_Cincinnati_Bengals_season,team_season_page,False
2002,CIN,OC,Bob Bratkowski,1,1,False,False,gap-fill (biography_only),biography,https://en.wikipedia.org/wiki/Bob_Bratkowski,biography,False
2002,CLE,HC,Butch Davis,1,1,False,False,,infobox,https://en.wikipedia.org/wiki/2002_Cleveland_Browns_season,team_season_page,False
2002,CLE,OC,Bruce Arians,1,1,False,False,gap-fill (biography_only),biography,https://en.wikipedia.org/wiki/Bruce_Arians,biography,False
2002,DAL,DC,Mike Zimmer,1,1,False,False,,staff_section,https://en.wikipedia.org/wiki/2002_Dallas_Cowboys_season,team_season_page,False
2002,DAL,HC,Dave Campo,1,1,False,False,,both,https://en.wikipedia.org/wiki/2002_Dallas_Cowboys_season,team_season_page,False
2002,DAL,OC,Bruce Coslet,1,1,False,False,,staff_section,https://en.wikipedia.org/wiki/2002_Dallas_Cowboys_season,team_season_page,False
2002,DEN,DC,Ray Rhodes,1,1,False,False,,staff_section,https://en.wikipedia.org/wiki/2002_Denver_Broncos_season,team_season_page,False
2002,DEN,HC,Mike Shanahan,1,1,False,False,,both,https://en.wikipedia.org/wiki/2002_Denver_Broncos_season,team_season_page,False
2002,DEN,OC,Gary Kubiak,1,1,False,False,,staff_section,https://en.wikipedia.org/wiki/2002_Denver_Broncos_season,team_season_page,False
2002,DET,DC,Kurt Schottenheimer,1,1,False,False,,staff_section,https://en.wikipedia.org/wiki/2002_Detroit_Lions_season,team_season_page,False
2002,DET,HC,Marty Mornhinweg,1,1,False,False,,both,https://en.wikipedia.org/wiki/2002_Detroit_Lions_season,team_season_page,False
2002,DET,OC,Maurice Carthon,1,1,False,False,,staff_section,https://en.wikipedia.org/wiki/2002_Detroit_Lions_season,team_season_page,False
2002,GB,DC,Ed Donatell,1,1,False,False,,staff_section,https://en.wikipedia.org/wiki/2002_Green_Bay_Packers_season,team_season_page,False
2002,GB,HC,Mike Sherman,1,1,False,False,,both,https://en.wikipedia.org/wiki/2002_Green_Bay_Packers_season,team_season_page,False
2002,GB,OC,Tom Rossley,1,1,False,False,,staff_section,https://en.wikipedia.org/wiki/2002_Green_Bay_Packers_season,team_season_page,False
2002,HOU,DC,Vic Fangio,1,1,False,False,,staff_section,https://en.wikipedia.org/wiki/2002_Houston_Texans_season,team_season_page,False
2002,HOU,HC,Dom Capers,1,1,False,False,,both,https://en.wikipedia.org/wiki/2002_Houston_Texans_season,team_season_page,False
2002,HOU,OC,Chris Palmer,1,1,False,False,,staff_section,https://en.wikipedia.org/wiki/2002_Houston_Texans_season,team_season_page,False
2002,IND,DC,Ron Meeks,1,1,False,False,,staff_section,https://en.wikipedia.org/wiki/2002_Indianapolis_Colts_season,team_season_page,False
2002,IND,HC,Tony Dungy,1,1,False,False,,both,https://en.wikipedia.org/wiki/2002_Indianapolis_Colts_season,team_season_page,False
2002,IND,OC,Tom Moore,1,1,False,False,,staff_section,https://en.wikipedia.org/wiki/2002_Indianapolis_Colts_season,team_season_page,False
2002,JAX,DC,John Pease,1,1,False,False,,both,https://en.wikipedia.org/wiki/2002_Jacksonville_Jaguars_season,team_season_page,False
2002,JAX,HC,Tom Coughlin,1,1,False,False,,both,https://en.wikipedia.org/wiki/2002_Jacksonville_Jaguars_season,team_season_page,False
2002,KC,DC,Greg Robinson,1,1,False,False,,staff_section,https://en.wikipedia.org/wiki/2002_Kansas_City_Chiefs_season,team_season_page,False
2002,KC,HC,Dick Vermeil,1,1,False,False,,both,https://en.wikipedia.org/wiki/2002_Kansas_City_Chiefs_season,team_season_page,False
2002,KC,OC,Al Saunders,1,1,False,False,,staff_section,https://en.wikipedia.org/wiki/2002_Kansas_City_Chiefs_season,team_season_page,False
2002,LAC,DC,Dale Lindsey,1,1,False,False,,staff_section,https://en.wikipedia.org/wiki/2002_San_Diego_Chargers_season,team_season_page,False
2002,LAC,HC,Marty Schottenheimer,1,1,False,False,,both,https://en.wikipedia.org/wiki/2002_San_Diego_Chargers_season,team_season_page,False
2002,LAC,OC,Cam Cameron,1,1,False,False,,staff_section,https://en.wikipedia.org/wiki/2002_San_Diego_Chargers_season,team_season_page,False
2002,LAR,DC,Lovie Smith,1,1,False,False,gap-fill (biography_only),biography,https://en.wikipedia.org/wiki/Lovie_Smith,biography,False
2002,LAR,HC,Mike Martz,1,1,False,False,,infobox,https://en.wikipedia.org/wiki/2002_St._Louis_Rams_season,team_season_page,False
2002,LAR,OC,Mike Martz,1,1,False,False,gap-fill (biography_only),biography,https://en.wikipedia.org/wiki/Mike_Martz,biography,False
2002,MIA,DC,Jim Bates,1,1,False,False,,staff_section,https://en.wikipedia.org/wiki/2002_Miami_Dolphins_season,team_season_page,False
2002,MIA,HC,Dave Wannstedt,1,1,False,False,,both,https://en.wikipedia.org/wiki/2002_Miami_Dolphins_season,team_season_page,False
2002,MIA,OC,Norv Turner,1,1,False,False,,staff_section,https://en.wikipedia.org/wiki/2002_Miami_Dolphins_season,team_season_page,False
2002,MIN,DC,Willie Shaw,1,1,False,False,,staff_section,https://en.wikipedia.org/wiki/2002_Minnesota_Vikings_season,team_season_page,False
2002,MIN,HC,Mike Tice,1,1,False,False,,both,https://en.wikipedia.org/wiki/2002_Minnesota_Vikings_season,team_season_page,False
2002,MIN,OC,Scott Linehan,1,1,False,False,,staff_section,https://en.wikipedia.org/wiki/2002_Minnesota_Vikings_season,team_season_page,False
2002,NE,DC,Romeo Crennel,1,1,False,False,,staff_section,https://en.wikipedia.org/wiki/2002_New_England_Patriots_season,team_season_page,False
2002,NE,HC,Bill Belichick,1,1,False,False,,both,https://en.wikipedia.org/wiki/2002_New_England_Patriots_season,team_season_page,False
2002,NE,OC,Charlie Weis,1,1,False,False,,staff_section,https://en.wikipedia.org/wiki/2002_New_England_Patriots_season,team_season_page,False
2002,NO,DC,Rick Venturi,1,1,False,False,,staff_section,https://en.wikipedia.org/wiki/2002_New_Orleans_Saints_season,team_season_page,False
2002,NO,HC,Jim Haslett,1,1,False,False,,both,https://en.wikipedia.org/wiki/2002_New_Orleans_Saints_season,team_season_page,False
2002,NO,OC,Mike McCarthy,1,1,False,False,,staff_section,https://en.wikipedia.org/wiki/2002_New_Orleans_Saints_season,team_season_page,False
2002,NYG,DC,Johnnie Lynn,1,1,False,False,,staff_section,https://en.wikipedia.org/wiki/2002_New_York_Giants_season,team_season_page,False
2002,NYG,HC,Jim Fassel,1,1,False,False,,both,https://en.wikipedia.org/wiki/2002_New_York_Giants_season,team_season_page,False
2002,NYG,OC,Sean Payton,1,1,False,False,,staff_section,https://en.wikipedia.org/wiki/2002_New_York_Giants_season,team_season_page,False
2002,NYJ,DC,Ted Cottrell,1,1,False,False,,staff_section,https://en.wikipedia.org/wiki/2002_New_York_Jets_season,team_season_page,False
2002,NYJ,HC,Herman Edwards,1,1,False,False,,both,https://en.wikipedia.org/wiki/2002_New_York_Jets_season,team_season_page,False
2002,NYJ,OC,Paul Hackett,1,1,False,False,,staff_section,https://en.wikipedia.org/wiki/2002_New_York_Jets_season,team_season_page,False
2002,OAK,DC,Chuck Bresnahan,1,1,False,False,,staff_section,https://en.wikipedia.org/wiki/2002_Oakland_Raiders_season,team_season_page,False
2002,OAK,HC,Bill Callahan,1,1,False,False,,both,https://en.wikipedia.org/wiki/2002_Oakland_Raiders_season,team_season_page,False
2002,OAK,OC,Marc Trestman,1,1,False,False,,staff_section,https://en.wikipedia.org/wiki/2002_Oakland_Raiders_season,team_season_page,False
2002,PHI,DC,Jim Johnson,1,1,False,False,,staff_section,https://en.wikipedia.org/wiki/2002_Philadelphia_Eagles_season,team_season_page,False
2002,PHI,HC,Andy Reid,1,1,False,False,,both,https://en.wikipedia.org/wiki/2002_Philadelphia_Eagles_season,team_season_page,False
2002,PHI,OC,Brad Childress,1,1,False,False,,staff_section,https://en.wikipedia.org/wiki/2002_Philadelphia_Eagles_season,team_season_page,False
2002,PIT,DC,Tim Lewis,1,1,False,False,,staff_section,https://en.wikipedia.org/wiki/2002_Pittsburgh_Steelers_season,team_season_page,False
2002,PIT,HC,Bill Cowher,1,1,False,False,,both,https://en.wikipedia.org/wiki/2002_Pittsburgh_Steelers_season,team_season_page,False
2002,PIT,OC,Mike Mularkey,1,1,False,False,,staff_section,https://en.wikipedia.org/wiki/2002_Pittsburgh_Steelers_season,team_season_page,False
2002,SEA,HC,Mike Holmgren,1,1,False,False,,infobox,https://en.wikipedia.org/wiki/2002_Seattle_Seahawks_season,team_season_page,False
2002,SEA,OC,Gil Haskell,1,1,False,False,gap-fill (biography_only),biography,https://en.wikipedia.org/wiki/Gil_Haskell,biography,False
2002,SF,DC,Jim Mora,1,1,False,False,,staff_section,https://en.wikipedia.org/wiki/2002_San_Francisco_49ers_season,team_season_page,False
2002,SF,HC,Steve Mariucci,1,1,False,False,,both,https://en.wikipedia.org/wiki/2002_San_Francisco_49ers_season,team_season_page,False
2002,SF,OC,Greg Knapp,1,1,False,False,,staff_section,https://en.wikipedia.org/wiki/2002_San_Francisco_49ers_season,team_season_page,False
2002,TB,DC,Monte Kiffin,1,1,False,False,,staff_section,https://en.wikipedia.org/wiki/2002_Tampa_Bay_Buccaneers_season,team_season_page,False
2002,TB,HC,Jon Gruden,1,1,False,False,,both,https://en.wikipedia.org/wiki/2002_Tampa_Bay_Buccaneers_season,team_season_page,False
2002,TB,OC,Bill Muir,1,1,False,False,,staff_section,https://en.wikipedia.org/wiki/2002_Tampa_Bay_Buccaneers_season,team_season_page,False
2002,TEN,DC,Jim Schwartz,1,1,False,False,gap-fill (biography_only),biography,https://en.wikipedia.org/wiki/Jim_Schwartz,biography,False
2002,TEN,HC,Jeff Fisher,1,1,False,False,,infobox,https://en.wikipedia.org/wiki/2002_Tennessee_Titans_season,team_season_page,False
2002,TEN,OC,Mike Heimerdinger,1,1,False,False,gap-fill (biography_only),biography,https://en.wikipedia.org/wiki/Mike_Heimerdinger,biography,False
2002,WSH,DC,George Edwards,1,2,False,False,gap-fill (sources_disagree): disagreement: 2 candidates for this season,biography,https://en.wikipedia.org/wiki/George_Edwards_(American_football),biography,True
2002,WSH,DC,Marvin Lewis,1,2,False,False,gap-fill (sources_disagree): disagreement: 2 candidates for this season,biography,https://en.wikipedia.org/wiki/Marvin_Lewis,biography,True
2002,WSH,HC,Steve Spurrier,1,1,False,False,,infobox,https://en.wikipedia.org/wiki/2002_Washington_Redskins_season,team_season_page,False
2003,ARI,DC,Larry Marmie,1,1,False,False,,staff_section,https://en.wikipedia.org/wiki/2003_Arizona_Cardinals_season,team_season_page,False
2003,ARI,HC,Dave McGinnis,1,1,False,False,,both,https://en.wikipedia.org/wiki/2003_Arizona_Cardinals_season,team_season_page,False
2003,ARI,OC,Jerry Sullivan,1,1,False,False,,staff_section,https://en.wikipedia.org/wiki/2003_Arizona_Cardinals_season,team_season_page,False
2003,ATL,DC,Wade Phillips,1,1,False,False,gap-fill (biography_only),biography,https://en.wikipedia.org/wiki/Wade_Phillips,biography,False
2003,ATL,HC,Dan Reeves,1,2,False,False,"fired December 10, 3-10 record",infobox,https://en.wikipedia.org/wiki/2003_Atlanta_Falcons_season,team_season_page,False
2003,ATL,HC,Wade Phillips,2,2,False,False,,infobox,https://en.wikipedia.org/wiki/2003_Atlanta_Falcons_season,team_season_page,False
2003,BAL,DC,Mike Nolan,1,1,False,False,,staff_section,https://en.wikipedia.org/wiki/2003_Baltimore_Ravens_season,team_season_page,False
2003,BAL,HC,Brian Billick,1,1,False,False,,both,https://en.wikipedia.org/wiki/2003_Baltimore_Ravens_season,team_season_page,False
2003,BAL,OC,Matt Cavanaugh,1,1,False,False,,staff_section,https://en.wikipedia.org/wiki/2003_Baltimore_Ravens_season,team_season_page,False
2003,BUF,DC,Jerry Gray,1,1,False,False,gap-fill (biography_only),biography,https://en.wikipedia.org/wiki/Jerry_Gray,biography,False
2003,BUF,HC,Gregg Williams,1,1,False,False,,infobox,https://en.wikipedia.org/wiki/2003_Buffalo_Bills_season,team_season_page,False
2003,BUF,OC,Kevin Gilbride,1,1,False,False,gap-fill (biography_only),biography,https://en.wikipedia.org/wiki/Kevin_Gilbride,biography,False
2003,CAR,DC,Mike Trgovac,1,1,False,False,gap-fill (biography_only),biography,https://en.wikipedia.org/wiki/Mike_Trgovac,biography,False
2003,CAR,HC,John Fox,1,1,False,False,,infobox,https://en.wikipedia.org/wiki/2003_Carolina_Panthers_season,team_season_page,False
2003,CHI,DC,Greg Blache,1,1,False,False,,staff_section,https://en.wikipedia.org/wiki/2003_Chicago_Bears_season,team_season_page,False
2003,CHI,HC,Dick Jauron,1,1,False,False,,both,https://en.wikipedia.org/wiki/2003_Chicago_Bears_season,team_season_page,False
2003,CHI,OC,John Shoop,1,1,False,False,,staff_section,https://en.wikipedia.org/wiki/2003_Chicago_Bears_season,team_season_page,False
2003,CIN,DC,Leslie Frazier,1,1,False,False,gap-fill (biography_only),biography,https://en.wikipedia.org/wiki/Leslie_Frazier,biography,False
2003,CIN,HC,Marvin Lewis,1,1,False,False,,infobox,https://en.wikipedia.org/wiki/2003_Cincinnati_Bengals_season,team_season_page,False
2003,CIN,OC,Bob Bratkowski,1,1,False,False,gap-fill (biography_only),biography,https://en.wikipedia.org/wiki/Bob_Bratkowski,biography,False
2003,CLE,HC,Butch Davis,1,1,False,False,,infobox,https://en.wikipedia.org/wiki/2003_Cleveland_Browns_season,team_season_page,False
2003,CLE,OC,Bruce Arians,1,1,False,False,gap-fill (biography_only),biography,https://en.wikipedia.org/wiki/Bruce_Arians,biography,False
2003,DAL,DC,Mike Zimmer,1,1,False,False,gap-fill (biography_only),biography,https://en.wikipedia.org/wiki/Mike_Zimmer,biography,False
2003,DAL,HC,Bill Parcells,1,1,False,False,,infobox,https://en.wikipedia.org/wiki/2003_Dallas_Cowboys_season,team_season_page,False
2003,DAL,OC,Maurice Carthon,1,1,False,False,gap-fill (biography_only),biography,https://en.wikipedia.org/wiki/Maurice_Carthon,biography,False
2003,DEN,DC,Larry Coyer,1,1,False,False,,staff_section,https://en.wikipedia.org/wiki/2003_Denver_Broncos_season,team_season_page,False
2003,DEN,HC,Mike Shanahan,1,1,False,False,,both,https://en.wikipedia.org/wiki/2003_Denver_Broncos_season,team_season_page,False
2003,DEN,OC,Gary Kubiak,1,1,False,False,,staff_section,https://en.wikipedia.org/wiki/2003_Denver_Broncos_season,team_season_page,False
2003,DET,DC,Kurt Schottenheimer,1,1,False,False,,staff_section,https://en.wikipedia.org/wiki/2003_Detroit_Lions_season,team_season_page,False
2003,DET,HC,Steve Mariucci,1,1,False,False,,both,https://en.wikipedia.org/wiki/2003_Detroit_Lions_season,team_season_page,False
2003,DET,OC,Sherman Lewis,1,1,False,False,,staff_section,https://en.wikipedia.org/wiki/2003_Detroit_Lions_season,team_season_page,False
2003,GB,DC,Ed Donatell,1,1,False,False,,staff_section,https://en.wikipedia.org/wiki/2003_Green_Bay_Packers_season,team_season_page,False
2003,GB,HC,Mike Sherman,1,1,False,False,,both,https://en.wikipedia.org/wiki/2003_Green_Bay_Packers_season,team_season_page,False
2003,GB,OC,Tom Rossley,1,1,False,False,,staff_section,https://en.wikipedia.org/wiki/2003_Green_Bay_Packers_season,team_season_page,False
2003,HOU,DC,Vic Fangio,1,1,False,False,,staff_section,https://en.wikipedia.org/wiki/2003_Houston_Texans_season,team_season_page,False
2003,HOU,HC,Dom Capers,1,1,False,False,,both,https://en.wikipedia.org/wiki/2003_Houston_Texans_season,team_season_page,False
2003,HOU,OC,Chris Palmer,1,1,False,False,,staff_section,https://en.wikipedia.org/wiki/2003_Houston_Texans_season,team_season_page,False
2003,IND,HC,Tony Dungy,1,1,False,False,,infobox,https://en.wikipedia.org/wiki/2003_Indianapolis_Colts_season,team_season_page,False
2003,JAX,DC,Mike Smith,1,1,False,False,,both,https://en.wikipedia.org/wiki/2003_Jacksonville_Jaguars_season,team_season_page,False
2003,JAX,HC,Jack Del Rio,1,1,False,False,,both,https://en.wikipedia.org/wiki/2003_Jacksonville_Jaguars_season,team_season_page,False
2003,JAX,OC,Bill Musgrave,1,1,False,False,,both,https://en.wikipedia.org/wiki/2003_Jacksonville_Jaguars_season,team_season_page,False
2003,KC,DC,Greg Robinson,1,1,False,False,,staff_section,https://en.wikipedia.org/wiki/2003_Kansas_City_Chiefs_season,team_season_page,False
2003,KC,HC,Dick Vermeil,1,1,False,False,,both,https://en.wikipedia.org/wiki/2003_Kansas_City_Chiefs_season,team_season_page,False
2003,KC,OC,Al Saunders,1,1,False,False,,staff_section,https://en.wikipedia.org/wiki/2003_Kansas_City_Chiefs_season,team_season_page,False
2003,LAC,DC,Dale Lindsey,1,1,False,False,,staff_section,https://en.wikipedia.org/wiki/2003_San_Diego_Chargers_season,team_season_page,False
2003,LAC,HC,Marty Schottenheimer,1,1,False,False,,both,https://en.wikipedia.org/wiki/2003_San_Diego_Chargers_season,team_season_page,False
2003,LAC,OC,Cam Cameron,1,1,False,False,,staff_section,https://en.wikipedia.org/wiki/2003_San_Diego_Chargers_season,team_season_page,False
2003,LAR,DC,Lovie Smith,1,1,False,False,gap-fill (biography_only),biography,https://en.wikipedia.org/wiki/Lovie_Smith,biography,False
2003,LAR,HC,Mike Martz,1,1,False,False,,infobox,https://en.wikipedia.org/wiki/2003_St._Louis_Rams_season,team_season_page,False
2003,LAR,OC,Mike Martz,1,1,False,False,gap-fill (biography_only),biography,https://en.wikipedia.org/wiki/Mike_Martz,biography,False
2003,MIA,DC,Jim Bates,1,1,False,False,,staff_section,https://en.wikipedia.org/wiki/2003_Miami_Dolphins_season,team_season_page,False
2003,MIA,HC,Dave Wannstedt,1,1,False,False,,both,https://en.wikipedia.org/wiki/2003_Miami_Dolphins_season,team_season_page,False
2003,MIA,OC,Norv Turner,1,1,False,False,,staff_section,https://en.wikipedia.org/wiki/2003_Miami_Dolphins_season,team_season_page,False
2003,MIN,DC,George O'Leary,1,1,False,False,,staff_section,https://en.wikipedia.org/wiki/2003_Minnesota_Vikings_season,team_season_page,False
2003,MIN,HC,Mike Tice,1,1,False,False,,both,https://en.wikipedia.org/wiki/2003_Minnesota_Vikings_season,team_season_page,False
2003,MIN,OC,Scott Linehan,1,1,False,False,,staff_section,https://en.wikipedia.org/wiki/2003_Minnesota_Vikings_season,team_season_page,False
2003,NE,DC,Romeo Crennel,1,1,False,False,gap-fill (biography_only),biography,https://en.wikipedia.org/wiki/Romeo_Crennel,biography,False
2003,NE,HC,Bill Belichick,1,1,False,False,,infobox,https://en.wikipedia.org/wiki/2003_New_England_Patriots_season,team_season_page,False
2003,NO,DC,Rick Venturi,1,1,False,False,,staff_section,https://en.wikipedia.org/wiki/2003_New_Orleans_Saints_season,team_season_page,False
2003,NO,HC,Jim Haslett,1,1,False,False,,both,https://en.wikipedia.org/wiki/2003_New_Orleans_Saints_season,team_season_page,False
2003,NO,OC,Mike McCarthy,1,1,False,False,,staff_section,https://en.wikipedia.org/wiki/2003_New_Orleans_Saints_season,team_season_page,False
2003,NYG,HC,Jim Fassel,1,1,False,False,,infobox,https://en.wikipedia.org/wiki/2003_New_York_Giants_season,team_season_page,False
2003,NYJ,DC,Ted Cottrell,1,1,False,False,,staff_section,https://en.wikipedia.org/wiki/2003_New_York_Jets_season,team_season_page,False
2003,NYJ,HC,Herman Edwards,1,1,False,False,,both,https://en.wikipedia.org/wiki/2003_New_York_Jets_season,team_season_page,False
2003,NYJ,OC,Paul Hackett,1,1,False,False,,staff_section,https://en.wikipedia.org/wiki/2003_New_York_Jets_season,team_season_page,False
2003,OAK,HC,Bill Callahan,1,1,False,False,,infobox,https://en.wikipedia.org/wiki/2003_Oakland_Raiders_season,team_season_page,False
2003,OAK,OC,Marc Trestman,1,1,False,False,gap-fill (biography_only),biography,https://en.wikipedia.org/wiki/Marc_Trestman,biography,False
2003,PHI,DC,Jim Johnson,1,1,False,False,,staff_section,https://en.wikipedia.org/wiki/2003_Philadelphia_Eagles_season,team_season_page,False
2003,PHI,HC,Andy Reid,1,1,False,False,,both,https://en.wikipedia.org/wiki/2003_Philadelphia_Eagles_season,team_season_page,False
2003,PHI,OC,Brad Childress,1,1,False,False,,staff_section,https://en.wikipedia.org/wiki/2003_Philadelphia_Eagles_season,team_season_page,False
2003,PIT,DC,Tim Lewis,1,1,False,False,gap-fill (biography_only),biography,https://en.wikipedia.org/wiki/Tim_Lewis,biography,False
2003,PIT,HC,Bill Cowher,1,1,False,False,,infobox,https://en.wikipedia.org/wiki/2003_Pittsburgh_Steelers_season,team_season_page,False
2003,PIT,OC,Mike Mularkey,1,1,False,False,gap-fill (biography_only),biography,https://en.wikipedia.org/wiki/Mike_Mularkey,biography,False
2003,SEA,DC,Ray Rhodes,1,1,False,False,gap-fill (biography_only),biography,https://en.wikipedia.org/wiki/Ray_Rhodes,biography,False
2003,SEA,HC,Mike Holmgren,1,1,False,False,,infobox,https://en.wikipedia.org/wiki/2003_Seattle_Seahawks_season,team_season_page,False
2003,SEA,OC,Gil Haskell,1,1,False,False,gap-fill (biography_only),biography,https://en.wikipedia.org/wiki/Gil_Haskell,biography,False
2003,SF,DC,Jim Mora,1,1,False,False,,staff_section,https://en.wikipedia.org/wiki/2003_San_Francisco_49ers_season,team_season_page,False
2003,SF,HC,Dennis Erickson,1,1,False,False,,both,https://en.wikipedia.org/wiki/2003_San_Francisco_49ers_season,team_season_page,False
2003,SF,OC,Greg Knapp,1,1,False,False,,staff_section,https://en.wikipedia.org/wiki/2003_San_Francisco_49ers_season,team_season_page,False
2003,TB,DC,Monte Kiffin,1,1,False,False,,staff_section,https://en.wikipedia.org/wiki/2003_Tampa_Bay_Buccaneers_season,team_season_page,False
2003,TB,HC,Jon Gruden,1,1,False,False,,both,https://en.wikipedia.org/wiki/2003_Tampa_Bay_Buccaneers_season,team_season_page,False
2003,TB,OC,Bill Muir,1,1,False,False,,staff_section,https://en.wikipedia.org/wiki/2003_Tampa_Bay_Buccaneers_season,team_season_page,False
2003,TEN,DC,Jim Schwartz,1,1,False,False,,staff_section,https://en.wikipedia.org/wiki/2003_Tennessee_Titans_season,team_season_page,False
2003,TEN,HC,Jeff Fisher,1,1,False,False,,both,https://en.wikipedia.org/wiki/2003_Tennessee_Titans_season,team_season_page,False
2003,TEN,OC,Mike Heimerdinger,1,1,False,False,,staff_section,https://en.wikipedia.org/wiki/2003_Tennessee_Titans_season,team_season_page,False
2003,WSH,DC,George Edwards,1,1,False,False,gap-fill (biography_only),biography,https://en.wikipedia.org/wiki/George_Edwards_(American_football),biography,False
2003,WSH,HC,Steve Spurrier,1,1,False,False,,infobox,https://en.wikipedia.org/wiki/2003_Washington_Redskins_season,team_season_page,False
2003,WSH,OC,Hue Jackson,1,1,False,False,gap-fill (biography_only),biography,https://en.wikipedia.org/wiki/Hue_Jackson,biography,False
2004,ARI,HC,Dennis Green,1,1,False,False,,infobox,https://en.wikipedia.org/wiki/2004_Arizona_Cardinals_season,team_season_page,False
2004,ARI,OC,Alex Wood,1,1,False,False,gap-fill (biography_only),biography,https://en.wikipedia.org/wiki/Alex_Wood_(American_football),biography,False
2004,ATL,DC,Ed Donatell,1,1,False,False,,staff_section,https://en.wikipedia.org/wiki/2004_Atlanta_Falcons_season,team_season_page,False
2004,ATL,HC,Jim Mora,1,1,False,False,,both,https://en.wikipedia.org/wiki/2004_Atlanta_Falcons_season,team_season_page,False
2004,ATL,OC,Greg Knapp,1,1,False,False,,staff_section,https://en.wikipedia.org/wiki/2004_Atlanta_Falcons_season,team_season_page,False
2004,BAL,DC,Mike Nolan,1,1,False,False,,staff_section,https://en.wikipedia.org/wiki/2004_Baltimore_Ravens_season,team_season_page,False
2004,BAL,HC,Brian Billick,1,1,False,False,,both,https://en.wikipedia.org/wiki/2004_Baltimore_Ravens_season,team_season_page,False
2004,BAL,OC,Matt Cavanaugh,1,1,False,False,,staff_section,https://en.wikipedia.org/wiki/2004_Baltimore_Ravens_season,team_season_page,False
2004,BUF,DC,Jerry Gray,1,1,False,False,gap-fill (biography_only),biography,https://en.wikipedia.org/wiki/Jerry_Gray,biography,False
2004,BUF,HC,Mike Mularkey,1,1,False,False,,infobox,https://en.wikipedia.org/wiki/2004_Buffalo_Bills_season,team_season_page,False
2004,BUF,OC,Tom Clements,1,1,False,False,gap-fill (biography_only),biography,https://en.wikipedia.org/wiki/Tom_Clements,biography,False
2004,CAR,DC,Mike Trgovac,1,1,False,False,gap-fill (biography_only),biography,https://en.wikipedia.org/wiki/Mike_Trgovac,biography,False
2004,CAR,HC,John Fox,1,1,False,False,,infobox,https://en.wikipedia.org/wiki/2004_Carolina_Panthers_season,team_season_page,False
2004,CHI,DC,Ron Rivera,1,1,False,False,,staff_section,https://en.wikipedia.org/wiki/2004_Chicago_Bears_season,team_season_page,False
2004,CHI,HC,Lovie Smith,1,1,False,False,,both,https://en.wikipedia.org/wiki/2004_Chicago_Bears_season,team_season_page,False
2004,CHI,OC,Terry Shea,1,1,False,False,,staff_section,https://en.wikipedia.org/wiki/2004_Chicago_Bears_season,team_season_page,False
2004,CIN,DC,Leslie Frazier,1,1,False,False,gap-fill (biography_only),biography,https://en.wikipedia.org/wiki/Leslie_Frazier,biography,False
2004,CIN,HC,Marvin Lewis,1,1,False,False,,infobox,https://en.wikipedia.org/wiki/2004_Cincinnati_Bengals_season,team_season_page,False
2004,CIN,OC,Bob Bratkowski,1,1,False,False,gap-fill (biography_only),biography,https://en.wikipedia.org/wiki/Bob_Bratkowski,biography,False
2004,CLE,HC,Butch Davis,1,2,False,False,"resigned November 30, 3–8 record",infobox,https://en.wikipedia.org/wiki/2004_Cleveland_Browns_season,team_season_page,False
2004,CLE,HC,Terry Robiskie,2,2,False,True,1–4 record | interim,infobox,https://en.wikipedia.org/wiki/2004_Cleveland_Browns_season,team_season_page,False
2004,CLE,OC,Terry Robiskie,1,1,False,True,gap-fill (biography_only): interim,biography,https://en.wikipedia.org/wiki/Terry_Robiskie,biography,False
2004,DAL,DC,Mike Zimmer,1,1,False,False,gap-fill (biography_only),biography,https://en.wikipedia.org/wiki/Mike_Zimmer,biography,False
2004,DAL,HC,Bill Parcells,1,1,False,False,,infobox,https://en.wikipedia.org/wiki/2004_Dallas_Cowboys_season,team_season_page,False
2004,DAL,OC,Maurice Carthon,1,1,False,False,gap-fill (biography_only),biography,https://en.wikipedia.org/wiki/Maurice_Carthon,biography,False
2004,DEN,DC,Larry Coyer,1,1,False,False,,staff_section,https://en.wikipedia.org/wiki/2004_Denver_Broncos_season,team_season_page,False
2004,DEN,HC,Mike Shanahan,1,1,False,False,,both,https://en.wikipedia.org/wiki/2004_Denver_Broncos_season,team_season_page,False
2004,DEN,OC,Gary Kubiak,1,1,False,False,,staff_section,https://en.wikipedia.org/wiki/2004_Denver_Broncos_season,team_season_page,False
2004,DET,DC,Dick Jauron,1,1,False,False,,staff_section,https://en.wikipedia.org/wiki/2004_Detroit_Lions_season,team_season_page,False
2004,DET,HC,Steve Mariucci,1,1,False,False,,both,https://en.wikipedia.org/wiki/2004_Detroit_Lions_season,team_season_page,False
2004,DET,OC,Sherman Lewis,1,1,False,False,,staff_section,https://en.wikipedia.org/wiki/2004_Detroit_Lions_season,team_season_page,False
2004,GB,DC,Bob Slowik,1,1,False,False,,staff_section,https://en.wikipedia.org/wiki/2004_Green_Bay_Packers_season,team_season_page,False
2004,GB,HC,Mike Sherman,1,1,False,False,,both,https://en.wikipedia.org/wiki/2004_Green_Bay_Packers_season,team_season_page,False
2004,GB,OC,Tom Rossley,1,1,False,False,,staff_section,https://en.wikipedia.org/wiki/2004_Green_Bay_Packers_season,team_season_page,False
2004,HOU,DC,Vic Fangio,1,1,False,False,,staff_section,https://en.wikipedia.org/wiki/2004_Houston_Texans_season,team_season_page,False
2004,HOU,HC,Dom Capers,1,1,False,False,,both,https://en.wikipedia.org/wiki/2004_Houston_Texans_season,team_season_page,False
2004,HOU,OC,Chris Palmer,1,1,False,False,,staff_section,https://en.wikipedia.org/wiki/2004_Houston_Texans_season,team_season_page,False
2004,IND,HC,Tony Dungy,1,1,False,False,,infobox,https://en.wikipedia.org/wiki/2004_Indianapolis_Colts_season,team_season_page,False
2004,JAX,DC,Mike Smith,1,1,False,False,,both,https://en.wikipedia.org/wiki/2004_Jacksonville_Jaguars_season,team_season_page,False
2004,JAX,HC,Jack Del Rio,1,1,False,False,,both,https://en.wikipedia.org/wiki/2004_Jacksonville_Jaguars_season,team_season_page,False
2004,JAX,OC,Bill Musgrave,1,1,False,False,,both,https://en.wikipedia.org/wiki/2004_Jacksonville_Jaguars_season,team_season_page,False
2004,KC,DC,Gunther Cunningham,1,1,False,False,,staff_section,https://en.wikipedia.org/wiki/2004_Kansas_City_Chiefs_season,team_season_page,False
2004,KC,HC,Dick Vermeil,1,1,False,False,,both,https://en.wikipedia.org/wiki/2004_Kansas_City_Chiefs_season,team_season_page,False
2004,KC,OC,Al Saunders,1,1,False,False,,staff_section,https://en.wikipedia.org/wiki/2004_Kansas_City_Chiefs_season,team_season_page,False
2004,LAC,DC,Wade Phillips,1,1,False,False,,staff_section,https://en.wikipedia.org/wiki/2004_San_Diego_Chargers_season,team_season_page,False
2004,LAC,HC,Marty Schottenheimer,1,1,False,False,,both,https://en.wikipedia.org/wiki/2004_San_Diego_Chargers_season,team_season_page,False
2004,LAC,OC,Cam Cameron,1,1,False,False,,staff_section,https://en.wikipedia.org/wiki/2004_San_Diego_Chargers_season,team_season_page,False
2004,LAR,DC,Larry Marmie,1,1,False,False,gap-fill (biography_only),biography,https://en.wikipedia.org/wiki/Larry_Marmie,biography,False
2004,LAR,HC,Mike Martz,1,1,False,False,,infobox,https://en.wikipedia.org/wiki/2004_St._Louis_Rams_season,team_season_page,False
2004,LAR,OC,Mike Martz,1,1,False,False,gap-fill (biography_only),biography,https://en.wikipedia.org/wiki/Mike_Martz,biography,False
2004,MIA,DC,Jim Bates,1,1,False,True,Interim Head Coach Games 10-16,staff_section,https://en.wikipedia.org/wiki/2004_Miami_Dolphins_season,team_season_page,False
2004,MIA,HC,Dave Wannstedt,1,2,False,False,resigned November 9; 1–8 record | Games 1-9,both,https://en.wikipedia.org/wiki/2004_Miami_Dolphins_season,team_season_page,False
2004,MIA,HC,Jim Bates,2,2,False,True,"3–4 record, interim",infobox,https://en.wikipedia.org/wiki/2004_Miami_Dolphins_season,team_season_page,False
2004,MIA,OC,Chris Foerster,1,1,False,False,,staff_section,https://en.wikipedia.org/wiki/2004_Miami_Dolphins_season,team_season_page,False
2004,MIN,DC,Ted Cottrell,1,1,False,False,,staff_section,https://en.wikipedia.org/wiki/2004_Minnesota_Vikings_season,team_season_page,False
2004,MIN,HC,Mike Tice,1,1,False,False,,both,https://en.wikipedia.org/wiki/2004_Minnesota_Vikings_season,team_season_page,False
2004,MIN,OC,Scott Linehan,1,1,False,False,,staff_section,https://en.wikipedia.org/wiki/2004_Minnesota_Vikings_season,team_season_page,False
2004,NE,DC,Romeo Crennel,1,1,False,False,gap-fill (biography_only),biography,https://en.wikipedia.org/wiki/Romeo_Crennel,biography,False
2004,NE,HC,Bill Belichick,1,1,False,False,,infobox,https://en.wikipedia.org/wiki/2004_New_England_Patriots_season,team_season_page,False
2004,NO,DC,Rick Venturi,1,1,False,False,,staff_section,https://en.wikipedia.org/wiki/2004_New_Orleans_Saints_season,team_season_page,False
2004,NO,HC,Jim Haslett,1,1,False,False,,both,https://en.wikipedia.org/wiki/2004_New_Orleans_Saints_season,team_season_page,False
2004,NO,OC,Mike McCarthy,1,1,False,False,,staff_section,https://en.wikipedia.org/wiki/2004_New_Orleans_Saints_season,team_season_page,False
2004,NYG,DC,Tim Lewis,1,1,False,False,gap-fill (biography_only),biography,https://en.wikipedia.org/wiki/Tim_Lewis,biography,False
2004,NYG,HC,Tom Coughlin,1,1,False,False,,infobox,https://en.wikipedia.org/wiki/2004_New_York_Giants_season,team_season_page,False
2004,NYG,OC,John Hufnagel,1,1,False,False,gap-fill (biography_only),biography,https://en.wikipedia.org/wiki/John_Hufnagel,biography,False
2004,NYJ,DC,Donnie Henderson,1,1,False,False,,staff_section,https://en.wikipedia.org/wiki/2004_New_York_Jets_season,team_season_page,False
2004,NYJ,HC,Herman Edwards,1,1,False,False,,both,https://en.wikipedia.org/wiki/2004_New_York_Jets_season,team_season_page,False
2004,NYJ,OC,Paul Hackett,1,1,False,False,,staff_section,https://en.wikipedia.org/wiki/2004_New_York_Jets_season,team_season_page,False
2004,OAK,DC,Rob Ryan,1,1,False,False,gap-fill (biography_only),biography,https://en.wikipedia.org/wiki/Rob_Ryan,biography,False
2004,OAK,HC,Norv Turner,1,1,False,False,,infobox,https://en.wikipedia.org/wiki/2004_Oakland_Raiders_season,team_season_page,False
2004,OAK,OC,Jimmy Raye II,1,1,False,False,gap-fill (biography_only),biography,https://en.wikipedia.org/wiki/Jimmy_Raye_II,biography,False
2004,PHI,DC,Jim Johnson,1,1,False,False,,staff_section,https://en.wikipedia.org/wiki/2004_Philadelphia_Eagles_season,team_season_page,False
2004,PHI,HC,Andy Reid,1,1,False,False,,both,https://en.wikipedia.org/wiki/2004_Philadelphia_Eagles_season,team_season_page,False
2004,PHI,OC,Brad Childress,1,1,False,False,,staff_section,https://en.wikipedia.org/wiki/2004_Philadelphia_Eagles_season,team_season_page,False
2004,PIT,DC,Dick LeBeau,1,1,False,False,,staff_section,https://en.wikipedia.org/wiki/2004_Pittsburgh_Steelers_season,team_season_page,False
2004,PIT,HC,Bill Cowher,1,1,False,False,,both,https://en.wikipedia.org/wiki/2004_Pittsburgh_Steelers_season,team_season_page,False
2004,PIT,OC,Ken Whisenhunt,1,1,False,False,,staff_section,https://en.wikipedia.org/wiki/2004_Pittsburgh_Steelers_season,team_season_page,False
2004,SEA,DC,Ray Rhodes,1,1,False,False,gap-fill (biography_only),biography,https://en.wikipedia.org/wiki/Ray_Rhodes,biography,False
2004,SEA,HC,Mike Holmgren,1,1,False,False,,infobox,https://en.wikipedia.org/wiki/2004_Seattle_Seahawks_season,team_season_page,False
2004,SEA,OC,Gil Haskell,1,1,False,False,gap-fill (biography_only),biography,https://en.wikipedia.org/wiki/Gil_Haskell,biography,False
2004,SF,HC,Dennis Erickson,1,1,False,False,,infobox,https://en.wikipedia.org/wiki/2004_San_Francisco_49ers_season,team_season_page,False
2004,TB,DC,Monte Kiffin,1,1,False,False,,staff_section,https://en.wikipedia.org/wiki/2004_Tampa_Bay_Buccaneers_season,team_season_page,False
2004,TB,HC,Jon Gruden,1,1,False,False,,both,https://en.wikipedia.org/wiki/2004_Tampa_Bay_Buccaneers_season,team_season_page,False
2004,TB,OC,Bill Muir,1,1,False,False,,staff_section,https://en.wikipedia.org/wiki/2004_Tampa_Bay_Buccaneers_season,team_season_page,False
2004,TEN,DC,Jim Schwartz,1,1,False,False,,staff_section,https://en.wikipedia.org/wiki/2004_Tennessee_Titans_season,team_season_page,False
2004,TEN,HC,Jeff Fisher,1,1,False,False,,both,https://en.wikipedia.org/wiki/2004_Tennessee_Titans_season,team_season_page,False
2004,TEN,OC,Mike Heimerdinger,1,1,False,False,,staff_section,https://en.wikipedia.org/wiki/2004_Tennessee_Titans_season,team_season_page,False
2004,WSH,DC,Greg Blache,1,1,False,False,,staff_section,https://en.wikipedia.org/wiki/2004_Washington_Redskins_season,team_season_page,False
2004,WSH,HC,Joe Gibbs,1,1,False,False,,both,https://en.wikipedia.org/wiki/2004_Washington_Redskins_season,team_season_page,False
2004,WSH,OC,Don Breaux,1,1,False,False,,staff_section,https://en.wikipedia.org/wiki/2004_Washington_Redskins_season,team_season_page,False
2005,ARI,DC,Clancy Pendergast,1,1,False,False,,staff_section,https://en.wikipedia.org/wiki/2005_Arizona_Cardinals_season,team_season_page,False
2005,ARI,HC,Dennis Green,1,1,False,False,,both,https://en.wikipedia.org/wiki/2005_Arizona_Cardinals_season,team_season_page,False
2005,ARI,OC,Keith Rowen,1,1,False,False,,staff_section,https://en.wikipedia.org/wiki/2005_Arizona_Cardinals_season,team_season_page,False
2005,ATL,DC,Ed Donatell,1,1,False,False,,staff_section,https://en.wikipedia.org/wiki/2005_Atlanta_Falcons_season,team_season_page,False
2005,ATL,HC,Jim Mora,1,1,False,False,,both,https://en.wikipedia.org/wiki/2005_Atlanta_Falcons_season,team_season_page,False
2005,ATL,OC,Greg Knapp,1,1,False,False,,staff_section,https://en.wikipedia.org/wiki/2005_Atlanta_Falcons_season,team_season_page,False
2005,BAL,DC,Rex Ryan,1,1,False,False,,staff_section,https://en.wikipedia.org/wiki/2005_Baltimore_Ravens_season,team_season_page,False
2005,BAL,HC,Brian Billick,1,1,False,False,,both,https://en.wikipedia.org/wiki/2005_Baltimore_Ravens_season,team_season_page,False
2005,BAL,OC,Jim Fassel,1,1,False,False,,staff_section,https://en.wikipedia.org/wiki/2005_Baltimore_Ravens_season,team_season_page,False
2005,BUF,DC,Jerry Gray,1,1,False,False,,staff_section,https://en.wikipedia.org/wiki/2005_Buffalo_Bills_season,team_season_page,False
2005,BUF,HC,Mike Mularkey,1,1,False,False,,both,https://en.wikipedia.org/wiki/2005_Buffalo_Bills_season,team_season_page,False
2005,BUF,OC,Tom Clements,1,1,False,False,,staff_section,https://en.wikipedia.org/wiki/2005_Buffalo_Bills_season,team_season_page,False
2005,CAR,DC,Mike Trgovac,1,1,False,False,gap-fill (biography_only),biography,https://en.wikipedia.org/wiki/Mike_Trgovac,biography,False
2005,CAR,HC,John Fox,1,1,False,False,,infobox,https://en.wikipedia.org/wiki/2005_Carolina_Panthers_season,team_season_page,False
2005,CHI,DC,Ron Rivera,1,1,False,False,,staff_section,https://en.wikipedia.org/wiki/2005_Chicago_Bears_season,team_season_page,False
2005,CHI,HC,Lovie Smith,1,1,False,False,,both,https://en.wikipedia.org/wiki/2005_Chicago_Bears_season,team_season_page,False
2005,CHI,OC,Ron Turner,1,1,False,False,,staff_section,https://en.wikipedia.org/wiki/2005_Chicago_Bears_season,team_season_page,False
2005,CIN,HC,Marvin Lewis,1,1,False,False,,infobox,https://en.wikipedia.org/wiki/2005_Cincinnati_Bengals_season,team_season_page,False
2005,CIN,OC,Bob Bratkowski,1,1,False,False,gap-fill (biography_only),biography,https://en.wikipedia.org/wiki/Bob_Bratkowski,biography,False
2005,CLE,HC,Romeo Crennel,1,1,False,False,,infobox,https://en.wikipedia.org/wiki/2005_Cleveland_Browns_season,team_season_page,False
2005,CLE,OC,Maurice Carthon,1,1,False,False,gap-fill (biography_only),biography,https://en.wikipedia.org/wiki/Maurice_Carthon,biography,False
2005,DAL,DC,Mike Zimmer,1,1,False,False,gap-fill (biography_only),biography,https://en.wikipedia.org/wiki/Mike_Zimmer,biography,False
2005,DAL,HC,Bill Parcells,1,1,False,False,,infobox,https://en.wikipedia.org/wiki/2005_Dallas_Cowboys_season,team_season_page,False
2005,DEN,DC,Larry Coyer,1,1,False,False,,both,https://en.wikipedia.org/wiki/2005_Denver_Broncos_season,team_season_page,False
2005,DEN,HC,Mike Shanahan,1,1,False,False,,both,https://en.wikipedia.org/wiki/2005_Denver_Broncos_season,team_season_page,False
2005,DEN,OC,Gary Kubiak,1,1,False,False,,both,https://en.wikipedia.org/wiki/2005_Denver_Broncos_season,team_season_page,False
2005,DET,DC,Dick Jauron,1,1,False,False,gap-fill (biography_only),biography,https://en.wikipedia.org/wiki/Dick_Jauron,biography,False
2005,DET,HC,Steve Mariucci,1,2,False,False,,both,https://en.wikipedia.org/wiki/2005_Detroit_Lions_season,team_season_page,False
2005,DET,HC,Dick Jauron,2,2,False,False,,both,https://en.wikipedia.org/wiki/2005_Detroit_Lions_season,team_season_page,False
2005,DET,OC,Ted Tollner,1,1,False,False,,staff_section,https://en.wikipedia.org/wiki/2005_Detroit_Lions_season,team_season_page,False
2005,GB,DC,Jim Bates,1,1,False,False,,staff_section,https://en.wikipedia.org/wiki/2005_Green_Bay_Packers_season,team_season_page,False
2005,GB,HC,Mike Sherman,1,1,False,False,,both,https://en.wikipedia.org/wiki/2005_Green_Bay_Packers_season,team_season_page,False
2005,GB,OC,Tom Rossley,1,1,False,False,,staff_section,https://en.wikipedia.org/wiki/2005_Green_Bay_Packers_season,team_season_page,False
2005,HOU,DC,Vic Fangio,1,1,False,False,,staff_section,https://en.wikipedia.org/wiki/2005_Houston_Texans_season,team_season_page,False
2005,HOU,HC,Dom Capers,1,1,False,False,,both,https://en.wikipedia.org/wiki/2005_Houston_Texans_season,team_season_page,False
2005,HOU,OC,Chris Palmer,1,2,False,False,,staff_section,https://en.wikipedia.org/wiki/2005_Houston_Texans_season,team_season_page,False
2005,HOU,OC,Joe Pendry,2,2,False,False,,staff_section,https://en.wikipedia.org/wiki/2005_Houston_Texans_season,team_season_page,False
2005,IND,HC,Tony Dungy,1,1,False,False,,infobox,https://en.wikipedia.org/wiki/2005_Indianapolis_Colts_season,team_season_page,False
2005,JAX,DC,Mike Smith,1,1,False,False,,both,https://en.wikipedia.org/wiki/2005_Jacksonville_Jaguars_season,team_season_page,False
2005,JAX,HC,Jack Del Rio,1,1,False,False,,both,https://en.wikipedia.org/wiki/2005_Jacksonville_Jaguars_season,team_season_page,False
2005,JAX,OC,Carl Smith,1,1,False,False,,both,https://en.wikipedia.org/wiki/2005_Jacksonville_Jaguars_season,team_season_page,False
2005,KC,DC,Gunther Cunningham,1,1,False,False,,staff_section,https://en.wikipedia.org/wiki/2005_Kansas_City_Chiefs_season,team_season_page,False
2005,KC,HC,Dick Vermeil,1,1,False,False,,both,https://en.wikipedia.org/wiki/2005_Kansas_City_Chiefs_season,team_season_page,False
2005,KC,OC,Al Saunders,1,1,False,False,,staff_section,https://en.wikipedia.org/wiki/2005_Kansas_City_Chiefs_season,team_season_page,False
2005,LAC,DC,Wade Phillips,1,1,False,False,,staff_section,https://en.wikipedia.org/wiki/2005_San_Diego_Chargers_season,team_season_page,False
2005,LAC,HC,Marty Schottenheimer,1,1,False,False,,both,https://en.wikipedia.org/wiki/2005_San_Diego_Chargers_season,team_season_page,False
2005,LAC,OC,Cam Cameron,1,1,False,False,,staff_section,https://en.wikipedia.org/wiki/2005_San_Diego_Chargers_season,team_season_page,False
2005,LAR,DC,Larry Marmie,1,1,False,False,gap-fill (biography_only),biography,https://en.wikipedia.org/wiki/Larry_Marmie,biography,False
2005,LAR,HC,Mike Martz,1,2,False,False,Weeks 1–5,infobox,https://en.wikipedia.org/wiki/2005_St._Louis_Rams_season,team_season_page,False
2005,LAR,HC,Joe Vitt,2,2,False,True,Interim; Weeks 6–17,infobox,https://en.wikipedia.org/wiki/2005_St._Louis_Rams_season,team_season_page,False
2005,LAR,OC,Mike Martz,1,1,False,False,gap-fill (biography_only),biography,https://en.wikipedia.org/wiki/Mike_Martz,biography,False
2005,MIA,DC,Richard Smith,1,1,False,False,,staff_section,https://en.wikipedia.org/wiki/2005_Miami_Dolphins_season,team_season_page,False
2005,MIA,HC,Nick Saban,1,1,False,False,,both,https://en.wikipedia.org/wiki/2005_Miami_Dolphins_season,team_season_page,False
2005,MIA,OC,Scott Linehan,1,1,False,False,,staff_section,https://en.wikipedia.org/wiki/2005_Miami_Dolphins_season,team_season_page,False
2005,MIN,DC,Ted Cottrell,1,1,False,False,,staff_section,https://en.wikipedia.org/wiki/2005_Minnesota_Vikings_season,team_season_page,False
2005,MIN,HC,Mike Tice,1,1,False,False,,both,https://en.wikipedia.org/wiki/2005_Minnesota_Vikings_season,team_season_page,False
2005,MIN,OC,Steve Loney,1,1,False,False,,staff_section,https://en.wikipedia.org/wiki/2005_Minnesota_Vikings_season,team_season_page,False
2005,NE,DC,Eric Mangini,1,1,False,False,gap-fill (biography_only),biography,https://en.wikipedia.org/wiki/Eric_Mangini,biography,False
2005,NE,HC,Bill Belichick,1,1,False,False,,infobox,https://en.wikipedia.org/wiki/2005_New_England_Patriots_season,team_season_page,False
2005,NO,DC,Rick Venturi,1,1,False,False,,staff_section,https://en.wikipedia.org/wiki/2005_New_Orleans_Saints_season,team_season_page,False
2005,NO,HC,Jim Haslett,1,1,False,False,,both,https://en.wikipedia.org/wiki/2005_New_Orleans_Saints_season,team_season_page,False
2005,NO,OC,Mike Sheppard,1,1,False,False,,staff_section,https://en.wikipedia.org/wiki/2005_New_Orleans_Saints_season,team_season_page,False
2005,NYG,DC,Tim Lewis,1,1,False,False,gap-fill (biography_only),biography,https://en.wikipedia.org/wiki/Tim_Lewis,biography,False
2005,NYG,HC,Tom Coughlin,1,1,False,False,,infobox,https://en.wikipedia.org/wiki/2005_New_York_Giants_season,team_season_page,False
2005,NYG,OC,John Hufnagel,1,1,False,False,gap-fill (biography_only),biography,https://en.wikipedia.org/wiki/John_Hufnagel,biography,False
2005,NYJ,DC,Donnie Henderson,1,1,False,False,,staff_section,https://en.wikipedia.org/wiki/2005_New_York_Jets_season,team_season_page,False
2005,NYJ,HC,Herman Edwards,1,1,False,False,,both,https://en.wikipedia.org/wiki/2005_New_York_Jets_season,team_season_page,False
2005,NYJ,OC,Mike Heimerdinger,1,1,False,False,,staff_section,https://en.wikipedia.org/wiki/2005_New_York_Jets_season,team_season_page,False
2005,OAK,DC,Rob Ryan,1,1,False,False,gap-fill (biography_only),biography,https://en.wikipedia.org/wiki/Rob_Ryan,biography,False
2005,OAK,HC,Norv Turner,1,1,False,False,,infobox,https://en.wikipedia.org/wiki/2005_Oakland_Raiders_season,team_season_page,False
2005,OAK,OC,Jimmy Raye II,1,1,False,False,gap-fill (biography_only),biography,https://en.wikipedia.org/wiki/Jimmy_Raye_II,biography,False
2005,PHI,DC,Jim Johnson,1,1,False,False,,staff_section,https://en.wikipedia.org/wiki/2005_Philadelphia_Eagles_season,team_season_page,False
2005,PHI,HC,Andy Reid,1,1,False,False,,both,https://en.wikipedia.org/wiki/2005_Philadelphia_Eagles_season,team_season_page,False
2005,PHI,OC,Marty Mornhinweg,1,2,False,False,,staff_section,https://en.wikipedia.org/wiki/2005_Philadelphia_Eagles_season,team_season_page,False
2005,PHI,OC,Brad Childress,2,2,False,False,,staff_section,https://en.wikipedia.org/wiki/2005_Philadelphia_Eagles_season,team_season_page,False
2005,PIT,DC,Dick LeBeau,1,1,False,False,,staff_section,https://en.wikipedia.org/wiki/2005_Pittsburgh_Steelers_season,team_season_page,False
2005,PIT,HC,Bill Cowher,1,1,False,False,,both,https://en.wikipedia.org/wiki/2005_Pittsburgh_Steelers_season,team_season_page,False
2005,PIT,OC,Ken Whisenhunt,1,1,False,False,,staff_section,https://en.wikipedia.org/wiki/2005_Pittsburgh_Steelers_season,team_season_page,False
2005,SEA,DC,Ray Rhodes,1,1,False,False,gap-fill (biography_only),biography,https://en.wikipedia.org/wiki/Ray_Rhodes,biography,False
2005,SEA,HC,Mike Holmgren,1,1,False,False,,infobox,https://en.wikipedia.org/wiki/2005_Seattle_Seahawks_season,team_season_page,False
2005,SEA,OC,Gil Haskell,1,1,False,False,gap-fill (biography_only),biography,https://en.wikipedia.org/wiki/Gil_Haskell,biography,False
2005,SF,DC,Bill Davis,1,1,False,False,,staff_section,https://en.wikipedia.org/wiki/2005_San_Francisco_49ers_season,team_season_page,False
2005,SF,HC,Mike Nolan,1,1,False,False,,both,https://en.wikipedia.org/wiki/2005_San_Francisco_49ers_season,team_season_page,False
2005,SF,OC,Mike McCarthy,1,1,False,False,,staff_section,https://en.wikipedia.org/wiki/2005_San_Francisco_49ers_season,team_season_page,False
2005,TB,DC,Monte Kiffin,1,1,False,False,,staff_section,https://en.wikipedia.org/wiki/2005_Tampa_Bay_Buccaneers_season,team_season_page,False
2005,TB,HC,Jon Gruden,1,1,False,False,,both,https://en.wikipedia.org/wiki/2005_Tampa_Bay_Buccaneers_season,team_season_page,False
2005,TB,OC,Bill Muir,1,1,False,False,,staff_section,https://en.wikipedia.org/wiki/2005_Tampa_Bay_Buccaneers_season,team_season_page,False
2005,TEN,DC,Jim Schwartz,1,1,False,False,,staff_section,https://en.wikipedia.org/wiki/2005_Tennessee_Titans_season,team_season_page,False
2005,TEN,HC,Jeff Fisher,1,1,False,False,,both,https://en.wikipedia.org/wiki/2005_Tennessee_Titans_season,team_season_page,False
2005,TEN,OC,Norm Chow,1,1,False,False,,staff_section,https://en.wikipedia.org/wiki/2005_Tennessee_Titans_season,team_season_page,False
2005,WSH,DC,Gregg Williams,1,1,False,False,gap-fill (biography_only),biography,https://en.wikipedia.org/wiki/Gregg_Williams,biography,False
2005,WSH,HC,Joe Gibbs,1,1,False,False,,infobox,https://en.wikipedia.org/wiki/2005_Washington_Redskins_season,team_season_page,False
2006,ARI,HC,Dennis Green,1,1,False,False,,infobox,https://en.wikipedia.org/wiki/2006_Arizona_Cardinals_season,team_season_page,False
2006,ARI,OC,Keith Rowen,1,2,False,False,gap-fill (sources_disagree): disagreement: 2 candidates for this season,biography,https://en.wikipedia.org/wiki/Keith_Rowen,biography,True
2006,ARI,OC,Mike Kruczek,1,2,False,False,gap-fill (sources_disagree): disagreement: 2 candidates for this season,biography,https://en.wikipedia.org/wiki/Mike_Kruczek,biography,True
2006,ATL,DC,Ed Donatell,1,1,False,False,,both,https://en.wikipedia.org/wiki/2006_Atlanta_Falcons_season,team_season_page,False
2006,ATL,HC,Jim Mora,1,1,False,False,,both,https://en.wikipedia.org/wiki/2006_Atlanta_Falcons_season,team_season_page,False
2006,ATL,OC,Greg Knapp,1,1,False,False,,both,https://en.wikipedia.org/wiki/2006_Atlanta_Falcons_season,team_season_page,False
2006,BAL,DC,Rex Ryan,1,1,False,False,,infobox,https://en.wikipedia.org/wiki/2006_Baltimore_Ravens_season,team_season_page,False
2006,BAL,HC,Brian Billick,1,1,False,False,,infobox,https://en.wikipedia.org/wiki/2006_Baltimore_Ravens_season,team_season_page,False
2006,BAL,OC,Jim Fassel,1,1,False,False,fired Oct 17,infobox,https://en.wikipedia.org/wiki/2006_Baltimore_Ravens_season,team_season_page,False
2006,BUF,DC,Perry Fewell,1,1,False,False,,staff_section,https://en.wikipedia.org/wiki/2006_Buffalo_Bills_season,team_season_page,False
2006,BUF,HC,Dick Jauron,1,1,False,False,,both,https://en.wikipedia.org/wiki/2006_Buffalo_Bills_season,team_season_page,False
2006,BUF,OC,Steve Fairchild,1,1,False,False,,staff_section,https://en.wikipedia.org/wiki/2006_Buffalo_Bills_season,team_season_page,False
2006,CAR,DC,Mike Trgovac,1,1,False,False,,infobox,https://en.wikipedia.org/wiki/2006_Carolina_Panthers_season,team_season_page,False
2006,CAR,HC,John Fox,1,1,False,False,,infobox,https://en.wikipedia.org/wiki/2006_Carolina_Panthers_season,team_season_page,False
2006,CAR,OC,Dan Henning,1,1,False,False,,infobox,https://en.wikipedia.org/wiki/2006_Carolina_Panthers_season,team_season_page,False
2006,CHI,DC,Ron Rivera,1,1,False,False,,both,https://en.wikipedia.org/wiki/2006_Chicago_Bears_season,team_season_page,False
2006,CHI,HC,Lovie Smith,1,1,False,False,,both,https://en.wikipedia.org/wiki/2006_Chicago_Bears_season,team_season_page,False
2006,CHI,OC,Ron Turner,1,1,False,False,,both,https://en.wikipedia.org/wiki/2006_Chicago_Bears_season,team_season_page,False
2006,CIN,DC,Chuck Bresnahan,1,1,False,False,,infobox,https://en.wikipedia.org/wiki/2006_Cincinnati_Bengals_season,team_season_page,False
2006,CIN,HC,Marvin Lewis,1,1,False,False,,infobox,https://en.wikipedia.org/wiki/2006_Cincinnati_Bengals_season,team_season_page,False
2006,CIN,OC,Bob Bratkowski,1,1,False,False,,infobox,https://en.wikipedia.org/wiki/2006_Cincinnati_Bengals_season,team_season_page,False
2006,CLE,HC,Romeo Crennel,1,1,False,False,,infobox,https://en.wikipedia.org/wiki/2006_Cleveland_Browns_season,team_season_page,False
2006,CLE,OC,Jeff Davidson,1,2,False,False,gap-fill (sources_disagree): disagreement: 2 candidates for this season,biography,https://en.wikipedia.org/wiki/Jeff_Davidson,biography,True
2006,CLE,OC,Maurice Carthon,1,2,False,False,gap-fill (sources_disagree): disagreement: 2 candidates for this season,biography,https://en.wikipedia.org/wiki/Maurice_Carthon,biography,True
2006,DAL,DC,Mike Zimmer,1,1,False,False,,infobox,https://en.wikipedia.org/wiki/2006_Dallas_Cowboys_season,team_season_page,False
2006,DAL,HC,Bill Parcells,1,1,False,False,,infobox,https://en.wikipedia.org/wiki/2006_Dallas_Cowboys_season,team_season_page,False
2006,DEN,DC,Larry Coyer,1,1,False,False,,both,https://en.wikipedia.org/wiki/2006_Denver_Broncos_season,team_season_page,False
2006,DEN,HC,Mike Shanahan,1,1,False,False,,both,https://en.wikipedia.org/wiki/2006_Denver_Broncos_season,team_season_page,False
2006,DEN,OC,Rick Dennison,1,1,False,False,,both,https://en.wikipedia.org/wiki/2006_Denver_Broncos_season,team_season_page,False
2006,DET,DC,Donnie Henderson,1,1,False,False,,infobox,https://en.wikipedia.org/wiki/2006_Detroit_Lions_season,team_season_page,False
2006,DET,HC,Rod Marinelli,1,1,False,False,,both,https://en.wikipedia.org/wiki/2006_Detroit_Lions_season,team_season_page,False
2006,DET,OC,Mike Martz,1,1,False,False,,both,https://en.wikipedia.org/wiki/2006_Detroit_Lions_season,team_season_page,False
2006,GB,DC,Bob Sanders,1,1,False,False,,staff_section,https://en.wikipedia.org/wiki/2006_Green_Bay_Packers_season,team_season_page,False
2006,GB,HC,Mike McCarthy,1,1,False,False,,both,https://en.wikipedia.org/wiki/2006_Green_Bay_Packers_season,team_season_page,False
2006,GB,OC,Jeff Jagodzinski,1,1,False,False,,staff_section,https://en.wikipedia.org/wiki/2006_Green_Bay_Packers_season,team_season_page,False
2006,HOU,DC,Richard Smith,1,1,False,False,,both,https://en.wikipedia.org/wiki/2006_Houston_Texans_season,team_season_page,False
2006,HOU,HC,Gary Kubiak,1,1,False,False,,both,https://en.wikipedia.org/wiki/2006_Houston_Texans_season,team_season_page,False
2006,HOU,OC,Troy Calhoun,1,1,False,False,,both,https://en.wikipedia.org/wiki/2006_Houston_Texans_season,team_season_page,False
2006,IND,DC,Ron Meeks,1,1,False,False,,infobox,https://en.wikipedia.org/wiki/2006_Indianapolis_Colts_season,team_season_page,False
2006,IND,HC,Tony Dungy,1,1,False,False,,infobox,https://en.wikipedia.org/wiki/2006_Indianapolis_Colts_season,team_season_page,False
2006,IND,OC,Tom Moore,1,1,False,False,,infobox,https://en.wikipedia.org/wiki/2006_Indianapolis_Colts_season,team_season_page,False
2006,JAX,DC,Mike Smith,1,1,False,False,,both,https://en.wikipedia.org/wiki/2006_Jacksonville_Jaguars_season,team_season_page,False
2006,JAX,HC,Jack Del Rio,1,1,False,False,,both,https://en.wikipedia.org/wiki/2006_Jacksonville_Jaguars_season,team_season_page,False
2006,JAX,OC,Carl Smith,1,1,False,False,,both,https://en.wikipedia.org/wiki/2006_Jacksonville_Jaguars_season,team_season_page,False
2006,KC,DC,Gunther Cunningham,1,1,False,False,,both,https://en.wikipedia.org/wiki/2006_Kansas_City_Chiefs_season,team_season_page,False
2006,KC,HC,Herm Edwards,1,1,False,False,,both,https://en.wikipedia.org/wiki/2006_Kansas_City_Chiefs_season,team_season_page,False
2006,KC,OC,Mike Solari,1,1,False,False,,both,https://en.wikipedia.org/wiki/2006_Kansas_City_Chiefs_season,team_season_page,False
2006,LAC,DC,Wade Phillips,1,1,False,False,,both,https://en.wikipedia.org/wiki/2006_San_Diego_Chargers_season,team_season_page,False
2006,LAC,HC,Marty Schottenheimer,1,1,False,False,,both,https://en.wikipedia.org/wiki/2006_San_Diego_Chargers_season,team_season_page,False
2006,LAC,OC,Cam Cameron,1,1,False,False,,both,https://en.wikipedia.org/wiki/2006_San_Diego_Chargers_season,team_season_page,False
2006,LAR,DC,Jim Haslett,1,1,False,False,gap-fill (biography_only),biography,https://en.wikipedia.org/wiki/Jim_Haslett,biography,False
2006,LAR,HC,Scott Linehan,1,1,False,False,,infobox,https://en.wikipedia.org/wiki/2006_St._Louis_Rams_season,team_season_page,False
2006,LAR,OC,Greg Olson,1,1,False,False,gap-fill (biography_only),biography,https://en.wikipedia.org/wiki/Greg_Olson_(American_football),biography,False
2006,MIA,DC,Dom Capers,1,1,False,False,,staff_section,https://en.wikipedia.org/wiki/2006_Miami_Dolphins_season,team_season_page,False
2006,MIA,HC,Nick Saban,1,1,False,False,,both,https://en.wikipedia.org/wiki/2006_Miami_Dolphins_season,team_season_page,False
2006,MIA,OC,Mike Mularkey,1,1,False,False,,staff_section,https://en.wikipedia.org/wiki/2006_Miami_Dolphins_season,team_season_page,False
2006,MIN,DC,Mike Tomlin,1,1,False,False,,staff_section,https://en.wikipedia.org/wiki/2006_Minnesota_Vikings_season,team_season_page,False
2006,MIN,HC,Brad Childress,1,1,False,False,,both,https://en.wikipedia.org/wiki/2006_Minnesota_Vikings_season,team_season_page,False
2006,MIN,OC,Darrell Bevell,1,1,False,False,,staff_section,https://en.wikipedia.org/wiki/2006_Minnesota_Vikings_season,team_season_page,False
2006,NE,DC,Dean Pees,1,1,False,False,,infobox,https://en.wikipedia.org/wiki/2006_New_England_Patriots_season,team_season_page,False
2006,NE,HC,Bill Belichick,1,1,False,False,,infobox,https://en.wikipedia.org/wiki/2006_New_England_Patriots_season,team_season_page,False
2006,NE,OC,Josh McDaniels,1,1,False,False,,infobox,https://en.wikipedia.org/wiki/2006_New_England_Patriots_season,team_season_page,False
2006,NO,DC,Gary Gibbs,1,1,False,False,,both,https://en.wikipedia.org/wiki/2006_New_Orleans_Saints_season,team_season_page,False
2006,NO,HC,Sean Payton,1,1,False,False,,both,https://en.wikipedia.org/wiki/2006_New_Orleans_Saints_season,team_season_page,False
2006,NO,OC,Doug Marrone,1,1,False,False,,both,https://en.wikipedia.org/wiki/2006_New_Orleans_Saints_season,team_season_page,False
2006,NYG,DC,Tim Lewis,1,1,False,False,,infobox,https://en.wikipedia.org/wiki/2006_New_York_Giants_season,team_season_page,False
2006,NYG,HC,Tom Coughlin,1,1,False,False,,infobox,https://en.wikipedia.org/wiki/2006_New_York_Giants_season,team_season_page,False
2006,NYG,OC,John Hufnagel,1,1,False,False,,infobox,https://en.wikipedia.org/wiki/2006_New_York_Giants_season,team_season_page,False
2006,NYJ,DC,Bob Sutton,1,1,False,False,,both,https://en.wikipedia.org/wiki/2006_New_York_Jets_season,team_season_page,False
2006,NYJ,HC,Eric Mangini,1,1,False,False,,both,https://en.wikipedia.org/wiki/2006_New_York_Jets_season,team_season_page,False
2006,NYJ,OC,Brian Schottenheimer,1,1,False,False,,both,https://en.wikipedia.org/wiki/2006_New_York_Jets_season,team_season_page,False
2006,OAK,DC,Rob Ryan,1,1,False,False,gap-fill (biography_only),biography,https://en.wikipedia.org/wiki/Rob_Ryan,biography,False
2006,OAK,HC,Art Shell,1,1,False,False,,infobox,https://en.wikipedia.org/wiki/2006_Oakland_Raiders_season,team_season_page,False
2006,OAK,OC,John Shoop,1,1,False,False,gap-fill (biography_only),biography,https://en.wikipedia.org/wiki/John_Shoop,biography,False
2006,PHI,DC,Jim Johnson,1,1,False,False,,both,https://en.wikipedia.org/wiki/2006_Philadelphia_Eagles_season,team_season_page,False
2006,PHI,HC,Andy Reid,1,1,False,False,,both,https://en.wikipedia.org/wiki/2006_Philadelphia_Eagles_season,team_season_page,False
2006,PHI,OC,Marty Mornhinweg,1,1,False,False,,both,https://en.wikipedia.org/wiki/2006_Philadelphia_Eagles_season,team_season_page,False
2006,PIT,DC,Dick LeBeau,1,1,False,False,,both,https://en.wikipedia.org/wiki/2006_Pittsburgh_Steelers_season,team_season_page,False
2006,PIT,HC,Bill Cowher,1,1,False,False,,both,https://en.wikipedia.org/wiki/2006_Pittsburgh_Steelers_season,team_season_page,False
2006,PIT,OC,Ken Whisenhunt,1,1,False,False,,both,https://en.wikipedia.org/wiki/2006_Pittsburgh_Steelers_season,team_season_page,False
2006,SEA,DC,John Marshall,1,1,False,False,,infobox,https://en.wikipedia.org/wiki/2006_Seattle_Seahawks_season,team_season_page,False
2006,SEA,HC,Mike Holmgren,1,1,False,False,,infobox,https://en.wikipedia.org/wiki/2006_Seattle_Seahawks_season,team_season_page,False
2006,SEA,OC,Gil Haskell,1,1,False,False,,infobox,https://en.wikipedia.org/wiki/2006_Seattle_Seahawks_season,team_season_page,False
2006,SF,DC,Bill Davis,1,1,False,False,,both,https://en.wikipedia.org/wiki/2006_San_Francisco_49ers_season,team_season_page,False
2006,SF,HC,Mike Nolan,1,1,False,False,,both,https://en.wikipedia.org/wiki/2006_San_Francisco_49ers_season,team_season_page,False
2006,SF,OC,Norv Turner,1,1,False,False,,both,https://en.wikipedia.org/wiki/2006_San_Francisco_49ers_season,team_season_page,False
2006,TB,DC,Monte Kiffin,1,1,False,False,,staff_section,https://en.wikipedia.org/wiki/2006_Tampa_Bay_Buccaneers_season,team_season_page,False
2006,TB,HC,Jon Gruden,1,1,False,False,,both,https://en.wikipedia.org/wiki/2006_Tampa_Bay_Buccaneers_season,team_season_page,False
2006,TB,OC,Bill Muir,1,1,False,False,,staff_section,https://en.wikipedia.org/wiki/2006_Tampa_Bay_Buccaneers_season,team_season_page,False
2006,TEN,DC,Jim Schwartz,1,1,False,False,,staff_section,https://en.wikipedia.org/wiki/2006_Tennessee_Titans_season,team_season_page,False
2006,TEN,HC,Jeff Fisher,1,1,False,False,,both,https://en.wikipedia.org/wiki/2006_Tennessee_Titans_season,team_season_page,False
2006,TEN,OC,Norm Chow,1,1,False,False,,staff_section,https://en.wikipedia.org/wiki/2006_Tennessee_Titans_season,team_season_page,False
2006,WSH,DC,Gregg Williams,1,2,False,False,,infobox,https://en.wikipedia.org/wiki/2006_Washington_Redskins_season,team_season_page,False
2006,WSH,DC,Greg Blache,2,2,False,False,,staff_section,https://en.wikipedia.org/wiki/2006_Washington_Redskins_season,team_season_page,False
2006,WSH,HC,Joe Gibbs,1,1,False,False,,both,https://en.wikipedia.org/wiki/2006_Washington_Redskins_season,team_season_page,False
2006,WSH,OC,Al Saunders,1,2,False,False,,infobox,https://en.wikipedia.org/wiki/2006_Washington_Redskins_season,team_season_page,False
2006,WSH,OC,Don Breaux,2,2,False,False,,staff_section,https://en.wikipedia.org/wiki/2006_Washington_Redskins_season,team_season_page,False
2007,ARI,HC,Ken Whisenhunt,1,1,False,False,,infobox,https://en.wikipedia.org/wiki/2007_Arizona_Cardinals_season,team_season_page,False
2007,ARI,OC,Todd Haley,1,1,False,False,gap-fill (biography_only),biography,https://en.wikipedia.org/wiki/Todd_Haley,biography,False
2007,ATL,DC,Mike Zimmer,1,1,False,False,,staff_section,https://en.wikipedia.org/wiki/2007_Atlanta_Falcons_season,team_season_page,False
2007,ATL,HC,Bobby Petrino,1,2,False,False,resigned December 10; 3–10 record,both,https://en.wikipedia.org/wiki/2007_Atlanta_Falcons_season,team_season_page,False
2007,ATL,HC,Emmitt Thomas,2,2,False,True,interim; 1–2 record,both,https://en.wikipedia.org/wiki/2007_Atlanta_Falcons_season,team_season_page,False
2007,ATL,OC,Hue Jackson,1,1,False,False,,staff_section,https://en.wikipedia.org/wiki/2007_Atlanta_Falcons_season,team_season_page,False
2007,BAL,DC,Rex Ryan,1,1,False,False,,infobox,https://en.wikipedia.org/wiki/2007_Baltimore_Ravens_season,team_season_page,False
2007,BAL,HC,Brian Billick,1,1,False,False,,infobox,https://en.wikipedia.org/wiki/2007_Baltimore_Ravens_season,team_season_page,False
2007,BAL,OC,Rick Neuheisel,1,1,False,False,,infobox,https://en.wikipedia.org/wiki/2007_Baltimore_Ravens_season,team_season_page,False
2007,BUF,DC,Perry Fewell,1,1,False,False,,staff_section,https://en.wikipedia.org/wiki/2007_Buffalo_Bills_season,team_season_page,False
2007,BUF,HC,Dick Jauron,1,1,False,False,,both,https://en.wikipedia.org/wiki/2007_Buffalo_Bills_season,team_season_page,False
2007,BUF,OC,Steve Fairchild,1,1,False,False,,staff_section,https://en.wikipedia.org/wiki/2007_Buffalo_Bills_season,team_season_page,False
2007,CAR,DC,Mike Trgovac,1,1,False,False,,both,https://en.wikipedia.org/wiki/2007_Carolina_Panthers_season,team_season_page,False
2007,CAR,HC,John Fox,1,1,False,False,,both,https://en.wikipedia.org/wiki/2007_Carolina_Panthers_season,team_season_page,False
2007,CAR,OC,Jeff Davidson,1,1,False,False,,both,https://en.wikipedia.org/wiki/2007_Carolina_Panthers_season,team_season_page,False
2007,CHI,DC,Bob Babich,1,1,False,False,,infobox,https://en.wikipedia.org/wiki/2007_Chicago_Bears_season,team_season_page,False
2007,CHI,HC,Lovie Smith,1,1,False,False,,infobox,https://en.wikipedia.org/wiki/2007_Chicago_Bears_season,team_season_page,False
2007,CHI,OC,Ron Turner,1,1,False,False,,infobox,https://en.wikipedia.org/wiki/2007_Chicago_Bears_season,team_season_page,False
2007,CIN,DC,Chuck Bresnahan,1,1,False,False,,infobox,https://en.wikipedia.org/wiki/2007_Cincinnati_Bengals_season,team_season_page,False
2007,CIN,HC,Marvin Lewis,1,1,False,False,,infobox,https://en.wikipedia.org/wiki/2007_Cincinnati_Bengals_season,team_season_page,False
2007,CIN,OC,Bob Bratkowski,1,1,False,False,,infobox,https://en.wikipedia.org/wiki/2007_Cincinnati_Bengals_season,team_season_page,False
2007,CLE,HC,Romeo Crennel,1,1,False,False,,infobox,https://en.wikipedia.org/wiki/2007_Cleveland_Browns_season,team_season_page,False
2007,CLE,OC,Rob Chudzinski,1,1,False,False,gap-fill (biography_only),biography,https://en.wikipedia.org/wiki/Rob_Chudzinski,biography,False
2007,DAL,DC,Brian Stewart,1,1,False,False,,infobox,https://en.wikipedia.org/wiki/2007_Dallas_Cowboys_season,team_season_page,False
2007,DAL,HC,Wade Phillips,1,1,False,False,,infobox,https://en.wikipedia.org/wiki/2007_Dallas_Cowboys_season,team_season_page,False
2007,DAL,OC,Jason Garrett,1,1,False,False,,infobox,https://en.wikipedia.org/wiki/2007_Dallas_Cowboys_season,team_season_page,False
2007,DEN,DC,Bob Slowik,1,1,False,False,,both,https://en.wikipedia.org/wiki/2007_Denver_Broncos_season,team_season_page,False
2007,DEN,HC,Mike Shanahan,1,1,False,False,,both,https://en.wikipedia.org/wiki/2007_Denver_Broncos_season,team_season_page,False
2007,DEN,OC,Rick Dennison,1,1,False,False,,both,https://en.wikipedia.org/wiki/2007_Denver_Broncos_season,team_season_page,False
2007,DET,DC,Joe Barry,1,1,False,False,gap-fill (biography_only),biography,https://en.wikipedia.org/wiki/Joe_Barry,biography,False
2007,DET,HC,Rod Marinelli,1,1,False,False,,infobox,https://en.wikipedia.org/wiki/2007_Detroit_Lions_season,team_season_page,False
2007,DET,OC,Mike Martz,1,1,False,False,gap-fill (biography_only),biography,https://en.wikipedia.org/wiki/Mike_Martz,biography,False
2007,GB,DC,Bob Sanders,1,1,False,False,,infobox,https://en.wikipedia.org/wiki/2007_Green_Bay_Packers_season,team_season_page,False
2007,GB,HC,Mike McCarthy,1,1,False,False,,infobox,https://en.wikipedia.org/wiki/2007_Green_Bay_Packers_season,team_season_page,False
2007,GB,OC,Joe Philbin,1,1,False,False,,infobox,https://en.wikipedia.org/wiki/2007_Green_Bay_Packers_season,team_season_page,False
2007,HOU,DC,Richard Smith,1,1,False,False,,both,https://en.wikipedia.org/wiki/2007_Houston_Texans_season,team_season_page,False
2007,HOU,HC,Gary Kubiak,1,1,False,False,,both,https://en.wikipedia.org/wiki/2007_Houston_Texans_season,team_season_page,False
2007,HOU,OC,Mike Sherman,1,1,False,False,,both,https://en.wikipedia.org/wiki/2007_Houston_Texans_season,team_season_page,False
2007,IND,DC,Ron Meeks,1,1,False,False,,infobox,https://en.wikipedia.org/wiki/2007_Indianapolis_Colts_season,team_season_page,False
2007,IND,HC,Tony Dungy,1,1,False,False,,infobox,https://en.wikipedia.org/wiki/2007_Indianapolis_Colts_season,team_season_page,False
2007,IND,OC,Tom Moore,1,1,False,False,,infobox,https://en.wikipedia.org/wiki/2007_Indianapolis_Colts_season,team_season_page,False
2007,JAX,DC,Mike Smith,1,1,False,False,,both,https://en.wikipedia.org/wiki/2007_Jacksonville_Jaguars_season,team_season_page,False
2007,JAX,HC,Jack Del Rio,1,1,False,False,,both,https://en.wikipedia.org/wiki/2007_Jacksonville_Jaguars_season,team_season_page,False
2007,JAX,OC,Dirk Koetter,1,1,False,False,,both,https://en.wikipedia.org/wiki/2007_Jacksonville_Jaguars_season,team_season_page,False
2007,KC,DC,Gunther Cunningham,1,1,False,False,,infobox,https://en.wikipedia.org/wiki/2007_Kansas_City_Chiefs_season,team_season_page,False
2007,KC,HC,Herm Edwards,1,1,False,False,,infobox,https://en.wikipedia.org/wiki/2007_Kansas_City_Chiefs_season,team_season_page,False
2007,KC,OC,Mike Solari,1,1,False,False,,infobox,https://en.wikipedia.org/wiki/2007_Kansas_City_Chiefs_season,team_season_page,False
2007,LAC,DC,Ted Cottrell,1,1,False,False,,infobox,https://en.wikipedia.org/wiki/2007_San_Diego_Chargers_season,team_season_page,False
2007,LAC,HC,Norv Turner,1,1,False,False,,infobox,https://en.wikipedia.org/wiki/2007_San_Diego_Chargers_season,team_season_page,False
2007,LAC,OC,Clarence Shelmon,1,1,False,False,,infobox,https://en.wikipedia.org/wiki/2007_San_Diego_Chargers_season,team_season_page,False
2007,LAR,DC,Jim Haslett,1,1,False,False,gap-fill (biography_only),biography,https://en.wikipedia.org/wiki/Jim_Haslett,biography,False
2007,LAR,HC,Scott Linehan,1,1,False,False,,infobox,https://en.wikipedia.org/wiki/2007_St._Louis_Rams_season,team_season_page,False
2007,LAR,OC,Greg Olson,1,1,False,False,gap-fill (biography_only),biography,https://en.wikipedia.org/wiki/Greg_Olson_(American_football),biography,False
2007,MIA,DC,Dom Capers,1,1,False,False,gap-fill (biography_only),biography,https://en.wikipedia.org/wiki/Dom_Capers,biography,False
2007,MIA,HC,Cam Cameron,1,1,False,False,,infobox,https://en.wikipedia.org/wiki/2007_Miami_Dolphins_season,team_season_page,False
2007,MIN,DC,Leslie Frazier,1,1,False,False,,staff_section,https://en.wikipedia.org/wiki/2007_Minnesota_Vikings_season,team_season_page,False
2007,MIN,HC,Brad Childress,1,1,False,False,,both,https://en.wikipedia.org/wiki/2007_Minnesota_Vikings_season,team_season_page,False
2007,MIN,OC,Darrell Bevell,1,1,False,False,,staff_section,https://en.wikipedia.org/wiki/2007_Minnesota_Vikings_season,team_season_page,False
2007,NE,DC,Dean Pees,1,1,False,False,,both,https://en.wikipedia.org/wiki/2007_New_England_Patriots_season,team_season_page,False
2007,NE,HC,Bill Belichick,1,1,False,False,,both,https://en.wikipedia.org/wiki/2007_New_England_Patriots_season,team_season_page,False
2007,NE,OC,Josh McDaniels,1,1,False,False,,both,https://en.wikipedia.org/wiki/2007_New_England_Patriots_season,team_season_page,False
2007,NO,DC,Gary Gibbs,1,1,False,False,,staff_section,https://en.wikipedia.org/wiki/2007_New_Orleans_Saints_season,team_season_page,False
2007,NO,HC,Sean Payton,1,1,False,False,,both,https://en.wikipedia.org/wiki/2007_New_Orleans_Saints_season,team_season_page,False
2007,NO,OC,Doug Marrone,1,1,False,False,,staff_section,https://en.wikipedia.org/wiki/2007_New_Orleans_Saints_season,team_season_page,False
2007,NYG,DC,Steve Spagnuolo,1,1,False,False,,infobox,https://en.wikipedia.org/wiki/2007_New_York_Giants_season,team_season_page,False
2007,NYG,HC,Tom Coughlin,1,1,False,False,,infobox,https://en.wikipedia.org/wiki/2007_New_York_Giants_season,team_season_page,False
2007,NYG,OC,Kevin Gilbride,1,1,False,False,,infobox,https://en.wikipedia.org/wiki/2007_New_York_Giants_season,team_season_page,False
2007,NYJ,DC,Bob Sutton,1,1,False,False,,staff_section,https://en.wikipedia.org/wiki/2007_New_York_Jets_season,team_season_page,False
2007,NYJ,HC,Eric Mangini,1,1,False,False,,both,https://en.wikipedia.org/wiki/2007_New_York_Jets_season,team_season_page,False
2007,NYJ,OC,Brian Schottenheimer,1,1,False,False,,staff_section,https://en.wikipedia.org/wiki/2007_New_York_Jets_season,team_season_page,False
2007,OAK,DC,Rob Ryan,1,1,False,False,gap-fill (biography_only),biography,https://en.wikipedia.org/wiki/Rob_Ryan,biography,False
2007,OAK,HC,Lane Kiffin,1,1,False,False,,infobox,https://en.wikipedia.org/wiki/2007_Oakland_Raiders_season,team_season_page,False
2007,OAK,OC,Greg Knapp,1,1,False,False,gap-fill (biography_only),biography,https://en.wikipedia.org/wiki/Greg_Knapp,biography,False
2007,PHI,DC,Jim Johnson,1,1,False,False,,infobox,https://en.wikipedia.org/wiki/2007_Philadelphia_Eagles_season,team_season_page,False
2007,PHI,HC,Andy Reid,1,1,False,False,,infobox,https://en.wikipedia.org/wiki/2007_Philadelphia_Eagles_season,team_season_page,False
2007,PHI,OC,Marty Mornhinweg,1,1,False,False,,infobox,https://en.wikipedia.org/wiki/2007_Philadelphia_Eagles_season,team_season_page,False
2007,PIT,DC,Dick LeBeau,1,1,False,False,,both,https://en.wikipedia.org/wiki/2007_Pittsburgh_Steelers_season,team_season_page,False
2007,PIT,HC,Mike Tomlin,1,1,False,False,,both,https://en.wikipedia.org/wiki/2007_Pittsburgh_Steelers_season,team_season_page,False
2007,PIT,OC,Bruce Arians,1,1,False,False,,both,https://en.wikipedia.org/wiki/2007_Pittsburgh_Steelers_season,team_season_page,False
2007,SEA,DC,John Marshall,1,1,False,False,,infobox,https://en.wikipedia.org/wiki/2007_Seattle_Seahawks_season,team_season_page,False
2007,SEA,HC,Mike Holmgren,1,1,False,False,,infobox,https://en.wikipedia.org/wiki/2007_Seattle_Seahawks_season,team_season_page,False
2007,SEA,OC,Gil Haskell,1,1,False,False,,infobox,https://en.wikipedia.org/wiki/2007_Seattle_Seahawks_season,team_season_page,False
2007,SF,DC,Greg Manusky,1,1,False,False,,both,https://en.wikipedia.org/wiki/2007_San_Francisco_49ers_season,team_season_page,False
2007,SF,HC,Mike Nolan,1,1,False,False,,both,https://en.wikipedia.org/wiki/2007_San_Francisco_49ers_season,team_season_page,False
2007,SF,OC,Jim Hostler,1,1,False,False,,both,https://en.wikipedia.org/wiki/2007_San_Francisco_49ers_season,team_season_page,False
2007,TB,DC,Monte Kiffin,1,1,False,False,,both,https://en.wikipedia.org/wiki/2007_Tampa_Bay_Buccaneers_season,team_season_page,False
2007,TB,HC,Jon Gruden,1,1,False,False,,both,https://en.wikipedia.org/wiki/2007_Tampa_Bay_Buccaneers_season,team_season_page,False
2007,TB,OC,Bill Muir,1,1,False,False,,both,https://en.wikipedia.org/wiki/2007_Tampa_Bay_Buccaneers_season,team_season_page,False
2007,TEN,DC,Jim Schwartz,1,1,False,False,,both,https://en.wikipedia.org/wiki/2007_Tennessee_Titans_season,team_season_page,False
2007,TEN,HC,Jeff Fisher,1,1,False,False,,both,https://en.wikipedia.org/wiki/2007_Tennessee_Titans_season,team_season_page,False
2007,TEN,OC,Norm Chow,1,1,False,False,,both,https://en.wikipedia.org/wiki/2007_Tennessee_Titans_season,team_season_page,False
2007,WSH,DC,Gregg Williams,1,1,False,False,,infobox,https://en.wikipedia.org/wiki/2007_Washington_Redskins_season,team_season_page,False
2007,WSH,HC,Joe Gibbs,1,1,False,False,,infobox,https://en.wikipedia.org/wiki/2007_Washington_Redskins_season,team_season_page,False
2007,WSH,OC,Al Saunders,1,1,False,False,,infobox,https://en.wikipedia.org/wiki/2007_Washington_Redskins_season,team_season_page,False
2008,ARI,DC,Clancy Pendergast,1,1,False,False,,infobox,https://en.wikipedia.org/wiki/2008_Arizona_Cardinals_season,team_season_page,False
2008,ARI,HC,Ken Whisenhunt,1,1,False,False,,infobox,https://en.wikipedia.org/wiki/2008_Arizona_Cardinals_season,team_season_page,False
2008,ARI,OC,Todd Haley,1,1,False,False,,infobox,https://en.wikipedia.org/wiki/2008_Arizona_Cardinals_season,team_season_page,False
2008,ATL,DC,Brian VanGorder,1,1,False,False,,both,https://en.wikipedia.org/wiki/2008_Atlanta_Falcons_season,team_season_page,False
2008,ATL,HC,Mike Smith,1,1,False,False,,both,https://en.wikipedia.org/wiki/2008_Atlanta_Falcons_season,team_season_page,False
2008,ATL,OC,Mike Mularkey,1,1,False,False,,both,https://en.wikipedia.org/wiki/2008_Atlanta_Falcons_season,team_season_page,False
2008,BAL,DC,Rex Ryan,1,1,False,False,,infobox,https://en.wikipedia.org/wiki/2008_Baltimore_Ravens_season,team_season_page,False
2008,BAL,HC,John Harbaugh,1,1,False,False,,infobox,https://en.wikipedia.org/wiki/2008_Baltimore_Ravens_season,team_season_page,False
2008,BAL,OC,Cam Cameron,1,1,False,False,,infobox,https://en.wikipedia.org/wiki/2008_Baltimore_Ravens_season,team_season_page,False
2008,BUF,DC,Perry Fewell,1,1,False,False,,staff_section,https://en.wikipedia.org/wiki/2008_Buffalo_Bills_season,team_season_page,False
2008,BUF,HC,Dick Jauron,1,1,False,False,,both,https://en.wikipedia.org/wiki/2008_Buffalo_Bills_season,team_season_page,False
2008,BUF,OC,Turk Schonert,1,1,False,False,,staff_section,https://en.wikipedia.org/wiki/2008_Buffalo_Bills_season,team_season_page,False
2008,CAR,DC,Mike Trgovac,1,1,False,False,,both,https://en.wikipedia.org/wiki/2008_Carolina_Panthers_season,team_season_page,False
2008,CAR,HC,John Fox,1,1,False,False,,both,https://en.wikipedia.org/wiki/2008_Carolina_Panthers_season,team_season_page,False
2008,CAR,OC,Jeff Davidson,1,1,False,False,,both,https://en.wikipedia.org/wiki/2008_Carolina_Panthers_season,team_season_page,False
2008,CHI,DC,Bob Babich,1,1,False,False,,infobox,https://en.wikipedia.org/wiki/2008_Chicago_Bears_season,team_season_page,False
2008,CHI,HC,Lovie Smith,1,1,False,False,,infobox,https://en.wikipedia.org/wiki/2008_Chicago_Bears_season,team_season_page,False
2008,CHI,OC,Ron Turner,1,1,False,False,,infobox,https://en.wikipedia.org/wiki/2008_Chicago_Bears_season,team_season_page,False
2008,CIN,DC,Mike Zimmer,1,1,False,False,gap-fill (biography_only),biography,https://en.wikipedia.org/wiki/Mike_Zimmer,biography,False
2008,CIN,HC,Marvin Lewis,1,1,False,False,,infobox,https://en.wikipedia.org/wiki/2008_Cincinnati_Bengals_season,team_season_page,False
2008,CIN,OC,Bob Bratkowski,1,1,False,False,gap-fill (biography_only),biography,https://en.wikipedia.org/wiki/Bob_Bratkowski,biography,False
2008,CLE,HC,Romeo Crennel,1,1,False,False,,infobox,https://en.wikipedia.org/wiki/2008_Cleveland_Browns_season,team_season_page,False
2008,CLE,OC,Rob Chudzinski,1,1,False,False,gap-fill (biography_only),biography,https://en.wikipedia.org/wiki/Rob_Chudzinski,biography,False
2008,DAL,DC,Brian Stewart,1,1,False,False,gap-fill (biography_only),biography,https://en.wikipedia.org/wiki/Brian_Stewart_(American_football),biography,False
2008,DAL,HC,Wade Phillips,1,1,False,False,,infobox,https://en.wikipedia.org/wiki/2008_Dallas_Cowboys_season,team_season_page,False
2008,DAL,OC,Jason Garrett,1,1,False,False,gap-fill (biography_only),biography,https://en.wikipedia.org/wiki/Jason_Garrett,biography,False
2008,DEN,DC,Bob Slowik,1,1,False,False,,both,https://en.wikipedia.org/wiki/2008_Denver_Broncos_season,team_season_page,False
2008,DEN,HC,Mike Shanahan,1,1,False,False,,both,https://en.wikipedia.org/wiki/2008_Denver_Broncos_season,team_season_page,False
2008,DEN,OC,Rick Dennison,1,1,False,False,,both,https://en.wikipedia.org/wiki/2008_Denver_Broncos_season,team_season_page,False
2008,DET,DC,Joe Barry,1,1,False,False,,infobox,https://en.wikipedia.org/wiki/2008_Detroit_Lions_season,team_season_page,False
2008,DET,HC,Rod Marinelli,1,1,False,False,,infobox,https://en.wikipedia.org/wiki/2008_Detroit_Lions_season,team_season_page,False
2008,DET,OC,Jim Colletto,1,1,False,False,,infobox,https://en.wikipedia.org/wiki/2008_Detroit_Lions_season,team_season_page,False
2008,GB,HC,Mike McCarthy,1,1,False,False,,infobox,https://en.wikipedia.org/wiki/2008_Green_Bay_Packers_season,team_season_page,False
2008,GB,OC,Joe Philbin,1,1,False,False,gap-fill (biography_only),biography,https://en.wikipedia.org/wiki/Joe_Philbin,biography,False
2008,HOU,DC,Richard Smith,1,1,False,False,,both,https://en.wikipedia.org/wiki/2008_Houston_Texans_season,team_season_page,False
2008,HOU,HC,Gary Kubiak,1,1,False,False,,both,https://en.wikipedia.org/wiki/2008_Houston_Texans_season,team_season_page,False
2008,HOU,OC,Kyle Shanahan,1,1,False,False,,both,https://en.wikipedia.org/wiki/2008_Houston_Texans_season,team_season_page,False
2008,IND,DC,Ron Meeks,1,1,False,False,,infobox,https://en.wikipedia.org/wiki/2008_Indianapolis_Colts_season,team_season_page,False
2008,IND,HC,Tony Dungy,1,1,False,False,,infobox,https://en.wikipedia.org/wiki/2008_Indianapolis_Colts_season,team_season_page,False
2008,IND,OC,Tom Moore,1,1,False,False,,infobox,https://en.wikipedia.org/wiki/2008_Indianapolis_Colts_season,team_season_page,False
2008,JAX,DC,Gregg Williams,1,1,False,False,,infobox,https://en.wikipedia.org/wiki/2008_Jacksonville_Jaguars_season,team_season_page,False
2008,JAX,HC,Jack Del Rio,1,1,False,False,,infobox,https://en.wikipedia.org/wiki/2008_Jacksonville_Jaguars_season,team_season_page,False
2008,JAX,OC,Dirk Koetter,1,1,False,False,,infobox,https://en.wikipedia.org/wiki/2008_Jacksonville_Jaguars_season,team_season_page,False
2008,KC,DC,Gunther Cunningham,1,1,False,False,,infobox,https://en.wikipedia.org/wiki/2008_Kansas_City_Chiefs_season,team_season_page,False
2008,KC,HC,Herm Edwards,1,1,False,False,,infobox,https://en.wikipedia.org/wiki/2008_Kansas_City_Chiefs_season,team_season_page,False
2008,KC,OC,Chan Gailey,1,1,False,False,,infobox,https://en.wikipedia.org/wiki/2008_Kansas_City_Chiefs_season,team_season_page,False
2008,LAC,DC,Ted Cottrell,1,2,False,False,"fired on October 28, 2008",infobox,https://en.wikipedia.org/wiki/2008_San_Diego_Chargers_season,team_season_page,False
2008,LAC,DC,Ron Rivera,2,2,False,True,interim,infobox,https://en.wikipedia.org/wiki/2008_San_Diego_Chargers_season,team_season_page,False
2008,LAC,HC,Norv Turner,1,1,False,False,,infobox,https://en.wikipedia.org/wiki/2008_San_Diego_Chargers_season,team_season_page,False
2008,LAC,OC,Clarence Shelmon,1,1,False,False,,infobox,https://en.wikipedia.org/wiki/2008_San_Diego_Chargers_season,team_season_page,False
2008,LAR,DC,Jim Haslett,1,1,False,False,gap-fill (biography_only),biography,https://en.wikipedia.org/wiki/Jim_Haslett,biography,False
2008,LAR,HC,Scott Linehan,1,2,False,False,"fired September 29, 0–4 record",infobox,https://en.wikipedia.org/wiki/2008_St._Louis_Rams_season,team_season_page,False
2008,LAR,HC,Jim Haslett,2,2,False,True,"interim, 2–10 record",infobox,https://en.wikipedia.org/wiki/2008_St._Louis_Rams_season,team_season_page,False
2008,LAR,OC,Al Saunders,1,1,False,False,gap-fill (biography_only),biography,https://en.wikipedia.org/wiki/Al_Saunders,biography,False
2008,MIA,DC,Paul Pasqualoni,1,1,False,False,,infobox,https://en.wikipedia.org/wiki/2008_Miami_Dolphins_season,team_season_page,False
2008,MIA,HC,Tony Sparano,1,1,False,False,,infobox,https://en.wikipedia.org/wiki/2008_Miami_Dolphins_season,team_season_page,False
2008,MIA,OC,Dan Henning,1,1,False,False,,infobox,https://en.wikipedia.org/wiki/2008_Miami_Dolphins_season,team_season_page,False
2008,MIN,DC,Leslie Frazier,1,1,False,False,,both,https://en.wikipedia.org/wiki/2008_Minnesota_Vikings_season,team_season_page,False
2008,MIN,HC,Brad Childress,1,1,False,False,,both,https://en.wikipedia.org/wiki/2008_Minnesota_Vikings_season,team_season_page,False
2008,MIN,OC,Darrell Bevell,1,1,False,False,,both,https://en.wikipedia.org/wiki/2008_Minnesota_Vikings_season,team_season_page,False
2008,NE,DC,Dean Pees,1,1,False,False,gap-fill (biography_only),biography,https://en.wikipedia.org/wiki/Dean_Pees,biography,False
2008,NE,HC,Bill Belichick,1,1,False,False,,infobox,https://en.wikipedia.org/wiki/2008_New_England_Patriots_season,team_season_page,False
2008,NE,OC,Josh McDaniels,1,1,False,False,gap-fill (biography_only),biography,https://en.wikipedia.org/wiki/Josh_McDaniels,biography,False
2008,NO,DC,Gary Gibbs,1,1,False,False,,staff_section,https://en.wikipedia.org/wiki/2008_New_Orleans_Saints_season,team_season_page,False
2008,NO,HC,Sean Payton,1,1,False,False,,both,https://en.wikipedia.org/wiki/2008_New_Orleans_Saints_season,team_season_page,False
2008,NO,OC,Doug Marrone,1,1,False,False,,staff_section,https://en.wikipedia.org/wiki/2008_New_Orleans_Saints_season,team_season_page,False
2008,NYG,DC,Steve Spagnuolo,1,1,False,False,,infobox,https://en.wikipedia.org/wiki/2008_New_York_Giants_season,team_season_page,False
2008,NYG,HC,Tom Coughlin,1,1,False,False,,infobox,https://en.wikipedia.org/wiki/2008_New_York_Giants_season,team_season_page,False
2008,NYG,OC,Kevin Gilbride,1,1,False,False,,infobox,https://en.wikipedia.org/wiki/2008_New_York_Giants_season,team_season_page,False
2008,NYJ,DC,Bob Sutton,1,1,False,False,,staff_section,https://en.wikipedia.org/wiki/2008_New_York_Jets_season,team_season_page,False
2008,NYJ,HC,Eric Mangini,1,1,False,False,,both,https://en.wikipedia.org/wiki/2008_New_York_Jets_season,team_season_page,False
2008,NYJ,OC,Brian Schottenheimer,1,1,False,False,,staff_section,https://en.wikipedia.org/wiki/2008_New_York_Jets_season,team_season_page,False
2008,OAK,DC,Rob Ryan,1,1,False,False,gap-fill (biography_only),biography,https://en.wikipedia.org/wiki/Rob_Ryan,biography,False
2008,OAK,HC,Lane Kiffin,1,2,False,False,"fired September 30, 1-3 record",infobox,https://en.wikipedia.org/wiki/2008_Oakland_Raiders_season,team_season_page,False
2008,OAK,HC,Tom Cable,2,2,False,True,"interim, 4-8 record",infobox,https://en.wikipedia.org/wiki/2008_Oakland_Raiders_season,team_season_page,False
2008,OAK,OC,Greg Knapp,1,1,False,False,gap-fill (biography_only),biography,https://en.wikipedia.org/wiki/Greg_Knapp,biography,False
2008,PHI,DC,Jim Johnson,1,1,False,False,,infobox,https://en.wikipedia.org/wiki/2008_Philadelphia_Eagles_season,team_season_page,False
2008,PHI,HC,Andy Reid,1,1,False,False,,infobox,https://en.wikipedia.org/wiki/2008_Philadelphia_Eagles_season,team_season_page,False
2008,PHI,OC,Marty Mornhinweg,1,1,False,False,,infobox,https://en.wikipedia.org/wiki/2008_Philadelphia_Eagles_season,team_season_page,False
2008,PIT,DC,Dick LeBeau,1,1,False,False,,both,https://en.wikipedia.org/wiki/2008_Pittsburgh_Steelers_season,team_season_page,False
2008,PIT,HC,Mike Tomlin,1,1,False,False,,both,https://en.wikipedia.org/wiki/2008_Pittsburgh_Steelers_season,team_season_page,False
2008,PIT,OC,Bruce Arians,1,1,False,False,,both,https://en.wikipedia.org/wiki/2008_Pittsburgh_Steelers_season,team_season_page,False
2008,SEA,HC,Mike Holmgren,1,1,False,False,,infobox,https://en.wikipedia.org/wiki/2008_Seattle_Seahawks_season,team_season_page,False
2008,SEA,OC,Gil Haskell,1,1,False,False,gap-fill (biography_only),biography,https://en.wikipedia.org/wiki/Gil_Haskell,biography,False
2008,SF,DC,Greg Manusky,1,1,False,False,,both,https://en.wikipedia.org/wiki/2008_San_Francisco_49ers_season,team_season_page,False
2008,SF,HC,Mike Nolan,1,2,False,False,"fired October 20, 2–5 record",both,https://en.wikipedia.org/wiki/2008_San_Francisco_49ers_season,team_season_page,False
2008,SF,HC,Mike Singletary,2,2,False,True,"interim, 5–4 record",infobox,https://en.wikipedia.org/wiki/2008_San_Francisco_49ers_season,team_season_page,False
2008,SF,OC,Mike Martz,1,1,False,False,,both,https://en.wikipedia.org/wiki/2008_San_Francisco_49ers_season,team_season_page,False
2008,TB,DC,Monte Kiffin,1,1,False,False,,staff_section,https://en.wikipedia.org/wiki/2008_Tampa_Bay_Buccaneers_season,team_season_page,False
2008,TB,HC,Jon Gruden,1,1,False,False,,both,https://en.wikipedia.org/wiki/2008_Tampa_Bay_Buccaneers_season,team_season_page,False
2008,TB,OC,Bill Muir,1,1,False,False,,staff_section,https://en.wikipedia.org/wiki/2008_Tampa_Bay_Buccaneers_season,team_season_page,False
2008,TEN,DC,Jim Schwartz,1,1,False,False,,infobox,https://en.wikipedia.org/wiki/2008_Tennessee_Titans_season,team_season_page,False
2008,TEN,HC,Jeff Fisher,1,1,False,False,,infobox,https://en.wikipedia.org/wiki/2008_Tennessee_Titans_season,team_season_page,False
2008,TEN,OC,Mike Heimerdinger,1,1,False,False,,infobox,https://en.wikipedia.org/wiki/2008_Tennessee_Titans_season,team_season_page,False
2008,WSH,DC,Greg Blache,1,1,False,False,,infobox,https://en.wikipedia.org/wiki/2008_Washington_Redskins_season,team_season_page,False
2008,WSH,HC,Jim Zorn,1,1,False,False,,infobox,https://en.wikipedia.org/wiki/2008_Washington_Redskins_season,team_season_page,False
2008,WSH,OC,Sherman Smith,1,1,False,False,,infobox,https://en.wikipedia.org/wiki/2008_Washington_Redskins_season,team_season_page,False
2009,ARI,DC,Billy Davis,1,1,False,False,,infobox,https://en.wikipedia.org/wiki/2009_Arizona_Cardinals_season,team_season_page,False
2009,ARI,HC,Ken Whisenhunt,1,1,False,False,,infobox,https://en.wikipedia.org/wiki/2009_Arizona_Cardinals_season,team_season_page,False
2009,ATL,DC,Brian VanGorder,1,1,False,False,,staff_section,https://en.wikipedia.org/wiki/2009_Atlanta_Falcons_season,team_season_page,False
2009,ATL,HC,Mike Smith,1,1,False,False,,both,https://en.wikipedia.org/wiki/2009_Atlanta_Falcons_season,team_season_page,False
2009,ATL,OC,Mike Mularkey,1,1,False,False,,staff_section,https://en.wikipedia.org/wiki/2009_Atlanta_Falcons_season,team_season_page,False
2009,BAL,DC,Greg Mattison,1,1,False,False,,infobox,https://en.wikipedia.org/wiki/2009_Baltimore_Ravens_season,team_season_page,False
2009,BAL,HC,John Harbaugh,1,1,False,False,,infobox,https://en.wikipedia.org/wiki/2009_Baltimore_Ravens_season,team_season_page,False
2009,BAL,OC,Cam Cameron,1,1,False,False,,infobox,https://en.wikipedia.org/wiki/2009_Baltimore_Ravens_season,team_season_page,False
2009,BUF,DC,Perry Fewell,1,1,False,False,gap-fill (biography_only),biography,https://en.wikipedia.org/wiki/Perry_Fewell,biography,False
2009,BUF,HC,Dick Jauron,1,2,False,False,"fired November 17, 3–6 record",infobox,https://en.wikipedia.org/wiki/2009_Buffalo_Bills_season,team_season_page,False
2009,BUF,HC,Perry Fewell,2,2,False,True,"interim, 3–4 record",infobox,https://en.wikipedia.org/wiki/2009_Buffalo_Bills_season,team_season_page,False
2009,BUF,OC,Alex Van Pelt,1,1,False,False,gap-fill (biography_only),biography,https://en.wikipedia.org/wiki/Alex_Van_Pelt,biography,False
2009,CAR,HC,John Fox,1,1,False,False,,infobox,https://en.wikipedia.org/wiki/2009_Carolina_Panthers_season,team_season_page,False
2009,CAR,OC,Jeff Davidson,1,1,False,False,gap-fill (biography_only),biography,https://en.wikipedia.org/wiki/Jeff_Davidson,biography,False
2009,CHI,DC,Bob Babich,1,1,False,False,gap-fill (biography_only),biography,https://en.wikipedia.org/wiki/Bob_Babich_(American_football_coach),biography,False
2009,CHI,HC,Lovie Smith,1,1,False,False,,infobox,https://en.wikipedia.org/wiki/2009_Chicago_Bears_season,team_season_page,False
2009,CHI,OC,Ron Turner,1,1,False,False,gap-fill (biography_only),biography,https://en.wikipedia.org/wiki/Ron_Turner_(American_football),biography,False
2009,CIN,DC,Mike Zimmer,1,1,False,False,,infobox,https://en.wikipedia.org/wiki/2009_Cincinnati_Bengals_season,team_season_page,False
2009,CIN,HC,Marvin Lewis,1,1,False,False,,infobox,https://en.wikipedia.org/wiki/2009_Cincinnati_Bengals_season,team_season_page,False
2009,CIN,OC,Bob Bratkowski,1,1,False,False,,infobox,https://en.wikipedia.org/wiki/2009_Cincinnati_Bengals_season,team_season_page,False
2009,CLE,DC,Rob Ryan,1,1,False,False,,staff_section,https://en.wikipedia.org/wiki/2009_Cleveland_Browns_season,team_season_page,False
2009,CLE,HC,Eric Mangini,1,1,False,False,,both,https://en.wikipedia.org/wiki/2009_Cleveland_Browns_season,team_season_page,False
2009,CLE,OC,Brian Daboll,1,1,False,False,,staff_section,https://en.wikipedia.org/wiki/2009_Cleveland_Browns_season,team_season_page,False
2009,DAL,HC,Wade Phillips,1,1,False,False,,both,https://en.wikipedia.org/wiki/2009_Dallas_Cowboys_season,team_season_page,False
2009,DAL,OC,Jason Garrett,1,1,False,False,,both,https://en.wikipedia.org/wiki/2009_Dallas_Cowboys_season,team_season_page,False
2009,DEN,DC,Mike Nolan,1,1,False,False,,staff_section,https://en.wikipedia.org/wiki/2009_Denver_Broncos_season,team_season_page,False
2009,DEN,HC,Josh McDaniels,1,1,False,False,,both,https://en.wikipedia.org/wiki/2009_Denver_Broncos_season,team_season_page,False
2009,DEN,OC,Mike McCoy,1,1,False,False,,staff_section,https://en.wikipedia.org/wiki/2009_Denver_Broncos_season,team_season_page,False
2009,DET,DC,Gunther Cunningham,1,1,False,False,gap-fill (biography_only),biography,https://en.wikipedia.org/wiki/Gunther_Cunningham,biography,False
2009,DET,HC,Jim Schwartz,1,1,False,False,,infobox,https://en.wikipedia.org/wiki/2009_Detroit_Lions_season,team_season_page,False
2009,DET,OC,Scott Linehan,1,1,False,False,gap-fill (biography_only),biography,https://en.wikipedia.org/wiki/Scott_Linehan,biography,False
2009,GB,DC,Dom Capers,1,1,False,False,,infobox,https://en.wikipedia.org/wiki/2009_Green_Bay_Packers_season,team_season_page,False
2009,GB,HC,Mike McCarthy,1,1,False,False,,infobox,https://en.wikipedia.org/wiki/2009_Green_Bay_Packers_season,team_season_page,False
2009,GB,OC,Joe Philbin,1,1,False,False,,infobox,https://en.wikipedia.org/wiki/2009_Green_Bay_Packers_season,team_season_page,False
2009,HOU,DC,Frank Bush,1,1,False,False,,both,https://en.wikipedia.org/wiki/2009_Houston_Texans_season,team_season_page,False
2009,HOU,HC,Gary Kubiak,1,1,False,False,,both,https://en.wikipedia.org/wiki/2009_Houston_Texans_season,team_season_page,False
2009,HOU,OC,Kyle Shanahan,1,1,False,False,,both,https://en.wikipedia.org/wiki/2009_Houston_Texans_season,team_season_page,False
2009,IND,DC,Larry Coyer,1,1,False,False,,infobox,https://en.wikipedia.org/wiki/2009_Indianapolis_Colts_season,team_season_page,False
2009,IND,HC,Jim Caldwell,1,1,False,False,,infobox,https://en.wikipedia.org/wiki/2009_Indianapolis_Colts_season,team_season_page,False
2009,IND,OC,Tom Moore,1,1,False,False,,infobox,https://en.wikipedia.org/wiki/2009_Indianapolis_Colts_season,team_season_page,False
2009,JAX,DC,Mel Tucker,1,1,False,False,,infobox,https://en.wikipedia.org/wiki/2009_Jacksonville_Jaguars_season,team_season_page,False
2009,JAX,HC,Jack Del Rio,1,1,False,False,,infobox,https://en.wikipedia.org/wiki/2009_Jacksonville_Jaguars_season,team_season_page,False
2009,JAX,OC,Dirk Koetter,1,1,False,False,,infobox,https://en.wikipedia.org/wiki/2009_Jacksonville_Jaguars_season,team_season_page,False
2009,KC,HC,Todd Haley,1,1,False,False,,infobox,https://en.wikipedia.org/wiki/2009_Kansas_City_Chiefs_season,team_season_page,False
2009,LAC,DC,Ron Rivera,1,1,False,False,,infobox,https://en.wikipedia.org/wiki/2009_San_Diego_Chargers_season,team_season_page,False
2009,LAC,HC,Norv Turner,1,1,False,False,,infobox,https://en.wikipedia.org/wiki/2009_San_Diego_Chargers_season,team_season_page,False
2009,LAC,OC,Clarence Shelmon,1,1,False,False,,infobox,https://en.wikipedia.org/wiki/2009_San_Diego_Chargers_season,team_season_page,False
2009,LAR,HC,Steve Spagnuolo,1,1,False,False,,infobox,https://en.wikipedia.org/wiki/2009_St._Louis_Rams_season,team_season_page,False
2009,LAR,OC,Pat Shurmur,1,1,False,False,gap-fill (biography_only),biography,https://en.wikipedia.org/wiki/Pat_Shurmur,biography,False
2009,MIA,DC,Paul Pasqualoni,1,1,False,False,gap-fill (biography_only),biography,https://en.wikipedia.org/wiki/Paul_Pasqualoni,biography,False
2009,MIA,HC,Tony Sparano,1,1,False,False,,infobox,https://en.wikipedia.org/wiki/2009_Miami_Dolphins_season,team_season_page,False
2009,MIN,DC,Leslie Frazier,1,1,False,False,,both,https://en.wikipedia.org/wiki/2009_Minnesota_Vikings_season,team_season_page,False
2009,MIN,HC,Brad Childress,1,1,False,False,,both,https://en.wikipedia.org/wiki/2009_Minnesota_Vikings_season,team_season_page,False
2009,MIN,OC,Darrell Bevell,1,1,False,False,,both,https://en.wikipedia.org/wiki/2009_Minnesota_Vikings_season,team_season_page,False
2009,NE,DC,Dean Pees,1,1,False,False,,infobox,https://en.wikipedia.org/wiki/2009_New_England_Patriots_season,team_season_page,False
2009,NE,HC,Bill Belichick,1,1,False,False,,infobox,https://en.wikipedia.org/wiki/2009_New_England_Patriots_season,team_season_page,False
2009,NO,DC,Gregg Williams,1,1,False,False,,infobox,https://en.wikipedia.org/wiki/2009_New_Orleans_Saints_season,team_season_page,False
2009,NO,HC,Sean Payton,1,1,False,False,,infobox,https://en.wikipedia.org/wiki/2009_New_Orleans_Saints_season,team_season_page,False
2009,NO,OC,Pete Carmichael Jr.,1,1,False,False,,infobox,https://en.wikipedia.org/wiki/2009_New_Orleans_Saints_season,team_season_page,False
2009,NYG,DC,Bill Sheridan,1,1,False,False,gap-fill (biography_only),biography,https://en.wikipedia.org/wiki/Bill_Sheridan,biography,False
2009,NYG,HC,Tom Coughlin,1,1,False,False,,infobox,https://en.wikipedia.org/wiki/2009_New_York_Giants_season,team_season_page,False
2009,NYG,OC,Kevin Gilbride,1,1,False,False,gap-fill (biography_only),biography,https://en.wikipedia.org/wiki/Kevin_Gilbride,biography,False
2009,NYJ,DC,Mike Pettine,1,1,False,False,,both,https://en.wikipedia.org/wiki/2009_New_York_Jets_season,team_season_page,False
2009,NYJ,HC,Rex Ryan,1,1,False,False,,both,https://en.wikipedia.org/wiki/2009_New_York_Jets_season,team_season_page,False
2009,NYJ,OC,Brian Schottenheimer,1,1,False,False,,both,https://en.wikipedia.org/wiki/2009_New_York_Jets_season,team_season_page,False
2009,OAK,HC,Tom Cable,1,1,False,False,,infobox,https://en.wikipedia.org/wiki/2009_Oakland_Raiders_season,team_season_page,False
2009,PHI,DC,Sean McDermott,1,1,False,False,,infobox,https://en.wikipedia.org/wiki/2009_Philadelphia_Eagles_season,team_season_page,False
2009,PHI,HC,Andy Reid,1,1,False,False,,infobox,https://en.wikipedia.org/wiki/2009_Philadelphia_Eagles_season,team_season_page,False
2009,PHI,OC,Marty Mornhinweg,1,1,False,False,,infobox,https://en.wikipedia.org/wiki/2009_Philadelphia_Eagles_season,team_season_page,False
2009,PIT,DC,Dick LeBeau,1,1,False,False,,both,https://en.wikipedia.org/wiki/2009_Pittsburgh_Steelers_season,team_season_page,False
2009,PIT,HC,Mike Tomlin,1,1,False,False,,both,https://en.wikipedia.org/wiki/2009_Pittsburgh_Steelers_season,team_season_page,False
2009,PIT,OC,Bruce Arians,1,1,False,False,,both,https://en.wikipedia.org/wiki/2009_Pittsburgh_Steelers_season,team_season_page,False
2009,SEA,DC,Gus Bradley,1,1,False,False,gap-fill (biography_only),biography,https://en.wikipedia.org/wiki/Gus_Bradley,biography,False
2009,SEA,HC,Jim L. Mora,1,1,False,False,,infobox,https://en.wikipedia.org/wiki/2009_Seattle_Seahawks_season,team_season_page,False
2009,SEA,OC,Greg Knapp,1,1,False,False,gap-fill (biography_only),biography,https://en.wikipedia.org/wiki/Greg_Knapp,biography,False
2009,SF,DC,Greg Manusky,1,1,False,False,,both,https://en.wikipedia.org/wiki/2009_San_Francisco_49ers_season,team_season_page,False
2009,SF,HC,Mike Singletary,1,1,False,False,,both,https://en.wikipedia.org/wiki/2009_San_Francisco_49ers_season,team_season_page,False
2009,SF,OC,Jimmy Raye II,1,1,False,False,,both,https://en.wikipedia.org/wiki/2009_San_Francisco_49ers_season,team_season_page,False
2009,TB,DC,Jim Bates,1,1,False,False,,staff_section,https://en.wikipedia.org/wiki/2009_Tampa_Bay_Buccaneers_season,team_season_page,False
2009,TB,HC,Raheem Morris,1,1,False,False,,both,https://en.wikipedia.org/wiki/2009_Tampa_Bay_Buccaneers_season,team_season_page,False
2009,TB,OC,Greg Olson,1,1,False,False,,staff_section,https://en.wikipedia.org/wiki/2009_Tampa_Bay_Buccaneers_season,team_season_page,False
2009,TEN,HC,Jeff Fisher,1,1,False,False,,infobox,https://en.wikipedia.org/wiki/2009_Tennessee_Titans_season,team_season_page,False
2009,TEN,OC,Mike Heimerdinger,1,1,False,False,gap-fill (biography_only),biography,https://en.wikipedia.org/wiki/Mike_Heimerdinger,biography,False
2009,WSH,DC,Greg Blache,1,1,False,False,,infobox,https://en.wikipedia.org/wiki/2009_Washington_Redskins_season,team_season_page,False
2009,WSH,HC,Jim Zorn,1,1,False,False,,infobox,https://en.wikipedia.org/wiki/2009_Washington_Redskins_season,team_season_page,False
2009,WSH,OC,Sherman Lewis,1,1,False,False,,infobox,https://en.wikipedia.org/wiki/2009_Washington_Redskins_season,team_season_page,False
2010,ARI,HC,Ken Whisenhunt,1,1,False,False,,infobox,https://en.wikipedia.org/wiki/2010_Arizona_Cardinals_season,team_season_page,False
2010,ATL,DC,Brian VanGorder,1,1,False,False,,infobox,https://en.wikipedia.org/wiki/2010_Atlanta_Falcons_season,team_season_page,False
2010,ATL,HC,Mike Smith,1,1,False,False,,infobox,https://en.wikipedia.org/wiki/2010_Atlanta_Falcons_season,team_season_page,False
2010,ATL,OC,Mike Mularkey,1,1,False,False,,infobox,https://en.wikipedia.org/wiki/2010_Atlanta_Falcons_season,team_season_page,False
2010,BAL,DC,Greg Mattison,1,1,False,False,,infobox,https://en.wikipedia.org/wiki/2010_Baltimore_Ravens_season,team_season_page,False
2010,BAL,HC,John Harbaugh,1,1,False,False,,infobox,https://en.wikipedia.org/wiki/2010_Baltimore_Ravens_season,team_season_page,False
2010,BAL,OC,Cam Cameron,1,1,False,False,,infobox,https://en.wikipedia.org/wiki/2010_Baltimore_Ravens_season,team_season_page,False
2010,BUF,DC,George Edwards,1,1,False,False,gap-fill (biography_only),biography,https://en.wikipedia.org/wiki/George_Edwards_(American_football),biography,False
2010,BUF,HC,Chan Gailey,1,1,False,False,,infobox,https://en.wikipedia.org/wiki/2010_Buffalo_Bills_season,team_season_page,False
2010,BUF,OC,Curtis Modkins,1,1,False,False,gap-fill (biography_only),biography,https://en.wikipedia.org/wiki/Curtis_Modkins,biography,False
2010,CAR,HC,John Fox,1,1,False,False,,infobox,https://en.wikipedia.org/wiki/2010_Carolina_Panthers_season,team_season_page,False
2010,CAR,OC,Jeff Davidson,1,1,False,False,gap-fill (biography_only),biography,https://en.wikipedia.org/wiki/Jeff_Davidson,biography,False
2010,CHI,DC,Rod Marinelli,1,1,False,False,,infobox,https://en.wikipedia.org/wiki/2010_Chicago_Bears_season,team_season_page,False
2010,CHI,HC,Lovie Smith,1,1,False,False,,infobox,https://en.wikipedia.org/wiki/2010_Chicago_Bears_season,team_season_page,False
2010,CHI,OC,Mike Martz,1,1,False,False,,infobox,https://en.wikipedia.org/wiki/2010_Chicago_Bears_season,team_season_page,False
2010,CIN,DC,Mike Zimmer,1,1,False,False,gap-fill (biography_only),biography,https://en.wikipedia.org/wiki/Mike_Zimmer,biography,False
2010,CIN,HC,Marvin Lewis,1,1,False,False,,infobox,https://en.wikipedia.org/wiki/2010_Cincinnati_Bengals_season,team_season_page,False
2010,CIN,OC,Bob Bratkowski,1,1,False,False,gap-fill (biography_only),biography,https://en.wikipedia.org/wiki/Bob_Bratkowski,biography,False
2010,CLE,DC,Rob Ryan,1,1,False,False,,infobox,https://en.wikipedia.org/wiki/2010_Cleveland_Browns_season,team_season_page,False
2010,CLE,HC,Eric Mangini,1,1,False,False,,infobox,https://en.wikipedia.org/wiki/2010_Cleveland_Browns_season,team_season_page,False
2010,CLE,OC,Brian Daboll,1,1,False,False,,infobox,https://en.wikipedia.org/wiki/2010_Cleveland_Browns_season,team_season_page,False
2010,DAL,DC,Paul Pasqualoni,1,1,False,False,,staff_section,https://en.wikipedia.org/wiki/2010_Dallas_Cowboys_season,team_season_page,False
2010,DAL,HC,Wade Phillips,1,2,False,False,"fired November 8, 1–7 record | fired Nov 8, 2010",both,https://en.wikipedia.org/wiki/2010_Dallas_Cowboys_season,team_season_page,False
2010,DAL,HC,Jason Garrett,2,2,False,True,"interim, 5–3 record",both,https://en.wikipedia.org/wiki/2010_Dallas_Cowboys_season,team_season_page,False
2010,DAL,OC,Jason Garrett,1,1,False,False,gap-fill (biography_only),biography,https://en.wikipedia.org/wiki/Jason_Garrett,biography,False
2010,DEN,DC,Don Martindale,1,1,False,False,,staff_section,https://en.wikipedia.org/wiki/2010_Denver_Broncos_season,team_season_page,False
2010,DEN,HC,Josh McDaniels,1,2,False,False,fired on December 6; 3–9 record,both,https://en.wikipedia.org/wiki/2010_Denver_Broncos_season,team_season_page,False
2010,DEN,HC,Eric Studesville,2,2,False,True,interim; 1–3 record,infobox,https://en.wikipedia.org/wiki/2010_Denver_Broncos_season,team_season_page,False
2010,DEN,OC,Mike McCoy,1,1,False,False,,staff_section,https://en.wikipedia.org/wiki/2010_Denver_Broncos_season,team_season_page,False
2010,DET,DC,Gunther Cunningham,1,1,False,False,gap-fill (biography_only),biography,https://en.wikipedia.org/wiki/Gunther_Cunningham,biography,False
2010,DET,HC,Jim Schwartz,1,1,False,False,,infobox,https://en.wikipedia.org/wiki/2010_Detroit_Lions_season,team_season_page,False
2010,DET,OC,Scott Linehan,1,1,False,False,gap-fill (biography_only),biography,https://en.wikipedia.org/wiki/Scott_Linehan,biography,False
2010,GB,DC,Dom Capers,1,1,False,False,,infobox,https://en.wikipedia.org/wiki/2010_Green_Bay_Packers_season,team_season_page,False
2010,GB,HC,Mike McCarthy,1,1,False,False,,infobox,https://en.wikipedia.org/wiki/2010_Green_Bay_Packers_season,team_season_page,False
2010,GB,OC,Joe Philbin,1,1,False,False,,infobox,https://en.wikipedia.org/wiki/2010_Green_Bay_Packers_season,team_season_page,False
2010,HOU,DC,Frank Bush,1,1,False,False,,both,https://en.wikipedia.org/wiki/2010_Houston_Texans_season,team_season_page,False
2010,HOU,HC,Gary Kubiak,1,1,False,False,,both,https://en.wikipedia.org/wiki/2010_Houston_Texans_season,team_season_page,False
2010,HOU,OC,Rick Dennison,1,1,False,False,,both,https://en.wikipedia.org/wiki/2010_Houston_Texans_season,team_season_page,False
2010,IND,DC,Larry Coyer,1,1,False,False,,infobox,https://en.wikipedia.org/wiki/2010_Indianapolis_Colts_season,team_season_page,False
2010,IND,HC,Jim Caldwell,1,1,False,False,,infobox,https://en.wikipedia.org/wiki/2010_Indianapolis_Colts_season,team_season_page,False
2010,IND,OC,Clyde Christensen,1,1,False,False,,infobox,https://en.wikipedia.org/wiki/2010_Indianapolis_Colts_season,team_season_page,False
2010,JAX,DC,Mel Tucker,1,1,False,False,,infobox,https://en.wikipedia.org/wiki/2010_Jacksonville_Jaguars_season,team_season_page,False
2010,JAX,HC,Jack Del Rio,1,1,False,False,,infobox,https://en.wikipedia.org/wiki/2010_Jacksonville_Jaguars_season,team_season_page,False
2010,JAX,OC,Dirk Koetter,1,1,False,False,,infobox,https://en.wikipedia.org/wiki/2010_Jacksonville_Jaguars_season,team_season_page,False
2010,KC,DC,Romeo Crennel,1,1,False,False,,infobox,https://en.wikipedia.org/wiki/2010_Kansas_City_Chiefs_season,team_season_page,False
2010,KC,HC,Todd Haley,1,1,False,False,,infobox,https://en.wikipedia.org/wiki/2010_Kansas_City_Chiefs_season,team_season_page,False
2010,KC,OC,Charlie Weis,1,1,False,False,,infobox,https://en.wikipedia.org/wiki/2010_Kansas_City_Chiefs_season,team_season_page,False
2010,LAC,DC,Ron Rivera,1,1,False,False,gap-fill (biography_only),biography,https://en.wikipedia.org/wiki/Ron_Rivera,biography,False
2010,LAC,HC,Norv Turner,1,1,False,False,,infobox,https://en.wikipedia.org/wiki/2010_San_Diego_Chargers_season,team_season_page,False
2010,LAR,HC,Steve Spagnuolo,1,1,False,False,,infobox,https://en.wikipedia.org/wiki/2010_St._Louis_Rams_season,team_season_page,False
2010,LAR,OC,Pat Shurmur,1,1,False,False,gap-fill (biography_only),biography,https://en.wikipedia.org/wiki/Pat_Shurmur,biography,False
2010,MIA,DC,Mike Nolan,1,1,False,False,gap-fill (biography_only),biography,https://en.wikipedia.org/wiki/Mike_Nolan,biography,False
2010,MIA,HC,Tony Sparano,1,1,False,False,,infobox,https://en.wikipedia.org/wiki/2010_Miami_Dolphins_season,team_season_page,False
2010,MIN,DC,Leslie Frazier,1,1,False,False,gap-fill (biography_only),biography,https://en.wikipedia.org/wiki/Leslie_Frazier,biography,False
2010,MIN,HC,Brad Childress,1,2,False,False,fired on November 22; 3–7 record,both,https://en.wikipedia.org/wiki/2010_Minnesota_Vikings_season,team_season_page,False
2010,MIN,HC,Leslie Frazier,2,2,False,True,interim; 3–3 record,both,https://en.wikipedia.org/wiki/2010_Minnesota_Vikings_season,team_season_page,False
2010,MIN,OC,Darrell Bevell,1,1,False,False,,staff_section,https://en.wikipedia.org/wiki/2010_Minnesota_Vikings_season,team_season_page,False
2010,NE,HC,Bill Belichick,1,1,False,False,,infobox,https://en.wikipedia.org/wiki/2010_New_England_Patriots_season,team_season_page,False
2010,NO,DC,Gregg Williams,1,1,False,False,,infobox,https://en.wikipedia.org/wiki/2010_New_Orleans_Saints_season,team_season_page,False
2010,NO,HC,Sean Payton,1,1,False,False,,infobox,https://en.wikipedia.org/wiki/2010_New_Orleans_Saints_season,team_season_page,False
2010,NO,OC,Pete Carmichael Jr.,1,1,False,False,,infobox,https://en.wikipedia.org/wiki/2010_New_Orleans_Saints_season,team_season_page,False
2010,NYG,DC,Perry Fewell,1,1,False,False,gap-fill (biography_only),biography,https://en.wikipedia.org/wiki/Perry_Fewell,biography,False
2010,NYG,HC,Tom Coughlin,1,1,False,False,,infobox,https://en.wikipedia.org/wiki/2010_New_York_Giants_season,team_season_page,False
2010,NYG,OC,Kevin Gilbride,1,1,False,False,gap-fill (biography_only),biography,https://en.wikipedia.org/wiki/Kevin_Gilbride,biography,False
2010,NYJ,DC,Mike Pettine,1,1,False,False,,both,https://en.wikipedia.org/wiki/2010_New_York_Jets_season,team_season_page,False
2010,NYJ,HC,Rex Ryan,1,1,False,False,,both,https://en.wikipedia.org/wiki/2010_New_York_Jets_season,team_season_page,False
2010,NYJ,OC,Brian Schottenheimer,1,1,False,False,,both,https://en.wikipedia.org/wiki/2010_New_York_Jets_season,team_season_page,False
2010,OAK,HC,Tom Cable,1,1,False,False,,infobox,https://en.wikipedia.org/wiki/2010_Oakland_Raiders_season,team_season_page,False
2010,OAK,OC,Hue Jackson,1,1,False,False,gap-fill (biography_only),biography,https://en.wikipedia.org/wiki/Hue_Jackson,biography,False
2010,PHI,DC,Sean McDermott,1,1,False,False,,infobox,https://en.wikipedia.org/wiki/2010_Philadelphia_Eagles_season,team_season_page,False
2010,PHI,HC,Andy Reid,1,1,False,False,,infobox,https://en.wikipedia.org/wiki/2010_Philadelphia_Eagles_season,team_season_page,False
2010,PHI,OC,Marty Mornhinweg,1,1,False,False,,infobox,https://en.wikipedia.org/wiki/2010_Philadelphia_Eagles_season,team_season_page,False
2010,PIT,DC,Dick LeBeau,1,1,False,False,,infobox,https://en.wikipedia.org/wiki/2010_Pittsburgh_Steelers_season,team_season_page,False
2010,PIT,HC,Mike Tomlin,1,1,False,False,,infobox,https://en.wikipedia.org/wiki/2010_Pittsburgh_Steelers_season,team_season_page,False
2010,PIT,OC,Bruce Arians,1,1,False,False,,infobox,https://en.wikipedia.org/wiki/2010_Pittsburgh_Steelers_season,team_season_page,False
2010,SEA,DC,Gus Bradley,1,1,False,False,,both,https://en.wikipedia.org/wiki/2010_Seattle_Seahawks_season,team_season_page,False
2010,SEA,HC,Pete Carroll,1,1,False,False,,both,https://en.wikipedia.org/wiki/2010_Seattle_Seahawks_season,team_season_page,False
2010,SEA,OC,Jeremy Bates,1,1,False,False,,both,https://en.wikipedia.org/wiki/2010_Seattle_Seahawks_season,team_season_page,False
2010,SF,DC,Greg Manusky,1,1,False,False,,infobox,https://en.wikipedia.org/wiki/2010_San_Francisco_49ers_season,team_season_page,False
2010,SF,HC,Mike Singletary,1,2,False,False,"fired December 26, 5–10 record",infobox,https://en.wikipedia.org/wiki/2010_San_Francisco_49ers_season,team_season_page,False
2010,SF,HC,Jim Tomsula,2,2,False,True,"interim, 1–0 record",infobox,https://en.wikipedia.org/wiki/2010_San_Francisco_49ers_season,team_season_page,False
2010,SF,OC,Jimmy Raye II,1,1,False,False,,infobox,https://en.wikipedia.org/wiki/2010_San_Francisco_49ers_season,team_season_page,False
2010,TB,HC,Raheem Morris,1,1,False,False,,infobox,https://en.wikipedia.org/wiki/2010_Tampa_Bay_Buccaneers_season,team_season_page,False
2010,TB,OC,Greg Olson,1,1,False,False,gap-fill (biography_only),biography,https://en.wikipedia.org/wiki/Greg_Olson_(American_football),biography,False
2010,TEN,HC,Jeff Fisher,1,1,False,False,,infobox,https://en.wikipedia.org/wiki/2010_Tennessee_Titans_season,team_season_page,False
2010,TEN,OC,Mike Heimerdinger,1,1,False,False,gap-fill (biography_only),biography,https://en.wikipedia.org/wiki/Mike_Heimerdinger,biography,False
2010,WSH,DC,Jim Haslett,1,1,False,False,,infobox,https://en.wikipedia.org/wiki/2010_Washington_Redskins_season,team_season_page,False
2010,WSH,HC,Mike Shanahan,1,1,False,False,,infobox,https://en.wikipedia.org/wiki/2010_Washington_Redskins_season,team_season_page,False
2010,WSH,OC,Kyle Shanahan,1,1,False,False,,infobox,https://en.wikipedia.org/wiki/2010_Washington_Redskins_season,team_season_page,False
2011,ARI,DC,Ray Horton,1,1,False,False,gap-fill (biography_only),biography,https://en.wikipedia.org/wiki/Ray_Horton,biography,False
2011,ARI,HC,Ken Whisenhunt,1,1,False,False,,infobox,https://en.wikipedia.org/wiki/2011_Arizona_Cardinals_season,team_season_page,False
2011,ATL,DC,Brian VanGorder,1,1,False,False,,infobox,https://en.wikipedia.org/wiki/2011_Atlanta_Falcons_season,team_season_page,False
2011,ATL,HC,Mike Smith,1,1,False,False,,infobox,https://en.wikipedia.org/wiki/2011_Atlanta_Falcons_season,team_season_page,False
2011,ATL,OC,Mike Mularkey,1,1,False,False,,infobox,https://en.wikipedia.org/wiki/2011_Atlanta_Falcons_season,team_season_page,False
2011,BAL,DC,Chuck Pagano,1,1,False,False,,infobox,https://en.wikipedia.org/wiki/2011_Baltimore_Ravens_season,team_season_page,False
2011,BAL,HC,John Harbaugh,1,1,False,False,,infobox,https://en.wikipedia.org/wiki/2011_Baltimore_Ravens_season,team_season_page,False
2011,BAL,OC,Cam Cameron,1,1,False,False,,infobox,https://en.wikipedia.org/wiki/2011_Baltimore_Ravens_season,team_season_page,False
2011,BUF,DC,George Edwards,1,1,False,False,gap-fill (biography_only),biography,https://en.wikipedia.org/wiki/George_Edwards_(American_football),biography,False
2011,BUF,HC,Chan Gailey,1,1,False,False,,infobox,https://en.wikipedia.org/wiki/2011_Buffalo_Bills_season,team_season_page,False
2011,BUF,OC,Curtis Modkins,1,1,False,False,gap-fill (biography_only),biography,https://en.wikipedia.org/wiki/Curtis_Modkins,biography,False
2011,CAR,DC,Sean McDermott,1,1,False,False,gap-fill (biography_only),biography,https://en.wikipedia.org/wiki/Sean_McDermott,biography,False
2011,CAR,HC,Ron Rivera,1,1,False,False,,infobox,https://en.wikipedia.org/wiki/2011_Carolina_Panthers_season,team_season_page,False
2011,CAR,OC,Rob Chudzinski,1,1,False,False,gap-fill (biography_only),biography,https://en.wikipedia.org/wiki/Rob_Chudzinski,biography,False
2011,CHI,DC,Rod Marinelli,1,1,False,False,gap-fill (biography_only),biography,https://en.wikipedia.org/wiki/Rod_Marinelli,biography,False
2011,CHI,HC,Lovie Smith,1,1,False,False,,infobox,https://en.wikipedia.org/wiki/2011_Chicago_Bears_season,team_season_page,False
2011,CHI,OC,Mike Martz,1,1,False,False,gap-fill (biography_only),biography,https://en.wikipedia.org/wiki/Mike_Martz,biography,False
2011,CIN,DC,Mike Zimmer,1,1,False,False,,infobox,https://en.wikipedia.org/wiki/2011_Cincinnati_Bengals_season,team_season_page,False
2011,CIN,HC,Marvin Lewis,1,1,False,False,,infobox,https://en.wikipedia.org/wiki/2011_Cincinnati_Bengals_season,team_season_page,False
2011,CIN,OC,Jay Gruden,1,1,False,False,,infobox,https://en.wikipedia.org/wiki/2011_Cincinnati_Bengals_season,team_season_page,False
2011,CLE,DC,Dick Jauron,1,1,False,False,,infobox,https://en.wikipedia.org/wiki/2011_Cleveland_Browns_season,team_season_page,False
2011,CLE,HC,Pat Shurmur,1,1,False,False,,infobox,https://en.wikipedia.org/wiki/2011_Cleveland_Browns_season,team_season_page,False
2011,DAL,DC,Rob Ryan,1,1,False,False,,staff_section,https://en.wikipedia.org/wiki/2011_Dallas_Cowboys_season,team_season_page,False
2011,DAL,HC,Jason Garrett,1,1,False,False,,both,https://en.wikipedia.org/wiki/2011_Dallas_Cowboys_season,team_season_page,False
2011,DEN,DC,Dennis Allen,1,1,False,False,,both,https://en.wikipedia.org/wiki/2011_Denver_Broncos_season,team_season_page,False
2011,DEN,HC,John Fox,1,1,False,False,,both,https://en.wikipedia.org/wiki/2011_Denver_Broncos_season,team_season_page,False
2011,DEN,OC,Mike McCoy,1,1,False,False,,both,https://en.wikipedia.org/wiki/2011_Denver_Broncos_season,team_season_page,False
2011,DET,DC,Gunther Cunningham,1,1,False,False,,infobox,https://en.wikipedia.org/wiki/2011_Detroit_Lions_season,team_season_page,False
2011,DET,HC,Jim Schwartz,1,1,False,False,,infobox,https://en.wikipedia.org/wiki/2011_Detroit_Lions_season,team_season_page,False
2011,DET,OC,Scott Linehan,1,1,False,False,,infobox,https://en.wikipedia.org/wiki/2011_Detroit_Lions_season,team_season_page,False
2011,GB,DC,Dom Capers,1,1,False,False,,infobox,https://en.wikipedia.org/wiki/2011_Green_Bay_Packers_season,team_season_page,False
2011,GB,HC,Mike McCarthy,1,1,False,False,,infobox,https://en.wikipedia.org/wiki/2011_Green_Bay_Packers_season,team_season_page,False
2011,GB,OC,Joe Philbin,1,1,False,False,,infobox,https://en.wikipedia.org/wiki/2011_Green_Bay_Packers_season,team_season_page,False
2011,HOU,DC,Wade Phillips,1,1,False,False,,infobox,https://en.wikipedia.org/wiki/2011_Houston_Texans_season,team_season_page,False
2011,HOU,HC,Gary Kubiak,1,1,False,False,,infobox,https://en.wikipedia.org/wiki/2011_Houston_Texans_season,team_season_page,False
2011,HOU,OC,Rick Dennison,1,1,False,False,,infobox,https://en.wikipedia.org/wiki/2011_Houston_Texans_season,team_season_page,False
2011,IND,HC,Jim Caldwell,1,1,False,False,,infobox,https://en.wikipedia.org/wiki/2011_Indianapolis_Colts_season,team_season_page,False
2011,IND,OC,Clyde Christensen,1,1,False,False,gap-fill (biography_only),biography,https://en.wikipedia.org/wiki/Clyde_Christensen,biography,False
2011,JAX,DC,Mel Tucker,1,1,False,False,,infobox,https://en.wikipedia.org/wiki/2011_Jacksonville_Jaguars_season,team_season_page,False
2011,JAX,HC,Jack Del Rio,1,2,False,False,fired November 29; 3–8 record,infobox,https://en.wikipedia.org/wiki/2011_Jacksonville_Jaguars_season,team_season_page,False
2011,JAX,HC,Mel Tucker,2,2,False,True,interim; 2–3 record,infobox,https://en.wikipedia.org/wiki/2011_Jacksonville_Jaguars_season,team_season_page,False
2011,JAX,OC,Dirk Koetter,1,1,False,False,,infobox,https://en.wikipedia.org/wiki/2011_Jacksonville_Jaguars_season,team_season_page,False
2011,KC,DC,Romeo Crennel,1,1,False,False,,both,https://en.wikipedia.org/wiki/2011_Kansas_City_Chiefs_season,team_season_page,False
2011,KC,HC,Todd Haley,1,2,False,False,"fired Dec. 12, 5–8 record | fired Dec 12, 2011",both,https://en.wikipedia.org/wiki/2011_Kansas_City_Chiefs_season,team_season_page,False
2011,KC,HC,Romeo Crennel,2,2,False,True,"interim, 2–1 record",both,https://en.wikipedia.org/wiki/2011_Kansas_City_Chiefs_season,team_season_page,False
2011,KC,OC,Bill Muir,1,1,False,False,,both,https://en.wikipedia.org/wiki/2011_Kansas_City_Chiefs_season,team_season_page,False
2011,LAC,DC,Greg Manusky,1,1,False,False,gap-fill (biography_only),biography,https://en.wikipedia.org/wiki/Greg_Manusky,biography,False
2011,LAC,HC,Norv Turner,1,1,False,False,,infobox,https://en.wikipedia.org/wiki/2011_San_Diego_Chargers_season,team_season_page,False
2011,LAR,HC,Steve Spagnuolo,1,1,False,False,,infobox,https://en.wikipedia.org/wiki/2011_St._Louis_Rams_season,team_season_page,False
2011,LAR,OC,Josh McDaniels,1,1,False,False,gap-fill (biography_only),biography,https://en.wikipedia.org/wiki/Josh_McDaniels,biography,False
2011,MIA,DC,Mike Nolan,1,1,False,False,gap-fill (biography_only),biography,https://en.wikipedia.org/wiki/Mike_Nolan,biography,False
2011,MIA,HC,Tony Sparano,1,2,False,False,fired on December 12; 4–9 record,infobox,https://en.wikipedia.org/wiki/2011_Miami_Dolphins_season,team_season_page,False
2011,MIA,HC,Todd Bowles,2,2,False,True,interim; 2–1 record,infobox,https://en.wikipedia.org/wiki/2011_Miami_Dolphins_season,team_season_page,False
2011,MIA,OC,Brian Daboll,1,1,False,False,gap-fill (biography_only),biography,https://en.wikipedia.org/wiki/Brian_Daboll,biography,False
2011,MIN,HC,Leslie Frazier,1,1,False,False,,infobox,https://en.wikipedia.org/wiki/2011_Minnesota_Vikings_season,team_season_page,False
2011,MIN,OC,Bill Musgrave,1,1,False,False,gap-fill (biography_only),biography,https://en.wikipedia.org/wiki/Bill_Musgrave,biography,False
2011,NE,HC,Bill Belichick,1,1,False,False,,infobox,https://en.wikipedia.org/wiki/2011_New_England_Patriots_season,team_season_page,False
2011,NE,OC,Bill O'Brien,1,1,False,False,,infobox,https://en.wikipedia.org/wiki/2011_New_England_Patriots_season,team_season_page,False
2011,NO,DC,Gregg Williams,1,1,False,False,,infobox,https://en.wikipedia.org/wiki/2011_New_Orleans_Saints_season,team_season_page,False
2011,NO,HC,Sean Payton,1,1,False,False,,infobox,https://en.wikipedia.org/wiki/2011_New_Orleans_Saints_season,team_season_page,False
2011,NO,OC,Pete Carmichael Jr.,1,1,False,False,,infobox,https://en.wikipedia.org/wiki/2011_New_Orleans_Saints_season,team_season_page,False
2011,NYG,DC,Perry Fewell,1,1,False,False,gap-fill (biography_only),biography,https://en.wikipedia.org/wiki/Perry_Fewell,biography,False
2011,NYG,HC,Tom Coughlin,1,1,False,False,,infobox,https://en.wikipedia.org/wiki/2011_New_York_Giants_season,team_season_page,False
2011,NYG,OC,Kevin Gilbride,1,1,False,False,gap-fill (biography_only),biography,https://en.wikipedia.org/wiki/Kevin_Gilbride,biography,False
2011,NYJ,DC,Mike Pettine,1,1,False,False,gap-fill (biography_only),biography,https://en.wikipedia.org/wiki/Mike_Pettine,biography,False
2011,NYJ,HC,Rex Ryan,1,1,False,False,,infobox,https://en.wikipedia.org/wiki/2011_New_York_Jets_season,team_season_page,False
2011,NYJ,OC,Brian Schottenheimer,1,1,False,False,gap-fill (biography_only),biography,https://en.wikipedia.org/wiki/Brian_Schottenheimer,biography,False
2011,OAK,HC,Hue Jackson,1,1,False,False,,infobox,https://en.wikipedia.org/wiki/2011_Oakland_Raiders_season,team_season_page,False
2011,OAK,OC,Al Saunders,1,1,False,False,gap-fill (biography_only),biography,https://en.wikipedia.org/wiki/Al_Saunders,biography,False
2011,PHI,DC,Juan Castillo,1,1,False,False,gap-fill (biography_only),biography,https://en.wikipedia.org/wiki/Juan_Castillo_(American_football),biography,False
2011,PHI,HC,Andy Reid,1,1,False,False,,infobox,https://en.wikipedia.org/wiki/2011_Philadelphia_Eagles_season,team_season_page,False
2011,PHI,OC,Marty Mornhinweg,1,1,False,False,gap-fill (biography_only),biography,https://en.wikipedia.org/wiki/Marty_Mornhinweg,biography,False
2011,PIT,DC,Dick LeBeau,1,1,False,False,,both,https://en.wikipedia.org/wiki/2011_Pittsburgh_Steelers_season,team_season_page,False
2011,PIT,HC,Mike Tomlin,1,1,False,False,,both,https://en.wikipedia.org/wiki/2011_Pittsburgh_Steelers_season,team_season_page,False
2011,PIT,OC,Bruce Arians,1,1,False,False,,both,https://en.wikipedia.org/wiki/2011_Pittsburgh_Steelers_season,team_season_page,False
2011,SEA,DC,Gus Bradley,1,1,False,False,gap-fill (biography_only),biography,https://en.wikipedia.org/wiki/Gus_Bradley,biography,False
2011,SEA,HC,Pete Carroll,1,1,False,False,,infobox,https://en.wikipedia.org/wiki/2011_Seattle_Seahawks_season,team_season_page,False
2011,SEA,OC,Darrell Bevell,1,1,False,False,gap-fill (biography_only),biography,https://en.wikipedia.org/wiki/Darrell_Bevell,biography,False
2011,SF,DC,Vic Fangio,1,1,False,False,,both,https://en.wikipedia.org/wiki/2011_San_Francisco_49ers_season,team_season_page,False
2011,SF,HC,Jim Harbaugh,1,1,False,False,,both,https://en.wikipedia.org/wiki/2011_San_Francisco_49ers_season,team_season_page,False
2011,SF,OC,Greg Roman,1,1,False,False,,both,https://en.wikipedia.org/wiki/2011_San_Francisco_49ers_season,team_season_page,False
2011,TB,HC,Raheem Morris,1,1,False,False,,infobox,https://en.wikipedia.org/wiki/2011_Tampa_Bay_Buccaneers_season,team_season_page,False
2011,TB,OC,Greg Olson,1,1,False,False,gap-fill (biography_only),biography,https://en.wikipedia.org/wiki/Greg_Olson_(American_football),biography,False
2011,TEN,DC,Jerry Gray,1,1,False,False,gap-fill (biography_only),biography,https://en.wikipedia.org/wiki/Jerry_Gray,biography,False
2011,TEN,HC,Mike Munchak,1,1,False,False,,infobox,https://en.wikipedia.org/wiki/2011_Tennessee_Titans_season,team_season_page,False
2011,WSH,DC,Jim Haslett,1,1,False,False,,infobox,https://en.wikipedia.org/wiki/2011_Washington_Redskins_season,team_season_page,False
2011,WSH,HC,Mike Shanahan,1,1,False,False,,infobox,https://en.wikipedia.org/wiki/2011_Washington_Redskins_season,team_season_page,False
2011,WSH,OC,Kyle Shanahan,1,1,False,False,,infobox,https://en.wikipedia.org/wiki/2011_Washington_Redskins_season,team_season_page,False
2012,ARI,DC,Ray Horton,1,1,False,False,,staff_section,https://en.wikipedia.org/wiki/2012_Arizona_Cardinals_season,team_season_page,False
2012,ARI,HC,Ken Whisenhunt,1,1,False,False,,both,https://en.wikipedia.org/wiki/2012_Arizona_Cardinals_season,team_season_page,False
2012,ARI,OC,Mike Miller,1,1,False,False,,staff_section,https://en.wikipedia.org/wiki/2012_Arizona_Cardinals_season,team_season_page,False
2012,ATL,DC,Mike Nolan,1,1,False,False,,both,https://en.wikipedia.org/wiki/2012_Atlanta_Falcons_season,team_season_page,False
2012,ATL,HC,Mike Smith,1,1,False,False,,both,https://en.wikipedia.org/wiki/2012_Atlanta_Falcons_season,team_season_page,False
2012,ATL,OC,Dirk Koetter,1,1,False,False,,both,https://en.wikipedia.org/wiki/2012_Atlanta_Falcons_season,team_season_page,False
2012,BAL,DC,Dean Pees,1,1,False,False,,both,https://en.wikipedia.org/wiki/2012_Baltimore_Ravens_season,team_season_page,False
2012,BAL,HC,John Harbaugh,1,1,False,False,,both,https://en.wikipedia.org/wiki/2012_Baltimore_Ravens_season,team_season_page,False
2012,BAL,OC,Cam Cameron,1,2,False,False,fired Dec 10,both,https://en.wikipedia.org/wiki/2012_Baltimore_Ravens_season,team_season_page,False
2012,BAL,OC,Jim Caldwell,2,2,False,True,interim,both,https://en.wikipedia.org/wiki/2012_Baltimore_Ravens_season,team_season_page,False
2012,BUF,DC,Dave Wannstedt,1,1,False,False,,staff_section,https://en.wikipedia.org/wiki/2012_Buffalo_Bills_season,team_season_page,False
2012,BUF,HC,Chan Gailey,1,1,False,False,,both,https://en.wikipedia.org/wiki/2012_Buffalo_Bills_season,team_season_page,False
2012,BUF,OC,Curtis Modkins,1,1,False,False,,staff_section,https://en.wikipedia.org/wiki/2012_Buffalo_Bills_season,team_season_page,False
2012,CAR,DC,Sean McDermott,1,1,False,False,,staff_section,https://en.wikipedia.org/wiki/2012_Carolina_Panthers_season,team_season_page,False
2012,CAR,HC,Ron Rivera,1,1,False,False,,both,https://en.wikipedia.org/wiki/2012_Carolina_Panthers_season,team_season_page,False
2012,CAR,OC,Rob Chudzinski,1,1,False,False,,staff_section,https://en.wikipedia.org/wiki/2012_Carolina_Panthers_season,team_season_page,False
2012,CHI,DC,Rod Marinelli,1,1,False,False,,staff_section,https://en.wikipedia.org/wiki/2012_Chicago_Bears_season,team_season_page,False
2012,CHI,HC,Lovie Smith,1,1,False,False,,both,https://en.wikipedia.org/wiki/2012_Chicago_Bears_season,team_season_page,False
2012,CHI,OC,Mike Tice,1,1,False,False,,staff_section,https://en.wikipedia.org/wiki/2012_Chicago_Bears_season,team_season_page,False
2012,CIN,DC,Mike Zimmer,1,1,False,False,,both,https://en.wikipedia.org/wiki/2012_Cincinnati_Bengals_season,team_season_page,False
2012,CIN,HC,Marvin Lewis,1,1,False,False,,both,https://en.wikipedia.org/wiki/2012_Cincinnati_Bengals_season,team_season_page,False
2012,CIN,OC,Jay Gruden,1,1,False,False,,both,https://en.wikipedia.org/wiki/2012_Cincinnati_Bengals_season,team_season_page,False
2012,CLE,DC,Dick Jauron,1,1,False,False,,staff_section,https://en.wikipedia.org/wiki/2012_Cleveland_Browns_season,team_season_page,False
2012,CLE,HC,Pat Shurmur,1,1,False,False,,both,https://en.wikipedia.org/wiki/2012_Cleveland_Browns_season,team_season_page,False
2012,CLE,OC,Brad Childress,1,1,False,False,,staff_section,https://en.wikipedia.org/wiki/2012_Cleveland_Browns_season,team_season_page,False
2012,DAL,DC,Rob Ryan,1,1,False,False,,staff_section,https://en.wikipedia.org/wiki/2012_Dallas_Cowboys_season,team_season_page,False
2012,DAL,HC,Jason Garrett,1,1,False,False,,both,https://en.wikipedia.org/wiki/2012_Dallas_Cowboys_season,team_season_page,False
2012,DAL,OC,Bill Callahan,1,1,False,False,,staff_section,https://en.wikipedia.org/wiki/2012_Dallas_Cowboys_season,team_season_page,False
2012,DEN,DC,Jack Del Rio,1,1,False,False,,both,https://en.wikipedia.org/wiki/2012_Denver_Broncos_season,team_season_page,False
2012,DEN,HC,John Fox,1,1,False,False,,both,https://en.wikipedia.org/wiki/2012_Denver_Broncos_season,team_season_page,False
2012,DEN,OC,Mike McCoy,1,1,False,False,,both,https://en.wikipedia.org/wiki/2012_Denver_Broncos_season,team_season_page,False
2012,DET,DC,Gunther Cunningham,1,1,False,False,,both,https://en.wikipedia.org/wiki/2012_Detroit_Lions_season,team_season_page,False
2012,DET,HC,Jim Schwartz,1,1,False,False,,both,https://en.wikipedia.org/wiki/2012_Detroit_Lions_season,team_season_page,False
2012,DET,OC,Scott Linehan,1,1,False,False,,both,https://en.wikipedia.org/wiki/2012_Detroit_Lions_season,team_season_page,False
2012,GB,DC,Dom Capers,1,1,False,False,,both,https://en.wikipedia.org/wiki/2012_Green_Bay_Packers_season,team_season_page,False
2012,GB,HC,Mike McCarthy,1,1,False,False,,both,https://en.wikipedia.org/wiki/2012_Green_Bay_Packers_season,team_season_page,False
2012,GB,OC,Tom Clements,1,1,False,False,,both,https://en.wikipedia.org/wiki/2012_Green_Bay_Packers_season,team_season_page,False
2012,HOU,DC,Wade Phillips,1,1,False,False,,both,https://en.wikipedia.org/wiki/2012_Houston_Texans_season,team_season_page,False
2012,HOU,HC,Gary Kubiak,1,1,False,False,,both,https://en.wikipedia.org/wiki/2012_Houston_Texans_season,team_season_page,False
2012,HOU,OC,Rick Dennison,1,1,False,False,,both,https://en.wikipedia.org/wiki/2012_Houston_Texans_season,team_season_page,False
2012,IND,DC,Greg Manusky,1,1,False,False,,both,https://en.wikipedia.org/wiki/2012_Indianapolis_Colts_season,team_season_page,False
2012,IND,HC,Chuck Pagano,1,2,False,False,,both,https://en.wikipedia.org/wiki/2012_Indianapolis_Colts_season,team_season_page,False
2012,IND,HC,Bruce Arians,2,2,False,True,interim; weeks 5–16,both,https://en.wikipedia.org/wiki/2012_Indianapolis_Colts_season,team_season_page,False
2012,IND,OC,Bruce Arians,1,1,False,False,,infobox,https://en.wikipedia.org/wiki/2012_Indianapolis_Colts_season,team_season_page,False
2012,JAX,DC,Mel Tucker,1,1,False,False,,both,https://en.wikipedia.org/wiki/2012_Jacksonville_Jaguars_season,team_season_page,False
2012,JAX,HC,Mike Mularkey,1,1,False,False,,both,https://en.wikipedia.org/wiki/2012_Jacksonville_Jaguars_season,team_season_page,False
2012,JAX,OC,Bob Bratkowski,1,1,False,False,,both,https://en.wikipedia.org/wiki/2012_Jacksonville_Jaguars_season,team_season_page,False
2012,KC,HC,Romeo Crennel,1,1,False,False,,both,https://en.wikipedia.org/wiki/2012_Kansas_City_Chiefs_season,team_season_page,False
2012,KC,OC,Brian Daboll,1,1,False,False,,both,https://en.wikipedia.org/wiki/2012_Kansas_City_Chiefs_season,team_season_page,False
2012,LAC,DC,John Pagano,1,1,False,False,,staff_section,https://en.wikipedia.org/wiki/2012_San_Diego_Chargers_season,team_season_page,False
2012,LAC,HC,Norv Turner,1,1,False,False,,both,https://en.wikipedia.org/wiki/2012_San_Diego_Chargers_season,team_season_page,False
2012,LAC,OC,Hal Hunter,1,1,False,False,,staff_section,https://en.wikipedia.org/wiki/2012_San_Diego_Chargers_season,team_season_page,False
2012,LAR,DC,Gregg Williams,1,1,False,False,,staff_section,https://en.wikipedia.org/wiki/2012_St._Louis_Rams_season,team_season_page,False
2012,LAR,HC,Jeff Fisher,1,1,False,False,,both,https://en.wikipedia.org/wiki/2012_St._Louis_Rams_season,team_season_page,False
2012,LAR,OC,Brian Schottenheimer,1,1,False,False,,staff_section,https://en.wikipedia.org/wiki/2012_St._Louis_Rams_season,team_season_page,False
2012,MIA,DC,Kevin Coyle,1,1,False,False,,staff_section,https://en.wikipedia.org/wiki/2012_Miami_Dolphins_season,team_season_page,False
2012,MIA,HC,Joe Philbin,1,1,False,False,,both,https://en.wikipedia.org/wiki/2012_Miami_Dolphins_season,team_season_page,False
2012,MIA,OC,Mike Sherman,1,1,False,False,,staff_section,https://en.wikipedia.org/wiki/2012_Miami_Dolphins_season,team_season_page,False
2012,MIN,DC,Alan Williams,1,1,False,False,,both,https://en.wikipedia.org/wiki/2012_Minnesota_Vikings_season,team_season_page,False
2012,MIN,HC,Leslie Frazier,1,1,False,False,,both,https://en.wikipedia.org/wiki/2012_Minnesota_Vikings_season,team_season_page,False
2012,MIN,OC,Bill Musgrave,1,1,False,False,,both,https://en.wikipedia.org/wiki/2012_Minnesota_Vikings_season,team_season_page,False
2012,NE,DC,Matt Patricia,1,1,False,False,,both,https://en.wikipedia.org/wiki/2012_New_England_Patriots_season,team_season_page,False
2012,NE,HC,Bill Belichick,1,1,False,False,,both,https://en.wikipedia.org/wiki/2012_New_England_Patriots_season,team_season_page,False
2012,NE,OC,Josh McDaniels,1,1,False,False,,both,https://en.wikipedia.org/wiki/2012_New_England_Patriots_season,team_season_page,False
2012,NO,DC,Steve Spagnuolo,1,1,False,False,,staff_section,https://en.wikipedia.org/wiki/2012_New_Orleans_Saints_season,team_season_page,False
2012,NO,HC,Sean Payton,1,4,False,False,suspended entire season,infobox,https://en.wikipedia.org/wiki/2012_New_Orleans_Saints_season,team_season_page,False
2012,NO,HC,Joe Vitt,2,4,False,True,"Interim, games 7–16",infobox,https://en.wikipedia.org/wiki/2012_New_Orleans_Saints_season,team_season_page,False
2012,NO,HC,Aaron Kromer,3,4,False,True,"Interim, games 1–6",infobox,https://en.wikipedia.org/wiki/2012_New_Orleans_Saints_season,team_season_page,False
2012,NO,OC,Pete Carmichael Jr.,1,1,False,False,,staff_section,https://en.wikipedia.org/wiki/2012_New_Orleans_Saints_season,team_season_page,False
2012,NYG,DC,Perry Fewell,1,1,False,False,,staff_section,https://en.wikipedia.org/wiki/2012_New_York_Giants_season,team_season_page,False
2012,NYG,HC,Tom Coughlin,1,1,False,False,,both,https://en.wikipedia.org/wiki/2012_New_York_Giants_season,team_season_page,False
2012,NYG,OC,Kevin Gilbride,1,1,False,False,,staff_section,https://en.wikipedia.org/wiki/2012_New_York_Giants_season,team_season_page,False
2012,NYJ,DC,Mike Pettine,1,1,False,False,,staff_section,https://en.wikipedia.org/wiki/2012_New_York_Jets_season,team_season_page,False
2012,NYJ,HC,Rex Ryan,1,1,False,False,,both,https://en.wikipedia.org/wiki/2012_New_York_Jets_season,team_season_page,False
2012,NYJ,OC,Tony Sparano,1,1,False,False,,staff_section,https://en.wikipedia.org/wiki/2012_New_York_Jets_season,team_season_page,False
2012,OAK,DC,Jason Tarver,1,1,False,False,,staff_section,https://en.wikipedia.org/wiki/2012_Oakland_Raiders_season,team_season_page,False
2012,OAK,HC,Dennis Allen,1,1,False,False,,both,https://en.wikipedia.org/wiki/2012_Oakland_Raiders_season,team_season_page,False
2012,OAK,OC,Greg Knapp,1,1,False,False,,staff_section,https://en.wikipedia.org/wiki/2012_Oakland_Raiders_season,team_season_page,False
2012,PHI,DC,Juan Castillo,1,2,False,False,,staff_section,https://en.wikipedia.org/wiki/2012_Philadelphia_Eagles_season,team_season_page,False
2012,PHI,DC,Todd Bowles,2,2,False,False,,staff_section,https://en.wikipedia.org/wiki/2012_Philadelphia_Eagles_season,team_season_page,False
2012,PHI,HC,Andy Reid,1,1,False,False,,both,https://en.wikipedia.org/wiki/2012_Philadelphia_Eagles_season,team_season_page,False
2012,PHI,OC,Marty Mornhinweg,1,1,False,False,,staff_section,https://en.wikipedia.org/wiki/2012_Philadelphia_Eagles_season,team_season_page,False
2012,PIT,DC,Dick LeBeau,1,1,False,False,,both,https://en.wikipedia.org/wiki/2012_Pittsburgh_Steelers_season,team_season_page,False
2012,PIT,HC,Mike Tomlin,1,1,False,False,,both,https://en.wikipedia.org/wiki/2012_Pittsburgh_Steelers_season,team_season_page,False
2012,PIT,OC,Todd Haley,1,1,False,False,,both,https://en.wikipedia.org/wiki/2012_Pittsburgh_Steelers_season,team_season_page,False
2012,SEA,DC,Gus Bradley,1,1,False,False,,both,https://en.wikipedia.org/wiki/2012_Seattle_Seahawks_season,team_season_page,False
2012,SEA,HC,Pete Carroll,1,1,False,False,,both,https://en.wikipedia.org/wiki/2012_Seattle_Seahawks_season,team_season_page,False
2012,SEA,OC,Darrell Bevell,1,1,False,False,,both,https://en.wikipedia.org/wiki/2012_Seattle_Seahawks_season,team_season_page,False
2012,SF,DC,Vic Fangio,1,1,False,False,,both,https://en.wikipedia.org/wiki/2012_San_Francisco_49ers_season,team_season_page,False
2012,SF,HC,Jim Harbaugh,1,1,False,False,,both,https://en.wikipedia.org/wiki/2012_San_Francisco_49ers_season,team_season_page,False
2012,SF,OC,Greg Roman,1,1,False,False,,both,https://en.wikipedia.org/wiki/2012_San_Francisco_49ers_season,team_season_page,False
2012,TB,DC,Bill Sheridan,1,1,False,False,,staff_section,https://en.wikipedia.org/wiki/2012_Tampa_Bay_Buccaneers_season,team_season_page,False
2012,TB,HC,Greg Schiano,1,1,False,False,,both,https://en.wikipedia.org/wiki/2012_Tampa_Bay_Buccaneers_season,team_season_page,False
2012,TB,OC,Mike Sullivan,1,1,False,False,,staff_section,https://en.wikipedia.org/wiki/2012_Tampa_Bay_Buccaneers_season,team_season_page,False
2012,TEN,DC,Jerry Gray,1,1,False,False,,staff_section,https://en.wikipedia.org/wiki/2012_Tennessee_Titans_season,team_season_page,False
2012,TEN,HC,Mike Munchak,1,1,False,False,,both,https://en.wikipedia.org/wiki/2012_Tennessee_Titans_season,team_season_page,False
2012,TEN,OC,Chris Palmer,1,2,False,False,"fired Nov. 26, 2012",staff_section,https://en.wikipedia.org/wiki/2012_Tennessee_Titans_season,team_season_page,False
2012,TEN,OC,Dowell Loggains,2,2,False,False,,staff_section,https://en.wikipedia.org/wiki/2012_Tennessee_Titans_season,team_season_page,False
2012,WSH,DC,Jim Haslett,1,1,False,False,,both,https://en.wikipedia.org/wiki/2012_Washington_Redskins_season,team_season_page,False
2012,WSH,HC,Mike Shanahan,1,1,False,False,,both,https://en.wikipedia.org/wiki/2012_Washington_Redskins_season,team_season_page,False
2012,WSH,OC,Kyle Shanahan,1,1,False,False,,both,https://en.wikipedia.org/wiki/2012_Washington_Redskins_season,team_season_page,False
2013,ARI,DC,Todd Bowles,1,1,False,False,,staff_section,https://en.wikipedia.org/wiki/2013_Arizona_Cardinals_season,team_season_page,False
2013,ARI,HC,Bruce Arians,1,1,False,False,,both,https://en.wikipedia.org/wiki/2013_Arizona_Cardinals_season,team_season_page,False
2013,ARI,OC,Harold Goodwin,1,1,False,False,,staff_section,https://en.wikipedia.org/wiki/2013_Arizona_Cardinals_season,team_season_page,False
2013,ATL,DC,Mike Nolan,1,1,False,False,,staff_section,https://en.wikipedia.org/wiki/2013_Atlanta_Falcons_season,team_season_page,False
2013,ATL,HC,Mike Smith,1,1,False,False,,both,https://en.wikipedia.org/wiki/2013_Atlanta_Falcons_season,team_season_page,False
2013,ATL,OC,Dirk Koetter,1,1,False,False,,staff_section,https://en.wikipedia.org/wiki/2013_Atlanta_Falcons_season,team_season_page,False
2013,BAL,DC,Dean Pees,1,1,False,False,,both,https://en.wikipedia.org/wiki/2013_Baltimore_Ravens_season,team_season_page,False
2013,BAL,HC,John Harbaugh,1,1,False,False,,both,https://en.wikipedia.org/wiki/2013_Baltimore_Ravens_season,team_season_page,False
2013,BAL,OC,Jim Caldwell,1,1,False,False,,both,https://en.wikipedia.org/wiki/2013_Baltimore_Ravens_season,team_season_page,False
2013,BUF,DC,Mike Pettine,1,1,False,False,,staff_section,https://en.wikipedia.org/wiki/2013_Buffalo_Bills_season,team_season_page,False
2013,BUF,HC,Doug Marrone,1,1,False,False,,both,https://en.wikipedia.org/wiki/2013_Buffalo_Bills_season,team_season_page,False
2013,BUF,OC,Nathaniel Hackett,1,1,False,False,,staff_section,https://en.wikipedia.org/wiki/2013_Buffalo_Bills_season,team_season_page,False
2013,CAR,DC,Sean McDermott,1,1,False,False,,both,https://en.wikipedia.org/wiki/2013_Carolina_Panthers_season,team_season_page,False
2013,CAR,HC,Ron Rivera,1,1,False,False,,both,https://en.wikipedia.org/wiki/2013_Carolina_Panthers_season,team_season_page,False
2013,CAR,OC,Mike Shula,1,1,False,False,,both,https://en.wikipedia.org/wiki/2013_Carolina_Panthers_season,team_season_page,False
2013,CHI,DC,Mel Tucker,1,1,False,False,,staff_section,https://en.wikipedia.org/wiki/2013_Chicago_Bears_season,team_season_page,False
2013,CHI,HC,Marc Trestman,1,1,False,False,,both,https://en.wikipedia.org/wiki/2013_Chicago_Bears_season,team_season_page,False
2013,CHI,OC,Aaron Kromer,1,1,False,False,,staff_section,https://en.wikipedia.org/wiki/2013_Chicago_Bears_season,team_season_page,False
2013,CIN,DC,Mike Zimmer,1,1,False,False,,both,https://en.wikipedia.org/wiki/2013_Cincinnati_Bengals_season,team_season_page,False
2013,CIN,HC,Marvin Lewis,1,1,False,False,,both,https://en.wikipedia.org/wiki/2013_Cincinnati_Bengals_season,team_season_page,False
2013,CIN,OC,Jay Gruden,1,1,False,False,,both,https://en.wikipedia.org/wiki/2013_Cincinnati_Bengals_season,team_season_page,False
2013,CLE,DC,Ray Horton,1,1,False,False,,staff_section,https://en.wikipedia.org/wiki/2013_Cleveland_Browns_season,team_season_page,False
2013,CLE,HC,Rob Chudzinski,1,1,False,False,,both,https://en.wikipedia.org/wiki/2013_Cleveland_Browns_season,team_season_page,False
2013,CLE,OC,Norv Turner,1,1,False,False,,staff_section,https://en.wikipedia.org/wiki/2013_Cleveland_Browns_season,team_season_page,False
2013,DAL,DC,Monte Kiffin,1,1,False,False,,staff_section,https://en.wikipedia.org/wiki/2013_Dallas_Cowboys_season,team_season_page,False
2013,DAL,HC,Jason Garrett,1,1,False,False,,both,https://en.wikipedia.org/wiki/2013_Dallas_Cowboys_season,team_season_page,False
2013,DAL,OC,Bill Callahan,1,1,False,False,,staff_section,https://en.wikipedia.org/wiki/2013_Dallas_Cowboys_season,team_season_page,False
2013,DEN,DC,Jack Del Rio,1,1,False,False,,both,https://en.wikipedia.org/wiki/2013_Denver_Broncos_season,team_season_page,False
2013,DEN,HC,John Fox,1,2,False,False,,both,https://en.wikipedia.org/wiki/2013_Denver_Broncos_season,team_season_page,False
2013,DEN,HC,Jack Del Rio,2,2,False,True,"interim, weeks 10–13",infobox,https://en.wikipedia.org/wiki/2013_Denver_Broncos_season,team_season_page,False
2013,DEN,OC,Adam Gase,1,1,False,False,,both,https://en.wikipedia.org/wiki/2013_Denver_Broncos_season,team_season_page,False
2013,DET,DC,Gunther Cunningham,1,1,False,False,,both,https://en.wikipedia.org/wiki/2013_Detroit_Lions_season,team_season_page,False
2013,DET,HC,Jim Schwartz,1,1,False,False,,both,https://en.wikipedia.org/wiki/2013_Detroit_Lions_season,team_season_page,False
2013,DET,OC,Scott Linehan,1,1,False,False,,both,https://en.wikipedia.org/wiki/2013_Detroit_Lions_season,team_season_page,False
2013,GB,DC,Dom Capers,1,1,False,False,,both,https://en.wikipedia.org/wiki/2013_Green_Bay_Packers_season,team_season_page,False
2013,GB,HC,Mike McCarthy,1,1,False,False,,both,https://en.wikipedia.org/wiki/2013_Green_Bay_Packers_season,team_season_page,False
2013,GB,OC,Tom Clements,1,1,False,False,,both,https://en.wikipedia.org/wiki/2013_Green_Bay_Packers_season,team_season_page,False
2013,HOU,DC,Wade Phillips,1,1,False,False,,infobox,https://en.wikipedia.org/wiki/2013_Houston_Texans_season,team_season_page,False
2013,HOU,HC,Gary Kubiak,1,2,False,False,"fired on December 6, 2–11 record",both,https://en.wikipedia.org/wiki/2013_Houston_Texans_season,team_season_page,False
2013,HOU,HC,Wade Phillips,2,2,False,True,"Interim during Week 10 while Kubiak recovered from a mini-stroke; Interim from Weeks 15–17, 0–3 record",both,https://en.wikipedia.org/wiki/2013_Houston_Texans_season,team_season_page,False
2013,HOU,OC,Rick Dennison,1,1,False,False,,both,https://en.wikipedia.org/wiki/2013_Houston_Texans_season,team_season_page,False
2013,IND,DC,Greg Manusky,1,1,False,False,,both,https://en.wikipedia.org/wiki/2013_Indianapolis_Colts_season,team_season_page,False
2013,IND,HC,Chuck Pagano,1,1,False,False,,both,https://en.wikipedia.org/wiki/2013_Indianapolis_Colts_season,team_season_page,False
2013,IND,OC,Pep Hamilton,1,1,False,False,,both,https://en.wikipedia.org/wiki/2013_Indianapolis_Colts_season,team_season_page,False
2013,JAX,DC,Bob Babich,1,1,False,False,,both,https://en.wikipedia.org/wiki/2013_Jacksonville_Jaguars_season,team_season_page,False
2013,JAX,HC,Gus Bradley,1,1,False,False,,both,https://en.wikipedia.org/wiki/2013_Jacksonville_Jaguars_season,team_season_page,False
2013,JAX,OC,Jedd Fisch,1,1,False,False,,both,https://en.wikipedia.org/wiki/2013_Jacksonville_Jaguars_season,team_season_page,False
2013,KC,DC,Bob Sutton,1,1,False,False,,both,https://en.wikipedia.org/wiki/2013_Kansas_City_Chiefs_season,team_season_page,False
2013,KC,HC,Andy Reid,1,1,False,False,,both,https://en.wikipedia.org/wiki/2013_Kansas_City_Chiefs_season,team_season_page,False
2013,KC,OC,Doug Pederson,1,1,False,False,,both,https://en.wikipedia.org/wiki/2013_Kansas_City_Chiefs_season,team_season_page,False
2013,LAC,DC,John Pagano,1,1,False,False,,both,https://en.wikipedia.org/wiki/2013_San_Diego_Chargers_season,team_season_page,False
2013,LAC,HC,Mike McCoy,1,1,False,False,,both,https://en.wikipedia.org/wiki/2013_San_Diego_Chargers_season,team_season_page,False
2013,LAC,OC,Ken Whisenhunt,1,1,False,False,,both,https://en.wikipedia.org/wiki/2013_San_Diego_Chargers_season,team_season_page,False
2013,LAR,DC,Tim Walton,1,1,False,False,,staff_section,https://en.wikipedia.org/wiki/2013_St._Louis_Rams_season,team_season_page,False
2013,LAR,HC,Jeff Fisher,1,1,False,False,,both,https://en.wikipedia.org/wiki/2013_St._Louis_Rams_season,team_season_page,False
2013,LAR,OC,Brian Schottenheimer,1,1,False,False,,staff_section,https://en.wikipedia.org/wiki/2013_St._Louis_Rams_season,team_season_page,False
2013,MIA,DC,Kevin Coyle,1,1,False,False,,staff_section,https://en.wikipedia.org/wiki/2013_Miami_Dolphins_season,team_season_page,False
2013,MIA,HC,Joe Philbin,1,1,False,False,,both,https://en.wikipedia.org/wiki/2013_Miami_Dolphins_season,team_season_page,False
2013,MIA,OC,Mike Sherman,1,1,False,False,,staff_section,https://en.wikipedia.org/wiki/2013_Miami_Dolphins_season,team_season_page,False
2013,MIN,DC,Alan Williams,1,1,False,False,,staff_section,https://en.wikipedia.org/wiki/2013_Minnesota_Vikings_season,team_season_page,False
2013,MIN,HC,Leslie Frazier,1,1,False,False,,both,https://en.wikipedia.org/wiki/2013_Minnesota_Vikings_season,team_season_page,False
2013,MIN,OC,Bill Musgrave,1,1,False,False,,staff_section,https://en.wikipedia.org/wiki/2013_Minnesota_Vikings_season,team_season_page,False
2013,NE,DC,Matt Patricia,1,1,False,False,,both,https://en.wikipedia.org/wiki/2013_New_England_Patriots_season,team_season_page,False
2013,NE,HC,Bill Belichick,1,1,False,False,,both,https://en.wikipedia.org/wiki/2013_New_England_Patriots_season,team_season_page,False
2013,NE,OC,Josh McDaniels,1,1,False,False,,both,https://en.wikipedia.org/wiki/2013_New_England_Patriots_season,team_season_page,False
2013,NO,DC,Rob Ryan,1,1,False,False,,both,https://en.wikipedia.org/wiki/2013_New_Orleans_Saints_season,team_season_page,False
2013,NO,HC,Sean Payton,1,1,False,False,,both,https://en.wikipedia.org/wiki/2013_New_Orleans_Saints_season,team_season_page,False
2013,NO,OC,Pete Carmichael Jr.,1,1,False,False,,both,https://en.wikipedia.org/wiki/2013_New_Orleans_Saints_season,team_season_page,False
2013,NYG,DC,Perry Fewell,1,1,False,False,,staff_section,https://en.wikipedia.org/wiki/2013_New_York_Giants_season,team_season_page,False
2013,NYG,HC,Tom Coughlin,1,1,False,False,,both,https://en.wikipedia.org/wiki/2013_New_York_Giants_season,team_season_page,False
2013,NYG,OC,Kevin Gilbride,1,1,False,False,,staff_section,https://en.wikipedia.org/wiki/2013_New_York_Giants_season,team_season_page,False
2013,NYJ,DC,Dennis Thurman,1,1,False,False,,staff_section,https://en.wikipedia.org/wiki/2013_New_York_Jets_season,team_season_page,False
2013,NYJ,HC,Rex Ryan,1,1,False,False,,both,https://en.wikipedia.org/wiki/2013_New_York_Jets_season,team_season_page,False
2013,NYJ,OC,Marty Mornhinweg,1,1,False,False,,staff_section,https://en.wikipedia.org/wiki/2013_New_York_Jets_season,team_season_page,False
2013,OAK,DC,Jason Tarver,1,1,False,False,,staff_section,https://en.wikipedia.org/wiki/2013_Oakland_Raiders_season,team_season_page,False
2013,OAK,HC,Dennis Allen,1,1,False,False,,both,https://en.wikipedia.org/wiki/2013_Oakland_Raiders_season,team_season_page,False
2013,OAK,OC,Greg Olson,1,1,False,False,,staff_section,https://en.wikipedia.org/wiki/2013_Oakland_Raiders_season,team_season_page,False
2013,PHI,DC,Billy Davis,1,1,False,False,,both,https://en.wikipedia.org/wiki/2013_Philadelphia_Eagles_season,team_season_page,False
2013,PHI,HC,Chip Kelly,1,1,False,False,,both,https://en.wikipedia.org/wiki/2013_Philadelphia_Eagles_season,team_season_page,False
2013,PHI,OC,Pat Shurmur,1,1,False,False,,both,https://en.wikipedia.org/wiki/2013_Philadelphia_Eagles_season,team_season_page,False
2013,PIT,DC,Dick LeBeau,1,1,False,False,,both,https://en.wikipedia.org/wiki/2013_Pittsburgh_Steelers_season,team_season_page,False
2013,PIT,HC,Mike Tomlin,1,1,False,False,,both,https://en.wikipedia.org/wiki/2013_Pittsburgh_Steelers_season,team_season_page,False
2013,PIT,OC,Todd Haley,1,1,False,False,,both,https://en.wikipedia.org/wiki/2013_Pittsburgh_Steelers_season,team_season_page,False
2013,SEA,DC,Dan Quinn,1,1,False,False,,both,https://en.wikipedia.org/wiki/2013_Seattle_Seahawks_season,team_season_page,False
2013,SEA,HC,Pete Carroll,1,1,False,False,,both,https://en.wikipedia.org/wiki/2013_Seattle_Seahawks_season,team_season_page,False
2013,SEA,OC,Darrell Bevell,1,1,False,False,,both,https://en.wikipedia.org/wiki/2013_Seattle_Seahawks_season,team_season_page,False
2013,SF,DC,Vic Fangio,1,1,False,False,,both,https://en.wikipedia.org/wiki/2013_San_Francisco_49ers_season,team_season_page,False
2013,SF,HC,Jim Harbaugh,1,1,False,False,,both,https://en.wikipedia.org/wiki/2013_San_Francisco_49ers_season,team_season_page,False
2013,SF,OC,Greg Roman,1,1,False,False,,both,https://en.wikipedia.org/wiki/2013_San_Francisco_49ers_season,team_season_page,False
2013,TB,DC,Bill Sheridan,1,1,False,False,,staff_section,https://en.wikipedia.org/wiki/2013_Tampa_Bay_Buccaneers_season,team_season_page,False
2013,TB,HC,Greg Schiano,1,1,False,False,,both,https://en.wikipedia.org/wiki/2013_Tampa_Bay_Buccaneers_season,team_season_page,False
2013,TB,OC,Mike Sullivan,1,1,False,False,,staff_section,https://en.wikipedia.org/wiki/2013_Tampa_Bay_Buccaneers_season,team_season_page,False
2013,TEN,DC,Jerry Gray,1,1,False,False,,staff_section,https://en.wikipedia.org/wiki/2013_Tennessee_Titans_season,team_season_page,False
2013,TEN,HC,Mike Munchak,1,1,False,False,,both,https://en.wikipedia.org/wiki/2013_Tennessee_Titans_season,team_season_page,False
2013,TEN,OC,Dowell Loggains,1,1,False,False,,staff_section,https://en.wikipedia.org/wiki/2013_Tennessee_Titans_season,team_season_page,False
2013,WSH,DC,Jim Haslett,1,1,False,False,,both,https://en.wikipedia.org/wiki/2013_Washington_Redskins_season,team_season_page,False
2013,WSH,HC,Mike Shanahan,1,1,False,False,,both,https://en.wikipedia.org/wiki/2013_Washington_Redskins_season,team_season_page,False
2013,WSH,OC,Kyle Shanahan,1,1,False,False,,both,https://en.wikipedia.org/wiki/2013_Washington_Redskins_season,team_season_page,False
2014,ARI,DC,Todd Bowles,1,1,False,False,,both,https://en.wikipedia.org/wiki/2014_Arizona_Cardinals_season,team_season_page,False
2014,ARI,HC,Bruce Arians,1,1,False,False,,both,https://en.wikipedia.org/wiki/2014_Arizona_Cardinals_season,team_season_page,False
2014,ARI,OC,Harold Goodwin,1,1,False,False,,both,https://en.wikipedia.org/wiki/2014_Arizona_Cardinals_season,team_season_page,False
2014,ATL,DC,Mike Nolan,1,1,False,False,,staff_section,https://en.wikipedia.org/wiki/2014_Atlanta_Falcons_season,team_season_page,False
2014,ATL,HC,Mike Smith,1,1,False,False,,both,https://en.wikipedia.org/wiki/2014_Atlanta_Falcons_season,team_season_page,False
2014,ATL,OC,Dirk Koetter,1,1,False,False,,staff_section,https://en.wikipedia.org/wiki/2014_Atlanta_Falcons_season,team_season_page,False
2014,BAL,DC,Dean Pees,1,1,False,False,,both,https://en.wikipedia.org/wiki/2014_Baltimore_Ravens_season,team_season_page,False
2014,BAL,HC,John Harbaugh,1,1,False,False,,both,https://en.wikipedia.org/wiki/2014_Baltimore_Ravens_season,team_season_page,False
2014,BAL,OC,Gary Kubiak,1,1,False,False,,both,https://en.wikipedia.org/wiki/2014_Baltimore_Ravens_season,team_season_page,False
2014,BUF,DC,Jim Schwartz,1,1,False,False,,staff_section,https://en.wikipedia.org/wiki/2014_Buffalo_Bills_season,team_season_page,False
2014,BUF,HC,Doug Marrone,1,1,False,False,,both,https://en.wikipedia.org/wiki/2014_Buffalo_Bills_season,team_season_page,False
2014,BUF,OC,Nathaniel Hackett,1,1,False,False,,staff_section,https://en.wikipedia.org/wiki/2014_Buffalo_Bills_season,team_season_page,False
2014,CAR,DC,Sean McDermott,1,1,False,False,,both,https://en.wikipedia.org/wiki/2014_Carolina_Panthers_season,team_season_page,False
2014,CAR,HC,Ron Rivera,1,1,False,False,,both,https://en.wikipedia.org/wiki/2014_Carolina_Panthers_season,team_season_page,False
2014,CAR,OC,Mike Shula,1,1,False,False,,both,https://en.wikipedia.org/wiki/2014_Carolina_Panthers_season,team_season_page,False
2014,CHI,DC,Mel Tucker,1,1,False,False,,staff_section,https://en.wikipedia.org/wiki/2014_Chicago_Bears_season,team_season_page,False
2014,CHI,HC,Marc Trestman,1,1,False,False,,both,https://en.wikipedia.org/wiki/2014_Chicago_Bears_season,team_season_page,False
2014,CHI,OC,Aaron Kromer,1,1,False,False,,staff_section,https://en.wikipedia.org/wiki/2014_Chicago_Bears_season,team_season_page,False
2014,CIN,DC,Paul Guenther,1,1,False,False,,both,https://en.wikipedia.org/wiki/2014_Cincinnati_Bengals_season,team_season_page,False
2014,CIN,HC,Marvin Lewis,1,1,False,False,,both,https://en.wikipedia.org/wiki/2014_Cincinnati_Bengals_season,team_season_page,False
2014,CIN,OC,Hue Jackson,1,1,False,False,,both,https://en.wikipedia.org/wiki/2014_Cincinnati_Bengals_season,team_season_page,False
2014,CLE,DC,Jim O'Neil,1,1,False,False,,staff_section,https://en.wikipedia.org/wiki/2014_Cleveland_Browns_season,team_season_page,False
2014,CLE,HC,Mike Pettine,1,1,False,False,,both,https://en.wikipedia.org/wiki/2014_Cleveland_Browns_season,team_season_page,False
2014,CLE,OC,Kyle Shanahan,1,1,False,False,,staff_section,https://en.wikipedia.org/wiki/2014_Cleveland_Browns_season,team_season_page,False
2014,DAL,DC,Rod Marinelli,1,1,False,False,,both,https://en.wikipedia.org/wiki/2014_Dallas_Cowboys_season,team_season_page,False
2014,DAL,HC,Jason Garrett,1,1,False,False,,both,https://en.wikipedia.org/wiki/2014_Dallas_Cowboys_season,team_season_page,False
2014,DAL,OC,Bill Callahan,1,1,False,False,,infobox,https://en.wikipedia.org/wiki/2014_Dallas_Cowboys_season,team_season_page,False
2014,DEN,DC,Jack Del Rio,1,1,False,False,,both,https://en.wikipedia.org/wiki/2014_Denver_Broncos_season,team_season_page,False
2014,DEN,HC,John Fox,1,1,False,False,,both,https://en.wikipedia.org/wiki/2014_Denver_Broncos_season,team_season_page,False
2014,DEN,OC,Adam Gase,1,1,False,False,,both,https://en.wikipedia.org/wiki/2014_Denver_Broncos_season,team_season_page,False
2014,DET,DC,Teryl Austin,1,1,False,False,,both,https://en.wikipedia.org/wiki/2014_Detroit_Lions_season,team_season_page,False
2014,DET,HC,Jim Caldwell,1,1,False,False,,both,https://en.wikipedia.org/wiki/2014_Detroit_Lions_season,team_season_page,False
2014,DET,OC,Joe Lombardi,1,1,False,False,,both,https://en.wikipedia.org/wiki/2014_Detroit_Lions_season,team_season_page,False
2014,GB,DC,Dom Capers,1,1,False,False,,both,https://en.wikipedia.org/wiki/2014_Green_Bay_Packers_season,team_season_page,False
2014,GB,HC,Mike McCarthy,1,1,False,False,,both,https://en.wikipedia.org/wiki/2014_Green_Bay_Packers_season,team_season_page,False
2014,GB,OC,Tom Clements,1,1,False,False,,both,https://en.wikipedia.org/wiki/2014_Green_Bay_Packers_season,team_season_page,False
2014,HOU,DC,Romeo Crennel,1,1,False,False,,both,https://en.wikipedia.org/wiki/2014_Houston_Texans_season,team_season_page,False
2014,HOU,HC,Bill O'Brien,1,1,False,False,,both,https://en.wikipedia.org/wiki/2014_Houston_Texans_season,team_season_page,False
2014,IND,DC,Greg Manusky,1,1,False,False,,both,https://en.wikipedia.org/wiki/2014_Indianapolis_Colts_season,team_season_page,False
2014,IND,HC,Chuck Pagano,1,1,False,False,,both,https://en.wikipedia.org/wiki/2014_Indianapolis_Colts_season,team_season_page,False
2014,IND,OC,Pep Hamilton,1,1,False,False,,both,https://en.wikipedia.org/wiki/2014_Indianapolis_Colts_season,team_season_page,False
2014,JAX,DC,Bob Babich,1,1,False,False,,both,https://en.wikipedia.org/wiki/2014_Jacksonville_Jaguars_season,team_season_page,False
2014,JAX,HC,Gus Bradley,1,1,False,False,,both,https://en.wikipedia.org/wiki/2014_Jacksonville_Jaguars_season,team_season_page,False
2014,JAX,OC,Jedd Fisch,1,1,False,False,,both,https://en.wikipedia.org/wiki/2014_Jacksonville_Jaguars_season,team_season_page,False
2014,KC,DC,Bob Sutton,1,1,False,False,,both,https://en.wikipedia.org/wiki/2014_Kansas_City_Chiefs_season,team_season_page,False
2014,KC,HC,Andy Reid,1,1,False,False,,both,https://en.wikipedia.org/wiki/2014_Kansas_City_Chiefs_season,team_season_page,False
2014,KC,OC,Doug Pederson,1,1,False,False,,both,https://en.wikipedia.org/wiki/2014_Kansas_City_Chiefs_season,team_season_page,False
2014,LAC,DC,John Pagano,1,1,False,False,,staff_section,https://en.wikipedia.org/wiki/2014_San_Diego_Chargers_season,team_season_page,False
2014,LAC,HC,Mike McCoy,1,1,False,False,,both,https://en.wikipedia.org/wiki/2014_San_Diego_Chargers_season,team_season_page,False
2014,LAC,OC,Frank Reich,1,1,False,False,,staff_section,https://en.wikipedia.org/wiki/2014_San_Diego_Chargers_season,team_season_page,False
2014,LAR,DC,Gregg Williams,1,1,False,False,,staff_section,https://en.wikipedia.org/wiki/2014_St._Louis_Rams_season,team_season_page,False
2014,LAR,HC,Jeff Fisher,1,1,False,False,,both,https://en.wikipedia.org/wiki/2014_St._Louis_Rams_season,team_season_page,False
2014,LAR,OC,Brian Schottenheimer,1,1,False,False,,staff_section,https://en.wikipedia.org/wiki/2014_St._Louis_Rams_season,team_season_page,False
2014,MIA,DC,Kevin Coyle,1,1,False,False,,staff_section,https://en.wikipedia.org/wiki/2014_Miami_Dolphins_season,team_season_page,False
2014,MIA,HC,Joe Philbin,1,1,False,False,,both,https://en.wikipedia.org/wiki/2014_Miami_Dolphins_season,team_season_page,False
2014,MIA,OC,Bill Lazor,1,1,False,False,,staff_section,https://en.wikipedia.org/wiki/2014_Miami_Dolphins_season,team_season_page,False
2014,MIN,DC,George Edwards,1,1,False,False,,staff_section,https://en.wikipedia.org/wiki/2014_Minnesota_Vikings_season,team_season_page,False
2014,MIN,HC,Mike Zimmer,1,1,False,False,,both,https://en.wikipedia.org/wiki/2014_Minnesota_Vikings_season,team_season_page,False
2014,MIN,OC,Norv Turner,1,1,False,False,,staff_section,https://en.wikipedia.org/wiki/2014_Minnesota_Vikings_season,team_season_page,False
2014,NE,DC,Matt Patricia,1,1,False,False,,both,https://en.wikipedia.org/wiki/2014_New_England_Patriots_season,team_season_page,False
2014,NE,HC,Bill Belichick,1,1,False,False,,both,https://en.wikipedia.org/wiki/2014_New_England_Patriots_season,team_season_page,False
2014,NE,OC,Josh McDaniels,1,1,False,False,,both,https://en.wikipedia.org/wiki/2014_New_England_Patriots_season,team_season_page,False
2014,NO,DC,Rob Ryan,1,1,False,False,,both,https://en.wikipedia.org/wiki/2014_New_Orleans_Saints_season,team_season_page,False
2014,NO,HC,Sean Payton,1,1,False,False,,both,https://en.wikipedia.org/wiki/2014_New_Orleans_Saints_season,team_season_page,False
2014,NO,OC,Pete Carmichael Jr.,1,1,False,False,,both,https://en.wikipedia.org/wiki/2014_New_Orleans_Saints_season,team_season_page,False
2014,NYG,DC,Perry Fewell,1,1,False,False,,staff_section,https://en.wikipedia.org/wiki/2014_New_York_Giants_season,team_season_page,False
2014,NYG,HC,Tom Coughlin,1,1,False,False,,both,https://en.wikipedia.org/wiki/2014_New_York_Giants_season,team_season_page,False
2014,NYG,OC,Ben McAdoo,1,1,False,False,,staff_section,https://en.wikipedia.org/wiki/2014_New_York_Giants_season,team_season_page,False
2014,NYJ,DC,Dennis Thurman,1,1,False,False,,staff_section,https://en.wikipedia.org/wiki/2014_New_York_Jets_season,team_season_page,False
2014,NYJ,HC,Rex Ryan,1,1,False,False,,both,https://en.wikipedia.org/wiki/2014_New_York_Jets_season,team_season_page,False
2014,NYJ,OC,Marty Mornhinweg,1,1,False,False,,staff_section,https://en.wikipedia.org/wiki/2014_New_York_Jets_season,team_season_page,False
2014,OAK,DC,Jason Tarver,1,1,False,False,,staff_section,https://en.wikipedia.org/wiki/2014_Oakland_Raiders_season,team_season_page,False
2014,OAK,HC,Dennis Allen,1,2,False,False,,both,https://en.wikipedia.org/wiki/2014_Oakland_Raiders_season,team_season_page,False
2014,OAK,HC,Tony Sparano,2,2,False,False,,both,https://en.wikipedia.org/wiki/2014_Oakland_Raiders_season,team_season_page,False
2014,OAK,OC,Greg Olson,1,1,False,False,,staff_section,https://en.wikipedia.org/wiki/2014_Oakland_Raiders_season,team_season_page,False
2014,PHI,DC,Bill Davis,1,1,False,False,,staff_section,https://en.wikipedia.org/wiki/2014_Philadelphia_Eagles_season,team_season_page,False
2014,PHI,HC,Chip Kelly,1,1,False,False,,both,https://en.wikipedia.org/wiki/2014_Philadelphia_Eagles_season,team_season_page,False
2014,PHI,OC,Pat Shurmur,1,1,False,False,,staff_section,https://en.wikipedia.org/wiki/2014_Philadelphia_Eagles_season,team_season_page,False
2014,PIT,DC,Dick LeBeau,1,1,False,False,,both,https://en.wikipedia.org/wiki/2014_Pittsburgh_Steelers_season,team_season_page,False
2014,PIT,HC,Mike Tomlin,1,1,False,False,,both,https://en.wikipedia.org/wiki/2014_Pittsburgh_Steelers_season,team_season_page,False
2014,PIT,OC,Todd Haley,1,1,False,False,,both,https://en.wikipedia.org/wiki/2014_Pittsburgh_Steelers_season,team_season_page,False
2014,SEA,DC,Dan Quinn,1,1,False,False,,both,https://en.wikipedia.org/wiki/2014_Seattle_Seahawks_season,team_season_page,False
2014,SEA,HC,Pete Carroll,1,1,False,False,,both,https://en.wikipedia.org/wiki/2014_Seattle_Seahawks_season,team_season_page,False
2014,SEA,OC,Darrell Bevell,1,1,False,False,,both,https://en.wikipedia.org/wiki/2014_Seattle_Seahawks_season,team_season_page,False
2014,SF,DC,Vic Fangio,1,1,False,False,,both,https://en.wikipedia.org/wiki/2014_San_Francisco_49ers_season,team_season_page,False
2014,SF,HC,Jim Harbaugh,1,1,False,False,,both,https://en.wikipedia.org/wiki/2014_San_Francisco_49ers_season,team_season_page,False
2014,SF,OC,Greg Roman,1,1,False,False,,both,https://en.wikipedia.org/wiki/2014_San_Francisco_49ers_season,team_season_page,False
2014,TB,DC,Leslie Frazier,1,1,False,False,,staff_section,https://en.wikipedia.org/wiki/2014_Tampa_Bay_Buccaneers_season,team_season_page,False
2014,TB,HC,Lovie Smith,1,1,False,False,,both,https://en.wikipedia.org/wiki/2014_Tampa_Bay_Buccaneers_season,team_season_page,False
2014,TB,OC,Jeff Tedford,1,1,False,False,,staff_section,https://en.wikipedia.org/wiki/2014_Tampa_Bay_Buccaneers_season,team_season_page,False
2014,TEN,DC,Ray Horton,1,1,False,False,,staff_section,https://en.wikipedia.org/wiki/2014_Tennessee_Titans_season,team_season_page,False
2014,TEN,HC,Ken Whisenhunt,1,1,False,False,,both,https://en.wikipedia.org/wiki/2014_Tennessee_Titans_season,team_season_page,False
2014,TEN,OC,Jason Michael,1,1,False,False,,staff_section,https://en.wikipedia.org/wiki/2014_Tennessee_Titans_season,team_season_page,False
2014,WSH,DC,Jim Haslett,1,1,False,False,,both,https://en.wikipedia.org/wiki/2014_Washington_Redskins_season,team_season_page,False
2014,WSH,HC,Jay Gruden,1,1,False,False,,both,https://en.wikipedia.org/wiki/2014_Washington_Redskins_season,team_season_page,False
2014,WSH,OC,Sean McVay,1,1,False,False,,both,https://en.wikipedia.org/wiki/2014_Washington_Redskins_season,team_season_page,False
2015,ARI,DC,James Bettcher,1,1,False,False,,both,https://en.wikipedia.org/wiki/2015_Arizona_Cardinals_season,team_season_page,False
2015,ARI,HC,Bruce Arians,1,1,False,False,,both,https://en.wikipedia.org/wiki/2015_Arizona_Cardinals_season,team_season_page,False
2015,ARI,OC,Harold Goodwin,1,1,False,False,,both,https://en.wikipedia.org/wiki/2015_Arizona_Cardinals_season,team_season_page,False
2015,ATL,DC,Richard Smith,1,1,False,False,,staff_section,https://en.wikipedia.org/wiki/2015_Atlanta_Falcons_season,team_season_page,False
2015,ATL,HC,Dan Quinn,1,1,False,False,,both,https://en.wikipedia.org/wiki/2015_Atlanta_Falcons_season,team_season_page,False
2015,ATL,OC,Kyle Shanahan,1,1,False,False,,staff_section,https://en.wikipedia.org/wiki/2015_Atlanta_Falcons_season,team_season_page,False
2015,BAL,DC,Dean Pees,1,1,False,False,,both,https://en.wikipedia.org/wiki/2015_Baltimore_Ravens_season,team_season_page,False
2015,BAL,HC,John Harbaugh,1,1,False,False,,both,https://en.wikipedia.org/wiki/2015_Baltimore_Ravens_season,team_season_page,False
2015,BAL,OC,Marc Trestman,1,1,False,False,,both,https://en.wikipedia.org/wiki/2015_Baltimore_Ravens_season,team_season_page,False
2015,BUF,DC,Dennis Thurman,1,1,False,False,,staff_section,https://en.wikipedia.org/wiki/2015_Buffalo_Bills_season,team_season_page,False
2015,BUF,HC,Rex Ryan,1,1,False,False,,both,https://en.wikipedia.org/wiki/2015_Buffalo_Bills_season,team_season_page,False
2015,BUF,OC,Greg Roman,1,1,False,False,,staff_section,https://en.wikipedia.org/wiki/2015_Buffalo_Bills_season,team_season_page,False
2015,CAR,DC,Sean McDermott,1,1,False,False,,both,https://en.wikipedia.org/wiki/2015_Carolina_Panthers_season,team_season_page,False
2015,CAR,HC,Ron Rivera,1,1,False,False,,both,https://en.wikipedia.org/wiki/2015_Carolina_Panthers_season,team_season_page,False
2015,CAR,OC,Mike Shula,1,1,False,False,,both,https://en.wikipedia.org/wiki/2015_Carolina_Panthers_season,team_season_page,False
2015,CHI,DC,Vic Fangio,1,1,False,False,,staff_section,https://en.wikipedia.org/wiki/2015_Chicago_Bears_season,team_season_page,False
2015,CHI,HC,John Fox,1,1,False,False,,both,https://en.wikipedia.org/wiki/2015_Chicago_Bears_season,team_season_page,False
2015,CHI,OC,Adam Gase,1,1,False,False,,staff_section,https://en.wikipedia.org/wiki/2015_Chicago_Bears_season,team_season_page,False
2015,CIN,DC,Paul Guenther,1,1,False,False,,both,https://en.wikipedia.org/wiki/2015_Cincinnati_Bengals_season,team_season_page,False
2015,CIN,HC,Marvin Lewis,1,1,False,False,,both,https://en.wikipedia.org/wiki/2015_Cincinnati_Bengals_season,team_season_page,False
2015,CIN,OC,Hue Jackson,1,1,False,False,,both,https://en.wikipedia.org/wiki/2015_Cincinnati_Bengals_season,team_season_page,False
2015,CLE,DC,Jim O'Neil,1,1,False,False,,staff_section,https://en.wikipedia.org/wiki/2015_Cleveland_Browns_season,team_season_page,False
2015,CLE,HC,Mike Pettine,1,1,False,False,,both,https://en.wikipedia.org/wiki/2015_Cleveland_Browns_season,team_season_page,False
2015,CLE,OC,John DeFilippo,1,1,False,False,,staff_section,https://en.wikipedia.org/wiki/2015_Cleveland_Browns_season,team_season_page,False
2015,DAL,DC,Rod Marinelli,1,1,False,False,,staff_section,https://en.wikipedia.org/wiki/2015_Dallas_Cowboys_season,team_season_page,False
2015,DAL,HC,Jason Garrett,1,1,False,False,,both,https://en.wikipedia.org/wiki/2015_Dallas_Cowboys_season,team_season_page,False
2015,DAL,OC,Scott Linehan,1,1,False,False,,staff_section,https://en.wikipedia.org/wiki/2015_Dallas_Cowboys_season,team_season_page,False
2015,DEN,DC,Wade Phillips,1,1,False,False,,both,https://en.wikipedia.org/wiki/2015_Denver_Broncos_season,team_season_page,False
2015,DEN,HC,Gary Kubiak,1,1,False,False,,both,https://en.wikipedia.org/wiki/2015_Denver_Broncos_season,team_season_page,False
2015,DEN,OC,Rick Dennison,1,1,False,False,,both,https://en.wikipedia.org/wiki/2015_Denver_Broncos_season,team_season_page,False
2015,DET,DC,Teryl Austin,1,1,False,False,,both,https://en.wikipedia.org/wiki/2015_Detroit_Lions_season,team_season_page,False
2015,DET,HC,Jim Caldwell,1,1,False,False,,both,https://en.wikipedia.org/wiki/2015_Detroit_Lions_season,team_season_page,False
2015,DET,OC,Joe Lombardi,1,2,False,False,"fired Oct 26, 2015",both,https://en.wikipedia.org/wiki/2015_Detroit_Lions_season,team_season_page,False
2015,DET,OC,Jim Bob Cooter,2,2,False,False,,staff_section,https://en.wikipedia.org/wiki/2015_Detroit_Lions_season,team_season_page,False
2015,GB,DC,Dom Capers,1,1,False,False,,both,https://en.wikipedia.org/wiki/2015_Green_Bay_Packers_season,team_season_page,False
2015,GB,HC,Mike McCarthy,1,1,False,False,,both,https://en.wikipedia.org/wiki/2015_Green_Bay_Packers_season,team_season_page,False
2015,GB,OC,Edgar Bennett,1,1,False,False,,both,https://en.wikipedia.org/wiki/2015_Green_Bay_Packers_season,team_season_page,False
2015,HOU,DC,Romeo Crennel,1,1,False,False,,both,https://en.wikipedia.org/wiki/2015_Houston_Texans_season,team_season_page,False
2015,HOU,HC,Bill O'Brien,1,1,False,False,,both,https://en.wikipedia.org/wiki/2015_Houston_Texans_season,team_season_page,False
2015,HOU,OC,George Godsey,1,1,False,False,,both,https://en.wikipedia.org/wiki/2015_Houston_Texans_season,team_season_page,False
2015,IND,DC,Greg Manusky,1,1,False,False,,staff_section,https://en.wikipedia.org/wiki/2015_Indianapolis_Colts_season,team_season_page,False
2015,IND,HC,Chuck Pagano,1,1,False,False,,both,https://en.wikipedia.org/wiki/2015_Indianapolis_Colts_season,team_season_page,False
2015,IND,OC,Rob Chudzinski,1,1,False,False,,staff_section,https://en.wikipedia.org/wiki/2015_Indianapolis_Colts_season,team_season_page,False
2015,JAX,DC,Bob Babich,1,1,False,False,,both,https://en.wikipedia.org/wiki/2015_Jacksonville_Jaguars_season,team_season_page,False
2015,JAX,HC,Gus Bradley,1,1,False,False,,both,https://en.wikipedia.org/wiki/2015_Jacksonville_Jaguars_season,team_season_page,False
2015,JAX,OC,Greg Olson,1,1,False,False,,both,https://en.wikipedia.org/wiki/2015_Jacksonville_Jaguars_season,team_season_page,False
2015,KC,DC,Bob Sutton,1,1,False,False,,both,https://en.wikipedia.org/wiki/2015_Kansas_City_Chiefs_season,team_season_page,False
2015,KC,HC,Andy Reid,1,1,False,False,,both,https://en.wikipedia.org/wiki/2015_Kansas_City_Chiefs_season,team_season_page,False
2015,KC,OC,Doug Pederson,1,1,False,False,,both,https://en.wikipedia.org/wiki/2015_Kansas_City_Chiefs_season,team_season_page,False
2015,LAC,DC,John Pagano,1,1,False,False,,staff_section,https://en.wikipedia.org/wiki/2015_San_Diego_Chargers_season,team_season_page,False
2015,LAC,HC,Mike McCoy,1,1,False,False,,both,https://en.wikipedia.org/wiki/2015_San_Diego_Chargers_season,team_season_page,False
2015,LAC,OC,Frank Reich,1,1,False,False,,staff_section,https://en.wikipedia.org/wiki/2015_San_Diego_Chargers_season,team_season_page,False
2015,LAR,DC,Gregg Williams,1,1,False,False,,staff_section,https://en.wikipedia.org/wiki/2015_St._Louis_Rams_season,team_season_page,False
2015,LAR,HC,Jeff Fisher,1,1,False,False,,both,https://en.wikipedia.org/wiki/2015_St._Louis_Rams_season,team_season_page,False
2015,LAR,OC,Rob Boras,1,1,False,False,,staff_section,https://en.wikipedia.org/wiki/2015_St._Louis_Rams_season,team_season_page,False
2015,MIA,DC,Lou Anarumo,1,1,False,False,,staff_section,https://en.wikipedia.org/wiki/2015_Miami_Dolphins_season,team_season_page,False
2015,MIA,HC,Joe Philbin,1,2,False,False,,both,https://en.wikipedia.org/wiki/2015_Miami_Dolphins_season,team_season_page,False
2015,MIA,HC,Dan Campbell,2,2,False,False,,both,https://en.wikipedia.org/wiki/2015_Miami_Dolphins_season,team_season_page,False
2015,MIA,OC,Zac Taylor,1,1,False,False,,staff_section,https://en.wikipedia.org/wiki/2015_Miami_Dolphins_season,team_season_page,False
2015,MIN,DC,George Edwards,1,1,False,False,,both,https://en.wikipedia.org/wiki/2015_Minnesota_Vikings_season,team_season_page,False
2015,MIN,HC,Mike Zimmer,1,1,False,False,,both,https://en.wikipedia.org/wiki/2015_Minnesota_Vikings_season,team_season_page,False
2015,MIN,OC,Norv Turner,1,1,False,False,,both,https://en.wikipedia.org/wiki/2015_Minnesota_Vikings_season,team_season_page,False
2015,NE,DC,Matt Patricia,1,1,False,False,,both,https://en.wikipedia.org/wiki/2015_New_England_Patriots_season,team_season_page,False
2015,NE,HC,Bill Belichick,1,1,False,False,,both,https://en.wikipedia.org/wiki/2015_New_England_Patriots_season,team_season_page,False
2015,NE,OC,Josh McDaniels,1,1,False,False,,both,https://en.wikipedia.org/wiki/2015_New_England_Patriots_season,team_season_page,False
2015,NO,DC,Rob Ryan,1,2,False,False,,infobox,https://en.wikipedia.org/wiki/2015_New_Orleans_Saints_season,team_season_page,False
2015,NO,DC,Dennis Allen,2,2,False,False,,both,https://en.wikipedia.org/wiki/2015_New_Orleans_Saints_season,team_season_page,False
2015,NO,HC,Sean Payton,1,1,False,False,,both,https://en.wikipedia.org/wiki/2015_New_Orleans_Saints_season,team_season_page,False
2015,NO,OC,Pete Carmichael Jr.,1,1,False,False,,both,https://en.wikipedia.org/wiki/2015_New_Orleans_Saints_season,team_season_page,False
2015,NYG,DC,Steve Spagnuolo,1,1,False,False,,staff_section,https://en.wikipedia.org/wiki/2015_New_York_Giants_season,team_season_page,False
2015,NYG,HC,Tom Coughlin,1,1,False,False,,both,https://en.wikipedia.org/wiki/2015_New_York_Giants_season,team_season_page,False
2015,NYG,OC,Ben McAdoo,1,1,False,False,,staff_section,https://en.wikipedia.org/wiki/2015_New_York_Giants_season,team_season_page,False
2015,NYJ,DC,Kacy Rodgers,1,1,False,False,gap-fill (biography_only),biography,https://en.wikipedia.org/wiki/Kacy_Rodgers,biography,False
2015,NYJ,HC,Todd Bowles,1,1,False,False,,infobox,https://en.wikipedia.org/wiki/2015_New_York_Jets_season,team_season_page,False
2015,NYJ,OC,Chan Gailey,1,1,False,False,gap-fill (biography_only),biography,https://en.wikipedia.org/wiki/Chan_Gailey,biography,False
2015,OAK,DC,Ken Norton Jr.,1,1,False,False,,staff_section,https://en.wikipedia.org/wiki/2015_Oakland_Raiders_season,team_season_page,False
2015,OAK,HC,Jack Del Rio,1,1,False,False,,both,https://en.wikipedia.org/wiki/2015_Oakland_Raiders_season,team_season_page,False
2015,OAK,OC,Bill Musgrave,1,1,False,False,,staff_section,https://en.wikipedia.org/wiki/2015_Oakland_Raiders_season,team_season_page,False
2015,PHI,DC,Billy Davis,1,1,False,False,,staff_section,https://en.wikipedia.org/wiki/2015_Philadelphia_Eagles_season,team_season_page,False
2015,PHI,HC,Chip Kelly,1,2,False,False,fired December 29; 6–9 record,both,https://en.wikipedia.org/wiki/2015_Philadelphia_Eagles_season,team_season_page,False
2015,PHI,HC,Pat Shurmur,2,2,False,True,interim week 17; 1–0 record,both,https://en.wikipedia.org/wiki/2015_Philadelphia_Eagles_season,team_season_page,False
2015,PHI,OC,Pat Shurmur,1,1,False,False,gap-fill (biography_only),biography,https://en.wikipedia.org/wiki/Pat_Shurmur,biography,False
2015,PIT,DC,Keith Butler,1,1,False,False,,both,https://en.wikipedia.org/wiki/2015_Pittsburgh_Steelers_season,team_season_page,False
2015,PIT,HC,Mike Tomlin,1,1,False,False,,both,https://en.wikipedia.org/wiki/2015_Pittsburgh_Steelers_season,team_season_page,False
2015,PIT,OC,Todd Haley,1,1,False,False,,both,https://en.wikipedia.org/wiki/2015_Pittsburgh_Steelers_season,team_season_page,False
2015,SEA,DC,Kris Richard,1,1,False,False,,both,https://en.wikipedia.org/wiki/2015_Seattle_Seahawks_season,team_season_page,False
2015,SEA,HC,Pete Carroll,1,1,False,False,,both,https://en.wikipedia.org/wiki/2015_Seattle_Seahawks_season,team_season_page,False
2015,SEA,OC,Darrell Bevell,1,1,False,False,,both,https://en.wikipedia.org/wiki/2015_Seattle_Seahawks_season,team_season_page,False
2015,SF,DC,Eric Mangini,1,1,False,False,,both,https://en.wikipedia.org/wiki/2015_San_Francisco_49ers_season,team_season_page,False
2015,SF,HC,Jim Tomsula,1,1,False,False,,both,https://en.wikipedia.org/wiki/2015_San_Francisco_49ers_season,team_season_page,False
2015,SF,OC,Geep Chryst,1,1,False,False,,both,https://en.wikipedia.org/wiki/2015_San_Francisco_49ers_season,team_season_page,False
2015,TB,DC,Leslie Frazier,1,1,False,False,,staff_section,https://en.wikipedia.org/wiki/2015_Tampa_Bay_Buccaneers_season,team_season_page,False
2015,TB,HC,Lovie Smith,1,1,False,False,,both,https://en.wikipedia.org/wiki/2015_Tampa_Bay_Buccaneers_season,team_season_page,False
2015,TB,OC,Dirk Koetter,1,1,False,False,,staff_section,https://en.wikipedia.org/wiki/2015_Tampa_Bay_Buccaneers_season,team_season_page,False
2015,TEN,DC,Ray Horton,1,1,False,False,,staff_section,https://en.wikipedia.org/wiki/2015_Tennessee_Titans_season,team_season_page,False
2015,TEN,HC,Ken Whisenhunt,1,2,False,False,"fired November 3, 2015",both,https://en.wikipedia.org/wiki/2015_Tennessee_Titans_season,team_season_page,False
2015,TEN,HC,Mike Mularkey,2,2,False,False,,both,https://en.wikipedia.org/wiki/2015_Tennessee_Titans_season,team_season_page,False
2015,TEN,OC,Jason Michael,1,1,False,False,,staff_section,https://en.wikipedia.org/wiki/2015_Tennessee_Titans_season,team_season_page,False
2015,WSH,DC,Joe Barry,1,1,False,False,,both,https://en.wikipedia.org/wiki/2015_Washington_Redskins_season,team_season_page,False
2015,WSH,HC,Jay Gruden,1,1,False,False,,both,https://en.wikipedia.org/wiki/2015_Washington_Redskins_season,team_season_page,False
2015,WSH,OC,Sean McVay,1,1,False,False,,both,https://en.wikipedia.org/wiki/2015_Washington_Redskins_season,team_season_page,False
2016,ARI,DC,James Bettcher,1,1,False,False,,staff_section,https://en.wikipedia.org/wiki/2016_Arizona_Cardinals_season,team_season_page,False
2016,ARI,HC,Bruce Arians,1,1,False,False,,both,https://en.wikipedia.org/wiki/2016_Arizona_Cardinals_season,team_season_page,False
2016,ARI,OC,Harold Goodwin,1,1,False,False,,staff_section,https://en.wikipedia.org/wiki/2016_Arizona_Cardinals_season,team_season_page,False
2016,ATL,DC,Richard Smith,1,1,False,False,,both,https://en.wikipedia.org/wiki/2016_Atlanta_Falcons_season,team_season_page,False
2016,ATL,HC,Dan Quinn,1,1,False,False,,both,https://en.wikipedia.org/wiki/2016_Atlanta_Falcons_season,team_season_page,False
2016,ATL,OC,Kyle Shanahan,1,1,False,False,,both,https://en.wikipedia.org/wiki/2016_Atlanta_Falcons_season,team_season_page,False
2016,BAL,DC,Dean Pees,1,1,False,False,,both,https://en.wikipedia.org/wiki/2016_Baltimore_Ravens_season,team_season_page,False
2016,BAL,HC,John Harbaugh,1,1,False,False,,both,https://en.wikipedia.org/wiki/2016_Baltimore_Ravens_season,team_season_page,False
2016,BAL,OC,Marc Trestman,1,2,False,False,fired Oct 10,both,https://en.wikipedia.org/wiki/2016_Baltimore_Ravens_season,team_season_page,False
2016,BAL,OC,Marty Mornhinweg,2,2,False,True,interim,infobox,https://en.wikipedia.org/wiki/2016_Baltimore_Ravens_season,team_season_page,False
2016,BUF,DC,Dennis Thurman,1,1,False,False,,staff_section,https://en.wikipedia.org/wiki/2016_Buffalo_Bills_season,team_season_page,False
2016,BUF,HC,Rex Ryan,1,2,False,False,"fired December 27, 7–8 record",infobox,https://en.wikipedia.org/wiki/2016_Buffalo_Bills_season,team_season_page,False
2016,BUF,HC,Anthony Lynn,2,2,False,True,"interim, 0–1 record",both,https://en.wikipedia.org/wiki/2016_Buffalo_Bills_season,team_season_page,False
2016,BUF,OC,Anthony Lynn,1,2,False,True,gap-fill (sources_disagree): interim; disagreement: 2 candidates for this season,biography,https://en.wikipedia.org/wiki/Anthony_Lynn,biography,True
2016,BUF,OC,Greg Roman,1,2,False,False,gap-fill (sources_disagree): disagreement: 2 candidates for this season,biography,https://en.wikipedia.org/wiki/Greg_Roman,biography,True
2016,CAR,DC,Sean McDermott,1,1,False,False,,staff_section,https://en.wikipedia.org/wiki/2016_Carolina_Panthers_season,team_season_page,False
2016,CAR,HC,Ron Rivera,1,1,False,False,,both,https://en.wikipedia.org/wiki/2016_Carolina_Panthers_season,team_season_page,False
2016,CAR,OC,Mike Shula,1,1,False,False,,staff_section,https://en.wikipedia.org/wiki/2016_Carolina_Panthers_season,team_season_page,False
2016,CHI,DC,Vic Fangio,1,1,False,False,,staff_section,https://en.wikipedia.org/wiki/2016_Chicago_Bears_season,team_season_page,False
2016,CHI,HC,John Fox,1,1,False,False,,both,https://en.wikipedia.org/wiki/2016_Chicago_Bears_season,team_season_page,False
2016,CHI,OC,Dowell Loggains,1,1,False,False,,staff_section,https://en.wikipedia.org/wiki/2016_Chicago_Bears_season,team_season_page,False
2016,CIN,DC,Paul Guenther,1,1,False,False,,staff_section,https://en.wikipedia.org/wiki/2016_Cincinnati_Bengals_season,team_season_page,False
2016,CIN,HC,Marvin Lewis,1,1,False,False,,both,https://en.wikipedia.org/wiki/2016_Cincinnati_Bengals_season,team_season_page,False
2016,CIN,OC,Ken Zampese,1,1,False,False,,staff_section,https://en.wikipedia.org/wiki/2016_Cincinnati_Bengals_season,team_season_page,False
2016,CLE,DC,Ray Horton,1,1,False,False,,staff_section,https://en.wikipedia.org/wiki/2016_Cleveland_Browns_season,team_season_page,False
2016,CLE,HC,Hue Jackson,1,1,False,False,,both,https://en.wikipedia.org/wiki/2016_Cleveland_Browns_season,team_season_page,False
2016,DAL,DC,Rod Marinelli,1,1,False,False,,staff_section,https://en.wikipedia.org/wiki/2016_Dallas_Cowboys_season,team_season_page,False
2016,DAL,HC,Jason Garrett,1,1,False,False,,both,https://en.wikipedia.org/wiki/2016_Dallas_Cowboys_season,team_season_page,False
2016,DAL,OC,Scott Linehan,1,1,False,False,,staff_section,https://en.wikipedia.org/wiki/2016_Dallas_Cowboys_season,team_season_page,False
2016,DEN,DC,Wade Phillips,1,1,False,False,,staff_section,https://en.wikipedia.org/wiki/2016_Denver_Broncos_season,team_season_page,False
2016,DEN,HC,Gary Kubiak,1,2,False,False,,both,https://en.wikipedia.org/wiki/2016_Denver_Broncos_season,team_season_page,False
2016,DEN,HC,Joe DeCamillis,2,2,False,True,"interim, Week 6",infobox,https://en.wikipedia.org/wiki/2016_Denver_Broncos_season,team_season_page,False
2016,DEN,OC,Rick Dennison,1,1,False,False,,staff_section,https://en.wikipedia.org/wiki/2016_Denver_Broncos_season,team_season_page,False
2016,DET,DC,Teryl Austin,1,1,False,False,,staff_section,https://en.wikipedia.org/wiki/2016_Detroit_Lions_season,team_season_page,False
2016,DET,HC,Jim Caldwell,1,1,False,False,,both,https://en.wikipedia.org/wiki/2016_Detroit_Lions_season,team_season_page,False
2016,DET,OC,Jim Bob Cooter,1,1,False,False,,staff_section,https://en.wikipedia.org/wiki/2016_Detroit_Lions_season,team_season_page,False
2016,GB,DC,Dom Capers,1,1,False,False,,both,https://en.wikipedia.org/wiki/2016_Green_Bay_Packers_season,team_season_page,False
2016,GB,HC,Mike McCarthy,1,1,False,False,,both,https://en.wikipedia.org/wiki/2016_Green_Bay_Packers_season,team_season_page,False
2016,GB,OC,Edgar Bennett,1,1,False,False,,both,https://en.wikipedia.org/wiki/2016_Green_Bay_Packers_season,team_season_page,False
2016,HOU,DC,Romeo Crennel,1,1,False,False,,both,https://en.wikipedia.org/wiki/2016_Houston_Texans_season,team_season_page,False
2016,HOU,HC,Bill O'Brien,1,1,False,False,,both,https://en.wikipedia.org/wiki/2016_Houston_Texans_season,team_season_page,False
2016,HOU,OC,George Godsey,1,1,False,False,,both,https://en.wikipedia.org/wiki/2016_Houston_Texans_season,team_season_page,False
2016,IND,DC,Ted Monachino,1,1,False,False,,staff_section,https://en.wikipedia.org/wiki/2016_Indianapolis_Colts_season,team_season_page,False
2016,IND,HC,Chuck Pagano,1,1,False,False,,both,https://en.wikipedia.org/wiki/2016_Indianapolis_Colts_season,team_season_page,False
2016,IND,OC,Rob Chudzinski,1,1,False,False,,staff_section,https://en.wikipedia.org/wiki/2016_Indianapolis_Colts_season,team_season_page,False
2016,JAX,DC,Todd Wash,1,1,False,False,,both,https://en.wikipedia.org/wiki/2016_Jacksonville_Jaguars_season,team_season_page,False
2016,JAX,HC,Gus Bradley,1,2,False,False,"fired on December 18, 2-12 record",both,https://en.wikipedia.org/wiki/2016_Jacksonville_Jaguars_season,team_season_page,False
2016,JAX,HC,Doug Marrone,2,2,False,True,"interim, 1-1 record",both,https://en.wikipedia.org/wiki/2016_Jacksonville_Jaguars_season,team_season_page,False
2016,JAX,OC,Greg Olson,1,2,False,False,,both,https://en.wikipedia.org/wiki/2016_Jacksonville_Jaguars_season,team_season_page,False
2016,JAX,OC,Nathaniel Hackett,2,2,False,False,,staff_section,https://en.wikipedia.org/wiki/2016_Jacksonville_Jaguars_season,team_season_page,False
2016,KC,DC,Bob Sutton,1,1,False,False,,both,https://en.wikipedia.org/wiki/2016_Kansas_City_Chiefs_season,team_season_page,False
2016,KC,HC,Andy Reid,1,1,False,False,,both,https://en.wikipedia.org/wiki/2016_Kansas_City_Chiefs_season,team_season_page,False
2016,KC,OC,Brad Childress,1,2,False,False,,infobox,https://en.wikipedia.org/wiki/2016_Kansas_City_Chiefs_season,team_season_page,False
2016,KC,OC,Matt Nagy,2,2,False,False,,infobox,https://en.wikipedia.org/wiki/2016_Kansas_City_Chiefs_season,team_season_page,False
2016,LAC,DC,John Pagano,1,1,False,False,,staff_section,https://en.wikipedia.org/wiki/2016_San_Diego_Chargers_season,team_season_page,False
2016,LAC,HC,Mike McCoy,1,1,False,False,,both,https://en.wikipedia.org/wiki/2016_San_Diego_Chargers_season,team_season_page,False
2016,LAC,OC,Ken Whisenhunt,1,1,False,False,,staff_section,https://en.wikipedia.org/wiki/2016_San_Diego_Chargers_season,team_season_page,False
2016,LAR,DC,Gregg Williams,1,1,False,False,,staff_section,https://en.wikipedia.org/wiki/2016_Los_Angeles_Rams_season,team_season_page,False
2016,LAR,HC,Jeff Fisher,1,2,False,False,"fired on December 12, 4–9 record | Fired Week 14",both,https://en.wikipedia.org/wiki/2016_Los_Angeles_Rams_season,team_season_page,False
2016,LAR,HC,John Fassel,2,2,False,True,"interim, 0–3 record",both,https://en.wikipedia.org/wiki/2016_Los_Angeles_Rams_season,team_season_page,False
2016,LAR,OC,Rob Boras,1,1,False,False,,staff_section,https://en.wikipedia.org/wiki/2016_Los_Angeles_Rams_season,team_season_page,False
2016,MIA,DC,Vance Joseph,1,1,False,False,,staff_section,https://en.wikipedia.org/wiki/2016_Miami_Dolphins_season,team_season_page,False
2016,MIA,HC,Adam Gase,1,1,False,False,,both,https://en.wikipedia.org/wiki/2016_Miami_Dolphins_season,team_season_page,False
2016,MIA,OC,Clyde Christensen,1,1,False,False,,staff_section,https://en.wikipedia.org/wiki/2016_Miami_Dolphins_season,team_season_page,False
2016,MIN,DC,George Edwards,1,1,False,False,,staff_section,https://en.wikipedia.org/wiki/2016_Minnesota_Vikings_season,team_season_page,False
2016,MIN,HC,Mike Zimmer,1,2,False,False,,both,https://en.wikipedia.org/wiki/2016_Minnesota_Vikings_season,team_season_page,False
2016,MIN,HC,Mike Priefer,2,2,False,False,,infobox,https://en.wikipedia.org/wiki/2016_Minnesota_Vikings_season,team_season_page,False
2016,MIN,OC,Norv Turner,1,2,False,False,gap-fill (sources_disagree): disagreement: 2 candidates for this season,biography,https://en.wikipedia.org/wiki/Norv_Turner,biography,True
2016,MIN,OC,Pat Shurmur,1,2,False,True,gap-fill (sources_disagree): interim; disagreement: 2 candidates for this season,biography,https://en.wikipedia.org/wiki/Pat_Shurmur,biography,True
2016,NE,DC,Matt Patricia,1,1,False,False,,both,https://en.wikipedia.org/wiki/2016_New_England_Patriots_season,team_season_page,False
2016,NE,HC,Bill Belichick,1,1,False,False,,both,https://en.wikipedia.org/wiki/2016_New_England_Patriots_season,team_season_page,False
2016,NE,OC,Josh McDaniels,1,1,False,False,,both,https://en.wikipedia.org/wiki/2016_New_England_Patriots_season,team_season_page,False
2016,NO,DC,Dennis Allen,1,1,False,False,,both,https://en.wikipedia.org/wiki/2016_New_Orleans_Saints_season,team_season_page,False
2016,NO,HC,Sean Payton,1,1,False,False,,both,https://en.wikipedia.org/wiki/2016_New_Orleans_Saints_season,team_season_page,False
2016,NO,OC,Pete Carmichael Jr.,1,1,False,False,,both,https://en.wikipedia.org/wiki/2016_New_Orleans_Saints_season,team_season_page,False
2016,NYG,DC,Steve Spagnuolo,1,1,False,False,,staff_section,https://en.wikipedia.org/wiki/2016_New_York_Giants_season,team_season_page,False
2016,NYG,HC,Ben McAdoo,1,1,False,False,,both,https://en.wikipedia.org/wiki/2016_New_York_Giants_season,team_season_page,False
2016,NYG,OC,Mike Sullivan,1,1,False,False,,staff_section,https://en.wikipedia.org/wiki/2016_New_York_Giants_season,team_season_page,False
2016,NYJ,DC,Kacy Rodgers,1,1,False,False,,staff_section,https://en.wikipedia.org/wiki/2016_New_York_Jets_season,team_season_page,False
2016,NYJ,HC,Todd Bowles,1,1,False,False,,both,https://en.wikipedia.org/wiki/2016_New_York_Jets_season,team_season_page,False
2016,NYJ,OC,Chan Gailey,1,1,False,False,,staff_section,https://en.wikipedia.org/wiki/2016_New_York_Jets_season,team_season_page,False
2016,OAK,DC,Ken Norton Jr.,1,1,False,False,,staff_section,https://en.wikipedia.org/wiki/2016_Oakland_Raiders_season,team_season_page,False
2016,OAK,HC,Jack Del Rio,1,1,False,False,,both,https://en.wikipedia.org/wiki/2016_Oakland_Raiders_season,team_season_page,False
2016,OAK,OC,Bill Musgrave,1,1,False,False,,staff_section,https://en.wikipedia.org/wiki/2016_Oakland_Raiders_season,team_season_page,False
2016,PHI,DC,Jim Schwartz,1,1,False,False,,staff_section,https://en.wikipedia.org/wiki/2016_Philadelphia_Eagles_season,team_season_page,False
2016,PHI,HC,Doug Pederson,1,1,False,False,,both,https://en.wikipedia.org/wiki/2016_Philadelphia_Eagles_season,team_season_page,False
2016,PHI,OC,Frank Reich,1,1,False,False,,staff_section,https://en.wikipedia.org/wiki/2016_Philadelphia_Eagles_season,team_season_page,False
2016,PIT,DC,Keith Butler,1,1,False,False,,both,https://en.wikipedia.org/wiki/2016_Pittsburgh_Steelers_season,team_season_page,False
2016,PIT,HC,Mike Tomlin,1,1,False,False,,both,https://en.wikipedia.org/wiki/2016_Pittsburgh_Steelers_season,team_season_page,False
2016,PIT,OC,Todd Haley,1,1,False,False,,both,https://en.wikipedia.org/wiki/2016_Pittsburgh_Steelers_season,team_season_page,False
2016,SEA,DC,Kris Richard,1,1,False,False,,staff_section,https://en.wikipedia.org/wiki/2016_Seattle_Seahawks_season,team_season_page,False
2016,SEA,HC,Pete Carroll,1,1,False,False,,both,https://en.wikipedia.org/wiki/2016_Seattle_Seahawks_season,team_season_page,False
2016,SEA,OC,Darrell Bevell,1,1,False,False,,staff_section,https://en.wikipedia.org/wiki/2016_Seattle_Seahawks_season,team_season_page,False
2016,SF,DC,Jim O'Neil,1,1,False,False,,both,https://en.wikipedia.org/wiki/2016_San_Francisco_49ers_season,team_season_page,False
2016,SF,HC,Chip Kelly,1,1,False,False,,both,https://en.wikipedia.org/wiki/2016_San_Francisco_49ers_season,team_season_page,False
2016,SF,OC,Curtis Modkins,1,1,False,False,,both,https://en.wikipedia.org/wiki/2016_San_Francisco_49ers_season,team_season_page,False
2016,TB,DC,Mike Smith,1,1,False,False,,staff_section,https://en.wikipedia.org/wiki/2016_Tampa_Bay_Buccaneers_season,team_season_page,False
2016,TB,HC,Dirk Koetter,1,1,False,False,,both,https://en.wikipedia.org/wiki/2016_Tampa_Bay_Buccaneers_season,team_season_page,False
2016,TB,OC,Todd Monken,1,1,False,False,,staff_section,https://en.wikipedia.org/wiki/2016_Tampa_Bay_Buccaneers_season,team_season_page,False
2016,TEN,DC,Dick LeBeau,1,1,False,False,,staff_section,https://en.wikipedia.org/wiki/2016_Tennessee_Titans_season,team_season_page,False
2016,TEN,HC,Mike Mularkey,1,1,False,False,,both,https://en.wikipedia.org/wiki/2016_Tennessee_Titans_season,team_season_page,False
2016,TEN,OC,Terry Robiskie,1,1,False,False,,staff_section,https://en.wikipedia.org/wiki/2016_Tennessee_Titans_season,team_season_page,False
2016,WSH,DC,Joe Barry,1,1,False,False,,both,https://en.wikipedia.org/wiki/2016_Washington_Redskins_season,team_season_page,False
2016,WSH,HC,Jay Gruden,1,1,False,False,,both,https://en.wikipedia.org/wiki/2016_Washington_Redskins_season,team_season_page,False
2016,WSH,OC,Sean McVay,1,1,False,False,,both,https://en.wikipedia.org/wiki/2016_Washington_Redskins_season,team_season_page,False
2017,ARI,DC,James Bettcher,1,1,False,False,,staff_section,https://en.wikipedia.org/wiki/2017_Arizona_Cardinals_season,team_season_page,False
2017,ARI,HC,Bruce Arians,1,1,False,False,,both,https://en.wikipedia.org/wiki/2017_Arizona_Cardinals_season,team_season_page,False
2017,ARI,OC,Harold Goodwin,1,1,False,False,,staff_section,https://en.wikipedia.org/wiki/2017_Arizona_Cardinals_season,team_season_page,False
2017,ATL,DC,Marquand Manuel,1,1,False,False,,both,https://en.wikipedia.org/wiki/2017_Atlanta_Falcons_season,team_season_page,False
2017,ATL,HC,Dan Quinn,1,1,False,False,,both,https://en.wikipedia.org/wiki/2017_Atlanta_Falcons_season,team_season_page,False
2017,ATL,OC,Steve Sarkisian,1,1,False,False,,both,https://en.wikipedia.org/wiki/2017_Atlanta_Falcons_season,team_season_page,False
2017,BAL,DC,Dean Pees,1,1,False,False,,both,https://en.wikipedia.org/wiki/2017_Baltimore_Ravens_season,team_season_page,False
2017,BAL,HC,John Harbaugh,1,1,False,False,,both,https://en.wikipedia.org/wiki/2017_Baltimore_Ravens_season,team_season_page,False
2017,BAL,OC,Marty Mornhinweg,1,1,False,False,,both,https://en.wikipedia.org/wiki/2017_Baltimore_Ravens_season,team_season_page,False
2017,BUF,DC,Leslie Frazier,1,1,False,False,,both,https://en.wikipedia.org/wiki/2017_Buffalo_Bills_season,team_season_page,False
2017,BUF,HC,Sean McDermott,1,1,False,False,,both,https://en.wikipedia.org/wiki/2017_Buffalo_Bills_season,team_season_page,False
2017,BUF,OC,Rick Dennison,1,1,False,False,,both,https://en.wikipedia.org/wiki/2017_Buffalo_Bills_season,team_season_page,False
2017,CAR,DC,Steve Wilks,1,1,False,False,,both,https://en.wikipedia.org/wiki/2017_Carolina_Panthers_season,team_season_page,False
2017,CAR,HC,Ron Rivera,1,1,False,False,,both,https://en.wikipedia.org/wiki/2017_Carolina_Panthers_season,team_season_page,False
2017,CAR,OC,Mike Shula,1,1,False,False,,both,https://en.wikipedia.org/wiki/2017_Carolina_Panthers_season,team_season_page,False
2017,CHI,DC,Vic Fangio,1,1,False,False,,staff_section,https://en.wikipedia.org/wiki/2017_Chicago_Bears_season,team_season_page,False
2017,CHI,HC,John Fox,1,1,False,False,,both,https://en.wikipedia.org/wiki/2017_Chicago_Bears_season,team_season_page,False
2017,CHI,OC,Dowell Loggains,1,1,False,False,,staff_section,https://en.wikipedia.org/wiki/2017_Chicago_Bears_season,team_season_page,False
2017,CIN,DC,Paul Guenther,1,1,False,False,,staff_section,https://en.wikipedia.org/wiki/2017_Cincinnati_Bengals_season,team_season_page,False
2017,CIN,HC,Marvin Lewis,1,1,False,False,,both,https://en.wikipedia.org/wiki/2017_Cincinnati_Bengals_season,team_season_page,False
2017,CIN,OC,Ken Zampese,1,2,False,False,"fired Sept 15, 2017",staff_section,https://en.wikipedia.org/wiki/2017_Cincinnati_Bengals_season,team_season_page,False
2017,CIN,OC,Bill Lazor,2,2,False,False,,staff_section,https://en.wikipedia.org/wiki/2017_Cincinnati_Bengals_season,team_season_page,False
2017,CLE,DC,Gregg Williams,1,1,False,False,,staff_section,https://en.wikipedia.org/wiki/2017_Cleveland_Browns_season,team_season_page,False
2017,CLE,HC,Hue Jackson,1,1,False,False,,both,https://en.wikipedia.org/wiki/2017_Cleveland_Browns_season,team_season_page,False
2017,DAL,DC,Rod Marinelli,1,1,False,False,,staff_section,https://en.wikipedia.org/wiki/2017_Dallas_Cowboys_season,team_season_page,False
2017,DAL,HC,Jason Garrett,1,1,False,False,,both,https://en.wikipedia.org/wiki/2017_Dallas_Cowboys_season,team_season_page,False
2017,DAL,OC,Scott Linehan,1,1,False,False,,staff_section,https://en.wikipedia.org/wiki/2017_Dallas_Cowboys_season,team_season_page,False
2017,DEN,DC,Joe Woods,1,1,False,False,,staff_section,https://en.wikipedia.org/wiki/2017_Denver_Broncos_season,team_season_page,False
2017,DEN,HC,Vance Joseph,1,1,False,False,,both,https://en.wikipedia.org/wiki/2017_Denver_Broncos_season,team_season_page,False
2017,DEN,OC,Mike McCoy,1,1,False,False,"fired November 20, 2017",staff_section,https://en.wikipedia.org/wiki/2017_Denver_Broncos_season,team_season_page,False
2017,DET,DC,Teryl Austin,1,1,False,False,,staff_section,https://en.wikipedia.org/wiki/2017_Detroit_Lions_season,team_season_page,False
2017,DET,HC,Jim Caldwell,1,1,False,False,,both,https://en.wikipedia.org/wiki/2017_Detroit_Lions_season,team_season_page,False
2017,DET,OC,Jim Bob Cooter,1,1,False,False,,staff_section,https://en.wikipedia.org/wiki/2017_Detroit_Lions_season,team_season_page,False
2017,GB,DC,Dom Capers,1,1,False,False,,staff_section,https://en.wikipedia.org/wiki/2017_Green_Bay_Packers_season,team_season_page,False
2017,GB,HC,Mike McCarthy,1,1,False,False,,both,https://en.wikipedia.org/wiki/2017_Green_Bay_Packers_season,team_season_page,False
2017,GB,OC,Edgar Bennett,1,1,False,False,,staff_section,https://en.wikipedia.org/wiki/2017_Green_Bay_Packers_season,team_season_page,False
2017,HOU,DC,Mike Vrabel,1,1,False,False,,both,https://en.wikipedia.org/wiki/2017_Houston_Texans_season,team_season_page,False
2017,HOU,HC,Bill O'Brien,1,1,False,False,,both,https://en.wikipedia.org/wiki/2017_Houston_Texans_season,team_season_page,False
2017,IND,DC,Ted Monachino,1,1,False,False,,staff_section,https://en.wikipedia.org/wiki/2017_Indianapolis_Colts_season,team_season_page,False
2017,IND,HC,Chuck Pagano,1,1,False,False,,both,https://en.wikipedia.org/wiki/2017_Indianapolis_Colts_season,team_season_page,False
2017,IND,OC,Rob Chudzinski,1,1,False,False,,staff_section,https://en.wikipedia.org/wiki/2017_Indianapolis_Colts_season,team_season_page,False
2017,JAX,DC,Todd Wash,1,1,False,False,,both,https://en.wikipedia.org/wiki/2017_Jacksonville_Jaguars_season,team_season_page,False
2017,JAX,HC,Doug Marrone,1,1,False,False,,both,https://en.wikipedia.org/wiki/2017_Jacksonville_Jaguars_season,team_season_page,False
2017,JAX,OC,Nathaniel Hackett,1,1,False,False,,both,https://en.wikipedia.org/wiki/2017_Jacksonville_Jaguars_season,team_season_page,False
2017,KC,DC,Bob Sutton,1,1,False,False,,both,https://en.wikipedia.org/wiki/2017_Kansas_City_Chiefs_season,team_season_page,False
2017,KC,HC,Andy Reid,1,1,False,False,,both,https://en.wikipedia.org/wiki/2017_Kansas_City_Chiefs_season,team_season_page,False
2017,KC,OC,Matt Nagy,1,1,False,False,,both,https://en.wikipedia.org/wiki/2017_Kansas_City_Chiefs_season,team_season_page,False
2017,LAC,DC,Gus Bradley,1,1,False,False,,staff_section,https://en.wikipedia.org/wiki/2017_Los_Angeles_Chargers_season,team_season_page,False
2017,LAC,HC,Anthony Lynn,1,1,False,False,,both,https://en.wikipedia.org/wiki/2017_Los_Angeles_Chargers_season,team_season_page,False
2017,LAC,OC,Ken Whisenhunt,1,1,False,False,,staff_section,https://en.wikipedia.org/wiki/2017_Los_Angeles_Chargers_season,team_season_page,False
2017,LAR,DC,Wade Phillips,1,1,False,False,,both,https://en.wikipedia.org/wiki/2017_Los_Angeles_Rams_season,team_season_page,False
2017,LAR,HC,Sean McVay,1,1,False,False,,both,https://en.wikipedia.org/wiki/2017_Los_Angeles_Rams_season,team_season_page,False
2017,LAR,OC,Matt LaFleur,1,1,False,False,,both,https://en.wikipedia.org/wiki/2017_Los_Angeles_Rams_season,team_season_page,False
2017,MIA,DC,Matt Burke,1,1,False,False,,staff_section,https://en.wikipedia.org/wiki/2017_Miami_Dolphins_season,team_season_page,False
2017,MIA,HC,Adam Gase,1,1,False,False,,both,https://en.wikipedia.org/wiki/2017_Miami_Dolphins_season,team_season_page,False
2017,MIA,OC,Clyde Christensen,1,1,False,False,,staff_section,https://en.wikipedia.org/wiki/2017_Miami_Dolphins_season,team_season_page,False
2017,MIN,DC,George Edwards,1,1,False,False,,both,https://en.wikipedia.org/wiki/2017_Minnesota_Vikings_season,team_season_page,False
2017,MIN,HC,Mike Zimmer,1,1,False,False,,both,https://en.wikipedia.org/wiki/2017_Minnesota_Vikings_season,team_season_page,False
2017,MIN,OC,Pat Shurmur,1,1,False,False,,both,https://en.wikipedia.org/wiki/2017_Minnesota_Vikings_season,team_season_page,False
2017,NE,DC,Matt Patricia,1,1,False,False,,both,https://en.wikipedia.org/wiki/2017_New_England_Patriots_season,team_season_page,False
2017,NE,HC,Bill Belichick,1,1,False,False,,both,https://en.wikipedia.org/wiki/2017_New_England_Patriots_season,team_season_page,False
2017,NE,OC,Josh McDaniels,1,1,False,False,,both,https://en.wikipedia.org/wiki/2017_New_England_Patriots_season,team_season_page,False
2017,NO,DC,Dennis Allen,1,1,False,False,,both,https://en.wikipedia.org/wiki/2017_New_Orleans_Saints_season,team_season_page,False
2017,NO,HC,Sean Payton,1,1,False,False,,both,https://en.wikipedia.org/wiki/2017_New_Orleans_Saints_season,team_season_page,False
2017,NO,OC,Pete Carmichael Jr.,1,1,False,False,,both,https://en.wikipedia.org/wiki/2017_New_Orleans_Saints_season,team_season_page,False
2017,NYG,DC,Steve Spagnuolo,1,1,False,False,gap-fill (biography_only),biography,https://en.wikipedia.org/wiki/Steve_Spagnuolo,biography,False
2017,NYG,HC,Ben McAdoo,1,2,False,False,"fired December 4, 2–10 record",both,https://en.wikipedia.org/wiki/2017_New_York_Giants_season,team_season_page,False
2017,NYG,HC,Steve Spagnuolo,2,2,False,True,"interim, 1–3 record",both,https://en.wikipedia.org/wiki/2017_New_York_Giants_season,team_season_page,False
2017,NYG,OC,Mike Sullivan,1,1,False,False,,staff_section,https://en.wikipedia.org/wiki/2017_New_York_Giants_season,team_season_page,False
2017,NYJ,DC,Kacy Rodgers,1,1,False,False,,staff_section,https://en.wikipedia.org/wiki/2017_New_York_Jets_season,team_season_page,False
2017,NYJ,HC,Todd Bowles,1,1,False,False,,both,https://en.wikipedia.org/wiki/2017_New_York_Jets_season,team_season_page,False
2017,NYJ,OC,John Morton,1,1,False,False,,staff_section,https://en.wikipedia.org/wiki/2017_New_York_Jets_season,team_season_page,False
2017,OAK,DC,Ken Norton Jr.,1,1,False,False,"fired November 21, 2017",staff_section,https://en.wikipedia.org/wiki/2017_Oakland_Raiders_season,team_season_page,False
2017,OAK,HC,Jack Del Rio,1,1,False,False,,both,https://en.wikipedia.org/wiki/2017_Oakland_Raiders_season,team_season_page,False
2017,OAK,OC,Todd Downing,1,1,False,False,,staff_section,https://en.wikipedia.org/wiki/2017_Oakland_Raiders_season,team_season_page,False
2017,PHI,DC,Jim Schwartz,1,1,False,False,,both,https://en.wikipedia.org/wiki/2017_Philadelphia_Eagles_season,team_season_page,False
2017,PHI,HC,Doug Pederson,1,1,False,False,,both,https://en.wikipedia.org/wiki/2017_Philadelphia_Eagles_season,team_season_page,False
2017,PHI,OC,Frank Reich,1,1,False,False,,both,https://en.wikipedia.org/wiki/2017_Philadelphia_Eagles_season,team_season_page,False
2017,PIT,DC,Keith Butler,1,1,False,False,,both,https://en.wikipedia.org/wiki/2017_Pittsburgh_Steelers_season,team_season_page,False
2017,PIT,HC,Mike Tomlin,1,1,False,False,,both,https://en.wikipedia.org/wiki/2017_Pittsburgh_Steelers_season,team_season_page,False
2017,PIT,OC,Todd Haley,1,1,False,False,,both,https://en.wikipedia.org/wiki/2017_Pittsburgh_Steelers_season,team_season_page,False
2017,SEA,DC,Kris Richard,1,1,False,False,,staff_section,https://en.wikipedia.org/wiki/2017_Seattle_Seahawks_season,team_season_page,False
2017,SEA,HC,Pete Carroll,1,1,False,False,,both,https://en.wikipedia.org/wiki/2017_Seattle_Seahawks_season,team_season_page,False
2017,SEA,OC,Darrell Bevell,1,1,False,False,,staff_section,https://en.wikipedia.org/wiki/2017_Seattle_Seahawks_season,team_season_page,False
2017,SF,DC,Robert Saleh,1,1,False,False,,both,https://en.wikipedia.org/wiki/2017_San_Francisco_49ers_season,team_season_page,False
2017,SF,HC,Kyle Shanahan,1,1,False,False,,both,https://en.wikipedia.org/wiki/2017_San_Francisco_49ers_season,team_season_page,False
2017,SF,OC,Kyle Shanahan,1,1,False,False,de facto,infobox,https://en.wikipedia.org/wiki/2017_San_Francisco_49ers_season,team_season_page,False
2017,TB,DC,Mike Smith,1,1,False,False,,staff_section,https://en.wikipedia.org/wiki/2017_Tampa_Bay_Buccaneers_season,team_season_page,False
2017,TB,HC,Dirk Koetter,1,1,False,False,,both,https://en.wikipedia.org/wiki/2017_Tampa_Bay_Buccaneers_season,team_season_page,False
2017,TB,OC,Todd Monken,1,1,False,False,,staff_section,https://en.wikipedia.org/wiki/2017_Tampa_Bay_Buccaneers_season,team_season_page,False
2017,TEN,DC,Dick LeBeau,1,1,False,False,,both,https://en.wikipedia.org/wiki/2017_Tennessee_Titans_season,team_season_page,False
2017,TEN,HC,Mike Mularkey,1,1,False,False,,both,https://en.wikipedia.org/wiki/2017_Tennessee_Titans_season,team_season_page,False
2017,TEN,OC,Terry Robiskie,1,1,False,False,,both,https://en.wikipedia.org/wiki/2017_Tennessee_Titans_season,team_season_page,False
2017,WSH,DC,Greg Manusky,1,1,False,False,,both,https://en.wikipedia.org/wiki/2017_Washington_Redskins_season,team_season_page,False
2017,WSH,HC,Jay Gruden,1,1,False,False,,both,https://en.wikipedia.org/wiki/2017_Washington_Redskins_season,team_season_page,False
2017,WSH,OC,Matt Cavanaugh,1,1,False,False,,both,https://en.wikipedia.org/wiki/2017_Washington_Redskins_season,team_season_page,False
2018,ARI,DC,Al Holcomb,1,1,False,False,,staff_section,https://en.wikipedia.org/wiki/2018_Arizona_Cardinals_season,team_season_page,False
2018,ARI,HC,Steve Wilks,1,1,False,False,,both,https://en.wikipedia.org/wiki/2018_Arizona_Cardinals_season,team_season_page,False
2018,ARI,OC,Mike McCoy,1,1,False,False,"fired Oct 19, 2018",staff_section,https://en.wikipedia.org/wiki/2018_Arizona_Cardinals_season,team_season_page,False
2018,ATL,DC,Marquand Manuel,1,1,False,False,,staff_section,https://en.wikipedia.org/wiki/2018_Atlanta_Falcons_season,team_season_page,False
2018,ATL,HC,Dan Quinn,1,1,False,False,,both,https://en.wikipedia.org/wiki/2018_Atlanta_Falcons_season,team_season_page,False
2018,ATL,OC,Steve Sarkisian,1,1,False,False,,staff_section,https://en.wikipedia.org/wiki/2018_Atlanta_Falcons_season,team_season_page,False
2018,BAL,DC,Don Martindale,1,1,False,False,,both,https://en.wikipedia.org/wiki/2018_Baltimore_Ravens_season,team_season_page,False
2018,BAL,HC,John Harbaugh,1,1,False,False,,both,https://en.wikipedia.org/wiki/2018_Baltimore_Ravens_season,team_season_page,False
2018,BAL,OC,Marty Mornhinweg,1,2,False,False,,both,https://en.wikipedia.org/wiki/2018_Baltimore_Ravens_season,team_season_page,False
2018,BAL,OC,Greg Roman,2,2,False,False,,staff_section,https://en.wikipedia.org/wiki/2018_Baltimore_Ravens_season,team_season_page,False
2018,BUF,DC,Leslie Frazier,1,1,False,False,,staff_section,https://en.wikipedia.org/wiki/2018_Buffalo_Bills_season,team_season_page,False
2018,BUF,HC,Sean McDermott,1,1,False,False,,both,https://en.wikipedia.org/wiki/2018_Buffalo_Bills_season,team_season_page,False
2018,BUF,OC,Brian Daboll,1,1,False,False,,staff_section,https://en.wikipedia.org/wiki/2018_Buffalo_Bills_season,team_season_page,False
2018,CAR,DC,Eric Washington,1,1,False,False,,staff_section,https://en.wikipedia.org/wiki/2018_Carolina_Panthers_season,team_season_page,False
2018,CAR,HC,Ron Rivera,1,1,False,False,,both,https://en.wikipedia.org/wiki/2018_Carolina_Panthers_season,team_season_page,False
2018,CAR,OC,Norv Turner,1,1,False,False,,staff_section,https://en.wikipedia.org/wiki/2018_Carolina_Panthers_season,team_season_page,False
2018,CHI,DC,Vic Fangio,1,1,False,False,,both,https://en.wikipedia.org/wiki/2018_Chicago_Bears_season,team_season_page,False
2018,CHI,HC,Matt Nagy,1,1,False,False,,both,https://en.wikipedia.org/wiki/2018_Chicago_Bears_season,team_season_page,False
2018,CHI,OC,Mark Helfrich,1,1,False,False,,both,https://en.wikipedia.org/wiki/2018_Chicago_Bears_season,team_season_page,False
2018,CIN,DC,Teryl Austin,1,1,False,False,gap-fill (biography_only),biography,https://en.wikipedia.org/wiki/Teryl_Austin,biography,False
2018,CIN,HC,Marvin Lewis,1,1,False,False,,both,https://en.wikipedia.org/wiki/2018_Cincinnati_Bengals_season,team_season_page,False
2018,CIN,OC,Bill Lazor,1,1,False,False,,staff_section,https://en.wikipedia.org/wiki/2018_Cincinnati_Bengals_season,team_season_page,False
2018,CLE,DC,Blake Williams,1,1,False,False,,staff_section,https://en.wikipedia.org/wiki/2018_Cleveland_Browns_season,team_season_page,False
2018,CLE,HC,Hue Jackson,1,2,False,False,"fired October 29, 2–5–1 record",both,https://en.wikipedia.org/wiki/2018_Cleveland_Browns_season,team_season_page,False
2018,CLE,HC,Gregg Williams,2,2,False,True,"interim, 5–3 record",both,https://en.wikipedia.org/wiki/2018_Cleveland_Browns_season,team_season_page,False
2018,CLE,OC,Freddie Kitchens,1,2,False,False,,staff_section,https://en.wikipedia.org/wiki/2018_Cleveland_Browns_season,team_season_page,False
2018,CLE,OC,Todd Haley,2,2,False,False,,staff_section,https://en.wikipedia.org/wiki/2018_Cleveland_Browns_season,team_season_page,False
2018,DAL,DC,Rod Marinelli,1,1,False,False,,both,https://en.wikipedia.org/wiki/2018_Dallas_Cowboys_season,team_season_page,False
2018,DAL,HC,Jason Garrett,1,1,False,False,,both,https://en.wikipedia.org/wiki/2018_Dallas_Cowboys_season,team_season_page,False
2018,DAL,OC,Scott Linehan,1,1,False,False,,both,https://en.wikipedia.org/wiki/2018_Dallas_Cowboys_season,team_season_page,False
2018,DEN,DC,Joe Woods,1,1,False,False,,staff_section,https://en.wikipedia.org/wiki/2018_Denver_Broncos_season,team_season_page,False
2018,DEN,HC,Vance Joseph,1,1,False,False,,both,https://en.wikipedia.org/wiki/2018_Denver_Broncos_season,team_season_page,False
2018,DEN,OC,Bill Musgrave,1,1,False,False,,staff_section,https://en.wikipedia.org/wiki/2018_Denver_Broncos_season,team_season_page,False
2018,DET,DC,Paul Pasqualoni,1,1,False,False,,staff_section,https://en.wikipedia.org/wiki/2018_Detroit_Lions_season,team_season_page,False
2018,DET,HC,Matt Patricia,1,1,False,False,,both,https://en.wikipedia.org/wiki/2018_Detroit_Lions_season,team_season_page,False
2018,DET,OC,Jim Bob Cooter,1,1,False,False,,staff_section,https://en.wikipedia.org/wiki/2018_Detroit_Lions_season,team_season_page,False
2018,GB,DC,Mike Pettine,1,1,False,False,,staff_section,https://en.wikipedia.org/wiki/2018_Green_Bay_Packers_season,team_season_page,False
2018,GB,HC,Mike McCarthy,1,2,False,False,"fired December 2, 4–7–1 record",infobox,https://en.wikipedia.org/wiki/2018_Green_Bay_Packers_season,team_season_page,False
2018,GB,HC,Joe Philbin,2,2,False,True,"interim, 2–2 record",both,https://en.wikipedia.org/wiki/2018_Green_Bay_Packers_season,team_season_page,False
2018,GB,OC,Joe Philbin,1,1,False,False,gap-fill (biography_only),biography,https://en.wikipedia.org/wiki/Joe_Philbin,biography,False
2018,HOU,DC,Romeo Crennel,1,1,False,False,,both,https://en.wikipedia.org/wiki/2018_Houston_Texans_season,team_season_page,False
2018,HOU,HC,Bill O'Brien,1,1,False,False,,both,https://en.wikipedia.org/wiki/2018_Houston_Texans_season,team_season_page,False
2018,IND,DC,Matt Eberflus,1,1,False,False,,both,https://en.wikipedia.org/wiki/2018_Indianapolis_Colts_season,team_season_page,False
2018,IND,HC,Frank Reich,1,1,False,False,,both,https://en.wikipedia.org/wiki/2018_Indianapolis_Colts_season,team_season_page,False
2018,IND,OC,Nick Sirianni,1,1,False,False,,both,https://en.wikipedia.org/wiki/2018_Indianapolis_Colts_season,team_season_page,False
2018,JAX,DC,Todd Wash,1,1,False,False,,both,https://en.wikipedia.org/wiki/2018_Jacksonville_Jaguars_season,team_season_page,False
2018,JAX,HC,Doug Marrone,1,1,False,False,,both,https://en.wikipedia.org/wiki/2018_Jacksonville_Jaguars_season,team_season_page,False
2018,JAX,OC,Nathaniel Hackett,1,2,False,False,,both,https://en.wikipedia.org/wiki/2018_Jacksonville_Jaguars_season,team_season_page,False
2018,JAX,OC,Scott Milanovich,2,2,False,False,,staff_section,https://en.wikipedia.org/wiki/2018_Jacksonville_Jaguars_season,team_season_page,False
2018,KC,DC,Bob Sutton,1,1,False,False,,both,https://en.wikipedia.org/wiki/2018_Kansas_City_Chiefs_season,team_season_page,False
2018,KC,HC,Andy Reid,1,1,False,False,,both,https://en.wikipedia.org/wiki/2018_Kansas_City_Chiefs_season,team_season_page,False
2018,KC,OC,Eric Bieniemy,1,1,False,False,,both,https://en.wikipedia.org/wiki/2018_Kansas_City_Chiefs_season,team_season_page,False
2018,LAC,DC,Gus Bradley,1,1,False,False,,both,https://en.wikipedia.org/wiki/2018_Los_Angeles_Chargers_season,team_season_page,False
2018,LAC,HC,Anthony Lynn,1,1,False,False,,both,https://en.wikipedia.org/wiki/2018_Los_Angeles_Chargers_season,team_season_page,False
2018,LAC,OC,Ken Whisenhunt,1,1,False,False,,both,https://en.wikipedia.org/wiki/2018_Los_Angeles_Chargers_season,team_season_page,False
2018,LAR,DC,Wade Phillips,1,1,False,False,,both,https://en.wikipedia.org/wiki/2018_Los_Angeles_Rams_season,team_season_page,False
2018,LAR,HC,Sean McVay,1,1,False,False,,both,https://en.wikipedia.org/wiki/2018_Los_Angeles_Rams_season,team_season_page,False
2018,LAR,OC,Sean McVay,1,1,False,False,de facto,infobox,https://en.wikipedia.org/wiki/2018_Los_Angeles_Rams_season,team_season_page,False
2018,MIA,DC,Matt Burke,1,1,False,False,,staff_section,https://en.wikipedia.org/wiki/2018_Miami_Dolphins_season,team_season_page,False
2018,MIA,HC,Adam Gase,1,1,False,False,,both,https://en.wikipedia.org/wiki/2018_Miami_Dolphins_season,team_season_page,False
2018,MIA,OC,Dowell Loggains,1,1,False,False,,staff_section,https://en.wikipedia.org/wiki/2018_Miami_Dolphins_season,team_season_page,False
2018,MIN,DC,George Edwards,1,1,False,False,,staff_section,https://en.wikipedia.org/wiki/2018_Minnesota_Vikings_season,team_season_page,False
2018,MIN,HC,Mike Zimmer,1,1,False,False,,both,https://en.wikipedia.org/wiki/2018_Minnesota_Vikings_season,team_season_page,False
2018,MIN,OC,Kevin Stefanski,1,1,False,False,,staff_section,https://en.wikipedia.org/wiki/2018_Minnesota_Vikings_season,team_season_page,False
2018,NE,HC,Bill Belichick,1,1,False,False,,both,https://en.wikipedia.org/wiki/2018_New_England_Patriots_season,team_season_page,False
2018,NE,OC,Josh McDaniels,1,1,False,False,,both,https://en.wikipedia.org/wiki/2018_New_England_Patriots_season,team_season_page,False
2018,NO,DC,Dennis Allen,1,1,False,False,,both,https://en.wikipedia.org/wiki/2018_New_Orleans_Saints_season,team_season_page,False
2018,NO,HC,Sean Payton,1,1,False,False,,both,https://en.wikipedia.org/wiki/2018_New_Orleans_Saints_season,team_season_page,False
2018,NO,OC,Pete Carmichael Jr.,1,1,False,False,,both,https://en.wikipedia.org/wiki/2018_New_Orleans_Saints_season,team_season_page,False
2018,NYG,DC,James Bettcher,1,1,False,False,,staff_section,https://en.wikipedia.org/wiki/2018_New_York_Giants_season,team_season_page,False
2018,NYG,HC,Pat Shurmur,1,1,False,False,,both,https://en.wikipedia.org/wiki/2018_New_York_Giants_season,team_season_page,False
2018,NYG,OC,Mike Shula,1,1,False,False,,staff_section,https://en.wikipedia.org/wiki/2018_New_York_Giants_season,team_season_page,False
2018,NYJ,DC,Kacy Rodgers,1,1,False,False,,staff_section,https://en.wikipedia.org/wiki/2018_New_York_Jets_season,team_season_page,False
2018,NYJ,HC,Todd Bowles,1,1,False,False,,both,https://en.wikipedia.org/wiki/2018_New_York_Jets_season,team_season_page,False
2018,NYJ,OC,Jeremy Bates,1,1,False,False,,staff_section,https://en.wikipedia.org/wiki/2018_New_York_Jets_season,team_season_page,False
2018,OAK,DC,Paul Guenther,1,1,False,False,,staff_section,https://en.wikipedia.org/wiki/2018_Oakland_Raiders_season,team_season_page,False
2018,OAK,HC,Jon Gruden,1,1,False,False,,both,https://en.wikipedia.org/wiki/2018_Oakland_Raiders_season,team_season_page,False
2018,OAK,OC,Greg Olson,1,1,False,False,,staff_section,https://en.wikipedia.org/wiki/2018_Oakland_Raiders_season,team_season_page,False
2018,PHI,DC,Jim Schwartz,1,1,False,False,,both,https://en.wikipedia.org/wiki/2018_Philadelphia_Eagles_season,team_season_page,False
2018,PHI,HC,Doug Pederson,1,1,False,False,,both,https://en.wikipedia.org/wiki/2018_Philadelphia_Eagles_season,team_season_page,False
2018,PHI,OC,Mike Groh,1,1,False,False,,both,https://en.wikipedia.org/wiki/2018_Philadelphia_Eagles_season,team_season_page,False
2018,PIT,DC,Keith Butler,1,1,False,False,,both,https://en.wikipedia.org/wiki/2018_Pittsburgh_Steelers_season,team_season_page,False
2018,PIT,HC,Mike Tomlin,1,1,False,False,,both,https://en.wikipedia.org/wiki/2018_Pittsburgh_Steelers_season,team_season_page,False
2018,PIT,OC,Randy Fichtner,1,1,False,False,,both,https://en.wikipedia.org/wiki/2018_Pittsburgh_Steelers_season,team_season_page,False
2018,SEA,DC,Ken Norton Jr.,1,1,False,False,,both,https://en.wikipedia.org/wiki/2018_Seattle_Seahawks_season,team_season_page,False
2018,SEA,HC,Pete Carroll,1,1,False,False,,both,https://en.wikipedia.org/wiki/2018_Seattle_Seahawks_season,team_season_page,False
2018,SEA,OC,Brian Schottenheimer,1,1,False,False,,both,https://en.wikipedia.org/wiki/2018_Seattle_Seahawks_season,team_season_page,False
2018,SF,DC,Robert Saleh,1,1,False,False,,both,https://en.wikipedia.org/wiki/2018_San_Francisco_49ers_season,team_season_page,False
2018,SF,HC,Kyle Shanahan,1,1,False,False,,both,https://en.wikipedia.org/wiki/2018_San_Francisco_49ers_season,team_season_page,False
2018,SF,OC,Kyle Shanahan,1,1,False,False,de facto,infobox,https://en.wikipedia.org/wiki/2018_San_Francisco_49ers_season,team_season_page,False
2018,TB,DC,Mark Duffner,1,1,False,False,,staff_section,https://en.wikipedia.org/wiki/2018_Tampa_Bay_Buccaneers_season,team_season_page,False
2018,TB,HC,Dirk Koetter,1,1,False,False,,both,https://en.wikipedia.org/wiki/2018_Tampa_Bay_Buccaneers_season,team_season_page,False
2018,TB,OC,Todd Monken,1,1,False,False,,staff_section,https://en.wikipedia.org/wiki/2018_Tampa_Bay_Buccaneers_season,team_season_page,False
2018,TEN,DC,Dean Pees,1,1,False,False,,staff_section,https://en.wikipedia.org/wiki/2018_Tennessee_Titans_season,team_season_page,False
2018,TEN,HC,Mike Vrabel,1,1,False,False,,both,https://en.wikipedia.org/wiki/2018_Tennessee_Titans_season,team_season_page,False
2018,TEN,OC,Matt LaFleur,1,1,False,False,,staff_section,https://en.wikipedia.org/wiki/2018_Tennessee_Titans_season,team_season_page,False
2018,WSH,DC,Greg Manusky,1,1,False,False,,both,https://en.wikipedia.org/wiki/2018_Washington_Redskins_season,team_season_page,False
2018,WSH,HC,Jay Gruden,1,1,False,False,,both,https://en.wikipedia.org/wiki/2018_Washington_Redskins_season,team_season_page,False
2018,WSH,OC,Matt Cavanaugh,1,1,False,False,,both,https://en.wikipedia.org/wiki/2018_Washington_Redskins_season,team_season_page,False
2019,ARI,DC,Vance Joseph,1,1,False,False,,staff_section,https://en.wikipedia.org/wiki/2019_Arizona_Cardinals_season,team_season_page,False
2019,ARI,HC,Kliff Kingsbury,1,1,False,False,,both,https://en.wikipedia.org/wiki/2019_Arizona_Cardinals_season,team_season_page,False
2019,ATL,HC,Dan Quinn,1,1,False,False,,both,https://en.wikipedia.org/wiki/2019_Atlanta_Falcons_season,team_season_page,False
2019,ATL,OC,Dirk Koetter,1,1,False,False,,staff_section,https://en.wikipedia.org/wiki/2019_Atlanta_Falcons_season,team_season_page,False
2019,BAL,DC,Don Martindale,1,1,False,False,,both,https://en.wikipedia.org/wiki/2019_Baltimore_Ravens_season,team_season_page,False
2019,BAL,HC,John Harbaugh,1,1,False,False,,both,https://en.wikipedia.org/wiki/2019_Baltimore_Ravens_season,team_season_page,False
2019,BAL,OC,Greg Roman,1,1,False,False,,both,https://en.wikipedia.org/wiki/2019_Baltimore_Ravens_season,team_season_page,False
2019,BUF,DC,Leslie Frazier,1,1,False,False,,both,https://en.wikipedia.org/wiki/2019_Buffalo_Bills_season,team_season_page,False
2019,BUF,HC,Sean McDermott,1,1,False,False,,both,https://en.wikipedia.org/wiki/2019_Buffalo_Bills_season,team_season_page,False
2019,BUF,OC,Brian Daboll,1,1,False,False,,both,https://en.wikipedia.org/wiki/2019_Buffalo_Bills_season,team_season_page,False
2019,CAR,DC,Eric Washington,1,1,False,False,,staff_section,https://en.wikipedia.org/wiki/2019_Carolina_Panthers_season,team_season_page,False
2019,CAR,HC,Ron Rivera,1,2,False,False,fired on December 3; 5–7 record,both,https://en.wikipedia.org/wiki/2019_Carolina_Panthers_season,team_season_page,False
2019,CAR,HC,Perry Fewell,2,2,False,True,"interim, 0–4 record",both,https://en.wikipedia.org/wiki/2019_Carolina_Panthers_season,team_season_page,False
2019,CAR,OC,Norv Turner,1,1,False,False,,both,https://en.wikipedia.org/wiki/2019_Carolina_Panthers_season,team_season_page,False
2019,CHI,DC,Chuck Pagano,1,1,False,False,,staff_section,https://en.wikipedia.org/wiki/2019_Chicago_Bears_season,team_season_page,False
2019,CHI,HC,Matt Nagy,1,1,False,False,,both,https://en.wikipedia.org/wiki/2019_Chicago_Bears_season,team_season_page,False
2019,CHI,OC,Mark Helfrich,1,1,False,False,,staff_section,https://en.wikipedia.org/wiki/2019_Chicago_Bears_season,team_season_page,False
2019,CIN,DC,Lou Anarumo,1,1,False,False,,staff_section,https://en.wikipedia.org/wiki/2019_Cincinnati_Bengals_season,team_season_page,False
2019,CIN,HC,Zac Taylor,1,1,False,False,,both,https://en.wikipedia.org/wiki/2019_Cincinnati_Bengals_season,team_season_page,False
2019,CIN,OC,Brian Callahan,1,1,False,False,,staff_section,https://en.wikipedia.org/wiki/2019_Cincinnati_Bengals_season,team_season_page,False
2019,CLE,DC,Steve Wilks,1,1,False,False,,staff_section,https://en.wikipedia.org/wiki/2019_Cleveland_Browns_season,team_season_page,False
2019,CLE,HC,Freddie Kitchens,1,1,False,False,,both,https://en.wikipedia.org/wiki/2019_Cleveland_Browns_season,team_season_page,False
2019,CLE,OC,Todd Monken,1,1,False,False,,staff_section,https://en.wikipedia.org/wiki/2019_Cleveland_Browns_season,team_season_page,False
2019,DAL,DC,Rod Marinelli,1,1,False,False,,staff_section,https://en.wikipedia.org/wiki/2019_Dallas_Cowboys_season,team_season_page,False
2019,DAL,HC,Jason Garrett,1,1,False,False,,both,https://en.wikipedia.org/wiki/2019_Dallas_Cowboys_season,team_season_page,False
2019,DAL,OC,Kellen Moore,1,1,False,False,,staff_section,https://en.wikipedia.org/wiki/2019_Dallas_Cowboys_season,team_season_page,False
2019,DEN,DC,Ed Donatell,1,1,False,False,,staff_section,https://en.wikipedia.org/wiki/2019_Denver_Broncos_season,team_season_page,False
2019,DEN,HC,Vic Fangio,1,1,False,False,,both,https://en.wikipedia.org/wiki/2019_Denver_Broncos_season,team_season_page,False
2019,DEN,OC,Rich Scangarello,1,1,False,False,,staff_section,https://en.wikipedia.org/wiki/2019_Denver_Broncos_season,team_season_page,False
2019,DET,DC,Paul Pasqualoni,1,1,False,False,,staff_section,https://en.wikipedia.org/wiki/2019_Detroit_Lions_season,team_season_page,False
2019,DET,HC,Matt Patricia,1,1,False,False,,both,https://en.wikipedia.org/wiki/2019_Detroit_Lions_season,team_season_page,False
2019,DET,OC,Darrell Bevell,1,1,False,False,,staff_section,https://en.wikipedia.org/wiki/2019_Detroit_Lions_season,team_season_page,False
2019,GB,DC,Mike Pettine,1,1,False,False,,both,https://en.wikipedia.org/wiki/2019_Green_Bay_Packers_season,team_season_page,False
2019,GB,HC,Matt LaFleur,1,1,False,False,,both,https://en.wikipedia.org/wiki/2019_Green_Bay_Packers_season,team_season_page,False
2019,GB,OC,Nathaniel Hackett,1,1,False,False,,both,https://en.wikipedia.org/wiki/2019_Green_Bay_Packers_season,team_season_page,False
2019,HOU,DC,Romeo Crennel,1,1,False,False,,both,https://en.wikipedia.org/wiki/2019_Houston_Texans_season,team_season_page,False
2019,HOU,HC,Bill O'Brien,1,1,False,False,,both,https://en.wikipedia.org/wiki/2019_Houston_Texans_season,team_season_page,False
2019,HOU,OC,Tim Kelly,1,1,False,False,,both,https://en.wikipedia.org/wiki/2019_Houston_Texans_season,team_season_page,False
2019,IND,DC,Matt Eberflus,1,1,False,False,,staff_section,https://en.wikipedia.org/wiki/2019_Indianapolis_Colts_season,team_season_page,False
2019,IND,HC,Frank Reich,1,1,False,False,,both,https://en.wikipedia.org/wiki/2019_Indianapolis_Colts_season,team_season_page,False
2019,IND,OC,Nick Sirianni,1,1,False,False,,staff_section,https://en.wikipedia.org/wiki/2019_Indianapolis_Colts_season,team_season_page,False
2019,JAX,DC,Todd Wash,1,1,False,False,,both,https://en.wikipedia.org/wiki/2019_Jacksonville_Jaguars_season,team_season_page,False
2019,JAX,HC,Doug Marrone,1,1,False,False,,both,https://en.wikipedia.org/wiki/2019_Jacksonville_Jaguars_season,team_season_page,False
2019,JAX,OC,John DeFilippo,1,1,False,False,,both,https://en.wikipedia.org/wiki/2019_Jacksonville_Jaguars_season,team_season_page,False
2019,KC,DC,Steve Spagnuolo,1,1,False,False,,both,https://en.wikipedia.org/wiki/2019_Kansas_City_Chiefs_season,team_season_page,False
2019,KC,HC,Andy Reid,1,1,False,False,,both,https://en.wikipedia.org/wiki/2019_Kansas_City_Chiefs_season,team_season_page,False
2019,KC,OC,Eric Bieniemy,1,1,False,False,,both,https://en.wikipedia.org/wiki/2019_Kansas_City_Chiefs_season,team_season_page,False
2019,LAC,DC,Gus Bradley,1,1,False,False,,staff_section,https://en.wikipedia.org/wiki/2019_Los_Angeles_Chargers_season,team_season_page,False
2019,LAC,HC,Anthony Lynn,1,1,False,False,,both,https://en.wikipedia.org/wiki/2019_Los_Angeles_Chargers_season,team_season_page,False
2019,LAC,OC,Shane Steichen,1,1,False,False,,staff_section,https://en.wikipedia.org/wiki/2019_Los_Angeles_Chargers_season,team_season_page,False
2019,LAR,DC,Wade Phillips,1,1,False,False,,both,https://en.wikipedia.org/wiki/2019_Los_Angeles_Rams_season,team_season_page,False
2019,LAR,HC,Sean McVay,1,1,False,False,,both,https://en.wikipedia.org/wiki/2019_Los_Angeles_Rams_season,team_season_page,False
2019,LAR,OC,Sean McVay,1,1,False,False,de facto,infobox,https://en.wikipedia.org/wiki/2019_Los_Angeles_Rams_season,team_season_page,False
2019,MIA,DC,Patrick Graham,1,1,False,False,,staff_section,https://en.wikipedia.org/wiki/2019_Miami_Dolphins_season,team_season_page,False
2019,MIA,HC,Brian Flores,1,1,False,False,,both,https://en.wikipedia.org/wiki/2019_Miami_Dolphins_season,team_season_page,False
2019,MIA,OC,Chad O'Shea,1,1,False,False,,staff_section,https://en.wikipedia.org/wiki/2019_Miami_Dolphins_season,team_season_page,False
2019,MIN,DC,George Edwards,1,1,False,False,,both,https://en.wikipedia.org/wiki/2019_Minnesota_Vikings_season,team_season_page,False
2019,MIN,HC,Mike Zimmer,1,1,False,False,,both,https://en.wikipedia.org/wiki/2019_Minnesota_Vikings_season,team_season_page,False
2019,MIN,OC,Kevin Stefanski,1,1,False,False,,both,https://en.wikipedia.org/wiki/2019_Minnesota_Vikings_season,team_season_page,False
2019,NE,DC,Greg Schiano,1,1,False,False,resigned March 28,staff_section,https://en.wikipedia.org/wiki/2019_New_England_Patriots_season,team_season_page,False
2019,NE,HC,Bill Belichick,1,1,False,False,,both,https://en.wikipedia.org/wiki/2019_New_England_Patriots_season,team_season_page,False
2019,NE,OC,Josh McDaniels,1,1,False,False,,both,https://en.wikipedia.org/wiki/2019_New_England_Patriots_season,team_season_page,False
2019,NO,DC,Dennis Allen,1,1,False,False,,both,https://en.wikipedia.org/wiki/2019_New_Orleans_Saints_season,team_season_page,False
2019,NO,HC,Sean Payton,1,1,False,False,,both,https://en.wikipedia.org/wiki/2019_New_Orleans_Saints_season,team_season_page,False
2019,NO,OC,Pete Carmichael Jr.,1,1,False,False,,both,https://en.wikipedia.org/wiki/2019_New_Orleans_Saints_season,team_season_page,False
2019,NYG,DC,James Bettcher,1,1,False,False,,staff_section,https://en.wikipedia.org/wiki/2019_New_York_Giants_season,team_season_page,False
2019,NYG,HC,Pat Shurmur,1,1,False,False,,both,https://en.wikipedia.org/wiki/2019_New_York_Giants_season,team_season_page,False
2019,NYG,OC,Mike Shula,1,1,False,False,,staff_section,https://en.wikipedia.org/wiki/2019_New_York_Giants_season,team_season_page,False
2019,NYJ,DC,Gregg Williams,1,1,False,False,,staff_section,https://en.wikipedia.org/wiki/2019_New_York_Jets_season,team_season_page,False
2019,NYJ,HC,Adam Gase,1,1,False,False,,both,https://en.wikipedia.org/wiki/2019_New_York_Jets_season,team_season_page,False
2019,NYJ,OC,Dowell Loggains,1,1,False,False,,staff_section,https://en.wikipedia.org/wiki/2019_New_York_Jets_season,team_season_page,False
2019,OAK,DC,Paul Guenther,1,1,False,False,,staff_section,https://en.wikipedia.org/wiki/2019_Oakland_Raiders_season,team_season_page,False
2019,OAK,HC,Jon Gruden,1,1,False,False,,both,https://en.wikipedia.org/wiki/2019_Oakland_Raiders_season,team_season_page,False
2019,OAK,OC,Greg Olson,1,1,False,False,,staff_section,https://en.wikipedia.org/wiki/2019_Oakland_Raiders_season,team_season_page,False
2019,PHI,DC,Jim Schwartz,1,1,False,False,,both,https://en.wikipedia.org/wiki/2019_Philadelphia_Eagles_season,team_season_page,False
2019,PHI,HC,Doug Pederson,1,1,False,False,,both,https://en.wikipedia.org/wiki/2019_Philadelphia_Eagles_season,team_season_page,False
2019,PHI,OC,Mike Groh,1,1,False,False,,both,https://en.wikipedia.org/wiki/2019_Philadelphia_Eagles_season,team_season_page,False
2019,PIT,DC,Keith Butler,1,1,False,False,,both,https://en.wikipedia.org/wiki/2019_Pittsburgh_Steelers_season,team_season_page,False
2019,PIT,HC,Mike Tomlin,1,1,False,False,,both,https://en.wikipedia.org/wiki/2019_Pittsburgh_Steelers_season,team_season_page,False
2019,PIT,OC,Randy Fichtner,1,1,False,False,,both,https://en.wikipedia.org/wiki/2019_Pittsburgh_Steelers_season,team_season_page,False
2019,SEA,DC,Ken Norton Jr.,1,1,False,False,,both,https://en.wikipedia.org/wiki/2019_Seattle_Seahawks_season,team_season_page,False
2019,SEA,HC,Pete Carroll,1,1,False,False,,both,https://en.wikipedia.org/wiki/2019_Seattle_Seahawks_season,team_season_page,False
2019,SEA,OC,Brian Schottenheimer,1,1,False,False,,both,https://en.wikipedia.org/wiki/2019_Seattle_Seahawks_season,team_season_page,False
2019,SF,DC,Robert Saleh,1,1,False,False,,both,https://en.wikipedia.org/wiki/2019_San_Francisco_49ers_season,team_season_page,False
2019,SF,HC,Kyle Shanahan,1,1,False,False,,both,https://en.wikipedia.org/wiki/2019_San_Francisco_49ers_season,team_season_page,False
2019,SF,OC,Kyle Shanahan,1,1,False,False,de facto,infobox,https://en.wikipedia.org/wiki/2019_San_Francisco_49ers_season,team_season_page,False
2019,TB,DC,Todd Bowles,1,1,False,False,,staff_section,https://en.wikipedia.org/wiki/2019_Tampa_Bay_Buccaneers_season,team_season_page,False
2019,TB,HC,Bruce Arians,1,1,False,False,,both,https://en.wikipedia.org/wiki/2019_Tampa_Bay_Buccaneers_season,team_season_page,False
2019,TB,OC,Byron Leftwich,1,1,False,False,,staff_section,https://en.wikipedia.org/wiki/2019_Tampa_Bay_Buccaneers_season,team_season_page,False
2019,TEN,DC,Dean Pees,1,1,False,False,,both,https://en.wikipedia.org/wiki/2019_Tennessee_Titans_season,team_season_page,False
2019,TEN,HC,Mike Vrabel,1,1,False,False,,both,https://en.wikipedia.org/wiki/2019_Tennessee_Titans_season,team_season_page,False
2019,TEN,OC,Arthur Smith,1,1,False,False,,both,https://en.wikipedia.org/wiki/2019_Tennessee_Titans_season,team_season_page,False
2019,WSH,DC,Greg Manusky,1,1,False,False,,both,https://en.wikipedia.org/wiki/2019_Washington_Redskins_season,team_season_page,False
2019,WSH,HC,Jay Gruden,1,2,False,False,"fired on October 7, 0-5 record",both,https://en.wikipedia.org/wiki/2019_Washington_Redskins_season,team_season_page,False
2019,WSH,HC,Bill Callahan,2,2,False,True,"interim, 3-8 record",both,https://en.wikipedia.org/wiki/2019_Washington_Redskins_season,team_season_page,False
2019,WSH,OC,Kevin O'Connell,1,1,False,False,,both,https://en.wikipedia.org/wiki/2019_Washington_Redskins_season,team_season_page,False
2020,ARI,DC,Vance Joseph,1,1,False,False,,staff_section,https://en.wikipedia.org/wiki/2020_Arizona_Cardinals_season,team_season_page,False
2020,ARI,HC,Kliff Kingsbury,1,1,False,False,,both,https://en.wikipedia.org/wiki/2020_Arizona_Cardinals_season,team_season_page,False
2020,ATL,DC,Jeff Ulbrich,1,1,False,False,,staff_section,https://en.wikipedia.org/wiki/2020_Atlanta_Falcons_season,team_season_page,False
2020,ATL,HC,Dan Quinn,1,2,False,False,fired Oct. 11; 0–5 record,both,https://en.wikipedia.org/wiki/2020_Atlanta_Falcons_season,team_season_page,False
2020,ATL,HC,Raheem Morris,2,2,False,True,interim; 4–7 record,both,https://en.wikipedia.org/wiki/2020_Atlanta_Falcons_season,team_season_page,False
2020,ATL,OC,Dirk Koetter,1,1,False,False,,staff_section,https://en.wikipedia.org/wiki/2020_Atlanta_Falcons_season,team_season_page,False
2020,BAL,DC,Don Martindale,1,1,False,False,,both,https://en.wikipedia.org/wiki/2020_Baltimore_Ravens_season,team_season_page,False
2020,BAL,HC,John Harbaugh,1,1,False,False,,both,https://en.wikipedia.org/wiki/2020_Baltimore_Ravens_season,team_season_page,False
2020,BAL,OC,Greg Roman,1,1,False,False,,both,https://en.wikipedia.org/wiki/2020_Baltimore_Ravens_season,team_season_page,False
2020,BUF,DC,Leslie Frazier,1,1,False,False,,both,https://en.wikipedia.org/wiki/2020_Buffalo_Bills_season,team_season_page,False
2020,BUF,HC,Sean McDermott,1,1,False,False,,both,https://en.wikipedia.org/wiki/2020_Buffalo_Bills_season,team_season_page,False
2020,BUF,OC,Brian Daboll,1,1,False,False,,both,https://en.wikipedia.org/wiki/2020_Buffalo_Bills_season,team_season_page,False
2020,CAR,DC,Phil Snow,1,1,False,False,,staff_section,https://en.wikipedia.org/wiki/2020_Carolina_Panthers_season,team_season_page,False
2020,CAR,HC,Matt Rhule,1,1,False,False,,both,https://en.wikipedia.org/wiki/2020_Carolina_Panthers_season,team_season_page,False
2020,CAR,OC,Joe Brady,1,1,False,False,,staff_section,https://en.wikipedia.org/wiki/2020_Carolina_Panthers_season,team_season_page,False
2020,CHI,DC,Chuck Pagano,1,1,False,False,,both,https://en.wikipedia.org/wiki/2020_Chicago_Bears_season,team_season_page,False
2020,CHI,HC,Matt Nagy,1,1,False,False,,both,https://en.wikipedia.org/wiki/2020_Chicago_Bears_season,team_season_page,False
2020,CHI,OC,Bill Lazor,1,1,False,False,,both,https://en.wikipedia.org/wiki/2020_Chicago_Bears_season,team_season_page,False
2020,CIN,DC,Lou Anarumo,1,1,False,False,,staff_section,https://en.wikipedia.org/wiki/2020_Cincinnati_Bengals_season,team_season_page,False
2020,CIN,HC,Zac Taylor,1,1,False,False,,both,https://en.wikipedia.org/wiki/2020_Cincinnati_Bengals_season,team_season_page,False
2020,CIN,OC,Brian Callahan,1,1,False,False,,staff_section,https://en.wikipedia.org/wiki/2020_Cincinnati_Bengals_season,team_season_page,False
2020,CLE,DC,Joe Woods,1,1,False,False,,both,https://en.wikipedia.org/wiki/2020_Cleveland_Browns_season,team_season_page,False
2020,CLE,HC,Kevin Stefanski,1,2,False,False,,both,https://en.wikipedia.org/wiki/2020_Cleveland_Browns_season,team_season_page,False
2020,CLE,HC,Mike Priefer,2,2,False,False,,infobox,https://en.wikipedia.org/wiki/2020_Cleveland_Browns_season,team_season_page,False
2020,CLE,OC,Alex Van Pelt,1,1,False,False,,both,https://en.wikipedia.org/wiki/2020_Cleveland_Browns_season,team_season_page,False
2020,DAL,DC,Mike Nolan,1,1,False,False,,both,https://en.wikipedia.org/wiki/2020_Dallas_Cowboys_season,team_season_page,False
2020,DAL,HC,Mike McCarthy,1,1,False,False,,both,https://en.wikipedia.org/wiki/2020_Dallas_Cowboys_season,team_season_page,False
2020,DAL,OC,Kellen Moore,1,1,False,False,,both,https://en.wikipedia.org/wiki/2020_Dallas_Cowboys_season,team_season_page,False
2020,DEN,DC,Ed Donatell,1,1,False,False,,staff_section,https://en.wikipedia.org/wiki/2020_Denver_Broncos_season,team_season_page,False
2020,DEN,HC,Vic Fangio,1,1,False,False,,both,https://en.wikipedia.org/wiki/2020_Denver_Broncos_season,team_season_page,False
2020,DEN,OC,Pat Shurmur,1,1,False,False,,staff_section,https://en.wikipedia.org/wiki/2020_Denver_Broncos_season,team_season_page,False
2020,DET,DC,Cory Undlin,1,1,False,False,,staff_section,https://en.wikipedia.org/wiki/2020_Detroit_Lions_season,team_season_page,False
2020,DET,HC,Matt Patricia,1,3,False,False,fired Nov. 28; 4–7 record,infobox,https://en.wikipedia.org/wiki/2020_Detroit_Lions_season,team_season_page,False
2020,DET,HC,Darrell Bevell,2,3,False,True,interim; 1–4 record; COVID-19 Week 16,both,https://en.wikipedia.org/wiki/2020_Detroit_Lions_season,team_season_page,False
2020,DET,HC,Robert Prince,3,3,False,True,interim Week 16; 0–1 record,infobox,https://en.wikipedia.org/wiki/2020_Detroit_Lions_season,team_season_page,False
2020,DET,OC,Darrell Bevell,1,1,False,False,gap-fill (biography_only),biography,https://en.wikipedia.org/wiki/Darrell_Bevell,biography,False
2020,GB,DC,Mike Pettine,1,1,False,False,,both,https://en.wikipedia.org/wiki/2020_Green_Bay_Packers_season,team_season_page,False
2020,GB,HC,Matt LaFleur,1,1,False,False,,both,https://en.wikipedia.org/wiki/2020_Green_Bay_Packers_season,team_season_page,False
2020,GB,OC,Nathaniel Hackett,1,1,False,False,,both,https://en.wikipedia.org/wiki/2020_Green_Bay_Packers_season,team_season_page,False
2020,HOU,DC,Anthony Weaver,1,1,False,False,,both,https://en.wikipedia.org/wiki/2020_Houston_Texans_season,team_season_page,False
2020,HOU,HC,Bill O'Brien,1,2,False,False,"fired Oct. 5, 0–4 record",both,https://en.wikipedia.org/wiki/2020_Houston_Texans_season,team_season_page,False
2020,HOU,HC,Romeo Crennel,2,2,False,True,"interim, 4–8 record",both,https://en.wikipedia.org/wiki/2020_Houston_Texans_season,team_season_page,False
2020,HOU,OC,Tim Kelly,1,1,False,False,,both,https://en.wikipedia.org/wiki/2020_Houston_Texans_season,team_season_page,False
2020,IND,DC,Matt Eberflus,1,1,False,False,,both,https://en.wikipedia.org/wiki/2020_Indianapolis_Colts_season,team_season_page,False
2020,IND,HC,Frank Reich,1,1,False,False,,both,https://en.wikipedia.org/wiki/2020_Indianapolis_Colts_season,team_season_page,False
2020,IND,OC,Nick Sirianni,1,1,False,False,,both,https://en.wikipedia.org/wiki/2020_Indianapolis_Colts_season,team_season_page,False
2020,JAX,DC,Todd Wash,1,1,False,False,,both,https://en.wikipedia.org/wiki/2020_Jacksonville_Jaguars_season,team_season_page,False
2020,JAX,HC,Doug Marrone,1,1,False,False,,both,https://en.wikipedia.org/wiki/2020_Jacksonville_Jaguars_season,team_season_page,False
2020,JAX,OC,Jay Gruden,1,1,False,False,,both,https://en.wikipedia.org/wiki/2020_Jacksonville_Jaguars_season,team_season_page,False
2020,KC,DC,Steve Spagnuolo,1,1,False,False,,both,https://en.wikipedia.org/wiki/2020_Kansas_City_Chiefs_season,team_season_page,False
2020,KC,HC,Andy Reid,1,1,False,False,,both,https://en.wikipedia.org/wiki/2020_Kansas_City_Chiefs_season,team_season_page,False
2020,KC,OC,Eric Bieniemy,1,1,False,False,,both,https://en.wikipedia.org/wiki/2020_Kansas_City_Chiefs_season,team_season_page,False
2020,LAC,DC,Gus Bradley,1,1,False,False,,staff_section,https://en.wikipedia.org/wiki/2020_Los_Angeles_Chargers_season,team_season_page,False
2020,LAC,HC,Anthony Lynn,1,1,False,False,,both,https://en.wikipedia.org/wiki/2020_Los_Angeles_Chargers_season,team_season_page,False
2020,LAC,OC,Shane Steichen,1,1,False,False,,staff_section,https://en.wikipedia.org/wiki/2020_Los_Angeles_Chargers_season,team_season_page,False
2020,LAR,DC,Brandon Staley,1,1,False,False,,both,https://en.wikipedia.org/wiki/2020_Los_Angeles_Rams_season,team_season_page,False
2020,LAR,HC,Sean McVay,1,1,False,False,,both,https://en.wikipedia.org/wiki/2020_Los_Angeles_Rams_season,team_season_page,False
2020,LAR,OC,Kevin O'Connell,1,1,False,False,,both,https://en.wikipedia.org/wiki/2020_Los_Angeles_Rams_season,team_season_page,False
2020,MIA,DC,Josh Boyer,1,1,False,False,,staff_section,https://en.wikipedia.org/wiki/2020_Miami_Dolphins_season,team_season_page,False
2020,MIA,HC,Brian Flores,1,1,False,False,,both,https://en.wikipedia.org/wiki/2020_Miami_Dolphins_season,team_season_page,False
2020,MIA,OC,Chan Gailey,1,1,False,False,,staff_section,https://en.wikipedia.org/wiki/2020_Miami_Dolphins_season,team_season_page,False
2020,MIN,HC,Mike Zimmer,1,1,False,False,,both,https://en.wikipedia.org/wiki/2020_Minnesota_Vikings_season,team_season_page,False
2020,MIN,OC,Gary Kubiak,1,1,False,False,,staff_section,https://en.wikipedia.org/wiki/2020_Minnesota_Vikings_season,team_season_page,False
2020,NE,HC,Bill Belichick,1,1,False,False,,both,https://en.wikipedia.org/wiki/2020_New_England_Patriots_season,team_season_page,False
2020,NE,OC,Josh McDaniels,1,1,False,False,,staff_section,https://en.wikipedia.org/wiki/2020_New_England_Patriots_season,team_season_page,False
2020,NO,DC,Dennis Allen,1,1,False,False,,both,https://en.wikipedia.org/wiki/2020_New_Orleans_Saints_season,team_season_page,False
2020,NO,HC,Sean Payton,1,1,False,False,,both,https://en.wikipedia.org/wiki/2020_New_Orleans_Saints_season,team_season_page,False
2020,NO,OC,Pete Carmichael Jr.,1,1,False,False,,both,https://en.wikipedia.org/wiki/2020_New_Orleans_Saints_season,team_season_page,False
2020,NYG,DC,Patrick Graham,1,1,False,False,,staff_section,https://en.wikipedia.org/wiki/2020_New_York_Giants_season,team_season_page,False
2020,NYG,HC,Joe Judge,1,1,False,False,,both,https://en.wikipedia.org/wiki/2020_New_York_Giants_season,team_season_page,False
2020,NYG,OC,Jason Garrett,1,1,False,False,,staff_section,https://en.wikipedia.org/wiki/2020_New_York_Giants_season,team_season_page,False
2020,NYJ,DC,Frank Bush,1,1,False,False,,staff_section,https://en.wikipedia.org/wiki/2020_New_York_Jets_season,team_season_page,False
2020,NYJ,HC,Adam Gase,1,1,False,False,,both,https://en.wikipedia.org/wiki/2020_New_York_Jets_season,team_season_page,False
2020,NYJ,OC,Dowell Loggains,1,1,False,False,,staff_section,https://en.wikipedia.org/wiki/2020_New_York_Jets_season,team_season_page,False
2020,OAK,DC,Rod Marinelli,1,1,False,False,,staff_section,https://en.wikipedia.org/wiki/2020_Las_Vegas_Raiders_season,team_season_page,False
2020,OAK,HC,Jon Gruden,1,1,False,False,,both,https://en.wikipedia.org/wiki/2020_Las_Vegas_Raiders_season,team_season_page,False
2020,OAK,OC,Greg Olson,1,1,False,False,,staff_section,https://en.wikipedia.org/wiki/2020_Las_Vegas_Raiders_season,team_season_page,False
2020,PHI,DC,Jim Schwartz,1,1,False,False,,staff_section,https://en.wikipedia.org/wiki/2020_Philadelphia_Eagles_season,team_season_page,False
2020,PHI,HC,Doug Pederson,1,1,False,False,,both,https://en.wikipedia.org/wiki/2020_Philadelphia_Eagles_season,team_season_page,False
2020,PIT,DC,Keith Butler,1,1,False,False,,both,https://en.wikipedia.org/wiki/2020_Pittsburgh_Steelers_season,team_season_page,False
2020,PIT,HC,Mike Tomlin,1,1,False,False,,both,https://en.wikipedia.org/wiki/2020_Pittsburgh_Steelers_season,team_season_page,False
2020,PIT,OC,Randy Fichtner,1,1,False,False,,both,https://en.wikipedia.org/wiki/2020_Pittsburgh_Steelers_season,team_season_page,False
2020,SEA,DC,Ken Norton Jr.,1,1,False,False,,both,https://en.wikipedia.org/wiki/2020_Seattle_Seahawks_season,team_season_page,False
2020,SEA,HC,Pete Carroll,1,1,False,False,,both,https://en.wikipedia.org/wiki/2020_Seattle_Seahawks_season,team_season_page,False
2020,SEA,OC,Brian Schottenheimer,1,1,False,False,,both,https://en.wikipedia.org/wiki/2020_Seattle_Seahawks_season,team_season_page,False
2020,SF,DC,Robert Saleh,1,1,False,False,,both,https://en.wikipedia.org/wiki/2020_San_Francisco_49ers_season,team_season_page,False
2020,SF,HC,Kyle Shanahan,1,1,False,False,,both,https://en.wikipedia.org/wiki/2020_San_Francisco_49ers_season,team_season_page,False
2020,SF,OC,Kyle Shanahan,1,1,False,False,de facto,infobox,https://en.wikipedia.org/wiki/2020_San_Francisco_49ers_season,team_season_page,False
2020,TB,DC,Todd Bowles,1,1,False,False,,both,https://en.wikipedia.org/wiki/2020_Tampa_Bay_Buccaneers_season,team_season_page,False
2020,TB,HC,Bruce Arians,1,1,False,False,,both,https://en.wikipedia.org/wiki/2020_Tampa_Bay_Buccaneers_season,team_season_page,False
2020,TB,OC,Byron Leftwich,1,1,False,False,,both,https://en.wikipedia.org/wiki/2020_Tampa_Bay_Buccaneers_season,team_season_page,False
2020,TEN,HC,Mike Vrabel,1,1,False,False,,both,https://en.wikipedia.org/wiki/2020_Tennessee_Titans_season,team_season_page,False
2020,TEN,OC,Arthur Smith,1,1,False,False,,both,https://en.wikipedia.org/wiki/2020_Tennessee_Titans_season,team_season_page,False
2020,WSH,DC,Jack Del Rio,1,1,False,False,,both,https://en.wikipedia.org/wiki/2020_Washington_Football_Team_season,team_season_page,False
2020,WSH,HC,Ron Rivera,1,1,False,False,,both,https://en.wikipedia.org/wiki/2020_Washington_Football_Team_season,team_season_page,False
2020,WSH,OC,Scott Turner,1,1,False,False,,both,https://en.wikipedia.org/wiki/2020_Washington_Football_Team_season,team_season_page,False
2021,ARI,DC,Vance Joseph,1,1,False,False,,both,https://en.wikipedia.org/wiki/2021_Arizona_Cardinals_season,team_season_page,False
2021,ARI,HC,Kliff Kingsbury,1,1,False,False,,both,https://en.wikipedia.org/wiki/2021_Arizona_Cardinals_season,team_season_page,False
2021,ATL,DC,Dean Pees,1,1,False,False,,staff_section,https://en.wikipedia.org/wiki/2021_Atlanta_Falcons_season,team_season_page,False
2021,ATL,HC,Arthur Smith,1,1,False,False,,both,https://en.wikipedia.org/wiki/2021_Atlanta_Falcons_season,team_season_page,False
2021,ATL,OC,Dave Ragone,1,1,False,False,,staff_section,https://en.wikipedia.org/wiki/2021_Atlanta_Falcons_season,team_season_page,False
2021,BAL,DC,Don Martindale,1,1,False,False,,both,https://en.wikipedia.org/wiki/2021_Baltimore_Ravens_season,team_season_page,False
2021,BAL,HC,John Harbaugh,1,1,False,False,,both,https://en.wikipedia.org/wiki/2021_Baltimore_Ravens_season,team_season_page,False
2021,BAL,OC,Greg Roman,1,1,False,False,,both,https://en.wikipedia.org/wiki/2021_Baltimore_Ravens_season,team_season_page,False
2021,BUF,DC,Leslie Frazier,1,1,False,False,,both,https://en.wikipedia.org/wiki/2021_Buffalo_Bills_season,team_season_page,False
2021,BUF,HC,Sean McDermott,1,1,False,False,,both,https://en.wikipedia.org/wiki/2021_Buffalo_Bills_season,team_season_page,False
2021,BUF,OC,Brian Daboll,1,1,False,False,,both,https://en.wikipedia.org/wiki/2021_Buffalo_Bills_season,team_season_page,False
2021,CAR,DC,Phil Snow,1,1,False,False,,staff_section,https://en.wikipedia.org/wiki/2021_Carolina_Panthers_season,team_season_page,False
2021,CAR,HC,Matt Rhule,1,1,False,False,,both,https://en.wikipedia.org/wiki/2021_Carolina_Panthers_season,team_season_page,False
2021,CAR,OC,Joe Brady,1,2,False,False,fired mid season,staff_section,https://en.wikipedia.org/wiki/2021_Carolina_Panthers_season,team_season_page,False
2021,CAR,OC,Jeff Nixon,2,2,False,False,,staff_section,https://en.wikipedia.org/wiki/2021_Carolina_Panthers_season,team_season_page,False
2021,CHI,DC,Sean Desai,1,1,False,False,,staff_section,https://en.wikipedia.org/wiki/2021_Chicago_Bears_season,team_season_page,False
2021,CHI,HC,Matt Nagy,1,2,False,False,,both,https://en.wikipedia.org/wiki/2021_Chicago_Bears_season,team_season_page,False
2021,CHI,HC,Chris Tabor,2,2,False,False,Acting HC for Week 8 after Nagy tested positive for COVID-19,infobox,https://en.wikipedia.org/wiki/2021_Chicago_Bears_season,team_season_page,False
2021,CHI,OC,Bill Lazor,1,1,False,False,,staff_section,https://en.wikipedia.org/wiki/2021_Chicago_Bears_season,team_season_page,False
2021,CIN,DC,Lou Anarumo,1,1,False,False,,both,https://en.wikipedia.org/wiki/2021_Cincinnati_Bengals_season,team_season_page,False
2021,CIN,HC,Zac Taylor,1,1,False,False,,both,https://en.wikipedia.org/wiki/2021_Cincinnati_Bengals_season,team_season_page,False
2021,CIN,OC,Brian Callahan,1,1,False,False,,both,https://en.wikipedia.org/wiki/2021_Cincinnati_Bengals_season,team_season_page,False
2021,CLE,DC,Joe Woods,1,1,False,False,,staff_section,https://en.wikipedia.org/wiki/2021_Cleveland_Browns_season,team_season_page,False
2021,CLE,HC,Kevin Stefanski,1,1,False,False,,both,https://en.wikipedia.org/wiki/2021_Cleveland_Browns_season,team_season_page,False
2021,CLE,OC,Alex Van Pelt,1,1,False,False,,staff_section,https://en.wikipedia.org/wiki/2021_Cleveland_Browns_season,team_season_page,False
2021,DAL,DC,Dan Quinn,1,1,False,False,,both,https://en.wikipedia.org/wiki/2021_Dallas_Cowboys_season,team_season_page,False
2021,DAL,HC,Mike McCarthy,1,1,False,False,,both,https://en.wikipedia.org/wiki/2021_Dallas_Cowboys_season,team_season_page,False
2021,DAL,OC,Kellen Moore,1,1,False,False,,both,https://en.wikipedia.org/wiki/2021_Dallas_Cowboys_season,team_season_page,False
2021,DEN,DC,Ed Donatell,1,1,False,False,,staff_section,https://en.wikipedia.org/wiki/2021_Denver_Broncos_season,team_season_page,False
2021,DEN,HC,Vic Fangio,1,1,False,False,,both,https://en.wikipedia.org/wiki/2021_Denver_Broncos_season,team_season_page,False
2021,DEN,OC,Pat Shurmur,1,1,False,False,,staff_section,https://en.wikipedia.org/wiki/2021_Denver_Broncos_season,team_season_page,False
2021,DET,DC,Aaron Glenn,1,1,False,False,,staff_section,https://en.wikipedia.org/wiki/2021_Detroit_Lions_season,team_season_page,False
2021,DET,HC,Dan Campbell,1,1,False,False,,both,https://en.wikipedia.org/wiki/2021_Detroit_Lions_season,team_season_page,False
2021,DET,OC,Anthony Lynn,1,1,False,False,,staff_section,https://en.wikipedia.org/wiki/2021_Detroit_Lions_season,team_season_page,False
2021,GB,DC,Joe Barry,1,1,False,False,,both,https://en.wikipedia.org/wiki/2021_Green_Bay_Packers_season,team_season_page,False
2021,GB,HC,Matt LaFleur,1,1,False,False,,both,https://en.wikipedia.org/wiki/2021_Green_Bay_Packers_season,team_season_page,False
2021,GB,OC,Nathaniel Hackett,1,1,False,False,,both,https://en.wikipedia.org/wiki/2021_Green_Bay_Packers_season,team_season_page,False
2021,HOU,DC,Lovie Smith,1,1,False,False,,both,https://en.wikipedia.org/wiki/2021_Houston_Texans_season,team_season_page,False
2021,HOU,HC,David Culley,1,1,False,False,,both,https://en.wikipedia.org/wiki/2021_Houston_Texans_season,team_season_page,False
2021,HOU,OC,Tim Kelly,1,1,False,False,,both,https://en.wikipedia.org/wiki/2021_Houston_Texans_season,team_season_page,False
2021,IND,DC,Matt Eberflus,1,1,False,False,,staff_section,https://en.wikipedia.org/wiki/2021_Indianapolis_Colts_season,team_season_page,False
2021,IND,HC,Frank Reich,1,1,False,False,,both,https://en.wikipedia.org/wiki/2021_Indianapolis_Colts_season,team_season_page,False
2021,IND,OC,Marcus Brady,1,1,False,False,,staff_section,https://en.wikipedia.org/wiki/2021_Indianapolis_Colts_season,team_season_page,False
2021,JAX,DC,Joe Cullen,1,1,False,False,,both,https://en.wikipedia.org/wiki/2021_Jacksonville_Jaguars_season,team_season_page,False
2021,JAX,HC,Urban Meyer,1,2,False,False,fired December 16; 2–11 record | fired mid season,both,https://en.wikipedia.org/wiki/2021_Jacksonville_Jaguars_season,team_season_page,False
2021,JAX,HC,Darrell Bevell,2,2,False,True,"interim, Weeks 15–18; 1–3 record",both,https://en.wikipedia.org/wiki/2021_Jacksonville_Jaguars_season,team_season_page,False
2021,JAX,OC,Brian Schottenheimer,1,1,False,False,,infobox,https://en.wikipedia.org/wiki/2021_Jacksonville_Jaguars_season,team_season_page,False
2021,KC,DC,Steve Spagnuolo,1,1,False,False,,both,https://en.wikipedia.org/wiki/2021_Kansas_City_Chiefs_season,team_season_page,False
2021,KC,HC,Andy Reid,1,1,False,False,,both,https://en.wikipedia.org/wiki/2021_Kansas_City_Chiefs_season,team_season_page,False
2021,KC,OC,Eric Bieniemy,1,1,False,False,,both,https://en.wikipedia.org/wiki/2021_Kansas_City_Chiefs_season,team_season_page,False
2021,LAC,DC,Renaldo Hill,1,1,False,False,,staff_section,https://en.wikipedia.org/wiki/2021_Los_Angeles_Chargers_season,team_season_page,False
2021,LAC,HC,Brandon Staley,1,1,False,False,,both,https://en.wikipedia.org/wiki/2021_Los_Angeles_Chargers_season,team_season_page,False
2021,LAC,OC,Joe Lombardi,1,1,False,False,,staff_section,https://en.wikipedia.org/wiki/2021_Los_Angeles_Chargers_season,team_season_page,False
2021,LAR,DC,Raheem Morris,1,1,False,False,,both,https://en.wikipedia.org/wiki/2021_Los_Angeles_Rams_season,team_season_page,False
2021,LAR,HC,Sean McVay,1,1,False,False,,both,https://en.wikipedia.org/wiki/2021_Los_Angeles_Rams_season,team_season_page,False
2021,LAR,OC,Kevin O'Connell,1,1,False,False,,both,https://en.wikipedia.org/wiki/2021_Los_Angeles_Rams_season,team_season_page,False
2021,MIA,DC,Josh Boyer,1,1,False,False,,staff_section,https://en.wikipedia.org/wiki/2021_Miami_Dolphins_season,team_season_page,False
2021,MIA,HC,Brian Flores,1,1,False,False,,both,https://en.wikipedia.org/wiki/2021_Miami_Dolphins_season,team_season_page,False
2021,MIA,OC,Eric Studesville,1,1,False,False,gap-fill (biography_only): co-role,biography,https://en.wikipedia.org/wiki/Eric_Studesville,biography,False
2021,MIN,HC,Mike Zimmer,1,1,False,False,,both,https://en.wikipedia.org/wiki/2021_Minnesota_Vikings_season,team_season_page,False
2021,MIN,OC,Klint Kubiak,1,1,False,False,,staff_section,https://en.wikipedia.org/wiki/2021_Minnesota_Vikings_season,team_season_page,False
2021,NE,HC,Bill Belichick,1,1,False,False,,both,https://en.wikipedia.org/wiki/2021_New_England_Patriots_season,team_season_page,False
2021,NE,OC,Josh McDaniels,1,1,False,False,,both,https://en.wikipedia.org/wiki/2021_New_England_Patriots_season,team_season_page,False
2021,NO,DC,Dennis Allen,1,1,False,False,,both,https://en.wikipedia.org/wiki/2021_New_Orleans_Saints_season,team_season_page,False
2021,NO,HC,Sean Payton,1,1,False,False,,both,https://en.wikipedia.org/wiki/2021_New_Orleans_Saints_season,team_season_page,False
2021,NO,OC,Pete Carmichael Jr.,1,1,False,False,,both,https://en.wikipedia.org/wiki/2021_New_Orleans_Saints_season,team_season_page,False
2021,NYG,DC,Patrick Graham,1,1,False,False,,staff_section,https://en.wikipedia.org/wiki/2021_New_York_Giants_season,team_season_page,False
2021,NYG,HC,Joe Judge,1,1,False,False,,both,https://en.wikipedia.org/wiki/2021_New_York_Giants_season,team_season_page,False
2021,NYG,OC,Jason Garrett,1,2,False,False,fired after week 11,staff_section,https://en.wikipedia.org/wiki/2021_New_York_Giants_season,team_season_page,False
2021,NYG,OC,Freddie Kitchens,2,2,False,False,,staff_section,https://en.wikipedia.org/wiki/2021_New_York_Giants_season,team_season_page,False
2021,NYJ,DC,Jeff Ulbrich,1,1,False,False,,staff_section,https://en.wikipedia.org/wiki/2021_New_York_Jets_season,team_season_page,False
2021,NYJ,HC,Robert Saleh,1,1,False,False,,both,https://en.wikipedia.org/wiki/2021_New_York_Jets_season,team_season_page,False
2021,NYJ,OC,Mike LaFleur,1,1,False,False,,staff_section,https://en.wikipedia.org/wiki/2021_New_York_Jets_season,team_season_page,False
2021,OAK,DC,Gus Bradley,1,1,False,False,,both,https://en.wikipedia.org/wiki/2021_Las_Vegas_Raiders_season,team_season_page,False
2021,OAK,HC,Jon Gruden,1,2,False,False,"resigned October 11, 3–2 record",infobox,https://en.wikipedia.org/wiki/2021_Las_Vegas_Raiders_season,team_season_page,False
2021,OAK,HC,Rich Bisaccia,2,2,False,True,interim; 7–5 record,both,https://en.wikipedia.org/wiki/2021_Las_Vegas_Raiders_season,team_season_page,False
2021,OAK,OC,Greg Olson,1,1,False,False,,both,https://en.wikipedia.org/wiki/2021_Las_Vegas_Raiders_season,team_season_page,False
2021,PHI,DC,Jonathan Gannon,1,1,False,False,,both,https://en.wikipedia.org/wiki/2021_Philadelphia_Eagles_season,team_season_page,False
2021,PHI,HC,Nick Sirianni,1,1,False,False,,both,https://en.wikipedia.org/wiki/2021_Philadelphia_Eagles_season,team_season_page,False
2021,PHI,OC,Shane Steichen,1,1,False,False,,both,https://en.wikipedia.org/wiki/2021_Philadelphia_Eagles_season,team_season_page,False
2021,PIT,DC,Keith Butler,1,1,False,False,,both,https://en.wikipedia.org/wiki/2021_Pittsburgh_Steelers_season,team_season_page,False
2021,PIT,HC,Mike Tomlin,1,1,False,False,,both,https://en.wikipedia.org/wiki/2021_Pittsburgh_Steelers_season,team_season_page,False
2021,PIT,OC,Matt Canada,1,1,False,False,,both,https://en.wikipedia.org/wiki/2021_Pittsburgh_Steelers_season,team_season_page,False
2021,SEA,DC,Ken Norton Jr.,1,1,False,False,,staff_section,https://en.wikipedia.org/wiki/2021_Seattle_Seahawks_season,team_season_page,False
2021,SEA,HC,Pete Carroll,1,1,False,False,,both,https://en.wikipedia.org/wiki/2021_Seattle_Seahawks_season,team_season_page,False
2021,SEA,OC,Shane Waldron,1,1,False,False,,staff_section,https://en.wikipedia.org/wiki/2021_Seattle_Seahawks_season,team_season_page,False
2021,SF,DC,DeMeco Ryans,1,1,False,False,,both,https://en.wikipedia.org/wiki/2021_San_Francisco_49ers_season,team_season_page,False
2021,SF,HC,Kyle Shanahan,1,1,False,False,,both,https://en.wikipedia.org/wiki/2021_San_Francisco_49ers_season,team_season_page,False
2021,SF,OC,Mike McDaniel,1,1,False,False,,both,https://en.wikipedia.org/wiki/2021_San_Francisco_49ers_season,team_season_page,False
2021,TB,DC,Todd Bowles,1,1,False,False,,staff_section,https://en.wikipedia.org/wiki/2021_Tampa_Bay_Buccaneers_season,team_season_page,False
2021,TB,HC,Bruce Arians,1,1,False,False,,both,https://en.wikipedia.org/wiki/2021_Tampa_Bay_Buccaneers_season,team_season_page,False
2021,TB,OC,Byron Leftwich,1,1,False,False,,staff_section,https://en.wikipedia.org/wiki/2021_Tampa_Bay_Buccaneers_season,team_season_page,False
2021,TEN,DC,Shane Bowen,1,1,False,False,,both,https://en.wikipedia.org/wiki/2021_Tennessee_Titans_season,team_season_page,False
2021,TEN,HC,Mike Vrabel,1,1,False,False,,both,https://en.wikipedia.org/wiki/2021_Tennessee_Titans_season,team_season_page,False
2021,TEN,OC,Todd Downing,1,1,False,False,,both,https://en.wikipedia.org/wiki/2021_Tennessee_Titans_season,team_season_page,False
2021,WSH,DC,Jack Del Rio,1,1,False,False,,both,https://en.wikipedia.org/wiki/2021_Washington_Football_Team_season,team_season_page,False
2021,WSH,HC,Ron Rivera,1,1,False,False,,both,https://en.wikipedia.org/wiki/2021_Washington_Football_Team_season,team_season_page,False
2021,WSH,OC,Scott Turner,1,1,False,False,,both,https://en.wikipedia.org/wiki/2021_Washington_Football_Team_season,team_season_page,False
2022,ARI,DC,Vance Joseph,1,1,False,False,,staff_section,https://en.wikipedia.org/wiki/2022_Arizona_Cardinals_season,team_season_page,False
2022,ARI,HC,Kliff Kingsbury,1,1,False,False,,both,https://en.wikipedia.org/wiki/2022_Arizona_Cardinals_season,team_season_page,False
2022,ATL,DC,Dean Pees,1,1,False,False,,staff_section,https://en.wikipedia.org/wiki/2022_Atlanta_Falcons_season,team_season_page,False
2022,ATL,HC,Arthur Smith,1,1,False,False,,both,https://en.wikipedia.org/wiki/2022_Atlanta_Falcons_season,team_season_page,False
2022,ATL,OC,Dave Ragone,1,1,False,False,,staff_section,https://en.wikipedia.org/wiki/2022_Atlanta_Falcons_season,team_season_page,False
2022,BAL,DC,Mike Macdonald,1,1,False,False,,both,https://en.wikipedia.org/wiki/2022_Baltimore_Ravens_season,team_season_page,False
2022,BAL,HC,John Harbaugh,1,1,False,False,,both,https://en.wikipedia.org/wiki/2022_Baltimore_Ravens_season,team_season_page,False
2022,BAL,OC,Greg Roman,1,1,False,False,,both,https://en.wikipedia.org/wiki/2022_Baltimore_Ravens_season,team_season_page,False
2022,BUF,DC,Leslie Frazier,1,1,False,False,,both,https://en.wikipedia.org/wiki/2022_Buffalo_Bills_season,team_season_page,False
2022,BUF,HC,Sean McDermott,1,1,False,False,,both,https://en.wikipedia.org/wiki/2022_Buffalo_Bills_season,team_season_page,False
2022,BUF,OC,Ken Dorsey,1,1,False,False,,both,https://en.wikipedia.org/wiki/2022_Buffalo_Bills_season,team_season_page,False
2022,CAR,DC,Al Holcomb,1,1,False,False,,staff_section,https://en.wikipedia.org/wiki/2022_Carolina_Panthers_season,team_season_page,False
2022,CAR,HC,Matt Rhule,1,2,False,False,fired October 10; 1–4 record,infobox,https://en.wikipedia.org/wiki/2022_Carolina_Panthers_season,team_season_page,False
2022,CAR,HC,Steve Wilks,2,2,False,True,interim; 6–6 record,both,https://en.wikipedia.org/wiki/2022_Carolina_Panthers_season,team_season_page,False
2022,CAR,OC,Ben McAdoo,1,1,False,False,,staff_section,https://en.wikipedia.org/wiki/2022_Carolina_Panthers_season,team_season_page,False
2022,CHI,DC,Alan Williams,1,1,False,False,,staff_section,https://en.wikipedia.org/wiki/2022_Chicago_Bears_season,team_season_page,False
2022,CHI,HC,Matt Eberflus,1,1,False,False,,both,https://en.wikipedia.org/wiki/2022_Chicago_Bears_season,team_season_page,False
2022,CHI,OC,Luke Getsy,1,1,False,False,,staff_section,https://en.wikipedia.org/wiki/2022_Chicago_Bears_season,team_season_page,False
2022,CIN,DC,Lou Anarumo,1,1,False,False,,both,https://en.wikipedia.org/wiki/2022_Cincinnati_Bengals_season,team_season_page,False
2022,CIN,HC,Zac Taylor,1,1,False,False,,both,https://en.wikipedia.org/wiki/2022_Cincinnati_Bengals_season,team_season_page,False
2022,CIN,OC,Brian Callahan,1,1,False,False,,both,https://en.wikipedia.org/wiki/2022_Cincinnati_Bengals_season,team_season_page,False
2022,CLE,DC,Joe Woods,1,1,False,False,,staff_section,https://en.wikipedia.org/wiki/2022_Cleveland_Browns_season,team_season_page,False
2022,CLE,HC,Kevin Stefanski,1,1,False,False,,both,https://en.wikipedia.org/wiki/2022_Cleveland_Browns_season,team_season_page,False
2022,CLE,OC,Alex Van Pelt,1,1,False,False,,staff_section,https://en.wikipedia.org/wiki/2022_Cleveland_Browns_season,team_season_page,False
2022,DAL,DC,Dan Quinn,1,1,False,False,,both,https://en.wikipedia.org/wiki/2022_Dallas_Cowboys_season,team_season_page,False
2022,DAL,HC,Mike McCarthy,1,1,False,False,,both,https://en.wikipedia.org/wiki/2022_Dallas_Cowboys_season,team_season_page,False
2022,DAL,OC,Kellen Moore,1,1,False,False,,both,https://en.wikipedia.org/wiki/2022_Dallas_Cowboys_season,team_season_page,False
2022,DEN,DC,Ejiro Evero,1,1,False,False,,staff_section,https://en.wikipedia.org/wiki/2022_Denver_Broncos_season,team_season_page,False
2022,DEN,HC,Nathaniel Hackett,1,2,False,False,"fired on December 26, 4–11 record",infobox,https://en.wikipedia.org/wiki/2022_Denver_Broncos_season,team_season_page,False
2022,DEN,HC,Jerry Rosburg,2,2,False,True,interim; 1–1 record,both,https://en.wikipedia.org/wiki/2022_Denver_Broncos_season,team_season_page,False
2022,DEN,OC,Justin Outten,1,1,False,False,,staff_section,https://en.wikipedia.org/wiki/2022_Denver_Broncos_season,team_season_page,False
2022,DET,DC,Aaron Glenn,1,1,False,False,,staff_section,https://en.wikipedia.org/wiki/2022_Detroit_Lions_season,team_season_page,False
2022,DET,HC,Dan Campbell,1,1,False,False,,both,https://en.wikipedia.org/wiki/2022_Detroit_Lions_season,team_season_page,False
2022,DET,OC,Ben Johnson,1,1,False,False,,staff_section,https://en.wikipedia.org/wiki/2022_Detroit_Lions_season,team_season_page,False
2022,GB,DC,Joe Barry,1,1,False,False,,staff_section,https://en.wikipedia.org/wiki/2022_Green_Bay_Packers_season,team_season_page,False
2022,GB,HC,Matt LaFleur,1,1,False,False,,both,https://en.wikipedia.org/wiki/2022_Green_Bay_Packers_season,team_season_page,False
2022,GB,OC,Adam Stenavich,1,1,False,False,,staff_section,https://en.wikipedia.org/wiki/2022_Green_Bay_Packers_season,team_season_page,False
2022,HOU,HC,Lovie Smith,1,1,False,False,,both,https://en.wikipedia.org/wiki/2022_Houston_Texans_season,team_season_page,False
2022,HOU,OC,Pep Hamilton,1,1,False,False,,staff_section,https://en.wikipedia.org/wiki/2022_Houston_Texans_season,team_season_page,False
2022,IND,DC,Gus Bradley,1,1,False,False,,staff_section,https://en.wikipedia.org/wiki/2022_Indianapolis_Colts_season,team_season_page,False
2022,IND,HC,Frank Reich,1,2,False,False,fired November 7;  record,infobox,https://en.wikipedia.org/wiki/2022_Indianapolis_Colts_season,team_season_page,False
2022,IND,HC,Jeff Saturday,2,2,False,True,interim;  record,both,https://en.wikipedia.org/wiki/2022_Indianapolis_Colts_season,team_season_page,False
2022,IND,OC,Parks Frazier,1,1,False,False,,staff_section,https://en.wikipedia.org/wiki/2022_Indianapolis_Colts_season,team_season_page,False
2022,JAX,DC,Mike Caldwell,1,1,False,False,,both,https://en.wikipedia.org/wiki/2022_Jacksonville_Jaguars_season,team_season_page,False
2022,JAX,HC,Doug Pederson,1,1,False,False,,both,https://en.wikipedia.org/wiki/2022_Jacksonville_Jaguars_season,team_season_page,False
2022,JAX,OC,Press Taylor,1,1,False,False,,both,https://en.wikipedia.org/wiki/2022_Jacksonville_Jaguars_season,team_season_page,False
2022,KC,DC,Steve Spagnuolo,1,1,False,False,,both,https://en.wikipedia.org/wiki/2022_Kansas_City_Chiefs_season,team_season_page,False
2022,KC,HC,Andy Reid,1,1,False,False,,both,https://en.wikipedia.org/wiki/2022_Kansas_City_Chiefs_season,team_season_page,False
2022,KC,OC,Eric Bieniemy,1,1,False,False,,both,https://en.wikipedia.org/wiki/2022_Kansas_City_Chiefs_season,team_season_page,False
2022,LAC,DC,Renaldo Hill,1,1,False,False,,both,https://en.wikipedia.org/wiki/2022_Los_Angeles_Chargers_season,team_season_page,False
2022,LAC,HC,Brandon Staley,1,1,False,False,,both,https://en.wikipedia.org/wiki/2022_Los_Angeles_Chargers_season,team_season_page,False
2022,LAC,OC,Joe Lombardi,1,1,False,False,,both,https://en.wikipedia.org/wiki/2022_Los_Angeles_Chargers_season,team_season_page,False
2022,LAR,DC,Raheem Morris,1,1,False,False,,both,https://en.wikipedia.org/wiki/2022_Los_Angeles_Rams_season,team_season_page,False
2022,LAR,HC,Sean McVay,1,1,False,False,,both,https://en.wikipedia.org/wiki/2022_Los_Angeles_Rams_season,team_season_page,False
2022,LAR,OC,Liam Coen,1,1,False,False,,both,https://en.wikipedia.org/wiki/2022_Los_Angeles_Rams_season,team_season_page,False
2022,MIA,DC,Vic Fangio,1,2,False,False,,infobox,https://en.wikipedia.org/wiki/2022_Miami_Dolphins_season,team_season_page,False
2022,MIA,DC,Josh Boyer,2,2,False,False,,staff_section,https://en.wikipedia.org/wiki/2022_Miami_Dolphins_season,team_season_page,False
2022,MIA,HC,Mike McDaniel,1,1,False,False,,both,https://en.wikipedia.org/wiki/2022_Miami_Dolphins_season,team_season_page,False
2022,MIA,OC,Frank Smith,1,1,False,False,,both,https://en.wikipedia.org/wiki/2022_Miami_Dolphins_season,team_season_page,False
2022,MIN,DC,Ed Donatell,1,1,False,False,,both,https://en.wikipedia.org/wiki/2022_Minnesota_Vikings_season,team_season_page,False
2022,MIN,HC,Kevin O'Connell,1,1,False,False,,both,https://en.wikipedia.org/wiki/2022_Minnesota_Vikings_season,team_season_page,False
2022,MIN,OC,Wes Phillips,1,1,False,False,,both,https://en.wikipedia.org/wiki/2022_Minnesota_Vikings_season,team_season_page,False
2022,NE,HC,Bill Belichick,1,1,False,False,,both,https://en.wikipedia.org/wiki/2022_New_England_Patriots_season,team_season_page,False
2022,NO,DC,Ryan Nielsen,1,2,True,False,,infobox,https://en.wikipedia.org/wiki/2022_New_Orleans_Saints_season,team_season_page,False
2022,NO,DC,Kris Richard,2,2,True,False,,infobox,https://en.wikipedia.org/wiki/2022_New_Orleans_Saints_season,team_season_page,False
2022,NO,HC,Dennis Allen,1,1,False,False,,both,https://en.wikipedia.org/wiki/2022_New_Orleans_Saints_season,team_season_page,False
2022,NO,OC,Pete Carmichael Jr.,1,1,False,False,,both,https://en.wikipedia.org/wiki/2022_New_Orleans_Saints_season,team_season_page,False
2022,NYG,DC,Don Martindale,1,1,False,False,,both,https://en.wikipedia.org/wiki/2022_New_York_Giants_season,team_season_page,False
2022,NYG,HC,Brian Daboll,1,1,False,False,,both,https://en.wikipedia.org/wiki/2022_New_York_Giants_season,team_season_page,False
2022,NYG,OC,Mike Kafka,1,1,False,False,,both,https://en.wikipedia.org/wiki/2022_New_York_Giants_season,team_season_page,False
2022,NYJ,DC,Jeff Ulbrich,1,1,False,False,,staff_section,https://en.wikipedia.org/wiki/2022_New_York_Jets_season,team_season_page,False
2022,NYJ,HC,Robert Saleh,1,1,False,False,,both,https://en.wikipedia.org/wiki/2022_New_York_Jets_season,team_season_page,False
2022,NYJ,OC,Mike LaFleur,1,1,False,False,,staff_section,https://en.wikipedia.org/wiki/2022_New_York_Jets_season,team_season_page,False
2022,OAK,DC,Patrick Graham,1,1,False,False,,staff_section,https://en.wikipedia.org/wiki/2022_Las_Vegas_Raiders_season,team_season_page,False
2022,OAK,HC,Josh McDaniels,1,1,False,False,,both,https://en.wikipedia.org/wiki/2022_Las_Vegas_Raiders_season,team_season_page,False
2022,OAK,OC,Mick Lombardi,1,1,False,False,,staff_section,https://en.wikipedia.org/wiki/2022_Las_Vegas_Raiders_season,team_season_page,False
2022,PHI,DC,Jonathan Gannon,1,1,False,False,,both,https://en.wikipedia.org/wiki/2022_Philadelphia_Eagles_season,team_season_page,False
2022,PHI,HC,Nick Sirianni,1,1,False,False,,both,https://en.wikipedia.org/wiki/2022_Philadelphia_Eagles_season,team_season_page,False
2022,PHI,OC,Shane Steichen,1,1,False,False,,both,https://en.wikipedia.org/wiki/2022_Philadelphia_Eagles_season,team_season_page,False
2022,PIT,DC,Teryl Austin,1,1,False,False,,both,https://en.wikipedia.org/wiki/2022_Pittsburgh_Steelers_season,team_season_page,False
2022,PIT,HC,Mike Tomlin,1,1,False,False,,both,https://en.wikipedia.org/wiki/2022_Pittsburgh_Steelers_season,team_season_page,False
2022,PIT,OC,Matt Canada,1,1,False,False,,both,https://en.wikipedia.org/wiki/2022_Pittsburgh_Steelers_season,team_season_page,False
2022,SEA,DC,Clint Hurtt,1,1,False,False,,both,https://en.wikipedia.org/wiki/2022_Seattle_Seahawks_season,team_season_page,False
2022,SEA,HC,Pete Carroll,1,1,False,False,,both,https://en.wikipedia.org/wiki/2022_Seattle_Seahawks_season,team_season_page,False
2022,SEA,OC,Shane Waldron,1,1,False,False,,both,https://en.wikipedia.org/wiki/2022_Seattle_Seahawks_season,team_season_page,False
2022,SF,DC,DeMeco Ryans,1,1,False,False,,both,https://en.wikipedia.org/wiki/2022_San_Francisco_49ers_season,team_season_page,False
2022,SF,HC,Kyle Shanahan,1,1,False,False,,both,https://en.wikipedia.org/wiki/2022_San_Francisco_49ers_season,team_season_page,False
2022,SF,OC,Kyle Shanahan,1,1,False,False,de facto,infobox,https://en.wikipedia.org/wiki/2022_San_Francisco_49ers_season,team_season_page,False
2022,TB,HC,Todd Bowles,1,1,False,False,,both,https://en.wikipedia.org/wiki/2022_Tampa_Bay_Buccaneers_season,team_season_page,False
2022,TB,OC,Byron Leftwich,1,1,False,False,,both,https://en.wikipedia.org/wiki/2022_Tampa_Bay_Buccaneers_season,team_season_page,False
2022,TEN,DC,Shane Bowen,1,1,False,False,,staff_section,https://en.wikipedia.org/wiki/2022_Tennessee_Titans_season,team_season_page,False
2022,TEN,HC,Mike Vrabel,1,1,False,False,,both,https://en.wikipedia.org/wiki/2022_Tennessee_Titans_season,team_season_page,False
2022,TEN,OC,Todd Downing,1,1,False,False,,staff_section,https://en.wikipedia.org/wiki/2022_Tennessee_Titans_season,team_season_page,False
2022,WSH,DC,Jack Del Rio,1,1,False,False,,both,https://en.wikipedia.org/wiki/2022_Washington_Commanders_season,team_season_page,False
2022,WSH,HC,Ron Rivera,1,1,False,False,,both,https://en.wikipedia.org/wiki/2022_Washington_Commanders_season,team_season_page,False
2022,WSH,OC,Scott Turner,1,1,False,False,,both,https://en.wikipedia.org/wiki/2022_Washington_Commanders_season,team_season_page,False
2023,ARI,DC,Nick Rallis,1,1,False,False,,staff_section,https://en.wikipedia.org/wiki/2023_Arizona_Cardinals_season,team_season_page,False
2023,ARI,HC,Jonathan Gannon,1,1,False,False,,both,https://en.wikipedia.org/wiki/2023_Arizona_Cardinals_season,team_season_page,False
2023,ARI,OC,Drew Petzing,1,1,False,False,,staff_section,https://en.wikipedia.org/wiki/2023_Arizona_Cardinals_season,team_season_page,False
2023,ATL,DC,Ryan Nielsen,1,1,False,False,,staff_section,https://en.wikipedia.org/wiki/2023_Atlanta_Falcons_season,team_season_page,False
2023,ATL,HC,Arthur Smith,1,1,False,False,,both,https://en.wikipedia.org/wiki/2023_Atlanta_Falcons_season,team_season_page,False
2023,ATL,OC,Dave Ragone,1,1,False,False,,staff_section,https://en.wikipedia.org/wiki/2023_Atlanta_Falcons_season,team_season_page,False
2023,BAL,DC,Mike Macdonald,1,1,False,False,,both,https://en.wikipedia.org/wiki/2023_Baltimore_Ravens_season,team_season_page,False
2023,BAL,HC,John Harbaugh,1,1,False,False,,both,https://en.wikipedia.org/wiki/2023_Baltimore_Ravens_season,team_season_page,False
2023,BAL,OC,Todd Monken,1,1,False,False,,both,https://en.wikipedia.org/wiki/2023_Baltimore_Ravens_season,team_season_page,False
2023,BUF,HC,Sean McDermott,1,1,False,False,,both,https://en.wikipedia.org/wiki/2023_Buffalo_Bills_season,team_season_page,False
2023,BUF,OC,Ken Dorsey,1,2,False,False,fired after Week 10,both,https://en.wikipedia.org/wiki/2023_Buffalo_Bills_season,team_season_page,False
2023,BUF,OC,Joe Brady,2,2,False,True,interim,both,https://en.wikipedia.org/wiki/2023_Buffalo_Bills_season,team_season_page,False
2023,CAR,DC,Ejiro Evero,1,1,False,False,,staff_section,https://en.wikipedia.org/wiki/2023_Carolina_Panthers_season,team_season_page,False
2023,CAR,HC,Frank Reich,1,2,False,False,fired November 27; 1–10 record | fired on November 27,both,https://en.wikipedia.org/wiki/2023_Carolina_Panthers_season,team_season_page,False
2023,CAR,HC,Chris Tabor,2,2,False,True,interim; 1–5 record,both,https://en.wikipedia.org/wiki/2023_Carolina_Panthers_season,team_season_page,False
2023,CAR,OC,Thomas Brown,1,1,False,False,,staff_section,https://en.wikipedia.org/wiki/2023_Carolina_Panthers_season,team_season_page,False
2023,CHI,DC,Alan Williams,1,1,False,False,resigned on September 20,staff_section,https://en.wikipedia.org/wiki/2023_Chicago_Bears_season,team_season_page,False
2023,CHI,HC,Matt Eberflus,1,1,False,False,,both,https://en.wikipedia.org/wiki/2023_Chicago_Bears_season,team_season_page,False
2023,CHI,OC,Luke Getsy,1,1,False,False,,staff_section,https://en.wikipedia.org/wiki/2023_Chicago_Bears_season,team_season_page,False
2023,CIN,DC,Lou Anarumo,1,1,False,False,,staff_section,https://en.wikipedia.org/wiki/2023_Cincinnati_Bengals_season,team_season_page,False
2023,CIN,HC,Zac Taylor,1,1,False,False,,both,https://en.wikipedia.org/wiki/2023_Cincinnati_Bengals_season,team_season_page,False
2023,CIN,OC,Brian Callahan,1,1,False,False,,staff_section,https://en.wikipedia.org/wiki/2023_Cincinnati_Bengals_season,team_season_page,False
2023,CLE,DC,Jim Schwartz,1,1,False,False,,both,https://en.wikipedia.org/wiki/2023_Cleveland_Browns_season,team_season_page,False
2023,CLE,HC,Kevin Stefanski,1,1,False,False,,both,https://en.wikipedia.org/wiki/2023_Cleveland_Browns_season,team_season_page,False
2023,CLE,OC,Alex Van Pelt,1,1,False,False,,both,https://en.wikipedia.org/wiki/2023_Cleveland_Browns_season,team_season_page,False
2023,DAL,DC,Dan Quinn,1,1,False,False,,both,https://en.wikipedia.org/wiki/2023_Dallas_Cowboys_season,team_season_page,False
2023,DAL,HC,Mike McCarthy,1,1,False,False,,both,https://en.wikipedia.org/wiki/2023_Dallas_Cowboys_season,team_season_page,False
2023,DAL,OC,Brian Schottenheimer,1,1,False,False,,both,https://en.wikipedia.org/wiki/2023_Dallas_Cowboys_season,team_season_page,False
2023,DEN,DC,Vance Joseph,1,1,False,False,,both,https://en.wikipedia.org/wiki/2023_Denver_Broncos_season,team_season_page,False
2023,DEN,HC,Sean Payton,1,1,False,False,,both,https://en.wikipedia.org/wiki/2023_Denver_Broncos_season,team_season_page,False
2023,DEN,OC,Joe Lombardi,1,1,False,False,,both,https://en.wikipedia.org/wiki/2023_Denver_Broncos_season,team_season_page,False
2023,DET,DC,Aaron Glenn,1,1,False,False,,both,https://en.wikipedia.org/wiki/2023_Detroit_Lions_season,team_season_page,False
2023,DET,HC,Dan Campbell,1,1,False,False,,both,https://en.wikipedia.org/wiki/2023_Detroit_Lions_season,team_season_page,False
2023,DET,OC,Ben Johnson,1,1,False,False,,both,https://en.wikipedia.org/wiki/2023_Detroit_Lions_season,team_season_page,False
2023,GB,DC,Joe Barry,1,1,False,False,,both,https://en.wikipedia.org/wiki/2023_Green_Bay_Packers_season,team_season_page,False
2023,GB,HC,Matt LaFleur,1,1,False,False,,both,https://en.wikipedia.org/wiki/2023_Green_Bay_Packers_season,team_season_page,False
2023,GB,OC,Adam Stenavich,1,1,False,False,,both,https://en.wikipedia.org/wiki/2023_Green_Bay_Packers_season,team_season_page,False
2023,HOU,DC,Matt Burke,1,1,False,False,,both,https://en.wikipedia.org/wiki/2023_Houston_Texans_season,team_season_page,False
2023,HOU,HC,DeMeco Ryans,1,1,False,False,,both,https://en.wikipedia.org/wiki/2023_Houston_Texans_season,team_season_page,False
2023,HOU,OC,Bobby Slowik,1,1,False,False,,both,https://en.wikipedia.org/wiki/2023_Houston_Texans_season,team_season_page,False
2023,IND,DC,Gus Bradley,1,1,False,False,,staff_section,https://en.wikipedia.org/wiki/2023_Indianapolis_Colts_season,team_season_page,False
2023,IND,HC,Shane Steichen,1,1,False,False,,both,https://en.wikipedia.org/wiki/2023_Indianapolis_Colts_season,team_season_page,False
2023,IND,OC,Jim Bob Cooter,1,1,False,False,,staff_section,https://en.wikipedia.org/wiki/2023_Indianapolis_Colts_season,team_season_page,False
2023,JAX,DC,Mike Caldwell,1,1,False,False,,both,https://en.wikipedia.org/wiki/2023_Jacksonville_Jaguars_season,team_season_page,False
2023,JAX,HC,Doug Pederson,1,1,False,False,,both,https://en.wikipedia.org/wiki/2023_Jacksonville_Jaguars_season,team_season_page,False
2023,JAX,OC,Press Taylor,1,1,False,False,,both,https://en.wikipedia.org/wiki/2023_Jacksonville_Jaguars_season,team_season_page,False
2023,KC,DC,Steve Spagnuolo,1,1,False,False,,both,https://en.wikipedia.org/wiki/2023_Kansas_City_Chiefs_season,team_season_page,False
2023,KC,HC,Andy Reid,1,1,False,False,,both,https://en.wikipedia.org/wiki/2023_Kansas_City_Chiefs_season,team_season_page,False
2023,KC,OC,Matt Nagy,1,1,False,False,,both,https://en.wikipedia.org/wiki/2023_Kansas_City_Chiefs_season,team_season_page,False
2023,LAC,DC,Derrick Ansley,1,1,False,False,,staff_section,https://en.wikipedia.org/wiki/2023_Los_Angeles_Chargers_season,team_season_page,False
2023,LAC,HC,Brandon Staley,1,2,False,False,"fired December 15, 5–9 record | fired on December 15",both,https://en.wikipedia.org/wiki/2023_Los_Angeles_Chargers_season,team_season_page,False
2023,LAC,HC,Giff Smith,2,2,False,True,interim; 0–3 record,both,https://en.wikipedia.org/wiki/2023_Los_Angeles_Chargers_season,team_season_page,False
2023,LAC,OC,Kellen Moore,1,1,False,False,,staff_section,https://en.wikipedia.org/wiki/2023_Los_Angeles_Chargers_season,team_season_page,False
2023,LAR,DC,Raheem Morris,1,1,False,False,,both,https://en.wikipedia.org/wiki/2023_Los_Angeles_Rams_season,team_season_page,False
2023,LAR,HC,Sean McVay,1,1,False,False,,both,https://en.wikipedia.org/wiki/2023_Los_Angeles_Rams_season,team_season_page,False
2023,LAR,OC,Mike LaFleur,1,1,False,False,,both,https://en.wikipedia.org/wiki/2023_Los_Angeles_Rams_season,team_season_page,False
2023,MIA,DC,Vic Fangio,1,1,False,False,,staff_section,https://en.wikipedia.org/wiki/2023_Miami_Dolphins_season,team_season_page,False
2023,MIA,HC,Mike McDaniel,1,1,False,False,,both,https://en.wikipedia.org/wiki/2023_Miami_Dolphins_season,team_season_page,False
2023,MIA,OC,Frank Smith,1,1,False,False,,staff_section,https://en.wikipedia.org/wiki/2023_Miami_Dolphins_season,team_season_page,False
2023,MIN,DC,Brian Flores,1,1,False,False,,staff_section,https://en.wikipedia.org/wiki/2023_Minnesota_Vikings_season,team_season_page,False
2023,MIN,HC,Kevin O'Connell,1,1,False,False,,both,https://en.wikipedia.org/wiki/2023_Minnesota_Vikings_season,team_season_page,False
2023,MIN,OC,Wes Phillips,1,1,False,False,,staff_section,https://en.wikipedia.org/wiki/2023_Minnesota_Vikings_season,team_season_page,False
2023,NE,HC,Bill Belichick,1,1,False,False,,both,https://en.wikipedia.org/wiki/2023_New_England_Patriots_season,team_season_page,False
2023,NE,OC,Bill O'Brien,1,1,False,False,,staff_section,https://en.wikipedia.org/wiki/2023_New_England_Patriots_season,team_season_page,False
2023,NO,DC,Joe Woods,1,1,False,False,,staff_section,https://en.wikipedia.org/wiki/2023_New_Orleans_Saints_season,team_season_page,False
2023,NO,HC,Dennis Allen,1,1,False,False,,both,https://en.wikipedia.org/wiki/2023_New_Orleans_Saints_season,team_season_page,False
2023,NO,OC,Pete Carmichael Jr.,1,1,False,False,,staff_section,https://en.wikipedia.org/wiki/2023_New_Orleans_Saints_season,team_season_page,False
2023,NYG,DC,Don Martindale,1,1,False,False,,staff_section,https://en.wikipedia.org/wiki/2023_New_York_Giants_season,team_season_page,False
2023,NYG,HC,Brian Daboll,1,1,False,False,,both,https://en.wikipedia.org/wiki/2023_New_York_Giants_season,team_season_page,False
2023,NYG,OC,Mike Kafka,1,1,False,False,,staff_section,https://en.wikipedia.org/wiki/2023_New_York_Giants_season,team_season_page,False
2023,NYJ,DC,Jeff Ulbrich,1,1,False,False,,staff_section,https://en.wikipedia.org/wiki/2023_New_York_Jets_season,team_season_page,False
2023,NYJ,HC,Robert Saleh,1,1,False,False,,both,https://en.wikipedia.org/wiki/2023_New_York_Jets_season,team_season_page,False
2023,NYJ,OC,Nathaniel Hackett,1,1,False,False,,staff_section,https://en.wikipedia.org/wiki/2023_New_York_Jets_season,team_season_page,False
2023,OAK,DC,Patrick Graham,1,1,False,False,,staff_section,https://en.wikipedia.org/wiki/2023_Las_Vegas_Raiders_season,team_season_page,False
2023,OAK,HC,Josh McDaniels,1,2,False,False,"fired October 31, 3–5 record | fired on October 31",both,https://en.wikipedia.org/wiki/2023_Las_Vegas_Raiders_season,team_season_page,False
2023,OAK,HC,Antonio Pierce,2,2,False,True,"interim, 5–4 record",both,https://en.wikipedia.org/wiki/2023_Las_Vegas_Raiders_season,team_season_page,False
2023,OAK,OC,Mick Lombardi,1,2,False,False,fired on October 31,staff_section,https://en.wikipedia.org/wiki/2023_Las_Vegas_Raiders_season,team_season_page,False
2023,OAK,OC,Bo Hardegree,2,2,False,False,,staff_section,https://en.wikipedia.org/wiki/2023_Las_Vegas_Raiders_season,team_season_page,False
2023,PHI,DC,Sean Desai,1,1,False,False,,both,https://en.wikipedia.org/wiki/2023_Philadelphia_Eagles_season,team_season_page,False
2023,PHI,HC,Nick Sirianni,1,1,False,False,,both,https://en.wikipedia.org/wiki/2023_Philadelphia_Eagles_season,team_season_page,False
2023,PHI,OC,Brian Johnson,1,1,False,False,,both,https://en.wikipedia.org/wiki/2023_Philadelphia_Eagles_season,team_season_page,False
2023,PIT,DC,Teryl Austin,1,1,False,False,,both,https://en.wikipedia.org/wiki/2023_Pittsburgh_Steelers_season,team_season_page,False
2023,PIT,HC,Mike Tomlin,1,1,False,False,,both,https://en.wikipedia.org/wiki/2023_Pittsburgh_Steelers_season,team_season_page,False
2023,PIT,OC,Matt Canada,1,2,False,False,fired after Week 11,both,https://en.wikipedia.org/wiki/2023_Pittsburgh_Steelers_season,team_season_page,False
2023,PIT,OC,Eddie Faulkner,2,2,False,False,,staff_section,https://en.wikipedia.org/wiki/2023_Pittsburgh_Steelers_season,team_season_page,False
2023,SEA,DC,Clint Hurtt,1,1,False,False,,staff_section,https://en.wikipedia.org/wiki/2023_Seattle_Seahawks_season,team_season_page,False
2023,SEA,HC,Pete Carroll,1,1,False,False,,both,https://en.wikipedia.org/wiki/2023_Seattle_Seahawks_season,team_season_page,False
2023,SEA,OC,Shane Waldron,1,1,False,False,,staff_section,https://en.wikipedia.org/wiki/2023_Seattle_Seahawks_season,team_season_page,False
2023,SF,DC,Steve Wilks,1,1,False,False,,both,https://en.wikipedia.org/wiki/2023_San_Francisco_49ers_season,team_season_page,False
2023,SF,HC,Kyle Shanahan,1,1,False,False,,both,https://en.wikipedia.org/wiki/2023_San_Francisco_49ers_season,team_season_page,False
2023,SF,OC,Kyle Shanahan,1,1,False,False,de facto,infobox,https://en.wikipedia.org/wiki/2023_San_Francisco_49ers_season,team_season_page,False
2023,TB,HC,Todd Bowles,1,1,False,False,,both,https://en.wikipedia.org/wiki/2023_Tampa_Bay_Buccaneers_season,team_season_page,False
2023,TB,OC,Dave Canales,1,1,False,False,,both,https://en.wikipedia.org/wiki/2023_Tampa_Bay_Buccaneers_season,team_season_page,False
2023,TEN,DC,Shane Bowen,1,1,False,False,,staff_section,https://en.wikipedia.org/wiki/2023_Tennessee_Titans_season,team_season_page,False
2023,TEN,HC,Mike Vrabel,1,1,False,False,,both,https://en.wikipedia.org/wiki/2023_Tennessee_Titans_season,team_season_page,False
2023,TEN,OC,Tim Kelly,1,1,False,False,,staff_section,https://en.wikipedia.org/wiki/2023_Tennessee_Titans_season,team_season_page,False
2023,WSH,DC,Jack Del Rio,1,2,False,False,fired,infobox,https://en.wikipedia.org/wiki/2023_Washington_Commanders_season,team_season_page,False
2023,WSH,DC,Ron Rivera,2,2,False,True,interim,both,https://en.wikipedia.org/wiki/2023_Washington_Commanders_season,team_season_page,False
2023,WSH,HC,Ron Rivera,1,1,False,False,,both,https://en.wikipedia.org/wiki/2023_Washington_Commanders_season,team_season_page,False
2023,WSH,OC,Eric Bieniemy,1,1,False,False,,both,https://en.wikipedia.org/wiki/2023_Washington_Commanders_season,team_season_page,False
2024,ARI,DC,Nick Rallis,1,1,False,False,,staff_section,https://en.wikipedia.org/wiki/2024_Arizona_Cardinals_season,team_season_page,False
2024,ARI,HC,Jonathan Gannon,1,1,False,False,,both,https://en.wikipedia.org/wiki/2024_Arizona_Cardinals_season,team_season_page,False
2024,ARI,OC,Drew Petzing,1,1,False,False,,staff_section,https://en.wikipedia.org/wiki/2024_Arizona_Cardinals_season,team_season_page,False
2024,ATL,DC,Jimmy Lake,1,1,False,False,,staff_section,https://en.wikipedia.org/wiki/2024_Atlanta_Falcons_season,team_season_page,False
2024,ATL,HC,Raheem Morris,1,1,False,False,,both,https://en.wikipedia.org/wiki/2024_Atlanta_Falcons_season,team_season_page,False
2024,ATL,OC,Zac Robinson,1,1,False,False,,staff_section,https://en.wikipedia.org/wiki/2024_Atlanta_Falcons_season,team_season_page,False
2024,BAL,DC,Zach Orr,1,1,False,False,,both,https://en.wikipedia.org/wiki/2024_Baltimore_Ravens_season,team_season_page,False
2024,BAL,HC,John Harbaugh,1,1,False,False,,both,https://en.wikipedia.org/wiki/2024_Baltimore_Ravens_season,team_season_page,False
2024,BAL,OC,Todd Monken,1,1,False,False,,both,https://en.wikipedia.org/wiki/2024_Baltimore_Ravens_season,team_season_page,False
2024,BUF,DC,Bobby Babich,1,1,False,False,,both,https://en.wikipedia.org/wiki/2024_Buffalo_Bills_season,team_season_page,False
2024,BUF,HC,Sean McDermott,1,1,False,False,,both,https://en.wikipedia.org/wiki/2024_Buffalo_Bills_season,team_season_page,False
2024,BUF,OC,Joe Brady,1,1,False,False,,both,https://en.wikipedia.org/wiki/2024_Buffalo_Bills_season,team_season_page,False
2024,CAR,DC,Ejiro Evero,1,1,False,False,,staff_section,https://en.wikipedia.org/wiki/2024_Carolina_Panthers_season,team_season_page,False
2024,CAR,HC,Dave Canales,1,1,False,False,,both,https://en.wikipedia.org/wiki/2024_Carolina_Panthers_season,team_season_page,False
2024,CAR,OC,Brad Idzik,1,1,False,False,,staff_section,https://en.wikipedia.org/wiki/2024_Carolina_Panthers_season,team_season_page,False
2024,CHI,DC,Eric Washington,1,1,False,False,,staff_section,https://en.wikipedia.org/wiki/2024_Chicago_Bears_season,team_season_page,False
2024,CHI,HC,Matt Eberflus,1,2,False,False,"fired November 29, 4–8 record | fired on November 29",both,https://en.wikipedia.org/wiki/2024_Chicago_Bears_season,team_season_page,False
2024,CHI,HC,Thomas Brown,2,2,False,True,"interim, 1–4 record",both,https://en.wikipedia.org/wiki/2024_Chicago_Bears_season,team_season_page,False
2024,CHI,OC,Shane Waldron,1,2,False,False,fired on November 10,staff_section,https://en.wikipedia.org/wiki/2024_Chicago_Bears_season,team_season_page,False
2024,CHI,OC,Chris Beatty,2,2,False,False,,staff_section,https://en.wikipedia.org/wiki/2024_Chicago_Bears_season,team_season_page,False
2024,CIN,DC,Lou Anarumo,1,1,False,False,,staff_section,https://en.wikipedia.org/wiki/2024_Cincinnati_Bengals_season,team_season_page,False
2024,CIN,HC,Zac Taylor,1,1,False,False,,both,https://en.wikipedia.org/wiki/2024_Cincinnati_Bengals_season,team_season_page,False
2024,CIN,OC,Dan Pitcher,1,1,False,False,,staff_section,https://en.wikipedia.org/wiki/2024_Cincinnati_Bengals_season,team_season_page,False
2024,CLE,DC,Jim Schwartz,1,1,False,False,,staff_section,https://en.wikipedia.org/wiki/2024_Cleveland_Browns_season,team_season_page,False
2024,CLE,HC,Kevin Stefanski,1,1,False,False,,both,https://en.wikipedia.org/wiki/2024_Cleveland_Browns_season,team_season_page,False
2024,CLE,OC,Ken Dorsey,1,1,False,False,,staff_section,https://en.wikipedia.org/wiki/2024_Cleveland_Browns_season,team_season_page,False
2024,DAL,DC,Mike Zimmer,1,1,False,False,,staff_section,https://en.wikipedia.org/wiki/2024_Dallas_Cowboys_season,team_season_page,False
2024,DAL,HC,Mike McCarthy,1,1,False,False,,both,https://en.wikipedia.org/wiki/2024_Dallas_Cowboys_season,team_season_page,False
2024,DAL,OC,Brian Schottenheimer,1,1,False,False,,staff_section,https://en.wikipedia.org/wiki/2024_Dallas_Cowboys_season,team_season_page,False
2024,DEN,DC,Vance Joseph,1,1,False,False,,both,https://en.wikipedia.org/wiki/2024_Denver_Broncos_season,team_season_page,False
2024,DEN,HC,Sean Payton,1,1,False,False,,both,https://en.wikipedia.org/wiki/2024_Denver_Broncos_season,team_season_page,False
2024,DEN,OC,Joe Lombardi,1,1,False,False,,both,https://en.wikipedia.org/wiki/2024_Denver_Broncos_season,team_season_page,False
2024,DET,DC,Aaron Glenn,1,1,False,False,,staff_section,https://en.wikipedia.org/wiki/2024_Detroit_Lions_season,team_season_page,False
2024,DET,HC,Dan Campbell,1,1,False,False,,both,https://en.wikipedia.org/wiki/2024_Detroit_Lions_season,team_season_page,False
2024,DET,OC,Ben Johnson,1,1,False,False,,staff_section,https://en.wikipedia.org/wiki/2024_Detroit_Lions_season,team_season_page,False
2024,GB,DC,Jeff Hafley,1,1,False,False,,both,https://en.wikipedia.org/wiki/2024_Green_Bay_Packers_season,team_season_page,False
2024,GB,HC,Matt LaFleur,1,1,False,False,,both,https://en.wikipedia.org/wiki/2024_Green_Bay_Packers_season,team_season_page,False
2024,GB,OC,Adam Stenavich,1,1,False,False,,both,https://en.wikipedia.org/wiki/2024_Green_Bay_Packers_season,team_season_page,False
2024,HOU,DC,Matt Burke,1,1,False,False,,both,https://en.wikipedia.org/wiki/2024_Houston_Texans_season,team_season_page,False
2024,HOU,HC,DeMeco Ryans,1,1,False,False,,both,https://en.wikipedia.org/wiki/2024_Houston_Texans_season,team_season_page,False
2024,HOU,OC,Bobby Slowik,1,1,False,False,,both,https://en.wikipedia.org/wiki/2024_Houston_Texans_season,team_season_page,False
2024,IND,DC,Gus Bradley,1,1,False,False,,staff_section,https://en.wikipedia.org/wiki/2024_Indianapolis_Colts_season,team_season_page,False
2024,IND,HC,Shane Steichen,1,1,False,False,,both,https://en.wikipedia.org/wiki/2024_Indianapolis_Colts_season,team_season_page,False
2024,IND,OC,Jim Bob Cooter,1,1,False,False,,staff_section,https://en.wikipedia.org/wiki/2024_Indianapolis_Colts_season,team_season_page,False
2024,JAX,DC,Ryan Nielsen,1,1,False,False,,both,https://en.wikipedia.org/wiki/2024_Jacksonville_Jaguars_season,team_season_page,False
2024,JAX,HC,Doug Pederson,1,1,False,False,,both,https://en.wikipedia.org/wiki/2024_Jacksonville_Jaguars_season,team_season_page,False
2024,JAX,OC,Press Taylor,1,1,False,False,,both,https://en.wikipedia.org/wiki/2024_Jacksonville_Jaguars_season,team_season_page,False
2024,KC,DC,Steve Spagnuolo,1,1,False,False,,both,https://en.wikipedia.org/wiki/2024_Kansas_City_Chiefs_season,team_season_page,False
2024,KC,HC,Andy Reid,1,1,False,False,,both,https://en.wikipedia.org/wiki/2024_Kansas_City_Chiefs_season,team_season_page,False
2024,KC,OC,Matt Nagy,1,1,False,False,,both,https://en.wikipedia.org/wiki/2024_Kansas_City_Chiefs_season,team_season_page,False
2024,LAC,DC,Jesse Minter,1,1,False,False,,both,https://en.wikipedia.org/wiki/2024_Los_Angeles_Chargers_season,team_season_page,False
2024,LAC,HC,Jim Harbaugh,1,1,False,False,,both,https://en.wikipedia.org/wiki/2024_Los_Angeles_Chargers_season,team_season_page,False
2024,LAC,OC,Greg Roman,1,1,False,False,,both,https://en.wikipedia.org/wiki/2024_Los_Angeles_Chargers_season,team_season_page,False
2024,LAR,DC,Chris Shula,1,1,False,False,,both,https://en.wikipedia.org/wiki/2024_Los_Angeles_Rams_season,team_season_page,False
2024,LAR,HC,Sean McVay,1,1,False,False,,both,https://en.wikipedia.org/wiki/2024_Los_Angeles_Rams_season,team_season_page,False
2024,LAR,OC,Mike LaFleur,1,1,False,False,,both,https://en.wikipedia.org/wiki/2024_Los_Angeles_Rams_season,team_season_page,False
2024,MIA,DC,Anthony Weaver,1,1,False,False,,staff_section,https://en.wikipedia.org/wiki/2024_Miami_Dolphins_season,team_season_page,False
2024,MIA,HC,Mike McDaniel,1,1,False,False,,both,https://en.wikipedia.org/wiki/2024_Miami_Dolphins_season,team_season_page,False
2024,MIA,OC,Frank Smith,1,1,False,False,,staff_section,https://en.wikipedia.org/wiki/2024_Miami_Dolphins_season,team_season_page,False
2024,MIN,DC,Brian Flores,1,1,False,False,,both,https://en.wikipedia.org/wiki/2024_Minnesota_Vikings_season,team_season_page,False
2024,MIN,HC,Kevin O'Connell,1,1,False,False,,both,https://en.wikipedia.org/wiki/2024_Minnesota_Vikings_season,team_season_page,False
2024,MIN,OC,Wes Phillips,1,1,False,False,,both,https://en.wikipedia.org/wiki/2024_Minnesota_Vikings_season,team_season_page,False
2024,NE,DC,DeMarcus Covington,1,1,False,False,,staff_section,https://en.wikipedia.org/wiki/2024_New_England_Patriots_season,team_season_page,False
2024,NE,HC,Jerod Mayo,1,1,False,False,,both,https://en.wikipedia.org/wiki/2024_New_England_Patriots_season,team_season_page,False
2024,NE,OC,Alex Van Pelt,1,1,False,False,,staff_section,https://en.wikipedia.org/wiki/2024_New_England_Patriots_season,team_season_page,False
2024,NO,DC,Joe Woods,1,1,False,False,,both,https://en.wikipedia.org/wiki/2024_New_Orleans_Saints_season,team_season_page,False
2024,NO,HC,Dennis Allen,1,2,False,False,"fired November 4, 2–7 record | fired on November 4",both,https://en.wikipedia.org/wiki/2024_New_Orleans_Saints_season,team_season_page,False
2024,NO,HC,Darren Rizzi,2,2,False,True,"interim, 3–5 record",both,https://en.wikipedia.org/wiki/2024_New_Orleans_Saints_season,team_season_page,False
2024,NO,OC,Klint Kubiak,1,1,False,False,,both,https://en.wikipedia.org/wiki/2024_New_Orleans_Saints_season,team_season_page,False
2024,NYG,DC,Shane Bowen,1,1,False,False,,staff_section,https://en.wikipedia.org/wiki/2024_New_York_Giants_season,team_season_page,False
2024,NYG,HC,Brian Daboll,1,1,False,False,,both,https://en.wikipedia.org/wiki/2024_New_York_Giants_season,team_season_page,False
2024,NYG,OC,Mike Kafka,1,1,False,False,,staff_section,https://en.wikipedia.org/wiki/2024_New_York_Giants_season,team_season_page,False
2024,NYJ,DC,Marquand Manuel,1,1,False,False,,staff_section,https://en.wikipedia.org/wiki/2024_New_York_Jets_season,team_season_page,False
2024,NYJ,HC,Robert Saleh,1,2,False,False,"fired October 8, 2–3 record | fired on October 8",both,https://en.wikipedia.org/wiki/2024_New_York_Jets_season,team_season_page,False
2024,NYJ,HC,Jeff Ulbrich,2,2,False,True,"interim, 3–9 record",both,https://en.wikipedia.org/wiki/2024_New_York_Jets_season,team_season_page,False
2024,NYJ,OC,Nathaniel Hackett,1,1,False,False,,staff_section,https://en.wikipedia.org/wiki/2024_New_York_Jets_season,team_season_page,False
2024,OAK,DC,Patrick Graham,1,1,False,False,,staff_section,https://en.wikipedia.org/wiki/2024_Las_Vegas_Raiders_season,team_season_page,False
2024,OAK,HC,Antonio Pierce,1,1,False,False,,both,https://en.wikipedia.org/wiki/2024_Las_Vegas_Raiders_season,team_season_page,False
2024,OAK,OC,Luke Getsy,1,2,False,False,fired on November 5,staff_section,https://en.wikipedia.org/wiki/2024_Las_Vegas_Raiders_season,team_season_page,False
2024,OAK,OC,Scott Turner,2,2,False,False,,staff_section,https://en.wikipedia.org/wiki/2024_Las_Vegas_Raiders_season,team_season_page,False
2024,PHI,DC,Vic Fangio,1,1,False,False,,both,https://en.wikipedia.org/wiki/2024_Philadelphia_Eagles_season,team_season_page,False
2024,PHI,HC,Nick Sirianni,1,1,False,False,,both,https://en.wikipedia.org/wiki/2024_Philadelphia_Eagles_season,team_season_page,False
2024,PHI,OC,Kellen Moore,1,1,False,False,,both,https://en.wikipedia.org/wiki/2024_Philadelphia_Eagles_season,team_season_page,False
2024,PIT,DC,Teryl Austin,1,1,False,False,,both,https://en.wikipedia.org/wiki/2024_Pittsburgh_Steelers_season,team_season_page,False
2024,PIT,HC,Mike Tomlin,1,1,False,False,,both,https://en.wikipedia.org/wiki/2024_Pittsburgh_Steelers_season,team_season_page,False
2024,PIT,OC,Arthur Smith,1,1,False,False,,both,https://en.wikipedia.org/wiki/2024_Pittsburgh_Steelers_season,team_season_page,False
2024,SEA,DC,Aden Durde,1,1,False,False,,staff_section,https://en.wikipedia.org/wiki/2024_Seattle_Seahawks_season,team_season_page,False
2024,SEA,HC,Mike Macdonald,1,1,False,False,,both,https://en.wikipedia.org/wiki/2024_Seattle_Seahawks_season,team_season_page,False
2024,SEA,OC,Ryan Grubb,1,1,False,False,,staff_section,https://en.wikipedia.org/wiki/2024_Seattle_Seahawks_season,team_season_page,False
2024,SF,DC,Nick Sorensen,1,1,False,False,,both,https://en.wikipedia.org/wiki/2024_San_Francisco_49ers_season,team_season_page,False
2024,SF,HC,Kyle Shanahan,1,1,False,False,,both,https://en.wikipedia.org/wiki/2024_San_Francisco_49ers_season,team_season_page,False
2024,SF,OC,Kyle Shanahan,1,1,False,False,de facto,infobox,https://en.wikipedia.org/wiki/2024_San_Francisco_49ers_season,team_season_page,False
2024,TB,HC,Todd Bowles,1,1,False,False,,both,https://en.wikipedia.org/wiki/2024_Tampa_Bay_Buccaneers_season,team_season_page,False
2024,TB,OC,Liam Coen,1,1,False,False,,both,https://en.wikipedia.org/wiki/2024_Tampa_Bay_Buccaneers_season,team_season_page,False
2024,TEN,DC,Dennard Wilson,1,1,False,False,,staff_section,https://en.wikipedia.org/wiki/2024_Tennessee_Titans_season,team_season_page,False
2024,TEN,HC,Brian Callahan,1,1,False,False,,both,https://en.wikipedia.org/wiki/2024_Tennessee_Titans_season,team_season_page,False
2024,TEN,OC,Nick Holz,1,1,False,False,,staff_section,https://en.wikipedia.org/wiki/2024_Tennessee_Titans_season,team_season_page,False
2024,WSH,DC,Joe Whitt Jr.,1,1,False,False,,infobox,https://en.wikipedia.org/wiki/2024_Washington_Commanders_season,team_season_page,False
2024,WSH,HC,Dan Quinn,1,1,False,False,,infobox,https://en.wikipedia.org/wiki/2024_Washington_Commanders_season,team_season_page,False
2024,WSH,OC,Kliff Kingsbury,1,1,False,False,,infobox,https://en.wikipedia.org/wiki/2024_Washington_Commanders_season,team_season_page,False
2025,ARI,DC,Nick Rallis,1,1,False,False,,staff_section,https://en.wikipedia.org/wiki/2025_Arizona_Cardinals_season,team_season_page,False
2025,ARI,HC,Jonathan Gannon,1,1,False,False,,both,https://en.wikipedia.org/wiki/2025_Arizona_Cardinals_season,team_season_page,False
2025,ARI,OC,Drew Petzing,1,1,False,False,,staff_section,https://en.wikipedia.org/wiki/2025_Arizona_Cardinals_season,team_season_page,False
2025,ATL,DC,Jeff Ulbrich,1,1,False,False,,staff_section,https://en.wikipedia.org/wiki/2025_Atlanta_Falcons_season,team_season_page,False
2025,ATL,HC,Raheem Morris,1,1,False,False,,both,https://en.wikipedia.org/wiki/2025_Atlanta_Falcons_season,team_season_page,False
2025,ATL,OC,Zac Robinson,1,1,False,False,,staff_section,https://en.wikipedia.org/wiki/2025_Atlanta_Falcons_season,team_season_page,False
2025,BAL,DC,Zach Orr,1,1,False,False,,both,https://en.wikipedia.org/wiki/2025_Baltimore_Ravens_season,team_season_page,False
2025,BAL,HC,John Harbaugh,1,1,False,False,,both,https://en.wikipedia.org/wiki/2025_Baltimore_Ravens_season,team_season_page,False
2025,BAL,OC,Todd Monken,1,1,False,False,,both,https://en.wikipedia.org/wiki/2025_Baltimore_Ravens_season,team_season_page,False
2025,BUF,DC,Bobby Babich,1,1,False,False,,staff_section,https://en.wikipedia.org/wiki/2025_Buffalo_Bills_season,team_season_page,False
2025,BUF,HC,Sean McDermott,1,1,False,False,,both,https://en.wikipedia.org/wiki/2025_Buffalo_Bills_season,team_season_page,False
2025,BUF,OC,Joe Brady,1,1,False,False,,staff_section,https://en.wikipedia.org/wiki/2025_Buffalo_Bills_season,team_season_page,False
2025,CAR,DC,Ejiro Evero,1,1,False,False,,both,https://en.wikipedia.org/wiki/2025_Carolina_Panthers_season,team_season_page,False
2025,CAR,HC,Dave Canales,1,1,False,False,,both,https://en.wikipedia.org/wiki/2025_Carolina_Panthers_season,team_season_page,False
2025,CAR,OC,Brad Idzik,1,1,False,False,,both,https://en.wikipedia.org/wiki/2025_Carolina_Panthers_season,team_season_page,False
2025,CHI,DC,Dennis Allen,1,1,False,False,,staff_section,https://en.wikipedia.org/wiki/2025_Chicago_Bears_season,team_season_page,False
2025,CHI,HC,Ben Johnson,1,1,False,False,,both,https://en.wikipedia.org/wiki/2025_Chicago_Bears_season,team_season_page,False
2025,CHI,OC,Declan Doyle,1,1,False,False,,staff_section,https://en.wikipedia.org/wiki/2025_Chicago_Bears_season,team_season_page,False
2025,CIN,DC,Al Golden,1,1,False,False,,staff_section,https://en.wikipedia.org/wiki/2025_Cincinnati_Bengals_season,team_season_page,False
2025,CIN,HC,Zac Taylor,1,1,False,False,,both,https://en.wikipedia.org/wiki/2025_Cincinnati_Bengals_season,team_season_page,False
2025,CIN,OC,Dan Pitcher,1,1,False,False,,staff_section,https://en.wikipedia.org/wiki/2025_Cincinnati_Bengals_season,team_season_page,False
2025,CLE,DC,Jim Schwartz,1,1,False,False,,staff_section,https://en.wikipedia.org/wiki/2025_Cleveland_Browns_season,team_season_page,False
2025,CLE,HC,Kevin Stefanski,1,1,False,False,,both,https://en.wikipedia.org/wiki/2025_Cleveland_Browns_season,team_season_page,False
2025,CLE,OC,Tommy Rees,1,1,False,False,,staff_section,https://en.wikipedia.org/wiki/2025_Cleveland_Browns_season,team_season_page,False
2025,DAL,DC,Matt Eberflus,1,1,False,False,,staff_section,https://en.wikipedia.org/wiki/2025_Dallas_Cowboys_season,team_season_page,False
2025,DAL,HC,Brian Schottenheimer,1,1,False,False,,both,https://en.wikipedia.org/wiki/2025_Dallas_Cowboys_season,team_season_page,False
2025,DAL,OC,Klayton Adams,1,1,False,False,,staff_section,https://en.wikipedia.org/wiki/2025_Dallas_Cowboys_season,team_season_page,False
2025,DEN,DC,Vance Joseph,1,1,False,False,,both,https://en.wikipedia.org/wiki/2025_Denver_Broncos_season,team_season_page,False
2025,DEN,HC,Sean Payton,1,1,False,False,,both,https://en.wikipedia.org/wiki/2025_Denver_Broncos_season,team_season_page,False
2025,DEN,OC,Joe Lombardi,1,1,False,False,,both,https://en.wikipedia.org/wiki/2025_Denver_Broncos_season,team_season_page,False
2025,DET,DC,Kelvin Sheppard,1,1,False,False,,staff_section,https://en.wikipedia.org/wiki/2025_Detroit_Lions_season,team_season_page,False
2025,DET,HC,Dan Campbell,1,1,False,False,,both,https://en.wikipedia.org/wiki/2025_Detroit_Lions_season,team_season_page,False
2025,DET,OC,John Morton,1,1,False,False,,staff_section,https://en.wikipedia.org/wiki/2025_Detroit_Lions_season,team_season_page,False
2025,GB,DC,Jeff Hafley,1,1,False,False,,staff_section,https://en.wikipedia.org/wiki/2025_Green_Bay_Packers_season,team_season_page,False
2025,GB,HC,Matt LaFleur,1,1,False,False,,both,https://en.wikipedia.org/wiki/2025_Green_Bay_Packers_season,team_season_page,False
2025,GB,OC,Adam Stenavich,1,1,False,False,,staff_section,https://en.wikipedia.org/wiki/2025_Green_Bay_Packers_season,team_season_page,False
2025,HOU,DC,Matt Burke,1,1,False,False,,both,https://en.wikipedia.org/wiki/2025_Houston_Texans_season,team_season_page,False
2025,HOU,HC,DeMeco Ryans,1,1,False,False,,both,https://en.wikipedia.org/wiki/2025_Houston_Texans_season,team_season_page,False
2025,HOU,OC,Nick Caley,1,1,False,False,,both,https://en.wikipedia.org/wiki/2025_Houston_Texans_season,team_season_page,False
2025,IND,DC,Lou Anarumo,1,1,False,False,,staff_section,https://en.wikipedia.org/wiki/2025_Indianapolis_Colts_season,team_season_page,False
2025,IND,HC,Shane Steichen,1,1,False,False,,both,https://en.wikipedia.org/wiki/2025_Indianapolis_Colts_season,team_season_page,False
2025,IND,OC,Jim Bob Cooter,1,1,False,False,,staff_section,https://en.wikipedia.org/wiki/2025_Indianapolis_Colts_season,team_season_page,False
2025,JAX,DC,Anthony Campanile,1,1,False,False,,both,https://en.wikipedia.org/wiki/2025_Jacksonville_Jaguars_season,team_season_page,False
2025,JAX,HC,Liam Coen,1,1,False,False,,both,https://en.wikipedia.org/wiki/2025_Jacksonville_Jaguars_season,team_season_page,False
2025,JAX,OC,Grant Udinski,1,1,False,False,,both,https://en.wikipedia.org/wiki/2025_Jacksonville_Jaguars_season,team_season_page,False
2025,KC,DC,Steve Spagnuolo,1,1,False,False,,staff_section,https://en.wikipedia.org/wiki/2025_Kansas_City_Chiefs_season,team_season_page,False
2025,KC,HC,Andy Reid,1,1,False,False,,both,https://en.wikipedia.org/wiki/2025_Kansas_City_Chiefs_season,team_season_page,False
2025,KC,OC,Matt Nagy,1,1,False,False,,staff_section,https://en.wikipedia.org/wiki/2025_Kansas_City_Chiefs_season,team_season_page,False
2025,LAC,DC,Jesse Minter,1,1,False,False,,staff_section,https://en.wikipedia.org/wiki/2025_Los_Angeles_Chargers_season,team_season_page,False
2025,LAC,HC,Jim Harbaugh,1,1,False,False,,both,https://en.wikipedia.org/wiki/2025_Los_Angeles_Chargers_season,team_season_page,False
2025,LAC,OC,Greg Roman,1,1,False,False,,staff_section,https://en.wikipedia.org/wiki/2025_Los_Angeles_Chargers_season,team_season_page,False
2025,LAR,DC,Chris Shula,1,1,False,False,,both,https://en.wikipedia.org/wiki/2025_Los_Angeles_Rams_season,team_season_page,False
2025,LAR,HC,Sean McVay,1,1,False,False,,both,https://en.wikipedia.org/wiki/2025_Los_Angeles_Rams_season,team_season_page,False
2025,LAR,OC,Mike LaFleur,1,1,False,False,,both,https://en.wikipedia.org/wiki/2025_Los_Angeles_Rams_season,team_season_page,False
2025,MIA,DC,Anthony Weaver,1,1,False,False,,staff_section,https://en.wikipedia.org/wiki/2025_Miami_Dolphins_season,team_season_page,False
2025,MIA,HC,Mike McDaniel,1,1,False,False,,both,https://en.wikipedia.org/wiki/2025_Miami_Dolphins_season,team_season_page,False
2025,MIA,OC,Frank Smith,1,1,False,False,,staff_section,https://en.wikipedia.org/wiki/2025_Miami_Dolphins_season,team_season_page,False
2025,MIN,DC,Brian Flores,1,1,False,False,,staff_section,https://en.wikipedia.org/wiki/2025_Minnesota_Vikings_season,team_season_page,False
2025,MIN,HC,Kevin O'Connell,1,1,False,False,,both,https://en.wikipedia.org/wiki/2025_Minnesota_Vikings_season,team_season_page,False
2025,MIN,OC,Wes Phillips,1,1,False,False,,staff_section,https://en.wikipedia.org/wiki/2025_Minnesota_Vikings_season,team_season_page,False
2025,NE,DC,Terrell Williams,1,1,False,False,,both,https://en.wikipedia.org/wiki/2025_New_England_Patriots_season,team_season_page,False
2025,NE,HC,Mike Vrabel,1,1,False,False,,both,https://en.wikipedia.org/wiki/2025_New_England_Patriots_season,team_season_page,False
2025,NE,OC,Josh McDaniels,1,1,False,False,,both,https://en.wikipedia.org/wiki/2025_New_England_Patriots_season,team_season_page,False
2025,NO,DC,Brandon Staley,1,1,False,False,,both,https://en.wikipedia.org/wiki/2025_New_Orleans_Saints_season,team_season_page,False
2025,NO,HC,Kellen Moore,1,1,False,False,,both,https://en.wikipedia.org/wiki/2025_New_Orleans_Saints_season,team_season_page,False
2025,NO,OC,Doug Nussmeier,1,1,False,False,,both,https://en.wikipedia.org/wiki/2025_New_Orleans_Saints_season,team_season_page,False
2025,NYG,DC,Charlie Bullen,1,1,False,False,,staff_section,https://en.wikipedia.org/wiki/2025_New_York_Giants_season,team_season_page,False
2025,NYG,HC,Brian Daboll,1,2,False,False,"fired November 10, 2–8 record",both,https://en.wikipedia.org/wiki/2025_New_York_Giants_season,team_season_page,False
2025,NYG,HC,Mike Kafka,2,2,False,True,"interim, 2–5 record",both,https://en.wikipedia.org/wiki/2025_New_York_Giants_season,team_season_page,False
2025,NYG,OC,Tim Kelly,1,1,False,False,,staff_section,https://en.wikipedia.org/wiki/2025_New_York_Giants_season,team_season_page,False
2025,NYJ,DC,Chris Harris,1,1,False,False,,staff_section,https://en.wikipedia.org/wiki/2025_New_York_Jets_season,team_season_page,False
2025,NYJ,HC,Aaron Glenn,1,1,False,False,,both,https://en.wikipedia.org/wiki/2025_New_York_Jets_season,team_season_page,False
2025,NYJ,OC,Tanner Engstrand,1,1,False,False,,staff_section,https://en.wikipedia.org/wiki/2025_New_York_Jets_season,team_season_page,False
2025,OAK,DC,Patrick Graham,1,1,False,False,,staff_section,https://en.wikipedia.org/wiki/2025_Las_Vegas_Raiders_season,team_season_page,False
2025,OAK,HC,Pete Carroll,1,1,False,False,,both,https://en.wikipedia.org/wiki/2025_Las_Vegas_Raiders_season,team_season_page,False
2025,OAK,OC,Greg Olson,1,1,False,False,,staff_section,https://en.wikipedia.org/wiki/2025_Las_Vegas_Raiders_season,team_season_page,False
2025,PHI,DC,Vic Fangio,1,1,False,False,,both,https://en.wikipedia.org/wiki/2025_Philadelphia_Eagles_season,team_season_page,False
2025,PHI,HC,Nick Sirianni,1,1,False,False,,both,https://en.wikipedia.org/wiki/2025_Philadelphia_Eagles_season,team_season_page,False
2025,PHI,OC,Kevin Patullo,1,1,False,False,,both,https://en.wikipedia.org/wiki/2025_Philadelphia_Eagles_season,team_season_page,False
2025,PIT,DC,Teryl Austin,1,1,False,False,,both,https://en.wikipedia.org/wiki/2025_Pittsburgh_Steelers_season,team_season_page,False
2025,PIT,HC,Mike Tomlin,1,1,False,False,,both,https://en.wikipedia.org/wiki/2025_Pittsburgh_Steelers_season,team_season_page,False
2025,PIT,OC,Arthur Smith,1,1,False,False,,both,https://en.wikipedia.org/wiki/2025_Pittsburgh_Steelers_season,team_season_page,False
2025,SEA,DC,Aden Durde,1,1,False,False,,both,https://en.wikipedia.org/wiki/2025_Seattle_Seahawks_season,team_season_page,False
2025,SEA,HC,Mike Macdonald,1,1,False,False,,both,https://en.wikipedia.org/wiki/2025_Seattle_Seahawks_season,team_season_page,False
2025,SEA,OC,Klint Kubiak,1,1,False,False,,both,https://en.wikipedia.org/wiki/2025_Seattle_Seahawks_season,team_season_page,False
2025,SF,DC,Robert Saleh,1,1,False,False,,both,https://en.wikipedia.org/wiki/2025_San_Francisco_49ers_season,team_season_page,False
2025,SF,HC,Kyle Shanahan,1,1,False,False,,both,https://en.wikipedia.org/wiki/2025_San_Francisco_49ers_season,team_season_page,False
2025,SF,OC,Klay Kubiak,1,1,False,False,,both,https://en.wikipedia.org/wiki/2025_San_Francisco_49ers_season,team_season_page,False
2025,TB,HC,Todd Bowles,1,1,False,False,,both,https://en.wikipedia.org/wiki/2025_Tampa_Bay_Buccaneers_season,team_season_page,False
2025,TB,OC,Josh Grizzard,1,1,False,False,,staff_section,https://en.wikipedia.org/wiki/2025_Tampa_Bay_Buccaneers_season,team_season_page,False
2025,TEN,DC,Dennard Wilson,1,1,False,False,,staff_section,https://en.wikipedia.org/wiki/2025_Tennessee_Titans_season,team_season_page,False
2025,TEN,HC,Brian Callahan,1,2,False,False,"fired October 13, 1–5 record",both,https://en.wikipedia.org/wiki/2025_Tennessee_Titans_season,team_season_page,False
2025,TEN,HC,Mike McCoy,2,2,False,True,"interim, 2–9 record",both,https://en.wikipedia.org/wiki/2025_Tennessee_Titans_season,team_season_page,False
2025,TEN,OC,Nick Holz,1,1,False,False,,staff_section,https://en.wikipedia.org/wiki/2025_Tennessee_Titans_season,team_season_page,False
2025,WSH,DC,Joe Whitt Jr.,1,1,False,False,,both,https://en.wikipedia.org/wiki/2025_Washington_Commanders_season,team_season_page,False
2025,WSH,HC,Dan Quinn,1,1,False,False,,both,https://en.wikipedia.org/wiki/2025_Washington_Commanders_season,team_season_page,False
2025,WSH,OC,Kliff Kingsbury,1,1,False,False,,both,https://en.wikipedia.org/wiki/2025_Washington_Commanders_season,team_season_page,False
