season,franchise,role,person,order_in_season,n_holders_that_season,is_co_holder,is_interim,note,source,wiki_url
1999,ARI,HC,Vince Tobin,1,1,False,False,,infobox,https://en.wikipedia.org/wiki/1999_Arizona_Cardinals_season
1999,ARI,OC,Marc Trestman,1,1,False,False,,infobox,https://en.wikipedia.org/wiki/1999_Arizona_Cardinals_season
1999,ARI,DC,Dave McGinnis,1,1,False,False,,infobox,https://en.wikipedia.org/wiki/1999_Arizona_Cardinals_season
1999,ATL,HC,Dan Reeves,1,1,False,False,,infobox,https://en.wikipedia.org/wiki/1999_Atlanta_Falcons_season
1999,ATL,OC,George Sefcik,1,1,False,False,,infobox,https://en.wikipedia.org/wiki/1999_Atlanta_Falcons_season
1999,ATL,DC,Rich Brooks,1,1,False,False,,infobox,https://en.wikipedia.org/wiki/1999_Atlanta_Falcons_season
1999,BAL,HC,Brian Billick,1,1,False,False,,both,https://en.wikipedia.org/wiki/1999_Baltimore_Ravens_season
1999,BAL,OC,Matt Cavanaugh,1,1,False,False,,staff_section,https://en.wikipedia.org/wiki/1999_Baltimore_Ravens_season
1999,BAL,DC,Marvin Lewis,1,1,False,False,,staff_section,https://en.wikipedia.org/wiki/1999_Baltimore_Ravens_season
1999,BUF,HC,Wade Phillips,1,1,False,False,,both,https://en.wikipedia.org/wiki/1999_Buffalo_Bills_season
1999,BUF,OC,Joe Pendry,1,1,False,False,,staff_section,https://en.wikipedia.org/wiki/1999_Buffalo_Bills_season
1999,BUF,DC,Ted Cottrell,1,1,False,False,,staff_section,https://en.wikipedia.org/wiki/1999_Buffalo_Bills_season
1999,CAR,HC,George Seifert,1,1,False,False,,both,https://en.wikipedia.org/wiki/1999_Carolina_Panthers_season
1999,CAR,OC,Gil Haskell,1,1,False,False,,both,https://en.wikipedia.org/wiki/1999_Carolina_Panthers_season
1999,CAR,DC,John Marshall,1,1,False,False,,both,https://en.wikipedia.org/wiki/1999_Carolina_Panthers_season
1999,CHI,HC,Dick Jauron,1,1,False,False,,both,https://en.wikipedia.org/wiki/1999_Chicago_Bears_season
1999,CHI,OC,Gary Crowton,1,1,False,False,,both,https://en.wikipedia.org/wiki/1999_Chicago_Bears_season
1999,CHI,DC,Greg Blache,1,1,False,False,,both,https://en.wikipedia.org/wiki/1999_Chicago_Bears_season
1999,CIN,HC,Bruce Coslet,1,1,False,False,,both,https://en.wikipedia.org/wiki/1999_Cincinnati_Bengals_season
1999,CIN,OC,Ken Anderson,1,1,False,False,,staff_section,https://en.wikipedia.org/wiki/1999_Cincinnati_Bengals_season
1999,CIN,DC,Dick LeBeau,1,1,False,False,,staff_section,https://en.wikipedia.org/wiki/1999_Cincinnati_Bengals_season
1999,CLE,HC,Chris Palmer,1,1,False,False,,both,https://en.wikipedia.org/wiki/1999_Cleveland_Browns_season
1999,CLE,DC,Bob Slowik,1,1,False,False,,staff_section,https://en.wikipedia.org/wiki/1999_Cleveland_Browns_season
1999,DAL,HC,Chan Gailey,1,1,False,False,,infobox,https://en.wikipedia.org/wiki/1999_Dallas_Cowboys_season
1999,DAL,DC,Dave Campo,1,1,False,False,,infobox,https://en.wikipedia.org/wiki/1999_Dallas_Cowboys_season
1999,DEN,HC,Mike Shanahan,1,1,False,False,,both,https://en.wikipedia.org/wiki/1999_Denver_Broncos_season
1999,DEN,OC,Gary Kubiak,1,1,False,False,,both,https://en.wikipedia.org/wiki/1999_Denver_Broncos_season
1999,DEN,DC,Greg Robinson,1,1,False,False,,both,https://en.wikipedia.org/wiki/1999_Denver_Broncos_season
1999,DET,HC,Bobby Ross,1,1,False,False,,both,https://en.wikipedia.org/wiki/1999_Detroit_Lions_season
1999,DET,OC,Sylvester Croom,1,1,False,False,,both,https://en.wikipedia.org/wiki/1999_Detroit_Lions_season
1999,DET,DC,Larry Peccatiello,1,1,False,False,,both,https://en.wikipedia.org/wiki/1999_Detroit_Lions_season
1999,GB,HC,Ray Rhodes,1,1,False,False,,both,https://en.wikipedia.org/wiki/1999_Green_Bay_Packers_season
1999,GB,OC,Sherman Lewis,1,1,False,False,,both,https://en.wikipedia.org/wiki/1999_Green_Bay_Packers_season
1999,GB,DC,Emmitt Thomas,1,1,False,False,,both,https://en.wikipedia.org/wiki/1999_Green_Bay_Packers_season
1999,IND,HC,Jim Mora,1,1,False,False,,both,https://en.wikipedia.org/wiki/1999_Indianapolis_Colts_season
1999,IND,OC,Tom Moore,1,1,False,False,,staff_section,https://en.wikipedia.org/wiki/1999_Indianapolis_Colts_season
1999,IND,DC,Vic Fangio,1,1,False,False,,staff_section,https://en.wikipedia.org/wiki/1999_Indianapolis_Colts_season
1999,JAX,HC,Tom Coughlin,1,1,False,False,,both,https://en.wikipedia.org/wiki/1999_Jacksonville_Jaguars_season
1999,JAX,DC,Dom Capers,1,1,False,False,,both,https://en.wikipedia.org/wiki/1999_Jacksonville_Jaguars_season
1999,KC,HC,Gunther Cunningham,1,1,False,False,,both,https://en.wikipedia.org/wiki/1999_Kansas_City_Chiefs_season
1999,KC,OC,Jimmy Raye II,1,1,False,False,,both,https://en.wikipedia.org/wiki/1999_Kansas_City_Chiefs_season
1999,KC,DC,Kurt Schottenheimer,1,1,False,False,,both,https://en.wikipedia.org/wiki/1999_Kansas_City_Chiefs_season
1999,LAC,HC,Mike Riley,1,1,False,False,,both,https://en.wikipedia.org/wiki/1999_San_Diego_Chargers_season
1999,LAC,OC,Geep Chryst,1,1,False,False,,staff_section,https://en.wikipedia.org/wiki/1999_San_Diego_Chargers_season
1999,LAC,DC,Joe Pascale,1,1,False,False,,staff_section,https://en.wikipedia.org/wiki/1999_San_Diego_Chargers_season
1999,LAR,HC,Dick Vermeil,1,1,False,False,,both,https://en.wikipedia.org/wiki/1999_St._Louis_Rams_season
1999,LAR,OC,Mike Martz,1,1,False,False,,both,https://en.wikipedia.org/wiki/1999_St._Louis_Rams_season
1999,LAR,DC,Peter Giunta,1,2,False,False,,both,https://en.wikipedia.org/wiki/1999_St._Louis_Rams_season
1999,LAR,DC,John Bunting,2,2,False,False,,staff_section,https://en.wikipedia.org/wiki/1999_St._Louis_Rams_season
1999,MIA,HC,Jimmy Johnson,1,1,False,False,,infobox,https://en.wikipedia.org/wiki/1999_Miami_Dolphins_season
1999,MIN,HC,Dennis Green,1,1,False,False,,both,https://en.wikipedia.org/wiki/1999_Minnesota_Vikings_season
1999,MIN,OC,Ray Sherman,1,1,False,False,,both,https://en.wikipedia.org/wiki/1999_Minnesota_Vikings_season
1999,MIN,DC,Foge Fazio,1,1,False,False,,both,https://en.wikipedia.org/wiki/1999_Minnesota_Vikings_season
1999,NE,HC,Pete Carroll,1,1,False,False,,infobox,https://en.wikipedia.org/wiki/1999_New_England_Patriots_season
1999,NO,HC,Mike Ditka,1,1,False,False,,both,https://en.wikipedia.org/wiki/1999_New_Orleans_Saints_season
1999,NO,OC,Danny Abramowicz,1,1,False,False,,both,https://en.wikipedia.org/wiki/1999_New_Orleans_Saints_season
1999,NO,DC,Zaven Yaralian,1,1,False,False,,both,https://en.wikipedia.org/wiki/1999_New_Orleans_Saints_season
1999,NYG,HC,Jim Fassel,1,1,False,False,,infobox,https://en.wikipedia.org/wiki/1999_New_York_Giants_season
1999,NYJ,HC,Bill Parcells,1,1,False,False,,infobox,https://en.wikipedia.org/wiki/1999_New_York_Jets_season
1999,NYJ,OC,Charlie Weis,1,1,False,False,,infobox,https://en.wikipedia.org/wiki/1999_New_York_Jets_season
1999,NYJ,DC,Bill Belichick,1,1,False,False,,infobox,https://en.wikipedia.org/wiki/1999_New_York_Jets_season
1999,OAK,HC,Jon Gruden,1,1,False,False,,both,https://en.wikipedia.org/wiki/1999_Oakland_Raiders_season
1999,OAK,OC,Bill Callahan,1,1,False,False,,both,https://en.wikipedia.org/wiki/1999_Oakland_Raiders_season
1999,OAK,DC,Willie Shaw,1,1,False,False,,both,https://en.wikipedia.org/wiki/1999_Oakland_Raiders_season
1999,PHI,HC,Andy Reid,1,1,False,False,,both,https://en.wikipedia.org/wiki/1999_Philadelphia_Eagles_season
1999,PHI,OC,Rod Dowhower,1,1,False,False,,both,https://en.wikipedia.org/wiki/1999_Philadelphia_Eagles_season
1999,PHI,DC,Jim Johnson,1,1,False,False,,both,https://en.wikipedia.org/wiki/1999_Philadelphia_Eagles_season
1999,PIT,HC,Bill Cowher,1,1,False,False,,both,https://en.wikipedia.org/wiki/1999_Pittsburgh_Steelers_season
1999,PIT,OC,Kevin Gilbride,1,1,False,False,,staff_section,https://en.wikipedia.org/wiki/1999_Pittsburgh_Steelers_season
1999,PIT,DC,Jim Haslett,1,1,False,False,,staff_section,https://en.wikipedia.org/wiki/1999_Pittsburgh_Steelers_season
1999,SEA,HC,Mike Holmgren,1,1,False,False,,both,https://en.wikipedia.org/wiki/1999_Seattle_Seahawks_season
1999,SEA,OC,Mike Sherman,1,1,False,False,,both,https://en.wikipedia.org/wiki/1999_Seattle_Seahawks_season
1999,SEA,DC,Fritz Shurmur,1,1,False,False,died Aug 30,staff_section,https://en.wikipedia.org/wiki/1999_Seattle_Seahawks_season
1999,SF,HC,Steve Mariucci,1,1,False,False,,both,https://en.wikipedia.org/wiki/1999_San_Francisco_49ers_season
1999,SF,OC,Marty Mornhinweg,1,1,False,False,,both,https://en.wikipedia.org/wiki/1999_San_Francisco_49ers_season
1999,SF,DC,Jim L. Mora,1,1,False,False,,both,https://en.wikipedia.org/wiki/1999_San_Francisco_49ers_season
1999,TB,HC,Tony Dungy,1,1,False,False,,infobox,https://en.wikipedia.org/wiki/1999_Tampa_Bay_Buccaneers_season
1999,TB,OC,Mike Shula,1,1,False,False,,infobox,https://en.wikipedia.org/wiki/1999_Tampa_Bay_Buccaneers_season
1999,TB,DC,Monte Kiffin,1,1,False,False,,infobox,https://en.wikipedia.org/wiki/1999_Tampa_Bay_Buccaneers_season
1999,TEN,HC,Jeff Fisher,1,1,False,False,,both,https://en.wikipedia.org/wiki/1999_Tennessee_Titans_season
1999,TEN,OC,Les Steckel,1,1,False,False,,both,https://en.wikipedia.org/wiki/1999_Tennessee_Titans_season
1999,TEN,DC,Gregg Williams,1,1,False,False,,both,https://en.wikipedia.org/wiki/1999_Tennessee_Titans_season
1999,WSH,HC,Norv Turner,1,1,False,False,,both,https://en.wikipedia.org/wiki/1999_Washington_Redskins_season
1999,WSH,OC,Norv Turner,1,1,False,False,,infobox,https://en.wikipedia.org/wiki/1999_Washington_Redskins_season
1999,WSH,DC,Mike Nolan,1,1,False,False,,both,https://en.wikipedia.org/wiki/1999_Washington_Redskins_season
2000,ARI,HC,Vince Tobin,1,2,False,False,"fired October 23, 2-5 record",infobox,https://en.wikipedia.org/wiki/2000_Arizona_Cardinals_season
2000,ARI,HC,Dave McGinnis,2,2,False,True,interim; 1-8 record,infobox,https://en.wikipedia.org/wiki/2000_Arizona_Cardinals_season
2000,ARI,OC,Marc Trestman,1,1,False,False,,infobox,https://en.wikipedia.org/wiki/2000_Arizona_Cardinals_season
2000,ARI,DC,Dave McGinnis,1,1,False,False,,infobox,https://en.wikipedia.org/wiki/2000_Arizona_Cardinals_season
2000,ATL,HC,Dan Reeves,1,1,False,False,,infobox,https://en.wikipedia.org/wiki/2000_Atlanta_Falcons_season
2000,ATL,OC,George Sefcik,1,1,False,False,,infobox,https://en.wikipedia.org/wiki/2000_Atlanta_Falcons_season
2000,ATL,DC,Rich Brooks,1,1,False,False,,infobox,https://en.wikipedia.org/wiki/2000_Atlanta_Falcons_season
2000,BAL,HC,Brian Billick,1,1,False,False,,both,https://en.wikipedia.org/wiki/2000_Baltimore_Ravens_season
2000,BAL,OC,Matt Cavanaugh,1,1,False,False,,both,https://en.wikipedia.org/wiki/2000_Baltimore_Ravens_season
2000,BAL,DC,Marvin Lewis,1,1,False,False,,both,https://en.wikipedia.org/wiki/2000_Baltimore_Ravens_season
2000,BUF,HC,Wade Phillips,1,1,False,False,,both,https://en.wikipedia.org/wiki/2000_Buffalo_Bills_season
2000,BUF,OC,Joe Pendry,1,1,False,False,,staff_section,https://en.wikipedia.org/wiki/2000_Buffalo_Bills_season
2000,BUF,DC,Ted Cottrell,1,1,False,False,,staff_section,https://en.wikipedia.org/wiki/2000_Buffalo_Bills_season
2000,CAR,HC,George Seifert,1,1,False,False,,both,https://en.wikipedia.org/wiki/2000_Carolina_Panthers_season
2000,CAR,OC,Bill Musgrave,1,1,False,False,,both,https://en.wikipedia.org/wiki/2000_Carolina_Panthers_season
2000,CAR,DC,John Marshall,1,1,False,False,,both,https://en.wikipedia.org/wiki/2000_Carolina_Panthers_season
2000,CHI,HC,Dick Jauron,1,1,False,False,,both,https://en.wikipedia.org/wiki/2000_Chicago_Bears_season
2000,CHI,OC,Gary Crowton,1,2,False,False,,both,https://en.wikipedia.org/wiki/2000_Chicago_Bears_season
2000,CHI,OC,John Shoop,2,2,False,False,,staff_section,https://en.wikipedia.org/wiki/2000_Chicago_Bears_season
2000,CHI,DC,Greg Blache,1,1,False,False,,both,https://en.wikipedia.org/wiki/2000_Chicago_Bears_season
2000,CIN,HC,Bruce Coslet,1,2,False,False,"resigned week 4, 0-3 record",infobox,https://en.wikipedia.org/wiki/2000_Cincinnati_Bengals_season
2000,CIN,HC,Dick LeBeau,2,2,False,True,interim; 4-9 record,infobox,https://en.wikipedia.org/wiki/2000_Cincinnati_Bengals_season
2000,CLE,HC,Chris Palmer,1,1,False,False,,both,https://en.wikipedia.org/wiki/2000_Cleveland_Browns_season
2000,CLE,OC,Pete Carmichael,1,1,False,False,,both,https://en.wikipedia.org/wiki/2000_Cleveland_Browns_season
2000,CLE,DC,Romeo Crennel,1,1,False,False,,both,https://en.wikipedia.org/wiki/2000_Cleveland_Browns_season
2000,DAL,HC,Dave Campo,1,1,False,False,,infobox,https://en.wikipedia.org/wiki/2000_Dallas_Cowboys_season
2000,DEN,HC,Mike Shanahan,1,1,False,False,,both,https://en.wikipedia.org/wiki/2000_Denver_Broncos_season
2000,DEN,OC,Gary Kubiak,1,1,False,False,,both,https://en.wikipedia.org/wiki/2000_Denver_Broncos_season
2000,DEN,DC,Greg Robinson,1,1,False,False,,both,https://en.wikipedia.org/wiki/2000_Denver_Broncos_season
2000,DET,HC,Bobby Ross,1,2,False,False,"resigned November 6, 5-4 record",infobox,https://en.wikipedia.org/wiki/2000_Detroit_Lions_season
2000,DET,HC,Gary Moeller,2,2,False,True,interim; 4-3 record,infobox,https://en.wikipedia.org/wiki/2000_Detroit_Lions_season
2000,GB,HC,Mike Sherman,1,1,False,False,,both,https://en.wikipedia.org/wiki/2000_Green_Bay_Packers_season
2000,GB,OC,Tom Rossley,1,1,False,False,,staff_section,https://en.wikipedia.org/wiki/2000_Green_Bay_Packers_season
2000,GB,DC,Ed Donatell,1,1,False,False,,staff_section,https://en.wikipedia.org/wiki/2000_Green_Bay_Packers_season
2000,IND,HC,Jim Mora,1,1,False,False,,both,https://en.wikipedia.org/wiki/2000_Indianapolis_Colts_season
2000,IND,OC,Tom Moore,1,1,False,False,,both,https://en.wikipedia.org/wiki/2000_Indianapolis_Colts_season
2000,IND,DC,Vic Fangio,1,1,False,False,,both,https://en.wikipedia.org/wiki/2000_Indianapolis_Colts_season
2000,JAX,HC,Tom Coughlin,1,1,False,False,,both,https://en.wikipedia.org/wiki/2000_Jacksonville_Jaguars_season
2000,JAX,DC,Dom Capers,1,1,False,False,,both,https://en.wikipedia.org/wiki/2000_Jacksonville_Jaguars_season
2000,KC,HC,Gunther Cunningham,1,1,False,False,,both,https://en.wikipedia.org/wiki/2000_Kansas_City_Chiefs_season
2000,KC,OC,Jimmy Raye II,1,1,False,False,,both,https://en.wikipedia.org/wiki/2000_Kansas_City_Chiefs_season
2000,KC,DC,Kurt Schottenheimer,1,1,False,False,,both,https://en.wikipedia.org/wiki/2000_Kansas_City_Chiefs_season
2000,LAC,HC,Mike Riley,1,1,False,False,,both,https://en.wikipedia.org/wiki/2000_San_Diego_Chargers_season
2000,LAC,OC,Geep Chryst,1,1,False,False,,staff_section,https://en.wikipedia.org/wiki/2000_San_Diego_Chargers_season
2000,LAC,DC,Joe Pascale,1,1,False,False,,staff_section,https://en.wikipedia.org/wiki/2000_San_Diego_Chargers_season
2000,LAR,HC,Mike Martz,1,1,False,False,,both,https://en.wikipedia.org/wiki/2000_St._Louis_Rams_season
2000,LAR,OC,Bobby Jackson,1,1,False,False,,both,https://en.wikipedia.org/wiki/2000_St._Louis_Rams_season
2000,LAR,DC,Peter Giunta,1,1,False,False,,both,https://en.wikipedia.org/wiki/2000_St._Louis_Rams_season
2000,MIA,HC,Dave Wannstedt,1,1,False,False,,both,https://en.wikipedia.org/wiki/2000_Miami_Dolphins_season
2000,MIA,OC,Chan Gailey,1,1,False,False,,both,https://en.wikipedia.org/wiki/2000_Miami_Dolphins_season
2000,MIA,DC,Jim Bates,1,1,False,False,,both,https://en.wikipedia.org/wiki/2000_Miami_Dolphins_season
2000,MIN,HC,Dennis Green,1,1,False,False,,both,https://en.wikipedia.org/wiki/2000_Minnesota_Vikings_season
2000,MIN,OC,Sherman Lewis,1,1,False,False,,both,https://en.wikipedia.org/wiki/2000_Minnesota_Vikings_season
2000,MIN,DC,Emmitt Thomas,1,1,False,False,,both,https://en.wikipedia.org/wiki/2000_Minnesota_Vikings_season
2000,NE,HC,Bill Belichick,1,1,False,False,,infobox,https://en.wikipedia.org/wiki/2000_New_England_Patriots_season
2000,NO,HC,Jim Haslett,1,1,False,False,,both,https://en.wikipedia.org/wiki/2000_New_Orleans_Saints_season
2000,NO,OC,Mike McCarthy,1,1,False,False,,both,https://en.wikipedia.org/wiki/2000_New_Orleans_Saints_season
2000,NO,DC,Ron Zook,1,1,False,False,,both,https://en.wikipedia.org/wiki/2000_New_Orleans_Saints_season
2000,NYG,HC,Jim Fassel,1,1,False,False,,both,https://en.wikipedia.org/wiki/2000_New_York_Giants_season
2000,NYG,OC,Sean Payton,1,1,False,False,,staff_section,https://en.wikipedia.org/wiki/2000_New_York_Giants_season
2000,NYG,DC,John Fox,1,1,False,False,,staff_section,https://en.wikipedia.org/wiki/2000_New_York_Giants_season
2000,NYJ,HC,Al Groh,1,1,False,False,,both,https://en.wikipedia.org/wiki/2000_New_York_Jets_season
2000,NYJ,OC,Dan Henning,1,1,False,False,,staff_section,https://en.wikipedia.org/wiki/2000_New_York_Jets_season
2000,NYJ,DC,Mike Nolan,1,1,False,False,,staff_section,https://en.wikipedia.org/wiki/2000_New_York_Jets_season
2000,OAK,HC,Jon Gruden,1,1,False,False,,infobox,https://en.wikipedia.org/wiki/2000_Oakland_Raiders_season
2000,OAK,OC,Bill Callahan,1,1,False,False,,infobox,https://en.wikipedia.org/wiki/2000_Oakland_Raiders_season
2000,OAK,DC,Chuck Bresnahan,1,1,False,False,,infobox,https://en.wikipedia.org/wiki/2000_Oakland_Raiders_season
2000,PHI,HC,Andy Reid,1,1,False,False,,both,https://en.wikipedia.org/wiki/2000_Philadelphia_Eagles_season
2000,PHI,OC,Rod Dowhower,1,1,False,False,,both,https://en.wikipedia.org/wiki/2000_Philadelphia_Eagles_season
2000,PHI,DC,Jim Johnson,1,1,False,False,,both,https://en.wikipedia.org/wiki/2000_Philadelphia_Eagles_season
2000,PIT,HC,Bill Cowher,1,1,False,False,,infobox,https://en.wikipedia.org/wiki/2000_Pittsburgh_Steelers_season
2000,PIT,OC,Kevin Gilbride,1,1,False,False,,infobox,https://en.wikipedia.org/wiki/2000_Pittsburgh_Steelers_season
2000,PIT,DC,Tim Lewis,1,1,False,False,,infobox,https://en.wikipedia.org/wiki/2000_Pittsburgh_Steelers_season
2000,SEA,HC,Mike Holmgren,1,1,False,False,,infobox,https://en.wikipedia.org/wiki/2000_Seattle_Seahawks_season
2000,SF,HC,Steve Mariucci,1,1,False,False,,both,https://en.wikipedia.org/wiki/2000_San_Francisco_49ers_season
2000,SF,OC,Marty Mornhinweg,1,1,False,False,,both,https://en.wikipedia.org/wiki/2000_San_Francisco_49ers_season
2000,SF,DC,Jim L. Mora,1,1,False,False,,both,https://en.wikipedia.org/wiki/2000_San_Francisco_49ers_season
2000,TB,HC,Tony Dungy,1,1,False,False,,infobox,https://en.wikipedia.org/wiki/2000_Tampa_Bay_Buccaneers_season
2000,TB,OC,Les Steckel,1,1,False,False,,infobox,https://en.wikipedia.org/wiki/2000_Tampa_Bay_Buccaneers_season
2000,TB,DC,Monte Kiffin,1,1,False,False,,infobox,https://en.wikipedia.org/wiki/2000_Tampa_Bay_Buccaneers_season
2000,TEN,HC,Jeff Fisher,1,1,False,False,,both,https://en.wikipedia.org/wiki/2000_Tennessee_Titans_season
2000,TEN,OC,Mike Heimerdinger,1,1,False,False,,both,https://en.wikipedia.org/wiki/2000_Tennessee_Titans_season
2000,TEN,DC,Gregg Williams,1,1,False,False,,both,https://en.wikipedia.org/wiki/2000_Tennessee_Titans_season
2000,WSH,HC,Norv Turner,1,2,False,False,"fired December 4, 7–6 record",infobox,https://en.wikipedia.org/wiki/2000_Washington_Redskins_season
2000,WSH,HC,Terry Robiskie,2,2,False,True,interim; 1–2 record,infobox,https://en.wikipedia.org/wiki/2000_Washington_Redskins_season
2000,WSH,DC,Ray Rhodes,1,1,False,False,,infobox,https://en.wikipedia.org/wiki/2000_Washington_Redskins_season
2001,ARI,HC,Dave McGinnis,1,1,False,False,,both,https://en.wikipedia.org/wiki/2001_Arizona_Cardinals_season
2001,ARI,OC,Rich Olson,1,1,False,False,,staff_section,https://en.wikipedia.org/wiki/2001_Arizona_Cardinals_season
2001,ARI,DC,Larry Marmie,1,1,False,False,,staff_section,https://en.wikipedia.org/wiki/2001_Arizona_Cardinals_season
2001,ATL,HC,Dan Reeves,1,1,False,False,,infobox,https://en.wikipedia.org/wiki/2001_Atlanta_Falcons_season
2001,ATL,OC,George Sefcik,1,1,False,False,,infobox,https://en.wikipedia.org/wiki/2001_Atlanta_Falcons_season
2001,ATL,DC,Don Blackmon,1,1,False,False,,infobox,https://en.wikipedia.org/wiki/2001_Atlanta_Falcons_season
2001,BAL,HC,Brian Billick,1,1,False,False,,both,https://en.wikipedia.org/wiki/2001_Baltimore_Ravens_season
2001,BAL,OC,Matt Cavanaugh,1,1,False,False,,both,https://en.wikipedia.org/wiki/2001_Baltimore_Ravens_season
2001,BAL,DC,Marvin Lewis,1,1,False,False,,both,https://en.wikipedia.org/wiki/2001_Baltimore_Ravens_season
2001,BUF,HC,Gregg Williams,1,1,False,False,,both,https://en.wikipedia.org/wiki/2001_Buffalo_Bills_season
2001,BUF,OC,Mike Sheppard,1,1,False,False,,staff_section,https://en.wikipedia.org/wiki/2001_Buffalo_Bills_season
2001,BUF,DC,Jerry Gray,1,1,False,False,,staff_section,https://en.wikipedia.org/wiki/2001_Buffalo_Bills_season
2001,CAR,HC,George Seifert,1,1,False,False,,both,https://en.wikipedia.org/wiki/2001_Carolina_Panthers_season
2001,CAR,OC,Richard Williamson,1,1,False,False,,both,https://en.wikipedia.org/wiki/2001_Carolina_Panthers_season
2001,CAR,DC,John Marshall,1,1,False,False,,both,https://en.wikipedia.org/wiki/2001_Carolina_Panthers_season
2001,CHI,HC,Dick Jauron,1,1,False,False,,both,https://en.wikipedia.org/wiki/2001_Chicago_Bears_season
2001,CHI,OC,John Shoop,1,1,False,False,,both,https://en.wikipedia.org/wiki/2001_Chicago_Bears_season
2001,CHI,DC,Greg Blache,1,1,False,False,,both,https://en.wikipedia.org/wiki/2001_Chicago_Bears_season
2001,CIN,HC,Dick LeBeau,1,1,False,False,,infobox,https://en.wikipedia.org/wiki/2001_Cincinnati_Bengals_season
2001,CLE,HC,Butch Davis,1,1,False,False,,infobox,https://en.wikipedia.org/wiki/2001_Cleveland_Browns_season
2001,CLE,OC,Bruce Arians,1,1,False,False,,infobox,https://en.wikipedia.org/wiki/2001_Cleveland_Browns_season
2001,CLE,DC,Foge Fazio,1,1,False,False,,infobox,https://en.wikipedia.org/wiki/2001_Cleveland_Browns_season
2001,DAL,HC,Dave Campo,1,1,False,False,,infobox,https://en.wikipedia.org/wiki/2001_Dallas_Cowboys_season
2001,DEN,HC,Mike Shanahan,1,1,False,False,,both,https://en.wikipedia.org/wiki/2001_Denver_Broncos_season
2001,DEN,OC,Gary Kubiak,1,1,False,False,,both,https://en.wikipedia.org/wiki/2001_Denver_Broncos_season
2001,DEN,DC,Ray Rhodes,1,1,False,False,,both,https://en.wikipedia.org/wiki/2001_Denver_Broncos_season
2001,DET,HC,Marty Mornhinweg,1,1,False,False,,both,https://en.wikipedia.org/wiki/2001_Detroit_Lions_season
2001,DET,OC,Maurice Carthon,1,1,False,False,,both,https://en.wikipedia.org/wiki/2001_Detroit_Lions_season
2001,DET,DC,Vince Tobin,1,1,False,False,,both,https://en.wikipedia.org/wiki/2001_Detroit_Lions_season
2001,GB,HC,Mike Sherman,1,1,False,False,,both,https://en.wikipedia.org/wiki/2001_Green_Bay_Packers_season
2001,GB,OC,Tom Rossley,1,1,False,False,,both,https://en.wikipedia.org/wiki/2001_Green_Bay_Packers_season
2001,GB,DC,Ed Donatell,1,1,False,False,,both,https://en.wikipedia.org/wiki/2001_Green_Bay_Packers_season
2001,IND,HC,Jim Mora,1,1,False,False,,both,https://en.wikipedia.org/wiki/2001_Indianapolis_Colts_season
2001,IND,OC,Tom Moore,1,1,False,False,,staff_section,https://en.wikipedia.org/wiki/2001_Indianapolis_Colts_season
2001,IND,DC,Vic Fangio,1,1,False,False,,staff_section,https://en.wikipedia.org/wiki/2001_Indianapolis_Colts_season
2001,JAX,HC,Tom Coughlin,1,1,False,False,,both,https://en.wikipedia.org/wiki/2001_Jacksonville_Jaguars_season
2001,JAX,OC,Bobby Petrino,1,1,False,False,,both,https://en.wikipedia.org/wiki/2001_Jacksonville_Jaguars_season
2001,JAX,DC,Gary Moeller,1,1,False,False,,both,https://en.wikipedia.org/wiki/2001_Jacksonville_Jaguars_season
2001,KC,HC,Dick Vermeil,1,1,False,False,,both,https://en.wikipedia.org/wiki/2001_Kansas_City_Chiefs_season
2001,KC,OC,Al Saunders,1,1,False,False,,both,https://en.wikipedia.org/wiki/2001_Kansas_City_Chiefs_season
2001,KC,DC,Greg Robinson,1,1,False,False,,both,https://en.wikipedia.org/wiki/2001_Kansas_City_Chiefs_season
2001,LAC,HC,Mike Riley,1,1,False,False,,both,https://en.wikipedia.org/wiki/2001_San_Diego_Chargers_season
2001,LAC,OC,Norv Turner,1,1,False,False,,staff_section,https://en.wikipedia.org/wiki/2001_San_Diego_Chargers_season
2001,LAC,DC,Joe Pascale,1,1,False,False,,staff_section,https://en.wikipedia.org/wiki/2001_San_Diego_Chargers_season
2001,LAR,HC,Mike Martz,1,1,False,False,,infobox,https://en.wikipedia.org/wiki/2001_St._Louis_Rams_season
2001,LAR,OC,Bobby Jackson,1,1,False,False,,infobox,https://en.wikipedia.org/wiki/2001_St._Louis_Rams_season
2001,LAR,DC,Lovie Smith,1,1,False,False,,infobox,https://en.wikipedia.org/wiki/2001_St._Louis_Rams_season
2001,MIA,HC,Dave Wannstedt,1,1,False,False,,both,https://en.wikipedia.org/wiki/2001_Miami_Dolphins_season
2001,MIA,OC,Chan Gailey,1,1,False,False,,both,https://en.wikipedia.org/wiki/2001_Miami_Dolphins_season
2001,MIA,DC,Jim Bates,1,1,False,False,,both,https://en.wikipedia.org/wiki/2001_Miami_Dolphins_season
2001,MIN,HC,Dennis Green,1,2,False,False,"fired on January 4, 2002, 5–10 record",both,https://en.wikipedia.org/wiki/2001_Minnesota_Vikings_season
2001,MIN,HC,Mike Tice,2,2,False,True,interim; 0–1 record,infobox,https://en.wikipedia.org/wiki/2001_Minnesota_Vikings_season
2001,MIN,OC,Sherman Lewis,1,1,False,False,,staff_section,https://en.wikipedia.org/wiki/2001_Minnesota_Vikings_season
2001,MIN,DC,Emmitt Thomas,1,1,False,False,,staff_section,https://en.wikipedia.org/wiki/2001_Minnesota_Vikings_season
2001,NE,HC,Bill Belichick,1,1,False,False,,both,https://en.wikipedia.org/wiki/2001_New_England_Patriots_season
2001,NE,OC,Charlie Weis,1,1,False,False,,both,https://en.wikipedia.org/wiki/2001_New_England_Patriots_season
2001,NE,DC,Romeo Crennel,1,1,False,False,,both,https://en.wikipedia.org/wiki/2001_New_England_Patriots_season
2001,NO,HC,Jim Haslett,1,1,False,False,,both,https://en.wikipedia.org/wiki/2001_New_Orleans_Saints_season
2001,NO,OC,Mike McCarthy,1,1,False,False,,both,https://en.wikipedia.org/wiki/2001_New_Orleans_Saints_season
2001,NO,DC,Ron Zook,1,1,False,False,,both,https://en.wikipedia.org/wiki/2001_New_Orleans_Saints_season
2001,NYG,HC,Jim Fassel,1,1,False,False,,infobox,https://en.wikipedia.org/wiki/2001_New_York_Giants_season
2001,NYJ,HC,Herman Edwards,1,1,False,False,,both,https://en.wikipedia.org/wiki/2001_New_York_Jets_season
2001,NYJ,OC,Paul Hackett,1,1,False,False,,both,https://en.wikipedia.org/wiki/2001_New_York_Jets_season
2001,NYJ,DC,Ted Cottrell,1,1,False,False,,both,https://en.wikipedia.org/wiki/2001_New_York_Jets_season
2001,OAK,HC,Jon Gruden,1,1,False,False,,infobox,https://en.wikipedia.org/wiki/2001_Oakland_Raiders_season
2001,OAK,OC,Bill Callahan,1,1,False,False,,infobox,https://en.wikipedia.org/wiki/2001_Oakland_Raiders_season
2001,OAK,DC,Chuck Bresnahan,1,1,False,False,,infobox,https://en.wikipedia.org/wiki/2001_Oakland_Raiders_season
2001,PHI,HC,Andy Reid,1,1,False,False,,both,https://en.wikipedia.org/wiki/2001_Philadelphia_Eagles_season
2001,PHI,OC,Rod Dowhower,1,1,False,False,,both,https://en.wikipedia.org/wiki/2001_Philadelphia_Eagles_season
2001,PHI,DC,Jim Johnson,1,1,False,False,,both,https://en.wikipedia.org/wiki/2001_Philadelphia_Eagles_season
2001,PIT,HC,Bill Cowher,1,1,False,False,,infobox,https://en.wikipedia.org/wiki/2001_Pittsburgh_Steelers_season
2001,PIT,OC,Mike Mularkey,1,1,False,False,,infobox,https://en.wikipedia.org/wiki/2001_Pittsburgh_Steelers_season
2001,PIT,DC,Tim Lewis,1,1,False,False,,infobox,https://en.wikipedia.org/wiki/2001_Pittsburgh_Steelers_season
2001,SEA,HC,Mike Holmgren,1,1,False,False,,infobox,https://en.wikipedia.org/wiki/2001_Seattle_Seahawks_season
2001,SEA,OC,Gil Haskell,1,1,False,False,,infobox,https://en.wikipedia.org/wiki/2001_Seattle_Seahawks_season
2001,SEA,DC,Steve Sidwell,1,1,False,False,,infobox,https://en.wikipedia.org/wiki/2001_Seattle_Seahawks_season
2001,SF,HC,Steve Mariucci,1,1,False,False,,both,https://en.wikipedia.org/wiki/2001_San_Francisco_49ers_season
2001,SF,OC,Greg Knapp,1,1,False,False,,both,https://en.wikipedia.org/wiki/2001_San_Francisco_49ers_season
2001,SF,DC,Jim L. Mora,1,1,False,False,,both,https://en.wikipedia.org/wiki/2001_San_Francisco_49ers_season
2001,TB,HC,Tony Dungy,1,1,False,False,,infobox,https://en.wikipedia.org/wiki/2001_Tampa_Bay_Buccaneers_season
2001,TB,OC,Clyde Christensen,1,1,False,False,,infobox,https://en.wikipedia.org/wiki/2001_Tampa_Bay_Buccaneers_season
2001,TB,DC,Monte Kiffin,1,1,False,False,,infobox,https://en.wikipedia.org/wiki/2001_Tampa_Bay_Buccaneers_season
2001,TEN,HC,Jeff Fisher,1,1,False,False,,both,https://en.wikipedia.org/wiki/2001_Tennessee_Titans_season
2001,TEN,OC,Mike Heimerdinger,1,1,False,False,,staff_section,https://en.wikipedia.org/wiki/2001_Tennessee_Titans_season
2001,TEN,DC,Jim Schwartz,1,1,False,False,,staff_section,https://en.wikipedia.org/wiki/2001_Tennessee_Titans_season
2001,WSH,HC,Marty Schottenheimer,1,1,False,False,,infobox,https://en.wikipedia.org/wiki/2001_Washington_Redskins_season
2001,WSH,OC,Jimmy Raye II,1,1,False,False,,infobox,https://en.wikipedia.org/wiki/2001_Washington_Redskins_season
2001,WSH,DC,Kurt Schottenheimer,1,1,False,False,,infobox,https://en.wikipedia.org/wiki/2001_Washington_Redskins_season
2002,ARI,HC,Dave McGinnis,1,1,False,False,,both,https://en.wikipedia.org/wiki/2002_Arizona_Cardinals_season
2002,ARI,OC,Rich Olson,1,1,False,False,,staff_section,https://en.wikipedia.org/wiki/2002_Arizona_Cardinals_season
2002,ARI,DC,Larry Marmie,1,1,False,False,,staff_section,https://en.wikipedia.org/wiki/2002_Arizona_Cardinals_season
2002,ATL,HC,Dan Reeves,1,1,False,False,,infobox,https://en.wikipedia.org/wiki/2002_Atlanta_Falcons_season
2002,BAL,HC,Brian Billick,1,1,False,False,,both,https://en.wikipedia.org/wiki/2002_Baltimore_Ravens_season
2002,BAL,OC,Matt Cavanaugh,1,1,False,False,,staff_section,https://en.wikipedia.org/wiki/2002_Baltimore_Ravens_season
2002,BAL,DC,Mike Nolan,1,1,False,False,,staff_section,https://en.wikipedia.org/wiki/2002_Baltimore_Ravens_season
2002,BUF,HC,Gregg Williams,1,1,False,False,,infobox,https://en.wikipedia.org/wiki/2002_Buffalo_Bills_season
2002,CAR,HC,John Fox,1,1,False,False,,both,https://en.wikipedia.org/wiki/2002_Carolina_Panthers_season
2002,CAR,OC,Dan Henning,1,1,False,False,,staff_section,https://en.wikipedia.org/wiki/2002_Carolina_Panthers_season
2002,CAR,DC,Jack Del Rio,1,1,False,False,,staff_section,https://en.wikipedia.org/wiki/2002_Carolina_Panthers_season
2002,CHI,HC,Dick Jauron,1,1,False,False,,both,https://en.wikipedia.org/wiki/2002_Chicago_Bears_season
2002,CHI,OC,John Shoop,1,1,False,False,,staff_section,https://en.wikipedia.org/wiki/2002_Chicago_Bears_season
2002,CHI,DC,Greg Blache,1,1,False,False,,staff_section,https://en.wikipedia.org/wiki/2002_Chicago_Bears_season
2002,CIN,HC,Dick LeBeau,1,1,False,False,,infobox,https://en.wikipedia.org/wiki/2002_Cincinnati_Bengals_season
2002,CLE,HC,Butch Davis,1,1,False,False,,infobox,https://en.wikipedia.org/wiki/2002_Cleveland_Browns_season
2002,DAL,HC,Dave Campo,1,1,False,False,,both,https://en.wikipedia.org/wiki/2002_Dallas_Cowboys_season
2002,DAL,OC,Bruce Coslet,1,1,False,False,,staff_section,https://en.wikipedia.org/wiki/2002_Dallas_Cowboys_season
2002,DAL,DC,Mike Zimmer,1,1,False,False,,staff_section,https://en.wikipedia.org/wiki/2002_Dallas_Cowboys_season
2002,DEN,HC,Mike Shanahan,1,1,False,False,,both,https://en.wikipedia.org/wiki/2002_Denver_Broncos_season
2002,DEN,OC,Gary Kubiak,1,1,False,False,,staff_section,https://en.wikipedia.org/wiki/2002_Denver_Broncos_season
2002,DEN,DC,Ray Rhodes,1,1,False,False,,staff_section,https://en.wikipedia.org/wiki/2002_Denver_Broncos_season
2002,DET,HC,Marty Mornhinweg,1,1,False,False,,both,https://en.wikipedia.org/wiki/2002_Detroit_Lions_season
2002,DET,OC,Maurice Carthon,1,1,False,False,,staff_section,https://en.wikipedia.org/wiki/2002_Detroit_Lions_season
2002,DET,DC,Kurt Schottenheimer,1,1,False,False,,staff_section,https://en.wikipedia.org/wiki/2002_Detroit_Lions_season
2002,GB,HC,Mike Sherman,1,1,False,False,,both,https://en.wikipedia.org/wiki/2002_Green_Bay_Packers_season
2002,GB,OC,Tom Rossley,1,1,False,False,,staff_section,https://en.wikipedia.org/wiki/2002_Green_Bay_Packers_season
2002,GB,DC,Ed Donatell,1,1,False,False,,staff_section,https://en.wikipedia.org/wiki/2002_Green_Bay_Packers_season
2002,HOU,HC,Dom Capers,1,1,False,False,,both,https://en.wikipedia.org/wiki/2002_Houston_Texans_season
2002,HOU,OC,Chris Palmer,1,1,False,False,,staff_section,https://en.wikipedia.org/wiki/2002_Houston_Texans_season
2002,HOU,DC,Vic Fangio,1,1,False,False,,staff_section,https://en.wikipedia.org/wiki/2002_Houston_Texans_season
2002,IND,HC,Tony Dungy,1,1,False,False,,both,https://en.wikipedia.org/wiki/2002_Indianapolis_Colts_season
2002,IND,OC,Tom Moore,1,1,False,False,,staff_section,https://en.wikipedia.org/wiki/2002_Indianapolis_Colts_season
2002,IND,DC,Ron Meeks,1,1,False,False,,staff_section,https://en.wikipedia.org/wiki/2002_Indianapolis_Colts_season
2002,JAX,HC,Tom Coughlin,1,1,False,False,,both,https://en.wikipedia.org/wiki/2002_Jacksonville_Jaguars_season
2002,JAX,DC,John Pease,1,1,False,False,,both,https://en.wikipedia.org/wiki/2002_Jacksonville_Jaguars_season
2002,KC,HC,Dick Vermeil,1,1,False,False,,both,https://en.wikipedia.org/wiki/2002_Kansas_City_Chiefs_season
2002,KC,OC,Al Saunders,1,1,False,False,,staff_section,https://en.wikipedia.org/wiki/2002_Kansas_City_Chiefs_season
2002,KC,DC,Greg Robinson,1,1,False,False,,staff_section,https://en.wikipedia.org/wiki/2002_Kansas_City_Chiefs_season
2002,LAC,HC,Marty Schottenheimer,1,1,False,False,,both,https://en.wikipedia.org/wiki/2002_San_Diego_Chargers_season
2002,LAC,OC,Cam Cameron,1,1,False,False,,staff_section,https://en.wikipedia.org/wiki/2002_San_Diego_Chargers_season
2002,LAC,DC,Dale Lindsey,1,1,False,False,,staff_section,https://en.wikipedia.org/wiki/2002_San_Diego_Chargers_season
2002,LAR,HC,Mike Martz,1,1,False,False,,infobox,https://en.wikipedia.org/wiki/2002_St._Louis_Rams_season
2002,MIA,HC,Dave Wannstedt,1,1,False,False,,both,https://en.wikipedia.org/wiki/2002_Miami_Dolphins_season
2002,MIA,OC,Norv Turner,1,1,False,False,,staff_section,https://en.wikipedia.org/wiki/2002_Miami_Dolphins_season
2002,MIA,DC,Jim Bates,1,1,False,False,,staff_section,https://en.wikipedia.org/wiki/2002_Miami_Dolphins_season
2002,MIN,HC,Mike Tice,1,1,False,False,,both,https://en.wikipedia.org/wiki/2002_Minnesota_Vikings_season
2002,MIN,OC,Scott Linehan,1,1,False,False,,staff_section,https://en.wikipedia.org/wiki/2002_Minnesota_Vikings_season
2002,MIN,DC,Willie Shaw,1,1,False,False,,staff_section,https://en.wikipedia.org/wiki/2002_Minnesota_Vikings_season
2002,NE,HC,Bill Belichick,1,1,False,False,,both,https://en.wikipedia.org/wiki/2002_New_England_Patriots_season
2002,NE,OC,Charlie Weis,1,1,False,False,,staff_section,https://en.wikipedia.org/wiki/2002_New_England_Patriots_season
2002,NE,DC,Romeo Crennel,1,1,False,False,,staff_section,https://en.wikipedia.org/wiki/2002_New_England_Patriots_season
2002,NO,HC,Jim Haslett,1,1,False,False,,both,https://en.wikipedia.org/wiki/2002_New_Orleans_Saints_season
2002,NO,OC,Mike McCarthy,1,1,False,False,,staff_section,https://en.wikipedia.org/wiki/2002_New_Orleans_Saints_season
2002,NO,DC,Rick Venturi,1,1,False,False,,staff_section,https://en.wikipedia.org/wiki/2002_New_Orleans_Saints_season
2002,NYG,HC,Jim Fassel,1,1,False,False,,both,https://en.wikipedia.org/wiki/2002_New_York_Giants_season
2002,NYG,OC,Sean Payton,1,1,False,False,,staff_section,https://en.wikipedia.org/wiki/2002_New_York_Giants_season
2002,NYG,DC,Johnnie Lynn,1,1,False,False,,staff_section,https://en.wikipedia.org/wiki/2002_New_York_Giants_season
2002,NYJ,HC,Herman Edwards,1,1,False,False,,both,https://en.wikipedia.org/wiki/2002_New_York_Jets_season
2002,NYJ,OC,Paul Hackett,1,1,False,False,,staff_section,https://en.wikipedia.org/wiki/2002_New_York_Jets_season
2002,NYJ,DC,Ted Cottrell,1,1,False,False,,staff_section,https://en.wikipedia.org/wiki/2002_New_York_Jets_season
2002,OAK,HC,Bill Callahan,1,1,False,False,,both,https://en.wikipedia.org/wiki/2002_Oakland_Raiders_season
2002,OAK,OC,Marc Trestman,1,1,False,False,,staff_section,https://en.wikipedia.org/wiki/2002_Oakland_Raiders_season
2002,OAK,DC,Chuck Bresnahan,1,1,False,False,,staff_section,https://en.wikipedia.org/wiki/2002_Oakland_Raiders_season
2002,PHI,HC,Andy Reid,1,1,False,False,,both,https://en.wikipedia.org/wiki/2002_Philadelphia_Eagles_season
2002,PHI,OC,Brad Childress,1,1,False,False,,staff_section,https://en.wikipedia.org/wiki/2002_Philadelphia_Eagles_season
2002,PHI,DC,Jim Johnson,1,1,False,False,,staff_section,https://en.wikipedia.org/wiki/2002_Philadelphia_Eagles_season
2002,PIT,HC,Bill Cowher,1,1,False,False,,both,https://en.wikipedia.org/wiki/2002_Pittsburgh_Steelers_season
2002,PIT,OC,Mike Mularkey,1,1,False,False,,staff_section,https://en.wikipedia.org/wiki/2002_Pittsburgh_Steelers_season
2002,PIT,DC,Tim Lewis,1,1,False,False,,staff_section,https://en.wikipedia.org/wiki/2002_Pittsburgh_Steelers_season
2002,SEA,HC,Mike Holmgren,1,1,False,False,,infobox,https://en.wikipedia.org/wiki/2002_Seattle_Seahawks_season
2002,SF,HC,Steve Mariucci,1,1,False,False,,both,https://en.wikipedia.org/wiki/2002_San_Francisco_49ers_season
2002,SF,OC,Greg Knapp,1,1,False,False,,staff_section,https://en.wikipedia.org/wiki/2002_San_Francisco_49ers_season
2002,SF,DC,Jim Mora,1,1,False,False,,staff_section,https://en.wikipedia.org/wiki/2002_San_Francisco_49ers_season
2002,TB,HC,Jon Gruden,1,1,False,False,,both,https://en.wikipedia.org/wiki/2002_Tampa_Bay_Buccaneers_season
2002,TB,OC,Bill Muir,1,1,False,False,,staff_section,https://en.wikipedia.org/wiki/2002_Tampa_Bay_Buccaneers_season
2002,TB,DC,Monte Kiffin,1,1,False,False,,staff_section,https://en.wikipedia.org/wiki/2002_Tampa_Bay_Buccaneers_season
2002,TEN,HC,Jeff Fisher,1,1,False,False,,infobox,https://en.wikipedia.org/wiki/2002_Tennessee_Titans_season
2002,WSH,HC,Steve Spurrier,1,1,False,False,,infobox,https://en.wikipedia.org/wiki/2002_Washington_Redskins_season
2003,ARI,HC,Dave McGinnis,1,1,False,False,,both,https://en.wikipedia.org/wiki/2003_Arizona_Cardinals_season
2003,ARI,OC,Jerry Sullivan,1,1,False,False,,staff_section,https://en.wikipedia.org/wiki/2003_Arizona_Cardinals_season
2003,ARI,DC,Larry Marmie,1,1,False,False,,staff_section,https://en.wikipedia.org/wiki/2003_Arizona_Cardinals_season
2003,ATL,HC,Dan Reeves,1,2,False,False,"fired December 10, 3-10 record",infobox,https://en.wikipedia.org/wiki/2003_Atlanta_Falcons_season
2003,ATL,HC,Wade Phillips,2,2,False,False,,infobox,https://en.wikipedia.org/wiki/2003_Atlanta_Falcons_season
2003,BAL,HC,Brian Billick,1,1,False,False,,both,https://en.wikipedia.org/wiki/2003_Baltimore_Ravens_season
2003,BAL,OC,Matt Cavanaugh,1,1,False,False,,staff_section,https://en.wikipedia.org/wiki/2003_Baltimore_Ravens_season
2003,BAL,DC,Mike Nolan,1,1,False,False,,staff_section,https://en.wikipedia.org/wiki/2003_Baltimore_Ravens_season
2003,BUF,HC,Gregg Williams,1,1,False,False,,infobox,https://en.wikipedia.org/wiki/2003_Buffalo_Bills_season
2003,CAR,HC,John Fox,1,1,False,False,,infobox,https://en.wikipedia.org/wiki/2003_Carolina_Panthers_season
2003,CHI,HC,Dick Jauron,1,1,False,False,,both,https://en.wikipedia.org/wiki/2003_Chicago_Bears_season
2003,CHI,OC,John Shoop,1,1,False,False,,staff_section,https://en.wikipedia.org/wiki/2003_Chicago_Bears_season
2003,CHI,DC,Greg Blache,1,1,False,False,,staff_section,https://en.wikipedia.org/wiki/2003_Chicago_Bears_season
2003,CIN,HC,Marvin Lewis,1,1,False,False,,infobox,https://en.wikipedia.org/wiki/2003_Cincinnati_Bengals_season
2003,CLE,HC,Butch Davis,1,1,False,False,,infobox,https://en.wikipedia.org/wiki/2003_Cleveland_Browns_season
2003,DAL,HC,Bill Parcells,1,1,False,False,,infobox,https://en.wikipedia.org/wiki/2003_Dallas_Cowboys_season
2003,DEN,HC,Mike Shanahan,1,1,False,False,,both,https://en.wikipedia.org/wiki/2003_Denver_Broncos_season
2003,DEN,OC,Gary Kubiak,1,1,False,False,,staff_section,https://en.wikipedia.org/wiki/2003_Denver_Broncos_season
2003,DEN,DC,Larry Coyer,1,1,False,False,,staff_section,https://en.wikipedia.org/wiki/2003_Denver_Broncos_season
2003,DET,HC,Steve Mariucci,1,1,False,False,,both,https://en.wikipedia.org/wiki/2003_Detroit_Lions_season
2003,DET,OC,Sherman Lewis,1,1,False,False,,staff_section,https://en.wikipedia.org/wiki/2003_Detroit_Lions_season
2003,DET,DC,Kurt Schottenheimer,1,1,False,False,,staff_section,https://en.wikipedia.org/wiki/2003_Detroit_Lions_season
2003,GB,HC,Mike Sherman,1,1,False,False,,both,https://en.wikipedia.org/wiki/2003_Green_Bay_Packers_season
2003,GB,OC,Tom Rossley,1,1,False,False,,staff_section,https://en.wikipedia.org/wiki/2003_Green_Bay_Packers_season
2003,GB,DC,Ed Donatell,1,1,False,False,,staff_section,https://en.wikipedia.org/wiki/2003_Green_Bay_Packers_season
2003,HOU,HC,Dom Capers,1,1,False,False,,both,https://en.wikipedia.org/wiki/2003_Houston_Texans_season
2003,HOU,OC,Chris Palmer,1,1,False,False,,staff_section,https://en.wikipedia.org/wiki/2003_Houston_Texans_season
2003,HOU,DC,Vic Fangio,1,1,False,False,,staff_section,https://en.wikipedia.org/wiki/2003_Houston_Texans_season
2003,IND,HC,Tony Dungy,1,1,False,False,,infobox,https://en.wikipedia.org/wiki/2003_Indianapolis_Colts_season
2003,JAX,HC,Jack Del Rio,1,1,False,False,,both,https://en.wikipedia.org/wiki/2003_Jacksonville_Jaguars_season
2003,JAX,OC,Bill Musgrave,1,1,False,False,,both,https://en.wikipedia.org/wiki/2003_Jacksonville_Jaguars_season
2003,JAX,DC,Mike Smith,1,1,False,False,,both,https://en.wikipedia.org/wiki/2003_Jacksonville_Jaguars_season
2003,KC,HC,Dick Vermeil,1,1,False,False,,both,https://en.wikipedia.org/wiki/2003_Kansas_City_Chiefs_season
2003,KC,OC,Al Saunders,1,1,False,False,,staff_section,https://en.wikipedia.org/wiki/2003_Kansas_City_Chiefs_season
2003,KC,DC,Greg Robinson,1,1,False,False,,staff_section,https://en.wikipedia.org/wiki/2003_Kansas_City_Chiefs_season
2003,LAC,HC,Marty Schottenheimer,1,1,False,False,,both,https://en.wikipedia.org/wiki/2003_San_Diego_Chargers_season
2003,LAC,OC,Cam Cameron,1,1,False,False,,staff_section,https://en.wikipedia.org/wiki/2003_San_Diego_Chargers_season
2003,LAC,DC,Dale Lindsey,1,1,False,False,,staff_section,https://en.wikipedia.org/wiki/2003_San_Diego_Chargers_season
2003,LAR,HC,Mike Martz,1,1,False,False,,infobox,https://en.wikipedia.org/wiki/2003_St._Louis_Rams_season
2003,MIA,HC,Dave Wannstedt,1,1,False,False,,both,https://en.wikipedia.org/wiki/2003_Miami_Dolphins_season
2003,MIA,OC,Norv Turner,1,1,False,False,,staff_section,https://en.wikipedia.org/wiki/2003_Miami_Dolphins_season
2003,MIA,DC,Jim Bates,1,1,False,False,,staff_section,https://en.wikipedia.org/wiki/2003_Miami_Dolphins_season
2003,MIN,HC,Mike Tice,1,1,False,False,,both,https://en.wikipedia.org/wiki/2003_Minnesota_Vikings_season
2003,MIN,OC,Scott Linehan,1,1,False,False,,staff_section,https://en.wikipedia.org/wiki/2003_Minnesota_Vikings_season
2003,MIN,DC,George O'Leary,1,1,False,False,,staff_section,https://en.wikipedia.org/wiki/2003_Minnesota_Vikings_season
2003,NE,HC,Bill Belichick,1,1,False,False,,infobox,https://en.wikipedia.org/wiki/2003_New_England_Patriots_season
2003,NO,HC,Jim Haslett,1,1,False,False,,both,https://en.wikipedia.org/wiki/2003_New_Orleans_Saints_season
2003,NO,OC,Mike McCarthy,1,1,False,False,,staff_section,https://en.wikipedia.org/wiki/2003_New_Orleans_Saints_season
2003,NO,DC,Rick Venturi,1,1,False,False,,staff_section,https://en.wikipedia.org/wiki/2003_New_Orleans_Saints_season
2003,NYG,HC,Jim Fassel,1,1,False,False,,infobox,https://en.wikipedia.org/wiki/2003_New_York_Giants_season
2003,NYJ,HC,Herman Edwards,1,1,False,False,,both,https://en.wikipedia.org/wiki/2003_New_York_Jets_season
2003,NYJ,OC,Paul Hackett,1,1,False,False,,staff_section,https://en.wikipedia.org/wiki/2003_New_York_Jets_season
2003,NYJ,DC,Ted Cottrell,1,1,False,False,,staff_section,https://en.wikipedia.org/wiki/2003_New_York_Jets_season
2003,OAK,HC,Bill Callahan,1,1,False,False,,infobox,https://en.wikipedia.org/wiki/2003_Oakland_Raiders_season
2003,PHI,HC,Andy Reid,1,1,False,False,,both,https://en.wikipedia.org/wiki/2003_Philadelphia_Eagles_season
2003,PHI,OC,Brad Childress,1,1,False,False,,staff_section,https://en.wikipedia.org/wiki/2003_Philadelphia_Eagles_season
2003,PHI,DC,Jim Johnson,1,1,False,False,,staff_section,https://en.wikipedia.org/wiki/2003_Philadelphia_Eagles_season
2003,PIT,HC,Bill Cowher,1,1,False,False,,infobox,https://en.wikipedia.org/wiki/2003_Pittsburgh_Steelers_season
2003,SEA,HC,Mike Holmgren,1,1,False,False,,infobox,https://en.wikipedia.org/wiki/2003_Seattle_Seahawks_season
2003,SF,HC,Dennis Erickson,1,1,False,False,,both,https://en.wikipedia.org/wiki/2003_San_Francisco_49ers_season
2003,SF,OC,Greg Knapp,1,1,False,False,,staff_section,https://en.wikipedia.org/wiki/2003_San_Francisco_49ers_season
2003,SF,DC,Jim Mora,1,1,False,False,,staff_section,https://en.wikipedia.org/wiki/2003_San_Francisco_49ers_season
2003,TB,HC,Jon Gruden,1,1,False,False,,both,https://en.wikipedia.org/wiki/2003_Tampa_Bay_Buccaneers_season
2003,TB,OC,Bill Muir,1,1,False,False,,staff_section,https://en.wikipedia.org/wiki/2003_Tampa_Bay_Buccaneers_season
2003,TB,DC,Monte Kiffin,1,1,False,False,,staff_section,https://en.wikipedia.org/wiki/2003_Tampa_Bay_Buccaneers_season
2003,TEN,HC,Jeff Fisher,1,1,False,False,,both,https://en.wikipedia.org/wiki/2003_Tennessee_Titans_season
2003,TEN,OC,Mike Heimerdinger,1,1,False,False,,staff_section,https://en.wikipedia.org/wiki/2003_Tennessee_Titans_season
2003,TEN,DC,Jim Schwartz,1,1,False,False,,staff_section,https://en.wikipedia.org/wiki/2003_Tennessee_Titans_season
2003,WSH,HC,Steve Spurrier,1,1,False,False,,infobox,https://en.wikipedia.org/wiki/2003_Washington_Redskins_season
2004,ARI,HC,Dennis Green,1,1,False,False,,infobox,https://en.wikipedia.org/wiki/2004_Arizona_Cardinals_season
2004,ATL,HC,Jim Mora,1,1,False,False,,both,https://en.wikipedia.org/wiki/2004_Atlanta_Falcons_season
2004,ATL,OC,Greg Knapp,1,1,False,False,,staff_section,https://en.wikipedia.org/wiki/2004_Atlanta_Falcons_season
2004,ATL,DC,Ed Donatell,1,1,False,False,,staff_section,https://en.wikipedia.org/wiki/2004_Atlanta_Falcons_season
2004,BAL,HC,Brian Billick,1,1,False,False,,both,https://en.wikipedia.org/wiki/2004_Baltimore_Ravens_season
2004,BAL,OC,Matt Cavanaugh,1,1,False,False,,staff_section,https://en.wikipedia.org/wiki/2004_Baltimore_Ravens_season
2004,BAL,DC,Mike Nolan,1,1,False,False,,staff_section,https://en.wikipedia.org/wiki/2004_Baltimore_Ravens_season
2004,BUF,HC,Mike Mularkey,1,1,False,False,,infobox,https://en.wikipedia.org/wiki/2004_Buffalo_Bills_season
2004,CAR,HC,John Fox,1,1,False,False,,infobox,https://en.wikipedia.org/wiki/2004_Carolina_Panthers_season
2004,CHI,HC,Lovie Smith,1,1,False,False,,both,https://en.wikipedia.org/wiki/2004_Chicago_Bears_season
2004,CHI,OC,Terry Shea,1,1,False,False,,staff_section,https://en.wikipedia.org/wiki/2004_Chicago_Bears_season
2004,CHI,DC,Ron Rivera,1,1,False,False,,staff_section,https://en.wikipedia.org/wiki/2004_Chicago_Bears_season
2004,CIN,HC,Marvin Lewis,1,1,False,False,,infobox,https://en.wikipedia.org/wiki/2004_Cincinnati_Bengals_season
2004,CLE,HC,Butch Davis,1,2,False,False,"resigned November 30, 3–8 record",infobox,https://en.wikipedia.org/wiki/2004_Cleveland_Browns_season
2004,CLE,HC,Terry Robiskie,2,2,False,True,1–4 record | interim,infobox,https://en.wikipedia.org/wiki/2004_Cleveland_Browns_season
2004,DAL,HC,Bill Parcells,1,1,False,False,,infobox,https://en.wikipedia.org/wiki/2004_Dallas_Cowboys_season
2004,DEN,HC,Mike Shanahan,1,1,False,False,,both,https://en.wikipedia.org/wiki/2004_Denver_Broncos_season
2004,DEN,OC,Gary Kubiak,1,1,False,False,,staff_section,https://en.wikipedia.org/wiki/2004_Denver_Broncos_season
2004,DEN,DC,Larry Coyer,1,1,False,False,,staff_section,https://en.wikipedia.org/wiki/2004_Denver_Broncos_season
2004,DET,HC,Steve Mariucci,1,1,False,False,,both,https://en.wikipedia.org/wiki/2004_Detroit_Lions_season
2004,DET,OC,Sherman Lewis,1,1,False,False,,staff_section,https://en.wikipedia.org/wiki/2004_Detroit_Lions_season
2004,DET,DC,Dick Jauron,1,1,False,False,,staff_section,https://en.wikipedia.org/wiki/2004_Detroit_Lions_season
2004,GB,HC,Mike Sherman,1,1,False,False,,both,https://en.wikipedia.org/wiki/2004_Green_Bay_Packers_season
2004,GB,OC,Tom Rossley,1,1,False,False,,staff_section,https://en.wikipedia.org/wiki/2004_Green_Bay_Packers_season
2004,GB,DC,Bob Slowik,1,1,False,False,,staff_section,https://en.wikipedia.org/wiki/2004_Green_Bay_Packers_season
2004,HOU,HC,Dom Capers,1,1,False,False,,both,https://en.wikipedia.org/wiki/2004_Houston_Texans_season
2004,HOU,OC,Chris Palmer,1,1,False,False,,staff_section,https://en.wikipedia.org/wiki/2004_Houston_Texans_season
2004,HOU,DC,Vic Fangio,1,1,False,False,,staff_section,https://en.wikipedia.org/wiki/2004_Houston_Texans_season
2004,IND,HC,Tony Dungy,1,1,False,False,,infobox,https://en.wikipedia.org/wiki/2004_Indianapolis_Colts_season
2004,JAX,HC,Jack Del Rio,1,1,False,False,,both,https://en.wikipedia.org/wiki/2004_Jacksonville_Jaguars_season
2004,JAX,OC,Bill Musgrave,1,1,False,False,,both,https://en.wikipedia.org/wiki/2004_Jacksonville_Jaguars_season
2004,JAX,DC,Mike Smith,1,1,False,False,,both,https://en.wikipedia.org/wiki/2004_Jacksonville_Jaguars_season
2004,KC,HC,Dick Vermeil,1,1,False,False,,both,https://en.wikipedia.org/wiki/2004_Kansas_City_Chiefs_season
2004,KC,OC,Al Saunders,1,1,False,False,,staff_section,https://en.wikipedia.org/wiki/2004_Kansas_City_Chiefs_season
2004,KC,DC,Gunther Cunningham,1,1,False,False,,staff_section,https://en.wikipedia.org/wiki/2004_Kansas_City_Chiefs_season
2004,LAC,HC,Marty Schottenheimer,1,1,False,False,,both,https://en.wikipedia.org/wiki/2004_San_Diego_Chargers_season
2004,LAC,OC,Cam Cameron,1,1,False,False,,staff_section,https://en.wikipedia.org/wiki/2004_San_Diego_Chargers_season
2004,LAC,DC,Wade Phillips,1,1,False,False,,staff_section,https://en.wikipedia.org/wiki/2004_San_Diego_Chargers_season
2004,LAR,HC,Mike Martz,1,1,False,False,,infobox,https://en.wikipedia.org/wiki/2004_St._Louis_Rams_season
2004,MIA,HC,Dave Wannstedt,1,2,False,False,resigned November 9; 1–8 record | Games 1-9,both,https://en.wikipedia.org/wiki/2004_Miami_Dolphins_season
2004,MIA,HC,Jim Bates,2,2,False,True,"3–4 record, interim",infobox,https://en.wikipedia.org/wiki/2004_Miami_Dolphins_season
2004,MIA,OC,Chris Foerster,1,1,False,False,,staff_section,https://en.wikipedia.org/wiki/2004_Miami_Dolphins_season
2004,MIA,DC,Jim Bates,1,1,False,True,Interim Head Coach Games 10-16,staff_section,https://en.wikipedia.org/wiki/2004_Miami_Dolphins_season
2004,MIN,HC,Mike Tice,1,1,False,False,,both,https://en.wikipedia.org/wiki/2004_Minnesota_Vikings_season
2004,MIN,OC,Scott Linehan,1,1,False,False,,staff_section,https://en.wikipedia.org/wiki/2004_Minnesota_Vikings_season
2004,MIN,DC,Ted Cottrell,1,1,False,False,,staff_section,https://en.wikipedia.org/wiki/2004_Minnesota_Vikings_season
2004,NE,HC,Bill Belichick,1,1,False,False,,infobox,https://en.wikipedia.org/wiki/2004_New_England_Patriots_season
2004,NO,HC,Jim Haslett,1,1,False,False,,both,https://en.wikipedia.org/wiki/2004_New_Orleans_Saints_season
2004,NO,OC,Mike McCarthy,1,1,False,False,,staff_section,https://en.wikipedia.org/wiki/2004_New_Orleans_Saints_season
2004,NO,DC,Rick Venturi,1,1,False,False,,staff_section,https://en.wikipedia.org/wiki/2004_New_Orleans_Saints_season
2004,NYG,HC,Tom Coughlin,1,1,False,False,,infobox,https://en.wikipedia.org/wiki/2004_New_York_Giants_season
2004,NYJ,HC,Herman Edwards,1,1,False,False,,both,https://en.wikipedia.org/wiki/2004_New_York_Jets_season
2004,NYJ,OC,Paul Hackett,1,1,False,False,,staff_section,https://en.wikipedia.org/wiki/2004_New_York_Jets_season
2004,NYJ,DC,Donnie Henderson,1,1,False,False,,staff_section,https://en.wikipedia.org/wiki/2004_New_York_Jets_season
2004,OAK,HC,Norv Turner,1,1,False,False,,infobox,https://en.wikipedia.org/wiki/2004_Oakland_Raiders_season
2004,PHI,HC,Andy Reid,1,1,False,False,,both,https://en.wikipedia.org/wiki/2004_Philadelphia_Eagles_season
2004,PHI,OC,Brad Childress,1,1,False,False,,staff_section,https://en.wikipedia.org/wiki/2004_Philadelphia_Eagles_season
2004,PHI,DC,Jim Johnson,1,1,False,False,,staff_section,https://en.wikipedia.org/wiki/2004_Philadelphia_Eagles_season
2004,PIT,HC,Bill Cowher,1,1,False,False,,both,https://en.wikipedia.org/wiki/2004_Pittsburgh_Steelers_season
2004,PIT,OC,Ken Whisenhunt,1,1,False,False,,staff_section,https://en.wikipedia.org/wiki/2004_Pittsburgh_Steelers_season
2004,PIT,DC,Dick LeBeau,1,1,False,False,,staff_section,https://en.wikipedia.org/wiki/2004_Pittsburgh_Steelers_season
2004,SEA,HC,Mike Holmgren,1,1,False,False,,infobox,https://en.wikipedia.org/wiki/2004_Seattle_Seahawks_season
2004,SF,HC,Dennis Erickson,1,1,False,False,,infobox,https://en.wikipedia.org/wiki/2004_San_Francisco_49ers_season
2004,TB,HC,Jon Gruden,1,1,False,False,,both,https://en.wikipedia.org/wiki/2004_Tampa_Bay_Buccaneers_season
2004,TB,OC,Bill Muir,1,1,False,False,,staff_section,https://en.wikipedia.org/wiki/2004_Tampa_Bay_Buccaneers_season
2004,TB,DC,Monte Kiffin,1,1,False,False,,staff_section,https://en.wikipedia.org/wiki/2004_Tampa_Bay_Buccaneers_season
2004,TEN,HC,Jeff Fisher,1,1,False,False,,both,https://en.wikipedia.org/wiki/2004_Tennessee_Titans_season
2004,TEN,OC,Mike Heimerdinger,1,1,False,False,,staff_section,https://en.wikipedia.org/wiki/2004_Tennessee_Titans_season
2004,TEN,DC,Jim Schwartz,1,1,False,False,,staff_section,https://en.wikipedia.org/wiki/2004_Tennessee_Titans_season
2004,WSH,HC,Joe Gibbs,1,1,False,False,,both,https://en.wikipedia.org/wiki/2004_Washington_Redskins_season
2004,WSH,OC,Don Breaux,1,1,False,False,,staff_section,https://en.wikipedia.org/wiki/2004_Washington_Redskins_season
2004,WSH,DC,Greg Blache,1,1,False,False,,staff_section,https://en.wikipedia.org/wiki/2004_Washington_Redskins_season
2005,ARI,HC,Dennis Green,1,1,False,False,,both,https://en.wikipedia.org/wiki/2005_Arizona_Cardinals_season
2005,ARI,OC,Keith Rowen,1,1,False,False,,staff_section,https://en.wikipedia.org/wiki/2005_Arizona_Cardinals_season
2005,ARI,DC,Clancy Pendergast,1,1,False,False,,staff_section,https://en.wikipedia.org/wiki/2005_Arizona_Cardinals_season
2005,ATL,HC,Jim Mora,1,1,False,False,,both,https://en.wikipedia.org/wiki/2005_Atlanta_Falcons_season
2005,ATL,OC,Greg Knapp,1,1,False,False,,staff_section,https://en.wikipedia.org/wiki/2005_Atlanta_Falcons_season
2005,ATL,DC,Ed Donatell,1,1,False,False,,staff_section,https://en.wikipedia.org/wiki/2005_Atlanta_Falcons_season
2005,BAL,HC,Brian Billick,1,1,False,False,,both,https://en.wikipedia.org/wiki/2005_Baltimore_Ravens_season
2005,BAL,OC,Jim Fassel,1,1,False,False,,staff_section,https://en.wikipedia.org/wiki/2005_Baltimore_Ravens_season
2005,BAL,DC,Rex Ryan,1,1,False,False,,staff_section,https://en.wikipedia.org/wiki/2005_Baltimore_Ravens_season
2005,BUF,HC,Mike Mularkey,1,1,False,False,,both,https://en.wikipedia.org/wiki/2005_Buffalo_Bills_season
2005,BUF,OC,Tom Clements,1,1,False,False,,staff_section,https://en.wikipedia.org/wiki/2005_Buffalo_Bills_season
2005,BUF,DC,Jerry Gray,1,1,False,False,,staff_section,https://en.wikipedia.org/wiki/2005_Buffalo_Bills_season
2005,CAR,HC,John Fox,1,1,False,False,,infobox,https://en.wikipedia.org/wiki/2005_Carolina_Panthers_season
2005,CHI,HC,Lovie Smith,1,1,False,False,,both,https://en.wikipedia.org/wiki/2005_Chicago_Bears_season
2005,CHI,OC,Ron Turner,1,1,False,False,,staff_section,https://en.wikipedia.org/wiki/2005_Chicago_Bears_season
2005,CHI,DC,Ron Rivera,1,1,False,False,,staff_section,https://en.wikipedia.org/wiki/2005_Chicago_Bears_season
2005,CIN,HC,Marvin Lewis,1,1,False,False,,infobox,https://en.wikipedia.org/wiki/2005_Cincinnati_Bengals_season
2005,CLE,HC,Romeo Crennel,1,1,False,False,,infobox,https://en.wikipedia.org/wiki/2005_Cleveland_Browns_season
2005,DAL,HC,Bill Parcells,1,1,False,False,,infobox,https://en.wikipedia.org/wiki/2005_Dallas_Cowboys_season
2005,DEN,HC,Mike Shanahan,1,1,False,False,,both,https://en.wikipedia.org/wiki/2005_Denver_Broncos_season
2005,DEN,OC,Gary Kubiak,1,1,False,False,,both,https://en.wikipedia.org/wiki/2005_Denver_Broncos_season
2005,DEN,DC,Larry Coyer,1,1,False,False,,both,https://en.wikipedia.org/wiki/2005_Denver_Broncos_season
2005,DET,HC,Steve Mariucci,1,2,False,False,,both,https://en.wikipedia.org/wiki/2005_Detroit_Lions_season
2005,DET,HC,Dick Jauron,2,2,False,False,,both,https://en.wikipedia.org/wiki/2005_Detroit_Lions_season
2005,DET,OC,Ted Tollner,1,1,False,False,,staff_section,https://en.wikipedia.org/wiki/2005_Detroit_Lions_season
2005,GB,HC,Mike Sherman,1,1,False,False,,both,https://en.wikipedia.org/wiki/2005_Green_Bay_Packers_season
2005,GB,OC,Tom Rossley,1,1,False,False,,staff_section,https://en.wikipedia.org/wiki/2005_Green_Bay_Packers_season
2005,GB,DC,Jim Bates,1,1,False,False,,staff_section,https://en.wikipedia.org/wiki/2005_Green_Bay_Packers_season
2005,HOU,HC,Dom Capers,1,1,False,False,,both,https://en.wikipedia.org/wiki/2005_Houston_Texans_season
2005,HOU,OC,Chris Palmer,1,2,False,False,,staff_section,https://en.wikipedia.org/wiki/2005_Houston_Texans_season
2005,HOU,OC,Joe Pendry,2,2,False,False,,staff_section,https://en.wikipedia.org/wiki/2005_Houston_Texans_season
2005,HOU,DC,Vic Fangio,1,1,False,False,,staff_section,https://en.wikipedia.org/wiki/2005_Houston_Texans_season
2005,IND,HC,Tony Dungy,1,1,False,False,,infobox,https://en.wikipedia.org/wiki/2005_Indianapolis_Colts_season
2005,JAX,HC,Jack Del Rio,1,1,False,False,,both,https://en.wikipedia.org/wiki/2005_Jacksonville_Jaguars_season
2005,JAX,OC,Carl Smith,1,1,False,False,,both,https://en.wikipedia.org/wiki/2005_Jacksonville_Jaguars_season
2005,JAX,DC,Mike Smith,1,1,False,False,,both,https://en.wikipedia.org/wiki/2005_Jacksonville_Jaguars_season
2005,KC,HC,Dick Vermeil,1,1,False,False,,both,https://en.wikipedia.org/wiki/2005_Kansas_City_Chiefs_season
2005,KC,OC,Al Saunders,1,1,False,False,,staff_section,https://en.wikipedia.org/wiki/2005_Kansas_City_Chiefs_season
2005,KC,DC,Gunther Cunningham,1,1,False,False,,staff_section,https://en.wikipedia.org/wiki/2005_Kansas_City_Chiefs_season
2005,LAC,HC,Marty Schottenheimer,1,1,False,False,,both,https://en.wikipedia.org/wiki/2005_San_Diego_Chargers_season
2005,LAC,OC,Cam Cameron,1,1,False,False,,staff_section,https://en.wikipedia.org/wiki/2005_San_Diego_Chargers_season
2005,LAC,DC,Wade Phillips,1,1,False,False,,staff_section,https://en.wikipedia.org/wiki/2005_San_Diego_Chargers_season
2005,LAR,HC,Mike Martz,1,2,False,False,Weeks 1–5,infobox,https://en.wikipedia.org/wiki/2005_St._Louis_Rams_season
2005,LAR,HC,Joe Vitt,2,2,False,True,Interim; Weeks 6–17,infobox,https://en.wikipedia.org/wiki/2005_St._Louis_Rams_season
2005,MIA,HC,Nick Saban,1,1,False,False,,both,https://en.wikipedia.org/wiki/2005_Miami_Dolphins_season
2005,MIA,OC,Scott Linehan,1,1,False,False,,staff_section,https://en.wikipedia.org/wiki/2005_Miami_Dolphins_season
2005,MIA,DC,Richard Smith,1,1,False,False,,staff_section,https://en.wikipedia.org/wiki/2005_Miami_Dolphins_season
2005,MIN,HC,Mike Tice,1,1,False,False,,both,https://en.wikipedia.org/wiki/2005_Minnesota_Vikings_season
2005,MIN,OC,Steve Loney,1,1,False,False,,staff_section,https://en.wikipedia.org/wiki/2005_Minnesota_Vikings_season
2005,MIN,DC,Ted Cottrell,1,1,False,False,,staff_section,https://en.wikipedia.org/wiki/2005_Minnesota_Vikings_season
2005,NE,HC,Bill Belichick,1,1,False,False,,infobox,https://en.wikipedia.org/wiki/2005_New_England_Patriots_season
2005,NO,HC,Jim Haslett,1,1,False,False,,both,https://en.wikipedia.org/wiki/2005_New_Orleans_Saints_season
2005,NO,OC,Mike Sheppard,1,1,False,False,,staff_section,https://en.wikipedia.org/wiki/2005_New_Orleans_Saints_season
2005,NO,DC,Rick Venturi,1,1,False,False,,staff_section,https://en.wikipedia.org/wiki/2005_New_Orleans_Saints_season
2005,NYG,HC,Tom Coughlin,1,1,False,False,,infobox,https://en.wikipedia.org/wiki/2005_New_York_Giants_season
2005,NYJ,HC,Herman Edwards,1,1,False,False,,both,https://en.wikipedia.org/wiki/2005_New_York_Jets_season
2005,NYJ,OC,Mike Heimerdinger,1,1,False,False,,staff_section,https://en.wikipedia.org/wiki/2005_New_York_Jets_season
2005,NYJ,DC,Donnie Henderson,1,1,False,False,,staff_section,https://en.wikipedia.org/wiki/2005_New_York_Jets_season
2005,OAK,HC,Norv Turner,1,1,False,False,,infobox,https://en.wikipedia.org/wiki/2005_Oakland_Raiders_season
2005,PHI,HC,Andy Reid,1,1,False,False,,both,https://en.wikipedia.org/wiki/2005_Philadelphia_Eagles_season
2005,PHI,OC,Marty Mornhinweg,1,2,False,False,,staff_section,https://en.wikipedia.org/wiki/2005_Philadelphia_Eagles_season
2005,PHI,OC,Brad Childress,2,2,False,False,,staff_section,https://en.wikipedia.org/wiki/2005_Philadelphia_Eagles_season
2005,PHI,DC,Jim Johnson,1,1,False,False,,staff_section,https://en.wikipedia.org/wiki/2005_Philadelphia_Eagles_season
2005,PIT,HC,Bill Cowher,1,1,False,False,,both,https://en.wikipedia.org/wiki/2005_Pittsburgh_Steelers_season
2005,PIT,OC,Ken Whisenhunt,1,1,False,False,,staff_section,https://en.wikipedia.org/wiki/2005_Pittsburgh_Steelers_season
2005,PIT,DC,Dick LeBeau,1,1,False,False,,staff_section,https://en.wikipedia.org/wiki/2005_Pittsburgh_Steelers_season
2005,SEA,HC,Mike Holmgren,1,1,False,False,,infobox,https://en.wikipedia.org/wiki/2005_Seattle_Seahawks_season
2005,SF,HC,Mike Nolan,1,1,False,False,,both,https://en.wikipedia.org/wiki/2005_San_Francisco_49ers_season
2005,SF,OC,Mike McCarthy,1,1,False,False,,staff_section,https://en.wikipedia.org/wiki/2005_San_Francisco_49ers_season
2005,SF,DC,Bill Davis,1,1,False,False,,staff_section,https://en.wikipedia.org/wiki/2005_San_Francisco_49ers_season
2005,TB,HC,Jon Gruden,1,1,False,False,,both,https://en.wikipedia.org/wiki/2005_Tampa_Bay_Buccaneers_season
2005,TB,OC,Bill Muir,1,1,False,False,,staff_section,https://en.wikipedia.org/wiki/2005_Tampa_Bay_Buccaneers_season
2005,TB,DC,Monte Kiffin,1,1,False,False,,staff_section,https://en.wikipedia.org/wiki/2005_Tampa_Bay_Buccaneers_season
2005,TEN,HC,Jeff Fisher,1,1,False,False,,both,https://en.wikipedia.org/wiki/2005_Tennessee_Titans_season
2005,TEN,OC,Norm Chow,1,1,False,False,,staff_section,https://en.wikipedia.org/wiki/2005_Tennessee_Titans_season
2005,TEN,DC,Jim Schwartz,1,1,False,False,,staff_section,https://en.wikipedia.org/wiki/2005_Tennessee_Titans_season
2005,WSH,HC,Joe Gibbs,1,1,False,False,,infobox,https://en.wikipedia.org/wiki/2005_Washington_Redskins_season
2006,ARI,HC,Dennis Green,1,1,False,False,,infobox,https://en.wikipedia.org/wiki/2006_Arizona_Cardinals_season
2006,ATL,HC,Jim Mora,1,1,False,False,,both,https://en.wikipedia.org/wiki/2006_Atlanta_Falcons_season
2006,ATL,OC,Greg Knapp,1,1,False,False,,both,https://en.wikipedia.org/wiki/2006_Atlanta_Falcons_season
2006,ATL,DC,Ed Donatell,1,1,False,False,,both,https://en.wikipedia.org/wiki/2006_Atlanta_Falcons_season
2006,BAL,HC,Brian Billick,1,1,False,False,,infobox,https://en.wikipedia.org/wiki/2006_Baltimore_Ravens_season
2006,BAL,OC,Jim Fassel,1,1,False,False,fired Oct 17,infobox,https://en.wikipedia.org/wiki/2006_Baltimore_Ravens_season
2006,BAL,DC,Rex Ryan,1,1,False,False,,infobox,https://en.wikipedia.org/wiki/2006_Baltimore_Ravens_season
2006,BUF,HC,Dick Jauron,1,1,False,False,,both,https://en.wikipedia.org/wiki/2006_Buffalo_Bills_season
2006,BUF,OC,Steve Fairchild,1,1,False,False,,staff_section,https://en.wikipedia.org/wiki/2006_Buffalo_Bills_season
2006,BUF,DC,Perry Fewell,1,1,False,False,,staff_section,https://en.wikipedia.org/wiki/2006_Buffalo_Bills_season
2006,CAR,HC,John Fox,1,1,False,False,,infobox,https://en.wikipedia.org/wiki/2006_Carolina_Panthers_season
2006,CAR,OC,Dan Henning,1,1,False,False,,infobox,https://en.wikipedia.org/wiki/2006_Carolina_Panthers_season
2006,CAR,DC,Mike Trgovac,1,1,False,False,,infobox,https://en.wikipedia.org/wiki/2006_Carolina_Panthers_season
2006,CHI,HC,Lovie Smith,1,1,False,False,,both,https://en.wikipedia.org/wiki/2006_Chicago_Bears_season
2006,CHI,OC,Ron Turner,1,1,False,False,,both,https://en.wikipedia.org/wiki/2006_Chicago_Bears_season
2006,CHI,DC,Ron Rivera,1,1,False,False,,both,https://en.wikipedia.org/wiki/2006_Chicago_Bears_season
2006,CIN,HC,Marvin Lewis,1,1,False,False,,infobox,https://en.wikipedia.org/wiki/2006_Cincinnati_Bengals_season
2006,CIN,OC,Bob Bratkowski,1,1,False,False,,infobox,https://en.wikipedia.org/wiki/2006_Cincinnati_Bengals_season
2006,CIN,DC,Chuck Bresnahan,1,1,False,False,,infobox,https://en.wikipedia.org/wiki/2006_Cincinnati_Bengals_season
2006,CLE,HC,Romeo Crennel,1,1,False,False,,infobox,https://en.wikipedia.org/wiki/2006_Cleveland_Browns_season
2006,DAL,HC,Bill Parcells,1,1,False,False,,infobox,https://en.wikipedia.org/wiki/2006_Dallas_Cowboys_season
2006,DAL,DC,Mike Zimmer,1,1,False,False,,infobox,https://en.wikipedia.org/wiki/2006_Dallas_Cowboys_season
2006,DEN,HC,Mike Shanahan,1,1,False,False,,both,https://en.wikipedia.org/wiki/2006_Denver_Broncos_season
2006,DEN,OC,Rick Dennison,1,1,False,False,,both,https://en.wikipedia.org/wiki/2006_Denver_Broncos_season
2006,DEN,DC,Larry Coyer,1,1,False,False,,both,https://en.wikipedia.org/wiki/2006_Denver_Broncos_season
2006,DET,HC,Rod Marinelli,1,1,False,False,,both,https://en.wikipedia.org/wiki/2006_Detroit_Lions_season
2006,DET,OC,Mike Martz,1,1,False,False,,both,https://en.wikipedia.org/wiki/2006_Detroit_Lions_season
2006,DET,DC,Donnie Henderson,1,1,False,False,,infobox,https://en.wikipedia.org/wiki/2006_Detroit_Lions_season
2006,GB,HC,Mike McCarthy,1,1,False,False,,both,https://en.wikipedia.org/wiki/2006_Green_Bay_Packers_season
2006,GB,OC,Jeff Jagodzinski,1,1,False,False,,staff_section,https://en.wikipedia.org/wiki/2006_Green_Bay_Packers_season
2006,GB,DC,Bob Sanders,1,1,False,False,,staff_section,https://en.wikipedia.org/wiki/2006_Green_Bay_Packers_season
2006,HOU,HC,Gary Kubiak,1,1,False,False,,both,https://en.wikipedia.org/wiki/2006_Houston_Texans_season
2006,HOU,OC,Troy Calhoun,1,1,False,False,,both,https://en.wikipedia.org/wiki/2006_Houston_Texans_season
2006,HOU,DC,Richard Smith,1,1,False,False,,both,https://en.wikipedia.org/wiki/2006_Houston_Texans_season
2006,IND,HC,Tony Dungy,1,1,False,False,,infobox,https://en.wikipedia.org/wiki/2006_Indianapolis_Colts_season
2006,IND,OC,Tom Moore,1,1,False,False,,infobox,https://en.wikipedia.org/wiki/2006_Indianapolis_Colts_season
2006,IND,DC,Ron Meeks,1,1,False,False,,infobox,https://en.wikipedia.org/wiki/2006_Indianapolis_Colts_season
2006,JAX,HC,Jack Del Rio,1,1,False,False,,both,https://en.wikipedia.org/wiki/2006_Jacksonville_Jaguars_season
2006,JAX,OC,Carl Smith,1,1,False,False,,both,https://en.wikipedia.org/wiki/2006_Jacksonville_Jaguars_season
2006,JAX,DC,Mike Smith,1,1,False,False,,both,https://en.wikipedia.org/wiki/2006_Jacksonville_Jaguars_season
2006,KC,HC,Herm Edwards,1,1,False,False,,both,https://en.wikipedia.org/wiki/2006_Kansas_City_Chiefs_season
2006,KC,OC,Mike Solari,1,1,False,False,,both,https://en.wikipedia.org/wiki/2006_Kansas_City_Chiefs_season
2006,KC,DC,Gunther Cunningham,1,1,False,False,,both,https://en.wikipedia.org/wiki/2006_Kansas_City_Chiefs_season
2006,LAC,HC,Marty Schottenheimer,1,1,False,False,,both,https://en.wikipedia.org/wiki/2006_San_Diego_Chargers_season
2006,LAC,OC,Cam Cameron,1,1,False,False,,both,https://en.wikipedia.org/wiki/2006_San_Diego_Chargers_season
2006,LAC,DC,Wade Phillips,1,1,False,False,,both,https://en.wikipedia.org/wiki/2006_San_Diego_Chargers_season
2006,LAR,HC,Scott Linehan,1,1,False,False,,infobox,https://en.wikipedia.org/wiki/2006_St._Louis_Rams_season
2006,MIA,HC,Nick Saban,1,1,False,False,,both,https://en.wikipedia.org/wiki/2006_Miami_Dolphins_season
2006,MIA,OC,Mike Mularkey,1,1,False,False,,staff_section,https://en.wikipedia.org/wiki/2006_Miami_Dolphins_season
2006,MIA,DC,Dom Capers,1,1,False,False,,staff_section,https://en.wikipedia.org/wiki/2006_Miami_Dolphins_season
2006,MIN,HC,Brad Childress,1,1,False,False,,both,https://en.wikipedia.org/wiki/2006_Minnesota_Vikings_season
2006,MIN,OC,Darrell Bevell,1,1,False,False,,staff_section,https://en.wikipedia.org/wiki/2006_Minnesota_Vikings_season
2006,MIN,DC,Mike Tomlin,1,1,False,False,,staff_section,https://en.wikipedia.org/wiki/2006_Minnesota_Vikings_season
2006,NE,HC,Bill Belichick,1,1,False,False,,infobox,https://en.wikipedia.org/wiki/2006_New_England_Patriots_season
2006,NE,OC,Josh McDaniels,1,1,False,False,,infobox,https://en.wikipedia.org/wiki/2006_New_England_Patriots_season
2006,NE,DC,Dean Pees,1,1,False,False,,infobox,https://en.wikipedia.org/wiki/2006_New_England_Patriots_season
2006,NO,HC,Sean Payton,1,1,False,False,,both,https://en.wikipedia.org/wiki/2006_New_Orleans_Saints_season
2006,NO,OC,Doug Marrone,1,1,False,False,,both,https://en.wikipedia.org/wiki/2006_New_Orleans_Saints_season
2006,NO,DC,Gary Gibbs,1,1,False,False,,both,https://en.wikipedia.org/wiki/2006_New_Orleans_Saints_season
2006,NYG,HC,Tom Coughlin,1,1,False,False,,infobox,https://en.wikipedia.org/wiki/2006_New_York_Giants_season
2006,NYG,OC,John Hufnagel,1,1,False,False,,infobox,https://en.wikipedia.org/wiki/2006_New_York_Giants_season
2006,NYG,DC,Tim Lewis,1,1,False,False,,infobox,https://en.wikipedia.org/wiki/2006_New_York_Giants_season
2006,NYJ,HC,Eric Mangini,1,1,False,False,,both,https://en.wikipedia.org/wiki/2006_New_York_Jets_season
2006,NYJ,OC,Brian Schottenheimer,1,1,False,False,,both,https://en.wikipedia.org/wiki/2006_New_York_Jets_season
2006,NYJ,DC,Bob Sutton,1,1,False,False,,both,https://en.wikipedia.org/wiki/2006_New_York_Jets_season
2006,OAK,HC,Art Shell,1,1,False,False,,infobox,https://en.wikipedia.org/wiki/2006_Oakland_Raiders_season
2006,PHI,HC,Andy Reid,1,1,False,False,,both,https://en.wikipedia.org/wiki/2006_Philadelphia_Eagles_season
2006,PHI,OC,Marty Mornhinweg,1,1,False,False,,both,https://en.wikipedia.org/wiki/2006_Philadelphia_Eagles_season
2006,PHI,DC,Jim Johnson,1,1,False,False,,both,https://en.wikipedia.org/wiki/2006_Philadelphia_Eagles_season
2006,PIT,HC,Bill Cowher,1,1,False,False,,both,https://en.wikipedia.org/wiki/2006_Pittsburgh_Steelers_season
2006,PIT,OC,Ken Whisenhunt,1,1,False,False,,both,https://en.wikipedia.org/wiki/2006_Pittsburgh_Steelers_season
2006,PIT,DC,Dick LeBeau,1,1,False,False,,both,https://en.wikipedia.org/wiki/2006_Pittsburgh_Steelers_season
2006,SEA,HC,Mike Holmgren,1,1,False,False,,infobox,https://en.wikipedia.org/wiki/2006_Seattle_Seahawks_season
2006,SEA,OC,Gil Haskell,1,1,False,False,,infobox,https://en.wikipedia.org/wiki/2006_Seattle_Seahawks_season
2006,SEA,DC,John Marshall,1,1,False,False,,infobox,https://en.wikipedia.org/wiki/2006_Seattle_Seahawks_season
2006,SF,HC,Mike Nolan,1,1,False,False,,both,https://en.wikipedia.org/wiki/2006_San_Francisco_49ers_season
2006,SF,OC,Norv Turner,1,1,False,False,,both,https://en.wikipedia.org/wiki/2006_San_Francisco_49ers_season
2006,SF,DC,Bill Davis,1,1,False,False,,both,https://en.wikipedia.org/wiki/2006_San_Francisco_49ers_season
2006,TB,HC,Jon Gruden,1,1,False,False,,both,https://en.wikipedia.org/wiki/2006_Tampa_Bay_Buccaneers_season
2006,TB,OC,Bill Muir,1,1,False,False,,staff_section,https://en.wikipedia.org/wiki/2006_Tampa_Bay_Buccaneers_season
2006,TB,DC,Monte Kiffin,1,1,False,False,,staff_section,https://en.wikipedia.org/wiki/2006_Tampa_Bay_Buccaneers_season
2006,TEN,HC,Jeff Fisher,1,1,False,False,,both,https://en.wikipedia.org/wiki/2006_Tennessee_Titans_season
2006,TEN,OC,Norm Chow,1,1,False,False,,staff_section,https://en.wikipedia.org/wiki/2006_Tennessee_Titans_season
2006,TEN,DC,Jim Schwartz,1,1,False,False,,staff_section,https://en.wikipedia.org/wiki/2006_Tennessee_Titans_season
2006,WSH,HC,Joe Gibbs,1,1,False,False,,both,https://en.wikipedia.org/wiki/2006_Washington_Redskins_season
2006,WSH,OC,Al Saunders,1,2,False,False,,infobox,https://en.wikipedia.org/wiki/2006_Washington_Redskins_season
2006,WSH,OC,Don Breaux,2,2,False,False,,staff_section,https://en.wikipedia.org/wiki/2006_Washington_Redskins_season
2006,WSH,DC,Gregg Williams,1,2,False,False,,infobox,https://en.wikipedia.org/wiki/2006_Washington_Redskins_season
2006,WSH,DC,Greg Blache,2,2,False,False,,staff_section,https://en.wikipedia.org/wiki/2006_Washington_Redskins_season
2007,ARI,HC,Ken Whisenhunt,1,1,False,False,,infobox,https://en.wikipedia.org/wiki/2007_Arizona_Cardinals_season
2007,ATL,HC,Bobby Petrino,1,2,False,False,resigned December 10; 3–10 record,both,https://en.wikipedia.org/wiki/2007_Atlanta_Falcons_season
2007,ATL,HC,Emmitt Thomas,2,2,False,True,interim; 1–2 record,both,https://en.wikipedia.org/wiki/2007_Atlanta_Falcons_season
2007,ATL,OC,Hue Jackson,1,1,False,False,,staff_section,https://en.wikipedia.org/wiki/2007_Atlanta_Falcons_season
2007,ATL,DC,Mike Zimmer,1,1,False,False,,staff_section,https://en.wikipedia.org/wiki/2007_Atlanta_Falcons_season
2007,BAL,HC,Brian Billick,1,1,False,False,,infobox,https://en.wikipedia.org/wiki/2007_Baltimore_Ravens_season
2007,BAL,OC,Rick Neuheisel,1,1,False,False,,infobox,https://en.wikipedia.org/wiki/2007_Baltimore_Ravens_season
2007,BAL,DC,Rex Ryan,1,1,False,False,,infobox,https://en.wikipedia.org/wiki/2007_Baltimore_Ravens_season
2007,BUF,HC,Dick Jauron,1,1,False,False,,both,https://en.wikipedia.org/wiki/2007_Buffalo_Bills_season
2007,BUF,OC,Steve Fairchild,1,1,False,False,,staff_section,https://en.wikipedia.org/wiki/2007_Buffalo_Bills_season
2007,BUF,DC,Perry Fewell,1,1,False,False,,staff_section,https://en.wikipedia.org/wiki/2007_Buffalo_Bills_season
2007,CAR,HC,John Fox,1,1,False,False,,both,https://en.wikipedia.org/wiki/2007_Carolina_Panthers_season
2007,CAR,OC,Jeff Davidson,1,1,False,False,,both,https://en.wikipedia.org/wiki/2007_Carolina_Panthers_season
2007,CAR,DC,Mike Trgovac,1,1,False,False,,both,https://en.wikipedia.org/wiki/2007_Carolina_Panthers_season
2007,CHI,HC,Lovie Smith,1,1,False,False,,infobox,https://en.wikipedia.org/wiki/2007_Chicago_Bears_season
2007,CHI,OC,Ron Turner,1,1,False,False,,infobox,https://en.wikipedia.org/wiki/2007_Chicago_Bears_season
2007,CHI,DC,Bob Babich,1,1,False,False,,infobox,https://en.wikipedia.org/wiki/2007_Chicago_Bears_season
2007,CIN,HC,Marvin Lewis,1,1,False,False,,infobox,https://en.wikipedia.org/wiki/2007_Cincinnati_Bengals_season
2007,CIN,OC,Bob Bratkowski,1,1,False,False,,infobox,https://en.wikipedia.org/wiki/2007_Cincinnati_Bengals_season
2007,CIN,DC,Chuck Bresnahan,1,1,False,False,,infobox,https://en.wikipedia.org/wiki/2007_Cincinnati_Bengals_season
2007,CLE,HC,Romeo Crennel,1,1,False,False,,infobox,https://en.wikipedia.org/wiki/2007_Cleveland_Browns_season
2007,DAL,HC,Wade Phillips,1,1,False,False,,infobox,https://en.wikipedia.org/wiki/2007_Dallas_Cowboys_season
2007,DAL,OC,Jason Garrett,1,1,False,False,,infobox,https://en.wikipedia.org/wiki/2007_Dallas_Cowboys_season
2007,DAL,DC,Brian Stewart,1,1,False,False,,infobox,https://en.wikipedia.org/wiki/2007_Dallas_Cowboys_season
2007,DEN,HC,Mike Shanahan,1,1,False,False,,both,https://en.wikipedia.org/wiki/2007_Denver_Broncos_season
2007,DEN,OC,Rick Dennison,1,1,False,False,,both,https://en.wikipedia.org/wiki/2007_Denver_Broncos_season
2007,DEN,DC,Bob Slowik,1,1,False,False,,both,https://en.wikipedia.org/wiki/2007_Denver_Broncos_season
2007,DET,HC,Rod Marinelli,1,1,False,False,,infobox,https://en.wikipedia.org/wiki/2007_Detroit_Lions_season
2007,GB,HC,Mike McCarthy,1,1,False,False,,infobox,https://en.wikipedia.org/wiki/2007_Green_Bay_Packers_season
2007,GB,OC,Joe Philbin,1,1,False,False,,infobox,https://en.wikipedia.org/wiki/2007_Green_Bay_Packers_season
2007,GB,DC,Bob Sanders,1,1,False,False,,infobox,https://en.wikipedia.org/wiki/2007_Green_Bay_Packers_season
2007,HOU,HC,Gary Kubiak,1,1,False,False,,both,https://en.wikipedia.org/wiki/2007_Houston_Texans_season
2007,HOU,OC,Mike Sherman,1,1,False,False,,both,https://en.wikipedia.org/wiki/2007_Houston_Texans_season
2007,HOU,DC,Richard Smith,1,1,False,False,,both,https://en.wikipedia.org/wiki/2007_Houston_Texans_season
2007,IND,HC,Tony Dungy,1,1,False,False,,infobox,https://en.wikipedia.org/wiki/2007_Indianapolis_Colts_season
2007,IND,OC,Tom Moore,1,1,False,False,,infobox,https://en.wikipedia.org/wiki/2007_Indianapolis_Colts_season
2007,IND,DC,Ron Meeks,1,1,False,False,,infobox,https://en.wikipedia.org/wiki/2007_Indianapolis_Colts_season
2007,JAX,HC,Jack Del Rio,1,1,False,False,,both,https://en.wikipedia.org/wiki/2007_Jacksonville_Jaguars_season
2007,JAX,OC,Dirk Koetter,1,1,False,False,,both,https://en.wikipedia.org/wiki/2007_Jacksonville_Jaguars_season
2007,JAX,DC,Mike Smith,1,1,False,False,,both,https://en.wikipedia.org/wiki/2007_Jacksonville_Jaguars_season
2007,KC,HC,Herm Edwards,1,1,False,False,,infobox,https://en.wikipedia.org/wiki/2007_Kansas_City_Chiefs_season
2007,KC,OC,Mike Solari,1,1,False,False,,infobox,https://en.wikipedia.org/wiki/2007_Kansas_City_Chiefs_season
2007,KC,DC,Gunther Cunningham,1,1,False,False,,infobox,https://en.wikipedia.org/wiki/2007_Kansas_City_Chiefs_season
2007,LAC,HC,Norv Turner,1,1,False,False,,infobox,https://en.wikipedia.org/wiki/2007_San_Diego_Chargers_season
2007,LAC,OC,Clarence Shelmon,1,1,False,False,,infobox,https://en.wikipedia.org/wiki/2007_San_Diego_Chargers_season
2007,LAC,DC,Ted Cottrell,1,1,False,False,,infobox,https://en.wikipedia.org/wiki/2007_San_Diego_Chargers_season
2007,LAR,HC,Scott Linehan,1,1,False,False,,infobox,https://en.wikipedia.org/wiki/2007_St._Louis_Rams_season
2007,MIA,HC,Cam Cameron,1,1,False,False,,infobox,https://en.wikipedia.org/wiki/2007_Miami_Dolphins_season
2007,MIN,HC,Brad Childress,1,1,False,False,,both,https://en.wikipedia.org/wiki/2007_Minnesota_Vikings_season
2007,MIN,OC,Darrell Bevell,1,1,False,False,,staff_section,https://en.wikipedia.org/wiki/2007_Minnesota_Vikings_season
2007,MIN,DC,Leslie Frazier,1,1,False,False,,staff_section,https://en.wikipedia.org/wiki/2007_Minnesota_Vikings_season
2007,NE,HC,Bill Belichick,1,1,False,False,,both,https://en.wikipedia.org/wiki/2007_New_England_Patriots_season
2007,NE,OC,Josh McDaniels,1,1,False,False,,both,https://en.wikipedia.org/wiki/2007_New_England_Patriots_season
2007,NE,DC,Dean Pees,1,1,False,False,,both,https://en.wikipedia.org/wiki/2007_New_England_Patriots_season
2007,NO,HC,Sean Payton,1,1,False,False,,both,https://en.wikipedia.org/wiki/2007_New_Orleans_Saints_season
2007,NO,OC,Doug Marrone,1,1,False,False,,staff_section,https://en.wikipedia.org/wiki/2007_New_Orleans_Saints_season
2007,NO,DC,Gary Gibbs,1,1,False,False,,staff_section,https://en.wikipedia.org/wiki/2007_New_Orleans_Saints_season
2007,NYG,HC,Tom Coughlin,1,1,False,False,,infobox,https://en.wikipedia.org/wiki/2007_New_York_Giants_season
2007,NYG,OC,Kevin Gilbride,1,1,False,False,,infobox,https://en.wikipedia.org/wiki/2007_New_York_Giants_season
2007,NYG,DC,Steve Spagnuolo,1,1,False,False,,infobox,https://en.wikipedia.org/wiki/2007_New_York_Giants_season
2007,NYJ,HC,Eric Mangini,1,1,False,False,,both,https://en.wikipedia.org/wiki/2007_New_York_Jets_season
2007,NYJ,OC,Brian Schottenheimer,1,1,False,False,,staff_section,https://en.wikipedia.org/wiki/2007_New_York_Jets_season
2007,NYJ,DC,Bob Sutton,1,1,False,False,,staff_section,https://en.wikipedia.org/wiki/2007_New_York_Jets_season
2007,OAK,HC,Lane Kiffin,1,1,False,False,,infobox,https://en.wikipedia.org/wiki/2007_Oakland_Raiders_season
2007,PHI,HC,Andy Reid,1,1,False,False,,infobox,https://en.wikipedia.org/wiki/2007_Philadelphia_Eagles_season
2007,PHI,OC,Marty Mornhinweg,1,1,False,False,,infobox,https://en.wikipedia.org/wiki/2007_Philadelphia_Eagles_season
2007,PHI,DC,Jim Johnson,1,1,False,False,,infobox,https://en.wikipedia.org/wiki/2007_Philadelphia_Eagles_season
2007,PIT,HC,Mike Tomlin,1,1,False,False,,both,https://en.wikipedia.org/wiki/2007_Pittsburgh_Steelers_season
2007,PIT,OC,Bruce Arians,1,1,False,False,,both,https://en.wikipedia.org/wiki/2007_Pittsburgh_Steelers_season
2007,PIT,DC,Dick LeBeau,1,1,False,False,,both,https://en.wikipedia.org/wiki/2007_Pittsburgh_Steelers_season
2007,SEA,HC,Mike Holmgren,1,1,False,False,,infobox,https://en.wikipedia.org/wiki/2007_Seattle_Seahawks_season
2007,SEA,OC,Gil Haskell,1,1,False,False,,infobox,https://en.wikipedia.org/wiki/2007_Seattle_Seahawks_season
2007,SEA,DC,John Marshall,1,1,False,False,,infobox,https://en.wikipedia.org/wiki/2007_Seattle_Seahawks_season
2007,SF,HC,Mike Nolan,1,1,False,False,,both,https://en.wikipedia.org/wiki/2007_San_Francisco_49ers_season
2007,SF,OC,Jim Hostler,1,1,False,False,,both,https://en.wikipedia.org/wiki/2007_San_Francisco_49ers_season
2007,SF,DC,Greg Manusky,1,1,False,False,,both,https://en.wikipedia.org/wiki/2007_San_Francisco_49ers_season
2007,TB,HC,Jon Gruden,1,1,False,False,,both,https://en.wikipedia.org/wiki/2007_Tampa_Bay_Buccaneers_season
2007,TB,OC,Bill Muir,1,1,False,False,,both,https://en.wikipedia.org/wiki/2007_Tampa_Bay_Buccaneers_season
2007,TB,DC,Monte Kiffin,1,1,False,False,,both,https://en.wikipedia.org/wiki/2007_Tampa_Bay_Buccaneers_season
2007,TEN,HC,Jeff Fisher,1,1,False,False,,both,https://en.wikipedia.org/wiki/2007_Tennessee_Titans_season
2007,TEN,OC,Norm Chow,1,1,False,False,,both,https://en.wikipedia.org/wiki/2007_Tennessee_Titans_season
2007,TEN,DC,Jim Schwartz,1,1,False,False,,both,https://en.wikipedia.org/wiki/2007_Tennessee_Titans_season
2007,WSH,HC,Joe Gibbs,1,1,False,False,,infobox,https://en.wikipedia.org/wiki/2007_Washington_Redskins_season
2007,WSH,OC,Al Saunders,1,1,False,False,,infobox,https://en.wikipedia.org/wiki/2007_Washington_Redskins_season
2007,WSH,DC,Gregg Williams,1,1,False,False,,infobox,https://en.wikipedia.org/wiki/2007_Washington_Redskins_season
2008,ARI,HC,Ken Whisenhunt,1,1,False,False,,infobox,https://en.wikipedia.org/wiki/2008_Arizona_Cardinals_season
2008,ARI,OC,Todd Haley,1,1,False,False,,infobox,https://en.wikipedia.org/wiki/2008_Arizona_Cardinals_season
2008,ARI,DC,Clancy Pendergast,1,1,False,False,,infobox,https://en.wikipedia.org/wiki/2008_Arizona_Cardinals_season
2008,ATL,HC,Mike Smith,1,1,False,False,,both,https://en.wikipedia.org/wiki/2008_Atlanta_Falcons_season
2008,ATL,OC,Mike Mularkey,1,1,False,False,,both,https://en.wikipedia.org/wiki/2008_Atlanta_Falcons_season
2008,ATL,DC,Brian VanGorder,1,1,False,False,,both,https://en.wikipedia.org/wiki/2008_Atlanta_Falcons_season
2008,BAL,HC,John Harbaugh,1,1,False,False,,infobox,https://en.wikipedia.org/wiki/2008_Baltimore_Ravens_season
2008,BAL,OC,Cam Cameron,1,1,False,False,,infobox,https://en.wikipedia.org/wiki/2008_Baltimore_Ravens_season
2008,BAL,DC,Rex Ryan,1,1,False,False,,infobox,https://en.wikipedia.org/wiki/2008_Baltimore_Ravens_season
2008,BUF,HC,Dick Jauron,1,1,False,False,,both,https://en.wikipedia.org/wiki/2008_Buffalo_Bills_season
2008,BUF,OC,Turk Schonert,1,1,False,False,,staff_section,https://en.wikipedia.org/wiki/2008_Buffalo_Bills_season
2008,BUF,DC,Perry Fewell,1,1,False,False,,staff_section,https://en.wikipedia.org/wiki/2008_Buffalo_Bills_season
2008,CAR,HC,John Fox,1,1,False,False,,both,https://en.wikipedia.org/wiki/2008_Carolina_Panthers_season
2008,CAR,OC,Jeff Davidson,1,1,False,False,,both,https://en.wikipedia.org/wiki/2008_Carolina_Panthers_season
2008,CAR,DC,Mike Trgovac,1,1,False,False,,both,https://en.wikipedia.org/wiki/2008_Carolina_Panthers_season
2008,CHI,HC,Lovie Smith,1,1,False,False,,infobox,https://en.wikipedia.org/wiki/2008_Chicago_Bears_season
2008,CHI,OC,Ron Turner,1,1,False,False,,infobox,https://en.wikipedia.org/wiki/2008_Chicago_Bears_season
2008,CHI,DC,Bob Babich,1,1,False,False,,infobox,https://en.wikipedia.org/wiki/2008_Chicago_Bears_season
2008,CIN,HC,Marvin Lewis,1,1,False,False,,infobox,https://en.wikipedia.org/wiki/2008_Cincinnati_Bengals_season
2008,CLE,HC,Romeo Crennel,1,1,False,False,,infobox,https://en.wikipedia.org/wiki/2008_Cleveland_Browns_season
2008,DAL,HC,Wade Phillips,1,1,False,False,,infobox,https://en.wikipedia.org/wiki/2008_Dallas_Cowboys_season
2008,DEN,HC,Mike Shanahan,1,1,False,False,,both,https://en.wikipedia.org/wiki/2008_Denver_Broncos_season
2008,DEN,OC,Rick Dennison,1,1,False,False,,both,https://en.wikipedia.org/wiki/2008_Denver_Broncos_season
2008,DEN,DC,Bob Slowik,1,1,False,False,,both,https://en.wikipedia.org/wiki/2008_Denver_Broncos_season
2008,DET,HC,Rod Marinelli,1,1,False,False,,infobox,https://en.wikipedia.org/wiki/2008_Detroit_Lions_season
2008,DET,OC,Jim Colletto,1,1,False,False,,infobox,https://en.wikipedia.org/wiki/2008_Detroit_Lions_season
2008,DET,DC,Joe Barry,1,1,False,False,,infobox,https://en.wikipedia.org/wiki/2008_Detroit_Lions_season
2008,GB,HC,Mike McCarthy,1,1,False,False,,infobox,https://en.wikipedia.org/wiki/2008_Green_Bay_Packers_season
2008,HOU,HC,Gary Kubiak,1,1,False,False,,both,https://en.wikipedia.org/wiki/2008_Houston_Texans_season
2008,HOU,OC,Kyle Shanahan,1,1,False,False,,both,https://en.wikipedia.org/wiki/2008_Houston_Texans_season
2008,HOU,DC,Richard Smith,1,1,False,False,,both,https://en.wikipedia.org/wiki/2008_Houston_Texans_season
2008,IND,HC,Tony Dungy,1,1,False,False,,infobox,https://en.wikipedia.org/wiki/2008_Indianapolis_Colts_season
2008,IND,OC,Tom Moore,1,1,False,False,,infobox,https://en.wikipedia.org/wiki/2008_Indianapolis_Colts_season
2008,IND,DC,Ron Meeks,1,1,False,False,,infobox,https://en.wikipedia.org/wiki/2008_Indianapolis_Colts_season
2008,JAX,HC,Jack Del Rio,1,1,False,False,,infobox,https://en.wikipedia.org/wiki/2008_Jacksonville_Jaguars_season
2008,JAX,OC,Dirk Koetter,1,1,False,False,,infobox,https://en.wikipedia.org/wiki/2008_Jacksonville_Jaguars_season
2008,JAX,DC,Gregg Williams,1,1,False,False,,infobox,https://en.wikipedia.org/wiki/2008_Jacksonville_Jaguars_season
2008,KC,HC,Herm Edwards,1,1,False,False,,infobox,https://en.wikipedia.org/wiki/2008_Kansas_City_Chiefs_season
2008,KC,OC,Chan Gailey,1,1,False,False,,infobox,https://en.wikipedia.org/wiki/2008_Kansas_City_Chiefs_season
2008,KC,DC,Gunther Cunningham,1,1,False,False,,infobox,https://en.wikipedia.org/wiki/2008_Kansas_City_Chiefs_season
2008,LAC,HC,Norv Turner,1,1,False,False,,infobox,https://en.wikipedia.org/wiki/2008_San_Diego_Chargers_season
2008,LAC,OC,Clarence Shelmon,1,1,False,False,,infobox,https://en.wikipedia.org/wiki/2008_San_Diego_Chargers_season
2008,LAC,DC,Ted Cottrell,1,2,False,False,"fired on October 28, 2008",infobox,https://en.wikipedia.org/wiki/2008_San_Diego_Chargers_season
2008,LAC,DC,Ron Rivera,2,2,False,True,interim,infobox,https://en.wikipedia.org/wiki/2008_San_Diego_Chargers_season
2008,LAR,HC,Scott Linehan,1,2,False,False,"fired September 29, 0–4 record",infobox,https://en.wikipedia.org/wiki/2008_St._Louis_Rams_season
2008,LAR,HC,Jim Haslett,2,2,False,True,"interim, 2–10 record",infobox,https://en.wikipedia.org/wiki/2008_St._Louis_Rams_season
2008,MIA,HC,Tony Sparano,1,1,False,False,,infobox,https://en.wikipedia.org/wiki/2008_Miami_Dolphins_season
2008,MIA,OC,Dan Henning,1,1,False,False,,infobox,https://en.wikipedia.org/wiki/2008_Miami_Dolphins_season
2008,MIA,DC,Paul Pasqualoni,1,1,False,False,,infobox,https://en.wikipedia.org/wiki/2008_Miami_Dolphins_season
2008,MIN,HC,Brad Childress,1,1,False,False,,both,https://en.wikipedia.org/wiki/2008_Minnesota_Vikings_season
2008,MIN,OC,Darrell Bevell,1,1,False,False,,both,https://en.wikipedia.org/wiki/2008_Minnesota_Vikings_season
2008,MIN,DC,Leslie Frazier,1,1,False,False,,both,https://en.wikipedia.org/wiki/2008_Minnesota_Vikings_season
2008,NE,HC,Bill Belichick,1,1,False,False,,infobox,https://en.wikipedia.org/wiki/2008_New_England_Patriots_season
2008,NO,HC,Sean Payton,1,1,False,False,,both,https://en.wikipedia.org/wiki/2008_New_Orleans_Saints_season
2008,NO,OC,Doug Marrone,1,1,False,False,,staff_section,https://en.wikipedia.org/wiki/2008_New_Orleans_Saints_season
2008,NO,DC,Gary Gibbs,1,1,False,False,,staff_section,https://en.wikipedia.org/wiki/2008_New_Orleans_Saints_season
2008,NYG,HC,Tom Coughlin,1,1,False,False,,infobox,https://en.wikipedia.org/wiki/2008_New_York_Giants_season
2008,NYG,OC,Kevin Gilbride,1,1,False,False,,infobox,https://en.wikipedia.org/wiki/2008_New_York_Giants_season
2008,NYG,DC,Steve Spagnuolo,1,1,False,False,,infobox,https://en.wikipedia.org/wiki/2008_New_York_Giants_season
2008,NYJ,HC,Eric Mangini,1,1,False,False,,both,https://en.wikipedia.org/wiki/2008_New_York_Jets_season
2008,NYJ,OC,Brian Schottenheimer,1,1,False,False,,staff_section,https://en.wikipedia.org/wiki/2008_New_York_Jets_season
2008,NYJ,DC,Bob Sutton,1,1,False,False,,staff_section,https://en.wikipedia.org/wiki/2008_New_York_Jets_season
2008,OAK,HC,Lane Kiffin,1,2,False,False,"fired September 30, 1-3 record",infobox,https://en.wikipedia.org/wiki/2008_Oakland_Raiders_season
2008,OAK,HC,Tom Cable,2,2,False,True,"interim, 4-8 record",infobox,https://en.wikipedia.org/wiki/2008_Oakland_Raiders_season
2008,PHI,HC,Andy Reid,1,1,False,False,,infobox,https://en.wikipedia.org/wiki/2008_Philadelphia_Eagles_season
2008,PHI,OC,Marty Mornhinweg,1,1,False,False,,infobox,https://en.wikipedia.org/wiki/2008_Philadelphia_Eagles_season
2008,PHI,DC,Jim Johnson,1,1,False,False,,infobox,https://en.wikipedia.org/wiki/2008_Philadelphia_Eagles_season
2008,PIT,HC,Mike Tomlin,1,1,False,False,,both,https://en.wikipedia.org/wiki/2008_Pittsburgh_Steelers_season
2008,PIT,OC,Bruce Arians,1,1,False,False,,both,https://en.wikipedia.org/wiki/2008_Pittsburgh_Steelers_season
2008,PIT,DC,Dick LeBeau,1,1,False,False,,both,https://en.wikipedia.org/wiki/2008_Pittsburgh_Steelers_season
2008,SEA,HC,Mike Holmgren,1,1,False,False,,infobox,https://en.wikipedia.org/wiki/2008_Seattle_Seahawks_season
2008,SF,HC,Mike Nolan,1,2,False,False,"fired October 20, 2–5 record",both,https://en.wikipedia.org/wiki/2008_San_Francisco_49ers_season
2008,SF,HC,Mike Singletary,2,2,False,True,"interim, 5–4 record",infobox,https://en.wikipedia.org/wiki/2008_San_Francisco_49ers_season
2008,SF,OC,Mike Martz,1,1,False,False,,both,https://en.wikipedia.org/wiki/2008_San_Francisco_49ers_season
2008,SF,DC,Greg Manusky,1,1,False,False,,both,https://en.wikipedia.org/wiki/2008_San_Francisco_49ers_season
2008,TB,HC,Jon Gruden,1,1,False,False,,both,https://en.wikipedia.org/wiki/2008_Tampa_Bay_Buccaneers_season
2008,TB,OC,Bill Muir,1,1,False,False,,staff_section,https://en.wikipedia.org/wiki/2008_Tampa_Bay_Buccaneers_season
2008,TB,DC,Monte Kiffin,1,1,False,False,,staff_section,https://en.wikipedia.org/wiki/2008_Tampa_Bay_Buccaneers_season
2008,TEN,HC,Jeff Fisher,1,1,False,False,,infobox,https://en.wikipedia.org/wiki/2008_Tennessee_Titans_season
2008,TEN,OC,Mike Heimerdinger,1,1,False,False,,infobox,https://en.wikipedia.org/wiki/2008_Tennessee_Titans_season
2008,TEN,DC,Jim Schwartz,1,1,False,False,,infobox,https://en.wikipedia.org/wiki/2008_Tennessee_Titans_season
2008,WSH,HC,Jim Zorn,1,1,False,False,,infobox,https://en.wikipedia.org/wiki/2008_Washington_Redskins_season
2008,WSH,OC,Sherman Smith,1,1,False,False,,infobox,https://en.wikipedia.org/wiki/2008_Washington_Redskins_season
2008,WSH,DC,Greg Blache,1,1,False,False,,infobox,https://en.wikipedia.org/wiki/2008_Washington_Redskins_season
2009,ARI,HC,Ken Whisenhunt,1,1,False,False,,infobox,https://en.wikipedia.org/wiki/2009_Arizona_Cardinals_season
2009,ARI,DC,Billy Davis,1,1,False,False,,infobox,https://en.wikipedia.org/wiki/2009_Arizona_Cardinals_season
2009,ATL,HC,Mike Smith,1,1,False,False,,both,https://en.wikipedia.org/wiki/2009_Atlanta_Falcons_season
2009,ATL,OC,Mike Mularkey,1,1,False,False,,staff_section,https://en.wikipedia.org/wiki/2009_Atlanta_Falcons_season
2009,ATL,DC,Brian VanGorder,1,1,False,False,,staff_section,https://en.wikipedia.org/wiki/2009_Atlanta_Falcons_season
2009,BAL,HC,John Harbaugh,1,1,False,False,,infobox,https://en.wikipedia.org/wiki/2009_Baltimore_Ravens_season
2009,BAL,OC,Cam Cameron,1,1,False,False,,infobox,https://en.wikipedia.org/wiki/2009_Baltimore_Ravens_season
2009,BAL,DC,Greg Mattison,1,1,False,False,,infobox,https://en.wikipedia.org/wiki/2009_Baltimore_Ravens_season
2009,BUF,HC,Dick Jauron,1,2,False,False,"fired November 17, 3–6 record",infobox,https://en.wikipedia.org/wiki/2009_Buffalo_Bills_season
2009,BUF,HC,Perry Fewell,2,2,False,True,"interim, 3–4 record",infobox,https://en.wikipedia.org/wiki/2009_Buffalo_Bills_season
2009,CAR,HC,John Fox,1,1,False,False,,infobox,https://en.wikipedia.org/wiki/2009_Carolina_Panthers_season
2009,CHI,HC,Lovie Smith,1,1,False,False,,infobox,https://en.wikipedia.org/wiki/2009_Chicago_Bears_season
2009,CIN,HC,Marvin Lewis,1,1,False,False,,infobox,https://en.wikipedia.org/wiki/2009_Cincinnati_Bengals_season
2009,CIN,OC,Bob Bratkowski,1,1,False,False,,infobox,https://en.wikipedia.org/wiki/2009_Cincinnati_Bengals_season
2009,CIN,DC,Mike Zimmer,1,1,False,False,,infobox,https://en.wikipedia.org/wiki/2009_Cincinnati_Bengals_season
2009,CLE,HC,Eric Mangini,1,1,False,False,,both,https://en.wikipedia.org/wiki/2009_Cleveland_Browns_season
2009,CLE,OC,Brian Daboll,1,1,False,False,,staff_section,https://en.wikipedia.org/wiki/2009_Cleveland_Browns_season
2009,CLE,DC,Rob Ryan,1,1,False,False,,staff_section,https://en.wikipedia.org/wiki/2009_Cleveland_Browns_season
2009,DAL,HC,Wade Phillips,1,1,False,False,,both,https://en.wikipedia.org/wiki/2009_Dallas_Cowboys_season
2009,DAL,OC,Jason Garrett,1,1,False,False,,both,https://en.wikipedia.org/wiki/2009_Dallas_Cowboys_season
2009,DEN,HC,Josh McDaniels,1,1,False,False,,both,https://en.wikipedia.org/wiki/2009_Denver_Broncos_season
2009,DEN,OC,Mike McCoy,1,1,False,False,,staff_section,https://en.wikipedia.org/wiki/2009_Denver_Broncos_season
2009,DEN,DC,Mike Nolan,1,1,False,False,,staff_section,https://en.wikipedia.org/wiki/2009_Denver_Broncos_season
2009,DET,HC,Jim Schwartz,1,1,False,False,,infobox,https://en.wikipedia.org/wiki/2009_Detroit_Lions_season
2009,GB,HC,Mike McCarthy,1,1,False,False,,infobox,https://en.wikipedia.org/wiki/2009_Green_Bay_Packers_season
2009,GB,OC,Joe Philbin,1,1,False,False,,infobox,https://en.wikipedia.org/wiki/2009_Green_Bay_Packers_season
2009,GB,DC,Dom Capers,1,1,False,False,,infobox,https://en.wikipedia.org/wiki/2009_Green_Bay_Packers_season
2009,HOU,HC,Gary Kubiak,1,1,False,False,,both,https://en.wikipedia.org/wiki/2009_Houston_Texans_season
2009,HOU,OC,Kyle Shanahan,1,1,False,False,,both,https://en.wikipedia.org/wiki/2009_Houston_Texans_season
2009,HOU,DC,Frank Bush,1,1,False,False,,both,https://en.wikipedia.org/wiki/2009_Houston_Texans_season
2009,IND,HC,Jim Caldwell,1,1,False,False,,infobox,https://en.wikipedia.org/wiki/2009_Indianapolis_Colts_season
2009,IND,OC,Tom Moore,1,1,False,False,,infobox,https://en.wikipedia.org/wiki/2009_Indianapolis_Colts_season
2009,IND,DC,Larry Coyer,1,1,False,False,,infobox,https://en.wikipedia.org/wiki/2009_Indianapolis_Colts_season
2009,JAX,HC,Jack Del Rio,1,1,False,False,,infobox,https://en.wikipedia.org/wiki/2009_Jacksonville_Jaguars_season
2009,JAX,OC,Dirk Koetter,1,1,False,False,,infobox,https://en.wikipedia.org/wiki/2009_Jacksonville_Jaguars_season
2009,JAX,DC,Mel Tucker,1,1,False,False,,infobox,https://en.wikipedia.org/wiki/2009_Jacksonville_Jaguars_season
2009,KC,HC,Todd Haley,1,1,False,False,,infobox,https://en.wikipedia.org/wiki/2009_Kansas_City_Chiefs_season
2009,LAC,HC,Norv Turner,1,1,False,False,,infobox,https://en.wikipedia.org/wiki/2009_San_Diego_Chargers_season
2009,LAC,OC,Clarence Shelmon,1,1,False,False,,infobox,https://en.wikipedia.org/wiki/2009_San_Diego_Chargers_season
2009,LAC,DC,Ron Rivera,1,1,False,False,,infobox,https://en.wikipedia.org/wiki/2009_San_Diego_Chargers_season
2009,LAR,HC,Steve Spagnuolo,1,1,False,False,,infobox,https://en.wikipedia.org/wiki/2009_St._Louis_Rams_season
2009,MIA,HC,Tony Sparano,1,1,False,False,,infobox,https://en.wikipedia.org/wiki/2009_Miami_Dolphins_season
2009,MIN,HC,Brad Childress,1,1,False,False,,both,https://en.wikipedia.org/wiki/2009_Minnesota_Vikings_season
2009,MIN,OC,Darrell Bevell,1,1,False,False,,both,https://en.wikipedia.org/wiki/2009_Minnesota_Vikings_season
2009,MIN,DC,Leslie Frazier,1,1,False,False,,both,https://en.wikipedia.org/wiki/2009_Minnesota_Vikings_season
2009,NE,HC,Bill Belichick,1,1,False,False,,infobox,https://en.wikipedia.org/wiki/2009_New_England_Patriots_season
2009,NE,DC,Dean Pees,1,1,False,False,,infobox,https://en.wikipedia.org/wiki/2009_New_England_Patriots_season
2009,NO,HC,Sean Payton,1,1,False,False,,infobox,https://en.wikipedia.org/wiki/2009_New_Orleans_Saints_season
2009,NO,OC,Pete Carmichael Jr.,1,1,False,False,,infobox,https://en.wikipedia.org/wiki/2009_New_Orleans_Saints_season
2009,NO,DC,Gregg Williams,1,1,False,False,,infobox,https://en.wikipedia.org/wiki/2009_New_Orleans_Saints_season
2009,NYG,HC,Tom Coughlin,1,1,False,False,,infobox,https://en.wikipedia.org/wiki/2009_New_York_Giants_season
2009,NYJ,HC,Rex Ryan,1,1,False,False,,both,https://en.wikipedia.org/wiki/2009_New_York_Jets_season
2009,NYJ,OC,Brian Schottenheimer,1,1,False,False,,both,https://en.wikipedia.org/wiki/2009_New_York_Jets_season
2009,NYJ,DC,Mike Pettine,1,1,False,False,,both,https://en.wikipedia.org/wiki/2009_New_York_Jets_season
2009,OAK,HC,Tom Cable,1,1,False,False,,infobox,https://en.wikipedia.org/wiki/2009_Oakland_Raiders_season
2009,PHI,HC,Andy Reid,1,1,False,False,,infobox,https://en.wikipedia.org/wiki/2009_Philadelphia_Eagles_season
2009,PHI,OC,Marty Mornhinweg,1,1,False,False,,infobox,https://en.wikipedia.org/wiki/2009_Philadelphia_Eagles_season
2009,PHI,DC,Sean McDermott,1,1,False,False,,infobox,https://en.wikipedia.org/wiki/2009_Philadelphia_Eagles_season
2009,PIT,HC,Mike Tomlin,1,1,False,False,,both,https://en.wikipedia.org/wiki/2009_Pittsburgh_Steelers_season
2009,PIT,OC,Bruce Arians,1,1,False,False,,both,https://en.wikipedia.org/wiki/2009_Pittsburgh_Steelers_season
2009,PIT,DC,Dick LeBeau,1,1,False,False,,both,https://en.wikipedia.org/wiki/2009_Pittsburgh_Steelers_season
2009,SEA,HC,Jim L. Mora,1,1,False,False,,infobox,https://en.wikipedia.org/wiki/2009_Seattle_Seahawks_season
2009,SF,HC,Mike Singletary,1,1,False,False,,both,https://en.wikipedia.org/wiki/2009_San_Francisco_49ers_season
2009,SF,OC,Jimmy Raye,1,1,False,False,,both,https://en.wikipedia.org/wiki/2009_San_Francisco_49ers_season
2009,SF,DC,Greg Manusky,1,1,False,False,,both,https://en.wikipedia.org/wiki/2009_San_Francisco_49ers_season
2009,TB,HC,Raheem Morris,1,1,False,False,,both,https://en.wikipedia.org/wiki/2009_Tampa_Bay_Buccaneers_season
2009,TB,OC,Greg Olson,1,1,False,False,,staff_section,https://en.wikipedia.org/wiki/2009_Tampa_Bay_Buccaneers_season
2009,TB,DC,Jim Bates,1,1,False,False,,staff_section,https://en.wikipedia.org/wiki/2009_Tampa_Bay_Buccaneers_season
2009,TEN,HC,Jeff Fisher,1,1,False,False,,infobox,https://en.wikipedia.org/wiki/2009_Tennessee_Titans_season
2009,WSH,HC,Jim Zorn,1,1,False,False,,infobox,https://en.wikipedia.org/wiki/2009_Washington_Redskins_season
2009,WSH,OC,Sherman Lewis,1,1,False,False,,infobox,https://en.wikipedia.org/wiki/2009_Washington_Redskins_season
2009,WSH,DC,Greg Blache,1,1,False,False,,infobox,https://en.wikipedia.org/wiki/2009_Washington_Redskins_season
2010,ARI,HC,Ken Whisenhunt,1,1,False,False,,infobox,https://en.wikipedia.org/wiki/2010_Arizona_Cardinals_season
2010,ATL,HC,Mike Smith,1,1,False,False,,infobox,https://en.wikipedia.org/wiki/2010_Atlanta_Falcons_season
2010,ATL,OC,Mike Mularkey,1,1,False,False,,infobox,https://en.wikipedia.org/wiki/2010_Atlanta_Falcons_season
2010,ATL,DC,Brian VanGorder,1,1,False,False,,infobox,https://en.wikipedia.org/wiki/2010_Atlanta_Falcons_season
2010,BAL,HC,John Harbaugh,1,1,False,False,,infobox,https://en.wikipedia.org/wiki/2010_Baltimore_Ravens_season
2010,BAL,OC,Cam Cameron,1,1,False,False,,infobox,https://en.wikipedia.org/wiki/2010_Baltimore_Ravens_season
2010,BAL,DC,Greg Mattison,1,1,False,False,,infobox,https://en.wikipedia.org/wiki/2010_Baltimore_Ravens_season
2010,BUF,HC,Chan Gailey,1,1,False,False,,infobox,https://en.wikipedia.org/wiki/2010_Buffalo_Bills_season
2010,CAR,HC,John Fox,1,1,False,False,,infobox,https://en.wikipedia.org/wiki/2010_Carolina_Panthers_season
2010,CHI,HC,Lovie Smith,1,1,False,False,,infobox,https://en.wikipedia.org/wiki/2010_Chicago_Bears_season
2010,CHI,OC,Mike Martz,1,1,False,False,,infobox,https://en.wikipedia.org/wiki/2010_Chicago_Bears_season
2010,CHI,DC,Rod Marinelli,1,1,False,False,,infobox,https://en.wikipedia.org/wiki/2010_Chicago_Bears_season
2010,CIN,HC,Marvin Lewis,1,1,False,False,,infobox,https://en.wikipedia.org/wiki/2010_Cincinnati_Bengals_season
2010,CLE,HC,Eric Mangini,1,1,False,False,,infobox,https://en.wikipedia.org/wiki/2010_Cleveland_Browns_season
2010,CLE,OC,Brian Daboll,1,1,False,False,,infobox,https://en.wikipedia.org/wiki/2010_Cleveland_Browns_season
2010,CLE,DC,Rob Ryan,1,1,False,False,,infobox,https://en.wikipedia.org/wiki/2010_Cleveland_Browns_season
2010,DAL,HC,Wade Phillips,1,2,False,False,"fired November 8, 1–7 record | fired Nov 8, 2010",both,https://en.wikipedia.org/wiki/2010_Dallas_Cowboys_season
2010,DAL,HC,Jason Garrett,2,2,False,True,"interim, 5–3 record",both,https://en.wikipedia.org/wiki/2010_Dallas_Cowboys_season
2010,DAL,DC,Paul Pasqualoni,1,1,False,False,,staff_section,https://en.wikipedia.org/wiki/2010_Dallas_Cowboys_season
2010,DEN,HC,Josh McDaniels,1,2,False,False,fired on December 6; 3–9 record,both,https://en.wikipedia.org/wiki/2010_Denver_Broncos_season
2010,DEN,HC,Eric Studesville,2,2,False,True,interim; 1–3 record,infobox,https://en.wikipedia.org/wiki/2010_Denver_Broncos_season
2010,DEN,OC,Mike McCoy,1,1,False,False,,staff_section,https://en.wikipedia.org/wiki/2010_Denver_Broncos_season
2010,DEN,DC,Don Martindale,1,1,False,False,,staff_section,https://en.wikipedia.org/wiki/2010_Denver_Broncos_season
2010,DET,HC,Jim Schwartz,1,1,False,False,,infobox,https://en.wikipedia.org/wiki/2010_Detroit_Lions_season
2010,GB,HC,Mike McCarthy,1,1,False,False,,infobox,https://en.wikipedia.org/wiki/2010_Green_Bay_Packers_season
2010,GB,OC,Joe Philbin,1,1,False,False,,infobox,https://en.wikipedia.org/wiki/2010_Green_Bay_Packers_season
2010,GB,DC,Dom Capers,1,1,False,False,,infobox,https://en.wikipedia.org/wiki/2010_Green_Bay_Packers_season
2010,HOU,HC,Gary Kubiak,1,1,False,False,,both,https://en.wikipedia.org/wiki/2010_Houston_Texans_season
2010,HOU,OC,Rick Dennison,1,1,False,False,,both,https://en.wikipedia.org/wiki/2010_Houston_Texans_season
2010,HOU,DC,Frank Bush,1,1,False,False,,both,https://en.wikipedia.org/wiki/2010_Houston_Texans_season
2010,IND,HC,Jim Caldwell,1,1,False,False,,infobox,https://en.wikipedia.org/wiki/2010_Indianapolis_Colts_season
2010,IND,OC,Clyde Christensen,1,1,False,False,,infobox,https://en.wikipedia.org/wiki/2010_Indianapolis_Colts_season
2010,IND,DC,Larry Coyer,1,1,False,False,,infobox,https://en.wikipedia.org/wiki/2010_Indianapolis_Colts_season
2010,JAX,HC,Jack Del Rio,1,1,False,False,,infobox,https://en.wikipedia.org/wiki/2010_Jacksonville_Jaguars_season
2010,JAX,OC,Dirk Koetter,1,1,False,False,,infobox,https://en.wikipedia.org/wiki/2010_Jacksonville_Jaguars_season
2010,JAX,DC,Mel Tucker,1,1,False,False,,infobox,https://en.wikipedia.org/wiki/2010_Jacksonville_Jaguars_season
2010,KC,HC,Todd Haley,1,1,False,False,,infobox,https://en.wikipedia.org/wiki/2010_Kansas_City_Chiefs_season
2010,KC,OC,Charlie Weis,1,1,False,False,,infobox,https://en.wikipedia.org/wiki/2010_Kansas_City_Chiefs_season
2010,KC,DC,Romeo Crennel,1,1,False,False,,infobox,https://en.wikipedia.org/wiki/2010_Kansas_City_Chiefs_season
2010,LAC,HC,Norv Turner,1,1,False,False,,infobox,https://en.wikipedia.org/wiki/2010_San_Diego_Chargers_season
2010,LAR,HC,Steve Spagnuolo,1,1,False,False,,infobox,https://en.wikipedia.org/wiki/2010_St._Louis_Rams_season
2010,MIA,HC,Tony Sparano,1,1,False,False,,infobox,https://en.wikipedia.org/wiki/2010_Miami_Dolphins_season
2010,MIN,HC,Brad Childress,1,2,False,False,fired on November 22; 3–7 record,both,https://en.wikipedia.org/wiki/2010_Minnesota_Vikings_season
2010,MIN,HC,Leslie Frazier,2,2,False,True,interim; 3–3 record,both,https://en.wikipedia.org/wiki/2010_Minnesota_Vikings_season
2010,MIN,OC,Darrell Bevell,1,1,False,False,,staff_section,https://en.wikipedia.org/wiki/2010_Minnesota_Vikings_season
2010,NE,HC,Bill Belichick,1,1,False,False,,infobox,https://en.wikipedia.org/wiki/2010_New_England_Patriots_season
2010,NO,HC,Sean Payton,1,1,False,False,,infobox,https://en.wikipedia.org/wiki/2010_New_Orleans_Saints_season
2010,NO,OC,Pete Carmichael Jr.,1,1,False,False,,infobox,https://en.wikipedia.org/wiki/2010_New_Orleans_Saints_season
2010,NO,DC,Gregg Williams,1,1,False,False,,infobox,https://en.wikipedia.org/wiki/2010_New_Orleans_Saints_season
2010,NYG,HC,Tom Coughlin,1,1,False,False,,infobox,https://en.wikipedia.org/wiki/2010_New_York_Giants_season
2010,NYJ,HC,Rex Ryan,1,1,False,False,,both,https://en.wikipedia.org/wiki/2010_New_York_Jets_season
2010,NYJ,OC,Brian Schottenheimer,1,1,False,False,,both,https://en.wikipedia.org/wiki/2010_New_York_Jets_season
2010,NYJ,DC,Mike Pettine,1,1,False,False,,both,https://en.wikipedia.org/wiki/2010_New_York_Jets_season
2010,OAK,HC,Tom Cable,1,1,False,False,,infobox,https://en.wikipedia.org/wiki/2010_Oakland_Raiders_season
2010,PHI,HC,Andy Reid,1,1,False,False,,infobox,https://en.wikipedia.org/wiki/2010_Philadelphia_Eagles_season
2010,PHI,OC,Marty Mornhinweg,1,1,False,False,,infobox,https://en.wikipedia.org/wiki/2010_Philadelphia_Eagles_season
2010,PHI,DC,Sean McDermott,1,1,False,False,,infobox,https://en.wikipedia.org/wiki/2010_Philadelphia_Eagles_season
2010,PIT,HC,Mike Tomlin,1,1,False,False,,infobox,https://en.wikipedia.org/wiki/2010_Pittsburgh_Steelers_season
2010,PIT,OC,Bruce Arians,1,1,False,False,,infobox,https://en.wikipedia.org/wiki/2010_Pittsburgh_Steelers_season
2010,PIT,DC,Dick LeBeau,1,1,False,False,,infobox,https://en.wikipedia.org/wiki/2010_Pittsburgh_Steelers_season
2010,SEA,HC,Pete Carroll,1,1,False,False,,both,https://en.wikipedia.org/wiki/2010_Seattle_Seahawks_season
2010,SEA,OC,Jeremy Bates,1,1,False,False,,both,https://en.wikipedia.org/wiki/2010_Seattle_Seahawks_season
2010,SEA,DC,Gus Bradley,1,1,False,False,,both,https://en.wikipedia.org/wiki/2010_Seattle_Seahawks_season
2010,SF,HC,Mike Singletary,1,2,False,False,"fired December 26, 5–10 record",infobox,https://en.wikipedia.org/wiki/2010_San_Francisco_49ers_season
2010,SF,HC,Jim Tomsula,2,2,False,True,"interim, 1–0 record",infobox,https://en.wikipedia.org/wiki/2010_San_Francisco_49ers_season
2010,SF,OC,Jimmy Raye,1,1,False,False,,infobox,https://en.wikipedia.org/wiki/2010_San_Francisco_49ers_season
2010,SF,DC,Greg Manusky,1,1,False,False,,infobox,https://en.wikipedia.org/wiki/2010_San_Francisco_49ers_season
2010,TB,HC,Raheem Morris,1,1,False,False,,infobox,https://en.wikipedia.org/wiki/2010_Tampa_Bay_Buccaneers_season
2010,TEN,HC,Jeff Fisher,1,1,False,False,,infobox,https://en.wikipedia.org/wiki/2010_Tennessee_Titans_season
2010,WSH,HC,Mike Shanahan,1,1,False,False,,infobox,https://en.wikipedia.org/wiki/2010_Washington_Redskins_season
2010,WSH,OC,Kyle Shanahan,1,1,False,False,,infobox,https://en.wikipedia.org/wiki/2010_Washington_Redskins_season
2010,WSH,DC,Jim Haslett,1,1,False,False,,infobox,https://en.wikipedia.org/wiki/2010_Washington_Redskins_season
