season,franchise,role,person,order_in_season,n_holders_that_season,is_co_holder,is_interim,note,source,wiki_url
2011,ARI,HC,Ken Whisenhunt,1,1,False,False,,infobox,https://en.wikipedia.org/wiki/2011_Arizona_Cardinals_season
2011,ATL,HC,Mike Smith,1,1,False,False,,infobox,https://en.wikipedia.org/wiki/2011_Atlanta_Falcons_season
2011,ATL,OC,Mike Mularkey,1,1,False,False,,infobox,https://en.wikipedia.org/wiki/2011_Atlanta_Falcons_season
2011,ATL,DC,Brian VanGorder,1,1,False,False,,infobox,https://en.wikipedia.org/wiki/2011_Atlanta_Falcons_season
2011,BAL,HC,John Harbaugh,1,1,False,False,,infobox,https://en.wikipedia.org/wiki/2011_Baltimore_Ravens_season
2011,BAL,OC,Cam Cameron,1,1,False,False,,infobox,https://en.wikipedia.org/wiki/2011_Baltimore_Ravens_season
2011,BAL,DC,Chuck Pagano,1,1,False,False,,infobox,https://en.wikipedia.org/wiki/2011_Baltimore_Ravens_season
2011,BUF,HC,Chan Gailey,1,1,False,False,,infobox,https://en.wikipedia.org/wiki/2011_Buffalo_Bills_season
2011,CAR,HC,Ron Rivera,1,1,False,False,,infobox,https://en.wikipedia.org/wiki/2011_Carolina_Panthers_season
2011,CHI,HC,Lovie Smith,1,1,False,False,,infobox,https://en.wikipedia.org/wiki/2011_Chicago_Bears_season
2011,CIN,HC,Marvin Lewis,1,1,False,False,,infobox,https://en.wikipedia.org/wiki/2011_Cincinnati_Bengals_season
2011,CIN,OC,Jay Gruden,1,1,False,False,,infobox,https://en.wikipedia.org/wiki/2011_Cincinnati_Bengals_season
2011,CIN,DC,Mike Zimmer,1,1,False,False,,infobox,https://en.wikipedia.org/wiki/2011_Cincinnati_Bengals_season
2011,CLE,HC,Pat Shurmur,1,1,False,False,,infobox,https://en.wikipedia.org/wiki/2011_Cleveland_Browns_season
2011,CLE,DC,Dick Jauron,1,1,False,False,,infobox,https://en.wikipedia.org/wiki/2011_Cleveland_Browns_season
2011,DAL,HC,Jason Garrett,1,1,False,False,,both,https://en.wikipedia.org/wiki/2011_Dallas_Cowboys_season
2011,DAL,DC,Rob Ryan,1,1,False,False,,staff_section,https://en.wikipedia.org/wiki/2011_Dallas_Cowboys_season
2011,DEN,HC,John Fox,1,1,False,False,,both,https://en.wikipedia.org/wiki/2011_Denver_Broncos_season
2011,DEN,OC,Mike McCoy,1,1,False,False,,both,https://en.wikipedia.org/wiki/2011_Denver_Broncos_season
2011,DEN,DC,Dennis Allen,1,1,False,False,,both,https://en.wikipedia.org/wiki/2011_Denver_Broncos_season
2011,DET,HC,Jim Schwartz,1,1,False,False,,infobox,https://en.wikipedia.org/wiki/2011_Detroit_Lions_season
2011,DET,OC,Scott Linehan,1,1,False,False,,infobox,https://en.wikipedia.org/wiki/2011_Detroit_Lions_season
2011,DET,DC,Gunther Cunningham,1,1,False,False,,infobox,https://en.wikipedia.org/wiki/2011_Detroit_Lions_season
2011,GB,HC,Mike McCarthy,1,1,False,False,,infobox,https://en.wikipedia.org/wiki/2011_Green_Bay_Packers_season
2011,GB,OC,Joe Philbin,1,1,False,False,,infobox,https://en.wikipedia.org/wiki/2011_Green_Bay_Packers_season
2011,GB,DC,Dom Capers,1,1,False,False,,infobox,https://en.wikipedia.org/wiki/2011_Green_Bay_Packers_season
2011,HOU,HC,Gary Kubiak,1,1,False,False,,infobox,https://en.wikipedia.org/wiki/2011_Houston_Texans_season
2011,HOU,OC,Rick Dennison,1,1,False,False,,infobox,https://en.wikipedia.org/wiki/2011_Houston_Texans_season
2011,HOU,DC,Wade Phillips,1,1,False,False,,infobox,https://en.wikipedia.org/wiki/2011_Houston_Texans_season
2011,IND,HC,Jim Caldwell,1,1,False,False,,infobox,https://en.wikipedia.org/wiki/2011_Indianapolis_Colts_season
2011,JAX,HC,Jack Del Rio,1,2,False,False,fired November 29; 3–8 record,infobox,https://en.wikipedia.org/wiki/2011_Jacksonville_Jaguars_season
2011,JAX,HC,Mel Tucker,2,2,False,True,interim; 2–3 record,infobox,https://en.wikipedia.org/wiki/2011_Jacksonville_Jaguars_season
2011,JAX,OC,Dirk Koetter,1,1,False,False,,infobox,https://en.wikipedia.org/wiki/2011_Jacksonville_Jaguars_season
2011,JAX,DC,Mel Tucker,1,1,False,False,,infobox,https://en.wikipedia.org/wiki/2011_Jacksonville_Jaguars_season
2011,KC,HC,Todd Haley,1,2,False,False,"fired Dec. 12, 5–8 record | fired Dec 12, 2011",both,https://en.wikipedia.org/wiki/2011_Kansas_City_Chiefs_season
2011,KC,HC,Romeo Crennel,2,2,False,True,"interim, 2–1 record",both,https://en.wikipedia.org/wiki/2011_Kansas_City_Chiefs_season
2011,KC,OC,Bill Muir,1,1,False,False,,both,https://en.wikipedia.org/wiki/2011_Kansas_City_Chiefs_season
2011,KC,DC,Romeo Crennel,1,1,False,False,,both,https://en.wikipedia.org/wiki/2011_Kansas_City_Chiefs_season
2011,LAC,HC,Norv Turner,1,1,False,False,,infobox,https://en.wikipedia.org/wiki/2011_San_Diego_Chargers_season
2011,LAR,HC,Steve Spagnuolo,1,1,False,False,,infobox,https://en.wikipedia.org/wiki/2011_St._Louis_Rams_season
2011,MIA,HC,Tony Sparano,1,2,False,False,fired on December 12; 4–9 record,infobox,https://en.wikipedia.org/wiki/2011_Miami_Dolphins_season
2011,MIA,HC,Todd Bowles,2,2,False,True,interim; 2–1 record,infobox,https://en.wikipedia.org/wiki/2011_Miami_Dolphins_season
2011,MIN,HC,Leslie Frazier,1,1,False,False,,infobox,https://en.wikipedia.org/wiki/2011_Minnesota_Vikings_season
2011,NE,HC,Bill Belichick,1,1,False,False,,infobox,https://en.wikipedia.org/wiki/2011_New_England_Patriots_season
2011,NE,OC,Bill O'Brien,1,1,False,False,,infobox,https://en.wikipedia.org/wiki/2011_New_England_Patriots_season
2011,NO,HC,Sean Payton,1,1,False,False,,infobox,https://en.wikipedia.org/wiki/2011_New_Orleans_Saints_season
2011,NO,OC,Pete Carmichael Jr.,1,1,False,False,,infobox,https://en.wikipedia.org/wiki/2011_New_Orleans_Saints_season
2011,NO,DC,Gregg Williams,1,1,False,False,,infobox,https://en.wikipedia.org/wiki/2011_New_Orleans_Saints_season
2011,NYG,HC,Tom Coughlin,1,1,False,False,,infobox,https://en.wikipedia.org/wiki/2011_New_York_Giants_season
2011,NYJ,HC,Rex Ryan,1,1,False,False,,infobox,https://en.wikipedia.org/wiki/2011_New_York_Jets_season
2011,OAK,HC,Hue Jackson,1,1,False,False,,infobox,https://en.wikipedia.org/wiki/2011_Oakland_Raiders_season
2011,PHI,HC,Andy Reid,1,1,False,False,,infobox,https://en.wikipedia.org/wiki/2011_Philadelphia_Eagles_season
2011,PIT,HC,Mike Tomlin,1,1,False,False,,both,https://en.wikipedia.org/wiki/2011_Pittsburgh_Steelers_season
2011,PIT,OC,Bruce Arians,1,1,False,False,,both,https://en.wikipedia.org/wiki/2011_Pittsburgh_Steelers_season
2011,PIT,DC,Dick LeBeau,1,1,False,False,,both,https://en.wikipedia.org/wiki/2011_Pittsburgh_Steelers_season
2011,SEA,HC,Pete Carroll,1,1,False,False,,infobox,https://en.wikipedia.org/wiki/2011_Seattle_Seahawks_season
2011,SF,HC,Jim Harbaugh,1,1,False,False,,both,https://en.wikipedia.org/wiki/2011_San_Francisco_49ers_season
2011,SF,OC,Greg Roman,1,1,False,False,,both,https://en.wikipedia.org/wiki/2011_San_Francisco_49ers_season
2011,SF,DC,Vic Fangio,1,1,False,False,,both,https://en.wikipedia.org/wiki/2011_San_Francisco_49ers_season
2011,TB,HC,Raheem Morris,1,1,False,False,,infobox,https://en.wikipedia.org/wiki/2011_Tampa_Bay_Buccaneers_season
2011,TEN,HC,Mike Munchak,1,1,False,False,,infobox,https://en.wikipedia.org/wiki/2011_Tennessee_Titans_season
2011,WSH,HC,Mike Shanahan,1,1,False,False,,infobox,https://en.wikipedia.org/wiki/2011_Washington_Redskins_season
2011,WSH,OC,Kyle Shanahan,1,1,False,False,,infobox,https://en.wikipedia.org/wiki/2011_Washington_Redskins_season
2011,WSH,DC,Jim Haslett,1,1,False,False,,infobox,https://en.wikipedia.org/wiki/2011_Washington_Redskins_season
2012,ARI,HC,Ken Whisenhunt,1,1,False,False,,both,https://en.wikipedia.org/wiki/2012_Arizona_Cardinals_season
2012,ARI,OC,Mike Miller,1,1,False,False,,staff_section,https://en.wikipedia.org/wiki/2012_Arizona_Cardinals_season
2012,ARI,DC,Ray Horton,1,1,False,False,,staff_section,https://en.wikipedia.org/wiki/2012_Arizona_Cardinals_season
2012,ATL,HC,Mike Smith,1,1,False,False,,both,https://en.wikipedia.org/wiki/2012_Atlanta_Falcons_season
2012,ATL,OC,Dirk Koetter,1,1,False,False,,both,https://en.wikipedia.org/wiki/2012_Atlanta_Falcons_season
2012,ATL,DC,Mike Nolan,1,1,False,False,,both,https://en.wikipedia.org/wiki/2012_Atlanta_Falcons_season
2012,BAL,HC,John Harbaugh,1,1,False,False,,both,https://en.wikipedia.org/wiki/2012_Baltimore_Ravens_season
2012,BAL,OC,Cam Cameron,1,2,False,False,fired Dec 10,both,https://en.wikipedia.org/wiki/2012_Baltimore_Ravens_season
2012,BAL,OC,Jim Caldwell,2,2,False,True,interim,both,https://en.wikipedia.org/wiki/2012_Baltimore_Ravens_season
2012,BAL,DC,Dean Pees,1,1,False,False,,both,https://en.wikipedia.org/wiki/2012_Baltimore_Ravens_season
2012,BUF,HC,Chan Gailey,1,1,False,False,,both,https://en.wikipedia.org/wiki/2012_Buffalo_Bills_season
2012,BUF,OC,Curtis Modkins,1,1,False,False,,staff_section,https://en.wikipedia.org/wiki/2012_Buffalo_Bills_season
2012,BUF,DC,Dave Wannstedt,1,1,False,False,,staff_section,https://en.wikipedia.org/wiki/2012_Buffalo_Bills_season
2012,CAR,HC,Ron Rivera,1,1,False,False,,both,https://en.wikipedia.org/wiki/2012_Carolina_Panthers_season
2012,CAR,OC,Rob Chudzinski,1,1,False,False,,staff_section,https://en.wikipedia.org/wiki/2012_Carolina_Panthers_season
2012,CAR,DC,Sean McDermott,1,1,False,False,,staff_section,https://en.wikipedia.org/wiki/2012_Carolina_Panthers_season
2012,CHI,HC,Lovie Smith,1,1,False,False,,both,https://en.wikipedia.org/wiki/2012_Chicago_Bears_season
2012,CHI,OC,Mike Tice,1,1,False,False,,staff_section,https://en.wikipedia.org/wiki/2012_Chicago_Bears_season
2012,CHI,DC,Rod Marinelli,1,1,False,False,,staff_section,https://en.wikipedia.org/wiki/2012_Chicago_Bears_season
2012,CIN,HC,Marvin Lewis,1,1,False,False,,both,https://en.wikipedia.org/wiki/2012_Cincinnati_Bengals_season
2012,CIN,OC,Jay Gruden,1,1,False,False,,both,https://en.wikipedia.org/wiki/2012_Cincinnati_Bengals_season
2012,CIN,DC,Mike Zimmer,1,1,False,False,,both,https://en.wikipedia.org/wiki/2012_Cincinnati_Bengals_season
2012,CLE,HC,Pat Shurmur,1,1,False,False,,both,https://en.wikipedia.org/wiki/2012_Cleveland_Browns_season
2012,CLE,OC,Brad Childress,1,1,False,False,,staff_section,https://en.wikipedia.org/wiki/2012_Cleveland_Browns_season
2012,CLE,DC,Dick Jauron,1,1,False,False,,staff_section,https://en.wikipedia.org/wiki/2012_Cleveland_Browns_season
2012,DAL,HC,Jason Garrett,1,1,False,False,,both,https://en.wikipedia.org/wiki/2012_Dallas_Cowboys_season
2012,DAL,OC,Bill Callahan,1,1,False,False,,staff_section,https://en.wikipedia.org/wiki/2012_Dallas_Cowboys_season
2012,DAL,DC,Rob Ryan,1,1,False,False,,staff_section,https://en.wikipedia.org/wiki/2012_Dallas_Cowboys_season
2012,DEN,HC,John Fox,1,1,False,False,,both,https://en.wikipedia.org/wiki/2012_Denver_Broncos_season
2012,DEN,OC,Mike McCoy,1,1,False,False,,both,https://en.wikipedia.org/wiki/2012_Denver_Broncos_season
2012,DEN,DC,Jack Del Rio,1,1,False,False,,both,https://en.wikipedia.org/wiki/2012_Denver_Broncos_season
2012,DET,HC,Jim Schwartz,1,1,False,False,,both,https://en.wikipedia.org/wiki/2012_Detroit_Lions_season
2012,DET,OC,Scott Linehan,1,1,False,False,,both,https://en.wikipedia.org/wiki/2012_Detroit_Lions_season
2012,DET,DC,Gunther Cunningham,1,1,False,False,,both,https://en.wikipedia.org/wiki/2012_Detroit_Lions_season
2012,GB,HC,Mike McCarthy,1,1,False,False,,both,https://en.wikipedia.org/wiki/2012_Green_Bay_Packers_season
2012,GB,OC,Tom Clements,1,1,False,False,,both,https://en.wikipedia.org/wiki/2012_Green_Bay_Packers_season
2012,GB,DC,Dom Capers,1,1,False,False,,both,https://en.wikipedia.org/wiki/2012_Green_Bay_Packers_season
2012,HOU,HC,Gary Kubiak,1,1,False,False,,both,https://en.wikipedia.org/wiki/2012_Houston_Texans_season
2012,HOU,OC,Rick Dennison,1,1,False,False,,both,https://en.wikipedia.org/wiki/2012_Houston_Texans_season
2012,HOU,DC,Wade Phillips,1,1,False,False,,both,https://en.wikipedia.org/wiki/2012_Houston_Texans_season
2012,IND,HC,Chuck Pagano,1,2,False,False,,both,https://en.wikipedia.org/wiki/2012_Indianapolis_Colts_season
2012,IND,HC,Bruce Arians,2,2,False,True,interim; weeks 5–16,both,https://en.wikipedia.org/wiki/2012_Indianapolis_Colts_season
2012,IND,OC,Bruce Arians,1,1,False,False,,infobox,https://en.wikipedia.org/wiki/2012_Indianapolis_Colts_season
2012,IND,DC,Greg Manusky,1,1,False,False,,both,https://en.wikipedia.org/wiki/2012_Indianapolis_Colts_season
2012,JAX,HC,Mike Mularkey,1,1,False,False,,both,https://en.wikipedia.org/wiki/2012_Jacksonville_Jaguars_season
2012,JAX,OC,Bob Bratkowski,1,1,False,False,,both,https://en.wikipedia.org/wiki/2012_Jacksonville_Jaguars_season
2012,JAX,DC,Mel Tucker,1,1,False,False,,both,https://en.wikipedia.org/wiki/2012_Jacksonville_Jaguars_season
2012,KC,HC,Romeo Crennel,1,1,False,False,,both,https://en.wikipedia.org/wiki/2012_Kansas_City_Chiefs_season
2012,KC,OC,Brian Daboll,1,1,False,False,,both,https://en.wikipedia.org/wiki/2012_Kansas_City_Chiefs_season
2012,LAC,HC,Norv Turner,1,1,False,False,,both,https://en.wikipedia.org/wiki/2012_San_Diego_Chargers_season
2012,LAC,OC,Hal Hunter,1,1,False,False,,staff_section,https://en.wikipedia.org/wiki/2012_San_Diego_Chargers_season
2012,LAC,DC,John Pagano,1,1,False,False,,staff_section,https://en.wikipedia.org/wiki/2012_San_Diego_Chargers_season
2012,LAR,HC,Jeff Fisher,1,1,False,False,,both,https://en.wikipedia.org/wiki/2012_St._Louis_Rams_season
2012,LAR,OC,Brian Schottenheimer,1,1,False,False,,staff_section,https://en.wikipedia.org/wiki/2012_St._Louis_Rams_season
2012,LAR,DC,Gregg Williams,1,1,False,False,,staff_section,https://en.wikipedia.org/wiki/2012_St._Louis_Rams_season
2012,MIA,HC,Joe Philbin,1,1,False,False,,both,https://en.wikipedia.org/wiki/2012_Miami_Dolphins_season
2012,MIA,OC,Mike Sherman,1,1,False,False,,staff_section,https://en.wikipedia.org/wiki/2012_Miami_Dolphins_season
2012,MIA,DC,Kevin Coyle,1,1,False,False,,staff_section,https://en.wikipedia.org/wiki/2012_Miami_Dolphins_season
2012,MIN,HC,Leslie Frazier,1,1,False,False,,both,https://en.wikipedia.org/wiki/2012_Minnesota_Vikings_season
2012,MIN,OC,Bill Musgrave,1,1,False,False,,both,https://en.wikipedia.org/wiki/2012_Minnesota_Vikings_season
2012,MIN,DC,Alan Williams,1,1,False,False,,both,https://en.wikipedia.org/wiki/2012_Minnesota_Vikings_season
2012,NE,HC,Bill Belichick,1,1,False,False,,both,https://en.wikipedia.org/wiki/2012_New_England_Patriots_season
2012,NE,OC,Josh McDaniels,1,1,False,False,,both,https://en.wikipedia.org/wiki/2012_New_England_Patriots_season
2012,NE,DC,Matt Patricia,1,1,False,False,,both,https://en.wikipedia.org/wiki/2012_New_England_Patriots_season
2012,NO,HC,Sean Payton,1,4,False,False,suspended entire season,infobox,https://en.wikipedia.org/wiki/2012_New_Orleans_Saints_season
2012,NO,HC,Joe Vitt,2,4,False,True,"Interim, games 7–16",infobox,https://en.wikipedia.org/wiki/2012_New_Orleans_Saints_season
2012,NO,HC,Aaron Kromer,3,4,False,True,"Interim, games 1–6",infobox,https://en.wikipedia.org/wiki/2012_New_Orleans_Saints_season
2012,NO,HC,Sean Payton,4,4,False,False,,staff_section,https://en.wikipedia.org/wiki/2012_New_Orleans_Saints_season
2012,NO,OC,Pete Carmichael Jr.,1,1,False,False,,staff_section,https://en.wikipedia.org/wiki/2012_New_Orleans_Saints_season
2012,NO,DC,Steve Spagnuolo,1,1,False,False,,staff_section,https://en.wikipedia.org/wiki/2012_New_Orleans_Saints_season
2012,NYG,HC,Tom Coughlin,1,1,False,False,,both,https://en.wikipedia.org/wiki/2012_New_York_Giants_season
2012,NYG,OC,Kevin Gilbride,1,1,False,False,,staff_section,https://en.wikipedia.org/wiki/2012_New_York_Giants_season
2012,NYG,DC,Perry Fewell,1,1,False,False,,staff_section,https://en.wikipedia.org/wiki/2012_New_York_Giants_season
2012,NYJ,HC,Rex Ryan,1,1,False,False,,both,https://en.wikipedia.org/wiki/2012_New_York_Jets_season
2012,NYJ,OC,Tony Sparano,1,1,False,False,,staff_section,https://en.wikipedia.org/wiki/2012_New_York_Jets_season
2012,NYJ,DC,Mike Pettine,1,1,False,False,,staff_section,https://en.wikipedia.org/wiki/2012_New_York_Jets_season
2012,OAK,HC,Dennis Allen,1,1,False,False,,both,https://en.wikipedia.org/wiki/2012_Oakland_Raiders_season
2012,OAK,OC,Greg Knapp,1,1,False,False,,staff_section,https://en.wikipedia.org/wiki/2012_Oakland_Raiders_season
2012,OAK,DC,Jason Tarver,1,1,False,False,,staff_section,https://en.wikipedia.org/wiki/2012_Oakland_Raiders_season
2012,PHI,HC,Andy Reid,1,1,False,False,,both,https://en.wikipedia.org/wiki/2012_Philadelphia_Eagles_season
2012,PHI,OC,Marty Mornhinweg,1,1,False,False,,staff_section,https://en.wikipedia.org/wiki/2012_Philadelphia_Eagles_season
2012,PHI,DC,Juan Castillo,1,2,False,False,,staff_section,https://en.wikipedia.org/wiki/2012_Philadelphia_Eagles_season
2012,PHI,DC,Todd Bowles,2,2,False,False,,staff_section,https://en.wikipedia.org/wiki/2012_Philadelphia_Eagles_season
2012,PIT,HC,Mike Tomlin,1,1,False,False,,both,https://en.wikipedia.org/wiki/2012_Pittsburgh_Steelers_season
2012,PIT,OC,Todd Haley,1,1,False,False,,both,https://en.wikipedia.org/wiki/2012_Pittsburgh_Steelers_season
2012,PIT,DC,Dick LeBeau,1,1,False,False,,both,https://en.wikipedia.org/wiki/2012_Pittsburgh_Steelers_season
2012,SEA,HC,Pete Carroll,1,1,False,False,,both,https://en.wikipedia.org/wiki/2012_Seattle_Seahawks_season
2012,SEA,OC,Darrell Bevell,1,1,False,False,,both,https://en.wikipedia.org/wiki/2012_Seattle_Seahawks_season
2012,SEA,DC,Gus Bradley,1,1,False,False,,both,https://en.wikipedia.org/wiki/2012_Seattle_Seahawks_season
2012,SF,HC,Jim Harbaugh,1,1,False,False,,both,https://en.wikipedia.org/wiki/2012_San_Francisco_49ers_season
2012,SF,OC,Greg Roman,1,1,False,False,,both,https://en.wikipedia.org/wiki/2012_San_Francisco_49ers_season
2012,SF,DC,Vic Fangio,1,1,False,False,,both,https://en.wikipedia.org/wiki/2012_San_Francisco_49ers_season
2012,TB,HC,Greg Schiano,1,1,False,False,,both,https://en.wikipedia.org/wiki/2012_Tampa_Bay_Buccaneers_season
2012,TB,OC,Mike Sullivan,1,1,False,False,,staff_section,https://en.wikipedia.org/wiki/2012_Tampa_Bay_Buccaneers_season
2012,TB,DC,Bill Sheridan,1,1,False,False,,staff_section,https://en.wikipedia.org/wiki/2012_Tampa_Bay_Buccaneers_season
2012,TEN,HC,Mike Munchak,1,1,False,False,,both,https://en.wikipedia.org/wiki/2012_Tennessee_Titans_season
2012,TEN,OC,Chris Palmer,1,2,False,False,"fired Nov. 26, 2012",staff_section,https://en.wikipedia.org/wiki/2012_Tennessee_Titans_season
2012,TEN,OC,Dowell Loggains,2,2,False,False,,staff_section,https://en.wikipedia.org/wiki/2012_Tennessee_Titans_season
2012,TEN,DC,Jerry Gray,1,1,False,False,,staff_section,https://en.wikipedia.org/wiki/2012_Tennessee_Titans_season
2012,WSH,HC,Mike Shanahan,1,1,False,False,,both,https://en.wikipedia.org/wiki/2012_Washington_Redskins_season
2012,WSH,OC,Kyle Shanahan,1,1,False,False,,both,https://en.wikipedia.org/wiki/2012_Washington_Redskins_season
2012,WSH,DC,Jim Haslett,1,1,False,False,,both,https://en.wikipedia.org/wiki/2012_Washington_Redskins_season
2013,ARI,HC,Bruce Arians,1,1,False,False,,both,https://en.wikipedia.org/wiki/2013_Arizona_Cardinals_season
2013,ARI,OC,Harold Goodwin,1,1,False,False,,staff_section,https://en.wikipedia.org/wiki/2013_Arizona_Cardinals_season
2013,ARI,DC,Todd Bowles,1,1,False,False,,staff_section,https://en.wikipedia.org/wiki/2013_Arizona_Cardinals_season
2013,ATL,HC,Mike Smith,1,1,False,False,,both,https://en.wikipedia.org/wiki/2013_Atlanta_Falcons_season
2013,ATL,OC,Dirk Koetter,1,1,False,False,,staff_section,https://en.wikipedia.org/wiki/2013_Atlanta_Falcons_season
2013,ATL,DC,Mike Nolan,1,1,False,False,,staff_section,https://en.wikipedia.org/wiki/2013_Atlanta_Falcons_season
2013,BAL,HC,John Harbaugh,1,1,False,False,,both,https://en.wikipedia.org/wiki/2013_Baltimore_Ravens_season
2013,BAL,OC,Jim Caldwell,1,1,False,False,,both,https://en.wikipedia.org/wiki/2013_Baltimore_Ravens_season
2013,BAL,DC,Dean Pees,1,1,False,False,,both,https://en.wikipedia.org/wiki/2013_Baltimore_Ravens_season
2013,BUF,HC,Doug Marrone,1,1,False,False,,both,https://en.wikipedia.org/wiki/2013_Buffalo_Bills_season
2013,BUF,OC,Nathaniel Hackett,1,1,False,False,,staff_section,https://en.wikipedia.org/wiki/2013_Buffalo_Bills_season
2013,BUF,DC,Mike Pettine,1,1,False,False,,staff_section,https://en.wikipedia.org/wiki/2013_Buffalo_Bills_season
2013,CAR,HC,Ron Rivera,1,1,False,False,,both,https://en.wikipedia.org/wiki/2013_Carolina_Panthers_season
2013,CAR,OC,Mike Shula,1,1,False,False,,both,https://en.wikipedia.org/wiki/2013_Carolina_Panthers_season
2013,CAR,DC,Sean McDermott,1,1,False,False,,both,https://en.wikipedia.org/wiki/2013_Carolina_Panthers_season
2013,CHI,HC,Marc Trestman,1,1,False,False,,both,https://en.wikipedia.org/wiki/2013_Chicago_Bears_season
2013,CHI,OC,Aaron Kromer,1,1,False,False,,staff_section,https://en.wikipedia.org/wiki/2013_Chicago_Bears_season
2013,CHI,DC,Mel Tucker,1,1,False,False,,staff_section,https://en.wikipedia.org/wiki/2013_Chicago_Bears_season
2013,CIN,HC,Marvin Lewis,1,1,False,False,,both,https://en.wikipedia.org/wiki/2013_Cincinnati_Bengals_season
2013,CIN,OC,Jay Gruden,1,1,False,False,,both,https://en.wikipedia.org/wiki/2013_Cincinnati_Bengals_season
2013,CIN,DC,Mike Zimmer,1,1,False,False,,both,https://en.wikipedia.org/wiki/2013_Cincinnati_Bengals_season
2013,CLE,HC,Rob Chudzinski,1,1,False,False,,both,https://en.wikipedia.org/wiki/2013_Cleveland_Browns_season
2013,CLE,OC,Norv Turner,1,1,False,False,,staff_section,https://en.wikipedia.org/wiki/2013_Cleveland_Browns_season
2013,CLE,DC,Ray Horton,1,1,False,False,,staff_section,https://en.wikipedia.org/wiki/2013_Cleveland_Browns_season
2013,DAL,HC,Jason Garrett,1,1,False,False,,both,https://en.wikipedia.org/wiki/2013_Dallas_Cowboys_season
2013,DAL,OC,Bill Callahan,1,1,False,False,,staff_section,https://en.wikipedia.org/wiki/2013_Dallas_Cowboys_season
2013,DAL,DC,Monte Kiffin,1,1,False,False,,staff_section,https://en.wikipedia.org/wiki/2013_Dallas_Cowboys_season
2013,DEN,HC,John Fox,1,2,False,False,,both,https://en.wikipedia.org/wiki/2013_Denver_Broncos_season
2013,DEN,HC,Jack Del Rio,2,2,False,True,"interim, weeks 10–13",infobox,https://en.wikipedia.org/wiki/2013_Denver_Broncos_season
2013,DEN,OC,Adam Gase,1,1,False,False,,both,https://en.wikipedia.org/wiki/2013_Denver_Broncos_season
2013,DEN,DC,Jack Del Rio,1,1,False,False,,both,https://en.wikipedia.org/wiki/2013_Denver_Broncos_season
2013,DET,HC,Jim Schwartz,1,1,False,False,,both,https://en.wikipedia.org/wiki/2013_Detroit_Lions_season
2013,DET,OC,Scott Linehan,1,1,False,False,,both,https://en.wikipedia.org/wiki/2013_Detroit_Lions_season
2013,DET,DC,Gunther Cunningham,1,1,False,False,,both,https://en.wikipedia.org/wiki/2013_Detroit_Lions_season
2013,GB,HC,Mike McCarthy,1,1,False,False,,both,https://en.wikipedia.org/wiki/2013_Green_Bay_Packers_season
2013,GB,OC,Tom Clements,1,1,False,False,,both,https://en.wikipedia.org/wiki/2013_Green_Bay_Packers_season
2013,GB,DC,Dom Capers,1,1,False,False,,both,https://en.wikipedia.org/wiki/2013_Green_Bay_Packers_season
2013,HOU,HC,Gary Kubiak,1,2,False,False,"fired on December 6, 2–11 record",both,https://en.wikipedia.org/wiki/2013_Houston_Texans_season
2013,HOU,HC,Wade Phillips,2,2,False,True,"Interim during Week 10 while Kubiak recovered from a mini-stroke; Interim from Weeks 15–17, 0–3 record",both,https://en.wikipedia.org/wiki/2013_Houston_Texans_season
2013,HOU,OC,Rick Dennison,1,1,False,False,,both,https://en.wikipedia.org/wiki/2013_Houston_Texans_season
2013,HOU,DC,Wade Phillips,1,1,False,False,,infobox,https://en.wikipedia.org/wiki/2013_Houston_Texans_season
2013,IND,HC,Chuck Pagano,1,1,False,False,,both,https://en.wikipedia.org/wiki/2013_Indianapolis_Colts_season
2013,IND,OC,Pep Hamilton,1,1,False,False,,both,https://en.wikipedia.org/wiki/2013_Indianapolis_Colts_season
2013,IND,DC,Greg Manusky,1,1,False,False,,both,https://en.wikipedia.org/wiki/2013_Indianapolis_Colts_season
2013,JAX,HC,Gus Bradley,1,1,False,False,,both,https://en.wikipedia.org/wiki/2013_Jacksonville_Jaguars_season
2013,JAX,OC,Jedd Fisch,1,1,False,False,,both,https://en.wikipedia.org/wiki/2013_Jacksonville_Jaguars_season
2013,JAX,DC,Bob Babich,1,1,False,False,,both,https://en.wikipedia.org/wiki/2013_Jacksonville_Jaguars_season
2013,KC,HC,Andy Reid,1,1,False,False,,both,https://en.wikipedia.org/wiki/2013_Kansas_City_Chiefs_season
2013,KC,OC,Doug Pederson,1,1,False,False,,both,https://en.wikipedia.org/wiki/2013_Kansas_City_Chiefs_season
2013,KC,DC,Bob Sutton,1,1,False,False,,both,https://en.wikipedia.org/wiki/2013_Kansas_City_Chiefs_season
2013,LAC,HC,Mike McCoy,1,1,False,False,,both,https://en.wikipedia.org/wiki/2013_San_Diego_Chargers_season
2013,LAC,OC,Ken Whisenhunt,1,1,False,False,,both,https://en.wikipedia.org/wiki/2013_San_Diego_Chargers_season
2013,LAC,DC,John Pagano,1,1,False,False,,both,https://en.wikipedia.org/wiki/2013_San_Diego_Chargers_season
2013,LAR,HC,Jeff Fisher,1,1,False,False,,both,https://en.wikipedia.org/wiki/2013_St._Louis_Rams_season
2013,LAR,OC,Brian Schottenheimer,1,1,False,False,,staff_section,https://en.wikipedia.org/wiki/2013_St._Louis_Rams_season
2013,LAR,DC,Tim Walton,1,1,False,False,,staff_section,https://en.wikipedia.org/wiki/2013_St._Louis_Rams_season
2013,MIA,HC,Joe Philbin,1,1,False,False,,both,https://en.wikipedia.org/wiki/2013_Miami_Dolphins_season
2013,MIA,OC,Mike Sherman,1,1,False,False,,staff_section,https://en.wikipedia.org/wiki/2013_Miami_Dolphins_season
2013,MIA,DC,Kevin Coyle,1,1,False,False,,staff_section,https://en.wikipedia.org/wiki/2013_Miami_Dolphins_season
2013,MIN,HC,Leslie Frazier,1,1,False,False,,both,https://en.wikipedia.org/wiki/2013_Minnesota_Vikings_season
2013,MIN,OC,Bill Musgrave,1,1,False,False,,staff_section,https://en.wikipedia.org/wiki/2013_Minnesota_Vikings_season
2013,MIN,DC,Alan Williams,1,1,False,False,,staff_section,https://en.wikipedia.org/wiki/2013_Minnesota_Vikings_season
2013,NE,HC,Bill Belichick,1,1,False,False,,both,https://en.wikipedia.org/wiki/2013_New_England_Patriots_season
2013,NE,OC,Josh McDaniels,1,1,False,False,,both,https://en.wikipedia.org/wiki/2013_New_England_Patriots_season
2013,NE,DC,Matt Patricia,1,1,False,False,,both,https://en.wikipedia.org/wiki/2013_New_England_Patriots_season
2013,NO,HC,Sean Payton,1,1,False,False,,both,https://en.wikipedia.org/wiki/2013_New_Orleans_Saints_season
2013,NO,OC,Pete Carmichael Jr.,1,1,False,False,,both,https://en.wikipedia.org/wiki/2013_New_Orleans_Saints_season
2013,NO,DC,Rob Ryan,1,1,False,False,,both,https://en.wikipedia.org/wiki/2013_New_Orleans_Saints_season
2013,NYG,HC,Tom Coughlin,1,1,False,False,,both,https://en.wikipedia.org/wiki/2013_New_York_Giants_season
2013,NYG,OC,Kevin Gilbride,1,1,False,False,,staff_section,https://en.wikipedia.org/wiki/2013_New_York_Giants_season
2013,NYG,DC,Perry Fewell,1,1,False,False,,staff_section,https://en.wikipedia.org/wiki/2013_New_York_Giants_season
2013,NYJ,HC,Rex Ryan,1,1,False,False,,both,https://en.wikipedia.org/wiki/2013_New_York_Jets_season
2013,NYJ,OC,Marty Mornhinweg,1,1,False,False,,staff_section,https://en.wikipedia.org/wiki/2013_New_York_Jets_season
2013,NYJ,DC,Dennis Thurman,1,1,False,False,,staff_section,https://en.wikipedia.org/wiki/2013_New_York_Jets_season
2013,OAK,HC,Dennis Allen,1,1,False,False,,both,https://en.wikipedia.org/wiki/2013_Oakland_Raiders_season
2013,OAK,OC,Greg Olson,1,1,False,False,,staff_section,https://en.wikipedia.org/wiki/2013_Oakland_Raiders_season
2013,OAK,DC,Jason Tarver,1,1,False,False,,staff_section,https://en.wikipedia.org/wiki/2013_Oakland_Raiders_season
2013,PHI,HC,Chip Kelly,1,1,False,False,,both,https://en.wikipedia.org/wiki/2013_Philadelphia_Eagles_season
2013,PHI,OC,Pat Shurmur,1,1,False,False,,both,https://en.wikipedia.org/wiki/2013_Philadelphia_Eagles_season
2013,PHI,DC,Billy Davis,1,1,False,False,,both,https://en.wikipedia.org/wiki/2013_Philadelphia_Eagles_season
2013,PIT,HC,Mike Tomlin,1,1,False,False,,both,https://en.wikipedia.org/wiki/2013_Pittsburgh_Steelers_season
2013,PIT,OC,Todd Haley,1,1,False,False,,both,https://en.wikipedia.org/wiki/2013_Pittsburgh_Steelers_season
2013,PIT,DC,Dick LeBeau,1,1,False,False,,both,https://en.wikipedia.org/wiki/2013_Pittsburgh_Steelers_season
2013,SEA,HC,Pete Carroll,1,1,False,False,,both,https://en.wikipedia.org/wiki/2013_Seattle_Seahawks_season
2013,SEA,OC,Darrell Bevell,1,1,False,False,,both,https://en.wikipedia.org/wiki/2013_Seattle_Seahawks_season
2013,SEA,DC,Dan Quinn,1,1,False,False,,both,https://en.wikipedia.org/wiki/2013_Seattle_Seahawks_season
2013,SF,HC,Jim Harbaugh,1,1,False,False,,both,https://en.wikipedia.org/wiki/2013_San_Francisco_49ers_season
2013,SF,OC,Greg Roman,1,1,False,False,,both,https://en.wikipedia.org/wiki/2013_San_Francisco_49ers_season
2013,SF,DC,Vic Fangio,1,1,False,False,,both,https://en.wikipedia.org/wiki/2013_San_Francisco_49ers_season
2013,TB,HC,Greg Schiano,1,1,False,False,,both,https://en.wikipedia.org/wiki/2013_Tampa_Bay_Buccaneers_season
2013,TB,OC,Mike Sullivan,1,1,False,False,,staff_section,https://en.wikipedia.org/wiki/2013_Tampa_Bay_Buccaneers_season
2013,TB,DC,Bill Sheridan,1,1,False,False,,staff_section,https://en.wikipedia.org/wiki/2013_Tampa_Bay_Buccaneers_season
2013,TEN,HC,Mike Munchak,1,1,False,False,,both,https://en.wikipedia.org/wiki/2013_Tennessee_Titans_season
2013,TEN,OC,Dowell Loggains,1,1,False,False,,staff_section,https://en.wikipedia.org/wiki/2013_Tennessee_Titans_season
2013,TEN,DC,Jerry Gray,1,1,False,False,,staff_section,https://en.wikipedia.org/wiki/2013_Tennessee_Titans_season
2013,WSH,HC,Mike Shanahan,1,1,False,False,,both,https://en.wikipedia.org/wiki/2013_Washington_Redskins_season
2013,WSH,OC,Kyle Shanahan,1,1,False,False,,both,https://en.wikipedia.org/wiki/2013_Washington_Redskins_season
2013,WSH,DC,Jim Haslett,1,1,False,False,,both,https://en.wikipedia.org/wiki/2013_Washington_Redskins_season
2014,ARI,HC,Bruce Arians,1,1,False,False,,both,https://en.wikipedia.org/wiki/2014_Arizona_Cardinals_season
2014,ARI,OC,Harold Goodwin,1,1,False,False,,both,https://en.wikipedia.org/wiki/2014_Arizona_Cardinals_season
2014,ARI,DC,Todd Bowles,1,1,False,False,,both,https://en.wikipedia.org/wiki/2014_Arizona_Cardinals_season
2014,ATL,HC,Mike Smith,1,1,False,False,,both,https://en.wikipedia.org/wiki/2014_Atlanta_Falcons_season
2014,ATL,OC,Dirk Koetter,1,1,False,False,,staff_section,https://en.wikipedia.org/wiki/2014_Atlanta_Falcons_season
2014,ATL,DC,Mike Nolan,1,1,False,False,,staff_section,https://en.wikipedia.org/wiki/2014_Atlanta_Falcons_season
2014,BAL,HC,John Harbaugh,1,1,False,False,,both,https://en.wikipedia.org/wiki/2014_Baltimore_Ravens_season
2014,BAL,OC,Gary Kubiak,1,1,False,False,,both,https://en.wikipedia.org/wiki/2014_Baltimore_Ravens_season
2014,BAL,DC,Dean Pees,1,1,False,False,,both,https://en.wikipedia.org/wiki/2014_Baltimore_Ravens_season
2014,BUF,HC,Doug Marrone,1,1,False,False,,both,https://en.wikipedia.org/wiki/2014_Buffalo_Bills_season
2014,BUF,OC,Nathaniel Hackett,1,1,False,False,,staff_section,https://en.wikipedia.org/wiki/2014_Buffalo_Bills_season
2014,BUF,DC,Jim Schwartz,1,1,False,False,,staff_section,https://en.wikipedia.org/wiki/2014_Buffalo_Bills_season
2014,CAR,HC,Ron Rivera,1,1,False,False,,both,https://en.wikipedia.org/wiki/2014_Carolina_Panthers_season
2014,CAR,OC,Mike Shula,1,1,False,False,,both,https://en.wikipedia.org/wiki/2014_Carolina_Panthers_season
2014,CAR,DC,Sean McDermott,1,1,False,False,,both,https://en.wikipedia.org/wiki/2014_Carolina_Panthers_season
2014,CHI,HC,Marc Trestman,1,1,False,False,,both,https://en.wikipedia.org/wiki/2014_Chicago_Bears_season
2014,CHI,OC,Aaron Kromer,1,1,False,False,,staff_section,https://en.wikipedia.org/wiki/2014_Chicago_Bears_season
2014,CHI,DC,Mel Tucker,1,1,False,False,,staff_section,https://en.wikipedia.org/wiki/2014_Chicago_Bears_season
2014,CIN,HC,Marvin Lewis,1,1,False,False,,both,https://en.wikipedia.org/wiki/2014_Cincinnati_Bengals_season
2014,CIN,OC,Hue Jackson,1,1,False,False,,both,https://en.wikipedia.org/wiki/2014_Cincinnati_Bengals_season
2014,CIN,DC,Paul Guenther,1,1,False,False,,both,https://en.wikipedia.org/wiki/2014_Cincinnati_Bengals_season
2014,CLE,HC,Mike Pettine,1,1,False,False,,both,https://en.wikipedia.org/wiki/2014_Cleveland_Browns_season
2014,CLE,OC,Kyle Shanahan,1,1,False,False,,staff_section,https://en.wikipedia.org/wiki/2014_Cleveland_Browns_season
2014,CLE,DC,Jim O'Neil,1,1,False,False,,staff_section,https://en.wikipedia.org/wiki/2014_Cleveland_Browns_season
2014,DAL,HC,Jason Garrett,1,1,False,False,,both,https://en.wikipedia.org/wiki/2014_Dallas_Cowboys_season
2014,DAL,OC,Bill Callahan,1,1,False,False,,infobox,https://en.wikipedia.org/wiki/2014_Dallas_Cowboys_season
2014,DAL,DC,Rod Marinelli,1,1,False,False,,both,https://en.wikipedia.org/wiki/2014_Dallas_Cowboys_season
2014,DEN,HC,John Fox,1,1,False,False,,both,https://en.wikipedia.org/wiki/2014_Denver_Broncos_season
2014,DEN,OC,Adam Gase,1,1,False,False,,both,https://en.wikipedia.org/wiki/2014_Denver_Broncos_season
2014,DEN,DC,Jack Del Rio,1,1,False,False,,both,https://en.wikipedia.org/wiki/2014_Denver_Broncos_season
2014,DET,HC,Jim Caldwell,1,1,False,False,,both,https://en.wikipedia.org/wiki/2014_Detroit_Lions_season
2014,DET,OC,Joe Lombardi,1,1,False,False,,both,https://en.wikipedia.org/wiki/2014_Detroit_Lions_season
2014,DET,DC,Teryl Austin,1,1,False,False,,both,https://en.wikipedia.org/wiki/2014_Detroit_Lions_season
2014,GB,HC,Mike McCarthy,1,1,False,False,,both,https://en.wikipedia.org/wiki/2014_Green_Bay_Packers_season
2014,GB,OC,Tom Clements,1,1,False,False,,both,https://en.wikipedia.org/wiki/2014_Green_Bay_Packers_season
2014,GB,DC,Dom Capers,1,1,False,False,,both,https://en.wikipedia.org/wiki/2014_Green_Bay_Packers_season
2014,HOU,HC,Bill O'Brien,1,1,False,False,,both,https://en.wikipedia.org/wiki/2014_Houston_Texans_season
2014,HOU,DC,Romeo Crennel,1,1,False,False,,both,https://en.wikipedia.org/wiki/2014_Houston_Texans_season
2014,IND,HC,Chuck Pagano,1,1,False,False,,both,https://en.wikipedia.org/wiki/2014_Indianapolis_Colts_season
2014,IND,OC,Pep Hamilton,1,1,False,False,,both,https://en.wikipedia.org/wiki/2014_Indianapolis_Colts_season
2014,IND,DC,Greg Manusky,1,1,False,False,,both,https://en.wikipedia.org/wiki/2014_Indianapolis_Colts_season
2014,JAX,HC,Gus Bradley,1,1,False,False,,both,https://en.wikipedia.org/wiki/2014_Jacksonville_Jaguars_season
2014,JAX,OC,Jedd Fisch,1,1,False,False,,both,https://en.wikipedia.org/wiki/2014_Jacksonville_Jaguars_season
2014,JAX,DC,Bob Babich,1,1,False,False,,both,https://en.wikipedia.org/wiki/2014_Jacksonville_Jaguars_season
2014,KC,HC,Andy Reid,1,1,False,False,,both,https://en.wikipedia.org/wiki/2014_Kansas_City_Chiefs_season
2014,KC,OC,Doug Pederson,1,1,False,False,,both,https://en.wikipedia.org/wiki/2014_Kansas_City_Chiefs_season
2014,KC,DC,Bob Sutton,1,1,False,False,,both,https://en.wikipedia.org/wiki/2014_Kansas_City_Chiefs_season
2014,LAC,HC,Mike McCoy,1,1,False,False,,both,https://en.wikipedia.org/wiki/2014_San_Diego_Chargers_season
2014,LAC,OC,Frank Reich,1,1,False,False,,staff_section,https://en.wikipedia.org/wiki/2014_San_Diego_Chargers_season
2014,LAC,DC,John Pagano,1,1,False,False,,staff_section,https://en.wikipedia.org/wiki/2014_San_Diego_Chargers_season
2014,LAR,HC,Jeff Fisher,1,1,False,False,,both,https://en.wikipedia.org/wiki/2014_St._Louis_Rams_season
2014,LAR,OC,Brian Schottenheimer,1,1,False,False,,staff_section,https://en.wikipedia.org/wiki/2014_St._Louis_Rams_season
2014,LAR,DC,Gregg Williams,1,1,False,False,,staff_section,https://en.wikipedia.org/wiki/2014_St._Louis_Rams_season
2014,MIA,HC,Joe Philbin,1,1,False,False,,both,https://en.wikipedia.org/wiki/2014_Miami_Dolphins_season
2014,MIA,OC,Bill Lazor,1,1,False,False,,staff_section,https://en.wikipedia.org/wiki/2014_Miami_Dolphins_season
2014,MIA,DC,Kevin Coyle,1,1,False,False,,staff_section,https://en.wikipedia.org/wiki/2014_Miami_Dolphins_season
2014,MIN,HC,Mike Zimmer,1,1,False,False,,both,https://en.wikipedia.org/wiki/2014_Minnesota_Vikings_season
2014,MIN,OC,Norv Turner,1,1,False,False,,staff_section,https://en.wikipedia.org/wiki/2014_Minnesota_Vikings_season
2014,MIN,DC,George Edwards,1,1,False,False,,staff_section,https://en.wikipedia.org/wiki/2014_Minnesota_Vikings_season
2014,NE,HC,Bill Belichick,1,1,False,False,,both,https://en.wikipedia.org/wiki/2014_New_England_Patriots_season
2014,NE,OC,Josh McDaniels,1,1,False,False,,both,https://en.wikipedia.org/wiki/2014_New_England_Patriots_season
2014,NE,DC,Matt Patricia,1,1,False,False,,both,https://en.wikipedia.org/wiki/2014_New_England_Patriots_season
2014,NO,HC,Sean Payton,1,1,False,False,,both,https://en.wikipedia.org/wiki/2014_New_Orleans_Saints_season
2014,NO,OC,Pete Carmichael Jr.,1,1,False,False,,both,https://en.wikipedia.org/wiki/2014_New_Orleans_Saints_season
2014,NO,DC,Rob Ryan,1,1,False,False,,both,https://en.wikipedia.org/wiki/2014_New_Orleans_Saints_season
2014,NYG,HC,Tom Coughlin,1,1,False,False,,both,https://en.wikipedia.org/wiki/2014_New_York_Giants_season
2014,NYG,OC,Ben McAdoo,1,1,False,False,,staff_section,https://en.wikipedia.org/wiki/2014_New_York_Giants_season
2014,NYG,DC,Perry Fewell,1,1,False,False,,staff_section,https://en.wikipedia.org/wiki/2014_New_York_Giants_season
2014,NYJ,HC,Rex Ryan,1,1,False,False,,both,https://en.wikipedia.org/wiki/2014_New_York_Jets_season
2014,NYJ,OC,Marty Mornhinweg,1,1,False,False,,staff_section,https://en.wikipedia.org/wiki/2014_New_York_Jets_season
2014,NYJ,DC,Dennis Thurman,1,1,False,False,,staff_section,https://en.wikipedia.org/wiki/2014_New_York_Jets_season
2014,OAK,HC,Dennis Allen,1,2,False,False,,both,https://en.wikipedia.org/wiki/2014_Oakland_Raiders_season
2014,OAK,HC,Tony Sparano,2,2,False,False,,both,https://en.wikipedia.org/wiki/2014_Oakland_Raiders_season
2014,OAK,OC,Greg Olson,1,1,False,False,,staff_section,https://en.wikipedia.org/wiki/2014_Oakland_Raiders_season
2014,OAK,DC,Jason Tarver,1,1,False,False,,staff_section,https://en.wikipedia.org/wiki/2014_Oakland_Raiders_season
2014,PHI,HC,Chip Kelly,1,1,False,False,,both,https://en.wikipedia.org/wiki/2014_Philadelphia_Eagles_season
2014,PHI,OC,Pat Shurmur,1,1,False,False,,staff_section,https://en.wikipedia.org/wiki/2014_Philadelphia_Eagles_season
2014,PHI,DC,Bill Davis,1,1,False,False,,staff_section,https://en.wikipedia.org/wiki/2014_Philadelphia_Eagles_season
2014,PIT,HC,Mike Tomlin,1,1,False,False,,both,https://en.wikipedia.org/wiki/2014_Pittsburgh_Steelers_season
2014,PIT,OC,Todd Haley,1,1,False,False,,both,https://en.wikipedia.org/wiki/2014_Pittsburgh_Steelers_season
2014,PIT,DC,Dick LeBeau,1,1,False,False,,both,https://en.wikipedia.org/wiki/2014_Pittsburgh_Steelers_season
2014,SEA,HC,Pete Carroll,1,1,False,False,,both,https://en.wikipedia.org/wiki/2014_Seattle_Seahawks_season
2014,SEA,OC,Darrell Bevell,1,1,False,False,,both,https://en.wikipedia.org/wiki/2014_Seattle_Seahawks_season
2014,SEA,DC,Dan Quinn,1,1,False,False,,both,https://en.wikipedia.org/wiki/2014_Seattle_Seahawks_season
2014,SF,HC,Jim Harbaugh,1,1,False,False,,both,https://en.wikipedia.org/wiki/2014_San_Francisco_49ers_season
2014,SF,OC,Greg Roman,1,1,False,False,,both,https://en.wikipedia.org/wiki/2014_San_Francisco_49ers_season
2014,SF,DC,Vic Fangio,1,1,False,False,,both,https://en.wikipedia.org/wiki/2014_San_Francisco_49ers_season
2014,TB,HC,Lovie Smith,1,1,False,False,,both,https://en.wikipedia.org/wiki/2014_Tampa_Bay_Buccaneers_season
2014,TB,OC,Jeff Tedford,1,1,False,False,,staff_section,https://en.wikipedia.org/wiki/2014_Tampa_Bay_Buccaneers_season
2014,TB,DC,Leslie Frazier,1,1,False,False,,staff_section,https://en.wikipedia.org/wiki/2014_Tampa_Bay_Buccaneers_season
2014,TEN,HC,Ken Whisenhunt,1,1,False,False,,both,https://en.wikipedia.org/wiki/2014_Tennessee_Titans_season
2014,TEN,OC,Jason Michael,1,1,False,False,,staff_section,https://en.wikipedia.org/wiki/2014_Tennessee_Titans_season
2014,TEN,DC,Ray Horton,1,1,False,False,,staff_section,https://en.wikipedia.org/wiki/2014_Tennessee_Titans_season
2014,WSH,HC,Jay Gruden,1,1,False,False,,both,https://en.wikipedia.org/wiki/2014_Washington_Redskins_season
2014,WSH,OC,Sean McVay,1,1,False,False,,both,https://en.wikipedia.org/wiki/2014_Washington_Redskins_season
2014,WSH,DC,Jim Haslett,1,1,False,False,,both,https://en.wikipedia.org/wiki/2014_Washington_Redskins_season
2015,ARI,HC,Bruce Arians,1,1,False,False,,both,https://en.wikipedia.org/wiki/2015_Arizona_Cardinals_season
2015,ARI,OC,Harold Goodwin,1,1,False,False,,both,https://en.wikipedia.org/wiki/2015_Arizona_Cardinals_season
2015,ARI,DC,James Bettcher,1,1,False,False,,both,https://en.wikipedia.org/wiki/2015_Arizona_Cardinals_season
2015,ATL,HC,Dan Quinn,1,1,False,False,,both,https://en.wikipedia.org/wiki/2015_Atlanta_Falcons_season
2015,ATL,OC,Kyle Shanahan,1,1,False,False,,staff_section,https://en.wikipedia.org/wiki/2015_Atlanta_Falcons_season
2015,ATL,DC,Richard Smith,1,1,False,False,,staff_section,https://en.wikipedia.org/wiki/2015_Atlanta_Falcons_season
2015,BAL,HC,John Harbaugh,1,1,False,False,,both,https://en.wikipedia.org/wiki/2015_Baltimore_Ravens_season
2015,BAL,OC,Marc Trestman,1,1,False,False,,both,https://en.wikipedia.org/wiki/2015_Baltimore_Ravens_season
2015,BAL,DC,Dean Pees,1,1,False,False,,both,https://en.wikipedia.org/wiki/2015_Baltimore_Ravens_season
2015,BUF,HC,Rex Ryan,1,1,False,False,,both,https://en.wikipedia.org/wiki/2015_Buffalo_Bills_season
2015,BUF,OC,Greg Roman,1,1,False,False,,staff_section,https://en.wikipedia.org/wiki/2015_Buffalo_Bills_season
2015,BUF,DC,Dennis Thurman,1,1,False,False,,staff_section,https://en.wikipedia.org/wiki/2015_Buffalo_Bills_season
2015,CAR,HC,Ron Rivera,1,1,False,False,,both,https://en.wikipedia.org/wiki/2015_Carolina_Panthers_season
2015,CAR,OC,Mike Shula,1,1,False,False,,both,https://en.wikipedia.org/wiki/2015_Carolina_Panthers_season
2015,CAR,DC,Sean McDermott,1,1,False,False,,both,https://en.wikipedia.org/wiki/2015_Carolina_Panthers_season
2015,CHI,HC,John Fox,1,1,False,False,,both,https://en.wikipedia.org/wiki/2015_Chicago_Bears_season
2015,CHI,OC,Adam Gase,1,1,False,False,,staff_section,https://en.wikipedia.org/wiki/2015_Chicago_Bears_season
2015,CHI,DC,Vic Fangio,1,1,False,False,,staff_section,https://en.wikipedia.org/wiki/2015_Chicago_Bears_season
2015,CIN,HC,Marvin Lewis,1,1,False,False,,both,https://en.wikipedia.org/wiki/2015_Cincinnati_Bengals_season
2015,CIN,OC,Hue Jackson,1,1,False,False,,both,https://en.wikipedia.org/wiki/2015_Cincinnati_Bengals_season
2015,CIN,DC,Paul Guenther,1,1,False,False,,both,https://en.wikipedia.org/wiki/2015_Cincinnati_Bengals_season
2015,CLE,HC,Mike Pettine,1,1,False,False,,both,https://en.wikipedia.org/wiki/2015_Cleveland_Browns_season
2015,CLE,OC,John DeFilippo,1,1,False,False,,staff_section,https://en.wikipedia.org/wiki/2015_Cleveland_Browns_season
2015,CLE,DC,Jim O'Neil,1,1,False,False,,staff_section,https://en.wikipedia.org/wiki/2015_Cleveland_Browns_season
2015,DAL,HC,Jason Garrett,1,1,False,False,,both,https://en.wikipedia.org/wiki/2015_Dallas_Cowboys_season
2015,DAL,OC,Scott Linehan,1,1,False,False,,staff_section,https://en.wikipedia.org/wiki/2015_Dallas_Cowboys_season
2015,DAL,DC,Rod Marinelli,1,1,False,False,,staff_section,https://en.wikipedia.org/wiki/2015_Dallas_Cowboys_season
2015,DEN,HC,Gary Kubiak,1,1,False,False,,both,https://en.wikipedia.org/wiki/2015_Denver_Broncos_season
2015,DEN,OC,Rick Dennison,1,1,False,False,,both,https://en.wikipedia.org/wiki/2015_Denver_Broncos_season
2015,DEN,DC,Wade Phillips,1,1,False,False,,both,https://en.wikipedia.org/wiki/2015_Denver_Broncos_season
2015,DET,HC,Jim Caldwell,1,1,False,False,,both,https://en.wikipedia.org/wiki/2015_Detroit_Lions_season
2015,DET,OC,Joe Lombardi,1,2,False,False,"fired Oct 26, 2015",both,https://en.wikipedia.org/wiki/2015_Detroit_Lions_season
2015,DET,OC,Jim Bob Cooter,2,2,False,False,,staff_section,https://en.wikipedia.org/wiki/2015_Detroit_Lions_season
2015,DET,DC,Teryl Austin,1,1,False,False,,both,https://en.wikipedia.org/wiki/2015_Detroit_Lions_season
2015,GB,HC,Mike McCarthy,1,1,False,False,,both,https://en.wikipedia.org/wiki/2015_Green_Bay_Packers_season
2015,GB,OC,Edgar Bennett,1,1,False,False,,both,https://en.wikipedia.org/wiki/2015_Green_Bay_Packers_season
2015,GB,DC,Dom Capers,1,1,False,False,,both,https://en.wikipedia.org/wiki/2015_Green_Bay_Packers_season
2015,HOU,HC,Bill O'Brien,1,1,False,False,,both,https://en.wikipedia.org/wiki/2015_Houston_Texans_season
2015,HOU,OC,George Godsey,1,1,False,False,,both,https://en.wikipedia.org/wiki/2015_Houston_Texans_season
2015,HOU,DC,Romeo Crennel,1,1,False,False,,both,https://en.wikipedia.org/wiki/2015_Houston_Texans_season
2015,IND,HC,Chuck Pagano,1,1,False,False,,both,https://en.wikipedia.org/wiki/2015_Indianapolis_Colts_season
2015,IND,OC,Rob Chudzinski,1,1,False,False,,staff_section,https://en.wikipedia.org/wiki/2015_Indianapolis_Colts_season
2015,IND,DC,Greg Manusky,1,1,False,False,,staff_section,https://en.wikipedia.org/wiki/2015_Indianapolis_Colts_season
2015,JAX,HC,Gus Bradley,1,1,False,False,,both,https://en.wikipedia.org/wiki/2015_Jacksonville_Jaguars_season
2015,JAX,OC,Greg Olson,1,1,False,False,,both,https://en.wikipedia.org/wiki/2015_Jacksonville_Jaguars_season
2015,JAX,DC,Bob Babich,1,1,False,False,,both,https://en.wikipedia.org/wiki/2015_Jacksonville_Jaguars_season
2015,KC,HC,Andy Reid,1,1,False,False,,both,https://en.wikipedia.org/wiki/2015_Kansas_City_Chiefs_season
2015,KC,OC,Doug Pederson,1,1,False,False,,both,https://en.wikipedia.org/wiki/2015_Kansas_City_Chiefs_season
2015,KC,DC,Bob Sutton,1,1,False,False,,both,https://en.wikipedia.org/wiki/2015_Kansas_City_Chiefs_season
2015,LAC,HC,Mike McCoy,1,1,False,False,,both,https://en.wikipedia.org/wiki/2015_San_Diego_Chargers_season
2015,LAC,OC,Frank Reich,1,1,False,False,,staff_section,https://en.wikipedia.org/wiki/2015_San_Diego_Chargers_season
2015,LAC,DC,John Pagano,1,1,False,False,,staff_section,https://en.wikipedia.org/wiki/2015_San_Diego_Chargers_season
2015,LAR,HC,Jeff Fisher,1,1,False,False,,both,https://en.wikipedia.org/wiki/2015_St._Louis_Rams_season
2015,LAR,OC,Rob Boras,1,1,False,False,,staff_section,https://en.wikipedia.org/wiki/2015_St._Louis_Rams_season
2015,LAR,DC,Gregg Williams,1,1,False,False,,staff_section,https://en.wikipedia.org/wiki/2015_St._Louis_Rams_season
2015,MIA,HC,Joe Philbin,1,2,False,False,,both,https://en.wikipedia.org/wiki/2015_Miami_Dolphins_season
2015,MIA,HC,Dan Campbell,2,2,False,False,,both,https://en.wikipedia.org/wiki/2015_Miami_Dolphins_season
2015,MIA,OC,Zac Taylor,1,1,False,False,,staff_section,https://en.wikipedia.org/wiki/2015_Miami_Dolphins_season
2015,MIA,DC,Lou Anarumo,1,1,False,False,,staff_section,https://en.wikipedia.org/wiki/2015_Miami_Dolphins_season
2015,MIN,HC,Mike Zimmer,1,1,False,False,,both,https://en.wikipedia.org/wiki/2015_Minnesota_Vikings_season
2015,MIN,OC,Norv Turner,1,1,False,False,,both,https://en.wikipedia.org/wiki/2015_Minnesota_Vikings_season
2015,MIN,DC,George Edwards,1,1,False,False,,both,https://en.wikipedia.org/wiki/2015_Minnesota_Vikings_season
2015,NE,HC,Bill Belichick,1,1,False,False,,both,https://en.wikipedia.org/wiki/2015_New_England_Patriots_season
2015,NE,OC,Josh McDaniels,1,1,False,False,,both,https://en.wikipedia.org/wiki/2015_New_England_Patriots_season
2015,NE,DC,Matt Patricia,1,1,False,False,,both,https://en.wikipedia.org/wiki/2015_New_England_Patriots_season
2015,NO,HC,Sean Payton,1,1,False,False,,both,https://en.wikipedia.org/wiki/2015_New_Orleans_Saints_season
2015,NO,OC,Pete Carmichael Jr.,1,1,False,False,,both,https://en.wikipedia.org/wiki/2015_New_Orleans_Saints_season
2015,NO,DC,Rob Ryan,1,2,False,False,,infobox,https://en.wikipedia.org/wiki/2015_New_Orleans_Saints_season
2015,NO,DC,Dennis Allen,2,2,False,False,,both,https://en.wikipedia.org/wiki/2015_New_Orleans_Saints_season
2015,NYG,HC,Tom Coughlin,1,1,False,False,,both,https://en.wikipedia.org/wiki/2015_New_York_Giants_season
2015,NYG,OC,Ben McAdoo,1,1,False,False,,staff_section,https://en.wikipedia.org/wiki/2015_New_York_Giants_season
2015,NYG,DC,Steve Spagnuolo,1,1,False,False,,staff_section,https://en.wikipedia.org/wiki/2015_New_York_Giants_season
2015,NYJ,HC,Todd Bowles,1,1,False,False,,infobox,https://en.wikipedia.org/wiki/2015_New_York_Jets_season
2015,OAK,HC,Jack Del Rio,1,1,False,False,,both,https://en.wikipedia.org/wiki/2015_Oakland_Raiders_season
2015,OAK,OC,Bill Musgrave,1,1,False,False,,staff_section,https://en.wikipedia.org/wiki/2015_Oakland_Raiders_season
2015,OAK,DC,Ken Norton Jr.,1,1,False,False,,staff_section,https://en.wikipedia.org/wiki/2015_Oakland_Raiders_season
2015,PHI,HC,Chip Kelly,1,2,False,False,fired December 29; 6–9 record,both,https://en.wikipedia.org/wiki/2015_Philadelphia_Eagles_season
2015,PHI,HC,Pat Shurmur,2,2,False,True,interim week 17; 1–0 record,both,https://en.wikipedia.org/wiki/2015_Philadelphia_Eagles_season
2015,PHI,DC,Billy Davis,1,1,False,False,,staff_section,https://en.wikipedia.org/wiki/2015_Philadelphia_Eagles_season
2015,PIT,HC,Mike Tomlin,1,1,False,False,,both,https://en.wikipedia.org/wiki/2015_Pittsburgh_Steelers_season
2015,PIT,OC,Todd Haley,1,1,False,False,,both,https://en.wikipedia.org/wiki/2015_Pittsburgh_Steelers_season
2015,PIT,DC,Keith Butler,1,1,False,False,,both,https://en.wikipedia.org/wiki/2015_Pittsburgh_Steelers_season
2015,SEA,HC,Pete Carroll,1,1,False,False,,both,https://en.wikipedia.org/wiki/2015_Seattle_Seahawks_season
2015,SEA,OC,Darrell Bevell,1,1,False,False,,both,https://en.wikipedia.org/wiki/2015_Seattle_Seahawks_season
2015,SEA,DC,Kris Richard,1,1,False,False,,both,https://en.wikipedia.org/wiki/2015_Seattle_Seahawks_season
2015,SF,HC,Jim Tomsula,1,1,False,False,,both,https://en.wikipedia.org/wiki/2015_San_Francisco_49ers_season
2015,SF,OC,Geep Chryst,1,1,False,False,,both,https://en.wikipedia.org/wiki/2015_San_Francisco_49ers_season
2015,SF,DC,Eric Mangini,1,1,False,False,,both,https://en.wikipedia.org/wiki/2015_San_Francisco_49ers_season
2015,TB,HC,Lovie Smith,1,1,False,False,,both,https://en.wikipedia.org/wiki/2015_Tampa_Bay_Buccaneers_season
2015,TB,OC,Dirk Koetter,1,1,False,False,,staff_section,https://en.wikipedia.org/wiki/2015_Tampa_Bay_Buccaneers_season
2015,TB,DC,Leslie Frazier,1,1,False,False,,staff_section,https://en.wikipedia.org/wiki/2015_Tampa_Bay_Buccaneers_season
2015,TEN,HC,Ken Whisenhunt,1,2,False,False,"fired November 3, 2015",both,https://en.wikipedia.org/wiki/2015_Tennessee_Titans_season
2015,TEN,HC,Mike Mularkey,2,2,False,False,,both,https://en.wikipedia.org/wiki/2015_Tennessee_Titans_season
2015,TEN,OC,Jason Michael,1,1,False,False,,staff_section,https://en.wikipedia.org/wiki/2015_Tennessee_Titans_season
2015,TEN,DC,Ray Horton,1,1,False,False,,staff_section,https://en.wikipedia.org/wiki/2015_Tennessee_Titans_season
2015,WSH,HC,Jay Gruden,1,1,False,False,,both,https://en.wikipedia.org/wiki/2015_Washington_Redskins_season
2015,WSH,OC,Sean McVay,1,1,False,False,,both,https://en.wikipedia.org/wiki/2015_Washington_Redskins_season
2015,WSH,DC,Joe Barry,1,1,False,False,,both,https://en.wikipedia.org/wiki/2015_Washington_Redskins_season
2016,ARI,HC,Bruce Arians,1,1,False,False,,both,https://en.wikipedia.org/wiki/2016_Arizona_Cardinals_season
2016,ARI,OC,Harold Goodwin,1,1,False,False,,staff_section,https://en.wikipedia.org/wiki/2016_Arizona_Cardinals_season
2016,ARI,DC,James Bettcher,1,1,False,False,,staff_section,https://en.wikipedia.org/wiki/2016_Arizona_Cardinals_season
2016,ATL,HC,Dan Quinn,1,1,False,False,,both,https://en.wikipedia.org/wiki/2016_Atlanta_Falcons_season
2016,ATL,OC,Kyle Shanahan,1,1,False,False,,both,https://en.wikipedia.org/wiki/2016_Atlanta_Falcons_season
2016,ATL,DC,Richard Smith,1,1,False,False,,both,https://en.wikipedia.org/wiki/2016_Atlanta_Falcons_season
2016,BAL,HC,John Harbaugh,1,1,False,False,,both,https://en.wikipedia.org/wiki/2016_Baltimore_Ravens_season
2016,BAL,OC,Marc Trestman,1,2,False,False,fired Oct 10,both,https://en.wikipedia.org/wiki/2016_Baltimore_Ravens_season
2016,BAL,OC,Marty Mornhinweg,2,2,False,True,interim,infobox,https://en.wikipedia.org/wiki/2016_Baltimore_Ravens_season
2016,BAL,DC,Dean Pees,1,1,False,False,,both,https://en.wikipedia.org/wiki/2016_Baltimore_Ravens_season
2016,BUF,HC,Rex Ryan,1,2,False,False,"fired December 27, 7–8 record",infobox,https://en.wikipedia.org/wiki/2016_Buffalo_Bills_season
2016,BUF,HC,Anthony Lynn,2,2,False,True,"interim, 0–1 record",both,https://en.wikipedia.org/wiki/2016_Buffalo_Bills_season
2016,BUF,DC,Dennis Thurman,1,1,False,False,,staff_section,https://en.wikipedia.org/wiki/2016_Buffalo_Bills_season
2016,CAR,HC,Ron Rivera,1,1,False,False,,both,https://en.wikipedia.org/wiki/2016_Carolina_Panthers_season
2016,CAR,OC,Mike Shula,1,1,False,False,,staff_section,https://en.wikipedia.org/wiki/2016_Carolina_Panthers_season
2016,CAR,DC,Sean McDermott,1,1,False,False,,staff_section,https://en.wikipedia.org/wiki/2016_Carolina_Panthers_season
2016,CHI,HC,John Fox,1,1,False,False,,both,https://en.wikipedia.org/wiki/2016_Chicago_Bears_season
2016,CHI,OC,Dowell Loggains,1,1,False,False,,staff_section,https://en.wikipedia.org/wiki/2016_Chicago_Bears_season
2016,CHI,DC,Vic Fangio,1,1,False,False,,staff_section,https://en.wikipedia.org/wiki/2016_Chicago_Bears_season
2016,CIN,HC,Marvin Lewis,1,1,False,False,,both,https://en.wikipedia.org/wiki/2016_Cincinnati_Bengals_season
2016,CIN,OC,Ken Zampese,1,1,False,False,,staff_section,https://en.wikipedia.org/wiki/2016_Cincinnati_Bengals_season
2016,CIN,DC,Paul Guenther,1,1,False,False,,staff_section,https://en.wikipedia.org/wiki/2016_Cincinnati_Bengals_season
2016,CLE,HC,Hue Jackson,1,1,False,False,,both,https://en.wikipedia.org/wiki/2016_Cleveland_Browns_season
2016,CLE,DC,Ray Horton,1,1,False,False,,staff_section,https://en.wikipedia.org/wiki/2016_Cleveland_Browns_season
2016,DAL,HC,Jason Garrett,1,1,False,False,,both,https://en.wikipedia.org/wiki/2016_Dallas_Cowboys_season
2016,DAL,OC,Scott Linehan,1,1,False,False,,staff_section,https://en.wikipedia.org/wiki/2016_Dallas_Cowboys_season
2016,DAL,DC,Rod Marinelli,1,1,False,False,,staff_section,https://en.wikipedia.org/wiki/2016_Dallas_Cowboys_season
2016,DEN,HC,Gary Kubiak,1,2,False,False,,both,https://en.wikipedia.org/wiki/2016_Denver_Broncos_season
2016,DEN,HC,Joe DeCamillis,2,2,False,True,"interim, Week 6",infobox,https://en.wikipedia.org/wiki/2016_Denver_Broncos_season
2016,DEN,OC,Rick Dennison,1,1,False,False,,staff_section,https://en.wikipedia.org/wiki/2016_Denver_Broncos_season
2016,DEN,DC,Wade Phillips,1,1,False,False,,staff_section,https://en.wikipedia.org/wiki/2016_Denver_Broncos_season
2016,DET,HC,Jim Caldwell,1,1,False,False,,both,https://en.wikipedia.org/wiki/2016_Detroit_Lions_season
2016,DET,OC,Jim Bob Cooter,1,1,False,False,,staff_section,https://en.wikipedia.org/wiki/2016_Detroit_Lions_season
2016,DET,DC,Teryl Austin,1,1,False,False,,staff_section,https://en.wikipedia.org/wiki/2016_Detroit_Lions_season
2016,GB,HC,Mike McCarthy,1,1,False,False,,both,https://en.wikipedia.org/wiki/2016_Green_Bay_Packers_season
2016,GB,OC,Edgar Bennett,1,1,False,False,,both,https://en.wikipedia.org/wiki/2016_Green_Bay_Packers_season
2016,GB,DC,Dom Capers,1,1,False,False,,both,https://en.wikipedia.org/wiki/2016_Green_Bay_Packers_season
2016,HOU,HC,Bill O'Brien,1,1,False,False,,both,https://en.wikipedia.org/wiki/2016_Houston_Texans_season
2016,HOU,OC,George Godsey,1,1,False,False,,both,https://en.wikipedia.org/wiki/2016_Houston_Texans_season
2016,HOU,DC,Romeo Crennel,1,1,False,False,,both,https://en.wikipedia.org/wiki/2016_Houston_Texans_season
2016,IND,HC,Chuck Pagano,1,1,False,False,,both,https://en.wikipedia.org/wiki/2016_Indianapolis_Colts_season
2016,IND,OC,Rob Chudzinski,1,1,False,False,,staff_section,https://en.wikipedia.org/wiki/2016_Indianapolis_Colts_season
2016,IND,DC,Ted Monachino,1,1,False,False,,staff_section,https://en.wikipedia.org/wiki/2016_Indianapolis_Colts_season
2016,JAX,HC,Gus Bradley,1,2,False,False,"fired on December 18, 2-12 record",both,https://en.wikipedia.org/wiki/2016_Jacksonville_Jaguars_season
2016,JAX,HC,Doug Marrone,2,2,False,True,"interim, 1-1 record",both,https://en.wikipedia.org/wiki/2016_Jacksonville_Jaguars_season
2016,JAX,OC,Greg Olson,1,2,False,False,,both,https://en.wikipedia.org/wiki/2016_Jacksonville_Jaguars_season
2016,JAX,OC,Nathaniel Hackett,2,2,False,False,,staff_section,https://en.wikipedia.org/wiki/2016_Jacksonville_Jaguars_season
2016,JAX,DC,Todd Wash,1,1,False,False,,both,https://en.wikipedia.org/wiki/2016_Jacksonville_Jaguars_season
2016,KC,HC,Andy Reid,1,1,False,False,,both,https://en.wikipedia.org/wiki/2016_Kansas_City_Chiefs_season
2016,KC,OC,Brad Childress,1,2,False,False,,infobox,https://en.wikipedia.org/wiki/2016_Kansas_City_Chiefs_season
2016,KC,OC,Matt Nagy,2,2,False,False,,infobox,https://en.wikipedia.org/wiki/2016_Kansas_City_Chiefs_season
2016,KC,DC,Bob Sutton,1,1,False,False,,both,https://en.wikipedia.org/wiki/2016_Kansas_City_Chiefs_season
2016,LAC,HC,Mike McCoy,1,1,False,False,,both,https://en.wikipedia.org/wiki/2016_San_Diego_Chargers_season
2016,LAC,OC,Ken Whisenhunt,1,1,False,False,,staff_section,https://en.wikipedia.org/wiki/2016_San_Diego_Chargers_season
2016,LAC,DC,John Pagano,1,1,False,False,,staff_section,https://en.wikipedia.org/wiki/2016_San_Diego_Chargers_season
2016,LAR,HC,Jeff Fisher,1,2,False,False,"fired on December 12, 4–9 record | Fired Week 14",both,https://en.wikipedia.org/wiki/2016_Los_Angeles_Rams_season
2016,LAR,HC,John Fassel,2,2,False,True,"interim, 0–3 record",both,https://en.wikipedia.org/wiki/2016_Los_Angeles_Rams_season
2016,LAR,OC,Rob Boras,1,1,False,False,,staff_section,https://en.wikipedia.org/wiki/2016_Los_Angeles_Rams_season
2016,LAR,DC,Gregg Williams,1,1,False,False,,staff_section,https://en.wikipedia.org/wiki/2016_Los_Angeles_Rams_season
2016,MIA,HC,Adam Gase,1,1,False,False,,both,https://en.wikipedia.org/wiki/2016_Miami_Dolphins_season
2016,MIA,OC,Clyde Christensen,1,1,False,False,,staff_section,https://en.wikipedia.org/wiki/2016_Miami_Dolphins_season
2016,MIA,DC,Vance Joseph,1,1,False,False,,staff_section,https://en.wikipedia.org/wiki/2016_Miami_Dolphins_season
2016,MIN,HC,Mike Zimmer,1,2,False,False,,both,https://en.wikipedia.org/wiki/2016_Minnesota_Vikings_season
2016,MIN,HC,Mike Priefer,2,2,False,False,,infobox,https://en.wikipedia.org/wiki/2016_Minnesota_Vikings_season
2016,MIN,DC,George Edwards,1,1,False,False,,staff_section,https://en.wikipedia.org/wiki/2016_Minnesota_Vikings_season
2016,NE,HC,Bill Belichick,1,1,False,False,,both,https://en.wikipedia.org/wiki/2016_New_England_Patriots_season
2016,NE,OC,Josh McDaniels,1,1,False,False,,both,https://en.wikipedia.org/wiki/2016_New_England_Patriots_season
2016,NE,DC,Matt Patricia,1,1,False,False,,both,https://en.wikipedia.org/wiki/2016_New_England_Patriots_season
2016,NO,HC,Sean Payton,1,1,False,False,,both,https://en.wikipedia.org/wiki/2016_New_Orleans_Saints_season
2016,NO,OC,Pete Carmichael Jr.,1,1,False,False,,both,https://en.wikipedia.org/wiki/2016_New_Orleans_Saints_season
2016,NO,DC,Dennis Allen,1,1,False,False,,both,https://en.wikipedia.org/wiki/2016_New_Orleans_Saints_season
2016,NYG,HC,Ben McAdoo,1,1,False,False,,both,https://en.wikipedia.org/wiki/2016_New_York_Giants_season
2016,NYG,OC,Mike Sullivan,1,1,False,False,,staff_section,https://en.wikipedia.org/wiki/2016_New_York_Giants_season
2016,NYG,DC,Steve Spagnuolo,1,1,False,False,,staff_section,https://en.wikipedia.org/wiki/2016_New_York_Giants_season
2016,NYJ,HC,Todd Bowles,1,1,False,False,,both,https://en.wikipedia.org/wiki/2016_New_York_Jets_season
2016,NYJ,OC,Chan Gailey,1,1,False,False,,staff_section,https://en.wikipedia.org/wiki/2016_New_York_Jets_season
2016,NYJ,DC,Kacy Rodgers,1,1,False,False,,staff_section,https://en.wikipedia.org/wiki/2016_New_York_Jets_season
2016,OAK,HC,Jack Del Rio,1,1,False,False,,both,https://en.wikipedia.org/wiki/2016_Oakland_Raiders_season
2016,OAK,OC,Bill Musgrave,1,1,False,False,,staff_section,https://en.wikipedia.org/wiki/2016_Oakland_Raiders_season
2016,OAK,DC,Ken Norton Jr.,1,1,False,False,,staff_section,https://en.wikipedia.org/wiki/2016_Oakland_Raiders_season
2016,PHI,HC,Doug Pederson,1,1,False,False,,both,https://en.wikipedia.org/wiki/2016_Philadelphia_Eagles_season
2016,PHI,OC,Frank Reich,1,1,False,False,,staff_section,https://en.wikipedia.org/wiki/2016_Philadelphia_Eagles_season
2016,PHI,DC,Jim Schwartz,1,1,False,False,,staff_section,https://en.wikipedia.org/wiki/2016_Philadelphia_Eagles_season
2016,PIT,HC,Mike Tomlin,1,1,False,False,,both,https://en.wikipedia.org/wiki/2016_Pittsburgh_Steelers_season
2016,PIT,OC,Todd Haley,1,1,False,False,,both,https://en.wikipedia.org/wiki/2016_Pittsburgh_Steelers_season
2016,PIT,DC,Keith Butler,1,1,False,False,,both,https://en.wikipedia.org/wiki/2016_Pittsburgh_Steelers_season
2016,SEA,HC,Pete Carroll,1,1,False,False,,both,https://en.wikipedia.org/wiki/2016_Seattle_Seahawks_season
2016,SEA,OC,Darrell Bevell,1,1,False,False,,staff_section,https://en.wikipedia.org/wiki/2016_Seattle_Seahawks_season
2016,SEA,DC,Kris Richard,1,1,False,False,,staff_section,https://en.wikipedia.org/wiki/2016_Seattle_Seahawks_season
2016,SF,HC,Chip Kelly,1,1,False,False,,both,https://en.wikipedia.org/wiki/2016_San_Francisco_49ers_season
2016,SF,OC,Curtis Modkins,1,1,False,False,,both,https://en.wikipedia.org/wiki/2016_San_Francisco_49ers_season
2016,SF,DC,Jim O'Neil,1,1,False,False,,both,https://en.wikipedia.org/wiki/2016_San_Francisco_49ers_season
2016,TB,HC,Dirk Koetter,1,1,False,False,,both,https://en.wikipedia.org/wiki/2016_Tampa_Bay_Buccaneers_season
2016,TB,OC,Todd Monken,1,1,False,False,,staff_section,https://en.wikipedia.org/wiki/2016_Tampa_Bay_Buccaneers_season
2016,TB,DC,Mike Smith,1,1,False,False,,staff_section,https://en.wikipedia.org/wiki/2016_Tampa_Bay_Buccaneers_season
2016,TEN,HC,Mike Mularkey,1,1,False,False,,both,https://en.wikipedia.org/wiki/2016_Tennessee_Titans_season
2016,TEN,OC,Terry Robiskie,1,1,False,False,,staff_section,https://en.wikipedia.org/wiki/2016_Tennessee_Titans_season
2016,TEN,DC,Dick LeBeau,1,1,False,False,,staff_section,https://en.wikipedia.org/wiki/2016_Tennessee_Titans_season
2016,WSH,HC,Jay Gruden,1,1,False,False,,both,https://en.wikipedia.org/wiki/2016_Washington_Redskins_season
2016,WSH,OC,Sean McVay,1,1,False,False,,both,https://en.wikipedia.org/wiki/2016_Washington_Redskins_season
2016,WSH,DC,Joe Barry,1,1,False,False,,both,https://en.wikipedia.org/wiki/2016_Washington_Redskins_season
2017,ARI,HC,Bruce Arians,1,1,False,False,,both,https://en.wikipedia.org/wiki/2017_Arizona_Cardinals_season
2017,ARI,OC,Harold Goodwin,1,1,False,False,,staff_section,https://en.wikipedia.org/wiki/2017_Arizona_Cardinals_season
2017,ARI,DC,James Bettcher,1,1,False,False,,staff_section,https://en.wikipedia.org/wiki/2017_Arizona_Cardinals_season
2017,ATL,HC,Dan Quinn,1,1,False,False,,both,https://en.wikipedia.org/wiki/2017_Atlanta_Falcons_season
2017,ATL,OC,Steve Sarkisian,1,1,False,False,,both,https://en.wikipedia.org/wiki/2017_Atlanta_Falcons_season
2017,ATL,DC,Marquand Manuel,1,1,False,False,,both,https://en.wikipedia.org/wiki/2017_Atlanta_Falcons_season
2017,BAL,HC,John Harbaugh,1,1,False,False,,both,https://en.wikipedia.org/wiki/2017_Baltimore_Ravens_season
2017,BAL,OC,Marty Mornhinweg,1,1,False,False,,both,https://en.wikipedia.org/wiki/2017_Baltimore_Ravens_season
2017,BAL,DC,Dean Pees,1,1,False,False,,both,https://en.wikipedia.org/wiki/2017_Baltimore_Ravens_season
2017,BUF,HC,Sean McDermott,1,1,False,False,,both,https://en.wikipedia.org/wiki/2017_Buffalo_Bills_season
2017,BUF,OC,Rick Dennison,1,1,False,False,,both,https://en.wikipedia.org/wiki/2017_Buffalo_Bills_season
2017,BUF,DC,Leslie Frazier,1,1,False,False,,both,https://en.wikipedia.org/wiki/2017_Buffalo_Bills_season
2017,CAR,HC,Ron Rivera,1,1,False,False,,both,https://en.wikipedia.org/wiki/2017_Carolina_Panthers_season
2017,CAR,OC,Mike Shula,1,1,False,False,,both,https://en.wikipedia.org/wiki/2017_Carolina_Panthers_season
2017,CAR,DC,Steve Wilks,1,1,False,False,,both,https://en.wikipedia.org/wiki/2017_Carolina_Panthers_season
2017,CHI,HC,John Fox,1,1,False,False,,both,https://en.wikipedia.org/wiki/2017_Chicago_Bears_season
2017,CHI,OC,Dowell Loggains,1,1,False,False,,staff_section,https://en.wikipedia.org/wiki/2017_Chicago_Bears_season
2017,CHI,DC,Vic Fangio,1,1,False,False,,staff_section,https://en.wikipedia.org/wiki/2017_Chicago_Bears_season
2017,CIN,HC,Marvin Lewis,1,1,False,False,,both,https://en.wikipedia.org/wiki/2017_Cincinnati_Bengals_season
2017,CIN,OC,Ken Zampese,1,2,False,False,"fired Sept 15, 2017",staff_section,https://en.wikipedia.org/wiki/2017_Cincinnati_Bengals_season
2017,CIN,OC,Bill Lazor,2,2,False,False,,staff_section,https://en.wikipedia.org/wiki/2017_Cincinnati_Bengals_season
2017,CIN,DC,Paul Guenther,1,1,False,False,,staff_section,https://en.wikipedia.org/wiki/2017_Cincinnati_Bengals_season
2017,CLE,HC,Hue Jackson,1,1,False,False,,both,https://en.wikipedia.org/wiki/2017_Cleveland_Browns_season
2017,CLE,DC,Gregg Williams,1,1,False,False,,staff_section,https://en.wikipedia.org/wiki/2017_Cleveland_Browns_season
2017,DAL,HC,Jason Garrett,1,1,False,False,,both,https://en.wikipedia.org/wiki/2017_Dallas_Cowboys_season
2017,DAL,OC,Scott Linehan,1,1,False,False,,staff_section,https://en.wikipedia.org/wiki/2017_Dallas_Cowboys_season
2017,DAL,DC,Rod Marinelli,1,1,False,False,,staff_section,https://en.wikipedia.org/wiki/2017_Dallas_Cowboys_season
2017,DEN,HC,Vance Joseph,1,1,False,False,,both,https://en.wikipedia.org/wiki/2017_Denver_Broncos_season
2017,DEN,OC,Mike McCoy,1,1,False,False,"fired November 20, 2017",staff_section,https://en.wikipedia.org/wiki/2017_Denver_Broncos_season
2017,DEN,DC,Joe Woods,1,1,False,False,,staff_section,https://en.wikipedia.org/wiki/2017_Denver_Broncos_season
2017,DET,HC,Jim Caldwell,1,1,False,False,,both,https://en.wikipedia.org/wiki/2017_Detroit_Lions_season
2017,DET,OC,Jim Bob Cooter,1,1,False,False,,staff_section,https://en.wikipedia.org/wiki/2017_Detroit_Lions_season
2017,DET,DC,Teryl Austin,1,1,False,False,,staff_section,https://en.wikipedia.org/wiki/2017_Detroit_Lions_season
2017,GB,HC,Mike McCarthy,1,1,False,False,,both,https://en.wikipedia.org/wiki/2017_Green_Bay_Packers_season
2017,GB,OC,Edgar Bennett,1,1,False,False,,staff_section,https://en.wikipedia.org/wiki/2017_Green_Bay_Packers_season
2017,GB,DC,Dom Capers,1,1,False,False,,staff_section,https://en.wikipedia.org/wiki/2017_Green_Bay_Packers_season
2017,HOU,HC,Bill O'Brien,1,1,False,False,,both,https://en.wikipedia.org/wiki/2017_Houston_Texans_season
2017,HOU,DC,Mike Vrabel,1,1,False,False,,both,https://en.wikipedia.org/wiki/2017_Houston_Texans_season
2017,IND,HC,Chuck Pagano,1,1,False,False,,both,https://en.wikipedia.org/wiki/2017_Indianapolis_Colts_season
2017,IND,OC,Rob Chudzinski,1,1,False,False,,staff_section,https://en.wikipedia.org/wiki/2017_Indianapolis_Colts_season
2017,IND,DC,Ted Monachino,1,1,False,False,,staff_section,https://en.wikipedia.org/wiki/2017_Indianapolis_Colts_season
2017,JAX,HC,Doug Marrone,1,1,False,False,,both,https://en.wikipedia.org/wiki/2017_Jacksonville_Jaguars_season
2017,JAX,OC,Nathaniel Hackett,1,1,False,False,,both,https://en.wikipedia.org/wiki/2017_Jacksonville_Jaguars_season
2017,JAX,DC,Todd Wash,1,1,False,False,,both,https://en.wikipedia.org/wiki/2017_Jacksonville_Jaguars_season
2017,KC,HC,Andy Reid,1,1,False,False,,both,https://en.wikipedia.org/wiki/2017_Kansas_City_Chiefs_season
2017,KC,OC,Matt Nagy,1,1,False,False,,both,https://en.wikipedia.org/wiki/2017_Kansas_City_Chiefs_season
2017,KC,DC,Bob Sutton,1,1,False,False,,both,https://en.wikipedia.org/wiki/2017_Kansas_City_Chiefs_season
2017,LAC,HC,Anthony Lynn,1,1,False,False,,both,https://en.wikipedia.org/wiki/2017_Los_Angeles_Chargers_season
2017,LAC,OC,Ken Whisenhunt,1,1,False,False,,staff_section,https://en.wikipedia.org/wiki/2017_Los_Angeles_Chargers_season
2017,LAC,DC,Gus Bradley,1,1,False,False,,staff_section,https://en.wikipedia.org/wiki/2017_Los_Angeles_Chargers_season
2017,LAR,HC,Sean McVay,1,1,False,False,,both,https://en.wikipedia.org/wiki/2017_Los_Angeles_Rams_season
2017,LAR,OC,Matt LaFleur,1,1,False,False,,both,https://en.wikipedia.org/wiki/2017_Los_Angeles_Rams_season
2017,LAR,DC,Wade Phillips,1,1,False,False,,both,https://en.wikipedia.org/wiki/2017_Los_Angeles_Rams_season
2017,MIA,HC,Adam Gase,1,1,False,False,,both,https://en.wikipedia.org/wiki/2017_Miami_Dolphins_season
2017,MIA,OC,Clyde Christensen,1,1,False,False,,staff_section,https://en.wikipedia.org/wiki/2017_Miami_Dolphins_season
2017,MIA,DC,Matt Burke,1,1,False,False,,staff_section,https://en.wikipedia.org/wiki/2017_Miami_Dolphins_season
2017,MIN,HC,Mike Zimmer,1,1,False,False,,both,https://en.wikipedia.org/wiki/2017_Minnesota_Vikings_season
2017,MIN,OC,Pat Shurmur,1,1,False,False,,both,https://en.wikipedia.org/wiki/2017_Minnesota_Vikings_season
2017,MIN,DC,George Edwards,1,1,False,False,,both,https://en.wikipedia.org/wiki/2017_Minnesota_Vikings_season
2017,NE,HC,Bill Belichick,1,1,False,False,,both,https://en.wikipedia.org/wiki/2017_New_England_Patriots_season
2017,NE,OC,Josh McDaniels,1,1,False,False,,both,https://en.wikipedia.org/wiki/2017_New_England_Patriots_season
2017,NE,DC,Matt Patricia,1,1,False,False,,both,https://en.wikipedia.org/wiki/2017_New_England_Patriots_season
2017,NO,HC,Sean Payton,1,1,False,False,,both,https://en.wikipedia.org/wiki/2017_New_Orleans_Saints_season
2017,NO,OC,Pete Carmichael Jr.,1,1,False,False,,both,https://en.wikipedia.org/wiki/2017_New_Orleans_Saints_season
2017,NO,DC,Dennis Allen,1,1,False,False,,both,https://en.wikipedia.org/wiki/2017_New_Orleans_Saints_season
2017,NYG,HC,Ben McAdoo,1,2,False,False,"fired December 4, 2–10 record",both,https://en.wikipedia.org/wiki/2017_New_York_Giants_season
2017,NYG,HC,Steve Spagnuolo,2,2,False,True,"interim, 1–3 record",both,https://en.wikipedia.org/wiki/2017_New_York_Giants_season
2017,NYG,OC,Mike Sullivan,1,1,False,False,,staff_section,https://en.wikipedia.org/wiki/2017_New_York_Giants_season
2017,NYJ,HC,Todd Bowles,1,1,False,False,,both,https://en.wikipedia.org/wiki/2017_New_York_Jets_season
2017,NYJ,OC,John Morton,1,1,False,False,,staff_section,https://en.wikipedia.org/wiki/2017_New_York_Jets_season
2017,NYJ,DC,Kacy Rodgers,1,1,False,False,,staff_section,https://en.wikipedia.org/wiki/2017_New_York_Jets_season
2017,OAK,HC,Jack Del Rio,1,1,False,False,,both,https://en.wikipedia.org/wiki/2017_Oakland_Raiders_season
2017,OAK,OC,Todd Downing,1,1,False,False,,staff_section,https://en.wikipedia.org/wiki/2017_Oakland_Raiders_season
2017,OAK,DC,Ken Norton Jr.,1,1,False,False,"fired November 21, 2017",staff_section,https://en.wikipedia.org/wiki/2017_Oakland_Raiders_season
2017,PHI,HC,Doug Pederson,1,1,False,False,,both,https://en.wikipedia.org/wiki/2017_Philadelphia_Eagles_season
2017,PHI,OC,Frank Reich,1,1,False,False,,both,https://en.wikipedia.org/wiki/2017_Philadelphia_Eagles_season
2017,PHI,DC,Jim Schwartz,1,1,False,False,,both,https://en.wikipedia.org/wiki/2017_Philadelphia_Eagles_season
2017,PIT,HC,Mike Tomlin,1,1,False,False,,both,https://en.wikipedia.org/wiki/2017_Pittsburgh_Steelers_season
2017,PIT,OC,Todd Haley,1,1,False,False,,both,https://en.wikipedia.org/wiki/2017_Pittsburgh_Steelers_season
2017,PIT,DC,Keith Butler,1,1,False,False,,both,https://en.wikipedia.org/wiki/2017_Pittsburgh_Steelers_season
2017,SEA,HC,Pete Carroll,1,1,False,False,,both,https://en.wikipedia.org/wiki/2017_Seattle_Seahawks_season
2017,SEA,OC,Darrell Bevell,1,1,False,False,,staff_section,https://en.wikipedia.org/wiki/2017_Seattle_Seahawks_season
2017,SEA,DC,Kris Richard,1,1,False,False,,staff_section,https://en.wikipedia.org/wiki/2017_Seattle_Seahawks_season
2017,SF,HC,Kyle Shanahan,1,1,False,False,,both,https://en.wikipedia.org/wiki/2017_San_Francisco_49ers_season
2017,SF,OC,Kyle Shanahan,1,1,False,False,de facto,infobox,https://en.wikipedia.org/wiki/2017_San_Francisco_49ers_season
2017,SF,DC,Robert Saleh,1,1,False,False,,both,https://en.wikipedia.org/wiki/2017_San_Francisco_49ers_season
2017,TB,HC,Dirk Koetter,1,1,False,False,,both,https://en.wikipedia.org/wiki/2017_Tampa_Bay_Buccaneers_season
2017,TB,OC,Todd Monken,1,1,False,False,,staff_section,https://en.wikipedia.org/wiki/2017_Tampa_Bay_Buccaneers_season
2017,TB,DC,Mike Smith,1,1,False,False,,staff_section,https://en.wikipedia.org/wiki/2017_Tampa_Bay_Buccaneers_season
2017,TEN,HC,Mike Mularkey,1,1,False,False,,both,https://en.wikipedia.org/wiki/2017_Tennessee_Titans_season
2017,TEN,OC,Terry Robiskie,1,1,False,False,,both,https://en.wikipedia.org/wiki/2017_Tennessee_Titans_season
2017,TEN,DC,Dick LeBeau,1,1,False,False,,both,https://en.wikipedia.org/wiki/2017_Tennessee_Titans_season
2017,WSH,HC,Jay Gruden,1,1,False,False,,both,https://en.wikipedia.org/wiki/2017_Washington_Redskins_season
2017,WSH,OC,Matt Cavanaugh,1,1,False,False,,both,https://en.wikipedia.org/wiki/2017_Washington_Redskins_season
2017,WSH,DC,Greg Manusky,1,1,False,False,,both,https://en.wikipedia.org/wiki/2017_Washington_Redskins_season
2018,ARI,HC,Steve Wilks,1,1,False,False,,both,https://en.wikipedia.org/wiki/2018_Arizona_Cardinals_season
2018,ARI,OC,Mike McCoy,1,1,False,False,"fired Oct 19, 2018",staff_section,https://en.wikipedia.org/wiki/2018_Arizona_Cardinals_season
2018,ARI,DC,Al Holcomb,1,1,False,False,,staff_section,https://en.wikipedia.org/wiki/2018_Arizona_Cardinals_season
2018,ATL,HC,Dan Quinn,1,1,False,False,,both,https://en.wikipedia.org/wiki/2018_Atlanta_Falcons_season
2018,ATL,OC,Steve Sarkisian,1,1,False,False,,staff_section,https://en.wikipedia.org/wiki/2018_Atlanta_Falcons_season
2018,ATL,DC,Marquand Manuel,1,1,False,False,,staff_section,https://en.wikipedia.org/wiki/2018_Atlanta_Falcons_season
2018,BAL,HC,John Harbaugh,1,1,False,False,,both,https://en.wikipedia.org/wiki/2018_Baltimore_Ravens_season
2018,BAL,OC,Marty Mornhinweg,1,2,False,False,,both,https://en.wikipedia.org/wiki/2018_Baltimore_Ravens_season
2018,BAL,OC,Greg Roman,2,2,False,False,,staff_section,https://en.wikipedia.org/wiki/2018_Baltimore_Ravens_season
2018,BAL,DC,Don Martindale,1,1,False,False,,both,https://en.wikipedia.org/wiki/2018_Baltimore_Ravens_season
2018,BUF,HC,Sean McDermott,1,1,False,False,,both,https://en.wikipedia.org/wiki/2018_Buffalo_Bills_season
2018,BUF,OC,Brian Daboll,1,1,False,False,,staff_section,https://en.wikipedia.org/wiki/2018_Buffalo_Bills_season
2018,BUF,DC,Leslie Frazier,1,1,False,False,,staff_section,https://en.wikipedia.org/wiki/2018_Buffalo_Bills_season
2018,CAR,HC,Ron Rivera,1,1,False,False,,both,https://en.wikipedia.org/wiki/2018_Carolina_Panthers_season
2018,CAR,OC,Norv Turner,1,1,False,False,,staff_section,https://en.wikipedia.org/wiki/2018_Carolina_Panthers_season
2018,CAR,DC,Eric Washington,1,1,False,False,,staff_section,https://en.wikipedia.org/wiki/2018_Carolina_Panthers_season
2018,CHI,HC,Matt Nagy,1,1,False,False,,both,https://en.wikipedia.org/wiki/2018_Chicago_Bears_season
2018,CHI,OC,Mark Helfrich,1,1,False,False,,both,https://en.wikipedia.org/wiki/2018_Chicago_Bears_season
2018,CHI,DC,Vic Fangio,1,1,False,False,,both,https://en.wikipedia.org/wiki/2018_Chicago_Bears_season
2018,CIN,HC,Marvin Lewis,1,1,False,False,,both,https://en.wikipedia.org/wiki/2018_Cincinnati_Bengals_season
2018,CIN,OC,Bill Lazor,1,1,False,False,,staff_section,https://en.wikipedia.org/wiki/2018_Cincinnati_Bengals_season
2018,CLE,HC,Hue Jackson,1,2,False,False,"fired October 29, 2–5–1 record",both,https://en.wikipedia.org/wiki/2018_Cleveland_Browns_season
2018,CLE,HC,Gregg Williams,2,2,False,True,"interim, 5–3 record",both,https://en.wikipedia.org/wiki/2018_Cleveland_Browns_season
2018,CLE,OC,Freddie Kitchens,1,2,False,False,,staff_section,https://en.wikipedia.org/wiki/2018_Cleveland_Browns_season
2018,CLE,OC,Todd Haley,2,2,False,False,,staff_section,https://en.wikipedia.org/wiki/2018_Cleveland_Browns_season
2018,CLE,DC,Blake Williams,1,1,False,False,,staff_section,https://en.wikipedia.org/wiki/2018_Cleveland_Browns_season
2018,DAL,HC,Jason Garrett,1,1,False,False,,both,https://en.wikipedia.org/wiki/2018_Dallas_Cowboys_season
2018,DAL,OC,Scott Linehan,1,1,False,False,,both,https://en.wikipedia.org/wiki/2018_Dallas_Cowboys_season
2018,DAL,DC,Rod Marinelli,1,1,False,False,,both,https://en.wikipedia.org/wiki/2018_Dallas_Cowboys_season
2018,DEN,HC,Vance Joseph,1,1,False,False,,both,https://en.wikipedia.org/wiki/2018_Denver_Broncos_season
2018,DEN,OC,Bill Musgrave,1,1,False,False,,staff_section,https://en.wikipedia.org/wiki/2018_Denver_Broncos_season
2018,DEN,DC,Joe Woods,1,1,False,False,,staff_section,https://en.wikipedia.org/wiki/2018_Denver_Broncos_season
2018,DET,HC,Matt Patricia,1,1,False,False,,both,https://en.wikipedia.org/wiki/2018_Detroit_Lions_season
2018,DET,OC,Jim Bob Cooter,1,1,False,False,,staff_section,https://en.wikipedia.org/wiki/2018_Detroit_Lions_season
2018,DET,DC,Paul Pasqualoni,1,1,False,False,,staff_section,https://en.wikipedia.org/wiki/2018_Detroit_Lions_season
2018,GB,HC,Mike McCarthy,1,2,False,False,"fired December 2, 4–7–1 record",infobox,https://en.wikipedia.org/wiki/2018_Green_Bay_Packers_season
2018,GB,HC,Joe Philbin,2,2,False,True,"interim, 2–2 record",both,https://en.wikipedia.org/wiki/2018_Green_Bay_Packers_season
2018,GB,DC,Mike Pettine,1,1,False,False,,staff_section,https://en.wikipedia.org/wiki/2018_Green_Bay_Packers_season
2018,HOU,HC,Bill O'Brien,1,1,False,False,,both,https://en.wikipedia.org/wiki/2018_Houston_Texans_season
2018,HOU,DC,Romeo Crennel,1,1,False,False,,both,https://en.wikipedia.org/wiki/2018_Houston_Texans_season
2018,IND,HC,Frank Reich,1,1,False,False,,both,https://en.wikipedia.org/wiki/2018_Indianapolis_Colts_season
2018,IND,OC,Nick Sirianni,1,1,False,False,,both,https://en.wikipedia.org/wiki/2018_Indianapolis_Colts_season
2018,IND,DC,Matt Eberflus,1,1,False,False,,both,https://en.wikipedia.org/wiki/2018_Indianapolis_Colts_season
2018,JAX,HC,Doug Marrone,1,1,False,False,,both,https://en.wikipedia.org/wiki/2018_Jacksonville_Jaguars_season
2018,JAX,OC,Nathaniel Hackett,1,2,False,False,,both,https://en.wikipedia.org/wiki/2018_Jacksonville_Jaguars_season
2018,JAX,OC,Scott Milanovich,2,2,False,False,,staff_section,https://en.wikipedia.org/wiki/2018_Jacksonville_Jaguars_season
2018,JAX,DC,Todd Wash,1,1,False,False,,both,https://en.wikipedia.org/wiki/2018_Jacksonville_Jaguars_season
2018,KC,HC,Andy Reid,1,1,False,False,,both,https://en.wikipedia.org/wiki/2018_Kansas_City_Chiefs_season
2018,KC,OC,Eric Bieniemy,1,1,False,False,,both,https://en.wikipedia.org/wiki/2018_Kansas_City_Chiefs_season
2018,KC,DC,Bob Sutton,1,1,False,False,,both,https://en.wikipedia.org/wiki/2018_Kansas_City_Chiefs_season
2018,LAC,HC,Anthony Lynn,1,1,False,False,,both,https://en.wikipedia.org/wiki/2018_Los_Angeles_Chargers_season
2018,LAC,OC,Ken Whisenhunt,1,1,False,False,,both,https://en.wikipedia.org/wiki/2018_Los_Angeles_Chargers_season
2018,LAC,DC,Gus Bradley,1,1,False,False,,both,https://en.wikipedia.org/wiki/2018_Los_Angeles_Chargers_season
2018,LAR,HC,Sean McVay,1,1,False,False,,both,https://en.wikipedia.org/wiki/2018_Los_Angeles_Rams_season
2018,LAR,OC,Sean McVay,1,1,False,False,de facto,infobox,https://en.wikipedia.org/wiki/2018_Los_Angeles_Rams_season
2018,LAR,DC,Wade Phillips,1,1,False,False,,both,https://en.wikipedia.org/wiki/2018_Los_Angeles_Rams_season
2018,MIA,HC,Adam Gase,1,1,False,False,,both,https://en.wikipedia.org/wiki/2018_Miami_Dolphins_season
2018,MIA,OC,Dowell Loggains,1,1,False,False,,staff_section,https://en.wikipedia.org/wiki/2018_Miami_Dolphins_season
2018,MIA,DC,Matt Burke,1,1,False,False,,staff_section,https://en.wikipedia.org/wiki/2018_Miami_Dolphins_season
2018,MIN,HC,Mike Zimmer,1,1,False,False,,both,https://en.wikipedia.org/wiki/2018_Minnesota_Vikings_season
2018,MIN,OC,Kevin Stefanski,1,1,False,False,,staff_section,https://en.wikipedia.org/wiki/2018_Minnesota_Vikings_season
2018,MIN,DC,George Edwards,1,1,False,False,,staff_section,https://en.wikipedia.org/wiki/2018_Minnesota_Vikings_season
2018,NE,HC,Bill Belichick,1,1,False,False,,both,https://en.wikipedia.org/wiki/2018_New_England_Patriots_season
2018,NE,OC,Josh McDaniels,1,1,False,False,,both,https://en.wikipedia.org/wiki/2018_New_England_Patriots_season
2018,NO,HC,Sean Payton,1,1,False,False,,both,https://en.wikipedia.org/wiki/2018_New_Orleans_Saints_season
2018,NO,OC,Pete Carmichael Jr.,1,1,False,False,,both,https://en.wikipedia.org/wiki/2018_New_Orleans_Saints_season
2018,NO,DC,Dennis Allen,1,1,False,False,,both,https://en.wikipedia.org/wiki/2018_New_Orleans_Saints_season
2018,NYG,HC,Pat Shurmur,1,1,False,False,,both,https://en.wikipedia.org/wiki/2018_New_York_Giants_season
2018,NYG,OC,Mike Shula,1,1,False,False,,staff_section,https://en.wikipedia.org/wiki/2018_New_York_Giants_season
2018,NYG,DC,James Bettcher,1,1,False,False,,staff_section,https://en.wikipedia.org/wiki/2018_New_York_Giants_season
2018,NYJ,HC,Todd Bowles,1,1,False,False,,both,https://en.wikipedia.org/wiki/2018_New_York_Jets_season
2018,NYJ,OC,Jeremy Bates,1,1,False,False,,staff_section,https://en.wikipedia.org/wiki/2018_New_York_Jets_season
2018,NYJ,DC,Kacy Rodgers,1,1,False,False,,staff_section,https://en.wikipedia.org/wiki/2018_New_York_Jets_season
2018,OAK,HC,Jon Gruden,1,1,False,False,,both,https://en.wikipedia.org/wiki/2018_Oakland_Raiders_season
2018,OAK,OC,Greg Olson,1,1,False,False,,staff_section,https://en.wikipedia.org/wiki/2018_Oakland_Raiders_season
2018,OAK,DC,Paul Guenther,1,1,False,False,,staff_section,https://en.wikipedia.org/wiki/2018_Oakland_Raiders_season
2018,PHI,HC,Doug Pederson,1,1,False,False,,both,https://en.wikipedia.org/wiki/2018_Philadelphia_Eagles_season
2018,PHI,OC,Mike Groh,1,1,False,False,,both,https://en.wikipedia.org/wiki/2018_Philadelphia_Eagles_season
2018,PHI,DC,Jim Schwartz,1,1,False,False,,both,https://en.wikipedia.org/wiki/2018_Philadelphia_Eagles_season
2018,PIT,HC,Mike Tomlin,1,1,False,False,,both,https://en.wikipedia.org/wiki/2018_Pittsburgh_Steelers_season
2018,PIT,OC,Randy Fichtner,1,1,False,False,,both,https://en.wikipedia.org/wiki/2018_Pittsburgh_Steelers_season
2018,PIT,DC,Keith Butler,1,1,False,False,,both,https://en.wikipedia.org/wiki/2018_Pittsburgh_Steelers_season
2018,SEA,HC,Pete Carroll,1,1,False,False,,both,https://en.wikipedia.org/wiki/2018_Seattle_Seahawks_season
2018,SEA,OC,Brian Schottenheimer,1,1,False,False,,both,https://en.wikipedia.org/wiki/2018_Seattle_Seahawks_season
2018,SEA,DC,Ken Norton Jr.,1,1,False,False,,both,https://en.wikipedia.org/wiki/2018_Seattle_Seahawks_season
2018,SF,HC,Kyle Shanahan,1,1,False,False,,both,https://en.wikipedia.org/wiki/2018_San_Francisco_49ers_season
2018,SF,OC,Kyle Shanahan,1,1,False,False,de facto,infobox,https://en.wikipedia.org/wiki/2018_San_Francisco_49ers_season
2018,SF,DC,Robert Saleh,1,1,False,False,,both,https://en.wikipedia.org/wiki/2018_San_Francisco_49ers_season
2018,TB,HC,Dirk Koetter,1,1,False,False,,both,https://en.wikipedia.org/wiki/2018_Tampa_Bay_Buccaneers_season
2018,TB,OC,Todd Monken,1,1,False,False,,staff_section,https://en.wikipedia.org/wiki/2018_Tampa_Bay_Buccaneers_season
2018,TB,DC,Mark Duffner,1,1,False,False,,staff_section,https://en.wikipedia.org/wiki/2018_Tampa_Bay_Buccaneers_season
2018,TEN,HC,Mike Vrabel,1,1,False,False,,both,https://en.wikipedia.org/wiki/2018_Tennessee_Titans_season
2018,TEN,OC,Matt LaFleur,1,1,False,False,,staff_section,https://en.wikipedia.org/wiki/2018_Tennessee_Titans_season
2018,TEN,DC,Dean Pees,1,1,False,False,,staff_section,https://en.wikipedia.org/wiki/2018_Tennessee_Titans_season
2018,WSH,HC,Jay Gruden,1,1,False,False,,both,https://en.wikipedia.org/wiki/2018_Washington_Redskins_season
2018,WSH,OC,Matt Cavanaugh,1,1,False,False,,both,https://en.wikipedia.org/wiki/2018_Washington_Redskins_season
2018,WSH,DC,Greg Manusky,1,1,False,False,,both,https://en.wikipedia.org/wiki/2018_Washington_Redskins_season
2019,ARI,HC,Kliff Kingsbury,1,1,False,False,,both,https://en.wikipedia.org/wiki/2019_Arizona_Cardinals_season
2019,ARI,DC,Vance Joseph,1,1,False,False,,staff_section,https://en.wikipedia.org/wiki/2019_Arizona_Cardinals_season
2019,ATL,HC,Dan Quinn,1,1,False,False,,both,https://en.wikipedia.org/wiki/2019_Atlanta_Falcons_season
2019,ATL,OC,Dirk Koetter,1,1,False,False,,staff_section,https://en.wikipedia.org/wiki/2019_Atlanta_Falcons_season
2019,BAL,HC,John Harbaugh,1,1,False,False,,both,https://en.wikipedia.org/wiki/2019_Baltimore_Ravens_season
2019,BAL,OC,Greg Roman,1,1,False,False,,both,https://en.wikipedia.org/wiki/2019_Baltimore_Ravens_season
2019,BAL,DC,Don Martindale,1,1,False,False,,both,https://en.wikipedia.org/wiki/2019_Baltimore_Ravens_season
2019,BUF,HC,Sean McDermott,1,1,False,False,,both,https://en.wikipedia.org/wiki/2019_Buffalo_Bills_season
2019,BUF,OC,Brian Daboll,1,1,False,False,,both,https://en.wikipedia.org/wiki/2019_Buffalo_Bills_season
2019,BUF,DC,Leslie Frazier,1,1,False,False,,both,https://en.wikipedia.org/wiki/2019_Buffalo_Bills_season
2019,CAR,HC,Ron Rivera,1,2,False,False,fired on December 3; 5–7 record,both,https://en.wikipedia.org/wiki/2019_Carolina_Panthers_season
2019,CAR,HC,Perry Fewell,2,2,False,True,"interim, 0–4 record",both,https://en.wikipedia.org/wiki/2019_Carolina_Panthers_season
2019,CAR,OC,Norv Turner,1,1,False,False,,both,https://en.wikipedia.org/wiki/2019_Carolina_Panthers_season
2019,CAR,DC,Eric Washington,1,1,False,False,,staff_section,https://en.wikipedia.org/wiki/2019_Carolina_Panthers_season
2019,CHI,HC,Matt Nagy,1,1,False,False,,both,https://en.wikipedia.org/wiki/2019_Chicago_Bears_season
2019,CHI,OC,Mark Helfrich,1,1,False,False,,staff_section,https://en.wikipedia.org/wiki/2019_Chicago_Bears_season
2019,CHI,DC,Chuck Pagano,1,1,False,False,,staff_section,https://en.wikipedia.org/wiki/2019_Chicago_Bears_season
2019,CIN,HC,Zac Taylor,1,1,False,False,,both,https://en.wikipedia.org/wiki/2019_Cincinnati_Bengals_season
2019,CIN,OC,Brian Callahan,1,1,False,False,,staff_section,https://en.wikipedia.org/wiki/2019_Cincinnati_Bengals_season
2019,CIN,DC,Lou Anarumo,1,1,False,False,,staff_section,https://en.wikipedia.org/wiki/2019_Cincinnati_Bengals_season
2019,CLE,HC,Freddie Kitchens,1,1,False,False,,both,https://en.wikipedia.org/wiki/2019_Cleveland_Browns_season
2019,CLE,OC,Todd Monken,1,1,False,False,,staff_section,https://en.wikipedia.org/wiki/2019_Cleveland_Browns_season
2019,CLE,DC,Steve Wilks,1,1,False,False,,staff_section,https://en.wikipedia.org/wiki/2019_Cleveland_Browns_season
2019,DAL,HC,Jason Garrett,1,1,False,False,,both,https://en.wikipedia.org/wiki/2019_Dallas_Cowboys_season
2019,DAL,OC,Kellen Moore,1,1,False,False,,staff_section,https://en.wikipedia.org/wiki/2019_Dallas_Cowboys_season
2019,DAL,DC,Rod Marinelli,1,1,False,False,,staff_section,https://en.wikipedia.org/wiki/2019_Dallas_Cowboys_season
2019,DEN,HC,Vic Fangio,1,1,False,False,,both,https://en.wikipedia.org/wiki/2019_Denver_Broncos_season
2019,DEN,OC,Rich Scangarello,1,1,False,False,,staff_section,https://en.wikipedia.org/wiki/2019_Denver_Broncos_season
2019,DEN,DC,Ed Donatell,1,1,False,False,,staff_section,https://en.wikipedia.org/wiki/2019_Denver_Broncos_season
2019,DET,HC,Matt Patricia,1,1,False,False,,both,https://en.wikipedia.org/wiki/2019_Detroit_Lions_season
2019,DET,OC,Darrell Bevell,1,1,False,False,,staff_section,https://en.wikipedia.org/wiki/2019_Detroit_Lions_season
2019,DET,DC,Paul Pasqualoni,1,1,False,False,,staff_section,https://en.wikipedia.org/wiki/2019_Detroit_Lions_season
2019,GB,HC,Matt LaFleur,1,1,False,False,,both,https://en.wikipedia.org/wiki/2019_Green_Bay_Packers_season
2019,GB,OC,Nathaniel Hackett,1,1,False,False,,both,https://en.wikipedia.org/wiki/2019_Green_Bay_Packers_season
2019,GB,DC,Mike Pettine,1,1,False,False,,both,https://en.wikipedia.org/wiki/2019_Green_Bay_Packers_season
2019,HOU,HC,Bill O'Brien,1,1,False,False,,both,https://en.wikipedia.org/wiki/2019_Houston_Texans_season
2019,HOU,OC,Tim Kelly,1,1,False,False,,both,https://en.wikipedia.org/wiki/2019_Houston_Texans_season
2019,HOU,DC,Romeo Crennel,1,1,False,False,,both,https://en.wikipedia.org/wiki/2019_Houston_Texans_season
2019,IND,HC,Frank Reich,1,1,False,False,,both,https://en.wikipedia.org/wiki/2019_Indianapolis_Colts_season
2019,IND,OC,Nick Sirianni,1,1,False,False,,staff_section,https://en.wikipedia.org/wiki/2019_Indianapolis_Colts_season
2019,IND,DC,Matt Eberflus,1,1,False,False,,staff_section,https://en.wikipedia.org/wiki/2019_Indianapolis_Colts_season
2019,JAX,HC,Doug Marrone,1,1,False,False,,both,https://en.wikipedia.org/wiki/2019_Jacksonville_Jaguars_season
2019,JAX,OC,John DeFilippo,1,1,False,False,,both,https://en.wikipedia.org/wiki/2019_Jacksonville_Jaguars_season
2019,JAX,DC,Todd Wash,1,1,False,False,,both,https://en.wikipedia.org/wiki/2019_Jacksonville_Jaguars_season
2019,KC,HC,Andy Reid,1,1,False,False,,both,https://en.wikipedia.org/wiki/2019_Kansas_City_Chiefs_season
2019,KC,OC,Eric Bieniemy,1,1,False,False,,both,https://en.wikipedia.org/wiki/2019_Kansas_City_Chiefs_season
2019,KC,DC,Steve Spagnuolo,1,1,False,False,,both,https://en.wikipedia.org/wiki/2019_Kansas_City_Chiefs_season
2019,LAC,HC,Anthony Lynn,1,1,False,False,,both,https://en.wikipedia.org/wiki/2019_Los_Angeles_Chargers_season
2019,LAC,OC,Shane Steichen,1,1,False,False,,staff_section,https://en.wikipedia.org/wiki/2019_Los_Angeles_Chargers_season
2019,LAC,DC,Gus Bradley,1,1,False,False,,staff_section,https://en.wikipedia.org/wiki/2019_Los_Angeles_Chargers_season
2019,LAR,HC,Sean McVay,1,1,False,False,,both,https://en.wikipedia.org/wiki/2019_Los_Angeles_Rams_season
2019,LAR,OC,Sean McVay,1,1,False,False,de facto,infobox,https://en.wikipedia.org/wiki/2019_Los_Angeles_Rams_season
2019,LAR,DC,Wade Phillips,1,1,False,False,,both,https://en.wikipedia.org/wiki/2019_Los_Angeles_Rams_season
2019,MIA,HC,Brian Flores,1,1,False,False,,both,https://en.wikipedia.org/wiki/2019_Miami_Dolphins_season
2019,MIA,OC,Chad O'Shea,1,1,False,False,,staff_section,https://en.wikipedia.org/wiki/2019_Miami_Dolphins_season
2019,MIA,DC,Patrick Graham,1,1,False,False,,staff_section,https://en.wikipedia.org/wiki/2019_Miami_Dolphins_season
2019,MIN,HC,Mike Zimmer,1,1,False,False,,both,https://en.wikipedia.org/wiki/2019_Minnesota_Vikings_season
2019,MIN,OC,Kevin Stefanski,1,1,False,False,,both,https://en.wikipedia.org/wiki/2019_Minnesota_Vikings_season
2019,MIN,DC,George Edwards,1,1,False,False,,both,https://en.wikipedia.org/wiki/2019_Minnesota_Vikings_season
2019,NE,HC,Bill Belichick,1,1,False,False,,both,https://en.wikipedia.org/wiki/2019_New_England_Patriots_season
2019,NE,OC,Josh McDaniels,1,1,False,False,,both,https://en.wikipedia.org/wiki/2019_New_England_Patriots_season
2019,NE,DC,Greg Schiano,1,1,False,False,resigned March 28,staff_section,https://en.wikipedia.org/wiki/2019_New_England_Patriots_season
2019,NO,HC,Sean Payton,1,1,False,False,,both,https://en.wikipedia.org/wiki/2019_New_Orleans_Saints_season
2019,NO,OC,Pete Carmichael Jr.,1,1,False,False,,both,https://en.wikipedia.org/wiki/2019_New_Orleans_Saints_season
2019,NO,DC,Dennis Allen,1,1,False,False,,both,https://en.wikipedia.org/wiki/2019_New_Orleans_Saints_season
2019,NYG,HC,Pat Shurmur,1,1,False,False,,both,https://en.wikipedia.org/wiki/2019_New_York_Giants_season
2019,NYG,OC,Mike Shula,1,1,False,False,,staff_section,https://en.wikipedia.org/wiki/2019_New_York_Giants_season
2019,NYG,DC,James Bettcher,1,1,False,False,,staff_section,https://en.wikipedia.org/wiki/2019_New_York_Giants_season
2019,NYJ,HC,Adam Gase,1,1,False,False,,both,https://en.wikipedia.org/wiki/2019_New_York_Jets_season
2019,NYJ,OC,Dowell Loggains,1,1,False,False,,staff_section,https://en.wikipedia.org/wiki/2019_New_York_Jets_season
2019,NYJ,DC,Gregg Williams,1,1,False,False,,staff_section,https://en.wikipedia.org/wiki/2019_New_York_Jets_season
2019,OAK,HC,Jon Gruden,1,1,False,False,,both,https://en.wikipedia.org/wiki/2019_Oakland_Raiders_season
2019,OAK,OC,Greg Olson,1,1,False,False,,staff_section,https://en.wikipedia.org/wiki/2019_Oakland_Raiders_season
2019,OAK,DC,Paul Guenther,1,1,False,False,,staff_section,https://en.wikipedia.org/wiki/2019_Oakland_Raiders_season
2019,PHI,HC,Doug Pederson,1,1,False,False,,both,https://en.wikipedia.org/wiki/2019_Philadelphia_Eagles_season
2019,PHI,OC,Mike Groh,1,1,False,False,,both,https://en.wikipedia.org/wiki/2019_Philadelphia_Eagles_season
2019,PHI,DC,Jim Schwartz,1,1,False,False,,both,https://en.wikipedia.org/wiki/2019_Philadelphia_Eagles_season
2019,PIT,HC,Mike Tomlin,1,1,False,False,,both,https://en.wikipedia.org/wiki/2019_Pittsburgh_Steelers_season
2019,PIT,OC,Randy Fichtner,1,1,False,False,,both,https://en.wikipedia.org/wiki/2019_Pittsburgh_Steelers_season
2019,PIT,DC,Keith Butler,1,1,False,False,,both,https://en.wikipedia.org/wiki/2019_Pittsburgh_Steelers_season
2019,SEA,HC,Pete Carroll,1,1,False,False,,both,https://en.wikipedia.org/wiki/2019_Seattle_Seahawks_season
2019,SEA,OC,Brian Schottenheimer,1,1,False,False,,both,https://en.wikipedia.org/wiki/2019_Seattle_Seahawks_season
2019,SEA,DC,Ken Norton Jr.,1,1,False,False,,both,https://en.wikipedia.org/wiki/2019_Seattle_Seahawks_season
2019,SF,HC,Kyle Shanahan,1,1,False,False,,both,https://en.wikipedia.org/wiki/2019_San_Francisco_49ers_season
2019,SF,OC,Kyle Shanahan,1,1,False,False,de facto,infobox,https://en.wikipedia.org/wiki/2019_San_Francisco_49ers_season
2019,SF,DC,Robert Saleh,1,1,False,False,,both,https://en.wikipedia.org/wiki/2019_San_Francisco_49ers_season
2019,TB,HC,Bruce Arians,1,1,False,False,,both,https://en.wikipedia.org/wiki/2019_Tampa_Bay_Buccaneers_season
2019,TB,OC,Byron Leftwich,1,1,False,False,,staff_section,https://en.wikipedia.org/wiki/2019_Tampa_Bay_Buccaneers_season
2019,TB,DC,Todd Bowles,1,1,False,False,,staff_section,https://en.wikipedia.org/wiki/2019_Tampa_Bay_Buccaneers_season
2019,TEN,HC,Mike Vrabel,1,1,False,False,,both,https://en.wikipedia.org/wiki/2019_Tennessee_Titans_season
2019,TEN,OC,Arthur Smith,1,1,False,False,,both,https://en.wikipedia.org/wiki/2019_Tennessee_Titans_season
2019,TEN,DC,Dean Pees,1,1,False,False,,both,https://en.wikipedia.org/wiki/2019_Tennessee_Titans_season
2019,WSH,HC,Jay Gruden,1,2,False,False,"fired on October 7, 0-5 record",both,https://en.wikipedia.org/wiki/2019_Washington_Redskins_season
2019,WSH,HC,Bill Callahan,2,2,False,True,"interim, 3-8 record",both,https://en.wikipedia.org/wiki/2019_Washington_Redskins_season
2019,WSH,OC,Kevin O'Connell,1,1,False,False,,both,https://en.wikipedia.org/wiki/2019_Washington_Redskins_season
2019,WSH,DC,Greg Manusky,1,1,False,False,,both,https://en.wikipedia.org/wiki/2019_Washington_Redskins_season
2020,ARI,HC,Kliff Kingsbury,1,1,False,False,,both,https://en.wikipedia.org/wiki/2020_Arizona_Cardinals_season
2020,ARI,DC,Vance Joseph,1,1,False,False,,staff_section,https://en.wikipedia.org/wiki/2020_Arizona_Cardinals_season
2020,ATL,HC,Dan Quinn,1,2,False,False,fired Oct. 11; 0–5 record,both,https://en.wikipedia.org/wiki/2020_Atlanta_Falcons_season
2020,ATL,HC,Raheem Morris,2,2,False,True,interim; 4–7 record,both,https://en.wikipedia.org/wiki/2020_Atlanta_Falcons_season
2020,ATL,OC,Dirk Koetter,1,1,False,False,,staff_section,https://en.wikipedia.org/wiki/2020_Atlanta_Falcons_season
2020,ATL,DC,Jeff Ulbrich,1,1,False,False,,staff_section,https://en.wikipedia.org/wiki/2020_Atlanta_Falcons_season
2020,BAL,HC,John Harbaugh,1,1,False,False,,both,https://en.wikipedia.org/wiki/2020_Baltimore_Ravens_season
2020,BAL,OC,Greg Roman,1,1,False,False,,both,https://en.wikipedia.org/wiki/2020_Baltimore_Ravens_season
2020,BAL,DC,Don Martindale,1,1,False,False,,both,https://en.wikipedia.org/wiki/2020_Baltimore_Ravens_season
2020,BUF,HC,Sean McDermott,1,1,False,False,,both,https://en.wikipedia.org/wiki/2020_Buffalo_Bills_season
2020,BUF,OC,Brian Daboll,1,1,False,False,,both,https://en.wikipedia.org/wiki/2020_Buffalo_Bills_season
2020,BUF,DC,Leslie Frazier,1,1,False,False,,both,https://en.wikipedia.org/wiki/2020_Buffalo_Bills_season
2020,CAR,HC,Matt Rhule,1,1,False,False,,both,https://en.wikipedia.org/wiki/2020_Carolina_Panthers_season
2020,CAR,OC,Joe Brady,1,1,False,False,,staff_section,https://en.wikipedia.org/wiki/2020_Carolina_Panthers_season
2020,CAR,DC,Phil Snow,1,1,False,False,,staff_section,https://en.wikipedia.org/wiki/2020_Carolina_Panthers_season
2020,CHI,HC,Matt Nagy,1,1,False,False,,both,https://en.wikipedia.org/wiki/2020_Chicago_Bears_season
2020,CHI,OC,Bill Lazor,1,1,False,False,,both,https://en.wikipedia.org/wiki/2020_Chicago_Bears_season
2020,CHI,DC,Chuck Pagano,1,1,False,False,,both,https://en.wikipedia.org/wiki/2020_Chicago_Bears_season
2020,CIN,HC,Zac Taylor,1,1,False,False,,both,https://en.wikipedia.org/wiki/2020_Cincinnati_Bengals_season
2020,CIN,OC,Brian Callahan,1,1,False,False,,staff_section,https://en.wikipedia.org/wiki/2020_Cincinnati_Bengals_season
2020,CIN,DC,Lou Anarumo,1,1,False,False,,staff_section,https://en.wikipedia.org/wiki/2020_Cincinnati_Bengals_season
2020,CLE,HC,Kevin Stefanski,1,2,False,False,,both,https://en.wikipedia.org/wiki/2020_Cleveland_Browns_season
2020,CLE,HC,Mike Priefer,2,2,False,False,,infobox,https://en.wikipedia.org/wiki/2020_Cleveland_Browns_season
2020,CLE,OC,Alex Van Pelt,1,1,False,False,,both,https://en.wikipedia.org/wiki/2020_Cleveland_Browns_season
2020,CLE,DC,Joe Woods,1,1,False,False,,both,https://en.wikipedia.org/wiki/2020_Cleveland_Browns_season
2020,DAL,HC,Mike McCarthy,1,1,False,False,,both,https://en.wikipedia.org/wiki/2020_Dallas_Cowboys_season
2020,DAL,OC,Kellen Moore,1,1,False,False,,both,https://en.wikipedia.org/wiki/2020_Dallas_Cowboys_season
2020,DAL,DC,Mike Nolan,1,1,False,False,,both,https://en.wikipedia.org/wiki/2020_Dallas_Cowboys_season
2020,DEN,HC,Vic Fangio,1,1,False,False,,both,https://en.wikipedia.org/wiki/2020_Denver_Broncos_season
2020,DEN,OC,Pat Shurmur,1,1,False,False,,staff_section,https://en.wikipedia.org/wiki/2020_Denver_Broncos_season
2020,DEN,DC,Ed Donatell,1,1,False,False,,staff_section,https://en.wikipedia.org/wiki/2020_Denver_Broncos_season
2020,DET,HC,Matt Patricia,1,3,False,False,fired Nov. 28; 4–7 record,infobox,https://en.wikipedia.org/wiki/2020_Detroit_Lions_season
2020,DET,HC,Darrell Bevell,2,3,False,True,interim; 1–4 record; COVID-19 Week 16,both,https://en.wikipedia.org/wiki/2020_Detroit_Lions_season
2020,DET,HC,Robert Prince,3,3,False,True,interim Week 16; 0–1 record,infobox,https://en.wikipedia.org/wiki/2020_Detroit_Lions_season
2020,DET,DC,Cory Undlin,1,1,False,False,,staff_section,https://en.wikipedia.org/wiki/2020_Detroit_Lions_season
2020,GB,HC,Matt LaFleur,1,1,False,False,,both,https://en.wikipedia.org/wiki/2020_Green_Bay_Packers_season
2020,GB,OC,Nathaniel Hackett,1,1,False,False,,both,https://en.wikipedia.org/wiki/2020_Green_Bay_Packers_season
2020,GB,DC,Mike Pettine,1,1,False,False,,both,https://en.wikipedia.org/wiki/2020_Green_Bay_Packers_season
2020,HOU,HC,Bill O'Brien,1,2,False,False,"fired Oct. 5, 0–4 record",both,https://en.wikipedia.org/wiki/2020_Houston_Texans_season
2020,HOU,HC,Romeo Crennel,2,2,False,True,"interim, 4–8 record",both,https://en.wikipedia.org/wiki/2020_Houston_Texans_season
2020,HOU,OC,Tim Kelly,1,1,False,False,,both,https://en.wikipedia.org/wiki/2020_Houston_Texans_season
2020,HOU,DC,Anthony Weaver,1,1,False,False,,both,https://en.wikipedia.org/wiki/2020_Houston_Texans_season
2020,IND,HC,Frank Reich,1,1,False,False,,both,https://en.wikipedia.org/wiki/2020_Indianapolis_Colts_season
2020,IND,OC,Nick Sirianni,1,1,False,False,,both,https://en.wikipedia.org/wiki/2020_Indianapolis_Colts_season
2020,IND,DC,Matt Eberflus,1,1,False,False,,both,https://en.wikipedia.org/wiki/2020_Indianapolis_Colts_season
2020,JAX,HC,Doug Marrone,1,1,False,False,,both,https://en.wikipedia.org/wiki/2020_Jacksonville_Jaguars_season
2020,JAX,OC,Jay Gruden,1,1,False,False,,both,https://en.wikipedia.org/wiki/2020_Jacksonville_Jaguars_season
2020,JAX,DC,Todd Wash,1,1,False,False,,both,https://en.wikipedia.org/wiki/2020_Jacksonville_Jaguars_season
2020,KC,HC,Andy Reid,1,1,False,False,,both,https://en.wikipedia.org/wiki/2020_Kansas_City_Chiefs_season
2020,KC,OC,Eric Bieniemy,1,1,False,False,,both,https://en.wikipedia.org/wiki/2020_Kansas_City_Chiefs_season
2020,KC,DC,Steve Spagnuolo,1,1,False,False,,both,https://en.wikipedia.org/wiki/2020_Kansas_City_Chiefs_season
2020,LAC,HC,Anthony Lynn,1,1,False,False,,both,https://en.wikipedia.org/wiki/2020_Los_Angeles_Chargers_season
2020,LAC,OC,Shane Steichen,1,1,False,False,,staff_section,https://en.wikipedia.org/wiki/2020_Los_Angeles_Chargers_season
2020,LAC,DC,Gus Bradley,1,1,False,False,,staff_section,https://en.wikipedia.org/wiki/2020_Los_Angeles_Chargers_season
2020,LAR,HC,Sean McVay,1,1,False,False,,both,https://en.wikipedia.org/wiki/2020_Los_Angeles_Rams_season
2020,LAR,OC,Kevin O'Connell,1,1,False,False,,both,https://en.wikipedia.org/wiki/2020_Los_Angeles_Rams_season
2020,LAR,DC,Brandon Staley,1,1,False,False,,both,https://en.wikipedia.org/wiki/2020_Los_Angeles_Rams_season
2020,MIA,HC,Brian Flores,1,1,False,False,,both,https://en.wikipedia.org/wiki/2020_Miami_Dolphins_season
2020,MIA,OC,Chan Gailey,1,1,False,False,,staff_section,https://en.wikipedia.org/wiki/2020_Miami_Dolphins_season
2020,MIA,DC,Josh Boyer,1,1,False,False,,staff_section,https://en.wikipedia.org/wiki/2020_Miami_Dolphins_season
2020,MIN,HC,Mike Zimmer,1,1,False,False,,both,https://en.wikipedia.org/wiki/2020_Minnesota_Vikings_season
2020,MIN,OC,Gary Kubiak,1,1,False,False,,staff_section,https://en.wikipedia.org/wiki/2020_Minnesota_Vikings_season
2020,NE,HC,Bill Belichick,1,1,False,False,,both,https://en.wikipedia.org/wiki/2020_New_England_Patriots_season
2020,NE,OC,Josh McDaniels,1,1,False,False,,staff_section,https://en.wikipedia.org/wiki/2020_New_England_Patriots_season
2020,NO,HC,Sean Payton,1,1,False,False,,both,https://en.wikipedia.org/wiki/2020_New_Orleans_Saints_season
2020,NO,OC,Pete Carmichael Jr.,1,1,False,False,,both,https://en.wikipedia.org/wiki/2020_New_Orleans_Saints_season
2020,NO,DC,Dennis Allen,1,1,False,False,,both,https://en.wikipedia.org/wiki/2020_New_Orleans_Saints_season
2020,NYG,HC,Joe Judge,1,1,False,False,,both,https://en.wikipedia.org/wiki/2020_New_York_Giants_season
2020,NYG,OC,Jason Garrett,1,1,False,False,,staff_section,https://en.wikipedia.org/wiki/2020_New_York_Giants_season
2020,NYG,DC,Patrick Graham,1,1,False,False,,staff_section,https://en.wikipedia.org/wiki/2020_New_York_Giants_season
2020,NYJ,HC,Adam Gase,1,1,False,False,,both,https://en.wikipedia.org/wiki/2020_New_York_Jets_season
2020,NYJ,OC,Dowell Loggains,1,1,False,False,,staff_section,https://en.wikipedia.org/wiki/2020_New_York_Jets_season
2020,NYJ,DC,Frank Bush,1,1,False,False,,staff_section,https://en.wikipedia.org/wiki/2020_New_York_Jets_season
2020,OAK,HC,Jon Gruden,1,1,False,False,,both,https://en.wikipedia.org/wiki/2020_Las_Vegas_Raiders_season
2020,OAK,OC,Greg Olson,1,1,False,False,,staff_section,https://en.wikipedia.org/wiki/2020_Las_Vegas_Raiders_season
2020,OAK,DC,Rod Marinelli,1,1,False,False,,staff_section,https://en.wikipedia.org/wiki/2020_Las_Vegas_Raiders_season
2020,PHI,HC,Doug Pederson,1,1,False,False,,both,https://en.wikipedia.org/wiki/2020_Philadelphia_Eagles_season
2020,PHI,DC,Jim Schwartz,1,1,False,False,,staff_section,https://en.wikipedia.org/wiki/2020_Philadelphia_Eagles_season
2020,PIT,HC,Mike Tomlin,1,1,False,False,,both,https://en.wikipedia.org/wiki/2020_Pittsburgh_Steelers_season
2020,PIT,OC,Randy Fichtner,1,1,False,False,,both,https://en.wikipedia.org/wiki/2020_Pittsburgh_Steelers_season
2020,PIT,DC,Keith Butler,1,1,False,False,,both,https://en.wikipedia.org/wiki/2020_Pittsburgh_Steelers_season
2020,SEA,HC,Pete Carroll,1,1,False,False,,both,https://en.wikipedia.org/wiki/2020_Seattle_Seahawks_season
2020,SEA,OC,Brian Schottenheimer,1,1,False,False,,both,https://en.wikipedia.org/wiki/2020_Seattle_Seahawks_season
2020,SEA,DC,Ken Norton Jr.,1,1,False,False,,both,https://en.wikipedia.org/wiki/2020_Seattle_Seahawks_season
2020,SF,HC,Kyle Shanahan,1,1,False,False,,both,https://en.wikipedia.org/wiki/2020_San_Francisco_49ers_season
2020,SF,OC,Kyle Shanahan,1,1,False,False,de facto,infobox,https://en.wikipedia.org/wiki/2020_San_Francisco_49ers_season
2020,SF,DC,Robert Saleh,1,1,False,False,,both,https://en.wikipedia.org/wiki/2020_San_Francisco_49ers_season
2020,TB,HC,Bruce Arians,1,1,False,False,,both,https://en.wikipedia.org/wiki/2020_Tampa_Bay_Buccaneers_season
2020,TB,OC,Byron Leftwich,1,1,False,False,,both,https://en.wikipedia.org/wiki/2020_Tampa_Bay_Buccaneers_season
2020,TB,DC,Todd Bowles,1,1,False,False,,both,https://en.wikipedia.org/wiki/2020_Tampa_Bay_Buccaneers_season
2020,TEN,HC,Mike Vrabel,1,1,False,False,,both,https://en.wikipedia.org/wiki/2020_Tennessee_Titans_season
2020,TEN,OC,Arthur Smith,1,1,False,False,,both,https://en.wikipedia.org/wiki/2020_Tennessee_Titans_season
2020,WSH,HC,Ron Rivera,1,1,False,False,,both,https://en.wikipedia.org/wiki/2020_Washington_Football_Team_season
2020,WSH,OC,Scott Turner,1,1,False,False,,both,https://en.wikipedia.org/wiki/2020_Washington_Football_Team_season
2020,WSH,DC,Jack Del Rio,1,1,False,False,,both,https://en.wikipedia.org/wiki/2020_Washington_Football_Team_season
2021,ARI,HC,Kliff Kingsbury,1,1,False,False,,both,https://en.wikipedia.org/wiki/2021_Arizona_Cardinals_season
2021,ARI,DC,Vance Joseph,1,1,False,False,,both,https://en.wikipedia.org/wiki/2021_Arizona_Cardinals_season
2021,ATL,HC,Arthur Smith,1,1,False,False,,both,https://en.wikipedia.org/wiki/2021_Atlanta_Falcons_season
2021,ATL,OC,Dave Ragone,1,1,False,False,,staff_section,https://en.wikipedia.org/wiki/2021_Atlanta_Falcons_season
2021,ATL,DC,Dean Pees,1,1,False,False,,staff_section,https://en.wikipedia.org/wiki/2021_Atlanta_Falcons_season
2021,BAL,HC,John Harbaugh,1,1,False,False,,both,https://en.wikipedia.org/wiki/2021_Baltimore_Ravens_season
2021,BAL,OC,Greg Roman,1,1,False,False,,both,https://en.wikipedia.org/wiki/2021_Baltimore_Ravens_season
2021,BAL,DC,Don Martindale,1,1,False,False,,both,https://en.wikipedia.org/wiki/2021_Baltimore_Ravens_season
2021,BUF,HC,Sean McDermott,1,1,False,False,,both,https://en.wikipedia.org/wiki/2021_Buffalo_Bills_season
2021,BUF,OC,Brian Daboll,1,1,False,False,,both,https://en.wikipedia.org/wiki/2021_Buffalo_Bills_season
2021,BUF,DC,Leslie Frazier,1,1,False,False,,both,https://en.wikipedia.org/wiki/2021_Buffalo_Bills_season
2021,CAR,HC,Matt Rhule,1,1,False,False,,both,https://en.wikipedia.org/wiki/2021_Carolina_Panthers_season
2021,CAR,OC,Joe Brady,1,2,False,False,fired mid season,staff_section,https://en.wikipedia.org/wiki/2021_Carolina_Panthers_season
2021,CAR,OC,Jeff Nixon,2,2,False,False,,staff_section,https://en.wikipedia.org/wiki/2021_Carolina_Panthers_season
2021,CAR,DC,Phil Snow,1,1,False,False,,staff_section,https://en.wikipedia.org/wiki/2021_Carolina_Panthers_season
2021,CHI,HC,Matt Nagy,1,2,False,False,,both,https://en.wikipedia.org/wiki/2021_Chicago_Bears_season
2021,CHI,HC,Chris Tabor,2,2,False,False,Acting HC for Week 8 after Nagy tested positive for COVID-19,infobox,https://en.wikipedia.org/wiki/2021_Chicago_Bears_season
2021,CHI,OC,Bill Lazor,1,1,False,False,,staff_section,https://en.wikipedia.org/wiki/2021_Chicago_Bears_season
2021,CHI,DC,Sean Desai,1,1,False,False,,staff_section,https://en.wikipedia.org/wiki/2021_Chicago_Bears_season
2021,CIN,HC,Zac Taylor,1,1,False,False,,both,https://en.wikipedia.org/wiki/2021_Cincinnati_Bengals_season
2021,CIN,OC,Brian Callahan,1,1,False,False,,both,https://en.wikipedia.org/wiki/2021_Cincinnati_Bengals_season
2021,CIN,DC,Lou Anarumo,1,1,False,False,,both,https://en.wikipedia.org/wiki/2021_Cincinnati_Bengals_season
2021,CLE,HC,Kevin Stefanski,1,1,False,False,,both,https://en.wikipedia.org/wiki/2021_Cleveland_Browns_season
2021,CLE,OC,Alex Van Pelt,1,1,False,False,,staff_section,https://en.wikipedia.org/wiki/2021_Cleveland_Browns_season
2021,CLE,DC,Joe Woods,1,1,False,False,,staff_section,https://en.wikipedia.org/wiki/2021_Cleveland_Browns_season
2021,DAL,HC,Mike McCarthy,1,1,False,False,,both,https://en.wikipedia.org/wiki/2021_Dallas_Cowboys_season
2021,DAL,OC,Kellen Moore,1,1,False,False,,both,https://en.wikipedia.org/wiki/2021_Dallas_Cowboys_season
2021,DAL,DC,Dan Quinn,1,1,False,False,,both,https://en.wikipedia.org/wiki/2021_Dallas_Cowboys_season
2021,DEN,HC,Vic Fangio,1,1,False,False,,both,https://en.wikipedia.org/wiki/2021_Denver_Broncos_season
2021,DEN,OC,Pat Shurmur,1,1,False,False,,staff_section,https://en.wikipedia.org/wiki/2021_Denver_Broncos_season
2021,DEN,DC,Ed Donatell,1,1,False,False,,staff_section,https://en.wikipedia.org/wiki/2021_Denver_Broncos_season
2021,DET,HC,Dan Campbell,1,1,False,False,,both,https://en.wikipedia.org/wiki/2021_Detroit_Lions_season
2021,DET,OC,Anthony Lynn,1,1,False,False,,staff_section,https://en.wikipedia.org/wiki/2021_Detroit_Lions_season
2021,DET,DC,Aaron Glenn,1,1,False,False,,staff_section,https://en.wikipedia.org/wiki/2021_Detroit_Lions_season
2021,GB,HC,Matt LaFleur,1,1,False,False,,both,https://en.wikipedia.org/wiki/2021_Green_Bay_Packers_season
2021,GB,OC,Nathaniel Hackett,1,1,False,False,,both,https://en.wikipedia.org/wiki/2021_Green_Bay_Packers_season
2021,GB,DC,Joe Barry,1,1,False,False,,both,https://en.wikipedia.org/wiki/2021_Green_Bay_Packers_season
2021,HOU,HC,David Culley,1,1,False,False,,both,https://en.wikipedia.org/wiki/2021_Houston_Texans_season
2021,HOU,OC,Tim Kelly,1,1,False,False,,both,https://en.wikipedia.org/wiki/2021_Houston_Texans_season
2021,HOU,DC,Lovie Smith,1,1,False,False,,both,https://en.wikipedia.org/wiki/2021_Houston_Texans_season
2021,IND,HC,Frank Reich,1,1,False,False,,both,https://en.wikipedia.org/wiki/2021_Indianapolis_Colts_season
2021,IND,OC,Marcus Brady,1,1,False,False,,staff_section,https://en.wikipedia.org/wiki/2021_Indianapolis_Colts_season
2021,IND,DC,Matt Eberflus,1,1,False,False,,staff_section,https://en.wikipedia.org/wiki/2021_Indianapolis_Colts_season
2021,JAX,HC,Urban Meyer,1,2,False,False,fired December 16; 2–11 record | fired mid season,both,https://en.wikipedia.org/wiki/2021_Jacksonville_Jaguars_season
2021,JAX,HC,Darrell Bevell,2,2,False,True,"interim, Weeks 15–18; 1–3 record",both,https://en.wikipedia.org/wiki/2021_Jacksonville_Jaguars_season
2021,JAX,OC,Brian Schottenheimer,1,1,False,False,,infobox,https://en.wikipedia.org/wiki/2021_Jacksonville_Jaguars_season
2021,JAX,DC,Joe Cullen,1,1,False,False,,both,https://en.wikipedia.org/wiki/2021_Jacksonville_Jaguars_season
2021,KC,HC,Andy Reid,1,1,False,False,,both,https://en.wikipedia.org/wiki/2021_Kansas_City_Chiefs_season
2021,KC,OC,Eric Bieniemy,1,1,False,False,,both,https://en.wikipedia.org/wiki/2021_Kansas_City_Chiefs_season
2021,KC,DC,Steve Spagnuolo,1,1,False,False,,both,https://en.wikipedia.org/wiki/2021_Kansas_City_Chiefs_season
2021,LAC,HC,Brandon Staley,1,1,False,False,,both,https://en.wikipedia.org/wiki/2021_Los_Angeles_Chargers_season
2021,LAC,OC,Joe Lombardi,1,1,False,False,,staff_section,https://en.wikipedia.org/wiki/2021_Los_Angeles_Chargers_season
2021,LAC,DC,Renaldo Hill,1,1,False,False,,staff_section,https://en.wikipedia.org/wiki/2021_Los_Angeles_Chargers_season
2021,LAR,HC,Sean McVay,1,1,False,False,,both,https://en.wikipedia.org/wiki/2021_Los_Angeles_Rams_season
2021,LAR,OC,Kevin O'Connell,1,1,False,False,,both,https://en.wikipedia.org/wiki/2021_Los_Angeles_Rams_season
2021,LAR,DC,Raheem Morris,1,1,False,False,,both,https://en.wikipedia.org/wiki/2021_Los_Angeles_Rams_season
2021,MIA,HC,Brian Flores,1,1,False,False,,both,https://en.wikipedia.org/wiki/2021_Miami_Dolphins_season
2021,MIA,DC,Josh Boyer,1,1,False,False,,staff_section,https://en.wikipedia.org/wiki/2021_Miami_Dolphins_season
2021,MIN,HC,Mike Zimmer,1,1,False,False,,both,https://en.wikipedia.org/wiki/2021_Minnesota_Vikings_season
2021,MIN,OC,Klint Kubiak,1,1,False,False,,staff_section,https://en.wikipedia.org/wiki/2021_Minnesota_Vikings_season
2021,NE,HC,Bill Belichick,1,1,False,False,,both,https://en.wikipedia.org/wiki/2021_New_England_Patriots_season
2021,NE,OC,Josh McDaniels,1,1,False,False,,both,https://en.wikipedia.org/wiki/2021_New_England_Patriots_season
2021,NO,HC,Sean Payton,1,1,False,False,,both,https://en.wikipedia.org/wiki/2021_New_Orleans_Saints_season
2021,NO,OC,Pete Carmichael Jr.,1,1,False,False,,both,https://en.wikipedia.org/wiki/2021_New_Orleans_Saints_season
2021,NO,DC,Dennis Allen,1,1,False,False,,both,https://en.wikipedia.org/wiki/2021_New_Orleans_Saints_season
2021,NYG,HC,Joe Judge,1,1,False,False,,both,https://en.wikipedia.org/wiki/2021_New_York_Giants_season
2021,NYG,OC,Jason Garrett,1,2,False,False,fired after week 11,staff_section,https://en.wikipedia.org/wiki/2021_New_York_Giants_season
2021,NYG,OC,Freddie Kitchens,2,2,False,False,,staff_section,https://en.wikipedia.org/wiki/2021_New_York_Giants_season
2021,NYG,DC,Patrick Graham,1,1,False,False,,staff_section,https://en.wikipedia.org/wiki/2021_New_York_Giants_season
2021,NYJ,HC,Robert Saleh,1,1,False,False,,both,https://en.wikipedia.org/wiki/2021_New_York_Jets_season
2021,NYJ,OC,Mike LaFleur,1,1,False,False,,staff_section,https://en.wikipedia.org/wiki/2021_New_York_Jets_season
2021,NYJ,DC,Jeff Ulbrich,1,1,False,False,,staff_section,https://en.wikipedia.org/wiki/2021_New_York_Jets_season
2021,OAK,HC,Jon Gruden,1,2,False,False,"resigned October 11, 3–2 record",infobox,https://en.wikipedia.org/wiki/2021_Las_Vegas_Raiders_season
2021,OAK,HC,Rich Bisaccia,2,2,False,True,interim; 7–5 record,both,https://en.wikipedia.org/wiki/2021_Las_Vegas_Raiders_season
2021,OAK,OC,Greg Olson,1,1,False,False,,both,https://en.wikipedia.org/wiki/2021_Las_Vegas_Raiders_season
2021,OAK,DC,Gus Bradley,1,1,False,False,,both,https://en.wikipedia.org/wiki/2021_Las_Vegas_Raiders_season
2021,PHI,HC,Nick Sirianni,1,1,False,False,,both,https://en.wikipedia.org/wiki/2021_Philadelphia_Eagles_season
2021,PHI,OC,Shane Steichen,1,1,False,False,,both,https://en.wikipedia.org/wiki/2021_Philadelphia_Eagles_season
2021,PHI,DC,Jonathan Gannon,1,1,False,False,,both,https://en.wikipedia.org/wiki/2021_Philadelphia_Eagles_season
2021,PIT,HC,Mike Tomlin,1,1,False,False,,both,https://en.wikipedia.org/wiki/2021_Pittsburgh_Steelers_season
2021,PIT,OC,Matt Canada,1,1,False,False,,both,https://en.wikipedia.org/wiki/2021_Pittsburgh_Steelers_season
2021,PIT,DC,Keith Butler,1,1,False,False,,both,https://en.wikipedia.org/wiki/2021_Pittsburgh_Steelers_season
2021,SEA,HC,Pete Carroll,1,1,False,False,,both,https://en.wikipedia.org/wiki/2021_Seattle_Seahawks_season
2021,SEA,OC,Shane Waldron,1,1,False,False,,staff_section,https://en.wikipedia.org/wiki/2021_Seattle_Seahawks_season
2021,SEA,DC,Ken Norton Jr.,1,1,False,False,,staff_section,https://en.wikipedia.org/wiki/2021_Seattle_Seahawks_season
2021,SF,HC,Kyle Shanahan,1,1,False,False,,both,https://en.wikipedia.org/wiki/2021_San_Francisco_49ers_season
2021,SF,OC,Mike McDaniel,1,1,False,False,,both,https://en.wikipedia.org/wiki/2021_San_Francisco_49ers_season
2021,SF,DC,DeMeco Ryans,1,1,False,False,,both,https://en.wikipedia.org/wiki/2021_San_Francisco_49ers_season
2021,TB,HC,Bruce Arians,1,1,False,False,,both,https://en.wikipedia.org/wiki/2021_Tampa_Bay_Buccaneers_season
2021,TB,OC,Byron Leftwich,1,1,False,False,,staff_section,https://en.wikipedia.org/wiki/2021_Tampa_Bay_Buccaneers_season
2021,TB,DC,Todd Bowles,1,1,False,False,,staff_section,https://en.wikipedia.org/wiki/2021_Tampa_Bay_Buccaneers_season
2021,TEN,HC,Mike Vrabel,1,1,False,False,,both,https://en.wikipedia.org/wiki/2021_Tennessee_Titans_season
2021,TEN,OC,Todd Downing,1,1,False,False,,both,https://en.wikipedia.org/wiki/2021_Tennessee_Titans_season
2021,TEN,DC,Shane Bowen,1,1,False,False,,both,https://en.wikipedia.org/wiki/2021_Tennessee_Titans_season
2021,WSH,HC,Ron Rivera,1,1,False,False,,both,https://en.wikipedia.org/wiki/2021_Washington_Football_Team_season
2021,WSH,OC,Scott Turner,1,1,False,False,,both,https://en.wikipedia.org/wiki/2021_Washington_Football_Team_season
2021,WSH,DC,Jack Del Rio,1,1,False,False,,both,https://en.wikipedia.org/wiki/2021_Washington_Football_Team_season
2022,ARI,HC,Kliff Kingsbury,1,1,False,False,,both,https://en.wikipedia.org/wiki/2022_Arizona_Cardinals_season
2022,ARI,DC,Vance Joseph,1,1,False,False,,staff_section,https://en.wikipedia.org/wiki/2022_Arizona_Cardinals_season
2022,ATL,HC,Arthur Smith,1,1,False,False,,both,https://en.wikipedia.org/wiki/2022_Atlanta_Falcons_season
2022,ATL,OC,Dave Ragone,1,1,False,False,,staff_section,https://en.wikipedia.org/wiki/2022_Atlanta_Falcons_season
2022,ATL,DC,Dean Pees,1,1,False,False,,staff_section,https://en.wikipedia.org/wiki/2022_Atlanta_Falcons_season
2022,BAL,HC,John Harbaugh,1,1,False,False,,both,https://en.wikipedia.org/wiki/2022_Baltimore_Ravens_season
2022,BAL,OC,Greg Roman,1,1,False,False,,both,https://en.wikipedia.org/wiki/2022_Baltimore_Ravens_season
2022,BAL,DC,Mike Macdonald,1,1,False,False,,both,https://en.wikipedia.org/wiki/2022_Baltimore_Ravens_season
2022,BUF,HC,Sean McDermott,1,1,False,False,,both,https://en.wikipedia.org/wiki/2022_Buffalo_Bills_season
2022,BUF,OC,Ken Dorsey,1,1,False,False,,both,https://en.wikipedia.org/wiki/2022_Buffalo_Bills_season
2022,BUF,DC,Leslie Frazier,1,1,False,False,,both,https://en.wikipedia.org/wiki/2022_Buffalo_Bills_season
2022,CAR,HC,Matt Rhule,1,2,False,False,fired October 10; 1–4 record,infobox,https://en.wikipedia.org/wiki/2022_Carolina_Panthers_season
2022,CAR,HC,Steve Wilks,2,2,False,True,interim; 6–6 record,both,https://en.wikipedia.org/wiki/2022_Carolina_Panthers_season
2022,CAR,OC,Ben McAdoo,1,1,False,False,,staff_section,https://en.wikipedia.org/wiki/2022_Carolina_Panthers_season
2022,CAR,DC,Al Holcomb,1,1,False,False,,staff_section,https://en.wikipedia.org/wiki/2022_Carolina_Panthers_season
2022,CHI,HC,Matt Eberflus,1,1,False,False,,both,https://en.wikipedia.org/wiki/2022_Chicago_Bears_season
2022,CHI,OC,Luke Getsy,1,1,False,False,,staff_section,https://en.wikipedia.org/wiki/2022_Chicago_Bears_season
2022,CHI,DC,Alan Williams,1,1,False,False,,staff_section,https://en.wikipedia.org/wiki/2022_Chicago_Bears_season
2022,CIN,HC,Zac Taylor,1,1,False,False,,both,https://en.wikipedia.org/wiki/2022_Cincinnati_Bengals_season
2022,CIN,OC,Brian Callahan,1,1,False,False,,both,https://en.wikipedia.org/wiki/2022_Cincinnati_Bengals_season
2022,CIN,DC,Lou Anarumo,1,1,False,False,,both,https://en.wikipedia.org/wiki/2022_Cincinnati_Bengals_season
2022,CLE,HC,Kevin Stefanski,1,1,False,False,,both,https://en.wikipedia.org/wiki/2022_Cleveland_Browns_season
2022,CLE,OC,Alex Van Pelt,1,1,False,False,,staff_section,https://en.wikipedia.org/wiki/2022_Cleveland_Browns_season
2022,CLE,DC,Joe Woods,1,1,False,False,,staff_section,https://en.wikipedia.org/wiki/2022_Cleveland_Browns_season
2022,DAL,HC,Mike McCarthy,1,1,False,False,,both,https://en.wikipedia.org/wiki/2022_Dallas_Cowboys_season
2022,DAL,OC,Kellen Moore,1,1,False,False,,both,https://en.wikipedia.org/wiki/2022_Dallas_Cowboys_season
2022,DAL,DC,Dan Quinn,1,1,False,False,,both,https://en.wikipedia.org/wiki/2022_Dallas_Cowboys_season
2022,DEN,HC,Nathaniel Hackett,1,2,False,False,"fired on December 26, 4–11 record",infobox,https://en.wikipedia.org/wiki/2022_Denver_Broncos_season
2022,DEN,HC,Jerry Rosburg,2,2,False,True,interim; 1–1 record,both,https://en.wikipedia.org/wiki/2022_Denver_Broncos_season
2022,DEN,OC,Justin Outten,1,1,False,False,,staff_section,https://en.wikipedia.org/wiki/2022_Denver_Broncos_season
2022,DEN,DC,Ejiro Evero,1,1,False,False,,staff_section,https://en.wikipedia.org/wiki/2022_Denver_Broncos_season
2022,DET,HC,Dan Campbell,1,1,False,False,,both,https://en.wikipedia.org/wiki/2022_Detroit_Lions_season
2022,DET,OC,Ben Johnson,1,1,False,False,,staff_section,https://en.wikipedia.org/wiki/2022_Detroit_Lions_season
2022,DET,DC,Aaron Glenn,1,1,False,False,,staff_section,https://en.wikipedia.org/wiki/2022_Detroit_Lions_season
2022,GB,HC,Matt LaFleur,1,1,False,False,,both,https://en.wikipedia.org/wiki/2022_Green_Bay_Packers_season
2022,GB,OC,Adam Stenavich,1,1,False,False,,staff_section,https://en.wikipedia.org/wiki/2022_Green_Bay_Packers_season
2022,GB,DC,Joe Barry,1,1,False,False,,staff_section,https://en.wikipedia.org/wiki/2022_Green_Bay_Packers_season
2022,HOU,HC,Lovie Smith,1,1,False,False,,both,https://en.wikipedia.org/wiki/2022_Houston_Texans_season
2022,HOU,OC,Pep Hamilton,1,1,False,False,,staff_section,https://en.wikipedia.org/wiki/2022_Houston_Texans_season
2022,IND,HC,Frank Reich,1,2,False,False,fired November 7;  record,infobox,https://en.wikipedia.org/wiki/2022_Indianapolis_Colts_season
2022,IND,HC,Jeff Saturday,2,2,False,True,interim;  record,both,https://en.wikipedia.org/wiki/2022_Indianapolis_Colts_season
2022,IND,OC,Parks Frazier,1,1,False,False,,staff_section,https://en.wikipedia.org/wiki/2022_Indianapolis_Colts_season
2022,IND,DC,Gus Bradley,1,1,False,False,,staff_section,https://en.wikipedia.org/wiki/2022_Indianapolis_Colts_season
2022,JAX,HC,Doug Pederson,1,1,False,False,,both,https://en.wikipedia.org/wiki/2022_Jacksonville_Jaguars_season
2022,JAX,OC,Press Taylor,1,1,False,False,,both,https://en.wikipedia.org/wiki/2022_Jacksonville_Jaguars_season
2022,JAX,DC,Mike Caldwell,1,1,False,False,,both,https://en.wikipedia.org/wiki/2022_Jacksonville_Jaguars_season
2022,KC,HC,Andy Reid,1,1,False,False,,both,https://en.wikipedia.org/wiki/2022_Kansas_City_Chiefs_season
2022,KC,OC,Eric Bieniemy,1,1,False,False,,both,https://en.wikipedia.org/wiki/2022_Kansas_City_Chiefs_season
2022,KC,DC,Steve Spagnuolo,1,1,False,False,,both,https://en.wikipedia.org/wiki/2022_Kansas_City_Chiefs_season
2022,LAC,HC,Brandon Staley,1,1,False,False,,both,https://en.wikipedia.org/wiki/2022_Los_Angeles_Chargers_season
2022,LAC,OC,Joe Lombardi,1,1,False,False,,both,https://en.wikipedia.org/wiki/2022_Los_Angeles_Chargers_season
2022,LAC,DC,Renaldo Hill,1,1,False,False,,both,https://en.wikipedia.org/wiki/2022_Los_Angeles_Chargers_season
2022,LAR,HC,Sean McVay,1,1,False,False,,both,https://en.wikipedia.org/wiki/2022_Los_Angeles_Rams_season
2022,LAR,OC,Liam Coen,1,1,False,False,,both,https://en.wikipedia.org/wiki/2022_Los_Angeles_Rams_season
2022,LAR,DC,Raheem Morris,1,1,False,False,,both,https://en.wikipedia.org/wiki/2022_Los_Angeles_Rams_season
2022,MIA,HC,Mike McDaniel,1,1,False,False,,both,https://en.wikipedia.org/wiki/2022_Miami_Dolphins_season
2022,MIA,OC,Frank Smith,1,1,False,False,,both,https://en.wikipedia.org/wiki/2022_Miami_Dolphins_season
2022,MIA,DC,Vic Fangio,1,2,False,False,,infobox,https://en.wikipedia.org/wiki/2022_Miami_Dolphins_season
2022,MIA,DC,Josh Boyer,2,2,False,False,,staff_section,https://en.wikipedia.org/wiki/2022_Miami_Dolphins_season
2022,MIN,HC,Kevin O'Connell,1,1,False,False,,both,https://en.wikipedia.org/wiki/2022_Minnesota_Vikings_season
2022,MIN,OC,Wes Phillips,1,1,False,False,,both,https://en.wikipedia.org/wiki/2022_Minnesota_Vikings_season
2022,MIN,DC,Ed Donatell,1,1,False,False,,both,https://en.wikipedia.org/wiki/2022_Minnesota_Vikings_season
2022,NE,HC,Bill Belichick,1,1,False,False,,both,https://en.wikipedia.org/wiki/2022_New_England_Patriots_season
2022,NO,HC,Dennis Allen,1,1,False,False,,both,https://en.wikipedia.org/wiki/2022_New_Orleans_Saints_season
2022,NO,OC,Pete Carmichael Jr.,1,1,False,False,,both,https://en.wikipedia.org/wiki/2022_New_Orleans_Saints_season
2022,NO,DC,Ryan Nielsen,1,2,True,False,,infobox,https://en.wikipedia.org/wiki/2022_New_Orleans_Saints_season
2022,NO,DC,Kris Richard,2,2,True,False,,infobox,https://en.wikipedia.org/wiki/2022_New_Orleans_Saints_season
2022,NYG,HC,Brian Daboll,1,1,False,False,,both,https://en.wikipedia.org/wiki/2022_New_York_Giants_season
2022,NYG,OC,Mike Kafka,1,1,False,False,,both,https://en.wikipedia.org/wiki/2022_New_York_Giants_season
2022,NYG,DC,Don Martindale,1,1,False,False,,both,https://en.wikipedia.org/wiki/2022_New_York_Giants_season
2022,NYJ,HC,Robert Saleh,1,1,False,False,,both,https://en.wikipedia.org/wiki/2022_New_York_Jets_season
2022,NYJ,OC,Mike LaFleur,1,1,False,False,,staff_section,https://en.wikipedia.org/wiki/2022_New_York_Jets_season
2022,NYJ,DC,Jeff Ulbrich,1,1,False,False,,staff_section,https://en.wikipedia.org/wiki/2022_New_York_Jets_season
2022,OAK,HC,Josh McDaniels,1,1,False,False,,both,https://en.wikipedia.org/wiki/2022_Las_Vegas_Raiders_season
2022,OAK,OC,Mick Lombardi,1,1,False,False,,staff_section,https://en.wikipedia.org/wiki/2022_Las_Vegas_Raiders_season
2022,OAK,DC,Patrick Graham,1,1,False,False,,staff_section,https://en.wikipedia.org/wiki/2022_Las_Vegas_Raiders_season
2022,PHI,HC,Nick Sirianni,1,1,False,False,,both,https://en.wikipedia.org/wiki/2022_Philadelphia_Eagles_season
2022,PHI,OC,Shane Steichen,1,1,False,False,,both,https://en.wikipedia.org/wiki/2022_Philadelphia_Eagles_season
2022,PHI,DC,Jonathan Gannon,1,1,False,False,,both,https://en.wikipedia.org/wiki/2022_Philadelphia_Eagles_season
2022,PIT,HC,Mike Tomlin,1,1,False,False,,both,https://en.wikipedia.org/wiki/2022_Pittsburgh_Steelers_season
2022,PIT,OC,Matt Canada,1,1,False,False,,both,https://en.wikipedia.org/wiki/2022_Pittsburgh_Steelers_season
2022,PIT,DC,Teryl Austin,1,1,False,False,,both,https://en.wikipedia.org/wiki/2022_Pittsburgh_Steelers_season
2022,SEA,HC,Pete Carroll,1,1,False,False,,both,https://en.wikipedia.org/wiki/2022_Seattle_Seahawks_season
2022,SEA,OC,Shane Waldron,1,1,False,False,,both,https://en.wikipedia.org/wiki/2022_Seattle_Seahawks_season
2022,SEA,DC,Clint Hurtt,1,1,False,False,,both,https://en.wikipedia.org/wiki/2022_Seattle_Seahawks_season
2022,SF,HC,Kyle Shanahan,1,1,False,False,,both,https://en.wikipedia.org/wiki/2022_San_Francisco_49ers_season
2022,SF,OC,Kyle Shanahan,1,1,False,False,de facto,infobox,https://en.wikipedia.org/wiki/2022_San_Francisco_49ers_season
2022,SF,DC,DeMeco Ryans,1,1,False,False,,both,https://en.wikipedia.org/wiki/2022_San_Francisco_49ers_season
2022,TB,HC,Todd Bowles,1,1,False,False,,both,https://en.wikipedia.org/wiki/2022_Tampa_Bay_Buccaneers_season
2022,TB,OC,Byron Leftwich,1,1,False,False,,both,https://en.wikipedia.org/wiki/2022_Tampa_Bay_Buccaneers_season
2022,TEN,HC,Mike Vrabel,1,1,False,False,,both,https://en.wikipedia.org/wiki/2022_Tennessee_Titans_season
2022,TEN,OC,Todd Downing,1,1,False,False,,staff_section,https://en.wikipedia.org/wiki/2022_Tennessee_Titans_season
2022,TEN,DC,Shane Bowen,1,1,False,False,,staff_section,https://en.wikipedia.org/wiki/2022_Tennessee_Titans_season
2022,WSH,HC,Ron Rivera,1,1,False,False,,both,https://en.wikipedia.org/wiki/2022_Washington_Commanders_season
2022,WSH,OC,Scott Turner,1,1,False,False,,both,https://en.wikipedia.org/wiki/2022_Washington_Commanders_season
2022,WSH,DC,Jack Del Rio,1,1,False,False,,both,https://en.wikipedia.org/wiki/2022_Washington_Commanders_season
2023,ARI,HC,Jonathan Gannon,1,1,False,False,,both,https://en.wikipedia.org/wiki/2023_Arizona_Cardinals_season
2023,ARI,OC,Drew Petzing,1,1,False,False,,staff_section,https://en.wikipedia.org/wiki/2023_Arizona_Cardinals_season
2023,ARI,DC,Nick Rallis,1,1,False,False,,staff_section,https://en.wikipedia.org/wiki/2023_Arizona_Cardinals_season
2023,ATL,HC,Arthur Smith,1,1,False,False,,both,https://en.wikipedia.org/wiki/2023_Atlanta_Falcons_season
2023,ATL,OC,Dave Ragone,1,1,False,False,,staff_section,https://en.wikipedia.org/wiki/2023_Atlanta_Falcons_season
2023,ATL,DC,Ryan Nielsen,1,1,False,False,,staff_section,https://en.wikipedia.org/wiki/2023_Atlanta_Falcons_season
2023,BAL,HC,John Harbaugh,1,1,False,False,,both,https://en.wikipedia.org/wiki/2023_Baltimore_Ravens_season
2023,BAL,OC,Todd Monken,1,1,False,False,,both,https://en.wikipedia.org/wiki/2023_Baltimore_Ravens_season
2023,BAL,DC,Mike Macdonald,1,1,False,False,,both,https://en.wikipedia.org/wiki/2023_Baltimore_Ravens_season
2023,BUF,HC,Sean McDermott,1,1,False,False,,both,https://en.wikipedia.org/wiki/2023_Buffalo_Bills_season
2023,BUF,OC,Ken Dorsey,1,2,False,False,fired after Week 10,both,https://en.wikipedia.org/wiki/2023_Buffalo_Bills_season
2023,BUF,OC,Joe Brady,2,2,False,True,interim,both,https://en.wikipedia.org/wiki/2023_Buffalo_Bills_season
2023,CAR,HC,Frank Reich,1,2,False,False,fired November 27; 1–10 record | fired on November 27,both,https://en.wikipedia.org/wiki/2023_Carolina_Panthers_season
2023,CAR,HC,Chris Tabor,2,2,False,True,interim; 1–5 record,both,https://en.wikipedia.org/wiki/2023_Carolina_Panthers_season
2023,CAR,OC,Thomas Brown,1,1,False,False,,staff_section,https://en.wikipedia.org/wiki/2023_Carolina_Panthers_season
2023,CAR,DC,Ejiro Evero,1,1,False,False,,staff_section,https://en.wikipedia.org/wiki/2023_Carolina_Panthers_season
2023,CHI,HC,Matt Eberflus,1,1,False,False,,both,https://en.wikipedia.org/wiki/2023_Chicago_Bears_season
2023,CHI,OC,Luke Getsy,1,1,False,False,,staff_section,https://en.wikipedia.org/wiki/2023_Chicago_Bears_season
2023,CHI,DC,Alan Williams,1,1,False,False,resigned on September 20,staff_section,https://en.wikipedia.org/wiki/2023_Chicago_Bears_season
2023,CIN,HC,Zac Taylor,1,1,False,False,,both,https://en.wikipedia.org/wiki/2023_Cincinnati_Bengals_season
2023,CIN,OC,Brian Callahan,1,1,False,False,,staff_section,https://en.wikipedia.org/wiki/2023_Cincinnati_Bengals_season
2023,CIN,DC,Lou Anarumo,1,1,False,False,,staff_section,https://en.wikipedia.org/wiki/2023_Cincinnati_Bengals_season
2023,CLE,HC,Kevin Stefanski,1,1,False,False,,both,https://en.wikipedia.org/wiki/2023_Cleveland_Browns_season
2023,CLE,OC,Alex Van Pelt,1,1,False,False,,both,https://en.wikipedia.org/wiki/2023_Cleveland_Browns_season
2023,CLE,DC,Jim Schwartz,1,1,False,False,,both,https://en.wikipedia.org/wiki/2023_Cleveland_Browns_season
2023,DAL,HC,Mike McCarthy,1,1,False,False,,both,https://en.wikipedia.org/wiki/2023_Dallas_Cowboys_season
2023,DAL,OC,Brian Schottenheimer,1,1,False,False,,both,https://en.wikipedia.org/wiki/2023_Dallas_Cowboys_season
2023,DAL,DC,Dan Quinn,1,1,False,False,,both,https://en.wikipedia.org/wiki/2023_Dallas_Cowboys_season
2023,DEN,HC,Sean Payton,1,1,False,False,,both,https://en.wikipedia.org/wiki/2023_Denver_Broncos_season
2023,DEN,OC,Joe Lombardi,1,1,False,False,,both,https://en.wikipedia.org/wiki/2023_Denver_Broncos_season
2023,DEN,DC,Vance Joseph,1,1,False,False,,both,https://en.wikipedia.org/wiki/2023_Denver_Broncos_season
2023,DET,HC,Dan Campbell,1,1,False,False,,both,https://en.wikipedia.org/wiki/2023_Detroit_Lions_season
2023,DET,OC,Ben Johnson,1,1,False,False,,both,https://en.wikipedia.org/wiki/2023_Detroit_Lions_season
2023,DET,DC,Aaron Glenn,1,1,False,False,,both,https://en.wikipedia.org/wiki/2023_Detroit_Lions_season
2023,GB,HC,Matt LaFleur,1,1,False,False,,both,https://en.wikipedia.org/wiki/2023_Green_Bay_Packers_season
2023,GB,OC,Adam Stenavich,1,1,False,False,,both,https://en.wikipedia.org/wiki/2023_Green_Bay_Packers_season
2023,GB,DC,Joe Barry,1,1,False,False,,both,https://en.wikipedia.org/wiki/2023_Green_Bay_Packers_season
2023,HOU,HC,DeMeco Ryans,1,1,False,False,,both,https://en.wikipedia.org/wiki/2023_Houston_Texans_season
2023,HOU,OC,Bobby Slowik,1,1,False,False,,both,https://en.wikipedia.org/wiki/2023_Houston_Texans_season
2023,HOU,DC,Matt Burke,1,1,False,False,,both,https://en.wikipedia.org/wiki/2023_Houston_Texans_season
2023,IND,HC,Shane Steichen,1,1,False,False,,both,https://en.wikipedia.org/wiki/2023_Indianapolis_Colts_season
2023,IND,OC,Jim Bob Cooter,1,1,False,False,,staff_section,https://en.wikipedia.org/wiki/2023_Indianapolis_Colts_season
2023,IND,DC,Gus Bradley,1,1,False,False,,staff_section,https://en.wikipedia.org/wiki/2023_Indianapolis_Colts_season
2023,JAX,HC,Doug Pederson,1,1,False,False,,both,https://en.wikipedia.org/wiki/2023_Jacksonville_Jaguars_season
2023,JAX,OC,Press Taylor,1,1,False,False,,both,https://en.wikipedia.org/wiki/2023_Jacksonville_Jaguars_season
2023,JAX,DC,Mike Caldwell,1,1,False,False,,both,https://en.wikipedia.org/wiki/2023_Jacksonville_Jaguars_season
2023,KC,HC,Andy Reid,1,1,False,False,,both,https://en.wikipedia.org/wiki/2023_Kansas_City_Chiefs_season
2023,KC,OC,Matt Nagy,1,1,False,False,,both,https://en.wikipedia.org/wiki/2023_Kansas_City_Chiefs_season
2023,KC,DC,Steve Spagnuolo,1,1,False,False,,both,https://en.wikipedia.org/wiki/2023_Kansas_City_Chiefs_season
2023,LAC,HC,Brandon Staley,1,2,False,False,"fired December 15, 5–9 record | fired on December 15",both,https://en.wikipedia.org/wiki/2023_Los_Angeles_Chargers_season
2023,LAC,HC,Giff Smith,2,2,False,True,interim; 0–3 record,both,https://en.wikipedia.org/wiki/2023_Los_Angeles_Chargers_season
2023,LAC,OC,Kellen Moore,1,1,False,False,,staff_section,https://en.wikipedia.org/wiki/2023_Los_Angeles_Chargers_season
2023,LAC,DC,Derrick Ansley,1,1,False,False,,staff_section,https://en.wikipedia.org/wiki/2023_Los_Angeles_Chargers_season
2023,LAR,HC,Sean McVay,1,1,False,False,,both,https://en.wikipedia.org/wiki/2023_Los_Angeles_Rams_season
2023,LAR,OC,Mike LaFleur,1,1,False,False,,both,https://en.wikipedia.org/wiki/2023_Los_Angeles_Rams_season
2023,LAR,DC,Raheem Morris,1,1,False,False,,both,https://en.wikipedia.org/wiki/2023_Los_Angeles_Rams_season
2023,MIA,HC,Mike McDaniel,1,1,False,False,,both,https://en.wikipedia.org/wiki/2023_Miami_Dolphins_season
2023,MIA,OC,Frank Smith,1,1,False,False,,staff_section,https://en.wikipedia.org/wiki/2023_Miami_Dolphins_season
2023,MIA,DC,Vic Fangio,1,1,False,False,,staff_section,https://en.wikipedia.org/wiki/2023_Miami_Dolphins_season
2023,MIN,HC,Kevin O'Connell,1,1,False,False,,both,https://en.wikipedia.org/wiki/2023_Minnesota_Vikings_season
2023,MIN,OC,Wes Phillips,1,1,False,False,,staff_section,https://en.wikipedia.org/wiki/2023_Minnesota_Vikings_season
2023,MIN,DC,Brian Flores,1,1,False,False,,staff_section,https://en.wikipedia.org/wiki/2023_Minnesota_Vikings_season
2023,NE,HC,Bill Belichick,1,1,False,False,,both,https://en.wikipedia.org/wiki/2023_New_England_Patriots_season
2023,NE,OC,Bill O'Brien,1,1,False,False,,staff_section,https://en.wikipedia.org/wiki/2023_New_England_Patriots_season
2023,NO,HC,Dennis Allen,1,1,False,False,,both,https://en.wikipedia.org/wiki/2023_New_Orleans_Saints_season
2023,NO,OC,Pete Carmichael Jr.,1,1,False,False,,staff_section,https://en.wikipedia.org/wiki/2023_New_Orleans_Saints_season
2023,NO,DC,Joe Woods,1,1,False,False,,staff_section,https://en.wikipedia.org/wiki/2023_New_Orleans_Saints_season
2023,NYG,HC,Brian Daboll,1,1,False,False,,both,https://en.wikipedia.org/wiki/2023_New_York_Giants_season
2023,NYG,OC,Mike Kafka,1,1,False,False,,staff_section,https://en.wikipedia.org/wiki/2023_New_York_Giants_season
2023,NYG,DC,Don Martindale,1,1,False,False,,staff_section,https://en.wikipedia.org/wiki/2023_New_York_Giants_season
2023,NYJ,HC,Robert Saleh,1,1,False,False,,both,https://en.wikipedia.org/wiki/2023_New_York_Jets_season
2023,NYJ,OC,Nathaniel Hackett,1,1,False,False,,staff_section,https://en.wikipedia.org/wiki/2023_New_York_Jets_season
2023,NYJ,DC,Jeff Ulbrich,1,1,False,False,,staff_section,https://en.wikipedia.org/wiki/2023_New_York_Jets_season
2023,OAK,HC,Josh McDaniels,1,2,False,False,"fired October 31, 3–5 record | fired on October 31",both,https://en.wikipedia.org/wiki/2023_Las_Vegas_Raiders_season
2023,OAK,HC,Antonio Pierce,2,2,False,True,"interim, 5–4 record",both,https://en.wikipedia.org/wiki/2023_Las_Vegas_Raiders_season
2023,OAK,OC,Mick Lombardi,1,2,False,False,fired on October 31,staff_section,https://en.wikipedia.org/wiki/2023_Las_Vegas_Raiders_season
2023,OAK,OC,Bo Hardegree,2,2,False,False,,staff_section,https://en.wikipedia.org/wiki/2023_Las_Vegas_Raiders_season
2023,OAK,DC,Patrick Graham,1,1,False,False,,staff_section,https://en.wikipedia.org/wiki/2023_Las_Vegas_Raiders_season
2023,PHI,HC,Nick Sirianni,1,1,False,False,,both,https://en.wikipedia.org/wiki/2023_Philadelphia_Eagles_season
2023,PHI,OC,Brian Johnson,1,1,False,False,,both,https://en.wikipedia.org/wiki/2023_Philadelphia_Eagles_season
2023,PHI,DC,Sean Desai,1,1,False,False,,both,https://en.wikipedia.org/wiki/2023_Philadelphia_Eagles_season
2023,PIT,HC,Mike Tomlin,1,1,False,False,,both,https://en.wikipedia.org/wiki/2023_Pittsburgh_Steelers_season
2023,PIT,OC,Matt Canada,1,2,False,False,fired after Week 11,both,https://en.wikipedia.org/wiki/2023_Pittsburgh_Steelers_season
2023,PIT,OC,Eddie Faulkner,2,2,False,False,,staff_section,https://en.wikipedia.org/wiki/2023_Pittsburgh_Steelers_season
2023,PIT,DC,Teryl Austin,1,1,False,False,,both,https://en.wikipedia.org/wiki/2023_Pittsburgh_Steelers_season
2023,SEA,HC,Pete Carroll,1,1,False,False,,both,https://en.wikipedia.org/wiki/2023_Seattle_Seahawks_season
2023,SEA,OC,Shane Waldron,1,1,False,False,,staff_section,https://en.wikipedia.org/wiki/2023_Seattle_Seahawks_season
2023,SEA,DC,Clint Hurtt,1,1,False,False,,staff_section,https://en.wikipedia.org/wiki/2023_Seattle_Seahawks_season
2023,SF,HC,Kyle Shanahan,1,1,False,False,,both,https://en.wikipedia.org/wiki/2023_San_Francisco_49ers_season
2023,SF,OC,Kyle Shanahan,1,1,False,False,de facto,infobox,https://en.wikipedia.org/wiki/2023_San_Francisco_49ers_season
2023,SF,DC,Steve Wilks,1,1,False,False,,both,https://en.wikipedia.org/wiki/2023_San_Francisco_49ers_season
2023,TB,HC,Todd Bowles,1,1,False,False,,both,https://en.wikipedia.org/wiki/2023_Tampa_Bay_Buccaneers_season
2023,TB,OC,Dave Canales,1,1,False,False,,both,https://en.wikipedia.org/wiki/2023_Tampa_Bay_Buccaneers_season
2023,TEN,HC,Mike Vrabel,1,1,False,False,,both,https://en.wikipedia.org/wiki/2023_Tennessee_Titans_season
2023,TEN,OC,Tim Kelly,1,1,False,False,,staff_section,https://en.wikipedia.org/wiki/2023_Tennessee_Titans_season
2023,TEN,DC,Shane Bowen,1,1,False,False,,staff_section,https://en.wikipedia.org/wiki/2023_Tennessee_Titans_season
2023,WSH,HC,Ron Rivera,1,1,False,False,,both,https://en.wikipedia.org/wiki/2023_Washington_Commanders_season
2023,WSH,OC,Eric Bieniemy,1,1,False,False,,both,https://en.wikipedia.org/wiki/2023_Washington_Commanders_season
2023,WSH,DC,Jack Del Rio,1,2,False,False,fired,infobox,https://en.wikipedia.org/wiki/2023_Washington_Commanders_season
2023,WSH,DC,Ron Rivera,2,2,False,True,interim,both,https://en.wikipedia.org/wiki/2023_Washington_Commanders_season
2024,ARI,HC,Jonathan Gannon,1,1,False,False,,both,https://en.wikipedia.org/wiki/2024_Arizona_Cardinals_season
2024,ARI,OC,Drew Petzing,1,1,False,False,,staff_section,https://en.wikipedia.org/wiki/2024_Arizona_Cardinals_season
2024,ARI,DC,Nick Rallis,1,1,False,False,,staff_section,https://en.wikipedia.org/wiki/2024_Arizona_Cardinals_season
2024,ATL,HC,Raheem Morris,1,1,False,False,,both,https://en.wikipedia.org/wiki/2024_Atlanta_Falcons_season
2024,ATL,OC,Zac Robinson,1,1,False,False,,staff_section,https://en.wikipedia.org/wiki/2024_Atlanta_Falcons_season
2024,ATL,DC,Jimmy Lake,1,1,False,False,,staff_section,https://en.wikipedia.org/wiki/2024_Atlanta_Falcons_season
2024,BAL,HC,John Harbaugh,1,1,False,False,,both,https://en.wikipedia.org/wiki/2024_Baltimore_Ravens_season
2024,BAL,OC,Todd Monken,1,1,False,False,,both,https://en.wikipedia.org/wiki/2024_Baltimore_Ravens_season
2024,BAL,DC,Zach Orr,1,1,False,False,,both,https://en.wikipedia.org/wiki/2024_Baltimore_Ravens_season
2024,BUF,HC,Sean McDermott,1,1,False,False,,both,https://en.wikipedia.org/wiki/2024_Buffalo_Bills_season
2024,BUF,OC,Joe Brady,1,1,False,False,,both,https://en.wikipedia.org/wiki/2024_Buffalo_Bills_season
2024,BUF,DC,Bobby Babich,1,1,False,False,,both,https://en.wikipedia.org/wiki/2024_Buffalo_Bills_season
2024,CAR,HC,Dave Canales,1,1,False,False,,both,https://en.wikipedia.org/wiki/2024_Carolina_Panthers_season
2024,CAR,OC,Brad Idzik,1,1,False,False,,staff_section,https://en.wikipedia.org/wiki/2024_Carolina_Panthers_season
2024,CAR,DC,Ejiro Evero,1,1,False,False,,staff_section,https://en.wikipedia.org/wiki/2024_Carolina_Panthers_season
2024,CHI,HC,Matt Eberflus,1,2,False,False,"fired November 29, 4–8 record | fired on November 29",both,https://en.wikipedia.org/wiki/2024_Chicago_Bears_season
2024,CHI,HC,Thomas Brown,2,2,False,True,"interim, 1–4 record",both,https://en.wikipedia.org/wiki/2024_Chicago_Bears_season
2024,CHI,OC,Shane Waldron,1,2,False,False,fired on November 10,staff_section,https://en.wikipedia.org/wiki/2024_Chicago_Bears_season
2024,CHI,OC,Chris Beatty,2,2,False,False,,staff_section,https://en.wikipedia.org/wiki/2024_Chicago_Bears_season
2024,CHI,DC,Eric Washington,1,1,False,False,,staff_section,https://en.wikipedia.org/wiki/2024_Chicago_Bears_season
2024,CIN,HC,Zac Taylor,1,1,False,False,,both,https://en.wikipedia.org/wiki/2024_Cincinnati_Bengals_season
2024,CIN,OC,Dan Pitcher,1,1,False,False,,staff_section,https://en.wikipedia.org/wiki/2024_Cincinnati_Bengals_season
2024,CIN,DC,Lou Anarumo,1,1,False,False,,staff_section,https://en.wikipedia.org/wiki/2024_Cincinnati_Bengals_season
2024,CLE,HC,Kevin Stefanski,1,1,False,False,,both,https://en.wikipedia.org/wiki/2024_Cleveland_Browns_season
2024,CLE,OC,Ken Dorsey,1,1,False,False,,staff_section,https://en.wikipedia.org/wiki/2024_Cleveland_Browns_season
2024,CLE,DC,Jim Schwartz,1,1,False,False,,staff_section,https://en.wikipedia.org/wiki/2024_Cleveland_Browns_season
2024,DAL,HC,Mike McCarthy,1,1,False,False,,both,https://en.wikipedia.org/wiki/2024_Dallas_Cowboys_season
2024,DAL,OC,Brian Schottenheimer,1,1,False,False,,staff_section,https://en.wikipedia.org/wiki/2024_Dallas_Cowboys_season
2024,DAL,DC,Mike Zimmer,1,1,False,False,,staff_section,https://en.wikipedia.org/wiki/2024_Dallas_Cowboys_season
2024,DEN,HC,Sean Payton,1,1,False,False,,both,https://en.wikipedia.org/wiki/2024_Denver_Broncos_season
2024,DEN,OC,Joe Lombardi,1,1,False,False,,both,https://en.wikipedia.org/wiki/2024_Denver_Broncos_season
2024,DEN,DC,Vance Joseph,1,1,False,False,,both,https://en.wikipedia.org/wiki/2024_Denver_Broncos_season
2024,DET,HC,Dan Campbell,1,1,False,False,,both,https://en.wikipedia.org/wiki/2024_Detroit_Lions_season
2024,DET,OC,Ben Johnson,1,1,False,False,,staff_section,https://en.wikipedia.org/wiki/2024_Detroit_Lions_season
2024,DET,DC,Aaron Glenn,1,1,False,False,,staff_section,https://en.wikipedia.org/wiki/2024_Detroit_Lions_season
2024,GB,HC,Matt LaFleur,1,1,False,False,,both,https://en.wikipedia.org/wiki/2024_Green_Bay_Packers_season
2024,GB,OC,Adam Stenavich,1,1,False,False,,both,https://en.wikipedia.org/wiki/2024_Green_Bay_Packers_season
2024,GB,DC,Jeff Hafley,1,1,False,False,,both,https://en.wikipedia.org/wiki/2024_Green_Bay_Packers_season
2024,HOU,HC,DeMeco Ryans,1,1,False,False,,both,https://en.wikipedia.org/wiki/2024_Houston_Texans_season
2024,HOU,OC,Bobby Slowik,1,1,False,False,,both,https://en.wikipedia.org/wiki/2024_Houston_Texans_season
2024,HOU,DC,Matt Burke,1,1,False,False,,both,https://en.wikipedia.org/wiki/2024_Houston_Texans_season
2024,IND,HC,Shane Steichen,1,1,False,False,,both,https://en.wikipedia.org/wiki/2024_Indianapolis_Colts_season
2024,IND,OC,Jim Bob Cooter,1,1,False,False,,staff_section,https://en.wikipedia.org/wiki/2024_Indianapolis_Colts_season
2024,IND,DC,Gus Bradley,1,1,False,False,,staff_section,https://en.wikipedia.org/wiki/2024_Indianapolis_Colts_season
2024,JAX,HC,Doug Pederson,1,1,False,False,,both,https://en.wikipedia.org/wiki/2024_Jacksonville_Jaguars_season
2024,JAX,OC,Press Taylor,1,1,False,False,,both,https://en.wikipedia.org/wiki/2024_Jacksonville_Jaguars_season
2024,JAX,DC,Ryan Nielsen,1,1,False,False,,both,https://en.wikipedia.org/wiki/2024_Jacksonville_Jaguars_season
2024,KC,HC,Andy Reid,1,1,False,False,,both,https://en.wikipedia.org/wiki/2024_Kansas_City_Chiefs_season
2024,KC,OC,Matt Nagy,1,1,False,False,,both,https://en.wikipedia.org/wiki/2024_Kansas_City_Chiefs_season
2024,KC,DC,Steve Spagnuolo,1,1,False,False,,both,https://en.wikipedia.org/wiki/2024_Kansas_City_Chiefs_season
2024,LAC,HC,Jim Harbaugh,1,1,False,False,,both,https://en.wikipedia.org/wiki/2024_Los_Angeles_Chargers_season
2024,LAC,OC,Greg Roman,1,1,False,False,,both,https://en.wikipedia.org/wiki/2024_Los_Angeles_Chargers_season
2024,LAC,DC,Jesse Minter,1,1,False,False,,both,https://en.wikipedia.org/wiki/2024_Los_Angeles_Chargers_season
2024,LAR,HC,Sean McVay,1,1,False,False,,both,https://en.wikipedia.org/wiki/2024_Los_Angeles_Rams_season
2024,LAR,OC,Mike LaFleur,1,1,False,False,,both,https://en.wikipedia.org/wiki/2024_Los_Angeles_Rams_season
2024,LAR,DC,Chris Shula,1,1,False,False,,both,https://en.wikipedia.org/wiki/2024_Los_Angeles_Rams_season
2024,MIA,HC,Mike McDaniel,1,1,False,False,,both,https://en.wikipedia.org/wiki/2024_Miami_Dolphins_season
2024,MIA,OC,Frank Smith,1,1,False,False,,staff_section,https://en.wikipedia.org/wiki/2024_Miami_Dolphins_season
2024,MIA,DC,Anthony Weaver,1,1,False,False,,staff_section,https://en.wikipedia.org/wiki/2024_Miami_Dolphins_season
2024,MIN,HC,Kevin O'Connell,1,1,False,False,,both,https://en.wikipedia.org/wiki/2024_Minnesota_Vikings_season
2024,MIN,OC,Wes Phillips,1,1,False,False,,both,https://en.wikipedia.org/wiki/2024_Minnesota_Vikings_season
2024,MIN,DC,Brian Flores,1,1,False,False,,both,https://en.wikipedia.org/wiki/2024_Minnesota_Vikings_season
2024,NE,HC,Jerod Mayo,1,1,False,False,,both,https://en.wikipedia.org/wiki/2024_New_England_Patriots_season
2024,NE,OC,Alex Van Pelt,1,1,False,False,,staff_section,https://en.wikipedia.org/wiki/2024_New_England_Patriots_season
2024,NE,DC,DeMarcus Covington,1,1,False,False,,staff_section,https://en.wikipedia.org/wiki/2024_New_England_Patriots_season
2024,NO,HC,Dennis Allen,1,2,False,False,"fired November 4, 2–7 record | fired on November 4",both,https://en.wikipedia.org/wiki/2024_New_Orleans_Saints_season
2024,NO,HC,Darren Rizzi,2,2,False,True,"interim, 3–5 record",both,https://en.wikipedia.org/wiki/2024_New_Orleans_Saints_season
2024,NO,OC,Klint Kubiak,1,1,False,False,,both,https://en.wikipedia.org/wiki/2024_New_Orleans_Saints_season
2024,NO,DC,Joe Woods,1,1,False,False,,both,https://en.wikipedia.org/wiki/2024_New_Orleans_Saints_season
2024,NYG,HC,Brian Daboll,1,1,False,False,,both,https://en.wikipedia.org/wiki/2024_New_York_Giants_season
2024,NYG,OC,Mike Kafka,1,1,False,False,,staff_section,https://en.wikipedia.org/wiki/2024_New_York_Giants_season
2024,NYG,DC,Shane Bowen,1,1,False,False,,staff_section,https://en.wikipedia.org/wiki/2024_New_York_Giants_season
2024,NYJ,HC,Robert Saleh,1,2,False,False,"fired October 8, 2–3 record | fired on October 8",both,https://en.wikipedia.org/wiki/2024_New_York_Jets_season
2024,NYJ,HC,Jeff Ulbrich,2,2,False,True,"interim, 3–9 record",both,https://en.wikipedia.org/wiki/2024_New_York_Jets_season
2024,NYJ,OC,Nathaniel Hackett,1,1,False,False,,staff_section,https://en.wikipedia.org/wiki/2024_New_York_Jets_season
2024,NYJ,DC,Marquand Manuel,1,1,False,False,,staff_section,https://en.wikipedia.org/wiki/2024_New_York_Jets_season
2024,OAK,HC,Antonio Pierce,1,1,False,False,,both,https://en.wikipedia.org/wiki/2024_Las_Vegas_Raiders_season
2024,OAK,OC,Luke Getsy,1,2,False,False,fired on November 5,staff_section,https://en.wikipedia.org/wiki/2024_Las_Vegas_Raiders_season
2024,OAK,OC,Scott Turner,2,2,False,False,,staff_section,https://en.wikipedia.org/wiki/2024_Las_Vegas_Raiders_season
2024,OAK,DC,Patrick Graham,1,1,False,False,,staff_section,https://en.wikipedia.org/wiki/2024_Las_Vegas_Raiders_season
2024,PHI,HC,Nick Sirianni,1,1,False,False,,both,https://en.wikipedia.org/wiki/2024_Philadelphia_Eagles_season
2024,PHI,OC,Kellen Moore,1,1,False,False,,both,https://en.wikipedia.org/wiki/2024_Philadelphia_Eagles_season
2024,PHI,DC,Vic Fangio,1,1,False,False,,both,https://en.wikipedia.org/wiki/2024_Philadelphia_Eagles_season
2024,PIT,HC,Mike Tomlin,1,1,False,False,,both,https://en.wikipedia.org/wiki/2024_Pittsburgh_Steelers_season
2024,PIT,OC,Arthur Smith,1,1,False,False,,both,https://en.wikipedia.org/wiki/2024_Pittsburgh_Steelers_season
2024,PIT,DC,Teryl Austin,1,1,False,False,,both,https://en.wikipedia.org/wiki/2024_Pittsburgh_Steelers_season
2024,SEA,HC,Mike Macdonald,1,1,False,False,,both,https://en.wikipedia.org/wiki/2024_Seattle_Seahawks_season
2024,SEA,OC,Ryan Grubb,1,1,False,False,,staff_section,https://en.wikipedia.org/wiki/2024_Seattle_Seahawks_season
2024,SEA,DC,Aden Durde,1,1,False,False,,staff_section,https://en.wikipedia.org/wiki/2024_Seattle_Seahawks_season
2024,SF,HC,Kyle Shanahan,1,1,False,False,,both,https://en.wikipedia.org/wiki/2024_San_Francisco_49ers_season
2024,SF,OC,Kyle Shanahan,1,1,False,False,de facto,infobox,https://en.wikipedia.org/wiki/2024_San_Francisco_49ers_season
2024,SF,DC,Nick Sorensen,1,1,False,False,,both,https://en.wikipedia.org/wiki/2024_San_Francisco_49ers_season
2024,TB,HC,Todd Bowles,1,1,False,False,,both,https://en.wikipedia.org/wiki/2024_Tampa_Bay_Buccaneers_season
2024,TB,OC,Liam Coen,1,1,False,False,,both,https://en.wikipedia.org/wiki/2024_Tampa_Bay_Buccaneers_season
2024,TEN,HC,Brian Callahan,1,1,False,False,,both,https://en.wikipedia.org/wiki/2024_Tennessee_Titans_season
2024,TEN,OC,Nick Holz,1,1,False,False,,staff_section,https://en.wikipedia.org/wiki/2024_Tennessee_Titans_season
2024,TEN,DC,Dennard Wilson,1,1,False,False,,staff_section,https://en.wikipedia.org/wiki/2024_Tennessee_Titans_season
2024,WSH,HC,Dan Quinn,1,1,False,False,,infobox,https://en.wikipedia.org/wiki/2024_Washington_Commanders_season
2024,WSH,OC,Kliff Kingsbury,1,1,False,False,,infobox,https://en.wikipedia.org/wiki/2024_Washington_Commanders_season
2024,WSH,DC,Joe Whitt Jr.,1,1,False,False,,infobox,https://en.wikipedia.org/wiki/2024_Washington_Commanders_season
2025,ARI,HC,Jonathan Gannon,1,1,False,False,,both,https://en.wikipedia.org/wiki/2025_Arizona_Cardinals_season
2025,ARI,OC,Drew Petzing,1,1,False,False,,staff_section,https://en.wikipedia.org/wiki/2025_Arizona_Cardinals_season
2025,ARI,DC,Nick Rallis,1,1,False,False,,staff_section,https://en.wikipedia.org/wiki/2025_Arizona_Cardinals_season
2025,ATL,HC,Raheem Morris,1,1,False,False,,both,https://en.wikipedia.org/wiki/2025_Atlanta_Falcons_season
2025,ATL,OC,Zac Robinson,1,1,False,False,,staff_section,https://en.wikipedia.org/wiki/2025_Atlanta_Falcons_season
2025,ATL,DC,Jeff Ulbrich,1,1,False,False,,staff_section,https://en.wikipedia.org/wiki/2025_Atlanta_Falcons_season
2025,BAL,HC,John Harbaugh,1,1,False,False,,both,https://en.wikipedia.org/wiki/2025_Baltimore_Ravens_season
2025,BAL,OC,Todd Monken,1,1,False,False,,both,https://en.wikipedia.org/wiki/2025_Baltimore_Ravens_season
2025,BAL,DC,Zach Orr,1,1,False,False,,both,https://en.wikipedia.org/wiki/2025_Baltimore_Ravens_season
2025,BUF,HC,Sean McDermott,1,1,False,False,,both,https://en.wikipedia.org/wiki/2025_Buffalo_Bills_season
2025,BUF,OC,Joe Brady,1,1,False,False,,staff_section,https://en.wikipedia.org/wiki/2025_Buffalo_Bills_season
2025,BUF,DC,Bobby Babich,1,1,False,False,,staff_section,https://en.wikipedia.org/wiki/2025_Buffalo_Bills_season
2025,CAR,HC,Dave Canales,1,1,False,False,,both,https://en.wikipedia.org/wiki/2025_Carolina_Panthers_season
2025,CAR,OC,Brad Idzik,1,1,False,False,,both,https://en.wikipedia.org/wiki/2025_Carolina_Panthers_season
2025,CAR,DC,Ejiro Evero,1,1,False,False,,both,https://en.wikipedia.org/wiki/2025_Carolina_Panthers_season
2025,CHI,HC,Ben Johnson,1,1,False,False,,both,https://en.wikipedia.org/wiki/2025_Chicago_Bears_season
2025,CHI,OC,Declan Doyle,1,1,False,False,,staff_section,https://en.wikipedia.org/wiki/2025_Chicago_Bears_season
2025,CHI,DC,Dennis Allen,1,1,False,False,,staff_section,https://en.wikipedia.org/wiki/2025_Chicago_Bears_season
2025,CIN,HC,Zac Taylor,1,1,False,False,,both,https://en.wikipedia.org/wiki/2025_Cincinnati_Bengals_season
2025,CIN,OC,Dan Pitcher,1,1,False,False,,staff_section,https://en.wikipedia.org/wiki/2025_Cincinnati_Bengals_season
2025,CIN,DC,Al Golden,1,1,False,False,,staff_section,https://en.wikipedia.org/wiki/2025_Cincinnati_Bengals_season
2025,CLE,HC,Kevin Stefanski,1,1,False,False,,both,https://en.wikipedia.org/wiki/2025_Cleveland_Browns_season
2025,CLE,OC,Tommy Rees,1,1,False,False,,staff_section,https://en.wikipedia.org/wiki/2025_Cleveland_Browns_season
2025,CLE,DC,Jim Schwartz,1,1,False,False,,staff_section,https://en.wikipedia.org/wiki/2025_Cleveland_Browns_season
2025,DAL,HC,Brian Schottenheimer,1,1,False,False,,both,https://en.wikipedia.org/wiki/2025_Dallas_Cowboys_season
2025,DAL,OC,Klayton Adams,1,1,False,False,,staff_section,https://en.wikipedia.org/wiki/2025_Dallas_Cowboys_season
2025,DAL,DC,Matt Eberflus,1,1,False,False,,staff_section,https://en.wikipedia.org/wiki/2025_Dallas_Cowboys_season
2025,DEN,HC,Sean Payton,1,1,False,False,,both,https://en.wikipedia.org/wiki/2025_Denver_Broncos_season
2025,DEN,OC,Joe Lombardi,1,1,False,False,,both,https://en.wikipedia.org/wiki/2025_Denver_Broncos_season
2025,DEN,DC,Vance Joseph,1,1,False,False,,both,https://en.wikipedia.org/wiki/2025_Denver_Broncos_season
2025,DET,HC,Dan Campbell,1,1,False,False,,both,https://en.wikipedia.org/wiki/2025_Detroit_Lions_season
2025,DET,OC,John Morton,1,1,False,False,,staff_section,https://en.wikipedia.org/wiki/2025_Detroit_Lions_season
2025,DET,DC,Kelvin Sheppard,1,1,False,False,,staff_section,https://en.wikipedia.org/wiki/2025_Detroit_Lions_season
2025,GB,HC,Matt LaFleur,1,1,False,False,,both,https://en.wikipedia.org/wiki/2025_Green_Bay_Packers_season
2025,GB,OC,Adam Stenavich,1,1,False,False,,staff_section,https://en.wikipedia.org/wiki/2025_Green_Bay_Packers_season
2025,GB,DC,Jeff Hafley,1,1,False,False,,staff_section,https://en.wikipedia.org/wiki/2025_Green_Bay_Packers_season
2025,HOU,HC,DeMeco Ryans,1,1,False,False,,both,https://en.wikipedia.org/wiki/2025_Houston_Texans_season
2025,HOU,OC,Nick Caley,1,1,False,False,,both,https://en.wikipedia.org/wiki/2025_Houston_Texans_season
2025,HOU,DC,Matt Burke,1,1,False,False,,both,https://en.wikipedia.org/wiki/2025_Houston_Texans_season
2025,IND,HC,Shane Steichen,1,1,False,False,,both,https://en.wikipedia.org/wiki/2025_Indianapolis_Colts_season
2025,IND,OC,Jim Bob Cooter,1,1,False,False,,staff_section,https://en.wikipedia.org/wiki/2025_Indianapolis_Colts_season
2025,IND,DC,Lou Anarumo,1,1,False,False,,staff_section,https://en.wikipedia.org/wiki/2025_Indianapolis_Colts_season
2025,JAX,HC,Liam Coen,1,1,False,False,,both,https://en.wikipedia.org/wiki/2025_Jacksonville_Jaguars_season
2025,JAX,OC,Grant Udinski,1,1,False,False,,both,https://en.wikipedia.org/wiki/2025_Jacksonville_Jaguars_season
2025,JAX,DC,Anthony Campanile,1,1,False,False,,both,https://en.wikipedia.org/wiki/2025_Jacksonville_Jaguars_season
2025,KC,HC,Andy Reid,1,1,False,False,,both,https://en.wikipedia.org/wiki/2025_Kansas_City_Chiefs_season
2025,KC,OC,Matt Nagy,1,1,False,False,,staff_section,https://en.wikipedia.org/wiki/2025_Kansas_City_Chiefs_season
2025,KC,DC,Steve Spagnuolo,1,1,False,False,,staff_section,https://en.wikipedia.org/wiki/2025_Kansas_City_Chiefs_season
2025,LAC,HC,Jim Harbaugh,1,1,False,False,,both,https://en.wikipedia.org/wiki/2025_Los_Angeles_Chargers_season
2025,LAC,OC,Greg Roman,1,1,False,False,,staff_section,https://en.wikipedia.org/wiki/2025_Los_Angeles_Chargers_season
2025,LAC,DC,Jesse Minter,1,1,False,False,,staff_section,https://en.wikipedia.org/wiki/2025_Los_Angeles_Chargers_season
2025,LAR,HC,Sean McVay,1,1,False,False,,both,https://en.wikipedia.org/wiki/2025_Los_Angeles_Rams_season
2025,LAR,OC,Mike LaFleur,1,1,False,False,,both,https://en.wikipedia.org/wiki/2025_Los_Angeles_Rams_season
2025,LAR,DC,Chris Shula,1,1,False,False,,both,https://en.wikipedia.org/wiki/2025_Los_Angeles_Rams_season
2025,MIA,HC,Mike McDaniel,1,1,False,False,,both,https://en.wikipedia.org/wiki/2025_Miami_Dolphins_season
2025,MIA,OC,Frank Smith,1,1,False,False,,staff_section,https://en.wikipedia.org/wiki/2025_Miami_Dolphins_season
2025,MIA,DC,Anthony Weaver,1,1,False,False,,staff_section,https://en.wikipedia.org/wiki/2025_Miami_Dolphins_season
2025,MIN,HC,Kevin O'Connell,1,1,False,False,,both,https://en.wikipedia.org/wiki/2025_Minnesota_Vikings_season
2025,MIN,OC,Wes Phillips,1,1,False,False,,staff_section,https://en.wikipedia.org/wiki/2025_Minnesota_Vikings_season
2025,MIN,DC,Brian Flores,1,1,False,False,,staff_section,https://en.wikipedia.org/wiki/2025_Minnesota_Vikings_season
2025,NE,HC,Mike Vrabel,1,1,False,False,,both,https://en.wikipedia.org/wiki/2025_New_England_Patriots_season
2025,NE,OC,Josh McDaniels,1,1,False,False,,both,https://en.wikipedia.org/wiki/2025_New_England_Patriots_season
2025,NE,DC,Terrell Williams,1,1,False,False,,both,https://en.wikipedia.org/wiki/2025_New_England_Patriots_season
2025,NO,HC,Kellen Moore,1,1,False,False,,both,https://en.wikipedia.org/wiki/2025_New_Orleans_Saints_season
2025,NO,OC,Doug Nussmeier,1,1,False,False,,both,https://en.wikipedia.org/wiki/2025_New_Orleans_Saints_season
2025,NO,DC,Brandon Staley,1,1,False,False,,both,https://en.wikipedia.org/wiki/2025_New_Orleans_Saints_season
2025,NYG,HC,Brian Daboll,1,2,False,False,"fired November 10, 2–8 record",both,https://en.wikipedia.org/wiki/2025_New_York_Giants_season
2025,NYG,HC,Mike Kafka,2,2,False,True,"interim, 2–5 record",both,https://en.wikipedia.org/wiki/2025_New_York_Giants_season
2025,NYG,OC,Tim Kelly,1,1,False,False,,staff_section,https://en.wikipedia.org/wiki/2025_New_York_Giants_season
2025,NYG,DC,Charlie Bullen,1,1,False,False,,staff_section,https://en.wikipedia.org/wiki/2025_New_York_Giants_season
2025,NYJ,HC,Aaron Glenn,1,1,False,False,,both,https://en.wikipedia.org/wiki/2025_New_York_Jets_season
2025,NYJ,OC,Tanner Engstrand,1,1,False,False,,staff_section,https://en.wikipedia.org/wiki/2025_New_York_Jets_season
2025,NYJ,DC,Chris Harris,1,1,False,False,,staff_section,https://en.wikipedia.org/wiki/2025_New_York_Jets_season
2025,OAK,HC,Pete Carroll,1,1,False,False,,both,https://en.wikipedia.org/wiki/2025_Las_Vegas_Raiders_season
2025,OAK,OC,Greg Olson,1,1,False,False,,staff_section,https://en.wikipedia.org/wiki/2025_Las_Vegas_Raiders_season
2025,OAK,DC,Patrick Graham,1,1,False,False,,staff_section,https://en.wikipedia.org/wiki/2025_Las_Vegas_Raiders_season
2025,PHI,HC,Nick Sirianni,1,1,False,False,,both,https://en.wikipedia.org/wiki/2025_Philadelphia_Eagles_season
2025,PHI,OC,Kevin Patullo,1,1,False,False,,both,https://en.wikipedia.org/wiki/2025_Philadelphia_Eagles_season
2025,PHI,DC,Vic Fangio,1,1,False,False,,both,https://en.wikipedia.org/wiki/2025_Philadelphia_Eagles_season
2025,PIT,HC,Mike Tomlin,1,1,False,False,,both,https://en.wikipedia.org/wiki/2025_Pittsburgh_Steelers_season
2025,PIT,OC,Arthur Smith,1,1,False,False,,both,https://en.wikipedia.org/wiki/2025_Pittsburgh_Steelers_season
2025,PIT,DC,Teryl Austin,1,1,False,False,,both,https://en.wikipedia.org/wiki/2025_Pittsburgh_Steelers_season
2025,SEA,HC,Mike Macdonald,1,1,False,False,,both,https://en.wikipedia.org/wiki/2025_Seattle_Seahawks_season
2025,SEA,OC,Klint Kubiak,1,1,False,False,,both,https://en.wikipedia.org/wiki/2025_Seattle_Seahawks_season
2025,SEA,DC,Aden Durde,1,1,False,False,,both,https://en.wikipedia.org/wiki/2025_Seattle_Seahawks_season
2025,SF,HC,Kyle Shanahan,1,1,False,False,,both,https://en.wikipedia.org/wiki/2025_San_Francisco_49ers_season
2025,SF,OC,Klay Kubiak,1,1,False,False,,both,https://en.wikipedia.org/wiki/2025_San_Francisco_49ers_season
2025,SF,DC,Robert Saleh,1,1,False,False,,both,https://en.wikipedia.org/wiki/2025_San_Francisco_49ers_season
2025,TB,HC,Todd Bowles,1,1,False,False,,both,https://en.wikipedia.org/wiki/2025_Tampa_Bay_Buccaneers_season
2025,TB,OC,Josh Grizzard,1,1,False,False,,staff_section,https://en.wikipedia.org/wiki/2025_Tampa_Bay_Buccaneers_season
2025,TEN,HC,Brian Callahan,1,2,False,False,"fired October 13, 1–5 record",both,https://en.wikipedia.org/wiki/2025_Tennessee_Titans_season
2025,TEN,HC,Mike McCoy,2,2,False,True,"interim, 2–9 record",both,https://en.wikipedia.org/wiki/2025_Tennessee_Titans_season
2025,TEN,OC,Nick Holz,1,1,False,False,,staff_section,https://en.wikipedia.org/wiki/2025_Tennessee_Titans_season
2025,TEN,DC,Dennard Wilson,1,1,False,False,,staff_section,https://en.wikipedia.org/wiki/2025_Tennessee_Titans_season
2025,WSH,HC,Dan Quinn,1,1,False,False,,both,https://en.wikipedia.org/wiki/2025_Washington_Commanders_season
2025,WSH,OC,Kliff Kingsbury,1,1,False,False,,both,https://en.wikipedia.org/wiki/2025_Washington_Commanders_season
2025,WSH,DC,Joe Whitt Jr.,1,1,False,False,,both,https://en.wikipedia.org/wiki/2025_Washington_Commanders_season
