season,franchise,wiki_title,wiki_url,head_coach,offensive_coordinator,defensive_coordinator,n_hc,n_oc,n_dc,source_field,raw_note
1999,ARI,1999 Arizona Cardinals season,https://en.wikipedia.org/wiki/1999_Arizona_Cardinals_season,Vince Tobin,Marc Trestman,Dave McGinnis,1,1,1,infobox,head_coach infobox raw: [[Vince Tobin]] || offensive_coordinator infobox raw: [[Marc Trestman]] || defensive_coordinator infobox raw: [[Dave McGinnis]]
1999,ATL,1999 Atlanta Falcons season,https://en.wikipedia.org/wiki/1999_Atlanta_Falcons_season,Dan Reeves,George Sefcik,Rich Brooks,1,1,1,infobox,head_coach infobox raw: [[Dan Reeves]] || offensive_coordinator infobox raw: [[George Sefcik]] || defensive_coordinator infobox raw: [[Rich Brooks]]
1999,BAL,1999 Baltimore Ravens season,https://en.wikipedia.org/wiki/1999_Baltimore_Ravens_season,Brian Billick,Matt Cavanaugh,Marvin Lewis,1,1,1,both,head_coach infobox raw: [[Brian Billick]] || head_coach staff raw: [[Brian Billick]] || offensive_coordinator staff raw: [[Matt Cavanaugh]] || defensive_coordinator staff raw: [[Marvin Lewis]]
1999,BUF,1999 Buffalo Bills season,https://en.wikipedia.org/wiki/1999_Buffalo_Bills_season,Wade Phillips,Joe Pendry,Ted Cottrell,1,1,1,both,head_coach infobox raw: [[Wade Phillips]] || head_coach staff raw: Wade Phillips || offensive_coordinator staff raw: [[Joe Pendry]] || defensive_coordinator staff raw: [[Ted Cottrell]]
1999,CAR,1999 Carolina Panthers season,https://en.wikipedia.org/wiki/1999_Carolina_Panthers_season,George Seifert,Gil Haskell,John Marshall,1,1,1,both,head_coach infobox raw: [[George Seifert]] || head_coach staff raw: [[George Seifert]] || offensive_coordinator infobox raw: [[Gil Haskell]] || offensive_coordinator staff raw: [[Gil Haskell]] || defensive_coordinator infobox raw: [[John Marshall (American football)|John Marshall]] || defensive_coordinator staff raw: [[John Marshall (American football)|John Marshall]]
1999,CHI,1999 Chicago Bears season,https://en.wikipedia.org/wiki/1999_Chicago_Bears_season,Dick Jauron,Gary Crowton,Greg Blache,1,1,1,both,head_coach infobox raw: [[Dick Jauron]] || head_coach staff raw: [[Dick Jauron]] || offensive_coordinator infobox raw: [[Gary Crowton]] || offensive_coordinator staff raw: [[Gary Crowton]] || defensive_coordinator infobox raw: [[Greg Blache]] || defensive_coordinator staff raw: [[Greg Blache]]
1999,CIN,1999 Cincinnati Bengals season,https://en.wikipedia.org/wiki/1999_Cincinnati_Bengals_season,Bruce Coslet,Ken Anderson,Dick LeBeau,1,1,1,both,head_coach infobox raw: [[Bruce Coslet]] || head_coach staff raw: [[Bruce Coslet]] || offensive_coordinator staff raw: [[Ken Anderson (quarterback)|Ken Anderson]] || defensive_coordinator staff raw: [[Dick LeBeau]]
1999,CLE,1999 Cleveland Browns season,https://en.wikipedia.org/wiki/1999_Cleveland_Browns_season,Chris Palmer,,Bob Slowik,1,0,1,both,head_coach infobox raw: [[Chris Palmer (football coach)|Chris Palmer]] || head_coach staff raw: [[Chris Palmer (American football)|Chris Palmer]] || defensive_coordinator staff raw: [[Bob Slowik]]
1999,DAL,1999 Dallas Cowboys season,https://en.wikipedia.org/wiki/1999_Dallas_Cowboys_season,Chan Gailey,,Dave Campo,1,0,1,infobox,head_coach infobox raw: [[Chan Gailey]] || defensive_coordinator infobox raw: [[Dave Campo]]
1999,DEN,1999 Denver Broncos season,https://en.wikipedia.org/wiki/1999_Denver_Broncos_season,Mike Shanahan,Gary Kubiak,Greg Robinson,1,1,1,both,head_coach infobox raw: [[Mike Shanahan]] || head_coach staff raw: [[Mike Shanahan]] || offensive_coordinator infobox raw: [[Gary Kubiak]] || offensive_coordinator staff raw: [[Gary Kubiak]] || defensive_coordinator infobox raw: [[Greg Robinson (American football coach)|Greg Robinson]] || defensive_coordinator staff raw: [[Greg Robinson (American football coach)|Greg Robinson]]
1999,DET,1999 Detroit Lions season,https://en.wikipedia.org/wiki/1999_Detroit_Lions_season,Bobby Ross,Sylvester Croom,Larry Peccatiello,1,1,1,both,head_coach infobox raw: [[Bobby Ross]] || head_coach staff raw: [[Bobby Ross]] || offensive_coordinator infobox raw: [[Sylvester Croom]] || offensive_coordinator staff raw: [[Sylvester Croom]] || defensive_coordinator infobox raw: [[Larry Peccatiello]] || defensive_coordinator staff raw: [[Larry Peccatiello]]
1999,GB,1999 Green Bay Packers season,https://en.wikipedia.org/wiki/1999_Green_Bay_Packers_season,Ray Rhodes,Sherman Lewis,Emmitt Thomas,1,1,1,both,head_coach infobox raw: [[Ray Rhodes]] || head_coach staff raw: [[Ray Rhodes]] || offensive_coordinator infobox raw: [[Sherman Lewis]] || offensive_coordinator staff raw: [[Sherman Lewis]] || defensive_coordinator infobox raw: [[Emmitt Thomas]] || defensive_coordinator staff raw: [[Emmitt Thomas]]
1999,IND,1999 Indianapolis Colts season,https://en.wikipedia.org/wiki/1999_Indianapolis_Colts_season,Jim Mora,Tom Moore,Vic Fangio,1,1,1,both,"head_coach infobox raw: [[Jim E. Mora|Jim Mora]] || head_coach staff raw: [[Jim E. Mora]] || offensive_coordinator staff raw: [[Tom Moore (American football coach, born 1938)|Tom Moore]] || defensive_coordinator staff raw: [[Vic Fangio]]"
1999,JAX,1999 Jacksonville Jaguars season,https://en.wikipedia.org/wiki/1999_Jacksonville_Jaguars_season,Tom Coughlin,,Dom Capers,1,0,1,both,head_coach infobox raw: [[Tom Coughlin]] || head_coach staff raw: [[Tom Coughlin]] || defensive_coordinator infobox raw: [[Dom Capers]] || defensive_coordinator staff raw: [[Dom Capers]]
1999,KC,1999 Kansas City Chiefs season,https://en.wikipedia.org/wiki/1999_Kansas_City_Chiefs_season,Gunther Cunningham,Jimmy Raye II,Kurt Schottenheimer,1,1,1,both,head_coach infobox raw: [[Gunther Cunningham]] || head_coach staff raw: [[Gunther Cunningham]] || offensive_coordinator infobox raw: [[Jimmy Raye II]] || offensive_coordinator staff raw: [[Jimmy Raye II|Jimmy Raye]] || defensive_coordinator infobox raw: [[Kurt Schottenheimer]] || defensive_coordinator staff raw: [[Kurt Schottenheimer]]
1999,LAC,1999 San Diego Chargers season,https://en.wikipedia.org/wiki/1999_San_Diego_Chargers_season,Mike Riley,Geep Chryst,Joe Pascale,1,1,1,both,head_coach infobox raw: [[Mike Riley (American football)|Mike Riley]] || head_coach staff raw: [[Mike Riley (American football)|Mike Riley]] || offensive_coordinator staff raw: [[Geep Chryst]] || defensive_coordinator staff raw: [[Joe Pascale]]
1999,LAR,1999 St. Louis Rams season,https://en.wikipedia.org/wiki/1999_St._Louis_Rams_season,Dick Vermeil,Mike Martz,Peter Giunta | John Bunting,1,1,2,both,head_coach infobox raw: [[Dick Vermeil]] || head_coach staff raw: [[Dick Vermeil]] || offensive_coordinator infobox raw: [[Mike Martz]] || offensive_coordinator staff raw: [[Mike Martz]] || defensive_coordinator infobox raw: [[Peter Giunta (American football)|Peter Giunta]] || defensive_coordinator staff raw: [[Peter Giunta (American football)|Peter Giunta]] ; [[John Bunting (American football)|John Bunting]]
1999,MIA,1999 Miami Dolphins season,https://en.wikipedia.org/wiki/1999_Miami_Dolphins_season,Jimmy Johnson,,,1,0,0,infobox,head_coach infobox raw: [[Jimmy Johnson (American football coach)|Jimmy Johnson]]
1999,MIN,1999 Minnesota Vikings season,https://en.wikipedia.org/wiki/1999_Minnesota_Vikings_season,Dennis Green,Ray Sherman,Foge Fazio,1,1,1,both,head_coach infobox raw: [[Dennis Green]] || head_coach staff raw: [[Dennis Green]] || offensive_coordinator infobox raw: [[Ray Sherman]] || offensive_coordinator staff raw: [[Ray Sherman]] || defensive_coordinator infobox raw: [[Foge Fazio]] || defensive_coordinator staff raw: [[Foge Fazio]]
1999,NE,1999 New England Patriots season,https://en.wikipedia.org/wiki/1999_New_England_Patriots_season,Pete Carroll,,,1,0,0,infobox,head_coach infobox raw: [[Pete Carroll]]
1999,NO,1999 New Orleans Saints season,https://en.wikipedia.org/wiki/1999_New_Orleans_Saints_season,Mike Ditka,Danny Abramowicz,Zaven Yaralian,1,1,1,both,head_coach infobox raw: [[Mike Ditka]] || head_coach staff raw: [[Mike Ditka]] || offensive_coordinator infobox raw: [[Danny Abramowicz]] || offensive_coordinator staff raw: [[Danny Abramowicz]] || defensive_coordinator infobox raw: [[Zaven Yaralian]] || defensive_coordinator staff raw: [[Zaven Yaralian]]
1999,NYG,1999 New York Giants season,https://en.wikipedia.org/wiki/1999_New_York_Giants_season,Jim Fassel,,,1,0,0,infobox,head_coach infobox raw: [[Jim Fassel]]
1999,NYJ,1999 New York Jets season,https://en.wikipedia.org/wiki/1999_New_York_Jets_season,Bill Parcells,Charlie Weis,Bill Belichick,1,1,1,infobox,head_coach infobox raw: [[Bill Parcells]] || offensive_coordinator infobox raw: [[Charlie Weis]] || defensive_coordinator infobox raw: [[Bill Belichick]]
1999,OAK,1999 Oakland Raiders season,https://en.wikipedia.org/wiki/1999_Oakland_Raiders_season,Jon Gruden,Bill Callahan,Willie Shaw,1,1,1,both,head_coach infobox raw: [[Jon Gruden]] || head_coach staff raw: [[Jon Gruden]] || offensive_coordinator infobox raw: [[Bill Callahan (American football coach)|Bill Callahan]] || offensive_coordinator staff raw: [[Bill Callahan (American football coach)|Bill Callahan]] || defensive_coordinator infobox raw: [[Willie Shaw]] || defensive_coordinator staff raw: [[Willie Shaw]]
1999,PHI,1999 Philadelphia Eagles season,https://en.wikipedia.org/wiki/1999_Philadelphia_Eagles_season,Andy Reid,Rod Dowhower,Jim Johnson,1,1,1,both,head_coach infobox raw: [[Andy Reid]] || head_coach staff raw: [[Andy Reid]] || offensive_coordinator infobox raw: [[Rod Dowhower]] || offensive_coordinator staff raw: [[Rod Dowhower]] || defensive_coordinator infobox raw: [[Jim Johnson (American football)|Jim Johnson]] || defensive_coordinator staff raw: [[Jim Johnson (American football)|Jim Johnson]]
1999,PIT,1999 Pittsburgh Steelers season,https://en.wikipedia.org/wiki/1999_Pittsburgh_Steelers_season,Bill Cowher,Kevin Gilbride,Jim Haslett,1,1,1,both,head_coach infobox raw: [[Bill Cowher]] || head_coach staff raw: [[Bill Cowher]] || offensive_coordinator staff raw: [[Kevin Gilbride]] || defensive_coordinator staff raw: [[Jim Haslett]]
1999,SEA,1999 Seattle Seahawks season,https://en.wikipedia.org/wiki/1999_Seattle_Seahawks_season,Mike Holmgren,Mike Sherman,Fritz Shurmur,1,1,1,both,head_coach infobox raw: [[Mike Holmgren]] || head_coach staff raw: [[Mike Holmgren]] || offensive_coordinator infobox raw: [[Mike Sherman]] || offensive_coordinator staff raw: [[Mike Sherman]] || defensive_coordinator staff raw: [[Fritz Shurmur]] (died Aug 30)
1999,SF,1999 San Francisco 49ers season,https://en.wikipedia.org/wiki/1999_San_Francisco_49ers_season,Steve Mariucci,Marty Mornhinweg,Jim L. Mora,1,1,1,both,head_coach infobox raw: [[Steve Mariucci]] || head_coach staff raw: [[Steve Mariucci]] || offensive_coordinator infobox raw: [[Marty Mornhinweg]] || offensive_coordinator staff raw: [[Marty Mornhinweg]] || defensive_coordinator infobox raw: [[Jim L. Mora]] || defensive_coordinator staff raw: [[Jim L. Mora|Jim Mora]]
1999,TB,1999 Tampa Bay Buccaneers season,https://en.wikipedia.org/wiki/1999_Tampa_Bay_Buccaneers_season,Tony Dungy,Mike Shula,Monte Kiffin,1,1,1,infobox,head_coach infobox raw: [[Tony Dungy]] || offensive_coordinator infobox raw: [[Mike Shula]] || defensive_coordinator infobox raw: [[Monte Kiffin]]
1999,TEN,1999 Tennessee Titans season,https://en.wikipedia.org/wiki/1999_Tennessee_Titans_season,Jeff Fisher,Les Steckel,Gregg Williams,1,1,1,both,head_coach infobox raw: [[Jeff Fisher]] || head_coach staff raw: [[Jeff Fisher]] || offensive_coordinator infobox raw: [[Les Steckel]] || offensive_coordinator staff raw: [[Les Steckel]] || defensive_coordinator infobox raw: [[Gregg Williams]] || defensive_coordinator staff raw: [[Gregg Williams]]
1999,WSH,1999 Washington Redskins season,https://en.wikipedia.org/wiki/1999_Washington_Redskins_season,Norv Turner,Norv Turner,Mike Nolan,1,1,1,both,head_coach infobox raw: [[Norv Turner]] || head_coach staff raw: [[Norv Turner]] || offensive_coordinator infobox raw: Norv Turner || defensive_coordinator infobox raw: [[Mike Nolan]] || defensive_coordinator staff raw: [[Mike Nolan]]
2000,ARI,2000 Arizona Cardinals season,https://en.wikipedia.org/wiki/2000_Arizona_Cardinals_season,Vince Tobin | Dave McGinnis,Marc Trestman,Dave McGinnis,2,1,1,infobox,"head_coach infobox raw: [[Vince Tobin]] (fired October 23, 2-5 record) <br>[[Dave McGinnis]] (interim; 1-8 record) || offensive_coordinator infobox raw: [[Marc Trestman]] || defensive_coordinator infobox raw: [[Dave McGinnis]]"
2000,ATL,2000 Atlanta Falcons season,https://en.wikipedia.org/wiki/2000_Atlanta_Falcons_season,Dan Reeves,George Sefcik,Rich Brooks,1,1,1,infobox,head_coach infobox raw: [[Dan Reeves]] || offensive_coordinator infobox raw: [[George Sefcik]] || defensive_coordinator infobox raw: [[Rich Brooks]]
2000,BAL,2000 Baltimore Ravens season,https://en.wikipedia.org/wiki/2000_Baltimore_Ravens_season,Brian Billick,Matt Cavanaugh,Marvin Lewis,1,1,1,both,head_coach infobox raw: [[Brian Billick]] || head_coach staff raw: [[Brian Billick]] || offensive_coordinator infobox raw: [[Matt Cavanaugh]] || offensive_coordinator staff raw: [[Matt Cavanaugh]] || defensive_coordinator infobox raw: [[Marvin Lewis]] || defensive_coordinator staff raw: [[Marvin Lewis]]
2000,BUF,2000 Buffalo Bills season,https://en.wikipedia.org/wiki/2000_Buffalo_Bills_season,Wade Phillips,Joe Pendry,Ted Cottrell,1,1,1,both,head_coach infobox raw: [[Wade Phillips]] || head_coach staff raw: [[Wade Phillips]] || offensive_coordinator staff raw: [[Joe Pendry]] || defensive_coordinator staff raw: [[Ted Cottrell]]
2000,CAR,2000 Carolina Panthers season,https://en.wikipedia.org/wiki/2000_Carolina_Panthers_season,George Seifert,Bill Musgrave,John Marshall,1,1,1,both,head_coach infobox raw: [[George Seifert]] || head_coach staff raw: [[George Seifert]] || offensive_coordinator infobox raw: [[Bill Musgrave]] || offensive_coordinator staff raw: [[Bill Musgrave]] || defensive_coordinator infobox raw: [[John Marshall (American football)|John Marshall]] || defensive_coordinator staff raw: [[John Marshall (American football)|John Marshall]]
2000,CHI,2000 Chicago Bears season,https://en.wikipedia.org/wiki/2000_Chicago_Bears_season,Dick Jauron,Gary Crowton | John Shoop,Greg Blache,1,2,1,both,head_coach infobox raw: [[Dick Jauron]] || head_coach staff raw: [[Dick Jauron]] || offensive_coordinator infobox raw: [[Gary Crowton]] || offensive_coordinator staff raw: [[Gary Crowton]] ; [[John Shoop]] || defensive_coordinator infobox raw: [[Greg Blache]] || defensive_coordinator staff raw: [[Greg Blache]]
2000,CIN,2000 Cincinnati Bengals season,https://en.wikipedia.org/wiki/2000_Cincinnati_Bengals_season,Bruce Coslet | Dick LeBeau,,,2,0,0,infobox,"head_coach infobox raw: [[Bruce Coslet]] (resigned week 4, 0-3 record) <br>[[Dick LeBeau]] (interim; 4-9 record)"
2000,CLE,2000 Cleveland Browns season,https://en.wikipedia.org/wiki/2000_Cleveland_Browns_season,Chris Palmer,Pete Carmichael,Romeo Crennel,1,1,1,both,head_coach infobox raw: [[Chris Palmer (football coach)|Chris Palmer]] || head_coach staff raw: [[Chris Palmer (American football)|Chris Palmer]] || offensive_coordinator infobox raw: [[Pete Carmichael]] || offensive_coordinator staff raw: [[Pete Carmichael]] || defensive_coordinator infobox raw: [[Romeo Crennel]] || defensive_coordinator staff raw: [[Romeo Crennel]]
2000,DAL,2000 Dallas Cowboys season,https://en.wikipedia.org/wiki/2000_Dallas_Cowboys_season,Dave Campo,,,1,0,0,infobox,head_coach infobox raw: [[Dave Campo]]
2000,DEN,2000 Denver Broncos season,https://en.wikipedia.org/wiki/2000_Denver_Broncos_season,Mike Shanahan,Gary Kubiak,Greg Robinson,1,1,1,both,head_coach infobox raw: [[Mike Shanahan]] || head_coach staff raw: [[Mike Shanahan]] || offensive_coordinator infobox raw: [[Gary Kubiak]] || offensive_coordinator staff raw: [[Gary Kubiak]] || defensive_coordinator infobox raw: [[Greg Robinson (American football coach)|Greg Robinson]] || defensive_coordinator staff raw: [[Greg Robinson (American football coach)|Greg Robinson]]
2000,DET,2000 Detroit Lions season,https://en.wikipedia.org/wiki/2000_Detroit_Lions_season,Bobby Ross | Gary Moeller,,,2,0,0,infobox,"head_coach infobox raw: [[Bobby Ross]] (resigned November 6, 5-4 record)<br>[[Gary Moeller]] (interim; 4-3 record)"
2000,GB,2000 Green Bay Packers season,https://en.wikipedia.org/wiki/2000_Green_Bay_Packers_season,Mike Sherman,Tom Rossley,Ed Donatell,1,1,1,both,head_coach infobox raw: [[Mike Sherman]] || head_coach staff raw: [[Mike Sherman]] || offensive_coordinator staff raw: [[Tom Rossley]] || defensive_coordinator staff raw: [[Ed Donatell]]
2000,IND,2000 Indianapolis Colts season,https://en.wikipedia.org/wiki/2000_Indianapolis_Colts_season,Jim Mora,Tom Moore,Vic Fangio,1,1,1,both,"head_coach infobox raw: [[Jim E. Mora|Jim Mora]] || head_coach staff raw: [[Jim E. Mora]] || offensive_coordinator infobox raw: [[Tom Moore (American football coach, born 1938)|Tom Moore]] || offensive_coordinator staff raw: [[Tom Moore (American football coach, born 1938)|Tom Moore]] || defensive_coordinator infobox raw: [[Vic Fangio]] || defensive_coordinator staff raw: [[Vic Fangio]]"
2000,JAX,2000 Jacksonville Jaguars season,https://en.wikipedia.org/wiki/2000_Jacksonville_Jaguars_season,Tom Coughlin,,Dom Capers,1,0,1,both,head_coach infobox raw: [[Tom Coughlin]] || head_coach staff raw: [[Tom Coughlin]] || defensive_coordinator infobox raw: [[Dom Capers]] || defensive_coordinator staff raw: [[Dom Capers]]
2000,KC,2000 Kansas City Chiefs season,https://en.wikipedia.org/wiki/2000_Kansas_City_Chiefs_season,Gunther Cunningham,Jimmy Raye II,Kurt Schottenheimer,1,1,1,both,head_coach infobox raw: [[Gunther Cunningham]] || head_coach staff raw: [[Gunther Cunningham]] || offensive_coordinator infobox raw: [[Jimmy Raye II]] || offensive_coordinator staff raw: [[Jimmy Raye II|Jimmy Raye]] || defensive_coordinator infobox raw: [[Kurt Schottenheimer]] || defensive_coordinator staff raw: [[Kurt Schottenheimer]]
2000,LAC,2000 San Diego Chargers season,https://en.wikipedia.org/wiki/2000_San_Diego_Chargers_season,Mike Riley,Geep Chryst,Joe Pascale,1,1,1,both,head_coach infobox raw: [[Mike Riley (American football)|Mike Riley]] || head_coach staff raw: [[Mike Riley (American football)|Mike Riley]] || offensive_coordinator staff raw: [[Geep Chryst]] || defensive_coordinator staff raw: [[Joe Pascale]]
2000,LAR,2000 St. Louis Rams season,https://en.wikipedia.org/wiki/2000_St._Louis_Rams_season,Mike Martz,Bobby Jackson,Peter Giunta,1,1,1,both,head_coach infobox raw: [[Mike Martz]] || head_coach staff raw: [[Mike Martz]] || offensive_coordinator infobox raw: [[Bobby Jackson (American football coach)|Bobby Jackson]] || offensive_coordinator staff raw: [[Bobby Jackson (American football coach)|Bobby Jackson]] || defensive_coordinator infobox raw: [[Peter Giunta (American football)|Peter Giunta]] || defensive_coordinator staff raw: [[Peter Giunta (American football)|Peter Giunta]]
2000,MIA,2000 Miami Dolphins season,https://en.wikipedia.org/wiki/2000_Miami_Dolphins_season,Dave Wannstedt,Chan Gailey,Jim Bates,1,1,1,both,head_coach infobox raw: [[Dave Wannstedt]] || head_coach staff raw: [[Dave Wannstedt]] || offensive_coordinator infobox raw: [[Chan Gailey]] || offensive_coordinator staff raw: [[Chan Gailey]] || defensive_coordinator infobox raw: [[Jim Bates (American football)|Jim Bates]] || defensive_coordinator staff raw: [[Jim Bates (American football)|Jim Bates]]
2000,MIN,2000 Minnesota Vikings season,https://en.wikipedia.org/wiki/2000_Minnesota_Vikings_season,Dennis Green,Sherman Lewis,Emmitt Thomas,1,1,1,both,head_coach infobox raw: [[Dennis Green]] || head_coach staff raw: [[Dennis Green]] || offensive_coordinator infobox raw: [[Sherman Lewis]] || offensive_coordinator staff raw: [[Sherman Lewis]] || defensive_coordinator infobox raw: [[Emmitt Thomas]] || defensive_coordinator staff raw: [[Emmitt Thomas]]
2000,NE,2000 New England Patriots season,https://en.wikipedia.org/wiki/2000_New_England_Patriots_season,Bill Belichick,,,1,0,0,infobox,head_coach infobox raw: [[Bill Belichick]]
2000,NO,2000 New Orleans Saints season,https://en.wikipedia.org/wiki/2000_New_Orleans_Saints_season,Jim Haslett,Mike McCarthy,Ron Zook,1,1,1,both,head_coach infobox raw: [[Jim Haslett]] || head_coach staff raw: [[Jim Haslett]] || offensive_coordinator infobox raw: [[Mike McCarthy]] || offensive_coordinator staff raw: [[Mike McCarthy]] || defensive_coordinator infobox raw: [[Ron Zook]] || defensive_coordinator staff raw: [[Ron Zook]]
2000,NYG,2000 New York Giants season,https://en.wikipedia.org/wiki/2000_New_York_Giants_season,Jim Fassel,Sean Payton,John Fox,1,1,1,both,head_coach infobox raw: [[Jim Fassel]] || head_coach staff raw: [[Jim Fassel]] || offensive_coordinator staff raw: [[Sean Payton]] || defensive_coordinator staff raw: [[John Fox (American football)|John Fox]]
2000,NYJ,2000 New York Jets season,https://en.wikipedia.org/wiki/2000_New_York_Jets_season,Al Groh,Dan Henning,Mike Nolan,1,1,1,both,head_coach infobox raw: [[Al Groh]] || head_coach staff raw: [[Al Groh]] || offensive_coordinator staff raw: [[Dan Henning]] || defensive_coordinator staff raw: [[Mike Nolan]]
2000,OAK,2000 Oakland Raiders season,https://en.wikipedia.org/wiki/2000_Oakland_Raiders_season,Jon Gruden,Bill Callahan,Chuck Bresnahan,1,1,1,infobox,head_coach infobox raw: [[Jon Gruden]] || offensive_coordinator infobox raw: [[Bill Callahan (American football coach)|Bill Callahan]] || defensive_coordinator infobox raw: [[Chuck Bresnahan]]
2000,PHI,2000 Philadelphia Eagles season,https://en.wikipedia.org/wiki/2000_Philadelphia_Eagles_season,Andy Reid,Rod Dowhower,Jim Johnson,1,1,1,both,head_coach infobox raw: [[Andy Reid]] || head_coach staff raw: [[Andy Reid]] || offensive_coordinator infobox raw: [[Rod Dowhower]] || offensive_coordinator staff raw: [[Rod Dowhower]] || defensive_coordinator infobox raw: [[Jim Johnson (American football)|Jim Johnson]] || defensive_coordinator staff raw: [[Jim Johnson (American football)|Jim Johnson]]
2000,PIT,2000 Pittsburgh Steelers season,https://en.wikipedia.org/wiki/2000_Pittsburgh_Steelers_season,Bill Cowher,Kevin Gilbride,Tim Lewis,1,1,1,infobox,head_coach infobox raw: [[Bill Cowher]] || offensive_coordinator infobox raw: [[Kevin Gilbride]] || defensive_coordinator infobox raw: [[Tim Lewis]]
2000,SEA,2000 Seattle Seahawks season,https://en.wikipedia.org/wiki/2000_Seattle_Seahawks_season,Mike Holmgren,,,1,0,0,infobox,head_coach infobox raw: [[Mike Holmgren]]
2000,SF,2000 San Francisco 49ers season,https://en.wikipedia.org/wiki/2000_San_Francisco_49ers_season,Steve Mariucci,Marty Mornhinweg,Jim L. Mora,1,1,1,both,head_coach infobox raw: [[Steve Mariucci]] || head_coach staff raw: [[Steve Mariucci]] || offensive_coordinator infobox raw: [[Marty Mornhinweg]] || offensive_coordinator staff raw: [[Marty Mornhinweg]] || defensive_coordinator infobox raw: [[Jim L. Mora]] || defensive_coordinator staff raw: [[Jim L. Mora|Jim Mora]]
2000,TB,2000 Tampa Bay Buccaneers season,https://en.wikipedia.org/wiki/2000_Tampa_Bay_Buccaneers_season,Tony Dungy,Les Steckel,Monte Kiffin,1,1,1,infobox,head_coach infobox raw: [[Tony Dungy]] || offensive_coordinator infobox raw: [[Les Steckel]] || defensive_coordinator infobox raw: [[Monte Kiffin]]
2000,TEN,2000 Tennessee Titans season,https://en.wikipedia.org/wiki/2000_Tennessee_Titans_season,Jeff Fisher,Mike Heimerdinger,Gregg Williams,1,1,1,both,head_coach infobox raw: [[Jeff Fisher]] || head_coach staff raw: [[Jeff Fisher]] || offensive_coordinator infobox raw: [[Mike Heimerdinger]] || offensive_coordinator staff raw: [[Mike Heimerdinger]] || defensive_coordinator infobox raw: [[Gregg Williams]] || defensive_coordinator staff raw: [[Gregg Williams]]
2000,WSH,2000 Washington Redskins season,https://en.wikipedia.org/wiki/2000_Washington_Redskins_season,Norv Turner | Terry Robiskie,,Ray Rhodes,2,0,1,infobox,"head_coach infobox raw: [[Norv Turner]] (fired December 4, 7–6 record)<br/>[[Terry Robiskie]] (interim; 1–2 record) || defensive_coordinator infobox raw: [[Ray Rhodes]]"
2001,ARI,2001 Arizona Cardinals season,https://en.wikipedia.org/wiki/2001_Arizona_Cardinals_season,Dave McGinnis,Rich Olson,Larry Marmie,1,1,1,both,head_coach infobox raw: [[Dave McGinnis]] || head_coach staff raw: [[Dave McGinnis]] || offensive_coordinator staff raw: [[Rich Olson]] || defensive_coordinator staff raw: [[Larry Marmie]]
2001,ATL,2001 Atlanta Falcons season,https://en.wikipedia.org/wiki/2001_Atlanta_Falcons_season,Dan Reeves,George Sefcik,Don Blackmon,1,1,1,infobox,head_coach infobox raw: [[Dan Reeves]] || offensive_coordinator infobox raw: [[George Sefcik]] || defensive_coordinator infobox raw: [[Don Blackmon]]
2001,BAL,2001 Baltimore Ravens season,https://en.wikipedia.org/wiki/2001_Baltimore_Ravens_season,Brian Billick,Matt Cavanaugh,Marvin Lewis,1,1,1,both,head_coach infobox raw: [[Brian Billick]] || head_coach staff raw: [[Brian Billick]] || offensive_coordinator infobox raw: [[Matt Cavanaugh]] || offensive_coordinator staff raw: [[Matt Cavanaugh]] || defensive_coordinator infobox raw: [[Marvin Lewis]] || defensive_coordinator staff raw: [[Marvin Lewis]]
2001,BUF,2001 Buffalo Bills season,https://en.wikipedia.org/wiki/2001_Buffalo_Bills_season,Gregg Williams,Mike Sheppard,Jerry Gray,1,1,1,both,head_coach infobox raw: [[Gregg Williams]] || head_coach staff raw: [[Gregg Williams]] || offensive_coordinator staff raw: [[Mike Sheppard (American football)|Mike Sheppard]] || defensive_coordinator staff raw: [[Jerry Gray]]
2001,CAR,2001 Carolina Panthers season,https://en.wikipedia.org/wiki/2001_Carolina_Panthers_season,George Seifert,Richard Williamson,John Marshall,1,1,1,both,head_coach infobox raw: [[George Seifert]] || head_coach staff raw: [[George Seifert]] || offensive_coordinator infobox raw: [[Richard Williamson (American football)|Richard Williamson]] || offensive_coordinator staff raw: [[Richard Williamson (American football)|Richard Williamson]] || defensive_coordinator infobox raw: [[John Marshall (American football)|John Marshall]] || defensive_coordinator staff raw: [[John Marshall (American football)|John Marshall]]
2001,CHI,2001 Chicago Bears season,https://en.wikipedia.org/wiki/2001_Chicago_Bears_season,Dick Jauron,John Shoop,Greg Blache,1,1,1,both,head_coach infobox raw: [[Dick Jauron]] || head_coach staff raw: [[Dick Jauron]] || offensive_coordinator infobox raw: [[John Shoop]] || offensive_coordinator staff raw: [[John Shoop]] || defensive_coordinator infobox raw: [[Greg Blache]] || defensive_coordinator staff raw: [[Greg Blache]]
2001,CIN,2001 Cincinnati Bengals season,https://en.wikipedia.org/wiki/2001_Cincinnati_Bengals_season,Dick LeBeau,,,1,0,0,infobox,head_coach infobox raw: [[Dick LeBeau]]
2001,CLE,2001 Cleveland Browns season,https://en.wikipedia.org/wiki/2001_Cleveland_Browns_season,Butch Davis,Bruce Arians,Foge Fazio,1,1,1,infobox,head_coach infobox raw: [[Butch Davis]] || offensive_coordinator infobox raw: [[Bruce Arians]] || defensive_coordinator infobox raw: [[Foge Fazio]]
2001,DAL,2001 Dallas Cowboys season,https://en.wikipedia.org/wiki/2001_Dallas_Cowboys_season,Dave Campo,,,1,0,0,infobox,head_coach infobox raw: [[Dave Campo]]
2001,DEN,2001 Denver Broncos season,https://en.wikipedia.org/wiki/2001_Denver_Broncos_season,Mike Shanahan,Gary Kubiak,Ray Rhodes,1,1,1,both,head_coach infobox raw: [[Mike Shanahan]] || head_coach staff raw: [[Mike Shanahan]] || offensive_coordinator infobox raw: [[Gary Kubiak]] || offensive_coordinator staff raw: [[Gary Kubiak]] || defensive_coordinator infobox raw: [[Ray Rhodes]] || defensive_coordinator staff raw: [[Ray Rhodes]]
2001,DET,2001 Detroit Lions season,https://en.wikipedia.org/wiki/2001_Detroit_Lions_season,Marty Mornhinweg,Maurice Carthon,Vince Tobin,1,1,1,both,head_coach infobox raw: [[Marty Mornhinweg]] || head_coach staff raw: [[Marty Mornhinweg]] || offensive_coordinator infobox raw: [[Maurice Carthon]] || offensive_coordinator staff raw: [[Maurice Carthon]] || defensive_coordinator infobox raw: [[Vince Tobin]] || defensive_coordinator staff raw: [[Vince Tobin]]
2001,GB,2001 Green Bay Packers season,https://en.wikipedia.org/wiki/2001_Green_Bay_Packers_season,Mike Sherman,Tom Rossley,Ed Donatell,1,1,1,both,head_coach infobox raw: [[Mike Sherman]] || head_coach staff raw: Mike Sherman || offensive_coordinator infobox raw: [[Tom Rossley]] || offensive_coordinator staff raw: [[Tom Rossley]] || defensive_coordinator infobox raw: [[Ed Donatell]] || defensive_coordinator staff raw: [[Ed Donatell]]
2001,IND,2001 Indianapolis Colts season,https://en.wikipedia.org/wiki/2001_Indianapolis_Colts_season,Jim Mora,Tom Moore,Vic Fangio,1,1,1,both,"head_coach infobox raw: [[Jim E. Mora|Jim Mora]] || head_coach staff raw: [[Jim E. Mora]] || offensive_coordinator staff raw: [[Tom Moore (American football coach, born 1938)|Tom Moore]] || defensive_coordinator staff raw: [[Vic Fangio]]"
2001,JAX,2001 Jacksonville Jaguars season,https://en.wikipedia.org/wiki/2001_Jacksonville_Jaguars_season,Tom Coughlin,Bobby Petrino,Gary Moeller,1,1,1,both,head_coach infobox raw: [[Tom Coughlin]] || head_coach staff raw: [[Tom Coughlin]] || offensive_coordinator infobox raw: [[Bobby Petrino]] || offensive_coordinator staff raw: [[Bobby Petrino]] || defensive_coordinator infobox raw: [[Gary Moeller]] || defensive_coordinator staff raw: [[Gary Moeller]]
2001,KC,2001 Kansas City Chiefs season,https://en.wikipedia.org/wiki/2001_Kansas_City_Chiefs_season,Dick Vermeil,Al Saunders,Greg Robinson,1,1,1,both,head_coach infobox raw: [[Dick Vermeil]] || head_coach staff raw: [[Dick Vermeil]] || offensive_coordinator infobox raw: [[Al Saunders]] || offensive_coordinator staff raw: [[Al Saunders]] || defensive_coordinator infobox raw: [[Greg Robinson (American football coach)|Greg Robinson]] || defensive_coordinator staff raw: [[Greg Robinson (American football coach)|Greg Robinson]]
2001,LAC,2001 San Diego Chargers season,https://en.wikipedia.org/wiki/2001_San_Diego_Chargers_season,Mike Riley,Norv Turner,Joe Pascale,1,1,1,both,head_coach infobox raw: [[Mike Riley (American football)|Mike Riley]] || head_coach staff raw: [[Mike Riley (American football)|Mike Riley]] || offensive_coordinator staff raw: [[Norv Turner]] || defensive_coordinator staff raw: [[Joe Pascale]]
2001,LAR,2001 St. Louis Rams season,https://en.wikipedia.org/wiki/2001_St._Louis_Rams_season,Mike Martz,Bobby Jackson,Lovie Smith,1,1,1,infobox,head_coach infobox raw: [[Mike Martz]] || offensive_coordinator infobox raw: [[Bobby Jackson (American football coach)|Bobby Jackson]] || defensive_coordinator infobox raw: [[Lovie Smith]]
2001,MIA,2001 Miami Dolphins season,https://en.wikipedia.org/wiki/2001_Miami_Dolphins_season,Dave Wannstedt,Chan Gailey,Jim Bates,1,1,1,both,head_coach infobox raw: [[Dave Wannstedt]] || head_coach staff raw: [[Dave Wannstedt]] || offensive_coordinator infobox raw: [[Chan Gailey]] || offensive_coordinator staff raw: [[Chan Gailey]] || defensive_coordinator infobox raw: [[Jim Bates (American football)|Jim Bates]] || defensive_coordinator staff raw: [[Jim Bates (American football)|Jim Bates]]
2001,MIN,2001 Minnesota Vikings season,https://en.wikipedia.org/wiki/2001_Minnesota_Vikings_season,Dennis Green | Mike Tice,Sherman Lewis,Emmitt Thomas,2,1,1,both,"head_coach infobox raw: [[Dennis Green]] (fired on January 4, 2002, 5–10 record)<br />[[Mike Tice]] (interim; 0–1 record) || head_coach staff raw: [[Dennis Green]] || offensive_coordinator staff raw: [[Sherman Lewis]] || defensive_coordinator staff raw: [[Emmitt Thomas]]"
2001,NE,2001 New England Patriots season,https://en.wikipedia.org/wiki/2001_New_England_Patriots_season,Bill Belichick,Charlie Weis,Romeo Crennel,1,1,1,both,head_coach infobox raw: [[Bill Belichick]] || head_coach staff raw: [[Bill Belichick]] || offensive_coordinator infobox raw: [[Charlie Weis]] || offensive_coordinator staff raw: [[Charlie Weis]] || defensive_coordinator infobox raw: [[Romeo Crennel]] || defensive_coordinator staff raw: [[Romeo Crennel]]
2001,NO,2001 New Orleans Saints season,https://en.wikipedia.org/wiki/2001_New_Orleans_Saints_season,Jim Haslett,Mike McCarthy,Ron Zook,1,1,1,both,head_coach infobox raw: [[Jim Haslett]] || head_coach staff raw: [[Jim Haslett]] || offensive_coordinator infobox raw: [[Mike McCarthy]] || offensive_coordinator staff raw: [[Mike McCarthy]] || defensive_coordinator infobox raw: [[Ron Zook]] || defensive_coordinator staff raw: [[Ron Zook]]
2001,NYG,2001 New York Giants season,https://en.wikipedia.org/wiki/2001_New_York_Giants_season,Jim Fassel,,,1,0,0,infobox,head_coach infobox raw: [[Jim Fassel]]
2001,NYJ,2001 New York Jets season,https://en.wikipedia.org/wiki/2001_New_York_Jets_season,Herman Edwards,Paul Hackett,Ted Cottrell,1,1,1,both,head_coach infobox raw: [[Herman Edwards]] || head_coach staff raw: [[Herman Edwards]] || offensive_coordinator infobox raw: [[Paul Hackett (American football)|Paul Hackett]] || offensive_coordinator staff raw: [[Paul Hackett (American football)|Paul Hackett]] || defensive_coordinator infobox raw: [[Ted Cottrell]] || defensive_coordinator staff raw: [[Ted Cottrell]]
2001,OAK,2001 Oakland Raiders season,https://en.wikipedia.org/wiki/2001_Oakland_Raiders_season,Jon Gruden,Bill Callahan,Chuck Bresnahan,1,1,1,infobox,head_coach infobox raw: [[Jon Gruden]] || offensive_coordinator infobox raw: [[Bill Callahan (American football coach)|Bill Callahan]] || defensive_coordinator infobox raw: [[Chuck Bresnahan]]
2001,PHI,2001 Philadelphia Eagles season,https://en.wikipedia.org/wiki/2001_Philadelphia_Eagles_season,Andy Reid,Rod Dowhower,Jim Johnson,1,1,1,both,head_coach infobox raw: [[Andy Reid]] || head_coach staff raw: [[Andy Reid]] || offensive_coordinator infobox raw: [[Rod Dowhower]] || offensive_coordinator staff raw: [[Rod Dowhower]] || defensive_coordinator infobox raw: [[Jim Johnson (American football)|Jim Johnson]] || defensive_coordinator staff raw: [[Jim Johnson (American football)|Jim Johnson]]
2001,PIT,2001 Pittsburgh Steelers season,https://en.wikipedia.org/wiki/2001_Pittsburgh_Steelers_season,Bill Cowher,Mike Mularkey,Tim Lewis,1,1,1,infobox,head_coach infobox raw: [[Bill Cowher]] || offensive_coordinator infobox raw: [[Mike Mularkey]] || defensive_coordinator infobox raw: [[Tim Lewis]]
2001,SEA,2001 Seattle Seahawks season,https://en.wikipedia.org/wiki/2001_Seattle_Seahawks_season,Mike Holmgren,Gil Haskell,Steve Sidwell,1,1,1,infobox,head_coach infobox raw: [[Mike Holmgren]] || offensive_coordinator infobox raw: [[Gil Haskell]] || defensive_coordinator infobox raw: [[Steve Sidwell]]
2001,SF,2001 San Francisco 49ers season,https://en.wikipedia.org/wiki/2001_San_Francisco_49ers_season,Steve Mariucci,Greg Knapp,Jim L. Mora,1,1,1,both,head_coach infobox raw: [[Steve Mariucci]] || head_coach staff raw: [[Steve Mariucci]] || offensive_coordinator infobox raw: [[Greg Knapp]] || offensive_coordinator staff raw: [[Greg Knapp]] || defensive_coordinator infobox raw: [[Jim L. Mora]] || defensive_coordinator staff raw: [[Jim L. Mora|Jim Mora Jr]]
2001,TB,2001 Tampa Bay Buccaneers season,https://en.wikipedia.org/wiki/2001_Tampa_Bay_Buccaneers_season,Tony Dungy,Clyde Christensen,Monte Kiffin,1,1,1,infobox,head_coach infobox raw: [[Tony Dungy]] || offensive_coordinator infobox raw: [[Clyde Christensen]] || defensive_coordinator infobox raw: [[Monte Kiffin]]
2001,TEN,2001 Tennessee Titans season,https://en.wikipedia.org/wiki/2001_Tennessee_Titans_season,Jeff Fisher,Mike Heimerdinger,Jim Schwartz,1,1,1,both,head_coach infobox raw: [[Jeff Fisher]] || head_coach staff raw: [[Jeff Fisher]] || offensive_coordinator staff raw: [[Mike Heimerdinger]] || defensive_coordinator staff raw: [[Jim Schwartz]]
2001,WSH,2001 Washington Redskins season,https://en.wikipedia.org/wiki/2001_Washington_Redskins_season,Marty Schottenheimer,Jimmy Raye II,Kurt Schottenheimer,1,1,1,infobox,head_coach infobox raw: Marty Schottenheimer || offensive_coordinator infobox raw: [[Jimmy Raye II]] || defensive_coordinator infobox raw: [[Kurt Schottenheimer]]
2002,ARI,2002 Arizona Cardinals season,https://en.wikipedia.org/wiki/2002_Arizona_Cardinals_season,Dave McGinnis,Rich Olson,Larry Marmie,1,1,1,both,head_coach infobox raw: [[Dave McGinnis]] || head_coach staff raw: [[Dave McGinnis]] || offensive_coordinator staff raw: [[Rich Olson]] || defensive_coordinator staff raw: [[Larry Marmie]]
2002,ATL,2002 Atlanta Falcons season,https://en.wikipedia.org/wiki/2002_Atlanta_Falcons_season,Dan Reeves,,,1,0,0,infobox,head_coach infobox raw: [[Dan Reeves]]
2002,BAL,2002 Baltimore Ravens season,https://en.wikipedia.org/wiki/2002_Baltimore_Ravens_season,Brian Billick,Matt Cavanaugh,Mike Nolan,1,1,1,both,head_coach infobox raw: [[Brian Billick]] || head_coach staff raw: [[Brian Billick]] || offensive_coordinator staff raw: [[Matt Cavanaugh]] || defensive_coordinator staff raw: [[Mike Nolan]]
2002,BUF,2002 Buffalo Bills season,https://en.wikipedia.org/wiki/2002_Buffalo_Bills_season,Gregg Williams,,,1,0,0,infobox,head_coach infobox raw: [[Gregg Williams]]
2002,CAR,2002 Carolina Panthers season,https://en.wikipedia.org/wiki/2002_Carolina_Panthers_season,John Fox,Dan Henning,Jack Del Rio,1,1,1,both,head_coach infobox raw: [[John Fox (American football)|John Fox]] || head_coach staff raw: [[John Fox (American football)|John Fox]] || offensive_coordinator staff raw: [[Dan Henning]] || defensive_coordinator staff raw: [[Jack Del Rio]]
2002,CHI,2002 Chicago Bears season,https://en.wikipedia.org/wiki/2002_Chicago_Bears_season,Dick Jauron,John Shoop,Greg Blache,1,1,1,both,head_coach infobox raw: [[Dick Jauron]] || head_coach staff raw: [[Dick Jauron]] || offensive_coordinator staff raw: [[John Shoop]] || defensive_coordinator staff raw: [[Greg Blache]]
2002,CIN,2002 Cincinnati Bengals season,https://en.wikipedia.org/wiki/2002_Cincinnati_Bengals_season,Dick LeBeau,,,1,0,0,infobox,head_coach infobox raw: [[Dick LeBeau]]
2002,CLE,2002 Cleveland Browns season,https://en.wikipedia.org/wiki/2002_Cleveland_Browns_season,Butch Davis,,,1,0,0,infobox,head_coach infobox raw: [[Butch Davis]]
2002,DAL,2002 Dallas Cowboys season,https://en.wikipedia.org/wiki/2002_Dallas_Cowboys_season,Dave Campo,Bruce Coslet,Mike Zimmer,1,1,1,both,head_coach infobox raw: [[Dave Campo]] || head_coach staff raw: [[Dave Campo]] || offensive_coordinator staff raw: [[Bruce Coslet]] || defensive_coordinator staff raw: [[Mike Zimmer]]
2002,DEN,2002 Denver Broncos season,https://en.wikipedia.org/wiki/2002_Denver_Broncos_season,Mike Shanahan,Gary Kubiak,Ray Rhodes,1,1,1,both,head_coach infobox raw: [[Mike Shanahan]] || head_coach staff raw: [[Mike Shanahan]] || offensive_coordinator staff raw: [[Gary Kubiak]] || defensive_coordinator staff raw: [[Ray Rhodes]]
2002,DET,2002 Detroit Lions season,https://en.wikipedia.org/wiki/2002_Detroit_Lions_season,Marty Mornhinweg,Maurice Carthon,Kurt Schottenheimer,1,1,1,both,head_coach infobox raw: [[Marty Mornhinweg]] || head_coach staff raw: [[Marty Mornhinweg]] || offensive_coordinator staff raw: [[Maurice Carthon]] || defensive_coordinator staff raw: [[Kurt Schottenheimer]]
2002,GB,2002 Green Bay Packers season,https://en.wikipedia.org/wiki/2002_Green_Bay_Packers_season,Mike Sherman,Tom Rossley,Ed Donatell,1,1,1,both,head_coach infobox raw: [[Mike Sherman]] || head_coach staff raw: [[Mike Sherman]] || offensive_coordinator staff raw: [[Tom Rossley]] || defensive_coordinator staff raw: [[Ed Donatell]]
2002,HOU,2002 Houston Texans season,https://en.wikipedia.org/wiki/2002_Houston_Texans_season,Dom Capers,Chris Palmer,Vic Fangio,1,1,1,both,head_coach infobox raw: [[Dom Capers]] || head_coach staff raw: [[Dom Capers]] || offensive_coordinator staff raw: [[Chris Palmer (American football)|Chris Palmer]] || defensive_coordinator staff raw: [[Vic Fangio]]
2002,IND,2002 Indianapolis Colts season,https://en.wikipedia.org/wiki/2002_Indianapolis_Colts_season,Tony Dungy,Tom Moore,Ron Meeks,1,1,1,both,"head_coach infobox raw: [[Tony Dungy]] || head_coach staff raw: [[Tony Dungy]] || offensive_coordinator staff raw: [[Tom Moore (American football coach, born 1938)|Tom Moore]] || defensive_coordinator staff raw: [[Ron Meeks]]"
2002,JAX,2002 Jacksonville Jaguars season,https://en.wikipedia.org/wiki/2002_Jacksonville_Jaguars_season,Tom Coughlin,,John Pease,1,0,1,both,head_coach infobox raw: [[Tom Coughlin]] || head_coach staff raw: [[Tom Coughlin]] || defensive_coordinator infobox raw: [[John Pease (American football)|John Pease]] || defensive_coordinator staff raw: [[John Pease (American football)|John Pease]]
2002,KC,2002 Kansas City Chiefs season,https://en.wikipedia.org/wiki/2002_Kansas_City_Chiefs_season,Dick Vermeil,Al Saunders,Greg Robinson,1,1,1,both,head_coach infobox raw: [[Dick Vermeil]] || head_coach staff raw: [[Dick Vermeil]] || offensive_coordinator staff raw: [[Al Saunders]] || defensive_coordinator staff raw: [[Greg Robinson (American football coach)|Greg Robinson]]
2002,LAC,2002 San Diego Chargers season,https://en.wikipedia.org/wiki/2002_San_Diego_Chargers_season,Marty Schottenheimer,Cam Cameron,Dale Lindsey,1,1,1,both,head_coach infobox raw: [[Marty Schottenheimer]] || head_coach staff raw: [[Marty Schottenheimer]] || offensive_coordinator staff raw: [[Cam Cameron]] || defensive_coordinator staff raw: [[Dale Lindsey]]
2002,LAR,2002 St. Louis Rams season,https://en.wikipedia.org/wiki/2002_St._Louis_Rams_season,Mike Martz,,,1,0,0,infobox,head_coach infobox raw: [[Mike Martz]]
2002,MIA,2002 Miami Dolphins season,https://en.wikipedia.org/wiki/2002_Miami_Dolphins_season,Dave Wannstedt,Norv Turner,Jim Bates,1,1,1,both,head_coach infobox raw: [[Dave Wannstedt]] || head_coach staff raw: [[Dave Wannstedt]] || offensive_coordinator staff raw: [[Norv Turner]] || defensive_coordinator staff raw: [[Jim Bates (American football)|Jim Bates]]
2002,MIN,2002 Minnesota Vikings season,https://en.wikipedia.org/wiki/2002_Minnesota_Vikings_season,Mike Tice,Scott Linehan,Willie Shaw,1,1,1,both,head_coach infobox raw: [[Mike Tice]] || head_coach staff raw: [[Mike Tice]] || offensive_coordinator staff raw: [[Scott Linehan]] || defensive_coordinator staff raw: [[Willie Shaw]]
2002,NE,2002 New England Patriots season,https://en.wikipedia.org/wiki/2002_New_England_Patriots_season,Bill Belichick,Charlie Weis,Romeo Crennel,1,1,1,both,head_coach infobox raw: [[Bill Belichick]] || head_coach staff raw: [[Bill Belichick]] || offensive_coordinator staff raw: [[Charlie Weis]] || defensive_coordinator staff raw: [[Romeo Crennel]]
2002,NO,2002 New Orleans Saints season,https://en.wikipedia.org/wiki/2002_New_Orleans_Saints_season,Jim Haslett,Mike McCarthy,Rick Venturi,1,1,1,both,head_coach infobox raw: [[Jim Haslett]] || head_coach staff raw: [[Jim Haslett]] || offensive_coordinator staff raw: [[Mike McCarthy]] || defensive_coordinator staff raw: [[Rick Venturi]]
2002,NYG,2002 New York Giants season,https://en.wikipedia.org/wiki/2002_New_York_Giants_season,Jim Fassel,Sean Payton,Johnnie Lynn,1,1,1,both,head_coach infobox raw: [[Jim Fassel]] || head_coach staff raw: [[Jim Fassel]] || offensive_coordinator staff raw: [[Sean Payton]] || defensive_coordinator staff raw: [[Johnnie Lynn]]
2002,NYJ,2002 New York Jets season,https://en.wikipedia.org/wiki/2002_New_York_Jets_season,Herman Edwards,Paul Hackett,Ted Cottrell,1,1,1,both,head_coach infobox raw: [[Herman Edwards]] || head_coach staff raw: [[Herman Edwards]] || offensive_coordinator staff raw: [[Paul Hackett (American football)|Paul Hackett]] || defensive_coordinator staff raw: [[Ted Cottrell]]
2002,OAK,2002 Oakland Raiders season,https://en.wikipedia.org/wiki/2002_Oakland_Raiders_season,Bill Callahan,Marc Trestman,Chuck Bresnahan,1,1,1,both,head_coach infobox raw: [[Bill Callahan (coach)|Bill Callahan]] || head_coach staff raw: [[Bill Callahan (American football coach)|Bill Callahan]] || offensive_coordinator staff raw: [[Marc Trestman]] || defensive_coordinator staff raw: [[Chuck Bresnahan]]
2002,PHI,2002 Philadelphia Eagles season,https://en.wikipedia.org/wiki/2002_Philadelphia_Eagles_season,Andy Reid,Brad Childress,Jim Johnson,1,1,1,both,head_coach infobox raw: [[Andy Reid]] || head_coach staff raw: [[Andy Reid]] || offensive_coordinator staff raw: [[Brad Childress]] || defensive_coordinator staff raw: [[Jim Johnson (American football)|Jim Johnson]]
2002,PIT,2002 Pittsburgh Steelers season,https://en.wikipedia.org/wiki/2002_Pittsburgh_Steelers_season,Bill Cowher,Mike Mularkey,Tim Lewis,1,1,1,both,head_coach infobox raw: [[Bill Cowher]] || head_coach staff raw: [[Bill Cowher]] || offensive_coordinator staff raw: [[Mike Mularkey]] || defensive_coordinator staff raw: [[Tim Lewis]]
2002,SEA,2002 Seattle Seahawks season,https://en.wikipedia.org/wiki/2002_Seattle_Seahawks_season,Mike Holmgren,,,1,0,0,infobox,head_coach infobox raw: [[Mike Holmgren]]
2002,SF,2002 San Francisco 49ers season,https://en.wikipedia.org/wiki/2002_San_Francisco_49ers_season,Steve Mariucci,Greg Knapp,Jim Mora,1,1,1,both,head_coach infobox raw: [[Steve Mariucci]] || head_coach staff raw: [[Steve Mariucci]] || offensive_coordinator staff raw: [[Greg Knapp]] || defensive_coordinator staff raw: [[Jim L. Mora|Jim Mora]]
2002,TB,2002 Tampa Bay Buccaneers season,https://en.wikipedia.org/wiki/2002_Tampa_Bay_Buccaneers_season,Jon Gruden,Bill Muir,Monte Kiffin,1,1,1,both,head_coach infobox raw: [[Jon Gruden]] || head_coach staff raw: [[Jon Gruden]] || offensive_coordinator staff raw: [[Bill Muir]] || defensive_coordinator staff raw: [[Monte Kiffin]]
2002,TEN,2002 Tennessee Titans season,https://en.wikipedia.org/wiki/2002_Tennessee_Titans_season,Jeff Fisher,,,1,0,0,infobox,head_coach infobox raw: [[Jeff Fisher]]
2002,WSH,2002 Washington Redskins season,https://en.wikipedia.org/wiki/2002_Washington_Redskins_season,Steve Spurrier,,,1,0,0,infobox,head_coach infobox raw: [[Steve Spurrier]]
2003,ARI,2003 Arizona Cardinals season,https://en.wikipedia.org/wiki/2003_Arizona_Cardinals_season,Dave McGinnis,Jerry Sullivan,Larry Marmie,1,1,1,both,head_coach infobox raw: [[Dave McGinnis]] || head_coach staff raw: [[Dave McGinnis]] || offensive_coordinator staff raw: [[Jerry Sullivan]] || defensive_coordinator staff raw: [[Larry Marmie]]
2003,ATL,2003 Atlanta Falcons season,https://en.wikipedia.org/wiki/2003_Atlanta_Falcons_season,Dan Reeves | Wade Phillips,,,2,0,0,infobox,"head_coach infobox raw: [[Dan Reeves]] (fired December 10, 3-10 record) <br />[[Wade Phillips]] {{small|(interim, 2-1 record)}}"
2003,BAL,2003 Baltimore Ravens season,https://en.wikipedia.org/wiki/2003_Baltimore_Ravens_season,Brian Billick,Matt Cavanaugh,Mike Nolan,1,1,1,both,head_coach infobox raw: [[Brian Billick]] || head_coach staff raw: [[Brian Billick]] || offensive_coordinator staff raw: [[Matt Cavanaugh]] || defensive_coordinator staff raw: [[Mike Nolan]]
2003,BUF,2003 Buffalo Bills season,https://en.wikipedia.org/wiki/2003_Buffalo_Bills_season,Gregg Williams,,,1,0,0,infobox,head_coach infobox raw: [[Gregg Williams]]
2003,CAR,2003 Carolina Panthers season,https://en.wikipedia.org/wiki/2003_Carolina_Panthers_season,John Fox,,,1,0,0,infobox,head_coach infobox raw: [[John Fox (American football)|John Fox]]
2003,CHI,2003 Chicago Bears season,https://en.wikipedia.org/wiki/2003_Chicago_Bears_season,Dick Jauron,John Shoop,Greg Blache,1,1,1,both,head_coach infobox raw: [[Dick Jauron]] || head_coach staff raw: [[Dick Jauron]] || offensive_coordinator staff raw: [[John Shoop]] || defensive_coordinator staff raw: [[Greg Blache]]
2003,CIN,2003 Cincinnati Bengals season,https://en.wikipedia.org/wiki/2003_Cincinnati_Bengals_season,Marvin Lewis,,,1,0,0,infobox,head_coach infobox raw: [[Marvin Lewis]]
2003,CLE,2003 Cleveland Browns season,https://en.wikipedia.org/wiki/2003_Cleveland_Browns_season,Butch Davis,,,1,0,0,infobox,head_coach infobox raw: [[Butch Davis]]
2003,DAL,2003 Dallas Cowboys season,https://en.wikipedia.org/wiki/2003_Dallas_Cowboys_season,Bill Parcells,,,1,0,0,infobox,head_coach infobox raw: [[Bill Parcells]]
2003,DEN,2003 Denver Broncos season,https://en.wikipedia.org/wiki/2003_Denver_Broncos_season,Mike Shanahan,Gary Kubiak,Larry Coyer,1,1,1,both,head_coach infobox raw: [[Mike Shanahan]] || head_coach staff raw: [[Mike Shanahan]] || offensive_coordinator staff raw: [[Gary Kubiak]] || defensive_coordinator staff raw: [[Larry Coyer]]
2003,DET,2003 Detroit Lions season,https://en.wikipedia.org/wiki/2003_Detroit_Lions_season,Steve Mariucci,Sherman Lewis,Kurt Schottenheimer,1,1,1,both,head_coach infobox raw: [[Steve Mariucci]] || head_coach staff raw: [[Steve Mariucci]] || offensive_coordinator staff raw: [[Sherman Lewis]] || defensive_coordinator staff raw: [[Kurt Schottenheimer]]
2003,GB,2003 Green Bay Packers season,https://en.wikipedia.org/wiki/2003_Green_Bay_Packers_season,Mike Sherman,Tom Rossley,Ed Donatell,1,1,1,both,head_coach infobox raw: [[Mike Sherman]] || head_coach staff raw: [[Mike Sherman]] || offensive_coordinator staff raw: [[Tom Rossley]] || defensive_coordinator staff raw: [[Ed Donatell]]
2003,HOU,2003 Houston Texans season,https://en.wikipedia.org/wiki/2003_Houston_Texans_season,Dom Capers,Chris Palmer,Vic Fangio,1,1,1,both,head_coach infobox raw: [[Dom Capers]] || head_coach staff raw: [[Dom Capers]] || offensive_coordinator staff raw: [[Chris Palmer (American football)|Chris Palmer]] || defensive_coordinator staff raw: [[Vic Fangio]]
2003,IND,2003 Indianapolis Colts season,https://en.wikipedia.org/wiki/2003_Indianapolis_Colts_season,Tony Dungy,,,1,0,0,infobox,head_coach infobox raw: [[Tony Dungy]]
2003,JAX,2003 Jacksonville Jaguars season,https://en.wikipedia.org/wiki/2003_Jacksonville_Jaguars_season,Jack Del Rio,Bill Musgrave,Mike Smith,1,1,1,both,head_coach infobox raw: [[Jack Del Rio]] || head_coach staff raw: [[Jack Del Rio]] || offensive_coordinator infobox raw: [[Bill Musgrave]] || offensive_coordinator staff raw: [[Bill Musgrave]] || defensive_coordinator infobox raw: [[Mike Smith (American football coach)|Mike Smith]] || defensive_coordinator staff raw: [[Mike Smith (American football coach)|Mike Smith]]
2003,KC,2003 Kansas City Chiefs season,https://en.wikipedia.org/wiki/2003_Kansas_City_Chiefs_season,Dick Vermeil,Al Saunders,Greg Robinson,1,1,1,both,head_coach infobox raw: [[Dick Vermeil]] || head_coach staff raw: [[Dick Vermeil]] || offensive_coordinator staff raw: [[Al Saunders]] || defensive_coordinator staff raw: [[Greg Robinson (American football coach)|Greg Robinson]]
2003,LAC,2003 San Diego Chargers season,https://en.wikipedia.org/wiki/2003_San_Diego_Chargers_season,Marty Schottenheimer,Cam Cameron,Dale Lindsey,1,1,1,both,head_coach infobox raw: [[Marty Schottenheimer]] || head_coach staff raw: [[Marty Schottenheimer]] || offensive_coordinator staff raw: [[Cam Cameron]] || defensive_coordinator staff raw: [[Dale Lindsey]]
2003,LAR,2003 St. Louis Rams season,https://en.wikipedia.org/wiki/2003_St._Louis_Rams_season,Mike Martz,,,1,0,0,infobox,head_coach infobox raw: [[Mike Martz]]
2003,MIA,2003 Miami Dolphins season,https://en.wikipedia.org/wiki/2003_Miami_Dolphins_season,Dave Wannstedt,Norv Turner,Jim Bates,1,1,1,both,head_coach infobox raw: [[Dave Wannstedt]] || head_coach staff raw: [[Dave Wannstedt]] || offensive_coordinator staff raw: [[Norv Turner]] || defensive_coordinator staff raw: [[Jim Bates (American football)|Jim Bates]]
2003,MIN,2003 Minnesota Vikings season,https://en.wikipedia.org/wiki/2003_Minnesota_Vikings_season,Mike Tice,Scott Linehan,George O'Leary,1,1,1,both,head_coach infobox raw: [[Mike Tice]] || head_coach staff raw: [[Mike Tice]] || offensive_coordinator staff raw: [[Scott Linehan]] || defensive_coordinator staff raw: [[George O'Leary]]
2003,NE,2003 New England Patriots season,https://en.wikipedia.org/wiki/2003_New_England_Patriots_season,Bill Belichick,,,1,0,0,infobox,head_coach infobox raw: [[Bill Belichick]]
2003,NO,2003 New Orleans Saints season,https://en.wikipedia.org/wiki/2003_New_Orleans_Saints_season,Jim Haslett,Mike McCarthy,Rick Venturi,1,1,1,both,head_coach infobox raw: [[Jim Haslett]] || head_coach staff raw: [[Jim Haslett]] || offensive_coordinator staff raw: [[Mike McCarthy]] || defensive_coordinator staff raw: [[Rick Venturi]]
2003,NYG,2003 New York Giants season,https://en.wikipedia.org/wiki/2003_New_York_Giants_season,Jim Fassel,,,1,0,0,infobox,head_coach infobox raw: [[Jim Fassel]]
2003,NYJ,2003 New York Jets season,https://en.wikipedia.org/wiki/2003_New_York_Jets_season,Herman Edwards,Paul Hackett,Ted Cottrell,1,1,1,both,head_coach infobox raw: [[Herman Edwards]] || head_coach staff raw: [[Herman Edwards]] || offensive_coordinator staff raw: [[Paul Hackett (American football)|Paul Hackett]] || defensive_coordinator staff raw: [[Ted Cottrell]]
2003,OAK,2003 Oakland Raiders season,https://en.wikipedia.org/wiki/2003_Oakland_Raiders_season,Bill Callahan,,,1,0,0,infobox,head_coach infobox raw: [[Bill Callahan (American football coach)|Bill Callahan]]
2003,PHI,2003 Philadelphia Eagles season,https://en.wikipedia.org/wiki/2003_Philadelphia_Eagles_season,Andy Reid,Brad Childress,Jim Johnson,1,1,1,both,head_coach infobox raw: [[Andy Reid]] || head_coach staff raw: [[Andy Reid]] || offensive_coordinator staff raw: [[Brad Childress]] || defensive_coordinator staff raw: [[Jim Johnson (American football)|Jim Johnson]]
2003,PIT,2003 Pittsburgh Steelers season,https://en.wikipedia.org/wiki/2003_Pittsburgh_Steelers_season,Bill Cowher,,,1,0,0,infobox,head_coach infobox raw: [[Bill Cowher]]
2003,SEA,2003 Seattle Seahawks season,https://en.wikipedia.org/wiki/2003_Seattle_Seahawks_season,Mike Holmgren,,,1,0,0,infobox,head_coach infobox raw: [[Mike Holmgren]]
2003,SF,2003 San Francisco 49ers season,https://en.wikipedia.org/wiki/2003_San_Francisco_49ers_season,Dennis Erickson,Greg Knapp,Jim Mora,1,1,1,both,head_coach infobox raw: [[Dennis Erickson]] || head_coach staff raw: [[Dennis Erickson]] || offensive_coordinator staff raw: [[Greg Knapp]] || defensive_coordinator staff raw: [[Jim L. Mora|Jim Mora]]
2003,TB,2003 Tampa Bay Buccaneers season,https://en.wikipedia.org/wiki/2003_Tampa_Bay_Buccaneers_season,Jon Gruden,Bill Muir,Monte Kiffin,1,1,1,both,head_coach infobox raw: [[Jon Gruden]] || head_coach staff raw: [[Jon Gruden]] || offensive_coordinator staff raw: [[Bill Muir]] || defensive_coordinator staff raw: [[Monte Kiffin]]
2003,TEN,2003 Tennessee Titans season,https://en.wikipedia.org/wiki/2003_Tennessee_Titans_season,Jeff Fisher,Mike Heimerdinger,Jim Schwartz,1,1,1,both,head_coach infobox raw: [[Jeff Fisher]] || head_coach staff raw: [[Jeff Fisher]] || offensive_coordinator staff raw: [[Mike Heimerdinger]] || defensive_coordinator staff raw: [[Jim Schwartz]]
2003,WSH,2003 Washington Redskins season,https://en.wikipedia.org/wiki/2003_Washington_Redskins_season,Steve Spurrier,,,1,0,0,infobox,head_coach infobox raw: [[Steve Spurrier]]
2004,ARI,2004 Arizona Cardinals season,https://en.wikipedia.org/wiki/2004_Arizona_Cardinals_season,Dennis Green,,,1,0,0,infobox,head_coach infobox raw: [[Dennis Green]]
2004,ATL,2004 Atlanta Falcons season,https://en.wikipedia.org/wiki/2004_Atlanta_Falcons_season,Jim Mora,Greg Knapp,Ed Donatell,1,1,1,both,head_coach infobox raw: [[Jim L. Mora|Jim Mora]] || head_coach staff raw: [[Jim L. Mora]] || offensive_coordinator staff raw: [[Greg Knapp]] || defensive_coordinator staff raw: [[Ed Donatell]]
2004,BAL,2004 Baltimore Ravens season,https://en.wikipedia.org/wiki/2004_Baltimore_Ravens_season,Brian Billick,Matt Cavanaugh,Mike Nolan,1,1,1,both,head_coach infobox raw: [[Brian Billick]] || head_coach staff raw: [[Brian Billick]] || offensive_coordinator staff raw: [[Matt Cavanaugh]] || defensive_coordinator staff raw: [[Mike Nolan]]
2004,BUF,2004 Buffalo Bills season,https://en.wikipedia.org/wiki/2004_Buffalo_Bills_season,Mike Mularkey,,,1,0,0,infobox,head_coach infobox raw: [[Mike Mularkey]]
2004,CAR,2004 Carolina Panthers season,https://en.wikipedia.org/wiki/2004_Carolina_Panthers_season,John Fox,,,1,0,0,infobox,head_coach infobox raw: [[John Fox (American football)|John Fox]]
2004,CHI,2004 Chicago Bears season,https://en.wikipedia.org/wiki/2004_Chicago_Bears_season,Lovie Smith,Terry Shea,Ron Rivera,1,1,1,both,head_coach infobox raw: [[Lovie Smith]] || head_coach staff raw: [[Lovie Smith]] || offensive_coordinator staff raw: [[Terry Shea]] || defensive_coordinator staff raw: [[Ron Rivera]]
2004,CIN,2004 Cincinnati Bengals season,https://en.wikipedia.org/wiki/2004_Cincinnati_Bengals_season,Marvin Lewis,,,1,0,0,infobox,head_coach infobox raw: [[Marvin Lewis]]
2004,CLE,2004 Cleveland Browns season,https://en.wikipedia.org/wiki/2004_Cleveland_Browns_season,Butch Davis | Terry Robiskie,,,2,0,0,infobox,"head_coach infobox raw: [[Butch Davis]] (resigned November 30, 3–8 record) <br />[[Terry Robiskie]] (1–4 record) (interim)"
2004,DAL,2004 Dallas Cowboys season,https://en.wikipedia.org/wiki/2004_Dallas_Cowboys_season,Bill Parcells,,,1,0,0,infobox,head_coach infobox raw: [[Bill Parcells]]
2004,DEN,2004 Denver Broncos season,https://en.wikipedia.org/wiki/2004_Denver_Broncos_season,Mike Shanahan,Gary Kubiak,Larry Coyer,1,1,1,both,head_coach infobox raw: [[Mike Shanahan]] || head_coach staff raw: [[Mike Shanahan]] || offensive_coordinator staff raw: [[Gary Kubiak]] || defensive_coordinator staff raw: [[Larry Coyer]]
2004,DET,2004 Detroit Lions season,https://en.wikipedia.org/wiki/2004_Detroit_Lions_season,Steve Mariucci,Sherman Lewis,Dick Jauron,1,1,1,both,head_coach infobox raw: [[Steve Mariucci]] || head_coach staff raw: [[Steve Mariucci]] || offensive_coordinator staff raw: [[Sherman Lewis]] || defensive_coordinator staff raw: [[Dick Jauron]]
2004,GB,2004 Green Bay Packers season,https://en.wikipedia.org/wiki/2004_Green_Bay_Packers_season,Mike Sherman,Tom Rossley,Bob Slowik,1,1,1,both,head_coach infobox raw: [[Mike Sherman]] || head_coach staff raw: [[Mike Sherman]] || offensive_coordinator staff raw: [[Tom Rossley]] || defensive_coordinator staff raw: [[Bob Slowik]]
2004,HOU,2004 Houston Texans season,https://en.wikipedia.org/wiki/2004_Houston_Texans_season,Dom Capers,Chris Palmer,Vic Fangio,1,1,1,both,head_coach infobox raw: [[Dom Capers]] || head_coach staff raw: [[Dom Capers]] || offensive_coordinator staff raw: [[Chris Palmer (American football)|Chris Palmer]] || defensive_coordinator staff raw: [[Vic Fangio]]
2004,IND,2004 Indianapolis Colts season,https://en.wikipedia.org/wiki/2004_Indianapolis_Colts_season,Tony Dungy,,,1,0,0,infobox,head_coach infobox raw: [[Tony Dungy]]
2004,JAX,2004 Jacksonville Jaguars season,https://en.wikipedia.org/wiki/2004_Jacksonville_Jaguars_season,Jack Del Rio,Bill Musgrave,Mike Smith,1,1,1,both,head_coach infobox raw: [[Jack Del Rio]] || head_coach staff raw: [[Jack Del Rio]] || offensive_coordinator infobox raw: [[Bill Musgrave]] || offensive_coordinator staff raw: [[Bill Musgrave]] || defensive_coordinator infobox raw: [[Mike Smith (American football coach)|Mike Smith]] || defensive_coordinator staff raw: [[Mike Smith (American football coach)|Mike Smith]]
2004,KC,2004 Kansas City Chiefs season,https://en.wikipedia.org/wiki/2004_Kansas_City_Chiefs_season,Dick Vermeil,Al Saunders,Gunther Cunningham,1,1,1,both,head_coach infobox raw: [[Dick Vermeil]] || head_coach staff raw: [[Dick Vermeil]] || offensive_coordinator staff raw: [[Al Saunders]] || defensive_coordinator staff raw: [[Gunther Cunningham]]
2004,LAC,2004 San Diego Chargers season,https://en.wikipedia.org/wiki/2004_San_Diego_Chargers_season,Marty Schottenheimer,Cam Cameron,Wade Phillips,1,1,1,both,head_coach infobox raw: [[Marty Schottenheimer]] || head_coach staff raw: [[Marty Schottenheimer]] || offensive_coordinator staff raw: [[Cam Cameron]] || defensive_coordinator staff raw: [[Wade Phillips]]
2004,LAR,2004 St. Louis Rams season,https://en.wikipedia.org/wiki/2004_St._Louis_Rams_season,Mike Martz,,,1,0,0,infobox,head_coach infobox raw: [[Mike Martz]]
2004,MIA,2004 Miami Dolphins season,https://en.wikipedia.org/wiki/2004_Miami_Dolphins_season,Dave Wannstedt | Jim Bates,Chris Foerster,Jim Bates,2,1,1,both,"head_coach infobox raw: [[Dave Wannstedt]] (resigned November 9; 1–8 record)<br>[[Jim Bates (American football)|Jim Bates]] (3–4 record, interim) || head_coach staff raw: [[Dave Wannstedt]] (Games 1-9) || offensive_coordinator staff raw: [[Chris Foerster]] || defensive_coordinator staff raw: [[Jim Bates (American football)|Jim Bates]] (Interim Head Coach Games 10-16)"
2004,MIN,2004 Minnesota Vikings season,https://en.wikipedia.org/wiki/2004_Minnesota_Vikings_season,Mike Tice,Scott Linehan,Ted Cottrell,1,1,1,both,head_coach infobox raw: [[Mike Tice]] || head_coach staff raw: [[Mike Tice]] || offensive_coordinator staff raw: [[Scott Linehan]] || defensive_coordinator staff raw: [[Ted Cottrell]]
2004,NE,2004 New England Patriots season,https://en.wikipedia.org/wiki/2004_New_England_Patriots_season,Bill Belichick,,,1,0,0,infobox,head_coach infobox raw: [[Bill Belichick]]
2004,NO,2004 New Orleans Saints season,https://en.wikipedia.org/wiki/2004_New_Orleans_Saints_season,Jim Haslett,Mike McCarthy,Rick Venturi,1,1,1,both,head_coach infobox raw: [[Jim Haslett]] || head_coach staff raw: [[Jim Haslett]] || offensive_coordinator staff raw: [[Mike McCarthy]] || defensive_coordinator staff raw: [[Rick Venturi]]
2004,NYG,2004 New York Giants season,https://en.wikipedia.org/wiki/2004_New_York_Giants_season,Tom Coughlin,,,1,0,0,infobox,head_coach infobox raw: [[Tom Coughlin]]
2004,NYJ,2004 New York Jets season,https://en.wikipedia.org/wiki/2004_New_York_Jets_season,Herman Edwards,Paul Hackett,Donnie Henderson,1,1,1,both,head_coach infobox raw: [[Herman Edwards]] || head_coach staff raw: [[Herman Edwards]] || offensive_coordinator staff raw: [[Paul Hackett (American football)|Paul Hackett]] || defensive_coordinator staff raw: [[Donnie Henderson]]
2004,OAK,2004 Oakland Raiders season,https://en.wikipedia.org/wiki/2004_Oakland_Raiders_season,Norv Turner,,,1,0,0,infobox,head_coach infobox raw: [[Norv Turner]]
2004,PHI,2004 Philadelphia Eagles season,https://en.wikipedia.org/wiki/2004_Philadelphia_Eagles_season,Andy Reid,Brad Childress,Jim Johnson,1,1,1,both,head_coach infobox raw: [[Andy Reid]] || head_coach staff raw: [[Andy Reid]] || offensive_coordinator staff raw: [[Brad Childress]] || defensive_coordinator staff raw: [[Jim Johnson (American football)|Jim Johnson]]
2004,PIT,2004 Pittsburgh Steelers season,https://en.wikipedia.org/wiki/2004_Pittsburgh_Steelers_season,Bill Cowher,Ken Whisenhunt,Dick LeBeau,1,1,1,both,head_coach infobox raw: [[Bill Cowher]] || head_coach staff raw: [[Bill Cowher]] || offensive_coordinator staff raw: [[Ken Whisenhunt]] || defensive_coordinator staff raw: [[Dick LeBeau]]
2004,SEA,2004 Seattle Seahawks season,https://en.wikipedia.org/wiki/2004_Seattle_Seahawks_season,Mike Holmgren,,,1,0,0,infobox,head_coach infobox raw: [[Mike Holmgren]]
2004,SF,2004 San Francisco 49ers season,https://en.wikipedia.org/wiki/2004_San_Francisco_49ers_season,Dennis Erickson,,,1,0,0,infobox,head_coach infobox raw: [[Dennis Erickson]]
2004,TB,2004 Tampa Bay Buccaneers season,https://en.wikipedia.org/wiki/2004_Tampa_Bay_Buccaneers_season,Jon Gruden,Bill Muir,Monte Kiffin,1,1,1,both,head_coach infobox raw: [[Jon Gruden]] || head_coach staff raw: [[Jon Gruden]] || offensive_coordinator staff raw: [[Bill Muir]] || defensive_coordinator staff raw: [[Monte Kiffin]]
2004,TEN,2004 Tennessee Titans season,https://en.wikipedia.org/wiki/2004_Tennessee_Titans_season,Jeff Fisher,Mike Heimerdinger,Jim Schwartz,1,1,1,both,head_coach infobox raw: [[Jeff Fisher]] || head_coach staff raw: [[Jeff Fisher]] || offensive_coordinator staff raw: [[Mike Heimerdinger]] || defensive_coordinator staff raw: [[Jim Schwartz]]
2004,WSH,2004 Washington Redskins season,https://en.wikipedia.org/wiki/2004_Washington_Redskins_season,Joe Gibbs,Don Breaux,Greg Blache,1,1,1,both,head_coach infobox raw: Joe Gibbs || head_coach staff raw: [[Joe Gibbs]] || offensive_coordinator staff raw: [[Don Breaux]] || defensive_coordinator staff raw: [[Greg Blache]]
2005,ARI,2005 Arizona Cardinals season,https://en.wikipedia.org/wiki/2005_Arizona_Cardinals_season,Dennis Green,Keith Rowen,Clancy Pendergast,1,1,1,both,head_coach infobox raw: [[Dennis Green]] || head_coach staff raw: [[Dennis Green]] || offensive_coordinator staff raw: [[Keith Rowen]] || defensive_coordinator staff raw: [[Clancy Pendergast]]
2005,ATL,2005 Atlanta Falcons season,https://en.wikipedia.org/wiki/2005_Atlanta_Falcons_season,Jim Mora,Greg Knapp,Ed Donatell,1,1,1,both,head_coach infobox raw: [[Jim L. Mora|Jim Mora]] || head_coach staff raw: [[Jim L. Mora]] || offensive_coordinator staff raw: [[Greg Knapp]] || defensive_coordinator staff raw: [[Ed Donatell]]
2005,BAL,2005 Baltimore Ravens season,https://en.wikipedia.org/wiki/2005_Baltimore_Ravens_season,Brian Billick,Jim Fassel,Rex Ryan,1,1,1,both,head_coach infobox raw: [[Brian Billick]] || head_coach staff raw: [[Brian Billick]] || offensive_coordinator staff raw: [[Jim Fassel]] || defensive_coordinator staff raw: [[Rex Ryan]]
2005,BUF,2005 Buffalo Bills season,https://en.wikipedia.org/wiki/2005_Buffalo_Bills_season,Mike Mularkey,Tom Clements,Jerry Gray,1,1,1,both,head_coach infobox raw: [[Mike Mularkey]] || head_coach staff raw: [[Mike Mularkey]] || offensive_coordinator staff raw: [[Tom Clements]] || defensive_coordinator staff raw: [[Jerry Gray]]
2005,CAR,2005 Carolina Panthers season,https://en.wikipedia.org/wiki/2005_Carolina_Panthers_season,John Fox,,,1,0,0,infobox,head_coach infobox raw: [[John Fox (American football)|John Fox]]
2005,CHI,2005 Chicago Bears season,https://en.wikipedia.org/wiki/2005_Chicago_Bears_season,Lovie Smith,Ron Turner,Ron Rivera,1,1,1,both,head_coach infobox raw: [[Lovie Smith]] || head_coach staff raw: [[Lovie Smith]] || offensive_coordinator staff raw: [[Ron Turner (American football)|Ron Turner]] || defensive_coordinator staff raw: [[Ron Rivera]]
2005,CIN,2005 Cincinnati Bengals season,https://en.wikipedia.org/wiki/2005_Cincinnati_Bengals_season,Marvin Lewis,,,1,0,0,infobox,head_coach infobox raw: [[Marvin Lewis]]
2005,CLE,2005 Cleveland Browns season,https://en.wikipedia.org/wiki/2005_Cleveland_Browns_season,Romeo Crennel,,,1,0,0,infobox,head_coach infobox raw: [[Romeo Crennel]]
2005,DAL,2005 Dallas Cowboys season,https://en.wikipedia.org/wiki/2005_Dallas_Cowboys_season,Bill Parcells,,,1,0,0,infobox,head_coach infobox raw: [[Bill Parcells]]
2005,DEN,2005 Denver Broncos season,https://en.wikipedia.org/wiki/2005_Denver_Broncos_season,Mike Shanahan,Gary Kubiak,Larry Coyer,1,1,1,both,head_coach infobox raw: [[Mike Shanahan]] || head_coach staff raw: [[Mike Shanahan]] || offensive_coordinator infobox raw: [[Gary Kubiak]] || offensive_coordinator staff raw: [[Gary Kubiak]] || defensive_coordinator infobox raw: [[Larry Coyer]] || defensive_coordinator staff raw: [[Larry Coyer]]
2005,DET,2005 Detroit Lions season,https://en.wikipedia.org/wiki/2005_Detroit_Lions_season,Steve Mariucci | Dick Jauron,Ted Tollner,,2,1,0,both,"head_coach infobox raw: [[Steve Mariucci]] {{small|(fired on November 28, 4-7 record)}}<br />[[Dick Jauron]] {{small|(interim, 1-4 record)}} || head_coach staff raw: [[Steve Mariucci]] ; [[Dick Jauron]] || offensive_coordinator staff raw: [[Ted Tollner]]"
2005,GB,2005 Green Bay Packers season,https://en.wikipedia.org/wiki/2005_Green_Bay_Packers_season,Mike Sherman,Tom Rossley,Jim Bates,1,1,1,both,head_coach infobox raw: [[Mike Sherman]] || head_coach staff raw: [[Mike Sherman]] || offensive_coordinator staff raw: [[Tom Rossley]] || defensive_coordinator staff raw: [[Jim Bates (American football)|Jim Bates]]
2005,HOU,2005 Houston Texans season,https://en.wikipedia.org/wiki/2005_Houston_Texans_season,Dom Capers,Chris Palmer | Joe Pendry,Vic Fangio,1,2,1,both,head_coach infobox raw: [[Dom Capers]] || head_coach staff raw: [[Dom Capers]] || offensive_coordinator staff raw: [[Chris Palmer (American football)|Chris Palmer]] ; [[Joe Pendry]] || defensive_coordinator staff raw: [[Vic Fangio]]
2005,IND,2005 Indianapolis Colts season,https://en.wikipedia.org/wiki/2005_Indianapolis_Colts_season,Tony Dungy,,,1,0,0,infobox,head_coach infobox raw: [[Tony Dungy]]
2005,JAX,2005 Jacksonville Jaguars season,https://en.wikipedia.org/wiki/2005_Jacksonville_Jaguars_season,Jack Del Rio,Carl Smith,Mike Smith,1,1,1,both,head_coach infobox raw: [[Jack Del Rio]] || head_coach staff raw: [[Jack Del Rio]] || offensive_coordinator infobox raw: [[Carl Smith (American football)|Carl Smith]] || offensive_coordinator staff raw: [[Carl Smith (American football)|Carl Smith]] || defensive_coordinator infobox raw: [[Mike Smith (American football coach)|Mike Smith]] || defensive_coordinator staff raw: [[Mike Smith (American football coach)|Mike Smith]]
2005,KC,2005 Kansas City Chiefs season,https://en.wikipedia.org/wiki/2005_Kansas_City_Chiefs_season,Dick Vermeil,Al Saunders,Gunther Cunningham,1,1,1,both,head_coach infobox raw: [[Dick Vermeil]] || head_coach staff raw: [[Dick Vermeil]] || offensive_coordinator staff raw: [[Al Saunders]] || defensive_coordinator staff raw: [[Gunther Cunningham]]
2005,LAC,2005 San Diego Chargers season,https://en.wikipedia.org/wiki/2005_San_Diego_Chargers_season,Marty Schottenheimer,Cam Cameron,Wade Phillips,1,1,1,both,head_coach infobox raw: [[Marty Schottenheimer]] || head_coach staff raw: [[Marty Schottenheimer]] || offensive_coordinator staff raw: [[Cam Cameron]] || defensive_coordinator staff raw: [[Wade Phillips]]
2005,LAR,2005 St. Louis Rams season,https://en.wikipedia.org/wiki/2005_St._Louis_Rams_season,Mike Martz | Joe Vitt,,,2,0,0,infobox,head_coach infobox raw: [[Mike Martz]] (Weeks 1–5)<br>[[Joe Vitt]] (Interim; Weeks 6–17)
2005,MIA,2005 Miami Dolphins season,https://en.wikipedia.org/wiki/2005_Miami_Dolphins_season,Nick Saban,Scott Linehan,Richard Smith,1,1,1,both,head_coach infobox raw: [[Nick Saban]] || head_coach staff raw: [[Nick Saban]] || offensive_coordinator staff raw: [[Scott Linehan]] || defensive_coordinator staff raw: [[Richard Smith (American football coach)|Richard Smith]]
2005,MIN,2005 Minnesota Vikings season,https://en.wikipedia.org/wiki/2005_Minnesota_Vikings_season,Mike Tice,Steve Loney,Ted Cottrell,1,1,1,both,head_coach infobox raw: [[Mike Tice]] || head_coach staff raw: [[Mike Tice]] || offensive_coordinator staff raw: [[Steve Loney]] || defensive_coordinator staff raw: [[Ted Cottrell]]
2005,NE,2005 New England Patriots season,https://en.wikipedia.org/wiki/2005_New_England_Patriots_season,Bill Belichick,,,1,0,0,infobox,head_coach infobox raw: [[Bill Belichick]]
2005,NO,2005 New Orleans Saints season,https://en.wikipedia.org/wiki/2005_New_Orleans_Saints_season,Jim Haslett,Mike Sheppard,Rick Venturi,1,1,1,both,head_coach infobox raw: [[Jim Haslett]] || head_coach staff raw: [[Jim Haslett]] || offensive_coordinator staff raw: [[Mike Sheppard (American football)|Mike Sheppard]] || defensive_coordinator staff raw: [[Rick Venturi]]
2005,NYG,2005 New York Giants season,https://en.wikipedia.org/wiki/2005_New_York_Giants_season,Tom Coughlin,,,1,0,0,infobox,head_coach infobox raw: [[Tom Coughlin]]
2005,NYJ,2005 New York Jets season,https://en.wikipedia.org/wiki/2005_New_York_Jets_season,Herman Edwards,Mike Heimerdinger,Donnie Henderson,1,1,1,both,head_coach infobox raw: [[Herman Edwards]] || head_coach staff raw: [[Herman Edwards]] || offensive_coordinator staff raw: [[Mike Heimerdinger]] || defensive_coordinator staff raw: [[Donnie Henderson]]
2005,OAK,2005 Oakland Raiders season,https://en.wikipedia.org/wiki/2005_Oakland_Raiders_season,Norv Turner,,,1,0,0,infobox,head_coach infobox raw: [[Norv Turner]]
2005,PHI,2005 Philadelphia Eagles season,https://en.wikipedia.org/wiki/2005_Philadelphia_Eagles_season,Andy Reid,Marty Mornhinweg | Brad Childress,Jim Johnson,1,2,1,both,head_coach infobox raw: [[Andy Reid]] || head_coach staff raw: [[Andy Reid]] || offensive_coordinator staff raw: [[Marty Mornhinweg]] ; [[Brad Childress]] || defensive_coordinator staff raw: [[Jim Johnson (American football)|Jim Johnson]]
2005,PIT,2005 Pittsburgh Steelers season,https://en.wikipedia.org/wiki/2005_Pittsburgh_Steelers_season,Bill Cowher,Ken Whisenhunt,Dick LeBeau,1,1,1,both,head_coach infobox raw: [[Bill Cowher]] || head_coach staff raw: [[Bill Cowher]] || offensive_coordinator staff raw: [[Ken Whisenhunt]] || defensive_coordinator staff raw: [[Dick LeBeau]]
2005,SEA,2005 Seattle Seahawks season,https://en.wikipedia.org/wiki/2005_Seattle_Seahawks_season,Mike Holmgren,,,1,0,0,infobox,head_coach infobox raw: [[Mike Holmgren]]
2005,SF,2005 San Francisco 49ers season,https://en.wikipedia.org/wiki/2005_San_Francisco_49ers_season,Mike Nolan,Mike McCarthy,Bill Davis,1,1,1,both,head_coach infobox raw: Mike Nolan || head_coach staff raw: [[Mike Nolan]] || offensive_coordinator staff raw: [[Mike McCarthy]] || defensive_coordinator staff raw: [[Billy Davis (American football coach)|Bill Davis]]
2005,TB,2005 Tampa Bay Buccaneers season,https://en.wikipedia.org/wiki/2005_Tampa_Bay_Buccaneers_season,Jon Gruden,Bill Muir,Monte Kiffin,1,1,1,both,head_coach infobox raw: [[Jon Gruden]] || head_coach staff raw: [[Jon Gruden]] || offensive_coordinator staff raw: [[Bill Muir]] || defensive_coordinator staff raw: [[Monte Kiffin]]
2005,TEN,2005 Tennessee Titans season,https://en.wikipedia.org/wiki/2005_Tennessee_Titans_season,Jeff Fisher,Norm Chow,Jim Schwartz,1,1,1,both,head_coach infobox raw: [[Jeff Fisher]] || head_coach staff raw: [[Jeff Fisher]] || offensive_coordinator staff raw: [[Norm Chow]] || defensive_coordinator staff raw: [[Jim Schwartz]]
2005,WSH,2005 Washington Redskins season,https://en.wikipedia.org/wiki/2005_Washington_Redskins_season,Joe Gibbs,,,1,0,0,infobox,head_coach infobox raw: Joe Gibbs
2006,ARI,2006 Arizona Cardinals season,https://en.wikipedia.org/wiki/2006_Arizona_Cardinals_season,Dennis Green,,,1,0,0,infobox,head_coach infobox raw: [[Dennis Green]]
2006,ATL,2006 Atlanta Falcons season,https://en.wikipedia.org/wiki/2006_Atlanta_Falcons_season,Jim Mora,Greg Knapp,Ed Donatell,1,1,1,both,head_coach infobox raw: [[Jim L. Mora|Jim Mora]] || head_coach staff raw: [[Jim L. Mora|Jim Mora Jr.]] || offensive_coordinator infobox raw: [[Greg Knapp]] || offensive_coordinator staff raw: [[Greg Knapp]] || defensive_coordinator infobox raw: [[Ed Donatell]] || defensive_coordinator staff raw: [[Ed Donatell]]
2006,BAL,2006 Baltimore Ravens season,https://en.wikipedia.org/wiki/2006_Baltimore_Ravens_season,Brian Billick,Jim Fassel,Rex Ryan,1,1,1,infobox,head_coach infobox raw: [[Brian Billick]] || offensive_coordinator infobox raw: [[Jim Fassel]] (fired Oct 17) || defensive_coordinator infobox raw: [[Rex Ryan]]
2006,BUF,2006 Buffalo Bills season,https://en.wikipedia.org/wiki/2006_Buffalo_Bills_season,Dick Jauron,Steve Fairchild,Perry Fewell,1,1,1,both,head_coach infobox raw: [[Dick Jauron]] || head_coach staff raw: [[Dick Jauron]] || offensive_coordinator staff raw: [[Steve Fairchild]] || defensive_coordinator staff raw: [[Perry Fewell]]
2006,CAR,2006 Carolina Panthers season,https://en.wikipedia.org/wiki/2006_Carolina_Panthers_season,John Fox,Dan Henning,Mike Trgovac,1,1,1,infobox,head_coach infobox raw: [[John Fox (American football)|John Fox]] || offensive_coordinator infobox raw: [[Dan Henning]] || defensive_coordinator infobox raw: [[Mike Trgovac]]
2006,CHI,2006 Chicago Bears season,https://en.wikipedia.org/wiki/2006_Chicago_Bears_season,Lovie Smith,Ron Turner,Ron Rivera,1,1,1,both,head_coach infobox raw: [[Lovie Smith]] || head_coach staff raw: [[Lovie Smith]] || offensive_coordinator infobox raw: [[Ron Turner (American football)|Ron Turner]] || offensive_coordinator staff raw: [[Ron Turner (American football)|Ron Turner]] || defensive_coordinator infobox raw: [[Ron Rivera]] || defensive_coordinator staff raw: [[Ron Rivera]]
2006,CIN,2006 Cincinnati Bengals season,https://en.wikipedia.org/wiki/2006_Cincinnati_Bengals_season,Marvin Lewis,Bob Bratkowski,Chuck Bresnahan,1,1,1,infobox,head_coach infobox raw: [[Marvin Lewis]] || offensive_coordinator infobox raw: [[Bob Bratkowski]] || defensive_coordinator infobox raw: [[Chuck Bresnahan]]
2006,CLE,2006 Cleveland Browns season,https://en.wikipedia.org/wiki/2006_Cleveland_Browns_season,Romeo Crennel,,,1,0,0,infobox,head_coach infobox raw: [[Romeo Crennel]]
2006,DAL,2006 Dallas Cowboys season,https://en.wikipedia.org/wiki/2006_Dallas_Cowboys_season,Bill Parcells,,Mike Zimmer,1,0,1,infobox,head_coach infobox raw: [[Bill Parcells]] || defensive_coordinator infobox raw: [[Mike Zimmer]]
2006,DEN,2006 Denver Broncos season,https://en.wikipedia.org/wiki/2006_Denver_Broncos_season,Mike Shanahan,Rick Dennison,Larry Coyer,1,1,1,both,head_coach infobox raw: [[Mike Shanahan]] || head_coach staff raw: [[Mike Shanahan]] || offensive_coordinator infobox raw: [[Rick Dennison]] || offensive_coordinator staff raw: [[Rick Dennison]] || defensive_coordinator infobox raw: [[Larry Coyer]] || defensive_coordinator staff raw: [[Larry Coyer]]
2006,DET,2006 Detroit Lions season,https://en.wikipedia.org/wiki/2006_Detroit_Lions_season,Rod Marinelli,Mike Martz,Donnie Henderson,1,1,1,both,head_coach infobox raw: [[Rod Marinelli]] || head_coach staff raw: [[Rod Marinelli]] || offensive_coordinator infobox raw: [[Mike Martz]] || offensive_coordinator staff raw: [[Mike Martz]] || defensive_coordinator infobox raw: [[Donnie Henderson]]
2006,GB,2006 Green Bay Packers season,https://en.wikipedia.org/wiki/2006_Green_Bay_Packers_season,Mike McCarthy,Jeff Jagodzinski,Bob Sanders,1,1,1,both,head_coach infobox raw: [[Mike McCarthy]] || head_coach staff raw: [[Mike McCarthy]] || offensive_coordinator staff raw: [[Jeff Jagodzinski]] || defensive_coordinator staff raw: [[Bob Sanders (American football coach)|Bob Sanders]]
2006,HOU,2006 Houston Texans season,https://en.wikipedia.org/wiki/2006_Houston_Texans_season,Gary Kubiak,Troy Calhoun,Richard Smith,1,1,1,both,head_coach infobox raw: [[Gary Kubiak]] || head_coach staff raw: [[Gary Kubiak]] || offensive_coordinator infobox raw: [[Troy Calhoun]] || offensive_coordinator staff raw: [[Troy Calhoun]] || defensive_coordinator infobox raw: [[Richard Smith (American football coach)|Richard Smith]] || defensive_coordinator staff raw: [[Richard Smith (American football coach)|Richard Smith]]
2006,IND,2006 Indianapolis Colts season,https://en.wikipedia.org/wiki/2006_Indianapolis_Colts_season,Tony Dungy,Tom Moore,Ron Meeks,1,1,1,infobox,"head_coach infobox raw: [[Tony Dungy]] || offensive_coordinator infobox raw: [[Tom Moore (American football coach, born 1938)|Tom Moore]] || defensive_coordinator infobox raw: [[Ron Meeks]]"
2006,JAX,2006 Jacksonville Jaguars season,https://en.wikipedia.org/wiki/2006_Jacksonville_Jaguars_season,Jack Del Rio,Carl Smith,Mike Smith,1,1,1,both,head_coach infobox raw: [[Jack Del Rio]] || head_coach staff raw: [[Jack Del Rio]] || offensive_coordinator infobox raw: [[Carl Smith (American football)|Carl Smith]] || offensive_coordinator staff raw: [[Carl Smith (American football)|Carl Smith]] || defensive_coordinator infobox raw: [[Mike Smith (American football coach)|Mike Smith]] || defensive_coordinator staff raw: [[Mike Smith (American football coach)|Mike Smith]]
2006,KC,2006 Kansas City Chiefs season,https://en.wikipedia.org/wiki/2006_Kansas_City_Chiefs_season,Herm Edwards,Mike Solari,Gunther Cunningham,1,1,1,both,head_coach infobox raw: [[Herm Edwards]] || head_coach staff raw: [[Herm Edwards]] || offensive_coordinator infobox raw: [[Mike Solari]] || offensive_coordinator staff raw: [[Mike Solari]] || defensive_coordinator infobox raw: [[Gunther Cunningham]] || defensive_coordinator staff raw: [[Gunther Cunningham]]
2006,LAC,2006 San Diego Chargers season,https://en.wikipedia.org/wiki/2006_San_Diego_Chargers_season,Marty Schottenheimer,Cam Cameron,Wade Phillips,1,1,1,both,head_coach infobox raw: [[Marty Schottenheimer]] || head_coach staff raw: [[Marty Schottenheimer]] || offensive_coordinator infobox raw: [[Cam Cameron]] || offensive_coordinator staff raw: [[Cam Cameron]] || defensive_coordinator infobox raw: [[Wade Phillips]] || defensive_coordinator staff raw: [[Wade Phillips]]
2006,LAR,2006 St. Louis Rams season,https://en.wikipedia.org/wiki/2006_St._Louis_Rams_season,Scott Linehan,,,1,0,0,infobox,head_coach infobox raw: [[Scott Linehan]]
2006,MIA,2006 Miami Dolphins season,https://en.wikipedia.org/wiki/2006_Miami_Dolphins_season,Nick Saban,Mike Mularkey,Dom Capers,1,1,1,both,head_coach infobox raw: [[Nick Saban]] || head_coach staff raw: [[Nick Saban]] || offensive_coordinator staff raw: [[Mike Mularkey]] || defensive_coordinator staff raw: [[Dom Capers]]
2006,MIN,2006 Minnesota Vikings season,https://en.wikipedia.org/wiki/2006_Minnesota_Vikings_season,Brad Childress,Darrell Bevell,Mike Tomlin,1,1,1,both,head_coach infobox raw: [[Brad Childress]] || head_coach staff raw: [[Brad Childress]] || offensive_coordinator staff raw: [[Darrell Bevell]] || defensive_coordinator staff raw: [[Mike Tomlin]]
2006,NE,2006 New England Patriots season,https://en.wikipedia.org/wiki/2006_New_England_Patriots_season,Bill Belichick,Josh McDaniels,Dean Pees,1,1,1,infobox,head_coach infobox raw: [[Bill Belichick]] || offensive_coordinator infobox raw: [[Josh McDaniels]] || defensive_coordinator infobox raw: [[Dean Pees]]
2006,NO,2006 New Orleans Saints season,https://en.wikipedia.org/wiki/2006_New_Orleans_Saints_season,Sean Payton,Doug Marrone,Gary Gibbs,1,1,1,both,head_coach infobox raw: [[Sean Payton]] || head_coach staff raw: [[Sean Payton]] || offensive_coordinator infobox raw: [[Doug Marrone]] || offensive_coordinator staff raw: [[Doug Marrone]] || defensive_coordinator infobox raw: [[Gary Gibbs]] || defensive_coordinator staff raw: [[Gary Gibbs]]
2006,NYG,2006 New York Giants season,https://en.wikipedia.org/wiki/2006_New_York_Giants_season,Tom Coughlin,John Hufnagel,Tim Lewis,1,1,1,infobox,head_coach infobox raw: [[Tom Coughlin]] || offensive_coordinator infobox raw: [[John Hufnagel]] || defensive_coordinator infobox raw: [[Tim Lewis]]
2006,NYJ,2006 New York Jets season,https://en.wikipedia.org/wiki/2006_New_York_Jets_season,Eric Mangini,Brian Schottenheimer,Bob Sutton,1,1,1,both,head_coach infobox raw: [[Eric Mangini]] || head_coach staff raw: [[Eric Mangini]] || offensive_coordinator infobox raw: [[Brian Schottenheimer]] || offensive_coordinator staff raw: [[Brian Schottenheimer]] || defensive_coordinator infobox raw: [[Bob Sutton (American football)|Bob Sutton]] || defensive_coordinator staff raw: [[Bob Sutton (American football)|Bob Sutton]]
2006,OAK,2006 Oakland Raiders season,https://en.wikipedia.org/wiki/2006_Oakland_Raiders_season,Art Shell,,,1,0,0,infobox,head_coach infobox raw: [[Art Shell]]
2006,PHI,2006 Philadelphia Eagles season,https://en.wikipedia.org/wiki/2006_Philadelphia_Eagles_season,Andy Reid,Marty Mornhinweg,Jim Johnson,1,1,1,both,head_coach infobox raw: [[Andy Reid]] || head_coach staff raw: [[Andy Reid]] || offensive_coordinator infobox raw: [[Marty Mornhinweg]] || offensive_coordinator staff raw: [[Marty Mornhinweg]] || defensive_coordinator infobox raw: [[Jim Johnson (American football)|Jim Johnson]] || defensive_coordinator staff raw: [[Jim Johnson (American football)|Jim Johnson]]
2006,PIT,2006 Pittsburgh Steelers season,https://en.wikipedia.org/wiki/2006_Pittsburgh_Steelers_season,Bill Cowher,Ken Whisenhunt,Dick LeBeau,1,1,1,both,head_coach infobox raw: [[Bill Cowher]] || head_coach staff raw: [[Bill Cowher]] || offensive_coordinator infobox raw: [[Ken Whisenhunt]] || offensive_coordinator staff raw: [[Ken Whisenhunt]] || defensive_coordinator infobox raw: [[Dick LeBeau]] || defensive_coordinator staff raw: [[Dick LeBeau]]
2006,SEA,2006 Seattle Seahawks season,https://en.wikipedia.org/wiki/2006_Seattle_Seahawks_season,Mike Holmgren,Gil Haskell,John Marshall,1,1,1,infobox,head_coach infobox raw: [[Mike Holmgren]] || offensive_coordinator infobox raw: [[Gil Haskell]] || defensive_coordinator infobox raw: [[John Marshall (American football)|John Marshall]]
2006,SF,2006 San Francisco 49ers season,https://en.wikipedia.org/wiki/2006_San_Francisco_49ers_season,Mike Nolan,Norv Turner,Bill Davis,1,1,1,both,head_coach infobox raw: Mike Nolan || head_coach staff raw: [[Mike Nolan]] || offensive_coordinator infobox raw: [[Norv Turner]] || offensive_coordinator staff raw: [[Norv Turner]] || defensive_coordinator infobox raw: [[Billy Davis (American football coach)|Bill Davis]] || defensive_coordinator staff raw: [[Billy Davis (American football coach)|Bill Davis]]
2006,TB,2006 Tampa Bay Buccaneers season,https://en.wikipedia.org/wiki/2006_Tampa_Bay_Buccaneers_season,Jon Gruden,Bill Muir,Monte Kiffin,1,1,1,both,head_coach infobox raw: [[Jon Gruden]] || head_coach staff raw: [[Jon Gruden]] || offensive_coordinator staff raw: [[Bill Muir]] || defensive_coordinator staff raw: [[Monte Kiffin]]
2006,TEN,2006 Tennessee Titans season,https://en.wikipedia.org/wiki/2006_Tennessee_Titans_season,Jeff Fisher,Norm Chow,Jim Schwartz,1,1,1,both,head_coach infobox raw: [[Jeff Fisher]] || head_coach staff raw: [[Jeff Fisher]] || offensive_coordinator staff raw: [[Norm Chow]] || defensive_coordinator staff raw: [[Jim Schwartz]]
2006,WSH,2006 Washington Redskins season,https://en.wikipedia.org/wiki/2006_Washington_Redskins_season,Joe Gibbs,Al Saunders | Don Breaux,Gregg Williams | Greg Blache,1,2,2,both,head_coach infobox raw: Joe Gibbs || head_coach staff raw: [[Joe Gibbs]] || offensive_coordinator infobox raw: [[Al Saunders]] || offensive_coordinator staff raw: [[Don Breaux]] || defensive_coordinator infobox raw: [[Gregg Williams]] || defensive_coordinator staff raw: [[Greg Blache]]
2007,ARI,2007 Arizona Cardinals season,https://en.wikipedia.org/wiki/2007_Arizona_Cardinals_season,Ken Whisenhunt,,,1,0,0,infobox,head_coach infobox raw: [[Ken Whisenhunt]]
2007,ATL,2007 Atlanta Falcons season,https://en.wikipedia.org/wiki/2007_Atlanta_Falcons_season,Bobby Petrino | Emmitt Thomas,Hue Jackson,Mike Zimmer,2,1,1,both,head_coach infobox raw: [[Bobby Petrino]] (resigned December 10; 3–10 record) <br />[[Emmitt Thomas]] (interim; 1–2 record) || head_coach staff raw: [[Bobby Petrino]] ; [[Emmitt Thomas]] || offensive_coordinator staff raw: [[Hue Jackson]] || defensive_coordinator staff raw: [[Mike Zimmer]]
2007,BAL,2007 Baltimore Ravens season,https://en.wikipedia.org/wiki/2007_Baltimore_Ravens_season,Brian Billick,Rick Neuheisel,Rex Ryan,1,1,1,infobox,head_coach infobox raw: [[Brian Billick]] || offensive_coordinator infobox raw: [[Rick Neuheisel]] || defensive_coordinator infobox raw: [[Rex Ryan]]
2007,BUF,2007 Buffalo Bills season,https://en.wikipedia.org/wiki/2007_Buffalo_Bills_season,Dick Jauron,Steve Fairchild,Perry Fewell,1,1,1,both,head_coach infobox raw: [[Dick Jauron]] || head_coach staff raw: [[Dick Jauron]] || offensive_coordinator staff raw: [[Steve Fairchild]] || defensive_coordinator staff raw: [[Perry Fewell]]
2007,CAR,2007 Carolina Panthers season,https://en.wikipedia.org/wiki/2007_Carolina_Panthers_season,John Fox,Jeff Davidson,Mike Trgovac,1,1,1,both,head_coach infobox raw: [[John Fox (American football)|John Fox]] || head_coach staff raw: [[John Fox (American football)|John Fox]] || offensive_coordinator infobox raw: [[Jeff Davidson]] || offensive_coordinator staff raw: [[Jeff Davidson]] || defensive_coordinator infobox raw: [[Mike Trgovac]] || defensive_coordinator staff raw: [[Mike Trgovac]]
2007,CHI,2007 Chicago Bears season,https://en.wikipedia.org/wiki/2007_Chicago_Bears_season,Lovie Smith,Ron Turner,Bob Babich,1,1,1,infobox,head_coach infobox raw: [[Lovie Smith]] || offensive_coordinator infobox raw: [[Ron Turner (football coach)|Ron Turner]] || defensive_coordinator infobox raw: [[Bob Babich (football coach)|Bob Babich]]
2007,CIN,2007 Cincinnati Bengals season,https://en.wikipedia.org/wiki/2007_Cincinnati_Bengals_season,Marvin Lewis,Bob Bratkowski,Chuck Bresnahan,1,1,1,infobox,head_coach infobox raw: [[Marvin Lewis]] || offensive_coordinator infobox raw: [[Bob Bratkowski]] || defensive_coordinator infobox raw: [[Chuck Bresnahan]]
2007,CLE,2007 Cleveland Browns season,https://en.wikipedia.org/wiki/2007_Cleveland_Browns_season,Romeo Crennel,,,1,0,0,infobox,head_coach infobox raw: [[Romeo Crennel]]
2007,DAL,2007 Dallas Cowboys season,https://en.wikipedia.org/wiki/2007_Dallas_Cowboys_season,Wade Phillips,Jason Garrett,Brian Stewart,1,1,1,infobox,head_coach infobox raw: [[Wade Phillips]] || offensive_coordinator infobox raw: [[Jason Garrett]] || defensive_coordinator infobox raw: [[Brian Stewart (American football)|Brian Stewart]]
2007,DEN,2007 Denver Broncos season,https://en.wikipedia.org/wiki/2007_Denver_Broncos_season,Mike Shanahan,Rick Dennison,Bob Slowik,1,1,1,both,head_coach infobox raw: [[Mike Shanahan]] || head_coach staff raw: [[Mike Shanahan]] || offensive_coordinator infobox raw: [[Rick Dennison]] || offensive_coordinator staff raw: [[Rick Dennison]] || defensive_coordinator infobox raw: [[Bob Slowik]] || defensive_coordinator staff raw: [[Bob Slowik]]
2007,DET,2007 Detroit Lions season,https://en.wikipedia.org/wiki/2007_Detroit_Lions_season,Rod Marinelli,,,1,0,0,infobox,head_coach infobox raw: [[Rod Marinelli]]
2007,GB,2007 Green Bay Packers season,https://en.wikipedia.org/wiki/2007_Green_Bay_Packers_season,Mike McCarthy,Joe Philbin,Bob Sanders,1,1,1,infobox,head_coach infobox raw: [[Mike McCarthy]] || offensive_coordinator infobox raw: [[Joe Philbin]] || defensive_coordinator infobox raw: [[Bob Sanders (American football coach)|Bob Sanders]]
2007,HOU,2007 Houston Texans season,https://en.wikipedia.org/wiki/2007_Houston_Texans_season,Gary Kubiak,Mike Sherman,Richard Smith,1,1,1,both,head_coach infobox raw: [[Gary Kubiak]] || head_coach staff raw: [[Gary Kubiak]] || offensive_coordinator infobox raw: [[Mike Sherman]] || offensive_coordinator staff raw: [[Mike Sherman]] || defensive_coordinator infobox raw: [[Richard Smith (American football coach)|Richard Smith]] || defensive_coordinator staff raw: [[Richard Smith (American football coach)|Richard Smith]]
2007,IND,2007 Indianapolis Colts season,https://en.wikipedia.org/wiki/2007_Indianapolis_Colts_season,Tony Dungy,Tom Moore,Ron Meeks,1,1,1,infobox,"head_coach infobox raw: [[Tony Dungy]] || offensive_coordinator infobox raw: [[Tom Moore (American football coach, born 1938)|Tom Moore]] || defensive_coordinator infobox raw: [[Ron Meeks]]"
2007,JAX,2007 Jacksonville Jaguars season,https://en.wikipedia.org/wiki/2007_Jacksonville_Jaguars_season,Jack Del Rio,Dirk Koetter,Mike Smith,1,1,1,both,head_coach infobox raw: [[Jack Del Rio]] || head_coach staff raw: [[Jack Del Rio]] || offensive_coordinator infobox raw: [[Dirk Koetter]] || offensive_coordinator staff raw: [[Dirk Koetter]] || defensive_coordinator infobox raw: [[Mike Smith (American football coach)|Mike Smith]] || defensive_coordinator staff raw: [[Mike Smith (American football coach)|Mike Smith]]
2007,KC,2007 Kansas City Chiefs season,https://en.wikipedia.org/wiki/2007_Kansas_City_Chiefs_season,Herm Edwards,Mike Solari,Gunther Cunningham,1,1,1,infobox,head_coach infobox raw: [[Herm Edwards]] || offensive_coordinator infobox raw: [[Mike Solari]] || defensive_coordinator infobox raw: [[Gunther Cunningham]]
2007,LAC,2007 San Diego Chargers season,https://en.wikipedia.org/wiki/2007_San_Diego_Chargers_season,Norv Turner,Clarence Shelmon,Ted Cottrell,1,1,1,infobox,head_coach infobox raw: [[Norv Turner]] || offensive_coordinator infobox raw: [[Clarence Shelmon]] || defensive_coordinator infobox raw: [[Ted Cottrell]]
2007,LAR,2007 St. Louis Rams season,https://en.wikipedia.org/wiki/2007_St._Louis_Rams_season,Scott Linehan,,,1,0,0,infobox,head_coach infobox raw: [[Scott Linehan]]
2007,MIA,2007 Miami Dolphins season,https://en.wikipedia.org/wiki/2007_Miami_Dolphins_season,Cam Cameron,,,1,0,0,infobox,head_coach infobox raw: [[Cam Cameron]]
2007,MIN,2007 Minnesota Vikings season,https://en.wikipedia.org/wiki/2007_Minnesota_Vikings_season,Brad Childress,Darrell Bevell,Leslie Frazier,1,1,1,both,head_coach infobox raw: [[Brad Childress]] || head_coach staff raw: [[Brad Childress]] || offensive_coordinator staff raw: [[Darrell Bevell]] || defensive_coordinator staff raw: [[Leslie Frazier]]
2007,NE,2007 New England Patriots season,https://en.wikipedia.org/wiki/2007_New_England_Patriots_season,Bill Belichick,Josh McDaniels,Dean Pees,1,1,1,both,head_coach infobox raw: [[Bill Belichick]] || head_coach staff raw: [[Bill Belichick]] || offensive_coordinator infobox raw: [[Josh McDaniels]] || offensive_coordinator staff raw: [[Josh McDaniels]] || defensive_coordinator infobox raw: [[Dean Pees]] || defensive_coordinator staff raw: [[Dean Pees]]
2007,NO,2007 New Orleans Saints season,https://en.wikipedia.org/wiki/2007_New_Orleans_Saints_season,Sean Payton,Doug Marrone,Gary Gibbs,1,1,1,both,head_coach infobox raw: [[Sean Payton]] || head_coach staff raw: [[Sean Payton]] || offensive_coordinator staff raw: [[Doug Marrone]] || defensive_coordinator staff raw: [[Gary Gibbs]]
2007,NYG,2007 New York Giants season,https://en.wikipedia.org/wiki/2007_New_York_Giants_season,Tom Coughlin,Kevin Gilbride,Steve Spagnuolo,1,1,1,infobox,head_coach infobox raw: [[Tom Coughlin]] || offensive_coordinator infobox raw: [[Kevin Gilbride]] || defensive_coordinator infobox raw: [[Steve Spagnuolo]]
2007,NYJ,2007 New York Jets season,https://en.wikipedia.org/wiki/2007_New_York_Jets_season,Eric Mangini,Brian Schottenheimer,Bob Sutton,1,1,1,both,head_coach infobox raw: [[Eric Mangini]] || head_coach staff raw: [[Eric Mangini]] || offensive_coordinator staff raw: [[Brian Schottenheimer]] || defensive_coordinator staff raw: [[Bob Sutton (American football)|Bob Sutton]]
2007,OAK,2007 Oakland Raiders season,https://en.wikipedia.org/wiki/2007_Oakland_Raiders_season,Lane Kiffin,,,1,0,0,infobox,head_coach infobox raw: [[Lane Kiffin]]
2007,PHI,2007 Philadelphia Eagles season,https://en.wikipedia.org/wiki/2007_Philadelphia_Eagles_season,Andy Reid,Marty Mornhinweg,Jim Johnson,1,1,1,infobox,head_coach infobox raw: [[Andy Reid]] || offensive_coordinator infobox raw: [[Marty Mornhinweg]] || defensive_coordinator infobox raw: [[Jim Johnson (American football)|Jim Johnson]]
2007,PIT,2007 Pittsburgh Steelers season,https://en.wikipedia.org/wiki/2007_Pittsburgh_Steelers_season,Mike Tomlin,Bruce Arians,Dick LeBeau,1,1,1,both,head_coach infobox raw: [[Mike Tomlin]] || head_coach staff raw: [[Mike Tomlin]] || offensive_coordinator infobox raw: [[Bruce Arians]] || offensive_coordinator staff raw: [[Bruce Arians]] || defensive_coordinator infobox raw: [[Dick LeBeau]] || defensive_coordinator staff raw: [[Dick LeBeau]]
2007,SEA,2007 Seattle Seahawks season,https://en.wikipedia.org/wiki/2007_Seattle_Seahawks_season,Mike Holmgren,Gil Haskell,John Marshall,1,1,1,infobox,head_coach infobox raw: [[Mike Holmgren]] || offensive_coordinator infobox raw: [[Gil Haskell]] || defensive_coordinator infobox raw: [[John Marshall (American football)|John Marshall]]
2007,SF,2007 San Francisco 49ers season,https://en.wikipedia.org/wiki/2007_San_Francisco_49ers_season,Mike Nolan,Jim Hostler,Greg Manusky,1,1,1,both,head_coach infobox raw: Mike Nolan || head_coach staff raw: [[Mike Nolan]] || offensive_coordinator infobox raw: [[Jim Hostler]] || offensive_coordinator staff raw: [[Jim Hostler]] || defensive_coordinator infobox raw: [[Greg Manusky]] || defensive_coordinator staff raw: [[Greg Manusky]]
2007,TB,2007 Tampa Bay Buccaneers season,https://en.wikipedia.org/wiki/2007_Tampa_Bay_Buccaneers_season,Jon Gruden,Bill Muir,Monte Kiffin,1,1,1,both,head_coach infobox raw: [[Jon Gruden]] || head_coach staff raw: [[Jon Gruden]] || offensive_coordinator infobox raw: [[Bill Muir]] || offensive_coordinator staff raw: [[Bill Muir]] || defensive_coordinator infobox raw: [[Monte Kiffin]] || defensive_coordinator staff raw: [[Monte Kiffin]]
2007,TEN,2007 Tennessee Titans season,https://en.wikipedia.org/wiki/2007_Tennessee_Titans_season,Jeff Fisher,Norm Chow,Jim Schwartz,1,1,1,both,head_coach infobox raw: [[Jeff Fisher]] || head_coach staff raw: [[Jeff Fisher]] || offensive_coordinator infobox raw: [[Norm Chow]] || offensive_coordinator staff raw: [[Norm Chow]] || defensive_coordinator infobox raw: [[Jim Schwartz]] || defensive_coordinator staff raw: [[Jim Schwartz]]
2007,WSH,2007 Washington Redskins season,https://en.wikipedia.org/wiki/2007_Washington_Redskins_season,Joe Gibbs,Al Saunders,Gregg Williams,1,1,1,infobox,head_coach infobox raw: Joe Gibbs || offensive_coordinator infobox raw: [[Al Saunders]] || defensive_coordinator infobox raw: [[Gregg Williams]]
2008,ARI,2008 Arizona Cardinals season,https://en.wikipedia.org/wiki/2008_Arizona_Cardinals_season,Ken Whisenhunt,Todd Haley,Clancy Pendergast,1,1,1,infobox,head_coach infobox raw: [[Ken Whisenhunt]] || offensive_coordinator infobox raw: [[Todd Haley]] || defensive_coordinator infobox raw: [[Clancy Pendergast]]
2008,ATL,2008 Atlanta Falcons season,https://en.wikipedia.org/wiki/2008_Atlanta_Falcons_season,Mike Smith,Mike Mularkey,Brian VanGorder,1,1,1,both,head_coach infobox raw: [[Mike Smith (American football coach)|Mike Smith]] || head_coach staff raw: [[Mike Smith (American football coach)|Mike Smith]] || offensive_coordinator infobox raw: [[Mike Mularkey]] || offensive_coordinator staff raw: [[Mike Mularkey]] || defensive_coordinator infobox raw: [[Brian VanGorder]] || defensive_coordinator staff raw: [[Brian VanGorder]]
2008,BAL,2008 Baltimore Ravens season,https://en.wikipedia.org/wiki/2008_Baltimore_Ravens_season,John Harbaugh,Cam Cameron,Rex Ryan,1,1,1,infobox,head_coach infobox raw: [[John Harbaugh]] || offensive_coordinator infobox raw: [[Cam Cameron]] || defensive_coordinator infobox raw: [[Rex Ryan]]
2008,BUF,2008 Buffalo Bills season,https://en.wikipedia.org/wiki/2008_Buffalo_Bills_season,Dick Jauron,Turk Schonert,Perry Fewell,1,1,1,both,head_coach infobox raw: [[Dick Jauron]] || head_coach staff raw: [[Dick Jauron]] || offensive_coordinator staff raw: [[Turk Schonert]] || defensive_coordinator staff raw: [[Perry Fewell]]
2008,CAR,2008 Carolina Panthers season,https://en.wikipedia.org/wiki/2008_Carolina_Panthers_season,John Fox,Jeff Davidson,Mike Trgovac,1,1,1,both,head_coach infobox raw: [[John Fox (American football)|John Fox]] || head_coach staff raw: [[John Fox (American football)|John Fox]] || offensive_coordinator infobox raw: [[Jeff Davidson]] || offensive_coordinator staff raw: [[Jeff Davidson]] || defensive_coordinator infobox raw: [[Mike Trgovac]] || defensive_coordinator staff raw: [[Mike Trgovac]]
2008,CHI,2008 Chicago Bears season,https://en.wikipedia.org/wiki/2008_Chicago_Bears_season,Lovie Smith,Ron Turner,Bob Babich,1,1,1,infobox,head_coach infobox raw: [[Lovie Smith]] || offensive_coordinator infobox raw: [[Ron Turner (football coach)|Ron Turner]] || defensive_coordinator infobox raw: [[Bob Babich (football coach)|Bob Babich]]
2008,CIN,2008 Cincinnati Bengals season,https://en.wikipedia.org/wiki/2008_Cincinnati_Bengals_season,Marvin Lewis,,,1,0,0,infobox,head_coach infobox raw: [[Marvin Lewis]]
2008,CLE,2008 Cleveland Browns season,https://en.wikipedia.org/wiki/2008_Cleveland_Browns_season,Romeo Crennel,,,1,0,0,infobox,head_coach infobox raw: [[Romeo Crennel]]
2008,DAL,2008 Dallas Cowboys season,https://en.wikipedia.org/wiki/2008_Dallas_Cowboys_season,Wade Phillips,,,1,0,0,infobox,head_coach infobox raw: [[Wade Phillips]]
2008,DEN,2008 Denver Broncos season,https://en.wikipedia.org/wiki/2008_Denver_Broncos_season,Mike Shanahan,Rick Dennison,Bob Slowik,1,1,1,both,head_coach infobox raw: [[Mike Shanahan]] || head_coach staff raw: [[Mike Shanahan]] || offensive_coordinator infobox raw: [[Rick Dennison]] || offensive_coordinator staff raw: [[Rick Dennison]] || defensive_coordinator infobox raw: [[Bob Slowik]] || defensive_coordinator staff raw: [[Bob Slowik]]
2008,DET,2008 Detroit Lions season,https://en.wikipedia.org/wiki/2008_Detroit_Lions_season,Rod Marinelli,Jim Colletto,Joe Barry,1,1,1,infobox,head_coach infobox raw: [[Rod Marinelli]] || offensive_coordinator infobox raw: [[Jim Colletto]] || defensive_coordinator infobox raw: [[Joe Barry]]
2008,GB,2008 Green Bay Packers season,https://en.wikipedia.org/wiki/2008_Green_Bay_Packers_season,Mike McCarthy,,,1,0,0,infobox,head_coach infobox raw: [[Mike McCarthy]]
2008,HOU,2008 Houston Texans season,https://en.wikipedia.org/wiki/2008_Houston_Texans_season,Gary Kubiak,Kyle Shanahan,Richard Smith,1,1,1,both,head_coach infobox raw: [[Gary Kubiak]] || head_coach staff raw: [[Gary Kubiak]] || offensive_coordinator infobox raw: [[Kyle Shanahan]] || offensive_coordinator staff raw: [[Kyle Shanahan]] || defensive_coordinator infobox raw: [[Richard Smith (American football coach)|Richard Smith]] || defensive_coordinator staff raw: [[Richard Smith (American football coach)|Richard Smith]]
2008,IND,2008 Indianapolis Colts season,https://en.wikipedia.org/wiki/2008_Indianapolis_Colts_season,Tony Dungy,Tom Moore,Ron Meeks,1,1,1,infobox,"head_coach infobox raw: [[Tony Dungy]] || offensive_coordinator infobox raw: [[Tom Moore (American football coach, born 1938)|Tom Moore]] || defensive_coordinator infobox raw: [[Ron Meeks]]"
2008,JAX,2008 Jacksonville Jaguars season,https://en.wikipedia.org/wiki/2008_Jacksonville_Jaguars_season,Jack Del Rio,Dirk Koetter,Gregg Williams,1,1,1,infobox,head_coach infobox raw: [[Jack Del Rio]] || offensive_coordinator infobox raw: [[Dirk Koetter]] || defensive_coordinator infobox raw: [[Gregg Williams]]
2008,KC,2008 Kansas City Chiefs season,https://en.wikipedia.org/wiki/2008_Kansas_City_Chiefs_season,Herm Edwards,Chan Gailey,Gunther Cunningham,1,1,1,infobox,head_coach infobox raw: [[Herm Edwards]] || offensive_coordinator infobox raw: [[Chan Gailey]] || defensive_coordinator infobox raw: [[Gunther Cunningham]]
2008,LAC,2008 San Diego Chargers season,https://en.wikipedia.org/wiki/2008_San_Diego_Chargers_season,Norv Turner,Clarence Shelmon,Ted Cottrell | Ron Rivera,1,1,2,infobox,"head_coach infobox raw: [[Norv Turner]] || offensive_coordinator infobox raw: [[Clarence Shelmon]] || defensive_coordinator infobox raw: [[Ted Cottrell]] (<small>fired on October 28, 2008</small>)<br>[[Ron Rivera]] (<small>interim</small>)"
2008,LAR,2008 St. Louis Rams season,https://en.wikipedia.org/wiki/2008_St._Louis_Rams_season,Scott Linehan | Jim Haslett,,,2,0,0,infobox,"head_coach infobox raw: [[Scott Linehan]] (fired September 29, 0–4 record)<br>[[Jim Haslett]] (interim, 2–10 record)"
2008,MIA,2008 Miami Dolphins season,https://en.wikipedia.org/wiki/2008_Miami_Dolphins_season,Tony Sparano,Dan Henning,Paul Pasqualoni,1,1,1,infobox,head_coach infobox raw: [[Tony Sparano]] || offensive_coordinator infobox raw: [[Dan Henning]] || defensive_coordinator infobox raw: [[Paul Pasqualoni]]
2008,MIN,2008 Minnesota Vikings season,https://en.wikipedia.org/wiki/2008_Minnesota_Vikings_season,Brad Childress,Darrell Bevell,Leslie Frazier,1,1,1,both,head_coach infobox raw: [[Brad Childress]] || head_coach staff raw: [[Brad Childress]] || offensive_coordinator infobox raw: [[Darrell Bevell]] || offensive_coordinator staff raw: [[Darrell Bevell]] || defensive_coordinator infobox raw: [[Leslie Frazier]] || defensive_coordinator staff raw: [[Leslie Frazier]]
2008,NE,2008 New England Patriots season,https://en.wikipedia.org/wiki/2008_New_England_Patriots_season,Bill Belichick,,,1,0,0,infobox,head_coach infobox raw: [[Bill Belichick]]
2008,NO,2008 New Orleans Saints season,https://en.wikipedia.org/wiki/2008_New_Orleans_Saints_season,Sean Payton,Doug Marrone,Gary Gibbs,1,1,1,both,head_coach infobox raw: [[Sean Payton]] || head_coach staff raw: [[Sean Payton]] || offensive_coordinator staff raw: [[Doug Marrone]] || defensive_coordinator staff raw: [[Gary Gibbs]]
2008,NYG,2008 New York Giants season,https://en.wikipedia.org/wiki/2008_New_York_Giants_season,Tom Coughlin,Kevin Gilbride,Steve Spagnuolo,1,1,1,infobox,head_coach infobox raw: [[Tom Coughlin]] || offensive_coordinator infobox raw: [[Kevin Gilbride]] || defensive_coordinator infobox raw: [[Steve Spagnuolo]]
2008,NYJ,2008 New York Jets season,https://en.wikipedia.org/wiki/2008_New_York_Jets_season,Eric Mangini,Brian Schottenheimer,Bob Sutton,1,1,1,both,head_coach infobox raw: [[Eric Mangini]] || head_coach staff raw: [[Eric Mangini]] || offensive_coordinator staff raw: [[Brian Schottenheimer]] || defensive_coordinator staff raw: [[Bob Sutton (American football)|Bob Sutton]]
2008,OAK,2008 Oakland Raiders season,https://en.wikipedia.org/wiki/2008_Oakland_Raiders_season,Lane Kiffin | Tom Cable,,,2,0,0,infobox,"head_coach infobox raw: [[Lane Kiffin]] <small>(fired September 30, 1-3 record)</small><br>[[Tom Cable]] <small>(interim, 4-8 record)</small>"
2008,PHI,2008 Philadelphia Eagles season,https://en.wikipedia.org/wiki/2008_Philadelphia_Eagles_season,Andy Reid,Marty Mornhinweg,Jim Johnson,1,1,1,infobox,head_coach infobox raw: [[Andy Reid]] || offensive_coordinator infobox raw: [[Marty Mornhinweg]] || defensive_coordinator infobox raw: [[Jim Johnson (American football)|Jim Johnson]]
2008,PIT,2008 Pittsburgh Steelers season,https://en.wikipedia.org/wiki/2008_Pittsburgh_Steelers_season,Mike Tomlin,Bruce Arians,Dick LeBeau,1,1,1,both,head_coach infobox raw: [[Mike Tomlin]] || head_coach staff raw: [[Mike Tomlin]] || offensive_coordinator infobox raw: [[Bruce Arians]] || offensive_coordinator staff raw: [[Bruce Arians]] || defensive_coordinator infobox raw: [[Dick LeBeau]] || defensive_coordinator staff raw: [[Dick LeBeau]]
2008,SEA,2008 Seattle Seahawks season,https://en.wikipedia.org/wiki/2008_Seattle_Seahawks_season,Mike Holmgren,,,1,0,0,infobox,head_coach infobox raw: [[Mike Holmgren]]
2008,SF,2008 San Francisco 49ers season,https://en.wikipedia.org/wiki/2008_San_Francisco_49ers_season,Mike Nolan | Mike Singletary,Mike Martz,Greg Manusky,2,1,1,both,"head_coach infobox raw: [[Mike Nolan]] (fired October 20, 2–5 record)<br> [[Mike Singletary]] (interim, 5–4 record) || head_coach staff raw: [[Mike Nolan]] || offensive_coordinator infobox raw: [[Mike Martz]] || offensive_coordinator staff raw: [[Mike Martz]] || defensive_coordinator infobox raw: [[Greg Manusky]] || defensive_coordinator staff raw: [[Greg Manusky]]"
2008,TB,2008 Tampa Bay Buccaneers season,https://en.wikipedia.org/wiki/2008_Tampa_Bay_Buccaneers_season,Jon Gruden,Bill Muir,Monte Kiffin,1,1,1,both,head_coach infobox raw: [[Jon Gruden]] || head_coach staff raw: [[Jon Gruden]] || offensive_coordinator staff raw: [[Bill Muir]] || defensive_coordinator staff raw: [[Monte Kiffin]]
2008,TEN,2008 Tennessee Titans season,https://en.wikipedia.org/wiki/2008_Tennessee_Titans_season,Jeff Fisher,Mike Heimerdinger,Jim Schwartz,1,1,1,infobox,head_coach infobox raw: [[Jeff Fisher]] || offensive_coordinator infobox raw: [[Mike Heimerdinger]] || defensive_coordinator infobox raw: [[Jim Schwartz]]
2008,WSH,2008 Washington Redskins season,https://en.wikipedia.org/wiki/2008_Washington_Redskins_season,Jim Zorn,Sherman Smith,Greg Blache,1,1,1,infobox,head_coach infobox raw: [[Jim Zorn]] || offensive_coordinator infobox raw: [[Sherman Smith]] || defensive_coordinator infobox raw: [[Greg Blache]]
2009,ARI,2009 Arizona Cardinals season,https://en.wikipedia.org/wiki/2009_Arizona_Cardinals_season,Ken Whisenhunt,,Billy Davis,1,0,1,infobox,head_coach infobox raw: [[Ken Whisenhunt]] || defensive_coordinator infobox raw: [[Billy Davis (American football coach)|Billy Davis]]
2009,ATL,2009 Atlanta Falcons season,https://en.wikipedia.org/wiki/2009_Atlanta_Falcons_season,Mike Smith,Mike Mularkey,Brian VanGorder,1,1,1,both,head_coach infobox raw: [[Mike Smith (American football coach)|Mike Smith]] || head_coach staff raw: [[Mike Smith (American football coach)|Mike Smith]] || offensive_coordinator staff raw: [[Mike Mularkey]] || defensive_coordinator staff raw: [[Brian VanGorder]]
2009,BAL,2009 Baltimore Ravens season,https://en.wikipedia.org/wiki/2009_Baltimore_Ravens_season,John Harbaugh,Cam Cameron,Greg Mattison,1,1,1,infobox,head_coach infobox raw: [[John Harbaugh]] || offensive_coordinator infobox raw: [[Cam Cameron]] || defensive_coordinator infobox raw: [[Greg Mattison]]
2009,BUF,2009 Buffalo Bills season,https://en.wikipedia.org/wiki/2009_Buffalo_Bills_season,Dick Jauron | Perry Fewell,,,2,0,0,infobox,"head_coach infobox raw: [[Dick Jauron]] (fired November 17, 3–6 record)<br>[[Perry Fewell]] (interim, 3–4 record)"
2009,CAR,2009 Carolina Panthers season,https://en.wikipedia.org/wiki/2009_Carolina_Panthers_season,John Fox,,,1,0,0,infobox,head_coach infobox raw: [[John Fox (American football)|John Fox]]
2009,CHI,2009 Chicago Bears season,https://en.wikipedia.org/wiki/2009_Chicago_Bears_season,Lovie Smith,,,1,0,0,infobox,head_coach infobox raw: [[Lovie Smith]]
2009,CIN,2009 Cincinnati Bengals season,https://en.wikipedia.org/wiki/2009_Cincinnati_Bengals_season,Marvin Lewis,Bob Bratkowski,Mike Zimmer,1,1,1,infobox,head_coach infobox raw: [[Marvin Lewis]] || offensive_coordinator infobox raw: [[Bob Bratkowski]] || defensive_coordinator infobox raw: [[Mike Zimmer]]
2009,CLE,2009 Cleveland Browns season,https://en.wikipedia.org/wiki/2009_Cleveland_Browns_season,Eric Mangini,Brian Daboll,Rob Ryan,1,1,1,both,head_coach infobox raw: [[Eric Mangini]] || head_coach staff raw: [[Eric Mangini]] || offensive_coordinator staff raw: [[Brian Daboll]] || defensive_coordinator staff raw: [[Rob Ryan]]
2009,DAL,2009 Dallas Cowboys season,https://en.wikipedia.org/wiki/2009_Dallas_Cowboys_season,Wade Phillips,Jason Garrett,,1,1,0,both,head_coach infobox raw: [[Wade Phillips]] || head_coach staff raw: [[Wade Phillips]] || offensive_coordinator infobox raw: [[Jason Garrett]] || offensive_coordinator staff raw: [[Jason Garrett]]
2009,DEN,2009 Denver Broncos season,https://en.wikipedia.org/wiki/2009_Denver_Broncos_season,Josh McDaniels,Mike McCoy,Mike Nolan,1,1,1,both,head_coach infobox raw: [[Josh McDaniels]] || head_coach staff raw: [[Josh McDaniels]] || offensive_coordinator staff raw: [[Mike McCoy (American football coach)|Mike McCoy]] || defensive_coordinator staff raw: [[Mike Nolan]]
2009,DET,2009 Detroit Lions season,https://en.wikipedia.org/wiki/2009_Detroit_Lions_season,Jim Schwartz,,,1,0,0,infobox,head_coach infobox raw: [[Jim Schwartz]]
2009,GB,2009 Green Bay Packers season,https://en.wikipedia.org/wiki/2009_Green_Bay_Packers_season,Mike McCarthy,Joe Philbin,Dom Capers,1,1,1,infobox,head_coach infobox raw: [[Mike McCarthy]] || offensive_coordinator infobox raw: [[Joe Philbin]] || defensive_coordinator infobox raw: [[Dom Capers]]
2009,HOU,2009 Houston Texans season,https://en.wikipedia.org/wiki/2009_Houston_Texans_season,Gary Kubiak,Kyle Shanahan,Frank Bush,1,1,1,both,head_coach infobox raw: [[Gary Kubiak]] || head_coach staff raw: [[Gary Kubiak]] || offensive_coordinator infobox raw: [[Kyle Shanahan]] || offensive_coordinator staff raw: [[Kyle Shanahan]] || defensive_coordinator infobox raw: [[Frank Bush]] || defensive_coordinator staff raw: [[Frank Bush]]
2009,IND,2009 Indianapolis Colts season,https://en.wikipedia.org/wiki/2009_Indianapolis_Colts_season,Jim Caldwell,Tom Moore,Larry Coyer,1,1,1,infobox,"head_coach infobox raw: [[Jim Caldwell (American football)|Jim Caldwell]] || offensive_coordinator infobox raw: [[Tom Moore (American football coach, born 1938)|Tom Moore]] || defensive_coordinator infobox raw: [[Larry Coyer]]"
2009,JAX,2009 Jacksonville Jaguars season,https://en.wikipedia.org/wiki/2009_Jacksonville_Jaguars_season,Jack Del Rio,Dirk Koetter,Mel Tucker,1,1,1,infobox,head_coach infobox raw: [[Jack Del Rio]] || offensive_coordinator infobox raw: [[Dirk Koetter]] || defensive_coordinator infobox raw: [[Mel Tucker]]
2009,KC,2009 Kansas City Chiefs season,https://en.wikipedia.org/wiki/2009_Kansas_City_Chiefs_season,Todd Haley,,,1,0,0,infobox,head_coach infobox raw: [[Todd Haley]]
2009,LAC,2009 San Diego Chargers season,https://en.wikipedia.org/wiki/2009_San_Diego_Chargers_season,Norv Turner,Clarence Shelmon,Ron Rivera,1,1,1,infobox,head_coach infobox raw: [[Norv Turner]] || offensive_coordinator infobox raw: [[Clarence Shelmon]] || defensive_coordinator infobox raw: [[Ron Rivera]]
2009,LAR,2009 St. Louis Rams season,https://en.wikipedia.org/wiki/2009_St._Louis_Rams_season,Steve Spagnuolo,,,1,0,0,infobox,head_coach infobox raw: [[Steve Spagnuolo]]
2009,MIA,2009 Miami Dolphins season,https://en.wikipedia.org/wiki/2009_Miami_Dolphins_season,Tony Sparano,,,1,0,0,infobox,head_coach infobox raw: [[Tony Sparano]]
2009,MIN,2009 Minnesota Vikings season,https://en.wikipedia.org/wiki/2009_Minnesota_Vikings_season,Brad Childress,Darrell Bevell,Leslie Frazier,1,1,1,both,head_coach infobox raw: [[Brad Childress]] || head_coach staff raw: [[Brad Childress]] || offensive_coordinator infobox raw: [[Darrell Bevell]] || offensive_coordinator staff raw: [[Darrell Bevell]] || defensive_coordinator infobox raw: [[Leslie Frazier]] || defensive_coordinator staff raw: [[Leslie Frazier]]
2009,NE,2009 New England Patriots season,https://en.wikipedia.org/wiki/2009_New_England_Patriots_season,Bill Belichick,,Dean Pees,1,0,1,infobox,head_coach infobox raw: [[Bill Belichick]] || defensive_coordinator infobox raw: [[Dean Pees]]
2009,NO,2009 New Orleans Saints season,https://en.wikipedia.org/wiki/2009_New_Orleans_Saints_season,Sean Payton,Pete Carmichael Jr.,Gregg Williams,1,1,1,infobox,head_coach infobox raw: [[Sean Payton]] || offensive_coordinator infobox raw: [[Pete Carmichael Jr.]] || defensive_coordinator infobox raw: [[Gregg Williams]]
2009,NYG,2009 New York Giants season,https://en.wikipedia.org/wiki/2009_New_York_Giants_season,Tom Coughlin,,,1,0,0,infobox,head_coach infobox raw: [[Tom Coughlin]]
2009,NYJ,2009 New York Jets season,https://en.wikipedia.org/wiki/2009_New_York_Jets_season,Rex Ryan,Brian Schottenheimer,Mike Pettine,1,1,1,both,head_coach infobox raw: [[Rex Ryan]] || head_coach staff raw: [[Rex Ryan]] || offensive_coordinator infobox raw: [[Brian Schottenheimer]] || offensive_coordinator staff raw: [[Brian Schottenheimer]] || defensive_coordinator infobox raw: [[Mike Pettine]] || defensive_coordinator staff raw: [[Mike Pettine]]
2009,OAK,2009 Oakland Raiders season,https://en.wikipedia.org/wiki/2009_Oakland_Raiders_season,Tom Cable,,,1,0,0,infobox,head_coach infobox raw: [[Tom Cable]]
2009,PHI,2009 Philadelphia Eagles season,https://en.wikipedia.org/wiki/2009_Philadelphia_Eagles_season,Andy Reid,Marty Mornhinweg,Sean McDermott,1,1,1,infobox,head_coach infobox raw: [[Andy Reid]] || offensive_coordinator infobox raw: [[Marty Mornhinweg]] || defensive_coordinator infobox raw: [[Sean McDermott]]
2009,PIT,2009 Pittsburgh Steelers season,https://en.wikipedia.org/wiki/2009_Pittsburgh_Steelers_season,Mike Tomlin,Bruce Arians,Dick LeBeau,1,1,1,both,head_coach infobox raw: [[Mike Tomlin]] || head_coach staff raw: [[Mike Tomlin]] || offensive_coordinator infobox raw: [[Bruce Arians]] || offensive_coordinator staff raw: [[Bruce Arians]] || defensive_coordinator infobox raw: [[Dick LeBeau]] || defensive_coordinator staff raw: [[Dick LeBeau]]
2009,SEA,2009 Seattle Seahawks season,https://en.wikipedia.org/wiki/2009_Seattle_Seahawks_season,Jim L. Mora,,,1,0,0,infobox,head_coach infobox raw: [[Jim L. Mora]]
2009,SF,2009 San Francisco 49ers season,https://en.wikipedia.org/wiki/2009_San_Francisco_49ers_season,Mike Singletary,Jimmy Raye,Greg Manusky,1,1,1,both,head_coach infobox raw: [[Mike Singletary]] || head_coach staff raw: [[Mike Singletary]] || offensive_coordinator infobox raw: [[Jimmy Raye II|Jimmy Raye]] || offensive_coordinator staff raw: [[Jimmy Raye II|Jimmy Raye]] || defensive_coordinator infobox raw: [[Greg Manusky]] || defensive_coordinator staff raw: [[Greg Manusky]]
2009,TB,2009 Tampa Bay Buccaneers season,https://en.wikipedia.org/wiki/2009_Tampa_Bay_Buccaneers_season,Raheem Morris,Greg Olson,Jim Bates,1,1,1,both,head_coach infobox raw: [[Raheem Morris]] || head_coach staff raw: [[Raheem Morris]] || offensive_coordinator staff raw: [[Greg Olson (American football)|Greg Olson]] || defensive_coordinator staff raw: [[Jim Bates (American football)|Jim Bates]]
2009,TEN,2009 Tennessee Titans season,https://en.wikipedia.org/wiki/2009_Tennessee_Titans_season,Jeff Fisher,,,1,0,0,infobox,head_coach infobox raw: [[Jeff Fisher]]
2009,WSH,2009 Washington Redskins season,https://en.wikipedia.org/wiki/2009_Washington_Redskins_season,Jim Zorn,Sherman Lewis,Greg Blache,1,1,1,infobox,head_coach infobox raw: [[Jim Zorn]] || offensive_coordinator infobox raw: [[Sherman Lewis]] || defensive_coordinator infobox raw: [[Greg Blache]]
2010,ARI,2010 Arizona Cardinals season,https://en.wikipedia.org/wiki/2010_Arizona_Cardinals_season,Ken Whisenhunt,,,1,0,0,infobox,head_coach infobox raw: [[Ken Whisenhunt]]
2010,ATL,2010 Atlanta Falcons season,https://en.wikipedia.org/wiki/2010_Atlanta_Falcons_season,Mike Smith,Mike Mularkey,Brian VanGorder,1,1,1,infobox,head_coach infobox raw: [[Mike Smith (American football coach)|Mike Smith]] || offensive_coordinator infobox raw: [[Mike Mularkey]] || defensive_coordinator infobox raw: [[Brian VanGorder]]
2010,BAL,2010 Baltimore Ravens season,https://en.wikipedia.org/wiki/2010_Baltimore_Ravens_season,John Harbaugh,Cam Cameron,Greg Mattison,1,1,1,infobox,head_coach infobox raw: [[John Harbaugh]] || offensive_coordinator infobox raw: [[Cam Cameron]] || defensive_coordinator infobox raw: [[Greg Mattison]]
2010,BUF,2010 Buffalo Bills season,https://en.wikipedia.org/wiki/2010_Buffalo_Bills_season,Chan Gailey,,,1,0,0,infobox,head_coach infobox raw: [[Chan Gailey]]
2010,CAR,2010 Carolina Panthers season,https://en.wikipedia.org/wiki/2010_Carolina_Panthers_season,John Fox,,,1,0,0,infobox,head_coach infobox raw: [[John Fox (American football)|John Fox]]
2010,CHI,2010 Chicago Bears season,https://en.wikipedia.org/wiki/2010_Chicago_Bears_season,Lovie Smith,Mike Martz,Rod Marinelli,1,1,1,infobox,head_coach infobox raw: [[Lovie Smith]] || offensive_coordinator infobox raw: [[Mike Martz]] || defensive_coordinator infobox raw: [[Rod Marinelli]]
2010,CIN,2010 Cincinnati Bengals season,https://en.wikipedia.org/wiki/2010_Cincinnati_Bengals_season,Marvin Lewis,,,1,0,0,infobox,head_coach infobox raw: [[Marvin Lewis]]
2010,CLE,2010 Cleveland Browns season,https://en.wikipedia.org/wiki/2010_Cleveland_Browns_season,Eric Mangini,Brian Daboll,Rob Ryan,1,1,1,infobox,head_coach infobox raw: [[Eric Mangini]] || offensive_coordinator infobox raw: [[Brian Daboll]] || defensive_coordinator infobox raw: [[Rob Ryan]]
2010,DAL,2010 Dallas Cowboys season,https://en.wikipedia.org/wiki/2010_Dallas_Cowboys_season,Wade Phillips | Jason Garrett,,Paul Pasqualoni,2,0,1,both,"head_coach infobox raw: [[Wade Phillips]] (fired November 8, 1–7 record)<br/>[[Jason Garrett]] (interim, 5–3 record) || head_coach staff raw: [[Wade Phillips]] (fired Nov 8, 2010) ; [[Jason Garrett]] || defensive_coordinator staff raw: [[Paul Pasqualoni]]"
2010,DEN,2010 Denver Broncos season,https://en.wikipedia.org/wiki/2010_Denver_Broncos_season,Josh McDaniels | Eric Studesville,Mike McCoy,Don Martindale,2,1,1,both,head_coach infobox raw: [[Josh McDaniels]] (fired on December 6; 3–9 record)<br/>[[Eric Studesville]] (interim; 1–3 record) || head_coach staff raw: [[Josh McDaniels]] {{small|(fired December 6)}} || offensive_coordinator staff raw: [[Mike McCoy (American football coach)|Mike McCoy]] || defensive_coordinator staff raw: [[Don Martindale]]
2010,DET,2010 Detroit Lions season,https://en.wikipedia.org/wiki/2010_Detroit_Lions_season,Jim Schwartz,,,1,0,0,infobox,head_coach infobox raw: [[Jim Schwartz]]
2010,GB,2010 Green Bay Packers season,https://en.wikipedia.org/wiki/2010_Green_Bay_Packers_season,Mike McCarthy,Joe Philbin,Dom Capers,1,1,1,infobox,head_coach infobox raw: [[Mike McCarthy]] || offensive_coordinator infobox raw: [[Joe Philbin]] || defensive_coordinator infobox raw: [[Dom Capers]]
2010,HOU,2010 Houston Texans season,https://en.wikipedia.org/wiki/2010_Houston_Texans_season,Gary Kubiak,Rick Dennison,Frank Bush,1,1,1,both,head_coach infobox raw: [[Gary Kubiak]] || head_coach staff raw: [[Gary Kubiak]] || offensive_coordinator infobox raw: [[Rick Dennison]] || offensive_coordinator staff raw: [[Rick Dennison]] || defensive_coordinator infobox raw: [[Frank Bush]] || defensive_coordinator staff raw: [[Frank Bush]]
2010,IND,2010 Indianapolis Colts season,https://en.wikipedia.org/wiki/2010_Indianapolis_Colts_season,Jim Caldwell,Clyde Christensen,Larry Coyer,1,1,1,infobox,head_coach infobox raw: [[Jim Caldwell (American football)|Jim Caldwell]] || offensive_coordinator infobox raw: [[Clyde Christensen]] || defensive_coordinator infobox raw: [[Larry Coyer]]
2010,JAX,2010 Jacksonville Jaguars season,https://en.wikipedia.org/wiki/2010_Jacksonville_Jaguars_season,Jack Del Rio,Dirk Koetter,Mel Tucker,1,1,1,infobox,head_coach infobox raw: [[Jack Del Rio]] || offensive_coordinator infobox raw: [[Dirk Koetter]] || defensive_coordinator infobox raw: [[Mel Tucker]]
2010,KC,2010 Kansas City Chiefs season,https://en.wikipedia.org/wiki/2010_Kansas_City_Chiefs_season,Todd Haley,Charlie Weis,Romeo Crennel,1,1,1,infobox,head_coach infobox raw: [[Todd Haley]] || offensive_coordinator infobox raw: [[Charlie Weis]] || defensive_coordinator infobox raw: [[Romeo Crennel]]
2010,LAC,2010 San Diego Chargers season,https://en.wikipedia.org/wiki/2010_San_Diego_Chargers_season,Norv Turner,,,1,0,0,infobox,head_coach infobox raw: [[Norv Turner]]
2010,LAR,2010 St. Louis Rams season,https://en.wikipedia.org/wiki/2010_St._Louis_Rams_season,Steve Spagnuolo,,,1,0,0,infobox,head_coach infobox raw: [[Steve Spagnuolo]]
2010,MIA,2010 Miami Dolphins season,https://en.wikipedia.org/wiki/2010_Miami_Dolphins_season,Tony Sparano,,,1,0,0,infobox,head_coach infobox raw: [[Tony Sparano]]
2010,MIN,2010 Minnesota Vikings season,https://en.wikipedia.org/wiki/2010_Minnesota_Vikings_season,Brad Childress | Leslie Frazier,Darrell Bevell,,2,1,0,both,head_coach infobox raw: [[Brad Childress]] (fired on November 22; 3–7 record)<br />[[Leslie Frazier]] (interim; 3–3 record) || head_coach staff raw: [[Brad Childress]] ; [[Leslie Frazier]] || offensive_coordinator staff raw: [[Darrell Bevell]]
2010,NE,2010 New England Patriots season,https://en.wikipedia.org/wiki/2010_New_England_Patriots_season,Bill Belichick,,,1,0,0,infobox,head_coach infobox raw: [[Bill Belichick]]
2010,NO,2010 New Orleans Saints season,https://en.wikipedia.org/wiki/2010_New_Orleans_Saints_season,Sean Payton,Pete Carmichael Jr.,Gregg Williams,1,1,1,infobox,head_coach infobox raw: [[Sean Payton]] || offensive_coordinator infobox raw: [[Pete Carmichael Jr.]] || defensive_coordinator infobox raw: [[Gregg Williams]]
2010,NYG,2010 New York Giants season,https://en.wikipedia.org/wiki/2010_New_York_Giants_season,Tom Coughlin,,,1,0,0,infobox,head_coach infobox raw: [[Tom Coughlin]]
2010,NYJ,2010 New York Jets season,https://en.wikipedia.org/wiki/2010_New_York_Jets_season,Rex Ryan,Brian Schottenheimer,Mike Pettine,1,1,1,both,head_coach infobox raw: [[Rex Ryan]] || head_coach staff raw: [[Rex Ryan]] || offensive_coordinator infobox raw: [[Brian Schottenheimer]] || offensive_coordinator staff raw: [[Brian Schottenheimer]] || defensive_coordinator infobox raw: [[Mike Pettine]] || defensive_coordinator staff raw: [[Mike Pettine]]
2010,OAK,2010 Oakland Raiders season,https://en.wikipedia.org/wiki/2010_Oakland_Raiders_season,Tom Cable,,,1,0,0,infobox,head_coach infobox raw: [[Tom Cable]]
2010,PHI,2010 Philadelphia Eagles season,https://en.wikipedia.org/wiki/2010_Philadelphia_Eagles_season,Andy Reid,Marty Mornhinweg,Sean McDermott,1,1,1,infobox,head_coach infobox raw: [[Andy Reid]] || offensive_coordinator infobox raw: [[Marty Mornhinweg]] || defensive_coordinator infobox raw: [[Sean McDermott]]
2010,PIT,2010 Pittsburgh Steelers season,https://en.wikipedia.org/wiki/2010_Pittsburgh_Steelers_season,Mike Tomlin,Bruce Arians,Dick LeBeau,1,1,1,infobox,head_coach infobox raw: [[Mike Tomlin]] || offensive_coordinator infobox raw: [[Bruce Arians]] || defensive_coordinator infobox raw: [[Dick LeBeau]]
2010,SEA,2010 Seattle Seahawks season,https://en.wikipedia.org/wiki/2010_Seattle_Seahawks_season,Pete Carroll,Jeremy Bates,Gus Bradley,1,1,1,both,head_coach infobox raw: [[Pete Carroll]] || head_coach staff raw: [[Pete Carroll]] || offensive_coordinator infobox raw: [[Jeremy Bates (American football)|Jeremy Bates]] || offensive_coordinator staff raw: [[Jeremy Bates (American football)|Jeremy Bates]] || defensive_coordinator infobox raw: [[Gus Bradley]] || defensive_coordinator staff raw: [[Gus Bradley]]
2010,SF,2010 San Francisco 49ers season,https://en.wikipedia.org/wiki/2010_San_Francisco_49ers_season,Mike Singletary | Jim Tomsula,Jimmy Raye,Greg Manusky,2,1,1,infobox,"head_coach infobox raw: [[Mike Singletary]] (fired December 26, 5–10 record)<br />[[Jim Tomsula]] (interim, 1–0 record) || offensive_coordinator infobox raw: [[Jimmy Raye II|Jimmy Raye]] || defensive_coordinator infobox raw: [[Greg Manusky]]"
2010,TB,2010 Tampa Bay Buccaneers season,https://en.wikipedia.org/wiki/2010_Tampa_Bay_Buccaneers_season,Raheem Morris,,,1,0,0,infobox,head_coach infobox raw: [[Raheem Morris]]
2010,TEN,2010 Tennessee Titans season,https://en.wikipedia.org/wiki/2010_Tennessee_Titans_season,Jeff Fisher,,,1,0,0,infobox,head_coach infobox raw: [[Jeff Fisher]]
2010,WSH,2010 Washington Redskins season,https://en.wikipedia.org/wiki/2010_Washington_Redskins_season,Mike Shanahan,Kyle Shanahan,Jim Haslett,1,1,1,infobox,head_coach infobox raw: [[Mike Shanahan]] || offensive_coordinator infobox raw: [[Kyle Shanahan]] || defensive_coordinator infobox raw: [[Jim Haslett]]
