season,franchise,unit,metric,games,raw_value,adjusted,z
2011,ARI,offense,epa_per_play,16,-0.090974031366761,-0.07305774372342,-0.7127412655640489
2011,ATL,offense,epa_per_play,16,0.040524383496128843,0.03962159385212968,0.3865428017150757
2011,BAL,offense,epa_per_play,16,0.021560525052456817,0.0456658952521168,0.44551017204048055
2011,BUF,offense,epa_per_play,16,-0.014710421710105637,-0.009122998634386,-0.08900271567415376
2011,CAR,offense,epa_per_play,16,0.10993916311339592,0.12413806491559376,1.2110738298676877
2011,CHI,offense,epa_per_play,16,-0.11491958167684826,-0.12087031139763332,-1.179194077506853
2011,CIN,offense,epa_per_play,16,-0.036659241781712516,-0.006062718033413186,-0.05914704045954564
2011,CLE,offense,epa_per_play,16,-0.10153269556210148,-0.06881526130078572,-0.6713521925249332
2011,DAL,offense,epa_per_play,16,0.04657710119919047,0.06230544581869846,0.6078433310570068
2011,DEN,offense,epa_per_play,16,-0.09538503275671226,-0.09277134931506059,-0.905064481175653
2011,DET,offense,epa_per_play,16,0.06048515259699789,0.05617552723222683,0.5480406912757039
2011,GB,offense,epa_per_play,16,0.2149420121438492,0.22602197938966972,2.205039239171651
2011,HOU,offense,epa_per_play,16,0.02826889922742168,0.02937321006297124,0.28656098377769257
2011,IND,offense,epa_per_play,16,-0.13925564623467096,-0.12065562037178393,-1.1770995814867125
2011,JAX,offense,epa_per_play,16,-0.18740652096857258,-0.18020498628604223,-1.7580549773438077
2011,KC,offense,epa_per_play,16,-0.09047381525286072,-0.0954505741430299,-0.9312026288557509
2011,LAC,offense,epa_per_play,16,0.08064598730685942,0.09609181322026393,0.9374584688002279
2011,LAR,offense,epa_per_play,16,-0.2004035050351497,-0.17534682773838303,-1.7106594529942176
2011,MIA,offense,epa_per_play,16,-0.04893277788031537,-0.049762515475303935,-0.48547623359121905
2011,MIN,offense,epa_per_play,16,-0.04839347433749359,-0.038847325593029565,-0.37898914743076434
2011,NE,offense,epa_per_play,16,0.2003430866154783,0.20921547095062293,2.041077262192074
2011,NO,offense,epa_per_play,16,0.20336130967765897,0.199336557355587,1.9446999444804849
2011,NYG,offense,epa_per_play,16,0.03956478091636311,0.05206311118568146,0.5079205278521368
2011,NYJ,offense,epa_per_play,16,-0.09522239589007374,-0.10141762736755448,-0.9894163766418378
2011,OAK,offense,epa_per_play,16,0.027120643427686157,0.03823970762576827,0.3730613103954
2011,PHI,offense,epa_per_play,16,0.057661856299203486,0.07744150658530548,0.7555086510713677
2011,PIT,offense,epa_per_play,16,0.05970437008472155,0.0837572949661131,0.8171246109155882
2011,SEA,offense,epa_per_play,16,-0.07516285870899245,-0.04165287973896493,-0.40635974650309026
2011,SF,offense,epa_per_play,16,-0.005838582234995112,0.012066835458655221,0.11772238147287374
2011,TB,offense,epa_per_play,16,-0.10434973869888853,-0.08698818533894473,-0.8486447315197387
2011,TEN,offense,epa_per_play,16,-0.047901044597504834,-0.03722036037418405,-0.3631166992820964
2011,WSH,offense,epa_per_play,16,-0.06190744101472881,-0.053266729039516486,-0.5196628575310294
2011,ARI,defense,epa_per_play,16,-0.02637490954886476,0.007076003966491123,0.11163528489305928
2011,ATL,defense,epa_per_play,16,-0.03070966946199297,0.044428103423729305,0.7009244209663291
2011,BAL,defense,epa_per_play,16,-0.13953835546505278,0.0927735164627407,1.4636506692051992
2011,BUF,defense,epa_per_play,16,0.0529142542225647,-0.05045807686037766,-0.7960569004966737
2011,CAR,defense,epa_per_play,16,0.11141985973662409,-0.11731352462667101,-1.8508085644852996
2011,CHI,defense,epa_per_play,16,-0.07227638442991666,0.10235463226939782,1.6148081018091336
2011,CIN,defense,epa_per_play,16,-0.05361672112186539,0.005743075664015728,0.09060620810147019
2011,CLE,defense,epa_per_play,16,0.0009518202431275629,-0.03378727135468709,-0.5330482686702182
2011,DAL,defense,epa_per_play,16,-0.008705479489876537,-0.0036979864551833414,-0.058341653482754156
2011,DEN,defense,epa_per_play,16,0.008191588304045485,-0.0037735764954712463,-0.05953420732000229
2011,DET,defense,epa_per_play,16,-0.08222832883530291,0.0973530814687056,1.535900634941288
2011,GB,defense,epa_per_play,16,0.05435389646925125,-0.06971602624507796,-1.099881866706268
2011,HOU,defense,epa_per_play,16,-0.13011932611010285,0.09698765472048797,1.530135443268414
2011,IND,defense,epa_per_play,16,0.0604823206385687,-0.06549152468537621,-1.0332335949723905
2011,JAX,defense,epa_per_play,16,-0.0605801740048545,0.0576514299056292,0.909543554877517
2011,KC,defense,epa_per_play,16,-0.0021529026896768455,0.006547573168522368,0.10329844351240236
2011,LAC,defense,epa_per_play,16,0.06220034075458069,-0.08946535205370447,-1.4114590822552535
2011,LAR,defense,epa_per_play,16,0.034783382794967406,-0.02088267741578502,-0.32945765062911286
2011,MIA,defense,epa_per_play,16,-0.023389186925638274,0.030512897198275327,0.48138977702303853
2011,MIN,defense,epa_per_play,16,0.05190986423264068,-0.031593404295912716,-0.4984365054089637
2011,NE,defense,epa_per_play,16,0.05632822723745863,-0.08277403180031598,-1.3058927984691684
2011,NO,defense,epa_per_play,16,-0.004471250921104597,-0.01518085408096229,-0.23950226402850813
2011,NYG,defense,epa_per_play,16,0.047941604326485025,-0.033965339831210854,-0.5358575838149452
2011,NYJ,defense,epa_per_play,16,-0.10357568666345116,0.11132914891721533,1.756395462062393
2011,OAK,defense,epa_per_play,16,0.04639575653407005,-0.07135747136485174,-1.125778289948837
2011,PHI,defense,epa_per_play,16,-0.046842221705291356,0.021349046846313835,0.33681537463384
2011,PIT,defense,epa_per_play,16,-0.07498986251476593,0.02770451054105236,0.43708298380277366
2011,SEA,defense,epa_per_play,16,-0.07013042526723604,0.03535870129908571,0.5578400904897826
2011,SF,defense,epa_per_play,16,-0.12759359914273904,0.09535521780547943,1.5043811388700548
2011,TB,defense,epa_per_play,16,0.12476432813554099,-0.09972622751411282,-1.5733408110812814
2011,TEN,defense,epa_per_play,16,-0.01162193316395283,-0.020116769133638482,-0.3173742219475683
2011,WSH,defense,epa_per_play,16,0.026653615690775744,-0.023224479443698903,-0.3664033247394495
2011,ARI,offense,explosive_rate,16,0.08757637474541752,-0.01013396043767192,-0.5602730488612986
2011,ATL,offense,explosive_rate,16,0.1041069723018147,0.0011619532104120672,0.06424053772835094
2011,BAL,offense,explosive_rate,16,0.08751229105211406,-0.007519208896631727,-0.415712111711004
2011,BUF,offense,explosive_rate,16,0.1,-0.003876032985554881,-0.21429300337800636
2011,CAR,offense,explosive_rate,16,0.1417004048582996,0.04050662548851304,2.239476925247919
2011,CHI,offense,explosive_rate,16,0.10412371134020619,-0.0006353752334050275,-0.03512778852635606
2011,CIN,offense,explosive_rate,16,0.09253731343283582,-0.0021330312066859844,-0.11792821817639587
2011,CLE,offense,explosive_rate,16,0.05928853754940711,-0.035604905786904076,-1.9684771064920032
2011,DAL,offense,explosive_rate,16,0.0959040959040959,-0.007413881034696096,-0.40988888369470294
2011,DEN,offense,explosive_rate,16,0.11451135241855874,0.01129586943470811,0.6245111421789832
2011,DET,offense,explosive_rate,16,0.09897292250233426,-0.0028740472480491067,-0.15889653646649218
2011,GB,offense,explosive_rate,16,0.11217948717948718,0.01135161081929123,0.6275928983867586
2011,HOU,offense,explosive_rate,16,0.1254863813229572,0.0250090710737098,1.3826685614022298
2011,IND,offense,explosive_rate,16,0.07553191489361702,-0.024171174688120925,-1.3363440503213893
2011,JAX,offense,explosive_rate,16,0.08206686930091185,-0.01827927091999751,-1.0106002398863694
2011,KC,offense,explosive_rate,16,0.08333333333333333,-0.018863269851236448,-1.0428876031289536
2011,LAC,offense,explosive_rate,16,0.11946050096339114,0.018666514641609726,1.0320096604084237
2011,LAR,offense,explosive_rate,16,0.08366533864541832,-0.012890217718841414,-0.7126573688776762
2011,MIA,offense,explosive_rate,16,0.11632653061224489,0.010930743604255626,0.6043245464739883
2011,MIN,offense,explosive_rate,16,0.11588411588411589,0.014377144190356732,0.7948645999751718
2011,NE,offense,explosive_rate,16,0.10299625468164794,0.001239174892457062,0.06850986831274199
2011,NO,offense,explosive_rate,16,0.11220825852782765,0.008332208552052271,0.46066016518636194
2011,NYG,offense,explosive_rate,16,0.09900990099009901,-0.003906456190154785,-0.21597500141837378
2011,NYJ,offense,explosive_rate,16,0.07352941176470588,-0.03199870615988454,-1.769102294219936
2011,OAK,offense,explosive_rate,16,0.12436289500509684,0.02365023495172255,1.3075430207361352
2011,PHI,offense,explosive_rate,16,0.14257620452310718,0.04264298032620339,2.357588895955171
2011,PIT,offense,explosive_rate,16,0.10932798395185557,0.01213804180603603,0.6710720583235501
2011,SEA,offense,explosive_rate,16,0.09475806451612903,-0.002474603704346332,-0.13681262825954404
2011,SF,offense,explosive_rate,16,0.09989701338825953,-0.0005702817943073023,-0.031528988253899076
2011,TB,offense,explosive_rate,16,0.07539267015706806,-0.023702060466447093,-1.3104082814916205
2011,TEN,offense,explosive_rate,16,0.09439834024896265,-0.004404044338033097,-0.24348499915358976
2011,WSH,offense,explosive_rate,16,0.09411764705882353,-0.009851644330468798,-0.5446647279981733
2011,ARI,defense,explosive_rate,16,0.10575139146567718,-0.00463132821208259,-0.3831750974330998
2011,ATL,defense,explosive_rate,16,0.1087866108786611,-0.0012713211552614588,-0.10518334810864007
2011,BAL,defense,explosive_rate,16,0.07676767676767676,0.01756388772414779,1.453156434139416
2011,BUF,defense,explosive_rate,16,0.11336032388663968,-0.011810490869873284,-0.977146464806426
2011,CAR,defense,explosive_rate,16,0.11377870563674322,-0.01577776162834622,-1.3053804594204375
2011,CHI,defense,explosive_rate,16,0.08882521489971347,0.020846822745742583,1.724771592720392
2011,CIN,defense,explosive_rate,16,0.08634538152610442,0.008137946865295384,0.6732968254931319
2011,CLE,defense,explosive_rate,16,0.09537856440511308,0.004787425037679091,0.3960898410262469
2011,DAL,defense,explosive_rate,16,0.10208333333333333,-0.0018184488439763073,-0.15045021234957015
2011,DEN,defense,explosive_rate,16,0.10028653295128939,0.003390917014656738,0.28054909908717623
2011,DET,defense,explosive_rate,16,0.09705042816365367,0.01055668079345053,0.8734119039639523
2011,GB,defense,explosive_rate,16,0.1099116781157998,-0.005301915290861208,-0.4386564318325624
2011,HOU,defense,explosive_rate,16,0.09024134312696747,0.0067043956934936845,0.5546913013808358
2011,IND,defense,explosive_rate,16,0.10182516810758886,-0.002799797896341273,-0.2316425834224266
2011,JAX,defense,explosive_rate,16,0.08568443051201671,0.013947211838806265,1.1539290697014126
2011,KC,defense,explosive_rate,16,0.109979633401222,-0.003323996182410568,-0.27501237285231955
2011,LAC,defense,explosive_rate,16,0.11239495798319328,-0.0115900733724326,-0.9589101204598083
2011,LAR,defense,explosive_rate,16,0.11000991080277503,-0.010644890950034548,-0.8807100123678472
2011,MIA,defense,explosive_rate,16,0.09574468085106383,0.004063562464362018,0.3362007337642825
2011,MIN,defense,explosive_rate,16,0.10344827586206896,0.0013100535139063318,0.10838788784665507
2011,NE,defense,explosive_rate,16,0.12287334593572778,-0.022060798171447085,-1.8252104151761217
2011,NO,defense,explosive_rate,16,0.10089020771513353,0.00045282637434543717,0.037464801059929366
2011,NYG,defense,explosive_rate,16,0.10227272727272728,-0.0004436973555003981,-0.03670950743289965
2011,NYJ,defense,explosive_rate,16,0.08709016393442623,0.0160298262743056,1.3262351453441736
2011,OAK,defense,explosive_rate,16,0.11839530332681017,-0.017895696616406748,-1.480608797435731
2011,PHI,defense,explosive_rate,16,0.11030927835051546,-0.01541872122618888,-1.2756750844655687
2011,PIT,defense,explosive_rate,16,0.07112970711297072,0.019141736950162566,1.5837005249976879
2011,SEA,defense,explosive_rate,16,0.0872093023255814,0.00891758252758187,0.7378003452565106
2011,SF,defense,explosive_rate,16,0.07772020725388601,0.018017388825108994,1.4906770590204979
2011,TB,defense,explosive_rate,16,0.13149847094801223,-0.025579899863970607,-2.116364933310028
2011,TEN,defense,explosive_rate,16,0.10299625468164794,-0.004871372236740914,-0.40303525165336623
2011,WSH,defense,explosive_rate,16,0.10390946502057613,0.0013719452289193944,0.11350852772455162
2011,ARI,offense,yards_per_play,16,5.2973523421588595,-0.09054270803779563,-0.15032253118312483
2011,ATL,offense,yards_per_play,16,5.7831900668576885,0.08871909277386163,0.1472948940791918
2011,BAL,offense,yards_per_play,16,5.351032448377581,0.07276720650754805,0.12081095105752365
2011,BUF,offense,yards_per_play,16,5.724489795918367,0.20138375326652325,0.33434515253949004
2011,CAR,offense,yards_per_play,16,6.323886639676114,0.731709353128757,1.2148123734814529
2011,CHI,offense,yards_per_play,16,5.188659793814433,-0.5574302921223706,-0.9254674869575426
2011,CIN,offense,yards_per_play,16,5.0945273631840795,-0.1694742545279807,-0.2813677596256481
2011,CLE,offense,yards_per_play,16,4.525691699604743,-0.7375689667525296,-1.2245407322939676
2011,DAL,offense,yards_per_play,16,6.013986013986014,0.48475522113652847,0.8048095028830571
2011,DEN,offense,yards_per_play,16,5.013820335636723,-0.6100904212282562,-1.0128958847953025
2011,DET,offense,yards_per_play,16,5.9869281045751634,0.26988809984892753,0.44807873747961596
2011,GB,offense,yards_per_play,16,6.6335470085470085,1.0336278320862815,1.7160691941738961
2011,HOU,offense,yards_per_play,16,5.807392996108949,0.3133284468179475,0.5202000938359819
2011,IND,offense,yards_per_play,16,4.889361702127659,-0.5186250011383459,-0.8610414311167078
2011,JAX,offense,yards_per_play,16,4.218844984802431,-1.2384705812203818,-2.056157106405308
2011,KC,offense,yards_per_play,16,4.944444444444445,-0.6897489596763322,-1.1451480936079563
2011,LAC,offense,yards_per_play,16,6.069364161849711,0.5238468656962603,0.8697109740858413
2011,LAR,offense,yards_per_play,16,4.510956175298805,-0.9069981794018673,-1.5058337116381666
2011,MIA,offense,yards_per_play,16,5.191836734693878,-0.39914525892094505,-0.6626765084798504
2011,MIN,offense,yards_per_play,16,5.262737262737263,-0.4489857832364303,-0.7454236886004129
2011,NE,offense,yards_per_play,16,6.360486891385768,0.8820447288171712,1.4644050208588932
2011,NO,offense,yards_per_play,16,6.776481149012567,1.1164555905958082,1.8535830655968102
2011,NYG,offense,yards_per_play,16,6.1198019801980195,0.5338739862105093,0.8863583901930865
2011,NYJ,offense,yards_per_play,16,4.898039215686275,-0.7093415299495366,-1.1776764420490644
2011,OAK,offense,yards_per_play,16,6.093781855249746,0.5500819740586945,0.9132675230380027
2011,PHI,offense,yards_per_play,16,6.274336283185841,0.7941373940902148,1.3184578391132546
2011,PIT,offense,yards_per_play,16,5.987963891675025,0.6370075745037852,1.057584791283176
2011,SEA,offense,yards_per_play,16,4.910282258064516,-0.42972028403988216,-0.7134383563025739
2011,SF,offense,yards_per_play,16,5.153450051493306,-0.2680116117517348,-0.44496331883738927
2011,TB,offense,yards_per_play,16,5.357068062827225,-0.24663482328533162,-0.40947274184361865
2011,TEN,offense,yards_per_play,16,5.509336099585062,0.0576580212741013,0.09572609311997349
2011,WSH,offense,yards_per_play,16,5.273529411764706,-0.2704964855267408,-0.4490888030826142
2011,ARI,defense,yards_per_play,16,5.285714285714286,0.12876215022202486,0.3127530748648017
2011,ATL,defense,yards_per_play,16,5.557531380753138,0.15517541650310138,0.3769088087695492
2011,BAL,defense,yards_per_play,16,4.683838383838384,0.6021261007654785,1.4625166568464594
2011,BUF,defense,yards_per_play,16,6.016194331983805,-0.4361184146465066,-1.059297122260305
2011,CAR,defense,yards_per_play,16,6.308977035490606,-0.7352791076566058,-1.7859347751456014
2011,CHI,defense,yards_per_play,16,5.365807067812798,0.3425373902301892,0.8319962183458189
2011,CIN,defense,yards_per_play,16,5.091365461847389,0.19745389911358568,0.4795998978378482
2011,CLE,defense,yards_per_play,16,5.242871189773845,0.15869106465269808,0.38544803995694066
2011,DAL,defense,yards_per_play,16,5.717708333333333,-0.14505786200247808,-0.3523340694182849
2011,DEN,defense,yards_per_play,16,5.4832855778414515,0.09676184145251353,0.23502685681817645
2011,DET,defense,yards_per_play,16,5.670789724072312,-0.04678348638564477,-0.11363338679025964
2011,GB,defense,yards_per_play,16,6.378802747791953,-0.8751779678776975,-2.1257380374309665
2011,HOU,defense,yards_per_play,16,4.80797481636936,0.6041672622265009,1.4674744765328416
2011,IND,defense,yards_per_play,16,5.7195004803073966,-0.18758810272872348,-0.45563665902995665
2011,JAX,defense,yards_per_play,16,5.201671891327064,0.4029407780452941,0.9787112680626159
2011,KC,defense,yards_per_play,16,5.440936863543788,0.16909552937361244,0.4107196615335021
2011,LAC,defense,yards_per_play,16,5.8350840336134455,-0.4552711130703803,-1.1058175113164759
2011,LAR,defense,yards_per_play,16,5.705649157581764,-0.0812398679501328,-0.19732521132448935
2011,MIA,defense,yards_per_play,16,5.352030947775629,0.28121972142134677,0.6830604524357196
2011,MIN,defense,yards_per_play,16,5.659113300492611,0.056167393045794406,0.136426153585296
2011,NE,defense,yards_per_play,16,6.223062381852552,-0.7134440045360516,-1.732899037320605
2011,NO,defense,yards_per_play,16,5.899109792284866,-0.40028470939697985,-0.9722598874728438
2011,NYG,defense,yards_per_play,16,5.672348484848484,0.007884328376670231,0.019150409795997515
2011,NYJ,defense,yards_per_play,16,5.056352459016393,0.5682906107703328,1.3803329288074735
2011,OAK,defense,yards_per_play,16,5.791585127201565,-0.4304301782051707,-1.045480846013581
2011,PHI,defense,yards_per_play,16,5.377319587628866,0.08075943400859403,0.19615827529242327
2011,PIT,defense,yards_per_play,16,4.514644351464435,0.701689439649688,1.704348129264539
2011,SEA,defense,yards_per_play,16,5.167635658914729,0.23817230192468497,0.5785016765113467
2011,SF,defense,yards_per_play,16,5.1139896373057,0.34089890431662356,0.8280164657033862
2011,TB,defense,yards_per_play,16,6.446483180428134,-0.7519381062386413,-1.826398164594499
2011,TEN,defense,yards_per_play,16,5.331460674157303,0.05989039510880515,0.1454690310219448
2011,WSH,defense,yards_per_play,16,5.590534979423868,0.06592895949639609,0.16013622613118894
2012,ARI,offense,epa_per_play,16,-0.2608450430970813,-0.23266591442866558,-2.3646897466070373
2012,ATL,offense,epa_per_play,16,0.08369329549121791,0.0722796967968012,0.7346115064726529
2012,BAL,offense,epa_per_play,16,0.003329689213692287,0.0015725027743586724,0.015982062504437122
2012,BUF,offense,epa_per_play,16,-0.010020358578472647,-0.009603113149922854,-0.09760081641902411
2012,CAR,offense,epa_per_play,16,0.07396850212054756,0.07446103055103366,0.7567813957545785
2012,CHI,offense,epa_per_play,16,-0.05685885041735674,-0.05103274810857208,-0.5186690817597532
2012,CIN,offense,epa_per_play,16,-0.0036353969143216726,-0.025505390029250313,-0.25922290522645863
2012,CLE,offense,epa_per_play,16,-0.06771080585031362,-0.08658688232803029,-0.8800219548039148
2012,DAL,offense,epa_per_play,16,0.05281938605179409,0.061075271760461694,0.6207358274110208
2012,DEN,offense,epa_per_play,16,0.10318857598352225,0.08252412683688543,0.8387303187838914
2012,DET,offense,epa_per_play,16,-0.007776778481590595,0.023584484658324845,0.2396998683176937
2012,GB,offense,epa_per_play,16,0.08979818063582706,0.11682884994131788,1.1873848571353527
2012,HOU,offense,epa_per_play,16,0.06316419890192274,0.03566557758932239,0.36248552281241864
2012,IND,offense,epa_per_play,16,0.010657488665327435,-0.004226657769702874,-0.042957449590168326
2012,JAX,offense,epa_per_play,16,-0.1297433215378165,-0.1459533823255149,-1.4833907558624089
2012,KC,offense,epa_per_play,16,-0.14906063453667734,-0.1638619903278962,-1.6654041024380226
2012,LAC,offense,epa_per_play,16,-0.059021804112010426,-0.07311095522457188,-0.7430599647942313
2012,LAR,offense,epa_per_play,16,-0.026179704435787182,0.012851492898525075,0.1306155805433517
2012,MIA,offense,epa_per_play,16,-0.06718490477399781,-0.07120420150326258,-0.723680757551275
2012,MIN,offense,epa_per_play,16,-0.0007877418478230389,0.026490165661999857,0.2692316288816501
2012,NE,offense,epa_per_play,16,0.17058724343331538,0.17756920039812468,1.8047167266669755
2012,NO,offense,epa_per_play,16,0.09023439995790218,0.09149374203642396,0.929892606759954
2012,NYG,offense,epa_per_play,16,0.06630727465252048,0.0603110843966239,0.6129690428857011
2012,NYJ,offense,epa_per_play,16,-0.1281048441040013,-0.13428899665676944,-1.3648402872255
2012,OAK,offense,epa_per_play,16,-0.06833129983969555,-0.07857060170107498,-0.7985488406563839
2012,PHI,offense,epa_per_play,16,-0.07797328668237537,-0.07882617167885723,-0.8011463148394258
2012,PIT,offense,epa_per_play,16,-0.009356668243706984,-0.023764917119244815,-0.24153368566611225
2012,SEA,offense,epa_per_play,16,0.1114636278578521,0.15221262323860538,1.547006274470289
2012,SF,offense,epa_per_play,16,0.11560802427509527,0.14628956623350858,1.4868075461653056
2012,TB,offense,epa_per_play,16,0.0237003694637635,0.009598141537449666,0.09755028765532124
2012,TEN,offense,epa_per_play,16,-0.09469812272302286,-0.10278711469218352,-1.0446723010234544
2012,WSH,offense,epa_per_play,16,0.14468186987005163,0.13718147973356606,1.3942379112425762
2012,ARI,defense,epa_per_play,16,-0.1085004600650296,0.15108876146419697,2.1265077189604167
2012,ATL,defense,epa_per_play,16,-0.03216830340730863,0.03612255442536504,0.508409031020538
2012,BAL,defense,epa_per_play,16,-0.0038847607273882747,-0.00210002607483612,-0.029556941329594764
2012,BUF,defense,epa_per_play,16,0.07241989378363059,-0.10029498017203003,-1.4116076367423642
2012,CAR,defense,epa_per_play,16,0.014446599195675647,0.015308505009965973,0.21546046015573356
2012,CHI,defense,epa_per_play,16,-0.15231932515354943,0.17436728728291156,2.454142708881533
2012,CIN,defense,epa_per_play,16,-0.06777061329972836,0.041596171583928976,0.5854477798031776
2012,CLE,defense,epa_per_play,16,0.017975139193400467,-0.025434116504887087,-0.35797397866285985
2012,DAL,defense,epa_per_play,16,0.06216844489198158,-0.032682642005378536,-0.45999377999354435
2012,DEN,defense,epa_per_play,16,-0.10047146926535343,0.08840997784958313,1.2443314678624082
2012,DET,defense,epa_per_play,16,0.027054973054621678,-0.027814114564301436,-0.3914714022661022
2012,GB,defense,epa_per_play,16,-0.024175858409449934,0.022619242069755484,0.318355861761209
2012,HOU,defense,epa_per_play,16,-0.09939996488705154,0.08528572471318967,1.200358982112028
2012,IND,defense,epa_per_play,16,0.07925764813712492,-0.11646989947193523,-1.6392624961209097
2012,JAX,defense,epa_per_play,16,0.07865138119276732,-0.08675945399276326,-1.221101072114641
2012,KC,defense,epa_per_play,16,0.10139741339182605,-0.10567960501481498,-1.4873938579074748
2012,LAC,defense,epa_per_play,16,-0.039211670084115635,0.014764198079124035,0.20779958003002466
2012,LAR,defense,epa_per_play,16,-0.020814837062959855,0.036487316829090365,0.5135429010687895
2012,MIA,defense,epa_per_play,16,0.01563532757452376,-0.03000730154768669,-0.42233954231897736
2012,MIN,defense,epa_per_play,16,0.0037327559192559894,0.0022067690131699186,0.03105930113524223
2012,NE,defense,epa_per_play,16,-0.027238192146631174,-0.006031016353378218,-0.08488389675280826
2012,NO,defense,epa_per_play,16,0.10379027939177204,-0.07859064643230684,-1.1061287064424978
2012,NYG,defense,epa_per_play,16,0.03405519824732546,0.0028070436497153483,0.03950790204863648
2012,NYJ,defense,epa_per_play,16,-0.014229860197337945,0.015681236534876148,0.22070649207194068
2012,OAK,defense,epa_per_play,16,0.08561926028174363,-0.10836464701138082,-1.5251846404653369
2012,PHI,defense,epa_per_play,16,0.08414507950168157,-0.06138588694042078,-0.863979300306668
2012,PIT,defense,epa_per_play,16,-0.062315653059333585,0.026155782674197145,0.36813111189153896
2012,SEA,defense,epa_per_play,16,-0.06649998711273729,0.07690872725152334,1.082456435348703
2012,SF,defense,epa_per_play,16,-0.07609572046466312,0.08829636891560277,1.242732472194492
2012,TB,defense,epa_per_play,16,0.02433427636442468,-8.772909073250984e-06,-0.0001234748281900684
2012,TEN,defense,epa_per_play,16,0.05848568368480693,-0.07214074605754667,-1.0153492017292804
2012,WSH,defense,epa_per_play,16,0.03894383443579651,-0.02434181229343734,-0.34260027836516244
2012,ARI,offense,explosive_rate,16,0.06614017769002961,-0.027241331789972227,-1.5270655049774844
2012,ATL,offense,explosive_rate,16,0.0801980198019802,-0.02153856083172465,-1.2073856567134462
2012,BAL,offense,explosive_rate,16,0.10689990281827016,0.01155701429609219,0.647850773529356
2012,BUF,offense,explosive_rate,16,0.10802469135802469,0.00980823374275459,0.5498194996046083
2012,CAR,offense,explosive_rate,16,0.12295081967213115,0.020342068245583933,1.140313952241326
2012,CHI,offense,explosive_rate,16,0.09470468431771895,0.001506936224924688,0.08447422266401368
2012,CIN,offense,explosive_rate,16,0.0743718592964824,-0.018422594594210043,-1.032714146793533
2012,CLE,offense,explosive_rate,16,0.08476286579212916,-0.010773756191326905,-0.6039437266009576
2012,DAL,offense,explosive_rate,16,0.07818532818532818,-0.019505302390452905,-1.0934074249474866
2012,DEN,offense,explosive_rate,16,0.10422535211267606,0.002956502750027913,0.16573247592130858
2012,DET,offense,explosive_rate,16,0.09027777777777778,-0.004718358648003204,-0.2644967135610013
2012,GB,offense,explosive_rate,16,0.08966861598440545,-0.007093722885836601,-0.39765234696833485
2012,HOU,offense,explosive_rate,16,0.09692451071761417,-0.0012566126591619492,-0.0704418513644173
2012,IND,offense,explosive_rate,16,0.1014760147601476,-0.0005779187971098911,-0.03239635516142623
2012,JAX,offense,explosive_rate,16,0.07955689828801611,-0.022545116817038333,-1.2638100979210969
2012,KC,offense,explosive_rate,16,0.099601593625498,0.004574877218975933,0.2564535847393765
2012,LAC,offense,explosive_rate,16,0.07566462167689161,-0.02087909453942436,-1.1704179990955454
2012,LAR,offense,explosive_rate,16,0.09008097165991903,-0.0026245183693929313,-0.1471224498116901
2012,MIA,offense,explosive_rate,16,0.08740894901144641,-0.012920854101944532,-0.7243034498477067
2012,MIN,offense,explosive_rate,16,0.10323886639676114,0.0056198985261235535,0.3150342739074185
2012,NE,offense,explosive_rate,16,0.09906858594411516,0.004580434311086328,0.2567650982782591
2012,NO,offense,explosive_rate,16,0.09315589353612168,-0.003437182410471297,-0.1926779033348322
2012,NYG,offense,explosive_rate,16,0.11506276150627615,0.01946107218615331,1.090928015358716
2012,NYJ,offense,explosive_rate,16,0.08171206225680934,-0.017807126962377424,-0.9982129191278616
2012,OAK,offense,explosive_rate,16,0.07879377431906615,-0.016409316604243565,-0.9198559578432991
2012,PHI,offense,explosive_rate,16,0.10261194029850747,0.004422498649722737,0.2479117095256959
2012,PIT,offense,explosive_rate,16,0.09297725024727992,-0.0038049989210108617,-0.21329656874138195
2012,SEA,offense,explosive_rate,16,0.125,0.03202885884785419,1.795439587442253
2012,SF,offense,explosive_rate,16,0.14150943396226415,0.043670894697816445,2.4480564085014818
2012,TB,offense,explosive_rate,16,0.10789210789210789,0.010039393106727754,0.562777584532231
2012,TEN,offense,explosive_rate,16,0.0914826498422713,-0.0053527901534747915,-0.3000609978164935
2012,WSH,offense,explosive_rate,16,0.14343845371312308,0.04634047486319575,2.597704884381949
2012,ARI,defense,explosive_rate,16,0.10557184750733138,-0.002383079747637741,-0.164041006130162
2012,ATL,defense,explosive_rate,16,0.10323886639676114,-0.004056452491332573,-0.27922882088060436
2012,BAL,defense,explosive_rate,16,0.08526413345690455,0.008877923467158978,0.6111182386332356
2012,BUF,defense,explosive_rate,16,0.1145631067961165,-0.020271125054717027,-1.3953774533402363
2012,CAR,defense,explosive_rate,16,0.08565737051792828,0.013756882782825225,0.9469649075511312
2012,CHI,defense,explosive_rate,16,0.09891196834817013,-0.001733215954132153,-0.11930716512468623
2012,CIN,defense,explosive_rate,16,0.0958904109589041,0.00054881524270623,0.0377780914307339
2012,CLE,defense,explosive_rate,16,0.08465116279069768,0.013384321151591334,0.9213193600642419
2012,DAL,defense,explosive_rate,16,0.10736196319018405,-0.001062896131744849,-0.07316521867812736
2012,DEN,defense,explosive_rate,16,0.06865671641791045,0.023641969664291187,1.627411963226361
2012,DET,defense,explosive_rate,16,0.11065989847715736,-0.01338442865635782,-0.9213267602321359
2012,GB,defense,explosive_rate,16,0.0923226433430515,0.006022001600499227,0.414528805610575
2012,HOU,defense,explosive_rate,16,0.1044776119402985,-0.010804150167011483,-0.7437114370739981
2012,IND,defense,explosive_rate,16,0.09321175278622088,-0.0011543997419381908,-0.07946393541034485
2012,JAX,defense,explosive_rate,16,0.09074074074074075,0.0021049027817340686,0.14489249487514563
2012,KC,defense,explosive_rate,16,0.11610878661087866,-0.024192774560031816,-1.6653270138529441
2012,LAC,defense,explosive_rate,16,0.08159203980099503,0.012127322086811252,0.834792926571805
2012,LAR,defense,explosive_rate,16,0.09718172983479106,0.007400150273989986,0.509394659437086
2012,MIA,defense,explosive_rate,16,0.09501411100658513,-0.0005827063533931635,-0.04011101037800877
2012,MIN,defense,explosive_rate,16,0.07728119180633147,0.022011940313091793,1.515207722030724
2012,NE,defense,explosive_rate,16,0.11378977820636452,-0.017815687818801277,-1.226355667532076
2012,NO,defense,explosive_rate,16,0.12126865671641791,-0.019466386405433387,-1.3399826903948744
2012,NYG,defense,explosive_rate,16,0.1135678391959799,-0.01157037307277372,-0.7964549411492514
2012,NYJ,defense,explosive_rate,16,0.08791208791208792,0.009379673471899495,0.6456565606029546
2012,OAK,defense,explosive_rate,16,0.10574948665297741,-0.013241724186551496,-0.9115035955522715
2012,PHI,defense,explosive_rate,16,0.11668372569089049,-0.017919662215435873,-1.2335128198064045
2012,PIT,defense,explosive_rate,16,0.06595744680851064,0.0279209861579683,1.9219611370699943
2012,SEA,defense,explosive_rate,16,0.08446298227320125,0.013006885541736317,0.8953383087581208
2012,SF,defense,explosive_rate,16,0.06834170854271357,0.028886344091450883,1.9884122438116614
2012,TB,defense,explosive_rate,16,0.11187438665358194,-0.013690341645769157,-0.9423845005872598
2012,TEN,defense,explosive_rate,16,0.10861423220973783,-0.01763579078044917,-1.2139723256819501
2012,WSH,defense,explosive_rate,16,0.0943579766536965,0.0018950763557740993,0.1304489421315663
2012,ARI,offense,yards_per_play,16,4.157946692991115,-1.1883067401162661,-2.5837123953412857
2012,ATL,offense,yards_per_play,16,5.861386138613861,0.25620102101437336,0.5570529319978864
2012,BAL,offense,yards_per_play,16,5.49757045675413,0.11268224268509859,0.24500282404564766
2012,BUF,offense,yards_per_play,16,5.652263374485597,0.10936691672220339,0.23779437483320562
2012,CAR,offense,yards_per_play,16,5.925204918032787,0.2792111674921359,0.6070834490909796
2012,CHI,offense,yards_per_play,16,5.080448065173116,-0.346533417923642,-0.753460918012881
2012,CIN,offense,yards_per_play,16,5.366834170854271,-0.040504390140036976,-0.08806791322227782
2012,CLE,offense,yards_per_play,16,5.080726538849647,-0.3354230541143705,-0.7293038685561366
2012,DAL,offense,yards_per_play,16,5.812741312741313,0.32042635160842253,0.6966968279287733
2012,DEN,offense,yards_per_play,16,6.010328638497652,0.43211523625307274,0.9395398127712596
2012,DET,offense,yards_per_play,16,5.682291666666667,0.2995189274533532,0.6512382193721685
2012,GB,offense,yards_per_play,16,5.6267056530214425,0.15213852397860805,0.3307918544454561
2012,HOU,offense,yards_per_play,16,5.5675675675675675,-0.024456165746798302,-0.053174568862403314
2012,IND,offense,yards_per_play,16,5.365313653136531,-0.19338020281028553,-0.42046284023028246
2012,JAX,offense,yards_per_play,16,4.832829808660624,-0.7641690579114964,-1.661518024267729
2012,KC,offense,yards_per_play,16,5.092629482071713,-0.401050211269374,-0.8719957289051186
2012,LAC,offense,yards_per_play,16,4.872188139059305,-0.576807876366231,-1.2541422257285268
2012,LAR,offense,yards_per_play,16,5.350202429149798,0.015211499933942468,0.03307407052810887
2012,MIA,offense,yards_per_play,16,5.208116545265349,-0.3389917732035504,-0.737063265549294
2012,MIN,offense,yards_per_play,16,5.473684210526316,0.03434537183026731,0.07467647866102825
2012,NE,offense,yards_per_play,16,5.804403048264183,0.40784933293400644,0.8867789278304723
2012,NO,offense,yards_per_play,16,6.263307984790875,0.7879921652426876,1.7133161464447215
2012,NYG,offense,yards_per_play,16,5.9654811715481175,0.5174410048043676,1.1250619834411602
2012,NYJ,offense,yards_per_play,16,4.66147859922179,-0.8911692464946954,-1.9376520815575562
2012,OAK,offense,yards_per_play,16,5.360894941634241,-0.08738751599220339,-0.1900049883117941
2012,PHI,offense,yards_per_play,16,5.291044776119403,-0.3010814361327947,-0.6546355518162958
2012,PIT,offense,yards_per_play,16,5.278931750741839,-0.14652759458929246,-0.3185921190368413
2012,SEA,offense,yards_per_play,16,5.861458333333333,0.5537079561845145,1.2039165154056717
2012,SF,offense,yards_per_play,16,6.088050314465409,0.609843225672261,1.325970347715964
2012,TB,offense,yards_per_play,16,5.84015984015984,0.24768376809512413,0.5385340334687306
2012,TEN,offense,yards_per_play,16,5.278654048370137,-0.24314430313838847,-0.5286639624827495
2012,WSH,offense,yards_per_play,16,6.250254323499491,0.7431982740379893,1.6159216538999386
2012,ARI,defense,yards_per_play,16,5.303030303030303,0.2826475392443166,0.6620904715369208
2012,ATL,defense,yards_per_play,16,5.924089068825911,-0.29017864871048843,-0.6797317919999031
2012,BAL,defense,yards_per_play,16,5.21501390176089,0.2622821142950231,0.6143852842079044
2012,BUF,defense,yards_per_play,16,5.650485436893204,-0.39901365351433754,-0.9346734053003481
2012,CAR,defense,yards_per_play,16,5.322709163346613,0.40888183029537806,0.9577892117758456
2012,CHI,defense,yards_per_play,16,5.01186943620178,0.49168158106757964,1.1517442915848124
2012,CIN,defense,yards_per_play,16,5.016634050880627,0.4096758040229136,0.9596490632398198
2012,CLE,defense,yards_per_play,16,5.428837209302325,0.0942399296413998,0.22075323783332768
2012,DAL,defense,yards_per_play,16,5.821063394683026,-0.1224240826717765,-0.2867734806413069
2012,DEN,defense,yards_per_play,16,4.640796019900497,0.8134528679200925,1.9054805654223148
2012,DET,defense,yards_per_play,16,5.55736040609137,-0.18383422656180595,-0.4306242682123925
2012,GB,defense,yards_per_play,16,5.242954324586978,0.2376034582184773,0.5565765267628097
2012,HOU,defense,yards_per_play,16,5.155223880597015,0.2170370136605402,0.5084004591005312
2012,IND,defense,yards_per_play,16,6.075987841945289,-0.7950871071603745,-1.8624595108826993
2012,JAX,defense,yards_per_play,16,5.655555555555556,-0.27002085451327845,-0.6325129713412642
2012,KC,defense,yards_per_play,16,5.98744769874477,-0.4661709463472922,-1.091986657691718
2012,LAC,defense,yards_per_play,16,5.20497512437811,0.2825438199274176,0.6618475132164032
2012,LAR,defense,yards_per_play,16,5.338192419825073,0.14012533458642407,0.3282379499873991
2012,MIA,defense,yards_per_play,16,5.384760112888053,-0.061778813363589334,-0.14471438095794484
2012,MIN,defense,yards_per_play,16,5.231843575418995,0.2259777899122332,0.5293438672059747
2012,NE,defense,yards_per_play,16,5.764705882352941,-0.48302487331899513,-1.1314663025022988
2012,NO,defense,yards_per_play,16,6.583022388059701,-0.9420082065197398,-2.2066162660191395
2012,NYG,defense,yards_per_play,16,6.189949748743719,-0.4914310683035134,-1.1511574755300729
2012,NYJ,defense,yards_per_play,16,5.189810189810189,0.21150134738073134,0.49543338389700775
2012,OAK,defense,yards_per_play,16,5.849075975359343,-0.41605902457986876,-0.9746015001865769
2012,PHI,defense,yards_per_play,16,5.635619242579325,0.040247072224460424,0.09427714494957382
2012,PIT,defense,yards_per_play,16,4.712765957446808,0.6824179202034154,1.5985364803842659
2012,SEA,defense,yards_per_play,16,5.116788321167883,0.32051198814589565,0.7507864173596697
2012,SF,defense,yards_per_play,16,4.754773869346733,0.7248986224370331,1.6980458136276755
2012,TB,defense,yards_per_play,16,5.986261040235525,-0.3001121801697393,-0.703000689176472
2012,TEN,defense,yards_per_play,16,5.635767790262173,-0.3485723583506068,-0.8165167038862948
2012,WSH,defense,yards_per_play,16,5.89591439688716,-0.2760099890924747,-0.6465422777638222
2013,ARI,offense,epa_per_play,16,-0.036939841252253566,0.002029817553020743,0.023201439148489884
2013,ATL,offense,epa_per_play,16,-0.0032140853155789998,0.04070984578735623,0.46532606261848136
2013,BAL,offense,epa_per_play,16,-0.11510962023548349,-0.1278751352522402,-1.4616521394983284
2013,BUF,offense,epa_per_play,16,-0.08606928678472144,-0.08194754409782355,-0.9366856419815246
2013,CAR,offense,epa_per_play,16,0.04766664474931139,0.0768604636915715,0.8785387477871248
2013,CHI,offense,epa_per_play,16,0.08269245826671223,0.07348269041225533,0.8399297599591635
2013,CIN,offense,epa_per_play,16,0.023348740808214925,-0.0006526620450174935,-0.00746012798024891
2013,CLE,offense,epa_per_play,16,-0.07579875972564175,-0.08206776274095816,-0.9380597780604321
2013,DAL,offense,epa_per_play,16,0.055462242007710445,0.05188499953683775,0.5930615082540386
2013,DEN,offense,epa_per_play,16,0.21208001766720513,0.1970167721516549,2.2519623221862086
2013,DET,offense,epa_per_play,16,-0.0036812801786670337,-0.02329790068764265,-0.2663021729653992
2013,GB,offense,epa_per_play,16,0.06615477091045062,0.04518898530384841,0.5165240053966296
2013,HOU,offense,epa_per_play,16,-0.11251892995926581,-0.10183644177023873,-1.1640218616289564
2013,IND,offense,epa_per_play,16,0.026857302057854873,0.040279178070541106,0.4604033981109993
2013,JAX,offense,epa_per_play,16,-0.16945975527558502,-0.1491146785828608,-1.7044266545745455
2013,KC,offense,epa_per_play,16,0.02661445375045036,0.006040997899670466,0.0690504646375274
2013,LAC,offense,epa_per_play,16,0.13712401657198736,0.13959812056885013,1.595649468498388
2013,LAR,offense,epa_per_play,16,-0.08578735656706658,-0.05116532248220471,-0.584835378095358
2013,MIA,offense,epa_per_play,16,-0.04303495676045171,-0.036938488807068744,-0.422218291993902
2013,MIN,offense,epa_per_play,16,-0.038563033327031974,-0.04215670882966162,-0.4818641523509654
2013,NE,offense,epa_per_play,16,0.04079714062274594,0.056011697883792816,0.6402309400281903
2013,NO,offense,epa_per_play,16,0.12213073076532141,0.14763948467732443,1.687564734358726
2013,NYG,offense,epa_per_play,16,-0.15526488338097005,-0.16986965588047903,-1.9416624308062724
2013,NYJ,offense,epa_per_play,16,-0.10071691286836826,-0.09189099145071286,-1.0503423045427844
2013,OAK,offense,epa_per_play,16,-0.06309856432162737,-0.07054729066941441,-0.806377237759015
2013,PHI,offense,epa_per_play,16,0.10471028243895612,0.10009754998326051,1.14414579349587
2013,PIT,offense,epa_per_play,16,0.0017587511399434251,-0.010327755242845614,-0.11804941998416986
2013,SEA,offense,epa_per_play,16,0.06095968200065555,0.0920285997053815,1.0519152092317523
2013,SF,offense,epa_per_play,16,0.031788272999929264,0.06615284548343928,0.7561473772366629
2013,TB,offense,epa_per_play,16,-0.09618171269230241,-0.05955380673175352,-0.6807183339672344
2013,TEN,offense,epa_per_play,16,0.024065565963073222,0.027825539982707762,0.3180544831345815
2013,WSH,offense,epa_per_play,16,-0.04928800865353948,-0.06360544342049874,-0.7270297878936967
2013,ARI,defense,epa_per_play,16,-0.10173108257113844,0.1175341989094874,1.724045530394602
2013,ATL,defense,epa_per_play,16,0.09606936294714993,-0.08474378283435105,-1.2430606698293485
2013,BAL,defense,epa_per_play,16,-0.028667563350750123,0.011575607675514476,0.1697963219194301
2013,BUF,defense,epa_per_play,16,-0.08715725403794294,0.065752713094413,0.964490949643028
2013,CAR,defense,epa_per_play,16,-0.09828880728543575,0.09673509159330398,1.4189546858798312
2013,CHI,defense,epa_per_play,16,0.08269017170137714,-0.10351271264669289,-1.5183719396851643
2013,CIN,defense,epa_per_play,16,-0.10877236944741163,0.07804388769913562,1.14478353543663
2013,CLE,defense,epa_per_play,16,0.0008399714153886474,-0.04047495186929,-0.5937051556961368
2013,DAL,defense,epa_per_play,16,0.06654086290988148,-0.05660429502683928,-0.8302977579938507
2013,DEN,defense,epa_per_play,16,-0.024670405766968318,0.005659520102679334,0.08301643630312666
2013,DET,defense,epa_per_play,16,-0.023054618868018704,0.006369654825191873,0.09343301807834724
2013,GB,defense,epa_per_play,16,0.07997972703497236,-0.09646307951214698,-1.4149646879294873
2013,HOU,defense,epa_per_play,16,0.02877925195628131,-0.023019592398795495,-0.3376619380134997
2013,IND,defense,epa_per_play,16,0.01351079116742731,-0.022166538303253762,-0.32514894933234084
2013,JAX,defense,epa_per_play,16,0.0806825263004847,-0.07764287325589579,-1.1389012716792037
2013,KC,defense,epa_per_play,16,-0.06023070696150835,0.06433859086785931,0.9437479563122191
2013,LAC,defense,epa_per_play,16,0.09158206918210073,-0.1012793345589151,-1.4856117256739245
2013,LAR,defense,epa_per_play,16,-0.02386618334503785,0.04807633878243511,0.7052057849088462
2013,MIA,defense,epa_per_play,16,0.007736286405979965,-0.018320258093313415,-0.26872994732170646
2013,MIN,defense,epa_per_play,16,0.07863701229283616,-0.08498193494086619,-1.2465539941434716
2013,NE,defense,epa_per_play,16,0.0019828451784099773,-0.02795449344344518,-0.41004932966552143
2013,NO,defense,epa_per_play,16,-0.0396124269772239,0.046402558888248416,0.6806540138310591
2013,NYG,defense,epa_per_play,16,-0.061028655475283154,0.09779910740646845,1.4345621577814176
2013,NYJ,defense,epa_per_play,16,-0.004512539304764221,-0.01276554497124874,-0.18725086787441772
2013,OAK,defense,epa_per_play,16,0.07699801071876837,-0.058739423501966065,-0.861616801629782
2013,PHI,defense,epa_per_play,16,-0.004648521051553013,-0.007335992061572562,-0.1076076958204979
2013,PIT,defense,epa_per_play,16,-0.0032875299040543496,-0.03527561959281004,-0.5174389654683508
2013,SEA,defense,epa_per_play,16,-0.18405538393063164,0.16359674393523668,2.3997120649612533
2013,SF,defense,epa_per_play,16,-0.07683989116878343,0.07592023742182145,1.113632859270077
2013,TB,defense,epa_per_play,16,0.007749241189736783,0.021606849629721533,0.31693917919772113
2013,TEN,defense,epa_per_play,16,0.012712529861234929,-0.02204664026018656,-0.3233902298517899
2013,WSH,defense,epa_per_play,16,0.049314085598915126,-0.02608403356004011,-0.38261256630909446
2013,ARI,offense,explosive_rate,16,0.0892156862745098,-0.0022885864388605837,-0.15012443999038128
2013,ATL,offense,explosive_rate,16,0.06988188976377953,-0.023015205119976408,-1.5097287658605154
2013,BAL,offense,explosive_rate,16,0.07103321033210332,-0.02184162490891405,-1.4327454066225838
2013,BUF,offense,explosive_rate,16,0.09281164695177434,0.0004258183443113076,0.027932412511350903
2013,CAR,offense,explosive_rate,16,0.08868501529051988,-0.001860219855973084,-0.12202487063405935
2013,CHI,offense,explosive_rate,16,0.11055776892430279,0.016252688741730262,1.066127874510285
2013,CIN,offense,explosive_rate,16,0.08635097493036212,-0.008061311263062679,-0.5287979594773787
2013,CLE,offense,explosive_rate,16,0.07835820895522388,-0.015901406890163467,-1.043084833464868
2013,DAL,offense,explosive_rate,16,0.09157894736842105,-0.0069163914763752474,-0.4536946385399985
2013,DEN,offense,explosive_rate,16,0.10247349823321555,0.002664710522274758,0.17479705730212575
2013,DET,offense,explosive_rate,16,0.09981684981684982,0.0007359953248360883,0.04827909669534945
2013,GB,offense,explosive_rate,16,0.11215834118755891,0.015851873222518062,1.0398355727035604
2013,HOU,offense,explosive_rate,16,0.09023941068139964,-0.005153010626165319,-0.3380221176629509
2013,IND,offense,explosive_rate,16,0.08794466403162056,-0.006966608901631596,-0.45698875176044373
2013,JAX,offense,explosive_rate,16,0.06967615309126594,-0.023546927882215962,-1.5446081921107404
2013,KC,offense,explosive_rate,16,0.10337972166998012,0.005485057014290206,0.3598033697157638
2013,LAC,offense,explosive_rate,16,0.0949667616334283,-0.002340727081496997,-0.15354471053102212
2013,LAR,offense,explosive_rate,16,0.08986415882967608,-0.004602645302591722,-0.30191979502885236
2013,MIA,offense,explosive_rate,16,0.08190091001011122,-0.010033234953102533,-0.6581502682409252
2013,MIN,offense,explosive_rate,16,0.11232604373757456,0.012098193746781075,0.793605402135903
2013,NE,offense,explosive_rate,16,0.0875,-0.0037654927143995196,-0.2470050837664448
2013,NO,offense,explosive_rate,16,0.10122989593188268,0.004846556308565293,0.31791962905691407
2013,NYG,offense,explosive_rate,16,0.09387755102040816,-0.008856619255776911,-0.580967790163681
2013,NYJ,offense,explosive_rate,16,0.09594460929772503,0.003609785702303831,0.23679116848875797
2013,OAK,offense,explosive_rate,16,0.08980827447023208,-0.00952459070811301,-0.6247847238433345
2013,PHI,offense,explosive_rate,16,0.14807692307692308,0.046620381592600166,3.0581578916570815
2013,PIT,offense,explosive_rate,16,0.09018830525272548,-0.002810550915697723,-0.18436375184228973
2013,SEA,offense,explosive_rate,16,0.1289308176100629,0.037885967097993814,2.4852063690997954
2013,SF,offense,explosive_rate,16,0.12063492063492064,0.02573059521995626,1.6878502522046916
2013,TB,offense,explosive_rate,16,0.08847736625514403,-0.0027901376805458482,-0.18302470454062927
2013,TEN,offense,explosive_rate,16,0.09233791748526522,-0.002693995031941813,-0.17671803373465964
2013,WSH,offense,explosive_rate,16,0.09041591320072333,-0.009238335831295212,-0.6060072582658209
2013,ARI,defense,explosive_rate,16,0.08244422890397672,0.019128856589230085,1.376500371578691
2013,ATL,defense,explosive_rate,16,0.10372608257804633,-0.004904960259869636,-0.35295782519968105
2013,BAL,defense,explosive_rate,16,0.08635917566241413,0.007482423100878856,0.5384304143127207
2013,BUF,defense,explosive_rate,16,0.08837209302325581,-0.00037007418058691236,-0.026630303003995073
2013,CAR,defense,explosive_rate,16,0.09336099585062241,0.0027276926678487146,0.1962830320427428
2013,CHI,defense,explosive_rate,16,0.14130434782608695,-0.04359960641492314,-3.137399987860281
2013,CIN,defense,explosive_rate,16,0.06673114119922631,0.024850981735357592,1.7882608630185912
2013,CLE,defense,explosive_rate,16,0.07366482504604052,0.018828878637332416,1.3549141486737075
2013,DAL,defense,explosive_rate,16,0.12580943570767808,-0.02373287340336789,-1.7078024975503419
2013,DEN,defense,explosive_rate,16,0.09430438842203548,-0.0025495027169767856,-0.18346059634516065
2013,DET,defense,explosive_rate,16,0.09567901234567901,0.003827460157912915,0.2754216021743178
2013,GB,defense,explosive_rate,16,0.1221449851042701,-0.024694055997295957,-1.7769685865701084
2013,HOU,defense,explosive_rate,16,0.09728033472803348,-0.0047520801945933186,-0.3419566727952912
2013,IND,defense,explosive_rate,16,0.09636184857423795,-0.0030144506239530157,-0.21691795244651207
2013,JAX,defense,explosive_rate,16,0.10861423220973783,-0.01319887105695101,-0.9497823787619395
2013,KC,defense,explosive_rate,16,0.10103871576959396,-0.00848700958316654,-0.6107198195735506
2013,LAC,defense,explosive_rate,16,0.10482180293501048,-0.011718970340421547,-0.8432896630734641
2013,LAR,defense,explosive_rate,16,0.09751243781094528,0.0016922510588904252,0.12177331146270189
2013,MIA,defense,explosive_rate,16,0.08948339483394833,0.0002986675602915191,0.021491927957141874
2013,MIN,defense,explosive_rate,16,0.09587813620071685,0.003197239844036273,0.2300713486355827
2013,NE,defense,explosive_rate,16,0.09450945094509451,-0.004584326602360183,-0.3298852308371454
2013,NO,defense,explosive_rate,16,0.09294871794871795,0.0028456995686318336,0.20477473367786708
2013,NYG,defense,explosive_rate,16,0.08837209302325581,0.01548805552126316,1.1145106389711252
2013,NYJ,defense,explosive_rate,16,0.08115942028985507,0.0071544541676954575,0.5148299781712622
2013,OAK,defense,explosive_rate,16,0.09251968503937008,0.002158502285069656,0.15532445358617375
2013,PHI,defense,explosive_rate,16,0.08748906386701662,0.0068806594560493544,0.4951278846060172
2013,PIT,defense,explosive_rate,16,0.08,0.010934902622057187,0.7868686480148717
2013,SEA,defense,explosive_rate,16,0.07934893184130214,0.014785061454378452,1.063923632383952
2013,SF,defense,explosive_rate,16,0.076162215628091,0.018971956328584415,1.365209928468716
2013,TB,defense,explosive_rate,16,0.09880239520958084,0.0005561188227226512,0.04001795729647004
2013,TEN,defense,explosive_rate,16,0.09910802775024777,-0.004308575574937704,-0.3100423620310727
2013,WSH,defense,explosive_rate,16,0.11455108359133127,-0.011894504628790827,-0.8559209989841094
2013,ARI,offense,yards_per_play,16,5.454901960784314,0.1271423125616787,0.28345481437552206
2013,ATL,offense,yards_per_play,16,5.429133858267717,0.1442063404857045,0.3214978605514046
2013,BAL,offense,yards_per_play,16,4.5488929889298895,-0.8371720032737218,-1.866415908335758
2013,BUF,offense,yards_per_play,16,4.954504094631483,-0.44821956572266153,-0.9992738942780272
2013,CAR,offense,yards_per_play,16,5.184505606523955,-0.16750538899100104,-0.373441445153204
2013,CHI,offense,yards_per_play,16,6.103585657370518,0.6508385780991156,1.4509986850654444
2013,CIN,offense,yards_per_play,16,5.483751160631384,0.000595859119411379,0.001328425862054758
2013,CLE,offense,yards_per_play,16,5.07089552238806,-0.3577154155844848,-0.7975012777454484
2013,DAL,offense,yards_per_play,16,5.756842105263158,0.2583467694675206,0.5759658929305879
2013,DEN,offense,yards_per_play,16,6.484982332155477,0.926709678687534,2.0660338376685443
2013,DET,offense,yards_per_play,16,5.762820512820513,0.27833248694231344,0.6205226397981417
2013,GB,offense,yards_per_play,16,6.04995287464656,0.5149582487544871,1.148063078849425
2013,HOU,offense,yards_per_play,16,5.1187845303867405,-0.30883106978602837,-0.6885170781901923
2013,IND,offense,yards_per_play,16,5.425889328063241,0.057945373575621496,0.12918512161617918
2013,JAX,offense,yards_per_play,16,4.616290480863592,-0.727618259567105,-1.6221735671295816
2013,KC,offense,yards_per_play,16,5.379721669980119,-0.1334684431294938,-0.29755847608748953
2013,LAC,offense,yards_per_play,16,5.981956315289649,0.5319889690905196,1.1860318681081436
2013,LAR,offense,yards_per_play,16,5.117032392894462,-0.2320417891550295,-0.5173207954681761
2013,MIA,offense,yards_per_play,16,5.069767441860465,-0.3367556962544773,-0.7507730624697144
2013,MIN,offense,yards_per_play,16,5.4831013916500995,0.025946488812059885,0.05784586595761694
2013,NE,offense,yards_per_play,16,5.513392857142857,0.18205639852067498,0.405881894145069
2013,NO,offense,yards_per_play,16,6.068117313150426,0.6232576367402516,1.389508922486456
2013,NYG,offense,yards_per_play,16,5.03265306122449,-0.5727754848987404,-1.2769625271021323
2013,NYJ,offense,yards_per_play,16,5.040553907022749,-0.32663347592584097,-0.7282062864963473
2013,OAK,offense,yards_per_play,16,5.39656912209889,-0.13967310925424434,-0.31139134139577207
2013,PHI,offense,yards_per_play,16,6.444230769230769,0.9139488697761219,2.037584514635326
2013,PIT,offense,yards_per_play,16,5.365708622398414,-0.029249513573821936,-0.06520972659293914
2013,SEA,offense,yards_per_play,16,5.7085953878406706,0.3747147293593768,0.8354000482935212
2013,SF,offense,yards_per_play,16,5.497354497354498,0.15352786009339064,0.3422795307668703
2013,TB,offense,yards_per_play,16,4.593621399176954,-0.7795467447228983,-1.7379444605798902
2013,TEN,offense,yards_per_play,16,5.306483300589391,-0.1412730037103558,-0.3149581931930954
2013,WSH,offense,yards_per_play,16,5.3544303797468356,-0.2260376365451406,-0.5039349608925398
2013,ARI,defense,yards_per_play,16,4.939864209505335,0.5258789220205007,1.352329760171352
2013,ATL,defense,yards_per_play,16,6.123867069486405,-0.7524581971237602,-1.9349922019047683
2013,BAL,defense,yards_per_play,16,5.291462217860648,0.16337652913475087,0.4201327210709078
2013,BUF,defense,yards_per_play,16,4.976744186046512,0.26774601601303377,0.6885252297819658
2013,CAR,defense,yards_per_play,16,5.013485477178423,0.3720694586904863,0.9567993330189519
2013,CHI,defense,yards_per_play,16,6.25,-0.7431591358558851,-1.9110790980178682
2013,CIN,defense,yards_per_play,16,4.733075435203094,0.6084530203930044,1.5646740964292845
2013,CLE,defense,yards_per_play,16,4.917127071823204,0.3803799677731776,0.9781703145968415
2013,DAL,defense,yards_per_play,16,6.167437557816836,-0.5009639460347741,-1.2882593780201386
2013,DEN,defense,yards_per_play,16,5.324929971988795,0.03789471489218466,0.09744857334242958
2013,DET,defense,yards_per_play,16,5.744855967078189,-0.22826452559027022,-0.5869961662683388
2013,GB,defense,yards_per_play,16,5.923535253227408,-0.408815003563691,-1.0512927454857863
2013,HOU,defense,yards_per_play,16,5.334728033472803,0.062236911306092824,0.160046017849226
2013,IND,defense,yards_per_play,16,5.6234021632251725,-0.24352567584428464,-0.626241146051253
2013,JAX,defense,yards_per_play,16,5.702247191011236,-0.2738414596003007,-0.7042000351785707
2013,KC,defense,yards_per_play,16,5.564683663833805,-0.04807611403942298,-0.12363066296571194
2013,LAC,defense,yards_per_play,16,6.1425576519916145,-0.7075449991757136,-1.8194951708082128
2013,LAR,defense,yards_per_play,16,5.506467661691542,-0.00015699411666344985,-0.0004037199579888436
2013,MIA,defense,yards_per_play,16,5.330258302583026,-0.02864188039009725,-0.07365434440718185
2013,MIN,defense,yards_per_play,16,5.717741935483871,-0.16175455308231895,-0.41596171060860804
2013,NE,defense,yards_per_play,16,5.377137713771377,-0.12322167773014737,-0.3168720686744599
2013,NO,defense,yards_per_play,16,5.233974358974359,0.1272452834222263,0.32721901640788387
2013,NYG,defense,yards_per_play,16,4.9581395348837205,0.7703005132907284,1.9808748074481477
2013,NYJ,defense,yards_per_play,16,5.19903381642512,0.05099366411525469,0.13113332114193288
2013,OAK,defense,yards_per_play,16,5.74015748031496,-0.1974520027944881,-0.5077598823674605
2013,PHI,defense,yards_per_play,16,5.532808398950131,-0.04528275343966976,-0.1164473656100708
2013,PIT,defense,yards_per_play,16,5.284878048780488,0.027148067017253658,0.06981291210026189
2013,SEA,defense,yards_per_play,16,4.471007121057986,0.846173169408977,2.1759859757333433
2013,SF,defense,yards_per_play,16,5.028684470820969,0.37512898240163167,0.9646670850684845
2013,TB,defense,yards_per_play,16,5.598802395209581,-0.04471978295586722,-0.11499965263382274
2013,TEN,defense,yards_per_play,16,5.372646184340931,0.04378663331427211,0.11260000134809886
2013,WSH,defense,yards_per_play,16,5.869969040247678,-0.15093315185220962,-0.38813381654887097
2014,ARI,offense,epa_per_play,16,-0.049237582696846305,-0.013839333722375186,-0.16950878359014088
2014,ATL,offense,epa_per_play,16,0.009420072071143076,0.0057346972139299774,0.07024048761978631
2014,BAL,offense,epa_per_play,16,0.048710101876670915,0.04328972598914852,0.5302270283801058
2014,BUF,offense,epa_per_play,16,-0.07391082434653116,-0.04010297834127983,-0.49119467839579656
2014,CAR,offense,epa_per_play,16,-0.011376038452538713,-0.017527878354293026,-0.21468731070114985
2014,CHI,offense,epa_per_play,16,-0.06347492009640962,-0.041934972374072246,-0.5136335534365154
2014,CIN,offense,epa_per_play,16,-0.020217716967654648,-0.020671341516366168,-0.2531894978405632
2014,CLE,offense,epa_per_play,16,-0.08099993494034774,-0.08607267312890401,-1.0542468600817867
2014,DAL,offense,epa_per_play,16,0.11551241051361907,0.11764253378117119,1.4409250618386198
2014,DEN,offense,epa_per_play,16,0.100745791665091,0.14298541662724834,1.75133315879509
2014,DET,offense,epa_per_play,16,-0.011766757670914738,-0.016013323533417233,-0.1961365371944541
2014,GB,offense,epa_per_play,16,0.1358306031127718,0.15263315594709906,1.8695018935990917
2014,HOU,offense,epa_per_play,16,-0.03511798317993362,-0.03974707675482117,-0.48683547684688827
2014,IND,offense,epa_per_play,16,0.010219341259205117,0.015864168720836427,0.19430963921278765
2014,JAX,offense,epa_per_play,16,-0.17840167789944295,-0.1732146707019943,-2.121591163251122
2014,KC,offense,epa_per_play,16,0.028625589509289194,0.06246957949825686,0.7651482827545961
2014,LAC,offense,epa_per_play,16,0.011026016361886333,0.059291338569906066,0.7262201259134637
2014,LAR,offense,epa_per_play,16,-0.11857230655984526,-0.08750760416457862,-1.0718223748625164
2014,MIA,offense,epa_per_play,16,0.004801172604592304,0.042230645541003156,0.5172550571789882
2014,MIN,offense,epa_per_play,16,-0.03543987798976859,-0.023674845023059214,-0.28997741235593916
2014,NE,offense,epa_per_play,16,0.08325473098473407,0.1211799645285421,1.4842526955997755
2014,NO,offense,epa_per_play,16,0.058578848616011286,0.05667425070633787,0.6941651593087539
2014,NYG,offense,epa_per_play,16,-0.015550657994630443,-0.0007406939919227221,-0.009072267502251112
2014,NYJ,offense,epa_per_play,16,-0.08643953049591194,-0.056126820190125784,-0.687460047432202
2014,OAK,offense,epa_per_play,16,-0.18417408350083192,-0.12409027371773661,-1.5198991349751063
2014,PHI,offense,epa_per_play,16,-0.015488117336908762,-0.01100676258194617,-0.13481450581066992
2014,PIT,offense,epa_per_play,16,0.10866601824361041,0.11040856294302008,1.3523209699147734
2014,SEA,offense,epa_per_play,16,0.09190220215541162,0.12138750765852874,1.4867947532025678
2014,SF,offense,epa_per_play,16,-0.043514813129512005,-0.018001288812938564,-0.22048580018002925
2014,TB,offense,epa_per_play,16,-0.10492800380252713,-0.12269502218293374,-1.5028096279792282
2014,TEN,offense,epa_per_play,16,-0.11883868738450137,-0.10307225858002587,-1.262463462785628
2014,WSH,offense,epa_per_play,16,-0.07295705452523006,-0.055751730052444125,-0.6828658180964133
2014,ARI,defense,epa_per_play,16,-0.04957140915694668,0.05030528813302038,0.7906974430362044
2014,ATL,defense,epa_per_play,16,0.07931991487637588,-0.0998258628553399,-1.569060777464978
2014,BAL,defense,epa_per_play,16,-0.038074816437590926,0.005204331240803409,0.08180156714213484
2014,BUF,defense,epa_per_play,16,-0.11530677605847892,0.11474378410034201,1.803540344556414
2014,CAR,defense,epa_per_play,16,-0.004209935605293215,-0.0025993515312597933,-0.04085655177808381
2014,CHI,defense,epa_per_play,16,0.08075839024192874,-0.07970146256904234,-1.2527458841492742
2014,CIN,defense,epa_per_play,16,-0.017469390080184943,0.008096700536123325,0.1272637658692035
2014,CLE,defense,epa_per_play,16,-0.054728869509079486,0.021710954708064643,0.34125232178670134
2014,DAL,defense,epa_per_play,16,-0.008585263071049612,-0.03627053111984861,-0.5700994324531565
2014,DEN,defense,epa_per_play,16,-0.07791561758070893,0.06810617372179838,1.0704913820274309
2014,DET,defense,epa_per_play,16,-0.11740481561814653,0.1107380935269093,1.740578985789673
2014,GB,defense,epa_per_play,16,-0.044835296114574374,0.023883685662690522,0.375403260465066
2014,HOU,defense,epa_per_play,16,-0.13403289695082132,0.0859308509676326,1.3506592777754545
2014,IND,defense,epa_per_play,16,-0.0535390441474166,0.02831293029609551,0.4450220328882422
2014,JAX,defense,epa_per_play,16,0.007443760075708321,-0.029159435782514658,-0.45832738802020323
2014,KC,defense,epa_per_play,16,-0.029005270130362356,0.021933439025261434,0.3447493255263078
2014,LAC,defense,epa_per_play,16,-0.018114533120690633,0.009805085567051059,0.15411612524947255
2014,LAR,defense,epa_per_play,16,-0.057585103741200766,0.05514690954780098,0.8667979448898727
2014,MIA,defense,epa_per_play,16,-0.0011790781880356284,-0.0017420335559734587,-0.027381246177301425
2014,MIN,defense,epa_per_play,16,0.012020908380693683,-0.028028294942733418,-0.44054814049131874
2014,NE,defense,epa_per_play,16,-0.037295886797997425,0.029913186922020104,0.47017483231112694
2014,NO,defense,epa_per_play,16,0.09902915768753427,-0.11590109849108848,-1.8217309873995724
2014,NYG,defense,epa_per_play,16,0.020658082803271756,-0.050091701171811005,-0.7873402877476826
2014,NYJ,defense,epa_per_play,16,0.03380194489253453,-0.017649130065611484,-0.27740864892354594
2014,OAK,defense,epa_per_play,16,0.03585309003368415,-0.01599650809532102,-0.2514327721378139
2014,PHI,defense,epa_per_play,16,-0.03756240344481292,0.019393301393723875,0.30482349655767565
2014,PIT,defense,epa_per_play,16,0.04040141065917943,-0.08411329192036024,-1.3220909235410523
2014,SEA,defense,epa_per_play,16,-0.13107843487778917,0.1251990791642182,1.9678764487714553
2014,SF,defense,epa_per_play,16,-0.027634235399579703,0.0284389040545322,0.44700208572925093
2014,TB,defense,epa_per_play,16,0.026048103355919842,-0.035771511718112776,-0.5622558561687983
2014,TEN,defense,epa_per_play,16,0.06792153026204441,-0.10058519479331741,-1.5809959406268888
2014,WSH,defense,epa_per_play,16,0.08501326256992782,-0.10942728995579913,-1.7199758032920172
2014,ARI,offense,explosive_rate,16,0.09155645981688708,0.0011713990996868881,0.08277531744990398
2014,ATL,offense,explosive_rate,16,0.09241245136186771,-0.009558505809239436,-0.6754387577315429
2014,BAL,offense,explosive_rate,16,0.11288711288711288,0.011668178180345974,0.8245158743867013
2014,BUF,offense,explosive_rate,16,0.07837301587301587,-0.016969376812927872,-1.1991178352298066
2014,CAR,offense,explosive_rate,16,0.09419600380589914,-0.004481079406541473,-0.31664935587758747
2014,CHI,offense,explosive_rate,16,0.08124373119358075,-0.0134586741060048,-0.9510388234622145
2014,CIN,offense,explosive_rate,16,0.09145129224652088,-0.00805549554469516,-0.5692305902414834
2014,CLE,offense,explosive_rate,16,0.09751243781094528,-0.0008964359194389175,-0.06334541986902244
2014,DAL,offense,explosive_rate,16,0.11511511511511512,0.01566336731918616,1.1068304581404347
2014,DEN,offense,explosive_rate,16,0.11281070745697896,0.01714353458359089,1.2114244562252492
2014,DET,offense,explosive_rate,16,0.08869395711500974,-0.01383145080246272,-0.97738057956845
2014,GB,offense,explosive_rate,16,0.12830957230142567,0.0329305537930048,2.3269926063008
2014,HOU,offense,explosive_rate,16,0.0989433237271854,-0.0018272798443553604,-0.1291222344502629
2014,IND,offense,explosive_rate,16,0.10947562097516099,0.01277786808687569,0.9029305959857399
2014,JAX,offense,explosive_rate,16,0.08805668016194332,-0.010924292896489735,-0.7719502368214234
2014,KC,offense,explosive_rate,16,0.09205020920502092,-0.0006396628081476189,-0.04520089866760611
2014,LAC,offense,explosive_rate,16,0.09154228855721393,0.00137578497085701,0.09721796588013269
2014,LAR,offense,explosive_rate,16,0.09503695881731784,0.0029950799261786857,0.21164323221905523
2014,MIA,offense,explosive_rate,16,0.09250243427458617,-0.002370547709455782,-0.16751151612695703
2014,MIN,offense,explosive_rate,16,0.08686659772492245,-0.01015591565077867,-0.7176539082246418
2014,NE,offense,explosive_rate,16,0.08246445497630332,-0.011064128623784659,-0.7818315374991248
2014,NO,offense,explosive_rate,16,0.09158186864014801,-0.0048046991331653945,-0.33951750185048424
2014,NYG,offense,explosive_rate,16,0.08170844939647168,-0.01109836665881987,-0.7842509214816107
2014,NYJ,offense,explosive_rate,16,0.0964660936007641,-0.0007261442092764247,-0.05131198875962768
2014,OAK,offense,explosive_rate,16,0.06002034587995931,-0.0312938021743143,-2.211333788686571
2014,PHI,offense,explosive_rate,16,0.1055004508566276,0.007785832975596839,0.5501752531100731
2014,PIT,offense,explosive_rate,16,0.09386973180076628,-0.00454862627534067,-0.32142246310385736
2014,SEA,offense,explosive_rate,16,0.13672654690618763,0.04103983365174048,2.900023791634394
2014,SF,offense,explosive_rate,16,0.11167002012072434,0.015769119588714683,1.1143032978272247
2014,TB,offense,explosive_rate,16,0.0913978494623656,-0.008437874501150437,-0.5962508769353936
2014,TEN,offense,explosive_rate,16,0.09613259668508287,-0.0029855074517624865,-0.21096680638763796
2014,WSH,offense,explosive_rate,16,0.10589410589410589,0.007807314162112604,0.5516931918155971
2014,ARI,defense,explosive_rate,16,0.10932798395185557,-0.005832346871269859,-0.4377583384359306
2014,ATL,defense,explosive_rate,16,0.0986328125,-0.005349546215388094,-0.40152077959741905
2014,BAL,defense,explosive_rate,16,0.08171206225680934,0.011443860599444711,0.8589416082179677
2014,BUF,defense,explosive_rate,16,0.08169291338582677,0.011508364099924546,0.8637830461187903
2014,CAR,defense,explosive_rate,16,0.09378185524974515,0.0018763443540268318,0.14083273935460194
2014,CHI,defense,explosive_rate,16,0.11212121212121212,-0.01640835231855333,-1.2315613604562832
2014,CIN,defense,explosive_rate,16,0.08773584905660377,0.008369158321409463,0.6281637429565465
2014,CLE,defense,explosive_rate,16,0.1008174386920981,-0.0094669986464756,-0.7105643215201244
2014,DAL,defense,explosive_rate,16,0.09072164948453608,0.00816930687986839,0.6131634974440807
2014,DEN,defense,explosive_rate,16,0.06802721088435375,0.027322163260243854,2.050719042479186
2014,DET,defense,explosive_rate,16,0.07487179487179488,0.018082346620263434,1.3572063161204506
2014,GB,defense,explosive_rate,16,0.09674329501915709,-0.005495134262830167,-0.41244817866180256
2014,HOU,defense,explosive_rate,16,0.08176691729323309,0.01334188642873511,1.00140169361348
2014,IND,defense,explosive_rate,16,0.11066398390342053,-0.01440260676566161,-1.0810161579953397
2014,JAX,defense,explosive_rate,16,0.10610328638497653,-0.007361813394254893,-0.5525554756042299
2014,KC,defense,explosive_rate,16,0.10484668644906034,-0.008695211822875517,-0.652636333870818
2014,LAC,defense,explosive_rate,16,0.10030395136778116,-0.0041429195066973405,-0.31095502369047445
2014,LAR,defense,explosive_rate,16,0.09706774519716886,0.005795073604968218,0.43496071965701677
2014,MIA,defense,explosive_rate,16,0.09322865554465162,-0.0006591192634275994,-0.04947150091741394
2014,MIN,defense,explosive_rate,16,0.09117938553022795,0.0025948432756289362,0.19476109804626776
2014,NE,defense,explosive_rate,16,0.103515625,-0.009860737794824064,-0.7401171926305503
2014,NO,defense,explosive_rate,16,0.11572700296735905,-0.020221925216146155,-1.5177966225212873
2014,NYG,defense,explosive_rate,16,0.13306451612903225,-0.030469521323120172,-2.286950231481408
2014,NYJ,defense,explosive_rate,16,0.08368200836820083,0.008448099061873498,0.6340887964801311
2014,OAK,defense,explosive_rate,16,0.103515625,-0.002642206549310842,-0.19831604230034194
2014,PHI,defense,explosive_rate,16,0.10665451230628988,-0.0030069747060910428,-0.22569443829609015
2014,PIT,defense,explosive_rate,16,0.11336898395721925,-0.01837973183327361,-1.3795271519012873
2014,SEA,defense,explosive_rate,16,0.06768558951965066,0.03352417795582611,2.516223531154765
2014,SF,defense,explosive_rate,16,0.08932238193018481,0.011945604083165874,0.8966009584936601
2014,TB,defense,explosive_rate,16,0.09714285714285714,-0.0023871587913837124,-0.17917292801099807
2014,TEN,defense,explosive_rate,16,0.10120705663881151,-0.0034786766873416254,-0.2610989641424604
2014,WSH,defense,explosive_rate,16,0.09494324045407637,0.00583975342383659,0.43831425189731504
2014,ARI,offense,yards_per_play,16,5.2268565615462865,-0.21343844903293202,-0.49321212729403985
2014,ATL,offense,yards_per_play,16,5.892023346303502,0.2600532886815894,0.600929384101543
2014,BAL,offense,yards_per_play,16,5.852147852147852,0.24274903956962723,0.5609428420589798
2014,BUF,offense,yards_per_play,16,5.075396825396825,-0.3102049882762694,-0.7168195929940228
2014,CAR,offense,yards_per_play,16,5.2873453853472885,-0.3211216964218182,-0.7420458484879185
2014,CHI,offense,yards_per_play,16,5.271815446339017,-0.20941296250185445,-0.48391006019045024
2014,CIN,offense,yards_per_play,16,5.5516898608349905,-0.0019253943917356792,-0.00444918836278783
2014,CLE,offense,yards_per_play,16,5.173134328358209,-0.4052621415015668,-0.9364770210220402
2014,DAL,offense,yards_per_play,16,6.1591591591591595,0.5358373160302825,1.238209252929982
2014,DEN,offense,yards_per_play,16,6.18546845124283,0.7899191731704517,1.8253398933323166
2014,DET,offense,yards_per_play,16,5.333333333333333,-0.34324846332262443,-0.79317623208448
2014,GB,offense,yards_per_play,16,6.315682281059063,0.8097949200500177,1.8712686350583996
2014,HOU,offense,yards_per_play,16,5.316042267050912,-0.2257043956321918,-0.5215561938992807
2014,IND,offense,yards_per_play,16,6.001839926402944,0.5137725209491069,1.1872220733959071
2014,JAX,offense,yards_per_play,16,4.695344129554656,-0.8590486066531658,-1.985083721591722
2014,KC,offense,yards_per_play,16,5.339958158995816,-0.06778479483845475,-0.15663664635772834
2014,LAC,offense,yards_per_play,16,5.440796019900498,0.16427194042404905,0.3795984910814051
2014,LAR,offense,yards_per_play,16,5.329461457233369,-0.10470079852603645,-0.24194189849238834
2014,MIA,offense,yards_per_play,16,5.468354430379747,0.11039691440736434,0.25510444462369875
2014,MIN,offense,yards_per_play,16,5.239917269906929,-0.35205429012929257,-0.813524677229144
2014,NE,offense,yards_per_play,16,5.566824644549763,0.20326703217155975,0.46970808587090307
2014,NO,offense,yards_per_play,16,6.097132284921369,0.4985334079823353,1.1520076340177814
2014,NYG,offense,yards_per_play,16,5.464252553389044,-0.10489820448064534,-0.24239806283978924
2014,NYJ,offense,yards_per_play,16,4.997134670487106,-0.41990633079213685,-0.970316714784992
2014,OAK,offense,yards_per_play,16,4.598168870803662,-0.67240229312351,-1.5537826801681045
2014,PHI,offense,yards_per_play,16,5.7348963029756534,0.10037266153558426,0.23194046875226806
2014,PIT,offense,yards_per_play,16,6.32088122605364,0.8336294790516069,1.9263453731136877
2014,SEA,offense,yards_per_play,16,6.0199600798403194,0.48474002441180797,1.1201339763696831
2014,SF,offense,yards_per_play,16,5.28672032193159,-0.28940878227567596,-0.6687638605442581
2014,TB,offense,yards_per_play,16,5.023655913978494,-0.7071938917341173,-1.6341788713908323
2014,TEN,offense,yards_per_play,16,5.383425414364641,-0.11473513003215349,-0.26512916400401315
2014,WSH,offense,yards_per_play,16,5.7382617382617385,0.17511389521644932,0.4046520070314378
2014,ARI,defense,yards_per_play,16,5.921765295887663,-0.317643045425232,-0.8235956706336967
2014,ATL,defense,yards_per_play,16,6.2421875,-0.7744653669525668,-2.0080600928110623
2014,BAL,defense,yards_per_play,16,5.254863813229572,0.27575409917109384,0.7149845888555036
2014,BUF,defense,yards_per_play,16,4.926181102362205,0.5274869034749966,1.3676859489729702
2014,CAR,defense,yards_per_play,16,5.55249745158002,0.06349232667976727,0.1646250598734275
2014,CHI,defense,yards_per_play,16,6.1171717171717175,-0.63191194918401,-1.6384427522176497
2014,CIN,defense,yards_per_play,16,5.433018867924528,0.18729975248296593,0.4856371561627677
2014,CLE,defense,yards_per_play,16,5.330608537693006,0.19464770225508451,0.5046891697594806
2014,DAL,defense,yards_per_play,16,5.870103092783505,-0.375403162431212,-0.9733580626850479
2014,DEN,defense,yards_per_play,16,4.7512147716229345,0.7001741447528691,1.815435290059753
2014,DET,defense,yards_per_play,16,4.94974358974359,0.5282666770040669,1.3697077722487057
2014,GB,defense,yards_per_play,16,5.32088122605364,0.0708457794395691,0.1836913418034055
2014,HOU,defense,yards_per_play,16,5.25,0.24705797863988194,0.6405803134468641
2014,IND,defense,yards_per_play,16,5.5261569416499,0.025101372004437808,0.06508368940291599
2014,JAX,defense,yards_per_play,16,5.585915492957747,0.051191196818068836,0.1327302728038041
2014,KC,defense,yards_per_play,16,5.246290801186944,0.27883411185580104,0.7229705502960336
2014,LAC,defense,yards_per_play,16,5.485309017223911,-0.031236701375376937,-0.08099157966297038
2014,LAR,defense,yards_per_play,16,5.704752275025278,-0.2062428955363697,-0.5347535805024076
2014,MIA,defense,yards_per_play,16,5.405299313052012,0.03163471717218409,0.08202356852950295
2014,MIN,defense,yards_per_play,16,5.480673934588702,0.0143831965769572,0.03729324032402437
2014,NE,defense,yards_per_play,16,5.396484375,0.08339193306640023,0.21622143480864361
2014,NO,defense,yards_per_play,16,6.094955489614243,-0.601253372989066,-1.558950155148152
2014,NYG,defense,yards_per_play,16,6.080645161290323,-0.5248533888753731,-1.36085768292606
2014,NYJ,defense,yards_per_play,16,5.493723849372385,0.09792812795185943,0.2539113743415847
2014,OAK,defense,yards_per_play,16,5.6083984375,-0.03006089624300244,-0.07794291220281913
2014,PHI,defense,yards_per_play,16,5.492251595259799,0.06670737674709172,0.17296115082347727
2014,PIT,defense,yards_per_play,16,6.055614973262032,-0.6524463261868775,-1.6916849819540491
2014,SEA,defense,yards_per_play,16,4.67467248908297,0.8681866406894015,2.251063792740382
2014,SF,defense,yards_per_play,16,5.295687885010267,0.3247616702580432,0.8420530827411429
2014,TB,defense,yards_per_play,16,5.637142857142857,-0.010948921084184294,-0.028388734251374288
2014,TEN,defense,yards_per_play,16,5.560817084493965,-0.05703249310938498,-0.1478757841140027
2014,WSH,defense,yards_per_play,16,5.9071207430340555,-0.42364718763460785,-1.098446808885098
2015,ARI,offense,epa_per_play,16,0.1133750231863494,0.13630305305263102,1.876913001537579
2015,ATL,offense,epa_per_play,16,-0.0018515390174381093,-0.032142941568551346,-0.4426130125961698
2015,BAL,offense,epa_per_play,16,-0.07344030680406814,-0.040975754633411576,-0.5642421420272318
2015,BUF,offense,epa_per_play,16,0.04625627880914971,0.048136932386143534,0.6628526084063542
2015,CAR,offense,epa_per_play,16,0.0787100246951179,0.044625302398812725,0.6144969492175206
2015,CHI,offense,epa_per_play,16,-0.0193801133731483,0.02105307339128986,0.2899039037311675
2015,CIN,offense,epa_per_play,16,0.07645586604615047,0.11850619182958393,1.6318476162215256
2015,CLE,offense,epa_per_play,16,-0.0878917913580799,-0.0351559666357938,-0.48410280901681507
2015,DAL,offense,epa_per_play,16,-0.08358417261476098,-0.10141065382102384,-1.3964395542748087
2015,DEN,offense,epa_per_play,16,-0.07357686635826018,-0.054454007767058527,-0.7498396615104431
2015,DET,offense,epa_per_play,16,-0.020257984576617604,0.02074261988246951,0.28562891345011426
2015,GB,offense,epa_per_play,16,-0.03052580142589738,0.00784028787128862,0.10796191216446134
2015,HOU,offense,epa_per_play,16,-0.055763870148424856,-0.07274046003522867,-1.001646787216369
2015,IND,offense,epa_per_play,16,-0.08992795823668859,-0.08594124887094098,-1.183423582683553
2015,JAX,offense,epa_per_play,16,-0.06103268939524629,-0.06934967653943294,-0.9549552019134285
2015,KC,offense,epa_per_play,16,0.03105628283357791,0.06502951885553192,0.8954659979373322
2015,LAC,offense,epa_per_play,16,-0.01189356011933247,0.02467707284134722,0.3398069068777758
2015,LAR,offense,epa_per_play,16,-0.1606599485702821,-0.13559697377226812,-1.8671901864447178
2015,MIA,offense,epa_per_play,16,-0.02949962073460202,-0.039460971363892504,-0.5433833545723816
2015,MIN,offense,epa_per_play,16,0.0016388363443876099,0.03453889439144709,0.4756056338445074
2015,NE,offense,epa_per_play,16,0.10373291722558953,0.09595672122511877,1.321338103723899
2015,NO,offense,epa_per_play,16,0.07327661920848824,0.06540636354202073,0.900655204457586
2015,NYG,offense,epa_per_play,16,0.012871566316141914,-0.007430176455880961,-0.10231461791526965
2015,NYJ,offense,epa_per_play,16,0.023486477259892537,-0.0063520877064936684,-0.08746917795469084
2015,OAK,offense,epa_per_play,16,-0.0505756026822324,-0.007945258291176305,-0.10940737021883239
2015,PHI,offense,epa_per_play,16,-0.04779741800236059,-0.07236522541728137,-0.9964797515757193
2015,PIT,offense,epa_per_play,16,0.05977628571875179,0.09902511843324163,1.363590382633482
2015,SEA,offense,epa_per_play,16,0.11045119095104207,0.1474771661143726,2.0307821747991315
2015,SF,offense,epa_per_play,16,-0.0868489459290273,-0.04235595380212979,-0.5832476867047843
2015,TB,offense,epa_per_play,16,0.011198321895267763,-3.221276022099664e-05,-0.0004435744256878238
2015,TEN,offense,epa_per_play,16,-0.11828820488612823,-0.13393016934797303,-1.8442380454257499
2015,WSH,offense,epa_per_play,16,0.03223634301686344,0.008321422573512377,0.11458720747421493
2015,ARI,defense,epa_per_play,16,-0.10400381157840972,0.10912771465511534,1.417398865218457
2015,ATL,defense,epa_per_play,16,0.0001662195170407143,-0.028730565567353303,-0.37316525101772213
2015,BAL,defense,epa_per_play,16,0.02416756914397149,-0.011544600543887448,-0.14994636112406595
2015,BUF,defense,epa_per_play,16,0.030995694979612895,-0.057452349393354515,-0.7462164409073555
2015,CAR,defense,epa_per_play,16,-0.13131604734149932,0.100731734527188,1.308348174077973
2015,CHI,defense,epa_per_play,16,0.04455972600328445,-0.0393957781108833,-0.511689733128332
2015,CIN,defense,epa_per_play,16,-0.052313836704863385,0.04998241704813589,0.6491936666024191
2015,CLE,defense,epa_per_play,16,0.07452965143041557,-0.06338259992124598,-0.8232411490235279
2015,DAL,defense,epa_per_play,16,0.05924557236015603,-0.05733810444673458,-0.7447325771775247
2015,DEN,defense,epa_per_play,16,-0.15877546784476235,0.17285672009130212,2.2451392817774782
2015,DET,defense,epa_per_play,16,0.038956817768099734,-0.03281736623364583,-0.42624641967487215
2015,GB,defense,epa_per_play,16,-0.04665816309746895,0.05013074699351712,0.65112024132201
2015,HOU,defense,epa_per_play,16,-0.11076793756643344,0.08756823559381854,1.137374847004921
2015,IND,defense,epa_per_play,16,0.0074204559792457585,-0.03790043865989528,-0.49226760514145557
2015,JAX,defense,epa_per_play,16,0.042792552828966664,-0.07835334024735134,-1.017687724000061
2015,KC,defense,epa_per_play,16,-0.11405813455019298,0.10802539467269054,1.4030814473458797
2015,LAC,defense,epa_per_play,16,0.04455385870607411,-0.04997835310200253,-0.6491408822787343
2015,LAR,defense,epa_per_play,16,-0.07715469732204715,0.11216764987421025,1.4568828839528412
2015,MIA,defense,epa_per_play,16,0.05728405819697272,-0.08795992227522965,-1.1424622462923737
2015,MIN,defense,epa_per_play,16,-0.04408657948061848,0.04619445797916843,0.599993984351058
2015,NE,defense,epa_per_play,16,-0.05081946004883756,0.011736340779541948,0.1524367678302626
2015,NO,defense,epa_per_play,16,0.13853502654043584,-0.17233693409799816,-2.2383880721569933
2015,NYG,defense,epa_per_play,16,0.06526664240835761,-0.08449532485220497,-1.0974625276475356
2015,NYJ,defense,epa_per_play,16,-0.10177128668097712,0.06910287927546678,0.8975386589732726
2015,OAK,defense,epa_per_play,16,-0.006970176584112877,0.007562004737362213,0.09821865112246271
2015,PHI,defense,epa_per_play,16,0.03322428857583443,-0.034049013494561534,-0.4422435972524349
2015,PIT,defense,epa_per_play,16,-0.040875109062961885,0.042577902028872586,0.5530205613654379
2015,SEA,defense,epa_per_play,16,-0.08678996895454616,0.09254067693907649,1.201959107221573
2015,SF,defense,epa_per_play,16,0.06381156686746417,-0.04541711905714319,-0.589897563754086
2015,TB,defense,epa_per_play,16,0.03385758481160608,-0.07107005814094337,-0.9230892452789137
2015,TEN,defense,epa_per_play,16,0.03807768546985491,-0.06786811922239201,-0.8815010510791451
2015,WSH,defense,epa_per_play,16,0.014319392254464056,-0.0402148878283637,-0.5223286912309133
2015,ARI,offense,explosive_rate,16,0.1154228855721393,0.025811580240893344,1.817683562092158
2015,ATL,offense,explosive_rate,16,0.09133709981167608,-0.013097531545301069,-0.9223444505018068
2015,BAL,offense,explosive_rate,16,0.08526413345690455,-0.004066882445842199,-0.28639491661387506
2015,BUF,offense,explosive_rate,16,0.12063808574277168,0.020261857393421,1.4268651813548614
2015,CAR,offense,explosive_rate,16,0.11239193083573487,0.006676464279383243,0.47016491281333134
2015,CHI,offense,explosive_rate,16,0.09784735812133072,0.003489913489177037,0.24576404556412243
2015,CIN,offense,explosive_rate,16,0.11032388663967611,0.020659599583417957,1.454874680733072
2015,CLE,offense,explosive_rate,16,0.0846968238691049,-0.0010057140516080763,-0.07082363352833135
2015,DAL,offense,explosive_rate,16,0.09479166666666666,-0.008693309047747878,-0.6121936281621894
2015,DEN,offense,explosive_rate,16,0.0830945558739255,-0.011836865502133576,-0.8335667808447331
2015,DET,offense,explosive_rate,16,0.08619000979431929,-0.008554718759578177,-0.6024339278137176
2015,GB,offense,explosive_rate,16,0.10325047801147227,0.009404979301544866,0.6623103319785916
2015,HOU,offense,explosive_rate,16,0.08032490974729242,-0.021364830512970917,-1.5045379193319557
2015,IND,offense,explosive_rate,16,0.0803484995159729,-0.01904351737846268,-1.3410681632114456
2015,JAX,offense,explosive_rate,16,0.11507936507936507,0.012063439550463854,0.8495224069401722
2015,KC,offense,explosive_rate,16,0.10052910052910052,0.008788627340204979,0.6189060607896577
2015,LAC,offense,explosive_rate,16,0.0739051094890511,-0.01761940448838305,-1.2407803634447372
2015,LAR,offense,explosive_rate,16,0.10044150110375276,0.011745393039642166,0.827125176344217
2015,MIA,offense,explosive_rate,16,0.1012396694214876,-0.0009924183142240456,-0.06988733117631354
2015,MIN,offense,explosive_rate,16,0.10926118626430802,0.01361852993436674,0.9590338046154406
2015,NE,offense,explosive_rate,16,0.09620991253644315,-0.007111717792672592,-0.5008160062007041
2015,NO,offense,explosive_rate,16,0.10628465804066543,0.00492183269310716,0.34660157565474536
2015,NYG,offense,explosive_rate,16,0.08803827751196172,-0.01630707603202278,-1.148364562438784
2015,NYJ,offense,explosive_rate,16,0.1055607917059378,0.0016736935142319708,0.11786357752650635
2015,OAK,offense,explosive_rate,16,0.08617234468937876,-0.006080266125817236,-0.42817989781687826
2015,PHI,offense,explosive_rate,16,0.09182736455463728,-0.01569531709647311,-1.105283737834725
2015,PIT,offense,explosive_rate,16,0.10810810810810811,0.021191288625303187,1.4923168839054324
2015,SEA,offense,explosive_rate,16,0.11921182266009853,0.027607282225621078,1.9441391277566091
2015,SF,offense,explosive_rate,16,0.09166666666666666,0.00231974732845661,0.16335949011238005
2015,TB,offense,explosive_rate,16,0.10625620655412116,0.0013349107171853971,0.09400607188121134
2015,TEN,offense,explosive_rate,16,0.08444902162718847,-0.02005625490987462,-1.4123863989173184
2015,WSH,offense,explosive_rate,16,0.084,-0.02004331525339257,-1.4114751722249956
2015,ARI,defense,explosive_rate,16,0.1032719836400818,0.0014967405685950934,0.10075816539263382
2015,ATL,defense,explosive_rate,16,0.10081466395112017,-0.00783970014382567,-0.5277559921185032
2015,BAL,defense,explosive_rate,16,0.08568548387096774,0.019508206064751264,1.3132610249456642
2015,BUF,defense,explosive_rate,16,0.0998003992015968,-0.008693513131721016,-0.5852333078631634
2015,CAR,defense,explosive_rate,16,0.08444022770398482,0.007147616720129954,0.48116605025787507
2015,CHI,defense,explosive_rate,16,0.10134436401240951,-0.001374161100705219,-0.09250631296228254
2015,CIN,defense,explosive_rate,16,0.06731707317073171,0.03466897807691464,2.3338597886444123
2015,CLE,defense,explosive_rate,16,0.1075050709939148,-0.004761990022053352,-0.32056950169546505
2015,DAL,defense,explosive_rate,16,0.10929519918283963,-0.015016694559959184,-1.0108997015748569
2015,DEN,defense,explosive_rate,16,0.07240704500978473,0.025009215277370232,1.6835801087621092
2015,DET,defense,explosive_rate,16,0.11077235772357724,-0.008361806870498036,-0.562903376389773
2015,GB,defense,explosive_rate,16,0.10396039603960396,-0.004044731681386674,-0.27228482495540707
2015,HOU,defense,explosive_rate,16,0.09455292908530319,0.0026630745913576886,0.17927389405976737
2015,IND,defense,explosive_rate,16,0.11058601134215501,-0.015205025699517538,-1.023577850685273
2015,JAX,defense,explosive_rate,16,0.09267840593141798,-0.003351838006571959,-0.22564033829448862
2015,KC,defense,explosive_rate,16,0.08888888888888889,0.00697803778202037,0.4697502691587903
2015,LAC,defense,explosive_rate,16,0.11286919831223628,-0.012733154140769353,-0.8571754369522205
2015,LAR,defense,explosive_rate,16,0.09599254426840634,0.010530237264791104,0.7088786194577419
2015,MIA,defense,explosive_rate,16,0.10680529300567108,-0.016335355567860706,-1.0996698376419578
2015,MIN,defense,explosive_rate,16,0.08756218905472637,0.011299931836639842,0.7606932188610055
2015,NE,defense,explosive_rate,16,0.0905587668593449,0.003732821998488035,0.25128756726263884
2015,NO,defense,explosive_rate,16,0.13333333333333333,-0.04281967124879456,-2.8825513307270456
2015,NYG,defense,explosive_rate,16,0.1,-0.0063148777290774364,-0.425107402053061
2015,NYJ,defense,explosive_rate,16,0.09880239520958084,-0.006811872600159245,-0.45856429663493087
2015,OAK,defense,explosive_rate,16,0.09519408502772643,0.0019448195908856644,0.1309221237861909
2015,PHI,defense,explosive_rate,16,0.09582963620230701,-0.0023028199541463264,-0.15502213187701114
2015,PIT,defense,explosive_rate,16,0.08995215311004785,0.009475521776161528,0.6378768708076306
2015,SEA,defense,explosive_rate,16,0.07667731629392971,0.03010220846702412,2.026432210799965
2015,SF,defense,explosive_rate,16,0.09839167455061495,0.008330275168836066,0.5607807129979356
2015,TB,defense,explosive_rate,16,0.08682926829268292,0.004072282802847228,0.27413952209549414
2015,TEN,defense,explosive_rate,16,0.09674134419551934,-0.0028890159878289996,-0.19448390511531705
2015,WSH,defense,explosive_rate,16,0.11221449851042702,-0.018103739541801406,-1.2187145997490967
2015,ARI,offense,yards_per_play,16,6.529353233830846,1.01999585611235,2.766117896114718
2015,ATL,offense,yards_per_play,16,5.651600753295669,-0.10870872665527037,-0.29480625089056045
2015,BAL,offense,yards_per_play,16,5.332715477293791,-0.11974020409405543,-0.3247224186682482
2015,BUF,offense,yards_per_play,16,5.781655034895314,0.21790637874218136,0.5909384144109031
2015,CAR,offense,yards_per_play,16,5.656099903938521,-0.14656035001008078,-0.39745573925003297
2015,CHI,offense,yards_per_play,16,5.405088062622309,-0.03645158556286071,-0.09885273804045831
2015,CIN,offense,yards_per_play,16,5.817813765182186,0.42948723646023845,1.164722703339076
2015,CLE,offense,yards_per_play,16,5.121270452358036,-0.18393982957750415,-0.4988248249764907
2015,DAL,offense,yards_per_play,16,5.594791666666667,-0.1469587588851202,-0.3985361808151758
2015,DEN,offense,yards_per_play,16,5.441260744985673,-0.09148533382262145,-0.24809828157803865
2015,DET,offense,yards_per_play,16,5.448579823702253,-0.02041488693662232,-0.05536295443123769
2015,GB,offense,yards_per_play,16,5.134799235181644,-0.2941044405583915,-0.7975792759152847
2015,HOU,offense,yards_per_play,16,5.046931407942238,-0.5770272617949688,-1.5648352155858969
2015,IND,offense,yards_per_play,16,5.0,-0.5136496775884445,-1.392962095871143
2015,JAX,offense,yards_per_play,16,5.544642857142857,-0.07648694879811077,-0.20742429160004378
2015,KC,offense,yards_per_play,16,5.626455026455027,0.2111808050187095,0.5726993894907061
2015,LAC,offense,yards_per_play,16,5.439781021897811,0.08075564846861354,0.21900054113285833
2015,LAR,offense,yards_per_play,16,5.272626931567329,-0.1809012939084239,-0.49058464650727707
2015,MIA,offense,yards_per_play,16,5.496900826446281,-0.14421336959985914,-0.39109098347613463
2015,MIN,offense,yards_per_play,16,5.368366285119667,-0.1174540760321224,-0.3185226878487288
2015,NE,offense,yards_per_play,16,5.8425655976676385,0.20095795580342626,0.5449761335635201
2015,NO,offense,yards_per_play,16,5.987985212569316,0.36954716707379603,1.0021717501851035
2015,NYG,offense,yards_per_play,16,5.70622009569378,-0.0019615254183216703,-0.005319443731313887
2015,NYJ,offense,yards_per_play,16,5.594721960414703,-0.12203339624205337,-0.33094130652136405
2015,OAK,offense,yards_per_play,16,5.3607214428857715,-0.05359897005047576,-0.1453545809827676
2015,PHI,offense,yards_per_play,16,5.36455463728191,-0.42830562711182313,-1.1615183072169153
2015,PIT,offense,yards_per_play,16,6.367367367367367,1.0142363225511497,2.750498667113505
2015,SEA,offense,yards_per_play,16,5.994088669950739,0.521100767264445,1.4131686411976816
2015,SF,offense,yards_per_play,16,5.075,-0.3857347176406145,-1.04607062785968
2015,TB,offense,yards_per_play,16,5.992055610724925,0.2569759100266693,0.6968907366984864
2015,TEN,offense,yards_per_play,16,5.148300720906282,-0.5109576291272994,-1.385661553049369
2015,WSH,offense,yards_per_play,16,5.677,-0.06145543811277592,-0.16666046843039695
2015,ARI,defense,yards_per_play,16,5.274028629856851,0.32110017245764183,0.7172570858402414
2015,ATL,defense,yards_per_play,16,5.688391038696538,-0.24790646544336667,-0.5537607395359072
2015,BAL,defense,yards_per_play,16,5.45866935483871,0.2957771477417641,0.6606918128496636
2015,BUF,defense,yards_per_play,16,5.719560878243513,-0.2866753162022144,-0.6403606086791136
2015,CAR,defense,yards_per_play,16,4.9089184060721065,0.558703994013742,1.2480043082089132
2015,CHI,defense,yards_per_play,16,5.7280248190279215,-0.15063342319174133,-0.33647720996855573
2015,CIN,defense,yards_per_play,16,5.3239024390243905,0.3653710616828677,0.8161471261358771
2015,CLE,defense,yards_per_play,16,6.171399594320487,-0.42616982582911433,-0.9519562851934179
2015,DAL,defense,yards_per_play,16,5.708886618998979,-0.1748269782130285,-0.39051953152162056
2015,DEN,defense,yards_per_play,16,4.446183953033268,1.1747927812495862,2.624191822434999
2015,DET,defense,yards_per_play,16,5.703252032520325,-0.14980531067642838,-0.3346274147319614
2015,GB,defense,yards_per_play,16,5.4970297029702975,0.08570663388943416,0.19144708017452428
2015,HOU,defense,yards_per_play,16,5.115107913669065,0.3841237511645411,0.8580359214808224
2015,IND,defense,yards_per_play,16,5.748582230623819,-0.24048575091828064,-0.5371847282731829
2015,JAX,defense,yards_per_play,16,5.586654309545875,-0.1976870132554204,-0.44158310458429256
2015,KC,defense,yards_per_play,16,5.103381642512077,0.44312516267753765,0.9898302464679742
2015,LAC,defense,yards_per_play,16,6.1265822784810124,-0.5377883930255815,-1.201284112146355
2015,LAR,defense,yards_per_play,16,5.504193849021435,0.25384460809502185,0.5670250578344547
2015,MIA,defense,yards_per_play,16,5.706994328922495,-0.27297828689302794,-0.6097648875625802
2015,MIN,defense,yards_per_play,16,5.493532338308458,0.0734815780498966,0.16413937785036578
2015,NE,defense,yards_per_play,16,5.240847784200385,0.2404406539630188,0.537083993007608
2015,NO,defense,yards_per_play,16,6.697979797979798,-1.2432886377473125,-2.7771943513596926
2015,NYG,defense,yards_per_play,16,6.185321100917431,-0.706926584441484,-1.579096323677876
2015,NYJ,defense,yards_per_play,16,5.099800399201597,0.3323462590922652,0.7423780169967905
2015,OAK,defense,yards_per_play,16,5.393715341959335,0.21330671091805536,0.47647358359285946
2015,PHI,defense,yards_per_play,16,5.721384205856255,-0.08571978534281817,-0.19147645721750084
2015,PIT,defense,yards_per_play,16,5.572248803827751,0.029489345416990064,0.0658717863495331
2015,SEA,defense,yards_per_play,16,4.98615548455804,0.7091584445361694,1.5840817382132495
2015,SF,defense,yards_per_play,16,5.894985808893094,-0.14474277975068786,-0.3233189929675502
2015,TB,defense,yards_per_play,16,5.334634146341464,0.08886269721044704,0.19849693244658356
2015,TEN,defense,yards_per_play,16,5.59979633401222,-0.16873273667149088,-0.3769065275327467
2015,WSH,defense,yards_per_play,16,6.054617676266137,-0.5352637145472274,-1.195644614932107
2016,ARI,offense,epa_per_play,16,-0.02138851983175015,-0.03926095434878788,-0.4394741467632818
2016,ATL,offense,epa_per_play,16,0.188785959493224,0.19568440085115946,2.1904265070825097
2016,BAL,offense,epa_per_play,16,-0.05219927091331124,-0.07011158451621552,-0.784805904353571
2016,BUF,offense,epa_per_play,16,0.06732319613671367,0.05513601057782259,0.6171742792942458
2016,CAR,offense,epa_per_play,16,-0.05629059900406903,-0.05952778800526253,-0.6663343842818591
2016,CHI,offense,epa_per_play,16,-0.03813041420415772,-0.04475897659708099,-0.501017190648271
2016,CIN,offense,epa_per_play,16,0.041568344270298103,0.04745404477598508,0.5311848930904619
2016,CLE,offense,epa_per_play,16,-0.07335454858115785,-0.07041852703045738,-0.788241717409806
2016,DAL,offense,epa_per_play,16,0.13301077346373869,0.13153421865156734,1.4723505699461632
2016,DEN,offense,epa_per_play,16,-0.06901400667638262,-0.07842833167178072,-0.8779008232281194
2016,DET,offense,epa_per_play,16,0.04386848138059676,0.04188207019891454,0.4688140512792711
2016,GB,offense,epa_per_play,16,0.11241539232548364,0.1085527198954641,1.2151032685317718
2016,HOU,offense,epa_per_play,16,-0.09537002384524312,-0.10670064499182588,-1.1943717541935022
2016,IND,offense,epa_per_play,16,0.027639127082627706,0.0376218813240095,0.42112690505718725
2016,JAX,offense,epa_per_play,16,-0.08507847080418628,-0.0848395382926709,-0.9496657511615545
2016,KC,offense,epa_per_play,16,0.017852876770198596,0.030393035211359894,0.3402095908926718
2016,LAC,offense,epa_per_play,16,-0.0028996678683388694,-0.0020273332073390336,-0.022693297864998203
2016,LAR,offense,epa_per_play,16,-0.2301280661242697,-0.23660214195817306,-2.6484461772294683
2016,MIA,offense,epa_per_play,16,0.011556642734631039,-0.00437190007364828,-0.04893760445894804
2016,MIN,offense,epa_per_play,16,-0.04257090363424449,-0.057072085816716245,-0.6388460656223469
2016,NE,offense,epa_per_play,16,0.12741525881614404,0.12564565167958724,1.4064358975039448
2016,NO,offense,epa_per_play,16,0.09919090641171308,0.10354405231661921,1.1590378990789887
2016,NYG,offense,epa_per_play,16,-0.07068169134185372,-0.08572572880065585,-0.9595854748113289
2016,NYJ,offense,epa_per_play,16,-0.08846321436873208,-0.10588161719358347,-1.1852038277185033
2016,OAK,offense,epa_per_play,16,0.03942839805684002,0.05382434808812371,0.6024919629047671
2016,PHI,offense,epa_per_play,16,-0.014607554408406291,-0.022591068131967727,-0.25287695004985594
2016,PIT,offense,epa_per_play,16,0.08554773316389974,0.07263835551004066,0.8130897437302298
2016,SEA,offense,epa_per_play,16,0.015797974147062,0.0037394607155602317,0.04185828731326505
2016,SF,offense,epa_per_play,16,-0.08392879849867116,-0.08483983489287646,-0.9496690712062257
2016,TB,offense,epa_per_play,16,-0.0013208018602310022,-0.008210006382311348,-0.09190009793787816
2016,TEN,offense,epa_per_play,16,0.028159144742316247,0.027740990958809695,0.31052348406211083
2016,WSH,offense,epa_per_play,16,0.11017811694042905,0.12597682115640296,1.4101428991719294
2016,ARI,defense,epa_per_play,16,-0.09491695107557328,0.0877657091189958,1.2637441509926866
2016,ATL,defense,epa_per_play,16,0.054010729110810306,-0.06021770505771665,-0.867078649700223
2016,BAL,defense,epa_per_play,16,-0.04244379042326343,0.06367182079348825,0.9168146867215525
2016,BUF,defense,epa_per_play,16,0.01812783076012217,-0.03918809981020173,-0.5642719966690506
2016,CAR,defense,epa_per_play,16,0.0038171249027125066,0.01925338469400334,0.27723073781440655
2016,CHI,defense,epa_per_play,16,0.06881786367357896,-0.05542895226047384,-0.7981250868701212
2016,CIN,defense,epa_per_play,16,0.010457719323126231,-0.011589936440773373,-0.16688424823798356
2016,CLE,defense,epa_per_play,16,0.14466772919367116,-0.11988066865500968,-1.7261695410497833
2016,DAL,defense,epa_per_play,16,0.0022594580247736334,0.005294526399415838,0.07623622980670404
2016,DEN,defense,epa_per_play,16,-0.1320257780091664,0.159828233715425,2.301377127227458
2016,DET,defense,epa_per_play,16,0.1079508687466811,-0.10924964700058445,-1.5730927691565577
2016,GB,defense,epa_per_play,16,0.05504131205167384,-0.04528359370275504,-0.6520414094778875
2016,HOU,defense,epa_per_play,16,-0.07664739176738969,0.09060438893519136,1.304618486200234
2016,IND,defense,epa_per_play,16,0.06662062245326925,-0.08175282505261441,-1.177164242440974
2016,JAX,defense,epa_per_play,16,-0.031331629800168855,0.030279172813303883,0.4359917776979677
2016,KC,defense,epa_per_play,16,-0.02986120316773075,0.03285395254868251,0.47306619848647113
2016,LAC,defense,epa_per_play,16,-0.018626081735475367,0.02490428437087118,0.35859840960983835
2016,LAR,defense,epa_per_play,16,0.016701103230889136,-0.01295432583613471,-0.18653017983669548
2016,MIA,defense,epa_per_play,16,0.010125814918420661,-0.017060710238886893,-0.24565827579578328
2016,MIN,defense,epa_per_play,16,-0.11292810811878459,0.1222108174647716,1.7597215052377462
2016,NE,defense,epa_per_play,16,-0.04189318083171017,0.00921969601978744,0.13275500233405882
2016,NO,defense,epa_per_play,16,0.06769930404852718,-0.07357536118230361,-1.0594164085797195
2016,NYG,defense,epa_per_play,16,-0.09738386124291322,0.11977254782462109,1.7246127021845483
2016,NYJ,defense,epa_per_play,16,0.03391873879745092,-0.02655555957535735,-0.38237522862358875
2016,OAK,defense,epa_per_play,16,0.03182869689015077,-0.02970947901478617,-0.42778871965886384
2016,PHI,defense,epa_per_play,16,-0.04344023965358058,0.0787293289298888,1.1336287252214858
2016,PIT,defense,epa_per_play,16,0.005452787448076248,0.0016087046207233226,0.02316384241097903
2016,SEA,defense,epa_per_play,16,-0.05608762156209481,0.043684037459637316,0.6290092951509776
2016,SF,defense,epa_per_play,16,0.08807862485706358,-0.0897960410595448,-1.292979032590359
2016,TB,defense,epa_per_play,16,0.0037397895387748124,0.016742584347465565,0.2410775604049326
2016,TEN,defense,epa_per_play,16,0.04102945658357045,-0.05921158783099846,-0.8525915023480138
2016,WSH,defense,epa_per_play,16,0.07484671496698646,-0.07496869733829208,-1.0794791464664444
2016,ARI,offense,explosive_rate,16,0.09166666666666666,-0.006470848491604509,-0.4885917597340416
2016,ATL,offense,explosive_rate,16,0.1214574898785425,0.02472780944061397,1.8671127819865045
2016,BAL,offense,explosive_rate,16,0.07612781954887218,-0.020042122330716533,-1.513312486157164
2016,BUF,offense,explosive_rate,16,0.1111111111111111,0.016142046724873186,1.2188310428313454
2016,CAR,offense,explosive_rate,16,0.09151572926596759,-0.0040269350215867755,-0.30406016631099675
2016,CHI,offense,explosive_rate,16,0.10542797494780794,0.010324823725570118,0.7795923207865793
2016,CIN,offense,explosive_rate,16,0.08854667949951876,-0.004395204556764739,-0.33186694628470037
2016,CLE,offense,explosive_rate,16,0.09969481180061038,0.005903579183549047,0.4457591837867784
2016,DAL,offense,explosive_rate,16,0.11167002012072434,0.012813816123676092,0.9675276707386413
2016,DEN,offense,explosive_rate,16,0.0814299900695134,-0.014662992909882386,-1.1071527200963374
2016,DET,offense,explosive_rate,16,0.08950617283950617,-0.002810515320120675,-0.21221245216868903
2016,GB,offense,explosive_rate,16,0.10562685093780849,0.01245294257815672,0.9402793367874274
2016,HOU,offense,explosive_rate,16,0.07867298578199051,-0.01382418302463972,-1.0438170387795567
2016,IND,offense,explosive_rate,16,0.09921414538310412,0.009299396648623524,0.702165810081715
2016,JAX,offense,explosive_rate,16,0.08110687022900763,-0.01272904572993596,-0.9611269466433482
2016,KC,offense,explosive_rate,16,0.09062821833161688,-0.0013559582719903838,-0.10238379697728586
2016,LAC,offense,explosive_rate,16,0.09207920792079208,-0.0012991473469413657,-0.09809419726283425
2016,LAR,offense,explosive_rate,16,0.07263157894736842,-0.025081103823004006,-1.8937888391085198
2016,MIA,offense,explosive_rate,16,0.11258278145695365,0.016210323422890933,1.2239863840631229
2016,MIN,offense,explosive_rate,16,0.07645875251509054,-0.018232646617104793,-1.376685129751353
2016,NE,offense,explosive_rate,16,0.09546769527483125,-0.0002111970911660251,-0.015946773990202567
2016,NO,offense,explosive_rate,16,0.09899175068744272,0.002987688668733707,0.22559020908813124
2016,NYG,offense,explosive_rate,16,0.07592407592407592,-0.01946273477093101,-1.4695649022396629
2016,NYJ,offense,explosive_rate,16,0.09719438877755511,-9.090385170728754e-05,-0.006863840642656646
2016,OAK,offense,explosive_rate,16,0.09196515004840271,-0.0012033664969685568,-0.09086211106922291
2016,PHI,offense,explosive_rate,16,0.09040074557315937,-0.0008809643313450468,-0.06651862015785484
2016,PIT,offense,explosive_rate,16,0.11318897637795275,0.01600986686132804,1.2088505909300555
2016,SEA,offense,explosive_rate,16,0.09437751004016064,-0.0045501403220235956,-0.3435656189227411
2016,SF,offense,explosive_rate,16,0.09605662285136501,0.0026680182659832574,0.20145298429952244
2016,TB,offense,explosive_rate,16,0.07379375591296121,-0.019480042547788703,-1.4708717535997224
2016,TEN,offense,explosive_rate,16,0.11244979919678715,0.018985032999032214,1.433495266293645
2016,WSH,offense,explosive_rate,16,0.11434302908726178,0.022284708212984172,1.682642518223421
2016,ARI,defense,explosive_rate,16,0.08424182358771061,0.009685020015064046,0.845162016293891
2016,ATL,defense,explosive_rate,16,0.09211775878442545,-0.002285229365528777,-0.1994202443844086
2016,BAL,defense,explosive_rate,16,0.08766564729867482,0.010744040763139994,0.9375773246101836
2016,BUF,defense,explosive_rate,16,0.11243781094527364,-0.018877463897094184,-1.6473394401855557
2016,CAR,defense,explosive_rate,16,0.0943579766536965,-0.0016031775074919195,-0.1399010773967037
2016,CHI,defense,explosive_rate,16,0.09879032258064516,-0.004996762167092601,-0.4360418028586254
2016,CIN,defense,explosive_rate,16,0.09551656920077972,0.00034369218633714655,0.029992254092545335
2016,CLE,defense,explosive_rate,16,0.1061611374407583,-0.00894500633930548,-0.7805848187966774
2016,DAL,defense,explosive_rate,16,0.07928642220019821,0.01509246652767712,1.3170421353330324
2016,DEN,defense,explosive_rate,16,0.06679209783631232,0.02702457636204766,2.358296153453687
2016,DET,defense,explosive_rate,16,0.09873949579831932,-0.003664896316319226,-0.31981670202015167
2016,GB,defense,explosive_rate,16,0.09674134419551934,-0.0016244152032101522,-0.14175438216083977
2016,HOU,defense,explosive_rate,16,0.08492569002123142,0.010247667073860907,0.8942613389525232
2016,IND,defense,explosive_rate,16,0.10650887573964497,-0.0129071768570371,-1.1263431154713646
2016,JAX,defense,explosive_rate,16,0.08118811881188119,0.014123912090615337,1.2325213579216359
2016,KC,defense,explosive_rate,16,0.0947867298578199,-0.0015145337274353797,-0.13216558941959822
2016,LAC,defense,explosive_rate,16,0.09674234945705824,-0.002546895637670198,-0.22225451770705945
2016,LAR,defense,explosive_rate,16,0.08708414872798434,0.007017543147445574,0.6123849931851229
2016,MIA,defense,explosive_rate,16,0.10325581395348837,-0.007319995831707602,-0.6387784874762421
2016,MIN,defense,explosive_rate,16,0.08502024291497975,0.01229552296320585,1.0729672177041796
2016,NE,defense,explosive_rate,16,0.0853413654618474,0.009659014776710604,0.8428926725396365
2016,NO,defense,explosive_rate,16,0.08651911468812877,0.0033819048573380953,0.29512148903071095
2016,NYG,defense,explosive_rate,16,0.0877025738798856,0.009409225421452838,0.8210948368294159
2016,NYJ,defense,explosive_rate,16,0.10655737704918032,-0.00967983285925559,-0.8447093598158754
2016,OAK,defense,explosive_rate,16,0.10397553516819572,-0.011490184315963829,-1.0026894450375328
2016,PHI,defense,explosive_rate,16,0.11446409989594172,-0.01783257447473306,-1.5561573001761408
2016,PIT,defense,explosive_rate,16,0.08442211055276382,0.01089657200295475,0.9508879434823421
2016,SEA,defense,explosive_rate,16,0.08489634748272458,0.009576945287375484,0.8357308891902117
2016,SF,defense,explosive_rate,16,0.11645101663585952,-0.022441675326434107,-1.958369888593051
2016,TB,defense,explosive_rate,16,0.1112214498510427,-0.015247983473334214,-1.3306133014398096
2016,TEN,defense,explosive_rate,16,0.08823529411764706,0.004181821521755477,0.36492611307021205
2016,WSH,defense,explosive_rate,16,0.10354745925215723,-0.010702121697133105,-0.9339192627496938
2016,ARI,offense,yards_per_play,16,5.441666666666666,-0.12848864797860599,-0.2561773256090602
2016,ATL,offense,yards_per_play,16,6.751012145748988,1.1802083854840912,2.353068793331414
2016,BAL,offense,yards_per_play,16,5.246240601503759,-0.3850641502140161,-0.767730890953051
2016,BUF,offense,yards_per_play,16,5.635912698412699,0.09709399870276174,0.19358349015155427
2016,CAR,offense,yards_per_play,16,5.250714966634891,-0.3291734788972604,-0.6562975236500301
2016,CHI,offense,yards_per_play,16,5.961377870563674,0.3414375193535683,0.6807492486460631
2016,CIN,offense,yards_per_play,16,5.504331087584216,0.00981872135533227,0.019576311350438146
2016,CLE,offense,yards_per_play,16,5.068158697863683,-0.4694176271361812,-0.9359126600336545
2016,DAL,offense,yards_per_play,16,6.086519114688128,0.47921441102818085,0.9554452330409202
2016,DEN,offense,yards_per_play,16,5.152929493545184,-0.5284427035691606,-1.0535953227622592
2016,DET,offense,yards_per_play,16,5.588477366255144,0.020800291041746077,0.041471079468261896
2016,GB,offense,yards_per_play,16,5.8469891411648565,0.3039207404614166,0.6059492703344405
2016,HOU,offense,yards_per_play,16,4.78957345971564,-0.8192463663132359,-1.633392104589595
2016,IND,offense,yards_per_play,16,5.748526522593321,0.27960798767881206,0.5574751359727854
2016,JAX,offense,yards_per_play,16,5.124045801526718,-0.4706384535986724,-0.9383467120928439
2016,KC,offense,yards_per_play,16,5.676622039134912,0.15309138992255283,0.30522963282250887
2016,LAC,offense,yards_per_play,16,5.657425742574257,0.06321225546617744,0.12603095141836768
2016,LAR,offense,yards_per_play,16,4.434736842105263,-1.1046379704779687,-2.2023984647360138
2016,MIA,offense,yards_per_play,16,5.8841059602649,0.3585891551959805,0.7149457342427962
2016,MIN,offense,yards_per_play,16,5.090543259557344,-0.5149542022611271,-1.02670229955796
2016,NE,offense,yards_per_play,16,5.978784956605593,0.515151710110411,1.0270960855743039
2016,NO,offense,yards_per_play,16,6.2621448212648945,0.7617307887197492,1.5187190414015912
2016,NYG,offense,yards_per_play,16,5.305694305694305,-0.32781991613103995,-0.6535988253996351
2016,NYJ,offense,yards_per_play,16,5.284569138276553,-0.2959314042598849,-0.5900203395384381
2016,OAK,offense,yards_per_play,16,5.819941916747338,0.31739962380501524,0.6328231174913184
2016,PHI,offense,yards_per_play,16,5.051258154706431,-0.48367043322704395,-0.9643295342418856
2016,PIT,offense,yards_per_play,16,5.889763779527559,0.279598718770166,0.5574566558637204
2016,SEA,offense,yards_per_play,16,5.76004016064257,0.19671315081133922,0.39220156550830226
2016,SF,offense,yards_per_play,16,4.996966632962589,-0.43665181346830695,-0.8705850326601762
2016,TB,offense,yards_per_play,16,5.2696310312204355,-0.271388508578683,-0.5410873522493198
2016,TEN,offense,yards_per_play,16,5.765060240963855,0.19317118065210998,0.38513967749674416
2016,WSH,offense,yards_per_play,16,6.486459378134403,1.0147656475382634,2.0232133639583925
2016,ARI,defense,yards_per_play,16,4.853320118929633,0.71862364272353,1.9095532157348114
2016,ATL,defense,yards_per_play,16,5.665716999050332,-0.1692655525632257,-0.4497786615899747
2016,BAL,defense,yards_per_play,16,5.26605504587156,0.33428459277543315,0.8882733341270506
2016,BUF,defense,yards_per_play,16,5.699502487562189,-0.21677601639457145,-0.5760252162488343
2016,CAR,defense,yards_per_play,16,5.625486381322958,0.08913881464626028,0.23686294192720922
2016,CHI,defense,yards_per_play,16,5.616935483870968,-0.12272049286101595,-0.3260974143461196
2016,CIN,defense,yards_per_play,16,5.484405458089668,0.006536301182992403,0.017368500283399778
2016,CLE,defense,yards_per_play,16,5.966824644549763,-0.3357133431681676,-0.8920698623041483
2016,DAL,defense,yards_per_play,16,5.456888007928642,0.0771494006289595,0.20500422934052584
2016,DEN,defense,yards_per_play,16,4.77140169332079,0.8929540339101719,2.3727903530898935
2016,DET,defense,yards_per_play,16,5.983193277310924,-0.4314172966636468,-1.146377933025708
2016,GB,defense,yards_per_play,16,5.945010183299389,-0.3463357355410045,-0.9202960746195169
2016,HOU,defense,yards_per_play,16,5.129511677282378,0.45986817622589493,1.2219786582555414
2016,IND,defense,yards_per_play,16,6.054240631163708,-0.6272093987450098,-1.6666439191657907
2016,JAX,defense,yards_per_play,16,5.112871287128713,0.39488805977925284,1.0493110991291734
2016,KC,defense,yards_per_play,16,5.6,-0.045233332510609875,-0.12019567743057258
2016,LAC,defense,yards_per_play,16,5.506416584402764,0.06882272765554433,0.18287828718183965
2016,LAR,defense,yards_per_play,16,5.2925636007827785,0.31936809790658355,0.8486366744753218
2016,MIA,defense,yards_per_play,16,5.717209302325581,-0.2163805980967184,-0.5749744961815618
2016,MIN,defense,yards_per_play,16,5.1062753036437245,0.4878545382622275,1.2963450504057994
2016,NE,defense,yards_per_play,16,5.248995983935743,0.12890012048704283,0.342518148514019
2016,NO,defense,yards_per_play,16,6.0603621730382295,-0.5556795181334422,-1.4765720854235145
2016,NYG,defense,yards_per_play,16,5.1897044804575785,0.41946766976719624,1.1146249442402592
2016,NYJ,defense,yards_per_play,16,5.639344262295082,-0.05973991011405856,-0.15874308982435512
2016,OAK,defense,yards_per_play,16,6.135575942915392,-0.6117392113755507,-1.6255359674048004
2016,PHI,defense,yards_per_play,16,5.727367325702393,0.0024613239742139205,0.006540320732303865
2016,PIT,defense,yards_per_play,16,5.518592964824121,0.02113280895719771,0.05615487843971852
2016,SEA,defense,yards_per_play,16,5.051332675222112,0.43271327529417564,1.149821655181402
2016,SF,defense,yards_per_play,16,6.033271719038817,-0.42092216668455734,-1.118489887031032
2016,TB,defense,yards_per_play,16,5.862959285004965,-0.13777158569094622,-0.3660917326582829
2016,TEN,defense,yards_per_play,16,5.622549019607843,-0.206598195418056,-0.5489803354246652
2016,WSH,defense,yards_per_play,16,5.805369127516778,-0.35066123020437595,-0.9317899383793912
2017,ARI,offense,epa_per_play,16,-0.1587278335536878,-0.12148827766653272,-1.5674184104776243
2017,ATL,offense,epa_per_play,16,0.03724801364055403,0.07021993547869972,0.9059641124715335
2017,BAL,offense,epa_per_play,16,-0.06776951541461779,-0.04859068315060295,-0.6269076557081227
2017,BUF,offense,epa_per_play,16,-0.06863193003185797,-0.06450219622301197,-0.8321949394467653
2017,CAR,offense,epa_per_play,16,-0.03554491578425889,-0.007891949836517262,-0.10182042009256508
2017,CHI,offense,epa_per_play,16,-0.11012028742090732,-0.06364530326359755,-0.8211394711646203
2017,CIN,offense,epa_per_play,16,-0.1056413854360387,-0.06386593978933387,-0.8239860812170912
2017,CLE,offense,epa_per_play,16,-0.16753264898228096,-0.12491391666702674,-1.6116153465125769
2017,DAL,offense,epa_per_play,16,-0.0034918347889782778,0.04225798672664671,0.545204423482445
2017,DEN,offense,epa_per_play,16,-0.13096457111136875,-0.1273598754013866,-1.6431726360317143
2017,DET,offense,epa_per_play,16,-0.056135675765016685,-0.0036921491038495583,-0.047635398169795694
2017,GB,offense,epa_per_play,16,-0.04068307731659627,0.020921115148790276,0.26992020696794167
2017,HOU,offense,epa_per_play,16,-0.08289604761024078,-0.04900793062623031,-0.6322909024508145
2017,IND,offense,epa_per_play,16,-0.12105577073848055,-0.06847737924916991,-0.88348198688784
2017,JAX,offense,epa_per_play,16,0.013941872543901584,0.031434228575237325,0.4055583759547717
2017,KC,offense,epa_per_play,16,0.08709257006809416,0.11085422123106556,1.4302198580315044
2017,LAC,offense,epa_per_play,16,0.06813582089275122,0.09300197958375164,1.1998936671943883
2017,LAR,offense,epa_per_play,16,0.0465219209527962,0.09787357248314228,1.2627460225452143
2017,MIA,offense,epa_per_play,16,-0.12529567405468675,-0.1048353886159649,-1.3525660363486018
2017,MIN,offense,epa_per_play,16,0.011552462737913908,0.05078880744088274,0.6552674328591968
2017,NE,offense,epa_per_play,16,0.12347775208597275,0.14146215632072678,1.8251175542349443
2017,NO,offense,epa_per_play,16,0.10732952526042706,0.1391213830615201,1.7949173475013784
2017,NYG,offense,epa_per_play,16,-0.11426469614243259,-0.06775974617840198,-0.8742232229256353
2017,NYJ,offense,epa_per_play,16,-0.07370130234804921,-0.054845769433164444,-0.7076095768047743
2017,OAK,offense,epa_per_play,16,-0.05012699059606328,-0.013223628407131842,-0.17060871235289904
2017,PHI,offense,epa_per_play,16,0.04643498528313608,0.09119867821880508,1.1766278195476303
2017,PIT,offense,epa_per_play,16,0.06100942448022909,0.09845611729763115,1.2702619037865666
2017,SEA,offense,epa_per_play,16,-0.026079584065937474,0.010482275241155217,0.13524030064671974
2017,SF,offense,epa_per_play,16,-0.04248818942802176,0.02104546260116331,0.2715245139009979
2017,TB,offense,epa_per_play,16,-0.0037093195117693712,0.03973466753932721,0.5126490442665831
2017,TEN,offense,epa_per_play,16,-0.09298372916439819,-0.06507274381556179,-0.8395560348363215
2017,WSH,offense,epa_per_play,16,-0.06503467025520485,-0.00967970952094019,-0.12488575196405322
2017,ARI,defense,epa_per_play,16,-0.0997037326833066,0.07581736920311861,1.188539379140484
2017,ATL,defense,epa_per_play,16,-0.008117613977825237,-0.009566105036055197,-0.14996158083349342
2017,BAL,defense,epa_per_play,16,-0.12924154648269345,0.06916664772257558,1.0842803622106927
2017,BUF,defense,epa_per_play,16,0.015250210428994345,-0.04227889748003354,-0.6627786625915167
2017,CAR,defense,epa_per_play,16,-0.060828562464014385,0.0633590481352679,0.9932384165411952
2017,CHI,defense,epa_per_play,16,-0.054014957883184875,0.04022809784878614,0.6306296161913798
2017,CIN,defense,epa_per_play,16,-0.043943777104816194,-0.02504924814615291,-0.392680703016648
2017,CLE,defense,epa_per_play,16,-0.0011971909991788574,-0.042803477934710746,-0.671002167765389
2017,DAL,defense,epa_per_play,16,0.0016511439720759862,-0.03010007706615246,-0.47185924919698136
2017,DEN,defense,epa_per_play,16,-0.10467506159260283,0.08588761895574967,1.3464041074287385
2017,DET,defense,epa_per_play,16,-0.06614578794168244,0.023224133867473178,0.364069578489047
2017,GB,defense,epa_per_play,16,0.03569489945965935,-0.05999248553740156,-0.9404630134643315
2017,HOU,defense,epa_per_play,16,0.010927224149000825,-0.048380131512055266,-0.7584237236722031
2017,IND,defense,epa_per_play,16,0.06253528757718886,-0.12977268820125878,-2.0343616757642478
2017,JAX,defense,epa_per_play,16,-0.19635523152943357,0.1333664719933262,2.090699077099845
2017,KC,defense,epa_per_play,16,0.009500700815853191,-0.04949998833152826,-0.7759789876299479
2017,LAC,defense,epa_per_play,16,-0.07116778656887979,0.02646856008312643,0.4149303292714766
2017,LAR,defense,epa_per_play,16,-0.07835606433631752,0.040836689685650976,0.640170112934275
2017,MIA,defense,epa_per_play,16,0.03277734904690414,-0.05330520493438305,-0.8356308830489946
2017,MIN,defense,epa_per_play,16,-0.15512278033868207,0.12521691849828767,1.962943849596304
2017,NE,defense,epa_per_play,16,0.025667141821640725,-0.06981900922073936,-1.0945070073467
2017,NO,defense,epa_per_play,16,-0.03754018446127666,0.01907992774029438,0.299103565698086
2017,NYG,defense,epa_per_play,16,0.0042333562713336974,-0.017759145112118988,-0.27839851906580165
2017,NYJ,defense,epa_per_play,16,-0.014927823127894022,-0.01268255347424473,-0.19881610758349857
2017,OAK,defense,epa_per_play,16,0.06712470829946414,-0.10038479962864692,-1.5736669404356856
2017,PHI,defense,epa_per_play,16,-0.1339873691664839,0.08906931086252969,1.396281413424008
2017,PIT,defense,epa_per_play,16,-0.04835234892018964,-0.013345056177172784,-0.20920172976339005
2017,SEA,defense,epa_per_play,16,-0.08864329368318671,0.052246523661102724,0.8190346281741462
2017,SF,defense,epa_per_play,16,0.009513313363911338,-0.05804031974253186,-0.9098601852971143
2017,TB,defense,epa_per_play,16,0.050836548035712616,-0.0791117108971437,-1.2401826222763197
2017,TEN,defense,epa_per_play,16,-0.04135395821229151,-0.02001088795213354,-0.31369762090992886
2017,WSH,defense,epa_per_play,16,-0.03234132971310091,0.0179344681269495,0.2811469434625139
2017,ARI,offense,explosive_rate,16,0.07839388145315487,-0.016014625180275036,-1.1141066291156365
2017,ATL,offense,explosive_rate,16,0.10802469135802469,0.012999148920848838,0.9043257536511546
2017,BAL,offense,explosive_rate,16,0.07514450867052024,-0.018681229214260513,-1.2996171357961293
2017,BUF,offense,explosive_rate,16,0.09969788519637462,-0.0003962947670425265,-0.02756946366638863
2017,CAR,offense,explosive_rate,16,0.0981169474727453,0.004512149166777227,0.31390152699088114
2017,CHI,offense,explosive_rate,16,0.08924731182795699,-0.0007410722609265574,-0.05155496986352107
2017,CIN,offense,explosive_rate,16,0.08370044052863436,-0.00874791730802979,-0.6085757583531867
2017,CLE,offense,explosive_rate,16,0.10248756218905472,0.010805351540371676,0.751707495214637
2017,DAL,offense,explosive_rate,16,0.09309309309309309,-0.0005363973595160702,-0.03731613118273996
2017,DEN,offense,explosive_rate,16,0.09082397003745318,-0.010005393758153094,-0.6960559730487712
2017,DET,offense,explosive_rate,16,0.09733606557377049,0.010326879124365572,0.7184210907861289
2017,GB,offense,explosive_rate,16,0.0755287009063444,-0.010743306414397323,-0.747391135300521
2017,HOU,offense,explosive_rate,16,0.0908203125,-0.0009402910230065045,-0.06541423543977376
2017,IND,offense,explosive_rate,16,0.07739307535641547,-0.014087510897332874,-0.9800410001345317
2017,JAX,offense,explosive_rate,16,0.08434864104967198,-0.010266001194300194,-0.714185930443344
2017,KC,offense,explosive_rate,16,0.10849539406345957,0.010688937510922342,0.7436087954029569
2017,LAC,offense,explosive_rate,16,0.10767696909272183,0.009412218356989787,0.65478990286542
2017,LAR,offense,explosive_rate,16,0.118488253319714,0.029652030959865485,2.062834683126988
2017,MIA,offense,explosive_rate,16,0.0728744939271255,-0.022194338019465416,-1.5440173490153413
2017,MIN,offense,explosive_rate,16,0.097678916827853,0.0038049432941444556,0.2647025765327421
2017,NE,offense,explosive_rate,16,0.10028382213812677,-0.0016111436080961568,-0.11208415770112194
2017,NO,offense,explosive_rate,16,0.12883435582822086,0.03397813315315407,2.3637932805041517
2017,NYG,offense,explosive_rate,16,0.06576402321083172,-0.02781139465351736,-1.9347851604172475
2017,NYJ,offense,explosive_rate,16,0.09513960703205791,-0.0054618281898034145,-0.3799688675099591
2017,OAK,offense,explosive_rate,16,0.09110169491525423,-0.004219593010081458,-0.29354895864102654
2017,PHI,offense,explosive_rate,16,0.10084825636192271,0.007442868373341359,0.5177860175334783
2017,PIT,offense,explosive_rate,16,0.09990300678952474,0.008687732793598201,0.6043888376024223
2017,SEA,offense,explosive_rate,16,0.11871227364185111,0.025942390974633724,1.8047621742385882
2017,SF,offense,explosive_rate,16,0.09751434034416825,0.007612210733306064,0.5295668393574708
2017,TB,offense,explosive_rate,16,0.07461240310077519,-0.018042452351200607,-1.2551786597375334
2017,TEN,offense,explosive_rate,16,0.08541666666666667,-0.013332638035818991,-0.9275259490680648
2017,WSH,offense,explosive_rate,16,0.09763617677286741,0.00796843234268449,0.5543484906278192
2017,ARI,defense,explosive_rate,16,0.08159203980099503,0.016364909068358573,1.1973357575957753
2017,ATL,defense,explosive_rate,16,0.08895705521472393,0.007047073352629279,0.5155979099090695
2017,BAL,defense,explosive_rate,16,0.08405797101449275,0.00747835587405629,0.5471526214185473
2017,BUF,defense,explosive_rate,16,0.10440613026819924,-0.013296622038262144,-0.9728450647151898
2017,CAR,defense,explosive_rate,16,0.09361702127659574,0.00318051493622897,0.2327018283327536
2017,CHI,defense,explosive_rate,16,0.07598784194528875,0.020412621790674094,1.4934859628099804
2017,CIN,defense,explosive_rate,16,0.09057301293900184,-7.861371353064165e-05,-0.005751758831322553
2017,CLE,defense,explosive_rate,16,0.09226190476190477,-0.0035510874475754555,-0.2598147023966506
2017,DAL,defense,explosive_rate,16,0.09191919191919191,0.0033381433171025343,0.24423468171089166
2017,DEN,defense,explosive_rate,16,0.08110992529348986,0.01100011712157829,0.8048216774311087
2017,DET,defense,explosive_rate,16,0.09560975609756098,-0.0036953167365259814,-0.2703672135185769
2017,GB,defense,explosive_rate,16,0.10079840319361277,-0.002292168741610595,-0.16770613177995533
2017,HOU,defense,explosive_rate,16,0.11017838405036726,-0.01727147191201271,-1.2636642721448832
2017,IND,defense,explosive_rate,16,0.11242603550295859,-0.019821826006360115,-1.4502604908552381
2017,JAX,defense,explosive_rate,16,0.09090909090909091,0.0021505197130193086,0.15734240496223934
2017,KC,defense,explosive_rate,16,0.11078998073217726,-0.01964876774999871,-1.4375987132906178
2017,LAC,defense,explosive_rate,16,0.09136546184738956,-0.001049681297903543,-0.07679975164055138
2017,LAR,defense,explosive_rate,16,0.10256410256410256,-0.007216064678362455,-0.5279621311949221
2017,MIA,defense,explosive_rate,16,0.1184346035015448,-0.02467091232291125,-1.8050430572737624
2017,MIN,defense,explosive_rate,16,0.05807814149947202,0.03948274868262923,2.888748517234219
2017,NE,defense,explosive_rate,16,0.09306930693069307,-4.3392785622464016e-05,-0.003174825698114773
2017,NO,defense,explosive_rate,16,0.10230692076228685,-0.007520545441882061,-0.5502394138941068
2017,NYG,defense,explosive_rate,16,0.10368217054263566,-0.005128815565219381,-0.37524890879091755
2017,NYJ,defense,explosive_rate,16,0.09628217349857007,-0.003172447306451864,-0.23211156158878715
2017,OAK,defense,explosive_rate,16,0.09480122324159021,-0.00400954275482954,-0.2933575061080685
2017,PHI,defense,explosive_rate,16,0.07929969104016478,0.014172683826277947,1.036941974771548
2017,PIT,defense,explosive_rate,16,0.09967845659163987,-0.009342415776612031,-0.6835362436145968
2017,SEA,defense,explosive_rate,16,0.08341416100872939,0.010206557552935815,0.7467610280654776
2017,SF,defense,explosive_rate,16,0.09532888465204957,-1.513518007819448e-05,-0.0011073628481301457
2017,TB,defense,explosive_rate,16,0.10742971887550201,-0.012115423004725923,-0.88642284056573
2017,TEN,defense,explosive_rate,16,0.0637065637065637,0.028313899356281216,2.0715815770586
2017,WSH,defense,explosive_rate,16,0.10597302504816955,-0.009207894131028,-0.6736939905500875
2017,ARI,offense,yards_per_play,16,4.820267686424474,-0.5715130807805491,-1.2211466841212633
2017,ATL,offense,yards_per_play,16,6.015432098765432,0.625053618481817,1.3355462530545372
2017,BAL,offense,yards_per_play,16,4.72543352601156,-0.6564128947759367,-1.4025513270411747
2017,BUF,offense,yards_per_play,16,4.872104733131923,-0.6173125469244269,-1.3190059774549814
2017,CAR,offense,yards_per_play,16,5.159563924677899,-0.23494741837823266,-0.5020099636272392
2017,CHI,offense,yards_per_play,16,4.95483870967742,-0.3562688293212719,-0.7612362939918444
2017,CIN,offense,yards_per_play,16,4.962555066079295,-0.3729462514003972,-0.7968707866334035
2017,CLE,offense,yards_per_play,16,4.922388059701492,-0.4049254108393476,-0.8652003591718883
2017,DAL,offense,yards_per_play,16,5.324324324324325,-0.002845566755668719,-0.006080096019650256
2017,DEN,offense,yards_per_play,16,4.869850187265918,-0.607155046491364,-1.2973025407534742
2017,DET,offense,yards_per_play,16,5.550204918032787,0.31549476219125694,0.6741147239921056
2017,GB,offense,yards_per_play,16,4.935548841893253,-0.27849844533803075,-0.5950650378688249
2017,HOU,offense,yards_per_play,16,5.0048828125,-0.3329303123485642,-0.7113691018452946
2017,IND,offense,yards_per_play,16,4.647657841140529,-0.6067944476985079,-1.296532052666669
2017,JAX,offense,yards_per_play,16,5.50796626054358,0.08234618932992864,0.1759483368490905
2017,KC,offense,yards_per_play,16,6.1606960081883315,0.7531601452065447,1.6092702772022445
2017,LAC,offense,yards_per_play,16,6.027916251246261,0.6607172710600486,1.4117484478146503
2017,LAR,offense,yards_per_play,16,5.931562819203268,0.693325669625944,1.481422509743193
2017,MIA,offense,yards_per_play,16,4.991902834008097,-0.4183947278170642,-0.8939801234815078
2017,MIN,offense,yards_per_play,16,5.551257253384913,0.1766424579418575,0.3774302969527526
2017,NE,offense,yards_per_play,16,5.983916745506149,0.5556208470805581,1.187189896188202
2017,NO,offense,yards_per_play,16,6.424335378323108,1.0275410804818286,2.195537469617393
2017,NYG,offense,yards_per_play,16,4.8742746615087045,-0.4467974930516473,-0.9546680477871787
2017,NYJ,offense,yards_per_play,16,5.068252326783868,-0.3746208364436441,-0.8004488569201739
2017,OAK,offense,yards_per_play,16,5.507415254237288,0.1664649237215248,0.35568405424431815
2017,PHI,offense,yards_per_play,16,5.541941564561734,0.2480180295168642,0.5299378168805595
2017,PIT,offense,yards_per_play,16,5.904946653734239,0.5615429095551607,1.1998435119972195
2017,SEA,offense,yards_per_play,16,5.339034205231388,0.0019129401691385189,0.0040873614682245644
2017,SF,offense,yards_per_play,16,5.350860420650096,0.11203953050463616,0.23939382276251736
2017,TB,offense,yards_per_play,16,5.646317829457364,0.3433080317418776,0.7335430783526898
2017,TEN,offense,yards_per_play,16,5.246875,-0.14703865598725074,-0.31417612865636646
2017,WSH,offense,yards_per_play,16,5.353545734840699,0.1062135577297844,0.22694552092123738
2017,ARI,defense,yards_per_play,16,4.9592039800995025,0.46641122081838277,1.4060844891965771
2017,ATL,defense,yards_per_play,16,5.224948875255624,0.19060764982758327,0.5746226676837277
2017,BAL,defense,yards_per_play,16,5.032850241545893,0.21062636578005262,0.6349728581123489
2017,BUF,defense,yards_per_play,16,5.461685823754789,-0.029199937306813396,-0.08802871179100207
2017,CAR,defense,yards_per_play,16,5.417021276595745,0.16508414900501414,0.4976772662551654
2017,CHI,defense,yards_per_play,16,5.1925025329280645,0.2473091222534249,0.7455599379166197
2017,CIN,defense,yards_per_play,16,5.020332717190388,0.10666464554935115,0.32156066783468257
2017,CLE,defense,yards_per_play,16,5.240079365079365,-0.021432965238690267,-0.06461371132454143
2017,DAL,defense,yards_per_play,16,5.1595959595959595,0.26005458332426595,0.7839835313454956
2017,DEN,defense,yards_per_play,16,4.969050160085379,0.47270441588228107,1.4250565112489644
2017,DET,defense,yards_per_play,16,5.57170731707317,-0.2957384601792626,-0.891559300371611
2017,GB,defense,yards_per_play,16,5.590818363273453,-0.1484677265615733,-0.4475839305480551
2017,HOU,defense,yards_per_play,16,5.844700944386149,-0.522655501475274,-1.5756434687183003
2017,IND,defense,yards_per_play,16,5.800788954635109,-0.6252752808477173,-1.8850101254796257
2017,JAX,defense,yards_per_play,16,4.689479060265577,0.5169001924801104,1.5582930055452326
2017,KC,defense,yards_per_play,16,5.645472061657033,-0.3152706590395097,-0.9504427933740784
2017,LAC,defense,yards_per_play,16,5.281124497991968,0.030054381624426925,0.09060459514582478
2017,LAR,defense,yards_per_play,16,5.3629191321499015,-0.04865976950647528,-0.14669404186247173
2017,MIA,defense,yards_per_play,16,5.54994850669413,-0.1309249212031324,-0.3946978390251095
2017,MIN,defense,yards_per_play,16,4.678986272439282,0.727419268324518,2.192942417936749
2017,NE,defense,yards_per_play,16,5.810891089108911,-0.4659666925322142,-1.4047443749398416
2017,NO,defense,yards_per_play,16,5.41123370110331,0.04910452136884318,0.1480348301317781
2017,NYG,defense,yards_per_play,16,5.8062015503875966,-0.2992893931409702,-0.9022642567208162
2017,NYJ,defense,yards_per_play,16,5.382268827454719,0.04033287531989317,0.12159105068640876
2017,OAK,defense,yards_per_play,16,5.730886850152905,-0.37459103815714445,-1.1292752511874211
2017,PHI,defense,yards_per_play,16,5.05664263645726,0.2512943041174676,0.7575740193871147
2017,PIT,defense,yards_per_play,16,5.27545551982851,-0.10422630890320078,-0.3142098426767698
2017,SEA,defense,yards_per_play,16,5.027158098933075,0.30211792067928966,0.9107913858285842
2017,SF,defense,yards_per_play,16,5.3889418493803625,-0.137117146706406,-0.41336546931602386
2017,TB,defense,yards_per_play,16,6.089357429718875,-0.6992457896785076,-2.1080081591516877
2017,TEN,defense,yards_per_play,16,5.083011583011583,0.10220283819582583,0.3081097090379042
2017,WSH,defense,yards_per_play,16,5.378612716763006,0.07917313594518051,0.2386823331941777
2018,ARI,offense,epa_per_play,16,-0.2549277018706584,-0.2681699235923487,-2.721247889279076
2018,ATL,offense,epa_per_play,16,0.07176026169785059,0.05344842261109788,0.5423665908069366
2018,BAL,offense,epa_per_play,16,0.020948437757850134,0.0015909440529784226,0.016144066747409203
2018,BUF,offense,epa_per_play,16,-0.1491347966502849,-0.1508884210990194,-1.5311366462427438
2018,CAR,offense,epa_per_play,16,0.05543198067001185,0.03660135272738375,0.3714113518768472
2018,CHI,offense,epa_per_play,16,0.024659020357427366,0.0036020304778055577,0.0365515181700293
2018,CIN,offense,epa_per_play,16,-0.01324099191009354,-0.020568650549385333,-0.20871988977378503
2018,CLE,offense,epa_per_play,16,-0.01611110068932794,-0.031164448073551603,-0.31624049186671993
2018,DAL,offense,epa_per_play,16,0.019797960106590982,-0.0006426751864847649,-0.0065215310922722685
2018,DEN,offense,epa_per_play,16,-0.02069591452167216,-0.03797180509055237,-0.38531798447264626
2018,DET,offense,epa_per_play,16,-0.04305201124797682,-0.030613070036326573,-0.31064539641420275
2018,GB,offense,epa_per_play,16,0.04989872510049158,0.0582999952990327,0.5915978086850299
2018,HOU,offense,epa_per_play,16,0.013314061264639103,0.013326912934549223,0.13523453043477848
2018,IND,offense,epa_per_play,16,0.07056949165781622,0.05621864279223513,0.5704773338752658
2018,JAX,offense,epa_per_play,16,-0.11784431522378155,-0.130628442770875,-1.3255490004554764
2018,KC,offense,epa_per_play,16,0.24333973324612296,0.24330292750484767,2.4689106409055395
2018,LAC,offense,epa_per_play,16,0.13951735205089769,0.1266626029321868,1.2853057354923763
2018,LAR,offense,epa_per_play,16,0.14731146206478316,0.13937514189360298,1.414305920720898
2018,MIA,offense,epa_per_play,16,-0.10578612813730875,-0.10523524942589048,-1.06787217798997
2018,MIN,offense,epa_per_play,16,-0.08027180227189186,-0.09138921937695053,-0.9273699190459429
2018,NE,offense,epa_per_play,16,0.08336042193542004,0.07689990098139872,0.780339906981888
2018,NO,offense,epa_per_play,16,0.1421642796337268,0.12568225782865333,1.2753577069885875
2018,NYG,offense,epa_per_play,16,0.018985504875413173,0.02093117240704527,0.21239857165856665
2018,NYJ,offense,epa_per_play,16,-0.12598946263312144,-0.11682180749891821,-1.185446499069187
2018,OAK,offense,epa_per_play,16,-0.05357394340308827,-0.0577641754029572,-0.5861605890979689
2018,PHI,offense,epa_per_play,16,0.038054181694871424,0.03056083381433039,0.3101153306001136
2018,PIT,offense,epa_per_play,16,0.10401304317928212,0.10217193814550653,1.0367872999980836
2018,SEA,offense,epa_per_play,16,0.09194034821203703,0.08620789884399893,0.8747925927928387
2018,SF,offense,epa_per_play,16,-0.04646881449264549,-0.05546099002691075,-0.5627890705502282
2018,TB,offense,epa_per_play,16,0.038503226558105764,0.03262501763853742,0.33106158661369284
2018,TEN,offense,epa_per_play,16,-0.029466482257381053,-0.02301622836838397,-0.2335566271848043
2018,WSH,offense,epa_per_play,16,-0.0712004483982337,-0.08717288638656431,-0.8845847808138585
2018,ARI,defense,epa_per_play,16,0.029588431321110692,0.006382714929642678,0.10496277436840824
2018,ATL,defense,epa_per_play,16,0.08449869595290947,-0.06520690973792931,-1.072317693886103
2018,BAL,defense,epa_per_play,16,-0.07768863889039525,0.11989215240357239,1.9716081761447042
2018,BUF,defense,epa_per_play,16,-0.09363309790005386,0.08533598719760155,1.4033373052793414
2018,CAR,defense,epa_per_play,16,0.059834917897279384,-0.02211073387267982,-0.36360764912452265
2018,CHI,defense,epa_per_play,16,-0.14090245994204578,0.12041116531131894,1.9801432643212284
2018,CIN,defense,epa_per_play,16,0.11369821671778166,-0.06487240440619316,-1.0668168046803193
2018,CLE,defense,epa_per_play,16,0.0018731145672786097,0.03856506014254152,0.6341965371895155
2018,DAL,defense,epa_per_play,16,-0.03855118424430408,0.056677043984338496,0.9320453514178646
2018,DEN,defense,epa_per_play,16,0.004400550185666637,0.034222099228716496,0.5627772067770326
2018,DET,defense,epa_per_play,16,0.03188168694128367,-0.05015808676589006,-0.8248420933717906
2018,GB,defense,epa_per_play,16,0.06201388103347196,-0.09016426465726281,-1.4827375923317514
2018,HOU,defense,epa_per_play,16,-0.06609401017307286,0.039814720380949874,0.6547470093768469
2018,IND,defense,epa_per_play,16,-0.033204210980581364,0.000632242363793993,0.010397129326360164
2018,JAX,defense,epa_per_play,16,-0.02796126561953317,0.04806772157512844,0.7904663563563079
2018,KC,defense,epa_per_play,16,0.05102228060511347,-0.04410690335098756,-0.7253313042417942
2018,LAC,defense,epa_per_play,16,-0.023687248508548704,0.040055119838471924,0.658700341821791
2018,LAR,defense,epa_per_play,16,-0.004853838736978412,0.012789782401211796,0.21032602257780775
2018,MIA,defense,epa_per_play,16,0.05489228845248304,-0.08419203166575338,-1.3845251308833526
2018,MIN,defense,epa_per_play,16,-0.11992955885719285,0.11580250628695478,1.9043545689701478
2018,NE,defense,epa_per_play,16,-0.040206457553091136,0.01681537197757239,0.2765262297092892
2018,NO,defense,epa_per_play,16,-0.00920373028035451,0.03670670673647038,0.6036361986175379
2018,NYG,defense,epa_per_play,16,0.06736266289372485,-0.05952818151679353,-0.9789318736598775
2018,NYJ,defense,epa_per_play,16,0.03220143429900976,-0.061023844190670806,-1.0035278184106624
2018,OAK,defense,epa_per_play,16,0.1568353455715098,-0.11149458444728105,-1.8335114507926416
2018,PHI,defense,epa_per_play,16,0.027752160386026733,-0.010253943379498066,-0.16862453629739857
2018,PIT,defense,epa_per_play,16,0.027096046523752852,0.00044600965137082537,0.007334560750202124
2018,SEA,defense,epa_per_play,16,-0.020916039183130848,0.01910666294296318,0.3142061604697655
2018,SF,defense,epa_per_play,16,0.05524211623921397,-0.03226504857422866,-0.5305938069952192
2018,TB,defense,epa_per_play,16,0.10717488276685322,-0.0737914130473434,-1.2134885426336492
2018,TEN,defense,epa_per_play,16,-0.00028255346123138984,-0.014416124516934659,-0.23707097083585238
2018,WSH,defense,epa_per_play,16,0.024244729715414845,-0.008138593223080942,-0.13383792532921637
2018,ARI,offense,explosive_rate,16,0.06808035714285714,-0.03346823539169907,-2.112647455264538
2018,ATL,offense,explosive_rate,16,0.10317460317460317,-0.0016856564420377523,-0.10640530494237292
2018,BAL,offense,explosive_rate,16,0.09587813620071685,-0.008984133463540817,-0.567114055383572
2018,BUF,offense,explosive_rate,16,0.0919080919080919,-0.012208494456952886,-0.7706484804245227
2018,CAR,offense,explosive_rate,16,0.12124248496993988,0.01867175192905455,1.1786348678546144
2018,CHI,offense,explosive_rate,16,0.093,-0.016398736056663855,-1.0351531114265675
2018,CIN,offense,explosive_rate,16,0.11254019292604502,0.010471044760898593,0.6609737803367643
2018,CLE,offense,explosive_rate,16,0.1141732283464567,0.014003998672699516,0.8839878115211696
2018,DAL,offense,explosive_rate,16,0.0992063492063492,-0.004051682392109692,-0.25575822552533134
2018,DEN,offense,explosive_rate,16,0.10724925521350546,0.004361587204997345,0.275320643639878
2018,DET,offense,explosive_rate,16,0.08284023668639054,-0.019848640951603845,-1.2529247600329851
2018,GB,offense,explosive_rate,16,0.10675808031341821,0.004612663121105266,0.291169548998511
2018,HOU,offense,explosive_rate,16,0.1024390243902439,-0.0016861319091089747,-0.10643531830538186
2018,IND,offense,explosive_rate,16,0.0886558627264061,-0.016755181031444657,-1.0576533287251195
2018,JAX,offense,explosive_rate,16,0.08891108891108891,-0.016346473346011782,-1.0318540823211464
2018,KC,offense,explosive_rate,16,0.1319796954314721,0.03141205969764831,1.9828535089508277
2018,LAC,offense,explosive_rate,16,0.1299254526091587,0.026934977945808063,1.7002423924896248
2018,LAR,offense,explosive_rate,16,0.12751677852348994,0.030317794438794135,1.9137791556888235
2018,MIA,offense,explosive_rate,16,0.08545034642032333,-0.01792765716756972,-1.1316646620491588
2018,MIN,offense,explosive_rate,16,0.08634538152610442,-0.016593171757187098,-1.0474266622461843
2018,NE,offense,explosive_rate,16,0.11216730038022814,0.0070302617695071675,0.4437779423786674
2018,NO,offense,explosive_rate,16,0.10595358224016145,-0.0009382510317940685,-0.05922611788569491
2018,NYG,offense,explosive_rate,16,0.09847715736040609,0.0016177527856788788,0.1021189574500885
2018,NYJ,offense,explosive_rate,16,0.09081419624217119,-0.014860026828199436,-0.9380236960910663
2018,OAK,offense,explosive_rate,16,0.09815950920245399,-0.004655977367481474,-0.29390371562979883
2018,PHI,offense,explosive_rate,16,0.0943579766536965,-0.009130494709556632,-0.5763529563989891
2018,PIT,offense,explosive_rate,16,0.09847036328871893,-0.004458464983520907,-0.28143595237685715
2018,SEA,offense,explosive_rate,16,0.12537917087967643,0.02636150760200859,1.6640426751063222
2018,SF,offense,explosive_rate,16,0.12185297079556898,0.01769437805982514,1.1169391616572921
2018,TB,offense,explosive_rate,16,0.10772163965681601,0.008710272110365878,0.5498268430719123
2018,TEN,offense,explosive_rate,16,0.1053763440860215,0.0033849412525072545,0.21367088642758492
2018,WSH,offense,explosive_rate,16,0.0948905109489051,-0.005587582064168415,-0.3527102905427939
2018,ARI,defense,explosive_rate,16,0.10586011342155009,0.006383798314960974,0.43970431814399646
2018,ATL,defense,explosive_rate,16,0.09970674486803519,0.004125412937997223,0.284150875931472
2018,BAL,defense,explosive_rate,16,0.08875128998968008,0.021761175192902254,1.4988698307984125
2018,BUF,defense,explosive_rate,16,0.10482180293501048,-0.008497081965045976,-0.5852634195676303
2018,CAR,defense,explosive_rate,16,0.11739594450373532,-0.014229026625650641,-0.9800692536930198
2018,CHI,defense,explosive_rate,16,0.06646825396825397,0.0329248053365273,2.2678001976621225
2018,CIN,defense,explosive_rate,16,0.11142322097378277,-0.005977591015490515,-0.4117255044605294
2018,CLE,defense,explosive_rate,16,0.11621621621621622,-0.010530424267762654,-0.7253163076221729
2018,DAL,defense,explosive_rate,16,0.08453608247422681,0.01739794843746687,1.1983387753439865
2018,DEN,defense,explosive_rate,16,0.10059760956175298,0.010912954542088404,0.7516642912444025
2018,DET,defense,explosive_rate,16,0.09431939978563773,0.0063136625809423735,0.43487349743466164
2018,GB,defense,explosive_rate,16,0.0998003992015968,-0.0033215892564085908,-0.22878497519480842
2018,HOU,defense,explosive_rate,16,0.08464566929133858,0.011769394867519094,0.8106543298929287
2018,IND,defense,explosive_rate,16,0.08961303462321792,0.00806183474428827,0.5552843893764822
2018,JAX,defense,explosive_rate,16,0.08900523560209424,0.010759500986302547,0.7410946918014881
2018,KC,defense,explosive_rate,16,0.11600719424460432,-0.007258802947814072,-0.4999730322339472
2018,LAC,defense,explosive_rate,16,0.09528688524590163,0.01524675205608874,1.0501683145307938
2018,LAR,defense,explosive_rate,16,0.12356020942408377,-0.01908963563248975,-1.3148590862766545
2018,MIA,defense,explosive_rate,16,0.12413108242303873,-0.028358993753255363,-1.9533154708659937
2018,MIN,defense,explosive_rate,16,0.08814589665653495,0.010009525689934448,0.6894377690661581
2018,NE,defense,explosive_rate,16,0.1185929648241206,-0.02490341803795946,-1.7153017541535018
2018,NO,defense,explosive_rate,16,0.08969072164948454,0.01647093834505109,1.1344880205915393
2018,NYG,defense,explosive_rate,16,0.1123152709359606,-0.012278021283303648,-0.8456875844381844
2018,NYJ,defense,explosive_rate,16,0.11270296084049666,-0.016348946618697957,-1.1260854542482157
2018,OAK,defense,explosive_rate,16,0.11727748691099477,-0.005386878837473117,-0.37103833318110846
2018,PHI,defense,explosive_rate,16,0.09919839679358718,0.003531948056180452,0.2432741034636305
2018,PIT,defense,explosive_rate,16,0.09908069458631256,0.009811111070139952,0.6757713340063376
2018,SEA,defense,explosive_rate,16,0.11578947368421053,-0.009481909633536127,-0.6530965429053912
2018,SF,defense,explosive_rate,16,0.0968063872255489,0.01053151559979822,0.7253914765723054
2018,TB,defense,explosive_rate,16,0.13012295081967212,-0.025861139177593945,-1.7812678295051476
2018,TEN,defense,explosive_rate,16,0.09330628803245436,0.0019701771226427814,0.13570218631551847
2018,WSH,defense,explosive_rate,16,0.10601427115188583,-0.006458996828663064,-0.44488385382992995
2018,ARI,offense,yards_per_play,16,4.327008928571429,-1.3838197316215977,-2.438782467174336
2018,ATL,offense,yards_per_play,16,6.1875,0.5106494539042241,0.8999459298018161
2018,BAL,offense,yards_per_play,16,5.397849462365591,-0.2529237287999669,-0.4457415523391776
2018,BUF,offense,yards_per_play,16,4.754245754245754,-0.9435301917387323,-1.6628357265624125
2018,CAR,offense,yards_per_play,16,6.004008016032064,0.2790704476386803,0.49182136896463946
2018,CHI,offense,yards_per_play,16,5.528,-0.2460902081277,-0.4336984588467445
2018,CIN,offense,yards_per_play,16,5.337620578778135,-0.2584734797965012,-0.4555221871417083
2018,CLE,offense,yards_per_play,16,5.826771653543307,0.2418052988930881,0.4261469250174735
2018,DAL,offense,yards_per_play,16,5.475198412698413,-0.33956310035805776,-0.5984309348465413
2018,DEN,offense,yards_per_play,16,5.571996027805363,-0.065211763779485,-0.1149263177318503
2018,DET,offense,yards_per_play,16,5.173570019723866,-0.3986086338712149,-0.7024901620755492
2018,GB,offense,yards_per_play,16,5.7952987267384914,0.1949852878470922,0.3436334158929552
2018,HOU,offense,yards_per_play,16,5.670243902439024,-0.03109465926085325,-0.05479984718841764
2018,IND,offense,yards_per_play,16,5.919923736892279,0.16050338968269465,0.2828640492214355
2018,JAX,offense,yards_per_play,16,4.833166833166834,-0.9244150421559464,-1.6291480354602843
2018,KC,offense,yards_per_play,16,6.9279187817258885,1.3683327235665736,2.411488851645772
2018,LAC,offense,yards_per_play,16,6.376996805111821,0.7834549860403862,1.3807262897855492
2018,LAR,offense,yards_per_play,16,6.4956855225311605,0.9070397436782238,1.5985265807120759
2018,MIA,offense,yards_per_play,16,5.37066974595843,-0.2547036115742836,-0.44887833873153615
2018,MIN,offense,yards_per_play,16,5.566265060240964,-0.10690155194051992,-0.18839854977479809
2018,NE,offense,yards_per_play,16,6.000950570342205,0.3339341342286394,0.5885106948086251
2018,NO,offense,yards_per_play,16,6.15539858728557,0.43015178506789126,0.7580804115407466
2018,NYG,offense,yards_per_play,16,5.797969543147208,0.14247636308534578,0.2510940177670006
2018,NYJ,offense,yards_per_play,16,5.007306889352819,-0.6672477773043728,-1.1759278635553383
2018,OAK,offense,yards_per_play,16,5.514314928425358,-0.09695215819403281,-0.17086417989014172
2018,PHI,offense,yards_per_play,16,5.706225680933852,-0.04937699229433402,-0.08701981937282424
2018,PIT,offense,yards_per_play,16,6.193116634799235,0.609166953303367,1.0735687975454815
2018,SEA,offense,yards_per_play,16,5.737108190091001,0.1545668260617686,0.27240171302031113
2018,SF,offense,yards_per_play,16,5.828801611278952,0.14862840160866445,0.2619360973711585
2018,TB,offense,yards_per_play,16,6.347950428979981,0.7438136380195128,1.3108641377152483
2018,TEN,offense,yards_per_play,16,5.383870967741935,-0.27979414528386065,-0.4930967815710808
2018,WSH,offense,yards_per_play,16,5.012513034410845,-0.7098726565105772,-1.2510480585475483
2018,ARI,defense,yards_per_play,16,5.444234404536862,0.4397314691745014,1.0663165918881286
2018,ATL,defense,yards_per_play,16,6.033235581622678,-0.31858686099566846,-0.7725497937965873
2018,BAL,defense,yards_per_play,16,4.847265221878225,1.0904652371763106,2.6442982974601916
2018,BUF,defense,yards_per_play,16,4.949685534591195,0.5900576815326619,1.43084664186159
2018,CAR,defense,yards_per_play,16,6.050160085378868,-0.24562343211023635,-0.5956188250679136
2018,CHI,defense,yards_per_play,16,4.762896825396825,0.8052911954468666,1.9527721420942143
2018,CIN,defense,yards_per_play,16,6.216292134831461,-0.23190843879770978,-0.5623609712367446
2018,CLE,defense,yards_per_play,16,5.68018018018018,0.19555446939829974,0.4742052592436412
2018,DAL,defense,yards_per_play,16,5.448453608247423,0.2020603938846586,0.4899816494082885
2018,DEN,defense,yards_per_play,16,5.837649402390438,0.05622265649491973,0.136335822344968
2018,DET,defense,yards_per_play,16,5.765273311897106,-0.2397090741739709,-0.5812769404408262
2018,GB,defense,yards_per_play,16,5.6786427145708585,-0.1908386273455341,-0.46276968781245015
2018,HOU,defense,yards_per_play,16,5.410433070866142,-0.0008110730396841491,-0.001966792689910213
2018,IND,defense,yards_per_play,16,5.538696537678208,-0.2027723759220439,-0.49170815367761284
2018,JAX,defense,yards_per_play,16,5.237696335078534,0.397735983572113,0.9644806164773678
2018,KC,defense,yards_per_play,16,5.850719424460432,-0.12769032435887423,-0.3096396801952737
2018,LAC,defense,yards_per_play,16,5.447745901639344,0.32502318341219094,0.7881574040435
2018,LAR,defense,yards_per_play,16,6.018848167539267,-0.3391672784902665,-0.8224557982125448
2018,MIA,defense,yards_per_play,16,6.234359483614697,-0.8485353023259974,-2.0576359326080644
2018,MIN,defense,yards_per_play,16,5.0385005065856125,0.4774207780652487,1.157710404303728
2018,NE,defense,yards_per_play,16,5.780904522613065,-0.33429111498735353,-0.810631459013732
2018,NO,defense,yards_per_play,16,5.778350515463917,0.09988725049730819,0.24221926332356655
2018,NYG,defense,yards_per_play,16,5.877832512315271,-0.29819281865767444,-0.723095735478951
2018,NYJ,defense,yards_per_play,16,5.833810888252149,-0.3784262574661932,-0.9176559455687802
2018,OAK,defense,yards_per_play,16,6.4178010471204185,-0.4908883650480443,-1.1903683159121383
2018,PHI,defense,yards_per_play,16,5.87875751503006,-0.19861969448695171,-0.48163820548087816
2018,PIT,defense,yards_per_play,16,5.363636363636363,0.47491113268373847,1.1516246981451912
2018,SEA,defense,yards_per_play,16,5.963157894736842,-0.25853502761807373,-0.6269284980908406
2018,SF,defense,yards_per_play,16,5.565868263473054,0.23149490344237683,0.5613581783030304
2018,TB,defense,yards_per_play,16,6.313524590163935,-0.5346523059377115,-1.296492665812849
2018,TEN,defense,yards_per_play,16,5.421906693711968,-0.0026369014905999436,-0.006394292897721915
2018,WSH,defense,yards_per_play,16,5.786952089704383,-0.14397106153916428,-0.3491192749035864
2019,ARI,offense,epa_per_play,16,0.006297186886665039,0.03627769060541775,0.41300628988550886
2019,ATL,offense,epa_per_play,16,0.0037567319043597027,0.03796019841719448,0.43216093554923996
2019,BAL,offense,epa_per_play,16,0.21290589856941028,0.2308588435425072,2.628231093753944
2019,BUF,offense,epa_per_play,16,-0.025939449629518073,-0.016923677305782005,-0.19266896703273595
2019,CAR,offense,epa_per_play,16,-0.09188656911092677,-0.07296465791132721,-0.8306720233238598
2019,CHI,offense,epa_per_play,16,-0.0901957448007931,-0.08850893896282651,-1.007637142626634
2019,CIN,offense,epa_per_play,16,-0.11208953186650708,-0.08371061342210646,-0.9530102191327893
2019,CLE,offense,epa_per_play,16,-0.045962231955969636,-0.00690905173078212,-0.07865665576655945
2019,DAL,offense,epa_per_play,16,0.12122796624236971,0.11920724434178136,1.3571244721327274
2019,DEN,offense,epa_per_play,16,-0.06814217081857657,-0.0755588867853568,-0.8602062308353141
2019,DET,offense,epa_per_play,16,-0.041608950236450885,-0.03716564524849786,-0.4231152810203572
2019,GB,offense,epa_per_play,16,0.04818054633109985,0.054726960895343166,0.6230434930915631
2019,HOU,offense,epa_per_play,16,0.05999527513227274,0.07557253427805828,0.8603616018149705
2019,IND,offense,epa_per_play,16,-0.002449204388907014,-0.00985845793024808,-0.11223440813938416
2019,JAX,offense,epa_per_play,16,-0.04997711270786926,-0.05650404848177609,-0.6432748898156543
2019,KC,offense,epa_per_play,16,0.12622016271883998,0.13488507717064624,1.5356100223989082
2019,LAC,offense,epa_per_play,16,0.02598420393015035,0.022169376244893804,0.2523890490044745
2019,LAR,offense,epa_per_play,16,0.005712015332057566,0.031187160946737843,0.355052745081601
2019,MIA,offense,epa_per_play,16,-0.1032027700277507,-0.08181902740951016,-0.931475305856226
2019,MIN,offense,epa_per_play,16,0.05566042218225979,0.03715656702990251,0.42301192930981274
2019,NE,offense,epa_per_play,16,-0.010444276555633507,-0.028870058716855485,-0.32867350816544727
2019,NO,offense,epa_per_play,16,0.09863150764220249,0.1166837830009524,1.3283959233014089
2019,NYG,offense,epa_per_play,16,-0.0717248682689926,-0.07319554155568148,-0.8333005367644523
2019,NYJ,offense,epa_per_play,16,-0.15496786765958426,-0.16599507480149583,-1.8897842954972695
2019,OAK,offense,epa_per_play,16,0.04767924625226131,0.04648593230659658,0.5292228395307189
2019,PHI,offense,epa_per_play,16,-0.009971494394689112,-0.02647217476386303,-0.30137460521782017
2019,PIT,offense,epa_per_play,16,-0.17513320533155577,-0.169994518694465,-1.9353162865439557
2019,SEA,offense,epa_per_play,16,0.021325515740105154,0.0717188237175682,0.816488723626776
2019,SF,offense,epa_per_play,16,0.06498962253897334,0.07072927388115864,0.8052231138326603
2019,TB,offense,epa_per_play,16,-0.005290957819607075,-0.007724284235491476,-0.08793773586138155
2019,TEN,offense,epa_per_play,16,0.06284007984661757,0.049126679178627036,0.5592866349361822
2019,WSH,offense,epa_per_play,16,-0.14212159787567125,-0.13257148760140358,-1.5092707756506571
2019,ARI,defense,epa_per_play,16,0.09576572925347167,-0.0844222997834468,-0.9838287063011291
2019,ATL,defense,epa_per_play,16,0.04956299406920784,-0.03852271400107438,-0.4489305784858687
2019,BAL,defense,epa_per_play,16,-0.12086734734471223,0.08983317438410447,1.046885194598173
2019,BUF,defense,epa_per_play,16,-0.09009351358837295,0.0365973563810171,0.4264931170404409
2019,CAR,defense,epa_per_play,16,0.05980024758002391,-0.03954241360409165,-0.4608138100944069
2019,CHI,defense,epa_per_play,16,-0.046311120810603075,0.051929993597982144,0.6051744450313115
2019,CIN,defense,epa_per_play,16,0.11219251619224614,-0.12456736616682695,-1.4516656264708143
2019,CLE,defense,epa_per_play,16,0.02914759115689835,-0.04037084455447916,-0.4704680620191961
2019,DAL,defense,epa_per_play,16,-0.03912494360471963,-0.006364778610399572,-0.0741729604883196
2019,DEN,defense,epa_per_play,16,-0.010807257419272985,0.027478004186948915,0.32021929490567974
2019,DET,defense,epa_per_play,16,0.06327056457090548,-0.06325993842331111,-0.7372097602095963
2019,GB,defense,epa_per_play,16,-0.026294979715398858,0.0044583683019218875,0.051956304553841585
2019,HOU,defense,epa_per_play,16,0.0701751386607415,-0.058531461565316176,-0.6821057026097861
2019,IND,defense,epa_per_play,16,0.0032891634152681566,-0.009164062753228376,-0.10679486375170633
2019,JAX,defense,epa_per_play,16,0.0811486731754151,-0.07549886904094305,-0.8798380859829933
2019,KC,defense,epa_per_play,16,-0.00914379194845527,0.020433213223021097,0.23812170223193418
2019,LAC,defense,epa_per_play,16,0.03256173684153928,-0.04407738773798721,-0.5136628529030453
2019,LAR,defense,epa_per_play,16,-0.042163947004714555,0.05951840589806143,0.6936072154630124
2019,MIA,defense,epa_per_play,16,0.12888959050995893,-0.17017733318474879,-1.9831886359218411
2019,MIN,defense,epa_per_play,16,-0.08059705252856177,0.07277058349593775,0.8480435761785314
2019,NE,defense,epa_per_play,16,-0.23069526309443414,0.19702785568098097,2.2960954730811935
2019,NO,defense,epa_per_play,16,-0.06373625198560846,0.06664382718371434,0.7766444464232641
2019,NYG,defense,epa_per_play,16,0.06227170477206487,-0.09513440590277447,-1.1086639397900402
2019,NYJ,defense,epa_per_play,16,-0.04274524181174991,0.009069283252889346,0.10569033576017736
2019,OAK,defense,epa_per_play,16,0.10193774915138544,-0.11140456203962655,-1.2982707937195685
2019,PHI,defense,epa_per_play,16,-0.03761165390783149,0.008247197454166303,0.09611002807013834
2019,PIT,defense,epa_per_play,16,-0.13765027152380369,0.1486419889920019,1.732223075030199
2019,SEA,defense,epa_per_play,16,0.018175925243071343,-0.010165602604630758,-0.11846646780468344
2019,SF,defense,epa_per_play,16,-0.1559398477833656,0.170173658309202,1.983145810174593
2019,TB,defense,epa_per_play,16,-0.08607445128416684,0.09719106973213881,1.132631599042539
2019,TEN,defense,epa_per_play,16,-0.02842192969950105,0.03494829649286212,0.40727553518661735
2019,WSH,defense,epa_per_play,16,0.09661597025282427,-0.12375823659377855,-1.4422363062186527
2019,ARI,offense,explosive_rate,16,0.11032388663967611,0.012873796407742907,0.7714345254767826
2019,ATL,offense,explosive_rate,16,0.0798165137614679,-0.017011030690626542,-1.0193493801726423
2019,BAL,offense,explosive_rate,16,0.1362763915547025,0.036263892589783096,2.1730356676388203
2019,BUF,offense,explosive_rate,16,0.1145418326693227,0.013853598467297267,0.8301470538510171
2019,CAR,offense,explosive_rate,16,0.07921714818266543,-0.0179181892463325,-1.073708903019574
2019,CHI,offense,explosive_rate,16,0.06620553359683795,-0.03278690750557313,-1.9646848243002641
2019,CIN,offense,explosive_rate,16,0.08775313404050145,-0.010698179445186301,-0.64106536427783
2019,CLE,offense,explosive_rate,16,0.11271975180972078,0.017232946378185156,1.0326471998444406
2019,DAL,offense,explosive_rate,16,0.12064090480678605,0.02256511626766053,1.3521659974212206
2019,DEN,offense,explosive_rate,16,0.09216101694915255,-0.00860260362372334,-0.5154924960865097
2019,DET,offense,explosive_rate,16,0.09792284866468842,0.001088162415867311,0.06520578936750973
2019,GB,offense,explosive_rate,16,0.0980980980980981,0.0016027191360230965,0.09603949270350834
2019,HOU,offense,explosive_rate,16,0.1044776119402985,0.00388752337993239,0.2329514665986328
2019,IND,offense,explosive_rate,16,0.09090909090909091,-0.011490931927707048,-0.688569349567383
2019,JAX,offense,explosive_rate,16,0.0984251968503937,-0.0024501208809379724,-0.14681821735303793
2019,KC,offense,explosive_rate,16,0.09573361082206035,-0.002929831700926936,-0.17556385516363768
2019,LAC,offense,explosive_rate,16,0.09625126646403243,-0.00464502194362406,-0.27834293672360855
2019,LAR,offense,explosive_rate,16,0.10803059273422562,0.009959691238857569,0.5968130488782316
2019,MIA,offense,explosive_rate,16,0.07593688362919132,-0.023364104841615104,-1.400043667060735
2019,MIN,offense,explosive_rate,16,0.11366006256517205,0.013284828436910392,0.7960647346500428
2019,NE,offense,explosive_rate,16,0.09796672828096119,-0.00452825872520072,-0.2713461523140459
2019,NO,offense,explosive_rate,16,0.10010111223458039,0.002547826510581645,0.15267301679581857
2019,NYG,offense,explosive_rate,16,0.09990108803165183,0.0014602920619124602,0.08750485701006705
2019,NYJ,offense,explosive_rate,16,0.07407407407407407,-0.031996325871589515,-1.917310922434286
2019,OAK,offense,explosive_rate,16,0.09582059123343527,-0.0024739943054675377,-0.14824878090555768
2019,PHI,offense,explosive_rate,16,0.09107468123861566,-0.010691631443269727,-0.6406729893643742
2019,PIT,offense,explosive_rate,16,0.0790899241603467,-0.022465490708693702,-1.3461961503483977
2019,SEA,offense,explosive_rate,16,0.11348205625606207,0.019778958164568896,1.18521147320102
2019,SF,offense,explosive_rate,16,0.12650602409638553,0.0263372014111749,1.5782000763037916
2019,TB,offense,explosive_rate,16,0.10634328358208955,0.0040366303569621224,0.24188638108905167
2019,TEN,offense,explosive_rate,16,0.13038793103448276,0.026274018371724973,1.5744139687320629
2019,WSH,offense,explosive_rate,16,0.09060022650056625,-0.008994578734584561,-0.5389807604701347
2019,ARI,defense,explosive_rate,16,0.1190253045923149,-0.012338038092729289,-0.8061220998323929
2019,ATL,defense,explosive_rate,16,0.101956745623069,0.0008610564937958301,0.0562582692354496
2019,BAL,defense,explosive_rate,16,0.08932461873638345,0.010158605315767394,0.6637259657472753
2019,BUF,defense,explosive_rate,16,0.08932238193018481,0.005269702715333743,0.3443030234188754
2019,CAR,defense,explosive_rate,16,0.11925708699902249,-0.01613252351237574,-1.0540398426113495
2019,CHI,defense,explosive_rate,16,0.0744047619047619,0.026525149027885216,1.7330558288145677
2019,CIN,defense,explosive_rate,16,0.136318407960199,-0.03313640265308698,-2.1650108620873185
2019,CLE,defense,explosive_rate,16,0.11883182275931521,-0.015616819008744636,-1.0203456041728005
2019,DAL,defense,explosive_rate,16,0.10049751243781095,-0.006113939334720702,-0.3994623438271714
2019,DEN,defense,explosive_rate,16,0.09036144578313253,0.01018215669218692,0.6652647261944851
2019,DET,defense,explosive_rate,16,0.10223048327137546,-0.003830719444047461,-0.25028514087023723
2019,GB,defense,explosive_rate,16,0.10090817356205853,-0.0056475042232108025,-0.36898718653715873
2019,HOU,defense,explosive_rate,16,0.10714285714285714,-0.007291889816137979,-0.4764253024793006
2019,IND,defense,explosive_rate,16,0.09400826446280992,0.002753799312566165,0.17992313426854356
2019,JAX,defense,explosive_rate,16,0.12232415902140673,-0.025796697104543024,-1.685461455246602
2019,KC,defense,explosive_rate,16,0.09788867562380038,0.0019012075412057224,0.1242179189122838
2019,LAC,defense,explosive_rate,16,0.08762322015334063,0.006889557505948804,0.4501383868227447
2019,LAR,defense,explosive_rate,16,0.08565928777670838,0.019747648645767325,1.2902388429544027
2019,MIA,defense,explosive_rate,16,0.11420345489443379,-0.017173985304618312,-1.122085131542085
2019,MIN,defense,explosive_rate,16,0.07984790874524715,0.01522171302468279,0.994530830128068
2019,NE,defense,explosive_rate,16,0.08360128617363344,0.012630619510229365,0.8252382952018591
2019,NO,defense,explosive_rate,16,0.0925553319919517,0.006777315096444092,0.4428048799750436
2019,NYG,defense,explosive_rate,16,0.11708253358925144,-0.020405775082432596,-1.333238407478635
2019,NYJ,defense,explosive_rate,16,0.08806262230919765,0.010748227509665564,0.7022497146189287
2019,OAK,defense,explosive_rate,16,0.12236286919831224,-0.02739511231821922,-1.7898960354261377
2019,PHI,defense,explosive_rate,16,0.09365244536940687,0.004894455225694183,0.31978573047231884
2019,PIT,defense,explosive_rate,16,0.08113391984359726,0.025233463070044728,1.6486618118052927
2019,SEA,defense,explosive_rate,16,0.10693069306930693,-0.0022625148924511266,-0.1478244144079719
2019,SF,defense,explosive_rate,16,0.08350515463917525,0.02067563503754855,1.35087006593626
2019,TB,defense,explosive_rate,16,0.08239700374531835,0.017683279814348918,1.1553605645194391
2019,TEN,defense,explosive_rate,16,0.09177820267686425,0.005192904647415499,0.3392853196876934
2019,WSH,defense,explosive_rate,16,0.1077788191190253,-0.01020457539939791,-0.6667294821943704
2019,ARI,offense,yards_per_play,16,5.55668016194332,0.07166256313065385,0.13994564965488487
2019,ATL,offense,yards_per_play,16,5.588073394495413,0.12803254373277523,0.25002730473098916
2019,BAL,offense,yards_per_play,16,6.286948176583493,0.7611596478768117,1.4864243861785156
2019,BUF,offense,yards_per_play,16,5.280876494023905,-0.28841779690210645,-0.5632343331907016
2019,CAR,offense,yards_per_play,16,5.103448275862069,-0.42838244943819226,-0.8365631589016038
2019,CHI,offense,yards_per_play,16,4.700592885375494,-0.8592759699276256,-1.6780300423452534
2019,CIN,offense,yards_per_play,16,5.0,-0.48522966690794217,-0.947576782087165
2019,CLE,offense,yards_per_play,16,5.6473629782833505,0.22737558452416332,0.44402854854545637
2019,DAL,offense,yards_per_play,16,6.5202639019792645,0.964185659124311,1.8829020699189887
2019,DEN,offense,yards_per_play,16,5.075211864406779,-0.5325937573257826,-1.0400713582547843
2019,DET,offense,yards_per_play,16,5.497527200791295,0.008394685660902209,0.016393493159015424
2019,GB,offense,yards_per_play,16,5.565565565565565,0.09452755616591137,0.18459736409116803
2019,HOU,offense,yards_per_play,16,5.776119402985074,0.23267209593865565,0.45437179749478906
2019,IND,offense,yards_per_play,16,5.250749250749251,-0.38951022993903384,-0.7606518633283013
2019,JAX,offense,yards_per_play,16,5.4015748031496065,-0.22228239437877262,-0.43408235387249383
2019,KC,offense,yards_per_play,16,6.331945889698231,0.7774174779328347,1.5181733564885336
2019,LAC,offense,yards_per_play,16,5.965552178318136,0.36205187547080997,0.7070300406261525
2019,LAR,offense,yards_per_play,16,5.748565965583174,0.2818653653190865,0.550438470822661
2019,MIA,offense,yards_per_play,16,4.909270216962525,-0.568752162373923,-1.1106830034974235
2019,MIN,offense,yards_per_play,16,5.913451511991658,0.27087182537655197,0.5289698263581297
2019,NE,offense,yards_per_play,16,5.251386321626617,-0.39204186629145454,-0.7655957486507456
2019,NO,offense,yards_per_play,16,6.068756319514661,0.5753874684084122,1.1236407065579679
2019,NYG,offense,yards_per_play,16,5.36597428288823,-0.18225018837966597,-0.3559057881604353
2019,NYJ,offense,yards_per_play,16,4.644444444444445,-1.0253508464812529,-2.0023480052450844
2019,OAK,offense,yards_per_play,16,5.938837920489297,0.3658564063490073,0.7144596876011302
2019,PHI,offense,yards_per_play,16,5.270491803278689,-0.3674382050145221,-0.7175486901744712
2019,PIT,offense,yards_per_play,16,4.793066088840737,-0.8224492106219278,-1.606113206963054
2019,SEA,offense,yards_per_play,16,5.8273520853540255,0.49955113016423447,0.9755443343460504
2019,SF,offense,yards_per_play,16,6.144578313253012,0.5459087084615383,1.066073351560139
2019,TB,offense,yards_per_play,16,5.959888059701493,0.3251703417407492,0.6350062394578146
2019,TEN,offense,yards_per_play,16,6.275862068965517,0.6007929902432194,1.1732536718592623
2019,WSH,offense,yards_per_play,16,4.985277463193658,-0.5289091816323083,-1.0328759647801307
2019,ARI,defense,yards_per_play,16,6.037488284910966,-0.2963089663196911,-0.6571953802430738
2019,ATL,defense,yards_per_play,16,5.88259526261586,-0.20660781578332904,-0.4582436493277424
2019,BAL,defense,yards_per_play,16,5.252723311546841,0.1782464269781137,0.3953398029431411
2019,BUF,defense,yards_per_play,16,4.920944558521561,0.3675756714653718,0.8152606253451097
2019,CAR,defense,yards_per_play,16,5.881720430107527,-0.1335769487062908,-0.29626559967792904
2019,CHI,defense,yards_per_play,16,5.156746031746032,0.5294448308231188,1.1742766384449508
2019,CIN,defense,yards_per_play,16,6.3014925373134325,-0.8132174295297522,-1.8036671129410553
2019,CLE,defense,yards_per_play,16,5.851963746223565,-0.3961886752984136,-0.8787225386553977
2019,DAL,defense,yards_per_play,16,5.226865671641791,0.08049022339463331,0.1785224511661312
2019,DEN,defense,yards_per_play,16,5.421686746987952,0.29299091882470335,0.6498361514222514
2019,DET,defense,yards_per_play,16,5.973977695167286,-0.38251535285724253,-0.8483959358106361
2019,GB,defense,yards_per_play,16,5.698284561049445,-0.19919372371916735,-0.4417996411906043
2019,HOU,defense,yards_per_play,16,6.175595238095238,-0.5240094778770066,-1.1622213540879747
2019,IND,defense,yards_per_play,16,5.7541322314049586,-0.13180371506475888,-0.29233267462411866
2019,JAX,defense,yards_per_play,16,6.144750254841998,-0.5163521973968129,-1.1452379687408585
2019,KC,defense,yards_per_play,16,5.380998080614203,0.21392911682662927,0.4744818525894199
2019,LAC,defense,yards_per_play,16,5.502738225629792,0.003454484253874487,0.007661837308307156
2019,LAR,defense,yards_per_play,16,5.242540904716074,0.452619630917353,1.0038829878866717
2019,MIA,defense,yards_per_play,16,6.1238003838771595,-0.8147692063955464,-1.8071088602497365
2019,MIN,defense,yards_per_play,16,5.2005703422053235,0.3451524907355956,0.7655273656027181
2019,NE,defense,yards_per_play,16,4.721329046087889,0.6456323822485565,1.4319736058604857
2019,NO,defense,yards_per_play,16,5.368209255533199,0.2851607191013486,0.6324692416439573
2019,NYG,defense,yards_per_play,16,5.81573896353167,-0.411672437728315,-0.9130645879835377
2019,NYJ,defense,yards_per_play,16,5.088062622309198,0.2851678492714901,0.6324850559304284
2019,OAK,defense,yards_per_play,16,6.0042194092827,-0.47368497731937154,-1.0506046531479747
2019,PHI,defense,yards_per_play,16,5.534859521331946,-0.05628009636301511,-0.12482585251696503
2019,PIT,defense,yards_per_play,16,4.764418377321603,0.8184358464005161,1.8152412461931633
2019,SEA,defense,yards_per_play,16,6.058415841584158,-0.3961330003187807,-0.8785990549152181
2019,SF,defense,yards_per_play,16,4.656701030927835,1.016712682762429,2.2550072866368436
2019,TB,defense,yards_per_play,16,5.1732209737827715,0.4991339058808894,1.107048838725072
2019,TEN,defense,yards_per_play,16,5.51434034416826,0.09307604503515127,0.20643704295676435
2019,WSH,defense,yards_per_play,16,5.7900656044985945,-0.35490920425024086,-0.7871671665425938
2020,ARI,offense,epa_per_play,16,0.03820799516922792,0.028228889754213733,0.3406390845727575
2020,ATL,offense,epa_per_play,16,0.02071866292160139,-0.009608096271689104,-0.11594126254952118
2020,BAL,offense,epa_per_play,16,0.11994148854239063,0.06965146064358599,0.8404868203945088
2020,BUF,offense,epa_per_play,16,0.16412847157452676,0.14373423469748992,1.734446467977345
2020,CAR,offense,epa_per_play,16,0.003601984459701785,-0.014482878057560464,-0.17476543946506076
2020,CHI,offense,epa_per_play,16,-0.027485212233437143,-0.07776604231257417,-0.938405785521427
2020,CIN,offense,epa_per_play,16,-0.04879801286766568,-0.08106515346768184,-0.9782162851041062
2020,CLE,offense,epa_per_play,16,0.08908105506380923,0.057035681205819824,0.6882517308720489
2020,DAL,offense,epa_per_play,16,-0.03848353121960343,-0.044305456189850836,-0.5346356222116664
2020,DEN,offense,epa_per_play,16,-0.10409601046023483,-0.13918209670693882,-1.6795156459913627
2020,DET,offense,epa_per_play,16,-0.004731570765545583,-0.0375511221783217,-0.453130817218674
2020,GB,offense,epa_per_play,16,0.2187362101297229,0.16790644384000508,2.0261334335682717
2020,HOU,offense,epa_per_play,16,0.09861796082010839,0.044094649510999104,0.5320918100132187
2020,IND,offense,epa_per_play,16,0.07957491348741982,-0.0036276411227694682,-0.04377488317740015
2020,JAX,offense,epa_per_play,16,-0.058805196962219204,-0.11828537572364817,-1.4273541203947797
2020,KC,offense,epa_per_play,16,0.18369496511171024,0.15269843268418087,1.8426177854716677
2020,LAC,offense,epa_per_play,16,0.02685064888870908,-0.0188045557285767,-0.2269152880241496
2020,LAR,offense,epa_per_play,16,-0.015197920826899115,-0.029089276372922697,-0.3510214025713405
2020,MIA,offense,epa_per_play,16,0.0070999985509786045,-0.035575742276287264,-0.4292938329316114
2020,MIN,offense,epa_per_play,16,0.0957532184026857,0.04054158521613121,0.48921684824993306
2020,NE,offense,epa_per_play,16,-0.0043625340759006785,-0.03142510657350588,-0.37920795429802573
2020,NO,offense,epa_per_play,16,0.09352150972733267,0.057819728523374386,0.6977128596248594
2020,NYG,offense,epa_per_play,16,-0.0558122481613332,-0.051670443858225806,-0.6235092080695851
2020,NYJ,offense,epa_per_play,16,-0.14300307698407247,-0.1606450610892639,-1.9385100521855136
2020,OAK,offense,epa_per_play,16,0.04528409633778652,0.025513839923804883,0.30787647517322153
2020,PHI,offense,epa_per_play,16,-0.08890427083911885,-0.09049969656007296,-1.092063274848878
2020,PIT,offense,epa_per_play,16,0.009879063685646707,-0.045162736119565346,-0.5449804516762028
2020,SEA,offense,epa_per_play,16,0.0869587545702171,0.08877110047102467,1.0712042402040218
2020,SF,offense,epa_per_play,16,0.008029722832714565,0.011859972396212793,0.14311473725250526
2020,TB,offense,epa_per_play,16,0.1191334304584997,0.09199109423425436,1.1100600272146601
2020,TEN,offense,epa_per_play,16,0.1705347865515095,0.11111468361608574,1.3408251064470025
2020,WSH,offense,epa_per_play,16,-0.0673634831983265,-0.10221531610774966,-1.233436100796717
2020,ARI,defense,epa_per_play,16,0.006804448643869095,0.00724556294146395,0.0906442479191423
2020,ATL,defense,epa_per_play,16,0.06275828548337421,-0.009447509663095332,-0.11819128686585431
2020,BAL,defense,epa_per_play,16,-0.05979572713790414,0.07734626417866701,0.9676258425284036
2020,BUF,defense,epa_per_play,16,0.017047873018349882,0.001830329223197128,0.022897988358088022
2020,CAR,defense,epa_per_play,16,0.07708838361482286,-0.027606599569873335,-0.34536715446826677
2020,CHI,defense,epa_per_play,16,0.005907710882638741,0.04826551057137169,0.6038165621523315
2020,CIN,defense,epa_per_play,16,0.09245850272012769,-0.07489038734433083,-0.93690205882387
2020,CLE,defense,epa_per_play,16,0.07701325992112852,-0.08169346978654433,-1.02201073795452
2020,DAL,defense,epa_per_play,16,0.06086437507684062,-0.05185942591039322,-0.6487775618181268
2020,DEN,defense,epa_per_play,16,0.042656620262323634,0.011485846328681553,0.14369151308036057
2020,DET,defense,epa_per_play,16,0.20318841355207273,-0.15366258336201374,-1.9223667525464851
2020,GB,defense,epa_per_play,16,0.024604260313209832,-0.0021506944969241814,-0.026905857661021753
2020,HOU,defense,epa_per_play,16,0.1695229591846152,-0.12953985420535988,-1.6205839014656405
2020,IND,defense,epa_per_play,16,-0.030237177035597983,0.06312497672552884,0.7897131094467709
2020,JAX,defense,epa_per_play,16,0.14536870043458355,-0.09698031875222606,-1.2132539772640814
2020,KC,defense,epa_per_play,16,0.04527886807597662,-0.027559379799064455,-0.34477642043607887
2020,LAC,defense,epa_per_play,16,0.02624632607359092,-0.001402667409660811,-0.017547805940834344
2020,LAR,defense,epa_per_play,16,-0.17666109149672066,0.20080003215059278,2.512070910633987
2020,MIA,defense,epa_per_play,16,-0.04117896841074845,0.05929189057129642,0.7417600084294386
2020,MIN,defense,epa_per_play,16,0.09808697107457838,-0.04573449067582977,-0.5721527153603111
2020,NE,defense,epa_per_play,16,0.07141690530383885,-0.031748934852682445,-0.3971890583523923
2020,NO,defense,epa_per_play,16,-0.08389408941954803,0.13069364194152924,1.6350181452157915
2020,NYG,defense,epa_per_play,16,0.030719340627877897,-0.019211570154235514,-0.2403427231319012
2020,NYJ,defense,epa_per_play,16,0.08432194977868715,-0.029147128464570477,-0.3646396505028164
2020,OAK,defense,epa_per_play,16,0.1301696918590001,-0.09778246207222184,-1.2232890399019674
2020,PHI,defense,epa_per_play,16,0.018513392804694037,0.005226507727224698,0.06538523866335513
2020,PIT,defense,epa_per_play,16,-0.11834941050640597,0.13562969043481948,1.6967696484435077
2020,SEA,defense,epa_per_play,16,0.040341495664603766,-0.029397893562533275,-0.3677767999407317
2020,SF,defense,epa_per_play,16,-0.03440169915273314,0.07062353953914381,0.8835224645245452
2020,TB,defense,epa_per_play,16,-0.05074927621724598,0.09127996351086831,1.141940758691822
2020,TEN,defense,epa_per_play,16,0.11731435062353703,-0.09181132296017895,-1.1485882308131419
2020,WSH,defense,epa_per_play,16,-0.09066572597159041,0.09878293719720992,1.2358052951604976
2020,ARI,offense,explosive_rate,16,0.10674157303370786,0.012109636482619772,0.8238891864432155
2020,ATL,offense,explosive_rate,16,0.08699719363891488,-0.008818415682415396,-0.5999682428717588
2020,BAL,offense,explosive_rate,16,0.1205311542390194,0.016486284484332286,1.121658072127968
2020,BUF,offense,explosive_rate,16,0.11817279046673287,0.020694834666362984,1.4079902828886455
2020,CAR,offense,explosive_rate,16,0.10386965376782077,0.006910731031404865,0.47017733152984037
2020,CHI,offense,explosive_rate,16,0.07930367504835589,-0.018166673649458964,-1.2359847461068805
2020,CIN,offense,explosive_rate,16,0.06990291262135923,-0.02997679631028338,-2.0394962606581784
2020,CLE,offense,explosive_rate,16,0.11840796019900497,0.016556266018065254,1.1264193239604259
2020,DAL,offense,explosive_rate,16,0.08640864086408641,-0.01071940624609997,-0.7293037164177457
2020,DEN,offense,explosive_rate,16,0.0979431929480901,0.0006460660714884088,0.04395564233465524
2020,DET,offense,explosive_rate,16,0.09572301425661914,-0.003302805860480309,-0.22470914277806797
2020,GB,offense,explosive_rate,16,0.10950413223140495,0.007446520070161746,0.5066301842541892
2020,HOU,offense,explosive_rate,16,0.11587982832618025,0.015292813683230941,1.0404592938843942
2020,IND,offense,explosive_rate,16,0.11857707509881422,0.014035280513432903,0.9549019791229925
2020,JAX,offense,explosive_rate,16,0.09290709290709291,-0.010423316553871754,-0.7091590080283484
2020,KC,offense,explosive_rate,16,0.12092130518234165,0.021342480256698184,1.4520533891008192
2020,LAC,offense,explosive_rate,16,0.08504923903312445,-0.017249656764798317,-1.173594739921174
2020,LAR,offense,explosive_rate,16,0.09813084112149532,0.0005743535361508445,0.03907662036881755
2020,MIA,offense,explosive_rate,16,0.08126858275520317,-0.018100562742551497,-1.2314868355886615
2020,MIN,offense,explosive_rate,16,0.12585365853658537,0.026168613932951224,1.780403406370022
2020,NE,offense,explosive_rate,16,0.10330578512396695,0.005082061641847336,0.3457622891957757
2020,NO,offense,explosive_rate,16,0.10146341463414635,0.0026211220615142902,0.17833021874219007
2020,NYG,offense,explosive_rate,16,0.0863157894736842,-0.011557297557791278,-0.786310348458895
2020,NYJ,offense,explosive_rate,16,0.08085106382978724,-0.018170829090456593,-1.2362674649901237
2020,OAK,offense,explosive_rate,16,0.111328125,0.014051309955059203,0.9559925555114397
2020,PHI,offense,explosive_rate,16,0.08744186046511628,-0.009162825383128523,-0.6234004432132619
2020,PIT,offense,explosive_rate,16,0.07789678675754626,-0.026931091416449327,-1.8322791959075513
2020,SEA,offense,explosive_rate,16,0.10437375745526839,0.006456923359440895,0.43930214925723615
2020,SF,offense,explosive_rate,16,0.09807692307692308,0.004224164150515564,0.2873945200889955
2020,TB,offense,explosive_rate,16,0.10191725529767912,0.0039464475630553025,0.26849984115848596
2020,TEN,offense,explosive_rate,16,0.111328125,0.006216598596924106,0.4229514542255415
2020,WSH,offense,explosive_rate,16,0.08261287223823247,-0.01828283081769966,-1.2438875956250037
2020,ARI,defense,explosive_rate,16,0.10506208213944604,-0.007807599938580203,-0.5931994060576341
2020,ATL,defense,explosive_rate,16,0.11372549019607843,-0.012152972582675623,-0.9233485545606185
2020,BAL,defense,explosive_rate,16,0.08669950738916256,0.008579304315159618,0.6518313264213209
2020,BUF,defense,explosive_rate,16,0.09844054580896686,-0.0016855125609532466,-0.12806048695230532
2020,CAR,defense,explosive_rate,16,0.09780439121756487,0.002430893834184903,0.1846924522216857
2020,CHI,defense,explosive_rate,16,0.11177644710578842,-0.0073614888907540975,-0.5593051478108312
2020,CIN,defense,explosive_rate,16,0.12909632571996027,-0.033636095628367994,-2.555575606562198
2020,CLE,defense,explosive_rate,16,0.08949416342412451,0.0015786249696155524,0.11993946945609582
2020,DAL,defense,explosive_rate,16,0.11270296084049666,-0.01744350326770448,-1.3253081432657645
2020,DEN,defense,explosive_rate,16,0.11348205625606207,-0.014266345991685416,-1.0839167010926587
2020,DET,defense,explosive_rate,16,0.11534795042897998,-0.013358137087701338,-1.0149135520254304
2020,GB,defense,explosive_rate,16,0.08418891170431211,0.016438300522298555,1.248935675895411
2020,HOU,defense,explosive_rate,16,0.11787072243346007,-0.017194657055354435,-1.3064015104302134
2020,IND,defense,explosive_rate,16,0.08859470468431772,0.010854166810803118,0.8246689579461128
2020,JAX,defense,explosive_rate,16,0.11527377521613832,-0.014683413289797857,-1.1156042972134115
2020,KC,defense,explosive_rate,16,0.09090909090909091,0.008681160983949018,0.6595701086212469
2020,LAC,defense,explosive_rate,16,0.10020242914979757,0.0007073999468089525,0.0537462512921864
2020,LAR,defense,explosive_rate,16,0.07244897959183673,0.02500161373179574,1.8995520432445892
2020,MIA,defense,explosive_rate,16,0.11597151576805696,-0.015560531514399454,-1.182245264215897
2020,MIN,defense,explosive_rate,16,0.10675808031341821,-0.0077145363656897555,-0.5861286984652309
2020,NE,defense,explosive_rate,16,0.10134436401240951,0.00032294149743434034,0.024536183458699415
2020,NO,defense,explosive_rate,16,0.08519269776876268,0.01622180025456271,1.2324865966338703
2020,NYG,defense,explosive_rate,16,0.0905587668593449,0.0036247187783440588,0.27539590185823964
2020,NYJ,defense,explosive_rate,16,0.0946073793755913,0.010446276539446513,0.7936786064157282
2020,OAK,defense,explosive_rate,16,0.10495626822157435,-0.003947499541436955,-0.2999198731769346
2020,PHI,defense,explosive_rate,16,0.09836065573770492,-0.003773491134178203,-0.28669920553939604
2020,PIT,defense,explosive_rate,16,0.09485368314833502,0.004433020574716583,0.33680839088111697
2020,SEA,defense,explosive_rate,16,0.08581752484191509,0.013148153801403117,0.9989596146180156
2020,SF,defense,explosive_rate,16,0.09007164790174002,0.009103061561558627,0.6916249236760614
2020,TB,defense,explosive_rate,16,0.07783251231527094,0.02332827401323227,1.7724164144992303
2020,TEN,defense,explosive_rate,16,0.1013953488372093,0.000151079639158298,0.011478604554143216
2020,WSH,defense,explosive_rate,16,0.07987866531850354,0.01553499307502877,1.180304925674769
2020,ARI,offense,yards_per_play,16,5.7799625468164795,0.2589403007823374,0.5572487902655698
2020,ATL,offense,yards_per_play,16,5.527595884003742,-0.04953921951227698,-0.10661017253862176
2020,BAL,offense,yards_per_play,16,5.951991828396323,0.14660087216084106,0.31549032119295023
2020,BUF,offense,yards_per_play,16,6.3247269116186695,0.7162463784017948,1.5413878283533
2020,CAR,offense,yards_per_play,16,5.7077393075356415,0.14827467243793316,0.3190923992655254
2020,CHI,offense,yards_per_play,16,5.1421663442940035,-0.5998054003271227,-1.2908026781321442
2020,CIN,offense,yards_per_play,16,4.974757281553398,-0.7285967338584634,-1.5679662350989994
2020,CLE,offense,yards_per_play,16,5.902487562189055,0.16531554474338214,0.3557649660640272
2020,DAL,offense,yards_per_play,16,5.366336633663367,-0.16214648377682014,-0.34894503349626915
2020,DEN,offense,yards_per_play,16,5.279138099902057,-0.38749455325476656,-0.8339021403106246
2020,DET,offense,yards_per_play,16,5.716904276985743,0.06247573227635729,0.13445001078228228
2020,GB,offense,yards_per_play,16,6.4514462809917354,0.6726953670332914,1.4476644939531556
2020,HOU,offense,yards_per_play,16,6.454935622317596,0.6547268888757181,1.4089956861779618
2020,IND,offense,yards_per_play,16,6.00098814229249,0.061092409443761896,0.13147305056141226
2020,JAX,offense,yards_per_play,16,5.222777222777223,-0.6211228262661463,-1.3366785413337587
2020,KC,offense,yards_per_play,16,6.40978886756238,0.7417459301156094,1.5962637758279898
2020,LAC,offense,yards_per_play,16,5.48433303491495,-0.29599914012218764,-0.6370007382158441
2020,LAR,offense,yards_per_play,16,5.6551401869158875,0.128252362570831,0.27600367218042093
2020,MIA,offense,yards_per_play,16,5.399405351833498,-0.27874564496386517,-0.5998705994318755
2020,MIN,offense,yards_per_play,16,6.161951219512195,0.421613317148515,0.9073269407306054
2020,NE,offense,yards_per_play,16,5.4235537190082646,-0.22371945517934042,-0.4814522705829021
2020,NO,offense,yards_per_play,16,5.8965853658536584,0.23119089297229603,0.4975310719884833
2020,NYG,offense,yards_per_play,16,5.070526315789474,-0.4135042160272944,-0.8898758650316902
2020,NYJ,offense,yards_per_play,16,4.774468085106383,-0.8343085360741127,-1.795461815058471
2020,OAK,offense,yards_per_play,16,6.0009765625,0.39671028771096584,0.8537347305336217
2020,PHI,offense,yards_per_play,16,4.999069767441861,-0.4765444598457072,-1.0255407248455477
2020,PIT,offense,yards_per_play,16,5.239532619279455,-0.5950541405342937,-1.2805777970928185
2020,SEA,offense,yards_per_play,16,5.895626242544732,0.38500428713550056,0.8285429985405487
2020,SF,offense,yards_per_play,16,5.704807692307693,0.26175273338920113,0.5633012458437104
2020,TB,offense,yards_per_play,16,6.214934409687185,0.6164829561265669,1.3266933748149343
2020,TEN,offense,yards_per_play,16,6.216796875,0.3545765835440792,0.7630614919321925
2020,WSH,offense,yards_per_play,16,4.901056676272814,-0.7571167071414918,-1.629342237839124
2020,ARI,defense,yards_per_play,16,5.386819484240688,0.23898911618846186,0.5370193810736787
2020,ATL,defense,yards_per_play,16,6.262745098039216,-0.43294615330162306,-0.9728496384814305
2020,BAL,defense,yards_per_play,16,5.2108374384236456,0.27340331745393354,0.6143496518345838
2020,BUF,defense,yards_per_play,16,5.508771929824562,0.08404253744439054,0.1888473925586725
2020,CAR,defense,yards_per_play,16,5.769461077844311,0.014083460229416518,0.03164617375122356
2020,CHI,defense,yards_per_play,16,5.521956087824352,0.34922168525874964,0.7847169622878647
2020,CIN,defense,yards_per_play,16,6.199602780536246,-0.724086349130813,-1.627054860307769
2020,CLE,defense,yards_per_play,16,5.6001945525291825,-0.225198934175715,-0.506032216775062
2020,DAL,defense,yards_per_play,16,5.926456542502388,-0.4430994372451447,-0.9956645279047871
2020,DEN,defense,yards_per_play,16,5.724539282250243,0.024892286770811345,0.055934097117683886
2020,DET,defense,yards_per_play,16,6.436606291706387,-0.685892690122833,-1.5412319766193396
2020,GB,defense,yards_per_play,16,5.497946611909651,0.1969198962533491,0.44248793624406
2020,HOU,defense,yards_per_play,16,6.363117870722434,-0.7389375078713861,-1.6604260874259746
2020,IND,defense,yards_per_play,16,5.4266802443991855,0.22365184975528796,0.5025558479275689
2020,JAX,defense,yards_per_play,16,6.450528338136407,-0.7387585421424328,-1.6600239433177872
2020,KC,defense,yards_per_play,16,5.675889328063241,-0.01616070845500431,-0.03631384470927436
2020,LAC,defense,yards_per_play,16,5.57995951417004,0.10928310657979279,0.24556409594351408
2020,LAR,defense,yards_per_play,16,4.612244897959184,1.0131032254280345,2.2764888868615087
2020,MIA,defense,yards_per_play,16,6.002034587995931,-0.37282852189610033,-0.8377625946697327
2020,MIN,defense,yards_per_play,16,6.179236043095005,-0.4047158534308615,-0.9094148745644243
2020,NE,defense,yards_per_play,16,5.87693898655636,-0.1273062119135133,-0.28606283089094736
2020,NO,defense,yards_per_play,16,5.0588235294117645,0.7514183226446275,1.6884710441639583
2020,NYG,defense,yards_per_play,16,5.402697495183045,0.10272824235935311,0.2308350188088331
2020,NYJ,defense,yards_per_play,16,5.884578997161778,-0.08039265327492451,-0.18064593732731463
2020,OAK,defense,yards_per_play,16,6.070942662779397,-0.37756978561587756,-0.8484164292414241
2020,PHI,defense,yards_per_play,16,5.625843780135005,-0.08218526193963868,-0.1846740102830503
2020,PIT,defense,yards_per_play,16,4.94752774974773,0.5819626766418601,1.3076965236027163
2020,SEA,defense,yards_per_play,16,5.514001806684734,0.10515548140228362,0.23628913500183557
2020,SF,defense,yards_per_play,16,5.187308085977482,0.49440576031677,1.1109521623380436
2020,TB,defense,yards_per_play,16,5.168472906403941,0.5895936953818347,1.3248437687411887
2020,TEN,defense,yards_per_play,16,5.935813953488372,-0.2938664138329021,-0.6603311573024686
2020,WSH,defense,yards_per_play,16,4.945399393326593,0.591090364254099,1.328206851563853
2021,ARI,offense,epa_per_play,17,0.07309946456792447,0.07097475978515948,0.8388408823803667
2021,ATL,offense,epa_per_play,17,-0.09767406707378515,-0.08438699831543585,-0.9973582769793383
2021,BAL,offense,epa_per_play,17,0.005020596546664855,0.0018361138167255029,0.021700775583259977
2021,BUF,offense,epa_per_play,17,0.10094418630709483,0.0868054590285448,1.0259417300932188
2021,CAR,offense,epa_per_play,17,-0.1377942524922821,-0.12432688136512624,-1.4694022379731435
2021,CHI,offense,epa_per_play,17,-0.10020368533839712,-0.10320959521284286,-1.2198199498036555
2021,CIN,offense,epa_per_play,17,0.05684921622725123,0.02978870707504405,0.3520686142994955
2021,CLE,offense,epa_per_play,17,0.013046564085064757,0.0010506710383182674,0.012417735876006622
2021,DAL,offense,epa_per_play,17,0.0956117679251988,0.0948546462249047,1.1210739617580734
2021,DEN,offense,epa_per_play,17,0.014789527454958403,-0.014440303965008842,-0.1706679579686387
2021,DET,offense,epa_per_play,17,-0.06330496581338312,-0.06583656500068215,-0.7781132679453006
2021,GB,offense,epa_per_play,17,0.1334843645487666,0.13232131304462155,1.563887321747404
2021,HOU,offense,epa_per_play,17,-0.1382270312159993,-0.14445353367928954,-1.7072763616430282
2021,IND,offense,epa_per_play,17,0.05148175367060248,0.04131552158144934,0.488302442788049
2021,JAX,offense,epa_per_play,17,-0.08846023472815165,-0.09635031717259762,-1.138751090096509
2021,KC,offense,epa_per_play,17,0.1441802303164875,0.1441704783887538,1.7039309702617447
2021,LAC,offense,epa_per_play,17,0.09448740433946838,0.08675592816128563,1.0253563316146257
2021,LAR,offense,epa_per_play,17,0.07669107201433266,0.06709209164548433,0.7929521639382902
2021,MIA,offense,epa_per_play,17,-0.0588156879355119,-0.06696272478722684,-0.7914231949095614
2021,MIN,offense,epa_per_play,17,0.017108392325462667,0.013716178175836558,0.1621096152876513
2021,NE,offense,epa_per_play,17,0.0685590254189418,0.06392958059999942,0.7555748827194126
2021,NO,offense,epa_per_play,17,-0.0739692281857966,-0.07551655651642539,-0.8925197506030731
2021,NYG,offense,epa_per_play,17,-0.16133939708160305,-0.15455783387669317,-1.8266976900009206
2021,NYJ,offense,epa_per_play,17,-0.0921943344539865,-0.07460626896446182,-0.8817611877615735
2021,OAK,offense,epa_per_play,17,-0.01908126418725589,-0.026732135240648474,-0.3159434139834116
2021,PHI,offense,epa_per_play,17,0.06954919535045923,0.06303732984221477,0.7450294942569481
2021,PIT,offense,epa_per_play,17,-0.07441854206136743,-0.08526320336565568,-1.0077140234404376
2021,SEA,offense,epa_per_play,17,0.031195467211197266,0.03552090239972641,0.41981663907179656
2021,SF,offense,epa_per_play,17,0.08688604327717533,0.07319108268771533,0.8650352966319593
2021,TB,offense,epa_per_play,17,0.13669017454969373,0.14877540565338118,1.7583559695382494
2021,TEN,offense,epa_per_play,17,0.02155916308925441,0.006283911272340404,0.07426867935089262
2021,WSH,offense,epa_per_play,17,-0.0570142856438548,-0.0447771629594396,-0.5292151040888539
2021,ARI,defense,epa_per_play,17,-0.04885139531299558,0.057099898896037525,0.970001887753899
2021,ATL,defense,epa_per_play,17,0.08212354451181797,-0.09406798929632462,-1.5980085597133877
2021,BAL,defense,epa_per_play,17,0.06960750074434753,-0.06388513881371112,-1.0852682131983746
2021,BUF,defense,epa_per_play,17,-0.14091045920614967,0.12337001310041817,2.0957855953038886
2021,CAR,defense,epa_per_play,17,-0.044470471926602084,0.04323970139769243,0.7345475700060871
2021,CHI,defense,epa_per_play,17,0.02628240844492445,-0.004481186824375874,-0.07612552321558444
2021,CIN,defense,epa_per_play,17,-0.012449351299732014,0.009622861069768968,0.1634712772481065
2021,CLE,defense,epa_per_play,17,0.0006032394875147281,0.007170278012973592,0.12180727711920876
2021,DAL,defense,epa_per_play,17,-0.09126780197129168,0.08982849570997559,1.5259888738404326
2021,DEN,defense,epa_per_play,17,0.011183951773728542,-0.0007184804056132063,-0.012205404269165493
2021,DET,defense,epa_per_play,17,0.0979338310622639,-0.07983609934804665,-1.356240003498093
2021,GB,defense,epa_per_play,17,0.0065449468657822986,-0.007508550623745054,-0.12755378591097555
2021,HOU,defense,epa_per_play,17,0.07397994824985023,-0.06497665717674232,-1.103810713152463
2021,IND,defense,epa_per_play,17,0.006103121367134409,-0.009289704820245446,-0.15781168419783087
2021,JAX,defense,epa_per_play,17,0.11771524787600059,-0.11504359850361258,-1.9543380965642443
2021,KC,defense,epa_per_play,17,0.024905748168013987,-0.0068360038785779025,-0.11612869365989106
2021,LAC,defense,epa_per_play,17,0.033173976358222314,-0.024461725699491392,-0.41555100035151105
2021,LAR,defense,epa_per_play,17,-0.025257163987825588,0.03945518464305651,0.6702569413498677
2021,MIA,defense,epa_per_play,17,-0.0281118870760462,0.013659789758429419,0.2320498303530393
2021,MIN,defense,epa_per_play,17,-0.018307456555345034,0.027594922099630846,0.46877712651998166
2021,NE,defense,epa_per_play,17,-0.0660124399132563,0.060982431797591705,1.0359575954974591
2021,NO,defense,epa_per_play,17,-0.10918277288094466,0.11483019793612598,1.9507128895620751
2021,NYG,defense,epa_per_play,17,0.030977604252685403,-0.013186752581869214,-0.22401396753854955
2021,NYJ,defense,epa_per_play,17,0.1279167303276741,-0.12850659231099795,-2.1830447958836032
2021,OAK,defense,epa_per_play,17,0.044917390280771505,-0.023872880430471866,-0.4055478123671714
2021,PHI,defense,epa_per_play,17,0.010772967764231879,-0.019555246119041123,-0.3322006871762171
2021,PIT,defense,epa_per_play,17,0.016012638787781242,0.010390462184588924,0.17651113449501604
2021,SEA,defense,epa_per_play,17,0.027786507053275518,-0.025624144029732298,-0.43529793504830033
2021,SF,defense,epa_per_play,17,-0.03358219820243184,0.043390796045260506,0.737114336256188
2021,TB,defense,epa_per_play,17,-0.08035463000058617,0.04906949788690657,0.8335830098070277
2021,TEN,defense,epa_per_play,17,-0.03307594576815235,0.03224813436588788,0.5478249842159573
2021,WSH,defense,epa_per_play,17,0.06707649554614971,-0.04010191404188876,-0.6812434535828702
2021,ARI,offense,explosive_rate,17,0.10431654676258993,0.012080369919009596,0.8105164864098526
2021,ATL,offense,explosive_rate,17,0.08617234468937876,-0.013086968614542066,-0.8780528982418253
2021,BAL,offense,explosive_rate,17,0.102803738317757,0.008236482301471297,0.5526159165755073
2021,BUF,offense,explosive_rate,17,0.09866666666666667,-0.003453324237476933,-0.23169623497973157
2021,CAR,offense,explosive_rate,17,0.0818926296633303,-0.016866462918364394,-1.1316330836234363
2021,CHI,offense,explosive_rate,17,0.08809746954076851,-0.005130290496430306,-0.34421007430316647
2021,CIN,offense,explosive_rate,17,0.09932497589199614,0.001718718942692739,0.11531518056936198
2021,CLE,offense,explosive_rate,17,0.12272291466922339,0.0235475189146615,1.5798897237699845
2021,DAL,offense,explosive_rate,17,0.10236220472440945,0.009772817749930473,0.6556943171527007
2021,DEN,offense,explosive_rate,17,0.09786821705426356,0.00032372345660166185,0.021719798348059635
2021,DET,offense,explosive_rate,17,0.09659090909090909,0.0032219705110753246,0.21617386184853163
2021,GB,offense,explosive_rate,17,0.09220532319391635,-0.0023210664288153718,-0.15572889068983461
2021,HOU,offense,explosive_rate,17,0.06660039761431412,-0.02753407510720389,-1.8473624534730744
2021,IND,offense,explosive_rate,17,0.10919540229885058,0.0109367765417508,0.7337885970958804
2021,JAX,offense,explosive_rate,17,0.083984375,-0.01355052444617935,-0.9091545653623256
2021,KC,offense,explosive_rate,17,0.09946236559139784,0.006359322736375109,0.4266703714197571
2021,LAC,offense,explosive_rate,17,0.08726625111308994,-0.006668572463395101,-0.4474190739721495
2021,LAR,offense,explosive_rate,17,0.10632183908045977,0.011954758393268915,0.8020887467645844
2021,MIA,offense,explosive_rate,17,0.0728110599078341,-0.0270502253252313,-1.8148991905213678
2021,MIN,offense,explosive_rate,17,0.11059479553903345,0.013573025658454156,0.9106642545217081
2021,NE,offense,explosive_rate,17,0.12054001928640308,0.01825286100256743,1.2246516345041296
2021,NO,offense,explosive_rate,17,0.08269230769230769,-0.01482108414803112,-0.9944010927636597
2021,NYG,offense,explosive_rate,17,0.06525911708253358,-0.03037161437257284,-2.0377434079336116
2021,NYJ,offense,explosive_rate,17,0.0945945945945946,-0.002363508700135027,-0.15857649890513748
2021,OAK,offense,explosive_rate,17,0.09701492537313433,6.017867933341039e-05,0.004037609117492087
2021,PHI,offense,explosive_rate,17,0.11996251171508904,0.02213874872957232,1.485370146287432
2021,PIT,offense,explosive_rate,17,0.07629427792915532,-0.01816624330782194,-1.2188401345192912
2021,SEA,offense,explosive_rate,17,0.11510031678986272,0.02034201272564626,1.3648205138943883
2021,SF,offense,explosive_rate,17,0.11724806201550388,0.02500874852136648,1.6779289969549207
2021,TB,offense,explosive_rate,17,0.10258697591436218,0.005125249240657464,0.34387183789580655
2021,TEN,offense,explosive_rate,17,0.08579088471849866,-0.012596607853724276,-0.8451527897521027
2021,WSH,offense,explosive_rate,17,0.09380863039399624,0.0013272843955854342,0.08905239591061748
2021,ARI,defense,explosive_rate,17,0.10341463414634146,-0.0020874099502348493,-0.19002051806800907
2021,ATL,defense,explosive_rate,17,0.0966576332429991,-0.00400071116717241,-0.36419161868101896
2021,BAL,defense,explosive_rate,17,0.11339198435972629,-0.016301932300574695,-1.4839929362791
2021,BUF,defense,explosive_rate,17,0.08134920634920635,0.0084913948463964,0.772986277876334
2021,CAR,defense,explosive_rate,17,0.10385756676557864,-0.010566960902978099,-0.9619286259336955
2021,CHI,defense,explosive_rate,17,0.10797174571140263,-0.006593387391286399,-0.6002073947070751
2021,CIN,defense,explosive_rate,17,0.10477081384471469,-0.005903026306877512,-0.5373626377877516
2021,CLE,defense,explosive_rate,17,0.08595988538681948,0.009907198447912921,0.9018693148728254
2021,DAL,defense,explosive_rate,17,0.10604651162790697,-0.010606195674920682,-0.9655002347065568
2021,DEN,defense,explosive_rate,17,0.09170731707317073,0.005360122358566669,0.48794115759073914
2021,DET,defense,explosive_rate,17,0.10737628384687208,-0.004870575122110697,-0.4433768306455453
2021,GB,defense,explosive_rate,17,0.09514563106796116,0.007260657493218666,0.6609501397759189
2021,HOU,defense,explosive_rate,17,0.11867525298988041,-0.021864133219681326,-1.9903296528062144
2021,IND,defense,explosive_rate,17,0.08579599618684461,0.008255821311347533,0.7515416137996385
2021,JAX,defense,explosive_rate,17,0.0966824644549763,-0.0015605407957640933,-0.14205871273340648
2021,KC,defense,explosive_rate,17,0.09211775878442545,0.0036009159409064076,0.3277975715955408
2021,LAC,defense,explosive_rate,17,0.10218978102189781,-0.0035430895310817065,-0.32253353404873114
2021,LAR,defense,explosive_rate,17,0.08820882088208822,0.011738094652104127,1.0685389454407608
2021,MIA,defense,explosive_rate,17,0.1064030131826742,-0.014310516232707186,-1.3027109064301452
2021,MIN,defense,explosive_rate,17,0.09328683522231909,0.006505299337161826,0.5921885876309767
2021,NE,defense,explosive_rate,17,0.08576998050682261,0.004143258659967237,0.37716796212896175
2021,NO,defense,explosive_rate,17,0.0879848628192999,0.005567017678817072,0.5067751944484441
2021,NYG,defense,explosive_rate,17,0.08969804618117229,0.007031589318669816,0.6400976698546141
2021,NYJ,defense,explosive_rate,17,0.1216696269982238,-0.030364441737477835,-2.7641273575212457
2021,OAK,defense,explosive_rate,17,0.0850091407678245,0.01090595181468278,0.9927875516832776
2021,PHI,defense,explosive_rate,17,0.07830188679245283,0.01465987423167745,1.3345135659646707
2021,PIT,defense,explosive_rate,17,0.10469314079422383,-0.0038996313964889382,-0.3549901533007638
2021,SEA,defense,explosive_rate,17,0.07478991596638655,0.022857519536923714,2.080759317867315
2021,SF,defense,explosive_rate,17,0.09551656920077972,0.004637495125234117,0.4221591576378419
2021,TB,defense,explosive_rate,17,0.09807516040329972,-0.0068440178231439905,-0.6230227139977936
2021,TEN,defense,explosive_rate,17,0.08766859344894026,0.007253548590088424,0.660303004096819
2021,WSH,defense,explosive_rate,17,0.09004739336492891,0.005140810208765658,0.467976795382374
2021,ARI,offense,yards_per_play,17,5.73021582733813,0.28612302304825604,0.6039252711512384
2021,ATL,offense,yards_per_play,17,5.186372745490982,-0.23117106865942463,-0.4879371426853114
2021,BAL,offense,yards_per_play,17,5.481733220050977,0.027401637827607166,0.05783715472677006
2021,BUF,offense,yards_per_play,17,5.798222222222222,0.19281182433643362,0.4069715608795082
2021,CAR,offense,yards_per_play,17,4.640582347588717,-0.8367080508978301,-1.7660554929481327
2021,CHI,offense,yards_per_play,17,4.914714151827554,-0.5627470062122816,-1.187800739331923
2021,CIN,offense,yards_per_play,17,5.938283510125362,0.39319567294575397,0.8299255364684425
2021,CLE,offense,yards_per_play,17,5.5695110258868645,-0.022181155137995807,-0.04681818327151109
2021,DAL,offense,yards_per_play,17,6.083989501312336,0.654217214114608,1.3808686355151114
2021,DEN,offense,yards_per_play,17,5.4515503875969,-0.15163694997215096,-0.3200629755445776
2021,DET,offense,yards_per_play,17,5.203598484848484,-0.2246592944409258,-0.47419261779986865
2021,GB,offense,yards_per_play,17,5.928707224334601,0.4140114004839977,0.8738616859045241
2021,HOU,offense,yards_per_play,17,4.70675944333996,-0.7430184909771792,-1.568303168523649
2021,IND,offense,yards_per_play,17,5.669540229885057,0.14052314528356605,0.2966048579880881
2021,JAX,offense,yards_per_play,17,5.08203125,-0.47656857645170647,-1.0059022992619802
2021,KC,offense,yards_per_play,17,6.064516129032258,0.679589136169165,1.4344216308078086
2021,LAC,offense,yards_per_play,17,5.933214603739982,0.42645352975670314,0.9001235232592012
2021,LAR,offense,yards_per_play,17,6.080459770114943,0.5627160050163141,1.1877353045210999
2021,MIA,offense,yards_per_play,17,4.823963133640553,-0.6745608837998279,-1.4238084035218177
2021,MIN,offense,yards_per_play,17,5.7481412639405205,0.2887222637633635,0.6094115376422604
2021,NE,offense,yards_per_play,17,5.826422372227579,0.30832414832906524,0.6507856057801716
2021,NO,offense,yards_per_play,17,4.992307692307692,-0.46396150554264515,-0.9792923164788114
2021,NYG,offense,yards_per_play,17,4.703454894433781,-0.7369816858119086,-1.5555611697935763
2021,NYJ,offense,yards_per_play,17,5.043436293436294,-0.37174097119964966,-0.7846406920988834
2021,OAK,offense,yards_per_play,17,5.777985074626866,0.2501540644110796,0.5280049105085589
2021,PHI,offense,yards_per_play,17,5.755388940955951,0.23750142247037445,0.5012987400878176
2021,PIT,offense,yards_per_play,17,4.884650317892825,-0.6182854306553127,-1.30502674122354
2021,SEA,offense,yards_per_play,17,5.823653643083421,0.3602492675068586,0.7603849359736702
2021,SF,offense,yards_per_play,17,6.207364341085271,0.686591800621831,1.4492022869860661
2021,TB,offense,yards_per_play,17,6.172167707404103,0.7732816175016352,1.6321801215114204
2021,TEN,offense,yards_per_play,17,5.2198391420911525,-0.36716303009715057,-0.7749779453118956
2021,WSH,offense,yards_per_play,17,5.173545966228893,-0.20048307372520233,-0.4231634119162803
2021,ARI,defense,yards_per_play,17,5.470243902439025,0.084026861193188,0.2696226195305365
2021,ATL,defense,yards_per_play,17,5.625112917795844,-0.25347444929037904,-0.8133404488894682
2021,BAL,defense,yards_per_play,17,6.052785923753666,-0.5415507782110105,-1.7377102673653217
2021,BUF,defense,yards_per_play,17,4.623015873015873,0.665690110139621,2.1360444593854337
2021,CAR,defense,yards_per_play,17,5.170128585558853,0.2923306610007269,0.9380209788729144
2021,CHI,defense,yards_per_play,17,5.454086781029264,0.19149256004065165,0.6144550079055618
2021,CIN,defense,yards_per_play,17,5.593077642656689,-0.1304993924902935,-0.4187421444842785
2021,CLE,defense,yards_per_play,17,5.0725883476599805,0.4509109569620401,1.4468681998189736
2021,DAL,defense,yards_per_play,17,5.573023255813953,-0.09496632354142293,-0.30472480533939217
2021,DEN,defense,yards_per_play,17,5.434146341463415,0.1370742200170131,0.4398392341004637
2021,DET,defense,yards_per_play,17,6.056956115779645,-0.46982489322059123,-1.5075586143744903
2021,GB,defense,yards_per_play,17,5.4339805825242715,0.10059441833253492,0.3227840501932613
2021,HOU,defense,yards_per_play,17,6.0331186752529895,-0.5961459817274749,-1.912893554910167
2021,IND,defense,yards_per_play,17,5.580552907530982,-0.15220776914555417,-0.488399267176082
2021,JAX,defense,yards_per_play,17,5.70521327014218,-0.2636989237737177,-0.846148405230715
2021,KC,defense,yards_per_play,17,5.9667616334283,-0.41820253668632157,-1.3419145001299437
2021,LAC,defense,yards_per_play,17,5.604014598540146,-0.03731633254246834,-0.11973941652072159
2021,LAR,defense,yards_per_play,17,5.287128712871287,0.2789228912065723,0.8949985695787327
2021,MIA,defense,yards_per_play,17,5.415254237288136,-0.04840149475720087,-0.15530911925402324
2021,MIN,defense,yards_per_play,17,5.700087183958152,-0.16911751504772188,-0.5426587018496128
2021,NE,defense,yards_per_play,17,5.162768031189084,0.18846383599199842,0.6047365381182078
2021,NO,defense,yards_per_play,17,5.12961210974456,0.3153830834380891,1.0119908313203332
2021,NYG,defense,yards_per_play,17,5.364120781527531,0.2113215364588863,0.6780815731320837
2021,NYJ,defense,yards_per_play,17,6.029307282415631,-0.6720104779979303,-2.1563250472130413
2021,OAK,defense,yards_per_play,17,5.255941499085923,0.2851734581350747,0.9150551824865666
2021,PHI,defense,yards_per_play,17,5.291509433962264,0.196301328915966,0.629885226795887
2021,PIT,defense,yards_per_play,17,5.549638989169675,0.053343609943432096,0.17116721538728202
2021,SEA,defense,yards_per_play,17,5.435294117647059,0.04895171151892961,0.15707463664388846
2021,SF,defense,yards_per_play,17,5.154970760233918,0.40028228288269824,1.28441258104688
2021,TB,defense,yards_per_play,17,5.173235563703025,0.11120857294963578,0.35684239928930006
2021,TEN,defense,yards_per_play,17,5.411368015414258,0.02651916594583072,0.08509382462420409
2021,WSH,defense,yards_per_play,17,5.805687203791469,-0.19057439664350792,-0.6115088354932526
2022,ARI,offense,epa_per_play,17,-0.08810489865695859,-0.07668391693995566,-0.9573675382110579
2022,ATL,offense,epa_per_play,17,0.004899626210448988,0.02651845555451876,0.3310721403456215
2022,BAL,offense,epa_per_play,17,0.004419656692611433,0.025303189847393253,0.31590004188312176
2022,BUF,offense,epa_per_play,16,0.11581697915198337,0.12438960855282888,1.552953710130908
2022,CAR,offense,epa_per_play,17,-0.0345100664331829,-0.03140928762365423,-0.39213219106638375
2022,CHI,offense,epa_per_play,17,-0.04590330468168889,-0.03193923023885264,-0.39874830924541377
2022,CIN,offense,epa_per_play,16,0.07689382242755942,0.09704836414990664,1.2116093853991596
2022,CLE,offense,epa_per_play,17,0.012449214356750324,0.04213220451952298,0.526003450656456
2022,DAL,offense,epa_per_play,17,0.011991680363651044,0.011796598851860789,0.1472757424600427
2022,DEN,offense,epa_per_play,17,-0.10875377344947475,-0.10790189817990081,-1.3471113468249243
2022,DET,offense,epa_per_play,17,0.07166211256620028,0.07543691587649323,0.9417992367222779
2022,GB,offense,epa_per_play,17,0.003100384871127737,0.005451153949600764,0.06805544168057405
2022,HOU,offense,epa_per_play,17,-0.18890999864402006,-0.19046146751428697,-2.37783401728165
2022,IND,offense,epa_per_play,17,-0.1680611585240059,-0.160106560450942,-1.998865339004335
2022,JAX,offense,epa_per_play,17,0.04623374923194433,0.05465814423946345,0.6823847174460789
2022,KC,offense,epa_per_play,17,0.18557180993701394,0.1912518707642936,2.387701880633718
2022,LAC,offense,epa_per_play,17,0.007057324862446774,-0.0013608486073383003,-0.016989641805852287
2022,LAR,offense,epa_per_play,17,-0.08836844609738467,-0.07290284902857473,-0.9101624419851796
2022,MIA,offense,epa_per_play,17,0.047075899065223505,0.0728621755729404,0.9096546504216658
2022,MIN,offense,epa_per_play,17,-0.010640942325047975,-0.008209757807095977,-0.10249548972879742
2022,NE,offense,epa_per_play,17,-0.05398588188860392,-0.04807593619309285,-0.600208525034136
2022,NO,offense,epa_per_play,17,-0.03797736635590889,-0.03845014889301611,-0.4800344825679139
2022,NYG,offense,epa_per_play,17,0.030364994920934366,0.04070885708552835,0.508233536399604
2022,NYJ,offense,epa_per_play,17,-0.08749542268809048,-0.07541380245900353,-0.9415106750981894
2022,OAK,offense,epa_per_play,17,0.00040474121603177495,0.01725774575013798,0.2154559420435727
2022,PHI,offense,epa_per_play,17,0.10736000328735273,0.10688014781565719,1.3343552087727133
2022,PIT,offense,epa_per_play,17,0.011765690478715677,0.03515484244984423,0.4388939208565303
2022,SEA,offense,epa_per_play,17,-0.0028992373046558334,-0.0008984843155691088,-0.01121721153061729
2022,SF,offense,epa_per_play,17,0.0849795263726961,0.07603983551924813,0.9493264434320675
2022,TB,offense,epa_per_play,17,-0.03800434471823572,-0.028842261355284348,-0.3600839113600026
2022,TEN,offense,epa_per_play,17,-0.05953720995730604,-0.04849311503052858,-0.6054168332756459
2022,WSH,offense,epa_per_play,17,-0.07769465407996884,-0.08174054586234158,-1.0204974952640138
2022,ARI,defense,epa_per_play,17,0.015699817643294794,-0.01744277956652175,-0.3214640765179292
2022,ATL,defense,epa_per_play,17,0.07984969782069153,-0.0995104700432514,-1.8339417312660864
2022,BAL,defense,epa_per_play,17,-0.014225022276497822,0.02596643545696775,0.4785519511269882
2022,BUF,defense,epa_per_play,16,-0.052319569012358465,0.04952301542226016,0.9126911429676
2022,CAR,defense,epa_per_play,17,0.002919753599837832,-0.00733709531433869,-0.13521999521651637
2022,CHI,defense,epa_per_play,17,0.11811888843169886,-0.1119811532645781,-2.063771882475808
2022,CIN,defense,epa_per_play,16,-0.04816714559565422,0.0524510641207499,0.9666540143820929
2022,CLE,defense,epa_per_play,17,0.01378737484819322,-0.021638156739138038,-0.39878335027794665
2022,DAL,defense,epa_per_play,17,-0.09660496580615859,0.07711590141148775,1.4212179852156321
2022,DEN,defense,epa_per_play,17,-0.04880693533390613,0.03451165644350374,0.6360372626051445
2022,DET,defense,epa_per_play,17,0.07770558649169906,-0.07785630066592723,-1.4348632738965408
2022,GB,defense,epa_per_play,17,0.03678750293779557,-0.03905717693148098,-0.7198095501805263
2022,HOU,defense,epa_per_play,17,0.002972610114978643,-0.01631613947853495,-0.30070050990450403
2022,IND,defense,epa_per_play,17,-0.02722914014850189,0.004868390747693248,0.08972266890533899
2022,JAX,defense,epa_per_play,17,-0.021047643215994217,-0.01893002446651048,-0.348873458520813
2022,KC,defense,epa_per_play,17,-0.018891074402222395,-0.011332270949929944,-0.2088496275422783
2022,LAC,defense,epa_per_play,17,0.006310072125590465,-0.015963507998758078,-0.29420164012487343
2022,LAR,defense,epa_per_play,17,0.016716378987504207,-0.01727126118364089,-0.3183030551710521
2022,MIA,defense,epa_per_play,17,0.008235749274638127,-0.002705222360325433,-0.04985626313289165
2022,MIN,defense,epa_per_play,17,0.012017672179341772,-0.020721237022221457,-0.38188485374443487
2022,NE,defense,epa_per_play,17,-0.08926493885715592,0.09813427815814986,1.808579015893335
2022,NO,defense,epa_per_play,17,-0.055954852110060356,0.057045821309487627,1.0513337164254908
2022,NYG,defense,epa_per_play,17,0.04624117867147793,-0.06712098925116029,-1.2370153932351273
2022,NYJ,defense,epa_per_play,17,-0.051339380402861276,0.0686142058625378,1.2645348317046323
2022,OAK,defense,epa_per_play,17,0.06404710021831685,-0.08984256836469165,-1.6557658234004926
2022,PHI,defense,epa_per_play,17,-0.06423856017605022,0.028601570608354485,0.5271165325178091
2022,PIT,defense,epa_per_play,17,0.023753848879329464,-0.013480852779448145,-0.24844720836448558
2022,SEA,defense,epa_per_play,17,0.019846322987600706,-0.03553647003995109,-0.6549242040543708
2022,SF,defense,epa_per_play,17,-0.1258067641581133,0.09430851589460515,1.7380716103312055
2022,TB,defense,epa_per_play,17,-0.024959759646623034,0.03418076070205412,0.6299389745689314
2022,TEN,defense,epa_per_play,17,0.004283508900209323,-0.01731799143271497,-0.3191642766470653
2022,WSH,defense,epa_per_play,17,-0.0747143754010386,0.07604005171525623,1.4013904670295418
2022,ARI,offense,explosive_rate,17,0.07180385288966724,-0.021054458288630857,-1.4285598025551043
2022,ATL,offense,explosive_rate,17,0.107,0.01363567240073892,0.9251899624038341
2022,BAL,offense,explosive_rate,17,0.11747572815533981,0.021217935774031787,1.4396518649130021
2022,BUF,offense,explosive_rate,16,0.11100196463654224,0.017702739768100332,1.2011433436614187
2022,CAR,offense,explosive_rate,17,0.101956745623069,0.007230449883383646,0.49059110978681125
2022,CHI,offense,explosive_rate,17,0.12081218274111676,0.020513878451861336,1.3918810804378623
2022,CIN,offense,explosive_rate,16,0.08317214700193423,-0.009763341297389327,-0.6624495736189375
2022,CLE,offense,explosive_rate,17,0.11010009099181074,0.01714963260182519,1.1636146334275261
2022,DAL,offense,explosive_rate,17,0.10172570390554042,-0.0005722481294371808,-0.03882743804674979
2022,DEN,offense,explosive_rate,17,0.1,0.0037496063725065685,0.25441342948489215
2022,DET,offense,explosive_rate,17,0.10175763182238667,-0.0006341988589333089,-0.043030838613217805
2022,GB,offense,explosive_rate,17,0.10424710424710425,0.005006659337000264,0.33970535721535305
2022,HOU,offense,explosive_rate,17,0.0830860534124629,-0.01718805726496948,-1.1662217738468794
2022,IND,offense,explosive_rate,17,0.07909090909090909,-0.023024846764798358,-1.5622520464438896
2022,JAX,offense,explosive_rate,17,0.10318949343339587,0.0025986196154293055,0.1763181685243554
2022,KC,offense,explosive_rate,17,0.11059907834101383,0.012681111393448522,0.8604223267132244
2022,LAC,offense,explosive_rate,17,0.07563764291996482,-0.021165744967277633,-1.4361106819695824
2022,LAR,offense,explosive_rate,17,0.0790273556231003,-0.01730398346536033,-1.174087448074684
2022,MIA,offense,explosive_rate,17,0.10954773869346733,0.012215671659585108,0.8288419134252667
2022,MIN,offense,explosive_rate,17,0.08797127468581688,-0.013327679062406093,-0.9042923977860232
2022,NE,offense,explosive_rate,17,0.10953346855983773,0.012602065785577167,0.855059026626112
2022,NO,offense,explosive_rate,17,0.09054726368159204,-0.006059037836641368,-0.41110997855814735
2022,NYG,offense,explosive_rate,17,0.0947075208913649,-0.0077344788533201545,-0.5247898298830863
2022,NYJ,offense,explosive_rate,17,0.08842897460018814,-0.00945934801459265,-0.6418234155816881
2022,OAK,offense,explosive_rate,17,0.10687022900763359,0.012843831275186905,0.8714629851306119
2022,PHI,offense,explosive_rate,17,0.12398190045248869,0.01967845801299582,1.335197216106842
2022,PIT,offense,explosive_rate,17,0.08810172570390554,-0.005768860524208382,-0.39142124382689264
2022,SEA,offense,explosive_rate,17,0.10454985479186835,0.011611441440063656,0.7878444680735973
2022,SF,offense,explosive_rate,17,0.11359223300970873,0.01724872416890651,1.170338065945425
2022,TB,offense,explosive_rate,17,0.06719022687609075,-0.02756913678070094,-1.8705853200372808
2022,TEN,offense,explosive_rate,17,0.09703779366700716,-0.006479257748811371,-0.43962219514095485
2022,WSH,offense,explosive_rate,17,0.08546255506607929,-0.020581820082970537,-1.3964909678930173
2022,ARI,defense,explosive_rate,17,0.09716981132075472,0.0024064257118779505,0.18111274210380018
2022,ATL,defense,explosive_rate,17,0.09767441860465116,-0.0037519555701662033,-0.28238019491236566
2022,BAL,defense,explosive_rate,17,0.08180943214629452,0.017298343510946484,1.3019103027580032
2022,BUF,defense,explosive_rate,16,0.10261569416498995,-0.0018053409315562721,-0.13587381689406638
2022,CAR,defense,explosive_rate,17,0.09908256880733946,-0.003798490446141122,-0.2858825091328549
2022,CHI,defense,explosive_rate,17,0.12023460410557185,-0.021696032515978778,-1.6328897760434142
2022,CIN,defense,explosive_rate,16,0.09625126646403243,0.005857580188597317,0.4408540038498084
2022,CLE,defense,explosive_rate,17,0.11317073170731708,-0.017294362854496103,-1.3016107100453487
2022,DAL,defense,explosive_rate,17,0.10073260073260074,-0.008886863238345808,-0.6688443203751212
2022,DEN,defense,explosive_rate,17,0.08724202626641651,0.008535511674378255,0.6424008507609628
2022,DET,defense,explosive_rate,17,0.11423220973782772,-0.012987366051616656,-0.9774569257211648
2022,GB,defense,explosive_rate,17,0.11247443762781185,-0.016034700280924536,-1.2068058125999226
2022,HOU,defense,explosive_rate,17,0.12657091561938957,-0.029771086917230273,-2.2406356283364453
2022,IND,defense,explosive_rate,17,0.09158186864014801,0.0031689987532334736,0.23850561897190822
2022,JAX,defense,explosive_rate,17,0.09809264305177112,-0.004685495705332533,-0.3526404206525764
2022,KC,defense,explosive_rate,17,0.08394833948339483,0.009602375570271424,0.7226953076738188
2022,LAC,defense,explosive_rate,17,0.11167002012072434,-0.010331539091696281,-0.7775737126682023
2022,LAR,defense,explosive_rate,17,0.07996146435452794,0.018523388052902424,1.3941097731581718
2022,MIA,defense,explosive_rate,17,0.09090909090909091,0.01085903492634726,0.8172741765520217
2022,MIN,defense,explosive_rate,17,0.10152740341419586,-0.003500845494121513,-0.2634811139152771
2022,NE,defense,explosive_rate,17,0.08441558441558442,0.01603593496465402,1.2068987375368931
2022,NO,defense,explosive_rate,17,0.08130841121495327,0.017102480422081505,1.2871692280902531
2022,NYG,defense,explosive_rate,17,0.1193609022556391,-0.021617727999925708,-1.6269964108123776
2022,NYJ,defense,explosive_rate,17,0.08812615955473098,0.017445955795293646,1.3130199187558327
2022,OAK,defense,explosive_rate,17,0.10328638497652583,-0.009602400295737489,-0.7226971685645225
2022,PHI,defense,explosive_rate,17,0.0903954802259887,-0.0006428522778946818,-0.048382436341751336
2022,PIT,defense,explosive_rate,17,0.0992063492063492,0.0025004733267476385,0.18819096659802118
2022,SEA,defense,explosive_rate,17,0.10435571687840291,-0.0107830100811168,-0.8115523842185048
2022,SF,defense,explosive_rate,17,0.06981317600786627,0.02416582564141468,1.8187716851211615
2022,TB,defense,explosive_rate,17,0.09416195856873823,0.007305248026375926,0.5498085792854381
2022,TEN,defense,explosive_rate,17,0.09065934065934066,0.004177158725484718,0.3143818931290943
2022,WSH,defense,explosive_rate,17,0.08748728382502544,0.012205334461521848,0.9185995568887266
2022,ARI,offense,yards_per_play,17,4.830122591943958,-0.6076819957280912,-1.3642721147798154
2022,ATL,offense,yards_per_play,17,5.433,0.030384635714855324,0.06821480892051772
2022,BAL,offense,yards_per_play,17,5.616504854368932,0.2778141681834976,0.6237047097120304
2022,BUF,offense,yards_per_play,16,6.280943025540275,0.8598902748009213,1.9304905064277094
2022,CAR,offense,yards_per_play,17,5.3697219361483,-0.09028654709433692,-0.20269716629233558
2022,CHI,offense,yards_per_play,17,5.324873096446701,-0.214482143893648,-0.48152160190628285
2022,CIN,offense,yards_per_play,16,5.607350096711799,0.29799512883043455,0.6690118309590269
2022,CLE,offense,yards_per_play,17,5.409463148316651,0.06834215637275887,0.15343106897719797
2022,DAL,offense,yards_per_play,17,5.493188010899183,-0.10835648548293322,-0.24326495212874225
2022,DEN,offense,yards_per_play,17,5.17570093457944,-0.3089035783486213,-0.6935017674697151
2022,DET,offense,yards_per_play,17,5.996299722479186,0.4308228043634048,0.9672156531463718
2022,GB,offense,yards_per_play,17,5.565637065637065,-0.00047100785517805946,-0.0010574328146047557
2022,HOU,offense,yards_per_play,17,4.778437190900099,-0.734022142411591,-1.6479111567607752
2022,IND,offense,yards_per_play,17,4.826363636363636,-0.7105234399729802,-1.5951555630524634
2022,JAX,offense,yards_per_play,17,5.718574108818011,0.2226883055060306,0.4999447862936991
2022,KC,offense,yards_per_play,17,6.498617511520737,0.9981552502308868,2.2409012998291247
2022,LAC,offense,yards_per_play,17,5.391380826737027,-0.08803179789582721,-0.19763515774350307
2022,LAR,offense,yards_per_play,17,4.847011144883485,-0.5829256085060645,-1.3086929648508847
2022,MIA,offense,yards_per_play,17,6.235175879396985,0.817043943466984,1.8342986569564443
2022,MIN,offense,yards_per_play,17,5.533213644524237,-0.015179612667707685,-0.03407888076617103
2022,NE,offense,yards_per_play,17,5.466531440162272,0.03227802539159679,0.07246554986158175
2022,NO,offense,yards_per_play,17,5.6626865671641795,0.16756005190517054,0.37617949514991816
2022,NYG,offense,yards_per_play,17,5.289693593314763,-0.2889036066132233,-0.6486009740830676
2022,NYJ,offense,yards_per_play,17,5.097836312323612,-0.379509672138832,-0.8520154729416802
2022,OAK,offense,yards_per_play,17,5.722328244274809,0.3201867718970957,0.7188330203801505
2022,PHI,offense,yards_per_play,17,6.009954751131222,0.3576432814604895,0.8029244890652918
2022,PIT,offense,yards_per_play,17,4.997275204359673,-0.30932009069247907,-0.694436855525937
2022,SEA,offense,yards_per_play,17,5.796708615682478,0.33422098463419586,0.7503404292300085
2022,SF,offense,yards_per_play,17,6.052427184466019,0.5277579976364769,1.1848393149511287
2022,TB,offense,yards_per_play,17,5.157940663176265,-0.2900648705460059,-0.6512080613631437
2022,TEN,offense,yards_per_play,17,5.168539325842697,-0.3561389315920785,-0.7995471591627437
2022,WSH,offense,yards_per_play,17,4.960352422907489,-0.6579822489442688,-1.4771983382183356
2022,ARI,defense,yards_per_play,17,5.613207547169812,-0.026239083830668277,-0.07231086339925942
2022,ATL,defense,yards_per_play,17,5.743255813953488,-0.3577559612230371,-0.9859201872055655
2022,BAL,defense,yards_per_play,17,5.31665062560154,0.21824955181560549,0.6014620643867098
2022,BUF,defense,yards_per_play,16,5.146881287726358,0.380636364346483,1.048975045198864
2022,CAR,defense,yards_per_play,17,5.477981651376147,-0.030898896122735792,-0.0851525865438142
2022,CHI,defense,yards_per_play,17,6.275659824046921,-0.7182608365302438,-1.9794159571614252
2022,CIN,defense,yards_per_play,16,5.447821681864235,0.08418666597427711,0.2320054519679859
2022,CLE,defense,yards_per_play,17,5.512195121951219,-0.028848047477199254,-0.07950076435299369
2022,DAL,defense,yards_per_play,17,5.152014652014652,0.13625425350813727,0.37549568333480265
2022,DEN,defense,yards_per_play,17,5.119136960600375,0.3762902719165806,1.0369978855522275
2022,DET,defense,yards_per_play,17,6.26310861423221,-0.7466344483963043,-2.057609250229318
2022,GB,defense,yards_per_play,17,5.868098159509202,-0.4044725438753922,-1.1146638753799825
2022,HOU,defense,yards_per_play,17,5.807899461400359,-0.37968256524456967,-1.0463465221513173
2022,IND,defense,yards_per_play,17,5.279370952821462,0.09746988261581915,0.26861194593990106
2022,JAX,defense,yards_per_play,17,5.4704813805631245,-0.15875737556426994,-0.4375108129614338
2022,KC,defense,yards_per_play,17,5.165129151291513,0.26796209944908717,0.7384621694352362
2022,LAC,defense,yards_per_play,17,5.93158953722334,-0.3758160722788839,-1.0356910645720003
2022,LAR,defense,yards_per_play,17,5.601156069364162,-0.02185776840576345,-0.06023663461726022
2022,MIA,defense,yards_per_play,17,5.414245548266167,0.17551640852641767,0.48369612000510537
2022,MIN,defense,yards_per_play,17,5.946091644204852,-0.4674908295619354,-1.2883325399329886
2022,NE,defense,yards_per_play,17,5.092764378478664,0.5182952898413445,1.4283417876299331
2022,NO,defense,yards_per_play,17,5.017757009345795,0.44369848290976344,1.2227645063918222
2022,NYG,defense,yards_per_play,17,5.7368421052631575,-0.35738360564156024,-0.984894032719301
2022,NYJ,defense,yards_per_play,17,4.921150278293135,0.7974473523944653,2.1976417675113287
2022,OAK,defense,yards_per_play,17,5.858215962441315,-0.42838968677685935,-1.180575828115126
2022,PHI,defense,yards_per_play,17,4.83804143126177,0.3730219303831873,1.0279908409583638
2022,PIT,defense,yards_per_play,17,5.596230158730159,0.016864581378479224,0.046476182180608054
2022,SEA,defense,yards_per_play,17,5.598003629764065,-0.17674727128758713,-0.4870881877135287
2022,SF,defense,yards_per_play,17,5.03638151425762,0.3441750141344294,0.9484931940957805
2022,TB,defense,yards_per_play,17,5.2052730696798495,0.3479984503020027,0.9590299937879992
2022,TEN,defense,yards_per_play,17,5.493589743589744,-0.04035825441337396,-0.11122111735144195
2022,WSH,defense,yards_per_play,17,5.2817904374364195,0.14152664712851767,0.39002558603008936
2023,ARI,offense,epa_per_play,17,-0.07129560704468339,-0.03055238384008888,-0.3172377069516197
2023,ATL,offense,epa_per_play,17,-0.09889579120935728,-0.08362048891776933,-0.8682652161380627
2023,BAL,offense,epa_per_play,17,0.06554906287966104,0.09630549461983402,0.9999787394642808
2023,BUF,offense,epa_per_play,17,0.10829951260551288,0.14012224350928218,1.4549456911927896
2023,CAR,offense,epa_per_play,17,-0.17666908678873164,-0.150704361019577,-1.5648240794464847
2023,CHI,offense,epa_per_play,17,-0.04878972432630494,-0.026350267495780542,-0.27360544046826796
2023,CIN,offense,epa_per_play,17,-0.010156321663262679,0.05256808209487943,0.5458355691625031
2023,CLE,offense,epa_per_play,17,-0.14097198756667795,-0.10406531870717894,-1.0805521183763964
2023,DAL,offense,epa_per_play,17,0.10634111578215236,0.11148761611446542,1.157620821824429
2023,DEN,offense,epa_per_play,17,-0.05809926221600067,-0.01878971346758768,-0.19510116283999399
2023,DET,offense,epa_per_play,17,0.06375729853781523,0.0981631097553995,1.0192671056058522
2023,GB,offense,epa_per_play,17,0.0638749039656586,0.0988995314804975,1.0269136689850713
2023,HOU,offense,epa_per_play,17,-0.02835259713600496,0.007430436098919864,0.07715321076124551
2023,IND,offense,epa_per_play,17,-0.03549887820394092,0.014020075642738408,0.14557609224442078
2023,JAX,offense,epa_per_play,17,-0.07033108374347904,-0.026961834257596008,-0.2799555844760691
2023,KC,offense,epa_per_play,17,0.020968309057276167,0.03876842697773402,0.40254819201380027
2023,LAC,offense,epa_per_play,17,-0.07593999287074353,-0.031492889128558736,-0.327003352167774
2023,LAR,offense,epa_per_play,17,0.0388491724079392,0.068353173968175,0.7097385358218397
2023,MIA,offense,epa_per_play,17,0.09738515352835837,0.13985976923485144,1.4522203150849866
2023,MIN,offense,epa_per_play,17,-0.04061648548643527,-0.019686345872029123,-0.2044112582306624
2023,NE,offense,epa_per_play,17,-0.19069146568537335,-0.16027724310923774,-1.6642231698394792
2023,NO,offense,epa_per_play,17,-0.013633396681598025,0.009773908559219013,0.10148642919358732
2023,NYG,offense,epa_per_play,17,-0.17370620063895398,-0.15602039841978918,-1.620022636905679
2023,NYJ,offense,epa_per_play,17,-0.25156504378123534,-0.22221305381446485,-2.3073276381898693
2023,OAK,offense,epa_per_play,17,-0.09705627067078379,-0.06994986010144115,-0.7263175710384842
2023,PHI,offense,epa_per_play,17,0.05407683061677683,0.08774797919653544,0.9111226101259071
2023,PIT,offense,epa_per_play,17,-0.07354421845692803,-0.024939517169340366,-0.2589570516229455
2023,SEA,offense,epa_per_play,17,0.016406908833893136,0.047147135917929545,0.48954770162048333
2023,SF,offense,epa_per_play,17,0.17379820689417813,0.20277191225929028,2.105462435141726
2023,TB,offense,epa_per_play,17,-0.01653147572717772,0.009065762458068985,0.09413346300635285
2023,TEN,offense,epa_per_play,17,-0.04719798865765332,-0.018062213002439695,-0.18754723249603916
2023,WSH,offense,epa_per_play,17,-0.10565660415868722,-0.07879876956501987,-0.818199362061448
2023,ARI,defense,epa_per_play,17,0.08527101431054764,-0.09345420973299395,-1.530594858252918
2023,ATL,defense,epa_per_play,17,-0.05939737415627255,-0.00266548779249188,-0.043655410725813804
2023,BAL,defense,epa_per_play,17,-0.1494445208178873,0.13523354291879233,2.2148575868989018
2023,BUF,defense,epa_per_play,17,-0.07391717757328092,0.010125004286650401,0.16582751644022148
2023,CAR,defense,epa_per_play,17,0.02297372382840865,-0.03360331381568321,-0.5503557249428308
2023,CHI,defense,epa_per_play,17,-0.041493700424531474,0.0005826234941953676,0.009542218879528986
2023,CIN,defense,epa_per_play,17,0.03375325300658504,-0.047831396124809335,-0.7833835327576256
2023,CLE,defense,epa_per_play,17,-0.18642805858832118,0.16350249326517755,2.677847003555434
2023,DAL,defense,epa_per_play,17,-0.11399356331914619,0.0763870252542353,1.251068180078373
2023,DEN,defense,epa_per_play,17,0.019245704144758038,-0.06647057523266646,-1.0886563694339577
2023,DET,defense,epa_per_play,17,-0.02887946109554507,-0.0016168539403466364,-0.02648086517169842
2023,GB,defense,epa_per_play,17,0.007941507909877766,-0.055514952338621235,-0.9092249653432305
2023,HOU,defense,epa_per_play,17,-0.04258338717924085,-0.023596258374467806,-0.3864599769788338
2023,IND,defense,epa_per_play,17,-0.016497084383308526,-0.042198844840507295,-0.6911334986582708
2023,JAX,defense,epa_per_play,17,-0.03645310548001208,0.016092656378080654,0.2635658380533453
2023,KC,defense,epa_per_play,17,-0.08632269823666898,0.052921063924596064,0.8667422106253306
2023,LAC,defense,epa_per_play,17,0.012429212348864637,-0.041602112621629564,-0.6813602068121628
2023,LAR,defense,epa_per_play,17,-0.008732254936371807,0.0063741843978707925,0.10439651560676287
2023,MIA,defense,epa_per_play,17,-0.038795430165018074,-0.032952550045981396,-0.5396975033101349
2023,MIN,defense,epa_per_play,17,-0.017978011585857625,0.008210762519444406,0.13447602767680505
2023,NE,defense,epa_per_play,17,-0.0549672685809712,0.024610770554770137,0.40307567712961295
2023,NO,defense,epa_per_play,17,-0.09987929462882121,0.03441309892458601,0.563618401150392
2023,NYG,defense,epa_per_play,17,-0.018855965730175443,0.014046839321865005,0.2300594066564546
2023,NYJ,defense,epa_per_play,17,-0.11889244730314175,0.08568352953476076,1.403326507361325
2023,OAK,defense,epa_per_play,17,-0.06046831921128199,0.023483629885395985,0.3846153454013738
2023,PHI,defense,epa_per_play,17,0.04906905576071756,-0.08379963760440858,-1.3724720888146908
2023,PIT,defense,epa_per_play,17,-0.06049500924446968,0.03663130436253748,0.5999482128044291
2023,SEA,defense,epa_per_play,17,0.051503018950636394,-0.06526654883306178,-1.0689368017258727
2023,SF,defense,epa_per_play,17,-0.08157507488318186,0.05877037625750298,0.9625423613798043
2023,TB,defense,epa_per_play,17,-0.023819176186903327,-0.0008425070364408936,-0.013798596571833147
2023,TEN,defense,epa_per_play,17,0.007438047648317242,-0.044049467510711426,-0.7214430326179825
2023,WSH,defense,epa_per_play,17,0.08474207230028563,-0.11160418943507584,-1.8278555775802392
2023,ARI,offense,explosive_rate,17,0.10177404295051354,0.008352905868720603,0.47865577889885463
2023,ATL,offense,explosive_rate,17,0.09879963065558633,0.0017140787201824124,0.0982237436644016
2023,BAL,offense,explosive_rate,17,0.11466165413533834,0.0172355526097731,0.9876678833503709
2023,BUF,offense,explosive_rate,17,0.09963436928702012,0.005484105050080075,0.314261721078266
2023,CAR,offense,explosive_rate,17,0.07221206581352833,-0.02423004489650231,-1.388480990325078
2023,CHI,offense,explosive_rate,17,0.11202938475665748,0.015084091883057456,0.864380356099168
2023,CIN,offense,explosive_rate,17,0.08624031007751938,-0.006217232719488824,-0.3562729446153671
2023,CLE,offense,explosive_rate,17,0.09060118543607112,-0.005988896321789214,-0.34318833214521216
2023,DAL,offense,explosive_rate,17,0.09963768115942029,0.003172000543559875,0.18176864611036142
2023,DEN,offense,explosive_rate,17,0.09780439121756487,0.003366161258819599,0.19289485175123255
2023,DET,offense,explosive_rate,17,0.11638316920322292,0.022325692453230718,1.2793537816194576
2023,GB,offense,explosive_rate,17,0.09798270893371758,0.003388709331881271,0.19418694885416074
2023,HOU,offense,explosive_rate,17,0.10853432282003711,0.011207152650796765,0.6422158307079632
2023,IND,offense,explosive_rate,17,0.09107635694572216,-0.0028674371760660576,-0.16431591550605706
2023,JAX,offense,explosive_rate,17,0.08348457350272233,-0.013181536849498935,-0.7553561463454855
2023,KC,offense,explosive_rate,17,0.09289099526066351,-0.0043577583343983005,-0.24971743278191252
2023,LAC,offense,explosive_rate,17,0.08029197080291971,-0.013660776752298268,-0.7828185591344157
2023,LAR,offense,explosive_rate,17,0.09807516040329972,0.0014085532260466214,0.080715879255598
2023,MIA,offense,explosive_rate,17,0.11969111969111969,0.025584857983112105,1.4661173390908646
2023,MIN,offense,explosive_rate,17,0.10536218250235184,0.00767649115794108,0.43989444058911426
2023,NE,offense,explosive_rate,17,0.0610236220472441,-0.03826444840848181,-2.192709895808714
2023,NO,offense,explosive_rate,17,0.0852994555353902,-0.008478775645498584,-0.48586863356193316
2023,NYG,offense,explosive_rate,17,0.0886558627264061,-0.0073764565989772705,-0.4227012292956323
2023,NYJ,offense,explosive_rate,17,0.07149666348903717,-0.02488811155914517,-1.4261909101931216
2023,OAK,offense,explosive_rate,17,0.06018054162487462,-0.03717327378891616,-2.130181112933422
2023,PHI,offense,explosive_rate,17,0.09420289855072464,0.0009554911482526207,0.05475356324912181
2023,PIT,offense,explosive_rate,17,0.09523809523809523,0.0010582180751786672,0.06064023765854095
2023,SEA,offense,explosive_rate,17,0.10569105691056911,0.011028922350958774,0.6320025032344886
2023,SF,offense,explosive_rate,17,0.1495983935742972,0.05430413255916446,3.1118496097119532
2023,TB,offense,explosive_rate,17,0.0933852140077821,-0.0024176463746684133,-0.13854105705939312
2023,TEN,offense,explosive_rate,17,0.09959349593495935,0.0007704166110101243,0.044148032889931674
2023,WSH,offense,explosive_rate,17,0.09056603773584905,-0.005015138055971726,-0.287387988108105
2023,ARI,defense,explosive_rate,17,0.11365807067812798,-0.009880837281060446,-1.1059098396122402
2023,ATL,defense,explosive_rate,17,0.0960820895522388,-0.003065558182676608,-0.34311170821753645
2023,BAL,defense,explosive_rate,17,0.08876811594202899,0.011600162230508358,1.298344784648253
2023,BUF,defense,explosive_rate,17,0.09831181727904667,-0.011525404855757863,-1.2899775872161487
2023,CAR,defense,explosive_rate,17,0.09785932721712538,0.0021221660914808108,0.2375228227228948
2023,CHI,defense,explosive_rate,17,0.09037900874635568,0.004188321342692425,0.46877664843478933
2023,CIN,defense,explosive_rate,17,0.11725452812202097,-0.01584106885919885,-1.7730070259272979
2023,CLE,defense,explosive_rate,17,0.09384460141271443,0.005991670638672584,0.670615994024
2023,DAL,defense,explosive_rate,17,0.09471585244267199,0.0025492957803728658,0.28532918895481085
2023,DEN,defense,explosive_rate,17,0.1044776119402985,-0.013557354083679434,-1.5174029137174567
2023,DET,defense,explosive_rate,17,0.10184287099903007,-0.005666967713629097,-0.6342737135525045
2023,GB,defense,explosive_rate,17,0.10741444866920152,-0.01081956063834776,-1.2109761784222137
2023,HOU,defense,explosive_rate,17,0.09814814814814815,-0.007251748107654948,-0.8116497983441823
2023,IND,defense,explosive_rate,17,0.09617097061442564,-0.0069573037281432226,-0.7786941967834952
2023,JAX,defense,explosive_rate,17,0.09048067860508954,0.007329923100494998,0.8203995116872127
2023,KC,defense,explosive_rate,17,0.07938044530493708,0.01101552020585062,1.2329088960359298
2023,LAC,defense,explosive_rate,17,0.09689213893967093,-0.003907317597815524,-0.43732538599694365
2023,LAR,defense,explosive_rate,17,0.09595484477892756,0.007303548308073989,0.8174475207145407
2023,MIA,defense,explosive_rate,17,0.08549471661863593,-0.000849409706222465,-0.09506993438419255
2023,MIN,defense,explosive_rate,17,0.08155699721964782,0.016675024238972602,1.8663472393181553
2023,NE,defense,explosive_rate,17,0.07497656982193064,0.01734416303072401,1.9412404040181486
2023,NO,defense,explosive_rate,17,0.10460652591170826,-0.011508722468794514,-1.288110415906046
2023,NYG,defense,explosive_rate,17,0.10351201478743069,-0.007324381213004707,-0.8197792375407853
2023,NYJ,defense,explosive_rate,17,0.08946877912395154,0.0019755369326482047,0.2211113967561999
2023,OAK,defense,explosive_rate,17,0.09048507462686567,0.004677044898497886,0.5234768903112205
2023,PHI,defense,explosive_rate,17,0.0971843778383288,-0.0009161043348237067,-0.10253471129746014
2023,PIT,defense,explosive_rate,17,0.10140845070422536,-0.005769599441270946,-0.6457607398263921
2023,SEA,defense,explosive_rate,17,0.10308370044052863,-0.0009619857469343214,-0.10766997500691361
2023,SF,defense,explosive_rate,17,0.08123791102514506,0.016929847489434095,1.8948682575306075
2023,TB,defense,explosive_rate,17,0.09572490706319703,0.0023806579481798463,0.2664544486217563
2023,TEN,defense,explosive_rate,17,0.08723599632690542,0.0073946094396413874,0.8276395113872002
2023,WSH,defense,explosive_rate,17,0.10279531109107304,-0.0036741677173020015,-0.41123015341391006
2023,ARI,offense,yards_per_play,17,5.157796451914099,-0.13778630376661885,-0.24150020492478128
2023,ATL,offense,yards_per_play,17,5.259464450600185,-0.15159583522690928,-0.26570438622876213
2023,BAL,offense,yards_per_play,17,5.93327067669173,0.5046535909617893,0.8845142245748943
2023,BUF,offense,yards_per_play,17,5.842778793418647,0.5578531622841786,0.9777579434717907
2023,CAR,offense,yards_per_play,17,4.131627056672761,-1.281496350289082,-2.2460986523678237
2023,CHI,offense,yards_per_play,17,5.065197428833793,-0.3337952954809697,-0.5850482236469783
2023,CIN,offense,yards_per_play,17,5.271317829457364,0.10998372735709101,0.1927701953604085
2023,CLE,offense,yards_per_play,17,4.854360711261642,-0.5012223781957718,-0.8785002844122922
2023,DAL,offense,yards_per_play,17,5.747282608695652,0.3632999899983623,0.6367615621817132
2023,DEN,offense,yards_per_play,17,5.090818363273453,-0.16649399952750243,-0.2918166313013019
2023,DET,offense,yards_per_play,17,6.030438675022381,0.7403369104472556,1.297600056744778
2023,GB,offense,yards_per_play,17,5.658981748318924,0.2757992493866236,0.4833976485624034
2023,HOU,offense,yards_per_play,17,5.404452690166976,0.05434576905082729,0.09525267754305805
2023,IND,offense,yards_per_play,17,5.287948482060718,0.011044919879830821,0.019358603441786224
2023,JAX,offense,yards_per_play,17,5.26043557168784,-0.003977435713134157,-0.006971313647040755
2023,KC,offense,yards_per_play,17,5.6862559241706165,0.24670701018037924,0.43240722688795885
2023,LAC,offense,yards_per_play,17,5.122262773722627,-0.10640303073822399,-0.1864942525160509
2023,LAR,offense,yards_per_play,17,5.615948670944088,0.26305432866105877,0.461059427107644
2023,MIA,offense,yards_per_play,17,6.603281853281853,1.4440402699877979,2.5309919171071047
2023,MIN,offense,yards_per_play,17,5.572906867356538,0.1443151361068659,0.2529433912570308
2023,NE,offense,yards_per_play,17,4.628937007874016,-0.7343221684284358,-1.2870579245418614
2023,NO,offense,yards_per_play,17,5.233212341197822,-0.09258478588498686,-0.16227479911226994
2023,NYG,offense,yards_per_play,17,4.546234509056244,-0.7928680297100458,-1.3896721692852523
2023,NYJ,offense,yards_per_play,17,4.363203050524309,-0.9682470363220325,-1.6970616911640275
2023,OAK,offense,yards_per_play,17,4.957873620862588,-0.414847189294283,-0.7271091428410592
2023,PHI,offense,yards_per_play,17,5.467391304347826,0.1723263702370721,0.30203911846438297
2023,PIT,offense,yards_per_play,17,5.160714285714286,-0.07833232925153909,-0.1372942959449424
2023,SEA,offense,yards_per_play,17,5.594512195121951,0.2746372693390873,0.4813610279990591
2023,SF,offense,yards_per_play,17,6.82429718875502,1.443602032404342,2.5302238112553828
2023,TB,offense,yards_per_play,17,5.198443579766537,-0.13735907089725233,-0.2407513872071851
2023,TEN,offense,yards_per_play,17,5.010162601626016,-0.41924579044746446,-0.7348186397274412
2023,WSH,offense,yards_per_play,17,5.025471698113208,-0.28542270710469575,-0.5002648330903267
2023,ARI,defense,yards_per_play,17,5.787965616045845,-0.3213811978874924,-0.8700752254514452
2023,ATL,defense,yards_per_play,17,5.1138059701492535,-0.02192417188515095,-0.059355304296360906
2023,BAL,defense,yards_per_play,17,4.656702898550725,0.8189739037241829,2.2172078161566247
2023,BUF,defense,yards_per_play,17,5.198609731876862,0.028331440022607686,0.07670169949936911
2023,CAR,defense,yards_per_play,17,5.137614678899083,0.3157447247154672,0.8548156032395905
2023,CHI,defense,yards_per_play,17,5.373177842565598,-0.06981189366094305,-0.18900171981263345
2023,CIN,defense,yards_per_play,17,6.084842707340324,-0.6441724523068014,-1.7439678965498577
2023,CLE,defense,yards_per_play,17,4.649848637739657,0.7133113945081984,1.9311477350685236
2023,DAL,defense,yards_per_play,17,5.09272183449651,0.26298962801169135,0.7119917449679212
2023,DEN,defense,yards_per_play,17,5.895522388059701,-0.5732092306292008,-1.551849186725613
2023,DET,defense,yards_per_play,17,5.549951503394762,-0.27201874848894575,-0.736436280262366
2023,GB,defense,yards_per_play,17,5.430608365019012,-0.1607210694961587,-0.435120105643472
2023,HOU,defense,yards_per_play,17,5.223148148148148,-0.1264428632614979,-0.34231872767318305
2023,IND,defense,yards_per_play,17,5.303650934995548,-0.1783199571943973,-0.482765569293477
2023,JAX,defense,yards_per_play,17,5.514608859566446,-0.1827262693662594,-0.4946947769806221
2023,KC,defense,yards_per_play,17,4.78702807357212,0.5614177902577947,1.5199262235689537
2023,LAC,defense,yards_per_play,17,5.658135283363802,-0.2983364815837421,-0.8076862715697231
2023,LAR,defense,yards_per_play,17,5.430856067732831,0.05055715863201705,0.13687338115660483
2023,MIA,defense,yards_per_play,17,5.220941402497599,-0.17366782513888146,-0.4701708535053714
2023,MIN,defense,yards_per_play,17,5.269694161260427,0.11173125392461974,0.30248999190850845
2023,NE,defense,yards_per_play,17,4.841611996251172,0.5477663416756585,1.482967660713008
2023,NO,defense,yards_per_play,17,5.36084452975048,-0.26425469003285534,-0.7154166470168403
2023,NYG,defense,yards_per_play,17,5.694085027726432,-0.21572553040982848,-0.5840336669995498
2023,NYJ,defense,yards_per_play,17,4.645852749301025,0.7348325998191414,1.989412088073598
2023,OAK,defense,yards_per_play,17,5.271455223880597,0.09389234863908531,0.25419472871281906
2023,PHI,defense,yards_per_play,17,5.510445049954587,-0.13865653145791018,-0.37538478810060577
2023,PIT,defense,yards_per_play,17,5.48075117370892,-0.13770002448656857,-0.37279523704968376
2023,SEA,defense,yards_per_play,17,5.573568281938326,-0.17833854484837308,-0.4828158916437884
2023,SF,defense,yards_per_play,17,5.006769825918762,0.36001217848919465,0.9746608682255989
2023,TB,defense,yards_per_play,17,5.4535315985130115,-0.1347174956586873,-0.36472063760393963
2023,TEN,defense,yards_per_play,17,5.245179063360881,0.07980515444685414,0.21605647189084448
2023,WSH,defense,yards_per_play,17,5.977457168620378,-0.587240939075497,-1.5898372270034307
2024,ARI,offense,epa_per_play,17,0.06708086857727291,0.06479457532616881,0.6494505279284183
2024,ATL,offense,epa_per_play,17,0.034196056888556585,0.022007568677844622,0.22058678561127615
2024,BAL,offense,epa_per_play,17,0.21801695520149975,0.21988628560802595,2.2039694457982746
2024,BUF,offense,epa_per_play,17,0.1884744371382978,0.1707394286452576,1.711359500601193
2024,CAR,offense,epa_per_play,17,-0.053178108795686733,-0.06685196976519356,-0.6700722527850894
2024,CHI,offense,epa_per_play,17,-0.08190714149436398,-0.08067559335208334,-0.8086295253838555
2024,CIN,offense,epa_per_play,17,0.09017814434530938,0.0915118302535031,0.9172435527304107
2024,CLE,offense,epa_per_play,17,-0.1833193895552178,-0.19107715860777236,-1.9152091190998228
2024,DAL,offense,epa_per_play,17,-0.10942523659310055,-0.11843450928812431,-1.1870955893286008
2024,DEN,offense,epa_per_play,17,0.020257975786781346,0.004656996437147072,0.04667811741092861
2024,DET,offense,epa_per_play,17,0.1697970916433588,0.17371934052804844,1.741227824233481
2024,GB,offense,epa_per_play,17,0.07894844096867257,0.09033149640220149,0.9054128024090946
2024,HOU,offense,epa_per_play,17,-0.05520875095126548,-0.07426190899749359,-0.7443437318728013
2024,IND,offense,epa_per_play,17,-0.0568282422189781,-0.06701873188771088,-0.6717437468563469
2024,JAX,offense,epa_per_play,17,-0.020142337043403218,-0.00755372107521005,-0.07571263667403949
2024,KC,offense,epa_per_play,17,0.0700067954963317,0.06700547544849088,0.6716108745995871
2024,LAC,offense,epa_per_play,17,0.03948762660047305,0.024843055093438864,0.24900750046698092
2024,LAR,offense,epa_per_play,17,0.013991755130785882,0.029156271940925012,0.2922398381213072
2024,MIA,offense,epa_per_play,17,-0.038929331539186075,-0.05941979281380087,-0.5955778800626566
2024,MIN,offense,epa_per_play,17,0.01633047617496424,0.011381892136426774,0.11408325187126381
2024,NE,offense,epa_per_play,17,-0.08321677748397892,-0.0973544916154145,-0.9758058550049237
2024,NO,offense,epa_per_play,17,-0.05687520179259461,-0.07988387618026811,-0.8006939670038975
2024,NYG,offense,epa_per_play,17,-0.10710323382217249,-0.1182894184695927,-1.1856413115866977
2024,NYJ,offense,epa_per_play,17,-0.01307413126587851,-0.01700471147427223,-0.17044202834331948
2024,OAK,offense,epa_per_play,17,-0.1426848922665781,-0.15558157117828314,-1.5594289032535649
2024,PHI,offense,epa_per_play,17,0.11403591878093847,0.07241775810828999,0.7258593948346556
2024,PIT,offense,epa_per_play,17,-0.03403895011043109,-0.04224104069862795,-0.42339140342956544
2024,SEA,offense,epa_per_play,17,-0.029842436537466346,-0.03215558779086553,-0.32230265205845965
2024,SF,offense,epa_per_play,17,0.06874469950830629,0.06870665490286886,0.6886621769529886
2024,TB,offense,epa_per_play,17,0.130108255181143,0.10498059380434267,1.0522439837788868
2024,TEN,offense,epa_per_play,17,-0.11610107242169315,-0.12708817366843786,-1.2738332038899873
2024,WSH,offense,epa_per_play,17,0.1392673629941736,0.11875303355015823,1.1902882292848798
2024,ARI,defense,epa_per_play,17,0.05562410964666043,-0.021618851904437113,-0.3457772671998027
2024,ATL,defense,epa_per_play,17,0.06114701838694908,-0.0670461637589126,-1.0723529345251095
2024,BAL,defense,epa_per_play,17,-0.05138163601276641,0.04858679561316936,0.7771092324134188
2024,BUF,defense,epa_per_play,17,-0.0085077748655754,0.01204690766251054,0.19268122230376356
2024,CAR,defense,epa_per_play,17,0.15953756161229576,-0.14770169415623985,-2.3623774468635195
2024,CHI,defense,epa_per_play,17,0.005899306838958418,0.026311271276779045,0.4208289838356159
2024,CIN,defense,epa_per_play,17,0.03727410399659471,-0.056680966788477706,-0.906569409189568
2024,CLE,defense,epa_per_play,17,0.017446700863153666,0.009190563367166367,0.14699614480789885
2024,DAL,defense,epa_per_play,17,0.08300170909428806,-0.05205529903130643,-0.8325853344052538
2024,DEN,defense,epa_per_play,17,-0.11759664632786669,0.10548499834683264,1.6871531670678772
2024,DET,defense,epa_per_play,17,-0.061762737793477025,0.06963420471987886,1.113746702096089
2024,GB,defense,epa_per_play,17,-0.06701583664582003,0.07753380576850334,1.2400948761173647
2024,HOU,defense,epa_per_play,17,-0.06493398860441574,0.0681338029526452,1.0897489049388165
2024,IND,defense,epa_per_play,17,0.004307488041538596,-0.015792793797392058,-0.25259385210883833
2024,JAX,defense,epa_per_play,17,0.12913458765574487,-0.15531072885380628,-2.4840782307618974
2024,KC,defense,epa_per_play,17,0.011222999286775079,-0.0007616261803000535,-0.01218163760112032
2024,LAC,defense,epa_per_play,17,-0.06091116442317458,0.0563484043651884,0.9012503234949635
2024,LAR,defense,epa_per_play,17,0.044446777142692205,-0.026333334908358017,-0.4211818750190121
2024,MIA,defense,epa_per_play,17,-0.02730542946065665,0.011608103778756991,0.18566288439980588
2024,MIN,defense,epa_per_play,17,-0.08621469292915969,0.10210958731673275,1.6331660077671357
2024,NE,defense,epa_per_play,17,0.06965898483531366,-0.060545209635994295,-0.9683750655452785
2024,NO,defense,epa_per_play,17,0.04385071931194375,-0.03837865922579772,-0.6138377729099033
2024,NYG,defense,epa_per_play,17,0.06306099212534375,-0.049440300859434655,-0.7907604065321553
2024,NYJ,defense,epa_per_play,17,0.02352505728473886,-0.026569050492794264,-0.42495196840709065
2024,OAK,defense,epa_per_play,17,0.02139693190772111,0.000336358948706513,0.005379808261598343
2024,PHI,defense,epa_per_play,17,-0.09754762533839952,0.10973033752699787,1.7550541724747584
2024,PIT,defense,epa_per_play,17,-0.018181354090048542,0.02546940711218025,0.4073640000577926
2024,SEA,defense,epa_per_play,17,-0.01186643556112342,0.04238016243139337,0.6778388053994111
2024,SF,defense,epa_per_play,17,0.041161160684023645,-0.010389163758731135,-0.16616685607842432
2024,TB,defense,epa_per_play,17,0.015351982732022307,0.002347580999527821,0.03754779144308383
2024,TEN,defense,epa_per_play,17,0.029879893197048417,-0.014750685392226874,-0.235926112394594
2024,WSH,defense,epa_per_play,17,0.011141041822801359,-0.023877763442744268,-0.3819068573378258
2024,ARI,offense,explosive_rate,17,0.11251212415130941,0.01801327249284954,1.0250527121676964
2024,ATL,offense,explosive_rate,17,0.10251630941286113,0.002366612595120047,0.1346730673309137
2024,BAL,offense,explosive_rate,17,0.13859480269489893,0.037054396621491445,2.108595746257258
2024,BUF,offense,explosive_rate,17,0.11144278606965174,0.017139616880158626,0.9753369786359491
2024,CAR,offense,explosive_rate,17,0.08409321175278622,-0.015543296666134649,-0.8844977174452673
2024,CHI,offense,explosive_rate,17,0.07743153918791312,-0.01891618507315733,-1.0764333255270118
2024,CIN,offense,explosive_rate,17,0.0832553788587465,-0.016767633493186176,-0.9541691103403682
2024,CLE,offense,explosive_rate,17,0.06512042818911686,-0.03368045311728193,-1.916600097434052
2024,DAL,offense,explosive_rate,17,0.08127853881278539,-0.020109115304660842,-1.1443175131289478
2024,DEN,offense,explosive_rate,17,0.10211946050096339,0.001800835273376978,0.10247727512459105
2024,DET,offense,explosive_rate,17,0.11828935395814377,0.022242875617603446,1.2657400251555255
2024,GB,offense,explosive_rate,17,0.12622309197651663,0.03018192923512211,1.7175151507420543
2024,HOU,offense,explosive_rate,17,0.09186602870813397,-0.006825954136439942,-0.38843373981407503
2024,IND,offense,explosive_rate,17,0.11121856866537717,0.012328203332751387,0.7015415032115107
2024,JAX,offense,explosive_rate,17,0.10393541876892028,0.006541322610802992,0.3722366652716941
2024,KC,offense,explosive_rate,17,0.07015902712815715,-0.030090365049356377,-1.7123046529273187
2024,LAC,offense,explosive_rate,17,0.10020040080160321,0.002404936673619884,0.13685391484894108
2024,LAR,offense,explosive_rate,17,0.08560311284046693,-0.006444052346626355,-0.3667014607079063
2024,MIA,offense,explosive_rate,17,0.08178438661710037,-0.015348849189603761,-0.8734326034704883
2024,MIN,offense,explosive_rate,17,0.1098153547133139,0.01025802540968645,0.583737173345877
2024,NE,offense,explosive_rate,17,0.0901077375122429,-0.007102129671597939,-0.4041496227254348
2024,NO,offense,explosive_rate,17,0.09259259259259259,-0.00948786466048179,-0.5399108577724966
2024,NYG,offense,explosive_rate,17,0.07611798287345385,-0.024155986496103624,-1.374606389968401
2024,NYJ,offense,explosive_rate,17,0.09566074950690336,0.002724786208002511,0.15505508472712956
2024,OAK,offense,explosive_rate,17,0.07969639468690702,-0.02016897704216708,-1.1477239700295576
2024,PHI,offense,explosive_rate,17,0.11436413540713632,0.00882690591050241,0.502298727074837
2024,PIT,offense,explosive_rate,17,0.11163227016885553,0.009921280650631916,0.5645745737286173
2024,SEA,offense,explosive_rate,17,0.0962671905697446,0.002730159392207207,0.15536084799386446
2024,SF,offense,explosive_rate,17,0.12130177514792899,0.027539897270134568,1.5671692303980969
2024,TB,offense,explosive_rate,17,0.12177121771217712,0.01953854321312224,1.1118488725669793
2024,TEN,offense,explosive_rate,17,0.09320388349514563,-0.00769404463659219,-0.4378327883179608
2024,WSH,offense,explosive_rate,17,0.10265811182401467,0.0007213074961492182,0.04104630102775048
2024,ARI,defense,explosive_rate,17,0.10271317829457365,0.0006645934389583032,0.0554849059285205
2024,ATL,defense,explosive_rate,17,0.09600760456273764,-0.002030196549902445,-0.16949499947505284
2024,BAL,defense,explosive_rate,17,0.07844990548204159,0.012667426335455517,1.057565298386288
2024,BUF,defense,explosive_rate,17,0.10047846889952153,-0.000356668574693796,-0.029777185801621007
2024,CAR,defense,explosive_rate,17,0.11795774647887323,-0.02367142546139009,-1.9762560656247468
2024,CHI,defense,explosive_rate,17,0.11851126346718903,-0.011381000553409628,-0.9501654817213452
2024,CIN,defense,explosive_rate,17,0.09488372093023256,-0.0016282909415164565,-0.13594110988454283
2024,CLE,defense,explosive_rate,17,0.12462908011869436,-0.028198295957247606,-2.354190858370067
2024,DAL,defense,explosive_rate,17,0.10689990281827016,-0.007972939254484408,-0.66563670144117
2024,DEN,defense,explosive_rate,17,0.08210332103321033,0.010610974388963636,0.885878314873212
2024,DET,defense,explosive_rate,17,0.10661401776900296,-0.00307931594942665,-0.2570828205066257
2024,GB,defense,explosive_rate,17,0.09152872444011685,0.009882835495301057,0.8250881901903884
2024,HOU,defense,explosive_rate,17,0.10038240917782026,-2.68263370792732e-06,-0.00022396501395428428
2024,IND,defense,explosive_rate,17,0.10464058234758872,-0.0051628261396391715,-0.4310288153481615
2024,JAX,defense,explosive_rate,17,0.12173128944995491,-0.023074209691862083,-1.9263963185241066
2024,KC,defense,explosive_rate,17,0.09224730127576054,0.006941585885075859,0.5795321127921225
2024,LAC,defense,explosive_rate,17,0.1002921129503408,-0.007829563645587812,-0.6536667033856359
2024,LAR,defense,explosive_rate,17,0.10104861773117255,0.003909561665689256,0.32639753648796854
2024,MIA,defense,explosive_rate,17,0.09109109109109109,0.009144785370363258,0.7634706066391747
2024,MIN,defense,explosive_rate,17,0.08379888268156424,0.020056746166183352,1.6744773707131986
2024,NE,defense,explosive_rate,17,0.08962264150943396,0.010109952335262047,0.8440494915835199
2024,NO,defense,explosive_rate,17,0.10507246376811594,-0.01144939503701576,-0.9558755313042215
2024,NYG,defense,explosive_rate,17,0.11132623426911907,-0.012716384322015014,-1.0616526533303354
2024,NYJ,defense,explosive_rate,17,0.09848484848484848,0.0035116096532256543,0.2931737207215039
2024,OAK,defense,explosive_rate,17,0.0950533462657614,-0.0011961871610891117,-0.09986606580061812
2024,PHI,defense,explosive_rate,17,0.08016032064128256,0.015452419757036664,1.2900760168938141
2024,PIT,defense,explosive_rate,17,0.08729388942774007,0.00497626967373939,0.41545377750725876
2024,SEA,defense,explosive_rate,17,0.09090909090909091,0.01276786720726514,1.0659508044672033
2024,SF,defense,explosive_rate,17,0.0825147347740668,0.018270582728800777,1.5253559613125574
2024,TB,defense,explosive_rate,17,0.08641975308641975,0.00955120429242141,0.7974012992040231
2024,TEN,defense,explosive_rate,17,0.09619238476953908,0.005268614560319359,0.4398607721895366
2024,WSH,defense,explosive_rate,17,0.10808179162609542,-0.014037647081127164,-1.1719609043580843
2024,ARI,offense,yards_per_play,17,5.923375363724539,0.4751234576846984,0.8526733938648288
2024,ATL,offense,yards_per_play,17,5.884436160298229,0.3347058504924272,0.6006749800916266
2024,BAL,offense,yards_per_play,17,6.9441770933589995,1.4728919883158786,2.643304156341712
2024,BUF,offense,yards_per_play,17,6.095522388059702,0.6704476113488664,1.2032090416313204
2024,CAR,offense,yards_per_play,17,5.144883485309017,-0.3942667870859161,-0.7075651475319201
2024,CHI,offense,yards_per_play,17,4.569405099150142,-0.9238325547380342,-1.6579426401079878
2024,CIN,offense,yards_per_play,17,5.826941066417213,0.3631137424082719,0.6516567895995403
2024,CLE,offense,yards_per_play,17,4.575379125780553,-0.9351218911269036,-1.6782028832458138
2024,DAL,offense,yards_per_play,17,5.095890410958904,-0.4089840126202067,-0.7339772020024498
2024,DEN,offense,yards_per_play,17,5.336223506743738,-0.2031178105690613,-0.364522420627585
2024,DET,offense,yards_per_play,17,6.353958143767061,0.8601354384640113,1.543629538041353
2024,GB,offense,yards_per_play,17,6.183953033268102,0.6955744234309363,1.2483025089996167
2024,HOU,offense,yards_per_play,17,5.1779904306220095,-0.37120988891862133,-0.6661864210255454
2024,IND,offense,yards_per_play,17,5.518375241779497,0.05600044782776173,0.10050038813074712
2024,JAX,offense,yards_per_play,17,5.269424823410696,-0.12554494649460812,-0.2253074098502016
2024,KC,offense,yards_per_play,17,5.240411599625818,-0.2824134768574803,-0.5068292333082004
2024,LAC,offense,yards_per_play,17,5.56312625250501,0.06423346498463312,0.11527565246962942
2024,LAR,offense,yards_per_play,17,5.497081712062257,0.12172686132527066,0.21845533890621857
2024,MIA,offense,yards_per_play,17,5.150557620817844,-0.2933013442865624,-0.5263689860241448
2024,MIN,offense,yards_per_play,17,5.754130223517978,0.2399225930900533,0.43057358757217024
2024,NE,offense,yards_per_play,17,4.871694417238002,-0.5853051472948637,-1.050409358490232
2024,NO,offense,yards_per_play,17,5.314814814814815,-0.24878900529756906,-0.4464855651138163
2024,NYG,offense,yards_per_play,17,4.784966698382493,-0.7598045828703888,-1.3635722292201058
2024,NYJ,offense,yards_per_play,17,5.215976331360947,-0.21682290785841601,-0.38911807388348874
2024,OAK,offense,yards_per_play,17,4.909867172675522,-0.6363100274835021,-1.1419445239102604
2024,PHI,offense,yards_per_play,17,5.738334858188472,0.05937854358839728,0.1065628384906119
2024,PIT,offense,yards_per_play,17,5.106941838649155,-0.39909973939710247,-0.7162385350124008
2024,SEA,offense,yards_per_play,17,5.560903732809431,0.12003384521553202,0.2154169922011474
2024,SF,offense,yards_per_play,17,6.316568047337278,0.8648828748690472,1.5521494556462732
2024,TB,offense,yards_per_play,17,6.279520295202952,0.681242281637778,1.222581539456936
2024,TEN,offense,yards_per_play,17,5.030097087378641,-0.512398921817196,-0.9195692627078927
2024,WSH,offense,yards_per_play,17,5.780018331805683,0.21690962002917077,0.3892736906183143
2024,ARI,defense,yards_per_play,17,5.6560077519379846,-0.00017652036017985594,-0.0005847908157034725
2024,ATL,defense,yards_per_play,17,5.607414448669202,-0.23237384969756586,-0.7698267388455143
2024,BAL,defense,yards_per_play,17,5.222117202268431,0.12511092613766792,0.41447751710450914
2024,BUF,defense,yards_per_play,17,5.56555023923445,-0.056219989549781524,-0.18625009341320664
2024,CAR,defense,yards_per_play,17,6.080985915492958,-0.612314598611637,-2.0285249446543254
2024,CHI,defense,yards_per_play,17,5.909892262487757,-0.20678435782054616,-0.6850518164261019
2024,CIN,defense,yards_per_play,17,5.522790697674418,-0.21192480805707817,-0.7020815125254684
2024,CLE,defense,yards_per_play,17,5.778437190900099,-0.2639215120929121,-0.8743403667413869
2024,DAL,defense,yards_per_play,17,5.896015549076774,-0.3237866101575685,-1.0726662681876504
2024,DEN,defense,yards_per_play,17,5.003690036900369,0.4131132814881572,1.368594834040047
2024,DET,defense,yards_per_play,17,5.753208292201382,-0.187679144987354,-0.6217585340301851
2024,GB,defense,yards_per_play,17,5.2181110029211295,0.30455183322472584,1.0089437554449174
2024,HOU,defense,yards_per_play,17,5.130019120458891,0.35280158490015745,1.1687894051631098
2024,IND,defense,yards_per_play,17,5.606915377616015,-0.2733221715250458,-0.9054836257744487
2024,JAX,defense,yards_per_play,17,6.0009017132551845,-0.6360386610182113,-2.107119922610756
2024,KC,defense,yards_per_play,17,5.357212953876349,0.18862979626026738,0.6249079278641639
2024,LAC,defense,yards_per_play,17,5.381694255111976,0.02026903544901853,0.06714888736268586
2024,LAR,defense,yards_per_play,17,5.734032411820782,-0.10457921791887165,-0.34645842630839396
2024,MIA,defense,yards_per_play,17,5.331331331331332,0.11014075197795567,0.36488312269082435
2024,MIN,defense,yards_per_play,17,5.325884543761639,0.24296832717488256,0.8049249741115023
2024,NE,defense,yards_per_play,17,5.5122641509433965,-0.00261239197402724,-0.008654541793174276
2024,NO,defense,yards_per_play,17,5.875,-0.43462740561899926,-1.4398685511132903
2024,NYG,defense,yards_per_play,17,5.728944820909971,-0.1802653742975822,-0.5971975994840351
2024,NYJ,defense,yards_per_play,17,5.071969696969697,0.4156100623297623,1.3768663699956096
2024,OAK,defense,yards_per_play,17,5.488845780795344,-0.007602019255099088,-0.025184579501133415
2024,PHI,defense,yards_per_play,17,4.7565130260521045,0.7661855977773667,2.5382811398763785
2024,PIT,defense,yards_per_play,17,5.397672162948593,0.07457636790910692,0.24706257686598163
2024,SEA,defense,yards_per_play,17,5.3731060606060606,0.2631099756702188,0.8716518437499187
2024,SF,defense,yards_per_play,17,5.317288801571709,0.29586238790137553,0.9801566635911596
2024,TB,defense,yards_per_play,17,5.528964862298196,0.01491027335190372,0.049395950210582275
2024,TEN,defense,yards_per_play,17,5.3146292585170345,0.19733633305786064,0.6537516417254995
2024,WSH,defense,yards_per_play,17,5.422590068159688,-0.05094790167230637,-0.16878429757211572
2025,ARI,offense,epa_per_play,17,-0.01850427310681436,-0.01088846647900321,-0.11697589665848128
2025,ATL,offense,epa_per_play,17,-0.021369288132402,-0.03445780920959398,-0.37018372944908134
2025,BAL,offense,epa_per_play,17,0.033956446009757925,0.03136174380013097,0.33692238561485516
2025,BUF,offense,epa_per_play,17,0.13554123400200885,0.11524644790550273,1.2381042460336478
2025,CAR,offense,epa_per_play,17,-0.039269151837893694,-0.05359531866586088,-0.5757799291318842
2025,CHI,offense,epa_per_play,17,0.07946514233862358,0.07299255253932692,0.7841663744975083
2025,CIN,offense,epa_per_play,17,-0.008453729912901864,-0.011914421345931443,-0.12799783356038294
2025,CLE,offense,epa_per_play,17,-0.19022793436959276,-0.2344545858173243,-2.5187693284960284
2025,DAL,offense,epa_per_play,17,0.09783384593536022,0.08401936065154202,0.902628489313631
2025,DEN,offense,epa_per_play,17,0.049696955932446295,0.030220130400087905,0.3246579173938371
2025,DET,offense,epa_per_play,17,0.08220296847497484,0.0713846362658925,0.7668923673451306
2025,GB,offense,epa_per_play,17,0.11485955823108016,0.10176698227755879,1.0932929834608827
2025,HOU,offense,epa_per_play,17,-0.01294923629377676,-0.0028117479032983917,-0.030206892109217013
2025,IND,offense,epa_per_play,17,0.07212119882908505,0.09681009821264179,1.0400406766053816
2025,JAX,offense,epa_per_play,17,0.03145649657790922,0.03458830817102858,0.3715856929905832
2025,KC,offense,epa_per_play,17,0.03488291055937652,0.03976619404275059,0.4272122446090184
2025,LAC,offense,epa_per_play,17,-0.02347868961454652,-0.020239950469577876,-0.21743983499122632
2025,LAR,offense,epa_per_play,17,0.144787485435621,0.16301262659928034,1.7512611348781593
2025,MIA,offense,epa_per_play,17,-0.016815702180963565,-0.04763321022013885,-0.5117283950836129
2025,MIN,offense,epa_per_play,17,-0.11549918342923031,-0.13033044167322708,-1.4001531166963002
2025,NE,offense,epa_per_play,17,0.15920734656815327,0.11260171462221921,1.2096916088793574
2025,NO,offense,epa_per_play,17,-0.08805277791536166,-0.11985037468516165,-1.2875646970750694
2025,NYG,offense,epa_per_play,17,0.012339335499502288,-0.0013576200412432043,-0.014585049414658609
2025,NYJ,offense,epa_per_play,17,-0.1265057961941957,-0.15051959615896057,-1.6170472452954927
2025,OAK,offense,epa_per_play,17,-0.21535989877332437,-0.20147690743876934,-2.1644867942672925
2025,PHI,offense,epa_per_play,17,0.025826073322077443,-0.00436831003605191,-0.046929196534231145
2025,PIT,offense,epa_per_play,17,0.026186435375313157,0.017043802742020175,0.18310329669124506
2025,SEA,offense,epa_per_play,17,0.032794695363971414,0.03923244648481708,0.4214781406101738
2025,SF,offense,epa_per_play,17,0.08795470104164536,0.1122690676642626,1.2061179489656568
2025,TB,offense,epa_per_play,17,-0.008881181286469985,0.0021500438697721613,0.023098138751350077
2025,TEN,offense,epa_per_play,17,-0.15966876663473115,-0.10838092677924857,-1.1643472581860492
2025,WSH,offense,epa_per_play,17,0.00647913518154372,0.007813530674609215,0.08394155030858895
2025,ARI,defense,epa_per_play,17,0.08844167027998048,-0.050187787096117945,-0.5839861287420341
2025,ATL,defense,epa_per_play,17,-0.0037385968401176073,0.0070580834373153035,0.08212800486707088
2025,BAL,defense,epa_per_play,17,0.025093652419300432,-0.02748298867680359,-0.31979262470547465
2025,BUF,defense,epa_per_play,17,-0.01630644765664623,-0.01230061544267288,-0.14313021571867018
2025,CAR,defense,epa_per_play,17,0.06729275447747271,-0.049637992144538845,-0.5775887033134195
2025,CHI,defense,epa_per_play,17,0.01809277179963194,-0.018935675886085204,-0.22033591627879018
2025,CIN,defense,epa_per_play,17,0.12981742202495905,-0.13490691819863132,-1.5697796905939514
2025,CLE,defense,epa_per_play,17,-0.09583888060725898,0.09977584472154541,1.160993792958297
2025,DAL,defense,epa_per_play,17,0.1673878489286909,-0.17576568895726777,-2.0452131922703187
2025,DEN,defense,epa_per_play,17,-0.08791844675771378,0.07975243274239571,0.9280009570016883
2025,DET,defense,epa_per_play,17,-0.009908506728384564,0.027299676446889493,0.3176595998065878
2025,GB,defense,epa_per_play,17,0.03418766073870144,-0.03085545190591599,-0.3590346765959561
2025,HOU,defense,epa_per_play,17,-0.13143435097120884,0.15827359971889937,1.8416748800837472
2025,IND,defense,epa_per_play,17,0.00426832201739792,-0.002058646263401434,-0.02395445050225823
2025,JAX,defense,epa_per_play,17,-0.10537280993464654,0.10482367081637468,1.219730401807714
2025,KC,defense,epa_per_play,17,-0.019151237473042957,0.02471856486887919,0.28762573209676523
2025,LAC,defense,epa_per_play,17,-0.08297872938467858,0.07265883218826058,0.845459674228686
2025,LAR,defense,epa_per_play,17,-0.060882920042240454,0.08335844213828672,0.9699605569195091
2025,MIA,defense,epa_per_play,17,0.08820651929678214,-0.09159413659186114,-1.0657912679295753
2025,MIN,defense,epa_per_play,17,-0.09945873087103549,0.12647050681620475,1.4716134332481028
2025,NE,defense,epa_per_play,17,-0.047122580624284864,0.0021353066270626267,0.02484647207952513
2025,NO,defense,epa_per_play,17,-0.05905983023099995,0.07269748052867012,0.8459093871170994
2025,NYG,defense,epa_per_play,17,0.08739449008714935,-0.06378916142338176,-0.7422520017469195
2025,NYJ,defense,epa_per_play,17,0.14722040771254932,-0.1395647543187532,-1.6239783680310627
2025,OAK,defense,epa_per_play,17,0.02425800591299911,-0.0044906302496328715,-0.05225306646956468
2025,PHI,defense,epa_per_play,17,-0.07898803785297422,0.1151012688508115,1.3393207451197826
2025,PIT,defense,epa_per_play,17,0.017730491859038938,-0.019762560318474544,-0.22995756063747275
2025,SEA,defense,epa_per_play,17,-0.11593196806668024,0.1361716190312752,1.5844957756419062
2025,SF,defense,epa_per_play,17,0.07043577290361192,-0.06122681091882034,-0.712436438275805
2025,TB,defense,epa_per_play,17,0.013278527120396259,-0.00937058891928214,-0.10903636648739237
2025,TEN,defense,epa_per_play,17,0.1013458026379679,-0.08732928243314943,-1.01616533672393
2025,WSH,defense,epa_per_play,17,0.14333521568285215,-0.13103563918815025,-1.5247334079538846
2025,ARI,offense,explosive_rate,17,0.0782122905027933,-0.00952079565242206,-0.627314936333669
2025,ATL,offense,explosive_rate,17,0.09749034749034749,0.003842462929316346,0.2531757298303985
2025,BAL,offense,explosive_rate,17,0.1192468619246862,0.022836063539107762,1.5046435474645856
2025,BUF,offense,explosive_rate,17,0.12112676056338029,0.02295235019819165,1.5123055497596458
2025,CAR,offense,explosive_rate,17,0.08835341365461848,-0.00695637477419535,-0.4583480160586633
2025,CHI,offense,explosive_rate,17,0.11587591240875912,0.02214918426960321,1.459385814713172
2025,CIN,offense,explosive_rate,17,0.08007626310772165,-0.017166208046164488,-1.1310628964954614
2025,CLE,offense,explosive_rate,17,0.07392996108949416,-0.02681368422556843,-1.7667246758472093
2025,DAL,offense,explosive_rate,17,0.09239130434782608,-0.005763770652994682,-0.37976861937012113
2025,DEN,offense,explosive_rate,17,0.09082483781278962,-0.006733318134800117,-0.4436510551481099
2025,DET,offense,explosive_rate,17,0.10466222645099905,0.007355507921908339,0.4846464678148217
2025,GB,offense,explosive_rate,17,0.11581067472306143,0.01567100761521428,1.0325457559758366
2025,HOU,offense,explosive_rate,17,0.08441558441558442,-0.006929926206975137,-0.456605348547714
2025,IND,offense,explosive_rate,17,0.09099901088031652,0.0017214597680215704,0.11342512371875751
2025,JAX,offense,explosive_rate,17,0.09776536312849161,0.0062840120633781285,0.4140467636709112
2025,KC,offense,explosive_rate,17,0.0916030534351145,-0.004463939090518525,-0.29412412245754044
2025,LAC,offense,explosive_rate,17,0.08888888888888889,-0.0031494791731882443,-0.20751577905260846
2025,LAR,offense,explosive_rate,17,0.11837121212121213,0.028475544211829542,1.8762228343557195
2025,MIA,offense,explosive_rate,17,0.1040339702760085,0.003027110259404725,0.19945302356845454
2025,MIN,offense,explosive_rate,17,0.0975609756097561,-0.0021061821427443344,-0.13877406521659208
2025,NE,offense,explosive_rate,17,0.12094395280235988,0.017186384100273358,1.1323922748961837
2025,NO,offense,explosive_rate,17,0.06296992481203008,-0.03602235551803921,-2.373474075419087
2025,NYG,offense,explosive_rate,17,0.10287303058387395,0.007719939524795805,0.5086584722847586
2025,NYJ,offense,explosive_rate,17,0.07829534192269574,-0.02013769490066178,-1.326850954027289
2025,OAK,offense,explosive_rate,17,0.07218683651804671,-0.02329896860114441,-1.5351438617368396
2025,PHI,offense,explosive_rate,17,0.09748743718592964,-0.0028134804824100075,-0.18537718843385995
2025,PIT,offense,explosive_rate,17,0.08717948717948718,-0.012750011516713693,-0.8400844797909233
2025,SEA,offense,explosive_rate,17,0.1123370110330993,0.022359333375407145,1.4732323121846755
2025,SF,offense,explosive_rate,17,0.09107981220657277,-0.002029839025032716,-0.13374389969522713
2025,TB,offense,explosive_rate,17,0.09671361502347418,0.0034738822051140527,0.22889034424101826
2025,TEN,offense,explosive_rate,17,0.0814070351758794,-0.004336494913325165,-0.2857269633522711
2025,WSH,offense,explosive_rate,17,0.10214504596527069,0.005938281075351566,0.3912669225042466
2025,ARI,defense,explosive_rate,17,0.10826210826210826,-0.00997959001851068,-0.661835834118594
2025,ATL,defense,explosive_rate,17,0.09551098376313276,-0.0013068336515048664,-0.08666782284569571
2025,BAL,defense,explosive_rate,17,0.10306406685236769,-0.010021704446687494,-0.6646288183643531
2025,BUF,defense,explosive_rate,17,0.10842105263157895,-0.01830346026402142,-1.2138660875473488
2025,CAR,defense,explosive_rate,17,0.08917835671342686,0.007405050354475697,0.4910950919783421
2025,CHI,defense,explosive_rate,17,0.11741682974559686,-0.02420916633188554,-1.6055262553733705
2025,CIN,defense,explosive_rate,17,0.1178743961352657,-0.02151870700710141,-1.4270978441783075
2025,CLE,defense,explosive_rate,17,0.08953722334004025,0.0066847112038556,0.4433229628914036
2025,DAL,defense,explosive_rate,17,0.11879259980525804,-0.023734104092127048,-1.5740206310816236
2025,DEN,defense,explosive_rate,17,0.06635071090047394,0.025276106402041705,1.6762845901325167
2025,DET,defense,explosive_rate,17,0.1076923076923077,-0.008501469544108107,-0.563808450700075
2025,GB,defense,explosive_rate,17,0.07663197729422895,0.01987510190779558,1.318095695809406
2025,HOU,defense,explosive_rate,17,0.0835030549898167,0.015218702860663631,1.0092882456404204
2025,IND,defense,explosive_rate,17,0.09082652134423251,0.0034995516842301943,0.23208655903490202
2025,JAX,defense,explosive_rate,17,0.07766990291262135,0.01355393384975204,0.8988825290821281
2025,KC,defense,explosive_rate,17,0.08793456032719836,0.007193422768857703,0.4770601747733048
2025,LAC,defense,explosive_rate,17,0.09319371727748692,-0.0019273417239485345,-0.1278192606243427
2025,LAR,defense,explosive_rate,17,0.08614232209737828,0.01179202676824134,0.7820347186241468
2025,MIA,defense,explosive_rate,17,0.10826771653543307,-0.014915459172683535,-0.9891774456170115
2025,MIN,defense,explosive_rate,17,0.0855457227138643,0.015588442211963949,1.0338089675859574
2025,NE,defense,explosive_rate,17,0.08695652173913043,0.004147836537718806,0.2750801234958991
2025,NO,defense,explosive_rate,17,0.09329446064139942,0.007741130538824325,0.5133835736420747
2025,NYG,defense,explosive_rate,17,0.12015503875968993,-0.025559188539827277,-1.6950582975128374
2025,NYJ,defense,explosive_rate,17,0.11585944919278253,-0.020319482543415444,-1.3475665486293935
2025,OAK,defense,explosive_rate,17,0.0825426944971537,0.012495309570149929,0.8286756887400692
2025,PHI,defense,explosive_rate,17,0.0947467166979362,0.006542064997937197,0.4338628176847606
2025,PIT,defense,explosive_rate,17,0.09057971014492754,0.007463102781081321,0.49494506738954464
2025,SEA,defense,explosive_rate,17,0.06786050895381715,0.026879373893271975,1.7826115910820162
2025,SF,defense,explosive_rate,17,0.08047105004906771,0.017725486081154415,1.1755354522502068
2025,TB,defense,explosive_rate,17,0.09494949494949495,-0.0006468054611999717,-0.04289545273208915
2025,TEN,defense,explosive_rate,17,0.10786290322580645,-0.0151554337258898,-1.005092303671695
2025,WSH,defense,explosive_rate,17,0.10997204100652376,-0.012982607889160712,-0.860992796840362
2025,ARI,offense,yards_per_play,17,5.161080074487896,-0.16876354389864784,-0.31103900145816316
2025,ATL,offense,yards_per_play,17,5.484555984555985,0.08329689166354372,0.15352001628460776
2025,BAL,offense,yards_per_play,17,5.928870292887029,0.5315404390166626,0.979653564786398
2025,BUF,offense,yards_per_play,17,6.035680751173709,0.5607224746330002,1.0334374034575624
2025,CAR,offense,yards_per_play,17,5.068273092369478,-0.34095793461192697,-0.6284012119619954
2025,CHI,offense,yards_per_play,17,5.748175182481752,0.4173960828163698,0.7692802474547076
2025,CIN,offense,yards_per_play,17,5.355576739752145,-0.042435690298884235,-0.07821093603423107
2025,CLE,offense,yards_per_play,17,4.340466926070039,-1.2709772454518815,-2.342469731132738
2025,DAL,offense,yards_per_play,17,6.051630434782608,0.6579155978810088,1.2125688159965466
2025,DEN,offense,yards_per_play,17,5.422613531047266,-0.05622586255356748,-0.10362686004805198
2025,DET,offense,yards_per_play,17,6.048525214081827,0.5877322542443867,1.083217674041196
2025,GB,offense,yards_per_play,17,5.715005035246727,0.225083979748313,0.41484016445604205
2025,HOU,offense,yards_per_play,17,5.166048237476809,-0.18971514634709696,-0.3496537718876423
2025,IND,offense,yards_per_play,17,5.831849653808111,0.5723727689295993,1.054909433618785
2025,JAX,offense,yards_per_play,17,5.3584729981378025,0.015949976068500352,0.02939654213818937
2025,KC,offense,yards_per_play,17,5.217557251908397,-0.1580943486187478,-0.29137518207182694
2025,LAC,offense,yards_per_play,17,5.269444444444445,-0.04559767384828428,-0.08403861767158052
2025,LAR,offense,yards_per_play,17,6.382575757575758,1.10229037061377,2.0315720342920396
2025,MIA,offense,yards_per_play,17,5.436305732484076,-0.09727255878633037,-0.17927781590293612
2025,MIN,offense,yards_per_play,17,4.977730646871686,-0.5179789929686293,-0.9546591937295656
2025,NE,offense,yards_per_play,17,6.380530973451328,0.7931144800125428,1.4617465964874055
2025,NO,offense,yards_per_play,17,5.023496240601504,-0.5162321963489627,-0.9514397669281369
2025,NYG,offense,yards_per_play,17,5.265987025023169,-0.1567088515595239,-0.288821647037727
2025,NYJ,offense,yards_per_play,17,4.442021803766105,-1.0981367482968258,-2.0239167166327148
2025,OAK,offense,yards_per_play,17,4.43312101910828,-0.9457572489700703,-1.7430742656011378
2025,PHI,offense,yards_per_play,17,5.338693467336683,-0.2036547920001603,-0.3753451822743057
2025,PIT,offense,yards_per_play,17,5.33948717948718,-0.12836355968865493,-0.23657996571319378
2025,SEA,offense,yards_per_play,17,6.015045135406218,0.6684088713134261,1.231908403297495
2025,SF,offense,yards_per_play,17,5.630985915492958,0.324296420348232,0.5976932720854202
2025,TB,offense,yards_per_play,17,5.128638497652582,-0.13799642465667836,-0.25433378049817845
2025,TEN,offense,yards_per_play,17,4.445226130653267,-0.6837937461703253,-1.2602634378182174
2025,WSH,offense,yards_per_play,17,5.553626149131767,0.21854195778783297,0.40278291600594807
2025,ARI,defense,yards_per_play,17,5.816714150047483,-0.19010793147151017,-0.38753916583605486
2025,ATL,defense,yards_per_play,17,5.318051575931232,0.11373612357909713,0.23185356926483033
2025,BAL,defense,yards_per_play,17,5.617455896007428,-0.2922976223133088,-0.5958550800607818
2025,BUF,defense,yards_per_play,17,5.254736842105263,-0.04821873617384922,-0.09829494566513851
2025,CAR,defense,yards_per_play,17,5.593186372745491,-0.09358478477975171,-0.19077462548658342
2025,CHI,defense,yards_per_play,17,6.028375733855186,-0.6414235423250908,-1.3075558847867232
2025,CIN,defense,yards_per_play,17,6.276328502415459,-0.9533042593641659,-1.9433315306846923
2025,CLE,defense,yards_per_play,17,4.870221327967807,0.533855943856623,1.0882769885364294
2025,DAL,defense,yards_per_play,17,6.265822784810126,-1.0103735200748252,-2.0596684637073683
2025,DEN,defense,yards_per_play,17,4.486255924170616,0.7777141412822048,1.5853872441741292
2025,DET,defense,yards_per_play,17,5.447115384615385,0.0021439969580529105,0.004370584573816482
2025,GB,defense,yards_per_play,17,5.02554399243141,0.4144745627900304,0.8449154387221934
2025,HOU,defense,yards_per_play,17,4.8095723014256615,0.6760909034488815,1.3782260567653248
2025,IND,defense,yards_per_play,17,5.415077202543142,-0.08779847510061703,-0.17897910696737784
2025,JAX,defense,yards_per_play,17,5.027184466019418,0.28293420652081624,0.5767675526884739
2025,KC,defense,yards_per_play,17,5.2586912065439675,0.14364980027523616,0.29283325182817405
2025,LAC,defense,yards_per_play,17,5.092146596858639,0.15617341303073098,0.3183629096543846
2025,LAR,defense,yards_per_play,17,5.224719101123595,0.299005692708594,0.6095296279093492
2025,MIA,defense,yards_per_play,17,5.836614173228346,-0.47159928920471117,-0.9613654397929018
2025,MIN,defense,yards_per_play,17,4.737463126843658,0.8530932798235488,1.7390492626161065
2025,NE,defense,yards_per_play,17,5.204968944099379,-0.08762494276551477,-0.17862535751636577
2025,NO,defense,yards_per_play,17,4.977648202137998,0.48161150728707464,0.9817755647872383
2025,NYG,defense,yards_per_play,17,5.952519379844961,-0.43089848874504616,-0.8783959700979675
2025,NYJ,defense,yards_per_play,17,5.766381766381766,-0.30936312848881453,-0.6306434867128948
2025,OAK,defense,yards_per_play,17,5.1461100569259965,0.2545249007729523,0.5188545631236265
2025,PHI,defense,yards_per_play,17,5.023452157598499,0.561053153664891,1.1437190940844544
2025,PIT,defense,yards_per_play,17,5.517210144927536,-0.0747708602238374,-0.15242202982125586
2025,SEA,defense,yards_per_play,17,4.5937794533459,0.8698431076454367,1.7731941520573038
2025,SF,defense,yards_per_play,17,5.688910696761531,-0.20953296677527042,-0.4271375240932974
2025,TB,defense,yards_per_play,17,5.801010101010101,-0.346536469435949,-0.7064221532339442
2025,TEN,defense,yards_per_play,17,5.940524193548387,-0.5205867454726258,-1.0612274381405902
2025,WSH,defense,yards_per_play,17,6.1099720410065235,-0.6518829709268883,-1.3288776581818973
